month,year,month_num,object_id,count_bhuvan_pixels,count_inundated_pixels,inundation_pct,inundation_intensity_mean,inundation_intensity_mean_nonzero,inundation_intensity_sum
2021_06,2021,6,09-168-00865,329413,0,0.0,0.0,,0.0
2021_06,2021,6,09-200-01005,1474789,0,0.0,0.0,,0.0
2021_06,2021,6,09-177-00902,260579,107,0.0004106240334025,0.0002053120167012,0.5,53.5
2021_06,2021,6,09-185-00940,106837,0,0.0,0.0,,0.0
2021_06,2021,6,09-190-00960,177168,0,0.0,0.0,,0.0
2021_06,2021,6,09-156-00814,462391,0,0.0,0.0,,0.0
2021_06,2021,6,09-191-00965,410177,0,0.0,0.0,,0.0
2021_06,2021,6,09-149-00781,328046,0,0.0,0.0,,0.0
2021_06,2021,6,09-188-00949,155805,1535,0.0098520586630724,0.0049260293315362,0.5,767.5
2021_06,2021,6,09-195-00988,251880,0,0.0,0.0,,0.0
2021_06,2021,6,09-190-00962,217454,0,0.0,0.0,,0.0
2021_06,2021,6,09-158-00829,298492,0,0.0,0.0,,0.0
2021_06,2021,6,09-754-00721,406625,0,0.0,0.0,,0.0
2021_06,2021,6,09-155-00813,650968,0,0.0,0.0,,0.0
2021_06,2021,6,09-138-00732,272541,0,0.0,0.0,,0.0
2021_06,2021,6,09-168-00866,394948,0,0.0,0.0,,0.0
2021_06,2021,6,09-155-00809,439582,0,0.0,0.0,,0.0
2021_06,2021,6,09-142-00750,250168,0,0.0,0.0,,0.0
2021_06,2021,6,09-184-00932,234600,0,0.0,0.0,,0.0
2021_06,2021,6,09-197-00996,373044,0,0.0,0.0,,0.0
2021_06,2021,6,09-195-00991,317767,0,0.0,0.0,,0.0
2021_06,2021,6,09-187-00945,313718,24755,0.0789084464391587,0.045697091018048,0.5791153302363159,14336.0
2021_06,2021,6,09-135-00720,254144,0,0.0,0.0,,0.0
2021_06,2021,6,09-136-00725,222934,0,0.0,0.0,,0.0
2021_06,2021,6,09-161-00840,228773,0,0.0,0.0,,0.0
2021_06,2021,6,09-132-00704,257380,0,0.0,0.0,,0.0
2021_06,2021,6,09-161-00838,292983,0,0.0,0.0,,0.0
2021_06,2021,6,09-159-00832,400347,0,0.0,0.0,,0.0
2021_06,2021,6,09-146-00769,281161,0,0.0,0.0,,0.0
2021_06,2021,6,09-147-00772,204623,0,0.0,0.0,,0.0
2021_06,2021,6,09-705-00741,213900,0,0.0,0.0,,0.0
2021_06,2021,6,09-140-00739,209876,0,0.0,0.0,,0.0
2021_06,2021,6,09-705-00740,297471,0,0.0,0.0,,0.0
2021_06,2021,6,09-144-00759,215757,0,0.0,0.0,,0.0
2021_06,2021,6,09-181-00924,271108,0,0.0,0.0,,0.0
2021_06,2021,6,09-152-00796,427590,0,0.0,0.0,,0.0
2021_06,2021,6,09-147-00773,372557,0,0.0,0.0,,0.0
2021_06,2021,6,09-161-00836,127717,0,0.0,0.0,,0.0
2021_06,2021,6,09-704-00706,301739,0,0.0,0.0,,0.0
2021_06,2021,6,09-146-00763,204,0,0.0,0.0,,0.0
2021_06,2021,6,09-136-00728,183511,0,0.0,0.0,,0.0
2021_06,2021,6,09-140-00738,207515,0,0.0,0.0,,0.0
2021_06,2021,6,09-135-00719,354336,0,0.0,0.0,,0.0
2021_06,2021,6,09-132-00703,401527,0,0.0,0.0,,0.0
2021_06,2021,6,09-152-00793,580285,0,0.0,0.0,,0.0
2021_06,2021,6,09-136-00726,150547,0,0.0,0.0,,0.0
2021_06,2021,6,09-132-00705,219439,0,0.0,0.0,,0.0
2021_06,2021,6,09-144-00760,211102,0,0.0,0.0,,0.0
2021_06,2021,6,09-132-00702,366805,0,0.0,0.0,,0.0
2021_06,2021,6,09-136-00724,143308,0,0.0,0.0,,0.0
2021_06,2021,6,09-135-00717,254438,0,0.0,0.0,,0.0
2021_06,2021,6,09-152-00794,488045,0,0.0,0.0,,0.0
2021_06,2021,6,09-147-00771,175151,0,0.0,0.0,,0.0
2021_06,2021,6,09-185-00939,386079,1405,0.0036391515726056,0.0018195757863028,0.5,702.5
2021_06,2021,6,09-198-00997,156799,0,0.0,0.0,,0.0
2021_06,2021,6,09-185-00937,194814,0,0.0,0.0,,0.0
2021_06,2021,6,09-190-00963,160556,0,0.0,0.0,,0.0
2021_06,2021,6,09-163-00846,294793,0,0.0,0.0,,0.0
2021_06,2021,6,09-148-00777,534222,0,0.0,0.0,,0.0
2021_06,2021,6,09-162-00841,500362,0,0.0,0.0,,0.0
2021_06,2021,6,09-156-00818,279219,0,0.0,0.0,,0.0
2021_06,2021,6,09-134-00713,386244,0,0.0,0.0,,0.0
2021_06,2021,6,09-177-00906,250854,0,0.0,0.0,,0.0
2021_06,2021,6,09-155-00812,429043,0,0.0,0.0,,0.0
2021_06,2021,6,09-164-00848,370811,0,0.0,0.0,,0.0
2021_06,2021,6,09-149-00780,163959,0,0.0,0.0,,0.0
2021_06,2021,6,09-172-00877,578515,0,0.0,0.0,,0.0
2021_06,2021,6,09-149-00779,424312,0,0.0,0.0,,0.0
2021_06,2021,6,09-133-00709,239561,0,0.0,0.0,,0.0
2021_06,2021,6,09-142-00746,268384,0,0.0,0.0,,0.0
2021_06,2021,6,09-191-00964,196858,0,0.0,0.0,,0.0
2021_06,2021,6,09-188-00948,162682,4163,0.0255898009613847,0.0134556988480594,0.5258227239971175,2189.0
2021_06,2021,6,09-174-00887,222864,0,0.0,0.0,,0.0
2021_06,2021,6,09-196-00994,546376,0,0.0,0.0,,0.0
2021_06,2021,6,09-196-00993,289783,0,0.0,0.0,,0.0
2021_06,2021,6,09-754-00722,288905,0,0.0,0.0,,0.0
2021_06,2021,6,09-134-00716,369671,0,0.0,0.0,,0.0
2021_06,2021,6,09-169-00869,361592,0,0.0,0.0,,0.0
2021_06,2021,6,09-188-00951,166741,3043,0.0182498605621892,0.0091249302810946,0.5,1521.5
2021_06,2021,6,09-145-00761,479404,0,0.0,0.0,,0.0
2021_06,2021,6,09-160-00833,392874,0,0.0,0.0,,0.0
2021_06,2021,6,09-199-01003,461086,0,0.0,0.0,,0.0
2021_06,2021,6,09-183-00929,463344,0,0.0,0.0,,0.0
2021_06,2021,6,09-141-00742,220757,0,0.0,0.0,,0.0
2021_06,2021,6,09-158-00827,191397,0,0.0,0.0,,0.0
2021_06,2021,6,09-149-00783,492792,0,0.0,0.0,,0.0
2021_06,2021,6,09-190-00959,415288,524,0.0012617749609909,0.0006308874804954,0.5,262.0
2021_06,2021,6,09-163-00844,203413,0,0.0,0.0,,0.0
2021_06,2021,6,09-134-00715,382484,0,0.0,0.0,,0.0
2021_06,2021,6,09-134-00715,382484,0,0.0,0.0,,0.0
2021_06,2021,6,09-137-00729,307474,0,0.0,0.0,,0.0
2021_06,2021,6,09-153-00802,512014,5528,0.0107965797810216,0.0053982898905108,0.5,2764.0
2021_06,2021,6,09-142-00749,242401,0,0.0,0.0,,0.0
2021_06,2021,6,09-184-00936,228406,0,0.0,0.0,,0.0
2021_06,2021,6,09-200-01006,1184003,0,0.0,0.0,,0.0
2021_06,2021,6,09-201-01008,564254,0,0.0,0.0,,0.0
2021_06,2021,6,09-177-00905,219626,565,0.0025725551619571,0.0012862775809785,0.5,282.5
2021_06,2021,6,09-150-00789,293976,0,0.0,0.0,,0.0
2021_06,2021,6,09-176-00896,331038,0,0.0,0.0,,0.0
2021_06,2021,6,09-172-00878,731611,0,0.0,0.0,,0.0
2021_06,2021,6,09-166-00857,468438,0,0.0,0.0,,0.0
2021_06,2021,6,09-706-00913,263012,0,0.0,0.0,,0.0
2021_06,2021,6,09-141-00743,238619,0,0.0,0.0,,0.0
2021_06,2021,6,09-195-00989,302426,0,0.0,0.0,,0.0
2021_06,2021,6,09-186-00943,260659,8,3.069143977380409e-05,1.5345719886902046e-05,0.5,4.0
2021_06,2021,6,09-200-01004,379547,0,0.0,0.0,,0.0
2021_06,2021,6,09-164-00850,495630,0,0.0,0.0,,0.0
2021_06,2021,6,09-198-00998,178466,0,0.0,0.0,,0.0
2021_06,2021,6,09-175-00893,333942,0,0.0,0.0,,0.0
2021_06,2021,6,09-176-00901,340198,0,0.0,0.0,,0.0
2021_06,2021,6,09-168-00864,478043,0,0.0,0.0,,0.0
2021_06,2021,6,09-155-00811,716885,0,0.0,0.0,,0.0
2021_06,2021,6,09-185-00938,565747,3174,0.0056102816276533,0.0028051408138266,0.5,1587.0
2021_06,2021,6,09-156-00815,503635,0,0.0,0.0,,0.0
2021_06,2021,6,09-137-00731,389674,0,0.0,0.0,,0.0
2021_06,2021,6,09-189-00956,345746,17430,0.0504127307329658,0.0261680540049631,0.5190763052208835,9047.5
2021_06,2021,6,09-184-00935,264747,0,0.0,0.0,,0.0
2021_06,2021,6,09-179-00916,233484,0,0.0,0.0,,0.0
2021_06,2021,6,09-195-00987,245762,0,0.0,0.0,,0.0
2021_06,2021,6,09-178-00909,227386,0,0.0,0.0,,0.0
2021_06,2021,6,09-165-00852,305100,0,0.0,0.0,,0.0
2021_06,2021,6,09-201-01009,238336,0,0.0,0.0,,0.0
2021_06,2021,6,09-133-00711,340025,0,0.0,0.0,,0.0
2021_06,2021,6,09-194-00984,316740,0,0.0,0.0,,0.0
2021_06,2021,6,09-141-00744,185943,0,0.0,0.0,,0.0
2021_06,2021,6,09-166-00860,527344,0,0.0,0.0,,0.0
2021_06,2021,6,09-179-00918,276522,0,0.0,0.0,,0.0
2021_06,2021,6,09-180-00922,452765,1159,0.002559826841739,0.0012799134208695,0.5,579.5
2021_06,2021,6,09-165-00853,559929,0,0.0,0.0,,0.0
2021_06,2021,6,09-199-01001,596718,0,0.0,0.0,,0.0
2021_06,2021,6,09-173-00880,152240,0,0.0,0.0,,0.0
2021_06,2021,6,09-158-00826,319635,0,0.0,0.0,,0.0
2021_06,2021,6,09-167-00862,811300,0,0.0,0.0,,0.0
2021_06,2021,6,09-179-00917,245396,0,0.0,0.0,,0.0
2021_06,2021,6,09-157-00821,421688,0,0.0,0.0,,0.0
2021_06,2021,6,09-194-00983,361483,0,0.0,0.0,,0.0
2021_06,2021,6,09-165-00851,370466,0,0.0,0.0,,0.0
2021_06,2021,6,09-192-00972,210693,0,0.0,0.0,,0.0
2021_06,2021,6,09-145-00763,214986,0,0.0,0.0,,0.0
2021_06,2021,6,09-158-00823,323632,0,0.0,0.0,,0.0
2021_06,2021,6,09-187-00947,492064,71322,0.1449445600572283,0.0813197063796579,0.5610400717871064,40014.5
2021_06,2021,6,09-180-00920,407001,779,0.0019140002113016,0.0009570001056508,0.5,389.5
2021_06,2021,6,09-169-00870,547910,0,0.0,0.0,,0.0
2021_06,2021,6,09-148-00775,454824,0,0.0,0.0,,0.0
2021_06,2021,6,09-157-00819,214525,0,0.0,0.0,,0.0
2021_06,2021,6,09-174-00886,309590,0,0.0,0.0,,0.0
2021_06,2021,6,09-183-00931,325656,0,0.0,0.0,,0.0
2021_06,2021,6,09-194-00985,337075,0,0.0,0.0,,0.0
2021_06,2021,6,09-199-01002,383497,0,0.0,0.0,,0.0
2021_06,2021,6,09-145-00762,331571,0,0.0,0.0,,0.0
2021_06,2021,6,09-145-00764,488110,0,0.0,0.0,,0.0
2021_06,2021,6,09-171-00876,364207,0,0.0,0.0,,0.0
2021_06,2021,6,09-192-00973,231936,0,0.0,0.0,,0.0
2021_06,2021,6,09-168-00867,534892,0,0.0,0.0,,0.0
2021_06,2021,6,09-166-00859,493707,0,0.0,0.0,,0.0
2021_06,2021,6,09-138-00733,485945,0,0.0,0.0,,0.0
2021_06,2021,6,09-138-00734,432203,0,0.0,0.0,,0.0
2021_06,2021,6,09-186-00941,214723,0,0.0,0.0,,0.0
2021_06,2021,6,09-191-00970,181503,0,0.0,0.0,,0.0
2021_06,2021,6,09-175-00894,374485,0,0.0,0.0,,0.0
2021_06,2021,6,09-177-00903,281962,0,0.0,0.0,,0.0
2021_06,2021,6,09-150-00785,239726,0,0.0,0.0,,0.0
2021_06,2021,6,09-199-01000,515914,0,0.0,0.0,,0.0
2021_06,2021,6,09-157-00822,314022,0,0.0,0.0,,0.0
2021_06,2021,6,09-134-00715,244927,0,0.0,0.0,,0.0
2021_06,2021,6,09-134-00715,244927,0,0.0,0.0,,0.0
2021_06,2021,6,09-178-00910,261862,0,0.0,0.0,,0.0
2021_06,2021,6,09-163-00845,376560,0,0.0,0.0,,0.0
2021_06,2021,6,09-178-00908,201134,0,0.0,0.0,,0.0
2021_06,2021,6,09-201-01007,294612,0,0.0,0.0,,0.0
2021_06,2021,6,09-153-00800,602599,0,0.0,0.0,,0.0
2021_06,2021,6,09-166-00856,352698,0,0.0,0.0,,0.0
2021_06,2021,6,09-192-00974,175773,0,0.0,0.0,,0.0
2021_06,2021,6,09-195-00990,388183,0,0.0,0.0,,0.0
2021_06,2021,6,09-706-00912,254493,0,0.0,0.0,,0.0
2021_06,2021,6,09-179-06868,99300,0,0.0,0.0,,0.0
2021_06,2021,6,09-133-00708,481254,0,0.0,0.0,,0.0
2021_06,2021,6,09-134-00714,322143,0,0.0,0.0,,0.0
2021_06,2021,6,09-134-00712,415034,0,0.0,0.0,,0.0
2021_06,2021,6,09-180-00919,1011741,0,0.0,0.0,,0.0
2021_06,2021,6,09-170-00874,342800,0,0.0,0.0,,0.0
2021_06,2021,6,09-184-00933,291221,12246,0.0420505389377826,0.0210252694688913,0.5,6123.0
2021_06,2021,6,09-187-00944,298977,39843,0.1332644317121384,0.075835264920044,0.5690585548276987,22673.0
2021_06,2021,6,09-150-00788,262215,0,0.0,0.0,,0.0
2021_06,2021,6,09-175-00890,135635,0,0.0,0.0,,0.0
2021_06,2021,6,09-706-00914,268793,0,0.0,0.0,,0.0
2021_06,2021,6,09-137-00730,292765,0,0.0,0.0,,0.0
2021_06,2021,6,09-142-00748,150890,0,0.0,0.0,,0.0
2021_06,2021,6,09-150-00786,368451,0,0.0,0.0,,0.0
2021_06,2021,6,09-170-00873,339219,0,0.0,0.0,,0.0
2021_06,2021,6,09-198-00999,115901,0,0.0,0.0,,0.0
2021_06,2021,6,09-162-00842,406694,0,0.0,0.0,,0.0
2021_06,2021,6,09-191-00966,269074,0,0.0,0.0,,0.0
2021_06,2021,6,09-170-00872,579285,0,0.0,0.0,,0.0
2021_06,2021,6,09-149-00782,527449,0,0.0,0.0,,0.0
2021_06,2021,6,09-194-00982,205060,0,0.0,0.0,,0.0
2021_06,2021,6,09-150-00784,384386,0,0.0,0.0,,0.0
2021_06,2021,6,09-180-00921,372294,0,0.0,0.0,,0.0
2021_06,2021,6,09-176-00898,413974,34,8.213076183528434e-05,4.106538091764217e-05,0.5,17.0
2021_06,2021,6,09-153-00797,394078,1488,0.0037759022325529,0.0018879511162764,0.5,744.0
2021_06,2021,6,09-191-00967,226329,0,0.0,0.0,,0.0
2021_06,2021,6,09-189-01020,452164,760,0.0016808060792101,0.000840403039605,0.5,380.0
2021_06,2021,6,09-193-00980,148532,0,0.0,0.0,,0.0
2021_06,2021,6,09-157-00820,188559,0,0.0,0.0,,0.0
2021_06,2021,6,09-193-00978,359703,0,0.0,0.0,,0.0
2021_06,2021,6,09-182-00925,485482,0,0.0,0.0,,0.0
2021_06,2021,6,09-170-00871,719959,0,0.0,0.0,,0.0
2021_06,2021,6,09-193-00979,247294,0,0.0,0.0,,0.0
2021_06,2021,6,09-188-00952,177713,13822,0.0777770900271786,0.0388885450135893,0.5,6911.0
2021_06,2021,6,09-184-00934,289370,0,0.0,0.0,,0.0
2021_06,2021,6,09-175-00891,330339,0,0.0,0.0,,0.0
2021_06,2021,6,09-150-00787,332909,0,0.0,0.0,,0.0
2021_06,2021,6,09-190-00961,167415,0,0.0,0.0,,0.0
2021_06,2021,6,09-193-00975,163355,0,0.0,0.0,,0.0
2021_06,2021,6,09-192-00971,157492,0,0.0,0.0,,0.0
2021_06,2021,6,09-188-00954,227200,0,0.0,0.0,,0.0
2021_06,2021,6,09-153-00799,600756,1814,0.0030195287271371,0.0015097643635685,0.5,907.0
2021_06,2021,6,09-183-00928,527456,0,0.0,0.0,,0.0
2021_06,2021,6,09-188-00950,378900,11556,0.0304988123515439,0.0152494061757719,0.5,5778.0
2021_06,2021,6,09-754-00778,413294,0,0.0,0.0,,0.0
2021_06,2021,6,09-160-00834,219908,0,0.0,0.0,,0.0
2021_06,2021,6,09-164-00849,478213,0,0.0,0.0,,0.0
2021_06,2021,6,09-153-00798,720203,1861,0.0025839936795597,0.0012919968397798,0.5,930.5
2021_06,2021,6,09-202-01012,405423,0,0.0,0.0,,0.0
2021_06,2021,6,09-173-00883,338786,0,0.0,0.0,,0.0
2021_06,2021,6,09-187-00946,224671,15106,0.067236091885468,0.0365534492658153,0.5436581490798358,8212.5
2021_06,2021,6,09-191-00968,309591,0,0.0,0.0,,0.0
2021_06,2021,6,09-175-00889,330664,0,0.0,0.0,,0.0
2021_06,2021,6,09-197-00995,308644,0,0.0,0.0,,0.0
2021_06,2021,6,09-173-00882,498630,0,0.0,0.0,,0.0
2021_06,2021,6,09-156-00817,356910,0,0.0,0.0,,0.0
2021_06,2021,6,09-158-00825,434797,0,0.0,0.0,,0.0
2021_06,2021,6,09-176-00897,199909,1619,0.0080986849016302,0.0040493424508151,0.5,809.5
2021_06,2021,6,09-176-00900,260918,1331,0.0051012195402386,0.0025506097701193,0.5,665.5
2021_06,2021,6,09-193-00977,237715,0,0.0,0.0,,0.0
2021_06,2021,6,09-163-00843,302821,0,0.0,0.0,,0.0
2021_06,2021,6,09-175-00892,261816,0,0.0,0.0,,0.0
2021_06,2021,6,09-148-00776,246935,0,0.0,0.0,,0.0
2021_06,2021,6,09-171-00875,1053260,0,0.0,0.0,,0.0
2021_06,2021,6,09-189-00957,199858,0,0.0,0.0,,0.0
2021_06,2021,6,09-202-01010,278489,0,0.0,0.0,,0.0
2021_06,2021,6,09-172-00879,551167,0,0.0,0.0,,0.0
2021_06,2021,6,09-167-00863,887820,0,0.0,0.0,,0.0
2021_06,2021,6,09-188-00953,227384,577,0.0025375576117932,0.0012687788058966,0.5,288.5
2021_06,2021,6,09-186-00942,263107,4,1.5202940248644088e-05,7.601470124322044e-06,0.5,2.0
2021_06,2021,6,09-133-00710,201231,0,0.0,0.0,,0.0
2021_06,2021,6,09-142-00751,243375,0,0.0,0.0,,0.0
2021_06,2021,6,09-194-00986,264230,0,0.0,0.0,,0.0
2021_06,2021,6,09-165-00855,391542,0,0.0,0.0,,0.0
2021_06,2021,6,09-175-00895,367474,0,0.0,0.0,,0.0
2021_06,2021,6,09-169-00868,543161,0,0.0,0.0,,0.0
2021_06,2021,6,09-173-00881,477275,0,0.0,0.0,,0.0
2021_06,2021,6,09-153-00801,671058,6098,0.0090871429891305,0.0045435714945652,0.5,3049.0
2021_06,2021,6,09-191-00969,290817,0,0.0,0.0,,0.0
2021_06,2021,6,09-196-00992,295253,0,0.0,0.0,,0.0
2021_06,2021,6,09-194-00981,314504,0,0.0,0.0,,0.0
2021_06,2021,6,09-142-00745,138357,0,0.0,0.0,,0.0
2021_06,2021,6,09-193-00976,178340,0,0.0,0.0,,0.0
2021_06,2021,6,09-163-00847,238667,0,0.0,0.0,,0.0
2021_06,2021,6,09-174-00885,264114,0,0.0,0.0,,0.0
2021_06,2021,6,09-176-00899,186307,337,0.0018088423945423,0.0009044211972711,0.5,168.5
2021_06,2021,6,09-155-00810,470255,0,0.0,0.0,,0.0
2021_06,2021,6,09-142-00747,311571,0,0.0,0.0,,0.0
2021_06,2021,6,09-177-00904,195264,1929,0.0098789331366765,0.0049394665683382,0.5,964.5
2021_06,2021,6,09-175-00888,297872,0,0.0,0.0,,0.0
2021_06,2021,6,09-179-00915,343161,0,0.0,0.0,,0.0
2021_06,2021,6,09-166-00858,393596,0,0.0,0.0,,0.0
2021_06,2021,6,09-167-00861,530899,0,0.0,0.0,,0.0
2021_06,2021,6,09-189-00958,296625,1158,0.0039039190897597,0.0019519595448798,0.5,579.0
2021_06,2021,6,09-178-00907,215692,1641,0.0076080707675759,0.0038040353837879,0.5,820.5
2021_06,2021,6,09-183-00930,479320,2269,0.0047337895351748,0.0023668947675874,0.5,1134.5
2021_06,2021,6,09-706-00824,300683,0,0.0,0.0,,0.0
2021_06,2021,6,09-160-00835,329400,0,0.0,0.0,,0.0
2021_06,2021,6,09-182-00926,694511,0,0.0,0.0,,0.0
2021_06,2021,6,09-158-00828,191411,0,0.0,0.0,,0.0
2021_06,2021,6,09-156-00816,450282,0,0.0,0.0,,0.0
2021_06,2021,6,09-165-00854,414211,0,0.0,0.0,,0.0
2021_06,2021,6,09-182-00927,332992,0,0.0,0.0,,0.0
2021_06,2021,6,09-151-00792,799198,0,0.0,0.0,,0.0
2021_06,2021,6,09-146-00766,245147,0,0.0,0.0,,0.0
2021_06,2021,6,09-159-00831,159959,0,0.0,0.0,,0.0
2021_06,2021,6,09-146-00765,212505,0,0.0,0.0,,0.0
2021_06,2021,6,09-139-00736,185647,0,0.0,0.0,,0.0
2021_06,2021,6,09-146-00770,399729,0,0.0,0.0,,0.0
2021_06,2021,6,09-139-00735,336441,0,0.0,0.0,,0.0
2021_06,2021,6,09-132-00701,475536,0,0.0,0.0,,0.0
2021_06,2021,6,09-161-00839,320874,0,0.0,0.0,,0.0
2021_06,2021,6,09-181-00923,604889,0,0.0,0.0,,0.0
2021_06,2021,6,09-135-00718,30548,0,0.0,0.0,,0.0
2021_06,2021,6,09-159-00830,426482,0,0.0,0.0,,0.0
2021_06,2021,6,09-146-00768,361215,0,0.0,0.0,,0.0
2021_06,2021,6,09-146-00767,325049,0,0.0,0.0,,0.0
2021_06,2021,6,09-161-00837,75946,0,0.0,0.0,,0.0
2021_06,2021,6,09-144-00757,123732,0,0.0,0.0,,0.0
2021_06,2021,6,09-136-00727,196786,0,0.0,0.0,,0.0
2021_06,2021,6,09-152-00795,465633,0,0.0,0.0,,0.0
2021_06,2021,6,09-704-00707,281095,0,0.0,0.0,,0.0
2021_06,2021,6,09-144-00758,256852,0,0.0,0.0,,0.0
2021_06,2021,6,09-147-00774,340107,0,0.0,0.0,,0.0
2021_06,2021,6,09-136-00723,187020,0,0.0,0.0,,0.0
2021_06,2021,6,09-143-00754,410192,0,0.0,0.0,,0.0
2021_06,2021,6,09-151-00791,432129,0,0.0,0.0,,0.0
2021_06,2021,6,09-143-00753,226024,0,0.0,0.0,,0.0
2021_06,2021,6,09-143-00756,249299,0,0.0,0.0,,0.0
2021_06,2021,6,09-143-00752,318265,0,0.0,0.0,,0.0
2021_06,2021,6,09-143-00755,483242,0,0.0,0.0,,0.0
2021_06,2021,6,09-151-00790,488682,0,0.0,0.0,,0.0
2021_06,2021,6,09-154-00806,438084,339,0.0007738241980989,0.0003869120990494,0.5,169.5
2021_06,2021,6,09-154-00805,437183,8019,0.0183424332602136,0.0091712166301068,0.5,4009.5
2021_06,2021,6,09-154-00807,364754,472,0.00129402282086,0.00064701141043,0.5,236.0
2021_06,2021,6,09-154-00803,630238,0,0.0,0.0,,0.0
2021_06,2021,6,09-154-00808,344653,0,0.0,0.0,,0.0
2021_06,2021,6,09-154-00804,384169,0,0.0,0.0,,0.0
2021_06,2021,6,09-139-00737,85364,0,0.0,0.0,,0.0
2021_06,2021,6,09-137-00718,136360,0,0.0,0.0,,0.0
2021_06,2021,6,09-202-01011,205123,0,0.0,0.0,,0.0
2021_06,2021,6,09-178-00911,138083,0,0.0,0.0,,0.0
2021_06,2021,6,09-173-00884,190238,0,0.0,0.0,,0.0
2021_07,2021,7,09-168-00865,329413,0,0.0,0.0,,0.0
2021_07,2021,7,09-200-01005,1474789,0,0.0,0.0,,0.0
2021_07,2021,7,09-177-00902,260579,0,0.0,0.0,,0.0
2021_07,2021,7,09-185-00940,106837,0,0.0,0.0,,0.0
2021_07,2021,7,09-190-00960,177168,5437,0.0306883861645443,0.0102294620548481,0.3333333333333333,1812.3333333333333
2021_07,2021,7,09-156-00814,462391,0,0.0,0.0,,0.0
2021_07,2021,7,09-191-00965,410177,7779,0.0189649834096012,0.0063216611365337,0.3333333333333332,2593.0
2021_07,2021,7,09-149-00781,328046,0,0.0,0.0,,0.0
2021_07,2021,7,09-188-00949,155805,14118,0.090613266583229,0.032818801279377,0.3621853898096991,5113.333333333334
2021_07,2021,7,09-195-00988,251880,0,0.0,0.0,,0.0
2021_07,2021,7,09-190-00962,217454,3257,0.0149778803792986,0.0049926267930995,0.3333333333333332,1085.6666666666663
2021_07,2021,7,09-158-00829,298492,0,0.0,0.0,,0.0
2021_07,2021,7,09-754-00721,406625,0,0.0,0.0,,0.0
2021_07,2021,7,09-155-00813,650968,0,0.0,0.0,,0.0
2021_07,2021,7,09-138-00732,272541,0,0.0,0.0,,0.0
2021_07,2021,7,09-168-00866,394948,0,0.0,0.0,,0.0
2021_07,2021,7,09-155-00809,439582,0,0.0,0.0,,0.0
2021_07,2021,7,09-142-00750,250168,0,0.0,0.0,,0.0
2021_07,2021,7,09-184-00932,234600,128,0.000545609548167,0.000181869849389,0.3333333333333332,42.666666666666664
2021_07,2021,7,09-197-00996,373044,0,0.0,0.0,,0.0
2021_07,2021,7,09-195-00991,317767,0,0.0,0.0,,0.0
2021_07,2021,7,09-187-00945,313718,4057,0.0129319962514105,0.0056462598044528,0.4366116177799687,1771.3333333333328
2021_07,2021,7,09-135-00720,254144,0,0.0,0.0,,0.0
2021_07,2021,7,09-136-00725,222934,0,0.0,0.0,,0.0
2021_07,2021,7,09-161-00840,228773,0,0.0,0.0,,0.0
2021_07,2021,7,09-132-00704,257380,0,0.0,0.0,,0.0
2021_07,2021,7,09-161-00838,292983,0,0.0,0.0,,0.0
2021_07,2021,7,09-159-00832,400347,0,0.0,0.0,,0.0
2021_07,2021,7,09-146-00769,281161,0,0.0,0.0,,0.0
2021_07,2021,7,09-147-00772,204623,0,0.0,0.0,,0.0
2021_07,2021,7,09-705-00741,213900,0,0.0,0.0,,0.0
2021_07,2021,7,09-140-00739,209876,0,0.0,0.0,,0.0
2021_07,2021,7,09-705-00740,297471,0,0.0,0.0,,0.0
2021_07,2021,7,09-144-00759,215757,0,0.0,0.0,,0.0
2021_07,2021,7,09-181-00924,271108,0,0.0,0.0,,0.0
2021_07,2021,7,09-152-00796,427590,0,0.0,0.0,,0.0
2021_07,2021,7,09-147-00773,372557,0,0.0,0.0,,0.0
2021_07,2021,7,09-161-00836,127717,0,0.0,0.0,,0.0
2021_07,2021,7,09-704-00706,301739,0,0.0,0.0,,0.0
2021_07,2021,7,09-146-00763,204,0,0.0,0.0,,0.0
2021_07,2021,7,09-136-00728,183511,0,0.0,0.0,,0.0
2021_07,2021,7,09-140-00738,207515,0,0.0,0.0,,0.0
2021_07,2021,7,09-135-00719,354336,0,0.0,0.0,,0.0
2021_07,2021,7,09-132-00703,401527,0,0.0,0.0,,0.0
2021_07,2021,7,09-152-00793,580285,0,0.0,0.0,,0.0
2021_07,2021,7,09-136-00726,150547,0,0.0,0.0,,0.0
2021_07,2021,7,09-132-00705,219439,0,0.0,0.0,,0.0
2021_07,2021,7,09-144-00760,211102,0,0.0,0.0,,0.0
2021_07,2021,7,09-132-00702,366805,0,0.0,0.0,,0.0
2021_07,2021,7,09-136-00724,143308,0,0.0,0.0,,0.0
2021_07,2021,7,09-135-00717,254438,0,0.0,0.0,,0.0
2021_07,2021,7,09-152-00794,488045,0,0.0,0.0,,0.0
2021_07,2021,7,09-147-00771,175151,0,0.0,0.0,,0.0
2021_07,2021,7,09-185-00939,386079,0,0.0,0.0,,0.0
2021_07,2021,7,09-198-00997,156799,0,0.0,0.0,,0.0
2021_07,2021,7,09-185-00937,194814,0,0.0,0.0,,0.0
2021_07,2021,7,09-190-00963,160556,203,0.0012643563616432,0.0004214521205477,0.3333333333333333,67.66666666666666
2021_07,2021,7,09-163-00846,294793,0,0.0,0.0,,0.0
2021_07,2021,7,09-148-00777,534222,0,0.0,0.0,,0.0
2021_07,2021,7,09-162-00841,500362,0,0.0,0.0,,0.0
2021_07,2021,7,09-156-00818,279219,0,0.0,0.0,,0.0
2021_07,2021,7,09-134-00713,386244,0,0.0,0.0,,0.0
2021_07,2021,7,09-177-00906,250854,0,0.0,0.0,,0.0
2021_07,2021,7,09-155-00812,429043,0,0.0,0.0,,0.0
2021_07,2021,7,09-164-00848,370811,0,0.0,0.0,,0.0
2021_07,2021,7,09-149-00780,163959,0,0.0,0.0,,0.0
2021_07,2021,7,09-172-00877,578515,0,0.0,0.0,,0.0
2021_07,2021,7,09-149-00779,424312,0,0.0,0.0,,0.0
2021_07,2021,7,09-133-00709,239561,0,0.0,0.0,,0.0
2021_07,2021,7,09-142-00746,268384,0,0.0,0.0,,0.0
2021_07,2021,7,09-191-00964,196858,1,5.079803716384399e-06,1.6932679054614662e-06,0.3333333333333333,0.3333333333333333
2021_07,2021,7,09-188-00948,162682,10075,0.0619306376857919,0.0288353966634292,0.4656079404466501,4691.0
2021_07,2021,7,09-174-00887,222864,0,0.0,0.0,,0.0
2021_07,2021,7,09-196-00994,546376,0,0.0,0.0,,0.0
2021_07,2021,7,09-196-00993,289783,0,0.0,0.0,,0.0
2021_07,2021,7,09-754-00722,288905,0,0.0,0.0,,0.0
2021_07,2021,7,09-134-00716,369671,0,0.0,0.0,,0.0
2021_07,2021,7,09-169-00869,361592,0,0.0,0.0,,0.0
2021_07,2021,7,09-188-00951,166741,1440,0.008636148277868,0.0028807152010203,0.3335648148148148,480.3333333333333
2021_07,2021,7,09-145-00761,479404,0,0.0,0.0,,0.0
2021_07,2021,7,09-160-00833,392874,0,0.0,0.0,,0.0
2021_07,2021,7,09-199-01003,461086,0,0.0,0.0,,0.0
2021_07,2021,7,09-183-00929,463344,0,0.0,0.0,,0.0
2021_07,2021,7,09-141-00742,220757,0,0.0,0.0,,0.0
2021_07,2021,7,09-158-00827,191397,0,0.0,0.0,,0.0
2021_07,2021,7,09-149-00783,492792,0,0.0,0.0,,0.0
2021_07,2021,7,09-190-00959,415288,1,2.4079674828071123e-06,8.026558276023707e-07,0.3333333333333333,0.3333333333333333
2021_07,2021,7,09-163-00844,203413,0,0.0,0.0,,0.0
2021_07,2021,7,09-134-00715,382484,0,0.0,0.0,,0.0
2021_07,2021,7,09-134-00715,382484,0,0.0,0.0,,0.0
2021_07,2021,7,09-137-00729,307474,0,0.0,0.0,,0.0
2021_07,2021,7,09-153-00802,512014,0,0.0,0.0,,0.0
2021_07,2021,7,09-142-00749,242401,0,0.0,0.0,,0.0
2021_07,2021,7,09-184-00936,228406,0,0.0,0.0,,0.0
2021_07,2021,7,09-200-01006,1184003,0,0.0,0.0,,0.0
2021_07,2021,7,09-201-01008,564254,0,0.0,0.0,,0.0
2021_07,2021,7,09-177-00905,219626,0,0.0,0.0,,0.0
2021_07,2021,7,09-150-00789,293976,0,0.0,0.0,,0.0
2021_07,2021,7,09-176-00896,331038,0,0.0,0.0,,0.0
2021_07,2021,7,09-172-00878,731611,0,0.0,0.0,,0.0
2021_07,2021,7,09-166-00857,468438,0,0.0,0.0,,0.0
2021_07,2021,7,09-706-00913,263012,0,0.0,0.0,,0.0
2021_07,2021,7,09-141-00743,238619,0,0.0,0.0,,0.0
2021_07,2021,7,09-195-00989,302426,0,0.0,0.0,,0.0
2021_07,2021,7,09-186-00943,260659,3739,0.0143444116642816,0.0047814705547605,0.3333333333333332,1246.3333333333333
2021_07,2021,7,09-200-01004,379547,0,0.0,0.0,,0.0
2021_07,2021,7,09-164-00850,495630,0,0.0,0.0,,0.0
2021_07,2021,7,09-198-00998,178466,0,0.0,0.0,,0.0
2021_07,2021,7,09-175-00893,333942,0,0.0,0.0,,0.0
2021_07,2021,7,09-176-00901,340198,0,0.0,0.0,,0.0
2021_07,2021,7,09-168-00864,478043,0,0.0,0.0,,0.0
2021_07,2021,7,09-155-00811,716885,0,0.0,0.0,,0.0
2021_07,2021,7,09-185-00938,565747,0,0.0,0.0,,0.0
2021_07,2021,7,09-156-00815,503635,0,0.0,0.0,,0.0
2021_07,2021,7,09-137-00731,389674,0,0.0,0.0,,0.0
2021_07,2021,7,09-189-00956,345746,0,0.0,0.0,,0.0
2021_07,2021,7,09-184-00935,264747,0,0.0,0.0,,0.0
2021_07,2021,7,09-179-00916,233484,0,0.0,0.0,,0.0
2021_07,2021,7,09-195-00987,245762,0,0.0,0.0,,0.0
2021_07,2021,7,09-178-00909,227386,0,0.0,0.0,,0.0
2021_07,2021,7,09-165-00852,305100,0,0.0,0.0,,0.0
2021_07,2021,7,09-201-01009,238336,0,0.0,0.0,,0.0
2021_07,2021,7,09-133-00711,340025,0,0.0,0.0,,0.0
2021_07,2021,7,09-194-00984,316740,0,0.0,0.0,,0.0
2021_07,2021,7,09-141-00744,185943,0,0.0,0.0,,0.0
2021_07,2021,7,09-166-00860,527344,0,0.0,0.0,,0.0
2021_07,2021,7,09-179-00918,276522,0,0.0,0.0,,0.0
2021_07,2021,7,09-180-00922,452765,0,0.0,0.0,,0.0
2021_07,2021,7,09-165-00853,559929,0,0.0,0.0,,0.0
2021_07,2021,7,09-199-01001,596718,0,0.0,0.0,,0.0
2021_07,2021,7,09-173-00880,152240,0,0.0,0.0,,0.0
2021_07,2021,7,09-158-00826,319635,0,0.0,0.0,,0.0
2021_07,2021,7,09-167-00862,811300,0,0.0,0.0,,0.0
2021_07,2021,7,09-179-00917,245396,0,0.0,0.0,,0.0
2021_07,2021,7,09-157-00821,421688,0,0.0,0.0,,0.0
2021_07,2021,7,09-194-00983,361483,0,0.0,0.0,,0.0
2021_07,2021,7,09-165-00851,370466,0,0.0,0.0,,0.0
2021_07,2021,7,09-192-00972,210693,13045,0.0619147290133037,0.0206382430044345,0.3333333333333333,4348.333333333334
2021_07,2021,7,09-145-00763,214986,0,0.0,0.0,,0.0
2021_07,2021,7,09-158-00823,323632,0,0.0,0.0,,0.0
2021_07,2021,7,09-187-00947,492064,11634,0.0236432659166287,0.0093294097244802,0.3945905678757664,4590.666666666666
2021_07,2021,7,09-180-00920,407001,0,0.0,0.0,,0.0
2021_07,2021,7,09-169-00870,547910,0,0.0,0.0,,0.0
2021_07,2021,7,09-148-00775,454824,0,0.0,0.0,,0.0
2021_07,2021,7,09-157-00819,214525,0,0.0,0.0,,0.0
2021_07,2021,7,09-174-00886,309590,0,0.0,0.0,,0.0
2021_07,2021,7,09-183-00931,325656,0,0.0,0.0,,0.0
2021_07,2021,7,09-194-00985,337075,0,0.0,0.0,,0.0
2021_07,2021,7,09-199-01002,383497,0,0.0,0.0,,0.0
2021_07,2021,7,09-145-00762,331571,0,0.0,0.0,,0.0
2021_07,2021,7,09-145-00764,488110,0,0.0,0.0,,0.0
2021_07,2021,7,09-171-00876,364207,0,0.0,0.0,,0.0
2021_07,2021,7,09-192-00973,231936,0,0.0,0.0,,0.0
2021_07,2021,7,09-168-00867,534892,0,0.0,0.0,,0.0
2021_07,2021,7,09-166-00859,493707,0,0.0,0.0,,0.0
2021_07,2021,7,09-138-00733,485945,0,0.0,0.0,,0.0
2021_07,2021,7,09-138-00734,432203,0,0.0,0.0,,0.0
2021_07,2021,7,09-186-00941,214723,4762,0.0221774099653972,0.0073924699884657,0.3333333333333333,1587.3333333333333
2021_07,2021,7,09-191-00970,181503,0,0.0,0.0,,0.0
2021_07,2021,7,09-175-00894,374485,0,0.0,0.0,,0.0
2021_07,2021,7,09-177-00903,281962,0,0.0,0.0,,0.0
2021_07,2021,7,09-150-00785,239726,0,0.0,0.0,,0.0
2021_07,2021,7,09-199-01000,515914,0,0.0,0.0,,0.0
2021_07,2021,7,09-157-00822,314022,0,0.0,0.0,,0.0
2021_07,2021,7,09-134-00715,244927,0,0.0,0.0,,0.0
2021_07,2021,7,09-134-00715,244927,0,0.0,0.0,,0.0
2021_07,2021,7,09-178-00910,261862,0,0.0,0.0,,0.0
2021_07,2021,7,09-163-00845,376560,0,0.0,0.0,,0.0
2021_07,2021,7,09-178-00908,201134,688,0.0034206051686935,0.0011402017228978,0.3333333333333333,229.33333333333337
2021_07,2021,7,09-201-01007,294612,0,0.0,0.0,,0.0
2021_07,2021,7,09-153-00800,602599,0,0.0,0.0,,0.0
2021_07,2021,7,09-166-00856,352698,0,0.0,0.0,,0.0
2021_07,2021,7,09-192-00974,175773,0,0.0,0.0,,0.0
2021_07,2021,7,09-195-00990,388183,0,0.0,0.0,,0.0
2021_07,2021,7,09-706-00912,254493,0,0.0,0.0,,0.0
2021_07,2021,7,09-179-06868,99300,0,0.0,0.0,,0.0
2021_07,2021,7,09-133-00708,481254,0,0.0,0.0,,0.0
2021_07,2021,7,09-134-00714,322143,0,0.0,0.0,,0.0
2021_07,2021,7,09-134-00712,415034,0,0.0,0.0,,0.0
2021_07,2021,7,09-180-00919,1011741,0,0.0,0.0,,0.0
2021_07,2021,7,09-170-00874,342800,0,0.0,0.0,,0.0
2021_07,2021,7,09-184-00933,291221,1590,0.0054597711016719,0.0018199237005573,0.3333333333333333,530.0
2021_07,2021,7,09-187-00944,298977,13021,0.0435518451252103,0.0199391034538888,0.4578245398458899,5961.333333333334
2021_07,2021,7,09-150-00788,262215,0,0.0,0.0,,0.0
2021_07,2021,7,09-175-00890,135635,0,0.0,0.0,,0.0
2021_07,2021,7,09-706-00914,268793,0,0.0,0.0,,0.0
2021_07,2021,7,09-137-00730,292765,0,0.0,0.0,,0.0
2021_07,2021,7,09-142-00748,150890,0,0.0,0.0,,0.0
2021_07,2021,7,09-150-00786,368451,0,0.0,0.0,,0.0
2021_07,2021,7,09-170-00873,339219,0,0.0,0.0,,0.0
2021_07,2021,7,09-198-00999,115901,0,0.0,0.0,,0.0
2021_07,2021,7,09-162-00842,406694,0,0.0,0.0,,0.0
2021_07,2021,7,09-191-00966,269074,0,0.0,0.0,,0.0
2021_07,2021,7,09-170-00872,579285,0,0.0,0.0,,0.0
2021_07,2021,7,09-149-00782,527449,0,0.0,0.0,,0.0
2021_07,2021,7,09-194-00982,205060,0,0.0,0.0,,0.0
2021_07,2021,7,09-150-00784,384386,0,0.0,0.0,,0.0
2021_07,2021,7,09-180-00921,372294,0,0.0,0.0,,0.0
2021_07,2021,7,09-176-00898,413974,0,0.0,0.0,,0.0
2021_07,2021,7,09-153-00797,394078,0,0.0,0.0,,0.0
2021_07,2021,7,09-191-00967,226329,0,0.0,0.0,,0.0
2021_07,2021,7,09-189-01020,452164,0,0.0,0.0,,0.0
2021_07,2021,7,09-193-00980,148532,0,0.0,0.0,,0.0
2021_07,2021,7,09-157-00820,188559,0,0.0,0.0,,0.0
2021_07,2021,7,09-193-00978,359703,0,0.0,0.0,,0.0
2021_07,2021,7,09-182-00925,485482,0,0.0,0.0,,0.0
2021_07,2021,7,09-170-00871,719959,0,0.0,0.0,,0.0
2021_07,2021,7,09-193-00979,247294,5890,0.0238178039095166,0.0079392679698388,0.3333333333333333,1963.3333333333337
2021_07,2021,7,09-188-00952,177713,23272,0.1309527158958545,0.0718986980881158,0.5490431992666437,12777.33333333333
2021_07,2021,7,09-184-00934,289370,0,0.0,0.0,,0.0
2021_07,2021,7,09-175-00891,330339,0,0.0,0.0,,0.0
2021_07,2021,7,09-150-00787,332909,0,0.0,0.0,,0.0
2021_07,2021,7,09-190-00961,167415,3817,0.0227996296628139,0.0075998765542713,0.3333333333333332,1272.333333333333
2021_07,2021,7,09-193-00975,163355,4180,0.0255884423494842,0.0085294807831614,0.3333333333333332,1393.3333333333337
2021_07,2021,7,09-192-00971,157492,3166,0.0201026083864577,0.0067008694621525,0.3333333333333333,1055.3333333333333
2021_07,2021,7,09-188-00954,227200,27725,0.1220290492957746,0.0406763497652582,0.3333333333333332,9241.666666666666
2021_07,2021,7,09-153-00799,600756,0,0.0,0.0,,0.0
2021_07,2021,7,09-183-00928,527456,0,0.0,0.0,,0.0
2021_07,2021,7,09-188-00950,378900,26840,0.0708366323568223,0.0304257939649863,0.4295206159960257,11528.333333333332
2021_07,2021,7,09-754-00778,413294,0,0.0,0.0,,0.0
2021_07,2021,7,09-160-00834,219908,0,0.0,0.0,,0.0
2021_07,2021,7,09-164-00849,478213,0,0.0,0.0,,0.0
2021_07,2021,7,09-153-00798,720203,0,0.0,0.0,,0.0
2021_07,2021,7,09-202-01012,405423,0,0.0,0.0,,0.0
2021_07,2021,7,09-173-00883,338786,0,0.0,0.0,,0.0
2021_07,2021,7,09-187-00946,224671,5529,0.0246093176244375,0.0109701148197438,0.4457707843491891,2464.666666666667
2021_07,2021,7,09-191-00968,309591,0,0.0,0.0,,0.0
2021_07,2021,7,09-175-00889,330664,0,0.0,0.0,,0.0
2021_07,2021,7,09-197-00995,308644,0,0.0,0.0,,0.0
2021_07,2021,7,09-173-00882,498630,0,0.0,0.0,,0.0
2021_07,2021,7,09-156-00817,356910,0,0.0,0.0,,0.0
2021_07,2021,7,09-158-00825,434797,0,0.0,0.0,,0.0
2021_07,2021,7,09-176-00897,199909,0,0.0,0.0,,0.0
2021_07,2021,7,09-176-00900,260918,0,0.0,0.0,,0.0
2021_07,2021,7,09-193-00977,237715,0,0.0,0.0,,0.0
2021_07,2021,7,09-163-00843,302821,0,0.0,0.0,,0.0
2021_07,2021,7,09-175-00892,261816,0,0.0,0.0,,0.0
2021_07,2021,7,09-148-00776,246935,0,0.0,0.0,,0.0
2021_07,2021,7,09-171-00875,1053260,0,0.0,0.0,,0.0
2021_07,2021,7,09-189-00957,199858,0,0.0,0.0,,0.0
2021_07,2021,7,09-202-01010,278489,0,0.0,0.0,,0.0
2021_07,2021,7,09-172-00879,551167,0,0.0,0.0,,0.0
2021_07,2021,7,09-167-00863,887820,0,0.0,0.0,,0.0
2021_07,2021,7,09-188-00953,227384,5337,0.0234713084473841,0.0078237694824613,0.3333333333333333,1779.0000000000002
2021_07,2021,7,09-186-00942,263107,1852,0.0070389613351222,0.0023463204450407,0.3333333333333333,617.3333333333335
2021_07,2021,7,09-133-00710,201231,0,0.0,0.0,,0.0
2021_07,2021,7,09-142-00751,243375,0,0.0,0.0,,0.0
2021_07,2021,7,09-194-00986,264230,0,0.0,0.0,,0.0
2021_07,2021,7,09-165-00855,391542,0,0.0,0.0,,0.0
2021_07,2021,7,09-175-00895,367474,0,0.0,0.0,,0.0
2021_07,2021,7,09-169-00868,543161,0,0.0,0.0,,0.0
2021_07,2021,7,09-173-00881,477275,0,0.0,0.0,,0.0
2021_07,2021,7,09-153-00801,671058,0,0.0,0.0,,0.0
2021_07,2021,7,09-191-00969,290817,0,0.0,0.0,,0.0
2021_07,2021,7,09-196-00992,295253,0,0.0,0.0,,0.0
2021_07,2021,7,09-194-00981,314504,0,0.0,0.0,,0.0
2021_07,2021,7,09-142-00745,138357,0,0.0,0.0,,0.0
2021_07,2021,7,09-193-00976,178340,4413,0.0247448693506784,0.0082482897835594,0.3333333333333333,1471.0000000000002
2021_07,2021,7,09-163-00847,238667,0,0.0,0.0,,0.0
2021_07,2021,7,09-174-00885,264114,0,0.0,0.0,,0.0
2021_07,2021,7,09-176-00899,186307,0,0.0,0.0,,0.0
2021_07,2021,7,09-155-00810,470255,0,0.0,0.0,,0.0
2021_07,2021,7,09-142-00747,311571,0,0.0,0.0,,0.0
2021_07,2021,7,09-177-00904,195264,0,0.0,0.0,,0.0
2021_07,2021,7,09-175-00888,297872,0,0.0,0.0,,0.0
2021_07,2021,7,09-179-00915,343161,0,0.0,0.0,,0.0
2021_07,2021,7,09-166-00858,393596,0,0.0,0.0,,0.0
2021_07,2021,7,09-167-00861,530899,0,0.0,0.0,,0.0
2021_07,2021,7,09-189-00958,296625,0,0.0,0.0,,0.0
2021_07,2021,7,09-178-00907,215692,0,0.0,0.0,,0.0
2021_07,2021,7,09-183-00930,479320,0,0.0,0.0,,0.0
2021_07,2021,7,09-706-00824,300683,0,0.0,0.0,,0.0
2021_07,2021,7,09-160-00835,329400,0,0.0,0.0,,0.0
2021_07,2021,7,09-182-00926,694511,0,0.0,0.0,,0.0
2021_07,2021,7,09-158-00828,191411,0,0.0,0.0,,0.0
2021_07,2021,7,09-156-00816,450282,0,0.0,0.0,,0.0
2021_07,2021,7,09-165-00854,414211,0,0.0,0.0,,0.0
2021_07,2021,7,09-182-00927,332992,0,0.0,0.0,,0.0
2021_07,2021,7,09-151-00792,799198,0,0.0,0.0,,0.0
2021_07,2021,7,09-146-00766,245147,0,0.0,0.0,,0.0
2021_07,2021,7,09-159-00831,159959,0,0.0,0.0,,0.0
2021_07,2021,7,09-146-00765,212505,0,0.0,0.0,,0.0
2021_07,2021,7,09-139-00736,185647,0,0.0,0.0,,0.0
2021_07,2021,7,09-146-00770,399729,0,0.0,0.0,,0.0
2021_07,2021,7,09-139-00735,336441,0,0.0,0.0,,0.0
2021_07,2021,7,09-132-00701,475536,0,0.0,0.0,,0.0
2021_07,2021,7,09-161-00839,320874,0,0.0,0.0,,0.0
2021_07,2021,7,09-181-00923,604889,0,0.0,0.0,,0.0
2021_07,2021,7,09-135-00718,30548,0,0.0,0.0,,0.0
2021_07,2021,7,09-159-00830,426482,0,0.0,0.0,,0.0
2021_07,2021,7,09-146-00768,361215,0,0.0,0.0,,0.0
2021_07,2021,7,09-146-00767,325049,0,0.0,0.0,,0.0
2021_07,2021,7,09-161-00837,75946,0,0.0,0.0,,0.0
2021_07,2021,7,09-144-00757,123732,0,0.0,0.0,,0.0
2021_07,2021,7,09-136-00727,196786,0,0.0,0.0,,0.0
2021_07,2021,7,09-152-00795,465633,0,0.0,0.0,,0.0
2021_07,2021,7,09-704-00707,281095,0,0.0,0.0,,0.0
2021_07,2021,7,09-144-00758,256852,0,0.0,0.0,,0.0
2021_07,2021,7,09-147-00774,340107,0,0.0,0.0,,0.0
2021_07,2021,7,09-136-00723,187020,0,0.0,0.0,,0.0
2021_07,2021,7,09-143-00754,410192,0,0.0,0.0,,0.0
2021_07,2021,7,09-151-00791,432129,0,0.0,0.0,,0.0
2021_07,2021,7,09-143-00753,226024,0,0.0,0.0,,0.0
2021_07,2021,7,09-143-00756,249299,0,0.0,0.0,,0.0
2021_07,2021,7,09-143-00752,318265,0,0.0,0.0,,0.0
2021_07,2021,7,09-143-00755,483242,0,0.0,0.0,,0.0
2021_07,2021,7,09-151-00790,488682,0,0.0,0.0,,0.0
2021_07,2021,7,09-154-00806,438084,0,0.0,0.0,,0.0
2021_07,2021,7,09-154-00805,437183,0,0.0,0.0,,0.0
2021_07,2021,7,09-154-00807,364754,0,0.0,0.0,,0.0
2021_07,2021,7,09-154-00803,630238,0,0.0,0.0,,0.0
2021_07,2021,7,09-154-00808,344653,0,0.0,0.0,,0.0
2021_07,2021,7,09-154-00804,384169,0,0.0,0.0,,0.0
2021_07,2021,7,09-139-00737,85364,0,0.0,0.0,,0.0
2021_07,2021,7,09-137-00718,136360,0,0.0,0.0,,0.0
2021_07,2021,7,09-202-01011,205123,0,0.0,0.0,,0.0
2021_07,2021,7,09-178-00911,138083,0,0.0,0.0,,0.0
2021_07,2021,7,09-173-00884,190238,0,0.0,0.0,,0.0
2021_08,2021,8,09-168-00865,329413,0,0.0,0.0,,0.0
2021_08,2021,8,09-200-01005,1474789,0,0.0,0.0,,0.0
2021_08,2021,8,09-177-00902,260579,3421,0.0131284562455147,0.0018754937493592,0.1428571428571428,488.71428571428567
2021_08,2021,8,09-185-00940,106837,4006,0.0374963729793985,0.006719181022091,0.1791954924755723,717.8571428571427
2021_08,2021,8,09-190-00960,177168,27548,0.1554908335591077,0.0335799112384048,0.2159607127299881,5949.285714285713
2021_08,2021,8,09-156-00814,462391,3,6.488015553935955e-06,9.268593648479934e-07,0.1428571428571428,0.4285714285714285
2021_08,2021,8,09-191-00965,410177,22846,0.0556979060259351,0.0116413158221938,0.209008141468966,4775.0
2021_08,2021,8,09-149-00781,328046,27,8.230553032196704e-05,1.1757932903138149e-05,0.1428571428571428,3.8571428571428568
2021_08,2021,8,09-188-00949,155805,48074,0.308552357113058,0.0965446735158875,0.3128955954807766,15042.14285714286
2021_08,2021,8,09-195-00988,251880,3609,0.0143282515483563,0.0026633998048957,0.1858844951114277,670.8571428571428
2021_08,2021,8,09-190-00962,217454,16685,0.0767288713934901,0.0150126989090631,0.1956590607474634,3264.5714285714284
2021_08,2021,8,09-158-00829,298492,2,6.7003470779786394e-06,9.571924397112342e-07,0.1428571428571428,0.2857142857142857
2021_08,2021,8,09-754-00721,406625,0,0.0,0.0,,0.0
2021_08,2021,8,09-155-00813,650968,11,1.6897912032542307e-05,2.413987433220329e-06,0.1428571428571428,1.5714285714285712
2021_08,2021,8,09-138-00732,272541,0,0.0,0.0,,0.0
2021_08,2021,8,09-168-00866,394948,28,7.089540901587044e-05,1.0127915573695775e-05,0.1428571428571428,4.0
2021_08,2021,8,09-155-00809,439582,0,0.0,0.0,,0.0
2021_08,2021,8,09-142-00750,250168,0,0.0,0.0,,0.0
2021_08,2021,8,09-184-00932,234600,5563,0.0237127024722932,0.0043606138107416,0.1838935825993168,1023.0
2021_08,2021,8,09-197-00996,373044,5731,0.0153627990263883,0.0027089872201976,0.1763342223994814,1010.5714285714286
2021_08,2021,8,09-195-00991,317767,38744,0.1219258135678028,0.027218055997004,0.2232345653520544,8648.999999999996
2021_08,2021,8,09-187-00945,313718,20814,0.0663462090157402,0.0116906630431515,0.1762069486197476,3667.571428571428
2021_08,2021,8,09-135-00720,254144,0,0.0,0.0,,0.0
2021_08,2021,8,09-136-00725,222934,0,0.0,0.0,,0.0
2021_08,2021,8,09-161-00840,228773,18439,0.0805995462751286,0.0146776811199623,0.1821062499515777,3357.857142857142
2021_08,2021,8,09-132-00704,257380,0,0.0,0.0,,0.0
2021_08,2021,8,09-161-00838,292983,1763,0.0060174139796506,0.0010015208098373,0.1664370796531885,293.42857142857144
2021_08,2021,8,09-159-00832,400347,7158,0.0178794895428216,0.0030587750840431,0.1710773160898893,1224.5714285714282
2021_08,2021,8,09-146-00769,281161,0,0.0,0.0,,0.0
2021_08,2021,8,09-147-00772,204623,0,0.0,0.0,,0.0
2021_08,2021,8,09-705-00741,213900,0,0.0,0.0,,0.0
2021_08,2021,8,09-140-00739,209876,0,0.0,0.0,,0.0
2021_08,2021,8,09-705-00740,297471,0,0.0,0.0,,0.0
2021_08,2021,8,09-144-00759,215757,0,0.0,0.0,,0.0
2021_08,2021,8,09-181-00924,271108,0,0.0,0.0,,0.0
2021_08,2021,8,09-152-00796,427590,2569,0.0060080918637012,0.0010844834671397,0.180503809153089,463.7142857142855
2021_08,2021,8,09-147-00773,372557,0,0.0,0.0,,0.0
2021_08,2021,8,09-161-00836,127717,0,0.0,0.0,,0.0
2021_08,2021,8,09-704-00706,301739,0,0.0,0.0,,0.0
2021_08,2021,8,09-146-00763,204,0,0.0,0.0,,0.0
2021_08,2021,8,09-136-00728,183511,0,0.0,0.0,,0.0
2021_08,2021,8,09-140-00738,207515,0,0.0,0.0,,0.0
2021_08,2021,8,09-135-00719,354336,0,0.0,0.0,,0.0
2021_08,2021,8,09-132-00703,401527,0,0.0,0.0,,0.0
2021_08,2021,8,09-152-00793,580285,1,1.7232911414218874e-06,2.461844487745554e-07,0.1428571428571428,0.1428571428571428
2021_08,2021,8,09-136-00726,150547,0,0.0,0.0,,0.0
2021_08,2021,8,09-132-00705,219439,0,0.0,0.0,,0.0
2021_08,2021,8,09-144-00760,211102,0,0.0,0.0,,0.0
2021_08,2021,8,09-132-00702,366805,0,0.0,0.0,,0.0
2021_08,2021,8,09-136-00724,143308,0,0.0,0.0,,0.0
2021_08,2021,8,09-135-00717,254438,0,0.0,0.0,,0.0
2021_08,2021,8,09-152-00794,488045,0,0.0,0.0,,0.0
2021_08,2021,8,09-147-00771,175151,0,0.0,0.0,,0.0
2021_08,2021,8,09-185-00939,386079,12528,0.0324493173676889,0.008024634484504,0.2472974822112753,3098.142857142857
2021_08,2021,8,09-198-00997,156799,0,0.0,0.0,,0.0
2021_08,2021,8,09-185-00937,194814,5206,0.0267229254571026,0.0063137146200991,0.2362658470995005,1230.0
2021_08,2021,8,09-190-00963,160556,3928,0.0244649841799745,0.0035964309737946,0.1470032004655222,577.4285714285714
2021_08,2021,8,09-163-00846,294793,6374,0.0216219516745648,0.0030888502392235,0.1428571428571428,910.5714285714284
2021_08,2021,8,09-148-00777,534222,0,0.0,0.0,,0.0
2021_08,2021,8,09-162-00841,500362,0,0.0,0.0,,0.0
2021_08,2021,8,09-156-00818,279219,17,6.088410888943804e-05,8.69772984134829e-06,0.1428571428571428,2.428571428571428
2021_08,2021,8,09-134-00713,386244,0,0.0,0.0,,0.0
2021_08,2021,8,09-177-00906,250854,0,0.0,0.0,,0.0
2021_08,2021,8,09-155-00812,429043,0,0.0,0.0,,0.0
2021_08,2021,8,09-164-00848,370811,0,0.0,0.0,,0.0
2021_08,2021,8,09-149-00780,163959,0,0.0,0.0,,0.0
2021_08,2021,8,09-172-00877,578515,2314,0.0039998962861809,0.0005714137551687,0.1428571428571428,330.57142857142856
2021_08,2021,8,09-149-00779,424312,0,0.0,0.0,,0.0
2021_08,2021,8,09-133-00709,239561,0,0.0,0.0,,0.0
2021_08,2021,8,09-142-00746,268384,0,0.0,0.0,,0.0
2021_08,2021,8,09-191-00964,196858,1742,0.0088490180739416,0.0012655968116249,0.143021157946531,249.1428571428571
2021_08,2021,8,09-188-00948,162682,22232,0.1366592493330546,0.0407596239464546,0.2982573381997634,6630.857142857143
2021_08,2021,8,09-174-00887,222864,7126,0.0319746571900351,0.0056145708337179,0.1755944027905857,1251.285714285714
2021_08,2021,8,09-196-00994,546376,0,0.0,0.0,,0.0
2021_08,2021,8,09-196-00993,289783,974,0.0033611357464033,0.0004870639655979,0.1449105309474919,141.1428571428571
2021_08,2021,8,09-754-00722,288905,0,0.0,0.0,,0.0
2021_08,2021,8,09-134-00716,369671,0,0.0,0.0,,0.0
2021_08,2021,8,09-169-00869,361592,0,0.0,0.0,,0.0
2021_08,2021,8,09-188-00951,166741,26863,0.1611061466585902,0.0359299752310469,0.2230205114841975,5991.0
2021_08,2021,8,09-145-00761,479404,0,0.0,0.0,,0.0
2021_08,2021,8,09-160-00833,392874,23,5.854294252101183e-05,8.363277503001688e-06,0.1428571428571428,3.285714285714285
2021_08,2021,8,09-199-01003,461086,24003,0.0520575337355721,0.010037482936248,0.1928151838163086,4628.142857142856
2021_08,2021,8,09-183-00929,463344,0,0.0,0.0,,0.0
2021_08,2021,8,09-141-00742,220757,0,0.0,0.0,,0.0
2021_08,2021,8,09-158-00827,191397,666,0.0034796783648646,0.0004970969092663,0.1428571428571428,95.14285714285714
2021_08,2021,8,09-149-00783,492792,5316,0.0107875127842984,0.0017831342345539,0.1652961410297753,878.7142857142857
2021_08,2021,8,09-190-00959,415288,6913,0.0166462792086455,0.0023780398869493,0.1428571428571428,987.5714285714284
2021_08,2021,8,09-163-00844,203413,34,0.0001671476257662,2.38782322523283e-05,0.1428571428571428,4.857142857142857
2021_08,2021,8,09-134-00715,382484,0,0.0,0.0,,0.0
2021_08,2021,8,09-134-00715,382484,0,0.0,0.0,,0.0
2021_08,2021,8,09-137-00729,307474,0,0.0,0.0,,0.0
2021_08,2021,8,09-153-00802,512014,0,0.0,0.0,,0.0
2021_08,2021,8,09-142-00749,242401,0,0.0,0.0,,0.0
2021_08,2021,8,09-184-00936,228406,42467,0.1859276901657574,0.0506535354963154,0.2724367492069472,11569.571428571422
2021_08,2021,8,09-200-01006,1184003,0,0.0,0.0,,0.0
2021_08,2021,8,09-201-01008,564254,0,0.0,0.0,,0.0
2021_08,2021,8,09-177-00905,219626,62,0.0002822980885687,4.0328298366964095e-05,0.1428571428571427,8.857142857142856
2021_08,2021,8,09-150-00789,293976,0,0.0,0.0,,0.0
2021_08,2021,8,09-176-00896,331038,1,3.020801237320187e-06,4.315430339028838e-07,0.1428571428571428,0.1428571428571428
2021_08,2021,8,09-172-00878,731611,7658,0.010467311180395,0.0015234481556065,0.1455434093198522,1114.571428571429
2021_08,2021,8,09-166-00857,468438,0,0.0,0.0,,0.0
2021_08,2021,8,09-706-00913,263012,23,8.744848143810929e-05,1.249264020544418e-05,0.1428571428571428,3.285714285714285
2021_08,2021,8,09-141-00743,238619,0,0.0,0.0,,0.0
2021_08,2021,8,09-195-00989,302426,10079,0.033327161024515,0.0063713342862622,0.1911754284013436,1926.857142857143
2021_08,2021,8,09-186-00943,260659,15407,0.0591078765743749,0.0138303300480704,0.2339845524761471,3605.0
2021_08,2021,8,09-200-01004,379547,169,0.0004452676480119,6.360966400171031e-05,0.1428571428571428,24.142857142857142
2021_08,2021,8,09-164-00850,495630,832,0.0016786715896939,0.0002398102270991,0.1428571428571428,118.85714285714286
2021_08,2021,8,09-198-00998,178466,2051,0.0114923851041655,0.0016545768621794,0.1439715818067841,295.2857142857142
2021_08,2021,8,09-175-00893,333942,5310,0.0159009648382054,0.0028469443367838,0.1790422383642722,950.7142857142856
2021_08,2021,8,09-176-00901,340198,59,0.000173428415217,2.4775487888145807e-05,0.1428571428571428,8.428571428571427
2021_08,2021,8,09-168-00864,478043,0,0.0,0.0,,0.0
2021_08,2021,8,09-155-00811,716885,13,1.813401033638589e-05,2.5905729051979843e-06,0.1428571428571428,1.857142857142857
2021_08,2021,8,09-185-00938,565747,7709,0.0136262322204094,0.002716004554282,0.1993217575005096,1536.5714285714284
2021_08,2021,8,09-156-00815,503635,17,3.375460402871127e-05,4.822086289815895e-06,0.1428571428571428,2.4285714285714284
2021_08,2021,8,09-137-00731,389674,0,0.0,0.0,,0.0
2021_08,2021,8,09-189-00956,345746,10140,0.0293278881028269,0.0041896983004038,0.1428571428571428,1448.5714285714282
2021_08,2021,8,09-184-00935,264747,27100,0.1023618775661291,0.0199349351860995,0.1947496046389034,5277.714285714284
2021_08,2021,8,09-179-00916,233484,0,0.0,0.0,,0.0
2021_08,2021,8,09-195-00987,245762,1178,0.0047932552632221,0.0006847507518888,0.1428571428571428,168.28571428571428
2021_08,2021,8,09-178-00909,227386,1095,0.0048155999050073,0.0006879428435724,0.1428571428571428,156.42857142857142
2021_08,2021,8,09-165-00852,305100,4746,0.0155555555555555,0.0022222222222222,0.1428571428571428,678.0
2021_08,2021,8,09-201-01009,238336,0,0.0,0.0,,0.0
2021_08,2021,8,09-133-00711,340025,0,0.0,0.0,,0.0
2021_08,2021,8,09-194-00984,316740,72,0.0002273157795036,3.247368278624199e-05,0.1428571428571428,10.285714285714286
2021_08,2021,8,09-141-00744,185943,0,0.0,0.0,,0.0
2021_08,2021,8,09-166-00860,527344,0,0.0,0.0,,0.0
2021_08,2021,8,09-179-00918,276522,356,0.0012874201691004,0.0001859836520369,0.1444622792937399,51.428571428571416
2021_08,2021,8,09-180-00922,452765,3132,0.0069174958311706,0.0009882136901672,0.1428571428571428,447.4285714285714
2021_08,2021,8,09-165-00853,559929,6903,0.0123283487727908,0.0017611926818272,0.1428571428571428,986.1428571428576
2021_08,2021,8,09-199-01001,596718,515,0.0008630542400262,0.0001232934628608,0.1428571428571428,73.57142857142857
2021_08,2021,8,09-173-00880,152240,0,0.0,0.0,,0.0
2021_08,2021,8,09-158-00826,319635,247,0.0007727564252976,0.0001103937750425,0.1428571428571428,35.285714285714285
2021_08,2021,8,09-167-00862,811300,0,0.0,0.0,,0.0
2021_08,2021,8,09-179-00917,245396,0,0.0,0.0,,0.0
2021_08,2021,8,09-157-00821,421688,10,2.3714215249188977e-05,3.3877450355984243e-06,0.1428571428571428,1.4285714285714284
2021_08,2021,8,09-194-00983,361483,0,0.0,0.0,,0.0
2021_08,2021,8,09-165-00851,370466,13677,0.0369183676774656,0.0058798532504621,0.1592663386916512,2178.2857142857147
2021_08,2021,8,09-192-00972,210693,30530,0.1449027732292957,0.0383035303227241,0.2643395255252444,8070.285714285713
2021_08,2021,8,09-145-00763,214986,0,0.0,0.0,,0.0
2021_08,2021,8,09-158-00823,323632,74,0.0002286547683788,3.2664966911271364e-05,0.1428571428571428,10.571428571428571
2021_08,2021,8,09-187-00947,492064,17047,0.0346438674643948,0.0073950891405531,0.2134602653168969,3638.857142857142
2021_08,2021,8,09-180-00920,407001,1845,0.0045331583951882,0.0006475940564554,0.1428571428571428,263.5714285714285
2021_08,2021,8,09-169-00870,547910,0,0.0,0.0,,0.0
2021_08,2021,8,09-148-00775,454824,4,8.794610662585968e-06,1.2563729517979952e-06,0.1428571428571428,0.5714285714285714
2021_08,2021,8,09-157-00819,214525,5,2.330730684069456e-05,3.329615262956365e-06,0.1428571428571428,0.7142857142857142
2021_08,2021,8,09-174-00886,309590,36450,0.1177363609935721,0.0170289738040634,0.144636488340192,5272.0
2021_08,2021,8,09-183-00931,325656,2700,0.0082909573292062,0.0016581914658412,0.1999999999999999,540.0
2021_08,2021,8,09-194-00985,337075,14,4.153378328265223e-05,5.933397611807461e-06,0.1428571428571428,2.0
2021_08,2021,8,09-199-01002,383497,147,0.0003833146022002,5.4759228885753994e-05,0.1428571428571428,21.0
2021_08,2021,8,09-145-00762,331571,0,0.0,0.0,,0.0
2021_08,2021,8,09-145-00764,488110,0,0.0,0.0,,0.0
2021_08,2021,8,09-171-00876,364207,10080,0.027676568544811,0.0047602442723898,0.1719954648526076,1733.7142857142858
2021_08,2021,8,09-192-00973,231936,2030,0.0087524144591611,0.0012503449227373,0.1428571428571428,289.99999999999994
2021_08,2021,8,09-168-00867,534892,0,0.0,0.0,,0.0
2021_08,2021,8,09-166-00859,493707,0,0.0,0.0,,0.0
2021_08,2021,8,09-138-00733,485945,0,0.0,0.0,,0.0
2021_08,2021,8,09-138-00734,432203,0,0.0,0.0,,0.0
2021_08,2021,8,09-186-00941,214723,35618,0.1658788299343805,0.0439609570070675,0.2650184898486318,9439.428571428569
2021_08,2021,8,09-191-00970,181503,642,0.0035371316176592,0.0005053045168084,0.1428571428571428,91.7142857142857
2021_08,2021,8,09-175-00894,374485,16405,0.0438068280438468,0.007201509120144,0.1643923890799843,2696.8571428571427
2021_08,2021,8,09-177-00903,281962,8,2.837261758676701e-05,4.053231083823859e-06,0.1428571428571428,1.1428571428571428
2021_08,2021,8,09-150-00785,239726,0,0.0,0.0,,0.0
2021_08,2021,8,09-199-01000,515914,56648,0.1098012459440914,0.0200296394914102,0.1824172332398571,10333.571428571437
2021_08,2021,8,09-157-00822,314022,20,6.368980517288597e-05,9.098543596126566e-06,0.1428571428571428,2.8571428571428563
2021_08,2021,8,09-134-00715,244927,0,0.0,0.0,,0.0
2021_08,2021,8,09-134-00715,244927,0,0.0,0.0,,0.0
2021_08,2021,8,09-178-00910,261862,1216,0.0046436672751296,0.0006661087573934,0.1434445488721804,174.42857142857142
2021_08,2021,8,09-163-00845,376560,0,0.0,0.0,,0.0
2021_08,2021,8,09-178-00908,201134,3466,0.0172322928992611,0.0029631986635775,0.1719561454125792,595.9999999999998
2021_08,2021,8,09-201-01007,294612,0,0.0,0.0,,0.0
2021_08,2021,8,09-153-00800,602599,1,1.659478359572452e-06,2.3706833708177885e-07,0.1428571428571428,0.1428571428571428
2021_08,2021,8,09-166-00856,352698,0,0.0,0.0,,0.0
2021_08,2021,8,09-192-00974,175773,896,0.0050974836863454,0.0007282119551922,0.1428571428571428,127.99999999999996
2021_08,2021,8,09-195-00990,388183,46670,0.1202268002462755,0.0298875971973454,0.2485934678135234,11601.857142857149
2021_08,2021,8,09-706-00912,254493,71,0.000278986062485,3.985515178357418e-05,0.1428571428571427,10.142857142857142
2021_08,2021,8,09-179-06868,99300,18,0.0001812688821752,2.5895554596460937e-05,0.1428571428571428,2.571428571428571
2021_08,2021,8,09-133-00708,481254,0,0.0,0.0,,0.0
2021_08,2021,8,09-134-00714,322143,0,0.0,0.0,,0.0
2021_08,2021,8,09-134-00712,415034,0,0.0,0.0,,0.0
2021_08,2021,8,09-180-00919,1011741,54,5.337334357310814e-05,7.624763367586878e-06,0.1428571428571428,7.714285714285715
2021_08,2021,8,09-170-00874,342800,0,0.0,0.0,,0.0
2021_08,2021,8,09-184-00933,291221,51112,0.1755093210997833,0.0498026290294017,0.283760592983476,14503.57142857142
2021_08,2021,8,09-187-00944,298977,45724,0.1529348411416262,0.030602927411043,0.2001043528250246,9149.571428571424
2021_08,2021,8,09-150-00788,262215,0,0.0,0.0,,0.0
2021_08,2021,8,09-175-00890,135635,11338,0.0835919932170899,0.0183380817214267,0.2193760552377592,2487.285714285713
2021_08,2021,8,09-706-00914,268793,3,1.1161004936884516e-05,1.594429276697788e-06,0.1428571428571428,0.4285714285714285
2021_08,2021,8,09-137-00730,292765,0,0.0,0.0,,0.0
2021_08,2021,8,09-142-00748,150890,0,0.0,0.0,,0.0
2021_08,2021,8,09-150-00786,368451,0,0.0,0.0,,0.0
2021_08,2021,8,09-170-00873,339219,0,0.0,0.0,,0.0
2021_08,2021,8,09-198-00999,115901,126,0.0010871347097954,0.0001553049585422,0.1428571428571428,17.999999999999996
2021_08,2021,8,09-162-00842,406694,14901,0.0366393406344819,0.0060305080197185,0.1645910629200341,2452.571428571428
2021_08,2021,8,09-191-00966,269074,2456,0.0091276005857124,0.001303942940816,0.1428571428571428,350.8571428571429
2021_08,2021,8,09-170-00872,579285,9945,0.0171677153732618,0.00275216122338,0.1603102779573367,1594.2857142857138
2021_08,2021,8,09-149-00782,527449,1550,0.0029386727437155,0.0004198103919593,0.1428571428571428,221.4285714285714
2021_08,2021,8,09-194-00982,205060,0,0.0,0.0,,0.0
2021_08,2021,8,09-150-00784,384386,0,0.0,0.0,,0.0
2021_08,2021,8,09-180-00921,372294,0,0.0,0.0,,0.0
2021_08,2021,8,09-176-00898,413974,0,0.0,0.0,,0.0
2021_08,2021,8,09-153-00797,394078,12,3.0450824456072147e-05,4.3501177794388786e-06,0.1428571428571428,1.7142857142857144
2021_08,2021,8,09-191-00967,226329,231,0.0010206380976366,0.0001458054425195,0.1428571428571428,33.0
2021_08,2021,8,09-189-01020,452164,16763,0.0370728319813165,0.0055311789527693,0.1491976376543577,2500.9999999999995
2021_08,2021,8,09-193-00980,148532,46277,0.311562491584305,0.0776523385052186,0.2492351955152049,11533.85714285714
2021_08,2021,8,09-157-00820,188559,3,1.5910139531923696e-05,2.2728770759890993e-06,0.1428571428571428,0.4285714285714285
2021_08,2021,8,09-193-00978,359703,93601,0.2602174571799512,0.0680021335061743,0.2613280993640177,24460.571428571424
2021_08,2021,8,09-182-00925,485482,27941,0.0575531121648176,0.0096687415805323,0.1679968505064242,4693.999999999999
2021_08,2021,8,09-170-00871,719959,9632,0.0133785396112834,0.001911219944469,0.1428571428571428,1375.9999999999998
2021_08,2021,8,09-193-00979,247294,56671,0.2291644762913778,0.0628453812639437,0.2742370121276439,15541.285714285714
2021_08,2021,8,09-188-00952,177713,44210,0.2487718962596996,0.1253738973995792,0.5039713057808511,22280.571428571424
2021_08,2021,8,09-184-00934,289370,36494,0.1261153540449943,0.0313967782226413,0.2489528611356856,9085.285714285716
2021_08,2021,8,09-175-00891,330339,38907,0.1177790088363771,0.018282085113431,0.1552236285060712,6039.285714285712
2021_08,2021,8,09-150-00787,332909,0,0.0,0.0,,0.0
2021_08,2021,8,09-190-00961,167415,19055,0.1138189529014723,0.02207346158605,0.1939348502455298,3695.428571428571
2021_08,2021,8,09-193-00975,163355,17815,0.1090569618315937,0.0327446359156438,0.3002525961268594,5349.000000000004
2021_08,2021,8,09-192-00971,157492,12320,0.0782261956162852,0.0169550562205427,0.2167439703153988,2670.285714285714
2021_08,2021,8,09-188-00954,227200,40410,0.1778609154929577,0.0573302313883299,0.32233181320041,13025.42857142857
2021_08,2021,8,09-153-00799,600756,0,0.0,0.0,,0.0
2021_08,2021,8,09-183-00928,527456,101,0.0001914851665352,2.7355023790745437e-05,0.1428571428571428,14.428571428571423
2021_08,2021,8,09-188-00950,378900,73393,0.1937001847453154,0.0542201108471892,0.2799177033232052,20543.999999999996
2021_08,2021,8,09-754-00778,413294,0,0.0,0.0,,0.0
2021_08,2021,8,09-160-00834,219908,0,0.0,0.0,,0.0
2021_08,2021,8,09-164-00849,478213,0,0.0,0.0,,0.0
2021_08,2021,8,09-153-00798,720203,24,3.332393783419397e-05,4.760562547741995e-06,0.1428571428571428,3.4285714285714284
2021_08,2021,8,09-202-01012,405423,15084,0.0372055852775989,0.0053150836110855,0.1428571428571428,2154.8571428571427
2021_08,2021,8,09-173-00883,338786,0,0.0,0.0,,0.0
2021_08,2021,8,09-187-00946,224671,16119,0.0717449069973427,0.0208857777435831,0.2911116428704368,4692.4285714285725
2021_08,2021,8,09-191-00968,309591,557,0.0017991479080464,0.0002570211297209,0.1428571428571428,79.57142857142858
2021_08,2021,8,09-175-00889,330664,22116,0.0668836039000314,0.01505369282932,0.2250729917577448,4977.714285714285
2021_08,2021,8,09-197-00995,308644,7428,0.0240665621233524,0.0059328639375554,0.2465189629971536,1831.1428571428576
2021_08,2021,8,09-173-00882,498630,0,0.0,0.0,,0.0
2021_08,2021,8,09-156-00817,356910,7,1.961278753747443e-05,2.8018267910677757e-06,0.1428571428571428,0.9999999999999998
2021_08,2021,8,09-158-00825,434797,10,2.2999238725198197e-05,3.28560553217117e-06,0.1428571428571428,1.4285714285714284
2021_08,2021,8,09-176-00897,199909,8481,0.0424243030578913,0.0060606147225559,0.1428571428571428,1211.5714285714282
2021_08,2021,8,09-176-00900,260918,2126,0.0081481538261062,0.001164021975158,0.1428571428571428,303.7142857142857
2021_08,2021,8,09-193-00977,237715,5193,0.0218454872431272,0.0034320810334103,0.1571070947154135,815.8571428571428
2021_08,2021,8,09-163-00843,302821,0,0.0,0.0,,0.0
2021_08,2021,8,09-175-00892,261816,31090,0.1187475173404222,0.0206677317549074,0.174047695630198,5411.142857142856
2021_08,2021,8,09-148-00776,246935,0,0.0,0.0,,0.0
2021_08,2021,8,09-171-00875,1053260,18272,0.0173480432181987,0.002933884185427,0.1691190267700775,3090.1428571428564
2021_08,2021,8,09-189-00957,199858,2695,0.0134845740475737,0.0019263677210819,0.1428571428571428,385.00000000000006
2021_08,2021,8,09-202-01010,278489,244,0.0008761566884149,0.0001251652412021,0.1428571428571428,34.85714285714285
2021_08,2021,8,09-172-00879,551167,16671,0.0302467310270752,0.004567710745693,0.1510150218086154,2517.5714285714275
2021_08,2021,8,09-167-00863,887820,0,0.0,0.0,,0.0
2021_08,2021,8,09-188-00953,227384,28767,0.1265128593040847,0.0393418810721699,0.3109714007617855,8945.714285714284
2021_08,2021,8,09-186-00942,263107,18029,0.068523452435701,0.0166417899507478,0.2428626894764783,4378.571428571427
2021_08,2021,8,09-133-00710,201231,0,0.0,0.0,,0.0
2021_08,2021,8,09-142-00751,243375,0,0.0,0.0,,0.0
2021_08,2021,8,09-194-00986,264230,105,0.0003973810695227,5.676872421753775e-05,0.1428571428571428,15.0
2021_08,2021,8,09-165-00855,391542,222,0.0005669889820249,8.099842600355955e-05,0.1428571428571428,31.71428571428571
2021_08,2021,8,09-175-00895,367474,0,0.0,0.0,,0.0
2021_08,2021,8,09-169-00868,543161,0,0.0,0.0,,0.0
2021_08,2021,8,09-173-00881,477275,2064,0.0043245508354722,0.0006228813876396,0.1440337763012181,297.28571428571433
2021_08,2021,8,09-153-00801,671058,0,0.0,0.0,,0.0
2021_08,2021,8,09-191-00969,290817,364,0.0012516462242578,0.0001788066034654,0.1428571428571428,52.0
2021_08,2021,8,09-196-00992,295253,1936,0.0065570883276376,0.0009517261467283,0.1451446280991735,280.99999999999994
2021_08,2021,8,09-194-00981,314504,785,0.0024959936916541,0.0003570247573503,0.1430391264786168,112.28571428571428
2021_08,2021,8,09-142-00745,138357,0,0.0,0.0,,0.0
2021_08,2021,8,09-193-00976,178340,18441,0.1034036110799596,0.0243731876511959,0.2357092503505387,4346.714285714286
2021_08,2021,8,09-163-00847,238667,8188,0.0343072146547281,0.0049010306649611,0.1428571428571428,1169.7142857142856
2021_08,2021,8,09-174-00885,264114,5221,0.0197679789787743,0.0028239969969677,0.1428571428571428,745.8571428571427
2021_08,2021,8,09-176-00899,186307,97,0.0005206460304765,7.437800435379698e-05,0.1428571428571428,13.857142857142856
2021_08,2021,8,09-155-00810,470255,1035,0.0022009335360602,0.0003338614156149,0.1516908212560386,156.99999999999997
2021_08,2021,8,09-142-00747,311571,0,0.0,0.0,,0.0
2021_08,2021,8,09-177-00904,195264,1080,0.0055309734513274,0.0007901390644753,0.1428571428571428,154.28571428571428
2021_08,2021,8,09-175-00888,297872,24463,0.0821258795724338,0.0184897252127471,0.2251388394134582,5507.571428571426
2021_08,2021,8,09-179-00915,343161,9,2.6226756537019065e-05,3.7466795052884377e-06,0.1428571428571428,1.2857142857142854
2021_08,2021,8,09-166-00858,393596,0,0.0,0.0,,0.0
2021_08,2021,8,09-167-00861,530899,0,0.0,0.0,,0.0
2021_08,2021,8,09-189-00958,296625,14837,0.0500193847450484,0.0087561254590331,0.1750546413888059,2597.2857142857147
2021_08,2021,8,09-178-00907,215692,2021,0.0093698421823711,0.0013385488831958,0.1428571428571428,288.71428571428584
2021_08,2021,8,09-183-00930,479320,2876,0.0060001669031127,0.0008571667004446,0.1428571428571428,410.8571428571428
2021_08,2021,8,09-706-00824,300683,59,0.0001962199392715,2.803141989594167e-05,0.1428571428571428,8.428571428571429
2021_08,2021,8,09-160-00835,329400,0,0.0,0.0,,0.0
2021_08,2021,8,09-182-00926,694511,33314,0.0479675627887823,0.0080901732092282,0.1686592509369719,5618.714285714287
2021_08,2021,8,09-158-00828,191411,324,0.0016926926874631,0.0002418132410661,0.1428571428571428,46.28571428571428
2021_08,2021,8,09-156-00816,450282,17,3.775411853016554e-05,5.3934455043093625e-06,0.1428571428571428,2.4285714285714284
2021_08,2021,8,09-165-00854,414211,0,0.0,0.0,,0.0
2021_08,2021,8,09-182-00927,332992,31421,0.0943596242552373,0.0206465706597841,0.2188072581121815,6875.142857142858
2021_08,2021,8,09-151-00792,799198,0,0.0,0.0,,0.0
2021_08,2021,8,09-146-00766,245147,0,0.0,0.0,,0.0
2021_08,2021,8,09-159-00831,159959,25963,0.1623103420251439,0.0276410115806461,0.1702972912001144,4421.42857142857
2021_08,2021,8,09-146-00765,212505,0,0.0,0.0,,0.0
2021_08,2021,8,09-139-00736,185647,0,0.0,0.0,,0.0
2021_08,2021,8,09-146-00770,399729,781,0.0019538237155672,0.0002791176736524,0.1428571428571428,111.57142857142856
2021_08,2021,8,09-139-00735,336441,0,0.0,0.0,,0.0
2021_08,2021,8,09-132-00701,475536,0,0.0,0.0,,0.0
2021_08,2021,8,09-161-00839,320874,0,0.0,0.0,,0.0
2021_08,2021,8,09-181-00923,604889,0,0.0,0.0,,0.0
2021_08,2021,8,09-135-00718,30548,0,0.0,0.0,,0.0
2021_08,2021,8,09-159-00830,426482,12918,0.0302896722487701,0.0048580177893959,0.1603852874173356,2071.8571428571427
2021_08,2021,8,09-146-00768,361215,0,0.0,0.0,,0.0
2021_08,2021,8,09-146-00767,325049,0,0.0,0.0,,0.0
2021_08,2021,8,09-161-00837,75946,0,0.0,0.0,,0.0
2021_08,2021,8,09-144-00757,123732,0,0.0,0.0,,0.0
2021_08,2021,8,09-136-00727,196786,0,0.0,0.0,,0.0
2021_08,2021,8,09-152-00795,465633,0,0.0,0.0,,0.0
2021_08,2021,8,09-704-00707,281095,0,0.0,0.0,,0.0
2021_08,2021,8,09-144-00758,256852,0,0.0,0.0,,0.0
2021_08,2021,8,09-147-00774,340107,0,0.0,0.0,,0.0
2021_08,2021,8,09-136-00723,187020,0,0.0,0.0,,0.0
2021_08,2021,8,09-143-00754,410192,0,0.0,0.0,,0.0
2021_08,2021,8,09-151-00791,432129,0,0.0,0.0,,0.0
2021_08,2021,8,09-143-00753,226024,0,0.0,0.0,,0.0
2021_08,2021,8,09-143-00756,249299,0,0.0,0.0,,0.0
2021_08,2021,8,09-143-00752,318265,0,0.0,0.0,,0.0
2021_08,2021,8,09-143-00755,483242,0,0.0,0.0,,0.0
2021_08,2021,8,09-151-00790,488682,18,3.68337691996022e-05,5.261967028514599e-06,0.1428571428571428,2.571428571428571
2021_08,2021,8,09-154-00806,438084,2641,0.0060285242099688,0.0008612177442812,0.1428571428571428,377.2857142857144
2021_08,2021,8,09-154-00805,437183,0,0.0,0.0,,0.0
2021_08,2021,8,09-154-00807,364754,1201,0.0032926301013833,0.000470375728769,0.1428571428571428,171.57142857142856
2021_08,2021,8,09-154-00803,630238,2,3.173404332966276e-06,4.533434761380395e-07,0.1428571428571428,0.2857142857142857
2021_08,2021,8,09-154-00808,344653,3,8.704407041285003e-06,1.2434867201835717e-06,0.1428571428571428,0.4285714285714285
2021_08,2021,8,09-154-00804,384169,1,2.603021066249489e-06,3.718601523213556e-07,0.1428571428571428,0.1428571428571428
2021_08,2021,8,09-139-00737,85364,0,0.0,0.0,,0.0
2021_08,2021,8,09-137-00718,136360,0,0.0,0.0,,0.0
2021_08,2021,8,09-202-01011,205123,0,0.0,0.0,,0.0
2021_08,2021,8,09-178-00911,138083,124,0.0008980106168029,0.0001282872309718,0.1428571428571428,17.71428571428571
2021_08,2021,8,09-173-00884,190238,0,0.0,0.0,,0.0
2021_09,2021,9,09-168-00865,329413,0,0.0,0.0,,0.0
2021_09,2021,9,09-200-01005,1474789,0,0.0,0.0,,0.0
2021_09,2021,9,09-177-00902,260579,1076,0.0041292659807582,0.000688210996793,0.1666666666666666,179.33333333333334
2021_09,2021,9,09-185-00940,106837,1330,0.0124488707095856,0.0029156565609292,0.2342105263157894,311.5
2021_09,2021,9,09-190-00960,177168,35371,0.1996466630542761,0.0776184186760588,0.3887789432020581,13751.499999999998
2021_09,2021,9,09-156-00814,462391,5347,0.0115638063889651,0.0019273010648275,0.1666666666666666,891.1666666666666
2021_09,2021,9,09-191-00965,410177,35765,0.0871940650012068,0.0251521497629884,0.2884617176942075,10316.83333333333
2021_09,2021,9,09-149-00781,328046,0,0.0,0.0,,0.0
2021_09,2021,9,09-188-00949,155805,66013,0.4236898687461891,0.2386016708920339,0.5631517024424483,37175.33333333334
2021_09,2021,9,09-195-00988,251880,0,0.0,0.0,,0.0
2021_09,2021,9,09-190-00962,217454,15420,0.0709115491092369,0.0163475187089376,0.2305339386078685,3554.833333333332
2021_09,2021,9,09-158-00829,298492,0,0.0,0.0,,0.0
2021_09,2021,9,09-754-00721,406625,8,1.9674146941284967e-05,3.2790244902141617e-06,0.1666666666666666,1.3333333333333337
2021_09,2021,9,09-155-00813,650968,6,9.217042926841255e-06,1.5361738211402096e-06,0.1666666666666666,1.0
2021_09,2021,9,09-138-00732,272541,0,0.0,0.0,,0.0
2021_09,2021,9,09-168-00866,394948,0,0.0,0.0,,0.0
2021_09,2021,9,09-155-00809,439582,0,0.0,0.0,,0.0
2021_09,2021,9,09-142-00750,250168,0,0.0,0.0,,0.0
2021_09,2021,9,09-184-00932,234600,16168,0.0689173060528559,0.0223032111395282,0.3236227939963714,5232.333333333331
2021_09,2021,9,09-197-00996,373044,0,0.0,0.0,,0.0
2021_09,2021,9,09-195-00991,317767,5274,0.0165970664040004,0.002766177734,0.1666666666666666,879.0
2021_09,2021,9,09-187-00945,313718,6549,0.0208754359010321,0.0043685730496815,0.2092685906245228,1370.4999999999998
2021_09,2021,9,09-135-00720,254144,21,8.263031981868546e-05,1.3771719969780907e-05,0.1666666666666666,3.4999999999999996
2021_09,2021,9,09-136-00725,222934,0,0.0,0.0,,0.0
2021_09,2021,9,09-161-00840,228773,0,0.0,0.0,,0.0
2021_09,2021,9,09-132-00704,257380,0,0.0,0.0,,0.0
2021_09,2021,9,09-161-00838,292983,0,0.0,0.0,,0.0
2021_09,2021,9,09-159-00832,400347,4087,0.0102086440013288,0.0017014406668881,0.1666666666666666,681.1666666666665
2021_09,2021,9,09-146-00769,281161,0,0.0,0.0,,0.0
2021_09,2021,9,09-147-00772,204623,0,0.0,0.0,,0.0
2021_09,2021,9,09-705-00741,213900,0,0.0,0.0,,0.0
2021_09,2021,9,09-140-00739,209876,0,0.0,0.0,,0.0
2021_09,2021,9,09-705-00740,297471,0,0.0,0.0,,0.0
2021_09,2021,9,09-144-00759,215757,0,0.0,0.0,,0.0
2021_09,2021,9,09-181-00924,271108,2,7.377133835962052e-06,1.2295223059936753e-06,0.1666666666666666,0.3333333333333333
2021_09,2021,9,09-152-00796,427590,123,0.0002876587385111,4.794312308519844e-05,0.1666666666666666,20.5
2021_09,2021,9,09-147-00773,372557,0,0.0,0.0,,0.0
2021_09,2021,9,09-161-00836,127717,0,0.0,0.0,,0.0
2021_09,2021,9,09-704-00706,301739,0,0.0,0.0,,0.0
2021_09,2021,9,09-146-00763,204,0,0.0,0.0,,0.0
2021_09,2021,9,09-136-00728,183511,0,0.0,0.0,,0.0
2021_09,2021,9,09-140-00738,207515,0,0.0,0.0,,0.0
2021_09,2021,9,09-135-00719,354336,37,0.0001044206628736,1.7403443812276107e-05,0.1666666666666666,6.166666666666666
2021_09,2021,9,09-132-00703,401527,0,0.0,0.0,,0.0
2021_09,2021,9,09-152-00793,580285,0,0.0,0.0,,0.0
2021_09,2021,9,09-136-00726,150547,22,0.000146133765535,2.435562758916927e-05,0.1666666666666666,3.666666666666666
2021_09,2021,9,09-132-00705,219439,0,0.0,0.0,,0.0
2021_09,2021,9,09-144-00760,211102,0,0.0,0.0,,0.0
2021_09,2021,9,09-132-00702,366805,0,0.0,0.0,,0.0
2021_09,2021,9,09-136-00724,143308,0,0.0,0.0,,0.0
2021_09,2021,9,09-135-00717,254438,0,0.0,0.0,,0.0
2021_09,2021,9,09-152-00794,488045,0,0.0,0.0,,0.0
2021_09,2021,9,09-147-00771,175151,0,0.0,0.0,,0.0
2021_09,2021,9,09-185-00939,386079,14002,0.0362671888395898,0.0104706549695787,0.2887087558920154,4042.500000000002
2021_09,2021,9,09-198-00997,156799,0,0.0,0.0,,0.0
2021_09,2021,9,09-185-00937,194814,4604,0.023632798464176,0.0069964170952806,0.2960469157254561,1363.0
2021_09,2021,9,09-190-00963,160556,595,0.0037058720944717,0.0006259498243603,0.1689075630252101,100.5
2021_09,2021,9,09-163-00846,294793,0,0.0,0.0,,0.0
2021_09,2021,9,09-148-00777,534222,0,0.0,0.0,,0.0
2021_09,2021,9,09-162-00841,500362,11967,0.0239166843205519,0.0039861140534253,0.1666666666666666,1994.5
2021_09,2021,9,09-156-00818,279219,0,0.0,0.0,,0.0
2021_09,2021,9,09-134-00713,386244,0,0.0,0.0,,0.0
2021_09,2021,9,09-177-00906,250854,0,0.0,0.0,,0.0
2021_09,2021,9,09-155-00812,429043,2035,0.004743114326536,0.0007905190544226,0.1666666666666666,339.16666666666686
2021_09,2021,9,09-164-00848,370811,9302,0.0250855557143666,0.0041809259523944,0.1666666666666666,1550.3333333333337
2021_09,2021,9,09-149-00780,163959,0,0.0,0.0,,0.0
2021_09,2021,9,09-172-00877,578515,178,0.0003076843297062,5.12807216177051e-05,0.1666666666666666,29.666666666666668
2021_09,2021,9,09-149-00779,424312,7,1.6497294443711232e-05,2.7495490739518716e-06,0.1666666666666666,1.1666666666666663
2021_09,2021,9,09-133-00709,239561,0,0.0,0.0,,0.0
2021_09,2021,9,09-142-00746,268384,0,0.0,0.0,,0.0
2021_09,2021,9,09-191-00964,196858,0,0.0,0.0,,0.0
2021_09,2021,9,09-188-00948,162682,30137,0.1852509804403683,0.0836632202702204,0.4516209310813949,13610.5
2021_09,2021,9,09-174-00887,222864,0,0.0,0.0,,0.0
2021_09,2021,9,09-196-00994,546376,0,0.0,0.0,,0.0
2021_09,2021,9,09-196-00993,289783,0,0.0,0.0,,0.0
2021_09,2021,9,09-754-00722,288905,48,0.0001661445803984,2.7690763399733477e-05,0.1666666666666666,8.0
2021_09,2021,9,09-134-00716,369671,0,0.0,0.0,,0.0
2021_09,2021,9,09-169-00869,361592,0,0.0,0.0,,0.0
2021_09,2021,9,09-188-00951,166741,35407,0.2123472931072741,0.0924657602709191,0.4354459099424784,15417.833333333334
2021_09,2021,9,09-145-00761,479404,0,0.0,0.0,,0.0
2021_09,2021,9,09-160-00833,392874,31,7.890570513701593e-05,1.3150950856169322e-05,0.1666666666666667,5.166666666666666
2021_09,2021,9,09-199-01003,461086,0,0.0,0.0,,0.0
2021_09,2021,9,09-183-00929,463344,0,0.0,0.0,,0.0
2021_09,2021,9,09-141-00742,220757,0,0.0,0.0,,0.0
2021_09,2021,9,09-158-00827,191397,0,0.0,0.0,,0.0
2021_09,2021,9,09-149-00783,492792,219,0.0004444065650416,7.406776084027339e-05,0.1666666666666666,36.5
2021_09,2021,9,09-190-00959,415288,322,0.0007753655294638,0.0001308328998991,0.1687370600414078,54.33333333333334
2021_09,2021,9,09-163-00844,203413,65,0.000319546931612,5.325782193534009e-05,0.1666666666666666,10.833333333333334
2021_09,2021,9,09-134-00715,382484,0,0.0,0.0,,0.0
2021_09,2021,9,09-134-00715,382484,0,0.0,0.0,,0.0
2021_09,2021,9,09-137-00729,307474,0,0.0,0.0,,0.0
2021_09,2021,9,09-153-00802,512014,265,0.0005175639728601,8.626066214335285e-05,0.1666666666666666,44.166666666666664
2021_09,2021,9,09-142-00749,242401,0,0.0,0.0,,0.0
2021_09,2021,9,09-184-00936,228406,35466,0.1552761310998835,0.071029219897901,0.4574381097389048,16223.499999999998
2021_09,2021,9,09-200-01006,1184003,0,0.0,0.0,,0.0
2021_09,2021,9,09-201-01008,564254,0,0.0,0.0,,0.0
2021_09,2021,9,09-177-00905,219626,189,0.0008605538506369,0.0001502554342382,0.1746031746031746,32.99999999999999
2021_09,2021,9,09-150-00789,293976,0,0.0,0.0,,0.0
2021_09,2021,9,09-176-00896,331038,0,0.0,0.0,,0.0
2021_09,2021,9,09-172-00878,731611,0,0.0,0.0,,0.0
2021_09,2021,9,09-166-00857,468438,0,0.0,0.0,,0.0
2021_09,2021,9,09-706-00913,263012,0,0.0,0.0,,0.0
2021_09,2021,9,09-141-00743,238619,0,0.0,0.0,,0.0
2021_09,2021,9,09-195-00989,302426,1894,0.0062626890545125,0.0010437815090854,0.1666666666666666,315.6666666666667
2021_09,2021,9,09-186-00943,260659,14198,0.0544696327385588,0.0162568720051868,0.2984575292294689,4237.499999999999
2021_09,2021,9,09-200-01004,379547,0,0.0,0.0,,0.0
2021_09,2021,9,09-164-00850,495630,0,0.0,0.0,,0.0
2021_09,2021,9,09-198-00998,178466,0,0.0,0.0,,0.0
2021_09,2021,9,09-175-00893,333942,0,0.0,0.0,,0.0
2021_09,2021,9,09-176-00901,340198,0,0.0,0.0,,0.0
2021_09,2021,9,09-168-00864,478043,0,0.0,0.0,,0.0
2021_09,2021,9,09-155-00811,716885,39,5.440203100915768e-05,9.067005168192946e-06,0.1666666666666667,6.5
2021_09,2021,9,09-185-00938,565747,8531,0.0150791785020512,0.0037982231162221,0.2518852811315594,2148.8333333333335
2021_09,2021,9,09-156-00815,503635,9706,0.0192718933354512,0.0032119822225752,0.1666666666666666,1617.6666666666663
2021_09,2021,9,09-137-00731,389674,6,1.539748610376879e-05,2.5662476839614658e-06,0.1666666666666666,1.0
2021_09,2021,9,09-189-00956,345746,1564,0.0045235519716786,0.0007539253286131,0.1666666666666666,260.6666666666666
2021_09,2021,9,09-184-00935,264747,26770,0.1011154045182759,0.0357341159673197,0.3533993276055286,9460.5
2021_09,2021,9,09-179-00916,233484,0,0.0,0.0,,0.0
2021_09,2021,9,09-195-00987,245762,0,0.0,0.0,,0.0
2021_09,2021,9,09-178-00909,227386,0,0.0,0.0,,0.0
2021_09,2021,9,09-165-00852,305100,0,0.0,0.0,,0.0
2021_09,2021,9,09-201-01009,238336,0,0.0,0.0,,0.0
2021_09,2021,9,09-133-00711,340025,0,0.0,0.0,,0.0
2021_09,2021,9,09-194-00984,316740,0,0.0,0.0,,0.0
2021_09,2021,9,09-141-00744,185943,0,0.0,0.0,,0.0
2021_09,2021,9,09-166-00860,527344,0,0.0,0.0,,0.0
2021_09,2021,9,09-179-00918,276522,0,0.0,0.0,,0.0
2021_09,2021,9,09-180-00922,452765,512,0.0011308294589908,0.0001884715764984,0.1666666666666666,85.33333333333333
2021_09,2021,9,09-165-00853,559929,0,0.0,0.0,,0.0
2021_09,2021,9,09-199-01001,596718,0,0.0,0.0,,0.0
2021_09,2021,9,09-173-00880,152240,0,0.0,0.0,,0.0
2021_09,2021,9,09-158-00826,319635,0,0.0,0.0,,0.0
2021_09,2021,9,09-167-00862,811300,0,0.0,0.0,,0.0
2021_09,2021,9,09-179-00917,245396,0,0.0,0.0,,0.0
2021_09,2021,9,09-157-00821,421688,1391,0.0032986473411621,0.0005497745568603,0.1666666666666666,231.83333333333337
2021_09,2021,9,09-194-00983,361483,0,0.0,0.0,,0.0
2021_09,2021,9,09-165-00851,370466,0,0.0,0.0,,0.0
2021_09,2021,9,09-192-00972,210693,36062,0.1711589848737262,0.0523447227324432,0.3058251529772798,11028.666666666664
2021_09,2021,9,09-145-00763,214986,0,0.0,0.0,,0.0
2021_09,2021,9,09-158-00823,323632,0,0.0,0.0,,0.0
2021_09,2021,9,09-187-00947,492064,8981,0.0182516908369642,0.0068940896577139,0.3777233418698734,3392.333333333333
2021_09,2021,9,09-180-00920,407001,5089,0.0125036547821749,0.0020839424636958,0.1666666666666666,848.1666666666666
2021_09,2021,9,09-169-00870,547910,0,0.0,0.0,,0.0
2021_09,2021,9,09-148-00775,454824,0,0.0,0.0,,0.0
2021_09,2021,9,09-157-00819,214525,4,1.864584547255565e-05,3.1076409120926077e-06,0.1666666666666666,0.6666666666666666
2021_09,2021,9,09-174-00886,309590,0,0.0,0.0,,0.0
2021_09,2021,9,09-183-00931,325656,1700,0.0052202323924632,0.0013055698856052,0.2500980392156862,425.16666666666663
2021_09,2021,9,09-194-00985,337075,17,5.043387970036342e-05,8.405646616727236e-06,0.1666666666666666,2.833333333333333
2021_09,2021,9,09-199-01002,383497,0,0.0,0.0,,0.0
2021_09,2021,9,09-145-00762,331571,0,0.0,0.0,,0.0
2021_09,2021,9,09-145-00764,488110,0,0.0,0.0,,0.0
2021_09,2021,9,09-171-00876,364207,0,0.0,0.0,,0.0
2021_09,2021,9,09-192-00973,231936,0,0.0,0.0,,0.0
2021_09,2021,9,09-168-00867,534892,0,0.0,0.0,,0.0
2021_09,2021,9,09-166-00859,493707,0,0.0,0.0,,0.0
2021_09,2021,9,09-138-00733,485945,0,0.0,0.0,,0.0
2021_09,2021,9,09-138-00734,432203,0,0.0,0.0,,0.0
2021_09,2021,9,09-186-00941,214723,38559,0.1795755461687849,0.0964001682788212,0.5368223588094435,20699.333333333332
2021_09,2021,9,09-191-00970,181503,0,0.0,0.0,,0.0
2021_09,2021,9,09-175-00894,374485,0,0.0,0.0,,0.0
2021_09,2021,9,09-177-00903,281962,0,0.0,0.0,,0.0
2021_09,2021,9,09-150-00785,239726,0,0.0,0.0,,0.0
2021_09,2021,9,09-199-01000,515914,0,0.0,0.0,,0.0
2021_09,2021,9,09-157-00822,314022,0,0.0,0.0,,0.0
2021_09,2021,9,09-134-00715,244927,0,0.0,0.0,,0.0
2021_09,2021,9,09-134-00715,244927,0,0.0,0.0,,0.0
2021_09,2021,9,09-178-00910,261862,0,0.0,0.0,,0.0
2021_09,2021,9,09-163-00845,376560,6015,0.0159735500318674,0.0026622583386445,0.1666666666666666,1002.5
2021_09,2021,9,09-178-00908,201134,1973,0.0098093808108027,0.0018271401155448,0.1862645717181956,367.5
2021_09,2021,9,09-201-01007,294612,0,0.0,0.0,,0.0
2021_09,2021,9,09-153-00800,602599,0,0.0,0.0,,0.0
2021_09,2021,9,09-166-00856,352698,0,0.0,0.0,,0.0
2021_09,2021,9,09-192-00974,175773,9,5.1202403099452135e-05,8.53373384990869e-06,0.1666666666666666,1.5
2021_09,2021,9,09-195-00990,388183,9891,0.0254802502943199,0.0045970586038028,0.1804165402891517,1784.500000000001
2021_09,2021,9,09-706-00912,254493,0,0.0,0.0,,0.0
2021_09,2021,9,09-179-06868,99300,8,8.056394763343404e-05,1.342732460557234e-05,0.1666666666666666,1.3333333333333333
2021_09,2021,9,09-133-00708,481254,0,0.0,0.0,,0.0
2021_09,2021,9,09-134-00714,322143,0,0.0,0.0,,0.0
2021_09,2021,9,09-134-00712,415034,0,0.0,0.0,,0.0
2021_09,2021,9,09-180-00919,1011741,2850,0.0028169264663584,0.000469487744393,0.1666666666666666,475.0
2021_09,2021,9,09-170-00874,342800,0,0.0,0.0,,0.0
2021_09,2021,9,09-184-00933,291221,62842,0.2157880097932498,0.0913996586784606,0.4235622672734795,26617.499999999993
2021_09,2021,9,09-187-00944,298977,17186,0.0574826826143817,0.013936412053993,0.2424454012956282,4166.666666666665
2021_09,2021,9,09-150-00788,262215,0,0.0,0.0,,0.0
2021_09,2021,9,09-175-00890,135635,0,0.0,0.0,,0.0
2021_09,2021,9,09-706-00914,268793,0,0.0,0.0,,0.0
2021_09,2021,9,09-137-00730,292765,0,0.0,0.0,,0.0
2021_09,2021,9,09-142-00748,150890,0,0.0,0.0,,0.0
2021_09,2021,9,09-150-00786,368451,0,0.0,0.0,,0.0
2021_09,2021,9,09-170-00873,339219,0,0.0,0.0,,0.0
2021_09,2021,9,09-198-00999,115901,0,0.0,0.0,,0.0
2021_09,2021,9,09-162-00842,406694,0,0.0,0.0,,0.0
2021_09,2021,9,09-191-00966,269074,0,0.0,0.0,,0.0
2021_09,2021,9,09-170-00872,579285,0,0.0,0.0,,0.0
2021_09,2021,9,09-149-00782,527449,0,0.0,0.0,,0.0
2021_09,2021,9,09-194-00982,205060,0,0.0,0.0,,0.0
2021_09,2021,9,09-150-00784,384386,0,0.0,0.0,,0.0
2021_09,2021,9,09-180-00921,372294,0,0.0,0.0,,0.0
2021_09,2021,9,09-176-00898,413974,0,0.0,0.0,,0.0
2021_09,2021,9,09-153-00797,394078,0,0.0,0.0,,0.0
2021_09,2021,9,09-191-00967,226329,0,0.0,0.0,,0.0
2021_09,2021,9,09-189-01020,452164,5520,0.0122079599437372,0.0026100411944928,0.2137983091787439,1180.1666666666667
2021_09,2021,9,09-193-00980,148532,21309,0.1434640346861282,0.0284607581755671,0.1983825300733649,4227.333333333334
2021_09,2021,9,09-157-00820,188559,0,0.0,0.0,,0.0
2021_09,2021,9,09-193-00978,359703,30130,0.0837635493726769,0.0202560631039125,0.2418243168492089,7286.166666666668
2021_09,2021,9,09-182-00925,485482,20010,0.0412167701377188,0.0121995597502413,0.2959853406630018,5922.666666666668
2021_09,2021,9,09-170-00871,719959,0,0.0,0.0,,0.0
2021_09,2021,9,09-193-00979,247294,41195,0.1665830954248789,0.0415733229812827,0.2495650766678804,10280.83333333333
2021_09,2021,9,09-188-00952,177713,54556,0.3069893592477759,0.2139329518193191,0.6968741598846445,38018.66666666666
2021_09,2021,9,09-184-00934,289370,40033,0.1383453709783322,0.0571408001290158,0.4130300835144339,16534.83333333333
2021_09,2021,9,09-175-00891,330339,0,0.0,0.0,,0.0
2021_09,2021,9,09-150-00787,332909,0,0.0,0.0,,0.0
2021_09,2021,9,09-190-00961,167415,21453,0.1281426395484275,0.0372895698314567,0.2910004816731148,6242.833333333333
2021_09,2021,9,09-193-00975,163355,17115,0.104771815983594,0.0372654647852835,0.3556821501606777,6087.499999999999
2021_09,2021,9,09-192-00971,157492,9802,0.0622380819343204,0.0144610519899423,0.2323505407059783,2277.5
2021_09,2021,9,09-188-00954,227200,51535,0.2268265845070422,0.1026782570422535,0.4526729407198991,23328.5
2021_09,2021,9,09-153-00799,600756,0,0.0,0.0,,0.0
2021_09,2021,9,09-183-00928,527456,0,0.0,0.0,,0.0
2021_09,2021,9,09-188-00950,378900,104177,0.2749458960147796,0.1338756927949327,0.4869164978834099,50725.49999999999
2021_09,2021,9,09-754-00778,413294,0,0.0,0.0,,0.0
2021_09,2021,9,09-160-00834,219908,426,0.001937173727195,0.0003228622878658,0.1666666666666666,71.0
2021_09,2021,9,09-164-00849,478213,7693,0.0160869737961954,0.0026811622993659,0.1666666666666666,1282.1666666666663
2021_09,2021,9,09-153-00798,720203,0,0.0,0.0,,0.0
2021_09,2021,9,09-202-01012,405423,2645,0.0065240501895551,0.0010873416982591,0.1666666666666666,440.83333333333337
2021_09,2021,9,09-173-00883,338786,0,0.0,0.0,,0.0
2021_09,2021,9,09-187-00946,224671,18598,0.0827788188061654,0.0304059417251596,0.3673154819514643,6831.333333333333
2021_09,2021,9,09-191-00968,309591,36,0.0001162824500712,1.9380408345203833e-05,0.1666666666666666,6.0
2021_09,2021,9,09-175-00889,330664,0,0.0,0.0,,0.0
2021_09,2021,9,09-197-00995,308644,0,0.0,0.0,,0.0
2021_09,2021,9,09-173-00882,498630,0,0.0,0.0,,0.0
2021_09,2021,9,09-156-00817,356910,53,0.0001484968199265,2.4749469987765357e-05,0.1666666666666666,8.833333333333334
2021_09,2021,9,09-158-00825,434797,0,0.0,0.0,,0.0
2021_09,2021,9,09-176-00897,199909,1153,0.0057676242690424,0.000961270711507,0.1666666666666666,192.16666666666669
2021_09,2021,9,09-176-00900,260918,1646,0.006308495389356,0.001051415898226,0.1666666666666666,274.3333333333333
2021_09,2021,9,09-193-00977,237715,0,0.0,0.0,,0.0
2021_09,2021,9,09-163-00843,302821,20258,0.0668976061765861,0.011149601029431,0.1666666666666666,3376.333333333333
2021_09,2021,9,09-175-00892,261816,0,0.0,0.0,,0.0
2021_09,2021,9,09-148-00776,246935,0,0.0,0.0,,0.0
2021_09,2021,9,09-171-00875,1053260,0,0.0,0.0,,0.0
2021_09,2021,9,09-189-00957,199858,0,0.0,0.0,,0.0
2021_09,2021,9,09-202-01010,278489,0,0.0,0.0,,0.0
2021_09,2021,9,09-172-00879,551167,0,0.0,0.0,,0.0
2021_09,2021,9,09-167-00863,887820,0,0.0,0.0,,0.0
2021_09,2021,9,09-188-00953,227384,34574,0.1520511557541427,0.0829375271200553,0.5454580513295155,18858.666666666668
2021_09,2021,9,09-186-00942,263107,17824,0.067744301747958,0.02702069246859,0.3988629563135846,7109.333333333331
2021_09,2021,9,09-133-00710,201231,0,0.0,0.0,,0.0
2021_09,2021,9,09-142-00751,243375,0,0.0,0.0,,0.0
2021_09,2021,9,09-194-00986,264230,0,0.0,0.0,,0.0
2021_09,2021,9,09-165-00855,391542,0,0.0,0.0,,0.0
2021_09,2021,9,09-175-00895,367474,0,0.0,0.0,,0.0
2021_09,2021,9,09-169-00868,543161,0,0.0,0.0,,0.0
2021_09,2021,9,09-173-00881,477275,0,0.0,0.0,,0.0
2021_09,2021,9,09-153-00801,671058,0,0.0,0.0,,0.0
2021_09,2021,9,09-191-00969,290817,4,1.375435411272381e-05,2.292392352120635e-06,0.1666666666666666,0.6666666666666666
2021_09,2021,9,09-196-00992,295253,0,0.0,0.0,,0.0
2021_09,2021,9,09-194-00981,314504,0,0.0,0.0,,0.0
2021_09,2021,9,09-142-00745,138357,0,0.0,0.0,,0.0
2021_09,2021,9,09-193-00976,178340,14128,0.0792194684310866,0.0203936301446674,0.2574320498301246,3636.999999999999
2021_09,2021,9,09-163-00847,238667,0,0.0,0.0,,0.0
2021_09,2021,9,09-174-00885,264114,0,0.0,0.0,,0.0
2021_09,2021,9,09-176-00899,186307,0,0.0,0.0,,0.0
2021_09,2021,9,09-155-00810,470255,183,0.0003891505672454,6.485842787423845e-05,0.1666666666666666,30.5
2021_09,2021,9,09-142-00747,311571,5,1.6047706622246614e-05,2.6746177703744356e-06,0.1666666666666666,0.8333333333333333
2021_09,2021,9,09-177-00904,195264,2817,0.014426622418879,0.0025503933136676,0.1767838125665601,497.9999999999999
2021_09,2021,9,09-175-00888,297872,0,0.0,0.0,,0.0
2021_09,2021,9,09-179-00915,343161,0,0.0,0.0,,0.0
2021_09,2021,9,09-166-00858,393596,0,0.0,0.0,,0.0
2021_09,2021,9,09-167-00861,530899,0,0.0,0.0,,0.0
2021_09,2021,9,09-189-00958,296625,7916,0.0266868942267172,0.0048214636887203,0.1806678457133232,1430.166666666667
2021_09,2021,9,09-178-00907,215692,16,7.41798490440072e-05,1.23633081740012e-05,0.1666666666666666,2.666666666666667
2021_09,2021,9,09-183-00930,479320,12596,0.0262788951013936,0.0053134301371387,0.2021938181433259,2546.833333333333
2021_09,2021,9,09-706-00824,300683,0,0.0,0.0,,0.0
2021_09,2021,9,09-160-00835,329400,3680,0.0111718275652701,0.0018619712608783,0.1666666666666666,613.3333333333333
2021_09,2021,9,09-182-00926,694511,29758,0.0428474135038897,0.0138807496689517,0.3239577032506665,9640.333333333338
2021_09,2021,9,09-158-00828,191411,0,0.0,0.0,,0.0
2021_09,2021,9,09-156-00816,450282,7962,0.0176822524551281,0.0029470420758546,0.1666666666666666,1327.0
2021_09,2021,9,09-165-00854,414211,0,0.0,0.0,,0.0
2021_09,2021,9,09-182-00927,332992,25467,0.076479314818374,0.0287819727400858,0.3763366971636496,9584.166666666664
2021_09,2021,9,09-151-00792,799198,0,0.0,0.0,,0.0
2021_09,2021,9,09-146-00766,245147,0,0.0,0.0,,0.0
2021_09,2021,9,09-159-00831,159959,11003,0.0687863765089804,0.01146439608483,0.1666666666666666,1833.833333333333
2021_09,2021,9,09-146-00765,212505,0,0.0,0.0,,0.0
2021_09,2021,9,09-139-00736,185647,0,0.0,0.0,,0.0
2021_09,2021,9,09-146-00770,399729,0,0.0,0.0,,0.0
2021_09,2021,9,09-139-00735,336441,0,0.0,0.0,,0.0
2021_09,2021,9,09-132-00701,475536,0,0.0,0.0,,0.0
2021_09,2021,9,09-161-00839,320874,0,0.0,0.0,,0.0
2021_09,2021,9,09-181-00923,604889,1422,0.002350844535113,0.0003918074225188,0.1666666666666666,236.99999999999997
2021_09,2021,9,09-135-00718,30548,0,0.0,0.0,,0.0
2021_09,2021,9,09-159-00830,426482,1668,0.0039110677590144,0.0006518446265024,0.1666666666666666,278.0
2021_09,2021,9,09-146-00768,361215,0,0.0,0.0,,0.0
2021_09,2021,9,09-146-00767,325049,0,0.0,0.0,,0.0
2021_09,2021,9,09-161-00837,75946,0,0.0,0.0,,0.0
2021_09,2021,9,09-144-00757,123732,0,0.0,0.0,,0.0
2021_09,2021,9,09-136-00727,196786,51,0.0002591647779821,4.3194129663695586e-05,0.1666666666666666,8.5
2021_09,2021,9,09-152-00795,465633,0,0.0,0.0,,0.0
2021_09,2021,9,09-704-00707,281095,0,0.0,0.0,,0.0
2021_09,2021,9,09-144-00758,256852,0,0.0,0.0,,0.0
2021_09,2021,9,09-147-00774,340107,0,0.0,0.0,,0.0
2021_09,2021,9,09-136-00723,187020,0,0.0,0.0,,0.0
2021_09,2021,9,09-143-00754,410192,0,0.0,0.0,,0.0
2021_09,2021,9,09-151-00791,432129,0,0.0,0.0,,0.0
2021_09,2021,9,09-143-00753,226024,0,0.0,0.0,,0.0
2021_09,2021,9,09-143-00756,249299,0,0.0,0.0,,0.0
2021_09,2021,9,09-143-00752,318265,0,0.0,0.0,,0.0
2021_09,2021,9,09-143-00755,483242,0,0.0,0.0,,0.0
2021_09,2021,9,09-151-00790,488682,0,0.0,0.0,,0.0
2021_09,2021,9,09-154-00806,438084,1956,0.0044648971430136,0.0007441495238356,0.1666666666666666,326.0
2021_09,2021,9,09-154-00805,437183,0,0.0,0.0,,0.0
2021_09,2021,9,09-154-00807,364754,1939,0.0053159115458637,0.0008859852576439,0.1666666666666666,323.1666666666667
2021_09,2021,9,09-154-00803,630238,0,0.0,0.0,,0.0
2021_09,2021,9,09-154-00808,344653,0,0.0,0.0,,0.0
2021_09,2021,9,09-154-00804,384169,0,0.0,0.0,,0.0
2021_09,2021,9,09-139-00737,85364,0,0.0,0.0,,0.0
2021_09,2021,9,09-137-00718,136360,0,0.0,0.0,,0.0
2021_09,2021,9,09-202-01011,205123,11,5.362636076890451e-05,8.937726794817419e-06,0.1666666666666666,1.8333333333333333
2021_09,2021,9,09-178-00911,138083,0,0.0,0.0,,0.0
2021_09,2021,9,09-173-00884,190238,0,0.0,0.0,,0.0
2021_10,2021,10,09-168-00865,329413,0,0.0,0.0,,0.0
2021_10,2021,10,09-200-01005,1474789,0,0.0,0.0,,0.0
2021_10,2021,10,09-177-00902,260579,1567,0.0060135314050633,0.0021346693325248,0.354977664326739,556.25
2021_10,2021,10,09-185-00940,106837,0,0.0,0.0,,0.0
2021_10,2021,10,09-190-00960,177168,4141,0.023373295403233,0.0058433238508082,0.25,1035.25
2021_10,2021,10,09-156-00814,462391,6903,0.0149289237896066,0.0037322309474016,0.25,1725.75
2021_10,2021,10,09-191-00965,410177,30664,0.0747579703396338,0.0213834515343376,0.2860357422384555,8771.0
2021_10,2021,10,09-149-00781,328046,2250,0.0068587941934972,0.0017146985483743,0.25,562.5
2021_10,2021,10,09-188-00949,155805,2710,0.0173935367927858,0.0043483841981964,0.25,677.5
2021_10,2021,10,09-195-00988,251880,0,0.0,0.0,,0.0
2021_10,2021,10,09-190-00962,217454,4452,0.0204732955015773,0.0051183238753943,0.25,1113.0
2021_10,2021,10,09-158-00829,298492,0,0.0,0.0,,0.0
2021_10,2021,10,09-754-00721,406625,0,0.0,0.0,,0.0
2021_10,2021,10,09-155-00813,650968,0,0.0,0.0,,0.0
2021_10,2021,10,09-138-00732,272541,0,0.0,0.0,,0.0
2021_10,2021,10,09-168-00866,394948,0,0.0,0.0,,0.0
2021_10,2021,10,09-155-00809,439582,751,0.001708441200959,0.0006568740303288,0.3844873501997337,288.75
2021_10,2021,10,09-142-00750,250168,0,0.0,0.0,,0.0
2021_10,2021,10,09-184-00932,234600,0,0.0,0.0,,0.0
2021_10,2021,10,09-197-00996,373044,0,0.0,0.0,,0.0
2021_10,2021,10,09-195-00991,317767,0,0.0,0.0,,0.0
2021_10,2021,10,09-187-00945,313718,1624,0.0051766235918882,0.001294155897972,0.25,406.0
2021_10,2021,10,09-135-00720,254144,856,0.0033681692268949,0.0008469607781415,0.2514602803738318,215.25
2021_10,2021,10,09-136-00725,222934,627,0.002812491589439,0.000706487121749,0.2511961722488038,157.5
2021_10,2021,10,09-161-00840,228773,0,0.0,0.0,,0.0
2021_10,2021,10,09-132-00704,257380,0,0.0,0.0,,0.0
2021_10,2021,10,09-161-00838,292983,0,0.0,0.0,,0.0
2021_10,2021,10,09-159-00832,400347,13774,0.0344051535293133,0.0132890967086052,0.38625308552345,5320.25
2021_10,2021,10,09-146-00769,281161,0,0.0,0.0,,0.0
2021_10,2021,10,09-147-00772,204623,0,0.0,0.0,,0.0
2021_10,2021,10,09-705-00741,213900,1763,0.0082421692379616,0.0020605423094904,0.25,440.75
2021_10,2021,10,09-140-00739,209876,0,0.0,0.0,,0.0
2021_10,2021,10,09-705-00740,297471,0,0.0,0.0,,0.0
2021_10,2021,10,09-144-00759,215757,0,0.0,0.0,,0.0
2021_10,2021,10,09-181-00924,271108,2253,0.0083103412662112,0.0022002301665756,0.2647581003106968,596.5
2021_10,2021,10,09-152-00796,427590,35436,0.0828737809583947,0.0233254987254145,0.281458121684163,9973.75
2021_10,2021,10,09-147-00773,372557,0,0.0,0.0,,0.0
2021_10,2021,10,09-161-00836,127717,0,0.0,0.0,,0.0
2021_10,2021,10,09-704-00706,301739,0,0.0,0.0,,0.0
2021_10,2021,10,09-146-00763,204,0,0.0,0.0,,0.0
2021_10,2021,10,09-136-00728,183511,8804,0.0479753257297927,0.0128044095449319,0.2668957292139936,2349.75
2021_10,2021,10,09-140-00738,207515,0,0.0,0.0,,0.0
2021_10,2021,10,09-135-00719,354336,11281,0.0318370134561546,0.0106897125891808,0.3357636734332063,3787.75
2021_10,2021,10,09-132-00703,401527,0,0.0,0.0,,0.0
2021_10,2021,10,09-152-00793,580285,6699,0.0115443273563852,0.0029033147505105,0.2514927601134498,1684.75
2021_10,2021,10,09-136-00726,150547,16220,0.1077404398626342,0.0350604794515998,0.3254161528976572,5278.25
2021_10,2021,10,09-132-00705,219439,0,0.0,0.0,,0.0
2021_10,2021,10,09-144-00760,211102,0,0.0,0.0,,0.0
2021_10,2021,10,09-132-00702,366805,0,0.0,0.0,,0.0
2021_10,2021,10,09-136-00724,143308,3903,0.027235046194211,0.0073914226700533,0.2713937996413015,1059.25
2021_10,2021,10,09-135-00717,254438,1905,0.007487089192652,0.001871772298163,0.25,476.25
2021_10,2021,10,09-152-00794,488045,26200,0.0536835742605702,0.0134208935651425,0.25,6550.0
2021_10,2021,10,09-147-00771,175151,0,0.0,0.0,,0.0
2021_10,2021,10,09-185-00939,386079,11610,0.0300715656640221,0.0105308758052108,0.3501937984496124,4065.75
2021_10,2021,10,09-198-00997,156799,0,0.0,0.0,,0.0
2021_10,2021,10,09-185-00937,194814,0,0.0,0.0,,0.0
2021_10,2021,10,09-190-00963,160556,0,0.0,0.0,,0.0
2021_10,2021,10,09-163-00846,294793,0,0.0,0.0,,0.0
2021_10,2021,10,09-148-00777,534222,0,0.0,0.0,,0.0
2021_10,2021,10,09-162-00841,500362,449,0.0008973503183695,0.0002243375795923,0.25,112.25
2021_10,2021,10,09-156-00818,279219,0,0.0,0.0,,0.0
2021_10,2021,10,09-134-00713,386244,29,7.50820724723232e-05,1.87705181180808e-05,0.25,7.25
2021_10,2021,10,09-177-00906,250854,0,0.0,0.0,,0.0
2021_10,2021,10,09-155-00812,429043,8950,0.0208603799619152,0.0054778891626247,0.2625977653631285,2350.25
2021_10,2021,10,09-164-00848,370811,3193,0.0086108556650153,0.0021527139162538,0.25,798.25
2021_10,2021,10,09-149-00780,163959,0,0.0,0.0,,0.0
2021_10,2021,10,09-172-00877,578515,0,0.0,0.0,,0.0
2021_10,2021,10,09-149-00779,424312,0,0.0,0.0,,0.0
2021_10,2021,10,09-133-00709,239561,0,0.0,0.0,,0.0
2021_10,2021,10,09-142-00746,268384,0,0.0,0.0,,0.0
2021_10,2021,10,09-191-00964,196858,1,5.079803716384399e-06,1.2699509290960998e-06,0.25,0.25
2021_10,2021,10,09-188-00948,162682,1539,0.0094601738360728,0.0023819476032996,0.2517868745938921,387.5
2021_10,2021,10,09-174-00887,222864,0,0.0,0.0,,0.0
2021_10,2021,10,09-196-00994,546376,0,0.0,0.0,,0.0
2021_10,2021,10,09-196-00993,289783,0,0.0,0.0,,0.0
2021_10,2021,10,09-754-00722,288905,0,0.0,0.0,,0.0
2021_10,2021,10,09-134-00716,369671,2740,0.0074119960721831,0.0018529990180457,0.25,685.0
2021_10,2021,10,09-169-00869,361592,0,0.0,0.0,,0.0
2021_10,2021,10,09-188-00951,166741,2434,0.0145974895196742,0.0036493723799185,0.25,608.5
2021_10,2021,10,09-145-00761,479404,0,0.0,0.0,,0.0
2021_10,2021,10,09-160-00833,392874,325,0.0008272372312751,0.0002201723707855,0.2661538461538461,86.5
2021_10,2021,10,09-199-01003,461086,0,0.0,0.0,,0.0
2021_10,2021,10,09-183-00929,463344,2007,0.0043315549570081,0.0014368374253254,0.3317140009965122,665.75
2021_10,2021,10,09-141-00742,220757,0,0.0,0.0,,0.0
2021_10,2021,10,09-158-00827,191397,0,0.0,0.0,,0.0
2021_10,2021,10,09-149-00783,492792,30561,0.0620160229873861,0.0155040057468465,0.25,7640.25
2021_10,2021,10,09-190-00959,415288,0,0.0,0.0,,0.0
2021_10,2021,10,09-163-00844,203413,725,0.0035641773141342,0.0008910443285335,0.25,181.25
2021_10,2021,10,09-134-00715,382484,803,0.0020994342246995,0.0005248585561748,0.25,200.75
2021_10,2021,10,09-134-00715,382484,803,0.0020994342246995,0.0002786544562257,0.25,68.25
2021_10,2021,10,09-137-00729,307474,5038,0.0163851252463622,0.0040962813115905,0.25,1259.5
2021_10,2021,10,09-153-00802,512014,44454,0.0868218447151835,0.0294913810950481,0.3396769694515679,15100.0
2021_10,2021,10,09-142-00749,242401,92,0.0003795363880512,9.488409701280112e-05,0.25,23.0
2021_10,2021,10,09-184-00936,228406,1831,0.0080164268889608,0.0020259975657382,0.2527307482250137,462.75
2021_10,2021,10,09-200-01006,1184003,0,0.0,0.0,,0.0
2021_10,2021,10,09-201-01008,564254,0,0.0,0.0,,0.0
2021_10,2021,10,09-177-00905,219626,2656,0.012093285858687,0.0037563858559551,0.310617469879518,825.0
2021_10,2021,10,09-150-00789,293976,11967,0.0407074046860968,0.0101768511715242,0.25,2991.75
2021_10,2021,10,09-176-00896,331038,0,0.0,0.0,,0.0
2021_10,2021,10,09-172-00878,731611,0,0.0,0.0,,0.0
2021_10,2021,10,09-166-00857,468438,0,0.0,0.0,,0.0
2021_10,2021,10,09-706-00913,263012,0,0.0,0.0,,0.0
2021_10,2021,10,09-141-00743,238619,0,0.0,0.0,,0.0
2021_10,2021,10,09-195-00989,302426,0,0.0,0.0,,0.0
2021_10,2021,10,09-186-00943,260659,13961,0.0535603988352598,0.0208557924337928,0.3893882959673376,5436.25
2021_10,2021,10,09-200-01004,379547,0,0.0,0.0,,0.0
2021_10,2021,10,09-164-00850,495630,2,4.0352682444565505e-06,1.0088170611141376e-06,0.25,0.5
2021_10,2021,10,09-198-00998,178466,0,0.0,0.0,,0.0
2021_10,2021,10,09-175-00893,333942,0,0.0,0.0,,0.0
2021_10,2021,10,09-176-00901,340198,0,0.0,0.0,,0.0
2021_10,2021,10,09-168-00864,478043,7,1.464303420403604e-05,3.6607585510090097e-06,0.25,1.75
2021_10,2021,10,09-155-00811,716885,2282,0.0031832162759717,0.0008690375722744,0.2730061349693251,623.0
2021_10,2021,10,09-185-00938,565747,16539,0.0292339155134715,0.0090804723666232,0.3106143055807485,5137.25
2021_10,2021,10,09-156-00815,503635,0,0.0,0.0,,0.0
2021_10,2021,10,09-137-00731,389674,0,0.0,0.0,,0.0
2021_10,2021,10,09-189-00956,345746,0,0.0,0.0,,0.0
2021_10,2021,10,09-184-00935,264747,116,0.0004381541622756,0.0001095385405689,0.25,29.0
2021_10,2021,10,09-179-00916,233484,0,0.0,0.0,,0.0
2021_10,2021,10,09-195-00987,245762,0,0.0,0.0,,0.0
2021_10,2021,10,09-178-00909,227386,0,0.0,0.0,,0.0
2021_10,2021,10,09-165-00852,305100,28,9.177318911832186e-05,2.2943297279580463e-05,0.25,7.0
2021_10,2021,10,09-201-01009,238336,0,0.0,0.0,,0.0
2021_10,2021,10,09-133-00711,340025,0,0.0,0.0,,0.0
2021_10,2021,10,09-194-00984,316740,0,0.0,0.0,,0.0
2021_10,2021,10,09-141-00744,185943,0,0.0,0.0,,0.0
2021_10,2021,10,09-166-00860,527344,0,0.0,0.0,,0.0
2021_10,2021,10,09-179-00918,276522,0,0.0,0.0,,0.0
2021_10,2021,10,09-180-00922,452765,7133,0.0157543096308239,0.004825903062295,0.3063227253609982,2185.0
2021_10,2021,10,09-165-00853,559929,88,0.0001571627831385,3.9290695784644125e-05,0.25,22.0
2021_10,2021,10,09-199-01001,596718,0,0.0,0.0,,0.0
2021_10,2021,10,09-173-00880,152240,0,0.0,0.0,,0.0
2021_10,2021,10,09-158-00826,319635,0,0.0,0.0,,0.0
2021_10,2021,10,09-167-00862,811300,0,0.0,0.0,,0.0
2021_10,2021,10,09-179-00917,245396,0,0.0,0.0,,0.0
2021_10,2021,10,09-157-00821,421688,12,2.8457058299026768e-05,7.114264574756692e-06,0.25,3.0
2021_10,2021,10,09-194-00983,361483,0,0.0,0.0,,0.0
2021_10,2021,10,09-165-00851,370466,28,7.558048511874234e-05,1.8895121279685585e-05,0.25,7.0
2021_10,2021,10,09-192-00972,210693,25130,0.1192730655503505,0.0298182663875876,0.25,6282.5
2021_10,2021,10,09-145-00763,214986,0,0.0,0.0,,0.0
2021_10,2021,10,09-158-00823,323632,0,0.0,0.0,,0.0
2021_10,2021,10,09-187-00947,492064,0,0.0,0.0,,0.0
2021_10,2021,10,09-180-00920,407001,20297,0.0498696563399107,0.0135761337195731,0.2722323496083165,5525.5
2021_10,2021,10,09-169-00870,547910,0,0.0,0.0,,0.0
2021_10,2021,10,09-148-00775,454824,0,0.0,0.0,,0.0
2021_10,2021,10,09-157-00819,214525,0,0.0,0.0,,0.0
2021_10,2021,10,09-174-00886,309590,0,0.0,0.0,,0.0
2021_10,2021,10,09-183-00931,325656,0,0.0,0.0,,0.0
2021_10,2021,10,09-194-00985,337075,35,0.0001038344582066,2.595861455165764e-05,0.25,8.75
2021_10,2021,10,09-199-01002,383497,0,0.0,0.0,,0.0
2021_10,2021,10,09-145-00762,331571,0,0.0,0.0,,0.0
2021_10,2021,10,09-145-00764,488110,0,0.0,0.0,,0.0
2021_10,2021,10,09-171-00876,364207,0,0.0,0.0,,0.0
2021_10,2021,10,09-192-00973,231936,2483,0.0107055394591611,0.0026763848647902,0.25,620.75
2021_10,2021,10,09-168-00867,534892,0,0.0,0.0,,0.0
2021_10,2021,10,09-166-00859,493707,0,0.0,0.0,,0.0
2021_10,2021,10,09-138-00733,485945,10826,0.0222782413647635,0.0055695603411908,0.25,2706.5
2021_10,2021,10,09-138-00734,432203,0,0.0,0.0,,0.0
2021_10,2021,10,09-186-00941,214723,2144,0.0099849573636731,0.0024962393409182,0.25,536.0
2021_10,2021,10,09-191-00970,181503,0,0.0,0.0,,0.0
2021_10,2021,10,09-175-00894,374485,0,0.0,0.0,,0.0
2021_10,2021,10,09-177-00903,281962,0,0.0,0.0,,0.0
2021_10,2021,10,09-150-00785,239726,30447,0.1270075002294286,0.0402407331703695,0.3168374552501067,9646.75
2021_10,2021,10,09-199-01000,515914,0,0.0,0.0,,0.0
2021_10,2021,10,09-157-00822,314022,0,0.0,0.0,,0.0
2021_10,2021,10,09-134-00715,244927,273,0.0011146178249029,0.0005248585561748,0.25,200.75
2021_10,2021,10,09-134-00715,244927,273,0.0011146178249029,0.0002786544562257,0.25,68.25
2021_10,2021,10,09-178-00910,261862,2,7.637610649884291e-06,1.9094026624710727e-06,0.25,0.5
2021_10,2021,10,09-163-00845,376560,2222,0.0059007860633099,0.0014751965158274,0.25,555.5
2021_10,2021,10,09-178-00908,201134,4254,0.0211500790517764,0.007323475891694,0.346262341325811,1473.0
2021_10,2021,10,09-201-01007,294612,0,0.0,0.0,,0.0
2021_10,2021,10,09-153-00800,602599,892,0.0014802546967386,0.0003700636741846,0.25,223.0
2021_10,2021,10,09-166-00856,352698,0,0.0,0.0,,0.0
2021_10,2021,10,09-192-00974,175773,0,0.0,0.0,,0.0
2021_10,2021,10,09-195-00990,388183,22088,0.0569009977252996,0.0142252494313249,0.25,5522.0
2021_10,2021,10,09-706-00912,254493,0,0.0,0.0,,0.0
2021_10,2021,10,09-179-06868,99300,0,0.0,0.0,,0.0
2021_10,2021,10,09-133-00708,481254,0,0.0,0.0,,0.0
2021_10,2021,10,09-134-00714,322143,0,0.0,0.0,,0.0
2021_10,2021,10,09-134-00712,415034,0,0.0,0.0,,0.0
2021_10,2021,10,09-180-00919,1011741,33968,0.0335738098979877,0.0111315544195599,0.3315546985398022,11262.25
2021_10,2021,10,09-170-00874,342800,0,0.0,0.0,,0.0
2021_10,2021,10,09-184-00933,291221,0,0.0,0.0,,0.0
2021_10,2021,10,09-187-00944,298977,0,0.0,0.0,,0.0
2021_10,2021,10,09-150-00788,262215,4997,0.0190568808039204,0.0047642202009801,0.25,1249.25
2021_10,2021,10,09-175-00890,135635,0,0.0,0.0,,0.0
2021_10,2021,10,09-706-00914,268793,0,0.0,0.0,,0.0
2021_10,2021,10,09-137-00730,292765,0,0.0,0.0,,0.0
2021_10,2021,10,09-142-00748,150890,0,0.0,0.0,,0.0
2021_10,2021,10,09-150-00786,368451,5419,0.0147075187745453,0.0036768796936363,0.25,1354.75
2021_10,2021,10,09-170-00873,339219,0,0.0,0.0,,0.0
2021_10,2021,10,09-198-00999,115901,0,0.0,0.0,,0.0
2021_10,2021,10,09-162-00842,406694,14,3.4423915769595815e-05,8.605978942398954e-06,0.25,3.5
2021_10,2021,10,09-191-00966,269074,0,0.0,0.0,,0.0
2021_10,2021,10,09-170-00872,579285,0,0.0,0.0,,0.0
2021_10,2021,10,09-149-00782,527449,10065,0.019082413655159,0.0047706034137897,0.25,2516.25
2021_10,2021,10,09-194-00982,205060,0,0.0,0.0,,0.0
2021_10,2021,10,09-150-00784,384386,6664,0.0173367396315162,0.0046736873871577,0.2695828331332533,1796.5
2021_10,2021,10,09-180-00921,372294,0,0.0,0.0,,0.0
2021_10,2021,10,09-176-00898,413974,0,0.0,0.0,,0.0
2021_10,2021,10,09-153-00797,394078,67515,0.1713239510959759,0.055872187739483,0.3261201214544916,22018.0
2021_10,2021,10,09-191-00967,226329,0,0.0,0.0,,0.0
2021_10,2021,10,09-189-01020,452164,4955,0.0109584133190612,0.0027396033297653,0.25,1238.75
2021_10,2021,10,09-193-00980,148532,3199,0.0215374464761802,0.005384361619045,0.25,799.75
2021_10,2021,10,09-157-00820,188559,19,0.0001007642170355,2.5191054258879185e-05,0.25,4.75
2021_10,2021,10,09-193-00978,359703,25113,0.0698159314768017,0.0174539828692004,0.25,6278.25
2021_10,2021,10,09-182-00925,485482,2900,0.0059734449474954,0.0014933612368738,0.25,725.0
2021_10,2021,10,09-170-00871,719959,0,0.0,0.0,,0.0
2021_10,2021,10,09-193-00979,247294,17335,0.070098748857635,0.0175246872144087,0.25,4333.75
2021_10,2021,10,09-188-00952,177713,7374,0.0414938693286366,0.0103734673321591,0.25,1843.5
2021_10,2021,10,09-184-00934,289370,0,0.0,0.0,,0.0
2021_10,2021,10,09-175-00891,330339,0,0.0,0.0,,0.0
2021_10,2021,10,09-150-00787,332909,18170,0.0545794796776296,0.0136463718313412,0.2500275178866263,4543.0
2021_10,2021,10,09-190-00961,167415,10126,0.060484424932055,0.0151211062330137,0.25,2531.5
2021_10,2021,10,09-193-00975,163355,3514,0.0215114321569587,0.0053778580392396,0.25,878.5
2021_10,2021,10,09-192-00971,157492,2026,0.0128641454804053,0.0032160363701013,0.25,506.5
2021_10,2021,10,09-188-00954,227200,29397,0.1293882042253521,0.032347051056338,0.25,7349.25
2021_10,2021,10,09-153-00799,600756,14701,0.0244708334165618,0.0086728222439725,0.3544146656690021,5210.25
2021_10,2021,10,09-183-00928,527456,0,0.0,0.0,,0.0
2021_10,2021,10,09-188-00950,378900,6396,0.0168804433887569,0.0042201108471892,0.25,1599.0
2021_10,2021,10,09-754-00778,413294,565,0.001367065575595,0.0003417663938987,0.25,141.25
2021_10,2021,10,09-160-00834,219908,9165,0.0416765192716954,0.0122915037197373,0.2949263502454992,2703.0
2021_10,2021,10,09-164-00849,478213,1187,0.002482157532313,0.0006205393830782,0.25,296.75
2021_10,2021,10,09-153-00798,720203,54624,0.0758452825106254,0.0283715146979393,0.3740709212067955,20433.25
2021_10,2021,10,09-202-01012,405423,27594,0.0680622460985193,0.0170155615246298,0.25,6898.5
2021_10,2021,10,09-173-00883,338786,0,0.0,0.0,,0.0
2021_10,2021,10,09-187-00946,224671,274,0.0012195610470421,0.0003048902617605,0.25,68.5
2021_10,2021,10,09-191-00968,309591,0,0.0,0.0,,0.0
2021_10,2021,10,09-175-00889,330664,0,0.0,0.0,,0.0
2021_10,2021,10,09-197-00995,308644,0,0.0,0.0,,0.0
2021_10,2021,10,09-173-00882,498630,0,0.0,0.0,,0.0
2021_10,2021,10,09-156-00817,356910,0,0.0,0.0,,0.0
2021_10,2021,10,09-158-00825,434797,0,0.0,0.0,,0.0
2021_10,2021,10,09-176-00897,199909,11832,0.0591869300531741,0.0169889799858935,0.287039384719405,3396.25
2021_10,2021,10,09-176-00900,260918,6273,0.0240420361952797,0.0108099096267792,0.4496253786067272,2820.5
2021_10,2021,10,09-193-00977,237715,3023,0.0127169089035189,0.0031792272258797,0.25,755.75
2021_10,2021,10,09-163-00843,302821,10795,0.0356481221579745,0.0089120305394936,0.25,2698.75
2021_10,2021,10,09-175-00892,261816,0,0.0,0.0,,0.0
2021_10,2021,10,09-148-00776,246935,0,0.0,0.0,,0.0
2021_10,2021,10,09-171-00875,1053260,0,0.0,0.0,,0.0
2021_10,2021,10,09-189-00957,199858,0,0.0,0.0,,0.0
2021_10,2021,10,09-202-01010,278489,7516,0.0269884986480615,0.0067471246620153,0.25,1879.0
2021_10,2021,10,09-172-00879,551167,0,0.0,0.0,,0.0
2021_10,2021,10,09-167-00863,887820,0,0.0,0.0,,0.0
2021_10,2021,10,09-188-00953,227384,10263,0.0451351018541322,0.0182081852724905,0.4034151807463704,4140.25
2021_10,2021,10,09-186-00942,263107,1468,0.0055794790712523,0.001394869767813,0.25,367.0
2021_10,2021,10,09-133-00710,201231,0,0.0,0.0,,0.0
2021_10,2021,10,09-142-00751,243375,0,0.0,0.0,,0.0
2021_10,2021,10,09-194-00986,264230,0,0.0,0.0,,0.0
2021_10,2021,10,09-165-00855,391542,0,0.0,0.0,,0.0
2021_10,2021,10,09-175-00895,367474,0,0.0,0.0,,0.0
2021_10,2021,10,09-169-00868,543161,0,0.0,0.0,,0.0
2021_10,2021,10,09-173-00881,477275,0,0.0,0.0,,0.0
2021_10,2021,10,09-153-00801,671058,32393,0.0482715353963442,0.0163722807864595,0.3391704997993394,10986.75
2021_10,2021,10,09-191-00969,290817,0,0.0,0.0,,0.0
2021_10,2021,10,09-196-00992,295253,0,0.0,0.0,,0.0
2021_10,2021,10,09-194-00981,314504,0,0.0,0.0,,0.0
2021_10,2021,10,09-142-00745,138357,0,0.0,0.0,,0.0
2021_10,2021,10,09-193-00976,178340,6731,0.0377425142985309,0.0094356285746327,0.25,1682.75
2021_10,2021,10,09-163-00847,238667,0,0.0,0.0,,0.0
2021_10,2021,10,09-174-00885,264114,0,0.0,0.0,,0.0
2021_10,2021,10,09-176-00899,186307,3848,0.0206540817038543,0.0063725463884878,0.3085369022869023,1187.25
2021_10,2021,10,09-155-00810,470255,49574,0.1054194001127048,0.0295174958267323,0.2800006051559285,13880.75
2021_10,2021,10,09-142-00747,311571,3,9.62862397334797e-06,2.4071559933369924e-06,0.25,0.75
2021_10,2021,10,09-177-00904,195264,7710,0.0394850049164208,0.0152613897082923,0.3865110246433204,2980.0
2021_10,2021,10,09-175-00888,297872,0,0.0,0.0,,0.0
2021_10,2021,10,09-179-00915,343161,0,0.0,0.0,,0.0
2021_10,2021,10,09-166-00858,393596,0,0.0,0.0,,0.0
2021_10,2021,10,09-167-00861,530899,0,0.0,0.0,,0.0
2021_10,2021,10,09-189-00958,296625,0,0.0,0.0,,0.0
2021_10,2021,10,09-178-00907,215692,1862,0.0086326799324963,0.0022381451328746,0.2592642320085929,482.75
2021_10,2021,10,09-183-00930,479320,38449,0.0802157222732204,0.0336101143286322,0.4189965928892819,16110.0
2021_10,2021,10,09-706-00824,300683,0,0.0,0.0,,0.0
2021_10,2021,10,09-160-00835,329400,1442,0.0043776563448694,0.0010944140862173,0.25,360.5
2021_10,2021,10,09-182-00926,694511,685,0.0009863054724835,0.0003639251214163,0.368978102189781,252.75
2021_10,2021,10,09-158-00828,191411,0,0.0,0.0,,0.0
2021_10,2021,10,09-156-00816,450282,8186,0.0181797184875255,0.0045449296218813,0.25,2046.5
2021_10,2021,10,09-165-00854,414211,0,0.0,0.0,,0.0
2021_10,2021,10,09-182-00927,332992,2860,0.0085887949260042,0.00309617047857,0.3604895104895105,1031.0
2021_10,2021,10,09-151-00792,799198,31756,0.0397348341712566,0.0127105548312182,0.3198844312885754,10158.25
2021_10,2021,10,09-146-00766,245147,0,0.0,0.0,,0.0
2021_10,2021,10,09-159-00831,159959,66543,0.4160003500897105,0.1368506929900787,0.3289677351487008,21890.5
2021_10,2021,10,09-146-00765,212505,0,0.0,0.0,,0.0
2021_10,2021,10,09-139-00736,185647,0,0.0,0.0,,0.0
2021_10,2021,10,09-146-00770,399729,0,0.0,0.0,,0.0
2021_10,2021,10,09-139-00735,336441,0,0.0,0.0,,0.0
2021_10,2021,10,09-132-00701,475536,0,0.0,0.0,,0.0
2021_10,2021,10,09-161-00839,320874,2,6.2329761837980016e-06,1.5582440459495004e-06,0.25,0.5
2021_10,2021,10,09-181-00923,604889,8180,0.0135231422624646,0.0036643086582827,0.2709657701711491,2216.5
2021_10,2021,10,09-135-00718,30548,1181,0.0386604687704596,0.0096651171926149,0.25,295.25
2021_10,2021,10,09-159-00830,426482,12721,0.029827753574594,0.0074663174530226,0.2503144406886251,3184.25
2021_10,2021,10,09-146-00768,361215,0,0.0,0.0,,0.0
2021_10,2021,10,09-146-00767,325049,0,0.0,0.0,,0.0
2021_10,2021,10,09-161-00837,75946,0,0.0,0.0,,0.0
2021_10,2021,10,09-144-00757,123732,0,0.0,0.0,,0.0
2021_10,2021,10,09-136-00727,196786,10130,0.0514772392344983,0.0162549673249113,0.3157699901283317,3198.75
2021_10,2021,10,09-152-00795,465633,3432,0.0073706116190218,0.0018426529047554,0.25,858.0
2021_10,2021,10,09-704-00707,281095,0,0.0,0.0,,0.0
2021_10,2021,10,09-144-00758,256852,0,0.0,0.0,,0.0
2021_10,2021,10,09-147-00774,340107,0,0.0,0.0,,0.0
2021_10,2021,10,09-136-00723,187020,179,0.0009571168858945,0.0002392792214736,0.25,44.75
2021_10,2021,10,09-143-00754,410192,2423,0.0059069898974138,0.0014767474743534,0.25,605.75
2021_10,2021,10,09-151-00791,432129,12086,0.0279685001469468,0.0071506425164707,0.2556677147112361,3090.0
2021_10,2021,10,09-143-00753,226024,0,0.0,0.0,,0.0
2021_10,2021,10,09-143-00756,249299,0,0.0,0.0,,0.0
2021_10,2021,10,09-143-00752,318265,0,0.0,0.0,,0.0
2021_10,2021,10,09-143-00755,483242,0,0.0,0.0,,0.0
2021_10,2021,10,09-151-00790,488682,2556,0.0052303952263435,0.0013265272713134,0.2536189358372457,648.25
2021_10,2021,10,09-154-00806,438084,39725,0.0906789565471462,0.0257205239177874,0.2836438011327879,11267.75
2021_10,2021,10,09-154-00805,437183,37402,0.085552274448,0.02699613205454,0.3155513074167156,11802.25
2021_10,2021,10,09-154-00807,364754,17790,0.048772597421824,0.012614666323056,0.2586424957841484,4601.25
2021_10,2021,10,09-154-00803,630238,0,0.0,0.0,,0.0
2021_10,2021,10,09-154-00808,344653,0,0.0,0.0,,0.0
2021_10,2021,10,09-154-00804,384169,29,7.548761092123518e-05,1.8871902730308795e-05,0.25,7.25
2021_10,2021,10,09-139-00737,85364,0,0.0,0.0,,0.0
2021_10,2021,10,09-137-00718,136360,281,0.0020607216192431,0.0005151804048107,0.25,70.25
2021_10,2021,10,09-202-01011,205123,389,0.0018964231217367,0.0004741057804341,0.25,97.25
2021_10,2021,10,09-178-00911,138083,0,0.0,0.0,,0.0
2021_10,2021,10,09-173-00884,190238,0,0.0,0.0,,0.0
2022_08,2022,8,09-168-00865,329413,0,0.0,0.0,,0.0
2022_08,2022,8,09-200-01005,1474789,213,0.0001444274401287,4.859452210903842e-05,0.3364632237871675,71.66666666666666
2022_08,2022,8,09-177-00902,260579,120,0.000460512934657,0.0001535043115523,0.3333333333333332,39.99999999999999
2022_08,2022,8,09-185-00940,106837,0,0.0,0.0,,0.0
2022_08,2022,8,09-190-00960,177168,0,0.0,0.0,,0.0
2022_08,2022,8,09-156-00814,462391,0,0.0,0.0,,0.0
2022_08,2022,8,09-191-00965,410177,2,4.8759437998717624e-06,1.6253145999572542e-06,0.3333333333333333,0.6666666666666666
2022_08,2022,8,09-149-00781,328046,204,0.000621864006877,0.0002072880022923,0.3333333333333333,68.0
2022_08,2022,8,09-188-00949,155805,0,0.0,0.0,,0.0
2022_08,2022,8,09-195-00988,251880,6982,0.0277195489915832,0.0141204806521624,0.5094051370190013,3556.6666666666665
2022_08,2022,8,09-190-00962,217454,6,2.759204245495599e-05,9.19734748498533e-06,0.3333333333333333,2.0
2022_08,2022,8,09-158-00829,298492,127,0.0004254720394516,0.0001418240131505,0.3333333333333334,42.33333333333333
2022_08,2022,8,09-754-00721,406625,0,0.0,0.0,,0.0
2022_08,2022,8,09-155-00813,650968,0,0.0,0.0,,0.0
2022_08,2022,8,09-138-00732,272541,0,0.0,0.0,,0.0
2022_08,2022,8,09-168-00866,394948,0,0.0,0.0,,0.0
2022_08,2022,8,09-155-00809,439582,7,1.592421891706212e-05,5.3080729723540384e-06,0.3333333333333333,2.333333333333333
2022_08,2022,8,09-142-00750,250168,0,0.0,0.0,,0.0
2022_08,2022,8,09-184-00932,234600,0,0.0,0.0,,0.0
2022_08,2022,8,09-197-00996,373044,8635,0.0231474035234449,0.0110147864595061,0.475854082223509,4108.999999999999
2022_08,2022,8,09-195-00991,317767,37986,0.1195404179792111,0.04304097027067,0.360053703996209,13677.000000000004
2022_08,2022,8,09-187-00945,313718,0,0.0,0.0,,0.0
2022_08,2022,8,09-135-00720,254144,0,0.0,0.0,,0.0
2022_08,2022,8,09-136-00725,222934,0,0.0,0.0,,0.0
2022_08,2022,8,09-161-00840,228773,11726,0.0512560485721654,0.0170853495240551,0.3333333333333332,3908.666666666666
2022_08,2022,8,09-132-00704,257380,0,0.0,0.0,,0.0
2022_08,2022,8,09-161-00838,292983,1664,0.00567951041528,0.0018931701384266,0.3333333333333333,554.6666666666665
2022_08,2022,8,09-159-00832,400347,6116,0.0152767474216117,0.0050922491405372,0.3333333333333333,2038.6666666666663
2022_08,2022,8,09-146-00769,281161,0,0.0,0.0,,0.0
2022_08,2022,8,09-147-00772,204623,0,0.0,0.0,,0.0
2022_08,2022,8,09-705-00741,213900,0,0.0,0.0,,0.0
2022_08,2022,8,09-140-00739,209876,0,0.0,0.0,,0.0
2022_08,2022,8,09-705-00740,297471,0,0.0,0.0,,0.0
2022_08,2022,8,09-144-00759,215757,0,0.0,0.0,,0.0
2022_08,2022,8,09-181-00924,271108,558,0.0020582203402334,0.0006860734467444,0.3333333333333332,185.99999999999991
2022_08,2022,8,09-152-00796,427590,2510,0.005870109216773,0.0019855469024065,0.3382470119521912,849.0000000000001
2022_08,2022,8,09-147-00773,372557,0,0.0,0.0,,0.0
2022_08,2022,8,09-161-00836,127717,0,0.0,0.0,,0.0
2022_08,2022,8,09-704-00706,301739,0,0.0,0.0,,0.0
2022_08,2022,8,09-146-00763,204,0,0.0,0.0,,0.0
2022_08,2022,8,09-136-00728,183511,0,0.0,0.0,,0.0
2022_08,2022,8,09-140-00738,207515,0,0.0,0.0,,0.0
2022_08,2022,8,09-135-00719,354336,0,0.0,0.0,,0.0
2022_08,2022,8,09-132-00703,401527,0,0.0,0.0,,0.0
2022_08,2022,8,09-152-00793,580285,0,0.0,0.0,,0.0
2022_08,2022,8,09-136-00726,150547,0,0.0,0.0,,0.0
2022_08,2022,8,09-132-00705,219439,0,0.0,0.0,,0.0
2022_08,2022,8,09-144-00760,211102,0,0.0,0.0,,0.0
2022_08,2022,8,09-132-00702,366805,0,0.0,0.0,,0.0
2022_08,2022,8,09-136-00724,143308,0,0.0,0.0,,0.0
2022_08,2022,8,09-135-00717,254438,0,0.0,0.0,,0.0
2022_08,2022,8,09-152-00794,488045,0,0.0,0.0,,0.0
2022_08,2022,8,09-147-00771,175151,0,0.0,0.0,,0.0
2022_08,2022,8,09-185-00939,386079,0,0.0,0.0,,0.0
2022_08,2022,8,09-198-00997,156799,0,0.0,0.0,,0.0
2022_08,2022,8,09-185-00937,194814,0,0.0,0.0,,0.0
2022_08,2022,8,09-190-00963,160556,0,0.0,0.0,,0.0
2022_08,2022,8,09-163-00846,294793,6510,0.0220832923441194,0.0073610974480398,0.3333333333333333,2170.0
2022_08,2022,8,09-148-00777,534222,0,0.0,0.0,,0.0
2022_08,2022,8,09-162-00841,500362,0,0.0,0.0,,0.0
2022_08,2022,8,09-156-00818,279219,0,0.0,0.0,,0.0
2022_08,2022,8,09-134-00713,386244,0,0.0,0.0,,0.0
2022_08,2022,8,09-177-00906,250854,0,0.0,0.0,,0.0
2022_08,2022,8,09-155-00812,429043,0,0.0,0.0,,0.0
2022_08,2022,8,09-164-00848,370811,0,0.0,0.0,,0.0
2022_08,2022,8,09-149-00780,163959,0,0.0,0.0,,0.0
2022_08,2022,8,09-172-00877,578515,6911,0.0119461033853919,0.0044861988597241,0.3755365841894564,2595.333333333334
2022_08,2022,8,09-149-00779,424312,0,0.0,0.0,,0.0
2022_08,2022,8,09-133-00709,239561,0,0.0,0.0,,0.0
2022_08,2022,8,09-142-00746,268384,0,0.0,0.0,,0.0
2022_08,2022,8,09-191-00964,196858,7,3.555862601469079e-05,1.1852875338230262e-05,0.3333333333333333,2.333333333333333
2022_08,2022,8,09-188-00948,162682,0,0.0,0.0,,0.0
2022_08,2022,8,09-174-00887,222864,3283,0.0147309569961949,0.0067529973436714,0.4584221748400853,1505.0
2022_08,2022,8,09-196-00994,546376,50,9.15120722725742e-05,3.0504024090858067e-05,0.3333333333333332,16.666666666666668
2022_08,2022,8,09-196-00993,289783,20028,0.0691137851426757,0.0238454291659621,0.3450169762332734,6910.000000000002
2022_08,2022,8,09-754-00722,288905,0,0.0,0.0,,0.0
2022_08,2022,8,09-134-00716,369671,0,0.0,0.0,,0.0
2022_08,2022,8,09-169-00869,361592,0,0.0,0.0,,0.0
2022_08,2022,8,09-188-00951,166741,0,0.0,0.0,,0.0
2022_08,2022,8,09-145-00761,479404,2,4.1718467096645e-06,1.3906155698881669e-06,0.3333333333333333,0.6666666666666666
2022_08,2022,8,09-160-00833,392874,0,0.0,0.0,,0.0
2022_08,2022,8,09-199-01003,461086,27700,0.0600755607413801,0.0302792393031524,0.5040192539109506,13961.333333333332
2022_08,2022,8,09-183-00929,463344,0,0.0,0.0,,0.0
2022_08,2022,8,09-141-00742,220757,0,0.0,0.0,,0.0
2022_08,2022,8,09-158-00827,191397,527,0.0027534391866121,0.000917813062204,0.3333333333333332,175.66666666666666
2022_08,2022,8,09-149-00783,492792,3367,0.0068324972808,0.0024594555106414,0.3599643599643599,1212.0000000000002
2022_08,2022,8,09-190-00959,415288,0,0.0,0.0,,0.0
2022_08,2022,8,09-163-00844,203413,0,0.0,0.0,,0.0
2022_08,2022,8,09-134-00715,382484,0,0.0,0.0,,0.0
2022_08,2022,8,09-134-00715,382484,0,0.0,0.0,,0.0
2022_08,2022,8,09-137-00729,307474,0,0.0,0.0,,0.0
2022_08,2022,8,09-153-00802,512014,142,0.0002773361665891,9.244538886306492e-05,0.3333333333333333,47.33333333333333
2022_08,2022,8,09-142-00749,242401,3,1.23761865668871e-05,4.1253955222957e-06,0.3333333333333333,1.0
2022_08,2022,8,09-184-00936,228406,0,0.0,0.0,,0.0
2022_08,2022,8,09-200-01006,1184003,16,1.3513479273278868e-05,4.504493091092956e-06,0.3333333333333333,5.333333333333333
2022_08,2022,8,09-201-01008,564254,0,0.0,0.0,,0.0
2022_08,2022,8,09-177-00905,219626,0,0.0,0.0,,0.0
2022_08,2022,8,09-150-00789,293976,0,0.0,0.0,,0.0
2022_08,2022,8,09-176-00896,331038,0,0.0,0.0,,0.0
2022_08,2022,8,09-172-00878,731611,16672,0.0227880663357986,0.0103042008207458,0.452175303902751,7538.666666666665
2022_08,2022,8,09-166-00857,468438,0,0.0,0.0,,0.0
2022_08,2022,8,09-706-00913,263012,0,0.0,0.0,,0.0
2022_08,2022,8,09-141-00743,238619,0,0.0,0.0,,0.0
2022_08,2022,8,09-195-00989,302426,5484,0.0181333615496022,0.0060510670378869,0.3336980306345733,1829.9999999999995
2022_08,2022,8,09-186-00943,260659,0,0.0,0.0,,0.0
2022_08,2022,8,09-200-01004,379547,2,5.269439621443458e-06,1.7564798738144857e-06,0.3333333333333333,0.6666666666666666
2022_08,2022,8,09-164-00850,495630,5902,0.0119080765893912,0.0039693588631304,0.3333333333333333,1967.3333333333333
2022_08,2022,8,09-198-00998,178466,980,0.005491242029294,0.0018304140097646,0.3333333333333333,326.66666666666663
2022_08,2022,8,09-175-00893,333942,2784,0.0083367770451156,0.0027789256817052,0.3333333333333333,928.0
2022_08,2022,8,09-176-00901,340198,0,0.0,0.0,,0.0
2022_08,2022,8,09-168-00864,478043,10925,0.0228535926684419,0.0076178642228139,0.3333333333333332,3641.666666666666
2022_08,2022,8,09-155-00811,716885,0,0.0,0.0,,0.0
2022_08,2022,8,09-185-00938,565747,5,8.837872759378309e-06,2.945957586459436e-06,0.3333333333333333,1.6666666666666663
2022_08,2022,8,09-156-00815,503635,0,0.0,0.0,,0.0
2022_08,2022,8,09-137-00731,389674,41,0.0001052161550424,3.507205168080669e-05,0.3333333333333333,13.666666666666666
2022_08,2022,8,09-189-00956,345746,0,0.0,0.0,,0.0
2022_08,2022,8,09-184-00935,264747,0,0.0,0.0,,0.0
2022_08,2022,8,09-179-00916,233484,0,0.0,0.0,,0.0
2022_08,2022,8,09-195-00987,245762,13,5.2896704942179835e-05,1.763223498072661e-05,0.3333333333333333,4.333333333333333
2022_08,2022,8,09-178-00909,227386,4,1.7591232529707195e-05,5.863744176569064e-06,0.3333333333333333,1.3333333333333333
2022_08,2022,8,09-165-00852,305100,3455,0.0113241560144215,0.0037747186714738,0.3333333333333333,1151.6666666666663
2022_08,2022,8,09-201-01009,238336,0,0.0,0.0,,0.0
2022_08,2022,8,09-133-00711,340025,0,0.0,0.0,,0.0
2022_08,2022,8,09-194-00984,316740,1,3.1571636042179705e-06,1.0523878680726567e-06,0.3333333333333333,0.3333333333333333
2022_08,2022,8,09-141-00744,185943,0,0.0,0.0,,0.0
2022_08,2022,8,09-166-00860,527344,0,0.0,0.0,,0.0
2022_08,2022,8,09-179-00918,276522,5,1.80817439480403e-05,6.0272479826801e-06,0.3333333333333333,1.6666666666666663
2022_08,2022,8,09-180-00922,452765,3007,0.0066414144202842,0.0022138048067614,0.3333333333333333,1002.3333333333331
2022_08,2022,8,09-165-00853,559929,8322,0.0148625986509003,0.0049541995503001,0.3333333333333332,2774.0000000000005
2022_08,2022,8,09-199-01001,596718,0,0.0,0.0,,0.0
2022_08,2022,8,09-173-00880,152240,314,0.0020625328428796,0.0006875109476265,0.3333333333333333,104.66666666666669
2022_08,2022,8,09-158-00826,319635,37,0.0001157570353684,3.8585678456155715e-05,0.3333333333333333,12.333333333333332
2022_08,2022,8,09-167-00862,811300,0,0.0,0.0,,0.0
2022_08,2022,8,09-179-00917,245396,0,0.0,0.0,,0.0
2022_08,2022,8,09-157-00821,421688,0,0.0,0.0,,0.0
2022_08,2022,8,09-194-00983,361483,0,0.0,0.0,,0.0
2022_08,2022,8,09-165-00851,370466,5796,0.0156451604195796,0.0052150534731932,0.3333333333333333,1932.0
2022_08,2022,8,09-192-00972,210693,0,0.0,0.0,,0.0
2022_08,2022,8,09-145-00763,214986,0,0.0,0.0,,0.0
2022_08,2022,8,09-158-00823,323632,0,0.0,0.0,,0.0
2022_08,2022,8,09-187-00947,492064,9,1.8290303700331664e-05,6.096767900110554e-06,0.3333333333333333,2.9999999999999996
2022_08,2022,8,09-180-00920,407001,2016,0.0049533047830349,0.0016511015943449,0.3333333333333332,672.0
2022_08,2022,8,09-169-00870,547910,0,0.0,0.0,,0.0
2022_08,2022,8,09-148-00775,454824,0,0.0,0.0,,0.0
2022_08,2022,8,09-157-00819,214525,0,0.0,0.0,,0.0
2022_08,2022,8,09-174-00886,309590,1934,0.0062469718014147,0.0021447721179624,0.3433298862461219,664.0
2022_08,2022,8,09-183-00931,325656,0,0.0,0.0,,0.0
2022_08,2022,8,09-194-00985,337075,0,0.0,0.0,,0.0
2022_08,2022,8,09-199-01002,383497,0,0.0,0.0,,0.0
2022_08,2022,8,09-145-00762,331571,0,0.0,0.0,,0.0
2022_08,2022,8,09-145-00764,488110,0,0.0,0.0,,0.0
2022_08,2022,8,09-171-00876,364207,8710,0.0239149714310817,0.0105178282313812,0.4398009950248756,3830.666666666666
2022_08,2022,8,09-192-00973,231936,14,6.0361479028697575e-05,2.0120493009565857e-05,0.3333333333333333,4.666666666666666
2022_08,2022,8,09-168-00867,534892,0,0.0,0.0,,0.0
2022_08,2022,8,09-166-00859,493707,0,0.0,0.0,,0.0
2022_08,2022,8,09-138-00733,485945,0,0.0,0.0,,0.0
2022_08,2022,8,09-138-00734,432203,0,0.0,0.0,,0.0
2022_08,2022,8,09-186-00941,214723,0,0.0,0.0,,0.0
2022_08,2022,8,09-191-00970,181503,6,3.305730483793656e-05,1.101910161264552e-05,0.3333333333333333,2.0
2022_08,2022,8,09-175-00894,374485,4883,0.0130392405570316,0.0043464135190105,0.3333333333333333,1627.6666666666667
2022_08,2022,8,09-177-00903,281962,0,0.0,0.0,,0.0
2022_08,2022,8,09-150-00785,239726,0,0.0,0.0,,0.0
2022_08,2022,8,09-199-01000,515914,29460,0.0571025403458715,0.0202475606399516,0.3545824847250509,10445.999999999998
2022_08,2022,8,09-157-00822,314022,0,0.0,0.0,,0.0
2022_08,2022,8,09-134-00715,244927,0,0.0,0.0,,0.0
2022_08,2022,8,09-134-00715,244927,0,0.0,0.0,,0.0
2022_08,2022,8,09-178-00910,261862,0,0.0,0.0,,0.0
2022_08,2022,8,09-163-00845,376560,34,9.029105587422986e-05,3.0097018624743288e-05,0.3333333333333333,11.333333333333332
2022_08,2022,8,09-178-00908,201134,4,1.988723935286923e-05,6.629079784289744e-06,0.3333333333333333,1.3333333333333333
2022_08,2022,8,09-201-01007,294612,0,0.0,0.0,,0.0
2022_08,2022,8,09-153-00800,602599,28,4.646539406802865e-05,1.5488464689342884e-05,0.3333333333333334,9.333333333333332
2022_08,2022,8,09-166-00856,352698,4,1.1341147383880828e-05,3.7803824612936088e-06,0.3333333333333333,1.3333333333333333
2022_08,2022,8,09-192-00974,175773,38,0.0002161879241976,7.206264139922892e-05,0.3333333333333334,12.666666666666666
2022_08,2022,8,09-195-00990,388183,17794,0.0458392047049973,0.0153613115463582,0.335112959424525,5962.999999999998
2022_08,2022,8,09-706-00912,254493,0,0.0,0.0,,0.0
2022_08,2022,8,09-179-06868,99300,13,0.0001309164149043,4.3638804968110104e-05,0.3333333333333333,4.333333333333333
2022_08,2022,8,09-133-00708,481254,0,0.0,0.0,,0.0
2022_08,2022,8,09-134-00714,322143,0,0.0,0.0,,0.0
2022_08,2022,8,09-134-00712,415034,0,0.0,0.0,,0.0
2022_08,2022,8,09-180-00919,1011741,4411,0.0043598114537218,0.0014532704845739,0.3333333333333333,1470.333333333333
2022_08,2022,8,09-170-00874,342800,6969,0.0203296382730455,0.0067804356281602,0.3335246568135074,2324.333333333333
2022_08,2022,8,09-184-00933,291221,0,0.0,0.0,,0.0
2022_08,2022,8,09-187-00944,298977,86,0.0002876475447944,9.588251493147188e-05,0.3333333333333332,28.666666666666664
2022_08,2022,8,09-150-00788,262215,0,0.0,0.0,,0.0
2022_08,2022,8,09-175-00890,135635,9527,0.0702399823054521,0.0385544537422739,0.5488961197998671,5229.333333333333
2022_08,2022,8,09-706-00914,268793,0,0.0,0.0,,0.0
2022_08,2022,8,09-137-00730,292765,0,0.0,0.0,,0.0
2022_08,2022,8,09-142-00748,150890,72,0.0004771687984624,0.0001590562661541,0.3333333333333333,24.0
2022_08,2022,8,09-150-00786,368451,0,0.0,0.0,,0.0
2022_08,2022,8,09-170-00873,339219,26482,0.0780675610741143,0.0270258053548494,0.3461848299473856,9167.666666666672
2022_08,2022,8,09-198-00999,115901,109,0.0009404578045055,0.0003134859348351,0.3333333333333334,36.33333333333333
2022_08,2022,8,09-162-00842,406694,6321,0.0155423979699725,0.0051807993233241,0.3333333333333333,2106.9999999999995
2022_08,2022,8,09-191-00966,269074,1,3.716449749882932e-06,1.2388165832943103e-06,0.3333333333333333,0.3333333333333333
2022_08,2022,8,09-170-00872,579285,57440,0.0991567190588397,0.0435933953062827,0.4396413649025069,25253.0
2022_08,2022,8,09-149-00782,527449,2287,0.0043359642354047,0.0014794479339866,0.3412039061361317,780.3333333333334
2022_08,2022,8,09-194-00982,205060,0,0.0,0.0,,0.0
2022_08,2022,8,09-150-00784,384386,0,0.0,0.0,,0.0
2022_08,2022,8,09-180-00921,372294,0,0.0,0.0,,0.0
2022_08,2022,8,09-176-00898,413974,0,0.0,0.0,,0.0
2022_08,2022,8,09-153-00797,394078,27,6.851435502616233e-05,2.283811834205411e-05,0.3333333333333334,9.0
2022_08,2022,8,09-191-00967,226329,12,5.302016091618838e-05,1.7673386972062794e-05,0.3333333333333333,4.0
2022_08,2022,8,09-189-01020,452164,0,0.0,0.0,,0.0
2022_08,2022,8,09-193-00980,148532,9889,0.0665782457652223,0.0221927485884074,0.3333333333333332,3296.3333333333326
2022_08,2022,8,09-157-00820,188559,0,0.0,0.0,,0.0
2022_08,2022,8,09-193-00978,359703,31328,0.0870940748339602,0.0309431206671429,0.3552838781069117,11130.333333333332
2022_08,2022,8,09-182-00925,485482,2414,0.0049723779666393,0.0016574593222131,0.3333333333333333,804.6666666666666
2022_08,2022,8,09-170-00871,719959,42276,0.0587200104450392,0.0255681226292052,0.4354243542435424,18407.999999999985
2022_08,2022,8,09-193-00979,247294,4,1.6175079055698884e-05,5.391693018566294e-06,0.3333333333333333,1.3333333333333333
2022_08,2022,8,09-188-00952,177713,0,0.0,0.0,,0.0
2022_08,2022,8,09-184-00934,289370,0,0.0,0.0,,0.0
2022_08,2022,8,09-175-00891,330339,7368,0.0223043600664771,0.0088030780501242,0.3946796959826275,2908.0
2022_08,2022,8,09-150-00787,332909,0,0.0,0.0,,0.0
2022_08,2022,8,09-190-00961,167415,1,5.973180419914584e-06,1.9910601399715275e-06,0.3333333333333333,0.3333333333333333
2022_08,2022,8,09-193-00975,163355,1,6.121636925713936e-06,2.0405456419046452e-06,0.3333333333333333,0.3333333333333333
2022_08,2022,8,09-192-00971,157492,0,0.0,0.0,,0.0
2022_08,2022,8,09-188-00954,227200,0,0.0,0.0,,0.0
2022_08,2022,8,09-153-00799,600756,8,1.3316554474695215e-05,4.438851491565072e-06,0.3333333333333333,2.6666666666666665
2022_08,2022,8,09-183-00928,527456,0,0.0,0.0,,0.0
2022_08,2022,8,09-188-00950,378900,0,0.0,0.0,,0.0
2022_08,2022,8,09-754-00778,413294,189,0.0004573015819247,0.0001524338606415,0.3333333333333334,62.99999999999999
2022_08,2022,8,09-160-00834,219908,0,0.0,0.0,,0.0
2022_08,2022,8,09-164-00849,478213,7,1.4637828749950336e-05,4.879276249983446e-06,0.3333333333333333,2.3333333333333335
2022_08,2022,8,09-153-00798,720203,0,0.0,0.0,,0.0
2022_08,2022,8,09-202-01012,405423,10251,0.0252847026439052,0.0091205152807479,0.3607127759893343,3697.6666666666656
2022_08,2022,8,09-173-00883,338786,0,0.0,0.0,,0.0
2022_08,2022,8,09-187-00946,224671,0,0.0,0.0,,0.0
2022_08,2022,8,09-191-00968,309591,8,2.584054446027178e-05,8.613514820090592e-06,0.3333333333333333,2.6666666666666665
2022_08,2022,8,09-175-00889,330664,19514,0.0590145888273292,0.0272996153194783,0.4625909603361689,9027.000000000002
2022_08,2022,8,09-197-00995,308644,10127,0.0328112647581031,0.0193124333104374,0.5885915539317336,5960.666666666666
2022_08,2022,8,09-173-00882,498630,0,0.0,0.0,,0.0
2022_08,2022,8,09-156-00817,356910,0,0.0,0.0,,0.0
2022_08,2022,8,09-158-00825,434797,0,0.0,0.0,,0.0
2022_08,2022,8,09-176-00897,199909,2788,0.0139463455872421,0.004648781862414,0.3333333333333333,929.3333333333331
2022_08,2022,8,09-176-00900,260918,1315,0.005039897592347,0.0016799658641156,0.3333333333333333,438.33333333333326
2022_08,2022,8,09-193-00977,237715,333,0.0014008371369076,0.0004669457123025,0.3333333333333333,111.0
2022_08,2022,8,09-163-00843,302821,0,0.0,0.0,,0.0
2022_08,2022,8,09-175-00892,261816,11472,0.0438170318085984,0.0146196820158686,0.3336529521152951,3827.6666666666656
2022_08,2022,8,09-148-00776,246935,0,0.0,0.0,,0.0
2022_08,2022,8,09-171-00875,1053260,16980,0.0161213755388033,0.008019862142301,0.4974676089517079,8446.999999999998
2022_08,2022,8,09-189-00957,199858,0,0.0,0.0,,0.0
2022_08,2022,8,09-202-01010,278489,476,0.0017092237036292,0.000569741234543,0.3333333333333332,158.66666666666663
2022_08,2022,8,09-172-00879,551167,5146,0.009336553168096,0.0048067706037069,0.5148335276590231,2649.3333333333344
2022_08,2022,8,09-167-00863,887820,0,0.0,0.0,,0.0
2022_08,2022,8,09-188-00953,227384,0,0.0,0.0,,0.0
2022_08,2022,8,09-186-00942,263107,0,0.0,0.0,,0.0
2022_08,2022,8,09-133-00710,201231,0,0.0,0.0,,0.0
2022_08,2022,8,09-142-00751,243375,0,0.0,0.0,,0.0
2022_08,2022,8,09-194-00986,264230,62,0.0002346440600991,8.57838499287237e-05,0.3655913978494623,22.666666666666664
2022_08,2022,8,09-165-00855,391542,2888,0.0073759647751709,0.0024586549250569,0.3333333333333333,962.6666666666664
2022_08,2022,8,09-175-00895,367474,0,0.0,0.0,,0.0
2022_08,2022,8,09-169-00868,543161,0,0.0,0.0,,0.0
2022_08,2022,8,09-173-00881,477275,3373,0.0070672044418836,0.0023557348139612,0.3333333333333333,1124.3333333333333
2022_08,2022,8,09-153-00801,671058,0,0.0,0.0,,0.0
2022_08,2022,8,09-191-00969,290817,10,3.438588528180952e-05,1.1461961760603174e-05,0.3333333333333333,3.333333333333333
2022_08,2022,8,09-196-00992,295253,23261,0.0787832807795348,0.0311653621357502,0.3955834515569694,9201.666666666666
2022_08,2022,8,09-194-00981,314504,4,1.2718439193142218e-05,4.239479731047406e-06,0.3333333333333333,1.3333333333333333
2022_08,2022,8,09-142-00745,138357,0,0.0,0.0,,0.0
2022_08,2022,8,09-193-00976,178340,0,0.0,0.0,,0.0
2022_08,2022,8,09-163-00847,238667,1542,0.0064608848311664,0.0021536282770554,0.3333333333333333,514.0
2022_08,2022,8,09-174-00885,264114,22,8.329736401705325e-05,2.7765788005684413e-05,0.3333333333333332,7.333333333333333
2022_08,2022,8,09-176-00899,186307,668,0.003585479879983,0.0011951599599943,0.3333333333333333,222.6666666666666
2022_08,2022,8,09-155-00810,470255,3,6.379517495826732e-06,2.126505831942244e-06,0.3333333333333333,1.0
2022_08,2022,8,09-142-00747,311571,0,0.0,0.0,,0.0
2022_08,2022,8,09-177-00904,195264,612,0.0031342182890855,0.0010447394296951,0.3333333333333333,204.0
2022_08,2022,8,09-175-00888,297872,19448,0.0652897889026158,0.0374444951746611,0.5735122720416838,11153.666666666668
2022_08,2022,8,09-179-00915,343161,0,0.0,0.0,,0.0
2022_08,2022,8,09-166-00858,393596,0,0.0,0.0,,0.0
2022_08,2022,8,09-167-00861,530899,0,0.0,0.0,,0.0
2022_08,2022,8,09-189-00958,296625,0,0.0,0.0,,0.0
2022_08,2022,8,09-178-00907,215692,7,3.245368395675315e-05,1.0817894652251049e-05,0.3333333333333333,2.333333333333333
2022_08,2022,8,09-183-00930,479320,2035,0.0042455979304014,0.0014151993101338,0.3333333333333333,678.3333333333333
2022_08,2022,8,09-706-00824,300683,4,1.33030467302774e-05,4.434348910092467e-06,0.3333333333333333,1.3333333333333333
2022_08,2022,8,09-160-00835,329400,0,0.0,0.0,,0.0
2022_08,2022,8,09-182-00926,694511,830,0.0011950854630092,0.000398361821003,0.3333333333333333,276.6666666666667
2022_08,2022,8,09-158-00828,191411,662,0.003458526416977,0.0011528421389923,0.3333333333333333,220.66666666666663
2022_08,2022,8,09-156-00816,450282,0,0.0,0.0,,0.0
2022_08,2022,8,09-165-00854,414211,15146,0.0365659048166272,0.0121886349388757,0.3333333333333333,5048.666666666667
2022_08,2022,8,09-182-00927,332992,13,3.9039976936382855e-05,1.301332564546095e-05,0.3333333333333333,4.333333333333333
2022_08,2022,8,09-151-00792,799198,0,0.0,0.0,,0.0
2022_08,2022,8,09-146-00766,245147,0,0.0,0.0,,0.0
2022_08,2022,8,09-159-00831,159959,6019,0.0376283922755206,0.0131012738680953,0.3481752229052445,2095.666666666666
2022_08,2022,8,09-146-00765,212505,0,0.0,0.0,,0.0
2022_08,2022,8,09-139-00736,185647,0,0.0,0.0,,0.0
2022_08,2022,8,09-146-00770,399729,14113,0.0353064200996174,0.0117688066998724,0.3333333333333333,4704.333333333332
2022_08,2022,8,09-139-00735,336441,0,0.0,0.0,,0.0
2022_08,2022,8,09-132-00701,475536,0,0.0,0.0,,0.0
2022_08,2022,8,09-161-00839,320874,0,0.0,0.0,,0.0
2022_08,2022,8,09-181-00923,604889,4024,0.0066524602034422,0.0022174867344807,0.3333333333333332,1341.333333333333
2022_08,2022,8,09-135-00718,30548,0,0.0,0.0,,0.0
2022_08,2022,8,09-159-00830,426482,9515,0.0223104374862245,0.0079393737602055,0.355859169732002,3386.0
2022_08,2022,8,09-146-00768,361215,0,0.0,0.0,,0.0
2022_08,2022,8,09-146-00767,325049,0,0.0,0.0,,0.0
2022_08,2022,8,09-161-00837,75946,0,0.0,0.0,,0.0
2022_08,2022,8,09-144-00757,123732,0,0.0,0.0,,0.0
2022_08,2022,8,09-136-00727,196786,0,0.0,0.0,,0.0
2022_08,2022,8,09-152-00795,465633,0,0.0,0.0,,0.0
2022_08,2022,8,09-704-00707,281095,0,0.0,0.0,,0.0
2022_08,2022,8,09-144-00758,256852,0,0.0,0.0,,0.0
2022_08,2022,8,09-147-00774,340107,0,0.0,0.0,,0.0
2022_08,2022,8,09-136-00723,187020,0,0.0,0.0,,0.0
2022_08,2022,8,09-143-00754,410192,142,0.0003461793501579,0.0001153931167193,0.3333333333333333,47.33333333333333
2022_08,2022,8,09-151-00791,432129,0,0.0,0.0,,0.0
2022_08,2022,8,09-143-00753,226024,0,0.0,0.0,,0.0
2022_08,2022,8,09-143-00756,249299,0,0.0,0.0,,0.0
2022_08,2022,8,09-143-00752,318265,0,0.0,0.0,,0.0
2022_08,2022,8,09-143-00755,483242,0,0.0,0.0,,0.0
2022_08,2022,8,09-151-00790,488682,0,0.0,0.0,,0.0
2022_08,2022,8,09-154-00806,438084,441,0.001006656257704,0.0003355520859013,0.3333333333333333,147.0
2022_08,2022,8,09-154-00805,437183,21,4.803480464702424e-05,1.601160154900808e-05,0.3333333333333332,7.0
2022_08,2022,8,09-154-00807,364754,3095,0.0084851708274617,0.0028283902758205,0.3333333333333332,1031.6666666666667
2022_08,2022,8,09-154-00803,630238,0,0.0,0.0,,0.0
2022_08,2022,8,09-154-00808,344653,0,0.0,0.0,,0.0
2022_08,2022,8,09-154-00804,384169,0,0.0,0.0,,0.0
2022_08,2022,8,09-139-00737,85364,0,0.0,0.0,,0.0
2022_08,2022,8,09-137-00718,136360,0,0.0,0.0,,0.0
2022_08,2022,8,09-202-01011,205123,41,0.0001998800719568,6.662669065227529e-05,0.3333333333333333,13.666666666666664
2022_08,2022,8,09-178-00911,138083,0,0.0,0.0,,0.0
2022_08,2022,8,09-173-00884,190238,0,0.0,0.0,,0.0
2022_09,2022,9,09-168-00865,329413,0,0.0,0.0,,0.0
2022_09,2022,9,09-200-01005,1474789,124,8.407982430028973e-05,1.401330405004829e-05,0.1666666666666666,20.666666666666668
2022_09,2022,9,09-177-00902,260579,2018,0.007744292517816,0.001290715419636,0.1666666666666666,336.3333333333333
2022_09,2022,9,09-185-00940,106837,0,0.0,0.0,,0.0
2022_09,2022,9,09-190-00960,177168,4590,0.0259076131129775,0.0059058821758632,0.2279593318809004,1046.3333333333337
2022_09,2022,9,09-156-00814,462391,1199,0.002593043549723,0.0004321739249538,0.1666666666666666,199.83333333333331
2022_09,2022,9,09-191-00965,410177,12143,0.0296042927809214,0.0068657351988694,0.2319168794092618,2816.1666666666656
2022_09,2022,9,09-149-00781,328046,0,0.0,0.0,,0.0
2022_09,2022,9,09-188-00949,155805,11612,0.0745290587593466,0.0235069477872982,0.315406476059249,3662.499999999998
2022_09,2022,9,09-195-00988,251880,20,7.940289026520565e-05,1.3233815044200942e-05,0.1666666666666666,3.333333333333333
2022_09,2022,9,09-190-00962,217454,1865,0.0085765265297488,0.0014807729450826,0.1726541554959785,321.9999999999999
2022_09,2022,9,09-158-00829,298492,0,0.0,0.0,,0.0
2022_09,2022,9,09-754-00721,406625,14,3.442975714724869e-05,5.738292857874781e-06,0.1666666666666666,2.333333333333333
2022_09,2022,9,09-155-00813,650968,3,4.6085214634206286e-06,7.680869105701048e-07,0.1666666666666666,0.5
2022_09,2022,9,09-138-00732,272541,82,0.0003008721623535,5.0145360392259027e-05,0.1666666666666666,13.666666666666668
2022_09,2022,9,09-168-00866,394948,0,0.0,0.0,,0.0
2022_09,2022,9,09-155-00809,439582,0,0.0,0.0,,0.0
2022_09,2022,9,09-142-00750,250168,0,0.0,0.0,,0.0
2022_09,2022,9,09-184-00932,234600,9345,0.0398337595907928,0.0066389599317988,0.1666666666666666,1557.5000000000005
2022_09,2022,9,09-197-00996,373044,1454,0.0038976635463913,0.0015802425451153,0.405433287482806,589.5
2022_09,2022,9,09-195-00991,317767,8277,0.0260473869218641,0.006343222130261,0.2435262373645846,2015.6666666666663
2022_09,2022,9,09-187-00945,313718,678,0.0021611765980912,0.0003601960996818,0.1666666666666666,113.0
2022_09,2022,9,09-135-00720,254144,0,0.0,0.0,,0.0
2022_09,2022,9,09-136-00725,222934,0,0.0,0.0,,0.0
2022_09,2022,9,09-161-00840,228773,356,0.0015561276898934,0.0002593546149822,0.1666666666666666,59.33333333333333
2022_09,2022,9,09-132-00704,257380,0,0.0,0.0,,0.0
2022_09,2022,9,09-161-00838,292983,795,0.0027134680169156,0.0004522446694859,0.1666666666666666,132.5
2022_09,2022,9,09-159-00832,400347,1376,0.0034370183865496,0.0005728363977582,0.1666666666666666,229.33333333333337
2022_09,2022,9,09-146-00769,281161,2088,0.0074263500272086,0.0012377250045347,0.1666666666666666,348.0
2022_09,2022,9,09-147-00772,204623,877,0.0042859307116013,0.0007143217852668,0.1666666666666666,146.16666666666669
2022_09,2022,9,09-705-00741,213900,0,0.0,0.0,,0.0
2022_09,2022,9,09-140-00739,209876,0,0.0,0.0,,0.0
2022_09,2022,9,09-705-00740,297471,11,3.697839453257629e-05,6.16306575542938e-06,0.1666666666666666,1.8333333333333333
2022_09,2022,9,09-144-00759,215757,0,0.0,0.0,,0.0
2022_09,2022,9,09-181-00924,271108,2575,0.0094980598138011,0.0015830099689668,0.1666666666666666,429.16666666666663
2022_09,2022,9,09-152-00796,427590,910,0.0021282069271966,0.0003547011545327,0.1666666666666666,151.66666666666666
2022_09,2022,9,09-147-00773,372557,0,0.0,0.0,,0.0
2022_09,2022,9,09-161-00836,127717,0,0.0,0.0,,0.0
2022_09,2022,9,09-704-00706,301739,0,0.0,0.0,,0.0
2022_09,2022,9,09-146-00763,204,0,0.0,0.0,,0.0
2022_09,2022,9,09-136-00728,183511,0,0.0,0.0,,0.0
2022_09,2022,9,09-140-00738,207515,0,0.0,0.0,,0.0
2022_09,2022,9,09-135-00719,354336,0,0.0,0.0,,0.0
2022_09,2022,9,09-132-00703,401527,0,0.0,0.0,,0.0
2022_09,2022,9,09-152-00793,580285,0,0.0,0.0,,0.0
2022_09,2022,9,09-136-00726,150547,0,0.0,0.0,,0.0
2022_09,2022,9,09-132-00705,219439,0,0.0,0.0,,0.0
2022_09,2022,9,09-144-00760,211102,18800,0.089056475068924,0.0148427458448206,0.1666666666666666,3133.3333333333335
2022_09,2022,9,09-132-00702,366805,19,5.179863960414934e-05,8.633106600691556e-06,0.1666666666666666,3.1666666666666665
2022_09,2022,9,09-136-00724,143308,0,0.0,0.0,,0.0
2022_09,2022,9,09-135-00717,254438,0,0.0,0.0,,0.0
2022_09,2022,9,09-152-00794,488045,0,0.0,0.0,,0.0
2022_09,2022,9,09-147-00771,175151,15027,0.0857945429943306,0.0142990904990551,0.1666666666666666,2504.5000000000005
2022_09,2022,9,09-185-00939,386079,587,0.0015204142157434,0.0002534023692905,0.1666666666666666,97.83333333333331
2022_09,2022,9,09-198-00997,156799,16,0.0001020414671011,1.7006911183532207e-05,0.1666666666666666,2.6666666666666665
2022_09,2022,9,09-185-00937,194814,0,0.0,0.0,,0.0
2022_09,2022,9,09-190-00963,160556,50,0.0003114178230648,5.190297051080828e-05,0.1666666666666666,8.333333333333334
2022_09,2022,9,09-163-00846,294793,1049,0.0035584291350201,0.0005930715225033,0.1666666666666666,174.83333333333331
2022_09,2022,9,09-148-00777,534222,2347,0.0043933046561167,0.0007322174426861,0.1666666666666666,391.1666666666666
2022_09,2022,9,09-162-00841,500362,0,0.0,0.0,,0.0
2022_09,2022,9,09-156-00818,279219,19,6.804694522937192e-05,1.1341157538228651e-05,0.1666666666666666,3.166666666666666
2022_09,2022,9,09-134-00713,386244,645,0.0016699288532637,0.0002783214755439,0.1666666666666666,107.5
2022_09,2022,9,09-177-00906,250854,1,3.986382517320832e-06,6.643970862201386e-07,0.1666666666666666,0.1666666666666666
2022_09,2022,9,09-155-00812,429043,1051,0.0024496379150807,0.0004082729858467,0.1666666666666666,175.16666666666663
2022_09,2022,9,09-164-00848,370811,0,0.0,0.0,,0.0
2022_09,2022,9,09-149-00780,163959,0,0.0,0.0,,0.0
2022_09,2022,9,09-172-00877,578515,0,0.0,0.0,,0.0
2022_09,2022,9,09-149-00779,424312,14,3.2994588887422464e-05,5.499098147903743e-06,0.1666666666666666,2.333333333333333
2022_09,2022,9,09-133-00709,239561,0,0.0,0.0,,0.0
2022_09,2022,9,09-142-00746,268384,0,0.0,0.0,,0.0
2022_09,2022,9,09-191-00964,196858,2,1.0159607432768798e-05,1.6932679054614662e-06,0.1666666666666666,0.3333333333333333
2022_09,2022,9,09-188-00948,162682,4160,0.025571360076714,0.007829180036308,0.3061698717948718,1273.6666666666663
2022_09,2022,9,09-174-00887,222864,0,0.0,0.0,,0.0
2022_09,2022,9,09-196-00994,546376,22,4.026531179993265e-05,6.710885299988774e-06,0.1666666666666666,3.6666666666666665
2022_09,2022,9,09-196-00993,289783,25,8.627145139638971e-05,1.4378575232731616e-05,0.1666666666666666,4.166666666666666
2022_09,2022,9,09-754-00722,288905,0,0.0,0.0,,0.0
2022_09,2022,9,09-134-00716,369671,55,0.0001487809430547,2.479682384246172e-05,0.1666666666666666,9.166666666666666
2022_09,2022,9,09-169-00869,361592,0,0.0,0.0,,0.0
2022_09,2022,9,09-188-00951,166741,3252,0.0195033015275187,0.0038992609296253,0.1999282492824928,650.1666666666666
2022_09,2022,9,09-145-00761,479404,0,0.0,0.0,,0.0
2022_09,2022,9,09-160-00833,392874,0,0.0,0.0,,0.0
2022_09,2022,9,09-199-01003,461086,14795,0.0320872895728779,0.0090359137630145,0.2816041455446659,4166.333333333333
2022_09,2022,9,09-183-00929,463344,876,0.0018906039573189,0.0003151006595531,0.1666666666666666,145.99999999999997
2022_09,2022,9,09-141-00742,220757,0,0.0,0.0,,0.0
2022_09,2022,9,09-158-00827,191397,0,0.0,0.0,,0.0
2022_09,2022,9,09-149-00783,492792,2196,0.0044562411727463,0.0007427068621243,0.1666666666666666,366.00000000000006
2022_09,2022,9,09-190-00959,415288,50,0.0001203983741403,2.0066395690059264e-05,0.1666666666666666,8.333333333333332
2022_09,2022,9,09-163-00844,203413,0,0.0,0.0,,0.0
2022_09,2022,9,09-134-00715,382484,12,3.137386139028038e-05,5.228976898380062e-06,0.1666666666666666,2.0
2022_09,2022,9,09-134-00715,382484,12,3.137386139028038e-05,0.0,,0.0
2022_09,2022,9,09-137-00729,307474,0,0.0,0.0,,0.0
2022_09,2022,9,09-153-00802,512014,10668,0.0208353677829121,0.003472561297152,0.1666666666666666,1777.9999999999995
2022_09,2022,9,09-142-00749,242401,0,0.0,0.0,,0.0
2022_09,2022,9,09-184-00936,228406,11143,0.0487859338196019,0.0105105236581642,0.2154416823715934,2400.666666666666
2022_09,2022,9,09-200-01006,1184003,40,3.378369818319717e-05,5.630616363866195e-06,0.1666666666666666,6.666666666666666
2022_09,2022,9,09-201-01008,564254,0,0.0,0.0,,0.0
2022_09,2022,9,09-177-00905,219626,82,0.000373361988107,6.222699801784244e-05,0.1666666666666666,13.666666666666664
2022_09,2022,9,09-150-00789,293976,0,0.0,0.0,,0.0
2022_09,2022,9,09-176-00896,331038,0,0.0,0.0,,0.0
2022_09,2022,9,09-172-00878,731611,2,2.733693178478727e-06,4.556155297464545e-07,0.1666666666666666,0.3333333333333333
2022_09,2022,9,09-166-00857,468438,10,2.13475422574599e-05,3.5579237095766496e-06,0.1666666666666666,1.6666666666666663
2022_09,2022,9,09-706-00913,263012,0,0.0,0.0,,0.0
2022_09,2022,9,09-141-00743,238619,0,0.0,0.0,,0.0
2022_09,2022,9,09-195-00989,302426,2655,0.0087790070959507,0.0030657637460623,0.3492153170119272,927.1666666666666
2022_09,2022,9,09-186-00943,260659,6843,0.0262526902965176,0.0066050536013207,0.2515953042038092,1721.6666666666667
2022_09,2022,9,09-200-01004,379547,0,0.0,0.0,,0.0
2022_09,2022,9,09-164-00850,495630,0,0.0,0.0,,0.0
2022_09,2022,9,09-198-00998,178466,2,1.120661638631448e-05,1.86776939771908e-06,0.1666666666666666,0.3333333333333333
2022_09,2022,9,09-175-00893,333942,950,0.0028448053853663,0.0006088881702012,0.2140350877192982,203.33333333333331
2022_09,2022,9,09-176-00901,340198,0,0.0,0.0,,0.0
2022_09,2022,9,09-168-00864,478043,6220,0.0130113818213005,0.0028146003602186,0.2163183279742765,1345.5000000000002
2022_09,2022,9,09-155-00811,716885,0,0.0,0.0,,0.0
2022_09,2022,9,09-185-00938,565747,4392,0.0077631874318379,0.0012938645719729,0.1666666666666666,731.9999999999999
2022_09,2022,9,09-156-00815,503635,111,0.000220397708658,3.673295144300932e-05,0.1666666666666667,18.5
2022_09,2022,9,09-137-00731,389674,0,0.0,0.0,,0.0
2022_09,2022,9,09-189-00956,345746,23,6.652282311292104e-05,1.108713718548684e-05,0.1666666666666666,3.8333333333333326
2022_09,2022,9,09-184-00935,264747,10020,0.037847454362089,0.0068889669508373,0.1820192947438456,1823.8333333333337
2022_09,2022,9,09-179-00916,233484,1,4.2829487245378696e-06,7.138247874229783e-07,0.1666666666666666,0.1666666666666666
2022_09,2022,9,09-195-00987,245762,7,2.8482841122712218e-05,4.747140187118703e-06,0.1666666666666666,1.1666666666666667
2022_09,2022,9,09-178-00909,227386,0,0.0,0.0,,0.0
2022_09,2022,9,09-165-00852,305100,13460,0.0441166830547361,0.0096771550311373,0.2193536404160475,2952.5
2022_09,2022,9,09-201-01009,238336,1480,0.0062097207303974,0.0010349534550662,0.1666666666666666,246.66666666666663
2022_09,2022,9,09-133-00711,340025,109,0.0003205646643629,5.342744406048575e-05,0.1666666666666667,18.166666666666668
2022_09,2022,9,09-194-00984,316740,0,0.0,0.0,,0.0
2022_09,2022,9,09-141-00744,185943,0,0.0,0.0,,0.0
2022_09,2022,9,09-166-00860,527344,0,0.0,0.0,,0.0
2022_09,2022,9,09-179-00918,276522,0,0.0,0.0,,0.0
2022_09,2022,9,09-180-00922,452765,18527,0.0409196823959449,0.0074910089487187,0.183066155700689,3391.6666666666665
2022_09,2022,9,09-165-00853,559929,16165,0.028869731698126,0.006320146542389,0.2189194762346633,3538.833333333334
2022_09,2022,9,09-199-01001,596718,0,0.0,0.0,,0.0
2022_09,2022,9,09-173-00880,152240,0,0.0,0.0,,0.0
2022_09,2022,9,09-158-00826,319635,0,0.0,0.0,,0.0
2022_09,2022,9,09-167-00862,811300,0,0.0,0.0,,0.0
2022_09,2022,9,09-179-00917,245396,0,0.0,0.0,,0.0
2022_09,2022,9,09-157-00821,421688,0,0.0,0.0,,0.0
2022_09,2022,9,09-194-00983,361483,0,0.0,0.0,,0.0
2022_09,2022,9,09-165-00851,370466,8546,0.0230682437794561,0.0058089001419833,0.2518137140182541,2152.0000000000005
2022_09,2022,9,09-192-00972,210693,26063,0.1237013094882127,0.0342378088814847,0.2767780634104542,7213.666666666666
2022_09,2022,9,09-145-00763,214986,0,0.0,0.0,,0.0
2022_09,2022,9,09-158-00823,323632,0,0.0,0.0,,0.0
2022_09,2022,9,09-187-00947,492064,823,0.0016725466605969,0.0002787577767661,0.1666666666666666,137.16666666666669
2022_09,2022,9,09-180-00920,407001,7915,0.0194471266655364,0.0032411877775894,0.1666666666666666,1319.166666666666
2022_09,2022,9,09-169-00870,547910,0,0.0,0.0,,0.0
2022_09,2022,9,09-148-00775,454824,0,0.0,0.0,,0.0
2022_09,2022,9,09-157-00819,214525,0,0.0,0.0,,0.0
2022_09,2022,9,09-174-00886,309590,18,5.814141283633192e-05,9.690235472721988e-06,0.1666666666666666,3.0
2022_09,2022,9,09-183-00931,325656,0,0.0,0.0,,0.0
2022_09,2022,9,09-194-00985,337075,6,1.7800192835422383e-05,2.9666988059037305e-06,0.1666666666666666,1.0
2022_09,2022,9,09-199-01002,383497,0,0.0,0.0,,0.0
2022_09,2022,9,09-145-00762,331571,0,0.0,0.0,,0.0
2022_09,2022,9,09-145-00764,488110,0,0.0,0.0,,0.0
2022_09,2022,9,09-171-00876,364207,0,0.0,0.0,,0.0
2022_09,2022,9,09-192-00973,231936,0,0.0,0.0,,0.0
2022_09,2022,9,09-168-00867,534892,8460,0.0158162769306701,0.0027454140275046,0.1735815602836879,1468.4999999999998
2022_09,2022,9,09-166-00859,493707,0,0.0,0.0,,0.0
2022_09,2022,9,09-138-00733,485945,321,0.0006605685828643,0.0001100947638107,0.1666666666666666,53.49999999999999
2022_09,2022,9,09-138-00734,432203,12,2.776473092505142e-05,4.627455154175237e-06,0.1666666666666666,2.0
2022_09,2022,9,09-186-00941,214723,1183,0.0055094237692282,0.0013342771850244,0.2421808960270498,286.49999999999994
2022_09,2022,9,09-191-00970,181503,0,0.0,0.0,,0.0
2022_09,2022,9,09-175-00894,374485,61,0.0001628903694406,2.714839490678309e-05,0.1666666666666666,10.166666666666666
2022_09,2022,9,09-177-00903,281962,0,0.0,0.0,,0.0
2022_09,2022,9,09-150-00785,239726,1,4.17142904816332e-06,6.952381746938865e-07,0.1666666666666666,0.1666666666666666
2022_09,2022,9,09-199-01000,515914,11478,0.0222478940288497,0.0053393911905214,0.2399953534297497,2754.666666666666
2022_09,2022,9,09-157-00822,314022,0,0.0,0.0,,0.0
2022_09,2022,9,09-134-00715,244927,0,0.0,5.228976898380062e-06,0.1666666666666666,2.0
2022_09,2022,9,09-134-00715,244927,0,0.0,0.0,,0.0
2022_09,2022,9,09-178-00910,261862,0,0.0,0.0,,0.0
2022_09,2022,9,09-163-00845,376560,0,0.0,0.0,,0.0
2022_09,2022,9,09-178-00908,201134,298,0.0014815993317887,0.0002469332219647,0.1666666666666666,49.666666666666664
2022_09,2022,9,09-201-01007,294612,16,5.430871790694201e-05,9.051452984490337e-06,0.1666666666666666,2.6666666666666665
2022_09,2022,9,09-153-00800,602599,0,0.0,0.0,,0.0
2022_09,2022,9,09-166-00856,352698,6008,0.017034403370589,0.0044906218162091,0.2636207279183311,1583.8333333333328
2022_09,2022,9,09-192-00974,175773,0,0.0,0.0,,0.0
2022_09,2022,9,09-195-00990,388183,8574,0.0220875205766352,0.0061577486219987,0.2787885856465282,2390.333333333333
2022_09,2022,9,09-706-00912,254493,0,0.0,0.0,,0.0
2022_09,2022,9,09-179-06868,99300,0,0.0,0.0,,0.0
2022_09,2022,9,09-133-00708,481254,205,0.0004259704854401,7.099508090668682e-05,0.1666666666666666,34.16666666666666
2022_09,2022,9,09-134-00714,322143,13,4.0354749288359515e-05,6.725791548059919e-06,0.1666666666666666,2.1666666666666665
2022_09,2022,9,09-134-00712,415034,1086,0.0026166530934814,0.0004361088489135,0.1666666666666666,181.0
2022_09,2022,9,09-180-00919,1011741,32140,0.0317670233785128,0.0052945038964188,0.1666666666666666,5356.666666666665
2022_09,2022,9,09-170-00874,342800,0,0.0,0.0,,0.0
2022_09,2022,9,09-184-00933,291221,6136,0.0210699091068295,0.0064601568339279,0.306605823554976,1881.3333333333333
2022_09,2022,9,09-187-00944,298977,1315,0.0043983316442401,0.0007425320342367,0.1688212927756654,221.99999999999997
2022_09,2022,9,09-150-00788,262215,0,0.0,0.0,,0.0
2022_09,2022,9,09-175-00890,135635,1288,0.0094960740221919,0.0015826790036986,0.1666666666666666,214.66666666666663
2022_09,2022,9,09-706-00914,268793,0,0.0,0.0,,0.0
2022_09,2022,9,09-137-00730,292765,0,0.0,0.0,,0.0
2022_09,2022,9,09-142-00748,150890,0,0.0,0.0,,0.0
2022_09,2022,9,09-150-00786,368451,0,0.0,0.0,,0.0
2022_09,2022,9,09-170-00873,339219,4,1.1791792322953608e-05,1.965298720492268e-06,0.1666666666666666,0.6666666666666666
2022_09,2022,9,09-198-00999,115901,9,7.765247927110206e-05,1.2942079878517008e-05,0.1666666666666666,1.4999999999999998
2022_09,2022,9,09-162-00842,406694,461,0.0011335303692702,0.0001889217282117,0.1666666666666666,76.83333333333333
2022_09,2022,9,09-191-00966,269074,0,0.0,0.0,,0.0
2022_09,2022,9,09-170-00872,579285,2,3.452532000655981e-06,5.754220001093301e-07,0.1666666666666666,0.3333333333333333
2022_09,2022,9,09-149-00782,527449,3985,0.0075552328281976,0.0015069387435246,0.1994562944374738,794.8333333333331
2022_09,2022,9,09-194-00982,205060,0,0.0,0.0,,0.0
2022_09,2022,9,09-150-00784,384386,0,0.0,0.0,,0.0
2022_09,2022,9,09-180-00921,372294,0,0.0,0.0,,0.0
2022_09,2022,9,09-176-00898,413974,0,0.0,0.0,,0.0
2022_09,2022,9,09-153-00797,394078,0,0.0,0.0,,0.0
2022_09,2022,9,09-191-00967,226329,0,0.0,0.0,,0.0
2022_09,2022,9,09-189-01020,452164,0,0.0,0.0,,0.0
2022_09,2022,9,09-193-00980,148532,8124,0.0546952845178143,0.0097992351816443,0.1791605120630231,1455.4999999999998
2022_09,2022,9,09-157-00820,188559,0,0.0,0.0,,0.0
2022_09,2022,9,09-193-00978,359703,31829,0.0884868905736121,0.0287186002526158,0.3245520332610722,10330.16666666667
2022_09,2022,9,09-182-00925,485482,18781,0.0386852653651422,0.0089296135936382,0.2308272544947908,4335.166666666667
2022_09,2022,9,09-170-00871,719959,34,4.7224911418566893e-05,9.491281216476678e-06,0.2009803921568627,6.833333333333332
2022_09,2022,9,09-193-00979,247294,16891,0.0683033150824524,0.0145676805745388,0.2132792611449884,3602.5
2022_09,2022,9,09-188-00952,177713,27095,0.1524649294086532,0.0631983403952815,0.4145106723257674,11231.166666666662
2022_09,2022,9,09-184-00934,289370,8872,0.03065970902305,0.0074282061029132,0.2422790802524797,2149.5
2022_09,2022,9,09-175-00891,330339,1110,0.0033601845377021,0.0005600307562836,0.1666666666666666,184.99999999999997
2022_09,2022,9,09-150-00787,332909,0,0.0,0.0,,0.0
2022_09,2022,9,09-190-00961,167415,13608,0.0812830391541976,0.0188672858863702,0.2321183617479913,3158.666666666667
2022_09,2022,9,09-193-00975,163355,4221,0.0258394294634385,0.0081652433860814,0.3159993682381742,1333.833333333333
2022_09,2022,9,09-192-00971,157492,593,0.0037652706169202,0.0009312642335272,0.2473299606520517,146.6666666666666
2022_09,2022,9,09-188-00954,227200,39424,0.1735211267605634,0.060706426056338,0.3498503449675324,13792.500000000002
2022_09,2022,9,09-153-00799,600756,0,0.0,0.0,,0.0
2022_09,2022,9,09-183-00928,527456,0,0.0,0.0,,0.0
2022_09,2022,9,09-188-00950,378900,14171,0.0374003694906307,0.0111194686372833,0.2973090584056641,4213.16666666667
2022_09,2022,9,09-754-00778,413294,0,0.0,0.0,,0.0
2022_09,2022,9,09-160-00834,219908,0,0.0,0.0,,0.0
2022_09,2022,9,09-164-00849,478213,22,4.6004604642701056e-05,7.667434107116842e-06,0.1666666666666666,3.6666666666666665
2022_09,2022,9,09-153-00798,720203,0,0.0,0.0,,0.0
2022_09,2022,9,09-202-01012,405423,6646,0.01639275522109,0.0033713759045079,0.2056625539171431,1366.833333333333
2022_09,2022,9,09-173-00883,338786,42,0.0001239720649613,2.0662010826893672e-05,0.1666666666666666,7.0
2022_09,2022,9,09-187-00946,224671,1219,0.0054257113735195,0.0012269793015861,0.226141646158053,275.66666666666663
2022_09,2022,9,09-191-00968,309591,0,0.0,0.0,,0.0
2022_09,2022,9,09-175-00889,330664,11098,0.0335627706675053,0.0069375559480318,0.2067039106145251,2293.9999999999995
2022_09,2022,9,09-197-00995,308644,22,7.127953240626741e-05,1.1879922067711236e-05,0.1666666666666666,3.6666666666666665
2022_09,2022,9,09-173-00882,498630,0,0.0,0.0,,0.0
2022_09,2022,9,09-156-00817,356910,0,0.0,0.0,,0.0
2022_09,2022,9,09-158-00825,434797,0,0.0,0.0,,0.0
2022_09,2022,9,09-176-00897,199909,12270,0.0613779269567653,0.011272629046216,0.1836593317033414,2253.5
2022_09,2022,9,09-176-00900,260918,1703,0.0065269548287201,0.0010878258047866,0.1666666666666666,283.83333333333337
2022_09,2022,9,09-193-00977,237715,0,0.0,0.0,,0.0
2022_09,2022,9,09-163-00843,302821,0,0.0,0.0,,0.0
2022_09,2022,9,09-175-00892,261816,1346,0.0051410150640144,0.0008568358440024,0.1666666666666666,224.33333333333337
2022_09,2022,9,09-148-00776,246935,1300,0.0052645433008686,0.0008774238834781,0.1666666666666666,216.66666666666663
2022_09,2022,9,09-171-00875,1053260,3,2.8482995651595996e-06,4.747165941932667e-07,0.1666666666666666,0.5
2022_09,2022,9,09-189-00957,199858,0,0.0,0.0,,0.0
2022_09,2022,9,09-202-01010,278489,153,0.0005493933333093,9.156555555156576e-05,0.1666666666666666,25.5
2022_09,2022,9,09-172-00879,551167,0,0.0,0.0,,0.0
2022_09,2022,9,09-167-00863,887820,0,0.0,0.0,,0.0
2022_09,2022,9,09-188-00953,227384,12035,0.0529280864088942,0.0136670419495948,0.2582190832294695,3107.666666666667
2022_09,2022,9,09-186-00942,263107,3168,0.0120407286769261,0.0039229920399938,0.3258101851851852,1032.166666666667
2022_09,2022,9,09-133-00710,201231,0,0.0,0.0,,0.0
2022_09,2022,9,09-142-00751,243375,28,0.0001150487930148,1.9174798835815784e-05,0.1666666666666667,4.666666666666666
2022_09,2022,9,09-194-00986,264230,29,0.0001097528668205,1.8292144470095497e-05,0.1666666666666667,4.833333333333333
2022_09,2022,9,09-165-00855,391542,41749,0.1066271306781903,0.0279697537769468,0.2623136681916533,10951.33333333333
2022_09,2022,9,09-175-00895,367474,370,0.0010068739557084,0.0001678123259514,0.1666666666666666,61.66666666666666
2022_09,2022,9,09-169-00868,543161,0,0.0,0.0,,0.0
2022_09,2022,9,09-173-00881,477275,0,0.0,0.0,,0.0
2022_09,2022,9,09-153-00801,671058,118,0.000175841730521,2.9306955086842967e-05,0.1666666666666667,19.666666666666668
2022_09,2022,9,09-191-00969,290817,0,0.0,0.0,,0.0
2022_09,2022,9,09-196-00992,295253,757,0.0025639028223252,0.0004273171370542,0.1666666666666666,126.16666666666669
2022_09,2022,9,09-194-00981,314504,0,0.0,0.0,,0.0
2022_09,2022,9,09-142-00745,138357,0,0.0,0.0,,0.0
2022_09,2022,9,09-193-00976,178340,8526,0.0478075585959403,0.011136032297858,0.2329345531315974,1986.0
2022_09,2022,9,09-163-00847,238667,274,0.0011480430893252,0.0001913405148875,0.1666666666666666,45.666666666666664
2022_09,2022,9,09-174-00885,264114,0,0.0,0.0,,0.0
2022_09,2022,9,09-176-00899,186307,2841,0.0152490244596284,0.0025415040766047,0.1666666666666666,473.5
2022_09,2022,9,09-155-00810,470255,0,0.0,0.0,,0.0
2022_09,2022,9,09-142-00747,311571,0,0.0,0.0,,0.0
2022_09,2022,9,09-177-00904,195264,1477,0.0075641183218616,0.0012606863869769,0.1666666666666666,246.16666666666663
2022_09,2022,9,09-175-00888,297872,5966,0.0200287371756996,0.0034410753612289,0.1718069057995306,1025.0
2022_09,2022,9,09-179-00915,343161,0,0.0,0.0,,0.0
2022_09,2022,9,09-166-00858,393596,0,0.0,0.0,,0.0
2022_09,2022,9,09-167-00861,530899,0,0.0,0.0,,0.0
2022_09,2022,9,09-189-00958,296625,0,0.0,0.0,,0.0
2022_09,2022,9,09-178-00907,215692,207,0.0009597017970068,0.0001599502995011,0.1666666666666667,34.5
2022_09,2022,9,09-183-00930,479320,11430,0.0238462822331636,0.0039743803721939,0.1666666666666666,1905.0
2022_09,2022,9,09-706-00824,300683,0,0.0,0.0,,0.0
2022_09,2022,9,09-160-00835,329400,0,0.0,0.0,,0.0
2022_09,2022,9,09-182-00926,694511,25458,0.0366560068882998,0.0069564532935163,0.1897766255531986,4831.333333333335
2022_09,2022,9,09-158-00828,191411,0,0.0,0.0,,0.0
2022_09,2022,9,09-156-00816,450282,5898,0.0130984582994656,0.0021830763832442,0.1666666666666666,983.0
2022_09,2022,9,09-165-00854,414211,59870,0.1445398601196008,0.0389193752298546,0.2692639608039641,16120.833333333338
2022_09,2022,9,09-182-00927,332992,7590,0.0227933403805496,0.0056237587289384,0.2467281510759771,1872.6666666666663
2022_09,2022,9,09-151-00792,799198,0,0.0,0.0,,0.0
2022_09,2022,9,09-146-00766,245147,1494,0.0060943026021122,0.001015717100352,0.1666666666666666,248.99999999999997
2022_09,2022,9,09-159-00831,159959,3743,0.0233997461849598,0.0038999576974933,0.1666666666666666,623.8333333333333
2022_09,2022,9,09-146-00765,212505,27626,0.1300016470200701,0.0216669411700116,0.1666666666666666,4604.333333333334
2022_09,2022,9,09-139-00736,185647,0,0.0,0.0,,0.0
2022_09,2022,9,09-146-00770,399729,0,0.0,0.0,,0.0
2022_09,2022,9,09-139-00735,336441,0,0.0,0.0,,0.0
2022_09,2022,9,09-132-00701,475536,603,0.0012680427980216,0.0002113404663369,0.1666666666666666,100.5
2022_09,2022,9,09-161-00839,320874,1020,0.0031788178537369,0.0005298029756228,0.1666666666666666,169.99999999999994
2022_09,2022,9,09-181-00923,604889,3773,0.0062375080386649,0.0010395846731108,0.1666666666666666,628.8333333333333
2022_09,2022,9,09-135-00718,30548,0,0.0,0.0,,0.0
2022_09,2022,9,09-159-00830,426482,763,0.0017890555756163,0.0002981759292693,0.1666666666666666,127.16666666666664
2022_09,2022,9,09-146-00768,361215,0,0.0,0.0,,0.0
2022_09,2022,9,09-146-00767,325049,0,0.0,0.0,,0.0
2022_09,2022,9,09-161-00837,75946,0,0.0,0.0,,0.0
2022_09,2022,9,09-144-00757,123732,0,0.0,0.0,,0.0
2022_09,2022,9,09-136-00727,196786,14,7.114327238726332e-05,1.1857212064543889e-05,0.1666666666666666,2.3333333333333335
2022_09,2022,9,09-152-00795,465633,0,0.0,0.0,,0.0
2022_09,2022,9,09-704-00707,281095,0,0.0,0.0,,0.0
2022_09,2022,9,09-144-00758,256852,0,0.0,0.0,,0.0
2022_09,2022,9,09-147-00774,340107,0,0.0,0.0,,0.0
2022_09,2022,9,09-136-00723,187020,0,0.0,0.0,,0.0
2022_09,2022,9,09-143-00754,410192,0,0.0,0.0,,0.0
2022_09,2022,9,09-151-00791,432129,0,0.0,0.0,,0.0
2022_09,2022,9,09-143-00753,226024,61,0.0002698828442997,4.498047404995339e-05,0.1666666666666666,10.166666666666666
2022_09,2022,9,09-143-00756,249299,0,0.0,0.0,,0.0
2022_09,2022,9,09-143-00752,318265,0,0.0,0.0,,0.0
2022_09,2022,9,09-143-00755,483242,17,3.517906142264124e-05,5.863176903773541e-06,0.1666666666666666,2.8333333333333335
2022_09,2022,9,09-151-00790,488682,25,5.115801277722527e-05,8.526335462870877e-06,0.1666666666666666,4.166666666666666
2022_09,2022,9,09-154-00806,438084,977,0.0022301659042558,0.0003716943173759,0.1666666666666666,162.83333333333331
2022_09,2022,9,09-154-00805,437183,2209,0.0050528039745369,0.0008421339957561,0.1666666666666666,368.1666666666666
2022_09,2022,9,09-154-00807,364754,1018,0.0027909221009228,0.0004651536834871,0.1666666666666666,169.66666666666666
2022_09,2022,9,09-154-00803,630238,0,0.0,0.0,,0.0
2022_09,2022,9,09-154-00808,344653,0,0.0,0.0,,0.0
2022_09,2022,9,09-154-00804,384169,0,0.0,0.0,,0.0
2022_09,2022,9,09-139-00737,85364,0,0.0,0.0,,0.0
2022_09,2022,9,09-137-00718,136360,0,0.0,0.0,,0.0
2022_09,2022,9,09-202-01011,205123,29,0.0001413785874816,2.3563097913609557e-05,0.1666666666666667,4.833333333333333
2022_09,2022,9,09-178-00911,138083,0,0.0,0.0,,0.0
2022_09,2022,9,09-173-00884,190238,0,0.0,0.0,,0.0
2022_10,2022,10,09-168-00865,329413,0,0.0,0.0,,0.0
2022_10,2022,10,09-200-01005,1474789,4,2.7122523967835397e-06,2.712252396783541e-07,0.1,0.4
2022_10,2022,10,09-177-00902,260579,6862,0.0263336646468057,0.0059087647124288,0.2243806470416788,1539.7
2022_10,2022,10,09-185-00940,106837,2430,0.0227449291911978,0.0037889495212332,0.1665843621399177,404.7999999999999
2022_10,2022,10,09-190-00960,177168,27399,0.1546498238959631,0.0440694707847918,0.2849629548523669,7807.700000000001
2022_10,2022,10,09-156-00814,462391,0,0.0,0.0,,0.0
2022_10,2022,10,09-191-00965,410177,63281,0.1542772997998425,0.0513249158290201,0.3326796352775715,21052.300000000003
2022_10,2022,10,09-149-00781,328046,0,0.0,0.0,,0.0
2022_10,2022,10,09-188-00949,155805,55202,0.3543018516735663,0.1614062449857193,0.4555613927031628,25147.9
2022_10,2022,10,09-195-00988,251880,2,7.940289026520565e-06,7.940289026520566e-07,0.1,0.2
2022_10,2022,10,09-190-00962,217454,20669,0.0950499875835809,0.0145391669042648,0.152963375102811,3161.6000000000004
2022_10,2022,10,09-158-00829,298492,0,0.0,0.0,,0.0
2022_10,2022,10,09-754-00721,406625,0,0.0,0.0,,0.0
2022_10,2022,10,09-155-00813,650968,0,0.0,0.0,,0.0
2022_10,2022,10,09-138-00732,272541,0,0.0,0.0,,0.0
2022_10,2022,10,09-168-00866,394948,0,0.0,0.0,,0.0
2022_10,2022,10,09-155-00809,439582,0,0.0,0.0,,0.0
2022_10,2022,10,09-142-00750,250168,0,0.0,0.0,,0.0
2022_10,2022,10,09-184-00932,234600,57026,0.24307757885763,0.0819582267689684,0.3371690106267316,19227.4
2022_10,2022,10,09-197-00996,373044,0,0.0,0.0,,0.0
2022_10,2022,10,09-195-00991,317767,2938,0.0092457681257021,0.000936220564124,0.1012593601089176,297.50000000000006
2022_10,2022,10,09-187-00945,313718,396,0.0012622801369382,0.0001262280136938,0.0999999999999999,39.60000000000001
2022_10,2022,10,09-135-00720,254144,0,0.0,0.0,,0.0
2022_10,2022,10,09-136-00725,222934,0,0.0,0.0,,0.0
2022_10,2022,10,09-161-00840,228773,0,0.0,0.0,,0.0
2022_10,2022,10,09-132-00704,257380,0,0.0,0.0,,0.0
2022_10,2022,10,09-161-00838,292983,0,0.0,0.0,,0.0
2022_10,2022,10,09-159-00832,400347,902,0.0022530454830434,0.0002253045483043,0.1,90.20000000000002
2022_10,2022,10,09-146-00769,281161,0,0.0,0.0,,0.0
2022_10,2022,10,09-147-00772,204623,0,0.0,0.0,,0.0
2022_10,2022,10,09-705-00741,213900,0,0.0,0.0,,0.0
2022_10,2022,10,09-140-00739,209876,0,0.0,0.0,,0.0
2022_10,2022,10,09-705-00740,297471,0,0.0,0.0,,0.0
2022_10,2022,10,09-144-00759,215757,0,0.0,0.0,,0.0
2022_10,2022,10,09-181-00924,271108,6452,0.0237986337548135,0.0028169585552621,0.118366398016119,763.7000000000002
2022_10,2022,10,09-152-00796,427590,19068,0.0445941205360275,0.0045952898804929,0.1030469897209985,1964.9000000000008
2022_10,2022,10,09-147-00773,372557,0,0.0,0.0,,0.0
2022_10,2022,10,09-161-00836,127717,0,0.0,0.0,,0.0
2022_10,2022,10,09-704-00706,301739,0,0.0,0.0,,0.0
2022_10,2022,10,09-146-00763,204,0,0.0,0.0,,0.0
2022_10,2022,10,09-136-00728,183511,0,0.0,0.0,,0.0
2022_10,2022,10,09-140-00738,207515,0,0.0,0.0,,0.0
2022_10,2022,10,09-135-00719,354336,0,0.0,0.0,,0.0
2022_10,2022,10,09-132-00703,401527,0,0.0,0.0,,0.0
2022_10,2022,10,09-152-00793,580285,0,0.0,0.0,,0.0
2022_10,2022,10,09-136-00726,150547,0,0.0,0.0,,0.0
2022_10,2022,10,09-132-00705,219439,0,0.0,0.0,,0.0
2022_10,2022,10,09-144-00760,211102,0,0.0,0.0,,0.0
2022_10,2022,10,09-132-00702,366805,0,0.0,0.0,,0.0
2022_10,2022,10,09-136-00724,143308,0,0.0,0.0,,0.0
2022_10,2022,10,09-135-00717,254438,0,0.0,0.0,,0.0
2022_10,2022,10,09-152-00794,488045,3504,0.0071796658095052,0.0007179665809505,0.0999999999999999,350.40000000000003
2022_10,2022,10,09-147-00771,175151,0,0.0,0.0,,0.0
2022_10,2022,10,09-185-00939,386079,27888,0.0722339210368862,0.0207255509882692,0.2869226907630522,8001.699999999998
2022_10,2022,10,09-198-00997,156799,0,0.0,0.0,,0.0
2022_10,2022,10,09-185-00937,194814,3294,0.0169084357387046,0.0027128440461157,0.1604432301153613,528.5
2022_10,2022,10,09-190-00963,160556,324,0.0020179874934602,0.0002304491890679,0.1141975308641975,37.00000000000001
2022_10,2022,10,09-163-00846,294793,0,0.0,0.0,,0.0
2022_10,2022,10,09-148-00777,534222,0,0.0,0.0,,0.0
2022_10,2022,10,09-162-00841,500362,0,0.0,0.0,,0.0
2022_10,2022,10,09-156-00818,279219,0,0.0,0.0,,0.0
2022_10,2022,10,09-134-00713,386244,0,0.0,0.0,,0.0
2022_10,2022,10,09-177-00906,250854,0,0.0,0.0,,0.0
2022_10,2022,10,09-155-00812,429043,1267,0.0029530839566197,0.0002953083956619,0.0999999999999999,126.7
2022_10,2022,10,09-164-00848,370811,0,0.0,0.0,,0.0
2022_10,2022,10,09-149-00780,163959,0,0.0,0.0,,0.0
2022_10,2022,10,09-172-00877,578515,0,0.0,0.0,,0.0
2022_10,2022,10,09-149-00779,424312,0,0.0,0.0,,0.0
2022_10,2022,10,09-133-00709,239561,0,0.0,0.0,,0.0
2022_10,2022,10,09-142-00746,268384,0,0.0,0.0,,0.0
2022_10,2022,10,09-191-00964,196858,0,0.0,0.0,,0.0
2022_10,2022,10,09-188-00948,162682,29121,0.1790056674985554,0.0602291587268413,0.336465093918478,9798.2
2022_10,2022,10,09-174-00887,222864,0,0.0,0.0,,0.0
2022_10,2022,10,09-196-00994,546376,0,0.0,0.0,,0.0
2022_10,2022,10,09-196-00993,289783,0,0.0,0.0,,0.0
2022_10,2022,10,09-754-00722,288905,0,0.0,0.0,,0.0
2022_10,2022,10,09-134-00716,369671,0,0.0,0.0,,0.0
2022_10,2022,10,09-169-00869,361592,0,0.0,0.0,,0.0
2022_10,2022,10,09-188-00951,166741,19000,0.1139491786663148,0.042823900540359,0.3758157894736842,7140.500000000001
2022_10,2022,10,09-145-00761,479404,0,0.0,0.0,,0.0
2022_10,2022,10,09-160-00833,392874,0,0.0,0.0,,0.0
2022_10,2022,10,09-199-01003,461086,0,0.0,0.0,,0.0
2022_10,2022,10,09-183-00929,463344,9188,0.0198297593148934,0.0026265582375082,0.1324553765781454,1216.9999999999998
2022_10,2022,10,09-141-00742,220757,0,0.0,0.0,,0.0
2022_10,2022,10,09-158-00827,191397,0,0.0,0.0,,0.0
2022_10,2022,10,09-149-00783,492792,5632,0.0114287569603402,0.0013936914560301,0.1219460227272727,686.8000000000003
2022_10,2022,10,09-190-00959,415288,1015,0.0024440869950492,0.0002776386507676,0.1135960591133005,115.3
2022_10,2022,10,09-163-00844,203413,0,0.0,0.0,,0.0
2022_10,2022,10,09-134-00715,382484,0,0.0,0.0,,0.0
2022_10,2022,10,09-134-00715,382484,0,0.0,0.0,,0.0
2022_10,2022,10,09-137-00729,307474,0,0.0,0.0,,0.0
2022_10,2022,10,09-153-00802,512014,9923,0.0193803294441167,0.0020099059791333,0.1037085558802781,1029.1
2022_10,2022,10,09-142-00749,242401,0,0.0,0.0,,0.0
2022_10,2022,10,09-184-00936,228406,61926,0.2711224748912025,0.0852718404945579,0.3145140974711753,19476.6
2022_10,2022,10,09-200-01006,1184003,0,0.0,0.0,,0.0
2022_10,2022,10,09-201-01008,564254,0,0.0,0.0,,0.0
2022_10,2022,10,09-177-00905,219626,13632,0.0620691539253093,0.0110114467321719,0.1774061032863849,2418.3999999999996
2022_10,2022,10,09-150-00789,293976,1665,0.0056637276512368,0.0005663727651236,0.1,166.5
2022_10,2022,10,09-176-00896,331038,1980,0.0059811864498939,0.0005981186449893,0.1,198.00000000000003
2022_10,2022,10,09-172-00878,731611,6,8.201079535436181e-06,8.201079535436183e-07,0.0999999999999999,0.6000000000000001
2022_10,2022,10,09-166-00857,468438,0,0.0,0.0,,0.0
2022_10,2022,10,09-706-00913,263012,0,0.0,0.0,,0.0
2022_10,2022,10,09-141-00743,238619,0,0.0,0.0,,0.0
2022_10,2022,10,09-195-00989,302426,1776,0.0058725109613591,0.0011116769060861,0.1893018018018017,336.2
2022_10,2022,10,09-186-00943,260659,30094,0.1154535235691075,0.0434042177711109,0.375945371170333,11313.7
2022_10,2022,10,09-200-01004,379547,8,2.107775848577383e-05,2.107775848577383e-06,0.1,0.8
2022_10,2022,10,09-164-00850,495630,0,0.0,0.0,,0.0
2022_10,2022,10,09-198-00998,178466,0,0.0,0.0,,0.0
2022_10,2022,10,09-175-00893,333942,892,0.0026711225302597,0.0002671122530259,0.1,89.2
2022_10,2022,10,09-176-00901,340198,0,0.0,0.0,,0.0
2022_10,2022,10,09-168-00864,478043,0,0.0,0.0,,0.0
2022_10,2022,10,09-155-00811,716885,0,0.0,0.0,,0.0
2022_10,2022,10,09-185-00938,565747,43310,0.0765536538417349,0.0173750810874825,0.2269660586469637,9829.9
2022_10,2022,10,09-156-00815,503635,0,0.0,0.0,,0.0
2022_10,2022,10,09-137-00731,389674,0,0.0,0.0,,0.0
2022_10,2022,10,09-189-00956,345746,0,0.0,0.0,,0.0
2022_10,2022,10,09-184-00935,264747,65107,0.2459215779593347,0.0816345416567515,0.3319535533813568,21612.5
2022_10,2022,10,09-179-00916,233484,0,0.0,0.0,,0.0
2022_10,2022,10,09-195-00987,245762,0,0.0,0.0,,0.0
2022_10,2022,10,09-178-00909,227386,0,0.0,0.0,,0.0
2022_10,2022,10,09-165-00852,305100,0,0.0,0.0,,0.0
2022_10,2022,10,09-201-01009,238336,0,0.0,0.0,,0.0
2022_10,2022,10,09-133-00711,340025,0,0.0,0.0,,0.0
2022_10,2022,10,09-194-00984,316740,0,0.0,0.0,,0.0
2022_10,2022,10,09-141-00744,185943,0,0.0,0.0,,0.0
2022_10,2022,10,09-166-00860,527344,0,0.0,0.0,,0.0
2022_10,2022,10,09-179-00918,276522,0,0.0,0.0,,0.0
2022_10,2022,10,09-180-00922,452765,24852,0.0548894017867988,0.0104608350910516,0.1905802349911476,4736.299999999998
2022_10,2022,10,09-165-00853,559929,0,0.0,0.0,,0.0
2022_10,2022,10,09-199-01001,596718,0,0.0,0.0,,0.0
2022_10,2022,10,09-173-00880,152240,0,0.0,0.0,,0.0
2022_10,2022,10,09-158-00826,319635,0,0.0,0.0,,0.0
2022_10,2022,10,09-167-00862,811300,824,0.0010156538888204,0.000101565388882,0.1,82.4
2022_10,2022,10,09-179-00917,245396,0,0.0,0.0,,0.0
2022_10,2022,10,09-157-00821,421688,0,0.0,0.0,,0.0
2022_10,2022,10,09-194-00983,361483,0,0.0,0.0,,0.0
2022_10,2022,10,09-165-00851,370466,0,0.0,0.0,,0.0
2022_10,2022,10,09-192-00972,210693,47222,0.2241270474102129,0.0816187533520335,0.3641628901783067,17196.500000000007
2022_10,2022,10,09-145-00763,214986,0,0.0,0.0,,0.0
2022_10,2022,10,09-158-00823,323632,87,0.0002688238493103,2.6882384931032783e-05,0.0999999999999999,8.700000000000003
2022_10,2022,10,09-187-00947,492064,7500,0.0152419197502763,0.0040622764518436,0.26652,1998.9
2022_10,2022,10,09-180-00920,407001,28089,0.0690145724457679,0.0100213512988911,0.1452063085193492,4078.6999999999994
2022_10,2022,10,09-169-00870,547910,0,0.0,0.0,,0.0
2022_10,2022,10,09-148-00775,454824,0,0.0,0.0,,0.0
2022_10,2022,10,09-157-00819,214525,0,0.0,0.0,,0.0
2022_10,2022,10,09-174-00886,309590,0,0.0,0.0,,0.0
2022_10,2022,10,09-183-00931,325656,878,0.0026960964944604,0.0004627582479671,0.1716400911161731,150.70000000000002
2022_10,2022,10,09-194-00985,337075,0,0.0,0.0,,0.0
2022_10,2022,10,09-199-01002,383497,7,1.8253076295251332e-05,1.8253076295251333e-06,0.0999999999999999,0.7000000000000001
2022_10,2022,10,09-145-00762,331571,0,0.0,0.0,,0.0
2022_10,2022,10,09-145-00764,488110,0,0.0,0.0,,0.0
2022_10,2022,10,09-171-00876,364207,0,0.0,0.0,,0.0
2022_10,2022,10,09-192-00973,231936,0,0.0,0.0,,0.0
2022_10,2022,10,09-168-00867,534892,0,0.0,0.0,,0.0
2022_10,2022,10,09-166-00859,493707,0,0.0,0.0,,0.0
2022_10,2022,10,09-138-00733,485945,0,0.0,0.0,,0.0
2022_10,2022,10,09-138-00734,432203,0,0.0,0.0,,0.0
2022_10,2022,10,09-186-00941,214723,35572,0.1656646004387047,0.0563283858738933,0.3400146182390644,12095.000000000002
2022_10,2022,10,09-191-00970,181503,0,0.0,0.0,,0.0
2022_10,2022,10,09-175-00894,374485,5726,0.0152903320560236,0.0015290332056023,0.0999999999999999,572.5999999999999
2022_10,2022,10,09-177-00903,281962,0,0.0,0.0,,0.0
2022_10,2022,10,09-150-00785,239726,0,0.0,0.0,,0.0
2022_10,2022,10,09-199-01000,515914,0,0.0,0.0,,0.0
2022_10,2022,10,09-157-00822,314022,0,0.0,0.0,,0.0
2022_10,2022,10,09-134-00715,244927,0,0.0,0.0,,0.0
2022_10,2022,10,09-134-00715,244927,0,0.0,0.0,,0.0
2022_10,2022,10,09-178-00910,261862,0,0.0,0.0,,0.0
2022_10,2022,10,09-163-00845,376560,0,0.0,0.0,,0.0
2022_10,2022,10,09-178-00908,201134,8523,0.0423747352511261,0.0114774230115246,0.2708553326293559,2308.5
2022_10,2022,10,09-201-01007,294612,0,0.0,0.0,,0.0
2022_10,2022,10,09-153-00800,602599,0,0.0,0.0,,0.0
2022_10,2022,10,09-166-00856,352698,0,0.0,0.0,,0.0
2022_10,2022,10,09-192-00974,175773,1,5.689155899939126e-06,5.689155899939127e-07,0.1,0.1
2022_10,2022,10,09-195-00990,388183,8286,0.021345602460695,0.0041843666518111,0.1960294472604393,1624.2999999999995
2022_10,2022,10,09-706-00912,254493,0,0.0,0.0,,0.0
2022_10,2022,10,09-179-06868,99300,0,0.0,0.0,,0.0
2022_10,2022,10,09-133-00708,481254,0,0.0,0.0,,0.0
2022_10,2022,10,09-134-00714,322143,0,0.0,0.0,,0.0
2022_10,2022,10,09-134-00712,415034,0,0.0,0.0,,0.0
2022_10,2022,10,09-180-00919,1011741,43801,0.0432927004045501,0.0050838109753385,0.1174288258258943,5143.500000000004
2022_10,2022,10,09-170-00874,342800,0,0.0,0.0,,0.0
2022_10,2022,10,09-184-00933,291221,67475,0.231696889990763,0.092816452110253,0.4005942941830306,27030.1
2022_10,2022,10,09-187-00944,298977,3344,0.0111848068580526,0.0013730153155593,0.1227571770334928,410.50000000000017
2022_10,2022,10,09-150-00788,262215,0,0.0,0.0,,0.0
2022_10,2022,10,09-175-00890,135635,1960,0.0144505474250746,0.0014472665609908,0.1001530612244898,196.3
2022_10,2022,10,09-706-00914,268793,0,0.0,0.0,,0.0
2022_10,2022,10,09-137-00730,292765,0,0.0,0.0,,0.0
2022_10,2022,10,09-142-00748,150890,0,0.0,0.0,,0.0
2022_10,2022,10,09-150-00786,368451,0,0.0,0.0,,0.0
2022_10,2022,10,09-170-00873,339219,0,0.0,0.0,,0.0
2022_10,2022,10,09-198-00999,115901,0,0.0,0.0,,0.0
2022_10,2022,10,09-162-00842,406694,0,0.0,0.0,,0.0
2022_10,2022,10,09-191-00966,269074,3,1.1149349249648796e-05,1.1149349249648798e-06,0.1,0.3
2022_10,2022,10,09-170-00872,579285,0,0.0,0.0,,0.0
2022_10,2022,10,09-149-00782,527449,0,0.0,0.0,,0.0
2022_10,2022,10,09-194-00982,205060,0,0.0,0.0,,0.0
2022_10,2022,10,09-150-00784,384386,0,0.0,0.0,,0.0
2022_10,2022,10,09-180-00921,372294,3083,0.0082810896764385,0.0008281089676438,0.0999999999999999,308.29999999999995
2022_10,2022,10,09-176-00898,413974,0,0.0,0.0,,0.0
2022_10,2022,10,09-153-00797,394078,9977,0.0253173229665193,0.0031026852552032,0.1225518692993886,1222.7000000000005
2022_10,2022,10,09-191-00967,226329,0,0.0,0.0,,0.0
2022_10,2022,10,09-189-01020,452164,0,0.0,0.0,,0.0
2022_10,2022,10,09-193-00980,148532,17002,0.1144669162200738,0.0213213314302641,0.1862663216092224,3166.9000000000015
2022_10,2022,10,09-157-00820,188559,0,0.0,0.0,,0.0
2022_10,2022,10,09-193-00978,359703,11865,0.0329855464091208,0.0084936739476734,0.2574968394437421,3055.199999999999
2022_10,2022,10,09-182-00925,485482,61427,0.1265278630309671,0.0289590551245978,0.2288749247073762,14059.1
2022_10,2022,10,09-170-00871,719959,0,0.0,0.0,,0.0
2022_10,2022,10,09-193-00979,247294,27258,0.11022507622506,0.0275785097899666,0.2502017756255044,6820.000000000002
2022_10,2022,10,09-188-00952,177713,56064,0.3154749511853381,0.178205871264342,0.5648812071917808,31669.500000000015
2022_10,2022,10,09-184-00934,289370,61420,0.2122542074161108,0.0830158620451325,0.3911152718984043,24022.300000000003
2022_10,2022,10,09-175-00891,330339,880,0.002663930083944,0.0002663930083944,0.1,88.0
2022_10,2022,10,09-150-00787,332909,0,0.0,0.0,,0.0
2022_10,2022,10,09-190-00961,167415,44088,0.2633455783531941,0.0797240390645999,0.3027354382144802,13346.999999999998
2022_10,2022,10,09-193-00975,163355,11922,0.0729821554283615,0.0224082519665758,0.3070374098305653,3660.499999999999
2022_10,2022,10,09-192-00971,157492,4844,0.0307571178218576,0.0090442689152464,0.2940545004128819,1424.4
2022_10,2022,10,09-188-00954,227200,72036,0.3170598591549295,0.1500435739436619,0.4732342162252207,34089.9
2022_10,2022,10,09-153-00799,600756,1546,0.0025734241522348,0.0002573424152234,0.0999999999999999,154.59999999999997
2022_10,2022,10,09-183-00928,527456,1108,0.0021006491536734,0.0002582205909118,0.1229241877256317,136.20000000000005
2022_10,2022,10,09-188-00950,378900,76419,0.2016864608076009,0.0828651359197677,0.4108611732684279,31397.60000000001
2022_10,2022,10,09-754-00778,413294,0,0.0,0.0,,0.0
2022_10,2022,10,09-160-00834,219908,75,0.0003410517125343,3.4105171253433255e-05,0.0999999999999999,7.500000000000001
2022_10,2022,10,09-164-00849,478213,0,0.0,0.0,,0.0
2022_10,2022,10,09-153-00798,720203,5308,0.0073701442509959,0.0008421236790182,0.1142614920874152,606.4999999999998
2022_10,2022,10,09-202-01012,405423,16,3.9464953887667944e-05,3.946495388766794e-06,0.1,1.6
2022_10,2022,10,09-173-00883,338786,0,0.0,0.0,,0.0
2022_10,2022,10,09-187-00946,224671,26311,0.1171090171851284,0.0302246395841029,0.2580897723385656,6790.599999999999
2022_10,2022,10,09-191-00968,309591,0,0.0,0.0,,0.0
2022_10,2022,10,09-175-00889,330664,9515,0.0287754336728522,0.0046379406285534,0.1611770888071466,1533.6
2022_10,2022,10,09-197-00995,308644,0,0.0,0.0,,0.0
2022_10,2022,10,09-173-00882,498630,0,0.0,0.0,,0.0
2022_10,2022,10,09-156-00817,356910,0,0.0,0.0,,0.0
2022_10,2022,10,09-158-00825,434797,0,0.0,0.0,,0.0
2022_10,2022,10,09-176-00897,199909,22891,0.1145071007308325,0.0237077870431046,0.2070420689353894,4739.400000000001
2022_10,2022,10,09-176-00900,260918,12441,0.0476816471075203,0.0072237254616392,0.1514990756370066,1884.8
2022_10,2022,10,09-193-00977,237715,4,1.6826872515407104e-05,1.6826872515407107e-06,0.1,0.4
2022_10,2022,10,09-163-00843,302821,0,0.0,0.0,,0.0
2022_10,2022,10,09-175-00892,261816,1455,0.0055573379778164,0.0005557337977816,0.1,145.50000000000003
2022_10,2022,10,09-148-00776,246935,0,0.0,0.0,,0.0
2022_10,2022,10,09-171-00875,1053260,0,0.0,0.0,,0.0
2022_10,2022,10,09-189-00957,199858,0,0.0,0.0,,0.0
2022_10,2022,10,09-202-01010,278489,0,0.0,0.0,,0.0
2022_10,2022,10,09-172-00879,551167,0,0.0,0.0,,0.0
2022_10,2022,10,09-167-00863,887820,0,0.0,0.0,,0.0
2022_10,2022,10,09-188-00953,227384,37179,0.1635075467051331,0.0730926538366815,0.4470292369348287,16620.100000000002
2022_10,2022,10,09-186-00942,263107,15054,0.057216265625772,0.0197189736495038,0.3446392985253089,5188.200000000001
2022_10,2022,10,09-133-00710,201231,0,0.0,0.0,,0.0
2022_10,2022,10,09-142-00751,243375,0,0.0,0.0,,0.0
2022_10,2022,10,09-194-00986,264230,0,0.0,0.0,,0.0
2022_10,2022,10,09-165-00855,391542,0,0.0,0.0,,0.0
2022_10,2022,10,09-175-00895,367474,0,0.0,0.0,,0.0
2022_10,2022,10,09-169-00868,543161,0,0.0,0.0,,0.0
2022_10,2022,10,09-173-00881,477275,0,0.0,0.0,,0.0
2022_10,2022,10,09-153-00801,671058,11123,0.0165753183778451,0.0018467852257181,0.1114177829722197,1239.2999999999995
2022_10,2022,10,09-191-00969,290817,0,0.0,0.0,,0.0
2022_10,2022,10,09-196-00992,295253,0,0.0,0.0,,0.0
2022_10,2022,10,09-194-00981,314504,0,0.0,0.0,,0.0
2022_10,2022,10,09-142-00745,138357,0,0.0,0.0,,0.0
2022_10,2022,10,09-193-00976,178340,24902,0.1396321632836155,0.0266625546708534,0.1909485181913099,4754.999999999999
2022_10,2022,10,09-163-00847,238667,0,0.0,0.0,,0.0
2022_10,2022,10,09-174-00885,264114,0,0.0,0.0,,0.0
2022_10,2022,10,09-176-00899,186307,7264,0.0389894099523904,0.006601469617352,0.1693144273127753,1229.9
2022_10,2022,10,09-155-00810,470255,15536,0.0330373946050547,0.0033058659663374,0.1000643666323378,1554.6
2022_10,2022,10,09-142-00747,311571,0,0.0,0.0,,0.0
2022_10,2022,10,09-177-00904,195264,14533,0.0744274418223533,0.0135790519501802,0.1824468451111264,2651.5000000000005
2022_10,2022,10,09-175-00888,297872,1097,0.0036827899231884,0.0004975291400333,0.1350957155879671,148.2
2022_10,2022,10,09-179-00915,343161,0,0.0,0.0,,0.0
2022_10,2022,10,09-166-00858,393596,0,0.0,0.0,,0.0
2022_10,2022,10,09-167-00861,530899,0,0.0,0.0,,0.0
2022_10,2022,10,09-189-00958,296625,0,0.0,0.0,,0.0
2022_10,2022,10,09-178-00907,215692,3197,0.0148220610871056,0.0040998275318509,0.2766030653737879,884.3
2022_10,2022,10,09-183-00930,479320,75149,0.1567825252440958,0.034879621129934,0.2224713569042835,16718.5
2022_10,2022,10,09-706-00824,300683,82,0.0002727124579706,2.7271245797068676e-05,0.0999999999999999,8.200000000000001
2022_10,2022,10,09-160-00835,329400,0,0.0,0.0,,0.0
2022_10,2022,10,09-182-00926,694511,96709,0.1392476145086255,0.0430665605008415,0.3092804185753136,29910.199999999997
2022_10,2022,10,09-158-00828,191411,0,0.0,0.0,,0.0
2022_10,2022,10,09-156-00816,450282,7552,0.0167717119494005,0.00167717119494,0.1,755.1999999999999
2022_10,2022,10,09-165-00854,414211,0,0.0,0.0,,0.0
2022_10,2022,10,09-182-00927,332992,69866,0.2098128483567173,0.0573722491831635,0.2734448801992385,19104.5
2022_10,2022,10,09-151-00792,799198,0,0.0,0.0,,0.0
2022_10,2022,10,09-146-00766,245147,0,0.0,0.0,,0.0
2022_10,2022,10,09-159-00831,159959,7811,0.0488312630111466,0.0048831263011146,0.1,781.0999999999998
2022_10,2022,10,09-146-00765,212505,0,0.0,0.0,,0.0
2022_10,2022,10,09-139-00736,185647,0,0.0,0.0,,0.0
2022_10,2022,10,09-146-00770,399729,0,0.0,0.0,,0.0
2022_10,2022,10,09-139-00735,336441,0,0.0,0.0,,0.0
2022_10,2022,10,09-132-00701,475536,0,0.0,0.0,,0.0
2022_10,2022,10,09-161-00839,320874,0,0.0,0.0,,0.0
2022_10,2022,10,09-181-00923,604889,23574,0.0389724395715577,0.005077295173164,0.1302791210655807,3071.200000000002
2022_10,2022,10,09-135-00718,30548,0,0.0,0.0,,0.0
2022_10,2022,10,09-159-00830,426482,782,0.0018336061076434,0.0001833606107643,0.0999999999999999,78.2
2022_10,2022,10,09-146-00768,361215,0,0.0,0.0,,0.0
2022_10,2022,10,09-146-00767,325049,0,0.0,0.0,,0.0
2022_10,2022,10,09-161-00837,75946,0,0.0,0.0,,0.0
2022_10,2022,10,09-144-00757,123732,0,0.0,0.0,,0.0
2022_10,2022,10,09-136-00727,196786,0,0.0,0.0,,0.0
2022_10,2022,10,09-152-00795,465633,150,0.0003221421162159,3.221421162159899e-05,0.0999999999999999,15.000000000000002
2022_10,2022,10,09-704-00707,281095,0,0.0,0.0,,0.0
2022_10,2022,10,09-144-00758,256852,0,0.0,0.0,,0.0
2022_10,2022,10,09-147-00774,340107,0,0.0,0.0,,0.0
2022_10,2022,10,09-136-00723,187020,0,0.0,0.0,,0.0
2022_10,2022,10,09-143-00754,410192,0,0.0,0.0,,0.0
2022_10,2022,10,09-151-00791,432129,530,0.0012264856096212,0.0001226485609621,0.1,53.0
2022_10,2022,10,09-143-00753,226024,0,0.0,0.0,,0.0
2022_10,2022,10,09-143-00756,249299,0,0.0,0.0,,0.0
2022_10,2022,10,09-143-00752,318265,0,0.0,0.0,,0.0
2022_10,2022,10,09-143-00755,483242,0,0.0,0.0,,0.0
2022_10,2022,10,09-151-00790,488682,0,0.0,0.0,,0.0
2022_10,2022,10,09-154-00806,438084,30960,0.0706713780918728,0.0107016006062764,0.1514276485788113,4688.200000000001
2022_10,2022,10,09-154-00805,437183,16943,0.0387549378635491,0.0047142729703579,0.1216431564657971,2061.0
2022_10,2022,10,09-154-00807,364754,37615,0.1031242974717206,0.0155548671159192,0.1508361026186362,5673.700000000001
2022_10,2022,10,09-154-00803,630238,0,0.0,0.0,,0.0
2022_10,2022,10,09-154-00808,344653,0,0.0,0.0,,0.0
2022_10,2022,10,09-154-00804,384169,0,0.0,0.0,,0.0
2022_10,2022,10,09-139-00737,85364,0,0.0,0.0,,0.0
2022_10,2022,10,09-137-00718,136360,0,0.0,0.0,,0.0
2022_10,2022,10,09-202-01011,205123,0,0.0,0.0,,0.0
2022_10,2022,10,09-178-00911,138083,0,0.0,0.0,,0.0
2022_10,2022,10,09-173-00884,190238,0,0.0,0.0,,0.0
2023_07,2023,7,09-168-00865,329413,0,0.0,0.0,,0.0
2023_07,2023,7,09-200-01005,1474789,0,0.0,0.0,,0.0
2023_07,2023,7,09-177-00902,260579,0,0.0,0.0,,0.0
2023_07,2023,7,09-185-00940,106837,0,0.0,0.0,,0.0
2023_07,2023,7,09-190-00960,177168,0,0.0,0.0,,0.0
2023_07,2023,7,09-156-00814,462391,25881,0.0559721101838054,0.0166335417428107,0.29717553417565,7691.200000000001
2023_07,2023,7,09-191-00965,410177,0,0.0,0.0,,0.0
2023_07,2023,7,09-149-00781,328046,12468,0.0380068648908994,0.0089091164044066,0.2344080846968239,2922.6
2023_07,2023,7,09-188-00949,155805,0,0.0,0.0,,0.0
2023_07,2023,7,09-195-00988,251880,0,0.0,0.0,,0.0
2023_07,2023,7,09-190-00962,217454,0,0.0,0.0,,0.0
2023_07,2023,7,09-158-00829,298492,0,0.0,0.0,,0.0
2023_07,2023,7,09-754-00721,406625,406,0.0009984629572702,0.000199692591454,0.1999999999999999,81.2
2023_07,2023,7,09-155-00813,650968,898,0.0013794840913839,0.0002758968182767,0.2,179.6
2023_07,2023,7,09-138-00732,272541,0,0.0,0.0,,0.0
2023_07,2023,7,09-168-00866,394948,0,0.0,0.0,,0.0
2023_07,2023,7,09-155-00809,439582,4811,0.0109444881728551,0.002188897634571,0.2,962.2
2023_07,2023,7,09-142-00750,250168,72,0.0002878065939688,5.756131879377059e-05,0.1999999999999999,14.4
2023_07,2023,7,09-184-00932,234600,0,0.0,0.0,,0.0
2023_07,2023,7,09-197-00996,373044,0,0.0,0.0,,0.0
2023_07,2023,7,09-195-00991,317767,0,0.0,0.0,,0.0
2023_07,2023,7,09-187-00945,313718,0,0.0,0.0,,0.0
2023_07,2023,7,09-135-00720,254144,0,0.0,0.0,,0.0
2023_07,2023,7,09-136-00725,222934,0,0.0,0.0,,0.0
2023_07,2023,7,09-161-00840,228773,0,0.0,0.0,,0.0
2023_07,2023,7,09-132-00704,257380,6,2.3311834641386276e-05,4.662366928277255e-06,0.1999999999999999,1.2
2023_07,2023,7,09-161-00838,292983,11952,0.0407941757712904,0.008158835154258,0.2,2390.3999999999996
2023_07,2023,7,09-159-00832,400347,21388,0.0534236549793054,0.029799149238036,0.5577894146250234,11930.000000000004
2023_07,2023,7,09-146-00769,281161,0,0.0,0.0,,0.0
2023_07,2023,7,09-147-00772,204623,0,0.0,0.0,,0.0
2023_07,2023,7,09-705-00741,213900,302,0.0014118747078073,0.0002917251051893,0.2066225165562913,62.4
2023_07,2023,7,09-140-00739,209876,2289,0.0109064399931388,0.0022365587299167,0.2050677151594582,469.4
2023_07,2023,7,09-705-00740,297471,0,0.0,0.0,,0.0
2023_07,2023,7,09-144-00759,215757,0,0.0,0.0,,0.0
2023_07,2023,7,09-181-00924,271108,0,0.0,0.0,,0.0
2023_07,2023,7,09-152-00796,427590,28693,0.0671040014967609,0.0170569938492481,0.2541874324748197,7293.4000000000015
2023_07,2023,7,09-147-00773,372557,8126,0.0218114275131053,0.0043826850656409,0.2009352695052917,1632.7999999999995
2023_07,2023,7,09-161-00836,127717,1369,0.0107190115646311,0.0021438023129262,0.1999999999999999,273.79999999999995
2023_07,2023,7,09-704-00706,301739,0,0.0,0.0,,0.0
2023_07,2023,7,09-146-00763,204,38,0.1862745098039215,0.0392156862745098,0.2105263157894737,8.0
2023_07,2023,7,09-136-00728,183511,0,0.0,0.0,,0.0
2023_07,2023,7,09-140-00738,207515,85,0.0004096089439317,8.19217887863528e-05,0.1999999999999999,17.0
2023_07,2023,7,09-135-00719,354336,0,0.0,0.0,,0.0
2023_07,2023,7,09-132-00703,401527,0,0.0,0.0,,0.0
2023_07,2023,7,09-152-00793,580285,0,0.0,0.0,,0.0
2023_07,2023,7,09-136-00726,150547,0,0.0,0.0,,0.0
2023_07,2023,7,09-132-00705,219439,0,0.0,0.0,,0.0
2023_07,2023,7,09-144-00760,211102,616,0.0029180206724711,0.00083940464799,0.2876623376623376,177.2
2023_07,2023,7,09-132-00702,366805,0,0.0,0.0,,0.0
2023_07,2023,7,09-136-00724,143308,0,0.0,0.0,,0.0
2023_07,2023,7,09-135-00717,254438,0,0.0,0.0,,0.0
2023_07,2023,7,09-152-00794,488045,26082,0.0534417932772592,0.0157698572877501,0.2950847327658922,7696.399999999999
2023_07,2023,7,09-147-00771,175151,1,5.709359352787024e-06,1.141871870557405e-06,0.2,0.2
2023_07,2023,7,09-185-00939,386079,0,0.0,0.0,,0.0
2023_07,2023,7,09-198-00997,156799,0,0.0,0.0,,0.0
2023_07,2023,7,09-185-00937,194814,0,0.0,0.0,,0.0
2023_07,2023,7,09-190-00963,160556,0,0.0,0.0,,0.0
2023_07,2023,7,09-163-00846,294793,1010,0.0034261329136037,0.0006852265827207,0.2,202.0
2023_07,2023,7,09-148-00777,534222,8967,0.0167851567325943,0.0033577800989101,0.2000446080071373,1793.8
2023_07,2023,7,09-162-00841,500362,24518,0.0490005236208984,0.0098001047241796,0.2,4903.600000000002
2023_07,2023,7,09-156-00818,279219,7259,0.02599751449579,0.0053492061786626,0.205758368921339,1493.6
2023_07,2023,7,09-134-00713,386244,5886,0.0152390716748998,0.0040559853356945,0.2661569826707441,1566.6000000000004
2023_07,2023,7,09-177-00906,250854,0,0.0,0.0,,0.0
2023_07,2023,7,09-155-00812,429043,22987,0.0535773803558151,0.0150399843372342,0.2807151868447384,6452.800000000001
2023_07,2023,7,09-164-00848,370811,5901,0.015913767390935,0.0057263673407746,0.3598373157092017,2123.4
2023_07,2023,7,09-149-00780,163959,106,0.0006465030891869,0.0001293006178373,0.1999999999999999,21.200000000000003
2023_07,2023,7,09-172-00877,578515,2273,0.0039290251765295,0.0007954849917461,0.2024637043554773,460.2000000000001
2023_07,2023,7,09-149-00779,424312,373,0.0008790701182148,0.0001758140236429,0.1999999999999999,74.6
2023_07,2023,7,09-133-00709,239561,0,0.0,0.0,,0.0
2023_07,2023,7,09-142-00746,268384,0,0.0,0.0,,0.0
2023_07,2023,7,09-191-00964,196858,0,0.0,0.0,,0.0
2023_07,2023,7,09-188-00948,162682,0,0.0,0.0,,0.0
2023_07,2023,7,09-174-00887,222864,0,0.0,0.0,,0.0
2023_07,2023,7,09-196-00994,546376,0,0.0,0.0,,0.0
2023_07,2023,7,09-196-00993,289783,0,0.0,0.0,,0.0
2023_07,2023,7,09-754-00722,288905,2584,0.0089441165781139,0.0017888233156227,0.1999999999999999,516.8
2023_07,2023,7,09-134-00716,369671,1882,0.0050910133605286,0.0014959247547143,0.293836344314559,552.9999999999999
2023_07,2023,7,09-169-00869,361592,0,0.0,0.0,,0.0
2023_07,2023,7,09-188-00951,166741,0,0.0,0.0,,0.0
2023_07,2023,7,09-145-00761,479404,15215,0.0317373238437726,0.0152088843647528,0.4792113046335853,7291.199999999997
2023_07,2023,7,09-160-00833,392874,2334,0.0059408359932192,0.001360232542749,0.2289631533847472,534.4000000000003
2023_07,2023,7,09-199-01003,461086,0,0.0,0.0,,0.0
2023_07,2023,7,09-183-00929,463344,0,0.0,0.0,,0.0
2023_07,2023,7,09-141-00742,220757,8,3.6238941460519936e-05,7.247788292103988e-06,0.2,1.6
2023_07,2023,7,09-158-00827,191397,0,0.0,0.0,,0.0
2023_07,2023,7,09-149-00783,492792,112388,0.2280637672689491,0.0728274809656001,0.3193294657792647,35888.80000000002
2023_07,2023,7,09-190-00959,415288,0,0.0,0.0,,0.0
2023_07,2023,7,09-163-00844,203413,1724,0.0084753678476793,0.0016950735695358,0.2,344.80000000000007
2023_07,2023,7,09-134-00715,382484,1,2.6144884491900315e-06,5.228976898380063e-07,0.2,0.2
2023_07,2023,7,09-134-00715,382484,1,2.6144884491900315e-06,0.0,,0.0
2023_07,2023,7,09-137-00729,307474,2661,0.0086543902899106,0.0020827777308,0.2406614054866591,640.3999999999999
2023_07,2023,7,09-153-00802,512014,6925,0.0135250208002124,0.0027050041600424,0.2,1385.0
2023_07,2023,7,09-142-00749,242401,148,0.0006105585372997,0.0001369631313402,0.2243243243243242,33.2
2023_07,2023,7,09-184-00936,228406,0,0.0,0.0,,0.0
2023_07,2023,7,09-200-01006,1184003,0,0.0,0.0,,0.0
2023_07,2023,7,09-201-01008,564254,3121,0.0055311969432206,0.0011119105934561,0.2010253123998718,627.4000000000001
2023_07,2023,7,09-177-00905,219626,0,0.0,0.0,,0.0
2023_07,2023,7,09-150-00789,293976,2093,0.0071196288132364,0.0020321386779873,0.2854276158623985,597.3999999999999
2023_07,2023,7,09-176-00896,331038,0,0.0,0.0,,0.0
2023_07,2023,7,09-172-00878,731611,0,0.0,0.0,,0.0
2023_07,2023,7,09-166-00857,468438,2,4.269508451491979e-06,8.53901690298396e-07,0.2,0.4
2023_07,2023,7,09-706-00913,263012,0,0.0,0.0,,0.0
2023_07,2023,7,09-141-00743,238619,9227,0.0386683373914063,0.0135839979213725,0.3512951121708031,3241.4000000000005
2023_07,2023,7,09-195-00989,302426,0,0.0,0.0,,0.0
2023_07,2023,7,09-186-00943,260659,0,0.0,0.0,,0.0
2023_07,2023,7,09-200-01004,379547,0,0.0,0.0,,0.0
2023_07,2023,7,09-164-00850,495630,883,0.0017815709299275,0.0003563141859855,0.2,176.59999999999997
2023_07,2023,7,09-198-00998,178466,0,0.0,0.0,,0.0
2023_07,2023,7,09-175-00893,333942,0,0.0,0.0,,0.0
2023_07,2023,7,09-176-00901,340198,0,0.0,0.0,,0.0
2023_07,2023,7,09-168-00864,478043,2019,0.0042234694368498,0.0008446938873699,0.2,403.8000000000001
2023_07,2023,7,09-155-00811,716885,7674,0.0107046457939557,0.0021409291587911,0.2,1534.8000000000006
2023_07,2023,7,09-185-00938,565747,0,0.0,0.0,,0.0
2023_07,2023,7,09-156-00815,503635,2631,0.0052240213646787,0.0010448042729357,0.1999999999999999,526.1999999999999
2023_07,2023,7,09-137-00731,389674,1649,0.0042317424308524,0.001099380507809,0.2597938144329896,428.4
2023_07,2023,7,09-189-00956,345746,0,0.0,0.0,,0.0
2023_07,2023,7,09-184-00935,264747,0,0.0,0.0,,0.0
2023_07,2023,7,09-179-00916,233484,0,0.0,0.0,,0.0
2023_07,2023,7,09-195-00987,245762,0,0.0,0.0,,0.0
2023_07,2023,7,09-178-00909,227386,0,0.0,0.0,,0.0
2023_07,2023,7,09-165-00852,305100,2168,0.0071058669288757,0.0014211733857751,0.1999999999999999,433.6
2023_07,2023,7,09-201-01009,238336,1539,0.0064572704081632,0.0012914540816326,0.1999999999999999,307.79999999999995
2023_07,2023,7,09-133-00711,340025,7497,0.0220483787956767,0.0065418719211822,0.2967053488061892,2224.399999999999
2023_07,2023,7,09-194-00984,316740,0,0.0,0.0,,0.0
2023_07,2023,7,09-141-00744,185943,4730,0.025437903013289,0.0061717838262263,0.2426215644820296,1147.6
2023_07,2023,7,09-166-00860,527344,0,0.0,0.0,,0.0
2023_07,2023,7,09-179-00918,276522,0,0.0,0.0,,0.0
2023_07,2023,7,09-180-00922,452765,0,0.0,0.0,,0.0
2023_07,2023,7,09-165-00853,559929,33,5.8936043676966184e-05,1.178720873539324e-05,0.2,6.6000000000000005
2023_07,2023,7,09-199-01001,596718,0,0.0,0.0,,0.0
2023_07,2023,7,09-173-00880,152240,0,0.0,0.0,,0.0
2023_07,2023,7,09-158-00826,319635,979,0.0030628685844791,0.0006269651321038,0.2046986721144024,200.4
2023_07,2023,7,09-167-00862,811300,0,0.0,0.0,,0.0
2023_07,2023,7,09-179-00917,245396,0,0.0,0.0,,0.0
2023_07,2023,7,09-157-00821,421688,661,0.0015675096279713,0.0003135019255942,0.1999999999999999,132.20000000000002
2023_07,2023,7,09-194-00983,361483,0,0.0,0.0,,0.0
2023_07,2023,7,09-165-00851,370466,0,0.0,0.0,,0.0
2023_07,2023,7,09-192-00972,210693,0,0.0,0.0,,0.0
2023_07,2023,7,09-145-00763,214986,5835,0.0271413022243308,0.0060571386043742,0.2231705227077978,1302.2000000000005
2023_07,2023,7,09-158-00823,323632,0,0.0,0.0,,0.0
2023_07,2023,7,09-187-00947,492064,0,0.0,0.0,,0.0
2023_07,2023,7,09-180-00920,407001,0,0.0,0.0,,0.0
2023_07,2023,7,09-169-00870,547910,0,0.0,0.0,,0.0
2023_07,2023,7,09-148-00775,454824,20288,0.044606265280636,0.0089766591033014,0.2012421135646688,4082.799999999999
2023_07,2023,7,09-157-00819,214525,0,0.0,0.0,,0.0
2023_07,2023,7,09-174-00886,309590,0,0.0,0.0,,0.0
2023_07,2023,7,09-183-00931,325656,0,0.0,0.0,,0.0
2023_07,2023,7,09-194-00985,337075,0,0.0,0.0,,0.0
2023_07,2023,7,09-199-01002,383497,0,0.0,0.0,,0.0
2023_07,2023,7,09-145-00762,331571,35346,0.1066016026733339,0.0509899840456493,0.4783228653878799,16906.800000000007
2023_07,2023,7,09-145-00764,488110,11061,0.0226608756222982,0.0073172030894675,0.3229002802639906,3571.6000000000013
2023_07,2023,7,09-171-00876,364207,0,0.0,0.0,,0.0
2023_07,2023,7,09-192-00973,231936,0,0.0,0.0,,0.0
2023_07,2023,7,09-168-00867,534892,0,0.0,0.0,,0.0
2023_07,2023,7,09-166-00859,493707,0,0.0,0.0,,0.0
2023_07,2023,7,09-138-00733,485945,11129,0.0229017687186821,0.0081770570743602,0.357049150867104,3973.6
2023_07,2023,7,09-138-00734,432203,0,0.0,0.0,,0.0
2023_07,2023,7,09-186-00941,214723,0,0.0,0.0,,0.0
2023_07,2023,7,09-191-00970,181503,0,0.0,0.0,,0.0
2023_07,2023,7,09-175-00894,374485,0,0.0,0.0,,0.0
2023_07,2023,7,09-177-00903,281962,0,0.0,0.0,,0.0
2023_07,2023,7,09-150-00785,239726,0,0.0,0.0,,0.0
2023_07,2023,7,09-199-01000,515914,0,0.0,0.0,,0.0
2023_07,2023,7,09-157-00822,314022,0,0.0,0.0,,0.0
2023_07,2023,7,09-134-00715,244927,0,0.0,5.228976898380063e-07,0.2,0.2
2023_07,2023,7,09-134-00715,244927,0,0.0,0.0,,0.0
2023_07,2023,7,09-178-00910,261862,0,0.0,0.0,,0.0
2023_07,2023,7,09-163-00845,376560,2450,0.0065062672615253,0.001301253452305,0.2,490.0000000000001
2023_07,2023,7,09-178-00908,201134,0,0.0,0.0,,0.0
2023_07,2023,7,09-201-01007,294612,541,0.0018363135242284,0.0003672627048456,0.1999999999999999,108.20000000000002
2023_07,2023,7,09-153-00800,602599,0,0.0,0.0,,0.0
2023_07,2023,7,09-166-00856,352698,2252,0.0063850659771249,0.0012770131954249,0.1999999999999999,450.4
2023_07,2023,7,09-192-00974,175773,0,0.0,0.0,,0.0
2023_07,2023,7,09-195-00990,388183,0,0.0,0.0,,0.0
2023_07,2023,7,09-706-00912,254493,0,0.0,0.0,,0.0
2023_07,2023,7,09-179-06868,99300,0,0.0,0.0,,0.0
2023_07,2023,7,09-133-00708,481254,2552,0.0053028130675277,0.0017155182086798,0.3235109717868338,825.6
2023_07,2023,7,09-134-00714,322143,0,0.0,0.0,,0.0
2023_07,2023,7,09-134-00712,415034,0,0.0,0.0,,0.0
2023_07,2023,7,09-180-00919,1011741,1141,0.0011277589817947,0.0002255517963589,0.1999999999999999,228.2
2023_07,2023,7,09-170-00874,342800,0,0.0,0.0,,0.0
2023_07,2023,7,09-184-00933,291221,0,0.0,0.0,,0.0
2023_07,2023,7,09-187-00944,298977,0,0.0,0.0,,0.0
2023_07,2023,7,09-150-00788,262215,4,1.5254657437598915e-05,3.0509314875197837e-06,0.2,0.8
2023_07,2023,7,09-175-00890,135635,0,0.0,0.0,,0.0
2023_07,2023,7,09-706-00914,268793,0,0.0,0.0,,0.0
2023_07,2023,7,09-137-00730,292765,0,0.0,0.0,,0.0
2023_07,2023,7,09-142-00748,150890,544,0.0036052753661607,0.0010484458877327,0.2908088235294117,158.2
2023_07,2023,7,09-150-00786,368451,801,0.0021739661447519,0.0004434782372689,0.2039950062421972,163.4
2023_07,2023,7,09-170-00873,339219,0,0.0,0.0,,0.0
2023_07,2023,7,09-198-00999,115901,0,0.0,0.0,,0.0
2023_07,2023,7,09-162-00842,406694,5115,0.0125770235115344,0.0025154047023068,0.1999999999999999,1023.0
2023_07,2023,7,09-191-00966,269074,0,0.0,0.0,,0.0
2023_07,2023,7,09-170-00872,579285,0,0.0,0.0,,0.0
2023_07,2023,7,09-149-00782,527449,24565,0.0465732231931428,0.0138769814711943,0.2979605129248932,7319.399999999999
2023_07,2023,7,09-194-00982,205060,0,0.0,0.0,,0.0
2023_07,2023,7,09-150-00784,384386,0,0.0,0.0,,0.0
2023_07,2023,7,09-180-00921,372294,0,0.0,0.0,,0.0
2023_07,2023,7,09-176-00898,413974,6,1.4493663853285472e-05,2.8987327706570947e-06,0.1999999999999999,1.2000000000000002
2023_07,2023,7,09-153-00797,394078,131,0.0003324215003121,6.648430006242419e-05,0.1999999999999999,26.2
2023_07,2023,7,09-191-00967,226329,0,0.0,0.0,,0.0
2023_07,2023,7,09-189-01020,452164,0,0.0,0.0,,0.0
2023_07,2023,7,09-193-00980,148532,0,0.0,0.0,,0.0
2023_07,2023,7,09-157-00820,188559,0,0.0,0.0,,0.0
2023_07,2023,7,09-193-00978,359703,0,0.0,0.0,,0.0
2023_07,2023,7,09-182-00925,485482,6049,0.0124597822370345,0.0024919564474069,0.1999999999999999,1209.8
2023_07,2023,7,09-170-00871,719959,0,0.0,0.0,,0.0
2023_07,2023,7,09-193-00979,247294,0,0.0,0.0,,0.0
2023_07,2023,7,09-188-00952,177713,0,0.0,0.0,,0.0
2023_07,2023,7,09-184-00934,289370,0,0.0,0.0,,0.0
2023_07,2023,7,09-175-00891,330339,0,0.0,0.0,,0.0
2023_07,2023,7,09-150-00787,332909,4,1.2015295471134756e-05,2.403059094226951e-06,0.2,0.8
2023_07,2023,7,09-190-00961,167415,0,0.0,0.0,,0.0
2023_07,2023,7,09-193-00975,163355,0,0.0,0.0,,0.0
2023_07,2023,7,09-192-00971,157492,0,0.0,0.0,,0.0
2023_07,2023,7,09-188-00954,227200,0,0.0,0.0,,0.0
2023_07,2023,7,09-153-00799,600756,0,0.0,0.0,,0.0
2023_07,2023,7,09-183-00928,527456,0,0.0,0.0,,0.0
2023_07,2023,7,09-188-00950,378900,0,0.0,0.0,,0.0
2023_07,2023,7,09-754-00778,413294,4924,0.0119140369809385,0.0028715635842765,0.2410235580828595,1186.8
2023_07,2023,7,09-160-00834,219908,8890,0.0404259963257362,0.0147961874965894,0.3660067491563554,3253.8
2023_07,2023,7,09-164-00849,478213,6048,0.012647084039957,0.0028493579220974,0.225297619047619,1362.6
2023_07,2023,7,09-153-00798,720203,0,0.0,0.0,,0.0
2023_07,2023,7,09-202-01012,405423,42849,0.1056896130707927,0.0381325183820355,0.3607972181381129,15459.800000000005
2023_07,2023,7,09-173-00883,338786,0,0.0,0.0,,0.0
2023_07,2023,7,09-187-00946,224671,0,0.0,0.0,,0.0
2023_07,2023,7,09-191-00968,309591,0,0.0,0.0,,0.0
2023_07,2023,7,09-175-00889,330664,0,0.0,0.0,,0.0
2023_07,2023,7,09-197-00995,308644,0,0.0,0.0,,0.0
2023_07,2023,7,09-173-00882,498630,0,0.0,0.0,,0.0
2023_07,2023,7,09-156-00817,356910,1294,0.0036255638676417,0.0007251127735283,0.1999999999999999,258.8
2023_07,2023,7,09-158-00825,434797,0,0.0,0.0,,0.0
2023_07,2023,7,09-176-00897,199909,0,0.0,0.0,,0.0
2023_07,2023,7,09-176-00900,260918,0,0.0,0.0,,0.0
2023_07,2023,7,09-193-00977,237715,0,0.0,0.0,,0.0
2023_07,2023,7,09-163-00843,302821,6466,0.0213525482050452,0.004270509641009,0.1999999999999999,1293.1999999999996
2023_07,2023,7,09-175-00892,261816,0,0.0,0.0,,0.0
2023_07,2023,7,09-148-00776,246935,38855,0.157349099965578,0.0314698199931156,0.2,7771.0
2023_07,2023,7,09-171-00875,1053260,0,0.0,0.0,,0.0
2023_07,2023,7,09-189-00957,199858,0,0.0,0.0,,0.0
2023_07,2023,7,09-202-01010,278489,10978,0.039419869366474,0.0116722743088595,0.2961012934960831,3250.6
2023_07,2023,7,09-172-00879,551167,0,0.0,0.0,,0.0
2023_07,2023,7,09-167-00863,887820,0,0.0,0.0,,0.0
2023_07,2023,7,09-188-00953,227384,0,0.0,0.0,,0.0
2023_07,2023,7,09-186-00942,263107,0,0.0,0.0,,0.0
2023_07,2023,7,09-133-00710,201231,0,0.0,0.0,,0.0
2023_07,2023,7,09-142-00751,243375,903,0.0037103235747303,0.000742064714946,0.2,180.6
2023_07,2023,7,09-194-00986,264230,0,0.0,0.0,,0.0
2023_07,2023,7,09-165-00855,391542,18070,0.0461508599332894,0.0092301719866578,0.2,3613.999999999999
2023_07,2023,7,09-175-00895,367474,0,0.0,0.0,,0.0
2023_07,2023,7,09-169-00868,543161,0,0.0,0.0,,0.0
2023_07,2023,7,09-173-00881,477275,0,0.0,0.0,,0.0
2023_07,2023,7,09-153-00801,671058,2090,0.0031144848880424,0.0006228969776084,0.2,418.00000000000006
2023_07,2023,7,09-191-00969,290817,0,0.0,0.0,,0.0
2023_07,2023,7,09-196-00992,295253,0,0.0,0.0,,0.0
2023_07,2023,7,09-194-00981,314504,0,0.0,0.0,,0.0
2023_07,2023,7,09-142-00745,138357,0,0.0,0.0,,0.0
2023_07,2023,7,09-193-00976,178340,0,0.0,0.0,,0.0
2023_07,2023,7,09-163-00847,238667,2616,0.010960878546259,0.0021921757092518,0.1999999999999999,523.2
2023_07,2023,7,09-174-00885,264114,0,0.0,0.0,,0.0
2023_07,2023,7,09-176-00899,186307,0,0.0,0.0,,0.0
2023_07,2023,7,09-155-00810,470255,51443,0.1093938395126048,0.0346705510839863,0.3169333048228136,16304.000000000002
2023_07,2023,7,09-142-00747,311571,297,0.0009532337733614,0.0002984873431737,0.3131313131313131,93.0
2023_07,2023,7,09-177-00904,195264,0,0.0,0.0,,0.0
2023_07,2023,7,09-175-00888,297872,0,0.0,0.0,,0.0
2023_07,2023,7,09-179-00915,343161,0,0.0,0.0,,0.0
2023_07,2023,7,09-166-00858,393596,0,0.0,0.0,,0.0
2023_07,2023,7,09-167-00861,530899,0,0.0,0.0,,0.0
2023_07,2023,7,09-189-00958,296625,0,0.0,0.0,,0.0
2023_07,2023,7,09-178-00907,215692,0,0.0,0.0,,0.0
2023_07,2023,7,09-183-00930,479320,0,0.0,0.0,,0.0
2023_07,2023,7,09-706-00824,300683,0,0.0,0.0,,0.0
2023_07,2023,7,09-160-00835,329400,3625,0.0110048573163327,0.0022009714632665,0.2,724.9999999999999
2023_07,2023,7,09-182-00926,694511,13705,0.0197333087596884,0.0039466617519376,0.2,2741.0
2023_07,2023,7,09-158-00828,191411,0,0.0,0.0,,0.0
2023_07,2023,7,09-156-00816,450282,24184,0.0537085648549131,0.0122785276782105,0.228613959642739,5528.799999999998
2023_07,2023,7,09-165-00854,414211,42562,0.1027543932923075,0.0205508786584615,0.2,8512.399999999998
2023_07,2023,7,09-182-00927,332992,105,0.00031532289064,6.306457812800308e-05,0.2,21.0
2023_07,2023,7,09-151-00792,799198,0,0.0,0.0,,0.0
2023_07,2023,7,09-146-00766,245147,1930,0.0078728273240137,0.0017067310634027,0.2167875647668394,418.4
2023_07,2023,7,09-159-00831,159959,72677,0.4543476765921267,0.2844141311210997,0.6259834610674629,45494.6
2023_07,2023,7,09-146-00765,212505,1182,0.0055622220653631,0.0012376179384014,0.2225042301184433,263.0
2023_07,2023,7,09-139-00736,185647,25,0.0001346641744816,2.693283489633552e-05,0.2,5.0
2023_07,2023,7,09-146-00770,399729,60,0.0001501016938976,3.002033877952313e-05,0.1999999999999999,12.0
2023_07,2023,7,09-139-00735,336441,0,0.0,0.0,,0.0
2023_07,2023,7,09-132-00701,475536,5,1.051445106153898e-05,2.102890212307796e-06,0.2,1.0
2023_07,2023,7,09-161-00839,320874,19061,0.0594033795196868,0.0118806759039373,0.2,3812.1999999999994
2023_07,2023,7,09-181-00923,604889,0,0.0,0.0,,0.0
2023_07,2023,7,09-135-00718,30548,0,0.0,0.0,,0.0
2023_07,2023,7,09-159-00830,426482,51883,0.1216534343770663,0.0589122166937877,0.4842626679259103,25125.0
2023_07,2023,7,09-146-00768,361215,0,0.0,0.0,,0.0
2023_07,2023,7,09-146-00767,325049,906,0.0027872720728259,0.0005629920411999,0.2019867549668874,183.0
2023_07,2023,7,09-161-00837,75946,7800,0.1027045532351934,0.0205409106470386,0.2,1560.000000000001
2023_07,2023,7,09-144-00757,123732,0,0.0,0.0,,0.0
2023_07,2023,7,09-136-00727,196786,4,2.0326649253503805e-05,4.065329850700762e-06,0.2,0.8
2023_07,2023,7,09-152-00795,465633,0,0.0,0.0,,0.0
2023_07,2023,7,09-704-00707,281095,0,0.0,0.0,,0.0
2023_07,2023,7,09-144-00758,256852,1423,0.005540155420242,0.0011080310840484,0.1999999999999999,284.6
2023_07,2023,7,09-147-00774,340107,2205,0.0064832537995395,0.0012966507599079,0.1999999999999999,441.0
2023_07,2023,7,09-136-00723,187020,0,0.0,0.0,,0.0
2023_07,2023,7,09-143-00754,410192,1417,0.0034544798533369,0.0006923587003159,0.2004234297812279,284.00000000000006
2023_07,2023,7,09-151-00791,432129,2,4.62824758347623e-06,9.256495166952462e-07,0.2,0.4
2023_07,2023,7,09-143-00753,226024,27,0.0001194563409195,2.3891268183909676e-05,0.2,5.4
2023_07,2023,7,09-143-00756,249299,0,0.0,0.0,,0.0
2023_07,2023,7,09-143-00752,318265,14168,0.0445163621510376,0.0188962028498264,0.4244776962168266,6014.000000000001
2023_07,2023,7,09-143-00755,483242,749,0.0015499480591504,0.00030998961183,0.1999999999999999,149.80000000000004
2023_07,2023,7,09-151-00790,488682,0,0.0,0.0,,0.0
2023_07,2023,7,09-154-00806,438084,0,0.0,0.0,,0.0
2023_07,2023,7,09-154-00805,437183,0,0.0,0.0,,0.0
2023_07,2023,7,09-154-00807,364754,0,0.0,0.0,,0.0
2023_07,2023,7,09-154-00803,630238,0,0.0,0.0,,0.0
2023_07,2023,7,09-154-00808,344653,0,0.0,0.0,,0.0
2023_07,2023,7,09-154-00804,384169,0,0.0,0.0,,0.0
2023_07,2023,7,09-139-00737,85364,2740,0.0320978398388079,0.0074481045874138,0.2320437956204379,635.8
2023_07,2023,7,09-137-00718,136360,0,0.0,0.0,,0.0
2023_07,2023,7,09-202-01011,205123,2868,0.0139818547895652,0.0054747639221345,0.3915620641562064,1123.0
2023_07,2023,7,09-178-00911,138083,0,0.0,0.0,,0.0
2023_07,2023,7,09-173-00884,190238,0,0.0,0.0,,0.0
2023_08,2023,8,09-168-00865,329413,2,6.071405803656808e-06,6.746006448507564e-07,0.1111111111111111,0.2222222222222222
2023_08,2023,8,09-200-01005,1474789,0,0.0,0.0,,0.0
2023_08,2023,8,09-177-00902,260579,0,0.0,0.0,,0.0
2023_08,2023,8,09-185-00940,106837,159,0.0014882484532512,0.0001653609392501,0.1111111111111111,17.666666666666664
2023_08,2023,8,09-190-00960,177168,3677,0.0207543122911586,0.0023060346990176,0.1111111111111111,408.55555555555554
2023_08,2023,8,09-156-00814,462391,49988,0.1081076405033835,0.0376083829005706,0.3478790465267219,17389.777777777777
2023_08,2023,8,09-191-00965,410177,15695,0.0382639689694936,0.0046825313624768,0.1223744292237443,1920.6666666666663
2023_08,2023,8,09-149-00781,328046,12540,0.0382263463050913,0.0086556289192504,0.2264309764309764,2839.4444444444443
2023_08,2023,8,09-188-00949,155805,12756,0.0818715702320208,0.0180039864645621,0.2199052297829344,2805.1111111111113
2023_08,2023,8,09-195-00988,251880,0,0.0,0.0,,0.0
2023_08,2023,8,09-190-00962,217454,1897,0.0087236840895085,0.0009692982321676,0.1111111111111111,210.77777777777777
2023_08,2023,8,09-158-00829,298492,0,0.0,0.0,,0.0
2023_08,2023,8,09-754-00721,406625,0,0.0,0.0,,0.0
2023_08,2023,8,09-155-00813,650968,1566,0.0024056482039055,0.0002922143979768,0.1214701291329644,190.22222222222223
2023_08,2023,8,09-138-00732,272541,0,0.0,0.0,,0.0
2023_08,2023,8,09-168-00866,394948,2,5.0639577868478886e-06,5.626619763164321e-07,0.1111111111111111,0.2222222222222222
2023_08,2023,8,09-155-00809,439582,982,0.0022339404252221,0.0003847089078058,0.1722109074451233,169.11111111111114
2023_08,2023,8,09-142-00750,250168,0,0.0,0.0,,0.0
2023_08,2023,8,09-184-00932,234600,5797,0.0247101449275362,0.0027455716586151,0.1111111111111111,644.1111111111111
2023_08,2023,8,09-197-00996,373044,0,0.0,0.0,,0.0
2023_08,2023,8,09-195-00991,317767,0,0.0,0.0,,0.0
2023_08,2023,8,09-187-00945,313718,0,0.0,0.0,,0.0
2023_08,2023,8,09-135-00720,254144,63,0.000247890959456,2.7543439939561815e-05,0.111111111111111,6.999999999999999
2023_08,2023,8,09-136-00725,222934,0,0.0,0.0,,0.0
2023_08,2023,8,09-161-00840,228773,0,0.0,0.0,,0.0
2023_08,2023,8,09-132-00704,257380,0,0.0,0.0,,0.0
2023_08,2023,8,09-161-00838,292983,0,0.0,0.0,,0.0
2023_08,2023,8,09-159-00832,400347,19810,0.0494820743005442,0.0260554524505547,0.5265634640192943,10431.222222222226
2023_08,2023,8,09-146-00769,281161,85,0.0003023178890386,3.359087655985162e-05,0.1111111111111111,9.444444444444445
2023_08,2023,8,09-147-00772,204623,0,0.0,0.0,,0.0
2023_08,2023,8,09-705-00741,213900,1324,0.0061898083216456,0.0007422991013453,0.119922792883518,158.77777777777774
2023_08,2023,8,09-140-00739,209876,159,0.0007575901961158,8.417668845731129e-05,0.1111111111111111,17.666666666666664
2023_08,2023,8,09-705-00740,297471,0,0.0,0.0,,0.0
2023_08,2023,8,09-144-00759,215757,0,0.0,0.0,,0.0
2023_08,2023,8,09-181-00924,271108,0,0.0,0.0,,0.0
2023_08,2023,8,09-152-00796,427590,40209,0.0940363432259875,0.029876751093337,0.3177149394414185,12775.000000000004
2023_08,2023,8,09-147-00773,372557,0,0.0,0.0,,0.0
2023_08,2023,8,09-161-00836,127717,0,0.0,0.0,,0.0
2023_08,2023,8,09-704-00706,301739,0,0.0,0.0,,0.0
2023_08,2023,8,09-146-00763,204,4,0.0196078431372549,0.0021786492374727,0.1111111111111111,0.4444444444444444
2023_08,2023,8,09-136-00728,183511,0,0.0,0.0,,0.0
2023_08,2023,8,09-140-00738,207515,0,0.0,0.0,,0.0
2023_08,2023,8,09-135-00719,354336,3,8.466540232999188e-06,9.407266925554653e-07,0.1111111111111111,0.3333333333333333
2023_08,2023,8,09-132-00703,401527,0,0.0,0.0,,0.0
2023_08,2023,8,09-152-00793,580285,0,0.0,0.0,,0.0
2023_08,2023,8,09-136-00726,150547,0,0.0,0.0,,0.0
2023_08,2023,8,09-132-00705,219439,0,0.0,0.0,,0.0
2023_08,2023,8,09-144-00760,211102,437,0.0020700893406978,0.0002300099267442,0.1111111111111111,48.55555555555556
2023_08,2023,8,09-132-00702,366805,0,0.0,0.0,,0.0
2023_08,2023,8,09-136-00724,143308,0,0.0,0.0,,0.0
2023_08,2023,8,09-135-00717,254438,0,0.0,0.0,,0.0
2023_08,2023,8,09-152-00794,488045,6730,0.0137897120142609,0.0029154870737101,0.211424797754664,1422.8888888888887
2023_08,2023,8,09-147-00771,175151,818,0.0046702559505797,0.0005189173278421,0.1111111111111111,90.8888888888889
2023_08,2023,8,09-185-00939,386079,5484,0.014204346778768,0.0015782607531964,0.1111111111111111,609.3333333333335
2023_08,2023,8,09-198-00997,156799,0,0.0,0.0,,0.0
2023_08,2023,8,09-185-00937,194814,357,0.0018325171702239,0.0002036130189137,0.1111111111111111,39.666666666666664
2023_08,2023,8,09-190-00963,160556,0,0.0,0.0,,0.0
2023_08,2023,8,09-163-00846,294793,0,0.0,0.0,,0.0
2023_08,2023,8,09-148-00777,534222,0,0.0,0.0,,0.0
2023_08,2023,8,09-162-00841,500362,0,0.0,0.0,,0.0
2023_08,2023,8,09-156-00818,279219,20793,0.0744684280081226,0.0211502639704158,0.2840165226545258,5905.555555555555
2023_08,2023,8,09-134-00713,386244,7886,0.0204171456385083,0.0023295579420723,0.1140981204384704,899.7777777777779
2023_08,2023,8,09-177-00906,250854,0,0.0,0.0,,0.0
2023_08,2023,8,09-155-00812,429043,32831,0.076521467545211,0.0253243199917542,0.3309439926356864,10865.222222222215
2023_08,2023,8,09-164-00848,370811,5531,0.0149159544889445,0.006964614198488,0.466923803210189,2582.555555555556
2023_08,2023,8,09-149-00780,163959,0,0.0,0.0,,0.0
2023_08,2023,8,09-172-00877,578515,9257,0.016001313708374,0.0039240315482072,0.2452318365681226,2270.111111111112
2023_08,2023,8,09-149-00779,424312,0,0.0,0.0,,0.0
2023_08,2023,8,09-133-00709,239561,0,0.0,0.0,,0.0
2023_08,2023,8,09-142-00746,268384,0,0.0,0.0,,0.0
2023_08,2023,8,09-191-00964,196858,0,0.0,0.0,,0.0
2023_08,2023,8,09-188-00948,162682,3413,0.0209795797937079,0.0027989164955762,0.133411465963473,455.33333333333337
2023_08,2023,8,09-174-00887,222864,0,0.0,0.0,,0.0
2023_08,2023,8,09-196-00994,546376,0,0.0,0.0,,0.0
2023_08,2023,8,09-196-00993,289783,0,0.0,0.0,,0.0
2023_08,2023,8,09-754-00722,288905,0,0.0,0.0,,0.0
2023_08,2023,8,09-134-00716,369671,5292,0.0143154318299244,0.0015906035366582,0.1111111111111111,587.9999999999998
2023_08,2023,8,09-169-00869,361592,0,0.0,0.0,,0.0
2023_08,2023,8,09-188-00951,166741,3779,0.0226638919042107,0.0027181210513444,0.1199317867748669,453.2222222222222
2023_08,2023,8,09-145-00761,479404,4817,0.0100478928002269,0.0011164325333585,0.1111111111111111,535.2222222222221
2023_08,2023,8,09-160-00833,392874,910,0.0023162642475704,0.0004134772075638,0.1785103785103785,162.44444444444449
2023_08,2023,8,09-199-01003,461086,0,0.0,0.0,,0.0
2023_08,2023,8,09-183-00929,463344,0,0.0,0.0,,0.0
2023_08,2023,8,09-141-00742,220757,0,0.0,0.0,,0.0
2023_08,2023,8,09-158-00827,191397,3531,0.0184485650245301,0.0022791486921018,0.1235407029799553,436.2222222222223
2023_08,2023,8,09-149-00783,492792,33173,0.0673164337083394,0.023463584365547,0.3485565570393593,11562.666666666666
2023_08,2023,8,09-190-00959,415288,359,0.0008644603263277,9.605114736975032e-05,0.1111111111111111,39.88888888888888
2023_08,2023,8,09-163-00844,203413,0,0.0,0.0,,0.0
2023_08,2023,8,09-134-00715,382484,0,0.0,0.0,,0.0
2023_08,2023,8,09-134-00715,382484,0,0.0,0.0,,0.0
2023_08,2023,8,09-137-00729,307474,10664,0.0346826073098863,0.0043331577087276,0.1249374843710928,1332.3333333333337
2023_08,2023,8,09-153-00802,512014,0,0.0,0.0,,0.0
2023_08,2023,8,09-142-00749,242401,888,0.0036633512237985,0.000564262431994,0.1540290290290291,136.77777777777786
2023_08,2023,8,09-184-00936,228406,268,0.0011733492114918,0.0001303721346102,0.1111111111111111,29.777777777777775
2023_08,2023,8,09-200-01006,1184003,0,0.0,0.0,,0.0
2023_08,2023,8,09-201-01008,564254,0,0.0,0.0,,0.0
2023_08,2023,8,09-177-00905,219626,0,0.0,0.0,,0.0
2023_08,2023,8,09-150-00789,293976,1075,0.0036567610961439,0.000469426075598,0.1283720930232558,137.99999999999997
2023_08,2023,8,09-176-00896,331038,1,3.020801237320187e-06,3.356445819244652e-07,0.1111111111111111,0.1111111111111111
2023_08,2023,8,09-172-00878,731611,1482,0.0020256666452527,0.0003233351542767,0.1596191333033438,236.55555555555551
2023_08,2023,8,09-166-00857,468438,8,1.7078033805967918e-05,1.897559311774213e-06,0.1111111111111111,0.8888888888888888
2023_08,2023,8,09-706-00913,263012,0,0.0,0.0,,0.0
2023_08,2023,8,09-141-00743,238619,854,0.0035789270762177,0.0003976585640241,0.1111111111111111,94.8888888888889
2023_08,2023,8,09-195-00989,302426,0,0.0,0.0,,0.0
2023_08,2023,8,09-186-00943,260659,15697,0.0602204412661753,0.0092389759119087,0.1534192662433728,2408.2222222222226
2023_08,2023,8,09-200-01004,379547,0,0.0,0.0,,0.0
2023_08,2023,8,09-164-00850,495630,0,0.0,0.0,,0.0
2023_08,2023,8,09-198-00998,178466,0,0.0,0.0,,0.0
2023_08,2023,8,09-175-00893,333942,0,0.0,0.0,,0.0
2023_08,2023,8,09-176-00901,340198,0,0.0,0.0,,0.0
2023_08,2023,8,09-168-00864,478043,0,0.0,0.0,,0.0
2023_08,2023,8,09-155-00811,716885,5367,0.0074865564211833,0.0011064846136022,0.1477962031343809,793.2222222222221
2023_08,2023,8,09-185-00938,565747,6742,0.0119169876287457,0.0013241097365273,0.1111111111111111,749.111111111111
2023_08,2023,8,09-156-00815,503635,6,1.1913389657192211e-05,1.3237099619102457e-06,0.1111111111111111,0.6666666666666666
2023_08,2023,8,09-137-00731,389674,3631,0.009318045340464,0.0011873172617795,0.1274212797209217,462.6666666666667
2023_08,2023,8,09-189-00956,345746,7,2.0246076599584666e-05,2.249564066620518e-06,0.1111111111111111,0.7777777777777777
2023_08,2023,8,09-184-00935,264747,96,0.0003626103411936,4.029003791040755e-05,0.1111111111111111,10.666666666666668
2023_08,2023,8,09-179-00916,233484,0,0.0,0.0,,0.0
2023_08,2023,8,09-195-00987,245762,0,0.0,0.0,,0.0
2023_08,2023,8,09-178-00909,227386,2,8.795616264853597e-06,9.77290696094844e-07,0.1111111111111111,0.2222222222222222
2023_08,2023,8,09-165-00852,305100,0,0.0,0.0,,0.0
2023_08,2023,8,09-201-01009,238336,0,0.0,0.0,,0.0
2023_08,2023,8,09-133-00711,340025,8759,0.0257598705977501,0.00298964945388,0.1160584034199744,1016.5555555555554
2023_08,2023,8,09-194-00984,316740,0,0.0,0.0,,0.0
2023_08,2023,8,09-141-00744,185943,265,0.0014251679278058,0.0001583519919784,0.1111111111111111,29.444444444444443
2023_08,2023,8,09-166-00860,527344,0,0.0,0.0,,0.0
2023_08,2023,8,09-179-00918,276522,0,0.0,0.0,,0.0
2023_08,2023,8,09-180-00922,452765,0,0.0,0.0,,0.0
2023_08,2023,8,09-165-00853,559929,0,0.0,0.0,,0.0
2023_08,2023,8,09-199-01001,596718,0,0.0,0.0,,0.0
2023_08,2023,8,09-173-00880,152240,0,0.0,0.0,,0.0
2023_08,2023,8,09-158-00826,319635,5023,0.0157147996934002,0.0050439476972866,0.320967991682704,1612.2222222222224
2023_08,2023,8,09-167-00862,811300,0,0.0,0.0,,0.0
2023_08,2023,8,09-179-00917,245396,0,0.0,0.0,,0.0
2023_08,2023,8,09-157-00821,421688,0,0.0,0.0,,0.0
2023_08,2023,8,09-194-00983,361483,0,0.0,0.0,,0.0
2023_08,2023,8,09-165-00851,370466,0,0.0,0.0,,0.0
2023_08,2023,8,09-192-00972,210693,13264,0.0629541560469498,0.0069949062274388,0.1111111111111111,1473.7777777777778
2023_08,2023,8,09-145-00763,214986,2567,0.0119403123924348,0.0013267013769372,0.1111111111111111,285.2222222222222
2023_08,2023,8,09-158-00823,323632,0,0.0,0.0,,0.0
2023_08,2023,8,09-187-00947,492064,121,0.0002459029719711,2.7322552441236183e-05,0.1111111111111111,13.44444444444444
2023_08,2023,8,09-180-00920,407001,0,0.0,0.0,,0.0
2023_08,2023,8,09-169-00870,547910,0,0.0,0.0,,0.0
2023_08,2023,8,09-148-00775,454824,0,0.0,0.0,,0.0
2023_08,2023,8,09-157-00819,214525,262,0.0012213028784523,0.0001403617811961,0.1149279050042409,30.111111111111107
2023_08,2023,8,09-174-00886,309590,0,0.0,0.0,,0.0
2023_08,2023,8,09-183-00931,325656,44,0.0001351118972166,1.5012433024077212e-05,0.111111111111111,4.888888888888888
2023_08,2023,8,09-194-00985,337075,0,0.0,0.0,,0.0
2023_08,2023,8,09-199-01002,383497,0,0.0,0.0,,0.0
2023_08,2023,8,09-145-00762,331571,14499,0.043728190945529,0.0048586878828365,0.1111111111111111,1611.0000000000002
2023_08,2023,8,09-145-00764,488110,4279,0.0087664665751572,0.0009740518416841,0.1111111111111111,475.4444444444443
2023_08,2023,8,09-171-00876,364207,0,0.0,0.0,,0.0
2023_08,2023,8,09-192-00973,231936,0,0.0,0.0,,0.0
2023_08,2023,8,09-168-00867,534892,0,0.0,0.0,,0.0
2023_08,2023,8,09-166-00859,493707,0,0.0,0.0,,0.0
2023_08,2023,8,09-138-00733,485945,17988,0.0370165347930321,0.005345369446245,0.1444049119165864,2597.5555555555575
2023_08,2023,8,09-138-00734,432203,0,0.0,0.0,,0.0
2023_08,2023,8,09-186-00941,214723,5008,0.0233230720509679,0.0032465600383336,0.1391995030173944,697.1111111111111
2023_08,2023,8,09-191-00970,181503,0,0.0,0.0,,0.0
2023_08,2023,8,09-175-00894,374485,0,0.0,0.0,,0.0
2023_08,2023,8,09-177-00903,281962,0,0.0,0.0,,0.0
2023_08,2023,8,09-150-00785,239726,2477,0.0103326297523005,0.0011480699724778,0.1111111111111111,275.22222222222223
2023_08,2023,8,09-199-01000,515914,0,0.0,0.0,,0.0
2023_08,2023,8,09-157-00822,314022,0,0.0,0.0,,0.0
2023_08,2023,8,09-134-00715,244927,0,0.0,0.0,,0.0
2023_08,2023,8,09-134-00715,244927,0,0.0,0.0,,0.0
2023_08,2023,8,09-178-00910,261862,493,0.0018826710251964,0.0002091856694662,0.1111111111111111,54.77777777777778
2023_08,2023,8,09-163-00845,376560,0,0.0,0.0,,0.0
2023_08,2023,8,09-178-00908,201134,2229,0.0110821641293863,0.0012313515699318,0.1111111111111111,247.66666666666669
2023_08,2023,8,09-201-01007,294612,0,0.0,0.0,,0.0
2023_08,2023,8,09-153-00800,602599,0,0.0,0.0,,0.0
2023_08,2023,8,09-166-00856,352698,0,0.0,0.0,,0.0
2023_08,2023,8,09-192-00974,175773,0,0.0,0.0,,0.0
2023_08,2023,8,09-195-00990,388183,0,0.0,0.0,,0.0
2023_08,2023,8,09-706-00912,254493,0,0.0,0.0,,0.0
2023_08,2023,8,09-179-06868,99300,0,0.0,0.0,,0.0
2023_08,2023,8,09-133-00708,481254,0,0.0,0.0,,0.0
2023_08,2023,8,09-134-00714,322143,0,0.0,0.0,,0.0
2023_08,2023,8,09-134-00712,415034,1556,0.0037490904359642,0.0007209583364789,0.1923021993716081,299.22222222222206
2023_08,2023,8,09-180-00919,1011741,0,0.0,0.0,,0.0
2023_08,2023,8,09-170-00874,342800,0,0.0,0.0,,0.0
2023_08,2023,8,09-184-00933,291221,10355,0.0355571885269262,0.003950798725214,0.1111111111111111,1150.5555555555552
2023_08,2023,8,09-187-00944,298977,0,0.0,0.0,,0.0
2023_08,2023,8,09-150-00788,262215,0,0.0,0.0,,0.0
2023_08,2023,8,09-175-00890,135635,0,0.0,0.0,,0.0
2023_08,2023,8,09-706-00914,268793,0,0.0,0.0,,0.0
2023_08,2023,8,09-137-00730,292765,0,0.0,0.0,,0.0
2023_08,2023,8,09-142-00748,150890,1771,0.0117370269732918,0.0015596350542337,0.1328816111424807,235.3333333333334
2023_08,2023,8,09-150-00786,368451,1789,0.0048554624631226,0.0005404005176023,0.111297434941929,199.1111111111112
2023_08,2023,8,09-170-00873,339219,0,0.0,0.0,,0.0
2023_08,2023,8,09-198-00999,115901,0,0.0,0.0,,0.0
2023_08,2023,8,09-162-00842,406694,0,0.0,0.0,,0.0
2023_08,2023,8,09-191-00966,269074,0,0.0,0.0,,0.0
2023_08,2023,8,09-170-00872,579285,0,0.0,0.0,,0.0
2023_08,2023,8,09-149-00782,527449,15231,0.0288767255222779,0.0076793101218211,0.2659342422982367,4050.444444444444
2023_08,2023,8,09-194-00982,205060,0,0.0,0.0,,0.0
2023_08,2023,8,09-150-00784,384386,3,7.804654696060731e-06,8.671838551178589e-07,0.1111111111111111,0.3333333333333333
2023_08,2023,8,09-180-00921,372294,0,0.0,0.0,,0.0
2023_08,2023,8,09-176-00898,413974,3,7.246831926642736e-06,8.052035474047484e-07,0.1111111111111111,0.3333333333333333
2023_08,2023,8,09-153-00797,394078,0,0.0,0.0,,0.0
2023_08,2023,8,09-191-00967,226329,0,0.0,0.0,,0.0
2023_08,2023,8,09-189-01020,452164,0,0.0,0.0,,0.0
2023_08,2023,8,09-193-00980,148532,2901,0.0195311448038133,0.0021701272004237,0.1111111111111111,322.33333333333337
2023_08,2023,8,09-157-00820,188559,4228,0.0224226899803244,0.0032297583249805,0.1440397350993377,609.0
2023_08,2023,8,09-193-00978,359703,2442,0.0067889342040516,0.0007543260226724,0.1111111111111111,271.33333333333326
2023_08,2023,8,09-182-00925,485482,1429,0.0029434664930934,0.0003270518325659,0.1111111111111111,158.77777777777774
2023_08,2023,8,09-170-00871,719959,0,0.0,0.0,,0.0
2023_08,2023,8,09-193-00979,247294,7395,0.0299036774042233,0.0033226308226914,0.1111111111111111,821.6666666666665
2023_08,2023,8,09-188-00952,177713,18394,0.1035039642569761,0.0362713413700117,0.350434320370169,6445.88888888889
2023_08,2023,8,09-184-00934,289370,1467,0.0050696340325534,0.0005632926702837,0.1111111111111111,163.00000000000006
2023_08,2023,8,09-175-00891,330339,0,0.0,0.0,,0.0
2023_08,2023,8,09-150-00787,332909,1992,0.0059836171446251,0.0006648463494027,0.1111111111111111,221.33333333333337
2023_08,2023,8,09-190-00961,167415,12144,0.0725383030194427,0.0080770673011511,0.1113489972185624,1352.222222222222
2023_08,2023,8,09-193-00975,163355,3530,0.0216093783477701,0.0024010420386411,0.1111111111111111,392.2222222222222
2023_08,2023,8,09-192-00971,157492,1413,0.0089718842861859,0.0009968760317984,0.1111111111111111,157.00000000000003
2023_08,2023,8,09-188-00954,227200,23836,0.1049119718309859,0.0181983568075117,0.1734631090227667,4134.666666666667
2023_08,2023,8,09-153-00799,600756,0,0.0,0.0,,0.0
2023_08,2023,8,09-183-00928,527456,0,0.0,0.0,,0.0
2023_08,2023,8,09-188-00950,378900,14731,0.0388783320137239,0.0073918653411923,0.1901281500086741,2800.777777777778
2023_08,2023,8,09-754-00778,413294,9353,0.0226303793425503,0.0034333912420698,0.1517160269432268,1418.9999999999998
2023_08,2023,8,09-160-00834,219908,14819,0.0673872710406169,0.0259512563839827,0.3851062074963823,5706.888888888889
2023_08,2023,8,09-164-00849,478213,8340,0.0174399273963694,0.0060066214102177,0.344417799094058,2872.4444444444453
2023_08,2023,8,09-153-00798,720203,0,0.0,0.0,,0.0
2023_08,2023,8,09-202-01012,405423,43243,0.1066614375602765,0.0308821486036395,0.2895343369639788,12520.333333333338
2023_08,2023,8,09-173-00883,338786,0,0.0,0.0,,0.0
2023_08,2023,8,09-187-00946,224671,3284,0.0146169287535997,0.0016354778518119,0.1118892948978211,367.4444444444445
2023_08,2023,8,09-191-00968,309591,0,0.0,0.0,,0.0
2023_08,2023,8,09-175-00889,330664,0,0.0,0.0,,0.0
2023_08,2023,8,09-197-00995,308644,0,0.0,0.0,,0.0
2023_08,2023,8,09-173-00882,498630,0,0.0,0.0,,0.0
2023_08,2023,8,09-156-00817,356910,0,0.0,0.0,,0.0
2023_08,2023,8,09-158-00825,434797,0,0.0,0.0,,0.0
2023_08,2023,8,09-176-00897,199909,0,0.0,0.0,,0.0
2023_08,2023,8,09-176-00900,260918,0,0.0,0.0,,0.0
2023_08,2023,8,09-193-00977,237715,0,0.0,0.0,,0.0
2023_08,2023,8,09-163-00843,302821,0,0.0,0.0,,0.0
2023_08,2023,8,09-175-00892,261816,0,0.0,0.0,,0.0
2023_08,2023,8,09-148-00776,246935,0,0.0,0.0,,0.0
2023_08,2023,8,09-171-00875,1053260,0,0.0,0.0,,0.0
2023_08,2023,8,09-189-00957,199858,0,0.0,0.0,,0.0
2023_08,2023,8,09-202-01010,278489,24217,0.086958551325187,0.0194466089025658,0.2236307827834442,5415.666666666669
2023_08,2023,8,09-172-00879,551167,403,0.0007311758505135,8.124176116817186e-05,0.1111111111111111,44.77777777777778
2023_08,2023,8,09-167-00863,887820,0,0.0,0.0,,0.0
2023_08,2023,8,09-188-00953,227384,9949,0.0437541779544734,0.0088083985191961,0.2013155984409377,2002.888888888888
2023_08,2023,8,09-186-00942,263107,5730,0.0217782119061826,0.005125502383272,0.2353500096955594,1348.5555555555557
2023_08,2023,8,09-133-00710,201231,0,0.0,0.0,,0.0
2023_08,2023,8,09-142-00751,243375,0,0.0,0.0,,0.0
2023_08,2023,8,09-194-00986,264230,0,0.0,0.0,,0.0
2023_08,2023,8,09-165-00855,391542,0,0.0,0.0,,0.0
2023_08,2023,8,09-175-00895,367474,0,0.0,0.0,,0.0
2023_08,2023,8,09-169-00868,543161,0,0.0,0.0,,0.0
2023_08,2023,8,09-173-00881,477275,2,4.190456235922686e-06,4.65606248435854e-07,0.1111111111111111,0.2222222222222222
2023_08,2023,8,09-153-00801,671058,0,0.0,0.0,,0.0
2023_08,2023,8,09-191-00969,290817,0,0.0,0.0,,0.0
2023_08,2023,8,09-196-00992,295253,0,0.0,0.0,,0.0
2023_08,2023,8,09-194-00981,314504,0,0.0,0.0,,0.0
2023_08,2023,8,09-142-00745,138357,0,0.0,0.0,,0.0
2023_08,2023,8,09-193-00976,178340,7044,0.0394975888751822,0.0043886209861313,0.1111111111111111,782.6666666666666
2023_08,2023,8,09-163-00847,238667,0,0.0,0.0,,0.0
2023_08,2023,8,09-174-00885,264114,92,0.000348334431344,3.870382570489342e-05,0.1111111111111111,10.22222222222222
2023_08,2023,8,09-176-00899,186307,0,0.0,0.0,,0.0
2023_08,2023,8,09-155-00810,470255,47620,0.1012642077170896,0.0405857814731723,0.4007909841803163,19085.66666666667
2023_08,2023,8,09-142-00747,311571,491,0.0015758847903046,0.0002218149670897,0.1407558271102059,69.11111111111111
2023_08,2023,8,09-177-00904,195264,0,0.0,0.0,,0.0
2023_08,2023,8,09-175-00888,297872,0,0.0,0.0,,0.0
2023_08,2023,8,09-179-00915,343161,0,0.0,0.0,,0.0
2023_08,2023,8,09-166-00858,393596,21,5.3354200754072706e-05,5.928244528230301e-06,0.1111111111111111,2.3333333333333335
2023_08,2023,8,09-167-00861,530899,0,0.0,0.0,,0.0
2023_08,2023,8,09-189-00958,296625,0,0.0,0.0,,0.0
2023_08,2023,8,09-178-00907,215692,2570,0.0119151382526936,0.0013239042502992,0.1111111111111111,285.55555555555554
2023_08,2023,8,09-183-00930,479320,0,0.0,0.0,,0.0
2023_08,2023,8,09-706-00824,300683,0,0.0,0.0,,0.0
2023_08,2023,8,09-160-00835,329400,0,0.0,0.0,,0.0
2023_08,2023,8,09-182-00926,694511,478,0.000688254037733,7.647267085922484e-05,0.1111111111111111,53.11111111111111
2023_08,2023,8,09-158-00828,191411,565,0.0029517634827674,0.0003279737203074,0.1111111111111111,62.77777777777777
2023_08,2023,8,09-156-00816,450282,48955,0.1087207572143678,0.0306412919508712,0.2818347915886471,13797.222222222215
2023_08,2023,8,09-165-00854,414211,0,0.0,0.0,,0.0
2023_08,2023,8,09-182-00927,332992,534,0.0016036421295406,0.0001781824588378,0.1111111111111111,59.333333333333336
2023_08,2023,8,09-151-00792,799198,9,1.1261289442666272e-05,1.251254382518475e-06,0.1111111111111111,1.0
2023_08,2023,8,09-146-00766,245147,4593,0.0187356973570959,0.0020817441507884,0.1111111111111111,510.3333333333333
2023_08,2023,8,09-159-00831,159959,76995,0.4813420939115648,0.2374712686792657,0.4933523821893196,37985.66666666667
2023_08,2023,8,09-146-00765,212505,2253,0.0106021034799181,0.0011780114977686,0.1111111111111111,250.33333333333331
2023_08,2023,8,09-139-00736,185647,0,0.0,0.0,,0.0
2023_08,2023,8,09-146-00770,399729,0,0.0,0.0,,0.0
2023_08,2023,8,09-139-00735,336441,0,0.0,0.0,,0.0
2023_08,2023,8,09-132-00701,475536,0,0.0,0.0,,0.0
2023_08,2023,8,09-161-00839,320874,0,0.0,0.0,,0.0
2023_08,2023,8,09-181-00923,604889,879,0.0014531591746584,0.0001614621305176,0.1111111111111111,97.66666666666666
2023_08,2023,8,09-135-00718,30548,0,0.0,0.0,,0.0
2023_08,2023,8,09-159-00830,426482,73824,0.1730999198090423,0.0674341342528979,0.3895676804893319,28759.44444444443
2023_08,2023,8,09-146-00768,361215,0,0.0,0.0,,0.0
2023_08,2023,8,09-146-00767,325049,394,0.0012121249411627,0.000134680549018,0.1111111111111111,43.77777777777776
2023_08,2023,8,09-161-00837,75946,0,0.0,0.0,,0.0
2023_08,2023,8,09-144-00757,123732,0,0.0,0.0,,0.0
2023_08,2023,8,09-136-00727,196786,30,0.0001524498694012,1.693887437791984e-05,0.1111111111111111,3.3333333333333335
2023_08,2023,8,09-152-00795,465633,19,4.080466805402538e-05,4.53385200600282e-06,0.1111111111111111,2.111111111111111
2023_08,2023,8,09-704-00707,281095,0,0.0,0.0,,0.0
2023_08,2023,8,09-144-00758,256852,0,0.0,0.0,,0.0
2023_08,2023,8,09-147-00774,340107,0,0.0,0.0,,0.0
2023_08,2023,8,09-136-00723,187020,0,0.0,0.0,,0.0
2023_08,2023,8,09-143-00754,410192,2307,0.0056241954986932,0.0008299636376244,0.1475701969850214,340.44444444444446
2023_08,2023,8,09-151-00791,432129,0,0.0,0.0,,0.0
2023_08,2023,8,09-143-00753,226024,0,0.0,0.0,,0.0
2023_08,2023,8,09-143-00756,249299,0,0.0,0.0,,0.0
2023_08,2023,8,09-143-00752,318265,3448,0.0108337391796144,0.0012037487977349,0.1111111111111111,383.11111111111114
2023_08,2023,8,09-143-00755,483242,0,0.0,0.0,,0.0
2023_08,2023,8,09-151-00790,488682,0,0.0,0.0,,0.0
2023_08,2023,8,09-154-00806,438084,0,0.0,0.0,,0.0
2023_08,2023,8,09-154-00805,437183,0,0.0,0.0,,0.0
2023_08,2023,8,09-154-00807,364754,0,0.0,0.0,,0.0
2023_08,2023,8,09-154-00803,630238,0,0.0,0.0,,0.0
2023_08,2023,8,09-154-00808,344653,140,0.0004062056619266,5.0614515017842406e-05,0.1246031746031745,17.44444444444444
2023_08,2023,8,09-154-00804,384169,0,0.0,0.0,,0.0
2023_08,2023,8,09-139-00737,85364,0,0.0,0.0,,0.0
2023_08,2023,8,09-137-00718,136360,0,0.0,0.0,,0.0
2023_08,2023,8,09-202-01011,205123,2358,0.0114955416993706,0.0032257068523113,0.2806050325134295,661.6666666666665
2023_08,2023,8,09-178-00911,138083,0,0.0,0.0,,0.0
2023_08,2023,8,09-173-00884,190238,0,0.0,0.0,,0.0
2023_09,2023,9,09-168-00865,329413,0,0.0,0.0,,0.0
2023_09,2023,9,09-200-01005,1474789,0,0.0,0.0,,0.0
2023_09,2023,9,09-177-00902,260579,0,0.0,0.0,,0.0
2023_09,2023,9,09-185-00940,106837,0,0.0,0.0,,0.0
2023_09,2023,9,09-190-00960,177168,0,0.0,0.0,,0.0
2023_09,2023,9,09-156-00814,462391,17714,0.0383095691741405,0.0383095691741405,1.0,17714.0
2023_09,2023,9,09-191-00965,410177,0,0.0,0.0,,0.0
2023_09,2023,9,09-149-00781,328046,0,0.0,0.0,,0.0
2023_09,2023,9,09-188-00949,155805,0,0.0,0.0,,0.0
2023_09,2023,9,09-195-00988,251880,0,0.0,0.0,,0.0
2023_09,2023,9,09-190-00962,217454,0,0.0,0.0,,0.0
2023_09,2023,9,09-158-00829,298492,0,0.0,0.0,,0.0
2023_09,2023,9,09-754-00721,406625,0,0.0,0.0,,0.0
2023_09,2023,9,09-155-00813,650968,619,0.0009508915952857,0.0009508915952857,1.0,619.0
2023_09,2023,9,09-138-00732,272541,0,0.0,0.0,,0.0
2023_09,2023,9,09-168-00866,394948,0,0.0,0.0,,0.0
2023_09,2023,9,09-155-00809,439582,0,0.0,0.0,,0.0
2023_09,2023,9,09-142-00750,250168,0,0.0,0.0,,0.0
2023_09,2023,9,09-184-00932,234600,0,0.0,0.0,,0.0
2023_09,2023,9,09-197-00996,373044,0,0.0,0.0,,0.0
2023_09,2023,9,09-195-00991,317767,0,0.0,0.0,,0.0
2023_09,2023,9,09-187-00945,313718,0,0.0,0.0,,0.0
2023_09,2023,9,09-135-00720,254144,0,0.0,0.0,,0.0
2023_09,2023,9,09-136-00725,222934,0,0.0,0.0,,0.0
2023_09,2023,9,09-161-00840,228773,0,0.0,0.0,,0.0
2023_09,2023,9,09-132-00704,257380,0,0.0,0.0,,0.0
2023_09,2023,9,09-161-00838,292983,0,0.0,0.0,,0.0
2023_09,2023,9,09-159-00832,400347,4817,0.0120320621860536,0.0120320621860536,1.0,4817.0
2023_09,2023,9,09-146-00769,281161,0,0.0,0.0,,0.0
2023_09,2023,9,09-147-00772,204623,0,0.0,0.0,,0.0
2023_09,2023,9,09-705-00741,213900,0,0.0,0.0,,0.0
2023_09,2023,9,09-140-00739,209876,0,0.0,0.0,,0.0
2023_09,2023,9,09-705-00740,297471,0,0.0,0.0,,0.0
2023_09,2023,9,09-144-00759,215757,0,0.0,0.0,,0.0
2023_09,2023,9,09-181-00924,271108,0,0.0,0.0,,0.0
2023_09,2023,9,09-152-00796,427590,844,0.0019738534577515,0.0019738534577515,1.0,844.0
2023_09,2023,9,09-147-00773,372557,0,0.0,0.0,,0.0
2023_09,2023,9,09-161-00836,127717,0,0.0,0.0,,0.0
2023_09,2023,9,09-704-00706,301739,0,0.0,0.0,,0.0
2023_09,2023,9,09-146-00763,204,0,0.0,0.0,,0.0
2023_09,2023,9,09-136-00728,183511,0,0.0,0.0,,0.0
2023_09,2023,9,09-140-00738,207515,0,0.0,0.0,,0.0
2023_09,2023,9,09-135-00719,354336,0,0.0,0.0,,0.0
2023_09,2023,9,09-132-00703,401527,0,0.0,0.0,,0.0
2023_09,2023,9,09-152-00793,580285,0,0.0,0.0,,0.0
2023_09,2023,9,09-136-00726,150547,0,0.0,0.0,,0.0
2023_09,2023,9,09-132-00705,219439,0,0.0,0.0,,0.0
2023_09,2023,9,09-144-00760,211102,0,0.0,0.0,,0.0
2023_09,2023,9,09-132-00702,366805,0,0.0,0.0,,0.0
2023_09,2023,9,09-136-00724,143308,0,0.0,0.0,,0.0
2023_09,2023,9,09-135-00717,254438,0,0.0,0.0,,0.0
2023_09,2023,9,09-152-00794,488045,0,0.0,0.0,,0.0
2023_09,2023,9,09-147-00771,175151,0,0.0,0.0,,0.0
2023_09,2023,9,09-185-00939,386079,0,0.0,0.0,,0.0
2023_09,2023,9,09-198-00997,156799,0,0.0,0.0,,0.0
2023_09,2023,9,09-185-00937,194814,0,0.0,0.0,,0.0
2023_09,2023,9,09-190-00963,160556,0,0.0,0.0,,0.0
2023_09,2023,9,09-163-00846,294793,0,0.0,0.0,,0.0
2023_09,2023,9,09-148-00777,534222,0,0.0,0.0,,0.0
2023_09,2023,9,09-162-00841,500362,0,0.0,0.0,,0.0
2023_09,2023,9,09-156-00818,279219,13405,0.0480089105684068,0.0480089105684068,1.0,13405.0
2023_09,2023,9,09-134-00713,386244,0,0.0,0.0,,0.0
2023_09,2023,9,09-177-00906,250854,0,0.0,0.0,,0.0
2023_09,2023,9,09-155-00812,429043,6447,0.0150264658787114,0.0150264658787114,1.0,6447.0
2023_09,2023,9,09-164-00848,370811,2706,0.0072975181426656,0.0072975181426656,1.0,2706.0
2023_09,2023,9,09-149-00780,163959,0,0.0,0.0,,0.0
2023_09,2023,9,09-172-00877,578515,4205,0.0072686101483971,0.0072686101483971,1.0,4205.0
2023_09,2023,9,09-149-00779,424312,0,0.0,0.0,,0.0
2023_09,2023,9,09-133-00709,239561,0,0.0,0.0,,0.0
2023_09,2023,9,09-142-00746,268384,0,0.0,0.0,,0.0
2023_09,2023,9,09-191-00964,196858,0,0.0,0.0,,0.0
2023_09,2023,9,09-188-00948,162682,0,0.0,0.0,,0.0
2023_09,2023,9,09-174-00887,222864,0,0.0,0.0,,0.0
2023_09,2023,9,09-196-00994,546376,0,0.0,0.0,,0.0
2023_09,2023,9,09-196-00993,289783,0,0.0,0.0,,0.0
2023_09,2023,9,09-754-00722,288905,0,0.0,0.0,,0.0
2023_09,2023,9,09-134-00716,369671,0,0.0,0.0,,0.0
2023_09,2023,9,09-169-00869,361592,0,0.0,0.0,,0.0
2023_09,2023,9,09-188-00951,166741,0,0.0,0.0,,0.0
2023_09,2023,9,09-145-00761,479404,0,0.0,0.0,,0.0
2023_09,2023,9,09-160-00833,392874,231,0.0005879747705371,0.0005879747705371,1.0,231.0
2023_09,2023,9,09-199-01003,461086,0,0.0,0.0,,0.0
2023_09,2023,9,09-183-00929,463344,0,0.0,0.0,,0.0
2023_09,2023,9,09-141-00742,220757,0,0.0,0.0,,0.0
2023_09,2023,9,09-158-00827,191397,2247,0.011739995924701,0.011739995924701,1.0,2247.0
2023_09,2023,9,09-149-00783,492792,0,0.0,0.0,,0.0
2023_09,2023,9,09-190-00959,415288,0,0.0,0.0,,0.0
2023_09,2023,9,09-163-00844,203413,0,0.0,0.0,,0.0
2023_09,2023,9,09-134-00715,382484,0,0.0,0.0,,0.0
2023_09,2023,9,09-134-00715,382484,0,0.0,0.0,,0.0
2023_09,2023,9,09-137-00729,307474,0,0.0,0.0,,0.0
2023_09,2023,9,09-153-00802,512014,0,0.0,0.0,,0.0
2023_09,2023,9,09-142-00749,242401,0,0.0,0.0,,0.0
2023_09,2023,9,09-184-00936,228406,0,0.0,0.0,,0.0
2023_09,2023,9,09-200-01006,1184003,0,0.0,0.0,,0.0
2023_09,2023,9,09-201-01008,564254,0,0.0,0.0,,0.0
2023_09,2023,9,09-177-00905,219626,0,0.0,0.0,,0.0
2023_09,2023,9,09-150-00789,293976,0,0.0,0.0,,0.0
2023_09,2023,9,09-176-00896,331038,0,0.0,0.0,,0.0
2023_09,2023,9,09-172-00878,731611,1340,0.0018315744295807,0.0018315744295807,1.0,1340.0
2023_09,2023,9,09-166-00857,468438,0,0.0,0.0,,0.0
2023_09,2023,9,09-706-00913,263012,0,0.0,0.0,,0.0
2023_09,2023,9,09-141-00743,238619,0,0.0,0.0,,0.0
2023_09,2023,9,09-195-00989,302426,0,0.0,0.0,,0.0
2023_09,2023,9,09-186-00943,260659,0,0.0,0.0,,0.0
2023_09,2023,9,09-200-01004,379547,0,0.0,0.0,,0.0
2023_09,2023,9,09-164-00850,495630,0,0.0,0.0,,0.0
2023_09,2023,9,09-198-00998,178466,0,0.0,0.0,,0.0
2023_09,2023,9,09-175-00893,333942,0,0.0,0.0,,0.0
2023_09,2023,9,09-176-00901,340198,0,0.0,0.0,,0.0
2023_09,2023,9,09-168-00864,478043,0,0.0,0.0,,0.0
2023_09,2023,9,09-155-00811,716885,0,0.0,0.0,,0.0
2023_09,2023,9,09-185-00938,565747,0,0.0,0.0,,0.0
2023_09,2023,9,09-156-00815,503635,0,0.0,0.0,,0.0
2023_09,2023,9,09-137-00731,389674,0,0.0,0.0,,0.0
2023_09,2023,9,09-189-00956,345746,0,0.0,0.0,,0.0
2023_09,2023,9,09-184-00935,264747,0,0.0,0.0,,0.0
2023_09,2023,9,09-179-00916,233484,0,0.0,0.0,,0.0
2023_09,2023,9,09-195-00987,245762,0,0.0,0.0,,0.0
2023_09,2023,9,09-178-00909,227386,0,0.0,0.0,,0.0
2023_09,2023,9,09-165-00852,305100,0,0.0,0.0,,0.0
2023_09,2023,9,09-201-01009,238336,0,0.0,0.0,,0.0
2023_09,2023,9,09-133-00711,340025,0,0.0,0.0,,0.0
2023_09,2023,9,09-194-00984,316740,0,0.0,0.0,,0.0
2023_09,2023,9,09-141-00744,185943,0,0.0,0.0,,0.0
2023_09,2023,9,09-166-00860,527344,0,0.0,0.0,,0.0
2023_09,2023,9,09-179-00918,276522,0,0.0,0.0,,0.0
2023_09,2023,9,09-180-00922,452765,0,0.0,0.0,,0.0
2023_09,2023,9,09-165-00853,559929,0,0.0,0.0,,0.0
2023_09,2023,9,09-199-01001,596718,0,0.0,0.0,,0.0
2023_09,2023,9,09-173-00880,152240,0,0.0,0.0,,0.0
2023_09,2023,9,09-158-00826,319635,2603,0.0081436638665978,0.0081436638665978,1.0,2603.0
2023_09,2023,9,09-167-00862,811300,0,0.0,0.0,,0.0
2023_09,2023,9,09-179-00917,245396,0,0.0,0.0,,0.0
2023_09,2023,9,09-157-00821,421688,0,0.0,0.0,,0.0
2023_09,2023,9,09-194-00983,361483,0,0.0,0.0,,0.0
2023_09,2023,9,09-165-00851,370466,0,0.0,0.0,,0.0
2023_09,2023,9,09-192-00972,210693,0,0.0,0.0,,0.0
2023_09,2023,9,09-145-00763,214986,0,0.0,0.0,,0.0
2023_09,2023,9,09-158-00823,323632,0,0.0,0.0,,0.0
2023_09,2023,9,09-187-00947,492064,0,0.0,0.0,,0.0
2023_09,2023,9,09-180-00920,407001,0,0.0,0.0,,0.0
2023_09,2023,9,09-169-00870,547910,0,0.0,0.0,,0.0
2023_09,2023,9,09-148-00775,454824,0,0.0,0.0,,0.0
2023_09,2023,9,09-157-00819,214525,70,0.0003263022957697,0.0003263022957697,1.0,70.0
2023_09,2023,9,09-174-00886,309590,0,0.0,0.0,,0.0
2023_09,2023,9,09-183-00931,325656,0,0.0,0.0,,0.0
2023_09,2023,9,09-194-00985,337075,0,0.0,0.0,,0.0
2023_09,2023,9,09-199-01002,383497,0,0.0,0.0,,0.0
2023_09,2023,9,09-145-00762,331571,0,0.0,0.0,,0.0
2023_09,2023,9,09-145-00764,488110,0,0.0,0.0,,0.0
2023_09,2023,9,09-171-00876,364207,0,0.0,0.0,,0.0
2023_09,2023,9,09-192-00973,231936,0,0.0,0.0,,0.0
2023_09,2023,9,09-168-00867,534892,0,0.0,0.0,,0.0
2023_09,2023,9,09-166-00859,493707,0,0.0,0.0,,0.0
2023_09,2023,9,09-138-00733,485945,0,0.0,0.0,,0.0
2023_09,2023,9,09-138-00734,432203,0,0.0,0.0,,0.0
2023_09,2023,9,09-186-00941,214723,0,0.0,0.0,,0.0
2023_09,2023,9,09-191-00970,181503,0,0.0,0.0,,0.0
2023_09,2023,9,09-175-00894,374485,0,0.0,0.0,,0.0
2023_09,2023,9,09-177-00903,281962,0,0.0,0.0,,0.0
2023_09,2023,9,09-150-00785,239726,0,0.0,0.0,,0.0
2023_09,2023,9,09-199-01000,515914,0,0.0,0.0,,0.0
2023_09,2023,9,09-157-00822,314022,0,0.0,0.0,,0.0
2023_09,2023,9,09-134-00715,244927,0,0.0,0.0,,0.0
2023_09,2023,9,09-134-00715,244927,0,0.0,0.0,,0.0
2023_09,2023,9,09-178-00910,261862,0,0.0,0.0,,0.0
2023_09,2023,9,09-163-00845,376560,0,0.0,0.0,,0.0
2023_09,2023,9,09-178-00908,201134,0,0.0,0.0,,0.0
2023_09,2023,9,09-201-01007,294612,0,0.0,0.0,,0.0
2023_09,2023,9,09-153-00800,602599,0,0.0,0.0,,0.0
2023_09,2023,9,09-166-00856,352698,0,0.0,0.0,,0.0
2023_09,2023,9,09-192-00974,175773,0,0.0,0.0,,0.0
2023_09,2023,9,09-195-00990,388183,0,0.0,0.0,,0.0
2023_09,2023,9,09-706-00912,254493,0,0.0,0.0,,0.0
2023_09,2023,9,09-179-06868,99300,0,0.0,0.0,,0.0
2023_09,2023,9,09-133-00708,481254,0,0.0,0.0,,0.0
2023_09,2023,9,09-134-00714,322143,0,0.0,0.0,,0.0
2023_09,2023,9,09-134-00712,415034,0,0.0,0.0,,0.0
2023_09,2023,9,09-180-00919,1011741,0,0.0,0.0,,0.0
2023_09,2023,9,09-170-00874,342800,0,0.0,0.0,,0.0
2023_09,2023,9,09-184-00933,291221,0,0.0,0.0,,0.0
2023_09,2023,9,09-187-00944,298977,0,0.0,0.0,,0.0
2023_09,2023,9,09-150-00788,262215,0,0.0,0.0,,0.0
2023_09,2023,9,09-175-00890,135635,0,0.0,0.0,,0.0
2023_09,2023,9,09-706-00914,268793,0,0.0,0.0,,0.0
2023_09,2023,9,09-137-00730,292765,0,0.0,0.0,,0.0
2023_09,2023,9,09-142-00748,150890,0,0.0,0.0,,0.0
2023_09,2023,9,09-150-00786,368451,0,0.0,0.0,,0.0
2023_09,2023,9,09-170-00873,339219,0,0.0,0.0,,0.0
2023_09,2023,9,09-198-00999,115901,0,0.0,0.0,,0.0
2023_09,2023,9,09-162-00842,406694,0,0.0,0.0,,0.0
2023_09,2023,9,09-191-00966,269074,0,0.0,0.0,,0.0
2023_09,2023,9,09-170-00872,579285,0,0.0,0.0,,0.0
2023_09,2023,9,09-149-00782,527449,0,0.0,0.0,,0.0
2023_09,2023,9,09-194-00982,205060,0,0.0,0.0,,0.0
2023_09,2023,9,09-150-00784,384386,0,0.0,0.0,,0.0
2023_09,2023,9,09-180-00921,372294,0,0.0,0.0,,0.0
2023_09,2023,9,09-176-00898,413974,0,0.0,0.0,,0.0
2023_09,2023,9,09-153-00797,394078,0,0.0,0.0,,0.0
2023_09,2023,9,09-191-00967,226329,0,0.0,0.0,,0.0
2023_09,2023,9,09-189-01020,452164,0,0.0,0.0,,0.0
2023_09,2023,9,09-193-00980,148532,0,0.0,0.0,,0.0
2023_09,2023,9,09-157-00820,188559,2996,0.0158889260125477,0.0158889260125477,1.0,2996.0
2023_09,2023,9,09-193-00978,359703,0,0.0,0.0,,0.0
2023_09,2023,9,09-182-00925,485482,0,0.0,0.0,,0.0
2023_09,2023,9,09-170-00871,719959,0,0.0,0.0,,0.0
2023_09,2023,9,09-193-00979,247294,0,0.0,0.0,,0.0
2023_09,2023,9,09-188-00952,177713,0,0.0,0.0,,0.0
2023_09,2023,9,09-184-00934,289370,0,0.0,0.0,,0.0
2023_09,2023,9,09-175-00891,330339,0,0.0,0.0,,0.0
2023_09,2023,9,09-150-00787,332909,0,0.0,0.0,,0.0
2023_09,2023,9,09-190-00961,167415,0,0.0,0.0,,0.0
2023_09,2023,9,09-193-00975,163355,0,0.0,0.0,,0.0
2023_09,2023,9,09-192-00971,157492,0,0.0,0.0,,0.0
2023_09,2023,9,09-188-00954,227200,0,0.0,0.0,,0.0
2023_09,2023,9,09-153-00799,600756,0,0.0,0.0,,0.0
2023_09,2023,9,09-183-00928,527456,0,0.0,0.0,,0.0
2023_09,2023,9,09-188-00950,378900,0,0.0,0.0,,0.0
2023_09,2023,9,09-754-00778,413294,0,0.0,0.0,,0.0
2023_09,2023,9,09-160-00834,219908,2914,0.0132509958710006,0.0132509958710006,1.0,2914.0
2023_09,2023,9,09-164-00849,478213,3636,0.0076033064764027,0.0076033064764027,1.0,3636.0
2023_09,2023,9,09-153-00798,720203,0,0.0,0.0,,0.0
2023_09,2023,9,09-202-01012,405423,0,0.0,0.0,,0.0
2023_09,2023,9,09-173-00883,338786,0,0.0,0.0,,0.0
2023_09,2023,9,09-187-00946,224671,0,0.0,0.0,,0.0
2023_09,2023,9,09-191-00968,309591,0,0.0,0.0,,0.0
2023_09,2023,9,09-175-00889,330664,0,0.0,0.0,,0.0
2023_09,2023,9,09-197-00995,308644,0,0.0,0.0,,0.0
2023_09,2023,9,09-173-00882,498630,0,0.0,0.0,,0.0
2023_09,2023,9,09-156-00817,356910,0,0.0,0.0,,0.0
2023_09,2023,9,09-158-00825,434797,0,0.0,0.0,,0.0
2023_09,2023,9,09-176-00897,199909,0,0.0,0.0,,0.0
2023_09,2023,9,09-176-00900,260918,0,0.0,0.0,,0.0
2023_09,2023,9,09-193-00977,237715,0,0.0,0.0,,0.0
2023_09,2023,9,09-163-00843,302821,0,0.0,0.0,,0.0
2023_09,2023,9,09-175-00892,261816,0,0.0,0.0,,0.0
2023_09,2023,9,09-148-00776,246935,0,0.0,0.0,,0.0
2023_09,2023,9,09-171-00875,1053260,0,0.0,0.0,,0.0
2023_09,2023,9,09-189-00957,199858,0,0.0,0.0,,0.0
2023_09,2023,9,09-202-01010,278489,0,0.0,0.0,,0.0
2023_09,2023,9,09-172-00879,551167,295,0.0005352279799044,0.0005352279799044,1.0,295.0
2023_09,2023,9,09-167-00863,887820,0,0.0,0.0,,0.0
2023_09,2023,9,09-188-00953,227384,0,0.0,0.0,,0.0
2023_09,2023,9,09-186-00942,263107,0,0.0,0.0,,0.0
2023_09,2023,9,09-133-00710,201231,0,0.0,0.0,,0.0
2023_09,2023,9,09-142-00751,243375,0,0.0,0.0,,0.0
2023_09,2023,9,09-194-00986,264230,0,0.0,0.0,,0.0
2023_09,2023,9,09-165-00855,391542,0,0.0,0.0,,0.0
2023_09,2023,9,09-175-00895,367474,0,0.0,0.0,,0.0
2023_09,2023,9,09-169-00868,543161,0,0.0,0.0,,0.0
2023_09,2023,9,09-173-00881,477275,0,0.0,0.0,,0.0
2023_09,2023,9,09-153-00801,671058,0,0.0,0.0,,0.0
2023_09,2023,9,09-191-00969,290817,0,0.0,0.0,,0.0
2023_09,2023,9,09-196-00992,295253,0,0.0,0.0,,0.0
2023_09,2023,9,09-194-00981,314504,0,0.0,0.0,,0.0
2023_09,2023,9,09-142-00745,138357,0,0.0,0.0,,0.0
2023_09,2023,9,09-193-00976,178340,0,0.0,0.0,,0.0
2023_09,2023,9,09-163-00847,238667,0,0.0,0.0,,0.0
2023_09,2023,9,09-174-00885,264114,0,0.0,0.0,,0.0
2023_09,2023,9,09-176-00899,186307,0,0.0,0.0,,0.0
2023_09,2023,9,09-155-00810,470255,9760,0.0207546969197563,0.0207546969197563,1.0,9760.0
2023_09,2023,9,09-142-00747,311571,0,0.0,0.0,,0.0
2023_09,2023,9,09-177-00904,195264,0,0.0,0.0,,0.0
2023_09,2023,9,09-175-00888,297872,0,0.0,0.0,,0.0
2023_09,2023,9,09-179-00915,343161,0,0.0,0.0,,0.0
2023_09,2023,9,09-166-00858,393596,0,0.0,0.0,,0.0
2023_09,2023,9,09-167-00861,530899,0,0.0,0.0,,0.0
2023_09,2023,9,09-189-00958,296625,0,0.0,0.0,,0.0
2023_09,2023,9,09-178-00907,215692,0,0.0,0.0,,0.0
2023_09,2023,9,09-183-00930,479320,0,0.0,0.0,,0.0
2023_09,2023,9,09-706-00824,300683,0,0.0,0.0,,0.0
2023_09,2023,9,09-160-00835,329400,0,0.0,0.0,,0.0
2023_09,2023,9,09-182-00926,694511,0,0.0,0.0,,0.0
2023_09,2023,9,09-158-00828,191411,416,0.0021733338209402,0.0021733338209402,1.0,416.0
2023_09,2023,9,09-156-00816,450282,24137,0.0536041858213297,0.0536041858213297,1.0,24137.0
2023_09,2023,9,09-165-00854,414211,0,0.0,0.0,,0.0
2023_09,2023,9,09-182-00927,332992,0,0.0,0.0,,0.0
2023_09,2023,9,09-151-00792,799198,0,0.0,0.0,,0.0
2023_09,2023,9,09-146-00766,245147,0,0.0,0.0,,0.0
2023_09,2023,9,09-159-00831,159959,17144,0.1071774642252077,0.1071774642252077,1.0,17144.0
2023_09,2023,9,09-146-00765,212505,0,0.0,0.0,,0.0
2023_09,2023,9,09-139-00736,185647,0,0.0,0.0,,0.0
2023_09,2023,9,09-146-00770,399729,0,0.0,0.0,,0.0
2023_09,2023,9,09-139-00735,336441,0,0.0,0.0,,0.0
2023_09,2023,9,09-132-00701,475536,0,0.0,0.0,,0.0
2023_09,2023,9,09-161-00839,320874,0,0.0,0.0,,0.0
2023_09,2023,9,09-181-00923,604889,0,0.0,0.0,,0.0
2023_09,2023,9,09-135-00718,30548,0,0.0,0.0,,0.0
2023_09,2023,9,09-159-00830,426482,6794,0.0159303323469689,0.0159303323469689,1.0,6794.0
2023_09,2023,9,09-146-00768,361215,0,0.0,0.0,,0.0
2023_09,2023,9,09-146-00767,325049,0,0.0,0.0,,0.0
2023_09,2023,9,09-161-00837,75946,0,0.0,0.0,,0.0
2023_09,2023,9,09-144-00757,123732,0,0.0,0.0,,0.0
2023_09,2023,9,09-136-00727,196786,0,0.0,0.0,,0.0
2023_09,2023,9,09-152-00795,465633,0,0.0,0.0,,0.0
2023_09,2023,9,09-704-00707,281095,0,0.0,0.0,,0.0
2023_09,2023,9,09-144-00758,256852,0,0.0,0.0,,0.0
2023_09,2023,9,09-147-00774,340107,0,0.0,0.0,,0.0
2023_09,2023,9,09-136-00723,187020,0,0.0,0.0,,0.0
2023_09,2023,9,09-143-00754,410192,0,0.0,0.0,,0.0
2023_09,2023,9,09-151-00791,432129,0,0.0,0.0,,0.0
2023_09,2023,9,09-143-00753,226024,0,0.0,0.0,,0.0
2023_09,2023,9,09-143-00756,249299,0,0.0,0.0,,0.0
2023_09,2023,9,09-143-00752,318265,0,0.0,0.0,,0.0
2023_09,2023,9,09-143-00755,483242,0,0.0,0.0,,0.0
2023_09,2023,9,09-151-00790,488682,0,0.0,0.0,,0.0
2023_09,2023,9,09-154-00806,438084,0,0.0,0.0,,0.0
2023_09,2023,9,09-154-00805,437183,0,0.0,0.0,,0.0
2023_09,2023,9,09-154-00807,364754,0,0.0,0.0,,0.0
2023_09,2023,9,09-154-00803,630238,0,0.0,0.0,,0.0
2023_09,2023,9,09-154-00808,344653,179,0.0005193629534633,0.0005193629534633,1.0,179.0
2023_09,2023,9,09-154-00804,384169,0,0.0,0.0,,0.0
2023_09,2023,9,09-139-00737,85364,0,0.0,0.0,,0.0
2023_09,2023,9,09-137-00718,136360,0,0.0,0.0,,0.0
2023_09,2023,9,09-202-01011,205123,0,0.0,0.0,,0.0
2023_09,2023,9,09-178-00911,138083,0,0.0,0.0,,0.0
2023_09,2023,9,09-173-00884,190238,0,0.0,0.0,,0.0
2024_07,2024,7,09-168-00865,329413,2366,0.007182473065726,0.001026067580818,0.1428571428571428,338.00000000000006
2024_07,2024,7,09-200-01005,1474789,0,0.0,0.0,,0.0
2024_07,2024,7,09-177-00902,260579,3725,0.0142950890133126,0.0031846662350271,0.2227804410354745,829.8571428571429
2024_07,2024,7,09-185-00940,106837,10311,0.0965115081853665,0.0160578397799585,0.1663826426701026,1715.5714285714284
2024_07,2024,7,09-190-00960,177168,18121,0.1022814503747855,0.0188392615241707,0.1841904026110195,3337.714285714286
2024_07,2024,7,09-156-00814,462391,38381,0.0830055083252052,0.0138596370356936,0.1669724975527325,6408.571428571429
2024_07,2024,7,09-191-00965,410177,6020,0.014676590837614,0.0030530373821197,0.2080208827717133,1252.2857142857144
2024_07,2024,7,09-149-00781,328046,589,0.0017954799022088,0.0002564971288869,0.1428571428571428,84.14285714285712
2024_07,2024,7,09-188-00949,155805,19902,0.127736593819197,0.0245966799158288,0.1925578190275205,3832.285714285714
2024_07,2024,7,09-195-00988,251880,5555,0.0220541527711608,0.0032333991242995,0.1466118040375465,814.4285714285713
2024_07,2024,7,09-190-00962,217454,199,0.000915136074756,0.0001307337249651,0.1428571428571428,28.428571428571427
2024_07,2024,7,09-158-00829,298492,3365,0.011273333958699,0.001650678362282,0.1464232646996391,492.7142857142856
2024_07,2024,7,09-754-00721,406625,132,0.0003246234245312,4.637477493302885e-05,0.1428571428571428,18.857142857142858
2024_07,2024,7,09-155-00813,650968,15267,0.0234527657273475,0.004042990043838,0.172388625326334,2631.8571428571427
2024_07,2024,7,09-138-00732,272541,53,0.0001944661537163,2.7780879102331652e-05,0.1428571428571428,7.571428571428571
2024_07,2024,7,09-168-00866,394948,3244,0.0082137395302672,0.0011741147840077,0.1429452175444776,463.7142857142857
2024_07,2024,7,09-155-00809,439582,54327,0.1235878630153191,0.0353429914262705,0.28597461404353,15536.14285714286
2024_07,2024,7,09-142-00750,250168,177,0.0007075245435067,0.0001010749347866,0.1428571428571428,25.285714285714285
2024_07,2024,7,09-184-00932,234600,40774,0.1738022165387894,0.0279137742053343,0.1606065489913039,6548.571428571427
2024_07,2024,7,09-197-00996,373044,1299,0.0034821629620098,0.0005104721465258,0.1465962828549433,190.42857142857147
2024_07,2024,7,09-195-00991,317767,31727,0.0998435960939934,0.0142633708705704,0.1428571428571428,4532.428571428571
2024_07,2024,7,09-187-00945,313718,2304,0.0073441753421862,0.0010491679060266,0.1428571428571428,329.1428571428571
2024_07,2024,7,09-135-00720,254144,46,0.0001809997481742,2.585710688203763e-05,0.1428571428571428,6.571428571428572
2024_07,2024,7,09-136-00725,222934,7541,0.033826154826092,0.0048989515154389,0.1448273249095421,1092.1428571428576
2024_07,2024,7,09-161-00840,228773,5900,0.0257897566583469,0.0038247520467887,0.1483050847457626,874.9999999999998
2024_07,2024,7,09-132-00704,257380,0,0.0,0.0,,0.0
2024_07,2024,7,09-161-00838,292983,11293,0.0385448985094698,0.0060968920186007,0.1581763671553806,1786.2857142857144
2024_07,2024,7,09-159-00832,400347,22081,0.055154653338229,0.0090574997618137,0.1642200469699223,3626.142857142856
2024_07,2024,7,09-146-00769,281161,12,4.268017257016443e-05,6.097167510023489e-06,0.1428571428571428,1.7142857142857142
2024_07,2024,7,09-147-00772,204623,0,0.0,0.0,,0.0
2024_07,2024,7,09-705-00741,213900,3,1.4025245441795232e-05,2.003606491685033e-06,0.1428571428571428,0.4285714285714285
2024_07,2024,7,09-140-00739,209876,20,9.529436429129582e-05,1.3613480613042257e-05,0.1428571428571428,2.8571428571428568
2024_07,2024,7,09-705-00740,297471,35,0.0001176585280581,1.6808361151171037e-05,0.1428571428571428,5.0
2024_07,2024,7,09-144-00759,215757,13,6.0252969776183394e-05,8.607567110883338e-06,0.1428571428571428,1.8571428571428563
2024_07,2024,7,09-181-00924,271108,44278,0.1633223659943638,0.0387663113698494,0.2373607015415587,10509.85714285714
2024_07,2024,7,09-152-00796,427590,126921,0.2968287378095839,0.0694497064945391,0.2339723134863418,29696.000000000007
2024_07,2024,7,09-147-00773,372557,1867,0.0050113137050169,0.0007159019578595,0.1428571428571428,266.7142857142857
2024_07,2024,7,09-161-00836,127717,75,0.0005872358417438,8.389083453483651e-05,0.1428571428571428,10.714285714285715
2024_07,2024,7,09-704-00706,301739,0,0.0,0.0,,0.0
2024_07,2024,7,09-146-00763,204,0,0.0,0.0,,0.0
2024_07,2024,7,09-136-00728,183511,8701,0.0474140514737536,0.0068123592435486,0.1436780665604938,1250.142857142857
2024_07,2024,7,09-140-00738,207515,26,0.0001252921475555,1.789887822222834e-05,0.1428571428571428,3.7142857142857135
2024_07,2024,7,09-135-00719,354336,260,0.0007337668201932,0.0001048238314561,0.1428571428571428,37.14285714285714
2024_07,2024,7,09-132-00703,401527,0,0.0,0.0,,0.0
2024_07,2024,7,09-152-00793,580285,34898,0.060139414253341,0.0111381230159072,0.1852050465438052,6463.285714285716
2024_07,2024,7,09-136-00726,150547,3752,0.0249224494676081,0.0035726858911645,0.1433521169661894,537.8571428571427
2024_07,2024,7,09-132-00705,219439,0,0.0,0.0,,0.0
2024_07,2024,7,09-144-00760,211102,11,5.2107512008413e-05,7.443930286916141e-06,0.1428571428571428,1.5714285714285712
2024_07,2024,7,09-132-00702,366805,0,0.0,0.0,,0.0
2024_07,2024,7,09-136-00724,143308,343,0.0023934462835291,0.000341920897647,0.1428571428571428,49.0
2024_07,2024,7,09-135-00717,254438,680,0.0026725567721802,0.0003817938245971,0.1428571428571428,97.14285714285712
2024_07,2024,7,09-152-00794,488045,124375,0.2548433033839092,0.0597459543396905,0.2344419239052404,29158.71428571428
2024_07,2024,7,09-147-00771,175151,42,0.000239793092817,3.4256156116722135e-05,0.1428571428571428,5.999999999999999
2024_07,2024,7,09-185-00939,386079,18572,0.0481041444885632,0.0101862942188367,0.2117550229223715,3932.714285714285
2024_07,2024,7,09-198-00997,156799,0,0.0,0.0,,0.0
2024_07,2024,7,09-185-00937,194814,15025,0.0771248472902358,0.0164171246126341,0.212864273829332,3198.2857142857138
2024_07,2024,7,09-190-00963,160556,0,0.0,0.0,,0.0
2024_07,2024,7,09-163-00846,294793,4007,0.013592588697832,0.0023217259956259,0.1708082284573424,684.4285714285714
2024_07,2024,7,09-148-00777,534222,19564,0.03662147945985,0.0056335595100378,0.1538321114583637,3009.5714285714284
2024_07,2024,7,09-162-00841,500362,50828,0.1015824543030845,0.0182587806428146,0.1797434484929565,9136.0
2024_07,2024,7,09-156-00818,279219,17593,0.0630078898642284,0.0104321594979465,0.1655690980990815,2912.8571428571427
2024_07,2024,7,09-134-00713,386244,0,0.0,0.0,,0.0
2024_07,2024,7,09-177-00906,250854,3952,0.0157541837084519,0.0022505976726359,0.1428571428571428,564.5714285714286
2024_07,2024,7,09-155-00812,429043,38688,0.0901727798845337,0.0172217170373532,0.1909857615502776,7388.857142857143
2024_07,2024,7,09-164-00848,370811,18855,0.0508480061271105,0.0074469974499908,0.1464560366708337,2761.42857142857
2024_07,2024,7,09-149-00780,163959,1067,0.0065077244920986,0.0009375166091174,0.1440621234435667,153.7142857142857
2024_07,2024,7,09-172-00877,578515,5128,0.0088640743973794,0.0012739514100757,0.1437207488299531,737.0000000000002
2024_07,2024,7,09-149-00779,424312,3473,0.0081850148004298,0.001236287044843,0.1510427378552918,524.5714285714284
2024_07,2024,7,09-133-00709,239561,0,0.0,0.0,,0.0
2024_07,2024,7,09-142-00746,268384,20,7.452009061643018e-05,1.0645727230918596e-05,0.1428571428571428,2.8571428571428568
2024_07,2024,7,09-191-00964,196858,97,0.0004927409604892,7.039156578418381e-05,0.1428571428571428,13.857142857142856
2024_07,2024,7,09-188-00948,162682,11626,0.0714645750605475,0.013057024484226,0.1827062495392101,2124.1428571428573
2024_07,2024,7,09-174-00887,222864,433,0.0019428889367506,0.0002775555623929,0.1428571428571428,61.85714285714286
2024_07,2024,7,09-196-00994,546376,277,0.00050697688039,7.242526862715158e-05,0.1428571428571428,39.57142857142857
2024_07,2024,7,09-196-00993,289783,32089,0.1107345841543499,0.0215451857818732,0.194566006152531,6243.428571428568
2024_07,2024,7,09-754-00722,288905,549,0.0019002786383067,0.0002714683769009,0.1428571428571428,78.42857142857142
2024_07,2024,7,09-134-00716,369671,0,0.0,0.0,,0.0
2024_07,2024,7,09-169-00869,361592,9,2.488993119316799e-05,3.5557044561668555e-06,0.1428571428571428,1.2857142857142856
2024_07,2024,7,09-188-00951,166741,11891,0.0713141938695341,0.0141125629397859,0.1978927640352247,2353.1428571428564
2024_07,2024,7,09-145-00761,479404,2666,0.0055610716639827,0.0007944388091403,0.1428571428571428,380.85714285714295
2024_07,2024,7,09-160-00833,392874,21633,0.0550634554590021,0.0085461787457847,0.1552060014131848,3357.571428571429
2024_07,2024,7,09-199-01003,461086,8586,0.0186212550370212,0.0026951898034516,0.1447372799574057,1242.714285714286
2024_07,2024,7,09-183-00929,463344,3859,0.008328585241203,0.0014731418310616,0.1768777995779809,682.5714285714286
2024_07,2024,7,09-141-00742,220757,69,0.0003125608700969,4.465155287099777e-05,0.1428571428571428,9.857142857142856
2024_07,2024,7,09-158-00827,191397,6734,0.0351834145780759,0.0052322062071431,0.1487122915694343,1001.4285714285712
2024_07,2024,7,09-149-00783,492792,114119,0.2315764054611276,0.0472259521838248,0.2039324865147033,23272.571428571424
2024_07,2024,7,09-190-00959,415288,937,0.0022562655313902,0.0003329875033367,0.14758347309041,138.28571428571428
2024_07,2024,7,09-163-00844,203413,6545,0.0321759179600123,0.0058761520369185,0.1826257775837607,1195.285714285714
2024_07,2024,7,09-134-00715,382484,14,3.660283828866044e-05,5.228976898380063e-06,0.1428571428571428,2.0
2024_07,2024,7,09-134-00715,382484,14,3.660283828866044e-05,6.9991700150890435e-06,0.1428571428571428,1.7142857142857142
2024_07,2024,7,09-137-00729,307474,0,0.0,0.0,,0.0
2024_07,2024,7,09-153-00802,512014,34993,0.0683438343482795,0.0140428637833005,0.2054737478107866,7190.142857142857
2024_07,2024,7,09-142-00749,242401,125,0.0005156744402869,7.366777718385178e-05,0.1428571428571428,17.857142857142854
2024_07,2024,7,09-184-00936,228406,58084,0.2543015507473534,0.0482224009626967,0.189626845848869,11014.285714285716
2024_07,2024,7,09-200-01006,1184003,0,0.0,0.0,,0.0
2024_07,2024,7,09-201-01008,564254,841,0.0014904635146582,0.0002146956107406,0.1440462034992355,121.14285714285712
2024_07,2024,7,09-177-00905,219626,860,0.0039157476801471,0.0007597331047195,0.1940199335548172,166.85714285714283
2024_07,2024,7,09-150-00789,293976,54296,0.1846953492802133,0.0420763210990984,0.2278147298406617,12369.428571428576
2024_07,2024,7,09-176-00896,331038,7893,0.0238431841661682,0.0037798854339553,0.1585310673109988,1251.2857142857144
2024_07,2024,7,09-172-00878,731611,34959,0.0477835899132189,0.0076625419792758,0.1603592780113847,5605.999999999997
2024_07,2024,7,09-166-00857,468438,1987,0.0042417566465572,0.0006059652352224,0.1428571428571428,283.8571428571428
2024_07,2024,7,09-706-00913,263012,4301,0.0163528660289264,0.002336123718418,0.1428571428571428,614.4285714285714
2024_07,2024,7,09-141-00743,238619,1128,0.0047272011030135,0.0006753144432876,0.1428571428571428,161.1428571428571
2024_07,2024,7,09-195-00989,302426,2792,0.0092320104752898,0.0013188586393271,0.1428571428571428,398.8571428571429
2024_07,2024,7,09-186-00943,260659,18513,0.0710238280665543,0.0169663375192438,0.2388823297914206,4422.428571428571
2024_07,2024,7,09-200-01004,379547,0,0.0,0.0,,0.0
2024_07,2024,7,09-164-00850,495630,5163,0.0104170449730645,0.0017270948086274,0.1657950803796242,855.9999999999999
2024_07,2024,7,09-198-00998,178466,0,0.0,0.0,,0.0
2024_07,2024,7,09-175-00893,333942,58,0.0001736828551065,2.481183644379648e-05,0.1428571428571428,8.285714285714285
2024_07,2024,7,09-176-00901,340198,46847,0.1377051011469791,0.0201475107353448,0.1463091095938449,6854.14285714286
2024_07,2024,7,09-168-00864,478043,9452,0.0197722798995069,0.0029862824653251,0.1510337948128891,1427.571428571428
2024_07,2024,7,09-155-00811,716885,33963,0.0473757994657441,0.0114196439157904,0.2410438250028391,8186.571428571429
2024_07,2024,7,09-185-00938,565747,15145,0.0267699165881568,0.0056920950783401,0.2126302881667688,3220.2857142857133
2024_07,2024,7,09-156-00815,503635,65569,0.1301915077387393,0.0200995902644914,0.154384802922984,10122.857142857143
2024_07,2024,7,09-137-00731,389674,161,0.0004131658771177,5.9023696731113694e-05,0.1428571428571428,22.999999999999996
2024_07,2024,7,09-189-00956,345746,15702,0.0454148421095254,0.006487834587075,0.1428571428571428,2243.142857142857
2024_07,2024,7,09-184-00935,264747,70924,0.2678934983210386,0.0464249156472297,0.1732961641032251,12290.85714285714
2024_07,2024,7,09-179-00916,233484,6,2.569769234722722e-05,3.671098906746745e-06,0.1428571428571428,0.857142857142857
2024_07,2024,7,09-195-00987,245762,2948,0.011995345089965,0.0017136207271378,0.1428571428571428,421.1428571428571
2024_07,2024,7,09-178-00909,227386,0,0.0,0.0,,0.0
2024_07,2024,7,09-165-00852,305100,15149,0.0496525729269092,0.0076452685302242,0.1539752741812283,2332.5714285714284
2024_07,2024,7,09-201-01009,238336,697,0.0029244428034371,0.0004177775433481,0.1428571428571428,99.57142857142856
2024_07,2024,7,09-133-00711,340025,0,0.0,0.0,,0.0
2024_07,2024,7,09-194-00984,316740,0,0.0,0.0,,0.0
2024_07,2024,7,09-141-00744,185943,504,0.0027105080589212,0.0003872154369887,0.1428571428571428,71.99999999999999
2024_07,2024,7,09-166-00860,527344,0,0.0,0.0,,0.0
2024_07,2024,7,09-179-00918,276522,0,0.0,0.0,,0.0
2024_07,2024,7,09-180-00922,452765,14923,0.032959703157267,0.0081549715951668,0.2474224830319449,3692.285714285715
2024_07,2024,7,09-165-00853,559929,13207,0.0235869190558088,0.0035912716484717,0.1522569200315849,2010.857142857143
2024_07,2024,7,09-199-01001,596718,46,7.708833988584223e-05,1.1012619983691748e-05,0.1428571428571428,6.571428571428572
2024_07,2024,7,09-173-00880,152240,638,0.0041907514450867,0.0005986787778695,0.1428571428571428,91.14285714285715
2024_07,2024,7,09-158-00826,319635,2076,0.006494908254728,0.0009600235983454,0.1478117258464079,306.8571428571429
2024_07,2024,7,09-167-00862,811300,0,0.0,0.0,,0.0
2024_07,2024,7,09-179-00917,245396,173,0.0007049829663075,0.0001007118523296,0.1428571428571428,24.71428571428571
2024_07,2024,7,09-157-00821,421688,13955,0.0330931873802432,0.004931201673817,0.1490095715821261,2079.428571428571
2024_07,2024,7,09-194-00983,361483,7,1.936467275086242e-05,2.766381821551774e-06,0.1428571428571428,1.0
2024_07,2024,7,09-165-00851,370466,12064,0.0325643918740181,0.0048456345714393,0.1488016294050776,1795.1428571428569
2024_07,2024,7,09-192-00972,210693,2880,0.0136691774287707,0.0019527396326815,0.1428571428571428,411.4285714285714
2024_07,2024,7,09-145-00763,214986,13,6.046905379885202e-05,8.63843625697886e-06,0.1428571428571428,1.857142857142857
2024_07,2024,7,09-158-00823,323632,84125,0.2599403025658773,0.0448565036831957,0.1725646359583952,14516.999999999998
2024_07,2024,7,09-187-00947,492064,57029,0.1158975255251349,0.01662849896413,0.1434758756822969,8182.285714285713
2024_07,2024,7,09-180-00920,407001,30281,0.0744003085987503,0.0176787912420011,0.2376171762585684,7195.285714285711
2024_07,2024,7,09-169-00870,547910,130,0.0002372652442919,3.389503489884939e-05,0.1428571428571428,18.57142857142857
2024_07,2024,7,09-148-00775,454824,6671,0.0146672119325277,0.0021747815795623,0.1482750497890656,989.1428571428568
2024_07,2024,7,09-157-00819,214525,7444,0.034699918424426,0.0050104050476967,0.1443924157518998,1074.857142857143
2024_07,2024,7,09-174-00886,309590,1222,0.0039471559158887,0.0005638794165555,0.1428571428571428,174.5714285714285
2024_07,2024,7,09-183-00931,325656,8572,0.0263222541577615,0.0047341805024758,0.1798546763549096,1541.714285714285
2024_07,2024,7,09-194-00985,337075,0,0.0,0.0,,0.0
2024_07,2024,7,09-199-01002,383497,0,0.0,0.0,,0.0
2024_07,2024,7,09-145-00762,331571,9986,0.0301172297939204,0.0043024613991314,0.1428571428571428,1426.571428571429
2024_07,2024,7,09-145-00764,488110,2212,0.0045317653807543,0.0006473950543934,0.1428571428571428,315.99999999999994
2024_07,2024,7,09-171-00876,364207,0,0.0,0.0,,0.0
2024_07,2024,7,09-192-00973,231936,0,0.0,0.0,,0.0
2024_07,2024,7,09-168-00867,534892,12762,0.023859022008181,0.0035168648197072,0.1474018850605592,1881.1428571428576
2024_07,2024,7,09-166-00859,493707,0,0.0,0.0,,0.0
2024_07,2024,7,09-138-00733,485945,6,1.2347076315220858e-05,1.763868045031551e-06,0.1428571428571428,0.857142857142857
2024_07,2024,7,09-138-00734,432203,43,9.94902858147676e-05,1.4212897973538235e-05,0.1428571428571428,6.142857142857146
2024_07,2024,7,09-186-00941,214723,12600,0.0586802531633779,0.0101060436003595,0.1722222222222222,2169.999999999998
2024_07,2024,7,09-191-00970,181503,0,0.0,0.0,,0.0
2024_07,2024,7,09-175-00894,374485,508,0.0013565296340307,0.0001937899477186,0.1428571428571428,72.57142857142857
2024_07,2024,7,09-177-00903,281962,3991,0.0141543895985983,0.0020220556569426,0.1428571428571428,570.1428571428572
2024_07,2024,7,09-150-00785,239726,8451,0.0352527468860282,0.0061439190695091,0.1742819953682573,1472.857142857143
2024_07,2024,7,09-199-01000,515914,1719,0.0033319506739495,0.0004759929534213,0.1428571428571428,245.57142857142853
2024_07,2024,7,09-157-00822,314022,17443,0.0555470635815325,0.0090803465089343,0.1634712246418947,2851.4285714285716
2024_07,2024,7,09-134-00715,244927,12,4.8994190105623306e-05,5.228976898380063e-06,0.1428571428571428,2.0
2024_07,2024,7,09-134-00715,244927,12,4.8994190105623306e-05,6.9991700150890435e-06,0.1428571428571428,1.7142857142857142
2024_07,2024,7,09-178-00910,261862,0,0.0,0.0,,0.0
2024_07,2024,7,09-163-00845,376560,19522,0.0518429997875504,0.007938784181614,0.1531312658246373,2989.4285714285725
2024_07,2024,7,09-178-00908,201134,2181,0.0108435172571519,0.0020860293564063,0.1923757123206916,419.5714285714286
2024_07,2024,7,09-201-01007,294612,3337,0.0113267619784665,0.0017252715920794,0.1523181643049787,508.2857142857142
2024_07,2024,7,09-153-00800,602599,6028,0.0100033355515027,0.0023282481384801,0.2327471798274717,1402.9999999999998
2024_07,2024,7,09-166-00856,352698,2213,0.006274489790132,0.00094374547873,0.1504099154347685,332.85714285714283
2024_07,2024,7,09-192-00974,175773,0,0.0,0.0,,0.0
2024_07,2024,7,09-195-00990,388183,1087,0.0028002256667602,0.0004000322381086,0.1428571428571428,155.2857142857143
2024_07,2024,7,09-706-00912,254493,1873,0.007359730915978,0.001051390130854,0.1428571428571428,267.5714285714286
2024_07,2024,7,09-179-06868,99300,3798,0.0382477341389728,0.0054639620198532,0.1428571428571428,542.5714285714284
2024_07,2024,7,09-133-00708,481254,0,0.0,0.0,,0.0
2024_07,2024,7,09-134-00714,322143,0,0.0,0.0,,0.0
2024_07,2024,7,09-134-00712,415034,0,0.0,0.0,,0.0
2024_07,2024,7,09-180-00919,1011741,84518,0.083537189853925,0.0187176644728528,0.2240638511492057,18937.42857142857
2024_07,2024,7,09-170-00874,342800,0,0.0,0.0,,0.0
2024_07,2024,7,09-184-00933,291221,16455,0.05650348017485,0.0109141462031535,0.1931588314450665,3178.428571428571
2024_07,2024,7,09-187-00944,298977,4818,0.0161149519862731,0.002302135998039,0.1428571428571428,688.2857142857141
2024_07,2024,7,09-150-00788,262215,23488,0.0895753484735808,0.0179242224891787,0.2001021798365122,4700.0
2024_07,2024,7,09-175-00890,135635,339,0.0024993548862756,0.0003570506980393,0.1428571428571428,48.42857142857143
2024_07,2024,7,09-706-00914,268793,745,0.0027716495593263,0.0003959499370466,0.1428571428571428,106.42857142857144
2024_07,2024,7,09-137-00730,292765,0,0.0,0.0,,0.0
2024_07,2024,7,09-142-00748,150890,86,0.0005699516203857,8.142166005510163e-05,0.1428571428571428,12.285714285714285
2024_07,2024,7,09-150-00786,368451,16004,0.0434358978534459,0.0068006716923397,0.1565680008569286,2505.714285714285
2024_07,2024,7,09-170-00873,339219,0,0.0,0.0,,0.0
2024_07,2024,7,09-198-00999,115901,0,0.0,0.0,,0.0
2024_07,2024,7,09-162-00842,406694,10998,0.0270424446881439,0.004467029967775,0.1651858779518353,1816.7142857142865
2024_07,2024,7,09-191-00966,269074,0,0.0,0.0,,0.0
2024_07,2024,7,09-170-00872,579285,19462,0.0335965888983833,0.0051129532835428,0.1521866788026483,2961.857142857143
2024_07,2024,7,09-149-00782,527449,13700,0.0259740752186467,0.0040491389418015,0.1558915537017726,2135.7142857142844
2024_07,2024,7,09-194-00982,205060,0,0.0,0.0,,0.0
2024_07,2024,7,09-150-00784,384386,17259,0.0449001784664373,0.0098074777511593,0.2184284803787671,3769.857142857144
2024_07,2024,7,09-180-00921,372294,21988,0.0590608497585241,0.014348874813991,0.2429507003820265,5342.0
2024_07,2024,7,09-176-00898,413974,7606,0.0183731345446815,0.0026368115595941,0.1435145186131249,1091.5714285714278
2024_07,2024,7,09-153-00797,394078,77398,0.196402742604256,0.0320204919548196,0.1630348513988918,12618.571428571424
2024_07,2024,7,09-191-00967,226329,0,0.0,0.0,,0.0
2024_07,2024,7,09-189-01020,452164,378,0.0008359798657124,0.0001194256951017,0.1428571428571428,54.0
2024_07,2024,7,09-193-00980,148532,1873,0.0126100772897422,0.0018014396128203,0.1428571428571428,267.5714285714285
2024_07,2024,7,09-157-00820,188559,8992,0.0476879915570192,0.0107514661951204,0.2254543721403151,2027.2857142857144
2024_07,2024,7,09-193-00978,359703,7654,0.0212786660105698,0.0030398094300814,0.1428571428571428,1093.428571428571
2024_07,2024,7,09-182-00925,485482,34855,0.0717946288430879,0.01738243053884,0.2421132446666802,8438.85714285714
2024_07,2024,7,09-170-00871,719959,4573,0.0063517505857972,0.000917314140706,0.1444191059323357,660.4285714285712
2024_07,2024,7,09-193-00979,247294,4641,0.0187671354743746,0.002681019353482,0.1428571428571428,663.0
2024_07,2024,7,09-188-00952,177713,31605,0.1778429265163494,0.0446610948149946,0.2511266300540149,7936.85714285714
2024_07,2024,7,09-184-00934,289370,46934,0.1621937312091785,0.0362857241593807,0.2237184130907231,10499.999999999996
2024_07,2024,7,09-175-00891,330339,0,0.0,0.0,,0.0
2024_07,2024,7,09-150-00787,332909,23154,0.0695505378346635,0.0119384834036585,0.1716519206801663,3974.428571428571
2024_07,2024,7,09-190-00961,167415,6891,0.0411611862736314,0.0058801694676616,0.1428571428571428,984.4285714285712
2024_07,2024,7,09-193-00975,163355,0,0.0,0.0,,0.0
2024_07,2024,7,09-192-00971,157492,966,0.0061336448835496,0.0008762349833642,0.1428571428571428,138.0
2024_07,2024,7,09-188-00954,227200,22543,0.0992209507042253,0.0143360160965794,0.1444857763892497,3257.142857142857
2024_07,2024,7,09-153-00799,600756,19288,0.0321062128384901,0.0049528070821241,0.1542631984357409,2975.4285714285725
2024_07,2024,7,09-183-00928,527456,13928,0.0264059940544803,0.00634907393765,0.2404406334618855,3348.857142857143
2024_07,2024,7,09-188-00950,378900,32132,0.0848033782000527,0.0156449119632017,0.1844845369991641,5927.857142857143
2024_07,2024,7,09-754-00778,413294,2448,0.0059231442992155,0.0008461634713165,0.1428571428571428,349.71428571428567
2024_07,2024,7,09-160-00834,219908,36663,0.1667197191552831,0.0246531666489103,0.1478719300501478,5421.428571428572
2024_07,2024,7,09-164-00849,478213,16899,0.0353378097207729,0.0059892618083215,0.1694859374603737,2864.142857142857
2024_07,2024,7,09-153-00798,720203,113902,0.158152631966265,0.025970653908888,0.1642125937836284,18704.142857142862
2024_07,2024,7,09-202-01012,405423,9946,0.0245324019604215,0.003545855633675,0.144537646146333,1437.571428571429
2024_07,2024,7,09-173-00883,338786,205,0.0006051017456447,8.644310652067763e-05,0.1428571428571428,29.28571428571429
2024_07,2024,7,09-187-00946,224671,8831,0.0393063635271129,0.0062663055884254,0.1594221654237507,1407.857142857143
2024_07,2024,7,09-191-00968,309591,0,0.0,0.0,,0.0
2024_07,2024,7,09-175-00889,330664,410,0.0012399293542689,0.0001771327648955,0.1428571428571428,58.57142857142857
2024_07,2024,7,09-197-00995,308644,411,0.0013316312644989,0.0001902330377855,0.1428571428571428,58.71428571428572
2024_07,2024,7,09-173-00882,498630,1929,0.003868599963901,0.0005526571377001,0.1428571428571428,275.5714285714286
2024_07,2024,7,09-156-00817,356910,40737,0.114138017987728,0.0175862662455921,0.154078952444075,6276.714285714284
2024_07,2024,7,09-158-00825,434797,19516,0.0448853142960968,0.0067598048218889,0.1506017040962726,2939.1428571428582
2024_07,2024,7,09-176-00897,199909,10901,0.0545298110640341,0.0109900004502048,0.2015411430144023,2197.0000000000005
2024_07,2024,7,09-176-00900,260918,13587,0.0520738316252615,0.0107510515071511,0.2064578536205826,2805.1428571428564
2024_07,2024,7,09-193-00977,237715,0,0.0,0.0,,0.0
2024_07,2024,7,09-163-00843,302821,18083,0.0597151452508247,0.0097374828222424,0.1630655469620243,2948.7142857142853
2024_07,2024,7,09-175-00892,261816,3695,0.0141129648302624,0.0020161378328946,0.1428571428571428,527.8571428571428
2024_07,2024,7,09-148-00776,246935,18310,0.0741490675683884,0.0121107636769653,0.1633299524069594,2990.571428571428
2024_07,2024,7,09-171-00875,1053260,168,0.0001595047756489,2.2786396521276793e-05,0.1428571428571428,23.999999999999996
2024_07,2024,7,09-189-00957,199858,0,0.0,0.0,,0.0
2024_07,2024,7,09-202-01010,278489,25,8.977015250153507e-05,1.2824307500219294e-05,0.1428571428571428,3.571428571428571
2024_07,2024,7,09-172-00879,551167,11691,0.0212113569934339,0.0032178476370527,0.1517039969695858,1773.5714285714298
2024_07,2024,7,09-167-00863,887820,0,0.0,0.0,,0.0
2024_07,2024,7,09-188-00953,227384,16513,0.0726216444428807,0.0143696503334824,0.1978700763900303,3267.4285714285697
2024_07,2024,7,09-186-00942,263107,10696,0.0406526622248742,0.0079609110687721,0.195827545677957,2094.57142857143
2024_07,2024,7,09-133-00710,201231,0,0.0,0.0,,0.0
2024_07,2024,7,09-142-00751,243375,17,6.985105290190035e-05,9.97872184312862e-06,0.1428571428571428,2.428571428571428
2024_07,2024,7,09-194-00986,264230,0,0.0,0.0,,0.0
2024_07,2024,7,09-165-00855,391542,37187,0.0949757624980206,0.0167411341385014,0.1762674360087434,6554.85714285714
2024_07,2024,7,09-175-00895,367474,0,0.0,0.0,,0.0
2024_07,2024,7,09-169-00868,543161,0,0.0,0.0,,0.0
2024_07,2024,7,09-173-00881,477275,5430,0.01137708868053,0.0016252983829328,0.1428571428571428,775.7142857142856
2024_07,2024,7,09-153-00801,671058,25337,0.0377567959848478,0.0064216292992345,0.1700787667950315,4309.285714285714
2024_07,2024,7,09-191-00969,290817,0,0.0,0.0,,0.0
2024_07,2024,7,09-196-00992,295253,20328,0.0688494274401953,0.011741987864161,0.170545904312138,3466.8571428571427
2024_07,2024,7,09-194-00981,314504,0,0.0,0.0,,0.0
2024_07,2024,7,09-142-00745,138357,14,0.0001011875076794,1.4455358239915578e-05,0.1428571428571428,1.9999999999999996
2024_07,2024,7,09-193-00976,178340,466,0.0026129864304138,0.0003732837757734,0.1428571428571428,66.57142857142858
2024_07,2024,7,09-163-00847,238667,4568,0.0191396380731311,0.0032819188001932,0.1714723542656992,783.2857142857144
2024_07,2024,7,09-174-00885,264114,3679,0.0139295910099426,0.0019910233567972,0.1429348037121888,525.8571428571428
2024_07,2024,7,09-176-00899,186307,5749,0.0308576704042252,0.0081187042278144,0.263101657431106,1512.571428571429
2024_07,2024,7,09-155-00810,470255,135412,0.2879544077149631,0.0639993195181337,0.222255043866127,30095.999999999993
2024_07,2024,7,09-142-00747,311571,2,6.419082648898646e-06,9.170118069855208e-07,0.1428571428571428,0.2857142857142857
2024_07,2024,7,09-177-00904,195264,3692,0.0189077351687971,0.0056312040548766,0.2978254140225971,1099.571428571429
2024_07,2024,7,09-175-00888,297872,1304,0.004377719288822,0.0006253884698317,0.1428571428571428,186.28571428571428
2024_07,2024,7,09-179-00915,343161,3352,0.0097680097680097,0.0013954299668585,0.1428571428571428,478.857142857143
2024_07,2024,7,09-166-00858,393596,2,5.081352452768829e-06,7.259074932526898e-07,0.1428571428571428,0.2857142857142857
2024_07,2024,7,09-167-00861,530899,0,0.0,0.0,,0.0
2024_07,2024,7,09-189-00958,296625,0,0.0,0.0,,0.0
2024_07,2024,7,09-178-00907,215692,3404,0.0157817628841125,0.0025578801518567,0.1620782272956185,551.7142857142857
2024_07,2024,7,09-183-00930,479320,9808,0.0204623216222982,0.0045937101369797,0.2244960382195291,2201.8571428571427
2024_07,2024,7,09-706-00824,300683,20945,0.069658078441415,0.0101250438881764,0.1453534767929611,3044.4285714285716
2024_07,2024,7,09-160-00835,329400,24006,0.0728779599271402,0.0116007459450082,0.1591804429844919,3821.285714285713
2024_07,2024,7,09-182-00926,694511,44901,0.0646512438247918,0.0111700380349832,0.1727737530503615,7757.714285714284
2024_07,2024,7,09-158-00828,191411,5739,0.0299826028807121,0.0043369652587513,0.1446493913822716,830.1428571428569
2024_07,2024,7,09-156-00816,450282,61558,0.1367098840282312,0.0239218343806135,0.1749824787772738,10771.571428571428
2024_07,2024,7,09-165-00854,414211,36901,0.0890874457703923,0.0148406074612766,0.166584722829811,6147.142857142855
2024_07,2024,7,09-182-00927,332992,29620,0.0889510859119738,0.0197469351473051,0.2219976849618982,6575.571428571429
2024_07,2024,7,09-151-00792,799198,90317,0.113009542065921,0.0186646041227759,0.1651595412349201,14916.714285714294
2024_07,2024,7,09-146-00766,245147,4,1.6316740567904155e-05,2.330962938272022e-06,0.1428571428571428,0.5714285714285714
2024_07,2024,7,09-159-00831,159959,42954,0.2685313111484818,0.0513185075104066,0.1911080957037095,8208.857142857141
2024_07,2024,7,09-146-00765,212505,106,0.0004988117926637,7.1258827523386e-05,0.1428571428571428,15.142857142857142
2024_07,2024,7,09-139-00736,185647,14,7.541193770973945e-05,1.0773133958534208e-05,0.1428571428571428,2.0
2024_07,2024,7,09-146-00770,399729,0,0.0,0.0,,0.0
2024_07,2024,7,09-139-00735,336441,4,1.1889157385693183e-05,1.698451055099026e-06,0.1428571428571428,0.5714285714285714
2024_07,2024,7,09-132-00701,475536,0,0.0,0.0,,0.0
2024_07,2024,7,09-161-00839,320874,24394,0.0760236105137842,0.0125843789150881,0.1655325079937689,4038.0
2024_07,2024,7,09-181-00923,604889,64453,0.1065534337704934,0.0258755856741602,0.2428414060300861,15651.85714285714
2024_07,2024,7,09-135-00718,30548,0,0.0,0.0,,0.0
2024_07,2024,7,09-159-00830,426482,24065,0.0564267659596419,0.0097981023483154,0.1736428126205811,4178.714285714285
2024_07,2024,7,09-146-00768,361215,0,0.0,0.0,,0.0
2024_07,2024,7,09-146-00767,325049,0,0.0,0.0,,0.0
2024_07,2024,7,09-161-00837,75946,4502,0.0592789613672872,0.0087486973827268,0.1475852002284698,664.4285714285713
2024_07,2024,7,09-144-00757,123732,4,3.232793456826043e-05,4.618276366894348e-06,0.1428571428571428,0.5714285714285714
2024_07,2024,7,09-136-00727,196786,1149,0.0058388299980689,0.0008457337992975,0.144846450329479,166.4285714285715
2024_07,2024,7,09-152-00795,465633,111473,0.2394009874729669,0.0626845605874154,0.2618391897589551,29187.999999999996
2024_07,2024,7,09-704-00707,281095,0,0.0,0.0,,0.0
2024_07,2024,7,09-144-00758,256852,737,0.0028693566723249,0.0004099080960464,0.1428571428571428,105.28571428571428
2024_07,2024,7,09-147-00774,340107,74,0.0002175785855627,3.108265508039696e-05,0.1428571428571428,10.57142857142857
2024_07,2024,7,09-136-00723,187020,599,0.0032028660036359,0.0004628993079426,0.1445265919389458,86.57142857142856
2024_07,2024,7,09-143-00754,410192,316,0.0007703709482388,0.0001100529926055,0.1428571428571428,45.14285714285715
2024_07,2024,7,09-151-00791,432129,59008,0.1365518167028827,0.0282045407737041,0.2065482646420823,12188.0
2024_07,2024,7,09-143-00753,226024,224,0.0009910451987399,0.0001415778855342,0.1428571428571428,31.999999999999993
2024_07,2024,7,09-143-00756,249299,16,6.417996060954918e-05,9.168565801364166e-06,0.1428571428571428,2.285714285714285
2024_07,2024,7,09-143-00752,318265,10513,0.0330322215763593,0.0047188887966227,0.1428571428571428,1501.857142857143
2024_07,2024,7,09-143-00755,483242,497,0.0010284702074736,0.0001469243153533,0.1428571428571428,70.99999999999999
2024_07,2024,7,09-151-00790,488682,28387,0.0580889003482837,0.0099749354970541,0.1717184425466385,4874.571428571428
2024_07,2024,7,09-154-00806,438084,10645,0.0242989928872088,0.0044221786558872,0.1819902033147687,1937.2857142857135
2024_07,2024,7,09-154-00805,437183,6218,0.0142228769188188,0.0030608300348889,0.2152047052336534,1338.1428571428562
2024_07,2024,7,09-154-00807,364754,15419,0.0422723260060204,0.0073865830512776,0.174738031927214,2694.285714285714
2024_07,2024,7,09-154-00803,630238,201,0.0003189271354631,4.714772151835608e-05,0.1478322672352522,29.714285714285698
2024_07,2024,7,09-154-00808,344653,5331,0.0154677313123634,0.0026718384661011,0.172736286411019,920.8571428571428
2024_07,2024,7,09-154-00804,384169,97,0.0002524930434262,3.607043477517149e-05,0.1428571428571428,13.857142857142856
2024_07,2024,7,09-139-00737,85364,13,0.000152289021133,2.175557444757575e-05,0.1428571428571428,1.8571428571428568
2024_07,2024,7,09-137-00718,136360,0,0.0,0.0,,0.0
2024_07,2024,7,09-202-01011,205123,21,0.0001023775978315,1.4625371118792135e-05,0.1428571428571428,2.999999999999999
2024_07,2024,7,09-178-00911,138083,0,0.0,0.0,,0.0
2024_07,2024,7,09-173-00884,190238,208,0.0010933672557533,0.0001561953222504,0.1428571428571428,29.71428571428571
2024_08,2024,8,09-168-00865,329413,0,0.0,0.0,,0.0
2024_08,2024,8,09-200-01005,1474789,0,0.0,0.0,,0.0
2024_08,2024,8,09-177-00902,260579,0,0.0,0.0,,0.0
2024_08,2024,8,09-185-00940,106837,130,0.0012168069114632,0.0002028011519105,0.1666666666666666,21.666666666666664
2024_08,2024,8,09-190-00960,177168,10601,0.0598358620066829,0.021735490231494,0.3632518944753639,3850.8333333333326
2024_08,2024,8,09-156-00814,462391,2022,0.0043729224833528,0.0007547724761078,0.1726013847675568,348.99999999999994
2024_08,2024,8,09-191-00965,410177,31225,0.0761256725754978,0.0304990284681978,0.4006405124099279,12510.000000000004
2024_08,2024,8,09-149-00781,328046,0,0.0,0.0,,0.0
2024_08,2024,8,09-188-00949,155805,18020,0.1156573922531369,0.0408951360140346,0.3535886052534221,6371.666666666666
2024_08,2024,8,09-195-00988,251880,1578,0.0062648880419247,0.0010441480069874,0.1666666666666666,263.0
2024_08,2024,8,09-190-00962,217454,2080,0.0095652413843847,0.0028519441659692,0.2981570512820513,620.1666666666666
2024_08,2024,8,09-158-00829,298492,28,9.380485909170096e-05,1.563414318195016e-05,0.1666666666666667,4.666666666666667
2024_08,2024,8,09-754-00721,406625,0,0.0,0.0,,0.0
2024_08,2024,8,09-155-00813,650968,2,3.072347642280419e-06,5.120579403800699e-07,0.1666666666666666,0.3333333333333333
2024_08,2024,8,09-138-00732,272541,0,0.0,0.0,,0.0
2024_08,2024,8,09-168-00866,394948,0,0.0,0.0,,0.0
2024_08,2024,8,09-155-00809,439582,908,0.0020655986823846,0.000414408839913,0.2006240822320117,182.16666666666663
2024_08,2024,8,09-142-00750,250168,0,0.0,0.0,,0.0
2024_08,2024,8,09-184-00932,234600,24537,0.1045907928388746,0.0198863313441318,0.1901346266183042,4665.333333333334
2024_08,2024,8,09-197-00996,373044,23,6.165492542434672e-05,1.0275820904057788e-05,0.1666666666666666,3.833333333333333
2024_08,2024,8,09-195-00991,317767,1367,0.0043018941551514,0.0007169823591919,0.1666666666666666,227.83333333333337
2024_08,2024,8,09-187-00945,313718,673,0.0021452387175743,0.0006146709252683,0.2865279841505695,192.83333333333337
2024_08,2024,8,09-135-00720,254144,0,0.0,0.0,,0.0
2024_08,2024,8,09-136-00725,222934,0,0.0,0.0,,0.0
2024_08,2024,8,09-161-00840,228773,1,4.371145196329987e-06,7.28524199388331e-07,0.1666666666666666,0.1666666666666666
2024_08,2024,8,09-132-00704,257380,0,0.0,0.0,,0.0
2024_08,2024,8,09-161-00838,292983,0,0.0,0.0,,0.0
2024_08,2024,8,09-159-00832,400347,3700,0.0092419825801117,0.0024116578867832,0.2609459459459459,965.5
2024_08,2024,8,09-146-00769,281161,0,0.0,0.0,,0.0
2024_08,2024,8,09-147-00772,204623,0,0.0,0.0,,0.0
2024_08,2024,8,09-705-00741,213900,0,0.0,0.0,,0.0
2024_08,2024,8,09-140-00739,209876,0,0.0,0.0,,0.0
2024_08,2024,8,09-705-00740,297471,0,0.0,0.0,,0.0
2024_08,2024,8,09-144-00759,215757,0,0.0,0.0,,0.0
2024_08,2024,8,09-181-00924,271108,2326,0.0085796066512238,0.0014299344418706,0.1666666666666666,387.6666666666667
2024_08,2024,8,09-152-00796,427590,5217,0.0122009401529502,0.0023535006275481,0.1928950226822567,1006.3333333333328
2024_08,2024,8,09-147-00773,372557,0,0.0,0.0,,0.0
2024_08,2024,8,09-161-00836,127717,0,0.0,0.0,,0.0
2024_08,2024,8,09-704-00706,301739,0,0.0,0.0,,0.0
2024_08,2024,8,09-146-00763,204,0,0.0,0.0,,0.0
2024_08,2024,8,09-136-00728,183511,0,0.0,0.0,,0.0
2024_08,2024,8,09-140-00738,207515,0,0.0,0.0,,0.0
2024_08,2024,8,09-135-00719,354336,0,0.0,0.0,,0.0
2024_08,2024,8,09-132-00703,401527,0,0.0,0.0,,0.0
2024_08,2024,8,09-152-00793,580285,4,6.89316456568755e-06,1.148860760947925e-06,0.1666666666666666,0.6666666666666666
2024_08,2024,8,09-136-00726,150547,0,0.0,0.0,,0.0
2024_08,2024,8,09-132-00705,219439,0,0.0,0.0,,0.0
2024_08,2024,8,09-144-00760,211102,0,0.0,0.0,,0.0
2024_08,2024,8,09-132-00702,366805,0,0.0,0.0,,0.0
2024_08,2024,8,09-136-00724,143308,0,0.0,0.0,,0.0
2024_08,2024,8,09-135-00717,254438,0,0.0,0.0,,0.0
2024_08,2024,8,09-152-00794,488045,2478,0.0050774006495302,0.0008803832979882,0.1733925208501479,429.66666666666663
2024_08,2024,8,09-147-00771,175151,0,0.0,0.0,,0.0
2024_08,2024,8,09-185-00939,386079,7967,0.020635673009928,0.0046095919919671,0.2233797749048156,1779.6666666666667
2024_08,2024,8,09-198-00997,156799,0,0.0,0.0,,0.0
2024_08,2024,8,09-185-00937,194814,2353,0.0120781873992628,0.0023056180082882,0.1908910610568069,449.1666666666666
2024_08,2024,8,09-190-00963,160556,280,0.0017439398091631,0.0002906566348605,0.1666666666666666,46.66666666666666
2024_08,2024,8,09-163-00846,294793,0,0.0,0.0,,0.0
2024_08,2024,8,09-148-00777,534222,88,0.0001647255260921,2.745425434869149e-05,0.1666666666666666,14.666666666666666
2024_08,2024,8,09-162-00841,500362,0,0.0,0.0,,0.0
2024_08,2024,8,09-156-00818,279219,114,0.0004082816713762,6.804694522937191e-05,0.1666666666666666,18.999999999999996
2024_08,2024,8,09-134-00713,386244,0,0.0,0.0,,0.0
2024_08,2024,8,09-177-00906,250854,0,0.0,0.0,,0.0
2024_08,2024,8,09-155-00812,429043,601,0.0014007919952079,0.0002381268699563,0.1699944536882973,102.16666666666666
2024_08,2024,8,09-164-00848,370811,43,0.000115962039961,1.932700666017639e-05,0.1666666666666666,7.166666666666668
2024_08,2024,8,09-149-00780,163959,0,0.0,0.0,,0.0
2024_08,2024,8,09-172-00877,578515,50,8.642818250175017e-05,1.440469708362503e-05,0.1666666666666666,8.333333333333334
2024_08,2024,8,09-149-00779,424312,0,0.0,0.0,,0.0
2024_08,2024,8,09-133-00709,239561,0,0.0,0.0,,0.0
2024_08,2024,8,09-142-00746,268384,0,0.0,0.0,,0.0
2024_08,2024,8,09-191-00964,196858,0,0.0,0.0,,0.0
2024_08,2024,8,09-188-00948,162682,10886,0.0669158235084397,0.027968675083906,0.4179680323351093,4550.0
2024_08,2024,8,09-174-00887,222864,0,0.0,0.0,,0.0
2024_08,2024,8,09-196-00994,546376,96,0.0001757031787633,2.9283863127223744e-05,0.1666666666666666,16.0
2024_08,2024,8,09-196-00993,289783,4356,0.0150319376913069,0.0025053229485511,0.1666666666666666,726.0
2024_08,2024,8,09-754-00722,288905,0,0.0,0.0,,0.0
2024_08,2024,8,09-134-00716,369671,0,0.0,0.0,,0.0
2024_08,2024,8,09-169-00869,361592,0,0.0,0.0,,0.0
2024_08,2024,8,09-188-00951,166741,6412,0.0384548491372847,0.0139757668080036,0.3634331461842378,2330.333333333333
2024_08,2024,8,09-145-00761,479404,0,0.0,0.0,,0.0
2024_08,2024,8,09-160-00833,392874,7,1.78174172890036e-05,2.9695695481672665e-06,0.1666666666666666,1.1666666666666667
2024_08,2024,8,09-199-01003,461086,718,0.0015571932351014,0.0002595322058502,0.1666666666666666,119.66666666666666
2024_08,2024,8,09-183-00929,463344,32,6.906315825822715e-05,1.1510526376371193e-05,0.1666666666666666,5.333333333333334
2024_08,2024,8,09-141-00742,220757,0,0.0,0.0,,0.0
2024_08,2024,8,09-158-00827,191397,0,0.0,0.0,,0.0
2024_08,2024,8,09-149-00783,492792,7238,0.0146877384373122,0.0025203331222909,0.1715943630837247,1242.0000000000002
2024_08,2024,8,09-190-00959,415288,322,0.0007753655294638,0.0001448793768822,0.1868530020703933,60.16666666666666
2024_08,2024,8,09-163-00844,203413,0,0.0,0.0,,0.0
2024_08,2024,8,09-134-00715,382484,0,0.0,0.0,,0.0
2024_08,2024,8,09-134-00715,382484,0,0.0,0.0,,0.0
2024_08,2024,8,09-137-00729,307474,0,0.0,0.0,,0.0
2024_08,2024,8,09-153-00802,512014,4877,0.0095251301722218,0.0019722767997229,0.2070603513088647,1009.833333333333
2024_08,2024,8,09-142-00749,242401,0,0.0,0.0,,0.0
2024_08,2024,8,09-184-00936,228406,43019,0.1883444392879346,0.0558763780285981,0.2966712382900578,12762.499999999998
2024_08,2024,8,09-200-01006,1184003,25,2.1114811364498233e-05,3.5191352274163716e-06,0.1666666666666666,4.166666666666666
2024_08,2024,8,09-201-01008,564254,0,0.0,0.0,,0.0
2024_08,2024,8,09-177-00905,219626,285,0.0012976605684208,0.0003278300383379,0.2526315789473684,72.0
2024_08,2024,8,09-150-00789,293976,644,0.0021906550194573,0.0003651091699095,0.1666666666666666,107.33333333333334
2024_08,2024,8,09-176-00896,331038,0,0.0,0.0,,0.0
2024_08,2024,8,09-172-00878,731611,0,0.0,0.0,,0.0
2024_08,2024,8,09-166-00857,468438,0,0.0,0.0,,0.0
2024_08,2024,8,09-706-00913,263012,0,0.0,0.0,,0.0
2024_08,2024,8,09-141-00743,238619,0,0.0,0.0,,0.0
2024_08,2024,8,09-195-00989,302426,530,0.0017524948251803,0.0002920824708633,0.1666666666666666,88.33333333333334
2024_08,2024,8,09-186-00943,260659,17864,0.0685339850149045,0.022827397736762,0.3330814300641886,5950.166666666666
2024_08,2024,8,09-200-01004,379547,0,0.0,0.0,,0.0
2024_08,2024,8,09-164-00850,495630,0,0.0,0.0,,0.0
2024_08,2024,8,09-198-00998,178466,0,0.0,0.0,,0.0
2024_08,2024,8,09-175-00893,333942,0,0.0,0.0,,0.0
2024_08,2024,8,09-176-00901,340198,1,2.9394646646952655e-06,4.899107774492109e-07,0.1666666666666666,0.1666666666666666
2024_08,2024,8,09-168-00864,478043,0,0.0,0.0,,0.0
2024_08,2024,8,09-155-00811,716885,692,0.0009652873194445,0.0002099360427404,0.217485549132948,150.5
2024_08,2024,8,09-185-00938,565747,9587,0.0169457372288319,0.0041776624533581,0.2465317617607176,2363.4999999999995
2024_08,2024,8,09-156-00815,503635,1356,0.0026924260625254,0.0004487376770875,0.1666666666666666,225.99999999999991
2024_08,2024,8,09-137-00731,389674,0,0.0,0.0,,0.0
2024_08,2024,8,09-189-00956,345746,5695,0.0164716294620906,0.0044006293637525,0.2671641791044776,1521.4999999999995
2024_08,2024,8,09-184-00935,264747,36782,0.1389326413519322,0.0302628547254548,0.2178239356206839,8012.0
2024_08,2024,8,09-179-00916,233484,0,0.0,0.0,,0.0
2024_08,2024,8,09-195-00987,245762,93,0.0003784148892017,6.306914820029133e-05,0.1666666666666666,15.499999999999998
2024_08,2024,8,09-178-00909,227386,130,0.0005717150572154,9.528584286924728e-05,0.1666666666666666,21.666666666666664
2024_08,2024,8,09-165-00852,305100,0,0.0,0.0,,0.0
2024_08,2024,8,09-201-01009,238336,0,0.0,0.0,,0.0
2024_08,2024,8,09-133-00711,340025,0,0.0,0.0,,0.0
2024_08,2024,8,09-194-00984,316740,0,0.0,0.0,,0.0
2024_08,2024,8,09-141-00744,185943,0,0.0,0.0,,0.0
2024_08,2024,8,09-166-00860,527344,0,0.0,0.0,,0.0
2024_08,2024,8,09-179-00918,276522,0,0.0,0.0,,0.0
2024_08,2024,8,09-180-00922,452765,3589,0.0079268494693715,0.0013211415782285,0.1666666666666666,598.1666666666667
2024_08,2024,8,09-165-00853,559929,0,0.0,0.0,,0.0
2024_08,2024,8,09-199-01001,596718,7,1.1730834330454252e-05,1.9551390550757083e-06,0.1666666666666666,1.1666666666666663
2024_08,2024,8,09-173-00880,152240,0,0.0,0.0,,0.0
2024_08,2024,8,09-158-00826,319635,1,3.128568523472085e-06,5.214280872453476e-07,0.1666666666666666,0.1666666666666666
2024_08,2024,8,09-167-00862,811300,0,0.0,0.0,,0.0
2024_08,2024,8,09-179-00917,245396,0,0.0,0.0,,0.0
2024_08,2024,8,09-157-00821,421688,0,0.0,0.0,,0.0
2024_08,2024,8,09-194-00983,361483,0,0.0,0.0,,0.0
2024_08,2024,8,09-165-00851,370466,3,8.09790911986525e-06,1.3496515199775418e-06,0.1666666666666666,0.5
2024_08,2024,8,09-192-00972,210693,28055,0.1331558238764458,0.0602764844267884,0.4526762906196162,12699.833333333338
2024_08,2024,8,09-145-00763,214986,0,0.0,0.0,,0.0
2024_08,2024,8,09-158-00823,323632,0,0.0,0.0,,0.0
2024_08,2024,8,09-187-00947,492064,4494,0.0091329583143656,0.0021616429299169,0.2366859516392226,1063.6666666666667
2024_08,2024,8,09-180-00920,407001,8100,0.0199016710032653,0.0033169451672108,0.1666666666666666,1350.0
2024_08,2024,8,09-169-00870,547910,0,0.0,0.0,,0.0
2024_08,2024,8,09-148-00775,454824,0,0.0,0.0,,0.0
2024_08,2024,8,09-157-00819,214525,0,0.0,0.0,,0.0
2024_08,2024,8,09-174-00886,309590,0,0.0,0.0,,0.0
2024_08,2024,8,09-183-00931,325656,3152,0.0096789250006141,0.0018961726484388,0.1959073604060913,617.5000000000001
2024_08,2024,8,09-194-00985,337075,0,0.0,0.0,,0.0
2024_08,2024,8,09-199-01002,383497,3,7.822746983679143e-06,1.3037911639465237e-06,0.1666666666666666,0.5
2024_08,2024,8,09-145-00762,331571,0,0.0,0.0,,0.0
2024_08,2024,8,09-145-00764,488110,0,0.0,0.0,,0.0
2024_08,2024,8,09-171-00876,364207,0,0.0,0.0,,0.0
2024_08,2024,8,09-192-00973,231936,1044,0.0045012417218543,0.0007502069536423,0.1666666666666666,174.0
2024_08,2024,8,09-168-00867,534892,0,0.0,0.0,,0.0
2024_08,2024,8,09-166-00859,493707,0,0.0,0.0,,0.0
2024_08,2024,8,09-138-00733,485945,0,0.0,0.0,,0.0
2024_08,2024,8,09-138-00734,432203,0,0.0,0.0,,0.0
2024_08,2024,8,09-186-00941,214723,4596,0.0214043209157845,0.0057531486302507,0.2687844502465912,1235.3333333333333
2024_08,2024,8,09-191-00970,181503,0,0.0,0.0,,0.0
2024_08,2024,8,09-175-00894,374485,40,0.0001068133570102,1.7802226168382355e-05,0.1666666666666666,6.666666666666666
2024_08,2024,8,09-177-00903,281962,0,0.0,0.0,,0.0
2024_08,2024,8,09-150-00785,239726,42,0.0001752000200228,2.920000333714323e-05,0.1666666666666666,6.999999999999998
2024_08,2024,8,09-199-01000,515914,0,0.0,0.0,,0.0
2024_08,2024,8,09-157-00822,314022,1,3.1844902586442988e-06,5.307483764407164e-07,0.1666666666666666,0.1666666666666666
2024_08,2024,8,09-134-00715,244927,0,0.0,0.0,,0.0
2024_08,2024,8,09-134-00715,244927,0,0.0,0.0,,0.0
2024_08,2024,8,09-178-00910,261862,2240,0.0085541239278704,0.0015943512231633,0.1863839285714285,417.4999999999999
2024_08,2024,8,09-163-00845,376560,0,0.0,0.0,,0.0
2024_08,2024,8,09-178-00908,201134,2924,0.0145375719669474,0.0033385703063629,0.2296511627906976,671.5000000000001
2024_08,2024,8,09-201-01007,294612,9,3.0548653822654884e-05,5.091442303775813e-06,0.1666666666666666,1.4999999999999998
2024_08,2024,8,09-153-00800,602599,29,4.812487242760111e-05,8.02081207126685e-06,0.1666666666666667,4.833333333333333
2024_08,2024,8,09-166-00856,352698,4,1.1341147383880828e-05,1.8901912306468044e-06,0.1666666666666666,0.6666666666666666
2024_08,2024,8,09-192-00974,175773,23,0.0001308505856985,2.1808430949766648e-05,0.1666666666666666,3.833333333333333
2024_08,2024,8,09-195-00990,388183,1395,0.0035936658740851,0.0008514025601327,0.2369175627240143,330.5
2024_08,2024,8,09-706-00912,254493,0,0.0,0.0,,0.0
2024_08,2024,8,09-179-06868,99300,0,0.0,0.0,,0.0
2024_08,2024,8,09-133-00708,481254,0,0.0,0.0,,0.0
2024_08,2024,8,09-134-00714,322143,0,0.0,0.0,,0.0
2024_08,2024,8,09-134-00712,415034,0,0.0,0.0,,0.0
2024_08,2024,8,09-180-00919,1011741,3770,0.003726250097604,0.000621041682934,0.1666666666666666,628.3333333333338
2024_08,2024,8,09-170-00874,342800,0,0.0,0.0,,0.0
2024_08,2024,8,09-184-00933,291221,42062,0.1444332654581915,0.0408166535609268,0.2825987035011807,11886.666666666666
2024_08,2024,8,09-187-00944,298977,1392,0.0046558765389979,0.0011271770069269,0.2420977011494252,336.9999999999999
2024_08,2024,8,09-150-00788,262215,0,0.0,0.0,,0.0
2024_08,2024,8,09-175-00890,135635,0,0.0,0.0,,0.0
2024_08,2024,8,09-706-00914,268793,0,0.0,0.0,,0.0
2024_08,2024,8,09-137-00730,292765,0,0.0,0.0,,0.0
2024_08,2024,8,09-142-00748,150890,0,0.0,0.0,,0.0
2024_08,2024,8,09-150-00786,368451,125,0.0003392581374456,5.654302290761412e-05,0.1666666666666666,20.833333333333332
2024_08,2024,8,09-170-00873,339219,0,0.0,0.0,,0.0
2024_08,2024,8,09-198-00999,115901,0,0.0,0.0,,0.0
2024_08,2024,8,09-162-00842,406694,39,9.589519392958832e-05,1.5982532321598057e-05,0.1666666666666667,6.5
2024_08,2024,8,09-191-00966,269074,3,1.1149349249648796e-05,1.858224874941466e-06,0.1666666666666666,0.5
2024_08,2024,8,09-170-00872,579285,0,0.0,0.0,,0.0
2024_08,2024,8,09-149-00782,527449,172,0.0003260978786574,5.434964644291042e-05,0.1666666666666666,28.66666666666666
2024_08,2024,8,09-194-00982,205060,0,0.0,0.0,,0.0
2024_08,2024,8,09-150-00784,384386,0,0.0,0.0,,0.0
2024_08,2024,8,09-180-00921,372294,0,0.0,0.0,,0.0
2024_08,2024,8,09-176-00898,413974,0,0.0,0.0,,0.0
2024_08,2024,8,09-153-00797,394078,10498,0.0266393962616537,0.0048091156234721,0.180526449482441,1895.166666666667
2024_08,2024,8,09-191-00967,226329,6,2.651008045809419e-05,4.418346743015698e-06,0.1666666666666666,1.0
2024_08,2024,8,09-189-01020,452164,1135,0.0025101511840836,0.000578329986465,0.2303964757709251,261.5
2024_08,2024,8,09-193-00980,148532,16236,0.1093097783642582,0.0345155701577213,0.3157592181982425,5126.666666666666
2024_08,2024,8,09-157-00820,188559,0,0.0,0.0,,0.0
2024_08,2024,8,09-193-00978,359703,10460,0.029079546181155,0.0085399158009061,0.2936743148502231,3071.8333333333335
2024_08,2024,8,09-182-00925,485482,22443,0.0462282844678072,0.0077047140779678,0.1666666666666666,3740.499999999999
2024_08,2024,8,09-170-00871,719959,0,0.0,0.0,,0.0
2024_08,2024,8,09-193-00979,247294,23382,0.0945514246200878,0.0338032193799013,0.3575114760642089,8359.33333333333
2024_08,2024,8,09-188-00952,177713,28960,0.1629593783234766,0.0947210764922468,0.5812557550644566,16833.16666666667
2024_08,2024,8,09-184-00934,289370,22208,0.0767460344887168,0.0250296621395906,0.3261362271853986,7242.833333333334
2024_08,2024,8,09-175-00891,330339,0,0.0,0.0,,0.0
2024_08,2024,8,09-150-00787,332909,452,0.0013577283882382,0.0002262880647063,0.1666666666666666,75.33333333333334
2024_08,2024,8,09-190-00961,167415,19813,0.1183466236597676,0.0577845473822536,0.4882652803714732,9674.0
2024_08,2024,8,09-193-00975,163355,3802,0.0232744635915643,0.0076428637017538,0.3283798001052078,1248.5
2024_08,2024,8,09-192-00971,157492,5567,0.0353478271912224,0.01380493400723,0.3905454763187833,2174.1666666666674
2024_08,2024,8,09-188-00954,227200,40595,0.178675176056338,0.09675029342723,0.5414870468448496,21981.666666666664
2024_08,2024,8,09-153-00799,600756,671,0.001116926006565,0.0001886511883915,0.1689021361152508,113.33333333333331
2024_08,2024,8,09-183-00928,527456,200,0.0003791785475944,6.319642459908187e-05,0.1666666666666666,33.33333333333333
2024_08,2024,8,09-188-00950,378900,27019,0.0713090525204539,0.0274192838919679,0.3845133671367062,10389.166666666666
2024_08,2024,8,09-754-00778,413294,0,0.0,0.0,,0.0
2024_08,2024,8,09-160-00834,219908,689,0.0031331283991487,0.0005994931213659,0.191340106434446,131.83333333333334
2024_08,2024,8,09-164-00849,478213,534,0.0011166572217819,0.0001861095369636,0.1666666666666666,89.00000000000001
2024_08,2024,8,09-153-00798,720203,8365,0.0116147808326263,0.0019357968054377,0.1666666666666666,1394.1666666666663
2024_08,2024,8,09-202-01012,405423,814,0.0020077795290351,0.00035395130518,0.1762899262899263,143.5
2024_08,2024,8,09-173-00883,338786,0,0.0,0.0,,0.0
2024_08,2024,8,09-187-00946,224671,10280,0.0457557940277116,0.0136495883610553,0.298313878080415,3066.666666666666
2024_08,2024,8,09-191-00968,309591,0,0.0,0.0,,0.0
2024_08,2024,8,09-175-00889,330664,0,0.0,0.0,,0.0
2024_08,2024,8,09-197-00995,308644,0,0.0,0.0,,0.0
2024_08,2024,8,09-173-00882,498630,0,0.0,0.0,,0.0
2024_08,2024,8,09-156-00817,356910,0,0.0,0.0,,0.0
2024_08,2024,8,09-158-00825,434797,4,9.199695490079278e-06,1.5332825816798797e-06,0.1666666666666666,0.6666666666666666
2024_08,2024,8,09-176-00897,199909,4919,0.0246061958190976,0.0041010326365162,0.1666666666666666,819.8333333333334
2024_08,2024,8,09-176-00900,260918,2,7.665243486459348e-06,1.2775405810765578e-06,0.1666666666666666,0.3333333333333333
2024_08,2024,8,09-193-00977,237715,37,0.0001556485707675,2.594142846125262e-05,0.1666666666666666,6.166666666666667
2024_08,2024,8,09-163-00843,302821,4,1.3209123541630204e-05,2.2015205902717006e-06,0.1666666666666666,0.6666666666666666
2024_08,2024,8,09-175-00892,261816,0,0.0,0.0,,0.0
2024_08,2024,8,09-148-00776,246935,0,0.0,0.0,,0.0
2024_08,2024,8,09-171-00875,1053260,0,0.0,0.0,,0.0
2024_08,2024,8,09-189-00957,199858,2,1.0007105044581653e-05,1.6678508407636088e-06,0.1666666666666666,0.3333333333333333
2024_08,2024,8,09-202-01010,278489,0,0.0,0.0,,0.0
2024_08,2024,8,09-172-00879,551167,4,7.257328541077387e-06,1.209554756846231e-06,0.1666666666666666,0.6666666666666666
2024_08,2024,8,09-167-00863,887820,0,0.0,0.0,,0.0
2024_08,2024,8,09-188-00953,227384,14889,0.0654795412166203,0.0202564824262041,0.309355900329102,4605.999999999999
2024_08,2024,8,09-186-00942,263107,3028,0.0115086257682235,0.0035948619129606,0.3123623954205196,945.8333333333331
2024_08,2024,8,09-133-00710,201231,0,0.0,0.0,,0.0
2024_08,2024,8,09-142-00751,243375,0,0.0,0.0,,0.0
2024_08,2024,8,09-194-00986,264230,0,0.0,0.0,,0.0
2024_08,2024,8,09-165-00855,391542,0,0.0,0.0,,0.0
2024_08,2024,8,09-175-00895,367474,0,0.0,0.0,,0.0
2024_08,2024,8,09-169-00868,543161,0,0.0,0.0,,0.0
2024_08,2024,8,09-173-00881,477275,0,0.0,0.0,,0.0
2024_08,2024,8,09-153-00801,671058,2815,0.004194868401837,0.0007391313418512,0.1761989342806394,496.00000000000017
2024_08,2024,8,09-191-00969,290817,0,0.0,0.0,,0.0
2024_08,2024,8,09-196-00992,295253,4221,0.0142962137556604,0.00238270229261,0.1666666666666666,703.4999999999999
2024_08,2024,8,09-194-00981,314504,0,0.0,0.0,,0.0
2024_08,2024,8,09-142-00745,138357,0,0.0,0.0,,0.0
2024_08,2024,8,09-193-00976,178340,10398,0.05830436245374,0.018122687002355,0.3108290055779957,3232.0
2024_08,2024,8,09-163-00847,238667,0,0.0,0.0,,0.0
2024_08,2024,8,09-174-00885,264114,4,1.5144975275827865e-05,2.5241625459713103e-06,0.1666666666666666,0.6666666666666666
2024_08,2024,8,09-176-00899,186307,1843,0.009892274579055,0.0016487124298424,0.1666666666666666,307.16666666666663
2024_08,2024,8,09-155-00810,470255,1882,0.0040020839757153,0.0007744025404656,0.1934998228834573,364.1666666666667
2024_08,2024,8,09-142-00747,311571,0,0.0,0.0,,0.0
2024_08,2024,8,09-177-00904,195264,0,0.0,0.0,,0.0
2024_08,2024,8,09-175-00888,297872,0,0.0,0.0,,0.0
2024_08,2024,8,09-179-00915,343161,0,0.0,0.0,,0.0
2024_08,2024,8,09-166-00858,393596,0,0.0,0.0,,0.0
2024_08,2024,8,09-167-00861,530899,0,0.0,0.0,,0.0
2024_08,2024,8,09-189-00958,296625,49,0.0001651917404129,2.7531956735496563e-05,0.1666666666666666,8.166666666666668
2024_08,2024,8,09-178-00907,215692,1264,0.0058602080744765,0.0010423814204204,0.1778744725738396,224.83333333333337
2024_08,2024,8,09-183-00930,479320,1188,0.0024785112242343,0.0004262983671312,0.1719977553310886,204.33333333333337
2024_08,2024,8,09-706-00824,300683,2,6.6515233651387005e-06,1.1085872275231168e-06,0.1666666666666666,0.3333333333333333
2024_08,2024,8,09-160-00835,329400,0,0.0,0.0,,0.0
2024_08,2024,8,09-182-00926,694511,26548,0.0382254564722517,0.0063709094120419,0.1666666666666666,4424.666666666665
2024_08,2024,8,09-158-00828,191411,0,0.0,0.0,,0.0
2024_08,2024,8,09-156-00816,450282,2173,0.0048258646803558,0.0008043107800593,0.1666666666666666,362.1666666666667
2024_08,2024,8,09-165-00854,414211,0,0.0,0.0,,0.0
2024_08,2024,8,09-182-00927,332992,21775,0.0653919613684412,0.015814193734384,0.241836969001148,5266.000000000001
2024_08,2024,8,09-151-00792,799198,429,0.0005367881301004,8.946468835007095e-05,0.1666666666666666,71.5
2024_08,2024,8,09-146-00766,245147,0,0.0,0.0,,0.0
2024_08,2024,8,09-159-00831,159959,13559,0.0847654711519827,0.0219327035886279,0.2587457285443862,3508.333333333333
2024_08,2024,8,09-146-00765,212505,0,0.0,0.0,,0.0
2024_08,2024,8,09-139-00736,185647,0,0.0,0.0,,0.0
2024_08,2024,8,09-146-00770,399729,0,0.0,0.0,,0.0
2024_08,2024,8,09-139-00735,336441,0,0.0,0.0,,0.0
2024_08,2024,8,09-132-00701,475536,0,0.0,0.0,,0.0
2024_08,2024,8,09-161-00839,320874,0,0.0,0.0,,0.0
2024_08,2024,8,09-181-00923,604889,13838,0.0228769245266486,0.004546288657919,0.1987281399046105,2750.0
2024_08,2024,8,09-135-00718,30548,0,0.0,0.0,,0.0
2024_08,2024,8,09-159-00830,426482,12662,0.0296894124488255,0.0070221799122432,0.2365213499710419,2994.8333333333344
2024_08,2024,8,09-146-00768,361215,0,0.0,0.0,,0.0
2024_08,2024,8,09-146-00767,325049,0,0.0,0.0,,0.0
2024_08,2024,8,09-161-00837,75946,0,0.0,0.0,,0.0
2024_08,2024,8,09-144-00757,123732,0,0.0,0.0,,0.0
2024_08,2024,8,09-136-00727,196786,0,0.0,0.0,,0.0
2024_08,2024,8,09-152-00795,465633,1639,0.0035199395231867,0.0006911738071256,0.1963595688427903,321.83333333333326
2024_08,2024,8,09-704-00707,281095,0,0.0,0.0,,0.0
2024_08,2024,8,09-144-00758,256852,0,0.0,0.0,,0.0
2024_08,2024,8,09-147-00774,340107,0,0.0,0.0,,0.0
2024_08,2024,8,09-136-00723,187020,0,0.0,0.0,,0.0
2024_08,2024,8,09-143-00754,410192,0,0.0,0.0,,0.0
2024_08,2024,8,09-151-00791,432129,223,0.0005160496055575,8.600826759293327e-05,0.1666666666666666,37.16666666666666
2024_08,2024,8,09-143-00753,226024,0,0.0,0.0,,0.0
2024_08,2024,8,09-143-00756,249299,0,0.0,0.0,,0.0
2024_08,2024,8,09-143-00752,318265,0,0.0,0.0,,0.0
2024_08,2024,8,09-143-00755,483242,0,0.0,0.0,,0.0
2024_08,2024,8,09-151-00790,488682,1,2.0463205110890102e-06,3.410534185148351e-07,0.1666666666666666,0.1666666666666666
2024_08,2024,8,09-154-00806,438084,2825,0.0064485349841582,0.001074755830693,0.1666666666666666,470.8333333333334
2024_08,2024,8,09-154-00805,437183,1567,0.0035843113753279,0.0005973852292213,0.1666666666666666,261.16666666666663
2024_08,2024,8,09-154-00807,364754,1910,0.0052364059064465,0.000872734317741,0.1666666666666666,318.3333333333334
2024_08,2024,8,09-154-00803,630238,0,0.0,0.0,,0.0
2024_08,2024,8,09-154-00808,344653,0,0.0,0.0,,0.0
2024_08,2024,8,09-154-00804,384169,0,0.0,0.0,,0.0
2024_08,2024,8,09-139-00737,85364,0,0.0,0.0,,0.0
2024_08,2024,8,09-137-00718,136360,0,0.0,0.0,,0.0
2024_08,2024,8,09-202-01011,205123,0,0.0,0.0,,0.0
2024_08,2024,8,09-178-00911,138083,0,0.0,0.0,,0.0
2024_08,2024,8,09-173-00884,190238,0,0.0,0.0,,0.0
2024_09,2024,9,09-168-00865,329413,0,0.0,0.0,,0.0
2024_09,2024,9,09-200-01005,1474789,0,0.0,0.0,,0.0
2024_09,2024,9,09-177-00902,260579,3856,0.0147978156336466,0.0073989078168233,0.5,1928.0
2024_09,2024,9,09-185-00940,106837,0,0.0,0.0,,0.0
2024_09,2024,9,09-190-00960,177168,2504,0.0141334778289533,0.009550257382823,0.6757188498402555,1692.0
2024_09,2024,9,09-156-00814,462391,0,0.0,0.0,,0.0
2024_09,2024,9,09-191-00965,410177,29608,0.0721834720133015,0.0367158568130343,0.5086463118076195,15060.0
2024_09,2024,9,09-149-00781,328046,0,0.0,0.0,,0.0
2024_09,2024,9,09-188-00949,155805,1427,0.0091588845030647,0.0048714739578319,0.5318850735809391,759.0
2024_09,2024,9,09-195-00988,251880,0,0.0,0.0,,0.0
2024_09,2024,9,09-190-00962,217454,5426,0.0249524037267652,0.0192017622117781,0.7695355694802801,4175.5
2024_09,2024,9,09-158-00829,298492,0,0.0,0.0,,0.0
2024_09,2024,9,09-754-00721,406625,0,0.0,0.0,,0.0
2024_09,2024,9,09-155-00813,650968,0,0.0,0.0,,0.0
2024_09,2024,9,09-138-00732,272541,0,0.0,0.0,,0.0
2024_09,2024,9,09-168-00866,394948,0,0.0,0.0,,0.0
2024_09,2024,9,09-155-00809,439582,0,0.0,0.0,,0.0
2024_09,2024,9,09-142-00750,250168,0,0.0,0.0,,0.0
2024_09,2024,9,09-184-00932,234600,563,0.0023998294970161,0.001199914748508,0.5,281.5
2024_09,2024,9,09-197-00996,373044,0,0.0,0.0,,0.0
2024_09,2024,9,09-195-00991,317767,15373,0.0483782142261468,0.0244329965037275,0.5050413061861706,7764.0
2024_09,2024,9,09-187-00945,313718,1797,0.0057280742577729,0.0028640371288864,0.5,898.5
2024_09,2024,9,09-135-00720,254144,0,0.0,0.0,,0.0
2024_09,2024,9,09-136-00725,222934,0,0.0,0.0,,0.0
2024_09,2024,9,09-161-00840,228773,0,0.0,0.0,,0.0
2024_09,2024,9,09-132-00704,257380,0,0.0,0.0,,0.0
2024_09,2024,9,09-161-00838,292983,0,0.0,0.0,,0.0
2024_09,2024,9,09-159-00832,400347,0,0.0,0.0,,0.0
2024_09,2024,9,09-146-00769,281161,0,0.0,0.0,,0.0
2024_09,2024,9,09-147-00772,204623,0,0.0,0.0,,0.0
2024_09,2024,9,09-705-00741,213900,0,0.0,0.0,,0.0
2024_09,2024,9,09-140-00739,209876,0,0.0,0.0,,0.0
2024_09,2024,9,09-705-00740,297471,0,0.0,0.0,,0.0
2024_09,2024,9,09-144-00759,215757,0,0.0,0.0,,0.0
2024_09,2024,9,09-181-00924,271108,0,0.0,0.0,,0.0
2024_09,2024,9,09-152-00796,427590,0,0.0,0.0,,0.0
2024_09,2024,9,09-147-00773,372557,0,0.0,0.0,,0.0
2024_09,2024,9,09-161-00836,127717,0,0.0,0.0,,0.0
2024_09,2024,9,09-704-00706,301739,0,0.0,0.0,,0.0
2024_09,2024,9,09-146-00763,204,0,0.0,0.0,,0.0
2024_09,2024,9,09-136-00728,183511,0,0.0,0.0,,0.0
2024_09,2024,9,09-140-00738,207515,0,0.0,0.0,,0.0
2024_09,2024,9,09-135-00719,354336,0,0.0,0.0,,0.0
2024_09,2024,9,09-132-00703,401527,0,0.0,0.0,,0.0
2024_09,2024,9,09-152-00793,580285,0,0.0,0.0,,0.0
2024_09,2024,9,09-136-00726,150547,0,0.0,0.0,,0.0
2024_09,2024,9,09-132-00705,219439,0,0.0,0.0,,0.0
2024_09,2024,9,09-144-00760,211102,0,0.0,0.0,,0.0
2024_09,2024,9,09-132-00702,366805,0,0.0,0.0,,0.0
2024_09,2024,9,09-136-00724,143308,0,0.0,0.0,,0.0
2024_09,2024,9,09-135-00717,254438,0,0.0,0.0,,0.0
2024_09,2024,9,09-152-00794,488045,0,0.0,0.0,,0.0
2024_09,2024,9,09-147-00771,175151,0,0.0,0.0,,0.0
2024_09,2024,9,09-185-00939,386079,1342,0.0034759725341186,0.0017379862670593,0.5,671.0
2024_09,2024,9,09-198-00997,156799,0,0.0,0.0,,0.0
2024_09,2024,9,09-185-00937,194814,126,0.0006467707659613,0.0003233853829806,0.5,63.0
2024_09,2024,9,09-190-00963,160556,0,0.0,0.0,,0.0
2024_09,2024,9,09-163-00846,294793,0,0.0,0.0,,0.0
2024_09,2024,9,09-148-00777,534222,0,0.0,0.0,,0.0
2024_09,2024,9,09-162-00841,500362,0,0.0,0.0,,0.0
2024_09,2024,9,09-156-00818,279219,0,0.0,0.0,,0.0
2024_09,2024,9,09-134-00713,386244,0,0.0,0.0,,0.0
2024_09,2024,9,09-177-00906,250854,0,0.0,0.0,,0.0
2024_09,2024,9,09-155-00812,429043,0,0.0,0.0,,0.0
2024_09,2024,9,09-164-00848,370811,0,0.0,0.0,,0.0
2024_09,2024,9,09-149-00780,163959,0,0.0,0.0,,0.0
2024_09,2024,9,09-172-00877,578515,0,0.0,0.0,,0.0
2024_09,2024,9,09-149-00779,424312,0,0.0,0.0,,0.0
2024_09,2024,9,09-133-00709,239561,0,0.0,0.0,,0.0
2024_09,2024,9,09-142-00746,268384,0,0.0,0.0,,0.0
2024_09,2024,9,09-191-00964,196858,0,0.0,0.0,,0.0
2024_09,2024,9,09-188-00948,162682,2114,0.0129946767312917,0.0090083721616405,0.6932355723746452,1465.5
2024_09,2024,9,09-174-00887,222864,0,0.0,0.0,,0.0
2024_09,2024,9,09-196-00994,546376,0,0.0,0.0,,0.0
2024_09,2024,9,09-196-00993,289783,0,0.0,0.0,,0.0
2024_09,2024,9,09-754-00722,288905,0,0.0,0.0,,0.0
2024_09,2024,9,09-134-00716,369671,0,0.0,0.0,,0.0
2024_09,2024,9,09-169-00869,361592,0,0.0,0.0,,0.0
2024_09,2024,9,09-188-00951,166741,1298,0.0077845281004671,0.0048788240444761,0.6267334360554699,813.5
2024_09,2024,9,09-145-00761,479404,0,0.0,0.0,,0.0
2024_09,2024,9,09-160-00833,392874,0,0.0,0.0,,0.0
2024_09,2024,9,09-199-01003,461086,0,0.0,0.0,,0.0
2024_09,2024,9,09-183-00929,463344,1441,0.0031100003453157,0.0015550001726578,0.5,720.5
2024_09,2024,9,09-141-00742,220757,0,0.0,0.0,,0.0
2024_09,2024,9,09-158-00827,191397,0,0.0,0.0,,0.0
2024_09,2024,9,09-149-00783,492792,0,0.0,0.0,,0.0
2024_09,2024,9,09-190-00959,415288,32,7.70549594498276e-05,3.85274797249138e-05,0.5,16.0
2024_09,2024,9,09-163-00844,203413,0,0.0,0.0,,0.0
2024_09,2024,9,09-134-00715,382484,0,0.0,0.0,,0.0
2024_09,2024,9,09-134-00715,382484,0,0.0,0.0,,0.0
2024_09,2024,9,09-137-00729,307474,0,0.0,0.0,,0.0
2024_09,2024,9,09-153-00802,512014,8456,0.0165151734132269,0.0082575867066134,0.5,4228.0
2024_09,2024,9,09-142-00749,242401,0,0.0,0.0,,0.0
2024_09,2024,9,09-184-00936,228406,4061,0.0177797430890607,0.009034351111617,0.5081260773208569,2063.5
2024_09,2024,9,09-200-01006,1184003,0,0.0,0.0,,0.0
2024_09,2024,9,09-201-01008,564254,0,0.0,0.0,,0.0
2024_09,2024,9,09-177-00905,219626,1,4.5531949769153015e-06,2.2765974884576508e-06,0.5,0.5
2024_09,2024,9,09-150-00789,293976,0,0.0,0.0,,0.0
2024_09,2024,9,09-176-00896,331038,0,0.0,0.0,,0.0
2024_09,2024,9,09-172-00878,731611,0,0.0,0.0,,0.0
2024_09,2024,9,09-166-00857,468438,0,0.0,0.0,,0.0
2024_09,2024,9,09-706-00913,263012,0,0.0,0.0,,0.0
2024_09,2024,9,09-141-00743,238619,0,0.0,0.0,,0.0
2024_09,2024,9,09-195-00989,302426,897,0.0029660148267675,0.0015011936804375,0.5061315496098104,454.0
2024_09,2024,9,09-186-00943,260659,12760,0.0489528464392175,0.0244764232196087,0.5,6380.0
2024_09,2024,9,09-200-01004,379547,0,0.0,0.0,,0.0
2024_09,2024,9,09-164-00850,495630,0,0.0,0.0,,0.0
2024_09,2024,9,09-198-00998,178466,0,0.0,0.0,,0.0
2024_09,2024,9,09-175-00893,333942,0,0.0,0.0,,0.0
2024_09,2024,9,09-176-00901,340198,0,0.0,0.0,,0.0
2024_09,2024,9,09-168-00864,478043,0,0.0,0.0,,0.0
2024_09,2024,9,09-155-00811,716885,0,0.0,0.0,,0.0
2024_09,2024,9,09-185-00938,565747,1286,0.0022731008737121,0.001136550436856,0.5,643.0
2024_09,2024,9,09-156-00815,503635,0,0.0,0.0,,0.0
2024_09,2024,9,09-137-00731,389674,0,0.0,0.0,,0.0
2024_09,2024,9,09-189-00956,345746,200,0.0005784593314167,0.0002892296657083,0.5,100.0
2024_09,2024,9,09-184-00935,264747,1800,0.0067989438973812,0.0033994719486906,0.5,900.0
2024_09,2024,9,09-179-00916,233484,0,0.0,0.0,,0.0
2024_09,2024,9,09-195-00987,245762,1,4.068977303244603e-06,2.0344886516223013e-06,0.5,0.5
2024_09,2024,9,09-178-00909,227386,0,0.0,0.0,,0.0
2024_09,2024,9,09-165-00852,305100,0,0.0,0.0,,0.0
2024_09,2024,9,09-201-01009,238336,0,0.0,0.0,,0.0
2024_09,2024,9,09-133-00711,340025,0,0.0,0.0,,0.0
2024_09,2024,9,09-194-00984,316740,0,0.0,0.0,,0.0
2024_09,2024,9,09-141-00744,185943,0,0.0,0.0,,0.0
2024_09,2024,9,09-166-00860,527344,0,0.0,0.0,,0.0
2024_09,2024,9,09-179-00918,276522,0,0.0,0.0,,0.0
2024_09,2024,9,09-180-00922,452765,12888,0.0284650977880357,0.0142325488940178,0.5,6444.0
2024_09,2024,9,09-165-00853,559929,0,0.0,0.0,,0.0
2024_09,2024,9,09-199-01001,596718,0,0.0,0.0,,0.0
2024_09,2024,9,09-173-00880,152240,0,0.0,0.0,,0.0
2024_09,2024,9,09-158-00826,319635,0,0.0,0.0,,0.0
2024_09,2024,9,09-167-00862,811300,0,0.0,0.0,,0.0
2024_09,2024,9,09-179-00917,245396,0,0.0,0.0,,0.0
2024_09,2024,9,09-157-00821,421688,0,0.0,0.0,,0.0
2024_09,2024,9,09-194-00983,361483,0,0.0,0.0,,0.0
2024_09,2024,9,09-165-00851,370466,0,0.0,0.0,,0.0
2024_09,2024,9,09-192-00972,210693,25127,0.1192588268238622,0.0896897381498198,0.7520595375492498,18897.0
2024_09,2024,9,09-145-00763,214986,0,0.0,0.0,,0.0
2024_09,2024,9,09-158-00823,323632,0,0.0,0.0,,0.0
2024_09,2024,9,09-187-00947,492064,79,0.0001605482213695,8.027411068478897e-05,0.5,39.5
2024_09,2024,9,09-180-00920,407001,23314,0.057282414539522,0.028641207269761,0.5,11657.0
2024_09,2024,9,09-169-00870,547910,0,0.0,0.0,,0.0
2024_09,2024,9,09-148-00775,454824,0,0.0,0.0,,0.0
2024_09,2024,9,09-157-00819,214525,0,0.0,0.0,,0.0
2024_09,2024,9,09-174-00886,309590,0,0.0,0.0,,0.0
2024_09,2024,9,09-183-00931,325656,372,0.0011423096764684,0.0005711548382342,0.5,186.0
2024_09,2024,9,09-194-00985,337075,0,0.0,0.0,,0.0
2024_09,2024,9,09-199-01002,383497,0,0.0,0.0,,0.0
2024_09,2024,9,09-145-00762,331571,0,0.0,0.0,,0.0
2024_09,2024,9,09-145-00764,488110,0,0.0,0.0,,0.0
2024_09,2024,9,09-171-00876,364207,0,0.0,0.0,,0.0
2024_09,2024,9,09-192-00973,231936,0,0.0,0.0,,0.0
2024_09,2024,9,09-168-00867,534892,0,0.0,0.0,,0.0
2024_09,2024,9,09-166-00859,493707,0,0.0,0.0,,0.0
2024_09,2024,9,09-138-00733,485945,0,0.0,0.0,,0.0
2024_09,2024,9,09-138-00734,432203,0,0.0,0.0,,0.0
2024_09,2024,9,09-186-00941,214723,0,0.0,0.0,,0.0
2024_09,2024,9,09-191-00970,181503,5,2.75477540316138e-05,1.37738770158069e-05,0.5,2.5
2024_09,2024,9,09-175-00894,374485,0,0.0,0.0,,0.0
2024_09,2024,9,09-177-00903,281962,0,0.0,0.0,,0.0
2024_09,2024,9,09-150-00785,239726,0,0.0,0.0,,0.0
2024_09,2024,9,09-199-01000,515914,0,0.0,0.0,,0.0
2024_09,2024,9,09-157-00822,314022,0,0.0,0.0,,0.0
2024_09,2024,9,09-134-00715,244927,0,0.0,0.0,,0.0
2024_09,2024,9,09-134-00715,244927,0,0.0,0.0,,0.0
2024_09,2024,9,09-178-00910,261862,2,7.637610649884291e-06,3.8188053249421454e-06,0.5,1.0
2024_09,2024,9,09-163-00845,376560,0,0.0,0.0,,0.0
2024_09,2024,9,09-178-00908,201134,1544,0.0076764743902075,0.0038382371951037,0.5,772.0
2024_09,2024,9,09-201-01007,294612,0,0.0,0.0,,0.0
2024_09,2024,9,09-153-00800,602599,0,0.0,0.0,,0.0
2024_09,2024,9,09-166-00856,352698,0,0.0,0.0,,0.0
2024_09,2024,9,09-192-00974,175773,0,0.0,0.0,,0.0
2024_09,2024,9,09-195-00990,388183,7368,0.0189807384661358,0.0139470301378473,0.7347991313789359,5414.0
2024_09,2024,9,09-706-00912,254493,0,0.0,0.0,,0.0
2024_09,2024,9,09-179-06868,99300,0,0.0,0.0,,0.0
2024_09,2024,9,09-133-00708,481254,0,0.0,0.0,,0.0
2024_09,2024,9,09-134-00714,322143,0,0.0,0.0,,0.0
2024_09,2024,9,09-134-00712,415034,0,0.0,0.0,,0.0
2024_09,2024,9,09-180-00919,1011741,7897,0.0078053572999413,0.0039026786499706,0.5,3948.5
2024_09,2024,9,09-170-00874,342800,0,0.0,0.0,,0.0
2024_09,2024,9,09-184-00933,291221,2765,0.0094945076076244,0.0047472538038122,0.5,1382.5
2024_09,2024,9,09-187-00944,298977,883,0.0029534044424821,0.001476702221241,0.5,441.5
2024_09,2024,9,09-150-00788,262215,0,0.0,0.0,,0.0
2024_09,2024,9,09-175-00890,135635,0,0.0,0.0,,0.0
2024_09,2024,9,09-706-00914,268793,0,0.0,0.0,,0.0
2024_09,2024,9,09-137-00730,292765,0,0.0,0.0,,0.0
2024_09,2024,9,09-142-00748,150890,0,0.0,0.0,,0.0
2024_09,2024,9,09-150-00786,368451,0,0.0,0.0,,0.0
2024_09,2024,9,09-170-00873,339219,0,0.0,0.0,,0.0
2024_09,2024,9,09-198-00999,115901,0,0.0,0.0,,0.0
2024_09,2024,9,09-162-00842,406694,0,0.0,0.0,,0.0
2024_09,2024,9,09-191-00966,269074,0,0.0,0.0,,0.0
2024_09,2024,9,09-170-00872,579285,0,0.0,0.0,,0.0
2024_09,2024,9,09-149-00782,527449,0,0.0,0.0,,0.0
2024_09,2024,9,09-194-00982,205060,0,0.0,0.0,,0.0
2024_09,2024,9,09-150-00784,384386,0,0.0,0.0,,0.0
2024_09,2024,9,09-180-00921,372294,0,0.0,0.0,,0.0
2024_09,2024,9,09-176-00898,413974,0,0.0,0.0,,0.0
2024_09,2024,9,09-153-00797,394078,44247,0.112279802475652,0.056139901237826,0.5,22123.5
2024_09,2024,9,09-191-00967,226329,10,4.4183467430156986e-05,2.2091733715078493e-05,0.5,5.0
2024_09,2024,9,09-189-01020,452164,3274,0.0072407356622818,0.0036203678311409,0.5,1637.0
2024_09,2024,9,09-193-00980,148532,36082,0.2429240836991355,0.1576057684539358,0.6487860983315781,23409.5
2024_09,2024,9,09-157-00820,188559,0,0.0,0.0,,0.0
2024_09,2024,9,09-193-00978,359703,59833,0.1663400082846126,0.1182002930195188,0.7105944879915765,42517.0
2024_09,2024,9,09-182-00925,485482,3271,0.0067376339390543,0.0033688169695271,0.5,1635.5
2024_09,2024,9,09-170-00871,719959,0,0.0,0.0,,0.0
2024_09,2024,9,09-193-00979,247294,24533,0.0992058036183651,0.073426771373345,0.7401459258957322,18158.0
2024_09,2024,9,09-188-00952,177713,12347,0.06947719075138,0.0462290322036091,0.6653843038794849,8215.5
2024_09,2024,9,09-184-00934,289370,7252,0.0250613401527456,0.0148443169644399,0.592319360176503,4295.5
2024_09,2024,9,09-175-00891,330339,0,0.0,0.0,,0.0
2024_09,2024,9,09-150-00787,332909,0,0.0,0.0,,0.0
2024_09,2024,9,09-190-00961,167415,17835,0.1065316727891765,0.0868171908132485,0.8149425287356322,14534.5
2024_09,2024,9,09-193-00975,163355,2910,0.0178139634538275,0.0103761745890851,0.5824742268041238,1695.0
2024_09,2024,9,09-192-00971,157492,2557,0.0162357453076981,0.0140610316714499,0.8660539694955025,2214.5
2024_09,2024,9,09-188-00954,227200,29292,0.1289260563380281,0.111681338028169,0.8662433428922572,25374.0
2024_09,2024,9,09-153-00799,600756,2477,0.0041231381792275,0.0020615690896137,0.5,1238.5
2024_09,2024,9,09-183-00928,527456,0,0.0,0.0,,0.0
2024_09,2024,9,09-188-00950,378900,4835,0.0127606228556347,0.009196357878068,0.7206825232678387,3484.5
2024_09,2024,9,09-754-00778,413294,0,0.0,0.0,,0.0
2024_09,2024,9,09-160-00834,219908,0,0.0,0.0,,0.0
2024_09,2024,9,09-164-00849,478213,0,0.0,0.0,,0.0
2024_09,2024,9,09-153-00798,720203,48,6.664787566838794e-05,3.332393783419397e-05,0.5,24.0
2024_09,2024,9,09-202-01012,405423,0,0.0,0.0,,0.0
2024_09,2024,9,09-173-00883,338786,0,0.0,0.0,,0.0
2024_09,2024,9,09-187-00946,224671,1087,0.0048381856136305,0.002726208544939,0.5634774609015639,612.5
2024_09,2024,9,09-191-00968,309591,0,0.0,0.0,,0.0
2024_09,2024,9,09-175-00889,330664,0,0.0,0.0,,0.0
2024_09,2024,9,09-197-00995,308644,0,0.0,0.0,,0.0
2024_09,2024,9,09-173-00882,498630,0,0.0,0.0,,0.0
2024_09,2024,9,09-156-00817,356910,0,0.0,0.0,,0.0
2024_09,2024,9,09-158-00825,434797,0,0.0,0.0,,0.0
2024_09,2024,9,09-176-00897,199909,7139,0.0357112486181212,0.0178556243090606,0.5,3569.5
2024_09,2024,9,09-176-00900,260918,7226,0.0276945247165776,0.0138472623582888,0.5,3613.0
2024_09,2024,9,09-193-00977,237715,4,1.6826872515407104e-05,8.413436257703552e-06,0.5,2.0
2024_09,2024,9,09-163-00843,302821,0,0.0,0.0,,0.0
2024_09,2024,9,09-175-00892,261816,0,0.0,0.0,,0.0
2024_09,2024,9,09-148-00776,246935,0,0.0,0.0,,0.0
2024_09,2024,9,09-171-00875,1053260,0,0.0,0.0,,0.0
2024_09,2024,9,09-189-00957,199858,0,0.0,0.0,,0.0
2024_09,2024,9,09-202-01010,278489,0,0.0,0.0,,0.0
2024_09,2024,9,09-172-00879,551167,0,0.0,0.0,,0.0
2024_09,2024,9,09-167-00863,887820,0,0.0,0.0,,0.0
2024_09,2024,9,09-188-00953,227384,6457,0.0283968968792879,0.0141984484396439,0.5,3228.5
2024_09,2024,9,09-186-00942,263107,0,0.0,0.0,,0.0
2024_09,2024,9,09-133-00710,201231,0,0.0,0.0,,0.0
2024_09,2024,9,09-142-00751,243375,0,0.0,0.0,,0.0
2024_09,2024,9,09-194-00986,264230,1,3.784581614502517e-06,1.8922908072512584e-06,0.5,0.5
2024_09,2024,9,09-165-00855,391542,0,0.0,0.0,,0.0
2024_09,2024,9,09-175-00895,367474,0,0.0,0.0,,0.0
2024_09,2024,9,09-169-00868,543161,0,0.0,0.0,,0.0
2024_09,2024,9,09-173-00881,477275,0,0.0,0.0,,0.0
2024_09,2024,9,09-153-00801,671058,20849,0.0310688494884197,0.0155344247442098,0.5,10424.5
2024_09,2024,9,09-191-00969,290817,11,3.782447380999048e-05,1.891223690499524e-05,0.5,5.5
2024_09,2024,9,09-196-00992,295253,0,0.0,0.0,,0.0
2024_09,2024,9,09-194-00981,314504,0,0.0,0.0,,0.0
2024_09,2024,9,09-142-00745,138357,0,0.0,0.0,,0.0
2024_09,2024,9,09-193-00976,178340,10314,0.0578333520242233,0.0383901536391163,0.6638064766337017,6846.5
2024_09,2024,9,09-163-00847,238667,0,0.0,0.0,,0.0
2024_09,2024,9,09-174-00885,264114,0,0.0,0.0,,0.0
2024_09,2024,9,09-176-00899,186307,5841,0.0313514790104504,0.0156757395052252,0.5,2920.5
2024_09,2024,9,09-155-00810,470255,0,0.0,0.0,,0.0
2024_09,2024,9,09-142-00747,311571,0,0.0,0.0,,0.0
2024_09,2024,9,09-177-00904,195264,196,0.0010037692559816,0.0005018846279908,0.5,98.0
2024_09,2024,9,09-175-00888,297872,0,0.0,0.0,,0.0
2024_09,2024,9,09-179-00915,343161,0,0.0,0.0,,0.0
2024_09,2024,9,09-166-00858,393596,0,0.0,0.0,,0.0
2024_09,2024,9,09-167-00861,530899,0,0.0,0.0,,0.0
2024_09,2024,9,09-189-00958,296625,3002,0.0101205225453013,0.0050602612726506,0.5,1501.0
2024_09,2024,9,09-178-00907,215692,0,0.0,0.0,,0.0
2024_09,2024,9,09-183-00930,479320,3525,0.0073541684052407,0.0036770842026203,0.5,1762.5
2024_09,2024,9,09-706-00824,300683,0,0.0,0.0,,0.0
2024_09,2024,9,09-160-00835,329400,0,0.0,0.0,,0.0
2024_09,2024,9,09-182-00926,694511,1051,0.0015132949658104,0.0007566474829052,0.5,525.5
2024_09,2024,9,09-158-00828,191411,0,0.0,0.0,,0.0
2024_09,2024,9,09-156-00816,450282,0,0.0,0.0,,0.0
2024_09,2024,9,09-165-00854,414211,0,0.0,0.0,,0.0
2024_09,2024,9,09-182-00927,332992,2519,0.0075647463002114,0.0037823731501057,0.5,1259.5
2024_09,2024,9,09-151-00792,799198,0,0.0,0.0,,0.0
2024_09,2024,9,09-146-00766,245147,0,0.0,0.0,,0.0
2024_09,2024,9,09-159-00831,159959,0,0.0,0.0,,0.0
2024_09,2024,9,09-146-00765,212505,0,0.0,0.0,,0.0
2024_09,2024,9,09-139-00736,185647,0,0.0,0.0,,0.0
2024_09,2024,9,09-146-00770,399729,0,0.0,0.0,,0.0
2024_09,2024,9,09-139-00735,336441,0,0.0,0.0,,0.0
2024_09,2024,9,09-132-00701,475536,0,0.0,0.0,,0.0
2024_09,2024,9,09-161-00839,320874,0,0.0,0.0,,0.0
2024_09,2024,9,09-181-00923,604889,2599,0.0042966560807024,0.0021483280403512,0.5,1299.5
2024_09,2024,9,09-135-00718,30548,0,0.0,0.0,,0.0
2024_09,2024,9,09-159-00830,426482,0,0.0,0.0,,0.0
2024_09,2024,9,09-146-00768,361215,0,0.0,0.0,,0.0
2024_09,2024,9,09-146-00767,325049,0,0.0,0.0,,0.0
2024_09,2024,9,09-161-00837,75946,0,0.0,0.0,,0.0
2024_09,2024,9,09-144-00757,123732,0,0.0,0.0,,0.0
2024_09,2024,9,09-136-00727,196786,0,0.0,0.0,,0.0
2024_09,2024,9,09-152-00795,465633,0,0.0,0.0,,0.0
2024_09,2024,9,09-704-00707,281095,0,0.0,0.0,,0.0
2024_09,2024,9,09-144-00758,256852,0,0.0,0.0,,0.0
2024_09,2024,9,09-147-00774,340107,0,0.0,0.0,,0.0
2024_09,2024,9,09-136-00723,187020,0,0.0,0.0,,0.0
2024_09,2024,9,09-143-00754,410192,0,0.0,0.0,,0.0
2024_09,2024,9,09-151-00791,432129,0,0.0,0.0,,0.0
2024_09,2024,9,09-143-00753,226024,0,0.0,0.0,,0.0
2024_09,2024,9,09-143-00756,249299,0,0.0,0.0,,0.0
2024_09,2024,9,09-143-00752,318265,0,0.0,0.0,,0.0
2024_09,2024,9,09-143-00755,483242,0,0.0,0.0,,0.0
2024_09,2024,9,09-151-00790,488682,0,0.0,0.0,,0.0
2024_09,2024,9,09-154-00806,438084,14294,0.0326284456862154,0.0163142228431077,0.5,7147.0
2024_09,2024,9,09-154-00805,437183,27904,0.0638268185176459,0.0319134092588229,0.5,13952.0
2024_09,2024,9,09-154-00807,364754,5958,0.0163342965395855,0.0081671482697927,0.5,2979.0
2024_09,2024,9,09-154-00803,630238,0,0.0,0.0,,0.0
2024_09,2024,9,09-154-00808,344653,0,0.0,0.0,,0.0
2024_09,2024,9,09-154-00804,384169,0,0.0,0.0,,0.0
2024_09,2024,9,09-139-00737,85364,0,0.0,0.0,,0.0
2024_09,2024,9,09-137-00718,136360,0,0.0,0.0,,0.0
2024_09,2024,9,09-202-01011,205123,0,0.0,0.0,,0.0
2024_09,2024,9,09-178-00911,138083,0,0.0,0.0,,0.0
2024_09,2024,9,09-173-00884,190238,0,0.0,0.0,,0.0
2024_10,2024,10,09-168-00865,329413,0,0.0,0.0,,0.0
2024_10,2024,10,09-200-01005,1474789,0,0.0,0.0,,0.0
2024_10,2024,10,09-177-00902,260579,0,0.0,0.0,,0.0
2024_10,2024,10,09-185-00940,106837,568,0.0053165101977779,0.0018252103671948,0.3433098591549295,195.0
2024_10,2024,10,09-190-00960,177168,6943,0.0391887925584755,0.011690880971733,0.2983220509866052,2071.25
2024_10,2024,10,09-156-00814,462391,0,0.0,0.0,,0.0
2024_10,2024,10,09-191-00965,410177,5148,0.0125506793408699,0.0034558251681591,0.2753496503496503,1417.5
2024_10,2024,10,09-149-00781,328046,0,0.0,0.0,,0.0
2024_10,2024,10,09-188-00949,155805,33468,0.2148069702512756,0.1192821154648438,0.5552990916696546,18584.75
2024_10,2024,10,09-195-00988,251880,0,0.0,0.0,,0.0
2024_10,2024,10,09-190-00962,217454,389,0.0017888840858296,0.0004472210214574,0.25,97.25
2024_10,2024,10,09-158-00829,298492,0,0.0,0.0,,0.0
2024_10,2024,10,09-754-00721,406625,0,0.0,0.0,,0.0
2024_10,2024,10,09-155-00813,650968,0,0.0,0.0,,0.0
2024_10,2024,10,09-138-00732,272541,0,0.0,0.0,,0.0
2024_10,2024,10,09-168-00866,394948,0,0.0,0.0,,0.0
2024_10,2024,10,09-155-00809,439582,0,0.0,0.0,,0.0
2024_10,2024,10,09-142-00750,250168,0,0.0,0.0,,0.0
2024_10,2024,10,09-184-00932,234600,23625,0.1007033248081841,0.0267348678601875,0.2654814814814815,6272.0
2024_10,2024,10,09-197-00996,373044,0,0.0,0.0,,0.0
2024_10,2024,10,09-195-00991,317767,2165,0.0068131681389193,0.0017032920347298,0.25,541.25
2024_10,2024,10,09-187-00945,313718,0,0.0,0.0,,0.0
2024_10,2024,10,09-135-00720,254144,0,0.0,0.0,,0.0
2024_10,2024,10,09-136-00725,222934,0,0.0,0.0,,0.0
2024_10,2024,10,09-161-00840,228773,0,0.0,0.0,,0.0
2024_10,2024,10,09-132-00704,257380,0,0.0,0.0,,0.0
2024_10,2024,10,09-161-00838,292983,0,0.0,0.0,,0.0
2024_10,2024,10,09-159-00832,400347,0,0.0,0.0,,0.0
2024_10,2024,10,09-146-00769,281161,0,0.0,0.0,,0.0
2024_10,2024,10,09-147-00772,204623,0,0.0,0.0,,0.0
2024_10,2024,10,09-705-00741,213900,0,0.0,0.0,,0.0
2024_10,2024,10,09-140-00739,209876,0,0.0,0.0,,0.0
2024_10,2024,10,09-705-00740,297471,0,0.0,0.0,,0.0
2024_10,2024,10,09-144-00759,215757,0,0.0,0.0,,0.0
2024_10,2024,10,09-181-00924,271108,0,0.0,0.0,,0.0
2024_10,2024,10,09-152-00796,427590,0,0.0,0.0,,0.0
2024_10,2024,10,09-147-00773,372557,0,0.0,0.0,,0.0
2024_10,2024,10,09-161-00836,127717,0,0.0,0.0,,0.0
2024_10,2024,10,09-704-00706,301739,0,0.0,0.0,,0.0
2024_10,2024,10,09-146-00763,204,0,0.0,0.0,,0.0
2024_10,2024,10,09-136-00728,183511,0,0.0,0.0,,0.0
2024_10,2024,10,09-140-00738,207515,0,0.0,0.0,,0.0
2024_10,2024,10,09-135-00719,354336,0,0.0,0.0,,0.0
2024_10,2024,10,09-132-00703,401527,0,0.0,0.0,,0.0
2024_10,2024,10,09-152-00793,580285,0,0.0,0.0,,0.0
2024_10,2024,10,09-136-00726,150547,0,0.0,0.0,,0.0
2024_10,2024,10,09-132-00705,219439,0,0.0,0.0,,0.0
2024_10,2024,10,09-144-00760,211102,0,0.0,0.0,,0.0
2024_10,2024,10,09-132-00702,366805,0,0.0,0.0,,0.0
2024_10,2024,10,09-136-00724,143308,0,0.0,0.0,,0.0
2024_10,2024,10,09-135-00717,254438,0,0.0,0.0,,0.0
2024_10,2024,10,09-152-00794,488045,0,0.0,0.0,,0.0
2024_10,2024,10,09-147-00771,175151,0,0.0,0.0,,0.0
2024_10,2024,10,09-185-00939,386079,7045,0.0182475607323889,0.0073870891708691,0.4048261178140525,2852.0
2024_10,2024,10,09-198-00997,156799,0,0.0,0.0,,0.0
2024_10,2024,10,09-185-00937,194814,3932,0.0201833543790487,0.0076252220066319,0.3777975584944049,1485.5
2024_10,2024,10,09-190-00963,160556,0,0.0,0.0,,0.0
2024_10,2024,10,09-163-00846,294793,0,0.0,0.0,,0.0
2024_10,2024,10,09-148-00777,534222,0,0.0,0.0,,0.0
2024_10,2024,10,09-162-00841,500362,0,0.0,0.0,,0.0
2024_10,2024,10,09-156-00818,279219,0,0.0,0.0,,0.0
2024_10,2024,10,09-134-00713,386244,0,0.0,0.0,,0.0
2024_10,2024,10,09-177-00906,250854,0,0.0,0.0,,0.0
2024_10,2024,10,09-155-00812,429043,0,0.0,0.0,,0.0
2024_10,2024,10,09-164-00848,370811,0,0.0,0.0,,0.0
2024_10,2024,10,09-149-00780,163959,0,0.0,0.0,,0.0
2024_10,2024,10,09-172-00877,578515,0,0.0,0.0,,0.0
2024_10,2024,10,09-149-00779,424312,0,0.0,0.0,,0.0
2024_10,2024,10,09-133-00709,239561,0,0.0,0.0,,0.0
2024_10,2024,10,09-142-00746,268384,0,0.0,0.0,,0.0
2024_10,2024,10,09-191-00964,196858,326,0.0016560160115413,0.0004140040028853,0.25,81.5
2024_10,2024,10,09-188-00948,162682,12934,0.0795048007769759,0.0407989205935506,0.5131629812896242,6637.25
2024_10,2024,10,09-174-00887,222864,0,0.0,0.0,,0.0
2024_10,2024,10,09-196-00994,546376,0,0.0,0.0,,0.0
2024_10,2024,10,09-196-00993,289783,3,1.0352574167566765e-05,2.588143541891691e-06,0.25,0.75
2024_10,2024,10,09-754-00722,288905,0,0.0,0.0,,0.0
2024_10,2024,10,09-134-00716,369671,0,0.0,0.0,,0.0
2024_10,2024,10,09-169-00869,361592,0,0.0,0.0,,0.0
2024_10,2024,10,09-188-00951,166741,9882,0.0592655675568696,0.0272803329714947,0.4603066180935033,4548.75
2024_10,2024,10,09-145-00761,479404,0,0.0,0.0,,0.0
2024_10,2024,10,09-160-00833,392874,0,0.0,0.0,,0.0
2024_10,2024,10,09-199-01003,461086,0,0.0,0.0,,0.0
2024_10,2024,10,09-183-00929,463344,0,0.0,0.0,,0.0
2024_10,2024,10,09-141-00742,220757,0,0.0,0.0,,0.0
2024_10,2024,10,09-158-00827,191397,0,0.0,0.0,,0.0
2024_10,2024,10,09-149-00783,492792,0,0.0,0.0,,0.0
2024_10,2024,10,09-190-00959,415288,198,0.0004767775615958,0.0001191943903989,0.25,49.5
2024_10,2024,10,09-163-00844,203413,0,0.0,0.0,,0.0
2024_10,2024,10,09-134-00715,382484,0,0.0,0.0,,0.0
2024_10,2024,10,09-134-00715,382484,0,0.0,0.0,,0.0
2024_10,2024,10,09-137-00729,307474,0,0.0,0.0,,0.0
2024_10,2024,10,09-153-00802,512014,0,0.0,0.0,,0.0
2024_10,2024,10,09-142-00749,242401,0,0.0,0.0,,0.0
2024_10,2024,10,09-184-00936,228406,3874,0.0169610255422361,0.004880563557875,0.287751677852349,1114.75
2024_10,2024,10,09-200-01006,1184003,0,0.0,0.0,,0.0
2024_10,2024,10,09-201-01008,564254,0,0.0,0.0,,0.0
2024_10,2024,10,09-177-00905,219626,0,0.0,0.0,,0.0
2024_10,2024,10,09-150-00789,293976,0,0.0,0.0,,0.0
2024_10,2024,10,09-176-00896,331038,0,0.0,0.0,,0.0
2024_10,2024,10,09-172-00878,731611,0,0.0,0.0,,0.0
2024_10,2024,10,09-166-00857,468438,0,0.0,0.0,,0.0
2024_10,2024,10,09-706-00913,263012,0,0.0,0.0,,0.0
2024_10,2024,10,09-141-00743,238619,0,0.0,0.0,,0.0
2024_10,2024,10,09-195-00989,302426,1771,0.0058559779913102,0.0014639944978275,0.25,442.75
2024_10,2024,10,09-186-00943,260659,3273,0.0125566352974575,0.0046296118683797,0.3686984417965169,1206.75
2024_10,2024,10,09-200-01004,379547,0,0.0,0.0,,0.0
2024_10,2024,10,09-164-00850,495630,0,0.0,0.0,,0.0
2024_10,2024,10,09-198-00998,178466,0,0.0,0.0,,0.0
2024_10,2024,10,09-175-00893,333942,0,0.0,0.0,,0.0
2024_10,2024,10,09-176-00901,340198,0,0.0,0.0,,0.0
2024_10,2024,10,09-168-00864,478043,0,0.0,0.0,,0.0
2024_10,2024,10,09-155-00811,716885,0,0.0,0.0,,0.0
2024_10,2024,10,09-185-00938,565747,3490,0.006168835186046,0.002330988940286,0.377865329512894,1318.75
2024_10,2024,10,09-156-00815,503635,0,0.0,0.0,,0.0
2024_10,2024,10,09-137-00731,389674,0,0.0,0.0,,0.0
2024_10,2024,10,09-189-00956,345746,1519,0.0043933986221098,0.0010990727296917,0.250164581961817,380.0
2024_10,2024,10,09-184-00935,264747,12872,0.0486200032483843,0.0163958420680876,0.3372242075823493,4340.75
2024_10,2024,10,09-179-00916,233484,0,0.0,0.0,,0.0
2024_10,2024,10,09-195-00987,245762,0,0.0,0.0,,0.0
2024_10,2024,10,09-178-00909,227386,0,0.0,0.0,,0.0
2024_10,2024,10,09-165-00852,305100,0,0.0,0.0,,0.0
2024_10,2024,10,09-201-01009,238336,0,0.0,0.0,,0.0
2024_10,2024,10,09-133-00711,340025,0,0.0,0.0,,0.0
2024_10,2024,10,09-194-00984,316740,0,0.0,0.0,,0.0
2024_10,2024,10,09-141-00744,185943,0,0.0,0.0,,0.0
2024_10,2024,10,09-166-00860,527344,0,0.0,0.0,,0.0
2024_10,2024,10,09-179-00918,276522,1,3.61634878960806e-06,9.040871974020152e-07,0.25,0.25
2024_10,2024,10,09-180-00922,452765,0,0.0,0.0,,0.0
2024_10,2024,10,09-165-00853,559929,0,0.0,0.0,,0.0
2024_10,2024,10,09-199-01001,596718,0,0.0,0.0,,0.0
2024_10,2024,10,09-173-00880,152240,0,0.0,0.0,,0.0
2024_10,2024,10,09-158-00826,319635,0,0.0,0.0,,0.0
2024_10,2024,10,09-167-00862,811300,0,0.0,0.0,,0.0
2024_10,2024,10,09-179-00917,245396,0,0.0,0.0,,0.0
2024_10,2024,10,09-157-00821,421688,0,0.0,0.0,,0.0
2024_10,2024,10,09-194-00983,361483,0,0.0,0.0,,0.0
2024_10,2024,10,09-165-00851,370466,0,0.0,0.0,,0.0
2024_10,2024,10,09-192-00972,210693,6920,0.0328439957663519,0.0087069812475972,0.2651011560693642,1834.5
2024_10,2024,10,09-145-00763,214986,0,0.0,0.0,,0.0
2024_10,2024,10,09-158-00823,323632,0,0.0,0.0,,0.0
2024_10,2024,10,09-187-00947,492064,3073,0.0062451225856799,0.0020414011185536,0.326879271070615,1004.5
2024_10,2024,10,09-180-00920,407001,0,0.0,0.0,,0.0
2024_10,2024,10,09-169-00870,547910,0,0.0,0.0,,0.0
2024_10,2024,10,09-148-00775,454824,0,0.0,0.0,,0.0
2024_10,2024,10,09-157-00819,214525,0,0.0,0.0,,0.0
2024_10,2024,10,09-174-00886,309590,0,0.0,0.0,,0.0
2024_10,2024,10,09-183-00931,325656,572,0.001756454663817,0.0005343061389932,0.3041958041958042,174.0
2024_10,2024,10,09-194-00985,337075,0,0.0,0.0,,0.0
2024_10,2024,10,09-199-01002,383497,0,0.0,0.0,,0.0
2024_10,2024,10,09-145-00762,331571,0,0.0,0.0,,0.0
2024_10,2024,10,09-145-00764,488110,0,0.0,0.0,,0.0
2024_10,2024,10,09-171-00876,364207,0,0.0,0.0,,0.0
2024_10,2024,10,09-192-00973,231936,0,0.0,0.0,,0.0
2024_10,2024,10,09-168-00867,534892,0,0.0,0.0,,0.0
2024_10,2024,10,09-166-00859,493707,0,0.0,0.0,,0.0
2024_10,2024,10,09-138-00733,485945,0,0.0,0.0,,0.0
2024_10,2024,10,09-138-00734,432203,0,0.0,0.0,,0.0
2024_10,2024,10,09-186-00941,214723,13440,0.0625922700409364,0.0267065009337611,0.4266741071428571,5734.5
2024_10,2024,10,09-191-00970,181503,1822,0.01003840156912,0.00250960039228,0.25,455.5
2024_10,2024,10,09-175-00894,374485,0,0.0,0.0,,0.0
2024_10,2024,10,09-177-00903,281962,0,0.0,0.0,,0.0
2024_10,2024,10,09-150-00785,239726,0,0.0,0.0,,0.0
2024_10,2024,10,09-199-01000,515914,0,0.0,0.0,,0.0
2024_10,2024,10,09-157-00822,314022,0,0.0,0.0,,0.0
2024_10,2024,10,09-134-00715,244927,0,0.0,0.0,,0.0
2024_10,2024,10,09-134-00715,244927,0,0.0,0.0,,0.0
2024_10,2024,10,09-178-00910,261862,0,0.0,0.0,,0.0
2024_10,2024,10,09-163-00845,376560,0,0.0,0.0,,0.0
2024_10,2024,10,09-178-00908,201134,129,0.00064136346913,0.0001603408672825,0.25,32.25
2024_10,2024,10,09-201-01007,294612,0,0.0,0.0,,0.0
2024_10,2024,10,09-153-00800,602599,0,0.0,0.0,,0.0
2024_10,2024,10,09-166-00856,352698,0,0.0,0.0,,0.0
2024_10,2024,10,09-192-00974,175773,116,0.0006599420843929,0.0001649855210982,0.25,29.0
2024_10,2024,10,09-195-00990,388183,573,0.0014761079181726,0.0003690269795431,0.25,143.25
2024_10,2024,10,09-706-00912,254493,0,0.0,0.0,,0.0
2024_10,2024,10,09-179-06868,99300,0,0.0,0.0,,0.0
2024_10,2024,10,09-133-00708,481254,0,0.0,0.0,,0.0
2024_10,2024,10,09-134-00714,322143,0,0.0,0.0,,0.0
2024_10,2024,10,09-134-00712,415034,0,0.0,0.0,,0.0
2024_10,2024,10,09-180-00919,1011741,2,1.9767905027077087e-06,4.941976256769272e-07,0.25,0.5
2024_10,2024,10,09-170-00874,342800,0,0.0,0.0,,0.0
2024_10,2024,10,09-184-00933,291221,46736,0.1604829322061252,0.0616688013570449,0.3842701557685724,17959.25
2024_10,2024,10,09-187-00944,298977,2196,0.0073450466089364,0.0024859771821912,0.3384562841530054,743.25
2024_10,2024,10,09-150-00788,262215,0,0.0,0.0,,0.0
2024_10,2024,10,09-175-00890,135635,1,7.37272827809931e-06,1.8431820695248276e-06,0.25,0.25
2024_10,2024,10,09-706-00914,268793,0,0.0,0.0,,0.0
2024_10,2024,10,09-137-00730,292765,0,0.0,0.0,,0.0
2024_10,2024,10,09-142-00748,150890,0,0.0,0.0,,0.0
2024_10,2024,10,09-150-00786,368451,0,0.0,0.0,,0.0
2024_10,2024,10,09-170-00873,339219,0,0.0,0.0,,0.0
2024_10,2024,10,09-198-00999,115901,0,0.0,0.0,,0.0
2024_10,2024,10,09-162-00842,406694,0,0.0,0.0,,0.0
2024_10,2024,10,09-191-00966,269074,955,0.0035492095111381,0.0008873023777845,0.25,238.75
2024_10,2024,10,09-170-00872,579285,0,0.0,0.0,,0.0
2024_10,2024,10,09-149-00782,527449,0,0.0,0.0,,0.0
2024_10,2024,10,09-194-00982,205060,0,0.0,0.0,,0.0
2024_10,2024,10,09-150-00784,384386,0,0.0,0.0,,0.0
2024_10,2024,10,09-180-00921,372294,0,0.0,0.0,,0.0
2024_10,2024,10,09-176-00898,413974,0,0.0,0.0,,0.0
2024_10,2024,10,09-153-00797,394078,0,0.0,0.0,,0.0
2024_10,2024,10,09-191-00967,226329,432,0.0019087257929827,0.0004771814482456,0.25,108.0
2024_10,2024,10,09-189-01020,452164,0,0.0,0.0,,0.0
2024_10,2024,10,09-193-00980,148532,6922,0.0466027522688713,0.0116506880672178,0.25,1730.5
2024_10,2024,10,09-157-00820,188559,0,0.0,0.0,,0.0
2024_10,2024,10,09-193-00978,359703,5648,0.015701842909289,0.0039254607273222,0.25,1412.0
2024_10,2024,10,09-182-00925,485482,2392,0.0049270621773824,0.0019372499907308,0.3931856187290969,940.5
2024_10,2024,10,09-170-00871,719959,0,0.0,0.0,,0.0
2024_10,2024,10,09-193-00979,247294,5918,0.0239310294629065,0.0059827573657266,0.25,1479.5
2024_10,2024,10,09-188-00952,177713,37623,0.2117065155616077,0.1500087219280525,0.7085692262711639,26658.5
2024_10,2024,10,09-184-00934,289370,16804,0.0580709817880222,0.0257715036112935,0.4437931444894072,7457.5
2024_10,2024,10,09-175-00891,330339,0,0.0,0.0,,0.0
2024_10,2024,10,09-150-00787,332909,0,0.0,0.0,,0.0
2024_10,2024,10,09-190-00961,167415,6284,0.0375354657587432,0.0111564077292954,0.2972231063017186,1867.75
2024_10,2024,10,09-193-00975,163355,1538,0.009415077591748,0.002353769397937,0.25,384.5
2024_10,2024,10,09-192-00971,157492,562,0.0035684352221065,0.0008921088055266,0.25,140.5
2024_10,2024,10,09-188-00954,227200,24513,0.1078917253521126,0.0420895686619718,0.3901093297434014,9562.75
2024_10,2024,10,09-153-00799,600756,0,0.0,0.0,,0.0
2024_10,2024,10,09-183-00928,527456,1,1.8958927379724564e-06,4.739731844931141e-07,0.25,0.25
2024_10,2024,10,09-188-00950,378900,41267,0.10891264185801,0.0581400105568751,0.5338224246977004,22029.25
2024_10,2024,10,09-754-00778,413294,0,0.0,0.0,,0.0
2024_10,2024,10,09-160-00834,219908,0,0.0,0.0,,0.0
2024_10,2024,10,09-164-00849,478213,0,0.0,0.0,,0.0
2024_10,2024,10,09-153-00798,720203,0,0.0,0.0,,0.0
2024_10,2024,10,09-202-01012,405423,0,0.0,0.0,,0.0
2024_10,2024,10,09-173-00883,338786,0,0.0,0.0,,0.0
2024_10,2024,10,09-187-00946,224671,9237,0.041113450334044,0.0166343230768546,0.4045956479376421,3737.25
2024_10,2024,10,09-191-00968,309591,1,3.2300680575339724e-06,8.075170143834931e-07,0.25,0.25
2024_10,2024,10,09-175-00889,330664,0,0.0,0.0,,0.0
2024_10,2024,10,09-197-00995,308644,0,0.0,0.0,,0.0
2024_10,2024,10,09-173-00882,498630,0,0.0,0.0,,0.0
2024_10,2024,10,09-156-00817,356910,0,0.0,0.0,,0.0
2024_10,2024,10,09-158-00825,434797,0,0.0,0.0,,0.0
2024_10,2024,10,09-176-00897,199909,0,0.0,0.0,,0.0
2024_10,2024,10,09-176-00900,260918,0,0.0,0.0,,0.0
2024_10,2024,10,09-193-00977,237715,2,8.413436257703552e-06,2.103359064425888e-06,0.25,0.5
2024_10,2024,10,09-163-00843,302821,0,0.0,0.0,,0.0
2024_10,2024,10,09-175-00892,261816,0,0.0,0.0,,0.0
2024_10,2024,10,09-148-00776,246935,0,0.0,0.0,,0.0
2024_10,2024,10,09-171-00875,1053260,0,0.0,0.0,,0.0
2024_10,2024,10,09-189-00957,199858,0,0.0,0.0,,0.0
2024_10,2024,10,09-202-01010,278489,0,0.0,0.0,,0.0
2024_10,2024,10,09-172-00879,551167,0,0.0,0.0,,0.0
2024_10,2024,10,09-167-00863,887820,0,0.0,0.0,,0.0
2024_10,2024,10,09-188-00953,227384,12604,0.0554304612461738,0.0331883509833585,0.5987384957156459,7546.5
2024_10,2024,10,09-186-00942,263107,9061,0.034438460398241,0.016157874933012,0.4691811058382077,4251.25
2024_10,2024,10,09-133-00710,201231,0,0.0,0.0,,0.0
2024_10,2024,10,09-142-00751,243375,0,0.0,0.0,,0.0
2024_10,2024,10,09-194-00986,264230,0,0.0,0.0,,0.0
2024_10,2024,10,09-165-00855,391542,0,0.0,0.0,,0.0
2024_10,2024,10,09-175-00895,367474,0,0.0,0.0,,0.0
2024_10,2024,10,09-169-00868,543161,0,0.0,0.0,,0.0
2024_10,2024,10,09-173-00881,477275,0,0.0,0.0,,0.0
2024_10,2024,10,09-153-00801,671058,0,0.0,0.0,,0.0
2024_10,2024,10,09-191-00969,290817,3,1.0315765584542858e-05,2.5789413961357144e-06,0.25,0.75
2024_10,2024,10,09-196-00992,295253,0,0.0,0.0,,0.0
2024_10,2024,10,09-194-00981,314504,0,0.0,0.0,,0.0
2024_10,2024,10,09-142-00745,138357,0,0.0,0.0,,0.0
2024_10,2024,10,09-193-00976,178340,735,0.0041213412582707,0.0010303353145676,0.25,183.75
2024_10,2024,10,09-163-00847,238667,0,0.0,0.0,,0.0
2024_10,2024,10,09-174-00885,264114,0,0.0,0.0,,0.0
2024_10,2024,10,09-176-00899,186307,0,0.0,0.0,,0.0
2024_10,2024,10,09-155-00810,470255,0,0.0,0.0,,0.0
2024_10,2024,10,09-142-00747,311571,0,0.0,0.0,,0.0
2024_10,2024,10,09-177-00904,195264,0,0.0,0.0,,0.0
2024_10,2024,10,09-175-00888,297872,0,0.0,0.0,,0.0
2024_10,2024,10,09-179-00915,343161,0,0.0,0.0,,0.0
2024_10,2024,10,09-166-00858,393596,0,0.0,0.0,,0.0
2024_10,2024,10,09-167-00861,530899,0,0.0,0.0,,0.0
2024_10,2024,10,09-189-00958,296625,0,0.0,0.0,,0.0
2024_10,2024,10,09-178-00907,215692,1,4.63624056525045e-06,1.1590601413126123e-06,0.25,0.25
2024_10,2024,10,09-183-00930,479320,121,0.0002524409580238,6.311023950596679e-05,0.25,30.25
2024_10,2024,10,09-706-00824,300683,0,0.0,0.0,,0.0
2024_10,2024,10,09-160-00835,329400,0,0.0,0.0,,0.0
2024_10,2024,10,09-182-00926,694511,1712,0.0024650437502069,0.0006706157281886,0.2720502336448598,465.75
2024_10,2024,10,09-158-00828,191411,0,0.0,0.0,,0.0
2024_10,2024,10,09-156-00816,450282,0,0.0,0.0,,0.0
2024_10,2024,10,09-165-00854,414211,0,0.0,0.0,,0.0
2024_10,2024,10,09-182-00927,332992,2693,0.0080872813761291,0.0027433091485681,0.3392127738581507,913.5
2024_10,2024,10,09-151-00792,799198,0,0.0,0.0,,0.0
2024_10,2024,10,09-146-00766,245147,0,0.0,0.0,,0.0
2024_10,2024,10,09-159-00831,159959,0,0.0,0.0,,0.0
2024_10,2024,10,09-146-00765,212505,0,0.0,0.0,,0.0
2024_10,2024,10,09-139-00736,185647,0,0.0,0.0,,0.0
2024_10,2024,10,09-146-00770,399729,0,0.0,0.0,,0.0
2024_10,2024,10,09-139-00735,336441,0,0.0,0.0,,0.0
2024_10,2024,10,09-132-00701,475536,0,0.0,0.0,,0.0
2024_10,2024,10,09-161-00839,320874,0,0.0,0.0,,0.0
2024_10,2024,10,09-181-00923,604889,0,0.0,0.0,,0.0
2024_10,2024,10,09-135-00718,30548,0,0.0,0.0,,0.0
2024_10,2024,10,09-159-00830,426482,0,0.0,0.0,,0.0
2024_10,2024,10,09-146-00768,361215,0,0.0,0.0,,0.0
2024_10,2024,10,09-146-00767,325049,0,0.0,0.0,,0.0
2024_10,2024,10,09-161-00837,75946,0,0.0,0.0,,0.0
2024_10,2024,10,09-144-00757,123732,0,0.0,0.0,,0.0
2024_10,2024,10,09-136-00727,196786,0,0.0,0.0,,0.0
2024_10,2024,10,09-152-00795,465633,0,0.0,0.0,,0.0
2024_10,2024,10,09-704-00707,281095,0,0.0,0.0,,0.0
2024_10,2024,10,09-144-00758,256852,0,0.0,0.0,,0.0
2024_10,2024,10,09-147-00774,340107,0,0.0,0.0,,0.0
2024_10,2024,10,09-136-00723,187020,0,0.0,0.0,,0.0
2024_10,2024,10,09-143-00754,410192,0,0.0,0.0,,0.0
2024_10,2024,10,09-151-00791,432129,0,0.0,0.0,,0.0
2024_10,2024,10,09-143-00753,226024,0,0.0,0.0,,0.0
2024_10,2024,10,09-143-00756,249299,0,0.0,0.0,,0.0
2024_10,2024,10,09-143-00752,318265,0,0.0,0.0,,0.0
2024_10,2024,10,09-143-00755,483242,0,0.0,0.0,,0.0
2024_10,2024,10,09-151-00790,488682,0,0.0,0.0,,0.0
2024_10,2024,10,09-154-00806,438084,0,0.0,0.0,,0.0
2024_10,2024,10,09-154-00805,437183,0,0.0,0.0,,0.0
2024_10,2024,10,09-154-00807,364754,0,0.0,0.0,,0.0
2024_10,2024,10,09-154-00803,630238,0,0.0,0.0,,0.0
2024_10,2024,10,09-154-00808,344653,0,0.0,0.0,,0.0
2024_10,2024,10,09-154-00804,384169,0,0.0,0.0,,0.0
2024_10,2024,10,09-139-00737,85364,0,0.0,0.0,,0.0
2024_10,2024,10,09-137-00718,136360,0,0.0,0.0,,0.0
2024_10,2024,10,09-202-01011,205123,0,0.0,0.0,,0.0
2024_10,2024,10,09-178-00911,138083,0,0.0,0.0,,0.0
2024_10,2024,10,09-173-00884,190238,0,0.0,0.0,,0.0
2025_06,2025,6,09-168-00865,329409,0,0.0,,,
2025_06,2025,6,09-200-01005,1474789,0,0.0,,,
2025_06,2025,6,09-177-00902,260560,0,0.0,,,
2025_06,2025,6,09-185-00940,106788,0,0.0,,,
2025_06,2025,6,09-190-00960,177183,0,0.0,,,
2025_06,2025,6,09-156-00814,462378,0,0.0,,,
2025_06,2025,6,09-191-00965,410171,0,0.0,,,
2025_06,2025,6,09-149-00781,328089,0,0.0,,,
2025_06,2025,6,09-188-00949,155796,0,0.0,,,
2025_06,2025,6,09-195-00988,251884,0,0.0,,,
2025_06,2025,6,09-190-00962,217471,0,0.0,,,
2025_06,2025,6,09-158-00829,298521,0,0.0,,,
2025_06,2025,6,09-754-00721,406656,0,0.0,,,
2025_06,2025,6,09-155-00813,650969,0,0.0,,,
2025_06,2025,6,09-138-00732,272518,0,0.0,,,
2025_06,2025,6,09-168-00866,394983,0,0.0,,,
2025_06,2025,6,09-155-00809,439546,0,0.0,,,
2025_06,2025,6,09-142-00750,250168,0,0.0,,,
2025_06,2025,6,09-184-00932,234615,0,0.0,,,
2025_06,2025,6,09-197-00996,372999,0,0.0,,,
2025_06,2025,6,09-195-00991,317726,0,0.0,,,
2025_06,2025,6,09-187-00945,313730,0,0.0,,,
2025_06,2025,6,09-135-00720,254135,0,0.0,,,
2025_06,2025,6,09-136-00725,222926,0,0.0,,,
2025_06,2025,6,09-161-00840,228778,0,0.0,,,
2025_06,2025,6,09-132-00704,257364,0,0.0,,,
2025_06,2025,6,09-161-00838,292963,0,0.0,,,
2025_06,2025,6,09-159-00832,400340,0,0.0,,,
2025_06,2025,6,09-146-00769,281210,0,0.0,,,
2025_06,2025,6,09-147-00772,204618,0,0.0,,,
2025_06,2025,6,09-705-00741,213932,0,0.0,,,
2025_06,2025,6,09-140-00739,209858,0,0.0,,,
2025_06,2025,6,09-705-00740,297481,0,0.0,,,
2025_06,2025,6,09-144-00759,215803,0,0.0,,,
2025_06,2025,6,09-181-00924,271098,0,0.0,,,
2025_06,2025,6,09-152-00796,427625,0,0.0,,,
2025_06,2025,6,09-147-00773,372577,0,0.0,,,
2025_06,2025,6,09-161-00836,127715,0,0.0,,,
2025_06,2025,6,09-704-00706,301721,0,0.0,,,
2025_06,2025,6,09-146-00763,199,0,0.0,,,
2025_06,2025,6,09-136-00728,183534,0,0.0,,,
2025_06,2025,6,09-140-00738,207551,0,0.0,,,
2025_06,2025,6,09-135-00719,354358,0,0.0,,,
2025_06,2025,6,09-132-00703,401547,0,0.0,,,
2025_06,2025,6,09-152-00793,580292,0,0.0,,,
2025_06,2025,6,09-136-00726,150557,0,0.0,,,
2025_06,2025,6,09-132-00705,219431,0,0.0,,,
2025_06,2025,6,09-144-00760,211092,0,0.0,,,
2025_06,2025,6,09-132-00702,366795,0,0.0,,,
2025_06,2025,6,09-136-00724,143312,0,0.0,,,
2025_06,2025,6,09-135-00717,254457,0,0.0,,,
2025_06,2025,6,09-152-00794,488039,0,0.0,,,
2025_06,2025,6,09-147-00771,175143,0,0.0,,,
2025_06,2025,6,09-185-00939,386073,0,0.0,,,
2025_06,2025,6,09-198-00997,156813,0,0.0,,,
2025_06,2025,6,09-185-00937,194879,0,0.0,,,
2025_06,2025,6,09-190-00963,160535,0,0.0,,,
2025_06,2025,6,09-163-00846,294823,0,0.0,,,
2025_06,2025,6,09-148-00777,534212,0,0.0,,,
2025_06,2025,6,09-162-00841,500381,0,0.0,,,
2025_06,2025,6,09-156-00818,279205,0,0.0,,,
2025_06,2025,6,09-134-00713,386218,0,0.0,,,
2025_06,2025,6,09-177-00906,250861,0,0.0,,,
2025_06,2025,6,09-155-00812,428994,0,0.0,,,
2025_06,2025,6,09-164-00848,370845,0,0.0,,,
2025_06,2025,6,09-149-00780,163993,0,0.0,,,
2025_06,2025,6,09-172-00877,578517,0,0.0,,,
2025_06,2025,6,09-149-00779,424284,0,0.0,,,
2025_06,2025,6,09-133-00709,239565,0,0.0,,,
2025_06,2025,6,09-142-00746,268412,0,0.0,,,
2025_06,2025,6,09-191-00964,196863,0,0.0,,,
2025_06,2025,6,09-188-00948,162644,0,0.0,,,
2025_06,2025,6,09-174-00887,222814,0,0.0,,,
2025_06,2025,6,09-196-00994,546328,0,0.0,,,
2025_06,2025,6,09-196-00993,289803,0,0.0,,,
2025_06,2025,6,09-754-00722,288878,0,0.0,,,
2025_06,2025,6,09-134-00716,369658,0,0.0,,,
2025_06,2025,6,09-169-00869,361582,0,0.0,,,
2025_06,2025,6,09-188-00951,166724,0,0.0,,,
2025_06,2025,6,09-145-00761,479400,0,0.0,,,
2025_06,2025,6,09-160-00833,392904,0,0.0,,,
2025_06,2025,6,09-199-01003,461145,0,0.0,,,
2025_06,2025,6,09-183-00929,463353,0,0.0,,,
2025_06,2025,6,09-141-00742,220753,0,0.0,,,
2025_06,2025,6,09-158-00827,191348,0,0.0,,,
2025_06,2025,6,09-149-00783,492819,0,0.0,,,
2025_06,2025,6,09-190-00959,415303,0,0.0,,,
2025_06,2025,6,09-163-00844,203374,0,0.0,,,
2025_06,2025,6,09-134-00715,382500,0,0.0,,,
2025_06,2025,6,09-134-00715,382500,0,0.0,,,
2025_06,2025,6,09-137-00729,307501,0,0.0,,,
2025_06,2025,6,09-153-00802,512005,0,0.0,,,
2025_06,2025,6,09-142-00749,242421,0,0.0,,,
2025_06,2025,6,09-184-00936,228359,0,0.0,,,
2025_06,2025,6,09-200-01006,1183994,0,0.0,,,
2025_06,2025,6,09-201-01008,564223,0,0.0,,,
2025_06,2025,6,09-177-00905,219661,0,0.0,,,
2025_06,2025,6,09-150-00789,293993,0,0.0,,,
2025_06,2025,6,09-176-00896,330976,0,0.0,,,
2025_06,2025,6,09-172-00878,731630,0,0.0,,,
2025_06,2025,6,09-166-00857,468460,0,0.0,,,
2025_06,2025,6,09-706-00913,262956,0,0.0,,,
2025_06,2025,6,09-141-00743,238601,0,0.0,,,
2025_06,2025,6,09-195-00989,302424,0,0.0,,,
2025_06,2025,6,09-186-00943,260717,0,0.0,,,
2025_06,2025,6,09-200-01004,379548,0,0.0,,,
2025_06,2025,6,09-164-00850,495645,0,0.0,,,
2025_06,2025,6,09-198-00998,178476,0,0.0,,,
2025_06,2025,6,09-175-00893,333972,0,0.0,,,
2025_06,2025,6,09-176-00901,340169,0,0.0,,,
2025_06,2025,6,09-168-00864,478019,0,0.0,,,
2025_06,2025,6,09-155-00811,716919,0,0.0,,,
2025_06,2025,6,09-185-00938,565742,0,0.0,,,
2025_06,2025,6,09-156-00815,503637,0,0.0,,,
2025_06,2025,6,09-137-00731,389671,0,0.0,,,
2025_06,2025,6,09-189-00956,345697,0,0.0,,,
2025_06,2025,6,09-184-00935,264790,0,0.0,,,
2025_06,2025,6,09-179-00916,233482,0,0.0,,,
2025_06,2025,6,09-195-00987,245764,0,0.0,,,
2025_06,2025,6,09-178-00909,227401,0,0.0,,,
2025_06,2025,6,09-165-00852,305089,0,0.0,,,
2025_06,2025,6,09-201-01009,238365,0,0.0,,,
2025_06,2025,6,09-133-00711,340024,0,0.0,,,
2025_06,2025,6,09-194-00984,316728,0,0.0,,,
2025_06,2025,6,09-141-00744,185980,0,0.0,,,
2025_06,2025,6,09-166-00860,527320,0,0.0,,,
2025_06,2025,6,09-179-00918,276506,0,0.0,,,
2025_06,2025,6,09-180-00922,452797,0,0.0,,,
2025_06,2025,6,09-165-00853,559873,0,0.0,,,
2025_06,2025,6,09-199-01001,596749,0,0.0,,,
2025_06,2025,6,09-173-00880,152235,0,0.0,,,
2025_06,2025,6,09-158-00826,319672,0,0.0,,,
2025_06,2025,6,09-167-00862,811287,0,0.0,,,
2025_06,2025,6,09-179-00917,245416,0,0.0,,,
2025_06,2025,6,09-157-00821,421733,0,0.0,,,
2025_06,2025,6,09-194-00983,361502,0,0.0,,,
2025_06,2025,6,09-165-00851,370428,0,0.0,,,
2025_06,2025,6,09-192-00972,210678,0,0.0,,,
2025_06,2025,6,09-145-00763,214953,0,0.0,,,
2025_06,2025,6,09-158-00823,323589,0,0.0,,,
2025_06,2025,6,09-187-00947,492106,0,0.0,,,
2025_06,2025,6,09-180-00920,406994,0,0.0,,,
2025_06,2025,6,09-169-00870,547951,0,0.0,,,
2025_06,2025,6,09-148-00775,454838,0,0.0,,,
2025_06,2025,6,09-157-00819,214507,0,0.0,,,
2025_06,2025,6,09-174-00886,309606,0,0.0,,,
2025_06,2025,6,09-183-00931,325615,0,0.0,,,
2025_06,2025,6,09-194-00985,337099,0,0.0,,,
2025_06,2025,6,09-199-01002,383425,0,0.0,,,
2025_06,2025,6,09-145-00762,331564,0,0.0,,,
2025_06,2025,6,09-145-00764,488123,0,0.0,,,
2025_06,2025,6,09-171-00876,364219,0,0.0,,,
2025_06,2025,6,09-192-00973,231942,0,0.0,,,
2025_06,2025,6,09-168-00867,534912,0,0.0,,,
2025_06,2025,6,09-166-00859,493674,0,0.0,,,
2025_06,2025,6,09-138-00733,485926,0,0.0,,,
2025_06,2025,6,09-138-00734,432175,0,0.0,,,
2025_06,2025,6,09-186-00941,214700,0,0.0,,,
2025_06,2025,6,09-191-00970,181532,0,0.0,,,
2025_06,2025,6,09-175-00894,374531,0,0.0,,,
2025_06,2025,6,09-177-00903,281943,0,0.0,,,
2025_06,2025,6,09-150-00785,239753,0,0.0,,,
2025_06,2025,6,09-199-01000,515897,0,0.0,,,
2025_06,2025,6,09-157-00822,314007,0,0.0,,,
2025_06,2025,6,09-134-00715,244952,0,0.0,,,
2025_06,2025,6,09-134-00715,244952,0,0.0,,,
2025_06,2025,6,09-178-00910,261894,0,0.0,,,
2025_06,2025,6,09-163-00845,376537,0,0.0,,,
2025_06,2025,6,09-178-00908,201138,0,0.0,,,
2025_06,2025,6,09-201-01007,294623,0,0.0,,,
2025_06,2025,6,09-153-00800,602574,0,0.0,,,
2025_06,2025,6,09-166-00856,352663,0,0.0,,,
2025_06,2025,6,09-192-00974,175769,0,0.0,,,
2025_06,2025,6,09-195-00990,388195,0,0.0,,,
2025_06,2025,6,09-706-00912,254521,0,0.0,,,
2025_06,2025,6,09-179-06868,99312,0,0.0,,,
2025_06,2025,6,09-133-00708,481240,0,0.0,,,
2025_06,2025,6,09-134-00714,322116,0,0.0,,,
2025_06,2025,6,09-134-00712,415065,0,0.0,,,
2025_06,2025,6,09-180-00919,1011787,0,0.0,,,
2025_06,2025,6,09-170-00874,342809,0,0.0,,,
2025_06,2025,6,09-184-00933,291228,0,0.0,,,
2025_06,2025,6,09-187-00944,299009,0,0.0,,,
2025_06,2025,6,09-150-00788,262238,0,0.0,,,
2025_06,2025,6,09-175-00890,135649,0,0.0,,,
2025_06,2025,6,09-706-00914,268820,0,0.0,,,
2025_06,2025,6,09-137-00730,292776,0,0.0,,,
2025_06,2025,6,09-142-00748,150889,0,0.0,,,
2025_06,2025,6,09-150-00786,368437,0,0.0,,,
2025_06,2025,6,09-170-00873,339190,0,0.0,,,
2025_06,2025,6,09-198-00999,115893,0,0.0,,,
2025_06,2025,6,09-162-00842,406666,0,0.0,,,
2025_06,2025,6,09-191-00966,269101,0,0.0,,,
2025_06,2025,6,09-170-00872,579264,0,0.0,,,
2025_06,2025,6,09-149-00782,527418,0,0.0,,,
2025_06,2025,6,09-194-00982,205009,0,0.0,,,
2025_06,2025,6,09-150-00784,384371,0,0.0,,,
2025_06,2025,6,09-180-00921,372251,0,0.0,,,
2025_06,2025,6,09-176-00898,414018,0,0.0,,,
2025_06,2025,6,09-153-00797,394072,0,0.0,,,
2025_06,2025,6,09-191-00967,226329,0,0.0,,,
2025_06,2025,6,09-189-01020,452136,0,0.0,,,
2025_06,2025,6,09-193-00980,148746,0,0.0,,,
2025_06,2025,6,09-157-00820,188558,0,0.0,,,
2025_06,2025,6,09-193-00978,359646,0,0.0,,,
2025_06,2025,6,09-182-00925,485524,0,0.0,,,
2025_06,2025,6,09-170-00871,719946,0,0.0,,,
2025_06,2025,6,09-193-00979,247279,0,0.0,,,
2025_06,2025,6,09-188-00952,177673,0,0.0,,,
2025_06,2025,6,09-184-00934,289374,0,0.0,,,
2025_06,2025,6,09-175-00891,330326,0,0.0,,,
2025_06,2025,6,09-150-00787,332862,0,0.0,,,
2025_06,2025,6,09-190-00961,167353,0,0.0,,,
2025_06,2025,6,09-193-00975,163352,0,0.0,,,
2025_06,2025,6,09-192-00971,157477,0,0.0,,,
2025_06,2025,6,09-188-00954,227243,0,0.0,,,
2025_06,2025,6,09-153-00799,600743,0,0.0,,,
2025_06,2025,6,09-183-00928,527486,0,0.0,,,
2025_06,2025,6,09-188-00950,378922,0,0.0,,,
2025_06,2025,6,09-754-00778,413257,0,0.0,,,
2025_06,2025,6,09-160-00834,219877,0,0.0,,,
2025_06,2025,6,09-164-00849,478232,0,0.0,,,
2025_06,2025,6,09-153-00798,720193,0,0.0,,,
2025_06,2025,6,09-202-01012,405433,0,0.0,,,
2025_06,2025,6,09-173-00883,338759,0,0.0,,,
2025_06,2025,6,09-187-00946,224683,0,0.0,,,
2025_06,2025,6,09-191-00968,309560,0,0.0,,,
2025_06,2025,6,09-175-00889,330670,0,0.0,,,
2025_06,2025,6,09-197-00995,308697,0,0.0,,,
2025_06,2025,6,09-173-00882,498634,0,0.0,,,
2025_06,2025,6,09-156-00817,356893,0,0.0,,,
2025_06,2025,6,09-158-00825,434825,0,0.0,,,
2025_06,2025,6,09-176-00897,199939,0,0.0,,,
2025_06,2025,6,09-176-00900,260930,0,0.0,,,
2025_06,2025,6,09-193-00977,237721,0,0.0,,,
2025_06,2025,6,09-163-00843,302791,0,0.0,,,
2025_06,2025,6,09-175-00892,261833,0,0.0,,,
2025_06,2025,6,09-148-00776,246914,0,0.0,,,
2025_06,2025,6,09-171-00875,1053214,0,0.0,,,
2025_06,2025,6,09-189-00957,199870,0,0.0,,,
2025_06,2025,6,09-202-01010,278422,0,0.0,,,
2025_06,2025,6,09-172-00879,551174,0,0.0,,,
2025_06,2025,6,09-167-00863,887814,0,0.0,,,
2025_06,2025,6,09-188-00953,227354,0,0.0,,,
2025_06,2025,6,09-186-00942,263091,0,0.0,,,
2025_06,2025,6,09-133-00710,201225,0,0.0,,,
2025_06,2025,6,09-142-00751,243373,0,0.0,,,
2025_06,2025,6,09-194-00986,264208,0,0.0,,,
2025_06,2025,6,09-165-00855,391550,0,0.0,,,
2025_06,2025,6,09-175-00895,367446,0,0.0,,,
2025_06,2025,6,09-169-00868,543119,0,0.0,,,
2025_06,2025,6,09-173-00881,477272,0,0.0,,,
2025_06,2025,6,09-153-00801,671094,0,0.0,,,
2025_06,2025,6,09-191-00969,290798,0,0.0,,,
2025_06,2025,6,09-196-00992,295182,0,0.0,,,
2025_06,2025,6,09-194-00981,314546,0,0.0,,,
2025_06,2025,6,09-142-00745,138327,0,0.0,,,
2025_06,2025,6,09-193-00976,178392,0,0.0,,,
2025_06,2025,6,09-163-00847,238715,0,0.0,,,
2025_06,2025,6,09-174-00885,264149,0,0.0,,,
2025_06,2025,6,09-176-00899,186270,0,0.0,,,
2025_06,2025,6,09-155-00810,470274,0,0.0,,,
2025_06,2025,6,09-142-00747,311582,0,0.0,,,
2025_06,2025,6,09-177-00904,195294,0,0.0,,,
2025_06,2025,6,09-175-00888,297864,0,0.0,,,
2025_06,2025,6,09-179-00915,343175,0,0.0,,,
2025_06,2025,6,09-166-00858,393596,0,0.0,,,
2025_06,2025,6,09-167-00861,530912,0,0.0,,,
2025_06,2025,6,09-189-00958,296590,0,0.0,,,
2025_06,2025,6,09-178-00907,215664,0,0.0,,,
2025_06,2025,6,09-183-00930,479267,0,0.0,,,
2025_06,2025,6,09-706-00824,300728,0,0.0,,,
2025_06,2025,6,09-160-00835,329395,0,0.0,,,
2025_06,2025,6,09-182-00926,694526,0,0.0,,,
2025_06,2025,6,09-158-00828,191371,0,0.0,,,
2025_06,2025,6,09-156-00816,450298,0,0.0,,,
2025_06,2025,6,09-165-00854,414226,0,0.0,,,
2025_06,2025,6,09-182-00927,332999,0,0.0,,,
2025_06,2025,6,09-151-00792,799241,0,0.0,,,
2025_06,2025,6,09-146-00766,245174,0,0.0,,,
2025_06,2025,6,09-159-00831,159969,0,0.0,,,
2025_06,2025,6,09-146-00765,212478,0,0.0,,,
2025_06,2025,6,09-139-00736,185652,0,0.0,,,
2025_06,2025,6,09-146-00770,399692,0,0.0,,,
2025_06,2025,6,09-139-00735,336453,0,0.0,,,
2025_06,2025,6,09-132-00701,476615,0,0.0,,,
2025_06,2025,6,09-161-00839,320870,0,0.0,,,
2025_06,2025,6,09-181-00923,604855,0,0.0,,,
2025_06,2025,6,09-135-00718,30546,0,0.0,,,
2025_06,2025,6,09-159-00830,426452,0,0.0,,,
2025_06,2025,6,09-146-00768,361202,0,0.0,,,
2025_06,2025,6,09-146-00767,325070,0,0.0,,,
2025_06,2025,6,09-161-00837,75950,0,0.0,,,
2025_06,2025,6,09-144-00757,123699,0,0.0,,,
2025_06,2025,6,09-136-00727,196791,0,0.0,,,
2025_06,2025,6,09-152-00795,465621,0,0.0,,,
2025_06,2025,6,09-704-00707,281117,0,0.0,,,
2025_06,2025,6,09-144-00758,256856,0,0.0,,,
2025_06,2025,6,09-147-00774,340139,0,0.0,,,
2025_06,2025,6,09-136-00723,187005,0,0.0,,,
2025_06,2025,6,09-143-00754,410199,0,0.0,,,
2025_06,2025,6,09-151-00791,432077,0,0.0,,,
2025_06,2025,6,09-143-00753,226064,0,0.0,,,
2025_06,2025,6,09-143-00756,249273,0,0.0,,,
2025_06,2025,6,09-143-00752,318242,0,0.0,,,
2025_06,2025,6,09-143-00755,483210,0,0.0,,,
2025_06,2025,6,09-151-00790,488653,0,0.0,,,
2025_06,2025,6,09-154-00806,438093,0,0.0,,,
2025_06,2025,6,09-154-00805,437143,0,0.0,,,
2025_06,2025,6,09-154-00807,364753,0,0.0,,,
2025_06,2025,6,09-154-00803,630213,0,0.0,,,
2025_06,2025,6,09-154-00808,344699,0,0.0,,,
2025_06,2025,6,09-154-00804,384210,0,0.0,,,
2025_06,2025,6,09-139-00737,85366,0,0.0,,,
2025_06,2025,6,09-137-00718,136325,0,0.0,,,
2025_06,2025,6,09-202-01011,205131,0,0.0,,,
2025_06,2025,6,09-178-00911,138076,0,0.0,,,
2025_06,2025,6,09-173-00884,190218,0,0.0,,,
2025_07,2025,7,09-168-00865,329409,0,0.0,,,
2025_07,2025,7,09-200-01005,1474789,0,0.0,,,
2025_07,2025,7,09-177-00902,260560,0,0.0,,,
2025_07,2025,7,09-185-00940,106788,0,0.0,,,
2025_07,2025,7,09-190-00960,177183,0,0.0,,,
2025_07,2025,7,09-156-00814,462378,0,0.0,,,
2025_07,2025,7,09-191-00965,410171,0,0.0,,,
2025_07,2025,7,09-149-00781,328089,0,0.0,,,
2025_07,2025,7,09-188-00949,155796,0,0.0,,,
2025_07,2025,7,09-195-00988,251884,0,0.0,,,
2025_07,2025,7,09-190-00962,217471,0,0.0,,,
2025_07,2025,7,09-158-00829,298521,0,0.0,,,
2025_07,2025,7,09-754-00721,406656,0,0.0,,,
2025_07,2025,7,09-155-00813,650969,0,0.0,,,
2025_07,2025,7,09-138-00732,272518,0,0.0,,,
2025_07,2025,7,09-168-00866,394983,0,0.0,,,
2025_07,2025,7,09-155-00809,439546,0,0.0,,,
2025_07,2025,7,09-142-00750,250168,0,0.0,,,
2025_07,2025,7,09-184-00932,234615,0,0.0,,,
2025_07,2025,7,09-197-00996,372999,0,0.0,,,
2025_07,2025,7,09-195-00991,317726,0,0.0,,,
2025_07,2025,7,09-187-00945,313730,0,0.0,,,
2025_07,2025,7,09-135-00720,254135,0,0.0,,,
2025_07,2025,7,09-136-00725,222926,0,0.0,,,
2025_07,2025,7,09-161-00840,228778,0,0.0,,,
2025_07,2025,7,09-132-00704,257364,0,0.0,,,
2025_07,2025,7,09-161-00838,292963,0,0.0,,,
2025_07,2025,7,09-159-00832,400340,0,0.0,,,
2025_07,2025,7,09-146-00769,281210,0,0.0,,,
2025_07,2025,7,09-147-00772,204618,0,0.0,,,
2025_07,2025,7,09-705-00741,213932,0,0.0,,,
2025_07,2025,7,09-140-00739,209858,0,0.0,,,
2025_07,2025,7,09-705-00740,297481,0,0.0,,,
2025_07,2025,7,09-144-00759,215803,0,0.0,,,
2025_07,2025,7,09-181-00924,271098,0,0.0,,,
2025_07,2025,7,09-152-00796,427625,0,0.0,,,
2025_07,2025,7,09-147-00773,372577,0,0.0,,,
2025_07,2025,7,09-161-00836,127715,0,0.0,,,
2025_07,2025,7,09-704-00706,301721,0,0.0,,,
2025_07,2025,7,09-146-00763,199,0,0.0,,,
2025_07,2025,7,09-136-00728,183534,0,0.0,,,
2025_07,2025,7,09-140-00738,207551,0,0.0,,,
2025_07,2025,7,09-135-00719,354358,0,0.0,,,
2025_07,2025,7,09-132-00703,401547,0,0.0,,,
2025_07,2025,7,09-152-00793,580292,0,0.0,,,
2025_07,2025,7,09-136-00726,150557,0,0.0,,,
2025_07,2025,7,09-132-00705,219431,0,0.0,,,
2025_07,2025,7,09-144-00760,211092,0,0.0,,,
2025_07,2025,7,09-132-00702,366795,0,0.0,,,
2025_07,2025,7,09-136-00724,143312,0,0.0,,,
2025_07,2025,7,09-135-00717,254457,0,0.0,,,
2025_07,2025,7,09-152-00794,488039,0,0.0,,,
2025_07,2025,7,09-147-00771,175143,0,0.0,,,
2025_07,2025,7,09-185-00939,386073,0,0.0,,,
2025_07,2025,7,09-198-00997,156813,0,0.0,,,
2025_07,2025,7,09-185-00937,194879,0,0.0,,,
2025_07,2025,7,09-190-00963,160535,0,0.0,,,
2025_07,2025,7,09-163-00846,294823,0,0.0,,,
2025_07,2025,7,09-148-00777,534212,0,0.0,,,
2025_07,2025,7,09-162-00841,500381,0,0.0,,,
2025_07,2025,7,09-156-00818,279205,0,0.0,,,
2025_07,2025,7,09-134-00713,386218,0,0.0,,,
2025_07,2025,7,09-177-00906,250861,0,0.0,,,
2025_07,2025,7,09-155-00812,428994,0,0.0,,,
2025_07,2025,7,09-164-00848,370845,0,0.0,,,
2025_07,2025,7,09-149-00780,163993,0,0.0,,,
2025_07,2025,7,09-172-00877,578517,0,0.0,,,
2025_07,2025,7,09-149-00779,424284,0,0.0,,,
2025_07,2025,7,09-133-00709,239565,0,0.0,,,
2025_07,2025,7,09-142-00746,268412,0,0.0,,,
2025_07,2025,7,09-191-00964,196863,0,0.0,,,
2025_07,2025,7,09-188-00948,162644,0,0.0,,,
2025_07,2025,7,09-174-00887,222814,0,0.0,,,
2025_07,2025,7,09-196-00994,546328,0,0.0,,,
2025_07,2025,7,09-196-00993,289803,0,0.0,,,
2025_07,2025,7,09-754-00722,288878,0,0.0,,,
2025_07,2025,7,09-134-00716,369658,0,0.0,,,
2025_07,2025,7,09-169-00869,361582,0,0.0,,,
2025_07,2025,7,09-188-00951,166724,0,0.0,,,
2025_07,2025,7,09-145-00761,479400,0,0.0,,,
2025_07,2025,7,09-160-00833,392904,0,0.0,,,
2025_07,2025,7,09-199-01003,461145,0,0.0,,,
2025_07,2025,7,09-183-00929,463353,0,0.0,,,
2025_07,2025,7,09-141-00742,220753,0,0.0,,,
2025_07,2025,7,09-158-00827,191348,0,0.0,,,
2025_07,2025,7,09-149-00783,492819,0,0.0,,,
2025_07,2025,7,09-190-00959,415303,0,0.0,,,
2025_07,2025,7,09-163-00844,203374,0,0.0,,,
2025_07,2025,7,09-134-00715,382500,0,0.0,,,
2025_07,2025,7,09-134-00715,382500,0,0.0,,,
2025_07,2025,7,09-137-00729,307501,0,0.0,,,
2025_07,2025,7,09-153-00802,512005,0,0.0,,,
2025_07,2025,7,09-142-00749,242421,0,0.0,,,
2025_07,2025,7,09-184-00936,228359,0,0.0,,,
2025_07,2025,7,09-200-01006,1183994,0,0.0,,,
2025_07,2025,7,09-201-01008,564223,0,0.0,,,
2025_07,2025,7,09-177-00905,219661,0,0.0,,,
2025_07,2025,7,09-150-00789,293993,0,0.0,,,
2025_07,2025,7,09-176-00896,330976,0,0.0,,,
2025_07,2025,7,09-172-00878,731630,0,0.0,,,
2025_07,2025,7,09-166-00857,468460,0,0.0,,,
2025_07,2025,7,09-706-00913,262956,0,0.0,,,
2025_07,2025,7,09-141-00743,238601,0,0.0,,,
2025_07,2025,7,09-195-00989,302424,0,0.0,,,
2025_07,2025,7,09-186-00943,260717,0,0.0,,,
2025_07,2025,7,09-200-01004,379548,0,0.0,,,
2025_07,2025,7,09-164-00850,495645,0,0.0,,,
2025_07,2025,7,09-198-00998,178476,0,0.0,,,
2025_07,2025,7,09-175-00893,333972,0,0.0,,,
2025_07,2025,7,09-176-00901,340169,0,0.0,,,
2025_07,2025,7,09-168-00864,478019,0,0.0,,,
2025_07,2025,7,09-155-00811,716919,0,0.0,,,
2025_07,2025,7,09-185-00938,565742,0,0.0,,,
2025_07,2025,7,09-156-00815,503637,0,0.0,,,
2025_07,2025,7,09-137-00731,389671,0,0.0,,,
2025_07,2025,7,09-189-00956,345697,0,0.0,,,
2025_07,2025,7,09-184-00935,264790,0,0.0,,,
2025_07,2025,7,09-179-00916,233482,0,0.0,,,
2025_07,2025,7,09-195-00987,245764,0,0.0,,,
2025_07,2025,7,09-178-00909,227401,0,0.0,,,
2025_07,2025,7,09-165-00852,305089,0,0.0,,,
2025_07,2025,7,09-201-01009,238365,0,0.0,,,
2025_07,2025,7,09-133-00711,340024,0,0.0,,,
2025_07,2025,7,09-194-00984,316728,0,0.0,,,
2025_07,2025,7,09-141-00744,185980,0,0.0,,,
2025_07,2025,7,09-166-00860,527320,0,0.0,,,
2025_07,2025,7,09-179-00918,276506,0,0.0,,,
2025_07,2025,7,09-180-00922,452797,0,0.0,,,
2025_07,2025,7,09-165-00853,559873,0,0.0,,,
2025_07,2025,7,09-199-01001,596749,0,0.0,,,
2025_07,2025,7,09-173-00880,152235,0,0.0,,,
2025_07,2025,7,09-158-00826,319672,0,0.0,,,
2025_07,2025,7,09-167-00862,811287,0,0.0,,,
2025_07,2025,7,09-179-00917,245416,0,0.0,,,
2025_07,2025,7,09-157-00821,421733,0,0.0,,,
2025_07,2025,7,09-194-00983,361502,0,0.0,,,
2025_07,2025,7,09-165-00851,370428,0,0.0,,,
2025_07,2025,7,09-192-00972,210678,0,0.0,,,
2025_07,2025,7,09-145-00763,214953,0,0.0,,,
2025_07,2025,7,09-158-00823,323589,0,0.0,,,
2025_07,2025,7,09-187-00947,492106,0,0.0,,,
2025_07,2025,7,09-180-00920,406994,0,0.0,,,
2025_07,2025,7,09-169-00870,547951,0,0.0,,,
2025_07,2025,7,09-148-00775,454838,0,0.0,,,
2025_07,2025,7,09-157-00819,214507,0,0.0,,,
2025_07,2025,7,09-174-00886,309606,0,0.0,,,
2025_07,2025,7,09-183-00931,325615,0,0.0,,,
2025_07,2025,7,09-194-00985,337099,0,0.0,,,
2025_07,2025,7,09-199-01002,383425,0,0.0,,,
2025_07,2025,7,09-145-00762,331564,0,0.0,,,
2025_07,2025,7,09-145-00764,488123,0,0.0,,,
2025_07,2025,7,09-171-00876,364219,0,0.0,,,
2025_07,2025,7,09-192-00973,231942,0,0.0,,,
2025_07,2025,7,09-168-00867,534912,0,0.0,,,
2025_07,2025,7,09-166-00859,493674,0,0.0,,,
2025_07,2025,7,09-138-00733,485926,0,0.0,,,
2025_07,2025,7,09-138-00734,432175,0,0.0,,,
2025_07,2025,7,09-186-00941,214700,0,0.0,,,
2025_07,2025,7,09-191-00970,181532,0,0.0,,,
2025_07,2025,7,09-175-00894,374531,0,0.0,,,
2025_07,2025,7,09-177-00903,281943,0,0.0,,,
2025_07,2025,7,09-150-00785,239753,0,0.0,,,
2025_07,2025,7,09-199-01000,515897,0,0.0,,,
2025_07,2025,7,09-157-00822,314007,0,0.0,,,
2025_07,2025,7,09-134-00715,244952,0,0.0,,,
2025_07,2025,7,09-134-00715,244952,0,0.0,,,
2025_07,2025,7,09-178-00910,261894,0,0.0,,,
2025_07,2025,7,09-163-00845,376537,0,0.0,,,
2025_07,2025,7,09-178-00908,201138,0,0.0,,,
2025_07,2025,7,09-201-01007,294623,0,0.0,,,
2025_07,2025,7,09-153-00800,602574,0,0.0,,,
2025_07,2025,7,09-166-00856,352663,0,0.0,,,
2025_07,2025,7,09-192-00974,175769,0,0.0,,,
2025_07,2025,7,09-195-00990,388195,0,0.0,,,
2025_07,2025,7,09-706-00912,254521,0,0.0,,,
2025_07,2025,7,09-179-06868,99312,0,0.0,,,
2025_07,2025,7,09-133-00708,481240,0,0.0,,,
2025_07,2025,7,09-134-00714,322116,0,0.0,,,
2025_07,2025,7,09-134-00712,415065,0,0.0,,,
2025_07,2025,7,09-180-00919,1011787,0,0.0,,,
2025_07,2025,7,09-170-00874,342809,0,0.0,,,
2025_07,2025,7,09-184-00933,291228,0,0.0,,,
2025_07,2025,7,09-187-00944,299009,0,0.0,,,
2025_07,2025,7,09-150-00788,262238,0,0.0,,,
2025_07,2025,7,09-175-00890,135649,0,0.0,,,
2025_07,2025,7,09-706-00914,268820,0,0.0,,,
2025_07,2025,7,09-137-00730,292776,0,0.0,,,
2025_07,2025,7,09-142-00748,150889,0,0.0,,,
2025_07,2025,7,09-150-00786,368437,0,0.0,,,
2025_07,2025,7,09-170-00873,339190,0,0.0,,,
2025_07,2025,7,09-198-00999,115893,0,0.0,,,
2025_07,2025,7,09-162-00842,406666,0,0.0,,,
2025_07,2025,7,09-191-00966,269101,0,0.0,,,
2025_07,2025,7,09-170-00872,579264,0,0.0,,,
2025_07,2025,7,09-149-00782,527418,0,0.0,,,
2025_07,2025,7,09-194-00982,205009,0,0.0,,,
2025_07,2025,7,09-150-00784,384371,0,0.0,,,
2025_07,2025,7,09-180-00921,372251,0,0.0,,,
2025_07,2025,7,09-176-00898,414018,0,0.0,,,
2025_07,2025,7,09-153-00797,394072,0,0.0,,,
2025_07,2025,7,09-191-00967,226329,0,0.0,,,
2025_07,2025,7,09-189-01020,452136,0,0.0,,,
2025_07,2025,7,09-193-00980,148746,0,0.0,,,
2025_07,2025,7,09-157-00820,188558,0,0.0,,,
2025_07,2025,7,09-193-00978,359646,0,0.0,,,
2025_07,2025,7,09-182-00925,485524,0,0.0,,,
2025_07,2025,7,09-170-00871,719946,0,0.0,,,
2025_07,2025,7,09-193-00979,247279,0,0.0,,,
2025_07,2025,7,09-188-00952,177673,0,0.0,,,
2025_07,2025,7,09-184-00934,289374,0,0.0,,,
2025_07,2025,7,09-175-00891,330326,0,0.0,,,
2025_07,2025,7,09-150-00787,332862,0,0.0,,,
2025_07,2025,7,09-190-00961,167353,0,0.0,,,
2025_07,2025,7,09-193-00975,163352,0,0.0,,,
2025_07,2025,7,09-192-00971,157477,0,0.0,,,
2025_07,2025,7,09-188-00954,227243,0,0.0,,,
2025_07,2025,7,09-153-00799,600743,0,0.0,,,
2025_07,2025,7,09-183-00928,527486,0,0.0,,,
2025_07,2025,7,09-188-00950,378922,0,0.0,,,
2025_07,2025,7,09-754-00778,413257,0,0.0,,,
2025_07,2025,7,09-160-00834,219877,0,0.0,,,
2025_07,2025,7,09-164-00849,478232,0,0.0,,,
2025_07,2025,7,09-153-00798,720193,0,0.0,,,
2025_07,2025,7,09-202-01012,405433,0,0.0,,,
2025_07,2025,7,09-173-00883,338759,0,0.0,,,
2025_07,2025,7,09-187-00946,224683,0,0.0,,,
2025_07,2025,7,09-191-00968,309560,0,0.0,,,
2025_07,2025,7,09-175-00889,330670,0,0.0,,,
2025_07,2025,7,09-197-00995,308697,0,0.0,,,
2025_07,2025,7,09-173-00882,498634,0,0.0,,,
2025_07,2025,7,09-156-00817,356893,0,0.0,,,
2025_07,2025,7,09-158-00825,434825,0,0.0,,,
2025_07,2025,7,09-176-00897,199939,0,0.0,,,
2025_07,2025,7,09-176-00900,260930,0,0.0,,,
2025_07,2025,7,09-193-00977,237721,0,0.0,,,
2025_07,2025,7,09-163-00843,302791,0,0.0,,,
2025_07,2025,7,09-175-00892,261833,0,0.0,,,
2025_07,2025,7,09-148-00776,246914,0,0.0,,,
2025_07,2025,7,09-171-00875,1053214,0,0.0,,,
2025_07,2025,7,09-189-00957,199870,0,0.0,,,
2025_07,2025,7,09-202-01010,278422,0,0.0,,,
2025_07,2025,7,09-172-00879,551174,0,0.0,,,
2025_07,2025,7,09-167-00863,887814,0,0.0,,,
2025_07,2025,7,09-188-00953,227354,0,0.0,,,
2025_07,2025,7,09-186-00942,263091,0,0.0,,,
2025_07,2025,7,09-133-00710,201225,0,0.0,,,
2025_07,2025,7,09-142-00751,243373,0,0.0,,,
2025_07,2025,7,09-194-00986,264208,0,0.0,,,
2025_07,2025,7,09-165-00855,391550,0,0.0,,,
2025_07,2025,7,09-175-00895,367446,0,0.0,,,
2025_07,2025,7,09-169-00868,543119,0,0.0,,,
2025_07,2025,7,09-173-00881,477272,0,0.0,,,
2025_07,2025,7,09-153-00801,671094,0,0.0,,,
2025_07,2025,7,09-191-00969,290798,0,0.0,,,
2025_07,2025,7,09-196-00992,295182,0,0.0,,,
2025_07,2025,7,09-194-00981,314546,0,0.0,,,
2025_07,2025,7,09-142-00745,138327,0,0.0,,,
2025_07,2025,7,09-193-00976,178392,0,0.0,,,
2025_07,2025,7,09-163-00847,238715,0,0.0,,,
2025_07,2025,7,09-174-00885,264149,0,0.0,,,
2025_07,2025,7,09-176-00899,186270,0,0.0,,,
2025_07,2025,7,09-155-00810,470274,0,0.0,,,
2025_07,2025,7,09-142-00747,311582,0,0.0,,,
2025_07,2025,7,09-177-00904,195294,0,0.0,,,
2025_07,2025,7,09-175-00888,297864,0,0.0,,,
2025_07,2025,7,09-179-00915,343175,0,0.0,,,
2025_07,2025,7,09-166-00858,393596,0,0.0,,,
2025_07,2025,7,09-167-00861,530912,0,0.0,,,
2025_07,2025,7,09-189-00958,296590,0,0.0,,,
2025_07,2025,7,09-178-00907,215664,0,0.0,,,
2025_07,2025,7,09-183-00930,479267,0,0.0,,,
2025_07,2025,7,09-706-00824,300728,0,0.0,,,
2025_07,2025,7,09-160-00835,329395,0,0.0,,,
2025_07,2025,7,09-182-00926,694526,0,0.0,,,
2025_07,2025,7,09-158-00828,191371,0,0.0,,,
2025_07,2025,7,09-156-00816,450298,0,0.0,,,
2025_07,2025,7,09-165-00854,414226,0,0.0,,,
2025_07,2025,7,09-182-00927,332999,0,0.0,,,
2025_07,2025,7,09-151-00792,799241,0,0.0,,,
2025_07,2025,7,09-146-00766,245174,0,0.0,,,
2025_07,2025,7,09-159-00831,159969,0,0.0,,,
2025_07,2025,7,09-146-00765,212478,0,0.0,,,
2025_07,2025,7,09-139-00736,185652,0,0.0,,,
2025_07,2025,7,09-146-00770,399692,0,0.0,,,
2025_07,2025,7,09-139-00735,336453,0,0.0,,,
2025_07,2025,7,09-132-00701,476615,0,0.0,,,
2025_07,2025,7,09-161-00839,320870,0,0.0,,,
2025_07,2025,7,09-181-00923,604855,0,0.0,,,
2025_07,2025,7,09-135-00718,30546,0,0.0,,,
2025_07,2025,7,09-159-00830,426452,0,0.0,,,
2025_07,2025,7,09-146-00768,361202,0,0.0,,,
2025_07,2025,7,09-146-00767,325070,0,0.0,,,
2025_07,2025,7,09-161-00837,75950,0,0.0,,,
2025_07,2025,7,09-144-00757,123699,0,0.0,,,
2025_07,2025,7,09-136-00727,196791,0,0.0,,,
2025_07,2025,7,09-152-00795,465621,0,0.0,,,
2025_07,2025,7,09-704-00707,281117,0,0.0,,,
2025_07,2025,7,09-144-00758,256856,0,0.0,,,
2025_07,2025,7,09-147-00774,340139,0,0.0,,,
2025_07,2025,7,09-136-00723,187005,0,0.0,,,
2025_07,2025,7,09-143-00754,410199,0,0.0,,,
2025_07,2025,7,09-151-00791,432077,0,0.0,,,
2025_07,2025,7,09-143-00753,226064,0,0.0,,,
2025_07,2025,7,09-143-00756,249273,0,0.0,,,
2025_07,2025,7,09-143-00752,318242,0,0.0,,,
2025_07,2025,7,09-143-00755,483210,0,0.0,,,
2025_07,2025,7,09-151-00790,488653,0,0.0,,,
2025_07,2025,7,09-154-00806,438093,0,0.0,,,
2025_07,2025,7,09-154-00805,437143,0,0.0,,,
2025_07,2025,7,09-154-00807,364753,0,0.0,,,
2025_07,2025,7,09-154-00803,630213,0,0.0,,,
2025_07,2025,7,09-154-00808,344699,0,0.0,,,
2025_07,2025,7,09-154-00804,384210,0,0.0,,,
2025_07,2025,7,09-139-00737,85366,0,0.0,,,
2025_07,2025,7,09-137-00718,136325,0,0.0,,,
2025_07,2025,7,09-202-01011,205131,0,0.0,,,
2025_07,2025,7,09-178-00911,138076,0,0.0,,,
2025_07,2025,7,09-173-00884,190218,0,0.0,,,
2025_08,2025,8,09-168-00865,329409,0,0.0,,,
2025_08,2025,8,09-200-01005,1474789,0,0.0,,,
2025_08,2025,8,09-177-00902,260560,0,0.0,,,
2025_08,2025,8,09-185-00940,106788,0,0.0,,,
2025_08,2025,8,09-190-00960,177183,0,0.0,,,
2025_08,2025,8,09-156-00814,462378,0,0.0,,,
2025_08,2025,8,09-191-00965,410171,0,0.0,,,
2025_08,2025,8,09-149-00781,328089,0,0.0,,,
2025_08,2025,8,09-188-00949,155796,0,0.0,,,
2025_08,2025,8,09-195-00988,251884,0,0.0,,,
2025_08,2025,8,09-190-00962,217471,0,0.0,,,
2025_08,2025,8,09-158-00829,298521,0,0.0,,,
2025_08,2025,8,09-754-00721,406656,0,0.0,,,
2025_08,2025,8,09-155-00813,650969,0,0.0,,,
2025_08,2025,8,09-138-00732,272518,0,0.0,,,
2025_08,2025,8,09-168-00866,394983,0,0.0,,,
2025_08,2025,8,09-155-00809,439546,0,0.0,,,
2025_08,2025,8,09-142-00750,250168,0,0.0,,,
2025_08,2025,8,09-184-00932,234615,0,0.0,,,
2025_08,2025,8,09-197-00996,372999,0,0.0,,,
2025_08,2025,8,09-195-00991,317726,0,0.0,,,
2025_08,2025,8,09-187-00945,313730,0,0.0,,,
2025_08,2025,8,09-135-00720,254135,0,0.0,,,
2025_08,2025,8,09-136-00725,222926,0,0.0,,,
2025_08,2025,8,09-161-00840,228778,0,0.0,,,
2025_08,2025,8,09-132-00704,257364,0,0.0,,,
2025_08,2025,8,09-161-00838,292963,0,0.0,,,
2025_08,2025,8,09-159-00832,400340,0,0.0,,,
2025_08,2025,8,09-146-00769,281210,0,0.0,,,
2025_08,2025,8,09-147-00772,204618,0,0.0,,,
2025_08,2025,8,09-705-00741,213932,0,0.0,,,
2025_08,2025,8,09-140-00739,209858,0,0.0,,,
2025_08,2025,8,09-705-00740,297481,0,0.0,,,
2025_08,2025,8,09-144-00759,215803,0,0.0,,,
2025_08,2025,8,09-181-00924,271098,0,0.0,,,
2025_08,2025,8,09-152-00796,427625,0,0.0,,,
2025_08,2025,8,09-147-00773,372577,0,0.0,,,
2025_08,2025,8,09-161-00836,127715,0,0.0,,,
2025_08,2025,8,09-704-00706,301721,0,0.0,,,
2025_08,2025,8,09-146-00763,199,0,0.0,,,
2025_08,2025,8,09-136-00728,183534,0,0.0,,,
2025_08,2025,8,09-140-00738,207551,0,0.0,,,
2025_08,2025,8,09-135-00719,354358,0,0.0,,,
2025_08,2025,8,09-132-00703,401547,0,0.0,,,
2025_08,2025,8,09-152-00793,580292,0,0.0,,,
2025_08,2025,8,09-136-00726,150557,0,0.0,,,
2025_08,2025,8,09-132-00705,219431,0,0.0,,,
2025_08,2025,8,09-144-00760,211092,0,0.0,,,
2025_08,2025,8,09-132-00702,366795,0,0.0,,,
2025_08,2025,8,09-136-00724,143312,0,0.0,,,
2025_08,2025,8,09-135-00717,254457,0,0.0,,,
2025_08,2025,8,09-152-00794,488039,0,0.0,,,
2025_08,2025,8,09-147-00771,175143,0,0.0,,,
2025_08,2025,8,09-185-00939,386073,0,0.0,,,
2025_08,2025,8,09-198-00997,156813,0,0.0,,,
2025_08,2025,8,09-185-00937,194879,0,0.0,,,
2025_08,2025,8,09-190-00963,160535,0,0.0,,,
2025_08,2025,8,09-163-00846,294823,0,0.0,,,
2025_08,2025,8,09-148-00777,534212,0,0.0,,,
2025_08,2025,8,09-162-00841,500381,0,0.0,,,
2025_08,2025,8,09-156-00818,279205,0,0.0,,,
2025_08,2025,8,09-134-00713,386218,0,0.0,,,
2025_08,2025,8,09-177-00906,250861,0,0.0,,,
2025_08,2025,8,09-155-00812,428994,0,0.0,,,
2025_08,2025,8,09-164-00848,370845,0,0.0,,,
2025_08,2025,8,09-149-00780,163993,0,0.0,,,
2025_08,2025,8,09-172-00877,578517,0,0.0,,,
2025_08,2025,8,09-149-00779,424284,0,0.0,,,
2025_08,2025,8,09-133-00709,239565,0,0.0,,,
2025_08,2025,8,09-142-00746,268412,0,0.0,,,
2025_08,2025,8,09-191-00964,196863,0,0.0,,,
2025_08,2025,8,09-188-00948,162644,0,0.0,,,
2025_08,2025,8,09-174-00887,222814,0,0.0,,,
2025_08,2025,8,09-196-00994,546328,0,0.0,,,
2025_08,2025,8,09-196-00993,289803,0,0.0,,,
2025_08,2025,8,09-754-00722,288878,0,0.0,,,
2025_08,2025,8,09-134-00716,369658,0,0.0,,,
2025_08,2025,8,09-169-00869,361582,0,0.0,,,
2025_08,2025,8,09-188-00951,166724,0,0.0,,,
2025_08,2025,8,09-145-00761,479400,0,0.0,,,
2025_08,2025,8,09-160-00833,392904,0,0.0,,,
2025_08,2025,8,09-199-01003,461145,0,0.0,,,
2025_08,2025,8,09-183-00929,463353,0,0.0,,,
2025_08,2025,8,09-141-00742,220753,0,0.0,,,
2025_08,2025,8,09-158-00827,191348,0,0.0,,,
2025_08,2025,8,09-149-00783,492819,0,0.0,,,
2025_08,2025,8,09-190-00959,415303,0,0.0,,,
2025_08,2025,8,09-163-00844,203374,0,0.0,,,
2025_08,2025,8,09-134-00715,382500,0,0.0,,,
2025_08,2025,8,09-134-00715,382500,0,0.0,,,
2025_08,2025,8,09-137-00729,307501,0,0.0,,,
2025_08,2025,8,09-153-00802,512005,0,0.0,,,
2025_08,2025,8,09-142-00749,242421,0,0.0,,,
2025_08,2025,8,09-184-00936,228359,0,0.0,,,
2025_08,2025,8,09-200-01006,1183994,0,0.0,,,
2025_08,2025,8,09-201-01008,564223,0,0.0,,,
2025_08,2025,8,09-177-00905,219661,0,0.0,,,
2025_08,2025,8,09-150-00789,293993,0,0.0,,,
2025_08,2025,8,09-176-00896,330976,0,0.0,,,
2025_08,2025,8,09-172-00878,731630,0,0.0,,,
2025_08,2025,8,09-166-00857,468460,0,0.0,,,
2025_08,2025,8,09-706-00913,262956,0,0.0,,,
2025_08,2025,8,09-141-00743,238601,0,0.0,,,
2025_08,2025,8,09-195-00989,302424,0,0.0,,,
2025_08,2025,8,09-186-00943,260717,0,0.0,,,
2025_08,2025,8,09-200-01004,379548,0,0.0,,,
2025_08,2025,8,09-164-00850,495645,0,0.0,,,
2025_08,2025,8,09-198-00998,178476,0,0.0,,,
2025_08,2025,8,09-175-00893,333972,0,0.0,,,
2025_08,2025,8,09-176-00901,340169,0,0.0,,,
2025_08,2025,8,09-168-00864,478019,0,0.0,,,
2025_08,2025,8,09-155-00811,716919,0,0.0,,,
2025_08,2025,8,09-185-00938,565742,0,0.0,,,
2025_08,2025,8,09-156-00815,503637,0,0.0,,,
2025_08,2025,8,09-137-00731,389671,0,0.0,,,
2025_08,2025,8,09-189-00956,345697,0,0.0,,,
2025_08,2025,8,09-184-00935,264790,0,0.0,,,
2025_08,2025,8,09-179-00916,233482,0,0.0,,,
2025_08,2025,8,09-195-00987,245764,0,0.0,,,
2025_08,2025,8,09-178-00909,227401,0,0.0,,,
2025_08,2025,8,09-165-00852,305089,0,0.0,,,
2025_08,2025,8,09-201-01009,238365,0,0.0,,,
2025_08,2025,8,09-133-00711,340024,0,0.0,,,
2025_08,2025,8,09-194-00984,316728,0,0.0,,,
2025_08,2025,8,09-141-00744,185980,0,0.0,,,
2025_08,2025,8,09-166-00860,527320,0,0.0,,,
2025_08,2025,8,09-179-00918,276506,0,0.0,,,
2025_08,2025,8,09-180-00922,452797,0,0.0,,,
2025_08,2025,8,09-165-00853,559873,0,0.0,,,
2025_08,2025,8,09-199-01001,596749,0,0.0,,,
2025_08,2025,8,09-173-00880,152235,0,0.0,,,
2025_08,2025,8,09-158-00826,319672,0,0.0,,,
2025_08,2025,8,09-167-00862,811287,0,0.0,,,
2025_08,2025,8,09-179-00917,245416,0,0.0,,,
2025_08,2025,8,09-157-00821,421733,0,0.0,,,
2025_08,2025,8,09-194-00983,361502,0,0.0,,,
2025_08,2025,8,09-165-00851,370428,0,0.0,,,
2025_08,2025,8,09-192-00972,210678,0,0.0,,,
2025_08,2025,8,09-145-00763,214953,0,0.0,,,
2025_08,2025,8,09-158-00823,323589,0,0.0,,,
2025_08,2025,8,09-187-00947,492106,0,0.0,,,
2025_08,2025,8,09-180-00920,406994,0,0.0,,,
2025_08,2025,8,09-169-00870,547951,0,0.0,,,
2025_08,2025,8,09-148-00775,454838,0,0.0,,,
2025_08,2025,8,09-157-00819,214507,0,0.0,,,
2025_08,2025,8,09-174-00886,309606,0,0.0,,,
2025_08,2025,8,09-183-00931,325615,0,0.0,,,
2025_08,2025,8,09-194-00985,337099,0,0.0,,,
2025_08,2025,8,09-199-01002,383425,0,0.0,,,
2025_08,2025,8,09-145-00762,331564,0,0.0,,,
2025_08,2025,8,09-145-00764,488123,0,0.0,,,
2025_08,2025,8,09-171-00876,364219,0,0.0,,,
2025_08,2025,8,09-192-00973,231942,0,0.0,,,
2025_08,2025,8,09-168-00867,534912,0,0.0,,,
2025_08,2025,8,09-166-00859,493674,0,0.0,,,
2025_08,2025,8,09-138-00733,485926,0,0.0,,,
2025_08,2025,8,09-138-00734,432175,0,0.0,,,
2025_08,2025,8,09-186-00941,214700,0,0.0,,,
2025_08,2025,8,09-191-00970,181532,0,0.0,,,
2025_08,2025,8,09-175-00894,374531,0,0.0,,,
2025_08,2025,8,09-177-00903,281943,0,0.0,,,
2025_08,2025,8,09-150-00785,239753,0,0.0,,,
2025_08,2025,8,09-199-01000,515897,0,0.0,,,
2025_08,2025,8,09-157-00822,314007,0,0.0,,,
2025_08,2025,8,09-134-00715,244952,0,0.0,,,
2025_08,2025,8,09-134-00715,244952,0,0.0,,,
2025_08,2025,8,09-178-00910,261894,0,0.0,,,
2025_08,2025,8,09-163-00845,376537,0,0.0,,,
2025_08,2025,8,09-178-00908,201138,0,0.0,,,
2025_08,2025,8,09-201-01007,294623,0,0.0,,,
2025_08,2025,8,09-153-00800,602574,0,0.0,,,
2025_08,2025,8,09-166-00856,352663,0,0.0,,,
2025_08,2025,8,09-192-00974,175769,0,0.0,,,
2025_08,2025,8,09-195-00990,388195,0,0.0,,,
2025_08,2025,8,09-706-00912,254521,0,0.0,,,
2025_08,2025,8,09-179-06868,99312,0,0.0,,,
2025_08,2025,8,09-133-00708,481240,0,0.0,,,
2025_08,2025,8,09-134-00714,322116,0,0.0,,,
2025_08,2025,8,09-134-00712,415065,0,0.0,,,
2025_08,2025,8,09-180-00919,1011787,0,0.0,,,
2025_08,2025,8,09-170-00874,342809,0,0.0,,,
2025_08,2025,8,09-184-00933,291228,0,0.0,,,
2025_08,2025,8,09-187-00944,299009,0,0.0,,,
2025_08,2025,8,09-150-00788,262238,0,0.0,,,
2025_08,2025,8,09-175-00890,135649,0,0.0,,,
2025_08,2025,8,09-706-00914,268820,0,0.0,,,
2025_08,2025,8,09-137-00730,292776,0,0.0,,,
2025_08,2025,8,09-142-00748,150889,0,0.0,,,
2025_08,2025,8,09-150-00786,368437,0,0.0,,,
2025_08,2025,8,09-170-00873,339190,0,0.0,,,
2025_08,2025,8,09-198-00999,115893,0,0.0,,,
2025_08,2025,8,09-162-00842,406666,0,0.0,,,
2025_08,2025,8,09-191-00966,269101,0,0.0,,,
2025_08,2025,8,09-170-00872,579264,0,0.0,,,
2025_08,2025,8,09-149-00782,527418,0,0.0,,,
2025_08,2025,8,09-194-00982,205009,0,0.0,,,
2025_08,2025,8,09-150-00784,384371,0,0.0,,,
2025_08,2025,8,09-180-00921,372251,0,0.0,,,
2025_08,2025,8,09-176-00898,414018,0,0.0,,,
2025_08,2025,8,09-153-00797,394072,0,0.0,,,
2025_08,2025,8,09-191-00967,226329,0,0.0,,,
2025_08,2025,8,09-189-01020,452136,0,0.0,,,
2025_08,2025,8,09-193-00980,148746,0,0.0,,,
2025_08,2025,8,09-157-00820,188558,0,0.0,,,
2025_08,2025,8,09-193-00978,359646,0,0.0,,,
2025_08,2025,8,09-182-00925,485524,0,0.0,,,
2025_08,2025,8,09-170-00871,719946,0,0.0,,,
2025_08,2025,8,09-193-00979,247279,0,0.0,,,
2025_08,2025,8,09-188-00952,177673,0,0.0,,,
2025_08,2025,8,09-184-00934,289374,0,0.0,,,
2025_08,2025,8,09-175-00891,330326,0,0.0,,,
2025_08,2025,8,09-150-00787,332862,0,0.0,,,
2025_08,2025,8,09-190-00961,167353,0,0.0,,,
2025_08,2025,8,09-193-00975,163352,0,0.0,,,
2025_08,2025,8,09-192-00971,157477,0,0.0,,,
2025_08,2025,8,09-188-00954,227243,0,0.0,,,
2025_08,2025,8,09-153-00799,600743,0,0.0,,,
2025_08,2025,8,09-183-00928,527486,0,0.0,,,
2025_08,2025,8,09-188-00950,378922,0,0.0,,,
2025_08,2025,8,09-754-00778,413257,0,0.0,,,
2025_08,2025,8,09-160-00834,219877,0,0.0,,,
2025_08,2025,8,09-164-00849,478232,0,0.0,,,
2025_08,2025,8,09-153-00798,720193,0,0.0,,,
2025_08,2025,8,09-202-01012,405433,0,0.0,,,
2025_08,2025,8,09-173-00883,338759,0,0.0,,,
2025_08,2025,8,09-187-00946,224683,0,0.0,,,
2025_08,2025,8,09-191-00968,309560,0,0.0,,,
2025_08,2025,8,09-175-00889,330670,0,0.0,,,
2025_08,2025,8,09-197-00995,308697,0,0.0,,,
2025_08,2025,8,09-173-00882,498634,0,0.0,,,
2025_08,2025,8,09-156-00817,356893,0,0.0,,,
2025_08,2025,8,09-158-00825,434825,0,0.0,,,
2025_08,2025,8,09-176-00897,199939,0,0.0,,,
2025_08,2025,8,09-176-00900,260930,0,0.0,,,
2025_08,2025,8,09-193-00977,237721,0,0.0,,,
2025_08,2025,8,09-163-00843,302791,0,0.0,,,
2025_08,2025,8,09-175-00892,261833,0,0.0,,,
2025_08,2025,8,09-148-00776,246914,0,0.0,,,
2025_08,2025,8,09-171-00875,1053214,0,0.0,,,
2025_08,2025,8,09-189-00957,199870,0,0.0,,,
2025_08,2025,8,09-202-01010,278422,0,0.0,,,
2025_08,2025,8,09-172-00879,551174,0,0.0,,,
2025_08,2025,8,09-167-00863,887814,0,0.0,,,
2025_08,2025,8,09-188-00953,227354,0,0.0,,,
2025_08,2025,8,09-186-00942,263091,0,0.0,,,
2025_08,2025,8,09-133-00710,201225,0,0.0,,,
2025_08,2025,8,09-142-00751,243373,0,0.0,,,
2025_08,2025,8,09-194-00986,264208,0,0.0,,,
2025_08,2025,8,09-165-00855,391550,0,0.0,,,
2025_08,2025,8,09-175-00895,367446,0,0.0,,,
2025_08,2025,8,09-169-00868,543119,0,0.0,,,
2025_08,2025,8,09-173-00881,477272,0,0.0,,,
2025_08,2025,8,09-153-00801,671094,0,0.0,,,
2025_08,2025,8,09-191-00969,290798,0,0.0,,,
2025_08,2025,8,09-196-00992,295182,0,0.0,,,
2025_08,2025,8,09-194-00981,314546,0,0.0,,,
2025_08,2025,8,09-142-00745,138327,0,0.0,,,
2025_08,2025,8,09-193-00976,178392,0,0.0,,,
2025_08,2025,8,09-163-00847,238715,0,0.0,,,
2025_08,2025,8,09-174-00885,264149,0,0.0,,,
2025_08,2025,8,09-176-00899,186270,0,0.0,,,
2025_08,2025,8,09-155-00810,470274,0,0.0,,,
2025_08,2025,8,09-142-00747,311582,0,0.0,,,
2025_08,2025,8,09-177-00904,195294,0,0.0,,,
2025_08,2025,8,09-175-00888,297864,0,0.0,,,
2025_08,2025,8,09-179-00915,343175,0,0.0,,,
2025_08,2025,8,09-166-00858,393596,0,0.0,,,
2025_08,2025,8,09-167-00861,530912,0,0.0,,,
2025_08,2025,8,09-189-00958,296590,0,0.0,,,
2025_08,2025,8,09-178-00907,215664,0,0.0,,,
2025_08,2025,8,09-183-00930,479267,0,0.0,,,
2025_08,2025,8,09-706-00824,300728,0,0.0,,,
2025_08,2025,8,09-160-00835,329395,0,0.0,,,
2025_08,2025,8,09-182-00926,694526,0,0.0,,,
2025_08,2025,8,09-158-00828,191371,0,0.0,,,
2025_08,2025,8,09-156-00816,450298,0,0.0,,,
2025_08,2025,8,09-165-00854,414226,0,0.0,,,
2025_08,2025,8,09-182-00927,332999,0,0.0,,,
2025_08,2025,8,09-151-00792,799241,0,0.0,,,
2025_08,2025,8,09-146-00766,245174,0,0.0,,,
2025_08,2025,8,09-159-00831,159969,0,0.0,,,
2025_08,2025,8,09-146-00765,212478,0,0.0,,,
2025_08,2025,8,09-139-00736,185652,0,0.0,,,
2025_08,2025,8,09-146-00770,399692,0,0.0,,,
2025_08,2025,8,09-139-00735,336453,0,0.0,,,
2025_08,2025,8,09-132-00701,476615,0,0.0,,,
2025_08,2025,8,09-161-00839,320870,0,0.0,,,
2025_08,2025,8,09-181-00923,604855,0,0.0,,,
2025_08,2025,8,09-135-00718,30546,0,0.0,,,
2025_08,2025,8,09-159-00830,426452,0,0.0,,,
2025_08,2025,8,09-146-00768,361202,0,0.0,,,
2025_08,2025,8,09-146-00767,325070,0,0.0,,,
2025_08,2025,8,09-161-00837,75950,0,0.0,,,
2025_08,2025,8,09-144-00757,123699,0,0.0,,,
2025_08,2025,8,09-136-00727,196791,0,0.0,,,
2025_08,2025,8,09-152-00795,465621,0,0.0,,,
2025_08,2025,8,09-704-00707,281117,0,0.0,,,
2025_08,2025,8,09-144-00758,256856,0,0.0,,,
2025_08,2025,8,09-147-00774,340139,0,0.0,,,
2025_08,2025,8,09-136-00723,187005,0,0.0,,,
2025_08,2025,8,09-143-00754,410199,0,0.0,,,
2025_08,2025,8,09-151-00791,432077,0,0.0,,,
2025_08,2025,8,09-143-00753,226064,0,0.0,,,
2025_08,2025,8,09-143-00756,249273,0,0.0,,,
2025_08,2025,8,09-143-00752,318242,0,0.0,,,
2025_08,2025,8,09-143-00755,483210,0,0.0,,,
2025_08,2025,8,09-151-00790,488653,0,0.0,,,
2025_08,2025,8,09-154-00806,438093,0,0.0,,,
2025_08,2025,8,09-154-00805,437143,0,0.0,,,
2025_08,2025,8,09-154-00807,364753,0,0.0,,,
2025_08,2025,8,09-154-00803,630213,0,0.0,,,
2025_08,2025,8,09-154-00808,344699,0,0.0,,,
2025_08,2025,8,09-154-00804,384210,0,0.0,,,
2025_08,2025,8,09-139-00737,85366,0,0.0,,,
2025_08,2025,8,09-137-00718,136325,0,0.0,,,
2025_08,2025,8,09-202-01011,205131,0,0.0,,,
2025_08,2025,8,09-178-00911,138076,0,0.0,,,
2025_08,2025,8,09-173-00884,190218,0,0.0,,,
2025_09,2025,9,09-168-00865,329409,0,0.0,0.0,,0.0
2025_09,2025,9,09-200-01005,1474789,0,0.0,0.0,,0.0
2025_09,2025,9,09-177-00902,260560,0,0.0,0.0,,0.0
2025_09,2025,9,09-185-00940,106788,0,0.0,0.0,,0.0
2025_09,2025,9,09-190-00960,177183,0,0.0,0.0,,0.0
2025_09,2025,9,09-156-00814,462378,0,0.0,0.0,,0.0
2025_09,2025,9,09-191-00965,410171,0,0.0,0.0,,0.0
2025_09,2025,9,09-149-00781,328089,0,0.0,0.0,,0.0
2025_09,2025,9,09-188-00949,155796,0,0.0,0.0,,0.0
2025_09,2025,9,09-195-00988,251884,0,0.0,0.0,,0.0
2025_09,2025,9,09-190-00962,217471,0,0.0,0.0,,0.0
2025_09,2025,9,09-158-00829,298521,0,0.0,0.0,,0.0
2025_09,2025,9,09-754-00721,406656,0,0.0,0.0,,0.0
2025_09,2025,9,09-155-00813,650969,0,0.0,0.0,,0.0
2025_09,2025,9,09-138-00732,272518,0,0.0,0.0,,0.0
2025_09,2025,9,09-168-00866,394983,0,0.0,0.0,,0.0
2025_09,2025,9,09-155-00809,439546,0,0.0,0.0,,0.0
2025_09,2025,9,09-142-00750,250168,0,0.0,0.0,,0.0
2025_09,2025,9,09-184-00932,234615,0,0.0,0.0,,0.0
2025_09,2025,9,09-197-00996,372999,0,0.0,0.0,,0.0
2025_09,2025,9,09-195-00991,317726,0,0.0,0.0,,0.0
2025_09,2025,9,09-187-00945,313730,0,0.0,0.0,,0.0
2025_09,2025,9,09-135-00720,254135,0,0.0,0.0,,0.0
2025_09,2025,9,09-136-00725,222926,0,0.0,0.0,,0.0
2025_09,2025,9,09-161-00840,228778,0,0.0,0.0,,0.0
2025_09,2025,9,09-132-00704,257364,0,0.0,0.0,,0.0
2025_09,2025,9,09-161-00838,292963,0,0.0,0.0,,0.0
2025_09,2025,9,09-159-00832,400340,0,0.0,0.0,,0.0
2025_09,2025,9,09-146-00769,281210,0,0.0,0.0,,0.0
2025_09,2025,9,09-147-00772,204618,0,0.0,0.0,,0.0
2025_09,2025,9,09-705-00741,213932,0,0.0,0.0,,0.0
2025_09,2025,9,09-140-00739,209858,0,0.0,0.0,,0.0
2025_09,2025,9,09-705-00740,297481,0,0.0,0.0,,0.0
2025_09,2025,9,09-144-00759,215803,0,0.0,0.0,,0.0
2025_09,2025,9,09-181-00924,271098,0,0.0,0.0,,0.0
2025_09,2025,9,09-152-00796,427625,0,0.0,0.0,,0.0
2025_09,2025,9,09-147-00773,372577,0,0.0,0.0,,0.0
2025_09,2025,9,09-161-00836,127715,0,0.0,0.0,,0.0
2025_09,2025,9,09-704-00706,301721,32,0.0001060582458628,0.0001060582458628,1.0,32.0
2025_09,2025,9,09-146-00763,199,0,0.0,0.0,,0.0
2025_09,2025,9,09-136-00728,183534,0,0.0,0.0,,0.0
2025_09,2025,9,09-140-00738,207551,0,0.0,0.0,,0.0
2025_09,2025,9,09-135-00719,354358,0,0.0,0.0,,0.0
2025_09,2025,9,09-132-00703,401547,248,0.000617611387957,0.000617611387957,1.0,248.0
2025_09,2025,9,09-152-00793,580292,0,0.0,0.0,,0.0
2025_09,2025,9,09-136-00726,150557,0,0.0,0.0,,0.0
2025_09,2025,9,09-132-00705,219431,0,0.0,0.0,,0.0
2025_09,2025,9,09-144-00760,211092,0,0.0,0.0,,0.0
2025_09,2025,9,09-132-00702,366795,0,0.0,0.0,,0.0
2025_09,2025,9,09-136-00724,143312,0,0.0,0.0,,0.0
2025_09,2025,9,09-135-00717,254457,0,0.0,0.0,,0.0
2025_09,2025,9,09-152-00794,488039,0,0.0,0.0,,0.0
2025_09,2025,9,09-147-00771,175143,0,0.0,0.0,,0.0
2025_09,2025,9,09-185-00939,386073,0,0.0,0.0,,0.0
2025_09,2025,9,09-198-00997,156813,0,0.0,0.0,,0.0
2025_09,2025,9,09-185-00937,194879,0,0.0,0.0,,0.0
2025_09,2025,9,09-190-00963,160535,0,0.0,0.0,,0.0
2025_09,2025,9,09-163-00846,294823,0,0.0,0.0,,0.0
2025_09,2025,9,09-148-00777,534212,0,0.0,0.0,,0.0
2025_09,2025,9,09-162-00841,500381,0,0.0,0.0,,0.0
2025_09,2025,9,09-156-00818,279205,0,0.0,0.0,,0.0
2025_09,2025,9,09-134-00713,386218,613,0.0015871865112449,0.0015871865112449,1.0,613.0
2025_09,2025,9,09-177-00906,250861,0,0.0,0.0,,0.0
2025_09,2025,9,09-155-00812,428994,0,0.0,0.0,,0.0
2025_09,2025,9,09-164-00848,370845,0,0.0,0.0,,0.0
2025_09,2025,9,09-149-00780,163993,0,0.0,0.0,,0.0
2025_09,2025,9,09-172-00877,578517,0,0.0,0.0,,0.0
2025_09,2025,9,09-149-00779,424284,0,0.0,0.0,,0.0
2025_09,2025,9,09-133-00709,239565,0,0.0,0.0,,0.0
2025_09,2025,9,09-142-00746,268412,0,0.0,0.0,,0.0
2025_09,2025,9,09-191-00964,196863,0,0.0,0.0,,0.0
2025_09,2025,9,09-188-00948,162644,0,0.0,0.0,,0.0
2025_09,2025,9,09-174-00887,222814,0,0.0,0.0,,0.0
2025_09,2025,9,09-196-00994,546328,0,0.0,0.0,,0.0
2025_09,2025,9,09-196-00993,289803,0,0.0,0.0,,0.0
2025_09,2025,9,09-754-00722,288878,0,0.0,0.0,,0.0
2025_09,2025,9,09-134-00716,369658,214,0.0005789134821916,0.0005789134821916,1.0,214.0
2025_09,2025,9,09-169-00869,361582,0,0.0,0.0,,0.0
2025_09,2025,9,09-188-00951,166724,0,0.0,0.0,,0.0
2025_09,2025,9,09-145-00761,479400,0,0.0,0.0,,0.0
2025_09,2025,9,09-160-00833,392904,0,0.0,0.0,,0.0
2025_09,2025,9,09-199-01003,461145,0,0.0,0.0,,0.0
2025_09,2025,9,09-183-00929,463353,0,0.0,0.0,,0.0
2025_09,2025,9,09-141-00742,220753,0,0.0,0.0,,0.0
2025_09,2025,9,09-158-00827,191348,0,0.0,0.0,,0.0
2025_09,2025,9,09-149-00783,492819,0,0.0,0.0,,0.0
2025_09,2025,9,09-190-00959,415303,0,0.0,0.0,,0.0
2025_09,2025,9,09-163-00844,203374,0,0.0,0.0,,0.0
2025_09,2025,9,09-134-00715,382500,0,0.0,0.0,,0.0
2025_09,2025,9,09-134-00715,382500,0,0.0,0.0,,0.0
2025_09,2025,9,09-137-00729,307501,780,0.0025365771168223,0.0025365771168223,1.0,780.0
2025_09,2025,9,09-153-00802,512005,0,0.0,0.0,,0.0
2025_09,2025,9,09-142-00749,242421,0,0.0,0.0,,0.0
2025_09,2025,9,09-184-00936,228359,0,0.0,0.0,,0.0
2025_09,2025,9,09-200-01006,1183994,0,0.0,0.0,,0.0
2025_09,2025,9,09-201-01008,564223,0,0.0,0.0,,0.0
2025_09,2025,9,09-177-00905,219661,0,0.0,0.0,,0.0
2025_09,2025,9,09-150-00789,293993,0,0.0,0.0,,0.0
2025_09,2025,9,09-176-00896,330976,0,0.0,0.0,,0.0
2025_09,2025,9,09-172-00878,731630,0,0.0,0.0,,0.0
2025_09,2025,9,09-166-00857,468460,0,0.0,0.0,,0.0
2025_09,2025,9,09-706-00913,262956,0,0.0,0.0,,0.0
2025_09,2025,9,09-141-00743,238601,0,0.0,0.0,,0.0
2025_09,2025,9,09-195-00989,302424,0,0.0,0.0,,0.0
2025_09,2025,9,09-186-00943,260717,0,0.0,0.0,,0.0
2025_09,2025,9,09-200-01004,379548,0,0.0,0.0,,0.0
2025_09,2025,9,09-164-00850,495645,0,0.0,0.0,,0.0
2025_09,2025,9,09-198-00998,178476,0,0.0,0.0,,0.0
2025_09,2025,9,09-175-00893,333972,0,0.0,0.0,,0.0
2025_09,2025,9,09-176-00901,340169,0,0.0,0.0,,0.0
2025_09,2025,9,09-168-00864,478019,0,0.0,0.0,,0.0
2025_09,2025,9,09-155-00811,716919,0,0.0,0.0,,0.0
2025_09,2025,9,09-185-00938,565742,0,0.0,0.0,,0.0
2025_09,2025,9,09-156-00815,503637,0,0.0,0.0,,0.0
2025_09,2025,9,09-137-00731,389671,0,0.0,0.0,,0.0
2025_09,2025,9,09-189-00956,345697,0,0.0,0.0,,0.0
2025_09,2025,9,09-184-00935,264790,0,0.0,0.0,,0.0
2025_09,2025,9,09-179-00916,233482,0,0.0,0.0,,0.0
2025_09,2025,9,09-195-00987,245764,0,0.0,0.0,,0.0
2025_09,2025,9,09-178-00909,227401,0,0.0,0.0,,0.0
2025_09,2025,9,09-165-00852,305089,0,0.0,0.0,,0.0
2025_09,2025,9,09-201-01009,238365,0,0.0,0.0,,0.0
2025_09,2025,9,09-133-00711,340024,518,0.0015234218761028,0.0015234218761028,1.0,518.0
2025_09,2025,9,09-194-00984,316728,0,0.0,0.0,,0.0
2025_09,2025,9,09-141-00744,185980,0,0.0,0.0,,0.0
2025_09,2025,9,09-166-00860,527320,0,0.0,0.0,,0.0
2025_09,2025,9,09-179-00918,276506,0,0.0,0.0,,0.0
2025_09,2025,9,09-180-00922,452797,0,0.0,0.0,,0.0
2025_09,2025,9,09-165-00853,559873,0,0.0,0.0,,0.0
2025_09,2025,9,09-199-01001,596749,0,0.0,0.0,,0.0
2025_09,2025,9,09-173-00880,152235,0,0.0,0.0,,0.0
2025_09,2025,9,09-158-00826,319672,0,0.0,0.0,,0.0
2025_09,2025,9,09-167-00862,811287,0,0.0,0.0,,0.0
2025_09,2025,9,09-179-00917,245416,0,0.0,0.0,,0.0
2025_09,2025,9,09-157-00821,421733,0,0.0,0.0,,0.0
2025_09,2025,9,09-194-00983,361502,0,0.0,0.0,,0.0
2025_09,2025,9,09-165-00851,370428,0,0.0,0.0,,0.0
2025_09,2025,9,09-192-00972,210678,0,0.0,0.0,,0.0
2025_09,2025,9,09-145-00763,214953,0,0.0,0.0,,0.0
2025_09,2025,9,09-158-00823,323589,0,0.0,0.0,,0.0
2025_09,2025,9,09-187-00947,492106,0,0.0,0.0,,0.0
2025_09,2025,9,09-180-00920,406994,0,0.0,0.0,,0.0
2025_09,2025,9,09-169-00870,547951,0,0.0,0.0,,0.0
2025_09,2025,9,09-148-00775,454838,0,0.0,0.0,,0.0
2025_09,2025,9,09-157-00819,214507,0,0.0,0.0,,0.0
2025_09,2025,9,09-174-00886,309606,0,0.0,0.0,,0.0
2025_09,2025,9,09-183-00931,325615,0,0.0,0.0,,0.0
2025_09,2025,9,09-194-00985,337099,0,0.0,0.0,,0.0
2025_09,2025,9,09-199-01002,383425,0,0.0,0.0,,0.0
2025_09,2025,9,09-145-00762,331564,0,0.0,0.0,,0.0
2025_09,2025,9,09-145-00764,488123,0,0.0,0.0,,0.0
2025_09,2025,9,09-171-00876,364219,0,0.0,0.0,,0.0
2025_09,2025,9,09-192-00973,231942,0,0.0,0.0,,0.0
2025_09,2025,9,09-168-00867,534912,0,0.0,0.0,,0.0
2025_09,2025,9,09-166-00859,493674,0,0.0,0.0,,0.0
2025_09,2025,9,09-138-00733,485926,1832,0.0037701213765058,0.0037701213765058,1.0,1832.0
2025_09,2025,9,09-138-00734,432175,0,0.0,0.0,,0.0
2025_09,2025,9,09-186-00941,214700,0,0.0,0.0,,0.0
2025_09,2025,9,09-191-00970,181532,0,0.0,0.0,,0.0
2025_09,2025,9,09-175-00894,374531,0,0.0,0.0,,0.0
2025_09,2025,9,09-177-00903,281943,0,0.0,0.0,,0.0
2025_09,2025,9,09-150-00785,239753,0,0.0,0.0,,0.0
2025_09,2025,9,09-199-01000,515897,0,0.0,0.0,,0.0
2025_09,2025,9,09-157-00822,314007,0,0.0,0.0,,0.0
2025_09,2025,9,09-134-00715,244952,0,0.0,0.0,,0.0
2025_09,2025,9,09-134-00715,244952,0,0.0,0.0,,0.0
2025_09,2025,9,09-178-00910,261894,0,0.0,0.0,,0.0
2025_09,2025,9,09-163-00845,376537,0,0.0,0.0,,0.0
2025_09,2025,9,09-178-00908,201138,0,0.0,0.0,,0.0
2025_09,2025,9,09-201-01007,294623,0,0.0,0.0,,0.0
2025_09,2025,9,09-153-00800,602574,0,0.0,0.0,,0.0
2025_09,2025,9,09-166-00856,352663,0,0.0,0.0,,0.0
2025_09,2025,9,09-192-00974,175769,0,0.0,0.0,,0.0
2025_09,2025,9,09-195-00990,388195,0,0.0,0.0,,0.0
2025_09,2025,9,09-706-00912,254521,0,0.0,0.0,,0.0
2025_09,2025,9,09-179-06868,99312,0,0.0,0.0,,0.0
2025_09,2025,9,09-133-00708,481240,0,0.0,0.0,,0.0
2025_09,2025,9,09-134-00714,322116,0,0.0,0.0,,0.0
2025_09,2025,9,09-134-00712,415065,0,0.0,0.0,,0.0
2025_09,2025,9,09-180-00919,1011787,0,0.0,0.0,,0.0
2025_09,2025,9,09-170-00874,342809,0,0.0,0.0,,0.0
2025_09,2025,9,09-184-00933,291228,0,0.0,0.0,,0.0
2025_09,2025,9,09-187-00944,299009,0,0.0,0.0,,0.0
2025_09,2025,9,09-150-00788,262238,0,0.0,0.0,,0.0
2025_09,2025,9,09-175-00890,135649,0,0.0,0.0,,0.0
2025_09,2025,9,09-706-00914,268820,0,0.0,0.0,,0.0
2025_09,2025,9,09-137-00730,292776,0,0.0,0.0,,0.0
2025_09,2025,9,09-142-00748,150889,0,0.0,0.0,,0.0
2025_09,2025,9,09-150-00786,368437,0,0.0,0.0,,0.0
2025_09,2025,9,09-170-00873,339190,0,0.0,0.0,,0.0
2025_09,2025,9,09-198-00999,115893,0,0.0,0.0,,0.0
2025_09,2025,9,09-162-00842,406666,0,0.0,0.0,,0.0
2025_09,2025,9,09-191-00966,269101,0,0.0,0.0,,0.0
2025_09,2025,9,09-170-00872,579264,0,0.0,0.0,,0.0
2025_09,2025,9,09-149-00782,527418,0,0.0,0.0,,0.0
2025_09,2025,9,09-194-00982,205009,0,0.0,0.0,,0.0
2025_09,2025,9,09-150-00784,384371,0,0.0,0.0,,0.0
2025_09,2025,9,09-180-00921,372251,0,0.0,0.0,,0.0
2025_09,2025,9,09-176-00898,414018,0,0.0,0.0,,0.0
2025_09,2025,9,09-153-00797,394072,0,0.0,0.0,,0.0
2025_09,2025,9,09-191-00967,226329,0,0.0,0.0,,0.0
2025_09,2025,9,09-189-01020,452136,0,0.0,0.0,,0.0
2025_09,2025,9,09-193-00980,148746,0,0.0,0.0,,0.0
2025_09,2025,9,09-157-00820,188558,0,0.0,0.0,,0.0
2025_09,2025,9,09-193-00978,359646,0,0.0,0.0,,0.0
2025_09,2025,9,09-182-00925,485524,0,0.0,0.0,,0.0
2025_09,2025,9,09-170-00871,719946,0,0.0,0.0,,0.0
2025_09,2025,9,09-193-00979,247279,0,0.0,0.0,,0.0
2025_09,2025,9,09-188-00952,177673,0,0.0,0.0,,0.0
2025_09,2025,9,09-184-00934,289374,0,0.0,0.0,,0.0
2025_09,2025,9,09-175-00891,330326,0,0.0,0.0,,0.0
2025_09,2025,9,09-150-00787,332862,0,0.0,0.0,,0.0
2025_09,2025,9,09-190-00961,167353,0,0.0,0.0,,0.0
2025_09,2025,9,09-193-00975,163352,0,0.0,0.0,,0.0
2025_09,2025,9,09-192-00971,157477,0,0.0,0.0,,0.0
2025_09,2025,9,09-188-00954,227243,0,0.0,0.0,,0.0
2025_09,2025,9,09-153-00799,600743,0,0.0,0.0,,0.0
2025_09,2025,9,09-183-00928,527486,0,0.0,0.0,,0.0
2025_09,2025,9,09-188-00950,378922,0,0.0,0.0,,0.0
2025_09,2025,9,09-754-00778,413257,0,0.0,0.0,,0.0
2025_09,2025,9,09-160-00834,219877,0,0.0,0.0,,0.0
2025_09,2025,9,09-164-00849,478232,0,0.0,0.0,,0.0
2025_09,2025,9,09-153-00798,720193,0,0.0,0.0,,0.0
2025_09,2025,9,09-202-01012,405433,0,0.0,0.0,,0.0
2025_09,2025,9,09-173-00883,338759,0,0.0,0.0,,0.0
2025_09,2025,9,09-187-00946,224683,0,0.0,0.0,,0.0
2025_09,2025,9,09-191-00968,309560,0,0.0,0.0,,0.0
2025_09,2025,9,09-175-00889,330670,0,0.0,0.0,,0.0
2025_09,2025,9,09-197-00995,308697,0,0.0,0.0,,0.0
2025_09,2025,9,09-173-00882,498634,0,0.0,0.0,,0.0
2025_09,2025,9,09-156-00817,356893,0,0.0,0.0,,0.0
2025_09,2025,9,09-158-00825,434825,0,0.0,0.0,,0.0
2025_09,2025,9,09-176-00897,199939,0,0.0,0.0,,0.0
2025_09,2025,9,09-176-00900,260930,0,0.0,0.0,,0.0
2025_09,2025,9,09-193-00977,237721,0,0.0,0.0,,0.0
2025_09,2025,9,09-163-00843,302791,0,0.0,0.0,,0.0
2025_09,2025,9,09-175-00892,261833,0,0.0,0.0,,0.0
2025_09,2025,9,09-148-00776,246914,0,0.0,0.0,,0.0
2025_09,2025,9,09-171-00875,1053214,0,0.0,0.0,,0.0
2025_09,2025,9,09-189-00957,199870,0,0.0,0.0,,0.0
2025_09,2025,9,09-202-01010,278422,0,0.0,0.0,,0.0
2025_09,2025,9,09-172-00879,551174,0,0.0,0.0,,0.0
2025_09,2025,9,09-167-00863,887814,0,0.0,0.0,,0.0
2025_09,2025,9,09-188-00953,227354,0,0.0,0.0,,0.0
2025_09,2025,9,09-186-00942,263091,0,0.0,0.0,,0.0
2025_09,2025,9,09-133-00710,201225,0,0.0,0.0,,0.0
2025_09,2025,9,09-142-00751,243373,0,0.0,0.0,,0.0
2025_09,2025,9,09-194-00986,264208,0,0.0,0.0,,0.0
2025_09,2025,9,09-165-00855,391550,0,0.0,0.0,,0.0
2025_09,2025,9,09-175-00895,367446,0,0.0,0.0,,0.0
2025_09,2025,9,09-169-00868,543119,0,0.0,0.0,,0.0
2025_09,2025,9,09-173-00881,477272,0,0.0,0.0,,0.0
2025_09,2025,9,09-153-00801,671094,0,0.0,0.0,,0.0
2025_09,2025,9,09-191-00969,290798,0,0.0,0.0,,0.0
2025_09,2025,9,09-196-00992,295182,0,0.0,0.0,,0.0
2025_09,2025,9,09-194-00981,314546,0,0.0,0.0,,0.0
2025_09,2025,9,09-142-00745,138327,0,0.0,0.0,,0.0
2025_09,2025,9,09-193-00976,178392,0,0.0,0.0,,0.0
2025_09,2025,9,09-163-00847,238715,0,0.0,0.0,,0.0
2025_09,2025,9,09-174-00885,264149,0,0.0,0.0,,0.0
2025_09,2025,9,09-176-00899,186270,0,0.0,0.0,,0.0
2025_09,2025,9,09-155-00810,470274,0,0.0,0.0,,0.0
2025_09,2025,9,09-142-00747,311582,0,0.0,0.0,,0.0
2025_09,2025,9,09-177-00904,195294,0,0.0,0.0,,0.0
2025_09,2025,9,09-175-00888,297864,0,0.0,0.0,,0.0
2025_09,2025,9,09-179-00915,343175,0,0.0,0.0,,0.0
2025_09,2025,9,09-166-00858,393596,0,0.0,0.0,,0.0
2025_09,2025,9,09-167-00861,530912,0,0.0,0.0,,0.0
2025_09,2025,9,09-189-00958,296590,0,0.0,0.0,,0.0
2025_09,2025,9,09-178-00907,215664,0,0.0,0.0,,0.0
2025_09,2025,9,09-183-00930,479267,0,0.0,0.0,,0.0
2025_09,2025,9,09-706-00824,300728,0,0.0,0.0,,0.0
2025_09,2025,9,09-160-00835,329395,0,0.0,0.0,,0.0
2025_09,2025,9,09-182-00926,694526,0,0.0,0.0,,0.0
2025_09,2025,9,09-158-00828,191371,0,0.0,0.0,,0.0
2025_09,2025,9,09-156-00816,450298,0,0.0,0.0,,0.0
2025_09,2025,9,09-165-00854,414226,0,0.0,0.0,,0.0
2025_09,2025,9,09-182-00927,332999,0,0.0,0.0,,0.0
2025_09,2025,9,09-151-00792,799241,0,0.0,0.0,,0.0
2025_09,2025,9,09-146-00766,245174,0,0.0,0.0,,0.0
2025_09,2025,9,09-159-00831,159969,0,0.0,0.0,,0.0
2025_09,2025,9,09-146-00765,212478,0,0.0,0.0,,0.0
2025_09,2025,9,09-139-00736,185652,0,0.0,0.0,,0.0
2025_09,2025,9,09-146-00770,399692,0,0.0,0.0,,0.0
2025_09,2025,9,09-139-00735,336453,0,0.0,0.0,,0.0
2025_09,2025,9,09-132-00701,476615,0,0.0,0.0,,0.0
2025_09,2025,9,09-161-00839,320870,0,0.0,0.0,,0.0
2025_09,2025,9,09-181-00923,604855,0,0.0,0.0,,0.0
2025_09,2025,9,09-135-00718,30546,0,0.0,0.0,,0.0
2025_09,2025,9,09-159-00830,426452,0,0.0,0.0,,0.0
2025_09,2025,9,09-146-00768,361202,0,0.0,0.0,,0.0
2025_09,2025,9,09-146-00767,325070,0,0.0,0.0,,0.0
2025_09,2025,9,09-161-00837,75950,0,0.0,0.0,,0.0
2025_09,2025,9,09-144-00757,123699,0,0.0,0.0,,0.0
2025_09,2025,9,09-136-00727,196791,0,0.0,0.0,,0.0
2025_09,2025,9,09-152-00795,465621,0,0.0,0.0,,0.0
2025_09,2025,9,09-704-00707,281117,0,0.0,0.0,,0.0
2025_09,2025,9,09-144-00758,256856,0,0.0,0.0,,0.0
2025_09,2025,9,09-147-00774,340139,0,0.0,0.0,,0.0
2025_09,2025,9,09-136-00723,187005,0,0.0,0.0,,0.0
2025_09,2025,9,09-143-00754,410199,0,0.0,0.0,,0.0
2025_09,2025,9,09-151-00791,432077,0,0.0,0.0,,0.0
2025_09,2025,9,09-143-00753,226064,0,0.0,0.0,,0.0
2025_09,2025,9,09-143-00756,249273,0,0.0,0.0,,0.0
2025_09,2025,9,09-143-00752,318242,0,0.0,0.0,,0.0
2025_09,2025,9,09-143-00755,483210,0,0.0,0.0,,0.0
2025_09,2025,9,09-151-00790,488653,0,0.0,0.0,,0.0
2025_09,2025,9,09-154-00806,438093,0,0.0,0.0,,0.0
2025_09,2025,9,09-154-00805,437143,0,0.0,0.0,,0.0
2025_09,2025,9,09-154-00807,364753,0,0.0,0.0,,0.0
2025_09,2025,9,09-154-00803,630213,0,0.0,0.0,,0.0
2025_09,2025,9,09-154-00808,344699,0,0.0,0.0,,0.0
2025_09,2025,9,09-154-00804,384210,0,0.0,0.0,,0.0
2025_09,2025,9,09-139-00737,85366,0,0.0,0.0,,0.0
2025_09,2025,9,09-137-00718,136325,0,0.0,0.0,,0.0
2025_09,2025,9,09-202-01011,205131,0,0.0,0.0,,0.0
2025_09,2025,9,09-178-00911,138076,0,0.0,0.0,,0.0
2025_09,2025,9,09-173-00884,190218,0,0.0,0.0,,0.0
2025_10,2025,10,09-168-00865,329409,0,0.0,,,
2025_10,2025,10,09-200-01005,1474789,0,0.0,,,
2025_10,2025,10,09-177-00902,260560,0,0.0,,,
2025_10,2025,10,09-185-00940,106788,0,0.0,,,
2025_10,2025,10,09-190-00960,177183,0,0.0,,,
2025_10,2025,10,09-156-00814,462378,0,0.0,,,
2025_10,2025,10,09-191-00965,410171,0,0.0,,,
2025_10,2025,10,09-149-00781,328089,0,0.0,,,
2025_10,2025,10,09-188-00949,155796,0,0.0,,,
2025_10,2025,10,09-195-00988,251884,0,0.0,,,
2025_10,2025,10,09-190-00962,217471,0,0.0,,,
2025_10,2025,10,09-158-00829,298521,0,0.0,,,
2025_10,2025,10,09-754-00721,406656,0,0.0,,,
2025_10,2025,10,09-155-00813,650969,0,0.0,,,
2025_10,2025,10,09-138-00732,272518,0,0.0,,,
2025_10,2025,10,09-168-00866,394983,0,0.0,,,
2025_10,2025,10,09-155-00809,439546,0,0.0,,,
2025_10,2025,10,09-142-00750,250168,0,0.0,,,
2025_10,2025,10,09-184-00932,234615,0,0.0,,,
2025_10,2025,10,09-197-00996,372999,0,0.0,,,
2025_10,2025,10,09-195-00991,317726,0,0.0,,,
2025_10,2025,10,09-187-00945,313730,0,0.0,,,
2025_10,2025,10,09-135-00720,254135,0,0.0,,,
2025_10,2025,10,09-136-00725,222926,0,0.0,,,
2025_10,2025,10,09-161-00840,228778,0,0.0,,,
2025_10,2025,10,09-132-00704,257364,0,0.0,,,
2025_10,2025,10,09-161-00838,292963,0,0.0,,,
2025_10,2025,10,09-159-00832,400340,0,0.0,,,
2025_10,2025,10,09-146-00769,281210,0,0.0,,,
2025_10,2025,10,09-147-00772,204618,0,0.0,,,
2025_10,2025,10,09-705-00741,213932,0,0.0,,,
2025_10,2025,10,09-140-00739,209858,0,0.0,,,
2025_10,2025,10,09-705-00740,297481,0,0.0,,,
2025_10,2025,10,09-144-00759,215803,0,0.0,,,
2025_10,2025,10,09-181-00924,271098,0,0.0,,,
2025_10,2025,10,09-152-00796,427625,0,0.0,,,
2025_10,2025,10,09-147-00773,372577,0,0.0,,,
2025_10,2025,10,09-161-00836,127715,0,0.0,,,
2025_10,2025,10,09-704-00706,301721,0,0.0,,,
2025_10,2025,10,09-146-00763,199,0,0.0,,,
2025_10,2025,10,09-136-00728,183534,0,0.0,,,
2025_10,2025,10,09-140-00738,207551,0,0.0,,,
2025_10,2025,10,09-135-00719,354358,0,0.0,,,
2025_10,2025,10,09-132-00703,401547,0,0.0,,,
2025_10,2025,10,09-152-00793,580292,0,0.0,,,
2025_10,2025,10,09-136-00726,150557,0,0.0,,,
2025_10,2025,10,09-132-00705,219431,0,0.0,,,
2025_10,2025,10,09-144-00760,211092,0,0.0,,,
2025_10,2025,10,09-132-00702,366795,0,0.0,,,
2025_10,2025,10,09-136-00724,143312,0,0.0,,,
2025_10,2025,10,09-135-00717,254457,0,0.0,,,
2025_10,2025,10,09-152-00794,488039,0,0.0,,,
2025_10,2025,10,09-147-00771,175143,0,0.0,,,
2025_10,2025,10,09-185-00939,386073,0,0.0,,,
2025_10,2025,10,09-198-00997,156813,0,0.0,,,
2025_10,2025,10,09-185-00937,194879,0,0.0,,,
2025_10,2025,10,09-190-00963,160535,0,0.0,,,
2025_10,2025,10,09-163-00846,294823,0,0.0,,,
2025_10,2025,10,09-148-00777,534212,0,0.0,,,
2025_10,2025,10,09-162-00841,500381,0,0.0,,,
2025_10,2025,10,09-156-00818,279205,0,0.0,,,
2025_10,2025,10,09-134-00713,386218,0,0.0,,,
2025_10,2025,10,09-177-00906,250861,0,0.0,,,
2025_10,2025,10,09-155-00812,428994,0,0.0,,,
2025_10,2025,10,09-164-00848,370845,0,0.0,,,
2025_10,2025,10,09-149-00780,163993,0,0.0,,,
2025_10,2025,10,09-172-00877,578517,0,0.0,,,
2025_10,2025,10,09-149-00779,424284,0,0.0,,,
2025_10,2025,10,09-133-00709,239565,0,0.0,,,
2025_10,2025,10,09-142-00746,268412,0,0.0,,,
2025_10,2025,10,09-191-00964,196863,0,0.0,,,
2025_10,2025,10,09-188-00948,162644,0,0.0,,,
2025_10,2025,10,09-174-00887,222814,0,0.0,,,
2025_10,2025,10,09-196-00994,546328,0,0.0,,,
2025_10,2025,10,09-196-00993,289803,0,0.0,,,
2025_10,2025,10,09-754-00722,288878,0,0.0,,,
2025_10,2025,10,09-134-00716,369658,0,0.0,,,
2025_10,2025,10,09-169-00869,361582,0,0.0,,,
2025_10,2025,10,09-188-00951,166724,0,0.0,,,
2025_10,2025,10,09-145-00761,479400,0,0.0,,,
2025_10,2025,10,09-160-00833,392904,0,0.0,,,
2025_10,2025,10,09-199-01003,461145,0,0.0,,,
2025_10,2025,10,09-183-00929,463353,0,0.0,,,
2025_10,2025,10,09-141-00742,220753,0,0.0,,,
2025_10,2025,10,09-158-00827,191348,0,0.0,,,
2025_10,2025,10,09-149-00783,492819,0,0.0,,,
2025_10,2025,10,09-190-00959,415303,0,0.0,,,
2025_10,2025,10,09-163-00844,203374,0,0.0,,,
2025_10,2025,10,09-134-00715,382500,0,0.0,,,
2025_10,2025,10,09-134-00715,382500,0,0.0,,,
2025_10,2025,10,09-137-00729,307501,0,0.0,,,
2025_10,2025,10,09-153-00802,512005,0,0.0,,,
2025_10,2025,10,09-142-00749,242421,0,0.0,,,
2025_10,2025,10,09-184-00936,228359,0,0.0,,,
2025_10,2025,10,09-200-01006,1183994,0,0.0,,,
2025_10,2025,10,09-201-01008,564223,0,0.0,,,
2025_10,2025,10,09-177-00905,219661,0,0.0,,,
2025_10,2025,10,09-150-00789,293993,0,0.0,,,
2025_10,2025,10,09-176-00896,330976,0,0.0,,,
2025_10,2025,10,09-172-00878,731630,0,0.0,,,
2025_10,2025,10,09-166-00857,468460,0,0.0,,,
2025_10,2025,10,09-706-00913,262956,0,0.0,,,
2025_10,2025,10,09-141-00743,238601,0,0.0,,,
2025_10,2025,10,09-195-00989,302424,0,0.0,,,
2025_10,2025,10,09-186-00943,260717,0,0.0,,,
2025_10,2025,10,09-200-01004,379548,0,0.0,,,
2025_10,2025,10,09-164-00850,495645,0,0.0,,,
2025_10,2025,10,09-198-00998,178476,0,0.0,,,
2025_10,2025,10,09-175-00893,333972,0,0.0,,,
2025_10,2025,10,09-176-00901,340169,0,0.0,,,
2025_10,2025,10,09-168-00864,478019,0,0.0,,,
2025_10,2025,10,09-155-00811,716919,0,0.0,,,
2025_10,2025,10,09-185-00938,565742,0,0.0,,,
2025_10,2025,10,09-156-00815,503637,0,0.0,,,
2025_10,2025,10,09-137-00731,389671,0,0.0,,,
2025_10,2025,10,09-189-00956,345697,0,0.0,,,
2025_10,2025,10,09-184-00935,264790,0,0.0,,,
2025_10,2025,10,09-179-00916,233482,0,0.0,,,
2025_10,2025,10,09-195-00987,245764,0,0.0,,,
2025_10,2025,10,09-178-00909,227401,0,0.0,,,
2025_10,2025,10,09-165-00852,305089,0,0.0,,,
2025_10,2025,10,09-201-01009,238365,0,0.0,,,
2025_10,2025,10,09-133-00711,340024,0,0.0,,,
2025_10,2025,10,09-194-00984,316728,0,0.0,,,
2025_10,2025,10,09-141-00744,185980,0,0.0,,,
2025_10,2025,10,09-166-00860,527320,0,0.0,,,
2025_10,2025,10,09-179-00918,276506,0,0.0,,,
2025_10,2025,10,09-180-00922,452797,0,0.0,,,
2025_10,2025,10,09-165-00853,559873,0,0.0,,,
2025_10,2025,10,09-199-01001,596749,0,0.0,,,
2025_10,2025,10,09-173-00880,152235,0,0.0,,,
2025_10,2025,10,09-158-00826,319672,0,0.0,,,
2025_10,2025,10,09-167-00862,811287,0,0.0,,,
2025_10,2025,10,09-179-00917,245416,0,0.0,,,
2025_10,2025,10,09-157-00821,421733,0,0.0,,,
2025_10,2025,10,09-194-00983,361502,0,0.0,,,
2025_10,2025,10,09-165-00851,370428,0,0.0,,,
2025_10,2025,10,09-192-00972,210678,0,0.0,,,
2025_10,2025,10,09-145-00763,214953,0,0.0,,,
2025_10,2025,10,09-158-00823,323589,0,0.0,,,
2025_10,2025,10,09-187-00947,492106,0,0.0,,,
2025_10,2025,10,09-180-00920,406994,0,0.0,,,
2025_10,2025,10,09-169-00870,547951,0,0.0,,,
2025_10,2025,10,09-148-00775,454838,0,0.0,,,
2025_10,2025,10,09-157-00819,214507,0,0.0,,,
2025_10,2025,10,09-174-00886,309606,0,0.0,,,
2025_10,2025,10,09-183-00931,325615,0,0.0,,,
2025_10,2025,10,09-194-00985,337099,0,0.0,,,
2025_10,2025,10,09-199-01002,383425,0,0.0,,,
2025_10,2025,10,09-145-00762,331564,0,0.0,,,
2025_10,2025,10,09-145-00764,488123,0,0.0,,,
2025_10,2025,10,09-171-00876,364219,0,0.0,,,
2025_10,2025,10,09-192-00973,231942,0,0.0,,,
2025_10,2025,10,09-168-00867,534912,0,0.0,,,
2025_10,2025,10,09-166-00859,493674,0,0.0,,,
2025_10,2025,10,09-138-00733,485926,0,0.0,,,
2025_10,2025,10,09-138-00734,432175,0,0.0,,,
2025_10,2025,10,09-186-00941,214700,0,0.0,,,
2025_10,2025,10,09-191-00970,181532,0,0.0,,,
2025_10,2025,10,09-175-00894,374531,0,0.0,,,
2025_10,2025,10,09-177-00903,281943,0,0.0,,,
2025_10,2025,10,09-150-00785,239753,0,0.0,,,
2025_10,2025,10,09-199-01000,515897,0,0.0,,,
2025_10,2025,10,09-157-00822,314007,0,0.0,,,
2025_10,2025,10,09-134-00715,244952,0,0.0,,,
2025_10,2025,10,09-134-00715,244952,0,0.0,,,
2025_10,2025,10,09-178-00910,261894,0,0.0,,,
2025_10,2025,10,09-163-00845,376537,0,0.0,,,
2025_10,2025,10,09-178-00908,201138,0,0.0,,,
2025_10,2025,10,09-201-01007,294623,0,0.0,,,
2025_10,2025,10,09-153-00800,602574,0,0.0,,,
2025_10,2025,10,09-166-00856,352663,0,0.0,,,
2025_10,2025,10,09-192-00974,175769,0,0.0,,,
2025_10,2025,10,09-195-00990,388195,0,0.0,,,
2025_10,2025,10,09-706-00912,254521,0,0.0,,,
2025_10,2025,10,09-179-06868,99312,0,0.0,,,
2025_10,2025,10,09-133-00708,481240,0,0.0,,,
2025_10,2025,10,09-134-00714,322116,0,0.0,,,
2025_10,2025,10,09-134-00712,415065,0,0.0,,,
2025_10,2025,10,09-180-00919,1011787,0,0.0,,,
2025_10,2025,10,09-170-00874,342809,0,0.0,,,
2025_10,2025,10,09-184-00933,291228,0,0.0,,,
2025_10,2025,10,09-187-00944,299009,0,0.0,,,
2025_10,2025,10,09-150-00788,262238,0,0.0,,,
2025_10,2025,10,09-175-00890,135649,0,0.0,,,
2025_10,2025,10,09-706-00914,268820,0,0.0,,,
2025_10,2025,10,09-137-00730,292776,0,0.0,,,
2025_10,2025,10,09-142-00748,150889,0,0.0,,,
2025_10,2025,10,09-150-00786,368437,0,0.0,,,
2025_10,2025,10,09-170-00873,339190,0,0.0,,,
2025_10,2025,10,09-198-00999,115893,0,0.0,,,
2025_10,2025,10,09-162-00842,406666,0,0.0,,,
2025_10,2025,10,09-191-00966,269101,0,0.0,,,
2025_10,2025,10,09-170-00872,579264,0,0.0,,,
2025_10,2025,10,09-149-00782,527418,0,0.0,,,
2025_10,2025,10,09-194-00982,205009,0,0.0,,,
2025_10,2025,10,09-150-00784,384371,0,0.0,,,
2025_10,2025,10,09-180-00921,372251,0,0.0,,,
2025_10,2025,10,09-176-00898,414018,0,0.0,,,
2025_10,2025,10,09-153-00797,394072,0,0.0,,,
2025_10,2025,10,09-191-00967,226329,0,0.0,,,
2025_10,2025,10,09-189-01020,452136,0,0.0,,,
2025_10,2025,10,09-193-00980,148746,0,0.0,,,
2025_10,2025,10,09-157-00820,188558,0,0.0,,,
2025_10,2025,10,09-193-00978,359646,0,0.0,,,
2025_10,2025,10,09-182-00925,485524,0,0.0,,,
2025_10,2025,10,09-170-00871,719946,0,0.0,,,
2025_10,2025,10,09-193-00979,247279,0,0.0,,,
2025_10,2025,10,09-188-00952,177673,0,0.0,,,
2025_10,2025,10,09-184-00934,289374,0,0.0,,,
2025_10,2025,10,09-175-00891,330326,0,0.0,,,
2025_10,2025,10,09-150-00787,332862,0,0.0,,,
2025_10,2025,10,09-190-00961,167353,0,0.0,,,
2025_10,2025,10,09-193-00975,163352,0,0.0,,,
2025_10,2025,10,09-192-00971,157477,0,0.0,,,
2025_10,2025,10,09-188-00954,227243,0,0.0,,,
2025_10,2025,10,09-153-00799,600743,0,0.0,,,
2025_10,2025,10,09-183-00928,527486,0,0.0,,,
2025_10,2025,10,09-188-00950,378922,0,0.0,,,
2025_10,2025,10,09-754-00778,413257,0,0.0,,,
2025_10,2025,10,09-160-00834,219877,0,0.0,,,
2025_10,2025,10,09-164-00849,478232,0,0.0,,,
2025_10,2025,10,09-153-00798,720193,0,0.0,,,
2025_10,2025,10,09-202-01012,405433,0,0.0,,,
2025_10,2025,10,09-173-00883,338759,0,0.0,,,
2025_10,2025,10,09-187-00946,224683,0,0.0,,,
2025_10,2025,10,09-191-00968,309560,0,0.0,,,
2025_10,2025,10,09-175-00889,330670,0,0.0,,,
2025_10,2025,10,09-197-00995,308697,0,0.0,,,
2025_10,2025,10,09-173-00882,498634,0,0.0,,,
2025_10,2025,10,09-156-00817,356893,0,0.0,,,
2025_10,2025,10,09-158-00825,434825,0,0.0,,,
2025_10,2025,10,09-176-00897,199939,0,0.0,,,
2025_10,2025,10,09-176-00900,260930,0,0.0,,,
2025_10,2025,10,09-193-00977,237721,0,0.0,,,
2025_10,2025,10,09-163-00843,302791,0,0.0,,,
2025_10,2025,10,09-175-00892,261833,0,0.0,,,
2025_10,2025,10,09-148-00776,246914,0,0.0,,,
2025_10,2025,10,09-171-00875,1053214,0,0.0,,,
2025_10,2025,10,09-189-00957,199870,0,0.0,,,
2025_10,2025,10,09-202-01010,278422,0,0.0,,,
2025_10,2025,10,09-172-00879,551174,0,0.0,,,
2025_10,2025,10,09-167-00863,887814,0,0.0,,,
2025_10,2025,10,09-188-00953,227354,0,0.0,,,
2025_10,2025,10,09-186-00942,263091,0,0.0,,,
2025_10,2025,10,09-133-00710,201225,0,0.0,,,
2025_10,2025,10,09-142-00751,243373,0,0.0,,,
2025_10,2025,10,09-194-00986,264208,0,0.0,,,
2025_10,2025,10,09-165-00855,391550,0,0.0,,,
2025_10,2025,10,09-175-00895,367446,0,0.0,,,
2025_10,2025,10,09-169-00868,543119,0,0.0,,,
2025_10,2025,10,09-173-00881,477272,0,0.0,,,
2025_10,2025,10,09-153-00801,671094,0,0.0,,,
2025_10,2025,10,09-191-00969,290798,0,0.0,,,
2025_10,2025,10,09-196-00992,295182,0,0.0,,,
2025_10,2025,10,09-194-00981,314546,0,0.0,,,
2025_10,2025,10,09-142-00745,138327,0,0.0,,,
2025_10,2025,10,09-193-00976,178392,0,0.0,,,
2025_10,2025,10,09-163-00847,238715,0,0.0,,,
2025_10,2025,10,09-174-00885,264149,0,0.0,,,
2025_10,2025,10,09-176-00899,186270,0,0.0,,,
2025_10,2025,10,09-155-00810,470274,0,0.0,,,
2025_10,2025,10,09-142-00747,311582,0,0.0,,,
2025_10,2025,10,09-177-00904,195294,0,0.0,,,
2025_10,2025,10,09-175-00888,297864,0,0.0,,,
2025_10,2025,10,09-179-00915,343175,0,0.0,,,
2025_10,2025,10,09-166-00858,393596,0,0.0,,,
2025_10,2025,10,09-167-00861,530912,0,0.0,,,
2025_10,2025,10,09-189-00958,296590,0,0.0,,,
2025_10,2025,10,09-178-00907,215664,0,0.0,,,
2025_10,2025,10,09-183-00930,479267,0,0.0,,,
2025_10,2025,10,09-706-00824,300728,0,0.0,,,
2025_10,2025,10,09-160-00835,329395,0,0.0,,,
2025_10,2025,10,09-182-00926,694526,0,0.0,,,
2025_10,2025,10,09-158-00828,191371,0,0.0,,,
2025_10,2025,10,09-156-00816,450298,0,0.0,,,
2025_10,2025,10,09-165-00854,414226,0,0.0,,,
2025_10,2025,10,09-182-00927,332999,0,0.0,,,
2025_10,2025,10,09-151-00792,799241,0,0.0,,,
2025_10,2025,10,09-146-00766,245174,0,0.0,,,
2025_10,2025,10,09-159-00831,159969,0,0.0,,,
2025_10,2025,10,09-146-00765,212478,0,0.0,,,
2025_10,2025,10,09-139-00736,185652,0,0.0,,,
2025_10,2025,10,09-146-00770,399692,0,0.0,,,
2025_10,2025,10,09-139-00735,336453,0,0.0,,,
2025_10,2025,10,09-132-00701,476615,0,0.0,,,
2025_10,2025,10,09-161-00839,320870,0,0.0,,,
2025_10,2025,10,09-181-00923,604855,0,0.0,,,
2025_10,2025,10,09-135-00718,30546,0,0.0,,,
2025_10,2025,10,09-159-00830,426452,0,0.0,,,
2025_10,2025,10,09-146-00768,361202,0,0.0,,,
2025_10,2025,10,09-146-00767,325070,0,0.0,,,
2025_10,2025,10,09-161-00837,75950,0,0.0,,,
2025_10,2025,10,09-144-00757,123699,0,0.0,,,
2025_10,2025,10,09-136-00727,196791,0,0.0,,,
2025_10,2025,10,09-152-00795,465621,0,0.0,,,
2025_10,2025,10,09-704-00707,281117,0,0.0,,,
2025_10,2025,10,09-144-00758,256856,0,0.0,,,
2025_10,2025,10,09-147-00774,340139,0,0.0,,,
2025_10,2025,10,09-136-00723,187005,0,0.0,,,
2025_10,2025,10,09-143-00754,410199,0,0.0,,,
2025_10,2025,10,09-151-00791,432077,0,0.0,,,
2025_10,2025,10,09-143-00753,226064,0,0.0,,,
2025_10,2025,10,09-143-00756,249273,0,0.0,,,
2025_10,2025,10,09-143-00752,318242,0,0.0,,,
2025_10,2025,10,09-143-00755,483210,0,0.0,,,
2025_10,2025,10,09-151-00790,488653,0,0.0,,,
2025_10,2025,10,09-154-00806,438093,0,0.0,,,
2025_10,2025,10,09-154-00805,437143,0,0.0,,,
2025_10,2025,10,09-154-00807,364753,0,0.0,,,
2025_10,2025,10,09-154-00803,630213,0,0.0,,,
2025_10,2025,10,09-154-00808,344699,0,0.0,,,
2025_10,2025,10,09-154-00804,384210,0,0.0,,,
2025_10,2025,10,09-139-00737,85366,0,0.0,,,
2025_10,2025,10,09-137-00718,136325,0,0.0,,,
2025_10,2025,10,09-202-01011,205131,0,0.0,,,
2025_10,2025,10,09-178-00911,138076,0,0.0,,,
2025_10,2025,10,09-173-00884,190218,0,0.0,,,
