rainfall,river_level,humidity,temperature,previous_floods,risk
149.81604753894499,4.362767366200286,81.09988176929792,34.144337051165216,4,HIGH
380.2857225639665,3.9962088660826294,42.91583969190981,28.778773606025794,0,HIGH
292.797576724562,2.5853852125257406,54.26477860589203,43.934955745918224,3,HIGH
239.46339367881464,6.465400030913392,76.42964458004727,21.569353529527145,2,HIGH
62.407456176974605,5.28961744457766,63.746254116713594,32.63569247996822,4,MEDIUM
62.39780813448106,8.791308930916033,81.69997270444256,36.00630044970668,5,HIGH
23.233444867279786,1.2889862243385242,97.28455308560018,39.766934680361445,5,MEDIUM
346.47045830997405,6.794811347996137,38.158268140063825,27.209130912840212,1,HIGH
240.4460046972835,7.86653990660405,79.66974014786427,35.607657229724445,5,HIGH
283.2290311184182,7.835379122694763,46.12409089424801,24.096044141528484,4,HIGH
8.233797718320979,8.974665703859726,59.013370918529844,28.06428277085461,0,LOW
387.96394086479773,7.561303685465447,32.30039080565979,41.86881393610197,2,HIGH
332.9770563201687,9.350290554829266,39.513516760488926,43.49722827992863,1,HIGH
84.93564427131047,3.9939093983880234,52.384410233422976,36.56452040781794,5,MEDIUM
72.72998688284025,5.528884750763888,53.93900637015895,26.230556723285552,5,HIGH
73.36180394137352,1.126716969546016,92.97096515234671,39.60173369923992,2,LOW
121.69689718381508,1.062618285729621,81.92690364865607,15.776012451762606,2,MEDIUM
209.90257265289515,3.161139584063679,98.05280777309288,18.082377316182633,4,HIGH
172.7780074568463,1.9072647742517672,71.93500572346684,34.84121209126083,5,HIGH
116.49165607921677,3.3419023114217827,46.91996124639226,23.73745725810172,3,MEDIUM
244.7411578889518,2.5933896507555767,52.935852094515,43.54158655201434,5,HIGH
55.797544260816736,1.2566802235478343,52.3885146304377,28.08181836276914,4,LOW
116.85785941408726,9.183737317654444,52.85460293642761,27.88094461167531,1,HIGH
146.5447373174767,1.0740081825000236,77.10749211782709,35.34238530572794,0,MEDIUM
182.42799368681437,7.624739299033768,67.15655496632914,38.027056869185685,5,HIGH
314.07038455720544,2.369330982275649,56.9796924660651,29.266762143754093,4,HIGH
79.8695128633439,9.2100665979964,40.43628381101016,21.420027051351724,3,MEDIUM
205.69377536544465,9.035163456308972,31.549741405950215,38.19925928176865,3,HIGH
236.965827544817,6.885110317323316,45.31842743113848,24.610538246208826,4,HIGH
18.58016508799909,7.050107348205446,37.52299827780769,20.25332307881573,1,MEDIUM
243.01794076057536,1.048052277727197,84.98115215965676,33.9492056977504,3,HIGH
68.20964947491662,9.863844095022419,37.874857046971975,17.71361000971051,3,HIGH
26.020637194111806,8.90049343218233,80.69597661147853,44.14058025258165,5,HIGH
379.5542149013333,9.055956031570828,56.996108284325786,33.97191793236411,5,HIGH
386.25281322982374,6.933200833457848,35.136487282064316,44.57686562765267,1,HIGH
323.35893924658444,4.103082357890829,86.89110346021101,25.166802704359082,1,HIGH
121.84550766934828,9.042837841814327,70.57413991656293,44.136154835711935,1,MEDIUM
39.06884560255355,3.623652353360731,46.503305900450115,19.366867431858708,1,LOW
273.69321060486277,6.064403890079825,92.62768220328675,16.220843170410852,4,HIGH
176.06099749584052,1.8975787510949416,33.1680819709386,15.989521813638078,4,MEDIUM
48.815293937911534,9.297600671194752,44.1273725738434,28.946111117976812,2,MEDIUM
198.07076404450808,2.26693411994092,82.64328494641026,17.490125924357844,2,MEDIUM
13.755408446087358,3.024071251573665,79.65645512169223,30.365036525028053,2,LOW
363.7281608315128,6.023207423153935,50.249018560713466,24.825015105267013,3,HIGH
103.51199264000677,7.876837001916834,34.34174127469482,25.06886977422347,1,MEDIUM
265.0089137415928,6.57416175342669,90.06546505574607,34.06826989635509,4,HIGH
124.68443043576438,3.0892052152014053,51.95883466489318,19.892940184548607,4,MEDIUM
208.0272084711243,1.008487382747413,43.699939044978564,37.99660111019193,1,MEDIUM
218.68411173731187,7.814355222766952,66.1243275652684,32.460927593359045,2,HIGH
73.94178221021082,9.866865933199843,93.71590394977132,42.44833886542533,5,HIGH
387.83385110582344,8.289218082754815,33.04826044903628,25.9452196130257,3,HIGH
310.05312934444584,5.141859563409538,83.60628616216215,44.48144976201377,4,HIGH
375.7995766256756,9.13390535259196,70.07312595570963,32.274829401420696,0,HIGH
357.93094017105955,4.68862905806515,59.78143815862718,44.202058685626014,3,HIGH
239.15999152443405,5.724406758191208,82.0856310873542,15.81181962141346,3,HIGH
368.74969400924675,5.2941679065611496,97.60770971091426,36.839289672371635,2,HIGH
35.3970008207678,5.028614853989724,46.044434781388375,39.49864572878209,1,LOW
78.39314496765807,7.976716923645151,40.055315555048374,16.595198600294626,0,MEDIUM
18.090915564215226,5.740920165425428,93.9017221655888,32.36908992048737,2,MEDIUM
130.13213230530573,3.850454098226945,76.82671542201126,39.05826880768345,1,MEDIUM
155.4709158757928,3.3234235089263047,60.65902150933762,31.831161756692183,0,MEDIUM
108.53961270955837,1.3397258527069005,70.12816991849982,16.914407712164,5,MEDIUM
331.4950036607717,6.248756456947413,82.19297336233709,35.80341722694934,5,HIGH
142.70133067743572,3.069652738609308,84.1122329094002,16.81790744019926,4,HIGH
112.3738038749523,2.3332052981474476,94.39259265732753,39.524066850493156,0,MEDIUM
217.0784332632994,6.8844696744490985,59.87899522269359,16.29102549920083,2,HIGH
56.369689989905055,7.13088332039394,50.53876370135765,19.121921430311126,0,MEDIUM
320.8787923016159,7.769394030318994,74.77649867528893,23.253227715698053,0,HIGH
29.820257471908327,5.5321920670473235,59.10095294956712,34.000943767824,0,LOW
394.7547746402069,9.04649144683498,71.62189177642846,44.29077298893918,4,HIGH
308.89790771866296,9.42708478058405,59.39900589191652,18.534685578598033,5,HIGH
79.48627261366896,8.266338458132406,40.709705067472214,19.28123007641755,5,HIGH
2.2088468494409597,6.720341338073685,62.85987261612709,26.06611190102941,1,MEDIUM
326.18457138193367,3.733488582320698,78.3642475358723,40.08657413265961,0,HIGH
282.74293753904686,9.84650429458199,85.9498665367355,29.016928582524425,3,HIGH
291.60286721639494,3.467225504727445,64.53283937575827,24.64831800767465,2,HIGH
308.5081386743783,2.8239122979138793,41.56665231472806,31.83611496626584,3,HIGH
29.617860693636146,4.979387024079244,59.02813967546021,22.815695923372502,1,LOW
143.38629141770903,1.5115651364114961,85.04057501891887,27.034797217425627,2,MEDIUM
46.347623810051886,9.806450182046117,58.9001489431951,24.978154476961258,1,MEDIUM
345.2413703502374,6.295902007747824,78.75715555229556,39.12423067243938,2,HIGH
249.31925073102317,6.012568824977578,65.50495771746628,42.727671793140026,5,HIGH
132.35920994105967,6.902166519097479,46.88561875765777,37.78716576470735,5,HIGH
25.423340114409456,5.47321282999486,85.7305355616152,28.172507280899502,3,MEDIUM
124.39292868626488,1.2885716538508742,35.894941784948095,30.130049324899915,3,MEDIUM
130.07332881069883,6.510801599563571,66.74231979286054,18.75221081788307,4,HIGH
291.84247133522564,7.445564892607876,44.62237239703835,37.40594133403613,1,HIGH
255.02298854208524,4.750741545616478,34.6945939978963,32.89427038185132,3,HIGH
354.88509703053063,7.815660148640736,65.20537559582742,42.07319988412309,2,HIGH
188.8859700647797,3.0430116940457856,64.96935091544465,21.018334307254598,0,MEDIUM
47.837698375320684,2.9914893195956562,79.48306311730046,37.791783657978364,0,LOW
285.297914889198,2.4527528891881656,82.13254851363334,35.54014985157569,0,MEDIUM
304.31401944675895,4.347952838102456,80.94540420850277,22.975366014292565,4,HIGH
224.5108790277985,8.623108318501751,58.66911130417285,35.02135918622476,3,HIGH
308.3868719818244,8.451208559341579,74.21828510585938,42.73120141729949,1,HIGH
197.5182385457563,4.445417871671534,70.38616698507722,42.55307963001357,1,HIGH
209.09313175279763,6.302068623822129,59.509322928184375,36.588797235484236,4,HIGH
171.01640734341984,7.487346848274241,71.80488859301953,16.4421933760218,2,HIGH
10.167650697638075,3.170860971652207,96.30735136943838,41.16793011960485,5,MEDIUM
43.15657079732178,2.513269773052724,43.502562057696416,34.7333582101362,3,LOW
12.5716742746937,9.748863938910798,93.40404670498684,24.313027595482033,3,MEDIUM
254.56416450551217,6.558015818886567,33.74188597882389,20.61751085117098,2,HIGH
125.74239243053067,9.832741496502974,51.58724490311624,18.486115889919514,2,HIGH
203.4282764658811,4.039803884190062,50.17016740280698,16.50710697773283,3,HIGH
363.0265895704372,7.327285299767183,73.8455575516634,37.62309743852269,3,HIGH
99.71689165954997,3.0034327288711395,39.18574662441032,22.075289968298257,0,LOW
164.1531692142519,3.3508015414652164,91.76433282878276,15.727588081297652,1,MEDIUM
302.22045541721945,5.607119091426616,87.9985985925529,26.91811955525968,0,HIGH
91.51926619664899,3.876563129572641,75.64460737796944,29.478212417770166,0,MEDIUM
30.791963931517195,2.50859407456526,62.08896822545384,20.076906927003808,1,LOW
115.9005811655072,3.3659263179039343,95.30692294994549,16.321450084876492,4,MEDIUM
64.48851490160177,1.3217355501927819,88.15225883043891,20.673764492942066,5,MEDIUM
371.87906093702924,7.3398125932973795,64.95206036568715,35.37308285509723,4,HIGH
323.2481518257668,5.429049913772754,79.13113481180179,17.467310317536192,4,HIGH
253.36150260416937,1.8481875976407305,69.68509665257793,31.651110916709815,4,HIGH
348.58423607508706,2.545245938156421,71.15595668717852,19.392359637245,2,HIGH
321.4688307596458,1.9228108430137962,53.16832486062299,20.87067520741258,0,HIGH
74.62802355441434,6.5133352744828885,62.34592232374277,26.79233649800096,2,MEDIUM
357.0235993959911,1.8478932725124442,35.46850015528209,18.02476008161194,2,HIGH
215.7368967662603,7.788540997316945,55.014408416521476,20.196105083466385,1,HIGH
322.976062065625,1.1845982738835206,78.70799607535064,25.46857234354062,4,HIGH
358.4365199693973,3.244382091963029,96.72512213543304,24.890070164951005,3,HIGH
127.20138998874555,9.016000083027164,97.41448789341142,37.47814457027196,4,HIGH
44.02076981107071,7.4667818631002145,68.9006008387424,17.24346915379273,0,LOW
91.17406501677667,1.6567149963311896,72.46355762667073,40.8135220699903,2,MEDIUM
170.84311545050252,8.390134940366618,43.00048298506773,39.48696512218365,0,MEDIUM
327.20590636899726,5.437316093861843,78.67156756654715,37.979749190758156,2,HIGH
344.2922333025374,8.621047244519463,34.94611548720704,24.281170873893977,2,HIGH
2.7808522124762813,6.406657970053541,49.927998005961115,39.686453566223626,2,MEDIUM
204.29892103102628,7.136497288295729,76.78543430998096,20.484062408678426,3,HIGH
166.9644012595116,9.941514043561373,51.72170920804425,18.732276175650846,4,HIGH
88.8431241882921,3.0910199133161633,33.4892811880118,16.34869000468462,2,MEDIUM
47.94614693347312,6.615510172852495,88.23092865456746,43.17931089016727,1,MEDIUM
135.0460685614512,5.142892510516585,51.72310049941942,24.240326931158208,5,HIGH
377.16388156500767,1.355067576304223,34.41736574010749,42.52853640533718,5,HIGH
129.2811728083021,1.1302357735257853,35.23517151520056,23.178406845579893,2,MEDIUM
207.51624869734644,2.073057200360728,47.62311591521275,42.22697878009049,4,HIGH
281.2075835580711,6.841825664846933,42.461116305506835,42.117871585382645,4,HIGH
145.4518409517176,6.10446779122053,84.20100824461056,42.71028135032139,3,HIGH
388.7128330883843,5.980866050473547,52.51788326669241,29.884603178525815,2,HIGH
384.9789179768445,1.2867108627543407,86.32870495278829,40.97838860396676,1,HIGH
100.71291833014567,5.223726967240063,42.169219847620695,43.5229768850196,3,MEDIUM
198.89940235695417,9.321605360582756,64.50154256808587,24.738508256915384,3,HIGH
120.35132392670786,4.57832682379582,78.16259934871901,27.566232170476653,2,MEDIUM
113.93619775098705,6.6243022280961075,75.63935977060984,36.57720562007232,2,MEDIUM
14.754778941813118,8.018368080608292,72.07905869511882,24.010794651699026,3,MEDIUM
243.82573359195874,8.055327512276989,94.73751213518189,37.61427926737977,3,HIGH
201.0716092915446,5.673520741557442,45.996760339472104,17.216764356406017,3,HIGH
20.59150049999574,8.721567508621026,64.56034431234738,30.704951528656267,0,LOW
111.45858569464457,4.522402840273722,91.87947850506862,18.669404522512355,3,HIGH
363.3063543866615,8.998238933063185,35.45256359166099,23.79970429310029,4,HIGH
95.82475626678897,3.162044497559908,33.91217877771527,22.75876177459416,5,MEDIUM
57.95794883648924,3.5219476629151396,46.3311601290804,40.16796220687998,1,MEDIUM
195.7811041110252,1.47808561779101,74.31148536766129,20.805517662185924,1,MEDIUM
394.2601816442403,8.160236528880546,48.19157385148648,39.253437604773566,5,HIGH
96.82210860460016,4.75349712609435,43.31679186661593,38.81881037723766,2,MEDIUM
268.8542189623514,3.062049525202591,62.116162075080446,29.966491666716898,3,HIGH
304.64784613148703,3.086112498549217,72.9518648138588,22.01529766788389,1,HIGH
95.05501759695987,9.112599471063099,47.39903949117183,21.80689019868668,1,MEDIUM
291.2865394447438,8.505249404149332,51.04838307066194,28.947739413475432,4,HIGH
147.11325308770128,5.98177796821465,72.94915133680597,15.26427022180549,4,MEDIUM
252.9223322374318,6.54499720374149,96.2016895392617,30.940522638340987,0,HIGH
253.41188430435787,5.268930134952619,77.23192092066617,43.583385773011656,5,HIGH
214.3098736299034,4.52499888590928,84.8032900509192,19.641206455877896,0,MEDIUM
36.11590802176332,9.239291930964983,55.67670663288281,32.2003686442681,1,MEDIUM
334.1209982356952,2.1305143316827184,49.05780515691262,43.8533606593337,2,HIGH
128.31202598869433,4.7660211074460515,61.79874202418358,40.815664184748,1,MEDIUM
74.6074041599417,4.1010571718908775,86.49929800981715,40.511403491440205,2,MEDIUM
16.310056621905566,5.483356482260335,61.94097492533891,39.655497911885675,1,LOW
236.35717727529672,5.118686870906576,89.27077861529027,24.27070818168557,4,HIGH
271.02574473691294,5.6700057848597325,99.2140386486589,41.71850493800437,3,HIGH
6.635131571142461,2.259270795042947,35.041866601123544,43.240210536995136,1,LOW
204.8372233197124,5.618273513619494,33.17871092585926,29.87377269897118,0,MEDIUM
90.59831007917518,3.1817693249848977,40.471279203935325,25.637131417783763,2,MEDIUM
258.06911616377994,2.6589821408937215,56.90587730140423,27.426870468175686,2,HIGH
69.74657160199658,1.583507969075721,39.172954640180265,25.026193254937965,1,LOW
276.37509524098635,7.863873028805268,90.94651343331292,21.372553260736204,2,HIGH
154.69413852021495,4.84697728770904,31.620237571894467,33.55345410758668,0,MEDIUM
374.6919954946938,6.639793149805826,52.10549014350758,31.877906587359686,4,HIGH
55.0083776583973,7.54834008974269,42.92862406459437,28.87755213117827,3,MEDIUM
136.4265404201034,7.113849987821982,95.20775311102726,17.875361600544952,3,HIGH
45.38940849623563,5.234506471807141,76.86367034230196,38.90678894118,2,MEDIUM
369.8774473114251,4.491086760565569,93.84211795159621,20.248006882523676,1,HIGH
350.9357413523924,4.383639186765974,98.06300972172754,18.436861301881443,2,HIGH
103.17665108606224,6.760439172370507,64.79687705741584,33.69214186448842,0,MEDIUM
263.99361841367164,5.453149194476861,46.40233756336184,26.959330837131695,5,HIGH
326.88888008048633,8.642190231896596,43.56101503376125,16.794254260569883,1,HIGH
222.08032463978492,8.87231785894041,45.60432031800884,25.667050648831747,4,HIGH
211.86023134240259,2.5350434020586663,79.6015315335402,38.15341056854888,0,MEDIUM
96.74091636018068,2.226102863911531,32.83120096861005,33.457476156512925,4,MEDIUM
37.241107122359686,6.673608334323996,33.59527511229004,25.883580689609904,1,LOW
358.8863031813307,3.7110317325605147,72.5700059668205,20.75414374903764,4,HIGH
360.1672228653322,1.1671364688858898,74.94400027161845,33.9538686241432,0,HIGH
253.24058290930716,8.997784024266597,76.5684047025722,41.62665902839066,0,HIGH
135.61191641948028,3.042106905194274,56.031635321201385,34.38818154047742,2,MEDIUM
139.68382984506437,9.363525865172281,86.41614220999072,39.387115639506725,5,HIGH
290.38227154809573,7.456910057904283,67.35372114086323,30.64583515663113,1,HIGH
358.84410398103086,7.863881409203358,37.38259410065936,36.539133202230865,3,HIGH
354.8345697060469,2.8131534621384438,85.79695149471416,41.886803213350575,5,HIGH
311.9502183430495,3.1077498305513163,96.71474503893208,38.19536934775965,3,HIGH
256.8126584617151,5.691409784416592,34.20254191016511,42.29561860194437,4,HIGH
33.65598599801953,2.5488986738487593,57.39459370904059,27.934188063481795,3,LOW
64.65148563784551,3.7488852341472905,64.12612313843233,42.1266076538117,3,MEDIUM
359.4216754108317,3.89316230153024,40.252953205482186,33.647017034451224,0,HIGH
242.57162386383598,2.436669399274877,90.7396263448014,41.10146298245081,0,MEDIUM
3.678820646651859,2.8466455005564466,49.89047514230308,16.181295913135063,0,LOW
40.588617146412844,8.096966578074309,84.81059779567121,34.73557145740608,3,MEDIUM
265.40070764322235,2.5047626909254155,76.96961374198213,40.43925236633696,4,HIGH
2.0246335384874747,1.2561165265953025,71.86320757269164,20.226061009295993,1,LOW
64.32322056699947,6.664194483660446,43.449999408758806,34.8536080039477,2,MEDIUM
219.49351574663444,9.783848074532049,45.4492464385634,39.74864142649895,4,HIGH
276.7580790770773,3.9809243316080924,33.31438833225985,23.638481088979113,0,HIGH
260.7845038010402,2.0679013287662706,46.84987008475865,27.15738983719176,4,HIGH
89.70772378422392,6.133485928307777,54.181052662235984,32.08553155497658,1,MEDIUM
284.8716885390144,9.157187899860816,88.32017127036977,30.57503066653686,5,HIGH
94.89963499872003,8.056556018456309,55.64748667003637,16.17568179111407,0,MEDIUM
130.1598792637071,6.602642815714444,82.82352479359244,17.960162942562402,1,MEDIUM
298.59656204720966,3.8355084694683943,60.76095969068413,18.01399737913084,5,HIGH
259.85315961888585,5.87692155948598,84.9407818395722,22.86803716497525,2,HIGH
339.6893641976712,1.8212035717382982,98.33901203059278,22.375923384073477,4,HIGH
263.04515692013734,7.1105088185260295,46.788909064030605,37.26667151360399,2,HIGH
227.32344133418866,7.525864170078858,90.36391283747133,32.18233158048434,3,HIGH
37.469907131236994,9.685284606189269,73.52768604140422,37.91928253935723,4,HIGH
147.0863212237734,3.3435762287056447,87.21059831120584,17.096881722326103,5,HIGH
106.08094707269018,1.1661077713872037,75.61101315874637,29.55642712414802,3,MEDIUM
97.59585735163343,5.9104761798443555,59.67646550919051,24.713267377958083,1,MEDIUM
389.2042219009782,7.36111453957133,45.96524576092533,40.49817932267239,3,HIGH
157.23908986670415,8.113667282946892,34.902465773181554,36.2336747072971,5,HIGH
356.8186220708453,2.7436503972232953,67.48628551225019,41.07775412480389,5,HIGH
252.45545039890516,3.355775821333213,99.32282661688059,16.392813672181802,1,HIGH
317.9245214166594,5.613318327405667,81.66292635099444,36.624704686998015,2,HIGH
201.05483724207684,3.9754072897300166,52.914187897931164,31.20025056478734,0,MEDIUM
230.76155385054363,8.744603379287005,87.90433600607147,39.75000087046698,2,HIGH
197.00707752754556,5.263841383648482,83.82888001234846,30.21481772777463,3,HIGH
78.0971951192178,8.196207796918028,49.714505534741974,31.206272337057268,1,MEDIUM
288.9808461046021,6.225577844341184,31.001524285596428,16.553021428261953,3,HIGH
112.30894497634232,7.9578112745540075,38.271384697376476,35.055685951079,5,HIGH
9.726386572581536,3.9940568787729145,91.41143332184403,23.1941962681515,0,LOW
258.1889183628671,8.4827495973728,88.55941247134102,15.590817665364614,4,HIGH
70.84427176281957,3.4711508399591944,50.66463006148537,16.9931148751809,4,MEDIUM
376.18343374116574,5.914889272029617,49.96367983990943,43.718568268980775,4,HIGH
381.5714308010349,2.926064018564868,85.50054909717298,25.382318687395408,3,HIGH
365.9457560881794,5.27973869463574,95.64162289267955,41.04226885863477,4,HIGH
148.06348010217775,3.863576885578328,84.539607975832,43.79031702207767,1,MEDIUM
6.182646611546971,3.4003308757349284,72.3905073921533,43.29801566511968,0,LOW
371.32742503509013,9.702865162252337,46.986994523226315,41.4517572209826,5,HIGH
171.27365932692572,2.4406669493805757,66.80235398666824,41.84531737383902,2,MEDIUM
386.6619276174678,8.085932537116557,46.34583010152852,23.670241330228546,5,HIGH
385.44799083570115,9.857484635348934,86.56079940677415,19.54409670781075,1,HIGH
341.203782186944,1.1791133536607004,57.08727556624161,34.17787686263771,0,HIGH
117.77955682783427,7.291246726378855,88.35880518958183,29.643167756064713,2,HIGH
154.0390914407701,3.276206250006584,56.71264525879077,17.96240156085513,4,MEDIUM
340.45466860674276,1.36439041895474,87.69045836399239,35.32623948067233,2,HIGH
126.76880206251107,4.6260062106096775,53.33224706156693,31.885800224543203,3,MEDIUM
67.797098674437,9.416960291537876,60.80928932323689,40.89202202431317,3,MEDIUM
222.72050498334005,1.1058858493029793,73.08418935398603,33.27551387065196,4,HIGH
374.4619096643124,6.290971227368035,34.92013298209431,32.21838539165261,4,HIGH
278.4119186699892,5.512568307357919,96.37449432708252,28.222551699978837,1,HIGH
228.024468035746,8.860457479339427,70.15240502866622,28.88361209666611,1,HIGH
38.87059750830741,1.7560154306856308,65.54740102835616,43.63143680937348,5,MEDIUM
246.0028906796679,7.133734268979853,88.75757797839384,19.15338028200718,3,HIGH
396.0215400417053,7.120987285899496,90.60339109277793,28.386564557465615,0,HIGH
56.03360609460961,7.021720151760549,66.55822831703112,34.67481701780528,1,LOW
207.3318609454947,9.481010454415333,94.90836280555462,27.99031936771199,0,HIGH
350.94922877118216,8.407787761061924,34.531643625353645,23.496468811222734,5,HIGH
296.30744710168176,1.3777545361915542,37.92580545758523,23.620721122885644,3,HIGH
278.8062963981072,5.239745656340618,71.7751761010108,22.009681387731472,1,HIGH
280.9936335948437,4.581577505812001,54.78461032555086,25.317096017492688,0,HIGH
143.79646048790207,3.7913249898172188,62.495761633243916,41.15024326750701,5,HIGH
117.43673770579734,5.0620305263868755,52.96554525280166,30.156736509689857,0,MEDIUM
323.74446219140543,4.457747664333797,58.330771801145495,22.207161842334553,1,HIGH
324.0453578716723,4.891005098907987,87.58524430024096,26.53580151079597,4,HIGH
346.8289274320415,9.813356790477782,71.54333398980133,18.17491236235704,5,HIGH
365.2962210225885,1.7976967727462267,99.81411844984488,42.12107219216214,5,HIGH
204.53695954437512,9.300077828548568,85.0815438474674,27.24593496274296,2,HIGH
200.60651787487984,5.32213042123924,49.15663778712786,44.411736137792275,4,HIGH
319.31807158671006,6.61368020949587,48.50415824086873,25.426163197875578,5,HIGH
259.98557231110607,8.471646699559244,53.5128789081905,40.09068141681364,2,HIGH
280.7867509030813,4.2441672623433,89.02816364534199,22.691559398743596,0,HIGH
318.31706777444043,4.873797172791702,31.910135545539593,17.284586801328068,1,HIGH
356.00213672702654,4.685666322508426,46.11268952098804,15.95200085021402,5,HIGH
135.19806274061432,4.372579202821838,93.34428942409869,33.18505279934351,3,MEDIUM
150.2331810559776,9.329763894822054,74.79275052582764,24.34721015020768,1,HIGH
37.5927759363476,8.460369020737108,45.87929668507395,28.305596414274852,4,MEDIUM
231.3120563984696,1.980999908766785,45.340147776280624,39.55941106802386,2,HIGH
14.376909518696834,1.9731101722938642,90.38326712316014,22.443242570844063,1,LOW
186.23920725298407,4.850825633676921,92.56302557939325,24.259574302047398,2,HIGH
217.05785388303065,1.8879163905952816,47.92917636734807,40.36008555176002,4,MEDIUM
114.61650085131376,6.571837857440077,59.43572506535726,29.782868200305124,4,HIGH
236.3333042276043,2.293224465355605,88.4217017039822,39.829955011574626,1,MEDIUM
12.200099975619771,5.70135937570121,83.97052070269197,26.23428010398949,5,MEDIUM
14.939275499685767,1.0649795230334598,86.97412745962592,26.951099424813258,3,LOW
329.0402242638633,3.8493671357138206,66.28787335515781,20.014150853347687,5,HIGH
144.07625656450514,7.094716513053899,93.80843338136212,42.49037560784899,3,HIGH
50.82420506075391,5.356350462050636,52.81660807681047,41.90351082037829,2,MEDIUM
208.89730402192174,9.804425373990894,40.96704940432626,44.526510436943205,1,HIGH
307.99742123944435,8.866934164595897,79.61126327954054,27.073413815091346,0,HIGH
86.32841099873727,4.2316370113883615,67.75480912048275,39.55844825275926,4,MEDIUM
249.15619032760011,1.4093788732504713,89.82100381666368,27.448611950163556,5,HIGH
34.1389859975072,8.610636701035169,35.681147438730044,28.628963667629183,2,MEDIUM
20.67268846744308,9.201108792832043,89.05846824066468,39.89998180784474,4,MEDIUM
212.5418526272592,8.385646540771331,50.53062572461755,20.321003126591993,2,HIGH
216.2540486440426,2.1515494682778837,75.8398967017728,21.60932803385257,1,MEDIUM
254.97196059928262,9.98123620971059,32.80901523547791,24.441847211874453,2,HIGH
290.43653348906463,3.3272579939749645,72.67069074125205,38.645370975001725,2,HIGH
390.34083178501385,7.51784421527533,80.20901824311352,26.179546481042482,0,HIGH
206.52013932047814,9.172313887021494,55.812515015393416,25.745046248422845,2,HIGH
129.1825891764984,3.121184028976385,45.07874936834982,44.964490357657255,3,MEDIUM
318.0744779074815,9.174326992093594,67.63414736224814,26.514184292984382,2,HIGH
108.3329005048297,3.7853342127538028,88.32335631049526,22.43311608946761,2,MEDIUM
175.58856828225444,9.787719001456505,52.648315080765556,33.6964103460283,1,HIGH
31.38255253690638,3.5313401834242715,47.672850826489565,39.056398558650024,2,LOW
10.140297366183004,9.580922422820517,49.52547160463814,17.088235011694778,0,MEDIUM
385.05936587117003,1.4819018580340741,96.43925070416651,33.56676693415425,1,HIGH
334.3920482048823,7.383448105028317,55.149384103519175,16.072063676406742,4,HIGH
278.38968243747917,5.789000204533034,30.252296792180104,30.78997052938554,3,HIGH
163.58117776570796,5.300893694104576,84.71768455717338,22.709746912734275,3,MEDIUM
69.31772802833831,3.01144882830256,78.94923567347732,24.19925093019557,4,MEDIUM
62.57481706843442,7.350362107988428,38.99977852220782,29.01287891947148,2,MEDIUM
100.09715926583813,2.717285423016764,98.94329743944387,42.81322382236761,0,LOW
219.6906658824482,5.975576163862915,72.56435997135779,36.3200191976363,0,HIGH
285.83836908002496,3.2792082673622573,65.05456436584211,43.10536788853489,0,HIGH
264.0789506870925,9.600592418032205,56.755348733602375,34.799130136760326,0,HIGH
111.97355877837714,1.2576807445208753,92.90709288945465,15.21323241263579,2,MEDIUM
381.94611226527763,2.7975545210011292,47.07744369929943,22.96755592043033,4,HIGH
295.1587666783074,3.1807954574870294,50.00382301539313,42.173177331611214,4,HIGH
221.74162100456027,4.726610431910348,38.56875646805968,34.30336562903234,3,HIGH
244.6882984937409,3.0945721768304817,83.1383366908982,44.449417097108245,4,HIGH
167.84002497111595,5.422141812419067,71.68844962840973,19.67892057654887,0,MEDIUM
99.09239580046298,8.85218970932685,72.63463184781489,23.902434993195584,2,HIGH
142.38907146050462,7.4085707926825375,45.29293017136246,25.87102978551109,1,MEDIUM
303.13844418574763,6.219657824815999,75.58178723889587,24.796734545019316,1,HIGH
5.757395451902347,1.8010286018441168,83.58209130728048,22.559745904496417,0,LOW
46.429056202766496,7.245928975503481,55.05219715079825,28.303971472703335,5,MEDIUM
18.4010568087011,2.4977285587984586,86.09430007731986,34.268943701081135,3,LOW
16.291520927588053,8.077306473655282,54.41534119724147,24.33770768660088,1,LOW
342.1842336044029,3.2505108265913787,83.06969230565014,17.390997699427672,5,HIGH
281.46314375200944,4.753438554888108,32.36110752204033,36.2559758067949,0,HIGH
189.66953163493008,4.154231820861352,68.58152210315569,28.77049667343806,2,HIGH
39.13366426040059,8.72932523207371,97.86685924479207,31.694469182701898,1,MEDIUM
196.64635004673295,2.1389001284206732,98.68712204776735,28.662019714917452,0,MEDIUM
189.38870831222627,6.090803941463097,49.72268048392184,41.710725103647306,1,MEDIUM
69.28074796400607,2.27855448498756,60.89793637562488,31.7623499149914,2,MEDIUM
173.54065969518922,7.34316252518968,34.40845355906431,42.69830519555249,4,HIGH
159.40189375894937,9.14570315015033,91.13389153232198,30.317260246680007,4,HIGH
246.34003922088658,4.911468884805281,69.80005071981499,23.777644867208455,2,HIGH
254.03746034705753,5.392830342384783,56.95704752583619,25.6632776152859,2,HIGH
18.121603908817807,9.346805528344861,37.893939094240714,30.66387880754357,4,MEDIUM
149.8450458505885,5.688922497844214,96.27370998478224,30.89968313415026,2,HIGH
250.34396628569456,5.388385942446049,67.11533334746956,35.620131046468465,2,HIGH
201.25450343203508,6.204961924338737,49.804955035803275,21.734846165598924,2,HIGH
342.5959364753289,7.2030676272665675,54.515059109205666,34.76528699896505,4,HIGH
263.477452647578,1.9619503757832826,48.948802664550335,38.357640251422566,4,HIGH
65.17377083257188,8.389994749673644,72.12668661998865,35.297759684009705,5,HIGH
28.227498960171935,4.919545247079333,95.0974503046357,29.454843294527727,1,LOW
256.96771128252624,1.6511365890773697,89.9685662328595,44.750419533505024,4,HIGH
10.604524216648725,8.07564402278392,62.22666127981842,27.144394773876485,1,MEDIUM
234.31023250938532,4.392549745176449,87.85495536107055,18.197718437394876,4,HIGH
376.092096569983,1.9033074558554854,59.617383689343086,39.64512646222029,3,HIGH
230.1896711503516,6.704011355889255,47.66149985310466,21.366036566412546,1,HIGH
155.26797048260877,8.921182180902775,98.83905806864995,36.39856718707326,2,HIGH
257.3152873769413,8.989781584725877,51.27212975795753,20.369288481453776,3,HIGH
183.30115619660666,9.618971273280758,52.660696169083586,15.506321725738182,5,HIGH
218.24671572637396,8.809349137900192,99.27850074505656,19.79395811367077,4,HIGH
376.5859235106101,1.019268274109277,39.374924521595844,26.309660897274657,4,HIGH
154.4410551203097,4.422170497720512,83.23737916067866,18.198547413893948,5,HIGH
384.4762255295657,8.366883219149528,95.50689309379085,20.93037252707046,3,HIGH
362.14025678242547,4.296277053986268,65.8256495992793,37.93878833053179,0,HIGH
78.31645391571857,6.4139365574173555,30.176523319197404,38.09650823931392,2,MEDIUM
27.744520350066182,6.456852526370788,56.25412608791744,39.5246468157293,1,LOW
40.31120055097066,4.285227736349407,37.8098294669379,40.234657096427775,3,MEDIUM
7.288730260619891,9.140265345531589,59.1331362653587,27.613076838412663,1,MEDIUM
37.77718430237136,5.529055108475059,85.30187331495992,41.02648982080585,4,MEDIUM
273.20270936654276,5.183057853437507,60.70980842186603,30.778106250421292,0,HIGH
28.475459384091593,9.977623710957063,60.234758494214574,29.117913508080242,5,HIGH
127.59025211750452,5.44150327665355,68.97526338431926,36.556089869873276,0,MEDIUM
337.95012438778184,2.6055842673572296,70.71834093233761,21.414552340797215,1,HIGH
9.308774294330346,5.617624805770943,89.94074161592799,38.68492130482416,5,MEDIUM
325.7873930355743,8.326150619679371,51.5848807460266,27.883974796986095,4,HIGH
112.74190990935998,7.991742942084533,87.51698850576112,18.818862420112815,5,HIGH
47.2659310486625,8.09723588597624,69.6153624084433,18.57935740550903,5,MEDIUM
278.6948661456603,7.372214055981206,51.03706848020029,19.947202315401004,0,HIGH
251.5771387119536,3.287960461600194,50.6588230804254,41.71718202731347,2,HIGH
350.98880541082116,8.758756772562084,55.27962619740072,44.72813466777143,4,HIGH
294.02841752155433,9.040991188386386,73.58852698339828,25.709213976038505,3,HIGH
321.39237215393945,2.7473742695669414,46.15682119519644,23.764315566158928,3,HIGH
112.81382902852259,2.174100728962545,94.42334931705872,21.56312917783012,3,MEDIUM
70.97581751188913,9.780444717302009,70.24388089245303,39.71449431501736,2,MEDIUM
300.24590065634334,8.81491567285331,94.40110438972047,21.276224472566284,4,HIGH
322.7338957069056,9.03912532488952,33.24830510054083,42.72270389790809,5,HIGH
396.2020568002693,8.977387461619557,53.982795932303134,35.02051136913848,1,HIGH
165.0470707645706,5.875181416303556,31.596536248133617,41.91383375007584,1,HIGH
148.80723431711326,6.817615629992197,49.05762705685788,31.62029563182439,4,HIGH
310.56518429679875,5.908265669202775,90.34045305880117,35.7203958654749,2,HIGH
136.32141610120715,1.4608571427129617,32.56268010895406,33.58374301973123,4,MEDIUM
372.3029302414259,7.709527768174954,60.530296994102144,39.935863689713905,1,HIGH
343.3651007372047,5.547988300022922,38.22969493312594,40.07582433557643,4,HIGH
171.59761095000735,6.829381673112068,59.178846148225745,32.693789995353754,3,HIGH
300.34842711659894,5.523758244779818,88.71961089850642,33.97522947989317,5,HIGH
301.81714963387293,5.426301900902104,73.61497233817633,42.6562776149349,4,HIGH
41.24954753437304,2.5461019852999014,81.57294417319963,42.89599451894908,5,MEDIUM
361.0211626718267,3.5084234362703404,54.43728808147067,34.92749351685545,0,HIGH
202.10094897914286,2.4296742274956022,96.10783865070991,15.232628345194906,4,HIGH
330.5829864430967,2.760996660628082,79.648346564565,18.13233644261823,1,HIGH
128.0198404122447,9.756796423782744,59.525917349917165,40.73827595323249,1,HIGH
358.2092913984802,2.378021011949786,59.85253601589385,17.541423491124046,5,HIGH
155.68067149366524,3.4234338187468687,94.30789245603083,21.405575425651993,1,MEDIUM
4.335060592119344,6.315306919647265,70.34832854047743,21.916400406649554,3,MEDIUM
362.15279056770544,6.491607186129777,79.44654469321293,33.007043093397144,1,HIGH
36.51467071445342,2.3857671676944614,59.192465715921955,32.298983936512926,0,LOW
127.72545503616595,8.14345683206691,45.65849353352999,23.682525702612008,4,HIGH
380.024786820322,8.066825811215425,80.6491504396093,21.228340967053285,2,HIGH
380.24285877502246,3.13585933783502,72.54766404989715,37.93596089572428,1,HIGH
229.37515524931445,3.597996724079144,65.09400162973455,43.063684668179285,4,HIGH
252.7348848679197,9.441890789135472,73.68146579961247,16.58417039749316,3,HIGH
179.37820879132792,8.431043013815302,44.57999102449635,18.995413881145886,4,HIGH
117.28430867922582,7.2801732975627145,85.57570945723694,34.26491966117122,1,MEDIUM
131.4658181479664,1.7400989935954048,96.37139635142141,39.133243550142765,1,MEDIUM
269.00738243081537,4.764376728123182,92.37722009173919,38.73566006329199,5,HIGH
300.949811775072,6.033716848691443,52.5005021714912,36.59049459248068,1,HIGH
316.6316174903394,2.6867015918539923,58.42040412974531,41.62283863494276,0,HIGH
315.8472571178215,5.034039238974021,86.58816098582929,21.520466387124387,4,HIGH
36.482441219476144,6.409232897398209,71.65819915772227,18.218728394758415,5,MEDIUM
197.76812188103258,3.946390121038593,68.35401105736545,33.46088910274105,2,HIGH
23.023504006657713,8.028503370554384,94.86493772734116,39.66827674570297,0,MEDIUM
219.8115529294942,8.564046234749249,67.52174726839355,32.4613073544172,2,HIGH
176.6122005493508,3.9124852249066366,66.04570757111169,43.889924623767186,1,MEDIUM
355.08167310331993,8.547914390432116,32.94130138864517,38.86693384175368,2,HIGH
140.36600502083147,1.9321890949271352,34.85918710130964,36.023754027277825,2,MEDIUM
46.82680657104235,8.539561887603906,30.51942155164551,16.807718726152007,0,LOW
57.19667282113434,2.3747538850085492,93.92709580485436,18.232267161950464,0,LOW
304.6042526869889,1.7463443725875343,58.58706620123904,38.54512897773583,4,HIGH
247.28722532650443,6.775978639969101,62.79929632933888,20.94713776731088,2,HIGH
40.4490704491161,5.247436291797649,89.17708633147234,15.865055282369717,0,MEDIUM
33.64272244599897,9.171015403715495,72.64724172630446,42.32282057240894,4,MEDIUM
280.387652583648,4.268702764817643,72.66511174734067,41.72416121103703,2,HIGH
29.10520254567741,3.5843703709386583,50.75741005483687,21.554514816944756,2,MEDIUM
328.74402371614246,5.506614155297785,88.37358617471634,38.406187742188635,5,HIGH
282.4968908625985,5.103515671917952,41.60809832276456,16.43938983634965,1,HIGH
32.539512256759906,4.099852415954694,33.72047145210635,23.551740114697893,0,LOW
33.93508563407677,7.243671688284957,43.41223502629726,33.71000724769874,3,MEDIUM
394.65583140047016,7.836056505225175,48.74160531421953,37.89536988475156,5,HIGH
149.70831830244813,8.67685572127123,49.76177404979447,15.311975663645686,0,MEDIUM
148.25685882675637,9.755709442393085,76.93595190331374,24.786258398212322,5,HIGH
325.119826903001,3.39990572919254,45.24772111300504,21.43036680191022,1,HIGH
378.89943095354346,7.444841342409654,77.36608131464891,44.96341217246171,5,HIGH
394.4004255291484,4.548324119461707,36.379252126365984,35.12946697155705,5,HIGH
301.35127410357666,7.093737747559973,40.304172276853635,27.170143586392314,4,HIGH
150.5038342123663,5.283835213142983,65.61750139436964,17.26957805942055,0,MEDIUM
33.400286679467506,9.943957924911384,94.53270618036498,32.960107725208914,2,MEDIUM
310.8587663709747,7.560119222116749,90.16973121677798,34.25104412808193,3,HIGH
223.36169989432202,9.57242170390892,97.81274097099622,39.49217782509405,4,HIGH
169.6888036987905,8.514725945330671,75.53353456947195,23.657305587580908,0,HIGH
362.5417540378944,9.12610910047034,77.30704064912644,44.44284241440289,4,HIGH
44.478992922460534,8.329772774932074,73.75160992520443,28.183972179418483,2,MEDIUM
197.05004171634366,5.132432173383203,73.59732460007382,23.87831263978481,5,HIGH
4.5414579069676275,3.2660960801219594,40.298424154730924,25.453480020043735,3,LOW
187.4642567976505,4.3328815790547,68.06172693147501,30.587581589013716,2,HIGH
22.52131027273494,1.1821260937595541,57.0247553416208,43.101046935213816,3,LOW
47.52716650722877,5.715938507182004,60.97760510441054,37.05476393758202,4,MEDIUM
47.01049871084195,5.5455202024336785,66.65204011414662,32.313289483913465,5,MEDIUM
259.6841208464254,5.727254183474394,38.987732026157616,19.884311639395854,5,HIGH
298.41795170616933,9.766281024748574,55.16414136964839,19.48059932672615,0,HIGH
233.34750603886386,9.203086031093553,34.44146926136225,30.065907414406922,3,HIGH
384.86901938981674,2.455415004970972,98.57676912956794,36.86126113804947,2,HIGH
149.94823180948163,4.319942694003003,38.29696201740883,37.5303651826533,3,HIGH
114.2848345127443,4.815605615169357,48.09673169814681,21.777431516287752,4,MEDIUM
347.4396512757841,4.244796260664829,92.3905048692378,18.0029853854176,5,HIGH
89.43833540778105,8.186463672435217,63.789703236739925,26.53382967761368,4,HIGH
385.2890157762445,5.7163390288082825,39.49460410644412,42.54517629732223,4,HIGH
4.8617898759265366,6.1488983527446255,56.89613766275443,31.361017580081466,0,LOW
387.95153068305564,8.67712203089133,38.110759593397006,24.60299300495323,4,HIGH
17.263964780230445,8.253353380738227,44.015119795915126,24.70913005017365,0,MEDIUM
356.45724547922845,2.1899037053826973,33.64208928648915,18.962611356665548,1,HIGH
211.08044363451995,7.425231256752708,60.675924618436994,29.19671208318474,3,HIGH
397.18591844772016,4.91892516011832,86.46452852076818,38.74088035544516,5,HIGH
29.518625894159545,3.651840127562504,71.01784250899269,44.05676074582024,5,LOW
221.54171376052832,1.450169388119677,72.44417138392282,30.047849998739263,2,MEDIUM
387.7210142476396,5.385246043109059,44.040882105826824,20.016447475280653,5,HIGH
209.23913766805953,4.198930126520782,54.07256902766565,35.48851199408594,0,MEDIUM
251.759455254105,3.2636173570876075,89.16694726885824,37.703740282358865,5,HIGH
278.29947559384686,7.252045566372618,36.149932902856015,17.150992482693066,0,HIGH
181.8164259071093,7.925368485840283,90.05514575679736,40.50417388893686,5,HIGH
251.0232320336254,3.203105671264823,63.85830183853499,39.87967169987572,2,HIGH
233.7257247692401,1.4450269301141252,88.6003201927582,29.17623162117354,3,HIGH
360.46320419639557,8.638774305087114,52.260449357608024,31.81267555847605,4,HIGH
18.17855213658315,1.0896376708387299,53.719006610811455,36.40224191132758,3,LOW
112.38527583689213,9.434012445293249,82.61234078262,35.302443751885775,0,MEDIUM
380.1645936306235,6.648578865844353,84.94973213745541,15.496079345796272,4,HIGH
356.10551355636653,3.8966197168118826,46.07512745931027,18.673059115454574,1,HIGH
182.26270111428516,3.218301186190626,98.10099273753339,19.87771667343737,2,MEDIUM
248.0530391206147,1.081050978380277,35.91430729713802,37.67027667216296,3,MEDIUM
110.95247319245307,3.119242753097894,34.795207417149165,28.202506886771403,4,MEDIUM
75.24846388950452,2.23955471365427,71.6852950700272,31.365078791604752,2,MEDIUM
185.47936197599287,6.509495986508311,80.59185374401349,38.18062310686452,3,HIGH
141.34089121042112,2.498910297344212,97.26202904574816,25.229468071922724,0,MEDIUM
233.46244474034881,5.7576685378295736,58.34620465592031,37.46670681956319,0,HIGH
31.093854785993933,6.311047801100237,31.770398629274318,28.26897823888679,0,LOW
389.7579230664666,3.6823752851222307,72.20274376124848,26.3154056332262,1,HIGH
394.48429779184113,1.3155845411684683,50.27872144191403,24.991117921642203,5,HIGH
279.26468560789806,1.3352849255277648,60.306298483678155,43.94834446477149,0,MEDIUM
214.43854653764816,1.2371259897452584,64.19286375749547,38.15920232126936,0,MEDIUM
123.8110465145311,7.652122004228916,34.51588275166237,15.605878223205881,5,HIGH
325.51800788277944,3.862087343328683,64.0187249194872,43.72246459554606,0,HIGH
273.89246902155173,8.166701673708973,59.84237667630204,38.2631888918002,4,HIGH
65.04677573795652,4.885595414585643,79.87809857006152,19.475241433627666,2,MEDIUM
364.370873797537,5.076982907469675,75.19661378486413,17.290143762339515,1,HIGH
329.0148971692676,5.615943422586164,42.965100270539274,24.2458228097836,3,HIGH
379.9199653167696,7.417283107375935,44.42972427472779,33.725445880381855,5,HIGH
290.287803355344,3.4615257924673637,47.57043251420613,33.49640067448402,5,HIGH
245.36607837431595,2.094286145801742,42.526530820802414,23.275503754476613,5,HIGH
167.29721451624755,6.004516016723153,76.0049239767927,28.370249359722536,1,HIGH
373.0913933416053,3.9427986091846536,99.61011254401893,21.356704671412064,2,HIGH
346.42555580016335,4.982421823012336,75.64758383611556,16.517360555002124,0,HIGH
18.087468042475763,6.822520375035748,72.46770823339038,30.50911402280636,5,MEDIUM
10.546789798900802,5.447131670271435,58.69495533457507,25.409734027561143,0,LOW
150.58534675121984,6.582509353907586,51.88061812018325,31.2864729689379,3,HIGH
324.2213323127332,5.89780001902265,93.77516298345354,43.39521967411355,5,HIGH
394.9104517259778,7.658167347424892,97.8301311899507,19.301109350859633,1,HIGH
60.16675644141127,7.35342955940458,64.77433229114095,15.05886054932866,1,MEDIUM
237.65228614085405,5.807709026277573,50.31403468545902,17.306346398463756,3,HIGH
152.3563426524086,7.110127187737362,83.90855453688374,28.88124888304887,1,MEDIUM
387.96575912584126,8.862036420453514,39.271975360681495,36.2079608940697,1,HIGH
336.8475692542835,4.890441590093517,83.5911766350577,32.422908099515666,1,HIGH
335.3314818844551,4.714867654739143,87.32638620179371,29.84683822121241,5,HIGH
187.47726391798813,7.878210587671421,38.743276123901715,25.618893932772373,3,HIGH
165.92780093506607,6.242984533377946,98.38030281575946,24.29922514594503,5,HIGH
109.3628287722825,1.6390610220032968,98.98586032719349,26.288585253149403,3,MEDIUM
22.550198660370846,9.029008141219732,95.57036355291459,33.34904862027214,2,MEDIUM
345.88895050202126,1.2770479201387612,64.72243665843851,20.032618675966084,1,HIGH
325.16040365203105,7.735567205887688,47.22518995937799,38.14086249163877,2,HIGH
399.8870693144522,7.829147284338816,70.7406496617339,32.257597202793306,4,HIGH
398.65473482956213,9.577999767537374,59.3953686930005,23.07469132834283,4,HIGH
222.17268224105098,1.4872096756208868,44.4164051302038,30.03458888433851,1,MEDIUM
307.5949660722042,6.371711747060418,59.65734867324933,43.88336063055499,0,HIGH
377.90629195297123,4.8505651356434765,76.47228849743134,15.61474587435582,4,HIGH
339.8589562709646,3.9756965937358784,34.963931755019374,20.985679227036876,0,HIGH
98.93924069727906,1.8128670426916573,53.33926010122116,28.45140719709834,2,MEDIUM
180.2176541240374,6.063887077041783,31.245642300897764,34.15319165339484,1,HIGH
51.66376606059799,5.311366531071522,82.4646853823173,21.366847988564555,2,MEDIUM
381.62041090348896,1.9409901233592184,74.84838873316906,42.942118451285886,5,HIGH
242.46985378035203,6.512405563873751,34.38704942913761,34.27716037273926,2,HIGH
91.45712220138509,7.641578082276446,97.53162917213774,41.32295846869292,3,HIGH
268.68027376234267,7.905504709482834,31.58350899889705,24.879537907509558,1,HIGH
247.25129618315833,9.148358694361846,71.2972452533262,39.868618029198885,3,HIGH
143.2650872131362,4.685236676998995,84.3457223259339,26.34657650698339,2,MEDIUM
45.42303687985161,9.577654917599233,85.1527419131306,22.582553173836146,0,MEDIUM
268.6292782371198,8.788864645744175,32.399959491524264,42.349660174913794,1,HIGH
208.1230803615173,3.668514139215451,93.44905928483075,17.76655427036564,1,HIGH
308.9273566942557,2.4335473361451263,94.29161703489855,43.28666388169212,4,HIGH
208.06540044479735,4.918504565152121,69.29732612080609,28.755456176028165,0,HIGH
340.87260012741604,4.6170883716037,63.74582392210023,44.77876420457585,5,HIGH
220.76273550979423,6.181473747980839,33.14072241438198,31.187839612050865,0,HIGH
224.3751886141545,6.250476090949732,69.3367899756908,37.724645162469095,2,HIGH
350.66144106333803,7.7498828594197775,58.65653572391615,15.21213049014012,2,HIGH
161.3931464849588,5.589009533850492,84.09644851860594,29.900004598804955,2,HIGH
53.606091380256295,1.94340376846689,58.27184968202615,37.12360414854346,4,MEDIUM
11.51307052533559,8.724622019977955,77.85065833272968,38.48481059875347,0,MEDIUM
302.0549022694476,3.7878812486666837,37.098570236627154,19.74145747804794,3,HIGH
248.12382054138587,9.741677142759329,39.306658953617685,27.56912851148336,0,HIGH
281.63190723968944,2.0607409781179316,39.77971334544108,27.57215874358016,3,HIGH
85.18566460356429,9.62426055009253,33.186784985982044,18.109224254971675,1,MEDIUM
54.5485902347079,1.8191062619426528,67.89302014888627,28.291365230744,3,LOW
5.817866267152771,3.0793252415235353,85.57774082305451,39.21278876088016,1,LOW
140.23502352263878,1.4192194787788743,72.72878425855663,24.00542212856961,5,MEDIUM
235.96707474185322,7.3460183197509545,70.24684198869994,27.977235656816493,5,HIGH
156.89761803989293,8.652688629146127,77.64367498819155,43.82876055186428,2,HIGH
174.98996880949161,4.906639736343823,53.775172615041036,15.951242276746866,0,MEDIUM
361.66347779749935,9.356698675381868,55.33678501537602,32.74565303686067,2,HIGH
139.30218680932015,6.312691645800396,51.99890687546458,37.30308275332887,0,MEDIUM
205.59579566392432,6.670064219018709,79.84762529975029,37.82647302093535,3,HIGH
313.4612050964572,8.608772815306928,41.314823496954205,36.47814074652133,0,HIGH
158.61711292850805,3.67120184546655,30.911769621904707,36.79354330405309,3,MEDIUM
248.8346800911494,4.188391491948632,71.73375127057446,16.770379970191495,0,HIGH
344.9454834986981,9.153567272751799,95.96669553139438,31.024098574089983,1,HIGH
379.8082494630568,9.108671464348873,72.65855418974132,38.489072149717686,3,HIGH
58.82939237161517,9.788344985807838,84.80451570586266,17.82195147111989,2,HIGH
370.63505006459775,9.11654484797504,77.09534966262211,15.361497671606037,2,HIGH
196.84651723181528,2.146348324300248,64.82056574661114,39.436854947989744,2,HIGH
103.29775531958335,8.413518575232885,80.28746812486922,36.36883162699468,2,HIGH
183.65430249530453,4.688546302986347,87.68728866986552,27.366192507433276,1,MEDIUM
392.0130301141908,9.91721220351344,45.73121509201886,43.21189297722516,1,HIGH
197.04723759714784,5.25052867895921,53.52913363382019,37.99794283954414,4,HIGH
131.5006441150033,5.9845247425199855,45.66080127522987,44.03582824819732,4,HIGH
253.3603417266903,5.767974237311186,61.652106891330874,42.87945778642402,4,HIGH
96.05824751127723,3.8956332687245,91.95451856416673,29.438808089379215,5,MEDIUM
30.345331243465566,1.6751988000362634,54.164497058473266,37.64126935930698,4,LOW
51.55188876425969,9.060861073617266,56.212682239138736,35.07574166422917,0,MEDIUM
51.218335583108974,8.22408231273658,90.22570642703522,39.343356302774744,5,HIGH
60.76107740491774,2.2557410250370236,66.07620315212726,38.63065206752976,3,LOW
55.53086905976406,7.990914442150656,67.48142997532041,19.596959100996802,2,MEDIUM
256.34989792128584,6.63261999445549,90.25608423325491,22.01206595425639,0,HIGH
72.75203375965793,4.6822940912586,64.33687159178312,22.97194731532702,5,MEDIUM
138.26691332954528,3.2861903418600646,77.70902742405767,39.554956776510316,1,MEDIUM
358.71536396240475,8.737559051520092,35.99512661118425,39.322251117875666,2,HIGH
189.58465610514895,7.301694333646477,42.50421991888197,29.860060408183266,3,HIGH
267.0230954084109,5.929659185222231,58.306334050137195,32.42496777755764,3,HIGH
68.92794848065193,6.486116805086177,64.63873474739124,39.807664589051996,1,MEDIUM
76.91560752346831,1.8195956387396288,97.60135908653606,24.377808020332296,2,MEDIUM
16.347446506591545,5.265277848200728,97.9456143133453,16.5053633074909,4,MEDIUM
67.57402522886582,2.743302635071318,89.58379612351331,29.477893148375017,2,MEDIUM
111.43613561278345,2.8754531110794286,52.09191846999022,42.41151431546015,2,MEDIUM
70.80419371069873,6.9517356605818,97.48198035827077,38.71404782880219,3,MEDIUM
35.48101350282224,9.201305366508592,78.25386052733488,25.998519093254572,1,MEDIUM
48.25434844024032,4.633809494305119,57.50580894721803,16.9431408144851,2,MEDIUM
184.3115072130903,2.8697434571097133,79.11724418893365,34.1075851614753,0,MEDIUM
82.533487362317,6.838722435129888,31.15659108505686,40.034723876115606,0,LOW
145.7079444192302,8.84068341715286,40.23082775919495,34.948456993639155,1,MEDIUM
201.36690834194275,7.734869210102417,88.07799980894575,27.75223994289059,4,HIGH
276.1579314517461,8.818815074829285,75.19015458112199,18.70060839537214,5,HIGH
15.724855936439575,5.828992039097194,55.49362909043188,42.323227324120644,2,MEDIUM
319.76415956361706,7.766886199322718,65.0466648155903,23.27874977260149,5,HIGH
251.1601557963631,2.2605810342304284,93.35995047520369,21.728611094788782,2,HIGH
32.70361277954876,4.134471538268723,74.21046766353606,39.479299968289624,3,MEDIUM
349.4314496427109,4.505942480333702,57.87044987540312,44.43659816171571,2,HIGH
368.3489602127253,5.601661716214311,38.42286601782745,34.80480776234281,5,HIGH
24.4311839419455,9.361687242311413,50.56227611378927,33.744314670736514,4,MEDIUM
110.7510592588815,8.868669041999569,98.48381629576083,24.58292607663188,2,HIGH
322.48051191722453,2.210729430602661,60.61541439962443,15.61240352055388,2,HIGH
299.30387615346336,2.555106866942169,63.02876246914026,20.75393597468129,3,HIGH
73.80840774255093,4.218764946300202,64.90186226779107,32.53291309669716,0,LOW
83.73972933468411,3.616694793016065,91.88728160637478,19.539493854481364,0,LOW
148.1888411165528,6.532938578406361,72.2749799069717,41.51507420793982,4,HIGH
193.80919407640852,9.124984429880904,78.55739255163455,20.644340635586556,1,HIGH
247.30190861211838,9.66062387505328,57.25894797843728,30.66313359035705,1,HIGH
147.56545582790898,6.882426572817039,32.036133301228205,30.360397373063847,3,HIGH
185.01388645325915,8.54343281260978,95.16810399699911,33.11836890388952,5,HIGH
298.9883752535026,5.726819802077174,96.43893766414845,24.82302209154117,5,HIGH
14.67328115623916,2.8749425217403575,96.44071373436358,41.20602603195946,2,LOW
100.9747777376083,5.722195708841296,96.05809606527016,28.329046079252088,3,MEDIUM
285.33983435382095,5.99574341293886,87.06693587486927,36.00460736209722,5,HIGH
358.08273507487974,7.682118077922009,77.92172350814289,34.0773258290011,0,HIGH
204.67097684626646,2.978946907366142,89.11569427871,18.5146824935911,4,HIGH
212.84539410612626,4.314793438780585,72.03823673007253,33.67918058107834,1,HIGH
42.86880453591042,4.276247222931097,39.40587297244166,31.521080339432878,2,LOW
178.96494672938186,9.634956361670485,57.38527155289947,41.958121897677174,1,HIGH
213.04690658200926,4.99550464294047,97.99064383810563,41.426299094547105,0,HIGH
96.98820145389186,7.795845705683318,54.57964695169594,19.528643622349392,2,MEDIUM
107.69729237975238,7.7573024323699515,90.74795396119586,17.45055436759823,0,MEDIUM
150.91366524184906,3.3898976632291724,36.52480295424087,23.83776657632606,1,MEDIUM
8.028479111090547,6.146827204345589,53.392868966282876,44.59838570052926,1,LOW
128.8316662332713,9.048726039867834,54.56673273091657,15.647213292189502,0,MEDIUM
84.57920279861786,5.276779475112545,33.61217801762861,35.186767187186305,2,MEDIUM
130.99894087116587,9.506057566082914,38.33660311307285,33.25541201522931,0,HIGH
47.90485272770049,2.930124063917454,43.52156477852397,34.397348413734505,2,LOW
356.210912295958,1.6674319519662766,88.6470913567079,21.548576693122243,3,HIGH
237.43698142161946,9.023084858302743,34.43813929578645,21.801520373995498,3,HIGH
271.6409276577958,8.62913078165995,50.909063094107104,27.919262465214736,2,HIGH
315.6684954429353,9.933308883404603,30.712250181248727,17.87573421200869,0,HIGH
199.3768795716229,7.114541393011835,78.69394217821173,17.238396270568206,2,HIGH
34.76811523496948,9.430191340004345,73.42121630303659,17.650783604582916,1,MEDIUM
214.8426167274191,8.442541225756997,75.14875834371992,32.18937513918773,0,HIGH
234.73644720835165,8.599836998080782,56.20679493002331,26.932255706936814,5,HIGH
298.17578967373197,6.122274134088414,44.57874748872983,23.808503419718207,2,HIGH
172.66381849187175,4.4412813812503975,80.42241493002234,24.474581389539168,1,MEDIUM
51.032121118225504,9.411022652889537,86.77825109184866,21.21849917547221,4,HIGH
113.51036231948979,4.88905458054305,39.70210486687412,27.34516005965805,1,MEDIUM
145.23291855945405,5.8493743052470215,64.0780599556195,21.091742075999022,5,HIGH
258.3668965326405,5.01502876412669,47.41009773852038,35.94138126897998,2,HIGH
228.31132186756474,6.083364825641774,41.76748028442936,18.717975379618082,0,HIGH
142.4386903591385,5.234545710930945,81.40277194464994,43.447262537425395,0,MEDIUM
394.60609951719186,1.431708027215283,67.66678548309858,17.694568203818466,3,HIGH
242.30992774275487,8.938433674069287,45.132973266506745,43.303821428396276,5,HIGH
94.8907166943978,4.999544370241928,51.700000784808154,39.9988491456122,2,MEDIUM
40.712989048161496,6.300492836566138,97.66575699294197,35.421363618401415,1,MEDIUM
61.14365567373281,2.252690224821883,89.40756952959896,42.36904966696451,1,LOW
98.38309135380325,1.0304906318437523,91.59627200111899,19.176563805521305,5,MEDIUM
64.27254930382227,3.2076108427927865,62.20084679564956,20.28944322560746,2,LOW
74.62680962052231,7.341274289200152,73.66650847446125,22.564577761764475,1,MEDIUM
114.03806747753885,1.8927507710159075,56.373741814308815,22.344345802976726,4,MEDIUM
69.34943811790193,9.17998696347821,35.43983829822234,24.325448127814806,5,HIGH
358.70616985057006,2.9352031242056613,58.074851745974776,32.2689269481928,3,HIGH
32.09349826465689,2.841342528625982,71.57865272450013,15.845178339153138,0,LOW
209.80455582810185,2.6335716545934598,50.100098953769205,26.468177851199272,1,MEDIUM
164.1587307958646,1.1258354167422828,89.35654023091911,22.391553836777895,4,MEDIUM
392.95144676344256,7.946249216304111,40.577011142221906,33.19889544158166,2,HIGH
44.81556086722094,8.875310781207327,55.69903626058439,44.55507993154607,1,MEDIUM
159.14223961829666,6.527464323545789,38.743273372694205,30.529638365501178,5,HIGH
387.78817331014756,2.6937998351187606,58.33824937896577,27.770557173553016,2,HIGH
346.2028503575921,3.567501972467918,32.77629134819893,26.047306354353484,4,HIGH
326.828828379712,5.28334027628467,49.07845765431518,38.548476566395735,4,HIGH
103.16113081797593,9.589113564609708,58.05146785795786,17.15942794952181,0,HIGH
68.35503495602633,3.2261623463596854,63.47157542936841,43.79311543380365,2,MEDIUM
267.4572879697724,7.584813135278992,68.05874509325993,27.53753657964137,3,HIGH
371.7503956510343,4.955034009636282,49.24937908529432,24.41102177475339,0,HIGH
222.7051572055719,3.680626135240196,66.61289342304107,44.22204349199104,2,HIGH
228.64507578795994,5.103243433199024,65.63032350934418,43.076365897296,2,HIGH
111.99163746411367,1.6408604578710928,52.13246356133459,34.25802419297163,4,MEDIUM
307.79717327677474,8.188186338373262,88.11402314595347,15.55522124551204,5,HIGH
74.81749942300935,3.189717351846704,68.19487886154957,37.45604928619716,4,MEDIUM
129.47169456169746,7.528709108736734,53.25888031225815,25.06672200126004,2,MEDIUM
170.1745754465667,1.6151353430337525,96.31369584565435,26.64840692562783,5,HIGH
203.044151473782,9.595887005491175,89.15786891498126,19.762263869321657,5,HIGH
96.96389296603209,2.7371348686512875,98.78114680862606,30.703742515946978,4,MEDIUM
45.934729895681414,8.944678685863725,78.45637122517945,37.33657788611299,2,MEDIUM
244.24801697665305,8.28525888653891,56.475603385423284,23.190333542792054,2,HIGH
115.45222129610231,9.710739316732743,49.66024666753086,43.161987241301254,5,HIGH
232.4952885690449,5.301015948511747,76.43224905721367,20.84210568008863,0,HIGH
61.745086109680926,7.546575644613564,98.65716077467125,16.987870217833002,0,MEDIUM
192.45604074192698,4.3363959133400565,73.87005560726942,34.33091620049703,3,HIGH
213.03577302063434,2.6593141421772444,91.71304586928866,40.479561956401405,0,HIGH
20.729414728970763,4.98768339640104,53.037240173343804,43.59398577922536,1,LOW
134.64171127756822,2.491741138496094,58.48676477319789,38.01513031549557,1,MEDIUM
53.7658707755897,9.838401605077456,93.43926677125472,20.98950034518217,4,HIGH
25.349988189107098,1.8662184202664474,82.98066913704731,44.32983554411191,5,MEDIUM
395.9840929559781,6.302905511073583,98.6987224257534,42.583076280865285,1,HIGH
128.94153798988918,6.6381746972865034,84.23349468125693,19.895022682873424,0,MEDIUM
323.94977834185397,5.842715885866488,61.396099505276226,31.763574807459733,5,HIGH
101.85626190550553,6.959672971406502,67.17476138756541,31.665522777929365,3,HIGH
272.6010888895717,2.0456269751070186,93.03608447241956,28.276043343884126,2,HIGH
304.0911439558746,5.99516671784762,68.61527152686335,44.52843990779066,3,HIGH
238.2554962431377,3.584913140146254,47.87781619151116,16.788667115406636,0,MEDIUM
188.63047542006336,9.46158456970951,60.49338689389646,33.816267253307544,0,HIGH
164.7363656589074,7.858644880957532,66.14211921943826,21.1591086803643,0,MEDIUM
139.54730661719813,9.752630339437683,36.77038834857907,30.81993614192879,4,HIGH
371.81165769913036,1.338004627661706,82.06338719770231,38.392223153625565,1,HIGH
332.24776311509163,3.566198576626378,37.65477533484811,22.40180409505639,0,HIGH
386.010764266605,2.758803279745141,58.3442399358164,26.800786394494455,2,HIGH
49.71888939421789,1.1003912858064746,86.32357090782833,43.523042228411974,1,LOW
292.3469900814577,3.1809315722168927,62.72992531293078,37.844422131609285,1,HIGH
375.3361827284151,7.10898385168386,88.94108638029556,32.18169553535507,4,HIGH
72.49322646626406,3.079800299211117,53.93169254392805,21.659921634201503,3,MEDIUM
26.598506946710998,5.5810310093435636,97.03454057989047,27.759163124327493,5,MEDIUM
296.44825971602364,8.990363034684988,44.66279022636649,38.22183957149768,1,HIGH
229.78924527196477,7.243821283141677,32.67849014925109,39.616292343299286,1,HIGH
336.7315107033088,4.551661629154288,91.0698580093293,22.338185944271967,0,HIGH
55.9089506505158,4.352220450208975,82.65419011652858,34.86180631251058,2,LOW
318.1069247439561,5.101622326076362,46.238868594716095,17.850089763701998,0,HIGH
80.65092801909782,2.5933729695391574,98.93191249956718,15.696369223513933,2,MEDIUM
65.4623771462818,6.706006906743893,65.15960904879694,31.460217702990636,1,MEDIUM
65.70631917239717,4.277375371941449,96.57458081009145,21.731395628412862,2,MEDIUM
325.82988809255284,8.671288143358392,65.35201399708995,17.367360937263985,0,HIGH
266.07888827848006,7.808973940520347,63.03122107399037,36.894849386856905,0,HIGH
209.22616990764772,6.494618476829441,61.43969760011255,29.93923765093935,3,HIGH
143.532193649401,4.277820003845645,53.441269329306515,38.88831032875352,4,HIGH
350.8802163252433,2.8893864850613595,67.35910480235862,34.918327190416704,3,HIGH
156.97804296905414,7.985366776950606,61.67882633639975,36.8941481974647,1,HIGH
326.63977578863086,5.377681890919779,32.57228136364879,24.220817438876995,2,HIGH
175.65396342808737,3.0227503435962175,48.230466339645176,22.89827477049709,0,MEDIUM
150.77777176996304,2.756571535360056,44.918596007389084,33.02624676285784,0,MEDIUM
185.07191426784257,2.4886081405122313,90.72049216247466,21.00246421194253,0,MEDIUM
120.55114966565684,7.994450765850355,71.9208984058789,39.46236346896063,5,HIGH
299.04375207050043,3.060884667702805,83.45781703148091,30.687605069227157,0,HIGH
201.08815603699165,5.739780371726777,96.97782264244964,21.80969797043283,5,HIGH
92.88507805872692,5.063917248757508,75.0827490768487,33.75504696989725,1,MEDIUM
359.8298293098274,6.216498093054555,98.7826993983321,43.35107205250853,4,HIGH
153.55648854928455,8.894394103340748,51.823483615649074,17.46284179772322,3,HIGH
217.42114444559544,8.809726510735576,43.03870276190257,18.28035621940509,5,HIGH
362.5888443858188,5.059684646423737,58.2316921595038,40.315174405900194,3,HIGH
249.69519836559684,1.1382962566125099,62.95595904550656,18.28781323700621,5,HIGH
46.75921628334563,4.837994251428729,92.67530799968095,16.181261080589636,0,LOW
375.93284944539005,6.455741836817263,69.19583073256734,25.437917431394187,0,HIGH
251.08322122856714,6.019882831882556,50.452669959261186,29.00117654764793,2,HIGH
133.96224586283444,6.86202495220185,81.98439980072646,32.083333100720694,0,MEDIUM
55.708829065354905,2.3866815922577516,65.40823559973497,30.219006976927496,3,LOW
317.6100757081184,6.8188158890265935,41.349236169261914,42.3955368797434,2,HIGH
248.0291023714054,2.64386456869395,70.37738513138765,38.060043011749116,2,HIGH
213.3844367905286,7.754715826270741,93.79761757650988,44.51430767585133,0,HIGH
357.55703322038306,4.05178851936412,88.9835832233074,29.293662696759668,2,HIGH
315.4388844898123,7.389058900433082,71.07669808447318,17.52988829517537,4,HIGH
60.669951893100475,1.430790390154964,56.39582217194917,43.66591928828623,0,LOW
124.6888271182193,4.67074023031822,36.08851257449478,15.123394847672921,4,HIGH
99.3956559257863,7.3453107003699944,62.87542463321366,38.28288041517145,0,MEDIUM
297.5785170290708,3.041834646983447,82.64556062707055,15.938460923150384,5,HIGH
13.412973894311753,8.157583403175003,55.21916038131074,37.836425719549155,4,MEDIUM
227.9558739485266,6.6770175979443875,46.48127778861651,43.13816819544162,0,HIGH
304.9834742962762,6.288055949348185,95.19658034896673,26.677808919931405,3,HIGH
350.7062547046998,4.181939687839034,87.50889903205947,22.22894553659153,5,HIGH
136.832699486363,5.342063233430058,74.67929335941012,21.788374575354926,5,MEDIUM
328.5029218688051,6.376143708800678,39.57483407443635,29.7515293245061,5,HIGH
44.25269478208289,5.252159025234014,40.14361882843211,20.126611072703746,0,LOW
338.5809166938073,7.284819915465041,37.225371401904525,35.18770891979136,3,HIGH
50.99546493279297,4.9032723979626365,73.14076668249203,26.050570724651248,1,LOW
158.9149162241469,2.820458635678273,38.089395753133516,24.69328477209777,5,HIGH
318.91814631182143,2.925404045209425,88.98390392038431,28.838567287693714,1,HIGH
59.96697093950951,1.0522339195864698,99.50755012735254,31.277625073192556,0,LOW
91.7005580930566,3.708619440028052,55.64437292960657,19.257907867763873,5,MEDIUM
288.9010273572265,7.7402587643066765,61.75688928769682,36.2329009139053,3,HIGH
288.01461461842973,8.147464379538485,79.81670238899751,41.488412997159784,3,HIGH
256.4590531541189,2.82220787886175,95.6007104428036,23.339607486035455,5,HIGH
277.57937778684,9.63139597184267,92.58656414894696,20.411727054884544,2,HIGH
217.08977733903848,5.521625141321141,34.0314280124894,37.81516271157191,2,HIGH
100.7196235627811,9.252808741166524,41.83502617897355,20.506251712969483,5,HIGH
138.2783974015678,7.36088753675468,82.82180389904546,16.2376548108887,4,HIGH
72.63908672057026,7.501900807201718,78.22251756227132,33.57729661148336,2,MEDIUM
363.3802245334513,1.7653925917546403,39.32530158280863,22.19254248916051,0,HIGH
233.35671790644818,2.979920142072376,65.14452074010974,20.154312267856792,2,HIGH
160.34056670545596,1.0793334996502537,84.65702417597069,44.44808225143519,2,MEDIUM
184.80232145765308,7.4451487642906375,45.31464775838856,23.75594950199183,0,HIGH
378.91333584472613,4.09994459585659,90.99013450142664,42.10329870646607,0,HIGH
61.34056124643208,8.079872644687121,33.70802423742576,20.346562976658127,4,MEDIUM
234.4919328067189,4.0504259794332365,84.75365595476518,39.56931396187305,3,HIGH
202.3554715537864,8.37400377068975,73.10732298529092,30.060566191454463,2,HIGH
244.58169417385912,2.176284283734817,52.06395426580444,17.35784307347986,5,HIGH
7.244073528336203,2.5603584108175736,80.46527838393379,37.008158809307176,5,LOW
348.8495635776606,4.067888856255428,84.76560566058117,41.7622011520434,1,HIGH
372.847312993445,4.67638649994046,95.37292799127785,19.890509710065647,3,HIGH
226.05327343568356,4.138325297586805,55.74422705079846,36.76770727008526,0,HIGH
278.6603295507569,7.872823292708979,78.02117151859684,28.351575572193717,5,HIGH
368.9997524709183,1.8725625336404323,72.18313938542836,37.61611359770155,2,HIGH
282.89545372535946,4.160953176746393,66.76442486199619,36.41783844555917,4,HIGH
61.01561716570454,8.535159995639134,92.32915319085265,15.798006913890163,1,MEDIUM
230.51534406672528,1.601173695359548,30.22171198968802,20.361631079014657,3,HIGH
242.68601855314236,9.481091569042217,49.74781242725183,29.13081728796823,2,HIGH
169.6522685209544,9.876851580448117,67.67940676813811,43.007825157362404,0,HIGH
294.57769424988913,1.7971135644257208,42.48052831455867,25.262203702644044,3,HIGH
373.74680590760596,3.621452700301633,93.55065736129308,33.866204108405455,1,HIGH
370.2274051627105,4.351605994318206,75.33165823291108,15.362512365432865,0,HIGH
180.33574856165285,7.987522317874535,63.451809624239296,36.333807646408324,1,HIGH
45.2952183363021,6.363341309050604,87.02912313466581,33.09204788258414,2,MEDIUM
393.9364795849338,6.7992913044331065,61.56203340255726,36.461842398472974,3,HIGH
335.55923457837366,7.817588405366553,69.10571083510067,42.139818390748346,4,HIGH
49.86507248130674,2.0618109949332313,30.19256968877447,19.3949679935343,2,LOW
368.33675304694896,8.498885112192362,55.59903711365514,22.847687880242013,5,HIGH
347.9585448248513,7.3505782376212965,39.715333064567886,44.87342676504426,2,HIGH
207.53522285042885,6.196075526767332,78.27820764636037,19.688518755288808,4,HIGH
236.5101742979717,9.00761801304751,63.53188712830136,36.61881019578079,4,HIGH
159.6010815480521,7.302757184954264,51.12302900751615,36.75227731532705,5,HIGH
21.904655528812533,2.8152996636792285,62.74826375602197,35.48981238706708,5,LOW
134.07889665836038,4.8677084296810005,44.674092156594234,21.82321767943733,0,MEDIUM
321.14137943920457,5.4463858024216,94.75606427402984,21.454021896416123,1,HIGH
1.8528092018411435,1.4969586407536508,33.77808427856391,34.99023204104364,2,LOW
133.39966867645768,9.591737620240501,90.57919247072843,20.58750553377648,0,MEDIUM
159.26747743637733,2.157195347171906,65.79511521133458,34.84689995221612,5,HIGH
214.95824117516915,7.2771514050405415,73.3262547297172,29.77584846075954,0,HIGH
367.9422465651042,5.556079324817921,51.182393463609266,26.59886602948152,2,HIGH
138.5383977463845,1.2306902489598033,97.66883317560249,24.00697048133837,1,MEDIUM
138.78128075849108,9.322727282779255,49.72956709636429,43.4273079996935,4,HIGH
295.00049924389936,8.6665312793704,71.2214597998213,30.242809732283625,2,HIGH
180.88717635592286,5.71832135113452,99.53916935749902,31.83755887532886,1,HIGH
89.84192917599279,3.060481025255007,91.6766077468412,43.47768254060357,4,MEDIUM
180.97580645307735,2.0946060161208484,67.54308777002743,34.61631954291401,3,MEDIUM
56.34280815191994,4.27053231488914,99.32621660770485,43.73558783270482,2,MEDIUM
70.55479460248932,3.2988545294148146,79.09589032128302,18.191002215680953,5,MEDIUM
199.3471090957919,5.5602208090566885,44.609029129926654,40.399188953172114,2,HIGH
167.57017980181917,9.69768366511086,58.39173473050645,25.062438840692728,5,HIGH
365.93836042724,6.174581439066772,53.41453338080857,39.31462575211023,1,HIGH
144.95755964665324,9.009379503010882,54.08095957898324,40.66909872584935,0,MEDIUM
232.23534011121737,6.857909537461995,83.23195075519064,23.144636584276675,0,HIGH
252.90571516781216,5.2772187392848044,70.89840490909555,27.264918495464368,1,HIGH
5.2377826353334545,8.691468064600341,32.666489811267,36.780430629447125,2,MEDIUM
265.41494880668427,5.242312991556978,91.42139385556833,17.97166892690912,2,HIGH
71.21438674790058,8.817653534593248,50.77572983361152,37.6660060301802,5,HIGH
384.42812698778204,3.6241909261818877,99.79524138392006,18.31418778164232,2,HIGH
59.46509110124518,2.159317663866893,96.793351123435,42.43367196804174,3,MEDIUM
165.8496494908095,8.697830179266445,95.83715016773756,23.2901787988906,5,HIGH
34.13986723145754,6.286736474134001,86.77893228447816,32.26798040602067,0,LOW
398.7497007383789,9.001831584240641,45.44293321784798,18.514605002288185,3,HIGH
200.87800413249704,9.440444862931448,67.28429208201474,23.08479463987436,2,HIGH
238.1540069280175,1.4826555133430426,45.70118387774822,27.118651304613163,0,MEDIUM
26.830590955370994,5.508723716729815,48.17728189122644,29.61146630049043,5,MEDIUM
299.98418815967113,4.374680941670763,72.76662386053943,15.002024929397233,2,HIGH
83.96223723823431,6.632725573631054,32.858348174714436,41.65967287141405,5,MEDIUM
359.2217157762855,8.142320774820911,97.86209967744954,15.230244286766313,2,HIGH
82.05585619280286,3.5253119437693208,94.3071220804575,38.21053688983275,1,MEDIUM
76.27508826546662,6.011185459358545,56.653730051040384,29.117367370691127,0,MEDIUM
14.619867139237952,7.3785572191440965,66.07957136048391,30.71640074704129,2,MEDIUM
188.8267780439997,2.209879745521606,62.62835934874313,21.247964380036226,4,MEDIUM
225.93645330504657,8.326602153561401,91.75398450322288,33.22105051037113,4,HIGH
26.283455771340947,6.454986398676757,78.20213134212777,31.116957275083564,5,MEDIUM
310.2110466780042,9.545836934022866,49.467787319704954,19.92709219860886,2,HIGH
181.31553389921103,4.05576027217624,61.27888781257078,22.143570040476575,1,MEDIUM
209.75610773103202,1.9733134810347879,60.02761829807346,17.007108870373713,5,HIGH
176.30509877529127,5.558510809332327,97.1534617798743,16.98850716268358,2,HIGH
160.3052243501304,1.7722969453849498,42.27176373602477,15.413273578572797,4,HIGH
223.85613252328716,9.725738709916062,36.270343610610034,21.614229764492514,0,HIGH
62.096098372285,1.3481646243147238,91.64331825131832,35.38983682191167,1,LOW
72.77125219810844,7.781535109965772,92.76801926541097,24.48646164427069,2,MEDIUM
344.7142484054069,5.725921583280196,91.02173615385152,25.2820280960213,4,HIGH
378.4461848534531,4.317585872484598,65.76838409378894,18.95716179766334,0,HIGH
149.32372651190119,1.592579480577892,76.18210997886223,32.2641200296926,4,MEDIUM
108.29786925742151,6.59950231756247,69.43541332926887,25.264309246402117,5,MEDIUM
257.59981729560633,6.266982964518597,34.86134782380806,35.28950410290644,1,HIGH
163.49366843923855,3.527949457608398,71.70844278305057,37.2437840652766,5,HIGH
10.154542264137945,9.191995312692809,30.952990307927063,32.54078625745146,3,MEDIUM
62.461038946476144,3.736990066085532,52.74911866899603,23.28208610436109,2,LOW
286.388891538959,5.047528695328955,95.2604803111217,30.25823398011763,5,HIGH
263.56957676406057,5.893862103267901,51.28316887450653,22.5579241404691,0,HIGH
10.838397001393396,1.9020869035865748,95.78786498509736,42.08738506061754,1,LOW
88.78886477317978,9.389455472922691,47.509377000447095,37.991572502476714,1,MEDIUM
92.42991863522856,4.37082537205937,52.019356832307274,29.79017718016699,3,MEDIUM
268.75709743949136,1.7270129248690926,73.98852475069874,43.963714295344396,3,HIGH
7.884215101745662,4.485620563077969,83.31388809525063,31.402663401905638,2,LOW
41.64343279382954,6.401822923833226,65.09714376034188,24.856064308708447,5,HIGH
319.96643414927576,5.622874046391966,91.74809810359088,17.864019023821413,2,HIGH
71.41786482173345,7.250877766335466,32.81682951274335,31.31236934440241,5,HIGH
261.0984431407499,1.4993554786111956,94.55363870440594,40.81249834744037,5,HIGH
95.2731124186906,3.5608654924485053,43.74154599267856,41.001561844693455,1,MEDIUM
39.776557103738064,8.37307519156092,91.89671215592591,33.13701200048246,5,MEDIUM
97.26887639978163,1.7190431901222478,58.06042256404663,26.803150897026384,2,MEDIUM
288.9067727422637,8.699373592263619,88.29299391097263,34.5088892427204,2,HIGH
342.2785872425143,1.8270648286939561,77.01658848625866,37.86421063677118,3,HIGH
332.0879458267966,8.510087934025266,42.31591427347835,27.348743531823786,1,HIGH
158.87341184738193,4.2470956097085395,94.26332989170139,29.28762507644776,4,HIGH
267.2340546282585,6.509881569314942,47.18621733419218,35.41848922133829,4,HIGH
81.99371816632839,2.3759840408319834,47.089808308649935,41.29957818308239,0,LOW
117.25909210440531,1.5955184955266275,86.99252276461664,38.730311344268245,3,MEDIUM
358.5343274084479,2.9434438361812156,37.41112789007647,15.671741079610461,0,HIGH
5.200769404294414,2.15068436117826,45.54251344593222,18.731170313537636,1,LOW
34.20341234178723,3.8116530791166863,65.25743013947437,40.58334540856565,4,MEDIUM
83.15450205841093,5.629449218599182,88.13339200806371,40.01468484135101,4,MEDIUM
10.612881549527886,6.298835172085086,40.323878231608724,26.664203494461276,4,MEDIUM
72.57417403591893,8.108812966417686,68.33677641586425,32.52833767072997,0,MEDIUM
233.21662438787686,6.906159039235227,79.78684142620577,42.17534947285939,2,HIGH
168.5698202369992,6.478824926165977,90.24166573011658,42.34676043021289,0,HIGH
357.0686844307899,4.706038247371971,95.48958921415537,38.492785372826724,4,HIGH
326.9774246953764,5.2642759146412486,84.92479401282527,21.287668150790367,3,HIGH
136.7269406791504,4.73068746451163,75.69798787554014,36.90848422061835,3,HIGH
103.769373372517,8.579494270552448,60.35340597189361,18.0329529704117,5,HIGH
151.87696326690676,3.070004072935599,37.84771079318937,41.81815378363707,0,MEDIUM
236.1179770059231,1.0514883838776816,79.68160347678648,19.474464107361435,5,HIGH
107.2254563291505,6.861879075036153,99.49161131328408,34.87045920334353,5,HIGH
249.6595631396536,2.8221596527494826,81.57324163124699,33.307298227570456,0,MEDIUM
163.76466087649618,9.011036226788283,31.16977656164084,38.30698967638749,5,HIGH
220.8188723407921,8.731416967359905,64.73819846292872,31.547325070753665,1,HIGH
174.45061165412667,1.6905463473538531,73.02526427380327,16.786997261271964,0,MEDIUM
117.78630381676707,1.9574956487266961,78.27719407719901,36.175387621324475,5,MEDIUM
379.3813227848627,5.456544330219996,80.3808084920496,26.49463676505804,5,HIGH
305.4423176639043,6.483003964924192,69.06759088515668,24.608550036573295,0,HIGH
56.04527030658102,3.4741750373401667,45.63522329139682,44.75020648601205,4,MEDIUM
347.3871903591651,7.451179450294336,95.95404630335827,32.711992978791834,5,HIGH
194.97247929980546,6.354244188269844,78.76665273645634,36.321572198082336,2,HIGH
357.82089075763656,3.923416987736992,46.578802580858664,30.789784108069448,4,HIGH
319.9421023789261,1.2283433923808404,52.5625282589191,38.09917937854958,2,HIGH
170.08540178769337,7.751352531686659,94.53493694412587,37.562182064999256,4,HIGH
8.98772332804696,2.9327829924257443,92.12396306951351,34.71438347040481,4,LOW
107.47094375397843,8.510263691163654,58.360250685066276,44.93229184331331,1,MEDIUM
216.65368586434676,4.7826123404882965,32.68150553940157,28.79380602249413,5,HIGH
253.3912879304589,6.193696983685888,33.39481582257567,36.18577044894465,2,HIGH
103.15507417328091,8.856538573681018,49.87428036428723,38.933338884147545,4,HIGH
55.74242962912965,8.77260700827958,74.03855535372996,26.28104128783633,4,HIGH
333.9720947197196,4.34367617719216,70.89362447341932,28.71525082660856,2,HIGH
393.76087228142086,2.8800000344335883,74.36794508607599,44.07501799171756,1,HIGH
210.27607292107433,7.976314699557352,80.20980803524748,15.968730513798242,2,HIGH
68.6717143393214,4.8977218324191805,31.33225775149169,25.05886961882743,1,MEDIUM
108.92293060774759,2.728377942031037,37.355991662071,29.5863888701601,1,MEDIUM
7.356270618986693,9.139828080854352,55.16384162790489,15.043949792075708,3,MEDIUM
365.7195226241996,2.7829377481697866,40.84019982651073,41.97381303019836,1,HIGH
47.100433156056454,1.2322645137210797,35.27240297811879,23.58733200636476,3,LOW
230.60659020570142,1.1825197639067797,74.86750771981323,22.731144963283327,5,HIGH
109.6220882748824,6.600838208088378,87.07355342437694,39.609785860612256,0,MEDIUM
221.67120100631738,6.955075546457773,82.68386602039978,23.33949685507426,1,HIGH
260.5681553407457,3.799375345512855,87.19278450264255,34.72867781706067,2,HIGH
331.89672148288065,3.8800989032235704,76.60995808405141,39.64509431705878,3,HIGH
82.56850870424128,4.0554452355394845,81.47417252699415,38.77430543131118,0,LOW
4.398331463392191,7.121426920829908,49.024514194581094,38.458522122777865,5,MEDIUM
54.75425202752291,1.5232041192414574,99.51056253989151,17.659127095957047,0,LOW
360.00745673924206,9.362047174221932,42.8215958145721,17.395409027170928,1,HIGH
349.5560310250061,3.002689397597018,45.01457120725678,24.203101072121626,2,HIGH
238.96524086812332,9.997058847178831,50.224528227109275,16.078436435880533,1,HIGH
240.20674417346135,2.543704244084683,98.27327010746052,30.012892095577932,4,HIGH
266.01466981850217,7.943918115811397,99.18020125477342,26.843461988106547,0,HIGH
70.14851144937984,3.0107129043666254,85.64256247945482,31.710777376294473,4,MEDIUM
365.7647783699839,1.7276212147892858,74.03403189917435,23.963656160090714,4,HIGH
167.50820995682923,8.87439991915584,66.40438026292294,29.57262008971281,3,HIGH
153.255411299799,8.728761332718026,97.9434591980792,25.04234297577161,4,HIGH
207.56708211313503,4.632133532046412,78.69359620007732,20.856242766699257,0,HIGH
18.78638671002202,7.321565282863841,96.13110898282211,34.481000434134444,0,LOW
66.51334750243177,6.013593394155254,52.15855596343367,35.20307704497556,2,MEDIUM
295.2134465705482,8.67660502306374,53.364235458869594,39.8769507824925,1,HIGH
33.119467170050584,3.8355037238678897,89.83072158829049,41.24255349461174,2,MEDIUM
241.26084378655528,5.713051599990867,40.48984444097061,36.13385713103746,2,HIGH
98.13964387252838,5.368351340840954,96.2149502907253,35.62494260092536,1,MEDIUM
155.71824561679063,4.1851524363117285,65.52320482643853,16.700269960094175,0,MEDIUM
115.47749470827995,9.02309558100735,94.84897150085884,18.293377243745145,3,HIGH
142.26908658597966,2.4929013219628193,53.57549521080692,39.3768813117262,4,MEDIUM
287.6183620736982,2.345577755686265,80.11712328975779,21.988537848708948,3,HIGH
118.84868624927,6.192185817904762,63.80125853808828,25.66695180651249,4,HIGH
226.56185611875887,6.917448069864478,73.87625411718311,19.358920610276304,1,HIGH
190.42016087963987,2.7515732889210867,65.30607451974066,20.85455905724757,1,MEDIUM
265.46846614505927,4.516456980291617,97.6980932159953,38.26251706110619,2,HIGH
374.7318957299032,9.519074586808694,78.4473778469742,22.855788585466147,5,HIGH
293.02883888410014,3.219556804216066,47.59232780384208,28.471048987925705,5,HIGH
85.9761514363027,7.015246319056547,93.67738453335592,19.55014119177718,1,MEDIUM
12.473254024513869,7.661344543278317,50.582081670857306,35.33789718948296,4,MEDIUM
104.90561771993004,5.0331582951864355,56.01235695105994,36.84809202400429,5,MEDIUM
238.03117228010194,9.437733880836246,37.14865886141494,25.850769536961415,3,HIGH
20.570325393700138,7.629910616969115,92.99765638573336,38.54239938368252,3,MEDIUM
198.54649888049454,5.121321218748081,50.02784162595041,22.197199557663794,3,HIGH
238.73713956675567,6.124016815984846,48.12423325519676,35.757115863004685,5,HIGH
133.69755632678434,7.233520990825906,94.41838185964677,36.898937442613615,3,HIGH
308.36488149832877,6.3297116238629645,86.38688036835234,44.05972133366329,2,HIGH
42.63930125350872,8.908278254434684,39.87552450635621,21.96964995560149,5,HIGH
30.055112694323505,4.211997960523611,83.85271527325764,17.81131440128258,3,MEDIUM
291.2755024814413,3.6989716605022442,93.91231686376535,22.8910626686936,4,HIGH
198.19652648247938,2.9245500054573785,35.49578527475207,18.68586589746357,2,MEDIUM
275.36095857109444,1.3400467125813562,87.76504964332011,20.090829254829288,2,MEDIUM
173.9309354414985,1.387125679420498,68.31940363111391,25.023435355679233,5,HIGH
98.56081329564273,8.830496737983545,76.84382145651605,27.419722401660025,2,HIGH
327.6409270696799,7.105538317653166,64.4998037233456,42.11172677254139,1,HIGH
319.7663515875917,6.944791738928375,78.84621594336951,20.86847314500063,2,HIGH
277.8785883417707,6.531785370413974,32.38685031667273,44.15276927763649,4,HIGH
108.85805489198508,8.642972302246944,83.38947062562985,39.30459629688515,5,HIGH
236.09226674763482,5.322402330990647,32.334058850127086,41.44414169680323,5,HIGH
144.38955877601072,8.833697457024703,61.87098934231404,42.88331969220731,3,HIGH
36.632829330653664,4.235005235640152,40.56754951912064,37.59723591423362,1,LOW
366.9254301848971,9.340367539051815,87.6501994145915,38.663394948511836,3,HIGH
54.72745236758456,7.287912820731161,51.956263642296804,28.13454889816859,0,MEDIUM
380.094941528321,3.3145942242198454,61.78654812230327,30.31350704028732,1,HIGH
178.4023091831823,6.076764295197626,60.01255189088181,42.97456280299903,4,HIGH
74.05317153544786,5.7972750533943,84.07513759792946,26.347677346579484,1,MEDIUM
216.76037895134326,2.2410893955730056,63.68010518571828,16.258412191926215,2,MEDIUM
349.1783343505633,6.321186151755527,85.22708345072422,37.882631564243184,1,HIGH
292.88995456382446,3.8330706134526213,35.145579376187264,32.19472535152555,2,HIGH
322.6244591445799,1.4711389012864218,43.411577753209656,39.44627887029935,3,HIGH
263.51334668428694,9.537905419359085,68.60739747524525,17.266537998328864,1,HIGH
276.910625807141,6.77341332157859,96.29618273268865,33.636959714273694,1,HIGH
339.6782606261277,8.892270386837623,35.233049270524624,22.43117663972274,4,HIGH
99.86720354367438,7.084504045119278,33.0158951309805,42.09805783483452,0,MEDIUM
195.76998545725618,4.212853229261016,40.9585472449499,18.29729819225237,1,MEDIUM
88.48377672784089,5.6141926509593025,74.88071902021096,40.29207818175189,3,MEDIUM
395.0672031986588,7.081720843124594,57.9295041669173,17.65662755915731,2,HIGH
377.6237358746453,9.642270926812937,87.78866655923804,15.752920664909944,3,HIGH
15.77072454740236,3.2830251320952684,35.03532060369561,22.05178290125767,5,LOW
282.23006900627536,8.874793527617058,43.74898607702907,24.991336227800513,5,HIGH
370.09932696626635,9.316700247648425,51.0018483825427,33.795863154356134,4,HIGH
72.23013805093342,7.033739631930609,73.87110606821497,18.951737920831615,5,HIGH
227.1780922210518,9.38139964661204,77.96208832110831,28.11989800773225,1,HIGH
366.19531903521676,4.580907287296316,38.69423057746417,21.127908063086213,0,HIGH
13.578391434319537,9.577145584363985,96.06632962942177,40.659099646411896,0,MEDIUM
278.968106898736,7.3250458944937735,53.87308946331464,16.34899523853915,1,HIGH
118.93960294902031,1.3780519067693071,79.92181341001981,25.678131800655635,0,LOW
369.7584781506122,9.161855486371476,66.69454032633891,33.94122239907327,3,HIGH
388.4232980661471,5.360255281298733,45.59306794829746,42.392645341558165,2,HIGH
377.70659564537357,5.142942863000496,89.23598261807876,41.039802680816855,1,HIGH
189.68568666298552,6.098199453816709,87.2766619734351,41.85575998551491,5,HIGH
344.8170603957254,2.344460920941051,57.725029774168306,16.885598810489462,2,HIGH
337.81975941402817,5.222494437106588,71.20253099856987,40.22769784390378,0,HIGH
127.64018929730226,8.48014495045971,48.04779871551578,38.397377356323574,4,HIGH
331.56618966027094,1.139342132237638,78.2896140122411,42.07294947826857,2,HIGH
14.803053886197048,3.4562544429193416,51.631876883430195,24.34728801774004,4,LOW
238.5079513928212,1.022091277994598,89.08551140675644,42.352953188201,3,HIGH
92.00353491508122,4.741401782348635,45.2169572994092,27.07923255259343,4,MEDIUM
48.226754310911524,7.554839594443612,31.03623959729249,34.022990565773995,2,MEDIUM
30.781280651683662,8.188946462031657,48.79556293775429,27.72536973620995,2,MEDIUM
278.5155103512559,9.506707850143059,43.37367405216407,27.829452915469535,1,HIGH
135.94998550722644,6.476541516737079,65.5800507807447,31.399110563847046,5,HIGH
289.9067086115046,3.291641799876059,44.25923041596034,25.677801288624675,4,HIGH
26.142536319576948,9.31733154223029,83.42329095036463,38.78210982807707,3,MEDIUM
126.11613513224414,7.977841784923385,46.89594466028028,34.009162062457165,1,MEDIUM
215.7965169501349,6.1698563470283005,79.4877725938859,35.69267284616837,1,HIGH
316.28926593558543,7.260761941470424,70.49296461096068,21.931044006652908,3,HIGH
127.50100117282797,9.318847195066862,99.03748995303191,44.08725865444177,1,HIGH
250.35655057480363,7.411546256256295,99.99306839064621,34.80528293318896,3,HIGH
354.3910992944748,4.3153705682626065,90.8668258322131,20.91587593591175,0,HIGH
246.34527527292184,7.4172538206018706,83.19883585091259,37.51470730413101,1,HIGH
93.18378990145351,1.3625034646184908,57.051948980040166,20.211423096228682,2,LOW
9.760312622615208,4.4777400564752305,82.72937089919125,16.90154688898525,0,LOW
348.03954956037194,4.656907286610213,96.96728759556434,30.82660188437503,1,HIGH
8.507764340154855,2.501544109787512,31.636430277681093,31.605718624870416,3,LOW
349.88066907367977,1.2077693249659316,67.65402901384172,20.668967241947957,0,HIGH
211.5748536108848,2.2004311297396852,45.259881307190426,25.45136832876477,5,HIGH
375.6270794051585,6.891593462173496,69.05134211081953,43.37307887036091,0,HIGH
319.5132943094662,8.220599347273188,62.65129628312238,23.550096962624696,2,HIGH
399.17364421333497,9.893831434542767,70.3038007086599,19.66704182296106,1,HIGH
140.28472618068406,4.117271527976449,68.5673554993107,44.776858759963616,1,MEDIUM
306.87531557245075,6.394413000349916,97.20749274179934,24.069166091414004,3,HIGH
160.77236544369686,9.434304701336098,68.65302762543152,35.40761019438236,0,HIGH
191.95024812156353,2.5033760320433736,89.2362461687407,21.946805443177993,2,MEDIUM
251.00218528734803,7.458810277084684,52.38742007605926,31.503635909591683,3,HIGH
349.4708456745355,7.794808598342469,60.66704821537343,26.588459598288466,5,HIGH
393.63338767971806,1.8007798228240453,62.92894332313669,43.847377834775656,3,HIGH
307.3093655458073,8.751244466647584,49.51096303347658,27.98417623651463,2,HIGH
167.1067128669335,8.317945423997594,56.585318303456866,32.525225525451724,1,HIGH
168.54280091082808,1.30062705919691,71.89591556267428,43.34298797700441,2,MEDIUM
295.0329206355566,1.8197597339204634,70.61314343131727,44.67702899813865,1,HIGH
95.51085830732093,1.4421420450266709,74.55047412014363,18.049750920149897,4,MEDIUM
44.18964525255787,4.01269178619426,54.62725407940987,40.029621361271666,0,LOW
141.84886305631062,5.583600916119336,52.108204660713994,26.463494825617463,2,MEDIUM
114.8955966616327,5.791129551591659,72.81325179279142,32.84486118616839,5,HIGH
118.52324818239603,3.409000837924984,39.30032238992675,26.251442368657365,5,MEDIUM
93.44310041996397,9.204371979042467,47.7122080472498,27.03348616964377,3,MEDIUM
16.837275854544753,4.314365108847219,32.948941586709665,19.765726079553346,1,LOW
7.149573893365524,1.4099514036881726,35.08275968172561,32.182993752835976,0,LOW
395.0889558944126,3.7020440038724773,47.03682954824262,31.401478378341743,5,HIGH
171.10925349434493,5.779984802897399,31.367049620784332,20.680673656151995,0,MEDIUM
153.73065886387266,4.673996403294089,47.1787414461223,31.251912880018242,2,MEDIUM
271.85891307722795,3.4645826718933326,75.84834261434182,44.19305647893258,3,HIGH
87.30155514602566,2.1819092478788567,34.27749549282531,36.432257875613686,5,MEDIUM
379.98447358009014,8.372480500866068,60.571567445624865,29.429476787500555,2,HIGH
314.5380057662208,9.965307179117726,93.91761508436846,42.48251956744126,3,HIGH
35.7644009249038,3.9658792017149387,85.38993802477808,32.259430695159175,4,MEDIUM
167.03231031397135,4.434589397589435,51.38062516064001,19.051439961834102,2,MEDIUM
351.6473230248659,6.562337722092614,94.73638354341529,31.425289434373692,1,HIGH
377.8928089165641,7.4659732726198715,53.07525477234074,20.429193460976034,2,HIGH
186.9606044999479,4.528265813232322,35.07608474362937,38.02514516243023,2,HIGH
245.3645556842831,9.144365652836337,99.58391697376794,44.015226428841245,5,HIGH
66.81357843683008,6.040035903060265,90.90157690324202,25.824557536299906,4,MEDIUM
396.4674504547906,5.053510687653379,62.61529483107646,28.047536403755835,5,HIGH
92.66868055337736,6.820054778439146,76.64635669346828,27.644894005158903,4,HIGH
377.0927096540503,9.575234634242559,76.98596544996691,23.558999273846457,5,HIGH
259.8586595969474,8.15097064979535,43.61375615113222,38.82539894635893,2,HIGH
243.09471795154366,1.360118174816119,44.003404320754264,33.53184998240988,3,HIGH
205.07540440660344,3.9907891966596365,62.870649234627805,16.921546705696787,4,HIGH
92.26792468710347,5.234902164561005,93.81011980963885,40.16419005069406,4,MEDIUM
70.61121280220331,3.8306581498819474,30.699564240099953,20.612646934596217,3,MEDIUM
88.19448362807015,7.301688047474109,84.77539451645515,44.37453485127364,0,MEDIUM
74.57530485770181,8.43642234876323,34.02687486002579,26.299894170076975,4,HIGH
311.83378942670134,7.582105856667444,63.47554804181825,33.49348941450971,4,HIGH
140.05010366669205,9.903999581454478,74.65109831514334,17.334708566880913,3,HIGH
23.137070625358547,3.452928831037262,78.07314869577255,25.3398982406507,3,MEDIUM
387.64105205632455,8.874905455219793,34.0935484531138,39.07061872082345,2,HIGH
353.5143539853703,7.8996039865703755,59.30225321687777,29.31625475859775,2,HIGH
371.10091327808516,4.259608818023315,70.86860823516272,42.13810450632069,0,HIGH
397.9631290585741,7.607120892912718,34.623187611420484,32.254153231524214,0,HIGH
69.55809968779492,1.9366836077642227,39.45661896167169,42.85716586187243,0,LOW
158.4968075610635,8.104001341064972,76.4554292652827,44.47829721037668,1,HIGH
303.2953902816365,5.790975423283924,66.51467376134562,28.61683678554828,3,HIGH
278.4082472215169,3.6306115543832784,41.32800628878034,31.954697177334243,4,HIGH
61.558362535942024,6.9019957160576215,67.46675358403135,40.04761929753809,3,MEDIUM
326.3332499962471,6.774579988429681,93.8884661411091,21.64599016607439,3,HIGH
89.77622873466427,2.8853760044763974,31.091130934275476,40.84888721343329,0,LOW
89.52704592904924,1.2735767333037353,74.98436414400982,32.75760421131809,3,MEDIUM
214.78976915736544,4.902603282115065,35.155530422373936,36.76500406153576,1,MEDIUM
237.17597393668126,6.1256068240997905,30.45146100752906,17.395620679903356,5,HIGH
232.03448313512447,8.889447505335387,40.545814206244366,37.98563050360211,4,HIGH
36.59473495910195,9.35395116082835,59.603464229774346,24.323607137209752,5,HIGH
350.98434505215215,5.759246963410898,86.1640799287367,39.156968305495255,0,HIGH
106.24001703548242,7.784231353916904,49.72498476231911,30.274576149081206,2,MEDIUM
51.80596851312167,4.953729450951972,73.7971248672131,23.238430044468995,5,MEDIUM
355.4992319475909,7.714739409156037,58.78096465687146,43.58279091064962,4,HIGH
382.26059929190137,2.8432137244525024,46.403225437620556,37.951871931344975,5,HIGH
344.8510469061803,4.339582613231783,65.99729799980011,44.57058221620941,2,HIGH
323.80642988995123,6.708051989322533,85.82251432608362,25.93409695236611,2,HIGH
262.0967922556087,1.1634216904637094,88.27446590393009,34.47658900624916,3,HIGH
220.3429482436557,7.502151793050586,89.25636723140657,33.3476603359118,4,HIGH
34.79470396456406,8.519819511413502,53.69904687884856,35.62670223206409,1,MEDIUM
163.3812852282795,4.592274949845563,85.5419245301027,16.149496981239924,3,MEDIUM
149.0754068049256,5.031481754594479,44.85249185762355,23.751579716321224,2,MEDIUM
103.90151350413048,8.661539909948779,81.68975708700182,42.280127213724214,5,HIGH
289.368045475434,7.9808917179343,96.38690983908316,27.714601646166805,4,HIGH
198.35029403150833,3.593345401300375,30.962068428367004,43.81931037244642,3,HIGH
32.41848636305917,3.915784959053851,60.82547518251586,21.405095179349274,4,MEDIUM
88.07328077992453,7.10990409151537,75.34396918898032,44.92271920443268,5,HIGH
273.30350546383835,6.068782832033451,79.1243039341287,35.92742726878597,0,HIGH
30.452343796120076,2.4600661398684727,42.326143078844154,38.291802721994635,1,LOW
340.48276561950746,3.789369183062498,98.0528292667015,26.905835166076074,1,HIGH
198.05861080558972,9.099849491907888,73.0685757579681,42.21024363781862,1,HIGH
192.2346309306592,7.193569930500371,41.50384208597875,31.36388702875866,2,HIGH
236.96311386380705,9.873768859169676,31.43657581987607,35.42815140673905,2,HIGH
329.87238637005964,7.903112769826925,84.82849391528431,17.84424814008858,1,HIGH
139.12368316087722,9.477769889292311,35.57933176118213,33.9504210267868,4,HIGH
271.2064610236254,2.9456971648342787,39.873564474916556,41.3723696478647,0,HIGH
226.2927855983164,7.9433638733523315,70.23810187989835,20.34849684647964,2,HIGH
106.81130806776852,1.1819576813301769,72.24538524147337,37.131778039045386,5,MEDIUM
351.4519945420632,7.036840195403805,78.0820983014679,15.762022769839636,3,HIGH
318.97040864277125,5.223540503082172,57.54598088645345,42.786090496875566,3,HIGH
263.3807338633702,4.120840647280618,84.1729068276776,44.48751348093559,2,HIGH
340.23269163769675,8.761639170637801,98.2051019731122,25.62540200394283,1,HIGH
346.9176803839209,8.688409233917776,48.97664601559181,18.212215491460046,4,HIGH
283.3451906860139,1.2007153440877922,79.21200315765621,34.75729104489435,0,HIGH
334.8053313454688,6.485546102044879,94.99280566766097,15.895035424424371,3,HIGH
278.98858466771344,4.310490018888608,78.04007338319299,29.474588438915603,2,HIGH
272.05630870412017,4.740949013504043,77.67766490509817,23.153375254136595,4,HIGH
247.44455128607373,8.488366652968985,45.66407983596446,29.200171618586307,1,HIGH
301.0866558230565,3.7885579437491046,67.45911402237851,15.54826544215071,0,HIGH
63.44204211722948,9.48743929573858,69.37659905232061,16.548365492121196,0,MEDIUM
352.34830367957136,2.616704437349267,79.0090693719167,15.47927486530147,3,HIGH
348.7374110980928,6.9645018103136,99.77750149273278,33.573956101413415,3,HIGH
11.698913213823658,7.048945603123882,32.35506757806335,31.802787530256257,5,MEDIUM
330.3267002259051,3.2697564528512637,34.56628628872408,21.994739956098133,2,HIGH
51.547946989378076,3.9227554807048177,35.456504860164316,34.39929386712064,0,LOW
134.04754170365675,8.513186433219463,82.00853941422697,41.52621770684925,1,MEDIUM
297.4033025166431,7.856247294594572,39.544765657753025,23.31966303078341,1,HIGH
64.30395841932328,3.961862922832836,73.57163121432416,39.959814236369624,2,MEDIUM
327.1868096476249,5.805608922414405,52.72682145254209,34.875274080065445,0,HIGH
332.85367118309676,1.555122666277859,62.012396934749766,16.014613295189495,3,HIGH
202.9870935043345,2.878712941587663,45.09642118721897,26.254496874883035,5,HIGH
2.554348686733432,5.372385029743592,90.62745929131795,30.232716475770513,1,LOW
114.81525326996511,1.7737636175129043,71.03052269141185,36.95097569864164,4,MEDIUM
246.7707673502969,8.589991194027437,96.11942845075768,23.61391674760251,2,HIGH
392.4744712109694,7.462055890968831,70.22173747930307,44.481903145737974,1,HIGH
252.72541080666736,9.492703035836453,38.67356214178626,35.536192215152575,4,HIGH
103.92143242566392,7.2412021536762445,41.96093036869328,26.184410314930815,4,HIGH
253.60228123984453,9.46361235035967,99.2351783457493,17.91075117231336,1,HIGH
215.9941518863422,5.990613001218685,80.78956381316075,20.441032808124298,2,HIGH
311.93815806045745,6.401967499557724,33.44951250203628,29.628232801654697,4,HIGH
42.792255530783365,9.792739491636349,79.26467035242653,29.840860648751,4,HIGH
304.4111610008112,6.779162321778343,58.85211327667281,38.031562944640605,0,HIGH
216.50663147044412,1.2770791197467193,51.504587077623334,36.785298767167575,5,HIGH
385.19680154359787,7.51422498967471,40.7842555611374,21.03819115553452,5,HIGH
136.74886641547442,9.149218229236741,88.7932768189596,32.84869861674795,5,HIGH
253.04875725357925,8.16022224814894,34.46889652923705,15.61865402228665,0,HIGH
372.811242204007,6.254499453628804,50.288482366574826,26.95642198153,5,HIGH
41.0038911962717,7.041731617841647,51.44680256779931,37.92315721714817,0,LOW
374.89139489458046,9.911726103265046,41.26336987744502,26.985257798614995,4,HIGH
275.1542889203253,1.815958796584045,65.57294183008092,40.067887194042726,4,HIGH
27.13482364206876,7.005203457699156,30.819183876762484,44.284658703758446,2,MEDIUM
120.3854267787265,3.5505792511353444,51.06828607872864,33.216378080980974,3,MEDIUM
283.2688354581126,6.7608135692755305,95.35406108231449,19.3501222902527,0,HIGH
26.94024058750868,6.468612182955449,51.7370698539404,26.39031623716232,5,MEDIUM
232.8681840705093,2.381111488973459,55.232157097472616,15.284500652051255,3,HIGH
138.3532227811827,2.860719811662152,63.12155337638501,33.08177771522258,0,MEDIUM
248.36620710699086,6.594666202388922,69.31853623960323,39.647055029213945,5,HIGH
18.296813525005142,2.1540695257339673,86.60960513745208,33.89820236769128,0,LOW
348.61472246095053,3.3866278761729056,43.322485620921235,38.582586875503495,5,HIGH
389.3955876709588,8.517209929642021,91.022246403479,38.9971178182766,2,HIGH
387.5511421142766,3.9438235540147475,83.02845500007226,40.530377286523915,2,HIGH
299.8607326971699,5.392541406426966,80.58552342630887,22.999913489926627,1,HIGH
52.03449605225279,9.470263016312563,36.076320160024466,41.13805568461265,0,MEDIUM
303.305278371609,3.044341799532517,31.514848298220926,34.622819953904724,0,HIGH
9.834766583520604,4.506634156222093,71.58088906356588,23.69176669783461,0,LOW
8.849420611598902,6.458119979891911,90.41937737662128,44.61884144988783,2,MEDIUM
129.4440876598165,7.79805036553575,70.91090248984452,43.50547181195007,5,HIGH
195.4572761618663,9.114880480414346,44.92644058118716,32.23322949619198,0,HIGH
308.16296712311726,9.239256888161636,36.336392856444924,40.29625135198691,1,HIGH
273.31815064260206,7.989760669353607,78.97175169724144,22.844834661596153,4,HIGH
178.36108255069934,3.054977529339794,80.52391941224667,27.4811098983267,1,MEDIUM
109.45066651266634,1.2232839703830922,42.077219048097604,20.51915282231501,5,MEDIUM
398.84980006308444,4.453965373200614,31.97332208475754,30.603079278877438,4,HIGH
170.4725208943892,2.27393965889041,58.579845925623786,29.88004290214996,2,HIGH
180.5548097318702,7.393488826944683,70.79030914931155,21.38439677884699,5,HIGH
65.44952847666767,6.950175281431451,79.42016866970337,35.184050811482926,3,HIGH
317.9238194999717,1.3957447745930935,86.6961506407032,18.533708865762378,5,HIGH
277.47289031259544,8.52934401217856,72.73761991147126,16.850743532091336,2,HIGH
88.30784511550416,3.2386893966206403,37.76164260189395,26.547149059871582,3,MEDIUM
32.952418246337075,4.89004367941938,77.78071704996904,27.29474333354115,4,MEDIUM
272.1997208298852,7.0114036191016815,98.89236500264174,24.592218195794587,3,HIGH
261.8044857124541,4.86476908167028,93.39092092181826,22.738399127347513,4,HIGH
109.30381079928372,4.97159022519949,91.01682364886588,25.163290350285912,5,MEDIUM
380.3454249001641,1.5906519580216634,51.15191073508386,19.901267218563092,3,HIGH
60.4231567123601,4.612991943340035,82.55517235178004,27.103574073986323,4,MEDIUM
172.93392041704075,7.883631038979852,89.57724121756019,42.13810120552331,5,HIGH
377.44636806703954,9.23658703467938,77.48283432418842,21.732806436265147,3,HIGH
167.8909267704489,4.721474233570346,47.539322959758636,35.53353313051051,4,HIGH
255.41037906563423,4.81227244191171,96.76837803124708,19.25353531193518,1,HIGH
159.03775918511772,7.323643956912869,61.557358802107316,25.617198720306924,0,MEDIUM
109.68608093946801,9.48494800994749,39.086389106611556,24.63524341635769,1,MEDIUM
393.5910591839313,3.403548462154242,37.68445265401744,43.11088183224983,2,HIGH
163.7336025260172,4.961297858841432,75.3263291109332,27.83946167405427,3,MEDIUM
357.6396814716538,8.16375919197071,60.639675249171745,35.713978313441515,5,HIGH
91.98184235643447,6.487242124366347,36.613871262527454,33.07388426913988,4,MEDIUM
85.24188161003332,1.9952770956755925,81.82552005092663,19.23090225854284,1,LOW
12.453633153804544,6.649594620060391,85.95276170810338,43.18621353091855,1,MEDIUM
260.666730150354,2.680716561375942,80.7790941550516,25.376078755672896,5,HIGH
147.41053748950446,5.591943406705638,44.1582614378809,16.342750673509492,4,HIGH
345.7432999358548,5.761929408943947,78.28428191972486,24.01331120532563,3,HIGH
189.28396267662288,8.885830260024864,30.750596202606957,25.069011776469782,5,HIGH
387.27737116588867,5.162448466111943,51.357849777488646,17.782359821361815,2,HIGH
74.21020628124846,3.514981800123048,57.91750719852806,33.59932219139829,2,MEDIUM
347.44926718224434,3.078697133944284,88.46728642198511,25.402926166246363,5,HIGH
310.6387411166967,8.868266890159024,57.3276061148583,33.874038189929124,2,HIGH
308.3687378576208,2.5390976897640556,30.78886123325788,15.202216907672014,4,HIGH
337.9132912467551,4.832817047948294,54.66424882796066,44.461451969722575,1,HIGH
304.40959637719953,2.684558034342523,64.9246868851501,20.11549075634045,5,HIGH
250.48812865256616,7.959736361029378,96.43033506709413,34.77992960114809,2,HIGH
52.49795107295503,5.269353759771571,95.87240126526814,36.47352909838546,1,MEDIUM
13.010471796500767,4.1602932150113086,42.66118267549881,20.148250492424282,5,MEDIUM
368.33913912627474,4.249896765638201,42.96025792176161,18.351368463072557,2,HIGH
246.66012580829522,8.669927860506814,41.43670195251853,19.57731575534426,2,HIGH
318.6149163904705,5.9839655886499425,85.22453526898722,22.404547675348336,5,HIGH
192.60894060502002,7.460810660181372,30.421542825788446,20.046963539787264,3,HIGH
46.92327558495779,9.07334664625616,38.90240387343141,35.219982808682445,4,HIGH
50.074316881020174,9.115675084365778,67.65717421508694,27.624996111782018,3,MEDIUM
274.22611489158857,3.9565814890407682,47.32934468207358,31.13374783546089,1,HIGH
172.12235795978506,9.572061368317467,36.46495207674835,16.420103664274748,1,HIGH
80.20989068013469,1.223882938131449,55.191460863368405,40.8374688930217,5,MEDIUM
196.63781869657475,4.391520049145491,49.19453235421713,20.117146596185766,4,HIGH
25.683574830053637,9.062189717579574,65.77730145599992,25.804569943652645,2,MEDIUM
232.7885607657595,3.4717319183528463,98.5463515681137,17.15704919483301,4,HIGH
107.59736177403907,3.4577330528918653,38.70132457704429,19.103794039449888,2,MEDIUM
319.02364025487526,3.7236005657369984,56.090869338386604,34.97398229926984,0,HIGH
124.1447835694295,6.5108204636223,95.23895125107323,35.777610067670665,0,MEDIUM
182.08805963272047,4.944994980529184,91.38111304456757,35.30896453876056,4,HIGH
4.648215963240254,7.540613527180083,57.59897243489964,31.56410363538066,0,MEDIUM
28.978755117823553,9.054195783081992,78.92672851638156,43.5756499203572,0,MEDIUM
156.99742256267393,7.067794374485746,36.14999095069419,30.21531482305729,1,MEDIUM
191.9755338868494,2.8402004817781794,79.87787388805306,28.482360878893395,2,HIGH
240.00821924772148,9.394137121244519,98.1000410639319,22.426366971514305,5,HIGH
116.6650314837213,3.3804358601273066,67.62417069839341,17.96548587799838,0,MEDIUM
277.99275445061704,2.349048657953423,64.894315892409,31.444647898985362,3,HIGH
344.0489588756818,1.809705509748648,43.11230337913372,24.446705600784842,1,HIGH
311.9403955573399,6.07045366599549,74.36517392351044,30.720761495715458,2,HIGH
15.847530139342858,2.0238621623258664,71.33060965452404,21.18357234781439,1,LOW
192.2027789031316,2.248982957013677,75.63531416330254,40.14518016623734,3,MEDIUM
41.97207136726995,3.70027432535947,31.82583006793053,44.99091628977207,5,MEDIUM
96.81800634501099,3.5348770871601745,68.41064418443514,24.672105303619485,2,MEDIUM
394.6650373068586,6.438155592989281,71.64543904481611,40.26982821780989,4,HIGH
56.99821716060529,8.350707515254133,44.52710947889615,41.18958409177222,4,MEDIUM
199.55526138054242,7.852146905826031,44.58330002419752,44.88221366271239,1,HIGH
247.26229372724765,3.3623600924482906,49.33527179576649,25.28160389333938,5,HIGH
280.9859882176416,3.2077944818738193,79.82051142090663,37.68124181142317,4,HIGH
223.85947339476564,9.69212377096271,72.43862444726602,21.864270109259564,2,HIGH
3.9083389676734637,1.0741261743276411,89.20338522824633,33.7438800387643,3,LOW
130.58452329759675,8.917484797541942,50.696100029016876,36.145277084185125,3,HIGH
207.08465735388458,2.7975566721016447,93.84476419218228,37.23362077605289,4,HIGH
35.14659965793334,9.52555890780791,82.05943133883508,21.21516505753385,0,MEDIUM
140.2507724836723,4.080765563447677,57.65081690095879,40.461767114885845,0,MEDIUM
13.281243516546626,4.963165965039271,36.66834459378191,27.629155811776258,5,MEDIUM
31.431398862008297,7.364085525499429,47.98885637412377,21.49108553203665,0,MEDIUM
158.76931048063844,6.289021463259343,96.97377520503952,31.275932651157046,4,HIGH
53.08630161722414,3.8614539673614052,51.72543631188556,40.90071388820826,4,MEDIUM
227.01633930462327,5.984478242810412,53.09306721043451,44.01263729334342,4,HIGH
275.7859876549063,7.576361959265976,43.27122517684019,37.446234651836235,2,HIGH
320.23467964363317,1.381014513122429,86.47954207971358,15.168686588140872,0,HIGH
80.06009769792404,1.1007937473013372,49.295096116959414,19.041022813978685,1,LOW
66.9930329036279,5.122602451656022,53.118077385819895,17.288219593165973,5,MEDIUM
41.8271361337601,2.1865295602316275,59.00436759021386,18.036412289816543,2,LOW
254.57209981745467,6.97909862318243,60.360979584222676,26.491048680593252,5,HIGH
282.59029059476046,2.9264721060469077,58.79385532905152,25.15479944485883,5,HIGH
12.634457930256815,4.895659961161039,65.262058676231,18.4105494380493,2,LOW
374.4848984974759,2.7790384318684205,87.01590157314823,41.46706054842747,4,HIGH
20.788513460588966,5.936352271742121,87.34995285194154,33.462827289970804,4,MEDIUM
216.51853412042817,2.0444811344611202,85.88191936343429,38.89389926869347,2,MEDIUM
283.6242077803666,1.2079616750873223,37.07873873815413,26.146481665662925,4,HIGH
348.38764949843426,1.4601847429602746,85.97751622923698,27.307080488627037,0,HIGH
285.63477285297114,9.58832597363779,38.417624144060376,24.52863631610184,2,HIGH
320.6912332279167,2.2805759674984225,38.730663903658055,28.152798362954734,5,HIGH
135.78007701712244,7.376304278231517,96.35039401444726,33.31131787065161,2,HIGH
325.9300454986049,1.6113358380054361,87.35784912938789,29.78952023520724,2,HIGH
32.04593855387006,1.9734431701166395,68.6687326807606,40.13751018565351,4,MEDIUM
357.92666242421103,5.579886262684012,91.24791431345034,42.00417505829473,2,HIGH
219.03695046149448,5.183838371389093,99.2555249786304,29.090515601027974,1,HIGH
326.9191079849975,9.564222784958826,72.74494466422442,22.19243941045948,1,HIGH
180.92731380732005,9.503519077186636,72.90289058870627,43.35577258377927,0,HIGH
257.43107807860997,8.016477782882186,82.80989204119496,37.05115929152768,2,HIGH
210.5610643744453,6.418916471146147,46.24972666557329,34.2038125816164,2,HIGH
292.63580870213275,5.094642856537099,41.698740306315955,37.362412008719275,5,HIGH
32.65199281223583,4.205606808955789,83.17065250105507,17.279453471907686,4,MEDIUM
24.14083359622552,9.523787922779999,54.14333564958716,17.028789829130176,5,HIGH
98.84129360405858,6.42617930282217,39.45492494141538,19.59361957742962,3,MEDIUM
63.81787204527534,6.21165274917395,52.041440814242485,19.423529023215973,5,MEDIUM
348.7134266368807,3.0871100959202336,55.104580751220276,27.620114245482135,3,HIGH
87.68559494321772,1.4202803609660175,97.56593616539834,19.722122468560926,2,MEDIUM
390.34610232765255,9.5066972178359,78.85717977615462,40.63576932799789,0,HIGH
134.75831670844275,3.8236173296018854,67.15994221798138,32.34290792784077,1,MEDIUM
72.84716627547971,4.983301209920128,97.82111970778234,26.047856890507543,2,MEDIUM
315.87940285699165,2.0317594922713615,93.21978183319266,17.08867614675801,2,HIGH
263.48311020035044,8.532318969183628,65.84005996299118,32.73083387877375,0,HIGH
199.2782865812556,1.2486864957033756,93.39757447638866,18.49598461776379,0,MEDIUM
222.14542037505248,8.505916858891869,58.30132606438596,37.29660751207818,3,HIGH
287.68071130890553,2.262565115091701,46.12944657496372,39.08274290231465,2,HIGH
91.38189653251949,8.979077013680369,46.28747237754596,31.319287738795236,2,MEDIUM
398.53356642269677,7.567953736025417,76.36208671094887,19.488085774225723,4,HIGH
389.9172648587132,2.4820323625657457,65.07492244950939,38.605881712213964,1,HIGH
260.13027453877476,6.092361935735213,76.12655929038127,24.234833677780017,4,HIGH
79.81698037165805,3.8139068291969753,78.02531749835188,21.679594282603794,4,MEDIUM
272.09129697251655,2.604097890204251,31.562601102840233,29.11669923055276,1,HIGH
28.879363591670337,8.732639794699976,33.78277146435316,42.67938724148753,2,MEDIUM
12.261000882322426,4.631704898565065,67.2874408613875,23.92119876223571,3,LOW
103.07315540448548,4.586893429288443,43.37248344320538,42.16735502917861,1,MEDIUM
185.04918269572653,2.52898007325958,74.27736381631078,16.609599262194838,0,MEDIUM
347.3090021633522,4.447591084772008,68.65300174194536,17.505711150538403,2,HIGH
290.8676279065232,8.844551616959652,71.00322508596238,35.95683075405741,1,HIGH
297.0826084799924,4.268158394406723,51.17187658817075,20.717779843445268,1,HIGH
170.19733377923015,9.564432062498092,74.78904543945276,24.498620495898763,5,HIGH
138.37399701878516,9.516780092875488,88.06448455395162,19.09118942941737,1,HIGH
148.41550519384108,2.304087933766114,99.8649877514566,24.96744807397645,3,MEDIUM
395.05982549442314,2.595801281703804,88.691107032055,23.413799816773903,4,HIGH
16.043676564992992,8.764066632987003,69.02491317759632,37.09012916966951,4,MEDIUM
346.81259844897943,4.534848270322473,43.54007141759696,36.060701645671315,5,HIGH
231.47016342895736,1.039365840547084,77.70121132838746,43.647815292850964,1,MEDIUM
175.4461676758362,3.464846377348339,95.63576498905847,36.73265055519123,1,MEDIUM
290.1030641660546,6.3786609387600395,44.830657781261166,35.84453259064155,4,HIGH
194.66757656988113,8.193393693639713,47.9196934368604,35.826116671879554,3,HIGH
349.36929523266423,2.200497553839336,40.43059803881558,41.48902366944529,2,HIGH
360.2807456045034,1.9948722797506182,81.57051505384811,23.8871019862665,4,HIGH
168.68837074938216,9.298833882150985,58.459305239656146,24.002763275814125,1,MEDIUM
110.73111889402063,7.760335310403244,34.388694722046885,37.23641429114811,3,HIGH
236.9401314373449,6.308016407002706,91.24649940431962,21.861154114503822,3,HIGH
364.9453382466764,7.922681109963352,69.03703332917966,42.3606001244391,5,HIGH
84.26487560226663,4.859689251759746,53.176600440024906,31.043451752606583,1,MEDIUM
249.1866334253931,7.826101725782139,54.078808324276785,24.003747842784954,0,HIGH
252.62408803700822,4.346226921470822,50.317585413363474,38.28299789069948,3,HIGH
293.2452089661124,3.196851152433421,61.88361206748493,24.36961889625888,4,HIGH
52.62707405090392,7.561120791636718,53.59291819417015,43.89834951215615,0,MEDIUM
286.32998587283544,4.777050629415415,68.35624128494266,44.48967629174955,5,HIGH
363.6130082662564,9.832393938935754,84.14620765899059,35.003887258985884,2,HIGH
71.87324354809678,4.1453666407729095,77.21228984110616,18.409016692506878,4,MEDIUM
95.01732996955106,9.295546784779594,50.6119824927882,22.896265497998776,5,HIGH
388.55803761665584,9.396662937103715,67.01187080778455,30.462508866481663,5,HIGH
72.3907810837959,3.1766765235827155,88.80883119385756,40.54342350293945,5,MEDIUM
341.7540373478316,8.18399063429212,34.77443643199078,20.546594908260857,1,HIGH
196.9111425792139,4.897670546301086,35.48080868908333,18.13210377041797,0,MEDIUM
98.89242976127082,9.257722545073133,68.93190476348275,17.234324495671068,5,HIGH
348.29996050900456,5.051118453717149,74.73805898728622,30.20902687080141,5,HIGH
178.1221020010662,7.698733456036295,44.79891110431329,41.541029087841174,5,HIGH
205.92694157187609,5.202706682474181,82.16540886840626,16.27077727931677,4,HIGH
143.6933477599063,3.0502068014157055,75.23843639285093,21.369646019806037,5,MEDIUM
237.18034057397097,2.7941511605021767,94.63024877654006,35.797710475185056,3,HIGH
65.4095490340091,4.82888074830711,41.82679413009757,39.77590305431146,1,LOW
156.43261466070427,7.7994519131279345,82.59619857506075,39.22198587897509,0,HIGH
387.764928934115,6.445643366626902,35.85501634082869,38.55204171960993,3,HIGH
103.25337308045101,7.19766360910489,69.57046866625282,18.8939940244002,5,HIGH
262.6946658165169,3.540937156587482,68.6326597649402,26.917127465487553,1,HIGH
130.07602568987795,5.332918113618449,57.18695312527184,44.5423398849524,1,MEDIUM
309.38925027464023,1.399557384723943,89.1199803367997,44.66662714764264,0,HIGH
52.34946428733993,8.357791743623086,30.305945135020856,33.072821758625636,0,MEDIUM
387.9284180314179,9.909029460158871,66.41255813289645,36.278016141634026,0,HIGH
181.5158165534557,4.661911563622038,45.20074848846312,43.53851388855927,4,HIGH
94.42018533858558,1.0986728781838901,82.0449033381503,28.497835837236313,1,LOW
29.39869893200506,2.5281337559585264,33.0147198414268,19.106005736513797,5,MEDIUM
67.9031620350163,6.87274189975377,88.20882817271044,35.06846626548234,2,MEDIUM
207.90957942240706,6.508713863834733,88.66645586948661,43.803069147015705,3,HIGH
134.8012705725145,8.090782476269895,88.3006208682452,35.91618281598883,0,HIGH
331.55334635304376,3.2849560986496136,40.67979687128689,39.099633810712135,1,HIGH
172.35500946472237,7.872687239924207,74.12845629927315,27.682464119118453,5,HIGH
99.48570903505197,7.191856193713028,31.00571514283727,17.89389462434553,3,MEDIUM
246.857994641612,3.9053304794245896,89.35738139024399,20.066462596552,2,HIGH
282.7108867541783,5.909393332512658,80.60826354560344,44.47964488306431,3,HIGH
66.81676316037995,2.3254642764849405,67.18076116294769,29.795529509828626,2,LOW
67.04768651532706,5.073080530920244,81.1414003167632,15.360617705317496,5,MEDIUM
14.668570773417189,8.930776056000768,36.60268676562406,43.66101842193521,0,LOW
294.5608060262562,4.790722418428517,67.00590825237994,29.93339735913159,4,HIGH
265.52181104872204,8.556100358278798,50.389354427151176,40.08805194875513,2,HIGH
189.85235029992555,6.312280287337249,98.08336242560812,31.453744261106806,0,MEDIUM
337.6681795876789,2.726890417921211,89.99825654367312,18.051068510242832,3,HIGH
322.2680611800213,6.229956202281068,81.32929870837839,33.4670874639584,5,HIGH
234.14174575870086,5.553849962413571,95.36233446748123,44.92200828958828,3,HIGH
347.30851220530343,4.587772016767456,54.27903131958316,16.042133479378293,3,HIGH
82.3364840147073,2.076673955644633,93.06159292917269,40.25382592545132,5,MEDIUM
44.767847759091154,4.750377974625069,52.76667624746972,22.064423869522948,5,MEDIUM
107.89984460679585,1.654861386156644,81.29577037838071,26.81598668136557,4,MEDIUM
22.834742435725943,1.8889214625887614,81.54918382435145,26.18128535318686,1,LOW
212.4678112004128,4.743248796394444,31.284491351786542,41.96391582807359,2,HIGH
374.6422769179846,3.7484333377161736,55.274178879473666,30.134585664955146,5,HIGH
15.737416267403859,9.329898932760011,31.36028706859485,28.415228605032823,1,MEDIUM
48.84396560401072,4.381352248422434,99.7964412327174,39.54075326510329,3,MEDIUM
180.8796113133741,7.820723098648902,38.55377332804666,16.467214029148433,4,HIGH
373.55000701116194,5.772227737296184,67.99676269536766,17.593689452856715,0,HIGH
126.4624419907002,7.336771017781019,85.33893671338461,15.65066570628868,4,HIGH
202.89392347535698,3.3410438471385926,44.08845215826247,35.63948712022652,5,HIGH
16.62914362015684,9.477144755544963,63.953686766683084,30.768484112375436,1,LOW
59.337280384835545,5.770796472229815,72.52001326448055,41.280663776048485,3,MEDIUM
394.65204918353874,8.481916641567247,41.21433280768818,29.95598708917817,2,HIGH
386.0474785744182,4.285411241285021,84.4988821938077,21.654587182859824,4,HIGH
1.9759923737638463,1.9019021414547208,50.95355200325557,39.15442119313248,1,LOW
380.72471416929557,7.063404829487639,44.77161534371882,23.829715626978686,1,HIGH
255.64797512620015,1.0698368350368204,69.08021225061918,43.07069346456627,0,MEDIUM
347.1673178080089,5.277636789089574,58.72195393500565,22.512716635567216,2,HIGH
181.89594225354364,2.735217123998133,94.42001612454925,20.031619586108604,1,MEDIUM
206.2384114317001,6.646379539918259,91.60438887387078,29.799719745320637,2,HIGH
195.53863210276808,9.81477885824067,63.834546437221825,16.5154535391073,3,HIGH
266.74570301844176,5.1796261568858135,55.14846423079183,16.09235185447853,5,HIGH
55.86050190252516,8.357484308731,52.78625871418856,29.88043635766374,4,MEDIUM
11.989435949071181,5.57005768256009,48.729453615705516,21.453206423843625,1,MEDIUM
123.17197663647636,5.462560279936216,68.11834975987341,15.28057915185544,3,MEDIUM
281.87230509465866,9.373811438609,86.34850233141805,23.881707342945653,0,HIGH
80.74138084917935,9.009692818720133,51.75296257424904,29.321020615397757,2,MEDIUM
269.37297332996695,8.07220418669177,43.3065862781657,26.828661043812694,5,HIGH
387.96481844290815,3.666301779851057,63.283866432830074,19.064083984812694,3,HIGH
37.56028631576736,5.905075741515465,34.83240917583666,32.390244834959326,2,LOW
269.0408472900505,3.015075099751165,79.08953042907947,36.30998973442911,5,HIGH
177.50008772182846,4.9952502824188585,66.28507864113536,35.26617486489886,2,HIGH
347.25690175100215,5.357917591838116,64.74623655809978,26.812857638498173,1,HIGH
70.85991577895436,8.484760361523978,51.03117656850158,19.12788453513342,2,MEDIUM
277.0503808904658,9.064255287924938,93.32714062722157,29.98460320472168,3,HIGH
335.24611585924407,4.7315805615683,36.334040429468686,41.71295264811248,0,HIGH
377.8456877896093,1.1593400056591348,90.8876806220922,29.061685468236988,1,HIGH
273.2992113158583,8.755964558104193,56.36936416911459,20.87043149224763,4,HIGH
198.8699056033709,2.568508106512246,91.64364611825155,17.79159909281191,0,MEDIUM
247.13889608048555,6.596937675013542,81.01330208326685,43.317799142966386,3,HIGH
347.5619937914873,1.2247381039071807,37.29195086634268,37.29028226630744,1,HIGH
228.24389865553186,4.595558277345079,88.20754005565476,24.389009181014472,5,HIGH
12.154823878734744,9.873642719038148,77.75237835896536,23.86057218615523,5,HIGH
372.3794782027911,1.9062424099342279,32.26113390407439,41.85655460167793,2,HIGH
275.81070041262444,4.813238367996781,39.3591877476769,20.327047044289532,0,HIGH
270.60535431089863,3.7643495517095698,74.49396390849867,31.051118689696334,1,HIGH
86.27006095908686,9.14579311049438,76.38203520161994,36.40512825537904,4,HIGH
263.55418809306286,8.824060971166197,82.26560029863165,26.891710558970686,4,HIGH
157.54576226166338,3.1392888427560592,80.41717805424872,16.197070276292656,4,MEDIUM
260.49319081659684,1.7306900834538805,76.16639682689684,21.832764411585647,5,HIGH
42.63721212319629,6.644245546550057,83.63672312224958,42.05424412327122,1,MEDIUM
263.1381218412144,4.027318406953388,70.2559994124661,30.69356900518663,0,HIGH
399.76549030826664,7.0487595154545675,48.255396986711844,39.463237394639094,2,HIGH
19.28481554422241,1.2890778046103302,93.86636296115027,31.67056628371852,0,LOW
390.8696736885269,2.2005931165974046,31.274982165238455,43.3080628713691,2,HIGH
162.76318428914826,7.17735009495379,55.659320391004314,42.27402226670535,0,MEDIUM
348.30138013490364,2.9113358977224797,81.02092051680143,29.486641260312055,0,HIGH
312.9541936233094,8.718289081861613,59.900922880477204,24.548220763090484,1,HIGH
226.80650439466712,1.5273179893912188,31.738408523601002,33.050063620368306,4,HIGH
295.3796837005306,2.9393378450701717,34.61866321813493,35.24663045008421,4,HIGH
351.4062245205392,9.987042236365617,75.4046158396802,29.950652769018948,4,HIGH
161.6561286604132,4.897684923281133,97.54052195837097,39.668496632852836,4,HIGH
130.8132646252955,7.326690971901792,68.63045450841493,20.499855653546483,0,MEDIUM
267.0373542254339,2.643967439713123,65.47304726166384,25.03235491872097,4,HIGH
323.13837677650343,6.48881861486984,52.282764913938706,35.59129072099359,0,HIGH
304.9140539106463,7.534954615324766,47.96834717062442,22.400515961626716,2,HIGH
319.1254595434538,3.830289722798595,31.46894872293993,28.195342340509015,3,HIGH
174.2333259251732,8.4600740077829,49.106840734832986,43.91200639884878,3,HIGH
327.1336864700086,6.43075820625055,61.43773086056767,33.77627918059723,2,HIGH
48.08362214824338,4.502107086535272,43.85648481342651,43.471717039233766,0,LOW
217.79563918433982,6.018781540088427,36.11435919370005,36.673242097457276,4,HIGH
2.303464199248628,6.190847626923318,80.24095070782218,36.740003090015186,1,MEDIUM
129.83433196010813,2.489817634244794,92.62341883476469,32.75571521070617,0,MEDIUM
146.58461394855914,4.624591328802696,95.57404487809599,19.266257844441803,0,MEDIUM
158.46907664370215,4.090875292175438,73.25991099478925,30.59142872658863,2,MEDIUM
278.18688267594484,4.608124503212135,33.694220781949724,22.57998601510413,2,HIGH
155.4232405081383,7.849995296367322,81.86038409732414,44.960176630538406,1,HIGH
179.47744904901225,5.342845667200054,37.706671368332046,23.008858203036617,4,HIGH
95.01765234973098,9.462845379153379,76.88236823814768,21.920575303843457,3,HIGH
149.30071665173602,3.6430877202259255,84.5556085023513,33.71649465372134,5,HIGH
90.90785090526059,4.741332204564361,80.81052975785309,30.328464396588906,4,MEDIUM
29.278369507377455,8.082611294311373,96.63186640327915,15.640587397635425,4,MEDIUM
241.37943735255115,5.914221339886752,81.67023991271728,18.885995369774097,5,HIGH
267.2851194220065,5.92325331782003,78.5246844587266,39.33128825482538,5,HIGH
247.7961384038458,1.4800614670466516,48.32202205281717,29.510758654426816,0,MEDIUM
185.39761752022895,4.587396964466103,94.73380805051312,19.38045644469043,1,MEDIUM
151.91431207169194,3.4366035917955924,42.56807095559168,28.95727688507201,0,MEDIUM
345.3334598287301,9.99401610548004,93.34276280311884,22.59447249247211,2,HIGH
207.63271405448722,3.7751956356907925,51.88637803421373,21.707743833370312,5,HIGH
191.6727510518924,8.960468813144772,39.11145157143681,43.73175829335313,3,HIGH
10.256826322574275,7.086103615364297,87.86781190898195,25.86073580573223,1,LOW
136.49913105046255,4.068247682728813,30.17468175205804,16.392933140170175,1,MEDIUM
152.07824751434282,5.891809405367113,88.24618223765815,44.109800179119084,4,HIGH
159.5291123587602,8.564822919542744,48.36182894321831,38.84518724316473,0,HIGH
232.0689476909329,8.950314682278208,91.93048909289348,22.632399196924755,4,HIGH
213.44101869075138,2.443544875055307,78.40354275691054,27.26675504116174,4,HIGH
243.16203711737785,4.056158270873526,76.6328332995413,40.868687237853855,1,HIGH
305.9533046168513,4.017008621922145,55.57236942153904,25.722405579698226,3,HIGH
325.1942954864374,1.3784031646835022,34.158208172353966,32.02212126019796,2,HIGH
287.24923049059777,6.3841398386670685,88.1051168743904,31.04570608993838,4,HIGH
382.2094783819739,8.693380476929692,41.96326566235696,27.03883645886399,5,HIGH
7.293033070544652,4.43416949042966,56.05810493263266,34.18505705441149,3,MEDIUM
78.31119427341844,7.660323504857593,72.02482798563572,29.19872211905659,5,HIGH
3.025149991256848,6.64930372240666,63.75776169924352,15.636914750219185,4,MEDIUM
258.9898856618412,4.380838619437007,43.90624446199226,39.431493229438125,3,HIGH
359.2122195799948,2.2695381954306737,39.84314498175988,18.39467348261158,0,HIGH
97.39291863051972,7.383914674983706,38.62723905752034,28.922697926740902,5,HIGH
370.81381791852266,8.691086520471163,90.41055170494406,32.397023727824916,2,HIGH
24.10695611582434,7.172690431613427,32.20916843429335,36.16518162579872,1,MEDIUM
373.77441072220574,1.1609063563133626,98.3909981719926,27.323896058638482,0,HIGH
140.64907489585377,2.9460960495189212,43.89700832697899,37.06645461091594,4,MEDIUM
40.568331379686605,1.6253198639517872,37.72256078153547,18.94050254155711,4,MEDIUM
194.34870367453024,6.133474896186041,70.38801583437566,34.60336644812337,2,HIGH
102.71062708820318,7.808299109563712,35.59901705584876,39.79016782757109,5,HIGH
113.94916078476913,1.995212683617935,72.17172842145165,41.683319185125036,5,MEDIUM
122.91598597051463,8.545040385340467,89.54386513695292,32.386994878616676,2,HIGH
321.21035913306537,5.999580805559349,33.35286150271974,24.386855942251117,2,HIGH
215.6645106701018,7.209721109275524,85.9908023169981,19.900695351408793,4,HIGH
124.52307966240146,9.742616637477816,57.61342086874831,25.366762586323347,4,HIGH
244.13351332436736,1.7531288942292758,41.1643443681847,31.199231194633192,1,MEDIUM
286.4602696892774,9.111016206800103,42.32675361872214,20.889906719746815,2,HIGH
109.0496002934135,2.134924263886684,94.31351805859583,43.575447170792785,3,MEDIUM
165.41964061014062,4.53662925973014,37.74240263584651,41.91406286618728,1,MEDIUM
48.75443733477902,8.66294826698003,90.67479509809598,15.988715845962938,3,MEDIUM
72.45973981387212,9.156288130640814,68.09712346885303,31.858853946911665,0,MEDIUM
272.4471415859931,5.557345061906308,32.733932517150734,38.67926370739839,2,HIGH
72.57533907825078,6.346941744478826,62.51333020021368,22.361758798020208,1,MEDIUM
210.06535346682406,7.3733260113870145,87.22146601334104,30.716886971782316,5,HIGH
283.6185046889731,8.494828016074427,80.83419513473703,27.17975647228137,1,HIGH
42.750769237897536,2.0936005258389954,64.21476923793026,20.896387926542292,0,LOW
226.9248878515614,8.290623774063048,90.2034915787352,33.44212151627468,0,HIGH
102.62511348054551,5.331485354604551,38.42553332461608,44.810765262204924,0,MEDIUM
385.1707500950319,5.055610825973521,93.69587373746582,25.958617808398344,1,HIGH
193.41825868796988,4.8150977679729845,89.25088459383441,31.57137024793401,4,HIGH
322.39701991006325,5.582904267214383,79.57937779600653,24.835640448645016,3,HIGH
220.0906168625047,9.505454980551432,87.25214194901244,41.308458504074906,5,HIGH
17.365013141927665,5.933833955129364,68.06708547898663,40.938081012710796,5,MEDIUM
253.26055023760892,9.578597844368254,77.26137003683668,20.363201638439108,3,HIGH
380.56133688266283,2.622611175540765,69.24186494954452,41.99846622714182,5,HIGH
240.64472805853248,7.517223809493698,54.87999713555645,19.545261331682013,0,HIGH
327.6755437707161,8.310155847478725,69.82025581528242,17.863198788760027,5,HIGH
353.68258533936313,7.112159482013757,48.0225732772348,34.588038471045955,4,HIGH
91.23190877957299,6.462300522038864,60.81954195885497,26.577123176096848,4,MEDIUM
84.81793596329067,6.08331502977564,49.65427850821702,30.92221780385612,0,MEDIUM
244.39239554039668,8.748374343208264,38.60214526229723,34.57712345812391,2,HIGH
164.41138792268188,8.394819374480502,52.53032994729343,16.585117133789545,1,HIGH
335.94452114668815,2.1005984906253956,89.63910527293395,23.788595132729803,2,HIGH
360.0092493592045,8.637288913277903,56.6756539449614,28.82718935306601,4,HIGH
141.36855172108724,4.726617574963982,82.36025542782083,22.99762229417796,0,MEDIUM
94.74822358979283,3.283271469962297,42.26384979667129,16.46914152856563,1,MEDIUM
312.21020609754476,8.827917112125334,59.70934114173491,17.6002971969316,3,HIGH
109.92241421925443,4.888223196703675,38.03992485346236,39.052436062612,5,MEDIUM
329.0457274054714,8.27528221159135,39.703474435724274,42.34160277638778,4,HIGH
169.49530145950513,3.3706325076026005,73.22054659230484,19.566999072913465,1,MEDIUM
267.0199597165882,1.0353638927999602,72.52372722143078,22.47785871874457,1,HIGH
38.214125533867275,5.4591327361265,44.936033514840354,34.56748214193209,2,MEDIUM
249.5437298706292,1.9020543097859584,63.209623600215906,43.62815328277341,3,HIGH
180.70707149489164,7.789383599724187,90.43143168845636,23.98769127399813,2,HIGH
234.64338527018964,3.4846762246246934,42.194105607353805,40.65640878708004,2,HIGH
67.20568309794537,4.992810819431309,31.344737315146038,30.18073933351129,2,MEDIUM
294.74949797767283,1.7833020858239883,75.63965984645006,43.69675917242341,2,HIGH
345.1188310172914,3.579933236025274,33.74487456620795,19.087759872845737,4,HIGH
86.69592003631026,8.033412189327148,98.59581670007121,44.2101719462396,3,HIGH
38.28582220806469,2.3642912071208753,72.67341986592167,28.22935883488524,2,LOW
9.455434418534558,6.824436050142617,62.92774469907806,43.58815171278785,4,MEDIUM
256.7886001773064,9.25683267524051,60.09947780170147,28.760706511545578,5,HIGH
242.8376144355123,7.118530837819483,70.11494609618521,30.902464023617345,4,HIGH
218.67896508562802,8.299195203630042,36.34371057041504,39.143250293319625,1,HIGH
92.77883844639017,1.9807446637352422,95.1013341173647,36.67885502218182,1,MEDIUM
156.36239836220588,3.25658643401849,73.79494479863143,33.58809961251856,0,MEDIUM
237.7905340744692,9.05084967016532,42.878494832763614,27.50940070768668,4,HIGH
198.70674354366776,7.435950522562803,69.3806737635264,38.77315102198817,0,HIGH
395.11420808595494,6.7559844373958,39.327955408310814,43.44684999867961,4,HIGH
54.57590102269325,6.9739006250953,31.22869022908185,15.294326908290806,2,MEDIUM
278.0578216190375,4.727804988741791,74.13618896497985,32.635352893579835,2,HIGH
161.72750724171686,1.401009684558879,75.39383393090895,40.97942786935045,0,MEDIUM
171.2798459702459,8.059973878636562,70.8587607962391,34.59337612036672,2,HIGH
287.03910626327047,7.108419125938185,42.843824305201615,39.0248777350001,2,HIGH
276.97446052974783,5.255240177014523,72.2400900946337,41.85183311546956,1,HIGH
396.50239748087535,9.097836538314317,33.95576586471638,37.52853047559174,2,HIGH
51.35771578165009,4.025436984865889,72.64668489003456,36.51052204094299,1,LOW
41.64385975366653,3.648895698081123,68.78119133753331,43.94237674091755,3,LOW
289.73552685149645,8.855166925714986,75.86783815873696,40.91053973674718,4,HIGH
231.35476680256363,8.17288889283087,92.68329240266758,39.46133608748322,1,HIGH
109.66426662392234,5.634818295835103,89.52506736676756,17.592100814156282,5,HIGH
31.767747595594642,2.1766126551206497,98.64579340937772,22.170896494182536,5,LOW
34.263299838572216,2.935643243185472,98.33687230556025,31.702680729752686,1,MEDIUM
357.6763498656473,6.90605191367926,84.06237853616268,36.286803149244406,1,HIGH
76.74692988749716,4.465371140563705,96.94937355244096,24.09644679901431,5,MEDIUM
129.3486248462083,8.52825872499374,90.70987201223784,17.7998433936247,4,HIGH
90.6625608907952,9.549595083989837,80.9307714926481,24.33297560445743,4,HIGH
141.9985223327749,8.250732327474264,35.27689782506286,38.130875417415574,4,HIGH
27.769537098437347,4.3979088069600145,33.433492178892145,41.32203088024119,5,MEDIUM
207.62391636330815,8.098177863082817,88.63196972540392,42.387109450330286,2,HIGH
27.04502543688596,4.162975061236152,64.27591005101888,26.366000374324432,1,LOW
320.14260312894464,2.503900789890705,87.02246790624446,26.176157245805896,4,HIGH
93.4848327641732,1.3005388437927166,51.90427894586536,27.20122412915373,3,MEDIUM
216.00476584180424,4.47145041484918,57.835490082610896,26.274284082643433,5,HIGH
352.0316350245833,9.132033733275536,79.01307047083523,34.98589822521629,4,HIGH
260.3509476188777,3.1508792898010887,94.07287158524653,25.74969786395978,0,HIGH
213.18311462053413,2.8586184843680558,36.14330321352202,15.610318098427374,0,MEDIUM
129.73350124615024,9.728387067169363,90.30347012442243,28.17073802063615,1,MEDIUM
133.20076522327918,1.225037015655329,85.51089074155557,21.72456198535763,1,MEDIUM
267.79478207927605,8.07203935354379,52.08774895108982,15.8642141335386,1,HIGH
397.655744488467,3.892329601667833,54.86516298920917,29.125288546021444,2,HIGH
264.73567593975145,1.337391611826934,33.252303405533674,21.178636775948792,5,HIGH
223.11336694800997,9.260222861886252,31.10184277817026,28.58225444519202,0,HIGH
292.26020409569844,2.2567809718862524,63.390428845041036,23.332499598308594,0,HIGH
186.08224491348727,5.966013553531258,36.68777518481174,33.11126610841299,1,MEDIUM
24.056937040314086,3.46648786686593,43.58012700906491,44.72632160621878,5,LOW
224.9187263511639,1.5867352196622193,89.27370396686645,31.416957621349948,0,MEDIUM
383.05011380215205,1.4493023709704118,69.97198738753167,34.406877506783104,0,HIGH
70.12117694306386,2.040010289527049,74.35427060862793,42.578272732536036,2,LOW
276.0019563282663,1.6423031250044204,43.1235531582344,26.22001253175275,3,HIGH
80.37347546362258,7.845023039679306,88.00632631180937,19.99645349356749,1,MEDIUM
214.3310737892325,5.370095820550863,90.75858407078232,23.483918487916597,3,HIGH
38.670579858687844,4.086028822140817,66.63293155991303,27.083848221436476,3,MEDIUM
180.14837450327406,4.7653201911880645,93.8790440315062,34.35053043767515,2,HIGH
302.46533155809846,9.36052062015361,89.13800374682071,15.137640882891631,0,HIGH
139.02860969559282,9.196766314643325,81.19269236721067,40.60149644300953,1,HIGH
265.9646897948872,7.441088321103192,81.385314098554,17.282819191494912,4,HIGH
318.17998431589166,8.96214139679519,37.37754317656043,42.019654467556514,3,HIGH
370.8711277917811,3.876832248288623,48.95852263869661,43.483035636146965,5,HIGH
93.85683274218141,4.429983934074546,34.67930538723732,44.70308382336402,3,MEDIUM
159.72636632372325,6.5234096366880525,30.607684645841605,39.28530553220633,2,HIGH
60.96640533216697,6.612633525675378,41.08166719687371,19.25566577820458,3,MEDIUM
396.9934008633501,5.335298542111069,91.6341027852858,36.18501129675559,3,HIGH
370.80038716971814,4.60592063594158,46.79118413252361,21.099638718245295,3,HIGH
215.98285211222384,9.875622804478256,97.91077738142052,41.91383506741212,2,HIGH
336.8133177505685,8.39011263505952,71.81036996928444,24.498177769660344,0,HIGH
208.38319090881689,4.914821780992407,46.60809413442833,24.803879312251233,5,HIGH
249.43427520110387,7.545632295156116,64.7991562438949,42.529598877446,3,HIGH
35.64977284640665,3.4260552392721353,45.33663758900808,15.396932123511137,1,LOW
302.10816819872315,1.9015239361359688,98.87814907276618,20.818984544507092,5,HIGH
51.08539345409393,4.171879229974666,89.30854887334746,27.65796799690365,3,MEDIUM
330.4270521010113,4.626755201110548,31.836715214763036,36.02164701930579,3,HIGH
312.81123506815436,1.148834121046037,96.34432220272298,34.42698498134206,1,HIGH
283.49787909719055,8.333128014723064,80.47455751120211,35.082356255014474,2,HIGH
14.464152209904846,4.232740621502634,35.76668764148948,41.40066085231992,4,LOW
121.25134237813144,6.223763492021323,76.94464224285119,18.6309123687977,1,MEDIUM
105.24502796433714,1.6656686854386038,75.28486885759798,30.664850886563112,4,MEDIUM
144.05456298860764,2.5749714587552557,45.315212206530845,36.76433067307465,0,MEDIUM
35.05709870553542,9.00724352794804,83.0912690005303,34.08355328772494,0,MEDIUM
374.78312921242514,6.478187750945207,36.0945292319077,28.449423598178026,3,HIGH
221.5208962849505,9.55255645153437,64.26116268618735,15.513437576164918,5,HIGH
122.20972426320942,9.988750309521853,30.694624501416154,16.81356796943654,3,HIGH
158.79260682971338,4.34674103799785,97.81162422263225,18.5682398056151,2,HIGH
178.88101620193427,3.6892275767494715,82.60945422438365,25.296832585060905,4,MEDIUM
240.23773334424692,8.725204496431871,41.11964533117592,18.529603580014406,0,HIGH
206.2717710785991,9.987502843337088,53.91718279658981,27.78246939187825,0,HIGH
367.75678928576696,6.6667711080921155,41.23936644657234,20.359259717567383,3,HIGH
198.7853931623321,8.156266502603701,83.66322248905203,38.374985925786184,3,HIGH
396.8632059293251,8.03571272933747,34.12274277994006,41.14462850136647,2,HIGH
340.5699830980383,4.198057373975923,88.82846588945999,26.689425239045274,3,HIGH
83.40420574293432,6.168433422313785,95.95374371850109,30.339952959469162,5,HIGH
372.2380858575665,8.497512471377922,77.36395599644099,43.60488724682825,3,HIGH
46.54655915419043,7.193024886349499,44.90758150010039,31.065232660458612,5,HIGH
326.9798833964766,1.1904743258383443,55.20630670694855,44.85219647530275,5,HIGH
152.24931739063203,4.030351020077802,63.40679123662519,19.26392981076164,2,MEDIUM
351.1897281780278,2.3002812693514483,72.32373405415777,40.866792617900956,3,HIGH
347.22267604298014,3.0967499087023516,76.80641628681812,29.916090080188958,5,HIGH
322.37016004704844,9.14940529742193,68.7950300723218,15.681423337490045,5,HIGH
316.0121745228246,1.3320396001969135,54.5919744575299,44.16668824318046,3,HIGH
121.87165563921631,2.978206407657314,92.36420963954322,43.95143699230074,3,MEDIUM
32.367713220500875,3.786124170144083,35.69744406125707,26.498125205486616,4,MEDIUM
161.1920715060646,6.551956647697553,62.63792379704465,43.624262132577144,0,MEDIUM
69.40980599460347,5.8069152107727895,84.28953869272365,19.230289267156373,1,MEDIUM
277.9804355609847,2.9644253456804748,34.261086570398064,35.40330423362047,0,HIGH
138.43989061511422,2.4781696050083903,79.37346517679109,20.757869606635037,4,MEDIUM
390.24408034396595,3.131182311365069,87.37981359273275,22.399417090044828,1,HIGH
256.3888309381328,5.5227666403149005,76.25819089689367,38.38012311607817,0,HIGH
328.99222545374437,3.440600071400831,30.90558245927492,26.320742536958846,2,HIGH
53.00986909673937,9.528422514469499,42.60959189925444,15.213825084858636,4,MEDIUM
344.80579290904905,5.174786992859628,53.94791552243655,27.427152725867835,2,HIGH
369.10287620535775,1.5291641489017336,46.358302494663214,21.842079618988784,2,HIGH
194.82476752757435,7.563397652529701,97.38564981591992,35.49989740674874,0,HIGH
242.50117510039098,3.9596075938809063,75.61157398796556,20.83346090170501,5,HIGH
305.92392036119816,6.881400388524228,50.78796701460992,40.26760585309427,1,HIGH
69.93545090416502,3.516349334709088,95.07882490658119,23.012790363244928,5,MEDIUM
201.02643058537697,6.136693675599879,81.84159396333308,26.79084774849041,3,HIGH
159.46521110892525,7.949372543267182,49.922504827892936,23.94110582391294,3,HIGH
58.54959686489964,9.352078675970986,56.52170985813687,34.31770043428097,4,HIGH
147.01376891661258,3.3501442998976936,43.96002008127697,18.0349062367919,2,MEDIUM
27.268923754197427,4.0137125589908305,97.97517987860753,29.342981180947323,4,MEDIUM
10.324762779794794,5.178397782573457,66.21075471230512,25.033644456451746,0,LOW
54.0665156619291,9.3445735396239,92.72396812485891,41.52413889864944,2,HIGH
385.24604463566953,9.112481711295914,54.25498397117934,17.202362807231772,3,HIGH
219.81181435800679,1.8089045209057422,90.25891221682329,39.89085194798564,0,MEDIUM
386.328864461288,2.1873684317842974,33.77207938990148,20.030414295897273,0,HIGH
172.9991513320528,5.4595825959757445,98.74632222670016,17.657329797898655,5,HIGH
124.72645323410383,1.9595734552488113,93.84240569233118,21.06968574369024,4,MEDIUM
202.45674513609765,4.110227860138277,55.424206134365846,18.079589460354313,4,HIGH
175.80467545316404,2.335468403957299,84.23055157202042,30.629518446063766,5,HIGH
42.26587370469757,6.724363196186973,82.65805485316783,44.646448587473444,1,MEDIUM
256.3305258760825,9.545458885652456,93.08783579720522,16.029820557727767,3,HIGH
86.41527300383984,9.970603932649434,51.507848679016774,28.83385047958384,3,HIGH
247.83518195913183,4.377170192472233,62.586400371990464,26.58210987323585,4,HIGH
260.08043695926136,6.39111373403151,90.54997288242372,25.18819242739201,3,HIGH
60.80994125145924,8.706408881716731,84.50056178946512,24.955908313000826,3,HIGH
24.539850844267264,2.0571586551674557,57.54267031181954,41.850382698793865,0,LOW
312.3046344273759,7.206079699467685,89.20076630384855,15.56928450625212,5,HIGH
183.92016950772808,4.679592955525614,33.2867827462681,38.24749162140415,5,HIGH
23.265518202190314,2.855315442521477,84.74324120740931,22.58799536417825,2,LOW
397.94652686790687,4.624782568726978,44.473610160359044,26.498865324527245,2,HIGH
23.112224398546655,1.6836425826842518,50.028463547665105,27.604497385457332,1,LOW
278.0140915434213,7.258664337303752,64.52503905169155,24.1419526222123,2,HIGH
393.47157010536546,3.2746840187360777,61.48141507489817,17.806765855061936,5,HIGH
95.67204168637025,3.802650805403902,66.43990748089166,18.429925464883045,3,MEDIUM
56.89974747487847,2.089731684173165,68.13429169704168,23.94393372247933,5,MEDIUM
48.553975768971554,8.781932025009025,53.20693837220479,39.65427158661752,0,MEDIUM
121.31005902703822,5.440998513544647,42.2659259111921,19.038829583622356,5,HIGH
40.41832440425868,6.149321900077602,83.79368605011142,37.27919499437792,2,MEDIUM
276.8645366776528,6.124894147853691,57.99833043609995,23.666091882878632,3,HIGH
24.916719252025075,4.6944380308720755,65.40886037213413,41.503948053362784,5,MEDIUM
203.7688512599159,2.732769238943255,75.12877028457827,27.849854262019228,3,MEDIUM
398.67874154119073,7.7061947364856,93.67465456146591,20.151699398921266,4,HIGH
325.58810780240754,2.143506388219069,79.5286981798154,44.575333503315306,5,HIGH
246.08777529240436,1.9348641125092945,33.18214579132692,20.299035576897346,4,HIGH
122.50144831464466,7.3913053383685305,88.69922543786123,32.02859463696808,2,HIGH
249.55833451665538,2.8795331840678546,99.25485105892633,32.078594342884024,4,HIGH
210.81658556466064,3.760954762175491,63.07395177599675,26.184403535333395,3,HIGH
170.4333535561486,5.2770472030156625,97.87132355182204,43.544657776473926,3,HIGH
52.28415069607979,5.044161850565915,68.31301196402046,40.31623687235195,4,MEDIUM
354.6416860961867,7.377212125584993,62.173119711036485,39.89458682514726,0,HIGH
179.913859528529,6.610886140990249,53.19833353092186,44.224558062884334,4,HIGH
77.84900472830603,6.799565460536791,76.02884130833371,28.713280145889506,0,MEDIUM
147.10374035091584,7.426488975899116,46.087429436753126,17.91557326860088,4,HIGH
165.6519010115708,3.6335145468111882,37.345395296008306,37.96367776349381,3,MEDIUM
331.0151582267497,3.900999806204263,31.906597180894984,26.424377383558014,5,HIGH
293.4457522245608,4.941979731059988,50.46660789006846,20.71035455410555,3,HIGH
307.7219574565359,3.767159557301735,57.703958251692676,29.4974202966076,4,HIGH
4.412505771458886,9.864440820737771,68.64536873968734,42.7715682050149,1,MEDIUM
166.46159927190462,8.326467337792867,50.49248776309045,20.140710570438852,0,MEDIUM
192.53766065412944,2.481892194304266,98.88417006697878,40.460964456892256,1,MEDIUM
7.676910729222675,1.0503474029368256,50.42216177688173,27.54614824845352,3,LOW
103.92528349801368,1.3850494142254108,60.86827719124861,19.10405942109426,0,LOW
304.115929248854,3.1965710593863275,37.22933158723302,40.45146911965969,5,HIGH
54.84388229159962,2.028621572531709,48.2438559335953,44.08861023574286,4,MEDIUM
214.12405258103666,5.800043034033149,33.383249785229374,23.73812147505035,0,HIGH
86.080748806895,8.721957004546228,69.16560434061296,24.106086295262067,0,MEDIUM
4.848309857557309,7.630751988219046,82.57452781927022,26.716379491197994,2,MEDIUM
96.4805830398166,2.9404815677397136,43.69968700352476,39.42391093382422,5,MEDIUM
390.3495019640215,4.5936933042320724,55.75376564712495,15.312515902184995,0,HIGH
320.6148447531958,5.571047885781499,31.16313587090124,21.718696552126033,5,HIGH
383.83065772841337,8.29185264553002,88.76654390055484,36.17699433318978,3,HIGH
195.14161757054498,8.552094427955483,84.59744674521687,27.16918351456578,5,HIGH
43.894479471001404,9.187464807169984,34.42778216120047,24.90886868904383,1,MEDIUM
219.18379558947717,5.583207254525877,55.54073265242879,41.16848666706052,1,HIGH
181.75093382398435,7.248472717922766,96.87006296946468,42.52001760438718,5,HIGH
337.7428330958464,2.0062033411054343,57.44189392552839,43.43958657498587,4,HIGH
39.233032313697834,6.087600639585839,66.83460737068113,23.1765159796289,2,MEDIUM
195.29645480871127,3.238226285240216,54.86700027072486,42.37537828617321,1,MEDIUM
60.0194658775937,4.8854519652395,71.72919716897833,37.10896664181867,1,MEDIUM
129.870370756024,6.706454574760475,98.47098129457756,19.62644245465742,0,MEDIUM
294.94283095511986,3.31287344068403,99.82517524368379,33.30810084924631,5,HIGH
190.40725174750662,1.4696655201708497,84.23004846078338,15.790044579209736,3,MEDIUM
150.35531405830773,1.0921047076788177,58.30177686143075,36.251344673125956,5,HIGH
157.79051142801413,1.1994358199006938,64.61025405802918,37.007025679528155,5,MEDIUM
183.77870736239464,1.0751476376239268,54.971192967861384,38.68015525784992,3,MEDIUM
314.00661753482274,1.9931955090208793,98.99022409330423,20.175751623673047,4,HIGH
356.83387557609376,3.155398431131169,79.54322140777826,33.84749822842593,3,HIGH
382.13387460157134,2.9909936276406928,61.42520118034579,20.365700544829632,1,HIGH
314.761354502118,9.881169347619071,30.848068907672165,43.39950250167527,0,HIGH
126.1627582992051,3.754054946880489,66.43383900733838,35.250320780425035,3,MEDIUM
275.25388243461686,2.146787050234592,98.87497411911325,17.859775440121673,2,HIGH
175.04124962215678,5.910062897509822,66.61426362811363,20.610966900174684,2,HIGH
101.86824881842047,8.721617098577575,42.769867984237955,34.90380294389243,2,MEDIUM
336.348631770369,7.1025433910890765,31.54656229733424,29.300114884788258,3,HIGH
15.370539584929999,3.664738802219053,54.82926306869463,37.08892998632635,0,LOW
360.7047968541694,6.054545438123094,94.27596389876248,23.423663967769773,3,HIGH
184.59098584989366,7.433703767803682,99.75878757231166,34.73752610541231,1,HIGH
254.88059072331217,7.552940431309681,96.17575823684018,20.30880504091317,3,HIGH
263.74156888231306,6.998846097679199,81.05939952779798,31.311307900830993,5,HIGH
358.0470962826146,8.837293822980563,69.06999099084587,43.73398774649959,2,HIGH
254.66787286688293,8.83094912509694,71.34803024675765,33.84666696872959,2,HIGH
245.5734339040247,6.210429034663029,67.72944063643726,16.499808525147493,5,HIGH
26.660816224275983,4.86870732200091,79.49345134460918,44.662864132098804,0,MEDIUM
207.36320877808163,6.774132660085899,59.32112586867467,19.705989889465968,4,HIGH
60.06760032681666,8.363908012334168,76.84428034690359,36.542073080913156,2,MEDIUM
294.97350748859424,1.0508689435706624,38.51284804700407,30.975901171925877,2,HIGH
204.8887683250698,9.92797308113366,48.598671459303866,23.830820634129115,4,HIGH
272.0911116833413,2.646043950962793,88.52021271660406,20.319314562831273,3,HIGH
16.66916024095371,5.232240870939786,93.26242515203738,20.33107092830147,2,LOW
33.916806418321286,8.8482676135858,67.73057662922098,40.75199043624481,0,MEDIUM
286.5293552250729,3.0253635913977943,32.21449320490527,41.1873754249027,3,HIGH
28.833734399469346,5.291157015103449,94.88814995542377,28.95436564874136,3,MEDIUM
28.50269110610344,2.1932396216306125,79.14449806191004,18.108643887749217,2,LOW
4.84339009395498,4.555686928493733,58.98195466287525,41.5249531154037,3,LOW
382.60055931979207,2.594219093137023,71.88652602396475,29.610494585252674,3,HIGH
295.00334378360276,4.272649738940413,60.08423841089562,28.16287268600741,0,HIGH
141.30056340082567,4.361177951134498,62.57374587124357,27.220710733128605,3,MEDIUM
118.61423251506208,9.938537106384995,92.07669059615812,25.95042521577617,5,HIGH
139.8812918983398,9.95331726373395,41.27589728419781,30.780162108257827,2,HIGH
309.86141247247275,2.0330765079455118,37.25683948375657,33.13623679835112,2,HIGH
264.54824442816573,7.5337190139551256,30.191012115911104,28.99296610718868,5,HIGH
74.07822714698717,1.4657093170219104,51.98002629284887,41.899444903651336,5,MEDIUM
69.64373413363374,1.2717281380346976,40.31896365390992,24.52983685588492,5,LOW
39.358259885358926,1.9480050482046787,45.39898465966778,32.349355703603436,4,LOW
264.12108788053524,9.689370913071405,30.786728786576386,23.998617605819557,1,HIGH
305.74906488869436,9.467771931052276,45.90367902813922,37.60050071377603,4,HIGH
106.0185713300016,2.745350382526124,53.28981073526617,18.06363297984707,0,MEDIUM
8.377984412365125,2.4550510199834035,32.20972474869169,20.660969903859975,0,LOW
32.86866699057094,3.164815778643523,72.55328870080034,39.03604229780852,2,LOW
387.14401393801216,5.639922946676279,69.81602442186306,20.49592785658616,1,HIGH
118.1779109909681,6.127341688318689,36.79250449569476,33.7723903858422,4,HIGH
307.68925913525345,2.994340873955026,71.65068442628808,44.1073035571259,1,HIGH
249.86542754170551,7.809605092809507,99.90577430262144,30.686718412978976,2,HIGH
152.77585586115836,3.785978524623857,96.11282669680784,20.621893390202075,3,HIGH
82.27490487822205,9.299181929764693,30.18696953573643,24.620731370779126,2,MEDIUM
48.55456726376257,6.910504358110575,85.67648179312518,39.703742293627144,2,MEDIUM
246.00518721554664,4.927160748732505,54.75236933655402,25.549827393599212,1,HIGH
309.8535122551152,8.109208015325608,34.45559592342392,36.70534077089441,0,HIGH
257.56170141645225,8.361231634419983,50.71882496013457,38.320501886520304,3,HIGH
212.12085329966334,3.614334450480493,52.52155614190736,30.035485417354927,3,MEDIUM
16.780489372654507,4.057430894524759,66.62709675163399,38.49640153099167,0,LOW
387.3955110377535,9.423596383557431,76.27586370881983,24.507090132846432,1,HIGH
319.4856766618298,2.4826693452694473,82.43389285458855,30.484789401492172,1,HIGH
117.1288146803859,1.379353752666408,47.21321297942867,35.596747919164216,0,LOW
391.98813174354024,5.0864979034859426,52.523939917394785,20.042194419131413,4,HIGH
240.75263585452885,8.21088910219266,51.586719480181465,23.208659021465692,1,HIGH
232.9690632828986,7.945012956796712,55.39158076846135,34.56109810180956,0,HIGH
299.2292717718128,9.275775660215492,99.97594162694371,34.6608035948866,4,HIGH
324.70791523605504,5.798805979321362,84.45603119791981,29.799079393589366,2,HIGH
262.59144293260107,1.9005820440987997,98.2493325688088,38.86756070346361,3,HIGH
51.23829854648001,6.298200769024144,78.51777416829401,29.461647060149268,0,MEDIUM
135.30700239779935,8.005560529178904,58.438949115309896,41.439667962412,1,HIGH
371.2334561304199,1.8399530824284376,57.282092853888244,37.07710292615836,3,HIGH
89.84624473754077,2.553916609878308,64.20068014825316,24.44084589910024,4,MEDIUM
148.86680953500533,1.110615950401038,59.18088483551061,26.857620254536663,3,MEDIUM
172.8307531776784,6.342873215021293,87.9828372264922,35.03060057309537,5,HIGH
175.76199587778086,8.98060952751314,62.5501409118685,41.83357856470474,0,MEDIUM
245.1758329978102,7.035969844018895,50.69300521475922,20.36126198110526,2,HIGH
377.230335097883,9.838360788318838,84.24021880876563,30.439906162259405,4,HIGH
96.27708473300198,1.5673028724978542,89.80942865669763,18.563532639731303,4,MEDIUM
48.60055052036722,9.127009766363466,59.4300269298316,23.383654659603934,4,MEDIUM
78.98819594397493,8.326614586480126,76.74660003338724,35.57944077879727,3,HIGH
354.7699600837078,3.8281736844955443,34.116317372181335,17.332039057444852,2,HIGH
258.3243250620824,9.761738966535265,67.06253963800266,34.87075745666542,0,HIGH
114.36271569566405,3.5914397335427353,33.14867964218556,42.02433362835891,0,LOW
326.3787755874469,9.003742514453966,32.04335883461277,44.081108730553986,3,HIGH
344.5479985453744,8.926737193667705,72.90473953659173,21.498966030765466,5,HIGH
338.6057354761112,7.818918549426752,51.2334767676491,37.46693869823628,0,HIGH
367.5706134558218,6.071234264315667,81.97760137188257,42.79111346116589,0,HIGH
100.89640806934463,2.0800247465519925,92.72577924428145,17.74107932548308,2,LOW
302.01677149851133,5.787745610468484,39.75738216112455,27.420708254676157,3,HIGH
184.215798909656,4.211166300894411,80.71659870052467,42.58229300616498,3,HIGH
336.7994211560246,8.129953298398165,66.01639988018403,21.083624947644903,4,HIGH
291.39627086464526,7.823162858471604,37.84834751138892,43.012820513635255,0,HIGH
310.57897859988987,9.195512566353447,75.61148245365072,30.815762132633353,1,HIGH
262.4647350724286,1.133471461885371,72.6626762174531,17.99679247612667,5,HIGH
70.97150778788274,8.281928951407416,66.09493071805477,28.49631950266545,2,MEDIUM
218.01076755877534,9.446158478122019,94.85298431917606,24.78783586401199,2,HIGH
393.86789580980326,8.103704041973351,66.47557872728115,23.46612481655425,5,HIGH
374.95522659884756,2.1717501388333003,99.33605808151488,31.244267269010514,5,HIGH
17.269494318804668,1.7315119435679898,65.64601696936776,29.507780722556102,1,LOW
65.92592629177486,1.1876071582693073,38.109642681095735,29.459014788602758,4,MEDIUM
52.691509381824766,6.658707032452639,62.93298757525213,17.644251933093457,1,MEDIUM
290.3919639941182,6.667053866738986,42.763013378854986,39.0695454308141,5,HIGH
327.11413194277804,9.882223427963911,71.79934396521992,29.443179460673857,5,HIGH
85.40454652426877,4.582388566936862,78.51925226355209,39.627174861056226,1,MEDIUM
202.3410771807316,3.9871565640774707,62.79046950949656,39.73783924652851,4,HIGH
336.28121120448,6.619824344659532,36.839207737820374,24.514059745441294,1,HIGH
293.12061790650023,8.430478052568345,62.8048979008487,15.130389114228372,4,HIGH
216.8948821967393,9.430965545707016,35.701795031408025,42.337370323743556,5,HIGH
236.13907618350916,8.228117495611347,77.74881688545739,37.820840792587205,5,HIGH
203.34421876651197,4.840065825542243,85.32577574055613,18.217558704704132,5,HIGH
119.01938052752823,6.714228117808577,97.36662290589273,36.05181102009304,0,MEDIUM
226.00879714360644,8.706693940445053,40.41614749899195,15.600698060066417,4,HIGH
275.55412082003625,5.415487194805655,67.2694234873313,15.832772076620955,5,HIGH
349.3291663443231,2.9501797933485343,69.7276157274793,30.774697187935274,3,HIGH
254.51654159169922,2.5275109577308568,94.57335736466858,17.881122877090398,3,HIGH
304.4486148172632,1.0014197012025106,73.909364841756,43.930095674547566,1,HIGH
64.0286539818292,7.464141954831558,40.18567519517248,41.814936799507876,3,MEDIUM
184.62298976791595,1.9998748796139145,60.544592677423246,34.49436093743654,4,MEDIUM
3.7326479308373184,3.1945518972634637,75.83337699543753,16.9112691251494,0,LOW
98.67154580864921,3.68088698370514,79.01991024485082,24.745057734211954,4,MEDIUM
290.5846860452019,6.043418741230915,90.41517990134014,26.151689937181317,2,HIGH
396.72398053974536,4.581615495661923,42.6354983891078,29.42639507486099,1,HIGH
39.671239834886364,7.072065928208456,96.60795027288489,20.067086220193566,5,MEDIUM
160.5977263445153,1.5007479339583245,34.13975884109146,32.32534928391588,0,MEDIUM
320.0283874796638,2.115452748379955,98.86334941982314,28.0731194372767,1,HIGH
81.61425385155954,5.4929035317994,90.0436965006486,43.418908901785755,2,MEDIUM
222.0339797209145,4.032683090621468,76.21909479335199,43.08585688875657,3,HIGH
293.2285184118699,3.6623202647622373,81.44968501850951,31.964218660199172,2,HIGH
246.3941801040716,1.6032527113377046,35.08844041431575,34.330480079716054,3,HIGH
75.20989384616645,9.061472572732013,32.90359040261167,19.133894033212272,1,MEDIUM
142.15382747429578,7.226367275125456,37.12360575859559,21.699697165205148,1,MEDIUM
313.5167137941589,2.0945634113768445,36.11518702648964,42.02146212605729,5,HIGH
221.69060565280665,1.5854136196342656,68.31668634286046,35.97497768687205,5,HIGH
2.0918454171650946,9.773852800881187,45.08107909782524,20.682905918492324,1,MEDIUM
304.39630401123753,7.130552953955544,90.21439460447085,32.10630918219668,5,HIGH
14.124541976095628,4.757104639843673,61.20240361476505,43.04283751468347,4,MEDIUM
298.29351309249284,7.315579366802064,78.68573335207924,25.35513318485711,0,HIGH
80.99222406609496,7.806986078321431,75.7011165079112,20.574611265572557,4,HIGH
383.22939204775207,8.019659821499014,52.389712725079704,43.26075830727295,2,HIGH
147.1763005208338,5.300895750877519,47.02173014680103,28.837960808762976,0,MEDIUM
130.77264653523164,4.868944823123632,53.97193997076447,27.517259959882992,1,MEDIUM
59.55522013297787,1.099252758420103,85.76608616948863,23.027015993782506,1,LOW
122.24168619608595,9.339014036276541,71.0393793893733,41.74755884841433,1,HIGH
350.66030473128023,6.4297709055004875,47.74770637634227,40.36850300668725,3,HIGH
398.53373505089894,2.828385434709713,87.24925101423011,27.089711983102625,2,HIGH
147.32381220273933,9.27643077479293,33.83315702772147,15.918398396912366,4,HIGH
179.44425238181702,9.234387115932668,78.94283624932068,28.399542915184185,5,HIGH
288.8283752810948,9.902657479294863,60.737056402451756,20.4257404974016,2,HIGH
354.4783121860298,8.86650906825081,81.19032702461217,19.282022104466435,3,HIGH
237.21773367471366,9.980059490380583,94.92228961703988,26.792808356862707,3,HIGH
156.61027927113173,3.2021756931094534,82.50238685628327,17.972308120338816,2,MEDIUM
165.0487363394495,8.580246266793107,60.93757487179677,43.72393520794995,3,HIGH
278.24725859872274,8.407254779161882,40.56829770597165,16.426175453438454,5,HIGH
1.2873054417114727,3.0784632329866035,86.44456830638036,27.041088821961814,0,LOW
247.83573498393628,1.885937941008917,62.24938688449601,19.881081060950848,1,HIGH
142.19720417654295,9.814784623098397,35.271862641999085,35.66433964586268,4,HIGH
317.6789325108337,3.6642209636854934,80.33387784438062,17.36434347643685,3,HIGH
37.196255929252864,8.838026114210255,50.42963761416128,31.40416722625903,4,HIGH
235.2809067793562,1.037144392071435,33.42217606536297,38.19304485605813,1,MEDIUM
192.3891559544495,1.1892232649764198,93.19257104818544,43.501795051469124,5,MEDIUM
256.930210362091,5.192841778267315,63.8170764465737,35.95582688908238,2,HIGH
25.94143779318734,3.148432155415572,49.66727372211151,17.984752729037506,5,LOW
231.99351497125252,7.208571550923678,80.14705905194381,17.65561649142423,1,HIGH
224.5938351838095,6.090078930111589,92.01316643777946,36.947941456141976,4,HIGH
224.26403776646836,1.697372177054423,30.021495252362882,21.459882150104058,0,MEDIUM
241.3950666385819,2.4636546668414536,78.14965295295076,28.417179258997464,2,HIGH
270.5871748905449,4.492443430525729,83.6908185812895,44.298633040540764,3,HIGH
321.9955998723079,2.6704365755988984,44.69491990956451,39.59720395211627,0,HIGH
107.92828805128573,8.130001125195356,64.27366819871222,40.397800719006014,1,MEDIUM
330.0197640720248,4.744632119979521,36.25001292425551,40.82309714184236,4,HIGH
199.30227290538144,1.8408868015824935,82.27249177607433,33.586360203646734,4,HIGH
30.823311653732468,5.359086120449124,89.32192129943468,37.31801771587435,4,MEDIUM
23.42037169759168,1.8175436295527274,37.573066012726244,25.76882743902862,1,LOW
133.69532747842433,2.1604357487783545,87.15221774029843,44.95338679718552,2,MEDIUM
313.95879084458704,3.1564884882538475,84.00991193391735,23.388665089639353,3,HIGH
283.0723738963663,8.735749347227408,54.28393242596281,32.70022209910559,0,HIGH
315.44598586896257,9.321512790996747,78.32026709535083,23.4618503496358,1,HIGH
206.90762257664375,8.436319563988622,30.003368672601823,18.362131516802194,4,HIGH
176.07959918219623,4.006694956760625,95.2258358126199,32.0275744453103,3,HIGH
58.98101068251358,3.452017969979485,68.5268264715861,25.600460125984192,4,MEDIUM
131.27710144372463,5.9424012171121525,73.42372048433995,32.49657802570163,1,MEDIUM
173.6077464695501,7.496678444798011,76.5261589477369,31.760354299949785,4,HIGH
35.44017187184689,9.940355093441573,69.29583120528568,31.267701874306848,1,MEDIUM
88.2447810844845,2.184136406910336,89.97347212776242,18.699033661395884,4,MEDIUM
239.29011762549553,1.4436279912142398,72.67912825060807,28.20542323051071,1,HIGH
294.26524569567596,7.249203000957439,93.54319938683308,39.360118181963756,4,HIGH
399.33900455717986,8.490032051535149,70.76321355638063,24.454304866339076,3,HIGH
373.24533253742305,8.617139018797808,41.97856953863966,28.314945158761955,3,HIGH
257.02607981407664,7.106171941694446,93.9493789087512,29.81494770960804,4,HIGH
168.4992213176288,9.586142237072684,77.71392488518438,40.881939377752346,4,HIGH
254.4709458832931,5.599042871901283,78.94672961048893,34.66799307678057,1,HIGH
314.26064723209277,9.224333185025912,98.98372254001212,18.00607604511942,1,HIGH
47.33447636935493,9.710309232923708,35.263758794670544,40.95512957415064,1,MEDIUM
163.9619558785153,8.62441711302797,60.00148249666199,39.9619792644627,2,HIGH
335.9209142542469,3.7878270693275855,46.736677509063064,37.60937941797526,4,HIGH
153.5331807732176,2.765940860532657,74.129852529956,28.98174054956513,5,HIGH
228.7489084908746,5.9330805848363655,86.47681786236504,37.7263615045742,4,HIGH
235.10774434487928,5.077132753421696,97.6417496224689,29.362261879282716,4,HIGH
73.79050125345574,8.899825079734597,61.821727486830405,37.098706029814885,4,MEDIUM
144.89417666091535,1.9002850396043836,85.0352761449823,41.40330494917609,1,MEDIUM
133.80451549677286,3.3196605518036675,94.19361144282657,41.7162475539179,1,MEDIUM
10.478683412825918,7.766190500668377,77.83278027751193,28.63735722562364,2,MEDIUM
9.676705556542098,1.854879804795809,46.99127867148398,40.78028038056088,1,LOW
332.6788174703094,3.8868797261953016,72.5497905775454,18.043721415231396,5,HIGH
109.22832398912496,4.484398546485848,97.89664334720307,18.054582524603433,4,MEDIUM
207.23150649552616,6.60334416906421,99.12876802030958,31.4480084060244,4,HIGH
119.49022943550922,2.423193811474281,74.96518766017448,34.55533855368807,0,MEDIUM
376.2716980461362,8.745440413147385,92.08914305103924,19.58981327935208,1,HIGH
103.7187035463095,5.027880119196468,44.0244554694022,29.165401344179788,0,MEDIUM
171.86272509557404,9.253195406925009,47.225502346655176,17.83088003447769,4,HIGH
349.09210019384074,5.210829222705384,96.70213290194017,33.06298456659931,1,HIGH
336.77342671672346,3.4753623304666004,39.466476284636556,40.652821102585435,4,HIGH
74.44056713851093,2.276459458189074,43.377450666543524,37.129169280585714,0,LOW
321.05732391828417,1.0337058524015634,59.438401938403615,26.348746572878138,0,MEDIUM
183.27475469515707,5.789417364863521,71.27090014273452,44.813813899113654,3,HIGH
193.1875488341421,1.964410272342311,72.26720532777901,34.8880492939841,3,HIGH
53.39198896637751,4.525549872680604,50.43832060658951,39.457453033274376,1,LOW
32.24060550284986,6.30344585113378,94.44297285652438,35.09092161875198,1,LOW
291.1757227895061,3.4811730721243026,94.0569935325504,44.6824887326138,1,HIGH
198.5844609421199,2.5770186312950374,57.44476371366608,39.64079301653319,1,MEDIUM
174.74028104607183,7.9724946034840745,60.400423860120796,30.582696536863217,1,HIGH
291.8032914609587,9.521120550534585,79.17479817767384,26.006386885127696,1,HIGH
306.2051595964439,1.903963760757694,76.40971274792305,35.46464487446527,5,HIGH
63.56326706774142,2.4003129194650707,56.76079104726736,32.70665426421027,1,LOW
244.09005979105652,9.640113915274467,58.997097606470234,33.880517730826355,0,HIGH
54.14163291107421,1.3400579963102164,54.36272603950773,25.29035298851271,0,LOW
300.5500344116183,9.79869102895425,46.47695048673155,27.861852617116632,0,HIGH
262.7820625068558,1.041800347764899,62.06968540468978,31.742897246719494,5,HIGH
382.6458484333832,8.863017900861982,78.05038923317784,40.178502057655294,4,HIGH
27.583206542568472,3.765926628889746,81.9376693720005,37.887267532887094,2,LOW
22.821888460501725,9.44729972359567,84.52115537791738,18.55967611508371,4,HIGH
112.87482987728006,3.852507597720269,56.231240941718504,22.366627500581753,1,MEDIUM
104.68227349436239,6.888756893806504,83.52451959994815,15.799731747990823,2,MEDIUM
98.79151962879993,1.72029312789343,30.45614209843127,15.238817038967742,0,LOW
362.50183220841467,3.180968303083651,63.393495640181754,21.731264078407253,0,HIGH
99.81847993980244,7.963114118313257,85.57330800928835,38.97962844027989,3,HIGH
108.7798904514524,5.758172683109377,74.10313044489473,42.14242974523161,1,MEDIUM
303.75930496718547,9.351721556083403,63.18441869081554,26.753050976957944,1,HIGH
179.895936980216,4.858762675072189,75.12494046244444,31.895957898200358,3,HIGH
310.6842227820725,8.828311292325306,93.48622022040647,36.18157805866142,4,HIGH
26.146463025754095,5.0405989373041376,69.64672604271452,43.5881009775518,3,LOW
195.02847746935373,9.813234508317867,85.98503340220743,42.38796711892295,5,HIGH
13.445440073313053,9.638509432589892,98.65199076576383,16.7157691014414,1,MEDIUM
25.061281382141807,3.962230350004723,79.38977414528966,22.444975296278425,5,MEDIUM
362.57498133776437,8.973313033751229,70.13280347223446,16.47433631865531,5,HIGH
55.698148447038065,8.628502367940843,32.62401629877382,33.49627262967154,5,MEDIUM
212.96827291008685,2.8961235759480655,56.213452877821126,36.31479949417917,0,MEDIUM
164.4382410402826,6.6186136070494275,69.58099134605828,24.248502370695345,3,MEDIUM
138.93733050353708,1.6541408403083337,85.80446001942227,40.615557243996435,2,MEDIUM
359.933338274909,8.530396485251154,60.66733527533034,28.58438251234493,0,HIGH
8.7293587101958,2.5709129515314686,97.20407930353414,44.95144545291038,4,MEDIUM
265.51587447023564,1.6373323124718806,49.02556268365724,15.011990777679747,0,MEDIUM
385.35777368542017,4.601971859849301,82.11970366472215,18.284691252556698,4,HIGH
224.06727338473678,6.192299247396791,59.332199195888926,24.05379728806021,0,HIGH
374.7289848132367,8.69425262703794,64.01919461961342,15.765227938611394,1,HIGH
20.903151714409507,9.768182729695628,86.17514237058083,38.47018373214752,5,HIGH
167.51732762966455,4.955432613128773,50.73506831561939,16.58315363613862,4,MEDIUM
104.06311638482046,1.544022306867432,36.77684396166002,37.46938899881482,4,MEDIUM
292.32838599229194,7.742040211232836,66.4178909229399,16.577053763686482,3,HIGH
392.51883619889867,6.086559306015437,67.01562282626242,22.581817939591367,0,HIGH
102.61202497769912,5.0310221036001685,85.80174405577617,40.23830446975589,4,MEDIUM
261.6698405896298,3.783419909129707,97.78234443624713,43.532858827131726,4,HIGH
79.23905310389605,5.521586750591821,33.871048042984384,27.435790279815368,0,MEDIUM
226.13210182864395,4.0481164401132785,71.41826316201762,44.09816892937654,0,HIGH
185.57299467533448,7.813106809726243,77.68949712203599,33.806427712756275,2,HIGH
388.8021318526148,5.89504326843377,99.00609455239652,27.47505367298794,3,HIGH
243.41090907858663,8.891629967387008,95.98131499938381,39.084040319037506,4,HIGH
139.8025488347275,5.891895231844979,79.87155352983842,23.859855604206036,0,MEDIUM
45.638313955173345,3.1443617200593703,66.52525878711262,22.97388784080655,4,MEDIUM
60.49873149397382,8.6598269400893,41.30667456094829,34.69643030733223,2,MEDIUM
90.12677198049404,6.014971404370395,56.892358864309216,26.71462085904285,2,MEDIUM
100.3866645361192,2.861569343292051,70.95856275400081,19.077540808349386,4,MEDIUM
340.2464231364551,6.611570289605999,80.76402776170276,17.008927058697264,3,HIGH
224.48911531300996,4.219450884481848,74.47796902353787,38.635277287454315,1,HIGH
209.3563645497466,8.599650510628592,79.98859612794189,35.27732195407034,4,HIGH
45.90754874768699,5.079697647818885,60.040675318632836,27.353946738198097,2,LOW
344.055877339774,7.537972222966751,80.93391033997064,41.8868290551317,3,HIGH
289.1257212833935,1.8598258687261344,40.06188792138035,27.325702573277987,5,HIGH
27.067344760000633,4.564219116721116,41.381041823417945,36.30886414396151,0,LOW
283.1340388919075,9.849172928251589,41.39825020806239,42.27345825621879,5,HIGH
217.41528693705843,8.276142605294336,92.36054699250433,40.221463761253304,3,HIGH
32.690138298711304,2.439467221302358,35.32238443160441,30.33314329018737,3,LOW
183.32025661146258,3.4998764452952957,86.10558609134331,35.41909177340198,4,MEDIUM
193.87851485201878,3.9683422797072496,46.3499628632716,27.409973301821072,3,MEDIUM
66.3098160653103,6.853290044459011,62.79009583466755,34.41591516882342,0,MEDIUM
378.2792588001129,7.8129528354069,94.11696168259746,22.726573150361876,5,HIGH
339.99014859226475,7.745739479271188,71.01560607812547,28.042263413086598,4,HIGH
267.6089349316433,5.5888665067576255,44.7082380362651,21.28637212805517,2,HIGH
184.91822440024288,8.297384840543362,49.8863042223165,16.14554858038644,0,HIGH
164.7062166338034,4.933702744817276,94.431263672705,32.65619551726117,4,HIGH
260.38938686038165,2.1149250876600574,59.90007475769848,40.932880360523924,4,HIGH
218.17274776276219,6.07997657488432,71.08898381047527,15.767348238695746,1,HIGH
24.909242352754248,9.57071246140996,62.19525376377721,20.880892221878877,0,MEDIUM
205.00105950813267,8.136942862532603,56.49066616339147,28.8055517781126,3,HIGH
322.5614468931358,6.208305829230182,45.62953888526813,34.9769045052676,0,HIGH
183.69595103878322,6.821250943141872,78.03340503392215,20.13687581009659,0,MEDIUM
20.782631021707367,9.375058243320154,80.27694183904842,16.70084486911873,1,MEDIUM
314.5112797536132,4.855085149914644,49.241956412517965,30.571461531806676,3,HIGH
80.54551285438976,3.9825472504837363,85.23075901383812,39.561291391719266,5,MEDIUM
103.4483339552155,9.79517408500404,89.81746402111756,16.057047279383138,1,HIGH
65.88254137291835,8.770988201593001,94.44725673677412,25.481083510770777,1,MEDIUM
132.08602594859903,3.9073922615674217,41.2848689742859,34.905442283800056,1,MEDIUM
302.700602275454,5.174025376248306,51.27465785292865,18.92226018307401,0,HIGH
207.75434380157495,4.735703161070191,90.2247343252587,22.078403306782704,5,HIGH
81.95250966028502,2.341861108042905,43.89781419795258,31.06477931358798,1,LOW
351.13203126081635,9.620373914319332,30.242792147044675,43.596950890926536,2,HIGH
351.8327419806117,4.638811880977829,90.95791171761442,23.62027854731268,3,HIGH
348.23137001840274,8.87796174374117,52.851460922595855,29.62582263662131,5,HIGH
95.51848455261572,2.7042060491259856,59.0148267597265,26.997925891932546,3,MEDIUM
180.49573767239525,5.930837295734978,61.24338180044465,41.921900160902396,5,HIGH
393.99586245635004,1.2156524661184283,89.37922204670599,17.15669592093347,1,HIGH
308.80499052399614,7.877984354580777,53.65245012154223,31.98442774022293,5,HIGH
10.866968490223927,6.228225084216505,92.45959200995372,40.38359097569832,0,LOW
26.081836504196822,6.630306251227774,73.18573966336336,44.64352731187775,5,HIGH
185.5725507249331,1.465487942991881,66.9100706823579,35.96176492565422,4,MEDIUM
363.68808234462404,2.8993449718775386,52.79301549892237,26.398064269995736,4,HIGH
215.4807191810857,1.6689778511822215,47.05981873968301,27.35473057601832,0,MEDIUM
199.1250032137161,3.600228842234306,73.6840909944144,25.550466592282916,1,HIGH
42.18947998265223,6.646951069139359,61.28259120396033,33.1083929942086,1,MEDIUM
262.7120418897176,6.095673858856377,93.73612069524044,37.18217312154753,2,HIGH
328.8412642400902,6.509348394520512,64.41471012798348,39.584026907667926,4,HIGH
152.16800300302492,5.943261442401049,65.82564416908338,27.497793290495157,4,HIGH
310.244740370131,3.4572591610827343,59.170629679520054,36.50125506777118,3,HIGH
385.7906615603246,3.200567476099827,85.24840978938995,42.48667776089329,1,HIGH
81.50658365107563,2.2335371518292315,59.73874386764893,42.62474383352116,0,LOW
209.33185247789652,8.64163787413143,48.85393998248284,36.12087008143928,1,HIGH
114.85518323383022,6.5483142268712005,90.34216120054569,34.10706578437608,1,MEDIUM
317.14176761353576,2.678599112536538,71.77797549556682,30.945782265750204,2,HIGH
231.037346352463,2.594884418391156,71.40571538383011,20.495930045463858,5,HIGH
253.83296702012152,8.85732041373523,72.75755450147486,18.708889578162555,5,HIGH
319.16566384635763,7.684577773869874,80.31878237439668,29.57133020368141,0,HIGH
158.38818906498196,6.934591719148343,51.91475925187968,19.78332468622378,2,HIGH
366.03602736281726,4.661776967853698,32.3691059583102,32.30999777008008,2,HIGH
213.211546898456,3.357780078506658,86.74152126139067,34.37108190903655,2,HIGH
63.1819291341392,9.815056868015414,39.02335377171462,30.76846792560122,5,HIGH
278.359647267521,8.175156175205203,80.52738160473808,16.09280137537841,2,HIGH
317.3045401753018,3.716013008226488,35.762070880113015,16.731838764069966,1,HIGH
126.70467082701067,8.628083166506453,56.271548941994446,18.400235540444562,5,HIGH
342.8717027995012,7.8303875375321335,34.411824888207676,19.609374149650172,5,HIGH
362.45730190630655,3.6737249489019854,66.55495757394073,44.696478413079994,3,HIGH
110.76179495112358,4.838975688174758,75.71950409471026,25.334850505893673,1,MEDIUM
393.4085890860888,2.67358100851924,42.00031988247318,23.759201209238583,2,HIGH
56.28461121950337,1.9994719994029841,56.01393329068814,16.567999069926874,2,LOW
80.80626736099599,7.504858295557271,95.11676437301375,34.0596117205679,3,MEDIUM
73.68993569521045,3.4076067161848,60.96723819752197,34.565723553938426,4,MEDIUM
357.59588400314817,8.380534291716282,86.17804982835897,20.263460687359938,0,HIGH
261.71702092998476,9.960478403629835,94.90293215421464,42.57724622773839,2,HIGH
60.84171328890915,1.689578325366838,98.20420774841006,39.01480639785382,2,LOW
176.12936734733958,5.257316125753302,92.88254137839584,21.909579504225242,1,MEDIUM
246.11921002792081,8.218563033797228,52.21837304112784,29.575491927496124,2,HIGH
33.38563399575332,8.100558068871102,97.38010203128351,28.751725685965496,2,MEDIUM
352.9665473629355,7.839974424978716,86.8676669222233,25.45561333026962,0,HIGH
321.44141417661405,4.140954417717198,88.60229085476414,39.52904138476839,1,HIGH
202.08270943065529,5.084679301165471,31.062108892028434,18.277934568634528,4,HIGH
386.85064610366817,6.354715216073232,96.79672043228055,27.45942719483378,2,HIGH
167.1043917100399,9.765465252159315,84.46631566941184,27.840933916476512,2,HIGH
393.64412761459914,3.947925438446436,83.757724755553,29.06176813842539,4,HIGH
267.16799952145084,9.308294989451719,35.70673116500104,40.84049973295886,3,HIGH
253.86850930157658,3.424212263624447,46.279797875133184,21.545006106045037,4,HIGH
66.381958118314,9.901670189263342,97.35831655965293,18.087695205368185,4,HIGH
352.7711033218576,7.0323731814483255,65.04739523638334,33.534253884633245,1,HIGH
170.99587516824607,5.171603323226958,57.850061276607924,20.215034249341414,5,HIGH
64.89336231299174,6.520513852572444,88.79585720028396,17.247962575638592,4,MEDIUM
5.043007990303616,3.452780521361861,36.113828987976106,27.799476617131603,1,LOW
223.90227345535303,3.4675647176031994,59.18594113897415,21.589392925744228,5,HIGH
210.95984884907054,2.0219908945914447,56.29905420954585,25.83649856603951,4,HIGH
287.7414489476634,2.026452679348589,54.4895970921275,22.791332403073724,2,HIGH
356.10322120712084,4.129045673220202,51.53845705571512,17.779093881702472,2,HIGH
31.76263385721181,7.865699301067345,44.705246975305464,31.810416087726047,5,MEDIUM
292.5985961361449,6.471740508383462,42.10375620933655,15.81055254118457,3,HIGH
74.96477763903289,1.9232610429791874,74.82842818437719,43.99126043983199,5,MEDIUM
343.2708212628656,8.670128724783199,94.3576388846075,25.239915652048985,4,HIGH
327.62540554466244,6.412308642910598,65.6196151674917,35.854725314694115,0,HIGH
216.31750199421776,9.647700191063018,50.858218664265095,39.310886176423494,4,HIGH
284.0971194493246,7.031669206700868,41.14121384055584,23.373143866186652,5,HIGH
125.74004527349936,2.5765737733376293,88.1100355536816,37.462161273302044,0,MEDIUM
188.46715957312585,5.2640502607704,98.00444395312496,39.97262566274129,5,HIGH
328.65475908418864,6.836478377924838,54.44087810274963,22.239517014348404,4,HIGH
183.70607886928556,1.2543823094497992,50.366529788649025,44.77484030688218,1,MEDIUM
143.1193061301767,1.134192377393271,72.10450670824589,15.62066048526268,2,MEDIUM
197.68497890011994,2.164627005387111,84.2730286667398,21.510014407066233,0,MEDIUM
331.29970097488734,3.2649799154092367,61.8781962484765,38.40062268830978,0,HIGH
134.0832189483491,4.8659421116860795,74.10512049026644,20.823930751672584,4,HIGH
69.50463725429752,5.386964263838095,80.15843476163043,35.94779589918619,2,MEDIUM
284.80560813231233,2.242248480441071,97.24146014993255,40.66591214948711,3,HIGH
330.39128508323273,7.060524212042477,41.55261313640584,43.7764281790278,0,HIGH
40.254991409413336,6.365242555268813,99.81677456777587,29.227425462008085,2,MEDIUM
95.94964510237789,3.650176889570442,57.450965866886015,44.13327368946352,2,MEDIUM
56.78879590439756,1.1229389509176282,80.62400999085875,27.348668900450356,0,LOW
139.17656463286664,1.6988312381796167,70.06900645810981,21.543841190231575,1,MEDIUM
180.14039156216506,4.525252979597555,64.0668031906188,30.417655592541756,5,HIGH
299.5305347853226,2.3857691604911553,78.86527581121106,34.494697329344774,1,MEDIUM
260.45903395266964,4.391376455331738,57.70276951565165,28.738899481498315,4,HIGH
248.37142699137246,6.653643440593196,38.82769869357645,32.00917331900375,5,HIGH
140.94997864386175,5.925136850913551,64.22253681848679,27.49227563181566,5,HIGH
336.579021233904,3.080582948236548,66.5341109477623,30.742858620637495,4,HIGH
188.51486695926582,4.0944024213287715,44.13315073799575,43.57787015839685,2,MEDIUM
391.64197520606183,6.526280786037855,95.493354943006,29.99493457608996,0,HIGH
253.65685531829473,8.747695252391038,45.92329526524039,22.595388984277808,1,HIGH
50.50589662580109,7.778920948649895,58.64593158588684,37.76239864537712,2,MEDIUM
270.4710248301736,5.980600241500735,40.84507807913063,25.12753373344648,1,HIGH
130.0416061726796,4.260636984848376,67.5057652330861,39.48621512464172,0,MEDIUM
274.53087867443895,4.285461497876248,51.53463256700628,16.705259669516554,1,HIGH
27.856459264962297,8.914755792379564,64.24907639832588,24.965339313260742,3,MEDIUM
69.95257487038376,1.3531921843649175,45.72318415207413,17.830797247819184,4,MEDIUM
342.2949035623145,9.891843799782349,33.7642589564101,17.559534727374945,5,HIGH
90.87182280940596,6.97937869766406,84.54586557575787,34.75168677517311,1,MEDIUM
334.816450097176,7.130239291651515,74.87603987717608,26.560044040608222,0,HIGH
111.71043538176417,1.3419805357426795,53.8517548997709,41.144368259553374,0,LOW
257.1527640234831,6.44976347402145,33.324595727762556,30.492154136205876,3,HIGH
277.6602294039324,5.363002540814023,90.59025438879846,23.86029663516848,0,HIGH
205.06190125802118,1.9520101620466028,41.88565034549755,36.62666663886584,3,HIGH
122.12427067869251,3.5012980969242316,95.15195527969996,33.72050374757099,2,MEDIUM
85.05775054843845,9.01283010592286,63.50167650171709,38.987838624876105,1,MEDIUM
13.275741824970488,5.949895742793577,53.82706969359386,34.30764829025655,0,MEDIUM
121.57856049628953,4.720749176565178,81.92316338236748,20.01040251296761,4,HIGH
261.2651162125132,1.6541394025672984,91.378758425263,35.10930113001198,1,HIGH
375.32192737939306,7.42709374662075,55.94994945519975,26.74647592847431,3,HIGH
348.4817929052208,7.325657410564293,58.51406265191311,28.894290907727044,1,HIGH
306.42591061412105,6.526392462753072,60.321075354303815,42.64693727212034,1,HIGH
315.37893730131947,5.592363815985843,94.56261430350683,25.798921388932413,0,HIGH
265.9939613903981,4.904059619866354,78.47947940600329,33.35877428972516,4,HIGH
104.1147430264012,6.3394398368919305,47.33522819319589,25.904452002367186,2,MEDIUM
362.87801228233195,3.10055906555566,42.94997882513856,17.841824560733752,4,HIGH
268.2929247623336,9.471331577598828,46.125736439737125,28.605760261449014,5,HIGH
224.17625239217597,6.299150762622066,48.44947224298622,32.911845133789555,3,HIGH
44.39578768539243,3.800731999189389,46.1128443933801,27.22509876112796,5,MEDIUM
178.82221752257016,5.047118657966416,76.09545130346774,26.719985540345533,4,HIGH
184.14330848077051,8.25116309989203,38.11534574602544,39.61135541683191,4,HIGH
345.82544380906796,2.454544546572677,57.115094279557255,15.890555168684106,3,HIGH
218.6592880751154,3.6355206021423436,73.75375010792565,23.867561902203597,4,HIGH
152.16021958816387,7.115572204628998,50.360198176005156,39.352717961316344,2,HIGH
390.7201314042637,3.839402858340015,34.56920692911606,42.61590445833491,1,HIGH
44.28823733052627,8.132515136753193,35.72767459921778,27.36898757522485,2,MEDIUM
169.01937132477784,2.1740813845962474,38.81767434132804,41.66382729588229,5,MEDIUM
16.809870068562116,7.864175534091476,88.50901174077086,20.96790366375098,1,MEDIUM
295.96164830677213,1.615165433655096,76.05044539234788,21.64281203580518,1,HIGH
367.23062087966025,1.113333514007453,34.516568776835136,40.3857412975441,4,HIGH
112.01493182019577,9.08401166948946,57.37482154059939,42.09773224021855,1,MEDIUM
343.33667071964834,6.232052952390688,49.5009620992946,21.684173038880026,3,HIGH
116.8872921847591,4.166442073781303,70.46280781401602,16.779725699058332,2,MEDIUM
364.3080646575661,3.0933517326746536,66.59641647706194,17.70972411165863,1,HIGH
301.5847614387136,6.551972049347345,63.67868163588005,22.8414250612909,4,HIGH
321.96271073657545,5.581019651830644,52.015865926082924,37.84347231440385,4,HIGH
7.2026222401818,9.924379979769867,39.64598404307935,30.299754833888485,4,MEDIUM
385.1241428296104,9.848943879883713,81.96634680108465,28.66766526728309,0,HIGH
290.6683968281293,6.715221095274487,91.58997381898581,32.52419793498002,2,HIGH
121.90043815445333,4.985834554953015,96.09056364629721,41.706693403865586,4,MEDIUM
331.7578659435388,5.420268722211959,34.10332794295063,17.71291138696973,3,HIGH
112.60847936597199,7.142311596131758,81.79360981122181,35.84172382909744,4,HIGH
349.1015358264512,1.9141708981184324,80.85524215848737,42.80372536966215,0,HIGH
45.032156164774804,3.9551686642964636,96.29767299019124,21.400501252752,2,MEDIUM
281.4743909843183,1.6774501690324346,47.70402161484358,40.13316947885504,1,HIGH
216.27939065796414,1.6602468356522762,81.95253268066095,35.940741322785065,2,HIGH
38.61378807817633,2.7625531770481038,33.82384021365392,15.43405608219434,1,LOW
96.75753130353559,5.367279291339042,74.18720045331334,21.948350410863846,1,MEDIUM
4.961614510925916,8.062968890465104,54.55934768365258,33.175342826876424,4,MEDIUM
187.50718618580234,5.369463020492853,83.82366076832326,30.07201018473635,5,HIGH
120.50610430400015,4.019289495047827,90.43130005047755,30.83808757580598,3,MEDIUM
239.34299371910353,1.7411769130308232,55.537472955226136,21.95791273820468,3,HIGH
118.89512308344688,5.9526597086481665,66.79102648895105,35.2501041212588,5,MEDIUM
119.96764460279388,3.441417278348591,38.21828436545199,22.992551128103308,4,MEDIUM
297.27727949264136,6.534407601254327,59.18348756564336,26.683048994353616,0,HIGH
19.25713439134138,9.794689652191765,55.25602752814184,26.06747747640229,1,MEDIUM
361.1579980767949,2.0018288932979513,42.81864218491624,35.16075066359696,5,HIGH
340.90554975647257,2.909128588497459,92.61350373367432,17.70758285049652,3,HIGH
267.12187329056263,5.257850842894372,40.36614866281121,21.166257031205557,2,HIGH
237.28862804295372,9.717524338113366,74.5017550271131,21.014912120552033,0,HIGH
356.9209992558609,7.94628798642996,92.30998504359214,18.252740223471303,4,HIGH
74.13207181148577,9.084062738465471,93.83780059042579,21.22784936509377,0,HIGH
31.587664876331445,4.003433636282136,85.5267789888398,33.21180803770063,3,MEDIUM
95.80406796381524,9.92834626400735,42.32987937119236,36.96504512622565,5,HIGH
317.8313114800761,1.9254953445774166,87.22019864497088,34.809103409073685,4,HIGH
13.86810669059333,1.4767561544149075,49.359536869093716,29.255644139426472,3,LOW
233.12273403339586,8.700423643486253,94.56786192027563,16.573037132881907,1,HIGH
398.17500647652395,9.345383831862875,79.63606769966947,43.770210320603255,0,HIGH
342.27843753501577,1.8152682179149158,84.96872927062205,20.04229382512476,5,HIGH
208.5782756174358,2.0208468407125735,35.952271745135604,35.05264111217012,1,MEDIUM
25.456363714656938,1.2985674198019643,70.7935579410481,42.38671846446333,2,LOW
332.54940575428395,1.9405680637845169,87.47994888290756,35.93331287942966,1,HIGH
239.59140327088423,2.884778351202528,90.31132469407495,21.541489205668505,0,MEDIUM
45.973198823826735,9.730689570190009,32.0042193313549,24.47388896292069,2,MEDIUM
37.54291392934248,7.010742000157124,95.74114627885835,15.906176010332855,3,MEDIUM
363.85072777463694,8.00697722966688,33.03371133117358,33.3827472252634,5,HIGH
267.68010517523135,7.985254633223699,73.01630757723949,33.389789426446995,2,HIGH
331.7147197267022,5.815663748012931,78.53712693307185,36.76501744129138,0,HIGH
351.5915601129069,8.177400799417155,37.51417038175369,15.32988867826864,4,HIGH
228.7089408193289,6.362267791509726,33.36083059264349,39.535238664733996,2,HIGH
206.97854070201652,3.8309148784302183,84.94385081155104,37.161328722009245,3,HIGH
172.17096412839607,6.0499909789156066,56.92694373582037,19.226598285722666,2,HIGH
126.77863511644772,5.801577275210621,37.49787607205866,25.428798278069358,5,HIGH
173.8383843434847,8.411077483833886,83.38674714713494,34.1557467871265,1,HIGH
309.55186229206254,9.835544956434932,89.44141491005344,29.873906248209835,4,HIGH
240.76937240605264,4.699383088788375,71.11703335311651,18.452827917037872,0,HIGH
357.0093159819384,7.870516105972237,41.28657659042519,17.6203612540977,4,HIGH
177.35200575167508,1.897867036343202,31.065573004404357,38.44368897324274,1,MEDIUM
242.8358314875016,7.991482325034597,79.05617369113608,19.679013540534296,4,HIGH
252.5230212367955,4.342752207939089,68.50977723777217,20.16278021791331,1,HIGH
236.6788649225302,1.35451146600718,75.55579992040558,39.927693760702724,5,HIGH
281.05350923420656,4.269215607059595,86.92292691397171,33.36418903689651,2,HIGH
94.97338734992252,6.495784758294803,60.395944389508045,33.141468244619176,0,MEDIUM
204.94551101831627,2.073251509133199,38.71608281835343,29.3803731409002,1,MEDIUM
41.68992112333907,9.316310431872292,95.79882997735785,32.06985043206873,1,MEDIUM
153.80453105792503,1.6990517194555472,68.16834890728,33.05309071115433,2,MEDIUM
195.06682744850576,9.370060478498496,73.07058833619782,44.03478704530741,1,HIGH
260.889703818189,7.364237661421178,95.33880006862258,21.689199224027377,0,HIGH
380.2124210344814,3.9674095787278327,95.2108559417184,21.436872591013774,3,HIGH
240.26042661934235,4.516753129381839,70.04662247097215,16.71655463115947,4,HIGH
297.4375664706239,7.667284282594697,50.83279973049983,34.74596396427967,5,HIGH
202.5064237980811,6.413239907930866,99.79795438089175,31.471265424667855,5,HIGH
253.64161255053253,7.044786293094507,77.65719629674751,18.337176115399192,1,HIGH
28.372886453509373,4.50248154862132,58.59056738244396,25.936168053545618,4,LOW
101.75663233673879,5.390321336268391,69.18857619975128,20.359896159936113,5,HIGH
144.74123728205547,9.90880735634104,59.108383518762075,24.944452212025844,4,HIGH
188.99734200260542,2.9253058344974594,92.18136066076532,43.5379250818383,5,HIGH
18.259498200953495,4.760705678699183,63.77495624060223,35.49956516641586,3,LOW
56.009639021327075,3.626408688165706,87.64698631868731,15.227073023854258,1,MEDIUM
110.72572311652232,7.886003593958648,88.81234084761027,22.57524221352371,0,MEDIUM
388.6130763604203,7.876113630991487,87.70326364146739,15.31084641233337,1,HIGH
132.5388028412203,3.6320091489765627,80.55320287329721,36.44605496306042,4,HIGH
192.816423244833,1.732512849696846,89.84144017653074,29.08265406166435,2,MEDIUM
78.43908509535717,1.1028940900498365,57.106070573607845,44.82056075443168,3,LOW
244.3120284303073,4.84705479918237,38.02642442993722,37.007497830679746,0,MEDIUM
112.27328620638973,4.693038349021938,88.97179430607602,30.537388281236456,0,MEDIUM
82.79703137537071,9.895508907758767,64.87178909811416,39.14116284624406,4,HIGH
206.62905137839164,5.228218681279117,38.91632227694957,36.14410953702228,0,HIGH
2.2023196641683285,3.3077653261787856,38.071876552740555,22.313285329079612,4,LOW
3.065613059690131,9.021064969283206,41.14696758069249,30.9077482448255,0,MEDIUM
87.6275236407431,5.419611546882206,82.5681281766974,31.679961745022126,0,MEDIUM
14.688545000328457,6.392580716895201,79.75996714263968,28.5369509582341,5,HIGH
43.21030165227655,1.861018393853914,44.26730761294183,20.37577868566086,5,LOW
135.54425973550065,4.446247665967967,89.28463926768566,21.70107154973661,4,HIGH
321.03427183192514,9.498013070264081,49.690635686977146,23.431422028678845,3,HIGH
228.81945734772034,6.305548457578829,85.50899083204632,15.307654481344912,0,HIGH
205.06709038256656,4.100516696282155,64.21641354144595,42.50831676508528,1,HIGH
117.39552928324866,6.631004625684338,81.20840777769962,35.582879747504364,2,MEDIUM
372.70148777312653,9.193699806203044,56.697136415149615,35.68851947353413,5,HIGH
158.80601649487667,3.4659154042533107,54.29984179663432,32.16991841427364,4,MEDIUM
34.8371067183086,5.5460504662360695,88.89517192715326,35.679324244831776,0,LOW
246.82660644712053,9.628215885205798,32.471157815984874,44.45587649620909,5,HIGH
45.53535739064056,2.551565289686074,98.23158630802551,26.5548101290348,3,MEDIUM
138.08925712067685,7.476975330370404,75.37256907857613,36.37576760629691,5,HIGH
202.96477548712355,6.530329073826842,60.27383717396094,25.785870131325847,1,HIGH
349.68900987407034,7.117076180265713,73.96381718052976,40.62866396240478,4,HIGH
197.41863213604748,4.1609766760081275,38.591866252128796,40.74085820670105,1,MEDIUM
280.9035064126657,3.8249143613538843,65.98367187054833,42.06799276270455,5,HIGH
397.12673559962815,7.157887035295334,98.95668663378584,15.16389972725635,2,HIGH
52.59564795919265,2.9398895659409083,46.46886064926948,23.945743349882846,3,MEDIUM
109.8926102078078,4.776892703731046,80.55946693254447,19.017730536047882,4,MEDIUM
157.83043023905856,2.693571814476262,60.44799630821905,28.619585936704702,4,MEDIUM
168.73127141553255,1.0747435701099677,75.67207039415675,29.863489280378936,0,MEDIUM
164.4084301062183,9.730516240342626,44.34210600842428,22.677121284889665,1,HIGH
363.04440102262197,4.885326807907772,62.932548783232164,36.703394761352115,4,HIGH
285.61305778674256,9.724146529778427,98.60648997014925,23.09309151566908,1,HIGH
243.1620856362815,2.262911677910435,43.67010057112067,40.61674125850075,2,MEDIUM
123.74908714511284,6.286301015117375,74.551151949413,20.329781044253608,0,MEDIUM
329.5161536885179,2.8087662951211563,70.29184241367568,26.01705884295851,2,HIGH
382.0242045939956,8.110667142669472,69.55361104032824,33.66713275272915,0,HIGH
328.4793130200906,8.053326898848777,73.0586302756132,33.1600521138976,0,HIGH
0.6260420765891617,2.013464341353806,65.15665815817596,17.340873360154305,1,LOW
254.5605480733628,9.208580075887502,31.18515251803606,40.387758365728445,5,HIGH
20.45415257684029,2.7516668248290217,93.00677680241824,32.941948002893255,0,LOW
103.04288813348874,6.516796074304243,87.88851792388216,41.095786461215056,2,MEDIUM
23.809880139108675,9.870702580789336,42.191737664478495,41.02906734683606,5,MEDIUM
241.5181811797551,8.941568812897273,58.92912241652083,31.377560711250933,2,HIGH
274.6359653970427,9.609075357050521,83.93842864854975,42.32344371934313,5,HIGH
45.795055226362045,4.083388940963075,98.60436207710991,40.452233964403675,2,MEDIUM
153.5355532179918,1.9501807799751703,96.57959325092504,43.74368833685313,1,MEDIUM
182.4946035822168,2.695121859605051,92.9551439773322,40.51495195678219,1,MEDIUM
147.62120870436664,5.504454055689524,41.08617281093977,39.63611553003449,3,MEDIUM
48.41000019407722,8.1390671044599,94.01325742063034,29.080814420307345,4,HIGH
167.57911607499017,2.351382797654877,91.49114390657556,21.36093181133783,3,HIGH
300.47121912336723,6.937583790346814,56.38649378164727,42.32126199226458,3,HIGH
28.403065813302184,3.912198436355607,57.616581617538344,36.67647559338227,0,LOW
32.07200563276138,4.070818651529382,62.19362453686125,23.45243592595561,0,LOW
141.9085167343937,6.9572595714213366,75.93229416764919,25.229871682669277,3,HIGH
376.69028464757,5.202994775798982,48.2584931188111,35.582355355716615,4,HIGH
267.42905868916563,8.308299637233945,31.606390060796127,29.33451925061013,3,HIGH
271.4679826690259,2.4032665869654437,39.886066721806955,17.44447685539105,1,HIGH
144.767996335146,8.109534427903347,60.80811353037416,19.24343837236971,2,HIGH
237.46431648341536,1.5781172325167878,49.74017985983413,37.36946050536933,3,HIGH
4.052473611097351,2.746484922210445,83.51615927252922,24.857085854454926,0,LOW
254.43841856381687,6.905347430528488,37.468304938448995,30.229482852061174,4,HIGH
365.3147790304947,8.69433090859964,94.22256578883626,37.998644347605776,0,HIGH
245.0293873379277,3.2741166496541414,92.67290259607378,37.53526781118157,1,HIGH
349.479437386538,3.9447244524602163,93.61297718533017,20.010450806618216,5,HIGH
289.5892221864375,5.8340867345806595,81.77269990223286,17.95181593197106,0,HIGH
48.2233665614761,2.904155258403721,37.48999800385195,32.7345687889527,5,MEDIUM
360.9813229143367,8.300406354287551,60.66962999586967,37.24898621793719,0,HIGH
26.577537742309953,7.962729805051847,39.19837602638246,19.471197659862312,4,MEDIUM
213.58698901910552,2.3076254076920346,99.13894349327579,26.158658619818244,5,HIGH
56.854849517383066,5.174467586349689,53.31268963790713,41.10833987902922,4,MEDIUM
4.682644292361626,7.973449899891593,70.97313793230435,43.32669424680963,0,MEDIUM
168.8137040510556,4.035965779930733,84.55751379709552,28.62209282849053,0,MEDIUM
118.01628306166249,6.697961404459585,94.44312589579518,17.385478020924992,3,HIGH
194.4001975190412,1.4519180931181546,82.88834080889521,22.73089368607132,1,MEDIUM
230.8799546938203,6.478198844763861,77.21526451363664,21.98909760946599,5,HIGH
17.49562892357894,2.373876820005463,62.618724742670594,22.16891161623171,3,LOW
49.201318049498255,8.475249926030063,72.37800936253669,29.8164511613775,4,MEDIUM
223.45695858017015,4.199045172224306,36.59146661969809,32.49676955074713,3,HIGH
137.2669412690633,3.5339847645537614,91.87457793728838,18.67528766039806,3,MEDIUM
291.6693950197792,8.568000790403364,68.06441161879198,41.68068019585003,5,HIGH
260.9166594367759,1.4512962076462919,32.80945353044599,33.59921469843344,0,MEDIUM
338.2417451959627,4.569479194009103,94.39314879619282,32.91755190804016,0,HIGH
276.9971306676901,4.3300318651752825,64.25113816858081,44.61836995152852,5,HIGH
171.97243095605924,3.563203368245958,90.80123990927012,33.84431932479376,1,MEDIUM
269.18664895777295,9.205788988013293,89.98215679437499,42.86877447903555,2,HIGH
110.15246970216741,7.7583555416505,87.10261112199804,23.58770917079375,2,MEDIUM
122.52539951128507,1.5753084777274489,34.298211350674926,22.203884710394927,5,MEDIUM
315.5940639683173,7.432187044914587,47.29466517969462,30.495560604733594,5,HIGH
178.56780656063287,5.745692198159146,91.28835107258016,30.258268429099985,3,HIGH
319.352136207341,9.107811049614213,92.92937392364657,21.794509484516908,1,HIGH
328.96894946731135,3.816510556135226,62.06482036581642,35.98966970699843,1,HIGH
343.0249350645135,6.167457996486246,60.80290273579416,15.889014577100799,4,HIGH
366.6540943364829,5.506797472668874,42.259844372030486,35.71891417648358,0,HIGH
172.3940882053185,5.406048156048452,97.78875520838059,28.715336583699006,5,HIGH
127.54672732845553,5.104948595654914,44.91969327513302,35.670225325352376,5,MEDIUM
232.87949863764555,2.8506652797905314,43.36557490455359,29.31241891924557,5,HIGH
148.46896937505102,7.801389302431535,76.2510279104422,44.320013486540844,5,HIGH
240.4296667200932,5.0620242946535985,46.99910121003134,25.040548533093535,4,HIGH
282.2343450575298,9.62664647502345,95.71401277100729,44.47718811007165,2,HIGH
275.3620073968547,3.3472758447349866,30.763489672245637,16.94921827436926,1,HIGH
149.82115480804853,7.14469455664337,30.40272836263109,35.5128232427267,2,MEDIUM
66.74408067950112,9.466453716751976,65.34137610049197,28.626576203547366,0,MEDIUM
172.211735384883,6.971124907144833,64.16437219394304,39.66412876589101,0,MEDIUM
57.0376576327635,8.841456168556551,41.43548153306374,38.68848209150994,5,HIGH
356.0388140735233,8.447328637813055,64.6163694079199,39.00630548627812,0,HIGH
138.35098429514295,4.241059439401035,58.816277361899054,17.84215797907559,2,MEDIUM
61.783898889329514,6.401115459455469,92.32306677396582,39.67097099583884,1,MEDIUM
10.179103962300351,2.4063520583022004,30.647774415187442,21.421204723312826,4,LOW
258.3289545145937,5.819732944260396,98.33888635230666,15.770407915771044,1,HIGH
254.76092698189728,3.073797746329035,73.70749350070898,21.53216159053234,1,HIGH
136.24166663251665,7.69363133457201,40.62904119516929,29.37855314099498,3,HIGH
28.684755539060404,5.752525797029121,33.27320096678164,37.26334079734296,1,MEDIUM
163.8515579580928,4.701046263684944,67.66739609914623,21.55897442498561,4,HIGH
124.48699802535744,3.419173865502798,46.442311618027404,18.39022644270814,3,MEDIUM
270.8482558940037,9.988286336571582,51.08158759008815,34.37901765071827,1,HIGH
242.31169978107613,1.6453946879643941,47.15925153841595,44.51694109080053,3,HIGH
145.837491279016,1.3920461251517802,75.51206195007575,33.026109062568544,1,MEDIUM
87.15702170199604,2.955316604444781,68.74702734812935,35.73172092370265,0,MEDIUM
395.21438646223675,9.739652127650377,35.458209646526804,31.8350233123926,0,HIGH
181.60064847844595,9.81314351487986,66.85685732226227,38.47045332685512,1,HIGH
275.30969431209485,6.894349612949224,85.38328358943099,44.274132606283345,3,HIGH
56.221187031344314,8.920960004857642,35.6836213574227,31.323876882125546,4,MEDIUM
194.23587986375912,2.9256555775671584,92.28172833612939,27.503715352281773,0,MEDIUM
11.014687947786195,9.748378847589612,70.48146546134103,40.81029183480379,3,MEDIUM
202.18204716417998,2.285063651256082,96.54371284892217,44.09185031279971,4,HIGH
385.6069628470809,1.9101266936349246,40.3698852405663,18.87544922608704,3,HIGH
153.6826851943201,2.009903853225456,99.54954995473207,32.345128964216336,1,MEDIUM
15.598405029964635,6.158151309453082,75.09910061787738,38.773799776379924,0,LOW
12.382316367737412,8.028769606462472,69.72459396367441,31.000182154691725,0,LOW
155.19470397874778,4.300004600871698,66.06957368784597,27.27590904578846,0,MEDIUM
64.00997458527762,9.801063890075138,31.65580611688189,34.65689463406262,1,MEDIUM
9.340838531274365,4.909781243064965,95.77474340847047,23.10384283540045,4,MEDIUM
302.48544558007075,2.3540369569589465,75.07961309979387,25.47401228815108,4,HIGH
183.40920355275628,5.1937007336752306,36.41385391495039,44.768299766440336,5,HIGH
115.69790878906181,7.111334488801958,31.466651920616744,34.09396003123486,5,MEDIUM
360.0332732065923,8.490032024539408,33.554854746572595,41.18781894933224,0,HIGH
46.455584080210244,5.128914609609336,72.65770344025685,39.233055391114306,5,MEDIUM
382.3675315821277,6.342461434442507,72.98107904262096,34.56817663182072,4,HIGH
125.58668695094113,3.40610240942968,64.97671042470088,40.2218724737632,5,HIGH
355.3614689234725,6.8132487376496265,51.473607445706605,23.61475486300713,5,HIGH
241.17715059178462,9.873747495553094,67.22199121302489,34.11349346436895,0,HIGH
330.68294389659496,1.4414821532901447,66.14112746133804,32.718104685719425,4,HIGH
393.6052652841857,8.97877603634651,31.359089191359594,33.672588023800344,0,HIGH
115.36217512749829,6.060542524907705,49.77284612292486,20.058957814403257,4,HIGH
384.4541941630372,3.2688879360606995,33.72297390270047,23.317291199942055,3,HIGH
155.79275796096815,9.594007390083322,93.01083260133588,23.59974956377617,0,HIGH
154.20476189476892,5.350188727530091,80.76562139495948,33.058384877182895,5,HIGH
136.15484170180227,3.9852122650604707,99.72806191350386,44.17640641319358,5,MEDIUM
216.5630429390341,2.63347865443757,51.15198843137015,43.62202653546444,0,MEDIUM
61.65801727139484,3.200069892309959,91.49400934298373,21.8156865896909,5,MEDIUM
221.48459414320448,8.495641374322982,72.21379875527373,24.145357292003176,2,HIGH
216.6819249640016,6.529690083854493,61.71877848325234,16.08185676837501,0,MEDIUM
304.760725041948,9.219210575394845,45.580117790204454,26.964467695781824,4,HIGH
333.45998477503423,3.0877160694200727,81.68745157002999,40.04022365041091,3,HIGH
176.17654012496962,2.0902471646401133,93.289852423301,42.472552169584205,3,HIGH
120.9332997405975,1.0547877787803102,46.47158786527595,22.09489438703831,4,MEDIUM
103.73395892683779,5.5707583385439445,42.27732344815288,22.973834204665177,1,MEDIUM
77.84953468194877,9.984762373437894,78.73553405034069,21.62549449526261,5,HIGH
23.05903287960995,7.254687419367751,98.38812139078634,25.503107027237363,0,MEDIUM
136.97919153388534,3.7755513276863146,82.49685707728545,39.14278195771634,3,MEDIUM
108.0990768523133,8.891727247235545,49.920651733335426,34.4057240965338,4,HIGH
386.56695434656297,8.035500393891638,59.396879690344996,38.578227535911,3,HIGH
223.08353050001756,1.1387364946888532,56.902234482086016,32.49093319005918,3,HIGH
138.910815612203,8.351744324869202,89.64665126329318,22.731992341774404,4,HIGH
232.1870403974784,3.704740815146464,83.99595452105567,21.839825406376324,2,HIGH
55.6786805382782,2.3470611812524096,71.22828043330641,15.270021175912493,3,MEDIUM
177.61749968088117,3.036977557633671,49.247137727783226,38.42946410622217,3,MEDIUM
250.49372856842552,5.217218239376251,95.65919694054394,40.41363678494153,1,HIGH
195.55913271698054,4.8238113436121,75.73206573384027,38.04847798885249,2,HIGH
160.7115202617297,3.5999856943680406,97.93336525092477,17.23206173185472,1,MEDIUM
397.53935555987925,2.549964899863294,70.60819231294215,37.86664881509598,4,HIGH
352.1259048595708,7.860077106779523,87.48349308545298,16.37302359450808,5,HIGH
249.36238326377605,9.910988053614254,86.91737655761688,18.167791971191733,0,HIGH
227.75094447291312,8.000124223777213,53.613014378351444,28.214261187980018,4,HIGH
248.26419192983363,3.663432709043871,97.48145060700597,29.2844102677452,2,HIGH
80.5248431289733,3.2032806527092004,31.53590273182948,39.48355909856089,5,MEDIUM
158.05509730572743,2.958992884593444,83.80976361371899,35.385806761227315,4,HIGH
15.783813156359727,2.2302556704013266,97.58899600348308,19.599605358936486,2,LOW
190.21841499473067,5.961974947230711,53.7235742298606,21.78440349686404,5,HIGH
217.20983358306526,6.4486033475800975,75.36774114536803,23.570255647760604,1,HIGH
91.09989444128384,7.349523945968236,69.35562748909474,18.71017912364575,3,MEDIUM
385.6115388662055,7.121920338403012,83.30551167735666,23.62934659077692,4,HIGH
363.7818443748968,3.630999801550442,90.63245451515367,36.85794466619199,4,HIGH
288.85729418236235,3.972799048571619,72.21311985096835,22.24204410321849,5,HIGH
213.35465150614505,7.1336308189810405,87.11332104670198,40.0607894118116,3,HIGH
347.98766385907396,4.145028767052655,51.85999031224786,29.085509853756236,4,HIGH
52.26093752938517,2.913608706573817,46.00109410933718,24.688072837331667,4,MEDIUM
316.203917709954,4.369025383270656,60.146738267298815,27.37254313646619,5,HIGH
49.92832558673932,3.448757418201799,77.44156197065482,36.28490221780474,0,LOW
317.68426501976217,1.7948144909672004,43.107286425710654,30.503781097379708,5,HIGH
110.30702730054279,8.47125012048988,77.6246534506324,15.218359919251741,5,HIGH
350.8362324072756,8.678002502413328,57.586555400044716,42.66971539755225,5,HIGH
377.61683753015916,2.977752701501915,85.69026917248424,16.979880090055552,0,HIGH
59.51838776204625,1.5829497957268157,32.57850719723123,43.15864046443157,3,LOW
185.07024202615742,7.649446936160616,76.75878464805761,15.84458470860164,1,HIGH
392.39495126507404,2.9037576327707235,75.48756356549774,38.12938004872345,4,HIGH
193.36297438925865,4.540919404931742,95.865483328772,31.040241245498645,5,HIGH
345.41900900581805,1.5772172701364493,79.93572874948492,30.17178541812318,4,HIGH
235.49260885252795,3.0364262628259167,85.74113274962968,17.183355076320137,1,MEDIUM
150.13196316784075,8.136120504966723,93.32137110972178,22.16235031013749,4,HIGH
114.31342221034808,8.239568022236817,77.25363428043914,38.32641951195576,1,MEDIUM
81.28923643443491,2.8637634239893934,50.31075444719822,41.737794897674824,3,MEDIUM
304.7192765510789,4.0232246059602055,90.88416597084654,30.873560431589386,3,HIGH
154.61620272921115,2.208145771843692,82.33046836331826,25.600301890877862,1,MEDIUM
204.51018488030047,1.6675536725643014,59.71063228006254,16.798296241926323,1,MEDIUM
196.93019200047277,9.929545430035684,79.73704208549734,35.46535578199021,2,HIGH
230.9116116932525,6.900345561203553,90.73822140267995,23.35339832058848,0,HIGH
346.23085824982087,5.878868582784869,98.29564919738901,16.650411449764405,0,HIGH
392.29573743337176,7.889486503647696,96.66460527713387,34.97555187295866,5,HIGH
163.03368342952677,8.560694437189518,52.772947873489905,29.57159380601275,4,HIGH
331.0075688425212,8.260432912402548,59.518559960272725,15.358864491051719,4,HIGH
305.81111786188706,1.1488550436088896,37.66756234841599,18.32772117319041,1,HIGH
229.4115805822293,2.681271083714486,47.328100091263224,35.976057877378324,5,HIGH
382.41885744477327,6.894147719060479,91.76948459408652,16.910139991973658,1,HIGH
80.18980621136112,4.381834130235666,55.25949483955513,40.9788919452897,0,LOW
43.70568412384856,9.842343859549963,73.43868610164168,24.339788322597983,5,MEDIUM
341.58478678216886,6.9886431337442865,76.61759328149233,17.65999411309274,5,HIGH
175.65992665349933,9.60894017856286,84.72804926003184,37.79272134504196,4,HIGH
338.7875416828242,2.8130183348121442,42.79600211719416,30.732817033590713,0,HIGH
357.23608207816596,8.775613253035207,51.336919423010485,24.19920097137893,3,HIGH
24.983037447628575,3.892170752337028,61.383543902072645,27.182950250078036,0,LOW
353.38590519442425,9.906083274140261,55.538874286679146,15.642371868144776,0,HIGH
179.32762214776886,2.4191980486583256,98.80336630017828,34.880956126182866,1,MEDIUM
204.1729956016929,5.647058369544939,88.44585622495987,25.973210668903334,4,HIGH
250.6370044372841,8.135600804534096,63.57807282343402,36.42112709184389,3,HIGH
370.5530426920347,4.893782325436323,91.54880382605276,33.84513437857642,0,HIGH
7.646437771905612,5.212756541688821,54.335706330830774,34.53762557729214,0,LOW
190.73738732712684,9.87720215955167,85.00798267231852,38.78678133013297,1,HIGH
275.08881697222427,4.82777335271038,45.657291867451754,33.93474235128753,5,HIGH
289.0827830792914,6.436648905391572,84.06254316584563,27.561777877256773,2,HIGH
277.0129726148432,1.4908569460763563,61.951738223700985,26.697826852039068,4,HIGH
53.77405176324874,8.57989072189234,37.52495246945696,18.587463202945674,4,HIGH
119.75823534867249,6.833512440815891,49.128371818890756,38.38330239468725,4,HIGH
143.4862101668054,4.636180925765322,58.15922368164952,37.833253252638656,0,MEDIUM
321.774883071802,1.1455258595906779,82.4505038165106,22.388951012565705,0,HIGH
111.50394896582121,6.325019385341535,35.10879003116656,40.880457380944335,0,MEDIUM
84.28198554688126,1.1139204563574596,76.16828965648477,32.67009773371885,5,MEDIUM
382.97920761523847,1.0108325251811612,80.12095486529904,29.360605271837017,2,HIGH
3.54531404538756,6.544887059344192,75.7744958948026,15.524889048764877,0,LOW
399.12834227279126,2.701153606010988,83.2468746717289,26.482235575929487,4,HIGH
270.7285195429582,2.7269879474628578,42.47180312159868,34.22012304706989,5,HIGH
331.38771977964683,6.879444092494693,71.09723485441262,17.692435130651504,4,HIGH
117.84775853847727,1.4832746914543686,95.88014630427159,28.787019266626448,1,MEDIUM
5.726111066823991,3.820650053271007,72.75489888631765,44.803078540847885,2,LOW
295.14780742461204,2.3448871192781717,72.79354428670672,36.496159116272025,3,HIGH
333.6578388002703,6.2215873281688046,81.55077494792883,31.40612662504813,0,HIGH
296.19045278140766,6.955886392546563,53.32429624881013,30.990986548172298,3,HIGH
57.140114920335435,7.4902226823913916,79.03331309250784,16.312952467745834,0,MEDIUM
301.37116890278764,3.297080952267089,94.13636833192506,43.71943312223809,2,HIGH
307.5691128430564,1.803247764729256,30.76268311177401,42.84532980855129,2,HIGH
263.41620626802194,1.7081529124770805,90.90791287762057,35.4721413202634,4,HIGH
306.4463731182345,4.835363936056514,45.30328318812013,17.970349490446498,2,HIGH
338.36857587109284,9.512599681564435,61.91462915902626,21.235016902483146,5,HIGH
245.44164569498338,2.9595613082232215,89.66434606668466,20.517286076267556,5,HIGH
35.441885587871624,3.310674412073944,87.67384892196404,30.587354553036565,3,MEDIUM
195.05112386688435,1.9079992189527304,92.43492346882391,21.234116235059567,3,MEDIUM
31.059733868642027,6.450132465045372,95.82917548427683,35.874016846325944,2,MEDIUM
163.01721241297233,7.118855865524574,61.300986974023104,31.35689657908167,3,HIGH
162.84259565025104,6.78638087344684,75.94546675607049,15.529745311279665,5,HIGH
26.40393765609663,8.750172187403031,57.333490836827465,37.321717111069546,0,MEDIUM
139.52821358779173,5.377832515234646,54.550170224451605,20.664862099618453,1,MEDIUM
44.39923951652594,2.21011336690358,60.21167874183686,39.746553590420305,5,MEDIUM
323.29408400368885,3.6046461763397137,82.01532943478732,25.65136311368937,4,HIGH
379.0752103857883,6.961869760792166,65.1008522999087,25.158590399449093,1,HIGH
28.926590103175442,6.518097763674039,86.98417721138395,15.354520073346317,3,MEDIUM
382.0460829166806,5.779028167686662,82.16529340373091,44.631869487690516,4,HIGH
209.03063973469807,7.146679768198185,31.433492278707952,33.360130175155916,1,HIGH
119.82627118154956,6.736517653359694,74.11667099743131,27.68190498557972,1,MEDIUM
30.744830110465404,8.931924005184566,60.559978631601375,17.89864213384017,3,MEDIUM
200.24970722816713,6.274147397304669,61.96402924057991,35.97444192453051,4,HIGH
317.80621779629945,8.007412228305007,87.28611377089263,23.481914099758164,5,HIGH
282.83459090667924,3.2383644036982107,68.33255902592737,44.64842455126587,5,HIGH
20.090404585589503,7.103643261301612,91.99352764212631,43.51642077447969,4,MEDIUM
29.160734147161406,9.11974706544408,79.89639146741833,37.058900364083655,1,MEDIUM
161.14931305305484,4.4715909510984995,68.6988006134837,44.13215790848907,4,HIGH
118.11619761917731,8.011937686047819,82.81765833057726,18.169015873612885,5,HIGH
92.95372922241913,7.523103710758918,32.68443356477851,23.397460816096356,4,HIGH
112.40179956348544,1.5357357718464022,31.89585583797454,22.597298663735373,0,LOW
321.39309731875386,6.233574786616651,35.834452884459644,17.160379753779075,3,HIGH
371.69122145274156,2.1717041428072212,60.629572760299986,44.16679793914368,5,HIGH
162.04107781102658,9.70587255007532,46.48151019388602,16.799222599406814,3,HIGH
362.44440085299885,8.302667524305907,98.89829060910492,40.70066711982989,0,HIGH
128.5982804991528,1.987514211224081,67.96030973079569,38.044842737305174,1,MEDIUM
190.57479453751665,2.0957679788291057,76.3691022256811,26.27601262414378,2,MEDIUM
90.41159912639989,6.35026469421357,49.51740953726876,15.56422087889397,5,MEDIUM
256.1904168703376,4.10400256755865,52.525783601132616,15.182877149456086,1,MEDIUM
391.59244606992354,1.3141527316579835,53.482333989880914,21.1198152208177,0,HIGH
241.39723841735145,5.874773570497478,78.91149936052105,29.81629740101379,4,HIGH
143.12563364541955,4.490605897172622,63.159434538251595,28.73729934555454,0,MEDIUM
259.12697839621137,1.909688431345684,66.23785567710522,32.558777296947824,3,HIGH
49.16827138615503,8.217283530303844,71.44020875115417,38.15877928982286,4,MEDIUM
355.4636321061595,9.235690887509254,83.8168159366752,26.32063844580617,1,HIGH
201.23358031193453,7.80934540612717,36.32588239587347,19.81091086527952,4,HIGH
179.73989681585684,8.401800790146496,84.38117385531751,39.00146750485272,3,HIGH
234.34591538140768,2.9484151053950565,69.42645482126258,24.980720439936327,0,MEDIUM
249.913545115761,3.372156558267409,76.836681139868,23.606456933800523,1,HIGH
28.71032249060521,2.8767478626926897,52.92862353885334,37.929361152877064,2,LOW
273.046888489361,7.885570882290076,58.65707857715144,43.02418314249434,2,HIGH
96.77267212621183,9.531253710410473,46.18160737577442,42.448838460322705,0,MEDIUM
285.58105300263594,7.451534860605124,98.55099981921836,19.123272775715357,1,HIGH
329.0139177536787,8.933200883916005,64.79020807572218,30.09474460407899,1,HIGH
321.5834030210081,6.748291853948553,99.72538410576185,17.786108511845203,4,HIGH
221.00038696315565,4.488939105029192,64.28501846428864,43.829278767191994,5,HIGH
208.06795692430046,4.831854534372747,45.382588506884716,21.456836576305182,0,MEDIUM
57.15038453576469,1.6778928895066434,65.52166777157997,20.922887242973243,4,LOW
310.1384601612542,1.2831147572142347,32.77169002593545,41.666570190194385,0,HIGH
108.56375217868575,7.259280437701697,93.33388609953658,44.035516653658945,3,HIGH
198.67816912717862,4.9458600281006255,87.29851758361087,35.9289677788577,0,MEDIUM
113.70963717100668,5.969935612491666,80.80743644859993,18.630151010976746,4,HIGH
53.53134519987726,6.018951228601747,72.6878700809722,29.575668316220217,1,MEDIUM
251.82307875669463,3.4963823199997126,70.58839635692541,39.49815282184811,0,HIGH
21.73281392916153,5.283032597465416,99.7709749855624,32.17431551124736,1,LOW
299.45809365048,5.23684199500932,49.45982038139566,18.97784564185004,3,HIGH
127.03471810444667,4.4958449910507134,84.57790557559045,20.156632485096836,2,MEDIUM
0.05387720179412803,8.386078450609634,70.69833391495602,40.92425027504415,2,MEDIUM
204.4516556948919,5.060476033188364,98.31163806312196,30.810874910624502,4,HIGH
18.74076341104125,6.432800720553891,87.94622283087767,36.17510321300137,0,LOW
110.46782312835978,9.059681083427435,99.89675790927149,26.191875786991943,3,HIGH
282.79059498228645,8.796102605730303,71.18274961237125,30.974567487565245,3,HIGH
25.075848648746344,9.013799834012486,44.31807702814545,44.313094211630755,1,MEDIUM
335.73539694240094,3.4300449681851255,65.25809249863137,24.89109110904414,5,HIGH
1.5279690634332432,1.3148423947725654,79.77777938354022,35.24365582524823,4,LOW
98.7295476807609,3.349601199057963,84.20522703271116,20.175166715856893,3,MEDIUM
296.3616224608286,3.508366110586378,30.03569923111605,18.65219655781,0,HIGH
126.50805989172271,9.184242940524712,65.35189619516058,38.50920333777089,3,HIGH
40.75695522640541,6.843184595541736,46.46642059794526,40.323246299614965,2,LOW
144.09356752017115,1.735335636420059,91.24382832783519,35.04935086048246,4,MEDIUM
108.15731455381021,2.2184073640999102,40.703381083516,19.74587512633425,1,LOW
337.08476086422195,2.401085129877779,76.65193747023834,22.21763896927616,0,HIGH
125.33916703405725,6.673795733520309,48.62435332274474,42.33527124285335,2,MEDIUM
315.5729887104029,7.618726229563028,54.95795002499906,23.66112146399269,3,HIGH
356.7488579242939,8.736795195088565,95.83914825297914,39.565815485913525,4,HIGH
173.52696783061182,9.465728957256188,46.83136877856556,23.578118667312047,4,HIGH
363.9772575417568,2.815341016477976,36.650193327605145,43.18387707970304,0,HIGH
150.92722158527715,3.7879523625164415,34.84994310109581,42.43358738511009,1,MEDIUM
385.6313665960433,3.162905926703476,65.32305770696235,16.29789520886364,2,HIGH
35.715809810229175,4.2288541071952395,74.91980375990016,38.11241960602226,5,MEDIUM
274.80770660129707,9.231985966813745,52.9105550499621,20.083852807032212,1,HIGH
197.52561618277147,6.176013102454254,78.31818192551566,21.458148777191447,0,MEDIUM
155.05952218225883,7.643727075920491,34.27236030012665,28.795356369944273,0,HIGH
253.08475149944036,5.411073125141038,90.01342514460137,32.2895444924835,2,HIGH
281.5428366537325,1.2597212200251207,87.15970468174665,24.77399156911476,4,HIGH
1.745307860123635,1.5777593739803288,98.98473899744599,32.26150096662627,4,LOW
66.78123549887948,5.841307281410971,95.55534866312918,20.119751140234097,2,MEDIUM
285.21842025372746,7.46910131338023,54.933801474324966,15.670129631431113,1,HIGH
266.55416543128257,2.9379747477585836,57.9492768810904,32.136731650852894,2,HIGH
386.4190020514709,7.497186165930737,82.21753932347816,30.522457798869567,5,HIGH
304.4151161003132,8.29599196135161,39.38579403684882,35.689618922277745,4,HIGH
380.3090830925352,4.707077305259001,51.98102971713844,34.494661859034736,1,HIGH
281.01620061392276,7.717773095596945,38.29786558829538,41.92459140701867,3,HIGH
119.22088345577725,4.636269552956139,61.8420514350982,28.784058604846376,1,MEDIUM
42.14596890034259,7.10515566509518,68.64029959197224,15.251084240788261,4,HIGH
312.72954533797423,7.875973443875887,44.78123289739267,33.91958044790562,0,HIGH
257.6596885903664,9.927339564772996,31.86421808398735,35.253972888096555,1,HIGH
19.27440495731849,4.108569958572365,80.35490822253661,30.64484968187909,1,LOW
144.02018636039134,4.699367025171503,31.400361509831797,35.67914610723647,0,MEDIUM
382.71992619371446,2.490580534691542,98.13818262498494,24.70751439708458,4,HIGH
200.16045828408048,2.8366575256162623,45.51250797196768,19.464249095732377,3,HIGH
173.09165440788186,7.240555023385399,76.47300644814038,34.9366099186922,3,HIGH
183.0798420637176,9.253410311390285,60.432620836799245,22.35559287646586,2,HIGH
83.55308960206548,4.551444564951165,34.1771702235975,28.689477278526144,3,MEDIUM
147.4828683459181,2.618600021519871,63.05285246441272,29.748681918349458,3,MEDIUM
147.92530239487064,3.5658954944469468,66.17324440077597,29.31598651405165,1,MEDIUM
20.942008074988962,5.095465343273247,89.8278245665008,32.953474310398676,2,MEDIUM
307.0270514071673,3.6158529642883153,81.26443487535286,15.883611267775766,3,HIGH
166.6017727615516,3.1022117480967966,35.55117323273704,44.69047484790264,1,MEDIUM
328.8719547265693,7.623860398813716,44.64138784025856,36.48931421815713,2,HIGH
340.13920044795816,1.0706042911656088,51.832137895046344,27.76163345396288,1,HIGH
84.79762187946322,5.853074746028348,38.14853805253736,20.73990090870733,0,MEDIUM
262.9413928680514,8.143901263267786,61.98293496401434,17.40531967330069,4,HIGH
188.9127216651927,3.396054576857214,98.90164336037749,35.16571261878366,4,HIGH
352.062695168594,6.429623595508156,66.02289538664331,24.50866844875675,4,HIGH
86.29627167058165,7.02010095056756,81.93175178262186,21.88435374749604,3,MEDIUM
271.1252801240177,6.89522226764581,77.80564583895423,26.398631613370004,4,HIGH
243.10084890108902,5.012646707788459,89.49380045644966,32.787692634231306,4,HIGH
118.12059102873312,4.119201890882013,45.100644332592665,35.15115650052003,2,MEDIUM
54.640361460469045,8.523316657250321,82.76783831851198,34.3551020806359,2,MEDIUM
260.65590419091063,7.8260136129987785,91.69486682140246,40.89796750475921,5,HIGH
295.4389832529323,3.8912965607252126,42.005687608616995,21.56272293210346,2,HIGH
126.25093750534,1.9271727499798548,54.276155385160266,34.102384895914064,3,MEDIUM
257.9330416089255,1.6462679090092227,97.9071235032093,18.03343128558282,5,HIGH
158.0523630446013,1.8484838010904245,84.65514921858548,31.438040696975335,5,HIGH
285.28275331304707,6.245824250728385,49.78135827762726,32.51875207469014,4,HIGH
79.68610995762124,1.4649595824609072,69.47592387511409,21.487118968025207,3,MEDIUM
356.08600105446976,4.032341874676345,58.30282859946351,26.750793899737104,3,HIGH
114.96383858623189,7.778797317228064,64.29756234289908,39.81578668751408,3,MEDIUM
147.11439510246117,3.649133498638403,54.86163339734959,19.452271612588902,3,MEDIUM
23.236780832139914,7.869772694621169,49.55317129712384,28.035185928475208,3,MEDIUM
44.60488492851056,7.709203343863497,77.23341289739932,42.98199213634356,3,MEDIUM
206.34476108493124,3.2124441936989467,84.49792705602823,30.123267830988027,5,HIGH
107.0370706911886,7.559399620834709,91.17699859231413,36.75401135499861,4,HIGH
334.1920902968778,7.729989744448907,40.873097712273164,39.80598118666653,2,HIGH
5.877355461981537,4.577085331003242,87.59988665516684,21.113231245364773,5,MEDIUM
151.6376194687745,2.893784353673664,47.836057713394446,21.54651706598797,1,MEDIUM
134.93821870763708,5.691437262026822,59.913547293703544,37.75774368295151,1,MEDIUM
7.731052367040414,9.292578292001767,93.10105800944726,37.599202145292026,1,MEDIUM
49.74735960020409,6.7565505918885576,61.815252068782144,16.805499619188573,0,MEDIUM
165.45706996745412,2.5563024786453505,43.79444738310214,24.67494722084893,2,MEDIUM
197.14583377897864,7.144812322601679,41.19080586659825,26.955974757253138,4,HIGH
161.71589890194764,4.844827245536511,63.108863665649366,39.871212104134614,3,HIGH
212.37507136483754,6.323759176198357,83.38706967835878,27.65586766289212,1,HIGH
238.0526699622726,7.606576315207971,99.80436007820109,42.777866712097314,2,HIGH
3.969528451134252,5.634526163630003,85.11860399016314,44.8982333142192,4,MEDIUM
185.63806378140154,8.325855771159777,91.39083712599975,38.42178497083049,1,HIGH
385.3996963550353,7.49940021384965,82.34826526544217,34.99160068701772,2,HIGH
207.61291205181948,6.535660060166596,92.68045705292742,26.756914979613683,5,HIGH
271.0169069835813,2.3571353424911634,35.340548031973924,17.011183381561,4,HIGH
124.74554316675328,8.523541998204115,95.09521192871519,32.19416269188392,5,HIGH
309.596551261105,9.423150267878345,57.74843076079593,25.851147166319727,2,HIGH
309.168592750446,2.2326861142836534,94.51299562963112,25.526942274970306,3,HIGH
208.51841906165558,5.394170164900875,35.30129862216329,35.63127758128307,2,HIGH
390.4055293116854,3.3299986777345403,80.06700699847951,28.909180757899072,2,HIGH
50.22008590506135,7.790709766830082,81.49821240691432,37.5628153431435,0,MEDIUM
6.779065955832397,7.4946667240422995,99.78376225084409,26.945196680561374,3,MEDIUM
308.0632847028384,2.2679660851335885,83.81986894828697,19.52590156459688,5,HIGH
322.86221494595304,8.893245441354734,56.78015940709247,28.840425785707396,2,HIGH
48.0828916482305,2.6287575758020205,69.00739861329818,43.530375429760895,3,LOW
106.23313318344243,8.175331230832967,55.65856567166132,39.045738873496745,2,MEDIUM
7.020945346651564,5.112823236652044,43.72130517134007,21.172477652201003,3,MEDIUM
117.32344431222587,3.954450642023361,47.39516292515915,26.739015049348282,4,MEDIUM
309.2567495674686,2.4241533640679216,45.54073739920246,42.83376285661613,1,HIGH
207.18421108503156,2.5085283053196648,68.41707311142491,18.710971761796994,0,MEDIUM
139.23823726731524,6.957014992308102,93.43124441723253,22.61850725594808,1,HIGH
148.69571796253211,5.953873491524084,93.89086382618783,22.866679376156892,2,MEDIUM
0.5414502861872617,2.0987687948610945,33.83346442680779,32.127986269859505,2,LOW
119.92021102609436,2.014280743944927,35.59295806663255,27.321999591339683,4,MEDIUM
258.5834966551722,1.6507951729551231,47.158334002064045,17.396120219888996,2,MEDIUM
389.67777752654285,7.693906126361897,47.85416167286324,33.87544363731257,5,HIGH
338.8243307935598,7.406938767063603,36.64224226674758,17.972335935604505,3,HIGH
9.43798585821165,1.5258789176911765,57.19243388214083,33.192447959372345,5,MEDIUM
359.4242418699357,6.042430680372757,71.14077748839011,30.210251406780774,1,HIGH
313.2793653194504,1.762085397184209,70.47135404196246,29.810059821759378,2,HIGH
312.15044942839216,9.133711935480475,68.04007768810149,17.024887358976894,4,HIGH
183.1983036014286,9.164056772621192,53.707034742124804,34.17661340650608,0,HIGH
159.20211718180113,7.284096908318171,79.45189797216065,27.939607757679923,5,HIGH
121.16629153327705,9.33570029295505,87.853875868675,27.333183668570598,1,HIGH
26.27794358174631,8.303077273723215,54.23919865341859,32.8935418925561,4,MEDIUM
91.29414539747964,8.456847183343445,35.98747515096234,33.18744179839642,4,MEDIUM
98.64145399120984,6.127370655129399,50.74311757642995,15.450998872859657,1,LOW
193.63082788408065,3.754532783945583,39.615805820243196,18.7567770360962,4,HIGH
298.9777626386776,2.9601920360477942,62.71511090590266,22.09554662534162,0,HIGH
189.52393135917865,3.9448001983503627,40.91546059212548,35.339320000379374,0,MEDIUM
23.137779778864243,6.656458870801559,62.39913303605841,32.302233810888225,2,LOW
383.11592039528153,2.5539088224915902,45.47020246272534,37.72887397154261,3,HIGH
377.0897276376449,3.3277621297358944,81.7111773823682,37.21823416631571,2,HIGH
314.07581725936336,5.21254776515918,31.929776858509193,40.59548607618452,3,HIGH
396.53116062568824,3.09745088672154,68.83224126823478,26.30444583817242,1,HIGH
217.79293312010518,6.297793027444555,41.86417924440397,25.351915985499083,4,HIGH
385.10734010128243,9.308584256106968,30.069430512873893,39.9304620916039,2,HIGH
30.24201624670031,7.732804291328138,90.8440061645365,22.128046016015535,4,MEDIUM
146.27229930454854,6.997839527340217,77.00694514698473,28.83517121020821,2,HIGH
90.15250720270633,6.244493283854009,36.92599754353664,20.829769560667494,2,MEDIUM
78.333233653708,5.3915311833135835,76.48506573786989,42.41522226417641,0,MEDIUM
56.32117955707044,2.6790747367119376,72.8153132916319,27.23409039289876,3,MEDIUM
248.96545662639866,9.05239409884179,63.134968093024234,21.37460694692485,1,HIGH
312.528742298922,3.236824018115527,59.34806688979298,35.76040171706736,4,HIGH
231.31935976814427,1.8217798982034468,92.09488340410144,22.33934034631436,2,HIGH
58.78508383528387,7.750136613058257,47.160361392821585,43.305108095106704,4,MEDIUM
324.44950797338834,2.5805398089804976,57.88170399093683,26.028510444282343,0,HIGH
254.3818828654914,4.347063995870585,53.038078902637906,34.93922136305511,1,HIGH
155.2662824507982,1.2545643546188177,83.98407203256434,25.3573479347224,3,MEDIUM
269.6521182144252,2.2336114828640325,94.15257143627775,39.21736748980421,3,HIGH
103.96199169713314,2.5588326768392085,89.48471891181613,41.90768223068328,2,MEDIUM
138.0768833976842,1.4896911497516014,85.83927512098379,38.63755078244358,1,MEDIUM
366.9943372527961,6.909912609605606,99.0752961899058,40.454970561825604,3,HIGH
116.20180226856816,8.533070162228055,78.80011852872695,18.05642483812908,1,MEDIUM
187.99530726317465,4.359838657293468,82.57376538494736,42.721940310992,4,HIGH
356.0564549584059,8.871188290463806,98.79617777935132,33.72902186625841,0,HIGH
283.088540107011,2.9201191710411387,30.489354977942185,41.07652596498599,1,HIGH
24.8812904658811,3.9285138120511554,74.38338635054555,35.53310292556246,1,LOW
58.921217711588135,2.3566329372805157,81.72800723673026,21.055430056311312,3,MEDIUM
3.136636308766727,6.585032758770987,94.24789376300365,33.286653049370294,5,MEDIUM
252.36871609166536,4.7788263178327615,91.86910129290399,17.728387191694228,2,HIGH
179.06937016416734,6.519550121577088,88.9372476863656,35.87169090654476,2,HIGH
53.70994036091021,7.8550741485476525,96.20538903591927,27.27003423241718,5,HIGH
383.1736484227082,5.9113271442965365,67.61654315395953,19.55199519300627,5,HIGH
211.86388957824795,6.648673194116091,30.484406690937874,44.37689447605242,5,HIGH
96.75731764515567,9.417252829548996,30.773807908790666,42.03253272632043,4,HIGH
200.24142846188303,3.691578786479588,68.12473389325007,41.80631140209761,3,HIGH
271.84813309404313,4.232475447705578,60.46905672047589,38.66460919056759,3,HIGH
30.49568718942579,7.459330255384032,61.587153735581396,35.75943375430553,0,LOW
109.8815260191568,6.50174965349848,58.028331604702586,34.652384408767354,2,MEDIUM
322.78619635359746,2.6067961408574334,94.2408066363865,18.18281513111566,3,HIGH
183.8659481610645,4.385325790094411,55.14192458188529,42.01698705955363,5,HIGH
218.63085681291795,5.210542118122435,89.93588592341582,41.43385188913831,4,HIGH
173.1264008837877,4.774508541715504,93.20053556541487,37.4355787957456,0,MEDIUM
17.559977057202047,2.604473274898367,64.96512389992684,42.81944877225368,2,LOW
66.29991192806237,9.319870826058361,61.28566261555618,31.59250354193976,2,MEDIUM
178.21665549675635,7.860868855245783,83.27144229508127,28.42927004152666,2,HIGH
83.67418616317113,5.332202488970671,79.55800553479176,44.03842206498836,0,LOW
19.991611463871493,7.120549254761529,52.997458161734414,28.92393563392968,4,MEDIUM
337.4598656207295,9.075544049219696,37.17836881472526,34.23973323201473,4,HIGH
392.47701166564633,2.2255672812541407,48.539668012773625,26.19186440575317,3,HIGH
317.2571495986958,3.2533574563627994,39.17199540686093,34.08978678059184,3,HIGH
341.5139686818668,5.884311225309805,50.6312593043684,36.60296986877063,2,HIGH
96.79085212681815,8.191093342171229,48.327509590655936,33.739665758656514,5,HIGH
384.2507902052799,1.3262940589737464,74.63979967206996,30.43688823648593,1,HIGH
78.77028178137135,9.856163351767245,96.81472199183457,24.003323928756984,3,HIGH
380.5719241447329,5.094159425941575,78.00206126313385,34.3153702840867,4,HIGH
397.9277175863804,4.2330802655955075,94.86545856451987,42.252866857840885,2,HIGH
284.6891222984195,3.6345199405579467,84.88925810259104,15.20737773509002,4,HIGH
392.4574927167288,2.5692103688578447,80.95143354498212,19.01787082289071,2,HIGH
227.81591182684147,8.124165180370252,58.9843358149339,18.59319475499567,0,HIGH
103.81671327043614,9.59872748271487,52.7356152004358,42.69615908678563,3,HIGH
174.79835426624834,4.722802793608584,89.23941607310434,34.88243066887844,5,HIGH
237.42437415151437,9.571786252781106,93.37752630503037,43.55364319410452,0,HIGH
29.232624810805994,8.414178538915309,61.631774555565244,32.48439819637285,3,MEDIUM
248.93730584689843,5.329460147286865,30.63441687306511,28.851986914777612,5,HIGH
392.4711347049178,7.066235612135195,85.47717412345293,38.77028735443088,5,HIGH
76.04305991349105,4.914857612534167,49.954818833060415,19.828268024256737,5,MEDIUM
317.0380465153533,6.0285106739129715,30.69215055118445,26.44014348951964,4,HIGH
363.15951751184775,1.5224170331665343,86.34919912832855,28.98822721602671,4,HIGH
377.48063712808835,7.266371277704798,66.21899321718287,23.953751835363548,1,HIGH
384.0542417621789,1.4754218003572304,77.96475224369283,26.138568372254355,4,HIGH
208.58385548858877,8.353764522276846,94.02828748011342,17.343155607732548,2,HIGH
390.9231631966015,8.424522365145016,67.88216810966738,20.939507683486738,1,HIGH
302.92408285377553,3.1336955880059314,65.22358508052761,25.06490160992785,2,HIGH
64.66857449478476,3.9129650293222022,50.34634849437845,38.87671299699403,1,LOW
190.760042587188,5.331793407024639,51.36356841079669,20.474920645285916,2,HIGH
287.3324701488016,6.369966162392333,85.7579446220752,25.39921121952674,1,HIGH
98.93612632763333,3.5861829556779705,61.43204719101559,16.947608645908055,3,MEDIUM
256.24607341955493,6.332377641687326,41.44683460256843,31.71313034479818,5,HIGH
266.6401916186477,3.6800836590636896,36.61701348003469,33.337526644227836,3,HIGH
65.07989752342635,1.499416489639546,63.104408180324555,40.96549390386501,1,LOW
226.0341249811025,1.0227479484871806,62.546851653241134,39.57347995505892,0,MEDIUM
308.6507643914431,1.9103595212658573,75.74207947437773,23.561338640516414,1,HIGH
199.55826581437677,8.130256301476164,62.97472344215985,19.108610675695793,0,HIGH
4.84124671044297,9.652881811450033,40.04329928939503,19.682495466312112,5,MEDIUM
3.615387631716871,4.842695793530973,65.54620193589595,44.068918291213336,2,MEDIUM
142.81173758800486,5.614155581049485,93.47525827202176,35.19677442022072,1,HIGH
370.4776273727128,2.3216335216608353,41.16089881341487,16.27712363409718,0,HIGH
91.4707118414435,5.959282174121413,78.28282486844242,19.103377651352837,5,HIGH
253.74547554867485,2.3018941180627914,71.57014854758685,29.57400195302867,1,MEDIUM
88.83034827732823,6.500928980789471,82.40100086982619,21.234864128793593,3,HIGH
128.66799586381944,9.399328008227684,40.54201913993149,39.109769550000564,3,HIGH
339.2168358405936,2.7612868537273565,95.91237358341962,32.196513527080945,1,HIGH
291.54457690797875,7.881073462513918,73.4676499437011,33.37896623367895,1,HIGH
38.15971092528425,1.2115218053649164,89.29497963837957,28.884766441476355,4,LOW
171.48080839457344,4.379475171894589,47.262473457616494,22.681883262789466,5,HIGH
11.667905458105787,1.9967365704745814,81.7589022578573,32.682108396076394,3,LOW
192.3560586412036,4.172278974361295,84.67214930337433,36.50910138482195,2,HIGH
264.97360468042723,2.5618322767499517,57.820469067095296,26.12844232890501,1,HIGH
47.401049439260625,4.359744911105986,56.87674170183955,30.148308918535058,4,MEDIUM
115.55397556366627,4.757705254967773,76.04573855180246,40.190519114161,5,HIGH
159.13465020086278,3.7053201050282656,36.538537723215114,19.46045285467381,1,MEDIUM
367.8124098624199,6.909597545258162,81.49369051522562,31.35673257822301,3,HIGH
397.30200616918563,9.269668461330188,33.002073188758764,25.452379854876845,0,HIGH
17.96451959824634,4.605358366947451,43.34132107845782,36.083842746516915,5,MEDIUM
304.4031693981568,2.731088408275193,76.4900630068957,15.56430729487184,0,HIGH
148.68962656093728,3.4365048237638502,36.882656696437465,35.11419899409566,3,MEDIUM
156.983274491792,8.68600741146732,98.0289464033753,18.086932020485623,2,HIGH
301.7059893388091,6.144757509431331,90.78773466233304,16.94303258980974,5,HIGH
367.3705728581635,5.095099290762615,73.84116326847155,36.73869902875839,4,HIGH
380.37143780101934,2.34673049358034,87.3340218968545,34.210264587122204,1,HIGH
230.8490344153283,5.047545774914037,92.13060340126975,41.848077926779766,1,HIGH
142.84846372020112,3.50642803021648,48.16329547002729,30.589648674019355,1,MEDIUM
315.0196343435117,9.488468150680143,89.45881115645236,30.900732765815015,4,HIGH
100.40055330492011,8.956630984741581,43.63556485463212,36.21053506729652,4,HIGH
225.62961153340711,1.755122876453782,58.933958490417076,24.701927290597535,3,HIGH
143.43138460994928,5.649881403351186,69.07817418740196,16.107373662657977,4,HIGH
262.65242948315046,3.025525109632049,79.97236741518228,21.901374771571735,1,HIGH
96.15956515740277,4.696993805718615,32.10989224057696,22.140402356891,5,MEDIUM
76.6371782939303,8.891631984263107,50.33565889447323,25.069765508345817,1,MEDIUM
367.2956346701748,5.747630678996903,72.59633687472731,43.303881991213885,4,HIGH
40.72147317981476,4.007937640336839,55.01580754043832,39.145283959894435,4,MEDIUM
202.38316309397266,2.8709951869449735,84.25175389406454,43.07868735615576,3,HIGH
88.34111318520357,8.202923734658402,75.61565128055014,44.95828770339001,0,MEDIUM
15.57198533026698,6.620662138279124,46.40810176066151,28.013370122611335,4,MEDIUM
14.407527316570556,5.212589143836081,40.215028571463314,21.81219950040914,0,LOW
70.08870884233093,2.957359184766802,74.03328955109353,31.800124837657474,2,MEDIUM
346.7081418024001,4.008217367414182,61.53271293933304,41.434032418443564,0,HIGH
112.99149759081067,9.638590840646668,41.8269928770923,28.971955830437345,4,HIGH
380.1836682301183,5.680809438452509,52.84619437228642,30.161979077167608,1,HIGH
232.64891719567743,4.6062935311892765,51.21327238230106,19.0331731778348,1,HIGH
174.64567590750644,5.692798381134915,37.56923806375626,27.61366477703283,4,HIGH
232.03553386778185,8.010896553096478,68.28363134856596,26.609844294257343,3,HIGH
206.6793540905071,4.060980428525819,83.45540437387879,25.550655085963488,5,HIGH
303.5105015029301,2.6083550883934796,70.2826822197091,41.618960097725996,4,HIGH
112.9984263891409,6.26442506505143,87.84039554561465,16.779042996369988,4,HIGH
141.22015664012096,6.986836931329605,38.92979830508019,44.164415486920404,5,HIGH
357.6377210133003,7.414462026626946,60.49283004755567,15.247404758194081,3,HIGH
378.5826052601622,8.937888316895167,72.65905725606694,43.367820418494276,3,HIGH
357.0232909945898,4.340567086202017,77.32010926593351,31.441425085156308,2,HIGH
167.77919758292543,1.6781940660600263,78.70504144963988,36.073357332003475,2,MEDIUM
312.14620120275265,9.62513725267848,81.02757989685168,20.613985490853697,2,HIGH
190.53429332043953,4.915107346937276,75.60008685372117,34.62634617049821,3,HIGH
199.01594085844087,6.6093175870581815,36.595966225860735,41.45873005583198,0,MEDIUM
81.87204362291358,6.996747908154631,78.67139743216075,19.18440419500955,4,MEDIUM
236.45212130340659,5.918623378310832,80.73478597420713,18.812448368198698,2,HIGH
74.45435910133918,2.8473177676264307,99.5435954033539,24.11933727448418,0,LOW
132.62587962687752,7.7962874510452735,78.53537056907882,19.851776774261943,4,HIGH
342.0120806479741,8.233767768736735,78.07812770260843,18.319375442800414,5,HIGH
82.83032368434209,5.976780274156958,66.03693031273804,35.34957107955876,5,MEDIUM
28.463314069373126,5.397050445263574,90.75460360095798,21.414798417374726,5,MEDIUM
27.60303704512652,2.025443648151868,99.77843333728109,35.01044698205959,0,LOW
376.31380820124315,1.7555649534980544,84.53314091382025,40.85787681347449,5,HIGH
202.76817518473385,4.0560836100717585,72.87502645004659,34.56074374239002,1,MEDIUM
163.76482872680734,3.7976153996565394,35.52683788520977,18.58101209746203,1,MEDIUM
324.3514324031674,9.58290805866944,80.87173922107394,32.207327221423355,5,HIGH
334.3303711642064,8.052604681990868,79.59930980073653,26.808860526346525,4,HIGH
132.87641324624184,6.9393186573315395,84.28977034666022,25.30112810167484,0,MEDIUM
277.4472229895181,5.658832801158446,38.71887718796425,24.555944058894966,0,HIGH
308.4491263407546,2.5063077765398623,75.76127500883004,42.882966714589365,5,HIGH
261.86027474638183,9.806110049658555,50.70067334661722,37.275223700331836,3,HIGH
60.63802992003975,4.37536628416189,83.21898703819835,19.01546368740885,2,MEDIUM
350.3532334068228,1.9623304220252034,46.82617678220264,29.280164391973912,4,HIGH
215.63782109440348,5.444190061441715,77.87850737742875,24.546692257617586,0,HIGH
112.98897054800148,8.865982104517748,50.649506288878584,44.338149376378745,2,HIGH
170.09127417507756,8.985619015995965,30.62960049722018,44.340869188595086,5,HIGH
15.028436159562952,1.0986932445080253,74.33505383811668,24.58603422999105,4,LOW
51.14672048896702,8.976661702762598,37.928835821124565,25.56339348436364,0,MEDIUM
306.21870020634435,3.4433579574987268,76.150403095175,32.982426214096364,5,HIGH
0.004653902146456446,1.3507512757158078,94.79266138498562,29.379210429825,1,LOW
166.62633139291688,8.630112433265868,97.84721539477631,21.393026164753245,0,HIGH
209.00407243423538,8.774800803893875,46.514616112932885,34.81236500965834,1,HIGH
21.853768000388918,6.36607971858115,86.64772593554585,25.023859316257152,5,MEDIUM
389.23126518893315,6.169903815667225,54.748729381070824,34.61149494996503,1,HIGH
90.45013249986877,8.318082453592774,93.03199509235876,26.51044566983399,3,HIGH
121.67948785451235,8.076785974392518,85.12426980405617,36.006296815688145,5,HIGH
121.57700490201093,9.010949260984336,35.174520165203454,35.03398412668952,5,HIGH
92.16666484693997,5.9747270283703315,58.499589571409416,30.26438267763002,3,MEDIUM
0.5895288345245664,9.708823834595279,53.61224782067718,36.14219972132493,2,MEDIUM
291.7379176351985,9.965321478400046,84.96267145062939,28.828970286960455,4,HIGH
386.73819991971413,2.0489014899876934,58.71999974572114,18.484148989503687,2,HIGH
89.71739331401803,8.6458938359871,77.92118783571587,20.46318760012064,3,MEDIUM
265.218876721369,5.498400319737301,72.17046789133083,22.379794024968387,2,HIGH
296.75853078348604,4.488097044698489,98.29471033683437,16.8968678467709,4,HIGH
339.37015163620987,6.517650788944435,95.64494697611305,36.3414366189201,4,HIGH
169.05167880544366,1.5036900153580632,59.93896603171031,26.02170680494855,0,MEDIUM
121.1723622561717,5.558150068903719,80.65047481488045,17.805698889809918,2,MEDIUM
130.11805360921244,8.83801513024,88.06220657868553,39.59874362176741,3,HIGH
285.0485332394051,2.921153645250719,92.92200277035016,35.50962853390725,0,HIGH
326.7117866022544,4.837509052924826,34.769398464353856,28.56672711383103,2,HIGH
72.64558710264106,9.45532798943388,51.14551594914478,22.422760052782028,5,HIGH
148.37640326310608,4.857074540251276,52.416102867796525,19.5523768137854,4,HIGH
360.77607869966005,4.225308690991585,60.4112165853915,28.751225752651862,3,HIGH
322.6774078778957,4.964829833110404,41.848532550079334,41.55737229031687,5,HIGH
393.94336110499034,5.675074898658007,64.73441159650056,20.6518596981591,2,HIGH
301.6993038728323,6.68792209718322,76.42500291089192,32.05977686974464,4,HIGH
157.2780804111689,8.206235208250579,64.81547441517024,43.85057985666768,4,HIGH
236.2551335978551,5.068919851878828,76.6055166638331,34.11349724293839,5,HIGH
264.4057016989281,8.357328415811264,34.65091422725302,28.19894190467605,2,HIGH
31.38232652684958,5.803485952168725,91.31911321951873,36.491189188167255,2,MEDIUM
217.79878364154604,4.046324593311799,95.7348434470748,39.737337570561195,3,HIGH
283.72833138904383,6.921557453074728,73.2535196883054,32.71548893660527,0,HIGH
66.92852160042415,7.4595002926914225,91.69736990458279,41.15497076978978,4,MEDIUM
312.25268697022284,6.022440780665388,39.20122116537487,30.43775278127213,0,HIGH
233.50911220564464,1.5095347582125107,85.82142440534172,39.9008700661877,0,HIGH
380.88871427903786,2.528945876447424,38.34037354308158,43.560577212170855,4,HIGH
16.96891928275668,3.567679488012054,58.56071620482757,30.037304010705512,2,LOW
106.1304550221868,3.5436304535634378,52.66729741907925,33.150051467559756,4,MEDIUM
240.62155171992964,7.060787202221835,70.99142776543181,33.28402628849505,5,HIGH
118.62396488237228,1.1651379550626932,51.10601746676735,38.443045907948715,0,LOW
285.7696656284969,7.801135993445679,74.61195407669928,39.688975205322684,3,HIGH
303.6021130087724,3.3880822732623987,55.71711024063705,15.816879486181822,4,HIGH
41.00638562658978,3.7901966159449216,90.25532667213251,37.00078692271163,3,MEDIUM
205.5417856827071,5.751188451495318,74.3718688153728,38.51445733890713,2,MEDIUM
203.55622223642234,2.9433304084506178,45.07088081250123,36.01288318374711,2,MEDIUM
147.71230808621644,8.960241822179748,53.52905954196609,36.41086977969288,5,HIGH
373.16994502786883,1.7683190139390876,89.3194621338659,16.242085775528082,3,HIGH
331.0025279492885,4.999441260709584,57.05358249912209,28.26115985846718,3,HIGH
278.8837527638547,8.64480042509401,67.50593458959517,39.545389491652216,4,HIGH
285.730654293999,6.542595049791122,75.42593551666329,43.020214238853114,2,HIGH
184.68645752524765,3.630965642583701,54.34667547101417,21.884037617158043,3,HIGH
368.39780843863036,4.786841869988146,50.578504153064785,32.375848210583854,1,HIGH
277.83817090131413,7.360249423082632,63.267843182562004,39.129907186517514,4,HIGH
291.59242466232655,9.759346690275095,45.04166804649524,37.57222928577557,4,HIGH
344.6763615149381,9.0382484654149,49.89474108433444,33.56670350940237,1,HIGH
109.6286357368764,4.081895275441391,34.34549388224252,15.560735647860007,2,MEDIUM
322.8283615466812,9.983780913590717,51.27791931797039,36.71657520334698,3,HIGH
78.09624118259681,1.0315419717795244,52.44928653544985,38.19727509836444,3,LOW
138.13678089795513,1.2486678022757358,97.32832164039237,36.685485198769044,2,MEDIUM
134.2441817079371,8.414564636540744,71.2810177826116,37.9742748446987,1,MEDIUM
391.4101873556562,2.7951641814974684,85.11676977910639,27.92744678036581,1,HIGH
342.6148894991707,1.5469234155661677,33.17640769462257,44.81256437776173,1,HIGH
280.4679446361039,3.13433265912852,37.45756855258603,38.12360747617977,4,HIGH
290.82270464615607,4.834901385827742,87.01758726038146,32.36040015839957,3,HIGH
224.82911776102844,7.575096433900644,73.6484684592345,43.02573809239872,0,HIGH
378.83626684340766,6.61901973896085,43.3687421378142,42.24595018374055,4,HIGH
198.5035011529446,3.1385909580437836,58.33567841032168,39.437011960027945,4,HIGH
152.2070839479578,5.52943403290526,67.7070749987136,31.91084756951299,3,HIGH
65.2141347726364,9.335926948587119,89.05268803962093,30.813030574401402,2,HIGH
314.4822609044232,8.33506999285382,34.22883941861459,24.861237959235623,5,HIGH
293.7775728302366,3.9087080634861406,71.77056025571537,22.526339373118454,3,HIGH
153.74201540965396,9.840381052201266,80.19251451106788,30.370785509252595,2,HIGH
10.077365583691744,7.377583603916179,98.45243005373216,32.33345285135921,3,MEDIUM
335.5989310872043,1.562044201001036,86.50120548045291,22.335792943765366,4,HIGH
4.567193381629453,1.316446419597748,49.33591194956914,42.67803730960436,5,LOW
281.4799118516204,2.5156715410902697,79.67054357147856,31.718219902029556,1,HIGH
388.10284389042283,7.550702812451322,83.4294519448884,30.795159761464397,4,HIGH
175.06453125928138,2.6536503325818512,81.08148499428766,28.069151650984207,4,MEDIUM
93.9893619983811,5.603380922879501,87.41008475663091,16.742138871505816,0,MEDIUM
281.9484040173527,1.8393410816274858,93.26109833495462,41.47204003379548,4,HIGH
326.85125680623406,9.287975420471756,36.890090829253815,24.50982679329089,4,HIGH
218.5721264311389,4.0956455222521075,37.33347003767832,34.273810034048836,4,HIGH
386.81411010245847,9.173188509045676,85.74799921394522,33.22300676910106,5,HIGH
20.667488663184443,9.5038807771949,47.66607335650296,32.5346047615358,0,MEDIUM
201.91823932181126,1.0551578258231271,34.09789953650546,30.771366060347525,2,MEDIUM
287.38157892902,5.177216684788588,58.086042668642406,20.44319500293984,5,HIGH
345.0561884596716,1.221904501362036,87.39138382782548,23.418172231438966,5,HIGH
71.70224476311601,9.178234896726153,38.859551666978625,30.725642138109002,0,MEDIUM
320.00139270547254,5.665667902611182,77.02893802631272,38.680273547907774,1,HIGH
221.08283028741812,1.6744961142864714,30.25311032400974,27.95966911951256,2,MEDIUM
158.62147279598528,1.9924905544891018,37.6816213048715,21.117676591383926,5,HIGH
52.686011431637425,4.451581220434651,54.55952420379408,17.638332744162778,5,MEDIUM
346.11830356356495,9.462107735856005,35.85215967170898,34.89033010482073,0,HIGH
62.90928327188614,7.236182364112728,89.2131167205979,27.700199118634938,1,MEDIUM
123.9151436836397,8.80856979570219,90.48493522018282,18.761126778679255,1,HIGH
116.01821278497475,4.298109817059817,82.8899492169667,35.23400639960951,3,MEDIUM
348.56561367634174,1.3889232959499849,46.973574197693225,21.227361925631193,3,HIGH
269.0811976835592,9.768858734839727,66.6272952667986,30.270481449110314,5,HIGH
318.6725588765489,1.1545569159613258,42.893196786636,24.185639252305812,5,HIGH
100.18715951699959,9.5288648777298,49.68949150511776,42.950701933020014,4,HIGH
249.94963984279957,4.318096814642303,66.12037045216537,21.84864198813497,2,HIGH
228.69839325749948,1.0908136451969337,81.45096659225584,27.597555646260854,0,MEDIUM
333.13215071530846,7.202415085520574,36.62580662755474,43.78480790484018,4,HIGH
362.4348241925042,9.824862736282187,50.768768833966035,24.56175539814946,2,HIGH
4.862708590954723,9.690631505538333,94.86349440003455,34.33779489033,5,HIGH
269.6079676235171,2.4484331008217657,60.03863224473217,24.501811311189755,3,HIGH
20.73431964789161,2.631230254595395,95.72087717365201,18.32024937351747,0,LOW
219.54346603094237,6.089850231576941,99.3980379086495,33.82641698052878,1,HIGH
115.05309161747128,6.73574343785492,66.86618782779911,42.480946058560214,1,MEDIUM
122.71063980885648,7.654761222992791,50.163080684939544,28.576940017022757,4,HIGH
141.18340138094263,2.6294532442493277,85.35437660008054,33.78529628077401,4,MEDIUM
248.51697961984405,9.63106378087991,41.151751486751046,33.26695239769869,0,HIGH
133.61998626750767,6.748653306603141,47.643280177044936,27.452691078836278,1,HIGH
293.07962023611213,8.623422269834993,84.94159366494975,33.44689916294192,4,HIGH
161.8109542295479,5.860591437557546,60.35521473124209,22.779542532569167,1,MEDIUM
27.341280123983445,4.7284916283089435,44.10765558913667,26.34113713809156,3,MEDIUM
313.5039369936429,9.794646159354963,75.57880214666271,28.269565690871254,4,HIGH
114.3033298370824,6.2390923373785245,81.2933302967178,40.92026050687441,5,MEDIUM
173.10675183970505,8.80186224519261,38.75498676153984,25.449986844997646,2,HIGH
274.17755328876063,9.579631567296609,49.38861819824539,34.054111443474795,4,HIGH
132.9824628594848,7.078191643077933,45.48937287605632,21.40211512256696,3,HIGH
22.63426245868625,5.940448106668074,56.589824013371654,22.577091871617803,0,MEDIUM
149.56841880512545,1.0315976581958557,83.44114269032451,34.45286626379933,1,MEDIUM
377.77943307772136,1.3601767666510538,79.95956715920269,37.86929782099811,5,HIGH
256.69375891942326,2.807660944460047,76.37667372685928,28.863515295788446,0,HIGH
268.5916594668828,2.674075886703957,30.439988210801385,25.052990903332997,4,HIGH
252.91286145505595,3.292829156798608,39.95003193662726,42.308146677968175,2,HIGH
79.59685558377471,3.7444117392789473,45.63082843714467,19.07423445147128,0,LOW
167.33354564091206,4.240589441956555,49.03690922271947,36.62142712948041,2,HIGH
300.3759193453273,4.784839210619889,40.249857915423,35.70512249241308,4,HIGH
40.54915902126366,1.889797046104132,58.722088603172274,35.70735488183382,2,LOW
111.14111043588491,1.3812573875750385,35.26264095098181,43.06261333270573,2,LOW
110.52764338634145,7.065500041657211,82.50155332714465,36.845709029423766,3,MEDIUM
172.8075710378024,5.8360134235876995,85.14045511072734,24.046955682287525,0,MEDIUM
392.147496376874,4.9972978199810765,70.19866827206286,25.60227672696928,4,HIGH
27.001018673528776,6.709959470515171,36.27934139293775,26.73332919599683,3,MEDIUM
207.48039775223802,8.449114664831864,92.30582186827306,15.924260222943182,2,HIGH
71.74587280488419,4.849236182045841,97.59450800956802,42.405309462247715,3,MEDIUM
388.27061816389767,6.770075185467814,44.165449222525254,17.20657811594412,3,HIGH
45.32140189098568,9.58215001451643,79.32478736085038,35.99382846292415,2,MEDIUM
161.4404009446365,8.556620462754047,88.93570414497401,36.90483014529935,4,HIGH
295.15399393384246,4.834007294521685,67.78904657798915,40.311451518916186,1,HIGH
281.8217712109781,6.802451540332687,52.63261696687242,31.600867667865675,3,HIGH
169.0914547575729,2.5936382972434577,63.49911005562468,36.75793271569611,0,MEDIUM
138.6096671810873,6.044699664055809,65.85881255491164,24.081687733978534,2,MEDIUM
159.04495142114823,9.831954620245986,58.04459309316195,37.3675203273837,1,HIGH
105.71050526345572,5.664836036822701,95.08897455435944,25.302472117856578,3,MEDIUM
82.13317548271992,9.348744692711325,82.07181776597514,42.085154352800885,2,MEDIUM
193.215879023556,4.666014284529346,46.89111495784748,19.901454232991483,2,MEDIUM
107.41350242704293,9.98960344466168,70.9890031123908,24.472719320218605,3,HIGH
114.98466595890005,6.212980317048021,78.20824056518171,29.96308354665392,5,HIGH
262.70242538982285,1.3804209481234109,39.81094951914912,38.27551671444293,5,HIGH
387.4149326799569,6.280793170222493,55.089801966610416,37.46397315309096,0,HIGH
241.45488022375002,3.4711542611163697,93.38837971227412,21.321506229735103,2,HIGH
30.791786825986513,1.2923318983230523,69.7021170129641,19.32707089835389,2,LOW
30.233445541626793,8.38767974225197,45.189842224222176,24.11908812882295,3,MEDIUM
380.5692883382264,3.481566732826803,38.594935868340556,29.512624550277074,1,HIGH
118.91631612293345,8.168936986418487,66.27588254324144,31.17015134477252,2,HIGH
36.82679443299017,3.593958246602803,68.33800061204008,27.874127728658372,2,LOW
239.6178348601526,2.7489371848639683,53.409011594822864,34.89270349944021,3,HIGH
249.45951131610644,9.765420166939847,74.1291219893383,27.826768307917128,5,HIGH
259.4019280474753,4.254807949795176,34.80792803535721,43.38987029816384,2,HIGH
106.96081114301651,6.412385902988444,40.15977852862984,22.82906543944608,3,MEDIUM
6.044273685790014,6.489833435330244,68.23916747078815,33.82116362010284,0,LOW
386.00614778178874,6.044261339561516,34.327098569111776,33.34133815980395,3,HIGH
100.35721827644099,9.232261691690931,91.66361354937703,23.44724165646852,5,HIGH
270.410515221019,7.069969642301817,39.950245931956175,27.35062873542082,1,HIGH
282.6519479514838,4.633597036944371,77.17439118591756,25.964208583199124,2,HIGH
244.00296683179428,8.761423460718465,57.384240920009766,20.174971800614678,0,HIGH
125.16295768545929,2.62956609204368,57.98514232795739,29.318856378946318,2,MEDIUM
108.4385015056263,5.898130818493757,83.54226700278006,26.599867590655244,2,MEDIUM
239.06731308108124,9.554953347493807,64.96234939210397,20.34952080201478,5,HIGH
346.4382534446766,6.628578668923714,80.79588245507065,28.496401362532843,3,HIGH
378.69349156935823,8.352716054273886,65.36338601269384,27.655319047762177,2,HIGH
42.362321761503054,6.882046529906735,71.50337389836844,18.94097032978379,5,HIGH
61.93144503908794,8.554337771841013,83.25002395087648,18.935626257540324,0,MEDIUM
377.8945035132319,9.500390918607193,72.51161200448928,34.425221395370926,5,HIGH
294.61409133391703,3.4562955477946313,73.09305765721521,36.19742414151312,5,HIGH
353.19752993190923,2.5269497313104696,85.24537139993161,43.23541259726714,5,HIGH
81.05305365413726,5.355916752992859,96.43607710735613,17.610140713832994,4,MEDIUM
235.03434844376073,7.316761841417943,56.37013077547357,18.535844771347605,5,HIGH
280.4558377669895,3.044721278639945,70.39820100581659,16.55454385403733,2,HIGH
272.04475417878905,1.0369130538715037,36.039121041348196,30.9668529227079,5,HIGH
163.26067634667925,4.086416042530348,55.11627163982068,33.68239842885679,3,HIGH
6.157956676523391,9.719734019210096,58.843445812257016,27.10570355796473,1,MEDIUM
233.17042272170525,7.25470714545262,88.46661217768357,38.93706662883398,2,HIGH
101.2406156718435,4.611928995471016,65.93746814879738,35.600983080114005,5,HIGH
180.10169845715615,2.733184876121563,81.17464613089204,44.5752126284058,5,HIGH
383.0324060335269,4.204807063792723,31.330518001796996,19.136849498990358,3,HIGH
159.6141270569739,2.5285548997112315,62.514486873982094,16.74946993027504,2,MEDIUM
335.9206426657707,1.9567523918165626,93.0922365614509,23.244111167081634,4,HIGH
75.41624229970046,9.160681353152984,45.701973651404955,15.571505859505322,4,HIGH
268.9841992100115,9.978853045379262,32.206552971497906,42.97834283599538,0,HIGH
390.8027817755774,2.477029956362113,60.33861135994335,24.118549760645262,4,HIGH
40.757240349174715,1.4907030299045174,79.31022744533168,31.572905009143767,3,LOW
3.327976890876805,3.9675799643159113,61.812445478902866,24.54208898636226,4,MEDIUM
173.43311705304575,5.154932626852738,62.19848194578861,22.374258659664704,3,HIGH
37.05019322054688,2.84339122368269,76.88635288668237,19.5709417192464,2,LOW
299.3537398704925,3.712824206187026,47.80721657981343,24.61097760987407,0,HIGH
365.81946553942356,2.8078366212249195,82.63228541493842,33.46256791223924,5,HIGH
173.60838908350354,7.9683451158920615,40.71794716340134,44.148635990625834,5,HIGH
103.48465686217638,7.413201489225347,57.70254237001914,31.742761211014482,5,HIGH
173.76132760264392,6.7145636418488355,75.92056759296426,30.981271982970156,0,MEDIUM
289.3791271400004,4.484960713712843,87.98583050611384,16.057890543154407,5,HIGH
3.6216646321483914,9.181368471828124,85.40717498155388,40.20297047003078,4,MEDIUM
235.78159579387886,9.72579287381518,80.51799195153885,16.3452412499272,5,HIGH
245.31667395495163,2.562753813628708,55.13674684754737,42.18696822310437,5,HIGH
255.0752987583742,3.0071137727069024,38.56130214056067,31.160151760701538,1,MEDIUM
96.80883199235089,5.730679252003327,45.17839523850934,20.053998157021063,4,HIGH
285.6210893512507,1.8212551235402077,90.53836702035395,28.551221760193762,5,HIGH
36.55659453271056,4.928035589408015,90.01319590928617,44.84953442049595,1,LOW
79.70813458672032,6.236121382999391,96.6092596777311,24.15248556132279,4,HIGH
350.98801866179275,5.698662140235998,35.31920563268791,23.08379305645736,3,HIGH
295.48926029062653,3.9781772477022344,67.57663596942193,18.540176851275177,3,HIGH
5.4982216045381005,5.882012254694861,75.40781314329635,32.91427046372516,5,MEDIUM
99.35050414792008,9.62920858832963,79.74601639467997,17.676809970418887,5,HIGH
85.76259319726583,2.8541566386223844,75.07042645073011,37.98024191412232,1,MEDIUM
108.32253121478902,6.893482225546033,83.90079729315974,42.57670542991674,0,MEDIUM
99.02390811195457,1.3905702474044666,55.163010340253905,42.95613333646498,1,LOW
25.010518297138297,1.5977476403329143,42.56029404948375,18.237487586323134,2,LOW
183.57620663872814,5.966454018012265,44.3208360505307,31.747877920589065,0,MEDIUM
293.09338991446606,1.944452622951545,30.838508262911503,17.913295647065,1,HIGH
242.69268988697456,1.201121095841716,54.522531047435564,32.16048424452892,2,MEDIUM
269.14866743923193,2.5436169788322,36.42208356159841,39.44941755628743,2,MEDIUM
32.45967141449566,6.08364253899617,52.504208495313364,31.13370486909854,5,MEDIUM
380.5962840707149,7.3300685906703915,73.97470540163735,41.161614783200434,4,HIGH
335.3967335372099,2.82230707727242,92.6134638910774,39.05023064548133,5,HIGH
322.0361273982651,7.01433493487357,88.77238156933615,23.29645049819785,1,HIGH
329.193522016707,2.642286979893064,47.68719483703038,33.903068486473245,3,HIGH
373.08420325310453,6.521116839681314,39.38581995386329,15.222363794283943,5,HIGH
217.70158644547908,4.7076371190621895,43.51505916577119,26.881257477745933,4,HIGH
80.11280714705036,6.88419558400255,97.96906563325248,22.138805033528854,5,HIGH
246.71344314101646,9.955474772313226,68.46321357798436,43.11349037830458,5,HIGH
297.1525974671756,9.440352687093057,42.77515561004024,27.161670351694802,0,HIGH
295.16695734161016,1.0385358205249327,88.85223082807707,34.62193285267442,3,HIGH
208.57960966675205,8.96894887926075,57.66338710187884,36.959448278208214,2,HIGH
27.383487733431224,1.5984171565728986,92.94555063823091,38.196376160445226,0,LOW
148.44517537205112,9.577419275438604,48.24739887841406,37.07325576052587,4,HIGH
368.3066433853429,3.536431111897162,57.525523116296526,23.674951829632043,5,HIGH
233.7795639029704,4.438313473701438,65.34634339530592,35.582030901876664,2,HIGH
215.33277730228536,1.8247438465815506,92.4830733862322,31.4702844678685,5,HIGH
107.54140575287741,2.0104548249601866,90.8130202123539,32.921179943925566,2,MEDIUM
147.37956796663156,7.540665087063877,70.20485492127145,15.024438519262645,2,HIGH
358.1384356612677,9.498990121734625,45.524285684662345,22.747728028585698,3,HIGH
266.5852190107343,6.496736454588786,58.23498802165126,42.92051090146967,4,HIGH
314.95481070093314,7.4426501397413,98.29431457558537,23.702282499171773,4,HIGH
181.73816922706206,7.857727701374381,72.54412567141814,28.140465667489277,5,HIGH
252.09888778246318,3.3653284709764755,84.67684285869376,20.600219465872232,3,HIGH
99.35344349728301,1.4070666782819343,61.49052867529938,19.158076557110693,4,MEDIUM
282.18433211339453,1.0168546952725173,67.24050928267644,21.260069059161154,2,HIGH
171.04053348133493,4.155843546586167,60.02678785627809,31.60941986600919,2,MEDIUM
177.01820592589823,3.173178053792945,79.20446986433775,42.57085954170324,5,HIGH
259.7289298307527,1.560859525442671,89.60297097208141,24.78597539688571,2,HIGH
374.51224858757064,2.615754632443001,65.51544802571945,24.70223856623913,4,HIGH
25.60253864344837,2.1204900844115304,63.6607221045358,31.92421760660605,1,LOW
329.89729493880304,9.233905425556333,53.820052696887785,25.702281530794057,0,HIGH
116.95324416487725,2.2624049211325206,42.396768600585865,42.312481439519644,1,MEDIUM
177.56778180255114,5.838836175889113,95.74734060125762,26.335441279267858,3,HIGH
8.765331510003582,6.3379535960094815,52.12558030756535,29.713267575584013,1,MEDIUM
120.4184311337252,5.891405119377704,86.04840245019997,31.001678519112325,5,HIGH
201.0524970520522,1.891507907943892,80.07429149012319,38.462033853914136,1,MEDIUM
22.470430938975603,3.869185255754961,85.36423201946903,31.91717818244651,5,MEDIUM
196.43829175326607,1.4614329921683793,95.57376933604716,22.174653004419724,3,HIGH
370.84425154337094,4.561029226866844,73.6359532154628,18.71961619879102,1,HIGH
42.157287243122084,2.697390381444328,92.85652403674312,43.13323640066892,0,LOW
305.77629123020176,6.054692799559418,41.73881260386056,39.04688983917322,4,HIGH
163.86842135039706,7.235275544641905,73.86988031697513,15.688956308667471,3,HIGH
262.0694858097352,5.789078741842358,84.0592929040229,39.64586952970643,1,HIGH
104.09463919409174,4.9081302695025615,49.014879152092185,32.71793381714306,2,MEDIUM
63.79690501654331,4.486000787710232,81.85276609043754,30.5668270510483,2,MEDIUM
64.18504570849058,8.575225912873034,84.49337803813657,15.366875370706767,3,MEDIUM
28.19677825725786,2.9743125855874304,88.18315692115114,38.42592169153245,2,LOW
74.25868196049721,7.60796505575982,51.901803881715296,20.941950427237504,0,MEDIUM
265.6877539955873,7.817340922661071,77.71246131178164,36.839436395822375,1,HIGH
352.67624473740324,4.77280006543661,51.297729838683345,15.476047420974519,0,HIGH
325.6502742364647,3.675705393030754,81.73282712489188,38.890609489985586,0,HIGH
274.05372394979366,5.234873374413777,62.408156560199856,15.691184050651216,4,HIGH
44.17274536444107,1.8389253330342865,71.8281062169054,22.076787122175574,1,LOW
115.67497851837993,1.4133702900618097,59.10879870013982,23.048346375381403,3,MEDIUM
123.92275012898759,2.0044287950670263,41.3388048850877,19.725259143207793,2,MEDIUM
99.98277855904848,2.6843052831600356,42.462067072375454,29.43174588586107,4,MEDIUM
206.00226388388924,5.537591383042387,35.429823508349415,23.510638788501268,0,HIGH
214.22152595186904,8.642229725450099,73.26508758051632,44.798639271817706,2,HIGH
142.75439006844408,3.1207809879971826,89.40468785671415,32.39906380096317,1,MEDIUM
141.5156634945744,9.416458096721003,31.458577838345665,31.994334751627214,0,MEDIUM
331.42223916243256,9.594171180415032,34.63676514618474,21.626088903193654,0,HIGH
315.71713932787424,9.630141443606847,62.022689461203726,27.26068316144734,1,HIGH
123.11833267229827,8.538064612086913,81.64045153177325,18.7193398308,3,HIGH
365.5153775493037,4.274425367179486,41.039535129836594,37.87587756751159,4,HIGH
381.1260068010024,1.6541551990236076,49.01559236844357,24.93477738460431,1,HIGH
130.69701681201633,6.119368585898454,46.240434089726506,37.55897500179631,2,MEDIUM
141.76997951722194,6.0281329954351035,57.93358530698079,26.150879997884264,2,HIGH
202.25366136878353,8.64978190398636,45.74990739122998,44.66271720344537,0,HIGH
376.4483250134694,9.963919458514948,54.681907498132716,20.133648667638653,5,HIGH
350.5277732569246,5.573415759041328,80.9979819063361,15.045716816499938,4,HIGH
41.02718503343592,4.106836279358058,72.77064739179323,32.84476624135157,3,MEDIUM
157.0922973085665,2.673115404006403,35.6827193774185,43.58859600263514,3,MEDIUM
221.34847589990875,1.0431984233563365,74.64219663720024,34.41162164717938,5,HIGH
201.252989020616,5.582023232399912,63.395402009144945,17.57170568244543,2,HIGH
77.54522717475707,5.999668000323362,95.41959022949972,31.214411473986765,3,MEDIUM
343.52670846726187,8.424446318356576,50.25130219728373,42.28460808413182,2,HIGH
270.77631319873495,5.5411927110352055,80.8316493789412,15.195182036400382,4,HIGH
335.16334994072145,9.248215137994508,81.1602576131199,20.007366385133963,5,HIGH
343.50571173978886,6.65275128914292,45.50505467064312,39.43684668307849,0,HIGH
299.3423414662959,8.563026143989749,93.22565374796554,41.817213197324484,2,HIGH
175.68424049988693,2.334715613269724,64.38282403007221,36.21481862604813,4,HIGH
244.21870200616982,8.698025172720833,77.52183568225117,44.74680490919462,5,HIGH
64.14616244789725,7.0762946899946355,40.20988912184532,17.70647788759708,2,MEDIUM
269.4581669899631,2.532097291944975,48.04627418943785,31.37029547509681,1,HIGH
71.7013022957123,2.707872023314098,71.0274982556056,35.54984167942759,2,LOW
277.5798362040627,9.338505571397992,52.33190878613446,36.079341611072635,4,HIGH
91.83926430158746,1.289938244053356,64.97850429996814,38.80453846032548,3,LOW
47.02052006008799,5.162814489661355,56.18036395613025,42.5287813529815,2,LOW
66.11379605718297,3.821277609406914,74.83876576508337,25.84924336851344,0,LOW
0.7968540876281072,6.9856969599858525,64.10017539465662,16.288901784229076,4,MEDIUM
287.49584714141207,8.556664488120928,30.322695518121773,25.87325743442875,3,HIGH
292.96041962335164,4.2434030940091265,75.47765865617689,35.148442901617045,4,HIGH
205.97333996530378,4.842118785905535,59.54850899351272,21.403682620009306,2,HIGH
64.54512042215347,9.837260060512728,53.9188838343156,39.299188546761314,1,HIGH
33.4217350042759,8.055248587112825,36.59027265982565,21.592933731684923,1,MEDIUM
7.651586574914804,9.074837178386122,45.4258783396544,15.3019020714052,0,MEDIUM
66.29927078608829,4.948859985864668,45.664060410659744,30.24242322670738,5,MEDIUM
356.34221399325867,3.106685835857037,95.47586495833103,36.7938471421086,5,HIGH
96.6147366806727,4.706771188478065,60.275908232258274,25.489660216105023,0,MEDIUM
141.70853088688625,7.444827260483621,32.9446093050619,37.46687398610361,3,HIGH
42.13819379253327,1.984873643523814,39.71716775703246,28.152130023630246,1,LOW
88.94452189926811,3.4342219505485794,35.532287301303846,20.151438519202063,2,MEDIUM
207.68982831208206,1.4197231041543135,71.2208573145048,17.71675181396865,4,HIGH
243.10107323826102,4.8911296450431845,43.06350440967787,36.31761494722042,4,HIGH
98.14092566648442,8.447011623816518,64.89903481972432,26.571443628086335,1,MEDIUM
23.092863690046883,1.2219731946820973,55.90434440089829,42.383213037713105,1,LOW
156.41314765095947,7.077911741264494,86.27134640009396,31.207651757218493,4,HIGH
93.68134837053366,9.392462870623657,52.434274608575365,25.452972546621076,3,HIGH
87.82156929192078,3.1323507536006403,62.07858376777658,25.469727809691694,4,MEDIUM
383.9451210853821,7.242713566548833,80.4899884018478,18.943135933579477,0,HIGH
246.52019437028963,9.775917109901803,60.33458448514475,32.8136746076747,2,HIGH
222.75137726883835,9.66050254137217,85.52508752092324,32.46501406230966,1,HIGH
166.31004140932876,3.1143627372622893,76.31790493656655,38.99981075809481,5,HIGH
171.5777333720577,1.9029794789086183,58.737037976270116,21.035908874012282,1,MEDIUM
216.36200153523234,2.3345428410632434,65.27873479804539,23.72368927427482,3,MEDIUM
278.57192281444287,7.318321016339279,97.70424190895355,17.91713907286745,0,HIGH
280.8584384727318,7.5318298790794795,76.31280475558746,23.8602660680672,4,HIGH
68.67756308217983,7.068129054653791,93.34966581806273,27.84306347263202,0,MEDIUM
200.0451008306508,4.024705489680143,42.51309524297451,43.92085217861951,0,MEDIUM
164.78323801364078,2.5279924578230992,63.82653093716063,34.5919800862474,3,MEDIUM
348.21078650775365,6.226849827570278,93.60631688915353,38.486217893375866,3,HIGH
252.56756848735057,5.353124011820799,52.58284430089923,24.765296556614707,5,HIGH
213.00162656639273,7.559507324100731,97.73649387024946,19.335384384242893,4,HIGH
46.15785687156695,4.9722407081705935,36.79542433315602,22.701598257399894,5,MEDIUM
242.2551557293646,4.047757252178215,93.18698191925259,22.694030729979634,4,HIGH
46.88156227209337,3.6413071962311294,61.16484854461011,32.493459848802814,2,LOW
134.88263022630082,2.9032328804477188,35.16209155988125,25.24413397365086,0,MEDIUM
57.136785925732745,3.3917173856799527,91.56651148102611,40.72196592999836,4,MEDIUM
276.82945880974756,1.8534739495969124,47.635814868637944,44.656335577094936,3,HIGH
82.50084553446104,4.121713098360006,31.557508784665764,25.298952157903454,2,MEDIUM
156.7437492752104,1.329128311266624,39.50649738984346,36.15180821061033,5,HIGH
358.26991104751147,2.6777246244969413,76.13803193298331,34.72459745761107,2,HIGH
81.72655335958811,7.720934001574862,98.44680423967364,20.833874631968445,3,HIGH
203.12202558351166,3.929220898089604,37.80234977084618,42.54025784461902,4,HIGH
167.7086644664088,7.014133152796094,62.33636336873334,20.983277615652035,3,HIGH
7.249616418291893,7.451957580375496,42.64455856632728,37.10871395009096,4,MEDIUM
317.10324542912514,6.230668084589022,82.15255738711144,25.428289268229374,3,HIGH
27.618362525839892,9.628279672288587,38.26412298332699,26.012447010269142,3,MEDIUM
189.70200839078143,1.1929587996080193,46.78892239366227,28.66347158666881,1,MEDIUM
224.27131797557996,7.647873855293279,43.748417735435,40.93523934165419,4,HIGH
251.37058264583482,9.629079795463673,68.67638462568846,19.207558245336365,0,HIGH
275.4526517231502,8.760445564176454,91.12288644004425,16.63708733504262,1,HIGH
101.30895340908603,2.51103422624512,65.7763140809493,27.06122456741344,1,MEDIUM
3.9915106633797492,3.9413827562655888,34.077041694002986,16.66755297426264,1,LOW
289.3774649419648,2.5520665588881886,69.43722514177819,35.62802649172322,1,HIGH
214.26263973903144,6.411775274332337,85.82646995226065,37.8097522508164,0,MEDIUM
334.4470812828995,7.409691837815431,39.25093381130259,40.64137184259776,1,HIGH
328.55534516027774,3.853663924267524,35.08978500412142,37.3152673645079,5,HIGH
337.3304671151533,5.85555916585866,43.14654442902983,42.49054181078037,0,HIGH
194.03786399181607,7.218285130640755,82.22604259751392,37.44903368169666,5,HIGH
133.45135833474626,4.792058349499435,71.41762936724011,43.082269196352044,0,MEDIUM
316.623281036548,8.686139774099134,67.84162577732242,20.793323826280897,5,HIGH
180.51764521170196,7.943949417590354,47.46359262422378,29.995893986031906,1,HIGH
73.3768785613738,1.5819898946551358,53.25656166728016,44.81791799114726,2,LOW
341.9896078245897,6.590127691817461,97.61195090603395,35.44734547628147,0,HIGH
353.0239507089389,3.1179299586377462,46.843765871057,41.35923353967772,1,HIGH
186.52390245606804,6.017664382005478,93.1151796278562,15.911813814985656,3,HIGH
30.279890923914987,9.611995983696696,70.63720531204156,41.15273695705312,3,MEDIUM
155.1304359667725,8.911558040970252,38.63075264598734,35.93139703716293,4,HIGH
321.41506378504135,4.640647628036185,62.71186647085476,20.122663019631318,0,HIGH
360.7096114184915,3.6236247250991807,96.39841021526131,15.770428692707897,0,HIGH
81.38909699903833,3.1096516996743313,59.2995918696151,22.797797343769588,5,MEDIUM
26.78944481010861,5.792633827808681,90.43705953525536,42.473200769783105,3,MEDIUM
350.94018125313545,2.028236079322507,47.95000862561954,35.04398816100859,0,HIGH
155.7619755915501,5.943475073154238,69.96455062602611,42.584073128499725,0,MEDIUM
216.7043857070253,1.0120027554171283,89.06964407413815,28.384523474827784,3,HIGH
387.22632482030355,3.9146466767126036,94.44819088187869,43.098812857057226,1,HIGH
26.62589116568914,2.9794088244752315,64.00763570059105,28.88879446335017,5,MEDIUM
259.32720298083825,9.740969109647038,74.77816715018002,21.127641732550035,3,HIGH
29.642169029946828,7.545180876129811,30.208609154763167,19.54180392553342,2,MEDIUM
150.18757138660015,4.146880424160139,47.725631525937274,44.814354391051324,3,HIGH
321.5258180773787,1.8356057787755846,49.5098472622862,25.015879844237126,5,HIGH
173.38889310225375,5.651205352215616,36.544510815810156,19.80159075952763,3,HIGH
398.87294156118014,2.921030931934381,49.57865093498837,15.252252926722566,5,HIGH
223.62371397864086,5.82786591308522,52.47854231406974,23.567086995888673,1,HIGH
128.4648610543814,8.518261187610033,97.81362276977353,41.67348430807617,3,HIGH
88.04453036190125,6.542132968912469,76.80216663925864,31.02027962031905,3,MEDIUM
140.20821371446473,6.70409577590502,59.8203555591441,33.973051545748646,1,MEDIUM
149.01330950382032,5.869272601565303,99.16381224868564,42.671733116715984,3,MEDIUM
27.48547108958439,9.345390693682683,40.726262416422784,30.38519754321088,1,MEDIUM
147.82967977070928,9.38712415978543,63.32358357513392,40.14839537557844,2,HIGH
185.69540789568998,5.614508809661969,75.29435449343346,24.71499834229061,1,MEDIUM
289.09510089552185,3.7518353842915397,33.89064441388539,44.313055885236594,0,HIGH
262.6917938886432,5.136283052914995,80.18992006581831,17.364416205373573,0,HIGH
283.5062620916617,2.679021209760541,36.99071470453929,36.74488576539794,5,HIGH
3.3454727507428395,6.727098837862804,39.81976160197739,34.816988602808834,1,LOW
87.06695983221442,5.500831022040099,41.17826587234589,20.75014517552451,3,MEDIUM
264.6737153599426,1.9297043003195191,95.02228786588624,26.66531996539608,4,HIGH
193.59574727189886,2.778830030076538,77.82648815967174,24.384873503310192,4,MEDIUM
2.1253902673383784,5.3166876057957415,75.87992507721728,17.83478604997486,2,LOW
321.79785697272894,8.988300916469726,68.88454475254946,32.54364068852524,2,HIGH
309.12382931613496,6.0975164856798765,50.4964199086572,44.81009536695497,4,HIGH
219.36766519742505,7.133815001876237,73.46227932195461,31.78764423160168,4,HIGH
26.585330310508848,4.051256947695188,58.710480392204786,31.35779720638086,1,LOW
306.60601981303387,6.142702537398108,40.17913050648304,16.20941122063645,4,HIGH
233.48543509254557,5.026418403742607,78.27181032294132,19.176606700910714,0,HIGH
312.78399086318365,6.9321692136084465,39.07075175509459,30.39657267306783,2,HIGH
300.6987969583362,1.4551800947110933,43.34680067148213,44.55535692552214,5,HIGH
321.20082878313485,5.439701946150632,87.23895182933242,41.298232063855764,2,HIGH
207.20322656184993,3.6639336262957025,76.20819672876078,25.206273641195025,0,HIGH
56.129807277405995,3.935665551501183,74.16938079495498,31.290127626843823,2,LOW
268.4629893518755,9.648256884022553,59.27419490399068,31.5810666676241,4,HIGH
248.18951402078824,2.644253314402445,57.73963627675598,35.56081838286549,2,HIGH
296.90127487963485,3.801207273207372,78.31838264297808,35.63346123717416,0,HIGH
67.95240242029412,5.589033181577846,81.8003877026332,38.69377465157921,2,MEDIUM
77.9900799601157,8.767242533346613,65.71492416550174,15.749130745190472,5,HIGH
356.16380688773137,4.750030748857334,97.84884710439684,43.310405719123374,5,HIGH
299.9911193808283,7.694787527993539,96.89896912432104,17.1018613796774,5,HIGH
363.29139548012915,8.707366883933222,58.870064300893105,29.284803344308198,5,HIGH
303.4861284655683,3.7901472023966405,87.44355779982075,42.587378290771284,4,HIGH
238.86212239612075,4.5347516518483895,68.02874891188907,29.630064876932394,5,HIGH
261.65309481114946,4.209006013195206,65.82291212900222,16.909105026993505,5,HIGH
355.65116957600395,8.49570227756129,33.84748429650563,21.877200594358175,1,HIGH
231.5227018047762,1.3991217575824104,70.17822973278172,32.36000266105268,5,HIGH
252.95652973135498,3.77578979945812,93.04045513942152,17.63584853696907,4,HIGH
62.59068640144023,7.1146770183561685,84.60936944365645,27.710337930518893,5,MEDIUM
189.56848804644108,6.088991496088084,85.04220012894834,24.872797985742146,2,HIGH
286.5588447832396,4.926604233643248,41.195032700343745,39.456228834727185,5,HIGH
108.37707932654617,5.85953404499246,55.091461299349454,18.303958150063476,3,MEDIUM
80.90167220981397,2.7782612724548645,46.32434416551651,35.48395350476359,2,LOW
125.53072328976623,4.876449594472094,52.11406977189452,27.197672126277276,5,MEDIUM
96.60025119713337,5.515326857587142,70.56775404456079,32.63252041416986,5,HIGH
85.96505481455834,9.110702097591416,55.53486693591735,21.165953157616343,2,HIGH
169.94033714723477,3.347516465235787,69.24884722249863,33.29111054284877,0,MEDIUM
363.13540555341365,8.810456519484394,60.695087379220396,35.21933182248338,3,HIGH
202.8238586954873,6.7981726074338376,50.06308909148093,17.106946939832333,0,HIGH
75.16815232612922,1.1830674796084089,36.678240394361104,39.73032802748811,5,MEDIUM
30.78866775234963,7.521682032094542,92.42869201413478,40.83762338664724,0,MEDIUM
278.4624580551701,1.3199668979414958,30.79613562032541,16.90662167048384,4,HIGH
153.11950577455514,9.976430141324318,30.115674169937982,33.09562464291857,1,HIGH
328.7323786341437,8.85373018922078,87.87584178344821,32.820344909166806,2,HIGH
263.8043074563081,3.676093727860411,99.7767658228053,15.3737523560533,3,HIGH
318.4965802165474,3.316701071770349,80.89719793995593,25.27039241867854,2,HIGH
108.7784157673795,4.43296973895048,31.069168664401932,44.06777348141243,0,MEDIUM
276.9435689844232,4.205502687829988,45.86831586679594,31.663522568062287,1,HIGH
105.6247938774875,4.35104036546843,98.0275890183373,42.99635408224515,0,MEDIUM
375.6273917801166,3.8644889150753237,86.60229765216843,35.269339076321515,2,HIGH
254.54971261334975,6.590200661634983,69.67598906632978,15.851715546698292,4,HIGH
129.80472007013682,2.4783729734856155,46.58024966082513,17.33139594145176,2,MEDIUM
107.80474491690906,8.613831632014119,31.00591441487243,36.66536866102269,0,HIGH
76.3706340286574,8.311622356281838,31.46030308461863,31.637033711070583,3,MEDIUM
277.85638355749114,5.288348870697434,72.83866044711587,18.814549937996272,3,HIGH
87.48624519917092,8.674569687506928,31.528231344669617,33.42188035060849,3,MEDIUM
238.12130637099563,3.2243056302726396,99.5541099347761,39.308620817045885,3,HIGH
105.85401077014293,1.1580891013357024,42.836868344561665,37.58947290397836,3,LOW
264.7875779175474,6.572871325268407,79.74951533084942,22.38487380096201,5,HIGH
325.9758914162157,5.121184662682438,40.85418049886894,22.745848999681318,1,HIGH
311.21009725786126,6.104480916662836,67.80653947684002,44.03513415306341,1,HIGH
304.3405323723127,9.094054681165627,35.64279019263523,41.62214406458149,4,HIGH
75.08896227690083,9.729330162093492,83.67448971732702,24.55011943292616,3,HIGH
35.353978793807485,6.710078257800427,70.94447663073808,39.72163469007025,0,LOW
279.57953139495424,7.876500308671945,36.031668538099055,19.852155891976363,0,HIGH
147.33888551774052,1.7542759013844784,89.40103324400039,20.905233039796933,2,MEDIUM
172.9384905613389,2.4464402640235505,68.29130303436914,20.43588161536036,3,MEDIUM
12.459637117356426,7.5988432445767895,94.51146170093226,17.631623250405454,0,LOW
103.83057971001968,4.882289107492017,94.16363615746789,40.640343484840656,5,HIGH
13.470561549785609,5.013687433639651,94.43554526406076,32.36420694613726,4,MEDIUM
351.67430904049905,3.7774691347189293,35.444964014032756,22.768682774818156,0,HIGH
97.35867328741219,6.466207451299694,38.46704332281664,40.45965098182782,5,HIGH
222.93486782920323,2.6664854087458236,99.13940668013386,39.07940278178461,5,HIGH
15.591728264452165,6.642246513825061,64.13205749790941,18.028545543832667,4,MEDIUM
266.7389565222632,2.5641897142171572,46.674983698040336,34.324181212049155,3,MEDIUM
129.21093830163755,1.5744343123874223,83.87651419490606,36.655008045773116,2,MEDIUM
359.16767478306633,3.9732191982915492,48.49996548487374,36.474820109578914,2,HIGH
355.24727557361433,3.0802630780886293,80.90509816130496,36.69428123561812,1,HIGH
130.1162473446991,9.00092474700699,88.61000444948328,20.08373356947112,3,HIGH
360.38435827618713,1.4945810848176393,84.89843641066965,24.45259362806308,0,HIGH
398.46306939951154,2.589523233167106,49.183346573855474,40.32535525513387,2,HIGH
330.1662656495792,5.938476450247445,58.11330018554659,41.95175250682649,5,HIGH
337.9485391020916,5.329604717627262,58.927570226329344,23.37566659694611,4,HIGH
99.60349444363597,1.4126681653723139,64.38910426731303,15.690585485332573,5,MEDIUM
230.68095954310252,1.0652718521363003,41.716099607809525,40.79300841498325,4,HIGH
26.90236558694714,9.892611477650348,61.67290352900397,26.31275513475248,0,MEDIUM
37.967174728667885,6.929512303229544,65.75480933608358,24.88390667879809,0,LOW
399.5570448133162,4.288655178114011,67.21962976067367,25.40999039065877,3,HIGH
130.65569977036438,5.233890228969172,87.39303009891208,27.470892719029244,0,MEDIUM
299.27356481953854,3.3989510840885826,66.21341489356466,26.347998649647632,0,HIGH
322.66602121072657,4.103864053238888,46.154874575957265,31.99292697400681,0,HIGH
343.2093084028917,6.841400205413926,76.4190116770931,17.368208354945708,2,HIGH
399.0513189608626,8.945306189806336,85.81199008606376,44.14620582925545,3,HIGH
96.59859410274714,2.6571702077306636,52.35601665067833,43.09353103416484,0,MEDIUM
16.140330743879883,8.56325354846787,75.17141503123236,43.032199398464975,0,MEDIUM
164.4766071978344,2.0940096656644216,40.285659716220884,41.378328722457404,5,HIGH
52.03226793157878,2.9349300122955206,53.934841320464486,34.809789065451895,5,MEDIUM
8.97035566482205,1.3345775924468137,93.64567506847439,21.633256882452972,4,LOW
144.17073085659445,2.267306758836995,93.79157142137996,16.48450461439117,2,HIGH
313.4953004300946,9.255728309176455,70.27272051201444,17.979631943452997,0,HIGH
226.47227649002835,5.134948719565407,79.16460226055747,24.719775013968167,2,HIGH
125.11119568414162,1.698992756005182,89.7810790644159,30.116490764873564,3,HIGH
261.73680219708785,9.637541542350652,97.09872297188387,44.79759213554382,3,HIGH
92.80727212352429,8.91093076982785,64.29205082028386,28.063304753837976,5,HIGH
5.75257842883401,7.792142687813271,69.3103015638224,30.739382714741303,1,MEDIUM
305.74135457457095,9.401255127528021,59.09490966534812,35.85471741564242,4,HIGH
249.49723394560363,2.981164787521877,35.03873559395001,20.422019113433887,1,HIGH
304.92104980038397,8.527323637090777,59.59624307141729,42.98481004686767,2,HIGH
15.575206675066244,7.2099207671887555,85.3439137568154,30.871038175282024,4,MEDIUM
334.84785113226087,8.827833246109195,86.341984859407,23.287690368053056,5,HIGH
247.81048001452132,8.172204091683668,92.46639802153098,43.053269590165215,0,HIGH
225.35814028505604,4.1184555685914255,33.60266936231783,33.7635185567685,5,HIGH
249.84561924581263,7.9695868331553,66.90082127064437,29.510691937476313,5,HIGH
345.7732987473456,3.362106726864013,37.51971415559534,32.40467729882322,4,HIGH
234.77460262356283,3.9573294672524932,44.05195282160203,37.4490665671568,4,HIGH
232.38015195527174,1.9711514550067855,93.01515516664244,19.636140110788602,3,HIGH
396.27166282630634,9.415689543824218,64.7753880900787,40.94491292109676,1,HIGH
302.6920668274272,3.6190302706025337,83.09814446276295,43.78520430894639,3,HIGH
176.9175221804541,5.685602186543067,34.506887415007654,32.00998955250223,3,HIGH
282.95880001317107,4.521995528195734,59.17785527473964,35.46812540392794,1,HIGH
155.6921886767154,9.639353085251514,77.19681964650364,40.79500442538722,3,HIGH
91.5501849933996,4.015442538446342,39.33845368947493,26.244318942495013,4,MEDIUM
238.74075075510376,8.006912392804201,52.80725153739782,44.78495384647195,2,HIGH
371.2728392455806,8.698745391680621,34.51834635167182,35.41504107920693,0,HIGH
371.6558080061851,4.920458477328693,75.59379586086573,27.719960950739463,0,HIGH
136.7621112421961,4.403546330076381,97.9623881340683,35.32013925004881,3,MEDIUM
211.070986488678,7.729712388393652,87.89318437999808,30.650400975403095,1,HIGH
84.65435942794448,9.216063822756107,98.2236181765296,18.349247146150955,4,HIGH
398.25244379955336,7.794385597650145,89.19233565688776,38.875959143079555,3,HIGH
392.4471631471743,3.0441372903267903,89.86370643378851,31.931267407587963,4,HIGH
259.80357188297893,8.99476972693935,70.40240367599398,38.87536673621666,4,HIGH
321.7656238709894,4.488235006931498,66.2776617989247,19.647358211023974,5,HIGH
286.04006451348,6.1860647060014085,58.43779864994793,31.15071470402327,0,HIGH
237.26328761578728,8.482920573634399,87.26664265321159,37.99872816638739,2,HIGH
21.339198795559078,2.69555290660443,42.74473285946172,44.64913702772395,2,LOW
181.90573702106443,8.060591221097978,33.93574410769352,41.53191829155776,1,HIGH
269.9145208669642,6.365465181196098,96.35256758792725,40.93048881181918,2,HIGH
271.0126455534739,9.040074776448474,30.264472964243396,22.42380414439194,3,HIGH
149.24904736895343,2.5477336165918865,98.37805253130962,40.13953805127142,0,MEDIUM
376.6767946632122,4.786140133368356,81.0197358911636,20.078438326288893,0,HIGH
66.9428128947124,8.495587835801537,52.994924378847934,20.943229936453008,4,MEDIUM
200.14377848622425,1.1730853311108416,78.84738901604172,18.30350231230416,3,MEDIUM
276.3535906203291,2.0098123008907858,87.25126100295893,40.72789592141362,3,HIGH
278.8543223567237,9.915086914810612,47.17534391905051,18.247634893539562,4,HIGH
259.4555827075262,3.523547607313155,83.96269782957074,19.1433443923503,5,HIGH
110.11528538074407,9.779888743515581,86.30587375057681,22.376614502471575,5,HIGH
62.48262747464879,2.642783959078065,47.454824108774176,32.17987227361923,4,LOW
254.37613073068434,4.249849987066021,32.93484480645885,41.405405559012095,0,HIGH
239.7208464557751,7.775825000532135,44.288559919066834,27.546844657667044,3,HIGH
71.74240411569639,6.920005665143607,44.04524862225761,31.388578475753555,2,MEDIUM
282.05565822822535,6.2301015993615,34.56683179228382,19.99468199871759,2,HIGH
182.06879669346256,5.769092582245068,80.82051692586371,22.978375676933748,0,HIGH
267.1042366412612,8.590963992982662,56.59824471208857,19.017772874573247,2,HIGH
334.9468319080603,3.114537065500534,91.90703172177008,27.297565346012693,2,HIGH
67.89137143076927,4.982238342941666,47.65197739656302,32.710069760345775,3,MEDIUM
7.6579471987346714,2.3990706294081154,61.72625155699492,23.520585901003624,3,LOW
311.6410345583147,6.36347436157634,74.73122002487341,40.37987566724378,1,HIGH
243.87897006104637,3.2548998184418814,91.42254647702447,44.437150530199034,3,MEDIUM
279.85582784884866,4.004578579090472,66.72347711335624,18.60464556943743,1,HIGH
335.26198999545704,5.241256449611753,56.1467239468668,15.535801680459723,5,HIGH
321.1243739298002,1.2409352713281505,90.69105549304062,38.69330722184351,3,HIGH
384.3680587715299,1.827441423287539,51.71724972813274,20.719280334100347,4,HIGH
214.37403154084728,7.173362986373976,35.55965897428035,25.59439777982577,3,HIGH
195.39825306396216,4.860729826457565,61.1529475257168,26.82693654827431,1,MEDIUM
160.75487995629203,8.783111997999058,84.95653145485943,42.497981667028334,2,HIGH
61.476417137681814,7.252048032797795,32.15465822274662,34.76514647298486,3,MEDIUM
229.04289315280897,1.0729084748259021,71.01175714927145,16.21828470908672,2,MEDIUM
110.80500973039152,6.550410976904214,71.61248339690653,15.444307221424637,2,HIGH
368.5230048851902,1.8435237945374476,94.99792343991672,20.987042925908405,3,HIGH
233.27632171083903,8.028398618114448,50.05253720015153,24.545158226181343,3,HIGH
237.13607220324405,9.923569194506518,49.518562924748736,29.53571502259797,4,HIGH
141.96986435080402,5.780789148173604,60.83385559377747,40.135182369265664,5,HIGH
20.795740791082995,7.1450155017471735,54.98404310300606,24.444532681042784,1,LOW
12.697506149195448,3.1358274480527637,81.54421038825288,26.296116578149658,3,LOW
169.334057661279,4.938379693784142,74.92264539920848,24.88013790028973,2,MEDIUM
33.82615123889514,8.704857990127454,83.12447265343864,15.268960080987169,2,MEDIUM
242.73878221605565,2.506806529716261,87.40292538390824,43.656046173543594,3,HIGH
352.389202255863,3.389820450523859,94.60867929139035,19.169876524094214,1,HIGH
353.16592660748887,5.008903077574272,60.16557122492533,23.63002434609741,5,HIGH
263.61816405289295,7.410240026596126,98.92881726300847,18.879099062893253,2,HIGH
84.4927325891724,4.382955593161064,45.09625693825569,29.71629468470168,5,MEDIUM
345.19873254354883,9.349590518047036,80.00556133631301,42.96498344827498,5,HIGH
354.43737412528327,1.8501134614184727,67.38065221150325,18.02102152876459,4,HIGH
78.66143398118348,4.337237777903628,87.18304162794183,28.22690770765488,2,MEDIUM
294.9704343082709,7.380587110855797,63.37393644244982,15.671245373147354,1,HIGH
114.60781957084917,3.033880890953432,84.87570447537018,38.126946641584446,0,MEDIUM
321.05612494117184,6.907718208067057,95.11181002533746,34.23678430663275,4,HIGH
398.8951599614411,2.4779526240461136,81.26059862980611,35.9909599112145,4,HIGH
12.010402131757125,1.5038225637551774,84.3266000352827,29.17009082687198,0,LOW
358.94634631637274,2.0891414507378396,34.702280188609926,42.22899088669217,4,HIGH
249.05221343946323,9.369863048207213,44.34703635625964,27.286723526178285,4,HIGH
389.35304766592844,5.965757946455962,98.20126183525156,30.42255224361231,4,HIGH
186.00380701057105,8.167111979316841,78.52309026511762,35.85867666811888,2,HIGH
338.9551722285495,3.993890508145461,69.30143121177032,30.616819232863797,2,HIGH
24.95762743931089,6.33392783096902,55.68834613775151,20.680069437489838,3,MEDIUM
134.1116200313183,5.454569203344924,33.10723008448426,24.51211854134736,3,MEDIUM
26.806615100483988,9.511641634620647,55.83951355748945,17.76883404416416,2,MEDIUM
390.13725339162824,7.728171724486993,64.92390113027031,27.978404916518933,4,HIGH
326.7895629087347,7.574883683469212,44.80216565708207,33.281762792589845,1,HIGH
341.0189684983882,1.417179424908516,42.119575389168276,18.55589832807422,0,MEDIUM
375.1860925735577,5.94702702103322,65.58915859502618,33.91761364410387,3,HIGH
34.04139444791414,5.202923085116334,71.01329649392807,41.78616419256328,4,MEDIUM
154.23903700533336,9.350580399455751,46.794254319816744,25.131711989565588,3,HIGH
28.41395561760085,3.31607789370579,71.11726321193491,21.660992886564596,5,MEDIUM
84.31724062001145,3.4285010796198487,93.02379747120065,41.790181915257094,1,MEDIUM
91.74631081506894,4.7021162399335035,63.12212806149476,35.75835707692646,5,MEDIUM
187.64288441903147,3.1903274206573844,90.01731187110269,18.161846041696617,4,HIGH
107.42486698145703,2.162655260278745,94.9090011173323,27.243358561851974,2,MEDIUM
40.39124272710444,8.716733619857207,36.467582025596,35.222687992636466,1,MEDIUM
66.99643563764309,6.024488719635243,36.70681057597579,32.23151624926364,3,MEDIUM
58.91022542083637,8.752264470609102,63.3230928021321,33.55641358049619,4,HIGH
389.2307191649193,8.480212888633263,71.1671711022392,32.01405521921778,5,HIGH
303.71700276738943,3.53838119310704,59.81184251255205,38.9418409591467,4,HIGH
387.1045861078248,5.929636998918466,52.85155392922521,24.61280870390936,0,HIGH
175.89619460316342,1.748959324660634,74.86958812883091,36.25387043698089,0,MEDIUM
111.34739266506264,9.237266956276827,30.145705864494417,44.73238327482853,5,HIGH
319.31727888367465,4.638364435586378,97.76512966046197,26.69876573343541,0,HIGH
130.5015672164587,4.543085655001192,46.245536173161554,38.73144943664379,2,MEDIUM
119.75334948213931,3.724798335561579,94.19691380081049,22.383277114085132,4,HIGH
93.00239688313248,5.145973702396335,37.631032117415415,23.45690136852148,4,MEDIUM
51.87159128969414,3.2658344789090323,46.66610274312008,43.04591622550629,3,LOW
102.58522440670639,4.373670455171241,46.441159076125025,15.778150687460663,2,MEDIUM
142.12789938955507,8.199523437263936,99.73070329404523,21.522820345824876,0,HIGH
269.59768325829214,8.508299532266546,30.32203820081191,29.487620934360095,4,HIGH
25.02593688778063,3.7376422986566453,74.77467465124471,27.05542865112559,0,LOW
84.20277586613719,5.221129874975091,90.8780606742597,33.87509193705094,1,MEDIUM
323.6094561166706,8.86437798652047,77.05915578173156,20.781661510811457,2,HIGH
58.768769433508304,1.474059986467274,55.39136727518609,17.11641013105594,0,LOW
137.0580586090086,9.00230465796207,97.08165538920544,26.08000193414271,2,HIGH
345.86356874325605,2.9726591108709854,92.54645282123286,30.73065726432543,5,HIGH
61.97012445737706,7.106853197929382,60.376844417466245,31.86005511254734,4,MEDIUM
33.09473424727596,6.242965267461402,70.13299448278144,33.044805706274005,1,MEDIUM
193.81519803200433,5.976466733703269,97.72634314636684,31.45985987284665,3,HIGH
120.96780451141456,8.734242022775392,98.77922533485291,22.372559129135627,1,MEDIUM
225.36334579354164,1.9141492928019515,61.48762930025666,37.93649207907005,2,MEDIUM
321.52195619339005,4.123252227930724,89.31450197001621,17.633407852181957,1,HIGH
54.85939526109726,5.84427471710289,51.13861588677554,20.95061638656549,4,MEDIUM
232.279633821714,8.301599685514358,56.02690110514653,37.18134027057342,2,HIGH
202.20350415594558,2.9479877507050434,41.53753180931584,23.391784023157552,2,MEDIUM
57.63151440527983,8.226368572368486,44.64292149437112,29.804203248282157,4,HIGH
249.59939421159297,4.596746342445422,75.98113115815512,24.815932225666764,5,HIGH
109.45616714430867,2.7002247079032586,65.75471326049566,30.209436348480097,0,MEDIUM
195.133727417605,7.830877963991344,46.179230243792205,25.39967399842095,3,HIGH
32.90892971082475,1.8180901132709304,58.203673145315676,44.826239697181514,5,MEDIUM
183.83362288544922,5.632906366678986,56.12284219045772,25.724327680744402,5,HIGH
122.58538721712813,1.5748820547569957,99.1152143174734,33.81148252192936,1,MEDIUM
328.9524844741417,4.207760696420088,89.74960860479655,41.65029652952632,5,HIGH
22.79149079894731,6.409691191057534,57.15764333686769,34.13804983094251,3,MEDIUM
167.44290996733199,6.005039873384918,93.97416052272231,31.975717653288257,3,HIGH
183.3725696525752,4.641898761141999,53.98447741397198,32.07688364268625,5,HIGH
290.0024305196475,4.861431945749041,76.75310589144016,29.893821327701566,4,HIGH
229.71503003608439,3.040925980156899,97.66549976774787,39.22741204213365,0,HIGH
266.88493487767244,5.102943295816926,57.31952047919866,16.512722350841457,3,HIGH
310.8197142607024,9.579293701487508,77.59194755734536,41.55389723787983,2,HIGH
344.8811894632755,8.654076260054113,50.71466677438433,32.58876660736928,5,HIGH
125.5501986889882,2.3070958216870943,48.64186209185823,40.46619663767245,0,MEDIUM
215.20908214556118,1.2680270858882885,70.19096665020864,15.311781076326255,4,MEDIUM
336.04323137567997,9.401718814449676,98.54852186232527,41.07829211884853,5,HIGH
395.7804523860226,5.7407477489267285,61.71936941041189,18.604125575198005,3,HIGH
355.80772441750526,5.840540408343769,95.63458792216065,36.63654019177197,5,HIGH
148.58690504975073,8.026461961358702,94.00544641713331,27.49564178663531,4,HIGH
78.06660688746017,3.832200764841939,47.763382864149634,35.43217173293773,1,LOW
195.75701496263548,5.337168119524019,58.12735849590292,33.84569213032093,4,HIGH
296.6565807344169,9.717966218320639,75.03117349459282,19.901896412017255,2,HIGH
197.02762830131903,7.049338182391664,66.26321190879742,30.438412933426555,4,HIGH
193.2723453254674,2.3837052879620733,36.7170970904222,23.316914195836222,0,MEDIUM
335.29216843272025,2.1990407318591796,99.55886210890108,31.813105285440372,1,HIGH
144.56151162687453,2.8383828249970486,82.6857800847896,37.14009849158532,5,MEDIUM
343.91786992465825,7.900405069786458,60.63858267572982,17.43775243745514,5,HIGH
162.72192038068943,3.6583930345655444,73.27179847664038,30.47287270593076,2,MEDIUM
131.29324227133577,1.192499620075718,36.13009720863611,33.52889462286775,1,LOW
181.5959644798796,9.497569271550956,64.67111575827269,23.861023607916415,2,HIGH
304.97878346994736,2.527420747554196,95.15826910722414,43.59010448388021,5,HIGH
50.400811145597714,1.0860236753326173,92.76206706384849,30.609084765204884,1,LOW
78.56768634880696,3.134184421449907,53.61665918382019,20.475512695377983,3,MEDIUM
380.5779302652368,3.115259084063203,67.19575046749372,18.23364785397852,4,HIGH
70.19665095254295,4.798047257611508,78.81684668613528,31.249786474960967,0,LOW
227.09092717242183,9.28350848350033,53.800648683553376,26.25715143380787,0,HIGH
231.72578666477514,8.91266426001188,34.541545266575696,20.77641293305154,3,HIGH
195.8497848200979,5.1120509948418515,65.38091597024632,15.920954603573238,1,HIGH
257.8980994307274,4.698099144926259,72.11450150763355,31.9980024011364,4,HIGH
91.93069031904737,5.995081778273661,30.408912008505716,32.958007105009855,3,MEDIUM
221.0649071106993,3.1910861077458916,36.69027614769715,19.254078035444053,1,MEDIUM
148.86930209875885,1.4696649276972655,44.51034505159066,33.05214149310913,4,MEDIUM
264.6669038516756,9.45301722554086,54.36366008936539,43.55918264122795,1,HIGH
56.48941734925978,2.6802908638945544,67.87358559814064,44.348868299692185,0,LOW
228.3509667357905,2.7856065632114477,50.56900431317657,41.65478809671015,4,HIGH
74.10814215332948,5.2521429596855285,49.33286700845527,39.21235742507221,0,LOW
111.45722524601456,5.424520103562976,90.85445406691574,21.281035101399937,0,MEDIUM
87.48392012943329,1.1659078873066775,40.15354485609984,19.693055474877905,4,MEDIUM
73.13511194752684,2.3315926489657364,64.68220932206522,28.348428068560633,3,LOW
330.2843806242668,4.403393367046675,96.69773018552952,33.58895253955657,1,HIGH
114.28302706435613,7.153576241594852,73.7509274381232,40.520360520251344,4,HIGH
370.84951274577975,3.0557661114874226,80.2043835926107,21.958891234104048,5,HIGH
387.9706101380763,4.807130016175864,60.1865893973425,29.38943701560998,0,HIGH
228.50418797483894,6.016105582448201,31.39525169838037,34.423207258705375,1,HIGH
57.20044906629056,8.997332451609628,75.22912578570438,28.367815636032574,4,MEDIUM
149.81929735183252,3.93463452094411,74.23469969996869,28.625810312378526,3,MEDIUM
319.0929053392856,2.2020243927713516,37.72993455243331,21.75351483084837,4,HIGH
146.95629147882818,5.403450033078474,62.351179953724206,44.59982714733228,4,HIGH
34.8068873211155,7.720494415156558,94.07302612659552,29.2557985022233,2,MEDIUM
222.71396437127518,1.988737813474601,44.35593823803826,30.982258362164757,5,HIGH
338.0483405984139,4.822151425272644,62.27691282438772,21.55677873860487,1,HIGH
318.370554857401,1.1600662713623509,62.277222964036426,30.424101549954557,4,HIGH
70.04925605214129,1.3020326348252602,86.75330277033468,22.6604867560292,0,LOW
269.10584576498667,5.346580268949991,87.72031092306112,21.070087541503995,0,HIGH
88.20170537425884,3.683775683358365,83.14885937643743,23.271667528288035,2,MEDIUM
87.28301382086889,8.60596569104871,55.58179114317916,15.08278945515843,0,MEDIUM
349.6287093220741,6.419388755138089,35.04258475129641,32.10453336005052,4,HIGH
99.86758109609207,5.085396655686913,54.46380840568099,26.624400165685294,1,MEDIUM
105.29893860720448,4.6714183394886675,77.58538408899378,41.96067057581791,2,MEDIUM
0.26135630451982195,5.475209321706069,79.19226021423535,16.221215208375636,5,MEDIUM
348.26761365020707,1.363949480913952,97.55001466337033,16.296009025672504,2,HIGH
317.03792528365386,9.03514020778594,61.75488620105959,41.5762055193775,3,HIGH
250.9315740362712,9.984728401605626,74.27049080582032,18.799339266130236,3,HIGH
300.1063055755369,2.633384123728288,67.74336095057723,15.064803123720054,1,HIGH
60.81942696979672,2.0834466829715774,40.543299207926616,20.367415911390413,1,LOW
183.32943783503018,2.292197171037357,62.284173049249524,39.716285252928124,2,MEDIUM
140.48775493951234,6.9492435241093045,68.1384608282296,39.08142248280306,4,HIGH
37.5106105028066,6.952967546056972,96.5524724229581,25.203966325303533,4,MEDIUM
194.45219408596964,8.631317460505699,55.65773380862693,35.04092751779556,3,HIGH
368.29586013705415,7.766437495836279,98.60693721755844,30.217491220074834,1,HIGH
16.023647620277792,5.047207060324058,67.96100518168592,42.14204969537718,1,LOW
116.58436539751756,6.515698254087869,46.97284703121403,16.69270426252267,4,HIGH
83.01637448228138,7.194562033312071,43.416507091106546,39.39537386209895,3,MEDIUM
95.25866146627853,5.614628232567027,39.91864420821622,20.1179600828238,4,MEDIUM
363.3738207517501,5.28085886006473,61.70530094014171,26.74862692295278,4,HIGH
187.22762169371606,6.805877010783879,31.534850085224626,20.758714543042977,2,HIGH
186.51976517592752,6.017270940780883,61.153169832040575,36.07843228782417,1,HIGH
304.2302569821129,6.795480748023193,99.18832845091625,35.34978539259773,2,HIGH
61.79688160197032,6.515692965670275,76.90747570055866,31.436928050970806,2,MEDIUM
194.9061416400203,7.472769044622892,83.18502848402832,35.94489110410966,4,HIGH
171.9940856484239,6.785231579045885,38.33037735027838,34.18694341814022,3,HIGH
238.76427621866245,5.6776823779354055,63.11706030430636,38.29326167052804,4,HIGH
399.82308130017543,7.136171301559479,50.035617071799976,22.18219953871646,5,HIGH
307.7795576328188,5.045337686668852,92.58682695923204,27.867378448221615,3,HIGH
159.14628120697088,3.175041033753409,42.69047304097388,19.548795880626862,1,MEDIUM
331.02122090961876,1.0127639812052391,62.11133289957194,27.88780692660582,5,HIGH
68.28334532499207,6.0396773243125885,71.16334028419465,36.05075254261024,5,MEDIUM
12.18547452358405,6.315897039477769,65.98287641049728,35.74173482353055,5,MEDIUM
81.77934898570922,9.748440682981428,88.11704695792852,36.28280709884828,0,MEDIUM
136.16462244570386,4.25330500684848,46.20172199237483,24.263025859330696,1,MEDIUM
204.23230298382396,4.547199185454806,56.417377729658384,34.86641921372772,4,HIGH
246.05165621647993,2.816196232079712,85.44590076017667,26.023989587668147,3,HIGH
364.2422868857687,1.6348086571358973,66.96499882157633,43.334761383151495,5,HIGH
203.94160382018308,7.955240435755665,58.14821699535701,25.300990976410162,0,HIGH
200.51025785029174,3.247129579053925,32.06097603213821,33.090547021331645,5,HIGH
20.09720392919285,6.480143749270342,82.73697968109266,37.504371425765285,3,MEDIUM
13.964621062489524,7.189957319909333,98.05274545767321,42.19222287079023,3,MEDIUM
220.46398476654883,5.241130185624829,73.4200906641957,28.137858103617326,0,MEDIUM
175.2714452993378,8.887169017244725,89.95788544821562,25.81455324624804,0,HIGH
335.6721579921194,4.994153568817559,66.18130202364483,27.90084525949767,1,HIGH
64.27183388473807,3.564177607375886,46.21766757963552,24.710890546493424,2,LOW
9.98866484681984,9.0641397066546,31.010947296460184,34.61773470201942,5,MEDIUM
179.61550717205034,8.754078558249608,75.73787873129925,42.981502920257526,0,HIGH
94.991422700903,2.476359523687717,64.51761937737712,18.782130194681002,5,MEDIUM
19.84574933553498,1.2336491651852886,84.7468702961321,31.827661943104708,2,LOW
289.8393147390516,1.809870007146586,78.62776922047132,41.92946176080993,2,HIGH
44.63719998289899,3.5789265869843536,99.15666577445953,18.003436339680526,2,LOW
243.32780000310868,9.750338215675397,65.7218808388428,29.815962322988426,2,HIGH
112.41990006675566,6.026645378447426,59.902235277110655,40.95688787581338,0,MEDIUM
69.3984201420088,4.359355588263419,50.07177826075065,42.01356635136247,5,MEDIUM
151.900609167727,8.998444851514718,63.38029042538921,30.430564834587493,3,HIGH
320.5783104891815,5.078226983306497,91.10100346860455,15.748556534031524,5,HIGH
156.83743076182907,3.83714765560919,32.97078080542189,18.16917535283465,5,MEDIUM
300.3078596844223,9.470975758710917,98.45300331003321,32.60150235723701,0,HIGH
50.19451871966027,8.645658995734102,99.53150360154586,18.715758193990347,0,MEDIUM
309.10856786603165,8.593015378774968,71.84749650115313,19.482533307338123,4,HIGH
94.77332996265946,5.610562687451917,53.2080942586781,38.163512933463416,4,MEDIUM
270.9572519555491,8.104945589339096,45.61342778254166,37.52076175726501,1,HIGH
226.31262193639853,2.6141802333809667,49.354327697941514,40.28318278276416,2,MEDIUM
371.65788688467495,6.159006618006193,33.50737985534803,18.17205409518317,2,HIGH
154.92900719012562,9.854613305627911,63.25776709383512,20.94434643290453,4,HIGH
26.466075533776177,3.618625874661655,34.01269896050841,39.98884289575952,3,LOW
7.662194220501162,8.149170963229077,80.29319503431476,36.632628260933764,1,MEDIUM
330.7434243891012,5.414305664872606,56.03506188729978,39.17868383484121,5,HIGH
209.89425506457286,1.3582511489987859,43.955531222301424,44.69237024723766,3,HIGH
310.0976207339797,7.867174580341007,68.13974904852269,40.93294818467106,4,HIGH
93.77024000460588,2.517122299529015,98.16315150701097,30.61389752549281,5,MEDIUM
138.03349820529348,6.6832621041947515,78.65917343128928,24.323045543917722,3,HIGH
12.041548884527575,1.770977746422756,64.42227950729122,32.09029759724103,2,LOW
384.59692982964486,9.521806577463684,84.38400094781544,34.157596507033574,4,HIGH
267.1471626803254,3.625514984623248,81.6233530329292,25.05936423778863,5,HIGH
373.2820351037225,3.0381822250965542,92.42148227404556,38.128111124540354,3,HIGH
106.19856297162893,2.1622276365970086,44.32682633157633,17.782613779736604,1,MEDIUM
244.58544449026434,9.51401974005143,90.12143033811124,38.3817855204513,1,HIGH
271.39998731705515,7.407133681971747,51.071826092918926,15.959955560458454,0,HIGH
127.01988010303538,7.674947998462798,95.8699249477568,29.938981821644706,5,HIGH
339.24369400625204,5.494641052422201,49.67456042627146,40.84309390449799,4,HIGH
378.8645851600991,5.27255006743435,94.87939802138733,17.594858220641928,4,HIGH
353.94204707840174,1.9901911869232898,97.4653500124856,30.53216809482509,5,HIGH
295.626790375749,6.038569860255926,40.184395021990994,19.78174316883949,4,HIGH
110.98587188998161,3.222248455979114,98.21499182839482,41.84447250182806,2,MEDIUM
112.64641684225269,9.794307995203653,36.00060779004976,39.970365811008904,2,HIGH
385.3441281784152,8.169228460136326,45.29974506287654,43.017517298804634,4,HIGH
4.113798374276811,4.716928541735989,61.09181466109632,41.249470245902806,5,MEDIUM
286.4199892968578,2.3620713282237973,99.5518155998197,37.096599295979715,3,HIGH
282.4984650221049,8.067985220249057,64.19941358157655,20.546675867655082,2,HIGH
249.075816379919,2.098483903731844,68.528661022494,24.07507847006702,5,HIGH
396.0435384347463,2.7040037814736344,78.6097464666554,29.90565474924022,4,HIGH
124.75177430549009,2.9036846596980466,97.78054907910659,32.66690344544171,2,MEDIUM
135.98874551729926,6.012015744457849,84.8345980086971,38.4655018593963,5,HIGH
31.57576117862222,8.083509885913298,45.690780309658905,21.80878884561183,0,MEDIUM
177.119254617495,3.82883390852223,51.20936514650482,18.8483218244089,1,MEDIUM
104.41941049393924,1.7620283284776046,36.833976772596706,29.478305117809082,0,LOW
137.3546808710577,5.1808461717197725,75.1116654915318,19.735242326187617,4,HIGH
333.82871610225106,7.732992170439419,42.65182145774551,35.81210406988717,5,HIGH
374.19380541099827,2.9949745877864946,48.0183421935556,32.268926702751514,1,HIGH
74.29322880207425,2.979320932354368,92.1679558626264,37.23323391056654,3,MEDIUM
149.00357262138635,9.525043246120397,52.872897273241065,16.90309678965325,4,HIGH
371.4522248461576,9.587383544072601,69.66527028479169,43.940926813326115,3,HIGH
24.723384275689053,9.914191588554187,57.82962061524239,15.00016610027214,3,MEDIUM
36.944211244551404,8.268936414173021,35.18219011841395,24.763272450406042,2,MEDIUM
65.11639568249174,2.69365752251151,55.40046809276936,35.389043800987196,2,MEDIUM
238.0851336507499,2.907833687193352,58.56477421251516,16.354262215863567,1,HIGH
60.18890840239899,4.062027173701528,92.69907713380627,17.500487440728207,1,MEDIUM
387.2305525802934,3.8631927820014176,52.71154575524376,17.30044311684661,5,HIGH
178.68581090340814,9.608749741702082,56.54687838334475,32.44529180162938,2,HIGH
200.60718414006655,8.101665845935242,84.80277380706342,41.877759451156145,1,HIGH
98.6634463221626,7.516079129453985,83.12696558481186,31.66310933136786,5,HIGH
188.3841009738934,2.6736690165231862,85.87996936539436,33.10714056839015,0,MEDIUM
264.7654530548046,9.185730034260967,96.76395180532029,25.38004953623968,4,HIGH
300.4708547816171,8.450833415555564,85.6890248876349,15.562234759665968,0,HIGH
301.5472330839652,2.4727765719513135,58.53257422525236,15.648441532536491,4,HIGH
231.15644507763534,8.840532987648754,87.50559618286644,41.64929899442734,5,HIGH
361.7439099975429,3.4502278273342415,65.60722424629569,18.0771731615894,2,HIGH
326.96313892244376,1.7278277124889545,49.439982276299574,44.99368115437786,0,HIGH
302.8192458794502,6.91140075862789,51.20419476917087,19.932678345338346,3,HIGH
22.242208672184248,6.884241934458975,45.66896719943789,35.239033318655686,0,LOW
2.7511848878597256,1.8543880860905628,40.14950704738274,43.46866416542717,1,LOW
84.97891087818918,3.869666280429241,42.914328829755526,25.86867832926079,0,LOW
265.4094375653809,9.935330160299847,34.42246349676736,37.03299566243968,2,HIGH
164.47899555301834,7.105840003078632,92.19156054526704,25.525699303270052,2,HIGH
160.96250371972468,7.570676499429963,95.17054667543863,24.14823170284336,1,HIGH
353.8347552918455,2.916255570438751,71.07392747457268,21.054122477263167,4,HIGH
358.2251392527355,1.7090386390352288,88.83426896260795,39.62804720696593,1,HIGH
363.6701056214343,3.492115207668439,42.8499771857203,22.721611908274436,5,HIGH
125.55123060601092,3.2400854667387278,93.11716776588895,23.494744887175727,4,HIGH
276.4223250957047,3.110896906732478,65.44530917413559,44.969092265963326,2,HIGH
108.65327250974785,2.734788896983356,34.701549482388856,24.819313063359594,2,MEDIUM
76.24393322977991,6.172801215898639,39.891892114591215,27.683234664961468,5,HIGH
73.85298293894769,3.9529312825763956,51.6283522550772,44.70166373324504,4,MEDIUM
136.8430483454376,8.383105135427774,33.049030624832604,26.079010362522787,0,MEDIUM
171.98304791192868,2.655526760626456,51.65053646122105,25.98456021707601,0,MEDIUM
332.37966842202735,5.181643637816901,34.19513031832243,39.8314339864158,1,HIGH
47.95643738908484,1.1229205278347199,46.52193236349776,24.357911054630762,2,LOW
293.97033895795767,5.335140902096729,48.59688290995091,22.013583109272215,0,HIGH
212.58196567572213,1.5025439878882696,99.60582834567558,27.69630765525967,2,HIGH
115.17813707039699,9.799511606853793,46.48826716345651,36.01922401728578,1,HIGH
197.12783381312983,8.115329157853715,46.74305142570062,16.29729074937796,3,HIGH
119.97682791080906,5.411003289728098,78.07522778508695,26.217480816557003,2,MEDIUM
238.43278209532238,1.7792862236141525,90.15502349615164,25.387347058375212,3,HIGH
173.53756914209768,6.332008967113729,57.09387888214606,22.344550417860976,2,HIGH
65.7622116315515,7.828873756316898,91.29326139584848,34.62862007713035,4,HIGH
46.633229822278686,2.7164552770427077,53.809941452343,23.69970241241032,5,MEDIUM
218.67827282885207,6.113875067087418,43.79111157305135,33.20194677024009,3,HIGH
360.96521331444137,8.327898085445812,53.074717702940646,30.13010524363881,4,HIGH
137.58307462307422,7.914229998816847,72.65494617495946,21.51569612477696,5,HIGH
293.20004288904926,8.226928160804377,55.700021151845164,22.996981711265448,4,HIGH
263.4645419759068,8.913910823827479,77.10256627925021,20.118001599196916,1,HIGH
372.6219657237924,9.439138919435232,46.58551155957377,16.698876445528736,1,HIGH
328.39240691965637,4.649690396831824,79.0695025792404,33.57565389314735,0,HIGH
226.64210356218518,6.118921922705895,54.32068542739267,35.18366081743003,3,HIGH
262.81219929364295,8.115935734410497,61.91078601213542,19.979999808260096,0,HIGH
359.35458663361396,7.274258325512049,69.04215983100272,33.4617715405822,3,HIGH
159.8075138347739,9.959682054379408,78.03575022301956,44.462542201727345,1,HIGH
130.71788234311094,1.1230988599417973,46.70995842941136,17.232062848134664,1,LOW
4.324433454078536,4.196198937842116,88.51618761875673,29.711126174965912,5,MEDIUM
330.6204296765857,3.5292513364318223,80.52899248286678,36.99114640931562,5,HIGH
320.392280161346,3.3608426514898113,46.38685433167996,16.380275934891806,1,HIGH
41.78180724006055,3.002768042489972,98.24821938220373,38.34820481992847,3,MEDIUM
230.7429524530801,7.382114567337061,76.53578937213209,44.38533711278657,1,HIGH
185.59267926675494,1.7628352594778967,61.669882052669394,17.654635905982595,0,MEDIUM
47.48363820364459,7.674479505490045,41.026912788746145,39.666897163977765,4,HIGH
392.2272908242894,7.240832578146461,67.3254701615692,26.357446335362827,5,HIGH
85.87835498534217,3.2572371925080676,41.53431207789827,19.323486073020355,3,MEDIUM
26.89367203622446,3.275504048486451,60.06441750884906,29.79579627589043,4,MEDIUM
237.93895180076385,6.65974526810052,58.60987659176632,17.145562073436473,0,HIGH
295.5466708532131,7.859539949353101,80.39577510432221,30.663042245015525,2,HIGH
12.977378418874785,8.888370517786289,43.46682268569749,15.580703640121488,5,MEDIUM
263.48705549080887,8.669256074690281,87.53099484095921,36.8583432501819,1,HIGH
212.9167503805818,9.683946947474679,52.829262891131606,29.63909057434766,5,HIGH
41.30600355001937,6.232464058028601,61.07920388781426,28.76818982805542,5,MEDIUM
69.00955077854482,9.177900052063237,84.06386828876897,20.88574481226251,5,HIGH
227.1897189264322,8.276619459343697,73.77746797994604,25.837894673842975,0,HIGH
118.54304540531535,9.052008618826122,51.561774626135616,20.456082972649988,2,HIGH
375.3262914605264,1.1046394115682996,57.03420471821167,37.06170301607218,3,HIGH
327.49609179362034,9.6931269267923,51.40507697927271,20.970758982990816,0,HIGH
393.4268826054652,5.261771465618304,71.63391170940099,33.50259981155145,3,HIGH
103.86833558016559,8.183646906173585,53.28371732447878,23.388225032032565,4,MEDIUM
387.8894531191908,2.1448370740400278,80.79883863481986,34.70946587769981,4,HIGH
172.49354791662316,4.563469862325767,70.58510110086083,31.21364876764027,3,HIGH
139.00751812550186,3.443145967188918,40.19946282232563,27.7031589495816,4,MEDIUM
20.139810787741297,3.624928934508433,51.71880330759177,35.190025002314144,4,MEDIUM
21.106103143841047,2.1093005795579356,45.5013209337109,27.471662148246875,1,LOW
276.8045023786619,8.251874492887062,57.32192487860397,39.64111807725098,3,HIGH
183.17159777361115,1.0831808312297033,66.11888603465542,36.88795374705798,3,MEDIUM
90.60865041444228,3.8125491128668223,65.47340000988768,31.219169835392435,2,MEDIUM
245.58812253009305,2.569694888947735,82.81665735943022,41.311820477579914,5,HIGH
101.14324730004446,6.301350465475064,43.24203045211965,39.86585464404166,1,MEDIUM
231.05270173776904,3.2882716235308944,96.25309805082128,30.955181838614976,0,MEDIUM
143.68349879307613,3.330986090752897,53.99915748175181,17.053430811023926,1,MEDIUM
329.4208906447276,5.395043295957868,51.017419284129694,31.97989056597732,0,HIGH
328.2784643067117,6.874201354068331,77.96250047261537,25.657709686808566,3,HIGH
190.94015924896053,2.091742341086473,86.38616400781437,31.203388284112023,1,MEDIUM
140.32764373400624,2.5796030721894656,56.49302353695574,34.4139138149278,2,MEDIUM
145.02391862363783,3.2245727013506587,82.27928824257839,34.34515724551919,5,MEDIUM
322.28581026728716,9.763733927061645,91.86151692952383,35.20572130554004,4,HIGH
131.2717931190448,4.574372499486283,83.67625656448702,35.378058751350444,0,MEDIUM
83.6237494827384,6.390910815679239,32.39375398995831,18.278442561405125,4,MEDIUM
33.87533675012273,3.173885314443801,87.91582379563317,20.75136991371881,5,MEDIUM
186.67724835376336,5.414135726417391,84.21366709180572,33.91623013627053,3,HIGH
192.85283956793674,1.6670725694736226,76.85031667072302,27.2451716619311,3,HIGH
336.3634841611629,1.3126793133009425,83.20156933615324,37.885549359172906,3,HIGH
88.49547857842559,5.218601741393142,98.55977770823573,18.747278467884964,4,MEDIUM
152.39650946735998,4.587933587665709,60.17790214728448,20.74568983261618,5,HIGH
323.3622955574764,2.231922877226449,34.705626446821846,31.75393927309419,3,HIGH
329.4494442995894,7.188412860286603,62.26229787394017,30.02244057803696,3,HIGH
153.84443039150727,9.93613141809338,33.25035587737335,22.991914619300697,4,HIGH
183.64960931467235,4.560821390770412,50.59752856619228,27.250297305154753,3,HIGH
121.31435633971317,6.62102772325655,71.08158542577313,16.04943834169959,5,HIGH
373.0219513677248,9.66678348128037,51.67360250483094,16.111143239831225,0,HIGH
47.457506296632125,8.483814752021878,77.9776672136677,17.84781008474615,1,MEDIUM
373.499769200588,5.171970009724172,87.53904293800048,32.30377359601681,0,HIGH
273.5465807341373,7.637405360139274,59.43074254956758,40.91149243839461,3,HIGH
212.62886107469248,2.1532153622547163,93.00965659051025,22.806698677787253,5,HIGH
13.06362431379835,5.608934699174193,35.58872519452802,16.018194891702606,5,MEDIUM
190.2384767288033,3.511542494619429,88.80792149403149,36.25881306156937,3,MEDIUM
163.0992420010929,2.45047319106545,88.00012018075093,40.66056717015199,3,MEDIUM
64.48752479004902,4.836528156290814,52.539572742873546,19.145183557893052,3,MEDIUM
262.5638414002628,2.17913098990253,50.91006309872305,26.572430878212003,4,HIGH
388.4603629473143,7.29086597357037,51.356648680745884,19.762105217706143,5,HIGH
224.87552442581006,5.1061603964800195,86.79755986410876,18.190722918280954,1,HIGH
285.90131057757833,5.780301693081975,88.21574413271365,34.44505615423124,4,HIGH
27.380181026406714,2.317383448013413,53.08057211793673,44.026094285343945,4,MEDIUM
167.06679832679788,2.25794494984145,71.48132432111233,35.34496876862286,5,HIGH
46.54339406579835,6.250738917341117,39.72532606083182,44.544439884228545,3,MEDIUM
245.11833421460415,9.865087730465017,62.81451167967155,28.031858282108743,0,HIGH
375.39286328566186,1.8662552491395306,99.91549955988768,41.9360936648208,5,HIGH
264.7110929886554,3.5715828570920314,41.11874033943728,21.15252673998914,0,HIGH
30.72121932576861,8.825132048840988,96.32938479720413,18.537131010323794,2,MEDIUM
141.86648199403314,1.6504481102971325,87.69783053755054,36.07560152737309,5,MEDIUM
220.26535177634062,8.882971492302563,98.0550255662389,26.142249925879074,1,HIGH
161.2831024533009,5.718573850372761,42.57051324273731,24.53062808241305,5,HIGH
333.45760419006893,4.674400965337833,44.946294331035496,35.138417339929745,2,HIGH
325.86840188399566,3.787125079163103,31.180702721440106,25.004521253084643,4,HIGH
244.73240804128858,3.674054423150577,80.7291269040924,32.176745167455636,2,HIGH
149.3831780530821,3.752223242045309,75.08662854053298,23.98365318783913,2,MEDIUM
102.13454950529766,8.963227728641762,42.464580682731246,38.51272764633754,5,HIGH
42.349727285251724,7.51415707157307,85.38014758794503,24.37165021485946,2,MEDIUM
141.9590733946216,7.027507070480355,50.94368542922078,31.049824334886605,1,MEDIUM
165.2690068830878,8.188742340568007,39.44968985314446,15.695282510910353,5,HIGH
270.3291700416294,3.314031967037305,59.57938655135437,38.751923500751786,0,HIGH
263.26392971902936,6.562385308735801,36.36788938987993,33.61013324465928,0,HIGH
28.043255856502782,5.140596150621558,48.427055939127264,20.76711200978687,2,MEDIUM
158.1037261724631,8.04197471680174,55.99333508991423,21.461201282730755,5,HIGH
72.71154688694477,3.7833049942595696,89.6304922159905,22.87478755514466,1,MEDIUM
62.72508212672228,6.788607551829061,85.4784118905255,32.29590313786686,0,MEDIUM
330.92085989489834,8.939911706355822,60.99280000254328,31.44948999279069,3,HIGH
16.766086686503012,4.619354285754358,80.72025404266712,23.21591158925668,5,MEDIUM
167.67315036084852,1.599598786307153,69.80547453253035,35.82186875931011,5,HIGH
67.28146230660728,5.644457401076135,53.858929855464766,41.67123497801194,0,MEDIUM
351.7320862713896,4.113752390263233,80.81120404466994,16.305464329606153,0,HIGH
222.81620531001406,7.050028424924575,77.84494081264646,27.515899134680446,1,HIGH
92.5522545507392,9.559296322737454,73.33661095355214,32.805603556344295,1,MEDIUM
200.97091486655057,5.370474861971623,73.25688647302755,32.593056106109984,0,HIGH
292.59454388124635,5.195712071399805,77.80873946288838,15.586060409685324,3,HIGH
383.2472035677735,6.8912632017231426,56.918185884977675,21.31698197545815,3,HIGH
88.17840169816758,1.9314775323421092,90.83530705473916,16.854921639363646,2,LOW
354.47270885173805,3.2815557003251317,41.361549184752256,32.06895217649802,2,HIGH
373.7216456669961,9.270813929503587,91.87198242674079,34.36169663008401,0,HIGH
366.5682178128265,7.029483520273896,53.959729012239606,19.79226490270433,0,HIGH
254.16574274476395,1.1209963958507463,38.752213092603576,24.990333580262178,0,MEDIUM
251.92826177388307,2.841629253031179,72.00191818753909,24.89411230128063,5,HIGH
161.28425327352912,7.145535394260092,56.319066834928364,39.5940699476935,3,HIGH
300.95915292151517,7.8795928230631676,87.08498089724634,20.839782135874,4,HIGH
212.51760734037276,8.558736154066377,60.154982797013716,31.449423639769755,2,HIGH
270.9752284913178,3.629591230438404,76.79937678934769,38.48806537502653,2,HIGH
171.38316153951817,9.379257366498063,51.578059265337785,39.88734578691144,4,HIGH
292.59858561725565,5.976522042201031,44.66166625177381,34.99698282854199,0,HIGH
329.7886070418196,7.268851201491036,57.163432166417664,23.985832567856487,2,HIGH
58.57450264112644,6.370649765019172,72.47654842217034,39.69139724486568,3,MEDIUM
333.1718862296912,2.1046604920715843,75.98627174479464,37.2649808130038,4,HIGH
216.1186127161229,9.668031934463919,70.47446657086128,36.13407401487808,3,HIGH
337.8663636360897,2.105880219047374,99.16390030368763,17.020061966550216,5,HIGH
172.52068253640584,3.2939376077006526,78.37631305466158,16.297946419546488,0,MEDIUM
151.61619415321402,8.322650922006822,95.20637393178424,35.860958931047385,2,HIGH
366.02429300688897,6.567372653509913,38.25532364266222,43.34384403701792,3,HIGH
100.46770701936052,8.543342488387212,34.29610508694352,38.21171784189058,4,MEDIUM
337.68493011445725,5.641625695366404,51.769629140836756,39.94426699481066,0,HIGH
193.60822900376164,4.392939118299713,39.56122568634967,31.34946842549371,2,MEDIUM
205.6381770205039,9.296609495930065,66.81079697597875,24.13758432264222,2,HIGH
123.3873125957936,1.3262708576331537,66.32868774662951,35.332106903006526,0,LOW
229.21688024760627,8.705171983177413,70.25330165107651,36.35912626478078,0,HIGH
130.08447851048453,3.0773600666900345,82.16595165817509,35.26073915082021,0,LOW
15.707765696660925,8.63862694978571,97.99307901486239,43.40127170157962,5,HIGH
108.79944213774242,2.2527695207519702,91.47810840074025,26.015370997936692,3,MEDIUM
2.5516173626362715,6.221970673214864,38.285706770290716,16.189726168673506,1,LOW
391.34191482274264,8.992971271103247,53.69595821394601,42.253330582722285,5,HIGH
386.298883927899,5.261856822090015,47.90761175336293,19.814973565622438,2,HIGH
158.062118988922,7.7191000642305365,42.3772150445855,35.919550181622974,3,HIGH
291.3483417358584,8.242044560700027,68.13074136590492,41.19613319318053,4,HIGH
138.32243936416998,7.628447878451013,68.72850814229113,24.304241940439056,2,HIGH
268.4372628343904,9.327967631871385,45.90713795216429,39.9124572256478,5,HIGH
322.17201721839166,5.021508074679358,79.83280752146798,24.961743788143323,1,HIGH
378.7024978768963,2.5581289524864017,81.30400094186537,38.82773784708749,4,HIGH
160.0849103398688,1.430299573322318,31.46859963837533,17.09489588921177,2,MEDIUM
313.3191931824191,3.2181388267375457,57.70303926056216,34.65728996012783,1,HIGH
106.37138025284752,2.288777534922179,92.30984488411347,35.31414241736388,0,LOW
396.13292151745935,6.021538672910324,66.42230257706868,29.742774902428692,1,HIGH
10.307839505740457,2.6645080349055883,54.333946100729605,35.61272591588133,2,LOW
241.4115226004484,1.3504033656043406,47.757330611659114,42.695510116615225,1,MEDIUM
263.80239266053087,1.3239084598180106,47.03481639427976,37.01564474904684,5,HIGH
275.21822282965155,8.484125485283755,36.983762369556445,43.83888086953979,2,HIGH
48.155031515635606,6.323049382987223,87.20584933651645,28.458369415562153,2,MEDIUM
375.41191338925216,4.222767717040403,36.06601837759199,30.848721951118712,1,HIGH
72.47331162003312,9.048052384662222,50.46063361032711,22.912160917131203,1,HIGH
249.10136129593644,1.6317695026694223,33.197301699644726,44.56805003402606,5,HIGH
89.07043164923398,9.822898654550434,84.69705988065903,16.65410205483817,4,HIGH
122.88656680850836,6.5466261122901495,32.74985775587533,25.758612528504308,4,HIGH
218.58341669124974,2.651178285719636,51.581077270774585,23.930914943058387,3,MEDIUM
166.87736742583058,7.111621890792717,70.13081590606649,26.59535139384166,2,HIGH
64.09024039060252,7.870431338052064,58.669295220541066,42.53153581559597,4,HIGH
68.37456096833931,4.86408505033697,49.758974707437034,26.041136222055446,3,MEDIUM
167.25791526511986,8.754693456209926,49.263235069927916,42.509299581000015,5,HIGH
302.9131913102003,2.356591665668233,85.84532142043744,27.70016584989608,2,HIGH
359.1858587391154,3.509538252198475,98.17846665610716,40.64306307660625,5,HIGH
33.65106490375314,1.841431254255908,54.36287493141553,30.65250295502006,3,LOW
157.24156302376042,2.8979005654661694,32.74018595263116,24.340585302849448,4,MEDIUM
40.09822548915065,3.1485593072003053,32.55960445363759,28.48049396903662,3,MEDIUM
6.636992253039153,9.258698718295392,83.14493906475026,27.731432369346102,1,MEDIUM
264.6874730575826,1.7029871987604057,68.66588751263889,22.797421862566527,5,HIGH
240.9797767866351,4.846736081689385,84.85148601921313,23.689161899757202,3,HIGH
65.20764552595449,5.791588185042217,78.82479072020024,20.593617639331633,5,MEDIUM
93.52513323722565,9.088237484219448,93.52544444857776,25.08001671622825,0,HIGH
9.483101457807352,9.979265967950921,92.00770037326365,33.73217409747513,0,MEDIUM
333.9788822777615,7.780493034278522,85.18291769348241,26.596745061288935,3,HIGH
389.8762384194206,9.737118915121265,63.26324120295006,36.369696327788766,0,HIGH
54.183814717876324,8.083910192822863,51.56884853226967,44.6093450906386,3,MEDIUM
92.59008550611925,9.66882376874275,65.49187512112479,26.31303238453455,5,HIGH
347.3638095787736,7.365436533500096,65.14501251238765,28.87917642268851,3,HIGH
370.58551918247394,1.7178708290596396,72.71928842225364,19.923304708442927,3,HIGH
167.85095312272412,4.617281682934088,43.02682974480329,26.76645857337948,0,MEDIUM
20.248988907629652,6.819375554222233,75.89339163114921,36.80497352372038,2,MEDIUM
15.75673347712776,4.156466585088259,61.962064694407104,21.522143992273886,3,LOW
229.57994642760417,3.4604552630240075,73.41433823586014,20.461621459656875,3,HIGH
157.1580435572716,6.196593404197818,46.7723376043682,26.29124620947575,1,MEDIUM
11.460971031061806,9.401516890321915,60.40764257141485,39.55948457153194,1,MEDIUM
233.30095692502272,1.314836861645382,44.71408501167642,33.7097156913445,4,MEDIUM
4.521014635608989,7.923080831872939,91.27136097297611,43.727381327598195,0,MEDIUM
314.94878325970916,7.504545502401644,64.15727315290763,42.13621304782876,2,HIGH
122.57312908134863,9.675580828494583,45.74869909016685,19.53411590469727,3,HIGH
16.10320120369284,9.376401000992892,32.88460870190824,16.27658323821644,3,MEDIUM
235.34088839326134,7.8600930583977355,77.30170652574793,26.972842025842624,0,HIGH
159.07376577322188,5.683678882143388,45.0251299792829,30.662384364559188,4,HIGH
389.5201653428598,2.838407979101679,99.27075346231449,30.467118456561437,4,HIGH
217.67946500148088,5.907121464930169,67.35902613906202,19.02321803313166,1,HIGH
110.09567241480332,7.8881679452768845,50.22838973736225,18.74452296463831,0,MEDIUM
283.7755458535899,9.061022913741038,76.03742036548412,16.40582267337611,4,HIGH
108.59680101708453,8.107408082894942,49.26539464066599,40.52579778166201,4,HIGH
361.69731656302605,2.757402416719486,87.41920057368225,43.43232414204536,2,HIGH
149.88878820295056,6.397176828052535,51.57652356509593,18.47055060653915,1,MEDIUM
219.94742511048207,3.989561135782213,99.17734126771364,21.393671056473348,1,HIGH
20.229241529691542,1.0828510065157868,72.36013498117055,17.69588654204731,1,LOW
170.4484951808923,2.8019884220979945,89.10878042598642,41.32506513422505,5,HIGH
332.945415864398,2.0189858494010435,35.09708287048956,43.76126200608723,4,HIGH
322.25952214533675,8.584472111855217,54.38095921703317,22.853897301626702,3,HIGH
89.7274235414105,3.326556269330308,81.62409603163047,24.107514898061247,5,MEDIUM
90.43162840422508,3.5622817199879995,75.85413121384079,25.880090532388188,4,MEDIUM
326.9221248852947,9.639429146189958,43.59701850036304,30.07391278142194,4,HIGH
372.1593680677302,4.411780507439669,54.93420513567969,35.4738293593478,0,HIGH
38.14436850920142,1.086270761299551,48.44103852412786,30.131717497638725,1,LOW
180.0234557704901,3.554615335115229,72.93591188332901,43.530047450287235,1,MEDIUM
134.98171158569158,2.0736962254163123,54.11977606211425,17.99680375564496,2,MEDIUM
348.27538218297576,1.9252770556226855,51.63379694002448,38.95816536825189,1,HIGH
33.409965872007504,1.6973856112217456,44.51645863054392,25.03449272440413,4,LOW
84.45037702321497,6.339335231578396,58.63189846402538,26.326430642596428,0,MEDIUM
300.9873350345977,2.704129512668728,43.68518131375875,36.26488331130676,2,HIGH
20.517539592486234,4.251185146369094,97.37987111643426,42.88131329623137,4,MEDIUM
197.0141522857157,8.75815944517015,40.81512680467124,36.486023356607305,4,HIGH
176.842813871888,4.819043258166481,93.93133004711434,38.2758172613819,5,HIGH
133.76047159549947,9.241222150464738,59.99311687096073,37.523377264763965,2,HIGH
157.8289261275695,5.481442480560457,56.450619409320545,24.629358179511748,5,HIGH
211.97623477209316,4.589529533557801,46.19238606333941,37.70791299546744,4,HIGH
64.54694335535325,7.753500343816315,74.50294340572634,38.53562280659405,4,HIGH
228.7983513134371,1.658575888912019,77.98696105075854,31.002009619515384,5,HIGH
322.17293171999455,1.8053054468417566,62.729967357669224,31.10268716000449,0,HIGH
304.06437191606364,6.867763425306646,33.899482698539686,37.79162409187451,0,HIGH
61.55996187750947,5.382466419153234,94.2957105481985,39.51092586673222,5,MEDIUM
59.69978789658956,8.113737252872891,98.62303930134667,25.115863260920115,0,MEDIUM
107.26974709796534,9.246437536091783,60.173039064828444,39.04686652725872,1,HIGH
144.4298905364149,4.495301899043928,72.9562565186529,39.42627020026234,2,MEDIUM
163.38223256339305,6.367690239261816,61.52090383706227,22.02376922755738,0,MEDIUM
271.8788867333381,5.506269650157789,52.531575562028436,36.508522359501484,4,HIGH
22.67217286633416,9.834495900781896,35.41231550004653,20.59601765508475,1,MEDIUM
13.869081690426555,8.479759666209358,61.92474112781092,17.791473389643876,2,MEDIUM
156.76422517756362,9.205639374496181,87.2869189451616,32.23629036150683,0,HIGH
278.8654768551922,3.2890607881984377,31.192202276160252,42.25956596350197,0,MEDIUM
77.37413718259303,7.952737808463349,70.74753782261556,16.063770705772896,2,MEDIUM
256.6017925025007,3.3892590249788404,91.65404761086822,39.79504912784765,0,HIGH
103.93125517611979,2.878682800855509,45.22846010100506,30.194136321105198,5,MEDIUM
354.43444352540655,9.498395436899958,42.827910528234355,40.8268634616369,2,HIGH
358.2759777066466,1.1737397504607998,84.05936379913601,40.3043080551314,2,HIGH
118.9148817125306,9.688498332970866,47.85605017835053,41.25860414448866,4,HIGH
91.9975015852962,2.3433570728992557,43.438898729245395,38.0662186442002,2,MEDIUM
164.52158882649252,8.374942736139413,56.45924753984645,40.28977063640985,3,HIGH
96.21263407205949,3.4833029776129276,57.47514085891525,20.28075621603611,0,LOW
268.95353731668143,4.156320946876546,91.18707441115961,24.115594466248247,4,HIGH
330.42587381931423,2.9508194018978644,73.29104303535738,22.27458512421889,1,HIGH
269.2368523644868,6.269626382329717,58.41730194377125,37.272849111841815,3,HIGH
329.7401788997398,4.132859927570866,67.40715750000368,19.60929358101408,2,HIGH
158.79686488298967,6.916537355451969,96.7775663327692,20.466833711333656,1,HIGH
62.52678828354434,1.1408258614785938,37.925027362692674,41.36894162165828,1,LOW
295.1803789590369,1.5793739516353567,44.5400865207284,36.17646578738514,1,MEDIUM
144.18980205662155,1.896950374581238,97.37700946105888,41.2613993375726,1,MEDIUM
268.508330091653,4.77094316779208,97.0127393969043,19.180657747820717,4,HIGH
108.25757679270626,8.333165553939786,42.40157948853408,26.96941213683907,4,HIGH
32.491853922669065,8.993601193405445,40.15761719877088,23.49453510228953,1,MEDIUM
397.03271819510536,3.203296660548107,59.475959403703385,15.290432558389485,3,HIGH
62.48060317223971,6.1693275181511265,33.48028047415784,23.535688813161205,0,MEDIUM
395.3683975853924,7.915284934233404,75.84324725995981,26.38749755933638,5,HIGH
390.9119730265789,3.599464869276478,35.42472151632195,17.766589117281356,0,HIGH
317.52724156321585,4.6810696306264585,34.06207389659965,31.994626734804594,4,HIGH
263.76918483279906,5.715767824171426,63.963085534619445,26.495179874178994,3,HIGH
231.12282010043387,2.213873617672429,97.04506452770711,16.393849868326363,3,HIGH
346.4406181511339,1.2338406435320228,59.87571552442117,36.1193659460393,2,HIGH
115.77580864779517,2.3752522838645493,54.95368110623858,36.87839501523311,4,MEDIUM
187.0724849939508,6.641682591281801,99.85697008516001,40.03414328908305,3,HIGH
247.75598774660077,1.662564353803135,67.23782725454285,29.566217996009478,3,HIGH
164.47619034779643,2.707267283651155,56.2668984823174,44.059763920035294,0,MEDIUM
170.9945816361072,4.0406849712577335,57.01025693391213,42.42192433597369,3,HIGH
132.11386700083375,1.700830578757297,43.647164722345735,31.540548753003947,3,MEDIUM
225.6927266738144,2.72529344045471,65.85561402132772,28.348557932082517,1,HIGH
340.2298112060464,9.201428100851599,60.719851971760406,15.091032837087685,0,HIGH
80.61135120252514,1.1736921900428627,48.95567074431894,36.329835952177014,0,LOW
373.77321550137657,6.880887317569259,41.237806062123184,31.94863512149073,1,HIGH
275.63506149929185,4.459680378236664,51.78672080672876,43.126324364582416,0,HIGH
329.3092850720121,7.05383865489134,65.60783293814106,32.82696375723732,2,HIGH
222.47627705200466,6.298225483270641,34.08332905993612,44.7856828167819,5,HIGH
311.80668056962537,3.0114887891917985,40.762082000876916,40.61457815589871,2,HIGH
6.480158935786884,8.624885388160497,96.33600868783668,43.6079380744486,4,MEDIUM
327.3521699118141,5.427463443484211,67.99987457219373,24.829883138551168,5,HIGH
16.05554363414661,8.402824170221246,34.441451256202654,19.480079843017993,0,MEDIUM
355.965350545145,4.654112825693973,78.5161431138701,38.90616341385376,0,HIGH
396.78509889545734,9.862169985237152,34.32620090553243,38.58591308907397,2,HIGH
117.62698487071113,7.934404226511667,81.7211958932461,21.343468182166895,4,HIGH
84.12742251431746,9.693551846013161,82.49739052040188,37.942339624047385,4,HIGH
306.1453455432163,5.62893831018873,75.57552830244768,32.459200741242185,2,HIGH
101.21053636810129,5.2632201906163045,81.25431812335448,18.28575434705019,2,MEDIUM
346.2249532688814,7.7990842839273204,36.15760467091404,30.05350792710626,5,HIGH
41.13703686299068,8.922621367120872,80.87463866486874,42.93414002516035,1,MEDIUM
50.382078551743305,9.677312162790022,39.56818238067181,30.193726363356866,4,HIGH
391.6606220402462,3.9209671542924975,53.76541350902907,38.66096968660416,4,HIGH
269.53555930800184,8.18834116458375,95.9921677450443,15.867299599258697,1,HIGH
338.75488977158113,2.89581037871983,65.2012834361398,36.84244238587781,2,HIGH
129.7317509406072,5.910169120709007,97.71985024581097,43.405121584124316,1,MEDIUM
270.59349980824175,2.6186333356827927,36.22457212207163,29.985833546788072,1,MEDIUM
237.69673092343888,4.12657625575305,63.42896196942261,25.131297390767593,3,HIGH
241.2600480491788,9.382225304858133,34.368162419380944,34.399515146606916,4,HIGH
273.0129838150886,2.314816297957775,74.11471836794993,42.48783645279658,2,HIGH
230.14366925163944,6.691608056216769,35.509490095796146,20.303089516000288,3,HIGH
171.62494772106638,6.33658845634663,42.27574617782641,27.110826300681293,5,HIGH
110.36907775221874,2.0866451743808785,48.118121704849635,19.688708429455236,3,MEDIUM
307.4325323652808,3.933811393919309,82.41206961651383,29.899626966596784,3,HIGH
90.50897200127449,6.066833540637392,41.47734831726523,31.21266039091677,2,MEDIUM
276.94172246176566,2.684607480896412,89.26424373051475,43.32610844164981,1,HIGH
93.33312905973065,8.205612907715338,39.233275718156065,27.375454613028822,2,MEDIUM
250.13206798178155,9.749408585812748,32.46711143491095,32.008698406190945,4,HIGH
298.83130685161154,2.9328345996622485,57.65317932787675,41.557877221624565,5,HIGH
87.48555556261567,2.682207683115183,98.56091493799066,24.642150005284762,5,MEDIUM
23.977320344523314,5.094415646177001,37.723955945214406,35.2249160690277,5,MEDIUM
52.389497197669634,7.729887494260289,37.12029108277403,37.71485546466289,4,MEDIUM
242.3987869084102,3.5344054921172625,82.58165575569367,24.91584704061028,1,MEDIUM
339.77856249029423,1.1789191782755237,51.85131857954957,19.930235565919332,2,HIGH
17.998728494169747,5.870985652296046,80.20971320580018,30.0872862570682,1,MEDIUM
293.6605036166585,9.609405109905769,44.00074126103544,25.70405190399905,1,HIGH
136.52745838002085,4.52149169866251,62.205039593871405,22.99387295376642,2,MEDIUM
191.411347967809,4.781210987647904,48.57029144242425,44.20263932082315,4,HIGH
371.54381993822625,9.720115454026342,61.60697504153608,30.064590561045996,2,HIGH
132.7886018943382,7.251468504640555,83.83679648097126,40.69433081530271,5,HIGH
186.1347735757944,7.472547305579127,83.34069583343631,20.859522316300776,4,HIGH
5.472965904272442,6.064318048339609,66.10406013716064,43.18328294697392,0,LOW
32.63948800193535,9.771482897769175,94.98602906047357,38.83294303707065,0,MEDIUM
103.43663645391361,7.199798359830005,48.464887171379175,39.260764685674275,0,MEDIUM
11.140896328429761,9.055294764446526,46.821794578346314,26.692946255877857,5,MEDIUM
252.5501304193004,7.294409791598991,72.96644808228035,29.569109792330586,3,HIGH
170.559342720649,7.616042423563563,73.49079239517523,32.800629776960406,4,HIGH
219.25808109120882,3.6136982992802187,33.25780276954818,38.69296608615194,4,HIGH
69.85887435853182,3.731308282124371,72.54443986708283,40.47170256181313,2,MEDIUM
118.37281177464645,8.046861846184264,56.210531014431005,17.341359280558034,4,HIGH
265.52978994109003,3.6703566025290963,82.32097677243914,42.12187162599523,2,HIGH
386.12108945215994,6.064930637213784,86.5673965181691,43.12489957512783,3,HIGH
20.16670944088368,3.244170798160318,68.65076736829256,32.78662213070356,2,MEDIUM
356.15372834210643,8.352850427281624,30.119352205158556,20.602518397647177,0,HIGH
230.7524805244834,1.99451216104921,74.54560671166495,39.552444981104685,2,MEDIUM
225.56782670224948,8.46501975785498,82.42168957661539,31.45762843648797,2,HIGH
200.11141408310414,6.424568204568416,47.42882863620599,39.51589361149139,2,HIGH
27.757634361673354,2.6821858134436956,62.52522007985522,39.4442437976795,4,MEDIUM
35.950740694464265,5.878318469555063,97.60086363882517,17.601879470573774,1,MEDIUM
240.36480226363443,3.542489531626064,50.86808873758724,33.21064285111992,1,HIGH
136.38342857422333,3.9112060125744694,45.62072757292185,29.49432897806164,5,MEDIUM
366.90722663107226,4.1637523743719225,44.759835333460714,43.38358409998553,1,HIGH
162.6362149437889,1.5698732227508885,69.11605840477975,23.899238757761893,5,MEDIUM
57.312583481056436,9.873655159612756,96.48509709156045,21.18000318572775,4,HIGH
285.8875334008144,1.2838116531810169,72.60830904402482,41.91260568057464,0,MEDIUM
117.34136857640394,6.962471858658506,51.2326184166362,19.46146706700314,1,MEDIUM
210.18812294235727,4.3410488298168755,74.69988446472178,35.59558376173385,1,HIGH
279.133114202068,6.814092618520291,73.73896083184512,24.000594415254326,3,HIGH
360.1056444808282,4.206234277788254,71.7847595010758,32.035372664924324,5,HIGH
316.8764779206704,7.063755816329729,41.15983448218114,33.48658298523783,5,HIGH
270.54442714908964,7.563119585215247,74.4196759541496,27.521078458739,3,HIGH
271.85327295805746,7.214973763596803,60.11151167601497,44.248949407112875,0,HIGH
378.3698576128346,2.0256578322233705,31.301444103612337,18.954995042549374,2,HIGH
118.32963899861441,6.912039111892161,67.78351410032465,26.741972671102708,2,HIGH
0.444837678474963,3.519887945086876,99.24867216528924,27.911859806229472,3,LOW
108.78182375927948,1.2592123351240017,54.48177135907885,33.93140846988545,3,MEDIUM
87.1565518506976,4.733476047000586,97.58914528230608,27.217792745835574,0,MEDIUM
264.7338340455993,4.90188792523421,36.734401916381614,17.911080341164897,0,HIGH
253.4846399062116,5.2045672001720185,81.27150811071144,43.42289994542479,4,HIGH
237.38455308188952,7.3434174885164465,38.00309962639847,27.48237244916057,2,HIGH
6.49737728378148,3.7795942822821322,49.15001014886919,25.28021181651218,4,LOW
291.511221780259,3.837524617935303,69.95885847254871,28.40166372522014,1,HIGH
129.41216499419662,1.5449703061713453,71.49457857837243,21.497870463867674,5,MEDIUM
266.02239560265247,7.181390943930664,84.26479220639199,18.006650540059525,5,HIGH
222.63137140086133,6.110434822596256,73.07179850592075,19.45735437326588,0,HIGH
137.09237017116288,4.144826014244092,71.55302930663925,19.999644810106787,2,MEDIUM
53.8305068416431,7.346700810256192,93.86471608923968,20.930203146476853,2,MEDIUM
37.76755906419238,5.8362197430418945,61.651252654641,27.59880636678577,4,MEDIUM
332.60733324488945,5.223204512834857,45.76860450865385,33.716978071324604,3,HIGH
367.3590168326232,5.6019208929501385,41.32520095165412,33.866635140801975,3,HIGH
259.91521870571984,6.727133127403508,57.99962177666498,15.002927086857806,0,HIGH
41.37364594419335,6.9400234411713955,79.8926928635587,42.628730006952,5,HIGH
160.81088675529628,3.6006203722664543,32.97804394509306,39.68541541596965,3,MEDIUM
291.5756800420629,2.266690270520379,39.03373705565843,43.9181411830812,1,HIGH
311.9283536040272,2.409707630714669,37.42794220725476,25.799590341905784,2,HIGH
47.28744891643544,6.754517973127014,70.96751071360211,34.943978300681906,3,MEDIUM
0.012287538152966349,8.855859571904134,47.000525537188636,20.040622477682913,0,MEDIUM
284.854818352242,4.685466505109966,41.63815998109776,39.510990816610075,1,HIGH
142.63847039448225,2.5256814429651615,71.49395038201156,19.841031688631066,5,HIGH
101.7925326473041,7.809422484644692,83.29169408166655,24.77957102423249,5,HIGH
5.158987915810176,8.492405269775038,53.25084415168651,29.7250456784095,4,MEDIUM
216.11976270459988,8.925241988088699,70.47432239736173,32.83595006558251,4,HIGH
340.4602941703927,6.461482860223599,36.86870892396222,31.788990728601945,1,HIGH
383.05265850903515,8.746557034492762,95.4633721320299,18.062880351299917,0,HIGH
226.2979802453157,1.138734626035669,53.582732972034094,27.65028008591553,4,HIGH
205.78453109595768,1.9651222159257116,99.8253985221451,42.68727792617467,2,MEDIUM
34.02255419569644,1.8331846034688888,98.50114290948474,41.17105583255555,5,MEDIUM
219.5491206170399,7.413442158292597,84.5176414535068,32.7235056976392,5,HIGH
151.99163158615784,1.6262360518922112,31.40469667848767,32.16973726360804,2,MEDIUM
242.85411235343076,5.467279352196764,68.04324442690543,18.350255479479905,5,HIGH
155.49053915061867,5.254362087726602,36.078549430800805,21.0077835693091,5,HIGH
96.1196493801467,3.7963317120241684,92.65966181730613,22.579192278122882,5,HIGH
37.9861100913506,8.833646529478898,85.2745376853182,29.64587185571417,0,MEDIUM
125.9673778355583,2.533898816919964,98.0638263616978,36.940681442871565,0,MEDIUM
38.65793371510091,4.1721650595931585,72.58680672048567,28.821760668127745,2,LOW
70.75878032959358,7.967543500206362,66.55209631390366,18.781831255121933,0,MEDIUM
394.93446343181836,1.2738008295395582,66.32816991610713,28.180466310341416,1,HIGH
177.64142276264744,7.056553602217318,57.05138621180414,19.87899761246665,0,HIGH
212.74870660200662,8.347579537254134,62.80830470603987,37.534420550786535,5,HIGH
349.4474114948861,9.390410549543505,74.47888081947453,19.99502581213737,2,HIGH
398.22756019627514,8.886669764423363,95.30633252893941,29.4760196863337,3,HIGH
233.0857797378726,3.8744570515031667,71.71190367792218,35.80240807983279,0,MEDIUM
324.9895284176687,6.2772772719065735,89.9981159622157,21.845941918356257,4,HIGH
130.7764097346701,1.6956414383541927,90.39459379117505,17.280903229119794,1,MEDIUM
122.29758297891644,3.3208300319320774,66.31828730937815,31.898984282242463,1,MEDIUM
161.08148839782407,1.8480014087275665,54.32287490483351,16.626079905131775,1,MEDIUM
269.00290506945964,3.8366856113856747,74.77017113324567,32.633059289045036,4,HIGH
272.8766757020395,8.876684921128561,61.21141393403899,37.60495612758604,4,HIGH
126.09577385978032,4.124501557068633,35.7008607125353,24.879479750169196,1,MEDIUM
53.28396965465147,6.0570829270128375,56.44663703027035,29.650482272420764,1,LOW
252.95850258620342,4.900427633034467,99.58504966345275,42.862855146748394,1,HIGH
51.33034487550581,5.130248718688618,33.39583090184011,29.13326592526657,0,MEDIUM
231.39700329173203,9.726148466529024,78.76668383306486,44.89662184180166,5,HIGH
277.3688512225236,3.6653902143747215,88.88320935498729,19.710072340730186,4,HIGH
280.24459855778065,6.645920225708542,75.41081324327651,36.26801707449867,2,HIGH
301.3888442638387,4.780564026215023,69.8823761814303,34.57855794591762,5,HIGH
349.1437686262658,1.5503156294291758,79.52880918851304,41.169144405789815,0,HIGH
199.98359678591538,5.403977484618124,60.0539916109759,17.773296359716223,2,HIGH
292.0996758118285,8.320089961405975,36.39532161162137,23.4061977450545,0,HIGH
247.6690941463347,1.8887767181351953,97.36602280123672,18.965376772810057,0,MEDIUM
74.65597591907303,1.6263266265667808,60.26105389889373,42.99285366815764,2,LOW
10.275857947763267,2.3826836835394,76.57724660176123,27.799059739357713,1,LOW
113.81655427077351,7.879601002503755,67.19173058225067,42.301975366052076,5,HIGH
177.21348253504777,7.5159584573026414,33.82711503842882,23.832209830764683,2,HIGH
246.8423777714625,6.085159920154995,96.69226206947769,18.79104304084956,3,HIGH
339.9837322012821,5.214037636833692,85.47760582800262,23.89611818958049,4,HIGH
78.49828668246626,8.994932332323598,40.43685261285764,32.915230779841465,3,MEDIUM
50.21991595939084,7.900280414501342,98.71542134017868,40.35697775353773,5,HIGH
385.391978989731,8.307480261716247,81.58309605201956,26.561720796749906,0,HIGH
43.21782375056284,8.319360712155888,63.062515529981624,42.44425977760453,2,MEDIUM
191.39642804287567,6.784454392710022,72.79590395917012,22.32696179033786,1,HIGH
234.22549151732076,5.122131618843513,37.47156774102183,35.806220619113006,5,HIGH
216.5497683629753,8.782099773270854,69.22880570109277,37.071400514468166,1,HIGH
34.412862813177284,9.334066758429255,35.15627504119416,23.21888757991848,3,MEDIUM
22.81076560144775,1.2142543893250872,68.13986799835114,15.809096349015823,3,LOW
42.19337098441427,1.4639938593962616,68.68869821339499,25.95712026152266,0,LOW
234.235073549045,9.628689672175936,91.21071496125208,16.355884419184083,4,HIGH
217.73795505372843,3.494445524597753,80.75402501906058,42.022613262065335,0,MEDIUM
93.4963168146977,8.860324956844767,47.4686674550584,43.60575788802174,5,HIGH
255.10965673823662,4.4991560706526235,92.18982995314998,37.061397478380016,1,HIGH
328.02700082225977,2.0719005184842003,70.1269865393604,36.80053755941502,5,HIGH
16.631583938637505,1.7239888018840084,72.44656350018236,22.22678008235192,2,LOW
199.25197741921696,2.4085710917241085,41.82869584555248,17.21776729674254,3,HIGH
275.7241648410761,3.2490387538062824,90.04415171783798,39.0631390758275,1,HIGH
100.92477082787484,5.396665185377436,95.16755805115808,31.774857946601028,0,MEDIUM
123.10836211725965,7.313481105092052,84.24934546464357,35.448825923615246,4,HIGH
245.45516119575353,9.8775871883677,95.85267168515043,38.3892320425869,2,HIGH
359.1741173774948,4.9735606896025395,51.160993288564214,27.283028068568065,4,HIGH
323.96976812115975,5.663664481087989,90.27834178539398,19.336397699349533,0,HIGH
233.2520876398334,5.6963413124493005,64.22252000046197,38.85110398088686,0,HIGH
292.08868710289966,5.854909199391424,41.47420420605094,28.61296917685222,1,HIGH
145.92898808311946,5.65966591394016,76.81604193233808,39.807726925677976,2,MEDIUM
256.3862112395031,1.0789727955572603,77.88841894941152,28.130974402800383,5,HIGH
186.4726364510228,1.0155233989885664,50.08471596296831,21.510492253719182,0,LOW
75.97445458302437,1.8789968631351064,31.924533213929905,20.13015049961347,1,LOW
280.6953095509029,1.9140094308626094,43.98930813598943,37.317652696775035,0,MEDIUM
222.58585493952882,7.344072180593164,57.984428337172076,32.24667368381991,1,HIGH
143.44863278143657,2.8442442926439977,41.7294037741908,27.138087013940595,4,MEDIUM
364.5356760314523,9.052426942800516,43.58209637677229,29.763502685739958,1,HIGH
8.373647130693307,9.357456966193176,57.397346506758865,31.489158158596197,5,HIGH
126.3092604997984,9.783040041063089,97.32506300159923,22.18249325477388,4,HIGH
22.752559111058623,9.451731743983181,83.49704607853539,26.344967390930677,3,MEDIUM
306.6109264886509,3.4469948972667215,52.38238808585949,23.77234395329205,0,HIGH
280.84298164551706,5.587991602331613,96.61228482429837,26.65271540236882,3,HIGH
132.54088749452683,2.579094731772469,75.1952754581113,30.016866405537144,2,MEDIUM
270.2651608828292,8.255886896551898,61.88147512480981,20.200726171630976,3,HIGH
158.37489047837994,8.995885346296864,62.7810139268603,26.80545187946664,1,HIGH
302.5015165689737,8.661599553677634,58.75211274847743,26.564833299207706,1,HIGH
181.67346509468243,4.900302538271514,46.30944367821578,23.580114505267883,2,HIGH
164.91189113266623,7.8280649621810285,57.0642534549594,44.95488974407356,2,HIGH
373.8919661953204,1.878212526186425,66.95274688303748,17.208825269828743,0,HIGH
100.3516399562801,1.3622029355732561,66.96191455111547,34.28853417857208,1,LOW
48.17893599862617,7.779127728778848,83.32158315487627,20.23315819609307,2,MEDIUM
233.81724530378327,4.8281974689581535,55.11585000101468,40.18571967855547,5,HIGH
387.72872491367156,9.959943382656123,80.17586205127667,42.425896080279024,3,HIGH
151.13568549087466,1.8752879426997917,70.46642871380791,27.044339478268768,1,MEDIUM
24.81470545151261,8.700649133817103,97.32917831687841,39.704353482621286,5,HIGH
135.72210692382697,5.319847589760926,56.96994482237879,22.497283480501814,2,MEDIUM
202.37266172782338,8.444351759534893,93.08515249825533,19.20205521987785,0,HIGH
64.76920265288548,8.354145539531304,87.44497831088026,24.47634799207833,5,HIGH
263.2408872225968,9.243928012258696,74.63649992126199,25.250220416731416,4,HIGH
399.09975560408026,3.680650101574925,75.81601267194822,26.920726343567367,1,HIGH
180.69579039257752,9.548194181158028,35.92549542244875,26.188768258734562,1,HIGH
141.89142269208506,2.3650026432185824,96.51572239154027,27.334333585515118,1,MEDIUM
160.28166673378666,1.7377189983414147,37.48552444470207,36.3010009741539,1,MEDIUM
46.05847135808045,4.8845396563511425,69.42633161204549,22.367403985972057,4,MEDIUM
353.3094405704895,8.454906717776584,53.104956031440814,15.55726787295365,4,HIGH
165.9302622085408,5.26079017570101,60.08963848028962,29.69041654143815,5,HIGH
154.90976456993653,8.463580097774628,72.71281075857719,28.44873732614592,5,HIGH
263.87610917218973,7.567181252148747,93.6195964517625,16.801949695302913,0,HIGH
176.81336837244942,2.884855475250402,62.0296986500611,19.014042045042412,1,MEDIUM
259.2933875231384,9.539934624095174,99.14106887145088,30.297626840546815,2,HIGH
24.578516052315003,1.5470305176646306,71.49684457460498,22.042522800587378,3,LOW
325.48933748889095,9.084517367894154,41.23877598495221,41.32794882424341,1,HIGH
376.20158115176105,3.739991040913366,43.30065063818766,20.198774593784854,5,HIGH
259.5061544637544,5.5013327484795935,80.12777249124758,15.603678955455488,4,HIGH
381.8263715435243,4.801166854306611,33.52784559703672,28.42691308173181,0,HIGH
60.572925747985316,2.5465110122522456,63.62391033555588,44.584893318247666,1,LOW
190.96647579214147,4.223321797615238,40.37533768624616,34.01617578919429,0,MEDIUM
240.7226935781789,2.7364099266351576,60.325304462449154,25.62089163785773,2,HIGH
232.69465896847467,2.834978279144715,82.49421954502037,15.50604034403575,2,HIGH
160.58471163561728,2.683511524237423,62.11690497690039,29.548453192266805,2,MEDIUM
135.23376374650456,5.401156423119348,41.44157762866489,21.193980064152907,2,MEDIUM
50.72960902016752,8.18138230760184,47.63477592496497,34.43262256339938,3,MEDIUM
156.69698022491127,6.120730303851169,55.72777120565277,32.49025481193904,0,MEDIUM
65.06432604219405,9.038859296957577,34.86928284404903,22.95641326161555,1,MEDIUM
293.74627059688737,6.728900397190518,70.90363452567854,17.06648202656015,3,HIGH
83.53237419783599,7.20406104069344,72.52736538946351,37.650575941210036,1,MEDIUM
23.42612211381354,7.008465067543028,34.350634899279726,32.56392283778827,4,MEDIUM
220.94645512689374,5.04513273865367,58.161792482191345,40.26378748525885,5,HIGH
238.09189308776064,7.204049399800745,58.980047801930745,22.79400046910149,3,HIGH
348.7652245122022,1.6273697182206504,53.367369798682084,34.58586194341236,5,HIGH
230.79264496707276,8.738663247240968,69.04178182317783,18.56041501586055,3,HIGH
138.1923414893783,8.000309290995256,54.217024304207825,23.754297237505313,5,HIGH
321.2047526105282,3.2070696240851095,59.148649563446426,34.69617335632108,5,HIGH
216.11155727496842,7.912292088286741,85.8266483209124,39.76743915434379,4,HIGH
31.712113852476698,1.1137834126001664,41.3476548801141,24.627765052300404,5,LOW
226.34022412529868,2.9552191523279236,73.33802867123947,38.96560669669503,3,HIGH
363.20741816866496,1.5862351480380634,65.39160811835919,35.332573808198475,5,HIGH
158.52505019928822,8.022042249561052,51.35501462355444,25.460243145227995,0,HIGH
118.53032075992003,7.802867360605485,80.92742595432875,41.29190813233318,5,HIGH
57.38778280720802,8.322724214216475,68.58318516788036,30.276871981062936,2,MEDIUM
60.57820877414293,1.0403352399297594,63.415306887248676,34.44740467638247,5,MEDIUM
173.10859373672756,5.511094540105672,76.73685203398401,29.868940257104406,1,MEDIUM
238.2719296646118,7.343525777656028,86.16032155869526,28.58159881472304,4,HIGH
32.2461620678407,2.398610158651139,98.08681530235033,40.43933151716569,2,LOW
375.8274356100663,6.848116547613622,74.05452578634615,23.84113245115877,3,HIGH
302.05344697807834,1.7569908937871714,91.2107989780268,16.09887667091174,0,HIGH
234.64956731346507,2.6319327049388184,30.076407871606985,41.39347930634884,5,HIGH
331.3754683755963,5.282171334951409,67.11649849081238,39.75071859153549,5,HIGH
32.07470272484532,6.882086374129918,45.02532841391387,25.99681423708838,3,MEDIUM
190.73555109324977,2.312822142585065,36.5934719958196,20.563534161156337,4,MEDIUM
252.03725074466536,2.667009977478441,67.23797119450745,35.266009291454125,3,HIGH
331.4611624473157,2.840017303590967,82.27785543043659,17.36282710906918,0,HIGH
313.38782401970707,3.148307242290806,58.85907657320658,27.712642666164257,5,HIGH
110.82769988535985,3.038984636736621,76.90752145411045,17.575869646200935,3,MEDIUM
376.3520678236817,4.5563419764787305,64.2803477688665,32.937290259862884,3,HIGH
49.73833657234814,6.884106857530506,60.59601061715982,15.816251514288899,5,MEDIUM
350.0534474484609,4.942286048210227,50.31796483051025,33.87715126902935,3,HIGH
388.3760998418474,7.983765178748993,56.78154601507032,35.1961671986819,5,HIGH
70.86140928905023,7.473416553537533,54.48569415560995,29.61433423875453,3,MEDIUM
288.82642568151414,2.138742226441681,75.2331028810417,20.250219878928355,0,MEDIUM
16.114207511199385,1.4395746098866953,38.121295789539765,18.041818158816216,1,LOW
162.16913005566198,8.901474075996454,36.48454580814642,24.3987704441101,2,HIGH
206.5133196790696,1.7184795990658608,76.20090959459222,28.956200388000372,4,HIGH
232.25809036385363,2.3350526264774176,68.24086489152165,34.266249505345336,1,MEDIUM
374.3748992994238,1.1991994800230625,60.11400677198603,15.037503825554989,0,HIGH
268.90027491767785,6.655027287687884,40.67100190855325,36.33191757706089,4,HIGH
192.5111804876948,6.241335068425137,58.771897830851806,36.38135796375829,4,HIGH
323.87001450635574,9.882132997917301,85.28122343240082,28.336134194774996,5,HIGH
380.21312838176357,8.982391566854549,92.27348650524799,25.302193372438552,5,HIGH
8.826459472916337,4.6975885973281875,79.1803598974954,40.26925694011076,3,LOW
393.0085089024155,4.344272568212815,34.19385231166166,38.53762446093684,2,HIGH
34.45285562547213,3.6716683085198656,76.9286843620783,44.49828265553172,5,MEDIUM
325.75471170750455,2.3716622803409324,46.86899126824062,26.157924160168562,2,HIGH
112.13390102056499,2.2427529094180816,52.06758701184835,42.20497814571295,0,LOW
52.8718631015487,2.1905533720864487,43.711124557198914,17.62205657678857,5,MEDIUM
175.94225588553397,2.027032814681007,84.30290534341432,27.343981987525567,1,MEDIUM
257.5826317790454,3.164608381649832,75.40214858460953,28.96122356245977,3,HIGH
152.38073800939,3.760017672818048,72.82845382194266,28.226229486103747,2,HIGH
21.826163313079583,9.654210739350242,76.75808267684933,33.75294565293371,3,MEDIUM
239.78445586348664,6.206259259016972,46.574058298273236,20.106235165145065,1,HIGH
360.9613104442699,9.88836197061953,61.12510900277532,40.993565151787564,4,HIGH
153.28614637890067,4.352202530431059,74.32776050842924,31.55292055618918,1,MEDIUM
86.53311105233081,5.118639693304969,74.56158193328102,42.126286440397934,4,HIGH
177.03093837312616,3.9212079324875124,85.42963039285914,15.078949320644542,1,HIGH
19.345084419512347,2.645988858068974,50.097277668167735,33.899643407789895,3,LOW
328.19503379210994,2.2884823699982126,83.92352851877757,27.373735405644986,1,HIGH
330.5363243800747,9.505712780270487,60.812913643185496,30.152971852483724,5,HIGH
235.20018537185138,9.881296136188801,76.91208844412543,37.314135323408564,2,HIGH
141.2411555753558,1.404185468578584,61.90035660457008,21.814552450100688,2,MEDIUM
319.9133457783133,2.353112872585899,96.40271188536603,21.14698305643164,0,HIGH
221.87480991534687,4.811716830709203,42.551158531915114,36.090234532114295,5,HIGH
330.3729234200065,2.677001287099666,77.250356200765,30.640972768325405,2,HIGH
252.58351703320824,4.274923542641949,70.35745005377112,22.00917294185071,2,HIGH
313.7621892851189,2.1618671487367003,42.09117286634212,29.52055904008246,4,HIGH
239.425197287104,5.108605810496112,34.620443506816756,28.786752173314788,5,HIGH
165.65642728626648,3.4452515455233335,85.94010722801644,35.74333282245935,3,MEDIUM
383.17834397045505,4.167145501827948,41.021593355238565,15.079833108578383,3,HIGH
216.4455299515379,1.8488138631647284,43.05546779500432,32.60280797314449,4,MEDIUM
242.03580741621536,4.853152456391276,98.49039567923275,33.170344515368264,2,HIGH
88.1950557658997,9.849318498654128,80.20825960336416,37.3653041156376,1,MEDIUM
250.26031577091058,3.959497421930713,47.534078912085576,41.67691398106347,4,HIGH
228.64305979317754,8.887863473581916,71.36642721061209,28.205693913350665,3,HIGH
73.93535917880997,8.588792274613166,67.38782868817593,25.27560672926653,0,MEDIUM
23.834838941257487,9.568525764674895,89.11312872596932,18.069611325338588,3,MEDIUM
241.74372788590844,8.110985610403851,81.05245234828371,25.10507534679699,1,HIGH
305.47690774012824,6.936371443529334,88.22047878452301,17.05453993333223,3,HIGH
209.36054836880328,8.709259998047118,44.80546115841537,39.084606160243645,4,HIGH
90.70905012785828,1.6808021259161467,74.81534430569036,39.2101844353751,0,LOW
266.60879067721396,5.16547591478927,32.81686008928662,27.517129718843343,3,HIGH
32.0422906438409,9.90330614753553,34.8258428595454,22.789237016294727,4,HIGH
176.73348192078186,7.92640136165259,79.94689228932181,18.540602263568154,4,HIGH
65.34670335936808,9.658678402335008,31.709407185075193,40.53711498065539,4,HIGH
73.78362042395335,8.016709205201312,70.58355062303565,41.324858351562156,0,MEDIUM
80.91757966328146,8.873937706979298,88.8283568911171,22.98868843769442,4,HIGH
154.68282281759116,7.358766690728719,56.59592658926201,33.65281645403291,0,MEDIUM
20.46008224815905,7.844518039755158,33.13883057879389,22.75960994371166,5,MEDIUM
159.11737637163927,5.708602088555506,79.96932147401088,21.753798814307363,1,MEDIUM
204.68297884588034,9.318139307327197,95.07805167249056,15.636241518942459,1,HIGH
193.3177139865301,8.425350195610255,80.20199744407876,32.314782527581876,1,HIGH
153.1136401612162,8.59496469099069,70.49130701019428,19.498246295566716,5,HIGH
335.658643228301,7.057081908667471,46.102018091534205,15.371135486007958,4,HIGH
58.13067696820164,3.741219523785241,31.07629368311479,18.145534930104517,0,LOW
202.2786975125496,1.3206681585112539,78.62704759353372,24.413075747634416,5,HIGH
24.81656678262172,9.420896164685901,46.17183230910051,35.074895703351345,1,MEDIUM
28.462271551163898,6.275083139249472,90.07138740276503,21.078691599963754,2,MEDIUM
229.54633987083852,3.683286740333262,62.645488318282794,41.627716875950156,1,HIGH
226.4073699551284,2.3422159706278403,67.14449076607194,23.6546523114885,4,HIGH
351.2134051377828,8.465708489506792,82.77555809864566,24.936788682709498,5,HIGH
223.14947026402928,8.528681750028209,84.56014254623402,21.539315398559317,2,HIGH
383.91640816194007,8.330571713174784,74.98555831563976,22.61416011215515,5,HIGH
19.477939359971906,6.8057442277010765,95.69022707889201,17.224053436594254,3,MEDIUM
39.203073912296425,4.294138488326883,98.76089054242935,23.843117361485685,2,MEDIUM
17.62634462815256,3.736632563022313,96.28198110622318,40.78852378801869,3,LOW
74.11074013341602,1.0769929310635318,87.69254297407605,35.652736241868396,2,LOW
216.50804437667125,8.502468028194162,79.3937654170976,41.2580461159685,0,HIGH
258.2288725709712,1.7868942774427823,76.43281005171673,18.145770431380697,2,MEDIUM
18.23406317946752,6.676794982366909,37.26251238443737,28.66849892526477,1,MEDIUM
378.3883559382397,5.536674521560795,49.003904277337874,21.87764618940345,3,HIGH
336.8661506601524,5.74020423033716,30.39817564705639,36.636467716684436,3,HIGH
118.64499286283726,9.340415607769959,39.618690916379435,44.10713474177672,5,HIGH
30.875012090587184,1.284535101441179,60.74606340184319,39.46078437150864,1,LOW
67.95482928762291,7.9605300216589505,40.257558555235136,16.058345002530192,0,MEDIUM
50.777765501989066,1.4684715853057642,93.11643902737305,24.499790839327027,2,MEDIUM
49.31351171957874,1.343382453418395,86.39894297346973,15.857390713515706,0,LOW
207.42467546629356,4.868359283272437,35.012833846266275,16.205009007929565,1,HIGH
98.33897699736012,1.5676765690867005,47.42396008270862,17.385459124932417,2,LOW
143.2558866116578,8.102295561636208,87.33503192280563,23.289807869116856,1,HIGH
395.802133353729,5.766067842835035,86.21322885919115,24.126083029143935,3,HIGH
273.7256995701379,1.26134904393797,96.18153850824521,27.013605397046646,3,HIGH
379.59226681880057,1.3645061783372756,99.82834331321521,27.147932833988882,3,HIGH
57.022622013246234,6.514016767655314,98.33890442687853,38.14227035529543,4,MEDIUM
152.85578993302772,8.255006358925645,58.709659000500906,19.242097307366993,4,HIGH
221.89272131294172,4.940195781472962,47.522991066142254,19.73221847412773,3,HIGH
30.703224755495206,5.991226043820619,83.08871332989438,33.797671550167024,4,HIGH
1.6749774511831461,8.198465086449115,50.949102492082154,32.1522645657749,4,MEDIUM
268.173733518767,6.4945555663763725,86.44802520919308,19.620141164463373,5,HIGH
256.7278067205741,3.0228421389293754,67.3768311278547,40.56793280561757,1,HIGH
164.31552399984471,6.5174682328253075,85.57490926644678,24.871782423036223,5,HIGH
195.85763041281305,6.654515131586922,49.311591580190736,26.009020456334586,2,HIGH
166.17720023683583,7.60696282793014,65.56191208876746,27.613802425037655,3,HIGH
9.602017937955543,6.587867688011211,69.48166555215275,24.681056122168073,5,MEDIUM
134.14864248698498,9.723179174122341,96.01756474040924,31.723651568178795,5,HIGH
70.83290215891593,2.775594778453616,48.66183037812921,26.659431694745955,4,MEDIUM
39.3696756405475,9.559816116103686,95.56817674994262,22.78304177835863,1,MEDIUM
382.6881735557399,5.845055413150146,86.34012408260011,42.13424603132323,1,HIGH
239.74389001686626,7.047605264454209,81.16258378606867,24.250522204204643,5,HIGH
291.4625136946411,1.8951543770697086,85.08091884295877,35.95466776406465,2,HIGH
126.145497306447,4.4251834724029635,72.379753211604,25.416803110706887,1,MEDIUM
157.25885179760607,7.924412318168554,47.085600732374004,28.056599606324156,0,MEDIUM
94.76959755868938,7.362199135890913,43.26464781878969,22.07830570203995,0,MEDIUM
38.786268386169894,1.3612544934886917,90.64390050952733,37.569888581617626,3,LOW
71.61265497663352,5.919348371475201,80.75975818170832,37.11609754278759,5,HIGH
319.0056181185943,1.794503736715685,44.924299793266435,15.667198374243005,2,HIGH
271.0183220735103,9.96270786260346,73.05653561120812,16.805821209038754,5,HIGH
218.77155039419077,9.075669296799651,61.32825369899567,42.67129364234819,0,HIGH
190.03594914670722,1.1897259438568326,41.105861897416574,41.664805417135526,2,MEDIUM
368.9737134624498,8.727846210123676,67.22999765500151,30.18261578335591,3,HIGH
29.093979111467362,9.27486640502567,49.70633647264921,29.800721746750092,1,MEDIUM
112.24032529516639,4.181934003071095,36.73708869103001,39.372725231513776,1,MEDIUM
139.9751414282856,7.4755148954298924,62.687080898178756,19.153504406546368,1,MEDIUM
312.97032488511513,4.97893371587001,71.30759864654934,34.61097364037877,0,HIGH
397.00584806478855,6.897092361187097,33.28344872668053,29.279489834617785,2,HIGH
96.26820590286123,4.062856638683723,58.14649245876978,37.29993087946869,0,LOW
349.7229336548322,3.9030331296994154,48.036334388567965,15.903083739359714,4,HIGH
332.2491041727165,4.8199049997182115,32.14554134950627,32.78176649171816,2,HIGH
89.86295905670664,2.3101098278725103,38.79637847280541,31.70184645646673,3,MEDIUM
159.73303207968902,8.480250679918443,39.732391117286426,40.22544988767556,0,HIGH
163.86914771700765,4.13828105825473,42.80119736825798,35.30508892665084,1,MEDIUM
391.28826741062335,4.601345985152607,86.23643000065448,41.40481075186913,1,HIGH
72.35676055155933,9.046491514319301,60.764430653469745,41.61819964927677,1,MEDIUM
319.66318844191284,5.469614326568542,40.29601945892708,27.244920026991537,0,HIGH
133.67708566924398,5.898285184157766,37.020787684952246,19.123024012554396,0,MEDIUM
292.34813831046415,9.608483122993887,50.85583211103274,33.90850967466564,1,HIGH
168.00440171826514,8.980537448304903,85.86108630931166,41.21238295225531,1,HIGH
231.343905246616,2.5252003799959555,55.51218935577504,17.248600325842823,1,HIGH
333.04470933045246,5.258935269262945,41.19281522057567,31.737698192539924,4,HIGH
321.66622599355367,9.74166604685691,58.288132708231196,18.449985799794717,0,HIGH
346.56927341588005,4.351296684057424,68.87180901009403,15.809879752656059,1,HIGH
23.84693013786361,4.344157976645801,32.07089285466097,35.389060618225,3,LOW
276.82022121589796,2.755272086102389,73.93492610081212,35.45548835616492,1,HIGH
55.994950688705146,2.028908027072127,57.65705271103525,33.019741349890865,0,LOW
166.3274272073644,7.662743116803836,30.680811259183606,40.77668411705392,3,HIGH
219.43536602187538,7.930274218313649,77.17225792624666,17.42629319380435,5,HIGH
161.0957938987323,9.721116671527,79.86713448938536,18.15780785096278,5,HIGH
207.84467032120298,7.960763898148267,74.0187851991078,40.93606313938342,5,HIGH
398.61052351944767,3.1901724463023884,53.935115231889554,30.098301596587895,0,HIGH
54.08692548514189,1.3610492045966391,67.07233978461727,23.191584265147117,0,LOW
270.18241813457024,9.868936459326942,57.101039429340474,37.14470933955862,0,HIGH
158.4003865542461,4.0640562598924515,79.0435211111786,41.832111678132065,2,MEDIUM
53.20391956293151,3.8077438818917866,70.8506130363582,35.68809858608887,3,MEDIUM
63.494705349723816,9.153596887744442,35.72593796792148,38.75797790035347,4,HIGH
379.70924249824674,6.265899086904875,75.01654907532982,23.474917205855775,4,HIGH
351.8405986847048,2.933840564642211,78.10668900364611,23.66326078231627,2,HIGH
362.81678416600874,9.001866184446156,55.94915264302895,40.923716410638974,0,HIGH
396.6131103309546,9.94024769549269,91.3050046671793,33.44588545965646,4,HIGH
83.32615600340718,1.7801070503574765,89.01100483914739,22.024882550212094,3,MEDIUM
142.1757349456247,8.760264654722384,42.26165667298165,30.724854463866365,1,HIGH
267.68761196994666,4.514641279159546,93.2986415940108,35.57581414416748,3,HIGH
193.5210159442589,5.716652018560339,60.86106600465543,21.556472437523638,0,MEDIUM
167.3558133513334,9.233343781884827,80.66247568440053,34.64719224623208,3,HIGH
143.12449973423722,9.760412761976054,86.98679048770651,16.264345494533032,5,HIGH
237.5122527773809,3.3594751936791942,65.3578694748783,24.110748690124836,0,HIGH
230.2373714560328,2.915656938639224,57.9371357559571,35.219154351783445,3,HIGH
64.58313362569604,1.7246490273236068,94.08159580305689,19.480471964697045,2,LOW
188.69593500737562,6.056180673959242,46.15974870547963,21.66597091927497,3,HIGH
221.38871048393995,1.1224395590560143,47.987905440340114,41.37279871075168,5,MEDIUM
228.1147754925562,4.707084678489429,55.313421980940596,35.22963298294825,4,HIGH
84.04287716494072,1.660456149868077,90.16260445793958,29.967561307700215,1,LOW
296.90855690091473,4.647032046364005,95.71517849491532,21.326801763823568,2,HIGH
10.079637928427854,1.3593897033904834,45.40474003284033,25.24228969746774,3,LOW
141.93274221726506,8.51695534547892,90.47091033418718,32.229914948620774,0,HIGH
312.0850594142534,2.887650945447093,48.07420716279985,19.659377817140054,2,HIGH
225.55716842216094,3.9547783932212077,97.94488727249217,29.452322396945668,4,HIGH
104.4649730043441,8.830431969457527,71.81855243871075,27.26923182414067,1,HIGH
277.98124773721906,7.716394551989846,30.49605272131677,29.300620242828547,5,HIGH
226.95637766242936,2.971345254778526,32.38909328498245,18.166824638408983,1,MEDIUM
318.49744378255485,1.6470947679174643,40.32391715632959,18.19491261135086,3,HIGH
294.01007447592934,7.441063991698056,43.13012104731297,43.923328582389644,5,HIGH
244.04316881449387,4.516322956192984,83.73333859786176,44.38103201174306,4,HIGH
195.2710701243256,7.894719992063991,45.59361134918649,27.78493973735455,4,HIGH
53.27285026700936,5.007652951376894,97.83991340349019,38.66986360952512,1,LOW
104.5332071541535,4.114021716750488,74.52784400420569,34.67374280769231,1,MEDIUM
167.6397891668341,5.060848673911568,78.47622564774625,18.50750563855167,4,HIGH
239.71971480255547,7.73703087103609,45.24715634996453,23.90035972004093,1,HIGH
205.48314208612192,9.119982578863366,92.48944198665593,24.409542259335616,0,HIGH
115.27381038381179,1.4479047692971798,76.7470200973952,32.873233045776715,1,LOW
2.5857431158842203,5.717003871042596,90.50839370393047,32.3993013694341,0,LOW
198.49568876032558,1.2955188617548985,96.95367680618588,42.70526081108267,5,HIGH
114.25039542489723,5.215685905219228,38.79486839767175,38.70108941928822,1,MEDIUM
293.84332028421403,8.967545461872103,36.7611061188262,40.70542993808921,2,HIGH
9.578506108193396,4.254312397782787,86.2385478612745,41.73685840833028,2,MEDIUM
233.93112452231634,9.39205378972579,90.62882413659193,39.038300176649415,5,HIGH
376.58969500242614,6.675476244855485,70.863299461459,24.986437831713232,5,HIGH
69.76370684459981,9.407398094137058,55.620038342536446,21.450389140035,2,MEDIUM
188.65979630023816,7.814499628712677,75.68407452526566,32.15302014063141,5,HIGH
36.56879672685527,1.9309164998388606,51.39648508147201,35.68704949359956,0,LOW
250.27276490454105,3.0803623080640934,46.68699845074277,26.597039068894972,0,MEDIUM
220.21267223849023,4.547534091251556,64.17016466690859,40.45015949893531,3,HIGH
162.94620968513294,2.530961938108684,45.130767932446574,43.8169977845395,3,MEDIUM
208.55080858949648,5.454204442989945,63.859252582062105,32.081871784120565,1,HIGH
358.6298633876041,5.242313401313416,96.96245538245003,28.697761866486548,0,HIGH
78.51772092442681,9.606332782246431,88.78488249321734,40.286613508275536,2,MEDIUM
9.025804682138894,4.9035509460638,95.91416436500157,15.7280864096816,2,MEDIUM
344.66595387964037,8.07064123859198,86.4430282393151,18.870378475027444,2,HIGH
230.8468329551626,9.47719490366332,54.83256551623937,40.36972977018803,1,HIGH
356.26338218473694,8.89289947876587,86.84316669860914,36.960857569439774,0,HIGH
238.77808936526904,2.8780086206043265,94.60410204872498,27.48410094612978,5,HIGH
324.06443598388097,5.464269048281898,96.2925051485938,41.665555731732155,1,HIGH
171.86934534205918,4.129658040663331,77.82384954794979,25.543748629361613,5,HIGH
299.9439725153075,4.598728256234939,44.795665067057925,34.01536073600752,4,HIGH
365.2165867559424,4.247261436211761,32.78104073552836,34.030034109777475,4,HIGH
228.8491854888825,8.437232891575038,40.3040159712109,20.529956778427085,3,HIGH
72.31406022495182,5.069251496102027,97.58828425257617,23.545552084921738,5,MEDIUM
107.51904601207927,5.713248990202194,62.34677769349386,42.48020768088257,0,MEDIUM
79.45783075896232,9.842026213423672,89.84902103824402,20.50244561380251,5,HIGH
98.74281103829317,1.539813449723648,62.553090749080376,20.207238655428736,5,MEDIUM
122.56617974041455,5.391618758116739,76.25723084218876,29.38846421201622,2,MEDIUM
222.0535147012754,7.966555362515045,31.689854398563355,17.76592104713523,0,HIGH
235.1966517855331,2.360457623694039,47.49054599035567,41.838785669531205,5,HIGH
170.59989889674446,6.503784351532965,60.538849602981244,18.004474149374133,5,HIGH
246.16831192833416,3.1551830158102008,74.14417330079142,33.496724305223836,5,HIGH
32.62997024454637,8.806637019021109,42.00648316372249,25.193455693359542,3,MEDIUM
35.11529482326399,3.943896988600714,83.5186024989343,39.12818656413101,2,MEDIUM
68.73178414306338,3.961565352108186,55.508329429536616,32.694322373026154,1,MEDIUM
207.2309992161379,6.383744906661041,87.22046884637192,26.649184232383146,2,HIGH
85.59787147932542,2.6520661730791786,36.85783632765471,44.51618953634433,5,MEDIUM
113.31376139703093,3.5639977501275495,77.58296113776603,16.98692965396592,5,MEDIUM
160.12513446919763,4.749686651074704,50.532983324455714,32.3335890969203,4,HIGH
324.7464496041519,4.182740768260993,85.67682218858326,44.687049346321345,1,HIGH
5.544854365144047,5.723894962050242,58.15192989296874,35.728579296390514,5,MEDIUM
259.75152809464896,6.396761296620697,76.57447425844965,37.193088949265785,2,HIGH
267.55061241627413,6.100007083751481,95.40136880455314,15.962734337384578,1,HIGH
319.46231214265464,6.88751480792739,31.443864240963507,15.640894892908872,4,HIGH
373.1011756241253,3.7697456494703823,30.778174763406156,16.083303359465784,4,HIGH
8.05513957971593,2.1378360443952524,83.91954765236994,44.75171706528696,0,LOW
61.51348220528647,7.847267872879694,75.24751360556547,44.38559282222555,5,MEDIUM
354.4685176223972,8.657023443676138,50.508580435310286,25.035267772927853,4,HIGH
183.40742487480614,3.31305609000189,64.60776919419837,23.729454487974866,4,HIGH
225.83625557338542,4.663827605422178,32.93549659192081,19.37876236553533,4,HIGH
265.21088148925895,5.487122952671998,43.471192375286854,24.874208974942754,5,HIGH
271.626641798255,5.799941584776428,59.71474621690172,26.10449791641811,3,HIGH
372.69616132660326,6.935411539788866,88.38310913550376,37.44848450277101,4,HIGH
398.7797669646679,1.374429100197892,63.576702800205936,40.98880658759204,0,HIGH
288.0629843723761,7.493293744606153,71.04537531681851,37.40205359224164,1,HIGH
114.88848368206033,1.5577390628146923,91.16276543956462,34.39425303286718,3,MEDIUM
351.90096091773745,5.214597109055811,51.61732395121917,37.97700234266394,1,HIGH
19.688365816304643,8.449040220122747,79.04895247714391,37.154924374554156,1,MEDIUM
92.43234114979848,5.0609378195055665,90.31670810747772,29.272490811911844,0,MEDIUM
358.95428698548596,2.34180773891423,44.18309904873237,25.075542073840737,3,HIGH
102.47660577574197,9.865304605053637,54.95347156034828,23.483421506327986,5,HIGH
88.26042384869939,9.00356915866837,98.58671217225486,35.38066378538345,2,HIGH
55.250117256098896,7.941822699025126,98.82529953573477,43.779123733356755,4,HIGH
343.6447030587666,4.703604426092894,45.626095120575656,32.431641568068905,1,HIGH
200.0233036764347,2.65461154200368,34.65120872248397,42.37579507416798,1,MEDIUM
269.9572812216619,9.47270063276651,48.9645127917037,15.426881129188425,0,HIGH
95.62655363001187,5.791160138654251,57.84123701125811,38.83411940208018,5,HIGH
303.2161684044866,8.671199143487366,60.87039206518146,40.60807973880239,0,HIGH
304.0022179848394,4.078855051834832,73.31644151312966,33.92981513831087,0,HIGH
125.03920996332005,4.017594853715235,92.96519320920825,43.02182998085189,3,HIGH
164.27305320411313,9.869864326066352,53.12436083350137,32.69738978643899,5,HIGH
83.87611097208034,5.696497436453648,89.4989174849446,22.21610707580248,4,HIGH
390.6244093291617,2.266258814746717,36.543524464863886,21.47151688344583,3,HIGH
258.24103082336467,2.9770721019523667,32.93122892812503,31.675088000781457,0,MEDIUM
373.8175522862062,5.337498514534487,65.2831628186423,42.194517914886326,0,HIGH
121.35421745165327,1.382238194395702,34.17635563314234,17.17103837265231,5,MEDIUM
312.7563651987559,5.162805868404704,57.47428608639611,33.13171536632733,5,HIGH
306.3434575538968,4.770467578721148,92.77446818084641,38.09410418946074,1,HIGH
276.6622607466166,8.014026387875383,46.903812534523134,18.462062088707075,3,HIGH
386.25559010672015,4.194477680403176,79.41830425874322,18.503090721360387,3,HIGH
157.42213444252621,9.842938853856394,51.165577467304686,25.98383990008764,5,HIGH
52.28692943590292,2.6269292737081282,33.14440386694949,23.216435206491504,4,LOW
268.6835436976243,6.318880164713214,68.96834069872165,20.949424766810694,3,HIGH
291.7239201908825,1.8072936730742917,88.43974433757262,20.960825208340356,5,HIGH
230.02422938352586,7.604775855945838,58.66279138398336,18.920070972745076,4,HIGH
82.72715725335851,9.952783192557744,73.21056785206609,33.325620392458575,2,HIGH
201.78237666774214,8.37224773976469,93.00165183604082,35.64376810752261,5,HIGH
124.87589462765176,6.001331866482712,85.27861589158914,36.08808680637134,4,HIGH
170.98661126667562,5.362672216597228,43.57134795749735,30.970619284158182,0,MEDIUM
258.08743033786556,8.515269651401622,81.33687715555041,43.587188089967,2,HIGH
298.0858970763338,9.423766762396518,65.13251176121064,41.41598332770197,1,HIGH
92.88987636053724,9.902858732182837,82.21767655202592,43.7289342799884,1,HIGH
162.13014425878134,4.568853048080357,64.61608853655528,26.66386434381534,1,MEDIUM
107.66462839665168,9.91825727315061,38.9570714875812,41.33349479865074,0,MEDIUM
79.45264554474764,2.4033362695644835,69.89366126824675,37.886240982206516,5,MEDIUM
313.35488799833536,3.281947983387183,64.4493794678138,25.19918709102039,1,HIGH
363.70107777479694,1.8011451226050657,66.25452135490093,18.19779775512658,4,HIGH
148.0928742738307,3.445646648360335,91.52317175521091,35.47863749690423,5,HIGH
300.51156974950675,7.911437964562101,92.63859326943759,19.09356972365641,0,HIGH
358.79811574576445,8.676319223606047,61.74759747360028,23.813274210033363,3,HIGH
338.4496842120926,8.010033805923145,61.90124288960619,30.010937293313617,0,HIGH
73.12535541569036,6.679592003509266,66.06308712108313,35.3964760544542,0,MEDIUM
382.51675260534455,5.62569861270381,66.37124948339799,42.78682971591915,3,HIGH
150.670576171785,7.378338602922819,96.52710009253788,32.7972013454699,4,HIGH
135.69626446953453,4.517501943404996,75.45803271642454,35.14239299016285,2,MEDIUM
24.972530911112134,8.571775163497318,49.42198964215608,24.30041550452934,3,MEDIUM
194.4694616419532,7.094710845791068,67.2075757867793,35.618778492856165,0,MEDIUM
43.60544625637148,7.280242286449677,73.9056508035588,28.133703621902235,1,MEDIUM
99.41592837097039,5.823423938161641,74.78402047097751,40.707935486513215,3,MEDIUM
126.77704870691255,8.967060857900552,70.96779583667279,26.77351541704423,3,HIGH
323.5305293966736,3.2681326031114724,42.44153082350761,29.048160649696705,2,HIGH
350.1954601583586,4.430328880249457,32.35152323556552,27.977632707307734,0,HIGH
120.98652698458787,7.998783127099202,53.64901366567981,39.333685029221556,1,HIGH
343.47924849782953,5.434740065164039,59.92655081921775,43.610975910357155,1,HIGH
342.89237494791644,9.002926120817717,34.32629677032606,24.818289029498217,2,HIGH
305.8603801539494,4.117593877865671,87.04771366138922,29.250837022862303,5,HIGH
58.678045606072615,4.323971519376803,54.085420625719166,36.177788000797065,1,LOW
276.1291387602916,8.998622104479628,93.95429223249533,41.86144866104193,4,HIGH
378.0096258322275,5.17933288163837,40.808707548958566,29.811020905380623,3,HIGH
273.0161915068628,5.645121257822381,33.985446985611944,18.26680524680182,3,HIGH
132.64673964313357,3.9948734380211146,63.762127307042526,26.060141505039645,1,MEDIUM
200.23172697233252,3.4900294796117373,43.23905357779947,31.51085656320339,1,MEDIUM
258.29001734042146,6.903538397545528,95.61794929045028,27.52573817898098,1,HIGH
204.22816349140143,2.078565953870835,30.721237891761728,20.596671803642103,3,HIGH
47.981176692387926,8.913453770646184,58.88337725413245,16.109684860296525,1,MEDIUM
124.82561786080825,8.01282823088597,94.87234399416178,35.62225998239685,4,HIGH
320.958412221453,2.716734373352225,56.90927447108378,44.78211572331428,4,HIGH
344.56721843820696,7.246179512421088,36.517649642032254,42.576199016898514,3,HIGH
54.920013086228096,6.423696291570714,51.202646000325096,35.498127325824406,5,HIGH
380.95470095948986,2.660815456629797,64.86072756841034,40.24589425549288,0,HIGH
131.52904713944372,3.4588315544520922,42.960618114033316,22.671828554015796,0,LOW
264.925495492288,4.68087853360451,62.659319360028334,33.67303308235339,0,HIGH
300.73005838267244,7.293184617209265,88.54402370500863,16.818126461968962,4,HIGH
324.7784938551534,6.748510679353053,91.0832579137629,36.21551781937373,2,HIGH
378.29988089037204,5.790113629090281,33.448251429751245,44.09617017072806,0,HIGH
125.16781921152904,7.915694888026308,41.26323506368014,40.82391921653577,2,MEDIUM
343.4025818206218,7.821439656455493,49.27030950367629,31.033226243149123,3,HIGH
52.67476137448281,6.560732386560303,71.64060956213213,38.662206579383295,4,MEDIUM
282.0163625414371,8.082910750463427,55.2696331154727,43.316964298444944,5,HIGH
296.79109180559436,4.008370373012883,89.08286394122528,21.48052733817646,0,HIGH
271.08929648052816,8.93124575490345,80.16703077980563,38.79775538932134,4,HIGH
100.9258944540612,6.534190772217467,37.03192161794557,23.0954087390656,3,MEDIUM
349.21725880608136,8.401271624311875,73.71902517584638,41.30842265819,4,HIGH
67.543385348158,5.916511943112556,37.91088377428849,17.950635170704366,1,MEDIUM
21.453916608332335,2.9659442048981233,47.8524968745522,20.346552566095244,0,LOW
286.98599624476486,5.881691158104777,42.45094434739596,36.61849390415405,4,HIGH
190.19028609309348,4.340004973989293,42.11433644404934,20.24332511589747,5,HIGH
339.63920798347044,7.277491324333851,73.14768673438014,19.74162905709133,4,HIGH
153.3588564233036,5.282144125612622,69.4523445787913,31.66400632196616,4,HIGH
67.31143540308513,8.52501524434919,42.321970695140884,40.04961713127213,3,MEDIUM
334.5768769879479,7.10265261089725,99.31209637929022,23.054022758238872,0,HIGH
219.56385265602867,7.160899897281915,59.52857126578056,40.234145481164546,5,HIGH
75.67831695614196,2.9543980014195848,36.79485297084557,39.23860189637924,0,LOW
288.1535994345783,9.858247898421613,38.43983118685806,32.373162028780065,1,HIGH
204.44545539580022,8.575076883443398,70.87255996086162,34.39688261061811,1,HIGH
241.72519289612794,8.101043961046251,98.53485823684309,16.213235598357247,4,HIGH
184.35933528263274,3.971937026440247,70.03657711334384,26.014066749111397,0,MEDIUM
331.4835935272026,5.820684875625087,96.4329033631646,22.901847933550577,0,HIGH
331.82508627321994,2.233928692668958,61.08929955306188,19.500115821824174,4,HIGH
283.7555287297545,5.846283789964354,60.50887725564084,26.689779874709444,2,HIGH
42.160550958584906,2.3130032183495857,65.00051515211176,25.647125890422984,0,LOW
335.54154476162756,5.977340595906411,78.81978207088886,36.86675034389181,4,HIGH
268.4051922131639,6.83849692139415,55.73311765159329,32.9428902143026,4,HIGH
278.8096664017198,4.5117637052491215,90.47202228752698,42.39300206406058,2,HIGH
145.19313616154867,5.486903904981639,32.049696933770235,19.362227491675167,1,MEDIUM
351.7118224628027,8.880880489071274,60.783493651990966,16.79245815970578,5,HIGH
290.148640093943,1.9770683023252844,65.76942949859425,31.03823362473386,4,HIGH
45.036186611677785,8.125596036996875,72.49225667841674,15.030814158323553,0,MEDIUM
163.11121376246507,2.5367909589657676,49.32503386561043,38.63156829404897,1,MEDIUM
354.5521447840567,1.3303718452416555,59.92359796900847,30.179186660550283,1,HIGH
18.878680678951596,2.67017142470543,63.91764251498397,29.641967281736807,1,LOW
384.5666478568198,7.885388709734407,78.08369850782492,25.87487936172523,4,HIGH
271.6650273278251,4.64613466003174,84.14809293150698,26.249215084462875,0,HIGH
252.55039105735065,8.852684651615636,81.6479129140651,27.934010347519674,5,HIGH
108.22370259519656,5.722367870640392,53.910813660270975,15.480970332780906,2,MEDIUM
99.51671549567082,1.2002531673369785,99.96153660943745,17.50637361648614,3,MEDIUM
376.8232877954382,7.450422486417341,89.40657182510256,30.15144060033711,3,HIGH
119.3089816936491,1.9920961784910944,48.201636120147825,19.50366795659412,1,MEDIUM
310.20211868759975,8.10441670115732,43.65740639709793,38.36287825040995,3,HIGH
157.24871928283167,2.5129229482466204,51.981487540837335,23.234555220135775,3,MEDIUM
55.70162831388159,4.109017472249621,61.664139709975146,17.936989120479723,4,MEDIUM
4.28611907814358,7.8514428666282425,89.55595648237298,22.056297777103495,2,MEDIUM
217.70293480610033,9.588082217287795,84.48535846561741,25.712946904673643,3,HIGH
390.31152741957305,4.342905555820591,89.58722864541133,16.05949825784651,5,HIGH
147.6544775236818,8.464601981790423,49.03699804372299,19.25026573158987,5,HIGH
142.87693359721794,2.7171303892825485,71.54228557162853,24.71540263432559,2,MEDIUM
137.63664713977684,8.26461793182242,49.827434359416216,24.314414214292924,3,HIGH
208.21753492194338,6.91744653330626,37.63162125036452,39.01160089679517,5,HIGH
176.2659533697174,2.7346915649113157,77.89384204322764,40.297664259379594,1,MEDIUM
351.9658506908058,3.722535643162704,40.009828583680715,20.8025579743065,1,HIGH
202.20831668939613,2.185937997373324,76.738843319453,18.718196517385422,5,HIGH
203.10313527542752,4.446703099578819,75.35750134337863,34.024874529642545,2,MEDIUM
55.34863788822264,2.8328377701094967,86.71739110968119,39.138706670862945,2,LOW
393.09581636415436,6.795981582674262,39.768822319449505,43.91169291672395,2,HIGH
99.98915634753187,9.950545937985028,84.84361039561676,15.203888542395429,2,HIGH
29.345626983841065,1.1080824677583774,99.94935681623659,27.410343402804134,0,LOW
265.25849959008355,5.868278319585688,89.57297140101315,37.019635022831565,1,HIGH
238.14654806274908,6.162999377941087,82.62684534293663,39.856778966230635,3,HIGH
166.0582615970983,9.227879107127308,76.35157482862954,16.868578460492934,0,MEDIUM
168.8768935522712,5.554048012902438,59.524703927980056,35.418435583923824,2,HIGH
314.02556841857245,5.893312776804257,81.13501175241215,23.6681615219691,3,HIGH
78.28505603985963,5.244875211955497,80.69246245983172,17.23790877999376,1,LOW
328.1013275779559,3.4201387410533326,74.20487978811018,29.673077452640015,2,HIGH
259.49884555800725,1.5042621992402232,85.739486480848,19.74460029612438,4,HIGH
167.58790951180976,4.677919139888525,61.413472189878426,37.11022554185054,2,MEDIUM
183.21144663354744,1.4733232411661068,38.48768984926734,37.23785399098361,3,MEDIUM
102.65888287443832,5.95443222519326,69.13474093264662,40.26203294962528,1,MEDIUM
300.8457330787899,3.7656427891806383,48.553047009793985,26.327060554432567,2,HIGH
205.1498969221071,5.802421613728851,56.910316820040514,15.399293916919309,1,MEDIUM
128.34181709993743,2.2086726795566802,31.21904327588582,22.792078151234392,0,MEDIUM
238.4200463043801,9.393669691654237,56.79534115425183,29.03435098575831,4,HIGH
398.2937808205292,9.050691191949413,86.61607742948183,35.82033838248151,5,HIGH
174.10491186262155,2.7099685828205606,67.99056568567784,26.46121757060224,5,HIGH
368.27656031144784,4.090998549646089,30.686036885377973,31.081451882014143,0,HIGH
138.00673596982645,6.521434946667816,62.88906741678931,30.727907623671506,5,HIGH
21.893082769994354,1.8611758657531565,50.40161533517852,19.949470480749497,4,LOW
81.69684254737155,4.191110390045358,63.42854587780198,33.691485002400384,0,LOW
167.47805733107367,3.2600105813710547,58.328490501351396,28.177551846161933,1,MEDIUM
87.85397143782761,9.23965055845027,95.2385453690167,39.23756104957479,1,HIGH
0.090815287302215,8.672595726602847,32.88241092741111,35.718336243867,0,MEDIUM
366.0006150990109,6.218494671401774,77.85116078973526,18.34407558592664,3,HIGH
337.5517644923716,5.6831170318441675,89.57186174112191,29.662752301097054,0,HIGH
296.91689259477886,9.376532150908574,97.14670092553328,36.074830754825626,2,HIGH
67.12583825841145,9.391850046809338,42.434535858100716,17.610351774220277,3,MEDIUM
48.145430483994424,9.723971128164944,67.19133613763357,38.77491097669895,1,MEDIUM
27.04189978895326,2.1284099569736887,33.051270412204836,21.66013543933198,0,LOW
289.6116755091685,2.445020296868532,64.94284671185619,30.09254386421069,3,HIGH
371.5231842751541,7.090630288118979,38.782066267868736,43.21683862417908,2,HIGH
172.21432836521478,5.872910289488604,88.65276722890994,32.140027044668514,4,HIGH
47.65626879841926,1.1661931440391236,37.97090018237554,27.721633551118423,1,LOW
204.95712829284264,1.5577753239056742,65.93018522705466,15.20384782197428,3,MEDIUM
139.53276298345205,8.992723440329247,66.47672482949275,19.002408683222342,5,HIGH
149.92996973999908,8.819837159854476,98.01553485521238,32.35991655293962,3,HIGH
248.5322496622829,4.215438297964406,75.84864858272218,29.81475121961215,5,HIGH
287.48724530488096,9.019455552374811,50.14882051537613,25.91487526940494,3,HIGH
44.24143954926434,6.343075669581117,46.85595169566969,42.696476561823516,0,LOW
14.236092322590554,8.253150823170117,38.97737439515454,24.974476122778224,1,MEDIUM
397.73212107428594,4.846879640441928,82.95603068343416,31.1145226933232,1,HIGH
93.09133956622074,2.0205849461041785,78.35296593276371,32.0614022857239,0,MEDIUM
21.53220996338363,4.9035435638141465,72.69139891156742,30.824051701917682,0,LOW
75.95013163836799,5.115698181972081,32.85883100649919,29.327561746202978,5,MEDIUM
15.583138539385688,5.9584977445654275,83.39802064760062,25.111912080357243,5,MEDIUM
156.72435784686866,1.950244416139852,74.93213040039355,42.26290899118858,5,HIGH
320.9607137805297,9.922616767446502,97.47222076773419,28.524097852774343,0,HIGH
136.49777990308826,3.197231387262157,71.10414909137685,30.85346602038227,2,MEDIUM
177.67336275134662,2.7869716318338362,51.276633466319566,34.69433951490727,3,MEDIUM
270.23470942697554,5.741226269703429,56.70643865325242,17.02968127294604,2,HIGH
203.55762802795206,5.834873614553998,42.308849376476275,38.43864424389736,1,MEDIUM
344.5782744085297,4.9583866404991985,80.60399275409696,30.375219302581066,0,HIGH
346.4142700183026,7.94702931692729,79.54051620152077,34.715308075349,3,HIGH
3.964278196461457,5.649889606557425,44.04550108343734,38.16036196241075,5,MEDIUM
311.21852259327966,6.487259096304857,41.0942526227595,41.222981722926434,4,HIGH
184.29344009666954,7.5137174686700705,35.39034532415362,26.76661250858793,3,HIGH
395.53621652146524,1.2252259140747994,93.8383020577231,39.342896780467655,4,HIGH
193.29283035017406,6.135797642905403,46.31488835863958,22.76510686697705,3,HIGH
394.758378155319,8.957750241055322,54.09144687262628,34.81006952872099,0,HIGH
301.82774448229463,1.1564986863289053,49.63531558642434,18.08121902038918,4,HIGH
99.44195384532253,4.646638934208649,58.95372218275537,15.600914022722257,4,MEDIUM
215.35799171478308,9.33604705185247,79.98341595677383,17.87289378337919,1,HIGH
396.8542557914331,4.17838962054284,90.9416943608399,24.581474596874273,3,HIGH
343.01224310076947,5.128559417802168,42.78191246699781,15.932838414739928,2,HIGH
38.94675751648844,9.833872537398815,78.04886406188156,33.91473816561788,5,HIGH
282.5487987239984,2.7939147305551644,54.679349956973965,24.496336151467943,2,HIGH
138.2318343483252,1.5872967021250535,98.63690178081049,37.09128203142894,1,MEDIUM
2.792904752139247,8.734803317751739,50.92434114988538,16.377454088088168,1,MEDIUM
161.39238761079983,8.816188070911316,30.503506920550198,21.501046996424947,1,HIGH
93.90176868998851,5.248700512120118,66.09479818138917,27.24010275989096,0,MEDIUM
327.5477082081886,5.627864570295577,40.55117589931564,26.479546868821387,0,HIGH
134.93224353830618,8.522257326560524,33.11460987728794,18.929960185090216,0,MEDIUM
331.0094775815268,7.647035483042156,78.8788462363396,44.82410440744971,0,HIGH
0.2391755339181234,3.386341019953096,81.25814977559196,23.53318742501508,1,LOW
123.12766001044766,1.152040195643666,62.248930918155175,36.63096253954389,1,MEDIUM
96.46608572310478,5.317301462801912,77.38198617296041,21.600800916351545,0,MEDIUM
93.4269444274444,8.730210934860771,67.67676137729937,41.33553632178252,0,HIGH
27.27464790618508,9.06251209021146,74.08607754053521,26.632749304490773,4,HIGH
74.84970816420069,9.606035773685385,71.76927812315728,42.02707466967314,3,HIGH
222.21982795424796,8.91606913851503,76.60759348389146,25.25504758901913,4,HIGH
116.5444291350978,6.220391997682885,43.97414540712199,15.259314644907404,3,MEDIUM
166.95791293165917,5.001450393124908,48.809463402569015,30.510612932353844,0,MEDIUM
150.7467521388754,7.973648618806892,60.79742046553844,30.743638084532893,0,HIGH
350.3619699999578,7.658394709290368,61.228960659343045,18.595025483659068,5,HIGH
362.1195996042062,5.84329087073309,84.20881981108329,22.04890720257877,0,HIGH
197.18278866234402,1.785946353026222,55.71755614606724,38.50486772944048,4,HIGH
132.06238012624175,9.334732121082268,41.37536092414277,16.102674738859776,1,HIGH
42.720281600945455,5.100422837514959,47.60261793437532,29.68580060060042,3,MEDIUM
381.361151752838,4.270004037246379,45.03134516689599,30.912243702406883,5,HIGH
24.09077796011898,6.666106556518946,81.21620134792154,35.661361820283716,4,HIGH
119.06011102731217,7.064541650502792,62.92377302381875,16.123688022004057,5,HIGH
119.22648046800165,2.896191253272713,79.60414885796884,32.56938981271392,0,MEDIUM
128.16051445608596,8.532449603289606,59.135377653033885,15.092941097345495,1,MEDIUM
65.7147373089637,3.609433842961401,92.28149217527337,22.95535101867572,4,MEDIUM
313.26457236947886,2.6801553332288504,98.84642154059142,29.990527659494436,3,HIGH
48.99914478639569,4.657598675690477,76.88897560918281,42.33844012276852,5,MEDIUM
253.9626636612651,7.575040728077187,90.46687900653532,18.79769448016606,5,HIGH
49.53841068232698,9.689123605958232,65.55532870204439,20.078673870098253,5,HIGH
28.214255037182625,8.2835313793429,95.42345882477355,35.07750193151483,0,MEDIUM
363.7718014743506,9.463135399031726,88.21105399709796,26.245850814671968,3,HIGH
76.05150652748227,2.2654522366887413,99.42450002362274,33.70264205768615,5,MEDIUM
328.5000618238817,1.6405911897730912,73.61656147294464,44.92362501402802,0,HIGH
217.85234844285432,6.019342857160041,84.544471818776,44.60614984046562,0,HIGH
31.14260784350784,3.612677347396309,68.00076979847495,25.611407384832642,2,LOW
382.179276575227,8.452494756723457,48.138407298999596,30.11776061474498,3,HIGH
98.78446679675702,7.047890842620935,54.83286197908304,42.140704758881796,1,MEDIUM
343.8581381410426,9.73655347587215,92.58037903119214,17.765029872256726,0,HIGH
67.52400231382568,3.2931312015817378,33.91635626190344,28.569117115105414,1,MEDIUM
341.5771528567411,5.372057029197092,71.40359202520857,26.32732044949377,4,HIGH
5.291525162117594,5.51116429682818,56.0738822752876,23.846483179829917,0,LOW
204.71218262779226,3.1525911537163855,57.0684776603889,44.82612635767045,5,HIGH
307.77703176862275,6.31084059539207,91.9199844489637,37.006478819171335,0,HIGH
373.9182069971133,4.989573874713155,89.76756621823586,26.662409771787658,5,HIGH
363.68085448259484,5.020494003908863,71.9189662900728,39.87065674996258,0,HIGH
327.84994781905795,4.2646298317523526,49.104319318303375,29.689983021361705,5,HIGH
355.2765398645216,1.1523641718298157,63.28194423134168,41.184732371035764,1,HIGH
79.6878743348306,5.698857132233101,58.58053756524512,22.991395368917352,2,MEDIUM
113.6737182846915,4.01723052130298,54.753262044174676,21.708006821611963,3,MEDIUM
115.5874099684234,1.011878820858967,37.19499049901075,22.41860043742343,0,LOW
150.8215724006795,3.771493368957388,68.01797207007243,31.15441728375157,3,MEDIUM
157.3282681540755,3.507654997807813,51.12819085121385,23.739401734654038,5,HIGH
217.8221298618702,4.541033379012722,76.25655600492699,19.413590524391523,3,HIGH
63.95190534657655,2.1866679067905723,52.34427550778715,44.83883755517196,5,MEDIUM
276.4986655143957,5.56915442171576,60.18144451943612,42.012996823242304,3,HIGH
67.0266157218026,7.2319631726631695,33.665226193608525,34.05037312479239,5,MEDIUM
124.12339284181901,6.671670121491152,99.47766489338343,41.74628621771838,1,MEDIUM
201.33805224246163,8.233794528122715,65.53272682926232,43.063882125234564,5,HIGH
318.5762246093909,5.068074591883731,31.696631591492096,35.283248755975066,3,HIGH
295.7876932954909,5.6718255730575535,67.88614611328009,30.560393360739248,4,HIGH
258.2137425642089,8.29361746773085,90.92477995139548,41.46005376644032,5,HIGH
62.309304232068065,4.849310537373147,84.07864939863418,32.03390990738728,1,MEDIUM
218.8181382462311,7.314394149096373,79.0634678890618,18.80401628561622,1,HIGH
34.97860071995418,4.911421318461927,39.76252582193244,26.005680013725176,4,MEDIUM
150.9452707186603,4.759625750604064,76.04159552912307,28.37762855206131,2,MEDIUM
165.40661211598368,7.841850620762442,83.64088646085821,43.06107048406787,2,HIGH
15.92457577830153,2.5735322391959006,70.06933447758476,34.77556416917467,5,LOW
109.59523978798873,4.047273747474162,92.49243031642462,41.25832688387672,0,MEDIUM
382.25978690659576,3.017550490722116,49.38928472494198,37.72775102519809,2,HIGH
381.4530431318758,4.231989486708374,46.95012898174754,24.295826595680488,0,HIGH
140.93082170101573,3.073373401294216,90.86988214598523,36.5612697919255,3,MEDIUM
17.240043579329623,6.214650679779892,73.77787700940166,20.858992077716238,0,LOW
71.63797573127262,8.183537223560606,30.101305436469953,27.24437435152403,2,MEDIUM
156.88711737341606,8.079517550961118,54.719198595773676,39.18275571467797,0,MEDIUM
379.1118791876919,4.280508680939132,90.04991900702721,33.35787485745685,1,HIGH
56.479625414873965,9.898843653048356,31.91236581492203,39.76237517857845,2,MEDIUM
305.4063374672849,6.344689282352207,30.227354978305623,22.641107470501538,0,HIGH
43.47301574987683,4.594602716004653,49.68815033675908,37.49246497281885,2,MEDIUM
392.5030309565107,8.51985351317283,93.98000259064946,21.069730843255094,4,HIGH
152.64659964365399,7.568866113783768,93.10343070290114,31.359125171940217,2,MEDIUM
310.0938155596224,7.74347803141694,66.31333620610556,28.006037833632938,4,HIGH
137.03643312445274,2.7652541476048444,68.72658097977359,31.69427573312421,0,MEDIUM
251.06755086352348,5.2149187663169965,53.24056079220322,19.066002720848175,4,HIGH
76.8064338960147,8.756453177421424,47.06156634194669,25.836836265390353,2,MEDIUM
58.408407718785014,5.536342068658816,87.06552979484827,35.007114925985206,1,MEDIUM
375.2256558272525,7.151074690789453,37.4406402349749,31.75592382243082,4,HIGH
367.0589111617734,6.291403597308381,64.1148059615045,31.46909276735459,2,HIGH
354.98757608515297,8.581211089465437,74.40780816479591,30.324903363937633,1,HIGH
250.17338006663738,3.5610475578544234,37.25762032597204,43.31654730116635,3,HIGH
323.3072844865113,6.179277500977284,66.37249668306424,43.03709093819202,5,HIGH
27.614774764549963,2.109112012088236,70.42649015387101,25.80434918394883,4,LOW
133.91561675627167,7.211896990295211,81.97472423551554,25.556850347526144,4,HIGH
125.48124990286249,7.587710545174408,46.4385234403273,31.646953697191833,0,MEDIUM
254.2581287810453,1.3855358907009858,50.53292523035308,17.868188524176233,3,HIGH
142.3831093882562,7.082118672651866,69.86648026431234,24.09020102302548,0,MEDIUM
59.40271265747232,4.732211387492077,98.818848698713,21.92602697403518,0,MEDIUM
238.5868301654175,2.116871884987141,45.224522797408014,21.701690050092854,2,MEDIUM
325.7535682676326,4.779167929286208,99.01326789864248,34.15516577685804,0,HIGH
152.84939778398928,2.7480963672602354,80.00397731381369,26.53051003032448,4,HIGH
52.90748603939268,4.740035789109848,87.82574487410162,20.13493124274919,0,LOW
78.67527892512922,4.459051251626749,36.27488877654375,41.62715534963279,1,LOW
94.9933220677536,7.6455247324245175,51.029413120144255,41.22446063813383,4,HIGH
119.9590371978145,7.9679400234972295,34.04153957556868,40.87388770596706,5,HIGH
257.11802820252365,6.46325788946092,56.00828965022227,26.722348267733786,2,HIGH
240.3781938150876,1.2041815796420279,98.69027619440364,16.709473605313573,0,MEDIUM
278.43194462681566,9.379200511638945,37.369114354443695,18.20226053683308,1,HIGH
145.00079381260525,7.176099520868029,69.36609476598397,23.281442393138974,5,HIGH
329.5990607519913,1.3077590492906994,30.424943596966862,21.59910012325964,1,HIGH
81.63506446230411,8.369496092927061,79.8877971230844,41.21956860446507,4,HIGH
187.61629900726157,2.8023953924619653,43.80348846604288,44.59074541167779,0,MEDIUM
320.3754886165721,6.212990706139961,39.0709175987334,39.50020986995408,1,HIGH
72.0634590930477,5.199709329551684,53.591246851255136,36.895467082475655,0,LOW
43.94524549631318,4.77854904119569,83.97310085572872,32.658724197819424,4,MEDIUM
353.4735870751959,9.007423481119577,37.46291604178476,38.097248975396184,3,HIGH
137.17186510367836,4.936251624063532,46.088729705908676,43.41099936577173,1,MEDIUM
273.5480499636128,1.6780970581583565,30.592509513211667,33.04034009721243,2,MEDIUM
10.139441705575392,9.519748544934574,97.78904038869327,19.63839732059502,0,MEDIUM
276.01875536377986,9.284817081156648,71.45019199922046,19.91574951806159,5,HIGH
126.4405246187882,7.159894206234389,80.39297454692897,32.515884093857586,4,HIGH
22.296341434976696,5.211032753188225,75.59682198092102,25.004056193544237,4,MEDIUM
243.9251046192468,1.8357352564916913,40.105519120877204,42.30742125734908,5,HIGH
96.3215264292693,8.116733067197286,71.64579572957959,33.34927001507917,2,MEDIUM
154.722896820752,1.6793012298162606,39.199091659888346,35.294778402700814,3,MEDIUM
32.232324914605435,1.617408864056311,58.086551777418954,15.174621303027077,0,LOW
58.86530043797813,5.836454581954313,69.82741951477051,29.96545656187869,3,MEDIUM
119.1908941983375,2.4411541616617622,69.12167798715092,27.93494164166735,4,MEDIUM
35.903800224062856,1.0695724060631409,38.335139818791866,36.176155703025984,1,LOW
364.33050587452607,4.808020878962076,32.41051787525655,26.479159810000972,3,HIGH
2.418817273591367,2.2349550844905934,85.87640197116697,44.297250956614874,1,LOW
193.54408754572455,2.4446387375262213,80.81457058972038,35.10609544669205,2,HIGH
49.29898325302058,1.692195748618012,35.72732331953166,34.79754999427768,4,LOW
123.07163579117942,2.8458437835124895,38.91908631610874,42.58023434273948,1,MEDIUM
370.4238239273062,7.439357617969504,92.48086434727341,44.85614501695037,0,HIGH
64.67782130959475,8.280345764960122,83.8390231135246,20.9346206778634,4,MEDIUM
386.332927887333,5.072802796263706,99.73122073516718,39.31599429644184,2,HIGH
82.31775079576869,5.558984342932759,47.77912144435152,19.869584859660826,0,LOW
296.6264433867318,1.2938953113478235,64.14620922081704,28.711303591626297,4,HIGH
218.6709059589247,1.6238463523418516,46.552170324364894,18.005562129974106,3,HIGH
353.79149103870367,3.318109530845652,73.59600969341167,33.701129354014945,5,HIGH
221.59730220125238,5.895085786418328,38.078996736392256,29.05554490215225,4,HIGH
213.82368766252347,7.655960338614936,38.90702209201232,33.86096844977145,0,HIGH
78.18320014735995,6.445027552042298,35.03215239835858,35.33882257846239,1,MEDIUM
66.49174482066348,4.5291506948810945,78.55102575849169,33.582967500937144,1,LOW
366.59566044620567,2.0649166570282436,64.58508042032447,23.820873678221194,4,HIGH
131.13527954001364,8.026959113984706,73.2411851448241,40.10877471731006,4,HIGH
148.83290198515837,4.274074464391514,91.55107326125513,31.55058598125372,2,MEDIUM
303.9294633713554,7.624486130345106,81.82299393287511,29.695535196504096,3,HIGH
135.52939296912294,5.616809577229077,62.320604271668365,44.611914127046234,2,MEDIUM
380.8249786556011,7.647958482056427,98.90491918759585,23.505237201194305,5,HIGH
295.1711075995201,9.165606053073146,61.93792707993813,30.840909146855193,2,HIGH
238.971697029368,9.289265644484217,37.87154712634732,35.46973735823974,1,HIGH
352.358064217901,5.815961020005431,99.48583230769012,18.75677798799701,1,HIGH
19.842363339793103,5.603575282890749,31.59745110103931,25.627191724396063,0,LOW
102.8250768756835,3.3911061895255354,68.49184916414265,39.05066147991978,5,MEDIUM
186.01453368836397,9.422198483763623,51.636684208979645,22.102747037994902,5,HIGH
90.7914157886084,5.121272504796588,65.24865057118893,29.798710947108198,2,MEDIUM
297.56207492086077,2.1483211535863944,69.10990668161651,33.91891817948913,0,HIGH
367.68321242149005,4.894344231638949,46.80671273949413,35.134870599228,4,HIGH
169.50804797236935,2.1434792521420354,68.98011290160832,36.84931326143477,0,MEDIUM
136.853040044758,5.522785158313676,82.92427784038762,40.97931951128833,1,HIGH
384.6202928550265,6.05147963370591,48.65568860707988,26.78578329100913,2,HIGH
177.94097313101634,4.039801853442268,56.83982933197349,36.198957778915684,1,MEDIUM
195.61936017971328,1.644855528083362,48.77698852148406,36.96523943310754,4,HIGH
140.65994893676213,9.491531820699151,87.43918116917416,24.008223903809707,3,HIGH
363.8193892048553,7.960178021350867,80.74875814467177,44.04473850634923,5,HIGH
227.5821933127403,8.54992972454609,90.98375060528852,40.95657520566186,2,HIGH
304.86983487265786,4.301815548576065,41.90349250311615,23.695839860986922,1,HIGH
324.7226873403545,7.847479270175055,35.15057467118261,35.25206030060963,3,HIGH
136.73961676690328,5.368356056522748,38.35684527010714,36.53401903377882,4,HIGH
173.47773252815202,2.8097513956544136,41.27128329769655,27.94450908826138,3,MEDIUM
339.38870976250587,2.1198103921649194,67.31578624723616,40.91229857822899,1,HIGH
145.3021406703241,4.1054578238985115,97.96384492539354,35.706880605271195,1,MEDIUM
317.5740533807405,2.237969003276257,55.006479163174745,34.744640554581544,4,HIGH
376.39692902977487,9.984420785836617,97.09557885521436,21.625211168541547,4,HIGH
249.2841492272028,1.4427009120881986,32.67405564924258,27.235269340487477,3,HIGH
296.65091498075554,4.970292394321689,94.88105419702609,28.017674673970497,3,HIGH
322.03892481645397,5.068841701513457,42.68068251134798,37.009832897370615,5,HIGH
338.015859558657,3.70568735723508,93.87324900035442,33.55183635772657,5,HIGH
158.02133514271839,6.142164091362508,33.93592010808228,17.575817718788013,1,MEDIUM
20.50538367039927,2.349793217363902,96.37536132465229,24.2309385566172,4,LOW
160.75050849469582,8.055211425285103,44.055878502320255,29.191425133846366,0,HIGH
269.50249191363594,3.992029464228745,51.18998420512125,37.101988375709794,4,HIGH
180.14015431231712,6.322083308187776,64.36596408720706,37.30707390239022,2,HIGH
299.5852603441594,7.440753124602634,56.65046168648327,29.716299257149103,2,HIGH
142.79297178746555,9.00137905921145,76.7269578484205,18.507971467820326,4,HIGH
253.89765644161182,8.5220869280698,98.23654370750542,23.78710210118517,3,HIGH
74.56792194158983,6.474781252932036,72.44985435634585,22.64077146741208,2,MEDIUM
299.74777465798275,4.495538623454983,80.50397866055845,38.43079230924724,5,HIGH
218.27838752521035,5.528842030674675,36.1603675213991,20.399589420169608,1,HIGH
81.62575541864024,7.9186131404092235,73.94687003490037,28.947636671855765,1,MEDIUM
116.7644693991229,8.897909883035258,61.769484393248916,35.1215641054317,1,HIGH
299.44348343273293,1.9340373535900468,92.00476505437399,43.94358458850111,5,HIGH
193.04049426460827,4.463706362437481,57.17477697501714,44.9772174067332,4,HIGH
86.41257615722888,7.985049385721505,77.56179008349434,43.58766430666317,2,MEDIUM
386.90847614811906,4.884865863345649,45.97076097813554,36.54727035760605,3,HIGH
286.05000792675514,3.9900498765965544,48.15607734669372,37.393224990662745,5,HIGH
382.85393301591847,4.701904271409426,56.32857016455915,37.776302928270525,5,HIGH
170.84201814413728,6.425602721077158,51.284447625455186,40.8781462963887,1,HIGH
190.0401362766882,9.998246297204213,47.77151875730524,43.55356388556624,5,HIGH
359.1820864740077,5.436931861940786,33.47680941305665,28.371184335609826,5,HIGH
210.01973609815386,2.876450274588345,88.57224322267214,27.49532634126381,3,HIGH
282.9115647622669,2.4656191775118526,34.5011071623899,28.81393387135892,5,HIGH
100.86915099821199,1.3811477272877286,92.11558609220774,34.79451514369782,1,LOW
178.6905874810562,6.029355114264893,38.78257723476422,38.26336188833294,5,HIGH
49.37994632414204,5.901148823399508,34.568321594386134,41.11633172703988,4,MEDIUM
82.39201435078468,2.8471053410227825,69.4103334786488,28.686322628478166,1,LOW
0.3773661070524348,7.257964658073103,65.17092548023052,25.901178785403886,4,MEDIUM
15.706020659464093,7.669963374667127,64.38641981823196,44.50057844106679,2,MEDIUM
390.91352927077173,3.331883848439001,70.21530292509784,21.956628630216787,2,HIGH
96.94147805470492,4.0968978762676285,50.0939624283409,21.66014505757432,3,MEDIUM
265.32428380160076,9.91424505112531,76.40644914007278,36.46222364479487,5,HIGH
335.6398795198446,4.368380210656608,65.16815537950282,20.38971886807927,1,HIGH
220.2641836946257,7.847215045804917,53.43204268701277,26.98226999238367,2,HIGH
61.25780003358248,5.07452883966946,87.85504668865096,23.77160466942756,5,MEDIUM
291.24657493446654,8.140103450748782,80.9404767428697,20.06131370270846,0,HIGH
240.10056403983322,7.921209149043831,57.55272393612354,32.391217172936805,0,HIGH
292.50023573895004,7.00980422678682,89.33324496602108,26.205344722638866,3,HIGH
307.89864914283487,8.693005116660213,94.4180775078242,28.86702518545338,5,HIGH
390.16414707389805,9.452966453899167,67.58063869590538,20.875890144765478,2,HIGH
229.425312010684,6.219849884068755,45.04667151098445,38.03600408015269,4,HIGH
136.65644507624074,3.1372201650047113,94.10545095828908,24.44136250352237,5,MEDIUM
259.3858227600948,4.587660654796675,43.263573406686206,25.281545370806967,0,HIGH
27.376283697050454,7.824751421619639,33.38962584920884,22.56461886300338,5,MEDIUM
358.9589273286345,6.8579513661148255,52.92409062111916,28.032107163571013,2,HIGH
47.752404535278714,2.6001850470872387,80.8876441122728,28.90729881716016,4,LOW
131.1371351543273,1.4611558703178225,94.62918604474847,30.890007489885456,1,LOW
326.29815225044837,7.146654341878584,74.6099952770108,44.027048459458186,5,HIGH
238.92495133228473,3.259711216264108,96.6286982876662,42.140754241371106,2,HIGH
157.45420811097682,5.4970321935614805,36.46595874931276,33.281778929611605,1,MEDIUM
189.37426375000857,7.720720952613348,34.2527610711614,16.167104032892926,0,MEDIUM
341.81895728087216,6.0640010259069985,72.29343655205648,33.36781022630204,1,HIGH
136.00175442395687,1.7497232480061675,97.62814257449284,17.69005820292349,0,MEDIUM
347.8598739248685,2.6702221310519985,65.19049162683068,36.31032715556242,3,HIGH
35.253772390676595,2.9739536562782725,33.60606581575136,26.702329397427917,3,LOW
310.7193748834523,3.320778282803604,45.48530592542193,40.130894747055564,0,HIGH
339.0190532218945,6.088630527554538,47.13550344910395,43.27587735795392,4,HIGH
72.7270611349355,5.535692018428541,53.649999039586504,27.51331024396827,3,MEDIUM
172.13861294888017,2.8284403452778806,33.052236851034884,28.816658864212386,4,MEDIUM
66.19990986546225,1.6079935911011836,93.34248903485414,32.70442743038551,4,MEDIUM
282.6416515976871,2.542889840272463,66.08947613050466,20.913981655741516,4,HIGH
214.1391072246627,9.85943181356743,76.96515550678762,42.81998522485084,2,HIGH
254.1293386833284,5.21692254812325,34.70209858265063,27.98999779504118,5,HIGH
78.59478678248446,8.806109542319012,33.788082746255455,20.00461007748022,2,HIGH
84.6983448209678,8.63877220001959,71.0527440428383,37.881955002566514,5,HIGH
16.598930203962546,5.6036760171658635,92.11072073529456,21.574541173319556,5,MEDIUM
128.82701407829188,7.360189376144891,66.99374006716829,19.30587825215565,4,HIGH
223.89786453346997,2.7347680937144103,91.44734207990501,31.886162264820214,0,MEDIUM
343.17396559893155,7.195570344342174,86.76938911386675,35.144857658747725,5,HIGH
266.7709789834723,3.4514612133696057,35.30976500564445,32.08688221994749,3,HIGH
174.15852935990057,8.488558870787358,44.13702320699829,34.6953194684209,1,HIGH
381.2480457576551,1.7535171979801891,76.03974684087397,18.465720369232333,2,HIGH
287.6980802303327,7.9582480559674975,61.04509677850291,29.28054113652322,2,HIGH
372.06608114502,1.8994321591175758,50.34898695528444,25.710559322656238,1,HIGH
211.03518930886628,8.93070313204878,59.304369923358536,44.20105848720365,4,HIGH
103.56170991725584,3.7378406632150334,61.1639752389444,16.488718025384024,5,HIGH
21.130674545888795,6.8895402834751724,93.73865755751176,23.94882609179769,1,MEDIUM
290.43394059354017,5.3875205075825185,37.24207985934671,43.25586582275166,4,HIGH
48.52119920221365,4.29672830736105,49.58115227653305,44.50488549552989,2,MEDIUM
121.11005130878686,6.808976498651468,67.62953716078997,39.747048231814006,1,HIGH
212.98836315355896,9.527706824961141,78.88008486414142,17.27994732049228,5,HIGH
225.76663511189906,1.3714277263715968,74.14461022714706,31.84065085030621,0,MEDIUM
240.2332787948544,9.26967570294794,95.91499164161762,27.003689780114016,3,HIGH
66.50213213988026,6.481734895189121,85.69262473736313,39.193577030862045,3,MEDIUM
151.8949619286595,8.265828706921472,68.99537893821012,16.65072706714,3,HIGH
246.8776908467867,4.454874580908498,45.02778841714553,20.91386254934106,1,HIGH
387.9275458535139,5.246586773538524,61.561196198156786,29.675851986678882,5,HIGH
291.0524550798755,8.819656766210475,78.53675709361342,19.729429888434808,4,HIGH
369.04150283758315,4.733631728288408,88.65735223852595,35.781454280828946,5,HIGH
304.8848233256708,5.8119361007417645,97.18153570956711,39.623016634193945,5,HIGH
236.68678755696018,1.1817543077589963,72.38169362965424,36.135596808829305,2,HIGH
76.80934765453782,2.427382052542381,66.88435571131026,28.208511409199467,3,LOW
266.67426075700524,6.775178571773198,31.238434618480383,41.351629987579386,1,HIGH
249.35182638396282,7.452792109574894,35.0469348405126,19.13058395159825,3,HIGH
240.9876681829066,6.2434084310604945,40.92734983461802,22.810157516970264,5,HIGH
195.9143471952963,2.289790326480496,33.833195183273965,29.6861905575691,4,MEDIUM
211.46264159571024,5.008648857200513,58.06042671634485,16.84015796637756,0,HIGH
133.77701084724163,4.195852897268709,53.58149815972105,17.870573446996417,0,MEDIUM
207.72507705692126,5.460952096315795,74.6147910507875,26.92330115167116,5,HIGH
79.0223622713913,8.83296131098685,67.4965575553382,43.31658890203662,2,HIGH
322.0697589441507,7.9827529479278665,71.71795315715018,42.25241079831001,0,HIGH
74.31078187948313,1.7559055125024305,63.038404205635786,28.979245748352334,0,LOW
33.986515955786565,9.01278277997108,49.441600398798,19.264756335321902,1,MEDIUM
174.49841054286296,5.245904360348412,96.69777204625339,20.34322967875307,1,HIGH
263.32297580242476,7.694759303973986,36.048641183209725,26.326381638273816,2,HIGH
175.08672997341654,2.2603530813791695,95.7223699625715,21.302225852603442,5,HIGH
110.70165278052345,7.036475731363432,51.78666328053143,17.489267831711334,2,MEDIUM
223.2684735561763,3.1269341584851214,65.88630117571083,35.213324505599914,5,HIGH
138.80093416487998,4.945428074268384,37.61896259792823,32.44345913378085,1,MEDIUM
373.14707605065325,1.1517658307389396,34.965174785970646,23.738902739342553,0,HIGH
369.0580558414288,2.3644957413742844,60.0681814103022,38.36845147656912,5,HIGH
200.9487279888382,1.828724438112578,81.91881634657747,38.278466631175036,4,HIGH
131.1535976073034,3.157697556444326,48.85553442839843,29.730059106382853,0,LOW
294.85296558265566,1.9001628102189003,69.3643522254724,17.895976665356816,0,HIGH
14.685177393226656,7.227190239576057,49.505523836597284,42.554082003040726,4,MEDIUM
189.9076024174605,1.2613591198829743,57.202914262512856,35.05981570622914,2,MEDIUM
134.5293577081334,6.559664505624982,93.45124229316772,22.411524574558527,1,MEDIUM
368.21435404102186,2.2663704774301685,89.90877378464437,33.3136364110268,2,HIGH
4.801210909073017,9.506453114601072,66.1212280392341,27.150644874828906,2,MEDIUM
221.12595028733963,9.397846657988689,46.66739392304551,34.060489192078734,2,HIGH
296.2654324266504,3.0295279226886636,43.5228738913116,29.216126871930626,1,HIGH
194.0071950096165,6.529791684007265,96.7861147125,29.564164507192004,2,HIGH
34.16121206508866,1.252047875252126,44.19016175574813,37.07646275722078,2,LOW
388.98455601116086,9.386096887460567,86.57178176387774,33.41177238191928,3,HIGH
207.20417255043918,5.7068857737253875,55.827914667487605,17.39858073732677,0,HIGH
245.67449772760455,1.389008362760011,98.99618932907669,16.961207113389108,3,HIGH
94.64391308300293,4.082499937073236,55.77090182539515,24.150277124901756,1,MEDIUM
193.39923404272153,1.691645156751108,54.60616374375083,27.90737989616239,5,MEDIUM
171.65979678332874,4.536499954360239,74.62245402143361,23.25667677537858,5,HIGH
29.958336800793496,7.029337079451908,97.30617646387735,34.543795742097544,4,MEDIUM
42.46414141898689,5.229009172372956,98.3346724057503,20.853237951768655,5,MEDIUM
334.9890078475098,4.45349957247509,79.50443025268896,36.12423289188509,4,HIGH
95.92798088263609,2.072413409864183,82.82244559454475,38.19452225666791,5,MEDIUM
77.98330859945222,3.204451411242907,69.43815231811195,18.729579227869518,3,MEDIUM
201.9645805000557,1.90128958964516,82.90430173926323,34.524187300889636,3,MEDIUM
307.49885254500515,8.267488584909946,90.18457584793475,43.843079277003426,3,HIGH
24.77860743159517,2.217158451862503,64.02667122365162,20.784714517900404,0,LOW
230.72316785530234,6.358360298940042,73.39035839810721,42.27908493348464,1,HIGH
47.684177136229344,4.084663722299613,67.61216866631334,33.1814384782205,5,MEDIUM
14.584420330247383,3.0338054618966517,69.3729429470074,32.72834601995136,5,MEDIUM
21.097580864886957,6.755215955428934,92.30335369117586,16.557680469626014,5,MEDIUM
333.66564328337654,5.113020784392466,54.89317811438991,37.44900835159194,2,HIGH
47.188993451224626,4.601309205561032,44.572881792043695,29.348191579441746,3,MEDIUM
18.06054576491678,6.335668044029994,61.93960771915404,36.63523175505402,0,LOW
175.1599548571649,5.421408656410007,44.56596333368856,39.27543310339818,4,HIGH
337.5973887768099,3.731357876964047,64.88802979634134,30.71389120116836,4,HIGH
104.96335059572077,6.031551589887265,93.2455673749941,22.909329398349424,4,HIGH
168.68504701036656,7.025487188956251,73.22034643377344,19.2471747417844,3,HIGH
15.96901302550049,1.2402384272816884,89.88029973121544,19.815093837972427,4,LOW
179.63140565395034,5.192845560169078,41.633364373085826,41.00803961837396,4,HIGH
231.04523225485346,1.519149561251894,93.06115147760238,18.70734286891166,4,HIGH
228.3628215008579,2.6776487266129996,72.1251015084981,26.540822191397055,2,HIGH
132.97067686974606,6.044578606701758,32.22318521183359,25.028239388670926,4,HIGH
126.2132722652542,8.795700237390227,74.31832686995259,40.96367000216911,0,MEDIUM
42.649447574639154,8.945251112696363,96.59778693826425,29.33080502082875,3,HIGH
146.71932825850735,1.6294960912476815,35.541690033275344,44.89339252044413,5,MEDIUM
39.79786754918586,4.77194577658036,70.77192913287004,37.11164238909434,2,MEDIUM
306.63837788482067,6.247058347040961,94.08350220088003,40.52770726212857,2,HIGH
386.5097190992743,2.3236291409530905,30.67866178340622,17.960167980800247,3,HIGH
388.02978266668276,7.8888899507029455,74.16390485260763,22.59306765794688,4,HIGH
346.02843975015753,7.698117325935149,63.243160428167386,19.06338586715485,5,HIGH
240.31685973584763,9.130069123361151,54.28925230540274,28.90865917201679,5,HIGH
280.346278897552,1.0763741087509873,73.92755429617633,36.5486246448573,4,HIGH
114.08232107216563,2.950158195901024,33.689146621119185,20.071907046090004,1,MEDIUM
252.30816806904826,8.444680428207896,82.714413240118,18.905056337092162,4,HIGH
182.25981977595097,7.035220457442419,30.313563384379535,33.43826246341321,5,HIGH
192.806935910773,9.049508683286417,51.48550206546466,21.909382612902718,0,HIGH
303.1106241500632,1.5146168907723987,65.2771046379275,29.379752152612227,4,HIGH
112.76734223890065,6.372675691447985,56.39155753965862,16.53353183183153,3,HIGH
127.21584467780795,6.1214191740430675,51.52331546439078,35.41838436202394,4,HIGH
369.85671645145464,1.3210697472447914,88.15846018276673,31.23949144926161,3,HIGH
22.4897179403889,5.621698692212352,95.43828019903363,34.42268696875898,2,MEDIUM
194.25371936533617,6.485682801789318,91.1598879434122,23.262191401792382,1,MEDIUM
365.1203201631447,2.721638567818965,66.57019191349997,23.358089260845933,2,HIGH
244.1452031272628,3.459966248121966,91.89149226354381,39.04081599272274,3,HIGH
218.56282968485283,6.763126116679634,94.46030956270806,36.55686938954479,1,HIGH
99.89767169174209,5.214708528399625,58.64668779332234,32.39185953595844,2,MEDIUM
137.3101956257793,8.722122918114941,49.841210165381185,33.84430427346241,4,HIGH
340.81936632187717,4.081435894082695,36.878564406932426,17.821325385033163,5,HIGH
223.68725270738327,3.3999369254938103,63.536434473446036,40.685139133537604,5,HIGH
205.89687750271196,9.863793463103585,96.2407844306909,38.09721099034988,4,HIGH
39.83188541601157,9.20022193117075,69.26352696492597,32.71474601470343,1,MEDIUM
6.411262582049249,1.2609347049908188,76.729347125032,42.55785393302722,2,LOW
385.47407547481964,7.936557537759093,37.90186729442933,20.059137230981996,0,HIGH
150.79446691473666,1.9930129644268266,40.046376489957936,35.59972158102501,0,LOW
241.2852248398017,1.2473667534643385,62.51312833717708,43.88945332956483,0,HIGH
31.886029274913994,3.46325964369714,96.58853592886081,24.300268937097627,2,MEDIUM
273.2457142892186,3.4241129115499387,55.254924911407024,15.458769422025286,5,HIGH
373.0266834823844,8.373868861122682,91.42388289222734,37.04602400907399,2,HIGH
230.26610119896787,7.396005213485516,38.420201539799805,15.209409733683811,2,HIGH
50.44612895016422,9.834484845988129,73.1912044853597,41.17600947546501,3,HIGH
232.6886109893907,7.4036161028063665,72.04290838373628,16.689037563107096,5,HIGH
306.53888524186095,4.764299979304431,90.19123250491879,34.58294189615631,0,HIGH
162.56661462960747,7.290348948506952,30.232169308343106,26.315524332694512,0,MEDIUM
351.93509917658713,9.995131604677619,43.29521670383005,21.100219611501984,0,HIGH
259.4731813429458,7.391276943062753,45.37813378006372,41.94775199561487,5,HIGH
359.699567315681,7.855132203822865,96.49762616635161,37.38737555780587,3,HIGH
249.40212449893488,9.445285136712334,40.75855593889265,25.2132169842978,3,HIGH
52.51518880192969,2.02286135180515,32.587364515439226,23.52459278571675,2,LOW
123.87668444207564,7.3430586410295415,67.41230463192656,37.08036882483418,5,HIGH
80.71797930098276,8.65725362170704,66.99909237035772,40.097122878189914,5,HIGH
363.5305990867449,9.589407401988037,89.08328757575049,36.475513928874285,0,HIGH
304.16002691499307,2.8987236074052944,96.42017551244615,34.199676751072246,0,HIGH
270.5593475640024,5.535361069518197,67.69818094980917,21.837741755659465,5,HIGH
120.38652785264867,7.124993628800336,95.09959276937589,40.58411949829417,4,HIGH
73.6179088200854,3.227209565512037,80.76114059098808,37.48985950375125,5,MEDIUM
302.58043519556475,6.404255769252466,48.51913895969095,30.518228692992434,4,HIGH
189.66317835163187,3.3182090424819943,94.98944976607484,30.347632868003423,4,HIGH
90.31582086025165,4.001113184784826,76.72102233273122,32.07519083422039,3,MEDIUM
246.64879126611004,4.973668268597786,58.98671529198437,39.84829182535988,2,HIGH
16.13354085538079,5.762710888719103,77.61694591618514,37.267786465126726,1,MEDIUM
130.4681016513014,5.044292844626356,58.09189794206256,40.6873498183765,0,MEDIUM
187.42279783645387,5.438759678091363,37.992863759157146,30.21848314976167,4,HIGH
59.18333364376234,3.6872988065946335,80.32851230238299,33.739471770547716,0,LOW
393.86179103633583,2.4306858462036756,87.68613285195207,40.63715420687939,0,HIGH
83.6389458358457,1.426149795941555,81.01643393135714,21.969601805301462,0,LOW
52.141252017306215,2.763808502425009,46.03802674296736,28.320620407686718,5,LOW
81.41394955475856,6.237492773552047,96.96445094343291,33.619567109381606,2,MEDIUM
307.6244532638897,8.07503903022819,31.767819318380916,42.45438772074304,0,HIGH
170.20226370873712,2.523228376986051,53.287970816294845,15.475080331383749,2,MEDIUM
226.16637590101521,1.976998219953836,48.20647041744269,21.377194745196824,1,MEDIUM
8.403662794544298,7.743613244943252,33.36883593303957,22.03351523283871,1,MEDIUM
13.772523429325823,3.746424974835607,58.40107850920679,24.798380407853827,3,LOW
178.33021993080646,9.563494953046172,73.61803881139421,23.453598612620368,0,HIGH
326.6620972806494,7.428861735493357,91.77870044395709,32.70416356686716,4,HIGH
354.0955514830261,3.940804425187278,99.2782801334029,41.56860792764236,3,HIGH
34.682627038256086,3.6058847301433445,86.56627104830787,34.10933523217168,5,MEDIUM
215.3452408404091,5.713285476441781,62.80763630989774,22.245796768630775,3,HIGH
365.2918745117082,1.712302014503885,80.65930981769215,40.91258550210253,1,HIGH
155.18910175915454,2.059088613807691,89.05366520127485,33.9613736744254,4,MEDIUM
331.82633257134745,2.5827209318457327,62.571503749307695,21.568863749637046,0,HIGH
53.47826175977448,7.972512339741042,84.95381038178499,25.849996114995097,0,MEDIUM
374.1577958671195,5.624716233422102,63.78566928190137,38.69894420219347,1,HIGH
300.56932701252106,1.0951041049699866,57.05471936137059,37.16793544461343,5,HIGH
376.53375711476065,7.061648747248981,66.82635864486329,32.29747108516928,2,HIGH
270.6468934210026,4.813211607944474,77.30983163390013,19.343025082216855,1,MEDIUM
145.3615727997708,5.597671284674181,80.88174394230182,39.09867891943512,4,HIGH
375.272469009889,2.9270461907164202,54.97153882244755,24.226275856582443,2,HIGH
110.22671052367139,5.966040055546933,69.99241760892244,38.14793816997487,4,HIGH
132.86900882469303,9.812379157763397,93.6909611856313,34.42699097286776,0,MEDIUM
280.3233672006961,1.661002219051853,98.34190300774479,22.925108449305547,2,MEDIUM
306.1265198101545,3.5552565969798757,45.907366382876816,21.3710768439797,4,HIGH
371.7613935396615,3.186978335747468,43.4981815999339,18.927297697731564,0,HIGH
81.9209636224838,3.2369437967606163,77.3679943400054,22.25838709764347,4,MEDIUM
319.1992140876896,4.408357218088396,59.027872007641065,19.734870673474198,2,HIGH
295.4184213587854,8.362988062697507,31.69556368926959,33.51153743363254,0,HIGH
25.51782250143915,9.215728209679487,54.280330945309885,32.963493569317606,4,HIGH
154.88925648408278,2.8199357871307598,86.47213204305766,32.585161803983915,3,MEDIUM
113.10618282403944,5.886549441533015,85.81988512682278,34.25669427674515,2,MEDIUM
121.79616974161216,6.7320907494893225,64.62796041716072,39.44353601893699,2,HIGH
393.1787518218803,5.696447269274604,63.08045544212747,42.40658134649411,2,HIGH
257.11096539197115,4.906687547772276,70.56552097040642,21.911266137052863,5,HIGH
287.0704631173998,2.7277795527331405,45.35776973945032,32.63323470506777,0,HIGH
390.64705492600365,5.393974232793147,66.82305374236688,17.350086637418144,2,HIGH
150.88071298305547,4.61093344940196,30.773245203965388,18.604273150667854,4,MEDIUM
320.7360673811224,8.160070262520428,63.289168834819364,34.63017938884171,3,HIGH
173.81238532179816,7.872439232466957,53.523573237541484,29.597416850713525,4,HIGH
347.8134687259919,2.2059881308510363,77.24087241325617,37.74996260503301,4,HIGH
72.26301652452128,1.796671473067608,74.68475089068393,27.770324429717142,2,LOW
379.07447082571184,9.173385489047527,56.65851161279663,18.827952204988144,3,HIGH
87.50868336435187,5.81957550068048,30.50910870350141,41.161609614924764,3,MEDIUM
130.48820279237262,8.720208435543316,47.65915405764723,17.486654134359668,3,HIGH
302.4768936427122,1.5233600850976103,74.33434951324136,20.66893927606146,3,HIGH
157.50205662616267,5.738640548694672,35.066134011225316,23.30930597885553,1,MEDIUM
243.28455070657867,5.854838631186127,37.53496952834247,44.8584182119628,3,HIGH
177.8294004277714,8.74631829287935,75.2924517196961,27.50579460527952,2,HIGH
296.94797483591276,1.8784899840673677,82.90371806645047,30.05125591434345,5,HIGH
91.33250094744434,3.1640100730831837,52.508479560889846,38.09090252921605,3,MEDIUM
23.3831948947508,4.6588448249831185,64.27711458615933,34.09246756016441,4,MEDIUM
119.9717589892265,8.792573278779479,96.1997955488561,40.24262075824,1,HIGH
189.72346594737212,9.449949835635103,96.18804935231786,29.593003757636815,4,HIGH
67.20802087707143,9.93452157634265,51.52519421244011,44.16533062479666,2,MEDIUM
141.91891586255548,9.632741378126694,86.69915125119633,38.904370847589234,2,HIGH
159.99320731742742,1.0534758025991897,71.57608369648011,27.040961649397957,5,MEDIUM
22.956737475309417,1.4293750730848482,98.2839145345266,26.43815468835744,5,LOW
233.32289927368183,2.328461372418298,63.43294987977675,42.88473576132654,3,MEDIUM
353.737371188515,4.139758870932458,84.2294807610893,35.532469074441515,5,HIGH
60.69716518122097,8.469262278882628,83.76959907304098,33.643009035769154,2,HIGH
239.1232053606056,9.033905758019324,64.82030073431534,37.73491912301432,1,HIGH
265.8956819643385,2.6815096566512473,85.69410800081155,31.825014843351344,5,HIGH
167.73387216771533,6.576977364577378,48.272823331489754,19.775003192571802,4,HIGH
280.439034945708,9.25625786558749,38.55771254031602,24.57646386235293,2,HIGH
164.2926173964048,5.173585623381887,59.76146212587214,31.738345911269093,5,HIGH
201.85491519097397,1.9318921475750557,96.05414596435092,15.545034627815008,5,HIGH
2.941217821770792,5.1203228507616245,65.05212257417702,28.120521148896835,2,LOW
276.6880456538755,4.382154120592515,74.46813970528488,37.674086378278105,1,HIGH
264.5370715778898,6.198921964594063,73.69137191355128,19.92702013548817,0,HIGH
15.360350930537825,4.947928159663933,39.28010070886713,16.93676850470717,0,LOW
147.30004295805324,1.1561133416834615,57.32078176640472,40.08087422183095,1,MEDIUM
391.61273631666694,9.94597960072304,79.48572810453123,33.51821605390086,2,HIGH
168.29462502744673,5.891862139575139,98.03930690065084,20.29736917468392,1,HIGH
200.7781620527367,5.262676799361486,41.76124168079183,39.189149417495805,1,HIGH
363.97206326388743,9.591556343536485,58.73093232373814,34.74388414461637,0,HIGH
286.90475034630254,2.4027433082836938,36.656565986191055,25.023578089453146,3,HIGH
232.82805244968944,2.703138422907234,46.96635217544792,26.285888158852174,5,HIGH
319.121872536429,8.272132741565052,56.37315403283051,19.67664489561145,2,HIGH
345.7465065823893,3.347479720225079,67.84502735666453,40.057667826262204,4,HIGH
182.75522869490675,8.193043956623743,46.13968175673567,30.27019954931226,1,HIGH
190.04334597273416,3.4438013461765227,45.929386282508005,31.710572299309817,0,MEDIUM
154.42037426073432,1.2986886720250133,84.44809853981427,41.504757455932435,3,MEDIUM
386.68245600738425,5.6531325149804434,97.38491640628169,15.474918493592817,2,HIGH
278.86650171614014,2.7701779071417523,52.65290774260193,17.00769187569876,1,HIGH
33.289226483228916,7.82061663639224,78.15944130449762,19.84736945579445,0,MEDIUM
345.1838493252074,6.770796699089333,48.065632295054456,15.901134392644368,1,HIGH
192.22397633450723,9.31242401180126,94.95665784759424,34.74468469873199,4,HIGH
27.501562568994984,8.046895215391622,77.10316521157787,34.01638404564962,2,MEDIUM
219.88690206532442,2.6269835935665418,86.1873798246299,21.32405708786957,5,HIGH
166.86571159028082,8.201424129983167,33.45478302394154,19.482193346600845,2,HIGH
351.09976194505,6.77563340332621,71.89541777684371,19.3705410415982,2,HIGH
81.59784144375494,7.020564775845624,66.93286319508675,43.59724239955927,2,MEDIUM
330.5858437968732,8.49036597373134,50.50978348380724,35.80513585874225,0,HIGH
223.0754764741811,6.164416622700462,48.37009895401226,32.56286485395238,4,HIGH
21.84412128538762,5.1940316291771165,70.60173616218788,24.674606154152826,1,LOW
388.73812053019384,6.729769318228552,79.45399445050576,27.99129593726369,0,HIGH
205.04609764127997,3.6816168606252315,32.322092992463226,17.68217643597623,3,HIGH
116.350741692633,2.6433741797838937,69.7181107346593,44.94455664165004,2,MEDIUM
187.76273679570323,6.549290542641217,41.932167026264004,37.652563907149045,2,HIGH
343.1431134069956,3.1046353217692992,39.82539119702704,33.643594704846834,1,HIGH
121.9612497540254,1.7192359841194604,73.61836416662791,32.633015856836465,2,MEDIUM
77.07055859468012,1.0049876612672852,51.76090820522312,30.129431160995175,2,LOW
51.628498772352586,6.474874612600604,60.861616319440486,22.722822830240876,1,MEDIUM
119.1437593560845,4.259339051322131,55.199916660784105,21.791712103792012,4,MEDIUM
312.0192348160174,7.770798736061104,75.38354241067665,31.48597371567673,0,HIGH
188.65054607810467,4.376587584817922,62.90838362465282,17.10602443673855,4,HIGH
90.99264147741599,5.374031034144041,97.44210634265633,17.23412396605607,1,MEDIUM
66.47399984389968,4.663764755338464,54.66679313745257,31.824408094810504,5,MEDIUM
133.09179060415164,6.855173119984115,81.81990381839847,42.594361446307175,5,HIGH
375.96974915428353,4.205252458134714,48.01047973081312,42.428155533895634,5,HIGH
137.21068503600975,9.67390884948078,65.61271648383028,15.32484901982377,2,HIGH
395.24963038185416,9.425322879386771,68.679882633137,18.221826469423494,2,HIGH
194.09218230614246,8.632251123915532,53.037649674391254,32.492330812760855,4,HIGH
71.66556731606035,9.282702435154732,63.02463702388404,40.45427165418492,3,MEDIUM
356.4560367174038,5.0422571961345195,49.549504652894456,43.63347259970486,0,HIGH
184.14214925393077,5.827873571105429,30.42005471717874,40.81746678137338,2,HIGH
283.86853740180976,7.6788333330242,45.09538111465151,35.32839405889368,1,HIGH
393.4846332836607,7.26531332444687,79.00449207452405,21.015752327677074,4,HIGH
20.0701401279896,9.016107360449237,83.96741171397639,17.17864421936887,0,MEDIUM
38.677823915026856,7.446979245310257,49.61420069972439,16.42547348056934,5,MEDIUM
288.18269658510246,9.980962374056144,58.563009917265035,33.36230353876234,3,HIGH
112.7300013181888,4.136552198484319,32.61559620970277,16.08565812046073,5,MEDIUM
73.72055878003962,8.496979680154762,46.59440307683764,37.17719869396652,5,HIGH
15.744751927891798,7.278713405493978,84.54534983606095,36.37412212052907,2,MEDIUM
8.738684794480722,7.222478006935167,72.41903891855401,17.388324743300366,4,MEDIUM
309.7942412479164,3.93252035360499,44.403936536806,42.198670951103836,2,HIGH
53.77337094782,8.070416131807203,48.02093965857025,30.657878658759067,4,HIGH
187.08824638846036,9.103384201128392,87.17614160926921,42.13315702013195,3,HIGH
242.3587260717932,2.9669361536850665,44.63589420614306,42.04830168564966,1,HIGH
171.3407202275385,6.629471534050337,53.391040809299184,20.91102191661355,1,MEDIUM
10.842660934493242,4.529213461924977,76.5051084158251,26.417328838088544,0,LOW
313.40060103516356,9.905933073653893,69.2778669995655,19.038790005114485,2,HIGH
4.205289816661395,5.3094953424851346,62.260914366367,38.24934030408962,2,LOW
304.7559577509936,3.0548815641724842,92.9818763685821,30.123747466135875,2,HIGH
357.3217975152491,4.436718626996493,45.37973239005362,42.86422726184946,1,HIGH
173.13596842286893,6.884545508349636,81.89939236040999,21.24645644628832,0,MEDIUM
214.2169892391193,1.6848043421461865,41.134468843272835,35.65102984557678,1,MEDIUM
190.7933570470615,6.432417281991138,73.10136834375015,44.67710483318126,5,HIGH
155.68344744937554,9.381022832610082,90.94364943879192,34.961437854629736,4,HIGH
354.9698141481441,8.653265088920655,62.05312498346965,17.06321798492138,2,HIGH
357.5734042679962,1.6090618299218504,80.70061550339302,32.65273049085572,4,HIGH
134.32654585661382,9.940508908651614,87.42753470992918,20.3952824904371,5,HIGH
246.0279016058792,7.288542313334912,39.52184974143219,15.915083322579463,3,HIGH
370.76302485834566,2.460527418826213,79.4078826697477,25.048820919156427,4,HIGH
384.8233995765406,1.1117448025248113,94.38887167920734,22.983122491621973,4,HIGH
203.58361616881902,2.541543726629362,70.34594268988809,38.663126964472625,4,MEDIUM
181.12992211373071,8.543583286171646,43.02855711701292,26.210416232343015,1,HIGH
111.47772637141031,1.1947539245064736,38.885977211226006,36.988763411555894,4,MEDIUM
383.548749276164,3.098325732562779,48.18147313267235,15.487169758479943,5,HIGH
57.125721789146944,7.8157503580138785,37.24592883116778,15.44436400300173,2,MEDIUM
231.93183041909,6.274994823083216,65.93758501095331,15.879403726426712,0,MEDIUM
113.02010700745555,8.044621393241727,34.87932778947142,21.580753253477415,3,HIGH
111.60331613911865,7.715354534441092,45.63832372453585,26.219633550856848,2,HIGH
161.98743495047538,1.4554124840962426,60.793731073855,33.23537409350564,0,LOW
399.5171743262618,9.032602771847364,63.1740325281415,44.577416574809185,2,HIGH
21.986522735928826,3.0432865085404184,69.57789396028751,25.632287010429977,4,MEDIUM
231.4167272814126,5.980531962067873,79.39304739255086,16.669767202714986,3,HIGH
33.02886321411087,6.798593408750009,33.306004776582725,20.84700484997546,2,MEDIUM
61.808331996207585,2.5176538979658583,35.643466652304824,41.93555501444587,3,LOW
175.82517670915948,9.78608131030877,34.26014062633465,35.981375704431265,1,HIGH
204.1840525385765,5.393403604785781,59.62052208254372,38.706024721156794,1,HIGH
103.5169633458096,1.518784260376541,32.9293561418054,18.72504617018378,4,LOW
126.58285234976647,9.435358403000563,82.22568867819284,19.049609661225237,4,HIGH
34.78680810237322,6.276410588739413,45.61001267269345,18.36738022634688,1,MEDIUM
121.2879135377002,7.292738781832387,95.74487453029711,40.71507492928575,2,MEDIUM
386.6233757522176,5.7265821094080165,64.0482628567978,21.299028260808132,0,HIGH
377.8829526689927,8.512641592992708,61.24280267095411,34.29455236139165,0,HIGH
133.951316054794,1.298201159738898,84.63770848476503,30.484990985497774,1,LOW
228.34157451150463,3.41540528749433,79.92077887250937,31.33169735621561,0,HIGH
363.8381564443777,5.22683520762423,72.51163286637001,20.863060751738047,2,HIGH
2.47352905635867,1.6894325468233904,95.4602694375259,34.05738280361969,0,LOW
324.27342813503674,7.353160023939925,59.55814826909539,16.293016033749936,5,HIGH
379.34782111556757,4.542970726500767,86.59721730406005,44.80416828772886,0,HIGH
36.53029373342282,3.4540119124132964,56.6065062022073,15.802767194781872,5,MEDIUM
64.57907441316841,1.0304096212757106,88.68419720072734,16.504696221475864,1,LOW
384.29852110854216,7.4784728057495835,48.1632240276178,24.73942259675044,3,HIGH
215.01605745613853,8.504283779855756,50.248695098522276,39.94876067308615,3,HIGH
5.678653788689481,4.555364821133486,77.45086738122177,22.715676353302285,2,LOW
103.05279950541166,6.07796179330029,44.88993064662574,29.158050413739844,3,MEDIUM
179.97746970754383,3.0491796333663856,46.04079309178002,15.539319935285787,4,MEDIUM
277.16356440990705,6.599778816521198,51.36837003121903,17.366379494509324,1,HIGH
293.2641512547198,1.1092371248368047,77.52501387622631,33.23898145622121,5,HIGH
398.16860517018245,5.397795073888826,92.25716646962624,20.83075408348286,5,HIGH
115.0044797535036,6.79784933656623,77.21973557888907,35.827636890585765,3,MEDIUM
215.28804074739008,9.263725959067607,87.94699710408877,38.56173525051531,0,HIGH
213.32941914384202,4.432022354100559,68.04924127861288,40.5100259841685,3,HIGH
162.258103778895,7.886711826829268,34.82462549416017,19.01398013997968,1,HIGH
67.66475753696808,6.379183269491507,37.032634805595045,28.66525647095775,0,MEDIUM
390.982625273537,9.343109016325725,68.80743848568409,43.41244349711537,0,HIGH
341.3268746666344,4.5853990809348755,52.946067804947674,38.16250627332923,5,HIGH
199.3332113176949,3.871858058856892,45.439765154585984,18.50881145538445,1,HIGH
241.29816907361192,8.984277988247294,62.63798491118346,30.07500735055183,2,HIGH
90.90442142386492,1.443199612674602,76.65477186330111,42.67141745516516,2,LOW
217.51482815669877,2.2274685364030913,56.94943634151009,28.201164165695577,1,MEDIUM
277.98805324859035,1.7416399112564,86.1779580010139,40.122528265229064,5,HIGH
206.06681135463552,8.587989609187623,81.69662725999756,29.875311635656715,1,HIGH
396.1140682339765,1.0954668103328746,81.44404175116968,18.20435031737261,1,HIGH
244.53666249909048,8.754914399473433,98.9632782774172,19.43564778178522,0,HIGH
148.38948503686763,5.061410158341402,50.666098416014435,16.400272584245393,0,MEDIUM
308.86081104633524,1.0362275096857367,75.13079104386266,20.859442217266935,1,MEDIUM
68.18500463265681,4.6148065949083765,89.88348381122195,41.80842299611302,5,MEDIUM
153.80632548250662,2.6812075694053203,70.56671037397376,34.505941378297706,0,MEDIUM
138.78358015103433,6.619604387249467,85.26515232807748,37.16570804648733,4,HIGH
172.7228380431109,7.114229109294819,59.01165300879386,33.649843751799835,1,MEDIUM
312.7119303714905,5.387748133644998,71.33439419583632,26.59617876415043,0,HIGH
193.669212865363,1.3646757289570297,33.89664749630298,21.50583398388005,2,MEDIUM
317.6057801063851,6.905159239304817,99.00373240773693,42.768437520294924,1,HIGH
230.59556125594636,8.578349052449692,86.00129370138922,30.444893446740643,1,HIGH
136.82777386302214,7.482918495937613,90.81663501420147,29.43299643623818,1,HIGH
323.99149747338896,8.469621270597866,78.60059947000622,44.88312265780637,3,HIGH
95.31586822123663,2.804585711957987,43.02350229660897,26.517899651654297,1,MEDIUM
89.7531919199182,8.999991456908344,32.17199096926226,40.623759446767174,2,MEDIUM
201.80116962193432,3.899741055831665,90.52596254152095,40.87032180950568,0,MEDIUM
104.33969838483557,1.1206433282679193,57.743145761528616,21.980106310733866,1,LOW
3.6348139804865287,8.590524816961636,48.470541322794396,17.845190770504864,5,MEDIUM
259.3190109195206,9.47639142068254,69.31710711872611,44.26860347147593,4,HIGH
204.4375285889592,6.900023776756139,59.462896573300355,27.77690592406701,5,HIGH
178.20712579726447,3.082929674170822,75.616619698129,15.066609660305865,5,HIGH
386.7874058473261,3.2657001785427733,63.865526313815955,29.97053501486876,0,HIGH
228.47967358516547,5.199335860920575,78.80631983081895,33.57901091242351,2,HIGH
345.3726311157538,9.080479716412775,89.73962886564001,38.28264742344103,3,HIGH
55.78009448206407,2.3463789053280255,43.688990766905235,43.28826354670916,2,LOW
227.6825852517711,8.433763026251382,53.060301639584075,42.45511886836389,5,HIGH
347.1918506923612,3.621725278346353,60.57709105994472,43.204074601646056,3,HIGH
233.2423029119592,8.277275524861881,97.34409136193467,15.963754447784183,0,HIGH
287.2056712508006,9.282440778413848,55.57335294832397,36.35322401491403,3,HIGH
148.81742712488295,4.847444847948882,56.67698947148406,21.775738884170597,0,MEDIUM
36.979806814826645,4.285455886949777,75.74307660716929,20.62658061616962,2,LOW
183.16011805082857,8.219991870741715,59.34397969229644,39.00955705797751,5,HIGH
157.791756335543,5.765345941414546,96.58566219477237,27.513890675186396,2,HIGH
346.82407295157896,7.160041436168774,92.61281323328107,42.49800227347008,3,HIGH
97.59812094098889,6.605463132650616,65.93861444429712,16.2730527238712,4,HIGH
386.6936910140432,2.375999610803167,75.13426637634949,39.0654248846149,5,HIGH
383.25524792179846,8.603113242606055,34.06213933185344,19.10503233847787,5,HIGH
99.05265722857548,2.761976002718226,78.70113696226787,20.297316046949533,2,LOW
139.2207821909282,9.390539296637026,79.50406110643226,29.32055146573497,3,HIGH
358.22229634955403,3.2551416227993304,55.143950695024564,26.867698226183986,1,HIGH
386.648888358443,7.604928759463677,45.377801853769085,29.58516918386013,0,HIGH
177.3756411344176,3.5618985414423285,94.05548812719117,43.20079566093166,1,MEDIUM
128.39881825635914,3.8600686772817747,59.86934305635894,34.7216680669072,1,MEDIUM
210.4376053006168,3.790016675040748,75.75942733611974,23.70928145526002,1,MEDIUM
275.1076825462939,7.731030286234749,32.33301564833792,20.18726136953535,3,HIGH
109.38980614999193,6.0113360617245375,58.98470166037854,27.601388253928008,2,MEDIUM
294.5892698476291,8.946572102627474,87.2081167709716,28.54923081803213,5,HIGH
20.662942845856413,3.7663544728364036,57.13032002805005,33.03883229698549,1,LOW
19.71779710576658,7.227932698510699,72.22128120958138,22.98008110619304,3,MEDIUM
154.5150820582181,7.776537396967996,44.689906033917765,38.0252774129045,2,HIGH
141.38927682428823,2.363339017269624,59.156795418769164,17.953807364381447,0,MEDIUM
126.25328614686092,4.6053042158783,94.93464026372307,31.813600908019634,2,MEDIUM
196.407905067564,5.3453574491537,69.6516224790726,33.70594959732334,2,HIGH
128.2934329246285,4.201186509049369,93.1352021365052,21.20494743195436,1,MEDIUM
76.90316738723678,3.899013363722243,93.14135096426803,39.78034051498863,3,MEDIUM
123.78781963544037,7.177779045978777,96.09034602971357,33.46296375623032,5,HIGH
389.961709124094,2.942797578935397,92.67741620560737,34.37166643943918,4,HIGH
164.44536679793944,7.384516707260159,30.229679030721044,29.932305172903156,0,MEDIUM
177.8851107433343,9.415397767516575,95.38104241071179,42.287826515290156,3,HIGH
230.61799598045602,6.08677769059976,39.62216073597635,35.81782744462873,5,HIGH
393.33630736569063,6.502908130655267,32.79483757778054,26.455066946872876,1,HIGH
96.64051057430521,1.6203943191168018,33.877197420463695,22.158176633522586,3,LOW
272.5128442129735,8.780292132560454,54.42413366235035,17.131850244704616,5,HIGH
286.39387741668963,3.56903008479879,73.45628596881555,19.960825115410785,4,HIGH
242.92976671722636,6.535460489757083,58.161783756329825,44.78048856250979,0,HIGH
35.43133585465763,9.812009527703221,31.788799925456562,27.203006879749204,2,MEDIUM
270.7489103310306,6.3595234051552705,63.35378439223003,41.9606168183222,5,HIGH
25.637884414470193,7.522385387179398,60.949151958926606,20.117080706557932,0,LOW
238.45705981995877,5.007876564013767,82.97944858511528,27.76082614022549,4,HIGH
295.83247088869706,1.5432925916355162,49.572902889780686,43.81555401100346,0,HIGH
84.38795624798017,8.178394145408095,45.2271821656057,17.733967542579,5,HIGH
336.6488030171096,1.314989571375871,47.91572703736384,32.81952851437508,0,HIGH
12.141522213201705,7.305920459990687,51.26178758408936,42.575157020889066,1,MEDIUM
337.5251454633224,1.2062941583467324,71.94154113570166,43.49050118862752,2,HIGH
184.13162025710602,8.760747129190035,63.00678398164559,40.38022431335327,4,HIGH
87.0351759726578,2.4187243224968253,53.58261956253405,40.67803297080448,1,MEDIUM
53.5112579975872,5.62844345898296,56.20199107985749,34.56548862352396,0,MEDIUM
381.32286703294903,6.374356340348326,55.96465621112833,21.612693242849776,0,HIGH
29.066235032462686,5.117908666360709,98.06846862972222,36.92035633454759,3,LOW
79.63736797437026,4.0668714041399845,46.30978916370668,44.351533933761694,1,MEDIUM
139.1289389732184,5.2103286656287455,87.2643092190581,30.778005440184323,4,HIGH
248.09393958444818,3.8027417849304284,79.5747586311731,22.820920772307034,4,HIGH
217.92043411043934,4.943101123727768,30.389900392248542,32.20413203294993,4,HIGH
50.25739696492559,4.230216918982276,99.52233526878416,35.71831068721849,5,MEDIUM
115.89119349528585,6.095843411564307,82.95075594435015,21.248409282732393,5,HIGH
95.50070843440963,3.141317460204851,77.7714710445554,36.57568042828268,5,MEDIUM
85.41714179613655,9.897908994226112,58.37272953736461,32.622985766531755,4,HIGH
164.4577345919948,5.50782958043949,68.86421622400027,33.37049727444156,0,MEDIUM
281.61258103666273,2.747458696730587,47.72896269672292,24.179637892195025,5,HIGH
86.98117288689437,5.293600746105453,32.483838360198824,19.658004303336035,0,MEDIUM
146.67155188119256,8.797736165723418,88.5215160912181,33.70349685916971,1,HIGH
156.3669707364649,1.1962611381195605,92.75391455768201,32.586989674577154,2,MEDIUM
390.5826117741641,7.115987071965599,41.37294456299679,25.14036563141415,4,HIGH
381.86654275162755,5.931710171145353,85.09392670920131,23.876810026376617,0,HIGH
320.05503310083037,2.52602194933122,81.88068712999612,25.41733384986852,1,HIGH
96.66356832767407,8.357287953744287,42.48625013552633,29.696500154964603,4,MEDIUM
27.214925636667875,4.319961601366051,59.52801618023557,44.24459205333484,2,LOW
126.76165508824991,3.644218259339567,59.593054458387236,37.90693866078619,4,HIGH
106.71781977353234,8.45312672671211,83.1974980813674,40.55219217496465,5,HIGH
202.37032005855755,6.746725415724981,88.63626340432388,30.169487067105933,3,HIGH
311.0911640271172,9.08433175307342,36.63425849739597,30.78370835336331,4,HIGH
343.3291755515432,6.668953333040794,69.4078464432942,21.12973984311083,3,HIGH
337.9456341642034,7.667358921389038,83.32239478502197,36.631375089032346,2,HIGH
143.8702244892271,8.528013066336516,85.0333415845611,27.647520173719084,3,HIGH
274.89373738427315,1.492656723189432,40.359546710128626,37.27340576453133,2,HIGH
125.13367900968801,7.984440629824423,66.78536002055559,27.27166143937876,1,MEDIUM
24.362217294073083,6.523358336646191,90.0291094453892,18.255515616417245,3,MEDIUM
280.6261062411769,1.625570168636739,52.296300360969894,20.191610633576502,5,HIGH
3.931021027915138,5.577201296818436,59.7581829238258,39.3471023422405,4,MEDIUM
163.67303498339544,1.742122701855585,86.30509579354327,22.75849468676798,4,HIGH
131.7517077208303,7.623524815509001,36.25236648286336,22.930632677012078,1,MEDIUM
277.35101540754096,5.9185154250809475,90.16453029222848,42.88104270006994,0,HIGH
306.49818910415155,9.582161836710675,51.78097017115663,34.72906868600549,5,HIGH
121.63785438851353,2.6482183441459286,30.101522161378902,18.42922661653069,5,MEDIUM
324.6508057779414,6.454301072683406,46.391140153945074,19.307558103958026,2,HIGH
117.56670420197351,2.9042392111344224,36.26504486268545,23.17102298160838,5,MEDIUM
178.53054399462448,6.526584862546585,36.46694348973709,32.81987063479899,0,HIGH
290.8074108056536,7.503847321247708,78.49850138998141,37.58476409717018,0,HIGH
277.16809168991546,7.500738963965848,44.97834349473454,23.23489330359591,1,HIGH
394.94738892488,8.335665916143489,95.43196540838878,41.11926112244893,1,HIGH
90.06440968637276,8.681952051624851,66.15111826139128,18.275405366524456,3,MEDIUM
264.9271654158329,1.6954455364045935,62.206878056844296,21.227975041295387,5,HIGH
243.87276331031097,4.0894044136516365,60.39984627541062,44.113947634286326,3,HIGH
366.039381796012,7.184102683238251,78.48113477701423,19.04234590960973,3,HIGH
62.54485665795002,5.48727658652091,61.65839337665259,41.64333923171432,3,LOW
300.7192654347732,2.7160835207931235,39.00202493576343,36.11805226212286,3,HIGH
227.30744650750734,5.974386131500282,91.61205264485295,17.1926127192512,4,HIGH
109.86634791516217,4.666920874895294,59.98767442479611,29.511204866998316,1,MEDIUM
189.77396565886963,4.510344498888745,35.18032029896517,30.56938059434419,2,MEDIUM
133.5106388279191,8.287783456920973,67.05561912484328,42.964188942475126,2,HIGH
231.72536111538435,4.668385004489631,75.31428009189924,27.63313779231506,2,HIGH
355.60024432586636,1.2380905493238175,49.2907724910431,28.402908463928277,2,HIGH
227.7219937648808,1.5225700500198216,86.02382853716895,18.37451264359135,2,MEDIUM
252.68896733063363,8.706196375224582,76.88430922261546,34.17517690312987,4,HIGH
207.49913884588378,9.645407290112692,75.52388184851034,21.3269092766729,1,HIGH
20.466202578190362,7.195684028101368,59.457746700745595,17.325997746711206,5,MEDIUM
93.1434227504377,4.279314646900722,97.33407109879015,44.90757000212382,3,MEDIUM
196.8006917728331,9.447402842152547,49.193241756447335,23.088888838884156,3,HIGH
124.0941134978819,6.965227777381623,70.43938507108169,19.231594953864118,3,HIGH
72.70543910447769,8.59900194279404,51.63386102308323,35.98471123791529,1,MEDIUM
201.65313676737532,7.892670736333084,82.13633270800878,39.650464677657055,1,HIGH
129.12391737914012,4.412253841953332,33.3454038709085,16.922324793790402,5,MEDIUM
103.24305726936589,5.308319807657069,33.212570751253445,18.16179922409361,4,HIGH
185.5941669761523,2.6751893893128953,86.76026786631539,17.705214707461376,4,HIGH
53.31370323286926,3.6281269039666064,60.398771274456976,16.408779099675336,5,MEDIUM
371.09829323016294,8.003130951578695,53.882603822024905,34.783694359028516,3,HIGH
347.0808391676956,9.045805526947975,72.5268803522737,32.649395692180924,5,HIGH
283.0482342962141,7.520143809262706,79.13295407082815,34.88419969679799,1,HIGH
42.485531035382486,5.186563269909745,44.08409427910846,30.170014898225432,3,MEDIUM
310.3509017878772,1.7785834204577278,42.98018689833121,39.52523056216745,4,HIGH
323.1829312436076,1.512531538286034,97.07055234319171,31.400049074957263,5,HIGH
307.1058470857351,4.368930081515685,71.27650144691985,42.562408043988746,3,HIGH
45.58635484769646,5.174395468908968,57.30815341059877,29.5694559751198,4,MEDIUM
257.5631828271059,6.482085599919672,86.10091862686545,38.71975983634796,0,HIGH
333.72991829975945,1.058405692482975,66.76112711445421,27.220810610509023,2,HIGH
230.9413604878671,9.907506014196757,46.9163967262207,28.056716843293287,0,HIGH
258.5629500912356,4.275449950636386,44.47147139491017,40.4697613571375,5,HIGH
183.34539177052247,8.632851974210093,57.78014863188752,18.2297950607299,3,HIGH
211.48292795362104,5.814700350988639,90.19271021819156,31.947532649496242,3,HIGH
13.750743340690086,2.1739550908001184,34.30135412309812,36.790094033363566,1,LOW
255.58520878931384,8.178089972810696,45.29682005283342,37.51261846251161,2,HIGH
32.57888515646368,7.388443674278885,92.52062731968141,32.74480581509926,4,MEDIUM
174.00583773608935,5.746924764363052,38.52141982784754,28.441934524785417,3,HIGH
117.06203906696314,5.63097782200402,74.07380027849179,22.823473316002733,4,MEDIUM
218.17118008468523,1.7873164517583526,44.945795768471754,42.28278706062367,4,HIGH
53.36653420928283,6.902640537164867,72.41067932583218,26.09363842563976,4,MEDIUM
276.6573607893273,9.201206401788697,56.81729167909624,38.96976265600037,0,HIGH
318.00461477138816,1.8392042729922253,37.11738275016943,15.949968388879087,4,HIGH
65.3417798972626,3.3716030558401444,70.77325472878745,21.965076440598274,1,LOW
41.72523494075286,9.120771760978888,77.81299229592102,25.367543786523676,0,MEDIUM
58.20619311494366,3.55909518837814,77.6190833276062,35.147221899306125,0,LOW
350.8510247594007,6.8854930496193365,74.59240863508967,24.57992421485673,3,HIGH
211.27570470254247,5.813363484488297,65.0157346654882,16.240914024579215,2,HIGH
186.90439840300104,6.366948445034758,66.3630831801528,20.216025481620484,2,HIGH
42.68472764094171,4.742100114195278,74.49480768655718,22.77496057107978,5,MEDIUM
259.8224027027847,3.6999232349834,78.31815532226487,20.28142439807457,3,HIGH
347.199836758036,1.4368010565670208,75.84137171819695,21.111736804234003,2,HIGH
331.2743477293812,7.698528453647477,71.08618954394163,38.068708220200634,4,HIGH
250.4218835923205,7.714841159748041,40.908728936288284,27.361009318513805,1,HIGH
30.11148666066945,7.036531660708508,44.743157694500326,27.155377340037756,4,MEDIUM
44.95881087040519,6.792704093076585,48.21568147247439,43.99819009978458,2,MEDIUM
19.72359484392987,3.1934541895077357,94.37631599612516,28.401055138326008,2,LOW
102.99168659698772,1.201104403896621,83.15765642578765,42.82974397597185,1,LOW
54.2645868641511,8.278438571968957,68.70067736758148,23.97189294650041,0,MEDIUM
104.01921610097355,5.420246821262442,47.643984998083276,27.018787797125192,0,MEDIUM
154.02322228758467,3.761543176323565,37.762406627091984,26.888500682023864,1,MEDIUM
377.1931136284543,1.9173871610251307,92.91314581859822,31.38236496943933,0,HIGH
244.15042391267684,1.5644943181124957,92.4866211076042,32.52741872561857,2,HIGH
333.9895142731849,4.139800496156596,37.74869169869841,22.443750871268065,0,HIGH
284.1406002849329,8.242633582902464,85.80516662675473,38.80752751251356,2,HIGH
45.001252210652694,9.268513744004474,61.265154851693886,29.895778640303774,3,MEDIUM
294.36816254957955,9.070762281517583,52.67768529813781,15.211306605564225,4,HIGH
110.03955262364977,9.280007512746893,81.7373175346095,32.74021899950041,0,HIGH
255.64313879788253,9.169528088164084,73.00306787425114,38.94178324587409,3,HIGH
136.3847894571954,5.745022764403562,84.60210753153362,22.514002134463734,5,HIGH
399.06890530586367,2.9747407470121345,35.2030202443056,16.13613028085778,0,HIGH
105.42059179871113,8.182419245531383,52.30109139702195,39.215359669521675,3,MEDIUM
111.65218830970787,2.9234167736732113,52.3521795291715,44.288301479148814,1,MEDIUM
372.26890222495933,3.404865490809122,53.08271646014359,17.29690843994707,3,HIGH
9.857761854529068,3.0992888964029364,65.17359108506639,43.141104219771634,2,LOW
278.67559514927876,5.634841633262252,49.81096621566631,25.77823235928186,1,HIGH
290.13055629435127,3.896447573521719,61.106852706126375,43.24318825764263,1,HIGH
334.55143096415975,2.3874044466280733,55.74443151807911,34.46517972007341,2,HIGH
389.7757242553901,5.078560707044941,81.47072336143579,41.707329373452396,0,HIGH
390.24076766266097,8.865165149066502,72.2450556972535,38.5749907515424,1,HIGH
26.110703026585558,6.13497569454975,75.75406026221208,15.839932284618804,0,LOW
328.735729101161,8.905020452988284,44.74087258578511,16.963275069751617,4,HIGH
258.52397346295254,2.7628496657122366,52.785151572882256,30.77233815355632,3,HIGH
258.9368537492365,2.502764863052986,31.4815813328452,18.888570595347378,3,HIGH
51.33997064587792,6.180194131285782,37.58622951052189,28.831027174714542,2,MEDIUM
260.0748665782613,5.169960113916457,48.55379623922211,43.63890895693403,2,HIGH
392.99303224049913,6.941553774822612,34.582460491141475,23.84271862663453,5,HIGH
364.7274278157788,8.151641119241035,72.18426802482918,29.667381414472224,3,HIGH
175.6522643219402,7.761765660869588,99.86910811466777,26.527788902042083,4,HIGH
15.979189314437736,9.48035056292705,37.057064984577195,33.89480892744746,2,MEDIUM
144.91739600008194,4.584307682413104,87.48611488684855,20.815347919546767,4,HIGH
330.5561246402221,2.857480680233627,38.317137308560305,22.798178704028498,5,HIGH
280.5996405860664,5.958213759530972,76.89398131575052,40.7630355409203,2,HIGH
183.73746223758255,1.9966880817206705,75.0210322141312,39.340086715810145,1,MEDIUM
22.040614063532438,3.5996601099846828,93.19018543678395,38.67569066611921,5,MEDIUM
170.75789112932105,2.8709924973683,37.97619295763587,38.12758827953688,0,MEDIUM
187.6099758871534,4.569073451173728,52.08111262573284,28.78312480384737,3,HIGH
371.42221315765437,2.0009491750199384,36.354583224828,36.86672317596624,0,HIGH
256.43444143286376,1.2865757009328807,58.51683280631037,26.61614453616353,5,HIGH
124.66116666185955,6.911146041670286,93.81152214902113,18.021287405684404,3,HIGH
210.12730578028857,6.492240804608244,84.70662057432992,26.80123924946677,5,HIGH
26.42212312886403,7.375230424347951,80.60300703117234,19.759891326837927,2,MEDIUM
389.02729425989475,6.9434779624420955,67.31192534038914,26.72555041897529,0,HIGH
144.0239607722904,2.0286521302814515,91.8440019634866,23.922756460886596,5,MEDIUM
191.1469419652543,3.619709932380817,61.460925876892986,32.974820012037746,5,HIGH
142.11358969476905,2.165739489103171,40.477996697044674,25.846212464952703,4,MEDIUM
273.00469204648005,8.586751618437068,88.63096561845455,36.167689901375354,5,HIGH
264.8928633318372,7.7221328981997095,49.57468296362088,30.36440043142948,2,HIGH
286.12892421165424,2.813743026264182,33.75434787171137,42.584768355461996,5,HIGH
107.25729184476833,4.071783164409041,38.8226621468154,17.73076306051161,1,MEDIUM
126.26739246562639,9.699534930377927,72.63412413359038,35.63127565923997,0,MEDIUM
50.10049243848318,6.347434220916863,72.49573747448207,35.17190632710119,0,MEDIUM
262.20398873844505,8.210400375710416,48.212821975742415,43.51879642238102,1,HIGH
15.91885093426102,3.381319312918562,80.90261035621853,26.146556011309578,3,MEDIUM
239.07293420938362,2.890476281613747,84.1548108779674,24.16313909136487,2,HIGH
347.87835394065354,8.055252359618937,94.43518382935328,20.171803326409695,1,HIGH
356.3328593158534,7.172852097082961,70.94562490747659,22.95865546065881,5,HIGH
179.61510414798468,7.1288013629058735,84.5596354903301,30.05672318265416,4,HIGH
183.7214752852295,5.973711236462745,82.71697758401436,40.13138885879931,2,HIGH
30.787673203206943,6.07220508498894,48.0466333927035,23.52859810441924,1,LOW
268.3060101772143,7.621277547756284,51.715814955636155,19.732263499721718,1,HIGH
328.5037681491382,3.4300223300907575,63.493767702701,23.16385413222506,0,HIGH
97.86202184188522,4.174916192712602,31.332727727047395,18.02780925085454,0,LOW
168.52035265334587,8.844730934680495,50.81784412104065,42.80086248923988,0,HIGH
335.53573470610814,3.77978680910942,63.171801134096654,41.17872456066742,2,HIGH
350.8481870649152,5.916786142413692,37.56485066968006,24.25475150955457,5,HIGH
97.27199210569037,7.323755176060157,38.839312144258784,22.40963447795601,3,MEDIUM
220.2282538165457,9.99932344149859,62.42657150161388,42.16191942194747,2,HIGH
76.99726025433083,4.9176219834579875,81.16755221101519,15.05315853962868,0,MEDIUM
40.75150565582262,4.852835889624494,88.36242516444781,33.0173258397404,0,LOW
364.44820055678304,8.583295414903008,68.2419728253324,42.48011282837011,2,HIGH
328.20300169284366,8.24952800133877,63.23242912827118,30.256724667190582,5,HIGH
304.01396072126954,7.579682935610936,56.89963979218287,15.089008787989016,5,HIGH
19.506527525256168,5.16906673668126,43.50642947063243,21.56614288155467,1,LOW
337.491517084103,3.915452081446442,40.25934019700553,42.67324781675802,1,HIGH
175.2176303621535,6.478574343263638,85.43275161632657,15.510672725394878,0,HIGH
136.95804931834385,8.886009638184769,62.550464254863535,26.843392981896045,0,MEDIUM
218.59054441015059,8.95399712387728,85.32241718358283,38.69234178998934,3,HIGH
36.54129708942233,1.9764851056339459,79.28581251304408,40.1427298105501,5,MEDIUM
302.6586197409595,4.855152554318356,43.57271400683652,29.328237978860102,1,HIGH
232.97403075531835,5.182497605788745,65.72150849478581,21.974512551985576,3,HIGH
74.63603874926702,9.798538307713779,61.08116412958765,32.99114153058477,0,HIGH
75.29287990761824,7.101982137183261,59.67114542634877,22.913340946719046,5,MEDIUM
73.69946062906969,4.6652177553586345,67.97997344426696,22.65792773987749,0,LOW
22.800955020773593,1.234520973870337,98.74573307528065,39.2279929019104,3,LOW
235.1193797486739,6.088466440892764,86.90304183695217,19.627975058898393,3,HIGH
336.1392710354032,1.8646837807452052,93.2598702141274,15.165644352059724,0,HIGH
6.99928559495544,8.510049616129868,32.07477082232263,25.103256510175473,4,MEDIUM
19.60185798850942,7.772667945133259,39.823545675475415,29.7292186498509,0,LOW
229.10811067477832,5.144582439173609,35.933456215719445,36.152411756859706,1,HIGH
327.79827415442094,4.862897015875298,48.426170354569365,38.43345772812866,5,HIGH
130.69555622745344,9.076050690118919,60.93247443766553,34.9055763340089,5,HIGH
139.84575952308887,3.596125153763156,74.94372733591227,33.7952664095078,0,MEDIUM
238.53859899871037,3.241179658960937,65.05818864006214,34.972461669583055,2,HIGH
109.6851556496588,9.452776895431859,93.22287404391977,23.14579552743297,0,HIGH
10.643346431073653,8.283212530781343,95.78991712257046,26.470839688937033,4,MEDIUM
294.09140724063843,8.385630337604752,41.44646658382212,33.49309502998693,1,HIGH
250.25996517658123,2.7567443284833297,89.70390441853496,16.967119810619185,0,HIGH
232.30239962226364,2.2896639228784097,63.72055428093107,23.85976050203567,3,HIGH
296.67365159672926,1.234265948354214,61.7330629922169,27.192568342729594,1,HIGH
270.092335024815,3.1333735802681204,84.94575439391977,31.00322048561808,1,HIGH
82.35279527132846,7.967714425428923,36.51983563314136,29.594463220828832,4,MEDIUM
140.99241877734045,3.160345768877348,91.77451891934027,36.543956344619815,5,MEDIUM
50.44405667145,7.561929552353885,76.96043481833303,29.20280026249383,3,MEDIUM
51.94280536715241,3.2671743883067936,91.26831253605985,42.12389951474967,2,LOW
270.4782985426157,4.557632481556045,99.6134304395336,26.40955026457252,0,HIGH
343.4400427929993,9.848460609202675,66.26031166500773,30.76115118528469,2,HIGH
385.09303354445564,3.2033055815572204,36.52835385362503,15.096311688060805,5,HIGH
251.33884701977775,4.387335645684409,41.65667040516205,24.31433869338568,3,HIGH
73.64052934438278,3.709784624186923,52.6532769788017,40.99718931941977,1,MEDIUM
42.26013817957228,1.9866248769700205,37.24870594942967,25.00729183788875,4,LOW
325.1403886147031,5.4090472791774244,87.07392782964389,22.59558999997386,4,HIGH
231.5025905439997,4.408215969997021,50.78074957229379,31.30610887326665,1,HIGH
247.31400840548793,7.253983772265521,98.31203316139057,17.361902953262174,4,HIGH
312.5848355018837,8.358350922563915,79.1814002352299,30.948153949511976,2,HIGH
281.3108910929806,5.898247430460747,42.14012591788904,24.10997394726565,5,HIGH
333.78330114243863,1.2897677987860319,63.32298528607582,26.49308669623163,1,HIGH
22.48556218395139,6.570301206112494,62.681895514332474,38.74095013011434,0,MEDIUM
299.00825469860195,1.4985165701884529,64.47581608335437,34.85892055842355,0,HIGH
340.34110292883815,6.547206912391224,67.49838194500549,28.383182793715285,3,HIGH
114.45401698332573,7.1652695434226965,32.18211576224116,32.325489392548185,5,HIGH
256.17890959730113,2.779908648557666,78.04107880205365,38.00576265960687,5,HIGH
125.66482553478883,8.37411533849594,64.10342427019103,37.37351235588565,1,HIGH
383.1884265929816,9.199766184166437,85.36757792080893,20.55965131653535,5,HIGH
13.369428974201503,8.317782677024377,87.07447012823013,24.02757665997614,2,MEDIUM
231.91713753318203,3.7459827119087397,46.13745853942022,25.447107928980756,5,HIGH
66.60141881980604,6.27978711201071,33.38960624987445,20.626268700150135,1,MEDIUM
284.88808207086345,9.23333634272105,79.22636992786258,15.364843620189125,1,HIGH
70.35611336746483,3.885982536005649,98.4433951924712,20.219018063664365,2,MEDIUM
94.15330475934303,8.380250400388825,61.266059060663075,39.24732981244462,4,HIGH
197.74832441830324,1.0852761813552687,48.172896671551705,31.377613541774135,2,MEDIUM
365.9339799987512,1.0328203250620864,40.96703262084367,25.249740809615425,1,HIGH
84.68574885918834,7.837404943050707,50.12119181734096,33.25033336888394,1,MEDIUM
57.69600844724141,7.85302823914409,52.95436859600149,37.19502376040375,1,MEDIUM
303.59073274161227,8.100794690670643,59.67123204041252,25.632833490625877,1,HIGH
200.2478129335724,9.370241540993462,75.87849862502105,28.982245246049235,3,HIGH
364.71404495270855,2.061156806382558,49.1214139256159,16.92639650010347,4,HIGH
58.645822863936914,3.087864864853195,33.56837344280732,32.912716086374374,1,LOW
258.3711572092157,9.133524283364268,56.12950281009037,25.69221286656554,3,HIGH
93.15165846072601,2.595125779951181,89.8940731311353,28.00570942802363,5,MEDIUM
62.70417146065572,7.140063408189256,64.88460575963187,27.67801853840774,1,MEDIUM
273.3717660629082,5.774167000367338,97.53486304217869,33.97227866227628,4,HIGH
237.47384796349328,1.7487430916635653,65.25350717621123,32.17396046863443,4,HIGH
301.9309833449325,3.5673729574737956,49.31291718452935,27.66318143329704,2,HIGH
123.78503057847294,5.683349947968711,43.53197980716502,15.508650644721861,3,HIGH
179.18866255287597,8.671151050154506,78.61671477499036,33.62887843894138,5,HIGH
162.18867053216738,7.367846406532063,67.54669000442055,41.387324221029814,4,HIGH
393.63578558660566,6.596948453094398,72.2799250296809,38.08654714781693,0,HIGH
116.89958269575516,5.464296009472733,82.85887525338919,44.448468967502464,1,MEDIUM
117.92689533870674,3.6881558543272086,80.81324249854251,19.1722601406214,4,MEDIUM
141.81928353144295,2.0732042018733505,33.03543101177589,21.67560158363561,5,MEDIUM
225.8376325161286,4.68168431109486,86.18003337065198,31.178023956659374,5,HIGH
100.9290977054981,1.2566664452016332,67.28923149361981,22.076451070314192,3,MEDIUM
366.11597615170956,2.899503003401655,57.41959715703408,16.036493438450695,3,HIGH
106.2742259465054,4.892350382853938,67.62635983876493,27.068648284918382,3,MEDIUM
358.3262926240779,4.767446671047235,72.87160139201275,23.629342024619476,2,HIGH
41.39002545863386,1.3986588789729315,40.46544169116579,22.912825369766484,5,MEDIUM
262.62508095986095,6.301541381727621,59.21907767285115,43.59518451072746,1,HIGH
362.7942073752975,5.947158302679126,53.491034713172866,22.153623487963486,0,HIGH
67.49977535929182,1.7029387361882156,54.52862613726269,18.882977135621935,3,LOW
387.330784039702,9.488467472143954,36.39344568851158,18.759577737235535,1,HIGH
181.15334416620468,1.894445010557741,41.189044160016124,39.18972220465588,3,HIGH
378.2860433764098,8.693507361136025,41.3282447310355,36.445442235802204,3,HIGH
270.7280174520188,1.0027875872350536,56.12573202551535,18.884585867011864,5,HIGH
120.63474794942061,8.940529855408448,92.6144081412354,21.592593565823588,0,MEDIUM
75.32100996684257,1.177477589838813,44.42191603446599,37.42029025330591,1,LOW
121.49401849003976,7.820308287029044,59.13347553723632,23.238491935038425,3,HIGH
37.206963705069995,4.2552173017022765,51.81265907093965,44.446262254720565,5,MEDIUM
57.54718653733191,7.643951201226878,85.11683187859367,31.217101998627264,2,MEDIUM
41.864176138592455,4.615706848824806,33.50885026245713,20.760239112302646,3,MEDIUM
169.1774174966231,1.6381713009865755,43.75803768751233,40.76425363538199,5,MEDIUM
318.23135050303455,7.907560258558277,44.744907964835605,24.584266376917054,1,HIGH
56.553421686536076,1.6412741678922846,99.50739602192618,23.664220651931334,4,MEDIUM
52.128173268934354,9.299083923650961,69.95425125764126,24.823237003544953,3,MEDIUM
257.3715798069323,1.4587663221249523,39.727078506846276,38.045917446691135,2,MEDIUM
78.87319278722651,5.313927499943639,49.053939749359586,20.196388491478444,2,MEDIUM
39.04401524359664,7.5073098776571605,41.7475465886047,26.453573407828138,3,MEDIUM
66.73943128223105,4.539218183128339,38.72231987336136,15.924983183532312,1,LOW
369.49255835071045,2.9551012713319125,85.80274198855247,39.79879852048823,3,HIGH
328.58850111047633,7.831818652564244,64.70268400622484,25.221562989210156,2,HIGH
141.62582494203764,8.058652343098537,74.18470957941469,22.44518759425123,3,HIGH
262.3283069309571,9.304254855589305,53.18758728943972,32.39679727126497,2,HIGH
214.91026946721524,4.3854859938796995,68.75865602471306,36.14975651254126,4,HIGH
270.8497053930256,5.556265610475942,48.029832276658794,39.38688111548829,3,HIGH
273.06846098510374,4.268155985614648,51.562539244976435,25.433548364972037,0,HIGH
251.4936060239972,3.3137363966623137,75.65665610567132,39.36902550447209,3,HIGH
106.44054741492343,7.7592966538384776,40.52450881434612,28.946430011143747,2,MEDIUM
15.602568305127251,4.0568666051525994,73.20553014172233,18.03426802635675,1,LOW
182.22671279604353,4.853344977931169,89.65643714961891,40.38922448147338,2,HIGH
356.3895538762815,4.63306291861625,38.429625832653834,31.42904346313843,4,HIGH
227.79890340743037,7.413951030820712,92.82228963989853,33.07408715842156,1,HIGH
332.95641668076314,9.260160634996119,35.56119762092265,43.12473809084206,0,HIGH
396.64973718449124,7.000804551766396,54.42364588691111,31.77454454817766,0,HIGH
65.4464816553105,5.244243364848093,72.73565206665961,15.16750592033967,4,MEDIUM
276.71105565679295,8.01284603264995,69.15903320829759,41.11847523009308,4,HIGH
269.71742948000986,6.768741917099238,36.747375074610346,23.5425324097038,4,HIGH
391.9821789433114,1.5454932140603215,85.92392174500972,30.053007623520113,5,HIGH
394.2402935811201,1.8609722777695747,98.1207305201677,21.146598076842608,4,HIGH
274.67144468965176,1.3412524966627,42.685980242863906,23.9095070536492,3,HIGH
97.44591679287771,5.111346935856878,92.65916788708239,35.59946544201102,2,MEDIUM
319.42233525223963,8.432680909050685,68.97666094782254,27.887200531137417,5,HIGH
42.81165368441524,3.8177485241621687,95.51536398717292,33.81391891744161,3,MEDIUM
312.27972166865146,4.457441647832335,42.32601708917328,39.70727073938853,1,HIGH
364.0784496578786,9.185293975311016,85.44149752255973,25.224660665590356,0,HIGH
153.1333579073741,8.532131007849895,34.18471028117318,32.05020114978123,0,HIGH
252.25411799323217,6.98543301144304,91.82375127619085,38.32763680119409,1,HIGH
172.0570928387305,3.4012340388302618,77.19115955397436,36.453695783081244,0,MEDIUM
175.10602199525138,2.0533733441959914,55.917834874570104,31.195303079455527,4,HIGH
124.14835564324802,1.1445294041210234,43.33267764484951,26.50150532182065,4,MEDIUM
304.8518481801298,1.9630960534397879,87.15731689970434,27.225059436990527,5,HIGH
374.4706256666021,3.6333679926154847,72.22689249763681,27.994056359887967,4,HIGH
376.30034369378444,5.966110572215461,55.22910970636009,25.465365868384556,1,HIGH
69.91251394997353,1.5760007447714819,61.06850773617614,35.97226904669094,2,LOW
349.8974598626264,2.226050004866041,87.85798592506636,18.76245756815489,1,HIGH
294.97257657084884,2.6297263207714696,53.72490353498074,44.023623621518304,2,HIGH
101.1349602761157,6.687838836849756,36.27428746769501,38.369565059146204,0,LOW
26.91384516860582,6.54210819082112,93.7897520542431,23.944891565003218,5,HIGH
107.19890675375119,5.956891537349376,57.11406177606242,16.27642707811907,0,MEDIUM
364.8832947126102,3.2545128222634565,54.38712577806494,36.33909517136779,0,HIGH
253.27146995830893,4.340077220968588,44.30797332131576,37.03077134909499,2,HIGH
288.42186435914874,1.8702074470396872,92.81957998598419,43.9086783158273,0,HIGH
102.86094044363834,3.038145433822494,45.225373358148374,22.61116672725495,1,LOW
287.7552622299281,9.079347038253225,74.56710076009685,17.481752706126713,2,HIGH
11.248602511169503,9.817225717922456,91.6535508125672,42.45404273155298,4,MEDIUM
150.1285383092055,6.828936270762652,32.443953022225216,22.759471038383257,2,HIGH
250.70133941693248,9.251409628210782,88.0154193710137,36.64594341971646,1,HIGH
58.43862621652809,6.784677103612826,58.74195951828422,16.819789134830337,5,MEDIUM
329.2014297787739,1.298768374949229,76.05822026856484,37.81754414928501,1,HIGH
94.01251952476746,9.970863264877682,56.06831942578877,18.810776914114214,1,MEDIUM
260.9124451273785,1.8905707151788143,78.68613794432457,35.867590441248105,0,MEDIUM
162.07885703013187,7.143776213005546,47.80064401903894,30.970291435602142,5,HIGH
238.41743819105886,3.2755258276731105,31.535137970477738,43.664643914017816,4,HIGH
42.98022105156325,4.527830016162641,96.34512603515675,16.10752929232029,5,MEDIUM
6.76511996864293,6.813407663208444,31.145743482805795,23.761462374001745,4,MEDIUM
363.8257709521205,4.928386143769363,87.68695027434549,17.085267520027315,3,HIGH
107.85200350687312,3.2549145303801543,41.839631532573165,41.37592905719157,5,MEDIUM
327.87080111218364,4.010015681904923,57.45541600214195,32.81703460983323,5,HIGH
399.7401201888801,4.073933052308587,87.57446635542391,31.049088370736968,1,HIGH
84.57250319956447,9.633915140573924,44.41525052186417,18.94373676348929,5,HIGH
106.06829647334224,8.187517143311059,90.59953238675251,29.670967719391527,0,MEDIUM
265.1439150538663,5.126938943314601,64.84312573713311,26.961109655274463,2,HIGH
386.17945384024847,2.798388283072277,55.63074239020936,24.472556044170695,0,HIGH
366.32573927629755,8.299144992363903,76.37064227154353,38.165668664957835,1,HIGH
201.15020802623397,2.4146422444753615,53.897280538667026,16.838281195003344,0,MEDIUM
318.04411301068984,2.894159954278031,54.310185129744994,34.40057182086605,5,HIGH
54.29834123996042,4.29412052656136,81.34684736568121,39.68979093606635,1,LOW
390.9752736816049,8.923133762667911,51.68825571773755,42.21921848580973,5,HIGH
385.7412936143946,2.1860800177069923,44.05408538480975,37.37749784266231,2,HIGH
65.49158315166838,2.1001077356907345,86.53522895976005,23.473670365746464,2,LOW
119.76924992124265,5.445774894747394,86.37597236090622,33.0152238157111,4,HIGH
40.06199900270677,3.487694869843072,64.83099925948085,19.242108327430657,5,MEDIUM
108.68703955927188,6.118551474833438,66.86589313140686,18.51181871234328,3,HIGH
326.3823157660826,5.0647301621490115,78.7253638037347,34.15872426415544,0,HIGH
151.3262428661038,4.914631957160951,65.64920042337033,40.533229637526084,3,HIGH
35.358786858703354,2.0077567343829394,59.192797127846276,17.017443770988567,0,LOW
136.8902099115618,2.2694472122485614,99.6425935307722,18.18011196399896,4,MEDIUM
392.553333696512,8.38970719702165,40.334829949679126,31.96821922288071,4,HIGH
251.87343810368117,8.9729446381457,71.49095854679024,21.546355830580204,2,HIGH
166.4643785624631,3.112151795967252,92.01041182529622,33.35454368332944,2,MEDIUM
66.615405398908,2.0211445137229216,78.10505288267802,21.436314757660195,5,LOW
394.4707189134779,1.4807500474105955,91.66463093617668,18.494459229181782,2,HIGH
328.3396037052515,6.474678523677071,53.54343042482708,31.36724946494482,5,HIGH
112.59092098036776,7.43817891250185,49.03950833821675,40.86585414097857,0,MEDIUM
28.027478288475784,4.35528990282885,89.58906708314733,35.5536591645159,5,MEDIUM
22.650222951023213,7.117082807415756,57.58802033298224,39.56175412607894,3,MEDIUM
48.15125980221353,7.416629340035735,79.67776261401178,22.990055231701447,3,MEDIUM
232.30743344576865,9.418080532572148,40.342400488988,41.57935953891077,2,HIGH
371.50536848219696,1.5838627405159653,82.90866877636722,26.31117523728812,4,HIGH
198.69737120239378,2.7306255090797182,68.42878543174086,40.573430035709805,3,MEDIUM
337.1781929824789,1.6167338883728932,48.80281479373227,29.135267704461782,4,HIGH
178.35464794392314,8.811945400024996,64.61527747712336,23.03572942081489,2,HIGH
283.43341830713007,8.133284440302116,78.78605380877924,22.80776493080379,0,HIGH
292.74909491460033,6.171778635596551,30.832048619316858,32.03003653093958,5,HIGH
69.58548236133547,1.7529706904606486,74.62269411698907,17.370308106205375,1,LOW
144.4864235903247,3.4598112278834767,67.91135447912922,42.90168583765526,3,MEDIUM
254.92086261520956,3.6794786325266524,45.420031742271284,23.14390487095607,5,HIGH
28.278643273746475,6.046688764138754,82.70867517833378,25.068744535375657,5,MEDIUM
144.61607510518263,3.3223950463304392,51.24226892432408,21.99904661223698,2,MEDIUM
213.91978651247697,1.6566387752165936,49.38026520825953,15.090238816821643,2,HIGH
398.4897972178555,7.576860716679694,62.985284429952586,35.776507104263935,5,HIGH
189.81342504897628,3.691721904898702,77.33047748956554,32.716587031026705,3,HIGH
326.4227028457294,5.071367593209706,95.01921831133781,39.28933620591347,1,HIGH
172.8269140266471,2.1489997148407483,39.895007019247274,16.230323203529416,0,MEDIUM
318.5562890478836,8.222934730551216,57.75276845262135,42.859669341999606,3,HIGH
238.16592064804337,6.089786892316519,34.6892714758841,24.926608201810968,5,HIGH
354.63817660095935,9.114270635888765,83.09855232302198,42.392095875173816,0,HIGH
164.37702094004396,5.459244067588,61.34130227769525,18.213944462026184,2,HIGH
241.72176792859153,9.472831046360918,79.48503946317297,37.31761744408924,5,HIGH
252.00747224753096,9.026813839431934,52.55360967834011,32.38074694296979,5,HIGH
166.95317672018933,6.188138708133105,89.10220689844265,25.74573645757752,3,HIGH
57.724817474992605,9.40504094334877,67.43796547680803,17.37427187799058,0,MEDIUM
37.423762764934224,3.9077987256509705,96.05254752765586,33.142095295402214,4,MEDIUM
6.66862023985324,4.290779464337902,35.51702474008239,15.793196492217392,4,MEDIUM
349.41370569808583,1.4093015617543325,65.99937771794521,30.038462974380224,4,HIGH
94.58996489547782,6.302808160874678,83.6518672198389,33.12625727380965,5,MEDIUM
84.60269971270722,7.4973157293604,72.01068536515302,36.97571241862566,0,MEDIUM
294.4141601704262,7.961672712178928,31.623589829878995,44.74003902674538,4,HIGH
128.0064452349567,2.3483465744149297,98.06370748407166,22.802811405232948,2,MEDIUM
202.41787696473463,4.997431650812503,50.878458515312886,24.67169464120425,5,HIGH
65.00442611898252,2.591768908845241,47.44945064564674,25.234360404269758,0,LOW
383.8982885847877,6.959146139688239,63.996191292460566,36.94748135576505,2,HIGH
340.63256000689495,2.421517351795913,67.95106752663443,42.95457804768341,1,HIGH
345.51584918600133,9.137473155604674,83.64016963128778,44.22971248744676,0,HIGH
162.70949942880208,3.07571181095272,57.52915603612924,43.374340996743875,4,HIGH
304.94448548286914,3.6226203965942037,60.797226352354855,41.3814902314573,4,HIGH
57.550462155912065,8.658156899358996,67.44719411536818,44.729321214618935,5,HIGH
3.4476010367121113,5.126208491311514,57.60709698191485,26.278371805034908,1,LOW
7.98917303121125,1.2159635122006573,94.01836553708092,43.44963959996119,5,LOW
234.64069496182418,5.451276260823812,89.58763766439765,37.83059887187735,3,HIGH
182.15796209917633,1.7608900184211074,61.848158655451485,20.05379578583935,1,MEDIUM
207.2061395634079,9.868102468185796,30.0136403636122,16.36395563631607,4,HIGH
2.985256166887762,6.293004134100421,93.06541468704964,21.434518736109666,4,MEDIUM
169.0746478629703,3.308793558498806,38.70356014076257,38.36253372862878,3,MEDIUM
287.22726448034433,6.07345911592856,47.11586906358323,33.95090643677652,1,HIGH
177.07748078697435,1.6918039304357935,40.66528990557787,21.730687720400557,2,MEDIUM
292.88768252488893,8.199021738419354,42.587089898671664,37.25764363414078,1,HIGH
93.20758575873391,9.327952484777473,86.20142765228843,19.23966718314609,2,HIGH
325.25680179269017,8.869999493855435,70.5651009166147,39.65524181576083,4,HIGH
235.3724961813809,4.075818420687066,96.92666141877439,38.824829279121964,4,HIGH
84.30523977196249,3.9319130767903165,46.201745862660154,44.177279121181456,1,MEDIUM
94.68819034153317,1.3157885009467,63.99444356918638,19.508386938879543,4,MEDIUM
251.2121858278148,6.8626032283082505,98.4199858357729,42.19838983243801,5,HIGH
331.97583728497733,5.814143057708154,87.85104599923388,25.233079911655153,5,HIGH
166.25111281166207,5.134117341946072,81.00309753843437,27.48179594385935,5,HIGH
103.32017165103689,9.168678580012363,43.22826409595544,29.05335188660308,3,HIGH
346.80464276424016,2.510910109745617,83.85837806368014,33.807121596076676,0,HIGH
267.707316700334,1.086996400211641,54.329558581714245,44.84290110354128,2,HIGH
179.2341949132306,1.6598480690868889,67.13758279327303,32.998764091656994,4,MEDIUM
195.16007811172074,3.01034294044632,72.64128491276782,42.80147595121222,2,MEDIUM
81.70258717455856,1.2995699433711125,72.65545980669779,22.65084606254169,1,LOW
250.72105202593758,5.52559339578822,80.85664303394614,26.95234985445449,3,HIGH
143.49700421715545,3.8268140971022024,76.31914648495439,30.134985883157423,2,MEDIUM
398.2580706697397,2.624347072613194,34.78596155174129,24.687059693600123,4,HIGH
192.07340610475515,7.750756674537959,62.014291816437506,44.3060130889299,0,HIGH
194.35424247584527,2.8400619360927704,76.48151247039854,36.77050661691682,5,HIGH
226.34071496426876,7.188445908944139,50.71950875160101,29.366440565476804,3,HIGH
366.7024012474987,4.14338415262875,51.913968105147276,37.53914103629381,1,HIGH
320.3272399439001,5.606449845962991,38.71972834282309,29.023274972479538,4,HIGH
180.45202791913658,9.404803358661878,59.303049018239875,15.51675982103778,3,HIGH
287.4797063891184,1.3361647133423156,99.07813040143223,31.295802234310084,4,HIGH
234.49419951230465,5.502380567297157,49.97235529016261,33.75555656283605,1,MEDIUM
196.94681948049956,8.689806642948565,67.20058248802687,44.436222561556846,1,HIGH
76.92630911374022,6.291768235333136,82.0266076945359,16.223785447818532,0,MEDIUM
185.57450538195636,3.4918346526864097,30.944808961898946,30.362908723654016,3,MEDIUM
98.32743480902985,4.579130216305309,93.03076917188093,17.944642701250856,0,MEDIUM
365.93685994066186,7.122390658557171,57.05851293074569,19.46987704712881,0,HIGH
134.16272539853878,9.017307048824227,90.83811906976877,33.31390016905428,0,HIGH
380.9056058133489,1.3695973637195045,32.72633612296346,21.947031367994917,5,HIGH
213.2221160378845,1.6438493970133878,40.19644863045731,37.47522333885074,2,HIGH
252.61775147046413,3.925463712486288,52.57706181342914,30.42596077785818,1,HIGH
217.17617779573112,3.095017159937311,54.18232411442951,21.546386554972116,0,HIGH
51.75224678668036,3.3843779760016544,89.34559561196116,29.81375032803195,2,LOW
150.3284876031764,2.9914299876329284,30.784078077176463,15.026451807243621,2,MEDIUM
39.65844491104957,2.7624254396964196,74.87782435287757,40.88220130973523,2,LOW
249.1816176733527,2.175615701823626,39.19187053249852,15.380351311672884,0,MEDIUM
178.74967808017556,9.405587186157142,87.62509554977345,15.210296774765476,2,HIGH
311.1939886283747,2.2977051751553774,84.50012861705386,33.34511829538941,0,HIGH
88.18819239974793,2.8396339728898257,64.99447191878404,44.20562777370249,3,MEDIUM
65.82642337173397,3.2163915158270715,44.88810578586626,40.67800453061936,1,LOW
162.53289238550713,9.397133858173785,74.41467736758895,22.560567377683547,4,HIGH
370.63415328735243,7.801427202409763,40.93808223603519,20.90000433443057,0,HIGH
284.1687260049647,8.107294872839631,43.30166548148574,33.78336541900366,1,HIGH
167.56944991716747,1.9428243358464825,73.86829315577504,39.67913241066232,0,MEDIUM
206.90886790172422,8.526788875141044,99.3859912262037,25.86236012700089,5,HIGH
33.68520447083934,4.673737736356761,92.37425860767823,27.970637711012277,3,MEDIUM
393.8303585504452,3.3654072359114986,71.5175150378574,18.464685410332535,1,HIGH
266.5629218779676,6.181750751682795,67.69757381371966,19.584792637660776,1,HIGH
114.16162738536899,8.399646152350606,99.8869416005676,32.050547850780625,2,MEDIUM
234.32335768609772,8.007869359674185,68.31780033437255,18.07968437245311,0,HIGH
43.79294642759759,9.009977343230188,59.40815653716108,21.06138374387703,0,MEDIUM
386.33466752303343,9.353189674138996,93.6688875042739,22.040310720356523,4,HIGH
69.91399515334638,3.143098642849746,46.39290071085018,28.31773599640891,2,MEDIUM
259.21212722208566,4.814721047523445,36.82681932077663,16.368358923709085,2,HIGH
98.18178501557217,1.1316568528456301,74.38630240532812,29.993129150788157,4,MEDIUM
287.0245530594143,8.91389493338554,36.70947436381243,42.86023219182245,2,HIGH
310.72854689611245,2.391149363272908,56.12039758670721,15.733909833572179,2,HIGH
269.3678915645731,8.753273311084248,59.65041699072044,33.92954595622396,3,HIGH
245.799784102077,3.964485897879367,68.32766469344632,40.07527095454627,5,HIGH
356.9876375808047,4.313202309830244,99.41616820235737,24.373825276475316,1,HIGH
31.450684395903217,1.3521902903547343,45.468720633322654,18.945556350576748,4,MEDIUM
132.36590631207807,3.9419091078878763,56.30294649548384,16.300193628277892,3,MEDIUM
99.31499185233838,8.995273145211378,39.256808708746064,34.317091783074076,5,HIGH
395.20558482616866,1.2299266100944373,72.53294682232644,31.56703140687205,3,HIGH
155.7559118667494,4.656947257420528,80.93712276154835,21.87884965175993,3,MEDIUM
293.0450796961595,1.2825966683146701,63.74537762651152,39.94851922895244,2,HIGH
273.89006555240184,4.338310825981584,47.208188780297974,37.0651905645703,5,HIGH
84.83249499095109,2.553765767022621,73.46217884272234,23.292863549603496,5,MEDIUM
95.59907208462053,3.2699655394153484,67.74104063581947,37.60089068593902,4,MEDIUM
112.51382542121364,8.89838535845277,41.98300063826024,22.349826405023176,2,HIGH
164.4509113037517,4.924442985597019,58.397733035149116,35.25802385599083,2,MEDIUM
93.73002626021072,3.4641819226172097,60.463796414463644,18.556351232216382,3,MEDIUM
7.8605930987391215,6.30404540155493,98.7832427640003,35.76718389999621,0,MEDIUM
351.75722272287817,2.2789626384932413,89.45000825088653,22.16323256946781,4,HIGH
386.2439325523536,3.3345244667877028,81.40595517915156,32.17408062725142,4,HIGH
136.62815481262717,5.916231708425997,92.21439178520632,20.173916005556478,3,HIGH
135.40275177018916,3.1377073766326196,81.48390840801005,36.77900842703857,3,MEDIUM
2.8367251097483948,7.112149636607859,93.23812985880133,16.82638723179155,1,LOW
272.10027533214964,5.4234217203357025,33.81871804156556,19.962533604081564,3,HIGH
330.1759582994515,7.947901632292218,61.92463464868416,20.524094396125093,2,HIGH
58.643320144001265,9.534200821502218,82.28288346692835,16.24030757561996,3,HIGH
63.8665397468603,2.04224400412667,70.83070576270094,37.35037548480737,4,MEDIUM
316.0332999885751,4.011985089860904,42.26163149055507,44.428575142197985,0,HIGH
246.51629934165786,3.8759415659056593,53.83444605699739,38.35193365235047,0,HIGH
17.944223051086805,2.3606462740352883,52.24420625186839,40.81895886367187,2,LOW
249.01879618491267,8.292728236001238,48.29428392290352,15.180229810148315,0,HIGH
123.56708913750643,7.83890833634911,54.019488745977625,18.536098913237797,3,HIGH
147.49006218833838,5.359829237509591,66.03973019227847,31.77061017884587,0,MEDIUM
307.89256731875207,5.839937000151486,89.84083173482932,44.33606654382503,3,HIGH
324.37407706904423,1.5358972420224664,81.94228636756294,34.82138793144611,5,HIGH
160.14265073593225,5.99956617094341,88.46747928113635,26.224100812142332,1,HIGH
378.8611744025419,8.122073716176729,91.85226211941604,19.384479164443775,4,HIGH
162.58508718082888,6.164448162254715,59.130531926832504,19.585070831479523,5,HIGH
308.73441409204395,3.3877573310837703,54.2218398818723,25.882596069503514,2,HIGH
193.55090582570364,7.007934451009035,34.033636717891326,36.41430592032022,1,HIGH
359.0129306088336,4.253395869687229,95.1344135313504,15.95457873074732,0,HIGH
363.10449746007146,5.903859558571617,34.60761125567008,40.56532774384915,2,HIGH
34.966723148433545,5.388088269510323,81.87948607593293,43.24654307069417,3,MEDIUM
374.5973325240903,4.4305750086866205,56.46758131259111,41.664493815924935,1,HIGH
330.21393660816625,7.469901823547215,96.41465421494304,42.39080728190679,4,HIGH
316.52428572506676,8.954885007872935,59.372141465389035,15.460178382547912,4,HIGH
80.36453587420897,1.0469126662923245,87.16258459483015,44.333769478496876,1,LOW
322.04768350186595,9.402548673073305,49.78583825145736,25.990713446710465,1,HIGH
340.05309387401473,5.603636224749025,50.936210207069266,41.07843355095524,1,HIGH
115.66013378166038,7.3065869232693865,71.6863586914904,20.604266120988424,0,MEDIUM
380.9040313449295,8.700621095582894,99.85878435952316,28.395772279867106,5,HIGH
19.9440585596657,5.203933230828429,66.23006925854375,16.3249316587193,5,MEDIUM
59.96370129885587,8.514766660284012,95.54160454753034,16.20227990528482,5,HIGH
215.03245522060573,2.59857837509682,85.03748797741095,43.29828302308914,4,HIGH
230.31698844892387,2.43250781031833,85.71050199240645,39.31819837587118,4,HIGH
258.06003332036136,6.917242319705382,60.517199239013486,30.8947813324138,0,HIGH
6.787651726186583,8.831287049965635,57.057957512096046,30.763745206936136,2,MEDIUM
384.1467098488521,9.031835597824355,43.43452656635708,37.46263855428559,4,HIGH
17.835237093657597,6.793664125395219,97.47588868885575,25.2500634471147,2,MEDIUM
57.22478108936095,5.729403071883858,97.15755287106741,37.856078275858565,2,MEDIUM
5.605807010422792,3.9825377892686458,82.2947414017128,29.55025139979817,2,LOW
226.74337331763786,9.820003740393982,50.73767148968687,34.137522087343946,4,HIGH
372.9067535683889,3.877261179996254,47.16256782395975,43.94488350309443,3,HIGH
266.3788664321857,7.697674965084339,99.20271696708741,29.139466725607846,2,HIGH
329.06298739217095,5.787836199145007,34.65799705757242,27.552139792393504,5,HIGH
5.312481383432033,6.4766110827281205,89.04950044989164,42.172475218240756,3,MEDIUM
216.80611939189043,4.541324955297636,54.88206003377323,42.07741484749032,0,MEDIUM
183.82519100220875,9.68340812925023,59.320880380905436,44.77256105649528,5,HIGH
199.5871776883172,6.14514093489344,88.2384354124186,31.525889979249275,3,HIGH
28.88527413407518,9.44008867412911,36.34221112037506,25.327846230798084,3,MEDIUM
273.774144427723,1.068322745565227,54.791877496417996,22.21170189533111,1,MEDIUM
201.28816594345378,6.1540352487200884,96.64169940187011,16.022890708549856,2,HIGH
306.05953994450556,7.454682007527443,78.93461389398794,36.801858726326564,4,HIGH
194.11625362468615,7.705721540459963,82.84574153641233,22.0042852120634,1,HIGH
59.75265449057283,9.144791936035132,83.02537106688335,33.199226556769716,5,HIGH
259.3027816311288,1.0396144810340764,34.239905821476114,42.49777096093186,3,MEDIUM
68.9545448420665,1.002971433335288,44.22453152823018,43.5064082218358,0,LOW
348.95782534192597,5.250371147156938,64.38842792568482,15.13230401940931,4,HIGH
245.24649562769662,1.2636433450483358,55.77051627327626,24.51225094129069,0,MEDIUM
62.8815534227817,9.770792982961371,58.76386051929974,40.121340883956805,3,MEDIUM
384.93522299248275,2.9985865708725274,84.70131650379707,31.093356160546058,0,HIGH
207.34618533412825,5.253982564283603,31.02754645474147,39.22526200446458,1,MEDIUM
29.159380748662002,1.5502386701100126,76.2344348424867,40.59969848513814,0,LOW
250.73316176602688,5.698435745541326,30.00771622612757,28.278786598239684,1,HIGH
101.27956280512409,4.419605126326676,34.414096790337055,25.769488140743565,2,MEDIUM
321.477380750921,1.4019402598950137,58.58002838863368,28.662997981515765,4,HIGH
327.1288294264763,4.016118400266023,88.8663963863375,34.58385607872799,0,HIGH
391.5789423418647,4.522924182005701,40.149703589512235,26.01477458660455,1,HIGH
200.7478124098015,9.90929342147446,68.8234986390028,38.24964866093258,3,HIGH
181.98275189109486,2.870972847274379,77.4953658778721,42.11978381055067,5,HIGH
301.39024217859225,5.903016538330897,46.06730189205124,23.469336064761798,3,HIGH
52.98826253677063,9.885839942787658,65.8631178688708,43.94968932522718,1,MEDIUM
218.7662055172497,8.128172871461217,93.79850981967346,33.68175740175931,4,HIGH
218.49904005234038,9.940307507938801,65.8559967755873,41.34506313659223,2,HIGH
35.789249124154885,9.714684831941524,41.01261432513536,18.117493058163163,2,MEDIUM
167.19363420276542,5.4058558788473885,73.94700076812813,22.54497411168716,4,HIGH
341.3139194268808,7.267382648835092,71.45401260059597,24.630572382977768,5,HIGH
342.46144879786414,1.9939881424703598,31.886833185869186,24.084664535235397,0,HIGH
39.6950659678724,4.9703394254212165,36.34160840232966,20.155834697955957,1,LOW
36.288353099132344,8.281166880400278,40.97469485987075,41.04602842574497,2,MEDIUM
105.07819080077412,5.54801788879429,39.54023542933089,27.5583642386865,4,MEDIUM
349.9064250215974,7.324291295355087,48.16260393926532,43.89390637400364,2,HIGH
51.56103402939958,7.711761969858492,61.787372626489756,32.504171003704414,2,MEDIUM
287.9987210509785,3.281222271186045,56.020140852928904,19.151839069345893,0,HIGH
40.466247845241284,8.881294356483089,92.3454923983218,31.377141295018713,2,MEDIUM
249.25514149913016,5.138401878182611,72.84765865844359,44.80635443172727,1,HIGH
142.4269196476579,2.891665932593894,91.33010449732902,31.955150612978244,4,HIGH
315.5655851863468,8.788742936095993,66.89275274423193,15.056080353886879,5,HIGH
93.47617953014544,4.760369254956283,36.2909329482538,42.99239710771258,5,MEDIUM
255.68073175598394,7.752811945417477,62.43012143465044,22.04683218384568,5,HIGH
94.27301383035397,5.932297649994336,87.54227827896554,35.6558715920687,0,MEDIUM
285.4641132448615,4.436845770110503,43.587263701697566,30.452404648663283,5,HIGH
349.4712138242995,8.288887735347124,36.38499951268548,24.763012705226586,0,HIGH
50.72071965070401,6.260229384801518,53.0604316836782,23.47918571029166,5,MEDIUM
346.6382754382014,4.515058921843286,57.222848144809774,42.86279587521314,4,HIGH
237.43010176571917,1.9863808330161432,51.4380373484133,42.357776877595114,1,MEDIUM
50.84419634680959,9.059007823900371,39.46685499371892,30.394045201613373,5,HIGH
171.0167421438848,1.319226268074999,47.55879018052002,22.75485586605418,2,MEDIUM
64.34411739403916,8.768686135312507,77.75976832214772,18.07026096515993,2,MEDIUM
280.1391555466278,4.239653723948399,57.014996140521475,19.697291485772567,5,HIGH
303.5472537671799,6.754048871512652,74.27846112329891,30.667551772218136,1,HIGH
42.31860810911958,9.299797514521167,67.54126459431127,24.234898817370272,3,MEDIUM
202.45594107785774,2.3653595395350857,68.43370579003684,16.2620442677987,4,HIGH
325.8500224103669,6.102554280749292,47.39846905634572,28.655021559333004,1,HIGH
374.4652166203986,7.879895761331729,66.50801229377271,37.38567877392941,2,HIGH
205.407146696708,7.818254494471517,31.651629970424125,41.75085347879963,4,HIGH
380.11168944456284,5.730687231395536,60.22206196274483,32.558521370492684,5,HIGH
214.27558818241192,6.622655139158122,70.08359762329405,36.69876371527338,4,HIGH
157.67619783996318,7.817742947195601,42.73969349478765,25.92211412594797,2,MEDIUM
339.2812514211582,8.569248739816706,47.9590954374266,29.887145376508183,1,HIGH
197.1930841832356,7.856317871882774,45.36717138709336,36.888805695300874,3,HIGH
188.76100422580922,4.186044488631184,34.93905686857969,36.82974682116883,4,HIGH
196.1249957639313,9.970537609519598,54.3500124798063,27.735787937085124,5,HIGH
338.7140007478981,4.9105242434737395,98.52760365163576,31.310020246749684,4,HIGH
332.77661667522085,1.2201823248304007,54.7716284524527,42.71566018652908,4,HIGH
161.4079969760845,4.263552564269158,62.237563528588296,33.95992814829701,5,HIGH
133.31994394821,2.1500465911645894,75.71610756694626,34.27723877059769,5,HIGH
196.7712096156517,2.092983541555375,75.39484258183751,38.5386087715608,5,HIGH
229.10900389484362,3.5338153609620493,96.49264860130369,18.456686889479187,1,HIGH
95.33488425119879,1.4803794475953476,90.02948982793876,30.686528749461825,4,MEDIUM
317.5820338862363,7.1966096956860675,85.57654809736066,43.78295208812946,5,HIGH
194.59310629296914,1.6658999578171456,96.61390580448175,25.849811765282965,2,MEDIUM
133.61821936798384,2.8296059989236055,46.15357698382201,23.84778439266273,2,MEDIUM
42.72839718559624,1.8360974304470745,73.19379362352548,33.036238968142726,5,MEDIUM
95.53806416144278,1.5685095781272795,92.10377367055094,21.633582736959102,0,LOW
379.7124687023935,3.409764989855875,73.68967107946713,31.67835469570947,4,HIGH
122.03987472781064,6.147090708943329,98.41943322248086,19.66956032572922,3,MEDIUM
67.54371574681413,9.682170008021576,37.02468997344653,32.393803820937165,0,MEDIUM
184.2691166619973,8.880009889146457,60.753135195524024,33.07137550935532,4,HIGH
122.83509734409948,8.883405329007923,98.41540355360453,27.552014370367885,4,HIGH
14.063700108477661,2.5846033243389184,56.56976199989481,26.482392763160654,5,LOW
129.2580869117669,3.384164741480381,81.76894625695131,22.36374835201348,1,MEDIUM
217.64344957578743,1.6875398511577513,32.12820307550544,24.92766923500783,1,MEDIUM
220.68494880798676,8.006215059236666,78.6385980241219,29.9503790157409,2,HIGH
142.6235684707555,1.6283467133700575,95.42387127693048,22.42976703087303,0,LOW
178.92110250104025,6.0102610373876795,56.78943996330019,38.48503390115587,0,HIGH
386.20716729390654,3.2308801509155565,31.49098865488506,36.27105723977315,5,HIGH
150.93939089212464,3.1910107062587025,31.95368630768387,23.079176014379865,0,MEDIUM
103.29072530399318,9.916525497228447,92.44163139977623,17.92305489304644,5,HIGH
97.38681762670404,7.8110182628068365,80.57612749673832,15.005401169518883,2,MEDIUM
183.10584508165365,8.532454224619451,37.46804689586059,32.901565571444664,3,HIGH
303.8080594867776,6.147844168096114,33.82131939358376,21.340912393609464,3,HIGH
82.39527367538928,8.839128586543744,86.33777545308357,15.377474103046174,5,HIGH
283.71845085630724,6.809414852497176,86.69024429637514,25.77255811776068,3,HIGH
8.459929339766514,9.515563343167107,38.43652878544343,43.859953869523,5,HIGH
167.5731911935784,3.532047274410731,51.106428272204575,35.69828422889452,0,MEDIUM
310.34602608111476,6.3578759120460555,84.60182452017227,40.73291108767374,4,HIGH
135.49318230977258,7.211182131432029,66.77884496678044,19.3421729478219,0,MEDIUM
225.4948405781598,4.53643574525026,96.96094025077096,17.19864463858309,5,HIGH
81.99169313036433,8.917371841636479,63.67438517422035,15.345892905291674,4,HIGH
296.7981564504689,9.81822846793739,77.38705562958589,43.669868700584615,1,HIGH
20.91164130750385,5.443925422353955,65.68483560191089,24.006082060606452,5,MEDIUM
341.0170579502001,4.515765893239052,96.0075846979532,28.78514827022574,5,HIGH
79.27855456866726,5.247441357008128,57.906136444732624,26.835708708053236,2,MEDIUM
349.7592126833323,8.674630711587383,46.085751862502,36.91370806178578,3,HIGH
141.01169652020693,6.809215829663509,52.864370219669524,24.298946458582293,0,MEDIUM
289.07342978979466,1.4029513526628556,89.69426429156604,31.063586478421545,0,HIGH
127.69011911447538,5.879529194011433,64.85569944584934,44.86746794866403,1,MEDIUM
362.364668493859,1.1557011046687284,54.79766124515673,28.321906540327088,4,HIGH
50.654850207349746,8.006818339030648,68.0982015266638,31.53814622099267,3,MEDIUM
71.40791570903949,3.9548104618821736,39.326079509378964,30.07584186932513,2,MEDIUM
197.2120500635209,5.2480673390559645,30.375151323791727,39.095584744080966,4,HIGH
32.775375615258454,8.188102953168688,49.64092785854436,23.00518962100725,4,MEDIUM
78.39207388070477,1.418039355571854,72.35040038484797,20.11314048428391,5,MEDIUM
377.5065528848057,2.426873820324494,79.8176538762971,37.62279474794586,3,HIGH
390.5958644591549,4.581643388006034,87.86276764463767,27.468545591059627,2,HIGH
150.50373173216877,3.0693264719100455,94.86644915761288,42.41178026930062,3,MEDIUM
369.3144084055743,4.041112831975568,58.84786428753377,34.32477857380193,3,HIGH
217.92987026937269,9.983572641032186,81.83617596902182,31.930293351352276,0,HIGH
107.89698634950682,8.428729938164295,35.227105113864376,17.113711644776316,2,MEDIUM
280.9594884322395,8.955116334640977,34.02709991404561,36.91235715413394,4,HIGH
263.56072262994286,9.433491702091978,38.73585943903096,35.58121096538875,3,HIGH
395.65012764349336,4.068422922827761,61.39983684815337,34.202157734614644,1,HIGH
106.01891496371331,3.6736926201682545,44.7897006949125,23.037285707120716,2,MEDIUM
268.8238010646942,3.106562433148674,50.084745935647106,43.402179650233336,1,HIGH
20.809502011778758,8.471052201773103,75.35161214586118,24.649653810984603,4,MEDIUM
45.45841547868776,7.115966760566664,55.09655251619922,19.56692870261803,2,MEDIUM
1.5673499804373048,3.1255478423458958,69.01600904026155,44.616034648050416,0,LOW
399.78427242386925,4.392944462894094,58.86826297156146,37.38738837371304,2,HIGH
320.9094788589911,5.560405875395184,41.82784788638737,27.44360646978544,4,HIGH
314.68920589341633,5.753260515463783,35.181399317912586,43.07749292666121,0,HIGH
203.89043011527187,8.998549556965433,46.53620467169215,17.733521230985918,4,HIGH
120.02683316217598,4.425095196524946,34.039032864373105,17.629836492796734,5,HIGH
60.50571378507037,9.176716274504612,73.30283719228649,35.47353055885756,2,HIGH
113.86989553858547,4.972308042878106,85.70023210262703,20.339161451365307,4,HIGH
150.38848877165566,7.717354073131184,53.781853776618064,42.514185455798525,2,HIGH
302.5240387921176,9.372288879865504,57.09777387466508,40.21077522896613,0,HIGH
215.86471556126097,9.168181335669397,87.13337439315146,24.191016723035595,2,HIGH
30.993450622193073,1.5125758056611305,45.58290386614922,41.66518746808111,4,LOW
7.211603583564896,2.8513386547891284,38.34121856364119,16.286630610219852,4,LOW
40.93287181362526,5.2921488297904755,65.07826821317605,31.459135582124816,5,MEDIUM
164.19948547895174,4.883988609577965,75.23331186732659,43.066883211264994,5,HIGH
373.2771668196073,6.768024983534864,71.97580975325354,40.661489368070946,4,HIGH
254.96099248368864,9.50238145742871,79.97111316919265,25.68219971402985,1,HIGH
320.73035995020604,2.0116424015015393,33.97258275211167,20.486113057039045,1,MEDIUM
186.54983780181942,5.066727986208164,59.9741128930861,21.316217652112336,1,HIGH
144.6664332780171,2.731699340984254,46.69993667619852,30.435236342352155,3,MEDIUM
43.36014908664909,9.046968385581527,83.1384881682217,32.903188315094226,5,HIGH
350.373208874482,9.681221672214875,91.09113388422446,15.984429498709092,2,HIGH
313.26401161116115,5.308315137013151,49.693501856449046,27.406546777046643,1,HIGH
67.24723903909005,1.9360926795532667,36.66526553485858,39.91161346931713,4,LOW
204.9042255505042,8.067652000504058,47.739957339397776,28.32986850707391,4,HIGH
194.94992316849795,7.274272154431591,37.28059423412438,20.075261728482314,1,HIGH
250.03662107461145,4.192037439492794,52.56955162794176,43.6458087905729,5,HIGH
378.4747575965045,8.986667265720671,67.6739004825278,22.988266197794,1,HIGH
231.90857670499184,9.782487008044365,98.15766680787445,38.95284796902182,4,HIGH
216.08690671144743,6.020684642171759,57.955917804595096,20.813824990168044,1,HIGH
20.129173173865578,6.091551202098631,45.40279466982348,27.695181876647695,5,MEDIUM
25.162990407209573,3.6776215460240005,41.676121825958454,29.712676193244356,3,LOW
74.93871653071555,6.260554323849828,42.11278362970732,30.019058878447336,3,MEDIUM
12.988308676699312,4.956780884723619,43.48183782830215,30.494216043021147,5,MEDIUM
297.34115822800493,3.719719242352467,83.3586915776213,21.748426220692842,3,HIGH
289.3321215975852,1.604666768715112,34.271939800269394,30.477465658825057,0,HIGH
54.42249377265718,3.274370737382124,99.81818948601239,29.45138261633263,3,MEDIUM
334.43156031811236,2.78069184709898,66.58804738163829,21.2615849137879,4,HIGH
61.91441393844479,5.87837786098554,68.0990326010578,44.64574678511133,5,MEDIUM
120.47023479894352,6.415030195872345,55.029471508972335,40.966901783596505,0,MEDIUM
99.590759664546,6.477145518754148,78.31787515884844,41.627290530674486,4,MEDIUM
148.92283942921912,4.493629009411112,63.00194386165584,35.56713151148685,4,HIGH
101.86550635598475,4.791067603169464,53.03428994751849,19.796910920752694,5,HIGH
195.5803705753808,8.50814586676576,48.559688259563,32.04276191699246,5,HIGH
162.96315254187417,5.286095321654462,94.79558448532816,39.64318894882158,1,HIGH
394.6277963117306,9.889959989234102,50.36926605366941,16.162094660659875,5,HIGH
22.370540051290266,4.956555070079784,60.54752816008894,29.87529309862859,2,LOW
56.872550554940645,6.846228501560551,54.52389814815278,26.883686399847544,3,MEDIUM
21.130357563440995,1.4532669909405622,36.032517919962515,21.363741889779106,5,MEDIUM
250.3364779929503,6.880059319769297,43.0154076137587,26.34750011295953,2,HIGH
21.80371096548783,8.662837549735055,43.26513827284674,44.50492532608358,2,MEDIUM
334.5758949504493,9.482120546799667,78.55546600727584,36.69729979085333,1,HIGH
204.77545227277113,9.975885504757935,58.46097869760664,23.986112400448242,2,HIGH
210.80304983261348,3.539607810843098,84.7377294149461,33.16065154442489,3,HIGH
224.63780308487767,6.1783305834314515,79.62656470339098,22.39968720857039,0,HIGH
68.3254825224843,5.056461869789326,43.44348364772264,33.32531727072822,4,MEDIUM
79.07612124579502,6.074357325176539,69.40418440840705,41.88500068454795,3,MEDIUM
127.52692914920188,2.41707661470862,82.0036192234162,31.70630399827657,1,MEDIUM
237.39856632874057,8.705346153363474,74.31300464330062,37.000199263580484,0,HIGH
84.04711037608581,9.186120490101288,72.00115556615867,28.600169961488902,1,MEDIUM
46.532690853304494,5.046954968016303,81.77276211805375,30.723717529919895,3,MEDIUM
388.0467545673729,3.5238687541621916,33.97465174794148,35.852252362646354,4,HIGH
8.792725923849165,2.267500848877111,81.19953631530029,39.372150151541916,2,LOW
321.07896213440864,7.15388342300024,49.085868420739985,34.78354159576349,5,HIGH
315.2140598300088,3.810086556586617,70.03105781565478,44.324759816702795,5,HIGH
118.8856455380384,9.185847129220498,46.96134962875552,39.59467763394848,2,HIGH
54.25064640292536,7.0391122736038305,88.71723005447863,38.31480613823625,1,MEDIUM
58.251458682169364,6.811167926568166,63.639154801052925,40.35304736943076,0,MEDIUM
278.972646894877,6.0346190430841675,75.00588484174885,23.43632806273047,5,HIGH
257.1226364344695,1.4119870548585305,85.58574304337097,27.96141461845142,4,HIGH
313.0982697005547,9.387301921170282,92.6720678549955,31.93388755183772,1,HIGH
374.9924689596419,6.65143743969514,81.24434679485387,28.871589553280568,4,HIGH
276.7709453066368,9.946557850447993,40.4138003333284,40.42373454672239,5,HIGH
62.340614620577384,5.8362076429559835,89.81726587100505,15.812055530376961,1,MEDIUM
97.37704670616426,7.390998027155918,73.30045411058543,21.275262516984625,0,MEDIUM
336.8774923492458,1.5058860207959994,72.66148308661914,41.45119623005564,3,HIGH
83.72243033368343,6.685625591410698,94.49383918634452,16.773004130309015,2,MEDIUM
29.008926781792567,7.8818465043132155,47.418208896611816,21.80964910826394,4,MEDIUM
281.3120216169002,8.006628653673015,46.77113329458233,25.537509911294585,4,HIGH
161.0105421960568,7.931004870072569,65.92354882864733,37.52221682435073,0,HIGH
368.0160210183614,3.036543645643009,82.56041465744056,31.805420885005454,4,HIGH
260.10202843746464,9.778586298447033,61.30684957599564,43.638141083409934,3,HIGH
36.1675911166643,9.956639085624449,74.37239729246815,21.836250452189205,3,MEDIUM
379.14262690146427,1.6803628764544114,61.67673069559032,41.16361214966189,0,HIGH
103.42290545609836,9.428017805305815,72.72710263408781,23.48740469247746,1,HIGH
134.8849961625143,3.605042748739324,87.55836118295977,22.364947773796807,1,MEDIUM
160.9041654734168,7.203556735758683,42.63336872636463,29.951255942980524,4,HIGH
20.4897185617253,4.042998286625189,78.67649738041888,17.13613515769481,4,MEDIUM
198.60616889224195,9.709788910358094,85.11980175367283,26.529210389798493,0,HIGH
49.3273964301169,1.9135347247318193,61.29779852372477,25.67027904329231,3,MEDIUM
160.3881306753407,5.479721352607384,52.6263503947498,19.803046671053206,0,MEDIUM
140.28391519683373,4.852430127478672,30.948102674708146,40.82384535824732,1,MEDIUM
309.13603337060135,3.9342110705018642,85.79735156338654,26.5766893112815,3,HIGH
321.2682046530924,6.809805917921338,52.95570613251917,44.457605385410474,4,HIGH
61.3651529556352,2.179501690795007,55.01166285856351,41.99123847113323,1,LOW
146.62047495169048,7.449961763203272,53.52043141691686,20.844320987097763,2,HIGH
149.34126441273267,9.825329114243086,64.91175315686367,30.153665170138154,1,HIGH
60.56417757443402,8.241028430217671,79.17497012533539,33.054124150996586,3,MEDIUM
319.38140202047623,8.740150776185908,84.03041917003576,39.56881508830863,3,HIGH
282.8913313341693,4.236730688611022,57.47995042822109,41.56928248954185,0,MEDIUM
76.1527145188139,3.9239794583309684,76.41714245316183,33.7205406346647,3,MEDIUM
146.6887634375196,5.653435192211199,80.44789751899206,16.05402609426646,2,HIGH
42.32200994260569,1.4115395328604543,50.784213217416706,29.43829348554388,2,LOW
251.28263883721758,9.508223210108794,36.76350286759653,41.54410608558997,3,HIGH
48.54876981944787,2.29406655714573,92.62660044511237,36.4226880763278,4,LOW
394.3736674499671,9.127117352512832,77.3981180247115,41.104258242283734,3,HIGH
312.2728298751449,1.7522399980032013,75.3677286213404,35.22239369168122,4,HIGH
156.09541983359802,8.40362434910704,34.12317606483846,16.32105029444918,3,HIGH
231.42557291174177,2.367662732903936,87.25111402527486,44.04019968619832,1,MEDIUM
364.5367264865635,1.3431845268232543,69.62379092602373,42.54055621709036,3,HIGH
221.63971215833044,7.475405052334678,89.35190921222963,18.7973861973787,1,HIGH
69.79939455918208,3.522387701569855,98.2192828615733,18.380735005312463,4,MEDIUM
151.48134223246373,7.430465375059145,96.99702246161695,31.172355014310604,3,HIGH
337.2579460118982,5.9957672542553775,89.92625424731452,37.7115250367065,4,HIGH
257.68520639584716,1.9792665120705903,30.76631616819582,26.46519635814761,2,MEDIUM
260.2897537335201,9.389170659710473,92.00090457658695,19.09146490629726,5,HIGH
346.72859427539566,5.070827572871298,35.25436196793518,30.316682963440634,0,HIGH
357.58922298500187,7.6100255001881925,89.5835779123737,25.126984086569173,4,HIGH
367.9170287117745,5.5091851481406255,49.61218480281366,25.55315866653974,1,HIGH
37.93967730126244,6.439253274650842,72.70478369733573,34.349566105211466,0,LOW
217.65040078524035,3.724962331210232,32.66477618049158,41.56824297688512,5,HIGH
296.2038084873274,2.8032427360310526,83.98271872827596,31.75775192566933,3,HIGH
302.7707380508055,5.88313183067261,37.819428556308004,35.62807532488907,1,HIGH
242.68648078800155,4.961970756739018,58.74817201730403,34.798409745637244,0,HIGH
66.71493407346966,4.511018920905398,87.22122016277109,31.5343857767079,0,MEDIUM
318.9682215766657,7.053104755851607,78.67442975558346,24.322744367493904,4,HIGH
288.0445334059783,7.214559688100223,30.422988780064685,26.333825547307164,3,HIGH
34.454308619614515,1.4132805048213672,58.21226341797842,24.471113954712486,3,LOW
185.5239298697505,4.048700448193049,32.934926187515565,42.524942894461645,3,MEDIUM
69.59095980872144,4.705880952037396,77.14499025729285,39.79856011531329,4,MEDIUM
134.99081828518877,1.872029450477513,97.8263944227325,32.38042118553662,4,MEDIUM
7.232436882274174,3.123107800284595,75.86828836105315,42.36730412922602,3,LOW
160.1319473643033,1.4647761750048098,45.706070178228906,41.59226079443934,0,LOW
219.95076846248418,9.966178887553186,54.866312244657806,42.83083199255505,5,HIGH
247.83303713083473,7.629014826728601,98.36553889609274,21.653215729665988,3,HIGH
265.39613805148406,1.787051408524783,45.6836688422645,36.52509113291684,4,HIGH
334.516525240984,1.182244418110829,69.30703511381098,33.276734997705056,3,HIGH
86.18516291029201,7.473590201370522,58.03176660772213,37.01491913503821,4,HIGH
48.192728975387176,4.9527294911440025,83.78207085497552,22.901380917548614,3,MEDIUM
340.61486875917024,8.081170381581185,90.7172490385921,35.84427214314893,5,HIGH
62.64512595705995,9.311284340365454,53.858609204520775,27.294855457631613,0,MEDIUM
389.9040325344781,6.393703501147352,76.22774545895678,40.022753889189005,0,HIGH
337.0152917594548,2.6839758062552774,68.43333882624091,38.860971754853196,4,HIGH
200.35064235583965,8.039746324418072,49.49111430388034,21.340728325767515,4,HIGH
392.5685699688101,9.60230568856937,49.03585619691012,20.51565829209909,1,HIGH
38.95069164320169,6.2220815835396035,67.70421532726128,36.53195163854598,2,MEDIUM
121.22630447004066,7.1379770255266015,40.78020114726098,31.514246841844813,1,MEDIUM
255.28976601624458,4.037272255330057,86.756692753773,31.71617732046147,4,HIGH
140.0027473892715,4.4337492519428015,34.83033874402814,37.57545970378064,5,HIGH
371.3490207923167,7.611890480677575,36.62021403458214,40.649123790653704,4,HIGH
26.250435271127024,9.349939885661373,53.95584162490873,22.168917018261503,3,MEDIUM
219.76473282438582,6.66089548501917,38.26642307379933,31.666186403716505,1,HIGH
236.3465069580458,8.108631176368128,63.299001487884475,39.86864128476232,2,HIGH
261.09124951088967,2.544715156738357,57.97731233093093,41.18382513585008,1,HIGH
102.26648933272577,2.907631812321762,80.52668571200019,23.6222816501555,0,MEDIUM
145.82657100794577,5.78831218150051,96.71029086468043,18.124615697925375,0,MEDIUM
337.4722118659911,2.588987730185565,82.74910093173881,21.9846976163334,1,HIGH
77.97710758806393,6.714955631988312,42.5614064016423,43.364985420435815,5,MEDIUM
330.74713886934484,3.6248786685522907,95.48648998250822,28.874391373056426,1,HIGH
225.06216916109696,8.123793568002029,57.4493402787147,27.557213716680746,5,HIGH
304.87500447763284,8.27299311952909,63.1932552648839,15.392530462026304,4,HIGH
285.4429465053886,5.174087101798178,59.51033661594449,16.530440487640533,5,HIGH
83.0045981539516,2.6272957153387173,49.63829163014033,35.060877884241705,3,LOW
227.52509457354915,6.820974649737393,92.65310014582387,32.69481206174989,0,HIGH
347.08926112203693,9.935083164372278,53.25672061276313,32.265848954862115,2,HIGH
172.84649472077174,6.60331808148271,70.50175287756824,18.309686280734148,3,HIGH
386.6363080893267,1.3219722164260705,46.80235090620312,25.561835086960606,5,HIGH
180.88604004068722,1.1556457819037433,85.81627623391262,39.370744159204435,1,MEDIUM
57.11425466715387,3.8832577344307557,84.19390616704305,20.247336717499117,0,LOW
155.7738720310693,2.7620542617436437,50.741849691293076,41.48061752947309,1,MEDIUM
380.68096255621487,8.317460864289774,77.70878512004175,18.644349010467096,0,HIGH
127.88833973594168,8.603251003324004,79.27114731664648,20.074479903719645,2,HIGH
347.23926394682513,3.3275689417942855,69.37579912733364,29.332498834611854,3,HIGH
352.5002726727559,3.930802992549034,72.0418867590169,43.35899713345612,2,HIGH
140.07460973278444,3.126222709436032,70.2118246803557,24.886430344362708,2,MEDIUM
33.30306322025285,9.175442926341375,35.730508279639196,34.74653980674147,3,MEDIUM
289.8231636635273,5.52384401160054,76.91857412996495,32.66013767967229,5,HIGH
124.6049196055944,6.905233396738179,62.884250688708384,19.488679095016725,3,MEDIUM
313.16944570302894,4.73933878029643,60.69200963789895,22.4450070418249,5,HIGH
177.06193930417325,6.67912774154078,90.19994531472605,42.904583179314656,2,HIGH
194.10669693704864,4.472698390495625,31.62586994227824,20.544888709592986,1,MEDIUM
311.16376269941475,4.057105939563029,47.59204425711286,35.8502966926534,3,HIGH
152.94533242465116,6.710320658561322,38.49824498899224,43.94083447800914,2,HIGH
177.2509381291658,6.3195587024409035,32.4738731226808,18.585179766068343,2,HIGH
150.47618750784886,3.6417515875115467,49.29738983731633,26.975459705619436,2,HIGH
146.936206110912,2.344136052875261,99.19333909562744,21.71796433328212,1,MEDIUM
210.37863076058377,4.317190244543239,48.916042124530165,21.64684552213629,4,HIGH
323.5197778004603,4.736778752277183,76.459407385704,18.569575319990424,4,HIGH
144.70732476902634,6.658159000821444,38.2809223028505,34.486535519743974,3,HIGH
209.70188821509467,9.230758872731773,72.12933410330609,37.39030529732135,4,HIGH
268.2909301770403,1.3256631777963261,98.91370381968193,35.30381730069169,0,HIGH
107.775778521462,3.192949112876604,50.42862664223257,42.739693728574586,5,MEDIUM
111.00912196095703,2.743443480516043,89.3652931462908,19.370364261541624,3,MEDIUM
373.3652508093819,5.520649678244053,99.82999662565749,24.595361201550183,3,HIGH
289.41382933243545,4.867307263388438,71.19878621045208,25.33718429107368,2,HIGH
230.87467048932356,7.561338614381696,51.65807702996248,21.96246311540714,5,HIGH
259.0880217682448,3.1817432129037746,77.14718819294093,19.266148324709,0,HIGH
11.719777241367346,6.350485291747827,89.13937443880332,29.60110427778791,4,MEDIUM
247.24118622467876,8.954715372399633,41.99451700733848,40.033188841422856,3,HIGH
203.80354928968077,9.196099659264743,61.67610346890173,43.63619176809954,5,HIGH
218.29987191177426,9.62906144252528,52.343139708668865,18.88021896655493,0,HIGH
143.76953073232684,7.959350368719897,49.83512978736659,39.694716842182075,1,HIGH
32.58955908517676,9.153891156330236,90.25748825181208,39.73743368895825,1,MEDIUM
77.33569344482088,3.110777847867468,59.51578047752869,26.66934364657701,2,MEDIUM
380.2978852850687,2.7782284991542934,53.7353439262739,18.300888724363624,0,HIGH
163.4798249083736,1.0583927540247382,72.24573789982097,44.70024020270694,3,MEDIUM
186.67326233234567,7.361599216861885,45.35811057461669,34.66779091586456,1,HIGH
21.083915941375597,9.4372046903237,46.092544339765524,44.465870851247416,5,HIGH
15.026491817592236,2.6824181053750875,66.42021116100533,29.509665470539755,1,MEDIUM
286.87257881870306,6.73249217884191,58.64909100523289,26.855789998101862,5,HIGH
215.2378656484445,7.718137832995998,50.64876687456271,22.415564279113614,4,HIGH
203.48239368650667,9.348528116332508,33.77657925918715,44.50716005316059,4,HIGH
97.24981216906747,6.821742016154995,66.4541967046965,22.59771808386821,0,MEDIUM
297.90029265196887,9.732643594738771,87.16264439207526,15.71288268654151,4,HIGH
67.29463164339676,4.10205826911293,89.59640437002406,30.374052407654336,0,LOW
75.97389746440801,4.149356803942669,46.48079858082561,26.311514791527465,3,MEDIUM
184.2848685393102,5.88711259012911,71.97488427632419,22.841475102877936,3,HIGH
114.51194484477637,4.451516930043164,89.91169166240583,34.03824349443521,3,MEDIUM
98.98519249325855,1.0128315545877937,58.61081497933853,25.928058446934667,4,MEDIUM
258.09505782133266,7.585948225782886,95.249577211527,27.067526649506185,4,HIGH
260.3886980874178,7.76545337330635,93.2084970390687,15.69136811682133,2,HIGH
329.8068279199717,7.722771442180934,44.569372819316655,32.67212785659173,1,HIGH
167.08342678919036,4.1051859994942,48.12753830301426,18.662130895411284,5,HIGH
29.234036410460096,5.700605259800548,42.63093990521782,21.414145766862653,3,MEDIUM
109.46655396858307,4.239761663590025,43.72380460182916,36.51353461837915,4,MEDIUM
392.00218527872676,1.1443276002758118,93.55034610214486,24.39728178551733,1,HIGH
238.50343009308085,6.062040471442769,95.1796536434836,19.896305923151427,3,HIGH
283.89483392040813,2.1138459947560992,33.632806882959166,32.322724411874425,3,HIGH
2.9431318501658144,1.7203719168229654,71.55223489705433,21.44713484813822,5,LOW
207.28229287300834,7.799491618271085,69.49620940003001,23.129346418761152,1,HIGH
15.011463012721249,1.0855558217629506,57.33833527071219,33.64017929933621,1,LOW
227.6920848365792,9.631075992478536,74.21883149761749,37.195853440917446,4,HIGH
368.30833985443013,5.637298277013192,96.31574778575951,37.18979055586732,1,HIGH
387.36765220016315,9.847147876355336,41.917841790550234,29.46730235612491,1,HIGH
216.22107015556966,1.5219781522543758,38.428763680151896,28.628907330283063,4,HIGH
183.2819221008864,6.251765939793219,32.337339958028295,38.62935552693772,3,HIGH
378.0068376993976,4.143943323783201,55.46833154881004,20.791041753375513,5,HIGH
269.443932798678,8.591342435328572,53.633993395450624,19.566073425853777,1,HIGH
25.959711815363782,4.251004617108577,60.15737817110507,34.9408519808853,5,MEDIUM
186.290231066999,3.344388211516142,65.23170216166642,27.285208031677662,2,MEDIUM
96.09800738572156,8.71797814389922,83.04767958213182,36.299953817105425,0,MEDIUM
187.9217285794726,4.371877824879348,57.447937332026285,22.69800670389708,5,HIGH
182.1862288025447,1.1514998787450532,53.142917655286354,24.746156432003005,1,MEDIUM
232.8579211258968,4.512601907554004,87.88151741817389,41.90032947556172,5,HIGH
142.7081961397005,6.890700421098477,89.48576694575596,27.649695804647646,1,MEDIUM
65.70817978237122,3.2892358492574365,46.29361750053472,32.72860409161153,0,LOW
201.48777383598252,4.8878883318264155,52.02702758979159,18.200465823549283,2,HIGH
332.0811537383048,1.5104362445400297,87.75814596370617,20.364875165782763,5,HIGH
265.6048912270409,6.292835123625615,35.558577100843536,16.076631864679328,3,HIGH
135.34714637008634,7.806654314743544,52.809274627351655,27.731124352849996,2,HIGH
374.2092091035429,4.719813052609993,61.38450749286028,44.667600134850716,0,HIGH
364.8830284996729,4.78209369521314,43.095013064039975,41.21619457954398,5,HIGH
83.7393597536395,1.794542487264248,42.59399376274887,33.987267448215206,1,LOW
15.76703404814519,2.817467780607843,59.74034406094701,40.83289475872398,3,LOW
296.5234833403049,2.392077728151214,82.8165207314399,32.82508069057269,2,HIGH
331.0441045396613,5.335189917953842,88.81630856833392,26.06306641002413,2,HIGH
387.14582638054213,5.763299868556751,98.54645647753213,20.20639203303346,3,HIGH
355.93455763532427,9.54046118155834,35.178883506420334,34.59146225280672,2,HIGH
240.21390728256594,1.6590835384951053,45.16775408021949,20.79153829172236,0,MEDIUM
212.02093568495232,6.398811758395424,82.96408896689384,27.522852516001805,3,HIGH
11.136420505034517,5.738486745954172,67.84190942389634,39.77405526465789,0,LOW
98.66257873791113,5.646097881422462,52.937584177369274,18.876879076851854,3,MEDIUM
183.84590069317056,8.858433586445438,44.39127628730705,18.870642571703854,0,HIGH
251.40156003342713,2.849846236259378,49.633428614971365,21.73207246774792,1,HIGH
222.90073332736426,1.3669594690723432,60.050226521066634,31.55751921366897,1,MEDIUM
297.0543958726762,7.050443568707733,42.40058536542229,22.55170434779739,2,HIGH
111.90677235481634,4.106417177223822,97.49581691137254,30.09593811765002,3,MEDIUM
225.9810430609893,1.1583092459127213,37.531191121991206,24.059478331790615,5,HIGH
35.256897356316856,3.2623660656137243,98.99042041424534,30.187266147252167,3,MEDIUM
165.46620943328278,3.783940967951307,88.93253002004708,23.328943470051904,0,MEDIUM
300.0643331818404,6.551545391058179,59.62061322596173,44.40037126825696,5,HIGH
277.3603413716176,2.553272146443449,81.78714340717471,29.78153703425903,2,HIGH
396.2570948688716,4.717489131580582,77.00606705874702,37.3093030232472,2,HIGH
111.1564503951024,5.3422789997604925,44.93008425642517,36.01639676694615,5,MEDIUM
199.27571966959167,5.133136522276819,53.73490602832625,29.716781244430834,3,HIGH
131.81216550959869,9.765466900001035,65.91857939638206,22.165861850037757,1,HIGH
176.2412456236699,1.409538140112665,74.64909259214087,30.321548337385945,3,MEDIUM
342.7800519477552,9.558713678071594,68.00264869496351,35.42914871161304,5,HIGH
273.68363007539466,6.2374349259463,63.10912227045317,28.797578116896354,3,HIGH
352.97647653903266,8.161549434728546,61.02065914184301,17.45775322088225,4,HIGH
81.40444333275458,4.873533562144679,64.87851495065127,15.53949688674252,0,MEDIUM
349.3444471365752,5.084540931312824,60.40460638921792,24.836304254035156,0,HIGH
23.90490967135377,8.913938491142412,67.89310542820012,19.506717782799356,4,MEDIUM
355.439712174861,9.063410466627118,92.15897093326667,42.18570737777987,2,HIGH
131.62951178429117,3.1481999328816785,74.29805191382282,20.274980102547744,5,MEDIUM
125.83505336562659,2.7931769072615635,80.58346124919781,26.828481420346982,0,MEDIUM
204.83543067946556,5.4661165648295595,71.82381936115436,36.362325362144446,2,HIGH
376.2760750892927,9.102493244149224,75.01123776898015,39.46264980048183,1,HIGH
19.112545872562148,3.9011958406555864,70.48448799137262,29.331394595343927,2,LOW
140.8923900282981,6.8681315380521815,31.880656553707624,20.434050288251765,0,MEDIUM
342.62879547333426,7.37336518966541,99.97188675400139,23.126856707275593,5,HIGH
158.4217909741867,8.008071984047403,32.35264681490277,27.569053429234415,5,HIGH
79.6627590388268,6.075320121288669,57.66036057635576,25.93783767976749,2,MEDIUM
169.91767253256472,4.622096604510727,37.35809748092534,25.460182715089694,1,MEDIUM
154.22100059666772,9.703143899190756,36.78499153086527,18.95561405269993,4,HIGH
366.16648058668136,6.501976779725674,85.54688661721386,42.399307565128495,0,HIGH
304.77375029723885,7.557086904699437,59.814804555065386,15.892698192531451,5,HIGH
202.04622229760253,4.104845611262905,86.07970958091354,28.200063836272534,1,MEDIUM
395.3482266886284,7.029542629027721,49.0950529476582,44.4096447750926,3,HIGH
186.11101251036933,3.320178959477133,47.95239542643643,34.791718164723065,4,HIGH
23.295132328110093,3.2058722577577257,47.58619672701235,25.662319911992498,4,MEDIUM
104.90972872599396,7.432499816284837,73.13019384855434,19.382927533595097,0,MEDIUM
174.42819208772505,5.692552626366416,87.04995728919201,43.91617816937283,1,HIGH
62.761049658448044,7.149489493801507,61.658270705266844,15.419590856194493,5,HIGH
379.0260505296172,3.424946416732825,56.54742234487577,35.44162711839431,5,HIGH
306.73955912710926,6.388510069510573,98.15056879411546,41.40412414335982,3,HIGH
107.31488017110907,4.9954028473280125,38.17278252081472,15.754814696587266,5,MEDIUM
236.32181340716633,6.372642581609751,64.06428774314247,36.755245922715034,1,HIGH
288.5796628438288,3.6179175901979743,58.59414272270041,44.965132837642045,5,HIGH
376.5115715627192,7.439058672842115,36.86886176108233,34.18927405720048,2,HIGH
352.6541396701643,8.25336429543519,48.77402534617534,27.440368435301963,5,HIGH
206.07689045528548,3.339248264719513,31.99088488053784,41.23202158068845,0,MEDIUM
309.86104791720703,3.7055850387007787,91.38680022880699,31.62537739267885,2,HIGH
224.857901531034,6.950388427471837,72.54946702932807,37.4832254036982,5,HIGH
221.08155601821605,7.260266568731898,87.05129485091754,32.63336975455515,5,HIGH
45.89678333527676,7.336897159577051,66.50881166820929,16.14873277463848,5,MEDIUM
50.45506320646083,7.144286542982531,71.9656880595326,21.39434964616043,2,MEDIUM
211.81344600898296,4.535269452572849,79.05981344664154,17.362907219602487,5,HIGH
107.54461799160265,4.553683069633105,93.56081392249504,18.20063287149669,4,HIGH
8.414760984187453,3.293358612799433,36.4226321478092,15.462164807642159,5,LOW
289.1356815600849,2.4115032990672667,53.16638763150088,27.63494937042459,4,HIGH
12.994638676065984,7.233196414572151,79.63183334900003,20.359548952624955,2,MEDIUM
238.1107364416218,1.8386990737508155,97.08453941009749,40.67089561481915,5,HIGH
215.67751765092575,9.440130581081034,98.65651999430038,37.501126126219816,1,HIGH
387.5258762311218,8.440176733043062,74.66721063960836,32.19530984446488,0,HIGH
193.68525573905666,8.717551659615305,43.55189344284071,29.67064036051186,5,HIGH
25.440574551118942,9.160019331536713,38.34462379897697,22.676059217279274,0,LOW
220.67518712258467,4.677444736509161,96.22305509962978,29.248543976249564,1,HIGH
336.43846824644055,8.62030651015361,60.37493826237552,34.23687827593233,2,HIGH
398.73971371257596,2.422551702624844,43.63712232838794,38.466865805783264,0,HIGH
172.13726947562898,1.194776151474121,95.37247610443208,17.4504619877878,5,HIGH
128.119496998697,8.064022551974652,37.31669900950183,36.2539406623665,4,HIGH
362.66131878079955,1.6731698319724537,81.06997677999526,37.28189630283856,3,HIGH
76.49685163044855,9.896722005933295,73.7684119280334,31.769166027745694,4,HIGH
246.17156601317066,7.073167866414003,36.14142650666243,21.429575871096038,1,HIGH
162.28576967237908,7.78104739217895,53.71241569476095,31.17553762503525,3,HIGH
16.432945982222115,3.2122347065007935,40.495148267800744,30.08114645445931,0,LOW
138.91538972227912,7.064788545277193,72.31490147732129,29.271302891603884,5,HIGH
106.09140900106983,1.388979435294615,63.397912217420014,28.819197464015524,0,LOW
274.43646157739477,8.540431479312408,30.299258726234367,18.324766988745594,3,HIGH
379.51619907676724,2.526616837284152,98.29973963987356,20.48677454572094,0,HIGH
107.2188749514551,7.276222601503935,54.470925492267824,17.91996265354027,3,HIGH
324.5863756606727,3.020324511094555,48.0743074985935,22.274334830039532,2,HIGH
22.14392677536381,1.6160785248343847,45.57100690558718,22.904303481920188,1,LOW
215.24840401592527,5.333443106944548,41.11711273214975,22.35227584479136,5,HIGH
28.220025483957834,2.523575892455105,99.93959533515569,21.327872045568103,4,LOW
373.61319645225575,7.5649958949389475,50.65766275171234,37.06266136454367,3,HIGH
306.54051222295607,3.1380925904513637,58.385944805699715,39.55696198794354,3,HIGH
263.1799644818369,4.08225300612246,90.99491413246622,24.813276497177096,2,HIGH
329.5585526498657,6.106953261380256,74.93212524800147,24.153866750533467,5,HIGH
259.00791822806525,3.564714498195804,55.80860882216908,40.32097049257524,5,HIGH
387.57775886971643,4.401893045889655,92.88299051466971,33.71771704997373,4,HIGH
285.5831791459086,8.34059593936348,82.480694154952,23.803149743671725,2,HIGH
369.8634438328987,2.6128886460492313,45.95303552791898,36.40836877759747,2,HIGH
206.85275680425522,1.739814305337403,75.06172962199443,25.33778430699502,1,MEDIUM
46.82576519274506,3.9552200661971737,94.5678948804681,32.5966684302652,0,LOW
211.27108856920685,4.819390903124903,64.75226149152888,44.77902089963405,5,HIGH
50.74913122523732,5.883933539229109,81.3528681982167,24.047831256480997,5,MEDIUM
236.99739167056202,4.351813265575063,97.97726207924114,42.915780021249994,4,HIGH
192.99722421106517,8.109205302005247,78.32898986266491,24.619572428540945,2,HIGH
249.03015913311268,1.3538753890162594,37.17070828362564,31.208601131244702,0,HIGH
4.018792421932638,4.885907843787022,47.11916856519025,28.7995136879712,0,LOW
77.93619666214565,4.440303231907642,71.65675061398542,38.49478687031808,0,LOW
196.53217276485236,6.828206417261732,49.288907076033425,16.832780984459845,5,HIGH
380.20142463565395,9.696486267076564,97.02791937723978,33.81366912205992,0,HIGH
153.44361614206338,5.593378659659759,58.374642381552164,37.82000833046469,1,MEDIUM
169.74881042145387,9.881891622475484,62.006128401265556,29.164345541463575,1,HIGH
285.8784356026489,3.720244554218777,79.1121465429082,18.15877819613416,2,HIGH
241.5171029144472,1.277813192882149,66.6974811939312,22.344150404544393,0,MEDIUM
119.5704600393333,2.4909685072877146,56.75021768221379,35.39017110302591,2,MEDIUM
164.32655822697112,4.556123962971106,35.364651260820516,41.86312156500945,3,HIGH
87.07991954289298,3.84700518269697,71.75119126555046,27.64825821001466,5,MEDIUM
386.4085836520834,1.873487178850399,90.73060215558243,31.812361052347775,1,HIGH
52.25375262294389,4.893940969216452,78.00337092320393,21.85155110180586,1,LOW
148.73471382656777,4.043041944936064,56.70465070328665,27.366399421106145,5,HIGH
10.335588888004477,2.103572984116946,38.94082452361906,25.103694233114744,4,LOW
88.71179677341856,3.6650541755071804,87.14367308329707,34.66576643914571,3,LOW
312.18845535206196,8.977924498198515,95.92238535618434,44.54096855025333,1,HIGH
80.47009291555179,3.7184397894040617,57.17910935573853,39.39910355957059,0,LOW
32.02536101158624,7.425598809178465,81.00495324288431,20.764937547785554,5,MEDIUM
189.78127193780932,6.5084237169198005,58.7534407923529,32.33035779920301,0,MEDIUM
3.987693893807398,4.8446304616753455,65.15868571965396,16.992351448452048,5,MEDIUM
33.90646177053327,3.1512307312330226,88.55334664314867,22.407464605279067,0,LOW
323.05034782519004,4.321132294113509,35.83970395478075,20.16653028181171,5,HIGH
308.58933794384257,6.328964921239385,67.12347441506935,25.066366129183887,2,HIGH
366.0555281619584,4.156778932744194,45.023419226985574,35.36441907132641,1,HIGH
341.8061743642998,2.9340679021680867,53.78641618470337,29.981799507504803,2,HIGH
273.2702252959272,2.048164740024689,75.11001772495919,42.98727779487653,1,HIGH
20.933142920265134,8.917902441186087,31.905988863579385,21.38246519545526,4,MEDIUM
313.139447194663,4.962816781767151,71.56775692812138,25.926274387618207,2,HIGH
338.2043243362242,6.62687489568637,49.84095676176248,24.895577303774083,1,HIGH
319.6328583087818,5.413693250231248,76.86390525656506,22.078908778797896,4,HIGH
203.39161412321042,8.85309866522167,39.91069463391379,44.79512307378734,1,HIGH
93.16073545979266,5.922413672033898,81.5068122671325,26.61676636329163,3,MEDIUM
338.1319902754907,5.32703276154202,75.19478038340847,43.21526941498795,5,HIGH
290.86512389605537,9.321408913795414,97.98692830162459,26.71420421558968,2,HIGH
392.30446975554065,7.4772063644081905,93.78647542807036,21.122750362219826,0,HIGH
62.277039102373166,2.003949166121716,49.83120042397916,18.576189920481333,4,MEDIUM
90.26583322082202,2.5993401507713263,31.91216009078059,40.66689579526515,4,MEDIUM
84.71925995260108,8.084105766454977,75.87579927782303,15.962929214552346,0,MEDIUM
317.0159070485347,8.522661890619588,72.20211723032708,43.93183765017844,4,HIGH
74.76291858004727,5.9067174618126685,31.920013813651224,27.545736353566454,0,LOW
26.663931929322437,5.990097050799753,38.58742704418149,22.421230532530714,0,LOW
399.42432263425144,6.687396665663001,70.929119317519,33.52338396646087,1,HIGH
9.926884578059658,4.952041968543755,93.82790848304444,18.98738975508559,2,MEDIUM
334.0976240635463,7.121792111355136,93.45501935593848,17.164367206990672,3,HIGH
146.14673662026112,1.976331318097741,40.60395382284524,39.83350055728701,4,MEDIUM
336.6461839031261,9.651513181306477,56.92017624836747,27.740123238759804,1,HIGH
221.848196484458,7.751393414154295,33.02420050465218,30.547647363135958,3,HIGH
360.65249179454406,6.680567836081062,62.849029245405035,20.300880266251944,3,HIGH
370.47719456585065,3.846898513085326,82.71584217712439,16.84272733580827,4,HIGH
3.6392725123103986,2.4485993871105625,85.2980897955928,26.0332839795554,4,LOW
30.16487039711531,4.684086674460502,64.9292626617601,30.18438757140268,1,LOW
100.14349182834219,6.954190665166526,36.71087722957529,37.96291865634083,4,HIGH
267.72616654540064,6.703387690807999,56.69547826270965,30.031560007063902,3,HIGH
355.3088786046024,4.4437703955901435,95.24713719820551,38.47521053057709,4,HIGH
183.9767805175851,6.519577544498168,46.07287895638002,18.462983390229418,5,HIGH
242.78924650970617,8.323734660107927,52.382811493890856,16.918883161318547,5,HIGH
75.39994111822446,1.2365629510384637,82.27790228241497,19.76582892430355,1,LOW
321.98673355267414,5.055589431372481,81.35065522201566,38.160363806661856,1,HIGH
386.9312445413879,7.826997056201119,93.85416016174527,37.77990692516104,1,HIGH
107.439573165839,5.915300234170395,57.16830835042628,19.241034135319243,4,HIGH
197.93038064021852,6.86328479136163,66.02191067120037,15.929659747520393,2,HIGH
34.44644420254952,5.650087533448079,62.71747228543343,35.55845808636495,1,MEDIUM
223.65466258518737,9.926870902140799,94.94265197157172,40.65845349728932,2,HIGH
201.11337673867223,1.491593828401344,83.85314121772444,37.623230865305466,0,MEDIUM
57.77459366203104,5.419403395951395,88.20092458836938,21.083969418452345,1,MEDIUM
176.82648524723,1.822748942030659,39.31687881805876,32.51303691676007,2,MEDIUM
133.6418608346253,2.4380700590221336,85.4292685007712,37.720971618766235,2,MEDIUM
208.73235012207573,4.447345153764356,60.30851362402478,22.674861136411188,3,HIGH
234.26173417151966,2.399860823504386,31.6337077981453,30.83162404108359,2,MEDIUM
3.3982314428838034,9.67318449360986,34.20618469202992,24.43381211921311,3,MEDIUM
304.4023931798221,9.521107990526431,77.45355578143912,21.767262519810636,5,HIGH
285.2057167446963,4.024986815985434,56.040870880217895,44.087679803125575,5,HIGH
146.51455448260887,6.757729408339116,90.76809012564362,42.37745881160779,5,HIGH
21.174374227527302,5.803779885344075,81.39911937131066,28.370031928544613,2,LOW
301.97301591402015,8.340282824641918,31.517600816687324,19.10334183191929,2,HIGH
382.070064191253,6.64701048835248,78.08218182852013,36.83721909961946,0,HIGH
96.06063840880567,1.002272090415059,43.464673091264935,22.671033903846606,2,LOW
129.40984549481516,7.86856947048765,59.58077980927385,20.055534175142835,4,HIGH
73.52515579272598,7.721633091665063,73.73146414860739,26.445870532145538,4,HIGH
230.77444933793586,5.587504350098329,91.09024889069849,30.89549427500217,5,HIGH
61.93655785898198,9.126270759097483,61.92685218743574,17.923209894612437,4,HIGH
142.47757738455178,9.176015851213615,86.59433179337941,32.1523941914558,0,HIGH
278.80520557370517,5.715205090339575,84.80759639604429,15.460451242878646,2,HIGH
224.04639320373937,6.471894080768839,59.01769589958808,41.7560718177926,0,HIGH
154.58502573117408,9.968698647322052,65.0686114403032,42.622250678366,2,HIGH
168.09984072301677,3.6893821133027576,79.03395070348691,36.99212320535554,3,HIGH
224.8443530492918,3.9215551808032965,32.18039042528578,28.996482257225328,0,MEDIUM
2.345891154864521,2.6449651239714673,92.35679896594722,22.646888116899337,5,MEDIUM
31.403947381443942,9.062802452420812,83.88713116063855,37.323362721341894,4,HIGH
352.50322710520464,7.700395509543396,47.45911169816313,42.95391605856191,4,HIGH
31.151595636516305,1.950785639832177,98.68259672322829,19.756011146923186,4,MEDIUM
282.72143848420205,9.835906160781692,42.557324681273315,28.97465967893094,2,HIGH
368.01526564362103,7.578655373450045,93.98606715930812,24.457849081077846,2,HIGH
108.27344172069245,8.654698986444771,52.71314208261778,25.7022536713773,0,MEDIUM
148.1965748238057,1.4333571025588083,83.42026971148951,27.172733439687974,5,MEDIUM
227.5685623378865,5.544648270479509,61.94636152735616,43.55389033114015,1,HIGH
352.68358785543387,7.287384580543353,81.55271712150015,22.759115036042807,2,HIGH
376.76223490416805,5.886519261146572,40.904813355755635,29.780275172805197,1,HIGH
295.8252992445072,6.999827191293497,48.8654520870538,43.54462414985371,1,HIGH
34.64790434187761,8.360866572314253,36.99004771304179,29.28170670654952,2,MEDIUM
267.6616622139403,4.369033566641766,90.56007870064622,40.9079856576436,0,HIGH
164.12148874906484,8.638018080568386,50.740509143864955,16.762943229758427,5,HIGH
188.28039979642463,2.4662449428876165,78.61333605916644,43.590912553897084,1,MEDIUM
19.659356138070816,3.4379744952373725,87.41548384190696,20.625934410781525,0,LOW
76.42485573854327,1.390110579345932,93.09927654655422,44.39805104193853,0,LOW
316.2054430134591,4.27984130201726,37.44079807182025,20.267305957756452,5,HIGH
181.5835332191439,4.419185903417083,92.51104534588288,28.330978433849225,2,MEDIUM
120.66489665245955,8.247435374865258,43.80769444115036,24.258434747176334,5,HIGH
153.60762958598326,6.878176032606904,81.58314081136731,27.996942632851322,1,HIGH
341.75980533027206,4.930503023401,81.01943135552278,22.515742197765764,0,HIGH
299.5996069619828,6.869025807613734,30.595219921866796,43.959522372829255,1,HIGH
108.9261588724331,1.4750501546412205,45.443673581717796,24.171749522192748,0,LOW
47.000736084949324,2.622443824165385,64.43359602654071,34.59824736192669,2,LOW
100.79928865762868,6.642530697175795,59.40242946642975,19.123424687963656,0,MEDIUM
368.3025804218935,6.77230137302772,94.30014359192268,39.731624545496516,2,HIGH
232.63553513990215,7.9672119283668446,55.18186086517662,31.275238305285402,2,HIGH
213.39208349791315,4.62699783148242,95.58886003851737,44.383383735939475,1,MEDIUM
238.5574398769846,7.502986869545406,62.16005228747718,27.702066505003053,1,HIGH
146.4113062986061,7.1558229930417045,97.5047027648116,20.86343624929981,5,HIGH
322.8428081278051,9.67054040532864,81.61483670174027,25.380569983229506,1,HIGH
209.31449972009992,2.9361720378221126,88.05342141425092,37.10896818280483,3,MEDIUM
46.699161107518215,5.965116073773755,37.34138218443007,34.773195629876284,1,MEDIUM
51.62604993162518,6.415879978994224,71.02990032696574,38.350422228531755,1,MEDIUM
214.74365860104734,9.987830964407987,39.989025188054555,17.20410876612627,5,HIGH
374.6280872283357,2.8106572794998654,50.833470143568185,32.411063260343596,0,HIGH
123.3408486704795,5.70896217970563,73.64957843170876,42.96506031108914,5,HIGH
347.81646754368734,4.11566776942275,80.83579932857236,18.23705758444732,3,HIGH
305.6382346315517,5.733036717210998,32.74286474078756,17.830057767389366,3,HIGH
99.12497716276275,3.0891574189279534,67.16606117506552,36.49813093558542,0,LOW
14.536299326496982,1.428511405847393,69.57197904029205,24.455473675326058,1,LOW
40.7389060569531,6.1530890850792,35.517959797714084,34.75737631082721,5,MEDIUM
291.3975735389761,4.022688842747489,65.04816239405345,31.3615353915108,4,HIGH
79.86789521625867,2.637472615735903,79.96895960348786,44.58199975019717,2,MEDIUM
148.50836820215753,3.915420094702304,33.72590994128717,41.67169250864622,3,MEDIUM
200.67966640256992,1.4435218130297043,83.21874434267734,35.34218344685135,0,MEDIUM
290.1872673800651,9.55398010681093,70.34985534328958,22.850238783094515,4,HIGH
45.29248930365015,6.230331234759344,88.32590457902536,22.857244864514087,2,MEDIUM
162.54656211098458,8.332918132123224,45.264380099784894,41.467314017068375,4,HIGH
194.02916365707816,4.808063777929574,88.3291578949183,32.56023195826179,1,MEDIUM
216.33082558861588,9.129832008095672,36.619268268722756,38.678453461563066,0,HIGH
327.34425655808667,5.34986399397028,58.26807875112699,28.495926196104904,2,HIGH
68.67127801728677,6.165507899806025,43.9639354067254,18.092209099545798,2,MEDIUM
323.1325807306489,5.426145820563912,91.3214582603612,24.98059374718878,1,HIGH
277.1513710786609,7.599504662808864,79.34438714112417,19.834475828650895,1,HIGH
222.34832567958372,6.099904698418562,31.775324401250973,38.454984492765064,1,HIGH
279.81114816102877,3.4443903122235797,30.66663489297693,36.0153596897127,0,HIGH
164.80709558066255,2.3098557819038166,50.387447813716875,17.652387671641222,3,MEDIUM
55.35903438724983,6.455119499946799,40.029817999639576,33.641561962856315,4,MEDIUM
266.3060961061469,5.402619653923326,74.1213134292137,41.224065209843864,0,HIGH
209.8689226742489,1.8637812702650165,76.46578537177919,35.920928861999,0,MEDIUM
255.7499202171102,4.560557192139416,95.93656325629573,30.333357389532644,4,HIGH
135.199512411396,5.632987798004082,96.64279471820886,24.355898548166618,2,HIGH
362.7466309359344,8.442039104430311,76.12276937879419,41.61290248757687,4,HIGH
234.94794743023078,1.6849095025002612,30.39725789968961,27.684146464230594,1,MEDIUM
34.16099371634953,4.136458134214026,55.129854159873005,40.66180740701356,2,MEDIUM
179.92159628177146,8.403905104393468,65.91990592730863,38.48999514654591,0,HIGH
302.5424218974537,6.835815385944208,64.94258295559261,39.48680895842579,4,HIGH
317.6538246929089,3.609624896234081,72.23384406515586,44.69392560484938,0,HIGH
197.8388211055035,8.60801609820378,97.23860379633324,37.46275547618893,5,HIGH
357.8990283325204,5.439642225064231,91.96348843686076,16.021228071559452,0,HIGH
107.06737487771902,5.485167021794145,37.62356234153418,21.163018049422348,4,MEDIUM
164.23947889530663,9.789286052803458,48.61862739753752,16.055854509754937,5,HIGH
359.438764227588,9.524048529127406,88.31765921937455,20.697407098250718,5,HIGH
358.50268658863155,4.226794150328595,87.70148361734448,16.843185320583398,5,HIGH
274.28510752987233,2.2652121579677407,49.27595068851697,30.04851123558759,0,MEDIUM
343.5922188488881,3.9310005905028467,81.14116214802837,15.846186393992333,3,HIGH
35.50930678249307,1.2743493428024923,77.04261651025001,29.177372988457783,3,LOW
345.9979904831105,1.1869109803935207,63.146677547897305,41.96522721360036,0,HIGH
128.2479626200907,4.559699226262772,44.10184668753205,37.45728037724429,2,MEDIUM
71.33260497128653,9.469178404275107,92.20502266258603,43.31867770955268,2,HIGH
95.74793453681853,8.842216071089869,77.44958290147844,21.799403212695612,2,HIGH
167.18740320555483,5.602985505258607,41.82950474148623,30.932574492158814,2,MEDIUM
100.4768018417869,6.087037430537476,79.33616413886025,24.557383594975164,3,MEDIUM
128.2270344065996,1.0534014707145083,81.9003603703886,29.814593870761023,2,LOW
53.99139442865683,2.9395104025038896,92.08161995847286,31.712274887528654,4,MEDIUM
118.47070622359941,1.2229671424094537,45.59874786693545,16.085583914275954,2,LOW
228.91352581680047,7.790855794258488,99.21278737893846,21.997684056449494,4,HIGH
176.74148323642558,2.3108121642384796,40.73753957688449,36.14318337731992,3,HIGH
138.68750449436448,8.821423922291352,72.04822243017082,38.18784073620899,4,HIGH
298.5808515428456,6.789918823082094,76.00235536914349,32.0835410246251,5,HIGH
357.4039885573272,3.0647680886414204,59.32670266861024,23.1248708384603,4,HIGH
302.7156891609588,2.4194828537492477,63.25263961392706,27.1525235016822,0,HIGH
132.80028084707166,6.648622308307478,92.36370677054961,17.881104356441536,4,HIGH
297.77686713502146,9.107532822540911,75.16919607658232,43.59538850377775,5,HIGH
60.79207298962048,7.465241970229434,64.79006707642804,41.060324136308644,0,LOW
52.127195236516364,4.136919864430398,38.98446937034673,16.9680704072239,5,MEDIUM
138.25081481446358,6.286452357417824,30.513633765619424,19.994719969749916,2,MEDIUM
323.0809476176228,3.7968552583517923,38.74780327062834,32.432833235662606,4,HIGH
98.53929889692074,9.99234610100793,96.93291972335538,21.972902223876478,4,HIGH
25.301363559471834,7.73955269615666,83.48607480939316,43.03202094042385,1,MEDIUM
52.683814082542035,6.529434757810783,97.69814292571735,37.667717426132235,2,MEDIUM
343.49798741183207,4.809332284892463,32.49960967957203,23.198745387332483,4,HIGH
253.51331389891504,6.563370612336016,77.61542827010474,15.183042335714283,4,HIGH
101.28046534799067,4.074544562206013,33.10054684823926,38.98342173608924,1,MEDIUM
222.11833013127253,1.2597835551222767,84.74395282081763,27.722691288031967,0,MEDIUM
211.03184897014015,4.555796701209696,56.6665120914636,34.27133135573331,2,MEDIUM
262.1743913762645,9.374327376218803,36.70357520745464,23.609244762638923,1,HIGH
93.27502176864652,6.636709852964793,69.76326492512607,19.286197780745127,2,HIGH
345.76119487775907,1.7556013276381144,49.60841376209717,35.25934775357237,2,HIGH
123.74742483200514,8.964942520555233,76.1701759310273,28.509737644399774,0,MEDIUM
277.65266159049474,3.4198736440736335,76.07223316596532,22.055091032099426,0,HIGH
6.449858548885956,3.193925437744547,79.3505231884527,19.128839986986094,3,LOW
149.0628519576589,3.6738187190228873,99.47255551444313,32.414387833249,1,MEDIUM
140.6839271835233,6.194820125133617,57.06883969631838,36.766498206227226,5,HIGH
217.39377143320579,5.90219284090579,62.572083213957065,23.516608863693456,1,MEDIUM
29.0945047108786,5.422723791605936,86.32281907177386,37.05427606041371,2,MEDIUM
316.0525494904433,7.457831771613643,70.48590161153197,20.493665961983158,3,HIGH
87.11232070702741,3.848839582014631,32.60800474814597,25.152470732853278,3,LOW
270.81512595280407,8.03858069415188,89.01549641818995,37.346468603998666,2,HIGH
321.28484929763727,2.577895105407392,33.60490773566287,34.80430558941238,0,HIGH
224.75078249660524,8.043587101693085,41.9574095544249,23.115708807117375,3,HIGH
296.3532826887942,6.974290947252546,37.14559768819311,18.664050046407993,1,HIGH
264.7441248860022,7.148874785928278,35.45489930167841,16.27420274841726,0,HIGH
142.21191886080305,5.33398057414534,31.797941271329712,40.13745539757857,4,HIGH
323.54341561342613,7.003013794127782,33.851939978065715,17.254258487035802,3,HIGH
117.8805479542112,1.7181734190351166,60.9707432425167,18.445354566191632,2,MEDIUM
228.48516710060687,8.663960053444306,47.69965889878297,22.13131890826001,1,HIGH
298.1590956566158,1.499925101388814,38.85758183931731,28.370091127195437,3,HIGH
151.58236392500305,2.338673588843477,76.10938799085682,38.69361240709488,2,MEDIUM
121.10704304697002,6.191107376475127,45.82783374439809,22.42440977823318,1,MEDIUM
183.7384040691291,7.654703099110224,31.32644087413666,31.305247450792557,3,HIGH
327.1853977396614,1.686264079116281,59.28938486371294,17.711175661501294,1,HIGH
371.9687052582659,9.286883327100877,51.730309438481356,28.935330154095745,4,HIGH
218.03336514395605,9.762468839206287,52.30231019425449,20.329169801319246,1,HIGH
264.58648212946076,6.4535515570693995,61.16890197270931,21.33574676671695,2,HIGH
361.30944889556565,5.331191098391529,76.82397490639943,26.004853023267884,3,HIGH
39.41874056517696,7.672554750517747,73.15353840265958,37.84043096102572,2,MEDIUM
92.83143114646602,3.9552161709448486,95.60831268522129,37.31959289700704,4,MEDIUM
283.560002500633,5.439379906945958,66.2401666411765,27.449189294559602,5,HIGH
329.49778476491986,9.245359241329611,63.07989368075505,18.560134625772257,0,HIGH
342.81161133223117,9.600898827173802,44.93901046518279,23.42074860071839,1,HIGH
166.04287074197305,9.343622044460666,82.87669021937097,30.160673295904147,2,HIGH
35.735960916746734,3.3620326026745615,39.85430433499993,41.08235336085369,5,MEDIUM
175.11259091984797,3.0922213619508705,64.37930228743389,44.04763844439991,3,MEDIUM
92.29383608282151,3.6789805533638282,59.49255388712111,34.1241280507174,3,MEDIUM
116.47858199864967,4.971800011496142,76.08106148830822,25.52059471492204,0,MEDIUM
308.90702273500233,3.8275067151276723,94.23350289696612,35.80360361083136,3,HIGH
30.21083441035475,4.3679151616515215,96.26169140487558,25.086904074617955,4,MEDIUM
331.03248699228084,6.585732569086836,41.745948701421085,33.76420360249819,0,HIGH
171.06763432966764,7.862731093845783,48.32720527870247,22.3129971508703,4,HIGH
238.42557244023803,7.620023784411253,86.81447239752947,23.00966103694134,1,HIGH
35.8608924942716,8.329812103712367,66.2795833714435,17.256767671233693,4,MEDIUM
134.94363134291186,1.2896596289386195,61.71241978490123,27.60423456639525,1,LOW
35.88036760593831,1.4296041071088048,79.74378166664941,33.54523560287004,4,MEDIUM
384.61748915244385,8.104446646197664,72.13474668248801,38.66384831431863,0,HIGH
322.90465973050016,5.797709400921687,97.94998380949342,39.31045634513081,1,HIGH
183.8531017425841,6.203266063859083,70.87822566017869,44.77333348521491,5,HIGH
89.44101932946845,1.4732817419293938,62.61816784430773,17.632671775108857,4,MEDIUM
373.38204209994086,3.297824210541438,67.9972153454723,29.79410305337486,4,HIGH
137.8386382907887,6.745188743969299,86.59778716878813,30.6412372620724,3,HIGH
64.3937726749499,8.732637010996086,72.88725397496546,39.136002791336765,4,HIGH
225.26575538158195,9.252850574632623,75.29336639707023,22.990755467665412,3,HIGH
377.50964813792643,5.503775462515735,98.00072160256144,17.08116959818401,4,HIGH
1.53211620012903,5.909268094643778,73.287683909782,24.41276430805259,2,LOW
95.2499373015995,8.497446679620918,56.61996738341779,44.51783487192783,3,HIGH
375.37905616416305,5.838621406726192,78.39282189089576,41.98323593473759,0,HIGH
68.43438674286482,5.651726729835857,76.1621577884118,26.85740882839955,0,MEDIUM
45.297380655927945,9.145756339848583,30.969334485446733,41.28815996235181,1,MEDIUM
228.0748863199218,8.109394489502922,62.71305077500832,15.982634523499762,5,HIGH
344.73752931793194,9.181652737251651,82.00325220176795,24.426122323926016,5,HIGH
190.84392707757044,2.964223493030384,64.93290204047904,36.804355439626335,0,MEDIUM
397.82570267380993,5.719379379898211,84.57347951547726,21.64356753050517,1,HIGH
271.66867981519715,8.582249157340222,61.56185874993301,20.9517285446192,0,HIGH
29.629962884179093,2.0003304472039805,98.83251183460649,40.8542263789312,3,LOW
397.13285267279014,8.151959388645656,50.50241124427221,33.47861883230232,2,HIGH
163.15769471207616,2.646760450733825,36.44858257022515,44.67068154936108,1,MEDIUM
114.96101353819301,8.27306879486789,60.10082608078682,19.040090288374454,2,HIGH
223.15167343115422,6.508008438011813,67.91963174117433,25.6838522169944,4,HIGH
121.72303672834572,2.7391239233638043,54.43656121777231,24.336401154110533,4,MEDIUM
34.58300284806093,5.26018761399521,46.95968120825712,41.40396713156729,2,LOW
0.5713372316706877,7.137146498146945,77.04410839698423,22.658895601290318,3,MEDIUM
179.8333411681049,6.704676107951881,56.398756989937645,25.603829930225103,2,HIGH
334.7453688906369,4.845224766085339,74.19579703704458,19.285016270262823,2,HIGH
228.92607425203062,9.094298760288343,84.53500140191431,38.262029479475615,2,HIGH
399.6829195773763,5.673370730390599,83.27018394320166,22.131098518765587,1,HIGH
114.73865825888,5.552805686758195,56.271651744498385,17.049608166966586,1,MEDIUM
112.18202590402213,1.5602553094730884,69.75287602651224,28.0532619807269,2,MEDIUM
63.89978409357768,9.299083508178734,61.476075710991964,26.74374371884604,5,HIGH
65.62543530613408,2.594049118105357,90.95636768967623,20.328276129161267,3,LOW
114.07463840401913,5.755102240928988,91.51309358599994,19.007926796880465,4,HIGH
317.1360181094109,8.232108412602791,54.06191080216257,41.89671640149783,4,HIGH
362.30271625457914,2.93907949260079,36.42162135151115,17.035334596536917,4,HIGH
390.03486788307254,5.74635960973757,41.730773832681365,17.9793287008896,0,HIGH
92.91586163858105,3.1661641830100677,55.69012194916186,22.35141843415218,3,MEDIUM
352.5190182456367,7.837254980199206,69.49749683340934,43.58517568969506,1,HIGH
131.30203571093483,6.079070510858356,75.97509076751004,17.561527485595654,4,HIGH
45.13621780675376,8.703782743556292,53.19597324002002,39.48044480228646,1,MEDIUM
348.00997020806625,9.051022025896446,76.72493837367901,41.761564599564814,1,HIGH
254.44225385744744,6.838601342008583,95.64179885716293,26.33603224352656,1,HIGH
65.89235843242469,7.5285212154305,75.64098890182653,23.816831994955272,5,HIGH
171.93250300520103,5.942980898981773,41.09956606110459,35.32133184772224,1,HIGH
114.90307795082705,4.459858597606447,70.57682390843394,36.07903801830669,2,MEDIUM
294.7178274840788,6.833061307187512,67.9326861736888,38.39931488472467,1,HIGH
181.36649224970722,9.174597611385959,90.94900776288945,39.91700343986777,0,HIGH
395.711978042554,4.7501234238829415,54.521213864908205,23.051863680370204,1,HIGH
21.89799290383805,3.829690237364158,59.606192703967594,35.60884805659947,4,LOW
142.00610645449868,4.495932446973167,71.90613388405455,19.047171728540263,1,MEDIUM
192.76006684399096,4.918578671904396,66.70977182194179,30.32193994632461,4,HIGH
201.25342189932792,1.662049260799446,80.3311614683622,33.38660749537783,1,MEDIUM
126.37432895425471,5.485976563914949,32.82722936387471,19.85195810029644,3,MEDIUM
291.6960996390272,5.448828232450537,69.44612134448718,17.295196191586225,2,HIGH
349.89882939558987,6.295994448764708,38.51703251027127,20.84238858828579,4,HIGH
375.4877207911452,4.265380274241983,52.06462947638049,27.617662435571013,0,HIGH
322.0373507198105,6.517968363600308,76.31388030726733,41.63522933446124,1,HIGH
340.23207892263974,8.903946792467828,41.01899404145244,30.957432736041817,4,HIGH
220.2181202479982,9.599238914456478,51.61892848532402,37.454786752019714,5,HIGH
330.35529057072586,6.252509945269447,79.21045379847183,20.224335848743397,2,HIGH
121.4015636591809,1.3833185857328179,75.55636697687837,18.179345941656763,5,MEDIUM
159.39150484368577,9.72312397540398,36.37277684468167,22.188520728967195,1,HIGH
126.76520552741772,7.352758548066307,70.40879454446267,24.41641238371077,2,HIGH
186.95493417917018,4.023672836982869,40.307812334304764,31.443060564665984,0,MEDIUM
114.23184649545455,2.3244193086735105,47.65899651001449,41.43729961093322,4,MEDIUM
384.64457690177875,2.2907675101264746,62.14478950450451,27.782778503320962,0,HIGH
125.13785120226726,2.5096996552564246,37.65427763087324,30.563945635349103,2,MEDIUM
39.21781524437593,1.4101526945243827,99.55528775429967,15.13840607954762,3,LOW
210.72686642016535,9.119387697876205,41.57586927378008,15.9993618867386,3,HIGH
22.839631378070546,5.866914095446027,84.69188399000231,17.513075997826427,5,MEDIUM
44.21726652343221,7.299634714424535,88.08871915162575,35.96982256437086,4,MEDIUM
87.75575567849852,8.452976583414767,99.6124778927201,29.58574106315752,1,MEDIUM
185.74009995285667,8.123869056998803,60.00572524965879,20.788835955955744,5,HIGH
173.30037292361115,8.943450613559573,91.18661640975381,32.777983160694575,0,HIGH
319.8767448011165,9.705291602724566,97.02776073117957,31.338364554571083,3,HIGH
295.7898615536453,4.9516355326774555,42.1025901426267,17.663979054299872,3,HIGH
170.5273175962805,9.553019200015514,63.560526234167284,34.21238318151438,1,HIGH
133.48168303025196,7.509609535085347,34.20075731992614,38.01464617891531,0,MEDIUM
126.58751362459944,1.6360137127727064,73.45068084169411,23.596632231272906,2,MEDIUM
309.5980349176036,7.136048090911109,70.69843097995965,35.62466585982923,5,HIGH
20.828962488507898,7.180449936443638,44.288839926423805,20.99158551026352,3,MEDIUM
5.12865980424233,9.152745074132744,85.85319312258883,37.70186441135235,4,MEDIUM
318.2177567706592,4.356389192230829,32.60881059344779,42.35322507368161,4,HIGH
190.85855039561972,6.26420350244636,86.435912688929,28.25601371404941,2,HIGH
52.35245542143039,1.1096879591056825,31.865170381470715,22.338662346348535,1,LOW
94.22637383780051,3.988677179632024,75.97801684954452,26.975301065930996,1,MEDIUM
373.001581238953,1.5601935354290284,35.51386597404309,22.502324179671508,5,HIGH
343.8011902499592,5.696856754884073,47.58578635186261,15.037181272991264,3,HIGH
283.91402008958903,8.357028854562579,80.53393445182851,34.51369835413335,5,HIGH
192.89009213493063,2.8579842291616204,49.62833597377707,16.275799258865906,3,HIGH
208.1294504765543,5.746969410020006,65.78216941024144,21.311722206516933,3,HIGH
390.09781411358347,2.8360777285969037,94.067378866408,36.67348668389464,2,HIGH
386.30817755371487,2.086196210616164,33.474404782560484,34.9717504174735,2,HIGH
86.1076183143337,5.598971127409082,86.77558556149714,17.199867361384968,3,MEDIUM
324.44182652212726,1.7123375885475487,34.56903989979427,34.80164223237231,1,HIGH
78.89706646680672,6.286191680241904,38.875639103567366,42.917246687273476,0,MEDIUM
85.41499115358056,1.2820371460905364,38.35233727224476,17.235074070545494,3,LOW
270.4372136658307,1.9604347468153798,99.58715982475083,27.47064683029909,1,HIGH
162.00043943501936,5.949977369386221,42.613042353207334,36.883016703424246,1,HIGH
372.6177628426081,6.322666716090224,92.77332923793878,35.031690095337396,4,HIGH
35.60389395840353,1.2608823708438228,99.36525140625879,21.79531627408495,5,MEDIUM
204.61025632379722,6.160391092014026,56.86493392886086,19.89201832490119,0,HIGH
367.4086121772485,8.546522727912734,74.17339804700798,38.52741012122796,3,HIGH
361.64546419180203,7.500845595645585,84.53638776345288,43.6873396571639,0,HIGH
62.611685366296484,2.1806659352871876,57.48515572853458,38.02750402628487,3,MEDIUM
146.65508003858258,6.332271828072534,41.326989834846515,43.896134465932505,5,HIGH
247.6485600186785,7.050272500667921,60.36339206547928,33.14986272411129,0,HIGH
63.75795390856087,1.335080815770626,84.03213515020613,42.872965820757514,0,LOW
387.20886881829546,8.698129018152603,84.65339339238821,35.7130708363466,1,HIGH
365.89973149106413,9.156406575608472,46.137715451963935,42.2665425060326,0,HIGH
66.78007161378767,8.654070460260328,42.24759479235226,19.847669039087723,0,MEDIUM
48.462184504394166,8.42168321190202,94.43924914702448,39.46695647231847,5,HIGH
34.16339312330612,7.70468678614804,33.07993213908174,20.902374028603575,3,MEDIUM
363.77746561465244,6.700888281537641,81.43169330355607,15.822873058378718,1,HIGH
77.44952391818431,7.107643044894267,33.24949698127278,30.527584021288888,0,MEDIUM
166.51397141774189,8.257557640014848,88.65300356026916,24.54755341685533,1,HIGH
179.5405462608012,6.962486125251742,93.37903693352715,16.305940853640536,1,HIGH
239.60441768542702,3.949542610138639,50.81933869603693,44.40913136184478,2,HIGH
28.694137498969987,4.383649919452186,35.175495046168834,34.99398286469979,3,MEDIUM
90.70344696020638,9.073517215350629,63.64791754432,42.05436519646796,2,HIGH
372.5961547675704,1.154098772174457,50.892412572183375,44.97247757615845,1,HIGH
363.3640429074278,7.289385231198539,59.19952999672653,26.75900210013276,5,HIGH
312.5162589622769,9.59299797182694,76.54898174420762,22.642110862023458,5,HIGH
7.760498247286174,7.356053529621763,44.687822516410186,20.516531780604865,0,LOW
130.80270739844084,9.945207894086039,54.98660986598604,30.455613233740277,3,HIGH
251.1834941371631,7.187904149754977,84.77937432048716,33.182423325064725,4,HIGH
110.07608470939027,1.3092672629517497,75.06333649669752,29.172682080975747,3,MEDIUM
363.8346780215109,8.443088934822313,52.839284380586705,26.617560445370472,2,HIGH
253.55578473297675,3.5616692074538716,76.501112018195,20.04817690377385,3,HIGH
28.76268692657824,5.014515030979968,83.57190460243766,28.25578871431872,0,LOW
363.6022355342812,3.808827243163739,71.47399066669513,17.55729411237195,3,HIGH
383.10666327048904,3.416986955887115,46.7647782750706,40.95143276662776,4,HIGH
31.084967356690196,4.882651333028068,30.017170335839516,16.407079562938783,5,MEDIUM
212.94409394452595,4.408763035966064,86.1994374891797,26.41938185194664,2,MEDIUM
121.34571288566818,6.700047236583305,87.58434887213151,18.004136071289054,2,MEDIUM
157.13563059256094,8.318360808887595,78.83231509760535,38.24941498401235,1,HIGH
71.86048718213675,3.673797878685167,35.36066519573296,24.382109364837806,2,LOW
231.22884080496502,2.9234903753981567,70.96556012556323,18.393168379576643,4,HIGH
383.19174129955627,7.002057437833081,87.4714469890125,30.944738965935414,4,HIGH
201.22904010864363,7.032880592477035,57.276782407571595,42.488310216886205,5,HIGH
33.16583255779246,9.110181153575546,43.860051395417784,42.2593461335761,2,MEDIUM
248.00053339096334,1.1435111780797977,71.13391080690295,22.489531233983698,5,HIGH
136.08919778050281,8.67736595904859,87.84146391106145,36.589790278807,3,HIGH
342.3700758365191,5.689019556535213,33.42089710949459,15.908525785229738,4,HIGH
173.8712593265881,6.59171880254889,71.78658520125151,18.95555389510274,2,HIGH
77.13584357689824,1.822342965052733,75.02216567375393,29.98417110941339,2,LOW
76.44224907645798,4.893534395848411,72.16569275437956,21.862693034650565,3,MEDIUM
307.50567228846415,3.045721665146714,75.5023578965934,38.94785561880414,5,HIGH
106.23503932294396,3.2880252707425814,74.19627153229081,42.93216516157984,2,LOW
306.8933576636892,5.536856032084247,39.12827194862443,15.129999494483467,0,HIGH
82.35492430663976,8.312103553628011,46.44557438642407,21.987474888029393,1,MEDIUM
128.67454748052376,7.694028371303705,73.3295803702307,28.18660038228682,4,HIGH
186.19478897587976,6.318999631773584,31.238521279573956,31.892378650571654,3,HIGH
377.2783398773803,5.854763734781203,74.43211631062711,42.477083327763026,3,HIGH
372.69256990152985,4.845754389110409,76.57706366495225,41.7565047154588,1,HIGH
82.74875016891512,9.754389762052478,46.74223319031609,34.11510298403898,0,MEDIUM
143.28761649722912,6.0417329881081,71.86929808271978,22.721640422516536,1,MEDIUM
59.759755381508924,3.285697584809999,67.38630425066351,38.49863429635084,2,MEDIUM
203.99403172539886,3.070817128360356,48.24840837071797,21.07955313861695,5,HIGH
184.23302027786664,6.502177276976276,62.408180831232826,43.9551697229045,3,HIGH
360.304064980293,5.705447745798359,93.6737170588527,15.17519747201994,5,HIGH
372.00215111642905,1.069280226592415,59.8621946321918,32.09311511723705,5,HIGH
153.42695640291683,8.470588349762014,74.08909238156511,17.65191740764883,5,HIGH
196.69517720759578,7.3371011880919115,32.474557472848595,27.227985905460642,5,HIGH
358.49449965845326,6.956463607102932,35.44600793254692,34.04800620931252,2,HIGH
322.68312309802457,1.6190259192789305,35.691565131232295,35.68795486775749,3,HIGH
1.4625245378597107,4.258502651552423,84.47685345385119,38.56708409021805,5,MEDIUM
128.023825673433,9.418440346595077,54.51798263624168,32.7998310829431,3,HIGH
168.70969677445035,8.763303172072273,45.93281818560693,22.539580538579834,5,HIGH
91.88651347329268,3.569886440825801,82.3127197916206,41.677597288046144,2,MEDIUM
79.8286463583755,2.4135299568922486,41.897204378932216,39.333222390410626,1,LOW
15.113802638271867,5.0417916145171935,47.254476754919644,19.8015695312055,5,MEDIUM
257.3478900279042,4.202473408008948,60.165201028901464,39.79533552623547,4,HIGH
105.00411619326626,7.140037390353919,53.20066483102293,44.17933547731445,4,HIGH
20.938871372525234,9.697913290758876,70.9774547725651,34.11657350423753,1,MEDIUM
92.39172421122545,4.267013049843053,53.648843335239334,23.454156693416813,0,MEDIUM
320.7655811344506,1.560017553870178,57.50661451012243,33.19781493820243,1,HIGH
340.59567265861864,9.078526075081466,90.40206257746402,25.27605207444897,1,HIGH
193.22649807732105,1.3415475721588372,91.91720077396016,35.27839411926919,1,HIGH
166.42826816347446,9.574893074379997,87.93978335693853,31.343998783676202,4,HIGH
391.1414774007127,6.981214852081358,90.53816528932428,42.88471836269254,3,HIGH
80.22586383522795,9.475202875977542,69.8810068537382,33.53725629602408,0,HIGH
86.14371314184339,2.7969371798408043,75.23632503259688,21.41945051181507,0,LOW
116.7468708145599,1.3662981572842687,69.00212165884584,36.75329620025654,0,LOW
69.10292731243493,5.393889804488427,84.99116588370441,24.02634953582646,2,MEDIUM
151.74623928167463,5.055610731131127,68.57003400330109,23.17172858846413,5,HIGH
364.33369079590153,3.9834304592939453,37.77538751855464,26.7532987672351,1,HIGH
246.1391362514297,9.618908269498277,86.67060843198018,15.35990037188027,3,HIGH
164.77861944490547,8.40325358945289,83.24096194742755,44.07421980483841,3,HIGH
373.7643178284859,6.954238192380339,87.42104166978378,30.969933340760946,2,HIGH
19.385692990328927,2.4657246247404494,43.33006243728333,38.20481681618881,4,LOW
84.11047116074455,7.608910673966722,49.01319369004769,22.73556667133635,2,MEDIUM
226.3554420407036,7.543112092297516,50.7026188084471,37.39854394900877,2,HIGH
246.22104927727167,4.825613562544067,65.56563753299716,32.01511506834406,1,MEDIUM
15.823002625045257,9.323073187426123,39.371395891442184,27.72432521338507,4,HIGH
161.21550316285288,2.502800940061094,56.97672272924071,44.12007678589386,5,HIGH
259.6615859323491,3.4060380617049786,42.75107127553207,29.815311424392174,5,HIGH
279.2282185613606,1.569019053255703,48.533389912291554,34.72375745669031,2,HIGH
255.2559610065077,8.159058623598288,79.4471344190899,15.460265744696391,5,HIGH
128.22528974436983,6.5958344748585755,89.83678094220969,24.04365619495945,3,HIGH
37.408049439163804,3.834462751131246,31.60341066180287,41.66074698480199,1,LOW
170.84497856773365,2.4743229723488382,69.61278743485002,37.768771833480564,5,HIGH
51.50177494722219,1.3613299302586634,32.5241833443587,31.102621085269494,4,LOW
379.04946340826683,2.5007101176334294,35.96744715080852,42.00479121339856,3,HIGH
190.06834640905132,5.079561817038924,79.35588242298763,29.586615396226673,0,MEDIUM
126.90366974274703,3.2245927210954552,81.49256745514816,31.99521192563327,1,MEDIUM
306.52162844756003,3.3308395968877003,86.97864712209591,26.46458541592637,3,HIGH
199.17943703290555,8.880187300009428,63.19690582392135,33.60120110168653,2,HIGH
124.01360960498002,5.636239061149905,90.18652374113317,24.570045927626214,2,MEDIUM
324.7870969563207,7.563267758155732,41.6786804149137,26.564765326270717,1,HIGH
346.8608604004488,1.3213985412532878,47.480148954450186,43.98978789621806,4,HIGH
269.2032665154708,4.286470201102258,39.41515033213799,18.339260393987704,2,HIGH
18.785768963066918,5.312524126558976,85.82760824073137,18.15766035738123,3,MEDIUM
226.52915206661282,2.6777516968916624,46.00725828706332,16.29948058365047,0,HIGH
305.31796479891267,2.081723873009848,40.88578699308069,24.601335592808027,4,HIGH
54.601204833432874,8.832734006498583,73.61774813116394,26.946877274037725,1,MEDIUM
91.46830055384135,9.454884643898168,35.39574184524721,17.83546932208639,2,MEDIUM
352.9980420272546,1.7092602824086667,33.143019405412076,31.47392986100489,4,HIGH
8.048688741229615,4.141168412881988,37.47023539867212,32.499045871646075,0,LOW
301.0908551303904,9.624570653300264,30.016861879101732,37.530800808399846,4,HIGH
189.50931700576916,1.748455598192184,78.78931079552547,44.279043498474046,4,MEDIUM
178.70886353584274,6.792772355908536,69.35647252001351,33.58056741877199,1,HIGH
2.83861299795487,9.74999233870305,44.69125763264067,18.349524200428363,0,MEDIUM
327.7592923865971,9.804013017232371,46.31034635843171,17.655727297373485,0,HIGH
143.9299602546266,5.24100997813369,86.76780189290278,38.32640590951114,4,HIGH
216.30625252021716,2.4647419700414255,65.12740811022103,34.5100238560778,2,MEDIUM
270.9202745342638,2.8187588347969497,78.89698499572177,19.857431841196853,4,HIGH
281.0518305751663,9.006412556119551,61.69288158924409,22.600799180506023,3,HIGH
382.3920235304289,9.205147038967624,46.64026182145546,37.50721161877555,2,HIGH
212.53598129464365,6.470916794861993,97.92819604780348,31.984673454169396,1,HIGH
159.88782038977104,7.895587595229202,69.59532943627782,32.55000187507617,0,HIGH
381.48145059668315,7.659381263233674,39.168733263753865,21.300260138637288,5,HIGH
256.84409401020844,6.956394381901963,58.42630295287347,33.87173944973135,2,HIGH
119.26014251062225,8.445492593847451,53.05361883628305,38.11885786221766,1,HIGH
50.58569816142846,7.16865960736289,44.986122801196494,41.55756676391541,4,MEDIUM
337.0218005860725,5.806020751727494,95.34079924681816,37.10151974454148,1,HIGH
144.87264111766063,3.132607263293411,91.66439968218268,32.29126953027048,3,MEDIUM
264.18788854577247,7.694993297067572,43.94029815640815,35.19777921740331,5,HIGH
188.32656774635925,5.26094081054447,54.650352233886174,29.55334387541633,1,HIGH
79.57191191801533,3.653125156067584,83.3620774169575,21.806947293528676,5,MEDIUM
240.67464344818603,8.217516481675979,44.595423369815094,41.46620918315806,5,HIGH
24.273227580272927,7.270422403177255,71.40954038229711,30.97867899502276,2,MEDIUM
165.3369839484769,9.4360560681223,78.98557594873716,32.82954933441705,0,HIGH
218.64597586546842,2.4889747601698997,75.77806279975364,44.70326741259548,2,HIGH
174.41878964743162,6.842703561728438,79.44860481928504,44.55047034817922,2,HIGH
299.4688701003963,3.198155212793584,79.46897123201342,32.58932954999812,0,HIGH
331.169981818125,9.132246867714775,97.53641438942499,16.018717860523985,3,HIGH
308.4972296132712,1.8954947283095411,54.25492226642237,26.8844261413453,2,HIGH
15.525179124720845,6.905456258003895,91.50132970630877,43.118798401526675,0,MEDIUM
77.65150817838888,8.11977149375227,31.526494376057475,23.649197771280278,0,MEDIUM
214.64300370550973,4.194260563282365,50.17420743262983,44.97806055588948,2,HIGH
373.9288161775205,9.587242714454284,33.40590473993921,17.529525805696572,5,HIGH
333.98271002084675,8.656576161274335,75.58427719690881,32.043425430155615,0,HIGH
337.01380334072064,3.6515646971641305,37.05532595121337,30.463480805240827,5,HIGH
121.28327750386995,1.067869834443988,89.19948045564324,22.660587401031,4,MEDIUM
171.77915883148103,3.6699145850625476,75.26141786531818,43.458213919353,2,MEDIUM
188.28237892637497,3.531794234236683,32.0170780737524,33.57513629991931,5,MEDIUM
62.94863333996417,9.00968146750818,80.03441558042361,21.906848503340285,3,HIGH
12.427252097782526,9.704090604292727,90.34244630798727,26.521445935150087,4,MEDIUM
378.76115978420677,1.6339598737323433,76.27847053635045,36.63688280646188,3,HIGH
96.28503426540269,5.241653456799851,32.136695115452255,23.93090138088941,5,MEDIUM
95.97956148945252,5.934987986768162,90.05436839222845,41.388186061835434,2,MEDIUM
33.351621507503815,1.8362049519673298,81.27247390538244,19.970216938728722,1,LOW
371.40310077751144,4.397479382237703,56.491591873878896,22.93515269594546,0,HIGH
231.8948459759088,3.8537417565365555,53.004118082085185,19.346958400983,4,HIGH
266.81474285014156,5.824507188943786,63.58741269852081,18.12536516278495,2,HIGH
364.630754905221,6.950718097587442,90.69712256565097,24.009462703917805,0,HIGH
138.2480675603158,7.331365994469099,47.644154630869025,44.97536239006321,5,HIGH
248.60292445523365,2.230795212520488,37.06746678688408,17.829882397850042,1,MEDIUM
15.519781891554985,8.316529317501592,90.5245461072735,21.39006575541865,3,MEDIUM
74.70901129245173,7.10687826811683,31.840289421650606,23.148503972340063,2,MEDIUM
332.498322035977,9.001674250720477,93.76979155708452,33.57389053416611,2,HIGH
306.7073425353343,5.044024534918907,51.402163601098046,37.36037089223558,5,HIGH
140.25707658285876,9.045007864499723,65.57558911817873,37.558010245621375,1,HIGH
150.72425110968499,8.79196710120468,39.26068673265596,15.259079458164935,3,HIGH
213.4217734214318,4.945683991233427,93.15784785636797,34.55551376398395,2,HIGH
0.09640187405381972,4.430289837636808,82.48853563690832,33.922106381013094,5,MEDIUM
96.49773441521114,9.39530813473231,94.6908910625624,30.529640456696313,0,MEDIUM
83.29272344328578,7.436482610845939,77.82603357827136,26.376256842112774,5,HIGH
100.19317869990539,9.354208117942681,42.92856437196283,38.9233259238369,1,MEDIUM
322.36233701337653,8.172773010062318,51.578690209037454,25.316423863000566,2,HIGH
111.86954261857727,6.483676953622729,64.07940025724314,21.90036816319804,5,HIGH
76.60852882005926,2.042674993033881,72.50807437521448,24.30285523702839,3,MEDIUM
201.7053843172126,3.6233260532118865,94.85216061353916,28.189437513694976,4,HIGH
346.25801454909276,9.719581663885524,56.876602605239725,21.421721640082186,2,HIGH
96.53988153499995,3.87479888842784,79.21504153350021,33.2271373861646,3,MEDIUM
31.414497117119478,1.839293828068337,97.27061942375752,41.526276075356876,1,LOW
142.5618943398659,7.367980203273878,40.66618443908171,32.86380372486225,3,MEDIUM
299.06072982599113,7.606038290893158,90.38967121456838,28.40004922432144,3,HIGH
220.27621787791784,3.569119482584357,59.44942492752391,38.906062986747116,1,MEDIUM
326.71734782973897,3.6790478141167338,81.26952431505357,37.441158686235866,4,HIGH
383.8368590436936,5.220036869579055,50.54768371159586,26.011743645920888,5,HIGH
317.06499070064683,1.1961005478602997,53.37889527862011,33.12460411996086,0,HIGH
241.52123153750136,8.103907093250474,31.899325740764628,36.895285809539736,4,HIGH
197.3366352209522,3.8537990854671302,97.99829072168717,22.36389774058323,0,MEDIUM
16.027634539306668,8.683867918017798,86.94168026615492,25.988216372525695,0,MEDIUM
393.7287915256165,8.223673794400304,36.574257054835435,18.173282116499117,0,HIGH
153.39244903001702,6.952618298069048,99.96561569646421,44.630408349205,2,HIGH
60.891285566746724,3.9238738038935983,72.35172180420591,17.576329512694073,4,MEDIUM
266.6835421585827,5.64684905495053,89.76100465750682,20.058183753707322,3,HIGH
113.71531563818374,5.003463318381631,34.666253429450826,29.394958489924193,2,MEDIUM
234.31130837241903,4.049936976238068,57.261582494434656,40.95815500633618,1,HIGH
234.7071631378365,8.633226603728604,76.8755785612527,25.676460688438784,1,HIGH
178.29192836114765,5.351563671198988,37.45036030897911,38.05788442594037,0,MEDIUM
334.44744621801703,8.494507880174318,64.22319870578005,35.28102219948708,2,HIGH
105.98682462217721,1.9469662672764185,60.98745121808991,34.159922314790364,5,MEDIUM
179.45303664709365,2.269223097403022,45.12281571315058,40.3505175290052,5,MEDIUM
215.0768514363886,9.79588274601679,51.01888850962615,15.425108688858769,2,HIGH
265.44988830691983,6.289916163454807,97.69828481464877,42.874591156811746,1,HIGH
313.5887402022358,5.587927061491441,50.20539402069552,39.87678541008879,3,HIGH
157.92291315130242,5.708404568297005,44.93982937778877,43.13601658955481,4,HIGH
258.4187776386384,2.9374189662957386,67.53464197478334,38.80763651570061,4,HIGH
60.24438122740765,7.468335545517757,76.96706238492085,41.35774222362817,0,MEDIUM
373.05924021699144,1.7630256135677893,80.75651777486954,21.092341445984374,0,HIGH
153.22352256840142,6.159913417927209,82.79730291478413,24.57687200631152,0,MEDIUM
291.80856879057535,6.136919169273113,32.57827440603272,24.456630404121928,1,HIGH
8.136432752871059,9.2276958172016,57.56322802656943,18.275002376341703,1,MEDIUM
82.0748571619228,5.735645290943743,84.17706558481632,36.88737765853772,5,HIGH
194.8330177294312,2.2335642637676156,93.33964712600906,19.085126780612185,4,HIGH
351.3009870929386,6.1547793332334635,72.15400863329484,16.57527498237182,5,HIGH
210.90205998027085,1.8219487992879912,33.661479745677994,38.26340610165192,5,HIGH
371.94819291755164,2.834144517699295,57.76520640985919,42.13989509195788,0,HIGH
193.51875863311852,1.2799772576867452,35.19589811079182,37.923700438954,5,MEDIUM
196.17963869437997,5.619642242135485,82.39765038792092,39.76056638495929,2,HIGH
47.89871540021275,1.7607935376421513,34.445382849716566,32.86865033492314,5,MEDIUM
321.0624976608879,5.224549406781962,43.00117467146241,41.63239013744259,3,HIGH
98.786164986825,9.396505317917297,59.187089677534196,29.901104470735653,1,MEDIUM
359.844995748926,7.477852717173988,62.38538569804104,44.64967855462395,5,HIGH
364.3296881321584,1.6967050680276374,58.45371902205086,18.102451283083468,0,HIGH
377.3240447496599,3.017888309879589,62.43776526242,39.27542120104152,0,HIGH
208.092195641236,7.062961779040908,79.92674064141399,34.241682480338255,1,HIGH
270.8375139134577,9.052316749217653,55.848817606887906,32.41938204663585,4,HIGH
311.4063520246654,1.296267280875584,68.34253214054334,36.77431592583364,4,HIGH
52.40584746018624,8.312060185485347,51.23584802701126,40.208745923965466,4,MEDIUM
240.38287799899888,6.056324923044778,54.75392465633378,40.8865220052153,4,HIGH
13.71916052132467,5.914821927667534,72.96592713294567,20.26142888831955,2,LOW
199.02643335549035,9.620318644780221,64.3346256145914,20.911077892589077,0,HIGH
61.93707264809096,7.728801513370957,80.61254064014967,15.484995285407914,4,HIGH
73.16917038483388,8.651069812505007,69.23770116362249,18.955273733768184,4,HIGH
146.0190266770406,4.1859601259020005,86.25018597687111,22.916474785497737,5,HIGH
172.97486668660122,5.989276367455688,61.03857490963016,36.63107467650849,3,HIGH
249.2689698128749,6.538651096849937,64.3723533906761,29.2730252700753,3,HIGH
29.771367375406264,3.8942554632621857,76.89799442306577,37.73710606752052,0,LOW
201.47670449497787,6.1322331245265955,45.487076108843425,29.59607543459672,5,HIGH
73.05005210124045,3.1298984153174243,57.01506758518826,31.66792358729905,1,LOW
229.59007001269674,2.290381039614156,73.73888708081955,18.331997597807476,4,HIGH
254.9618449044734,4.365732333495994,32.021338848601545,38.29674854028097,2,HIGH
222.68370262114155,7.653606658717933,60.588000354375914,37.74379596598665,3,HIGH
295.31820419132305,9.245684332664988,71.91949554142818,24.226847750418585,4,HIGH
134.24369769636053,5.119426463484093,97.71628723847385,24.85734233401206,1,MEDIUM
306.0426366532524,6.785413194478885,91.39115931323698,21.590443517194064,2,HIGH
173.10683268327747,1.9273341787759044,49.651936705986074,39.41519028108458,3,MEDIUM
193.67379932903873,9.140173826970958,65.50470728202473,37.41020405885341,5,HIGH
259.24085090442856,6.11743792212941,33.94900608620639,33.274432145527584,1,HIGH
7.343353599689584,8.023044228626414,46.8528090372465,22.164663093890923,1,LOW
261.59768856809933,8.149970808292544,84.23991076476631,20.155599978412326,5,HIGH
247.43405962884614,3.308324737312953,38.63198085927412,16.508065535238394,2,HIGH
123.93884670131197,5.762570078636646,48.03833673837696,16.368344453355583,2,HIGH
34.317713959795796,9.644317764048797,96.08297512150655,20.61408419424981,3,MEDIUM
36.374179965216456,1.80671090338745,87.66990603447206,18.01597596969666,2,LOW
369.28949879409146,7.14744908226607,84.72793988542384,31.68323018767329,4,HIGH
275.71172849033485,9.660376702316547,90.51902432115097,25.742703833834312,2,HIGH
50.841045508296155,3.7051939724861995,82.47239806076477,28.34837346504439,5,MEDIUM
142.68926772356255,8.753031292639132,38.44103512827645,32.822015507615696,1,MEDIUM
236.99319756063858,9.402917908674445,66.15929285396619,34.773052360605405,2,HIGH
334.2286820362595,7.723775884553426,61.097074456162545,34.44605159647734,3,HIGH
17.46437148520341,3.0819548107626247,51.780610478926604,22.825697604624974,4,LOW
94.65325258800354,4.006006469439345,88.38282868037238,39.28881060888308,2,MEDIUM
355.89959611815203,1.3222836497595765,62.48974416619636,42.5312900975769,4,HIGH
3.6662200735265937,8.483079108208198,34.22083209502848,24.478150416695858,2,LOW
80.55964111755496,8.646500678599718,49.24759086041878,15.51196249698204,4,MEDIUM
383.60967038918636,6.694392789695734,46.00347406206116,41.97462559945515,2,HIGH
245.36073860886844,4.172750661374662,92.12352193678984,42.70646198860428,2,HIGH
104.66854665500259,1.6912992487592848,75.32066704472999,16.528393212391006,0,LOW
26.796437758339042,7.777518489234185,69.22633861174526,15.148697755776368,1,MEDIUM
11.276536178888863,7.538735742489306,65.46544691750935,39.492143489782265,3,MEDIUM
97.8980318547709,9.21342269565011,75.50791192790258,24.0439006344932,3,HIGH
352.5943278355642,7.57478818904826,82.84128827439874,42.43746501887966,0,HIGH
166.3654617190038,8.458254480196016,68.80692940820569,21.5023071980864,2,HIGH
288.1333476663972,7.7135915611359955,95.67997906068274,40.83463848379761,1,HIGH
367.3140141519831,6.676184694810848,98.37839194552691,17.0593280917511,4,HIGH
163.21618464112663,4.842697547719084,99.67396216261761,22.81910541941921,0,MEDIUM
76.51094841495882,9.1190557777805,76.85737770620513,44.193866374369236,3,HIGH
206.8471723427678,6.858717147167228,95.28343267291149,21.93589962993847,3,HIGH
363.2334748239418,4.585197897693181,58.313578671556826,18.990389522251235,5,HIGH
321.74976565508024,1.751223656637615,90.17146738731697,40.71163957418986,5,HIGH
26.331937345261515,3.6163437031394388,93.64220091177766,18.534023752844373,3,LOW
277.02912003103273,5.893540613471483,93.2898330632593,17.923683257385104,2,HIGH
228.7590089835815,3.4807183301457507,88.1592398035867,24.702754025686072,5,HIGH
362.9852705385702,2.991118131261119,58.461941314887525,34.05985519790879,4,HIGH
48.99256674011889,5.746541626790624,41.1235237386514,36.32239121336087,4,MEDIUM
213.61444528186263,2.5283831130616115,53.376944944111216,41.437163514821876,4,MEDIUM
351.7850774047569,8.203690569925932,83.7101998508665,31.22734577877318,2,HIGH
164.0095146966972,5.359313362083922,46.30198579309827,26.80253360282926,3,HIGH
192.79796709314684,6.164764965663852,63.47904453781807,25.76501285503395,5,HIGH
28.184271066783317,2.3264494083761367,69.57796625892703,40.40708185432422,5,MEDIUM
111.25745617956433,3.9211870206643065,72.27009937065127,36.714459284479965,3,HIGH
129.80265966757892,4.690807149350376,95.50078838651591,42.16287041175418,2,MEDIUM
378.04897949795475,8.273915474648526,76.30451142900223,43.921063671948424,1,HIGH
113.06694421646361,7.931435707775373,85.04091712541116,24.001525082514224,2,HIGH
184.3474941078608,3.0067972730891324,70.73148435241434,30.890223561025184,2,MEDIUM
268.5217694257119,6.54561173446307,88.35062232033744,33.95462422094499,3,HIGH
64.87334896315096,3.191107219947978,48.4564529148834,19.915468403293726,4,MEDIUM
194.5769548567498,9.894224401212208,44.69143701681524,16.600411017749543,3,HIGH
295.41561579036306,9.569114903177836,94.84240341305788,41.03291742345941,5,HIGH
346.7420852108264,6.069382484685584,78.54366134501649,31.065705322661195,1,HIGH
250.5037098649707,7.290123147047287,77.00679039407548,32.12322649080117,0,HIGH
267.62140612677916,8.212873439877805,62.71066670399149,31.647430362838644,5,HIGH
50.51338903382758,7.488985780404135,56.36880815054573,37.648821144980715,0,MEDIUM
378.31059889853884,7.2984582197417875,68.8983836135047,19.365058340461296,2,HIGH
53.02963099379294,9.626986071545753,38.4396444595167,33.421453223145974,0,MEDIUM
309.8691748727193,6.368104956765549,61.82987927581755,29.084385347328904,5,HIGH
105.92652871132753,6.726724046371501,61.87573931258366,41.90874478523173,4,HIGH
373.43725748050065,8.643418753943632,67.68355590609856,30.58862813688976,3,HIGH
287.9838157477918,7.029017810725661,74.42799300570417,43.28804922222497,1,HIGH
301.52548519134757,7.596393598157703,97.01228561897535,25.5975898253972,1,HIGH
87.62366922395333,3.107518175769782,75.65183889642299,44.00684119169972,1,MEDIUM
177.2159906540643,4.341402317035638,91.8607606367388,41.25473844275303,5,HIGH
247.12527783571457,2.325712111407037,68.94127030284147,32.527898692060646,5,HIGH
307.98944728264036,5.551888981013249,73.8849517839243,25.611297999570738,3,HIGH
41.58375036495583,5.101546606122216,34.888586717669874,26.277700723576796,4,MEDIUM
384.94612658181137,9.974465328515112,39.328460601909086,38.18256259374875,1,HIGH
356.0882682218224,6.500877875339882,70.57693046382778,32.418940535071336,0,HIGH
108.13943619823374,8.07800340874981,57.69990089706205,27.047627564079626,4,HIGH
329.1040972129328,4.006132036818888,85.91673639058513,34.08164884236493,4,HIGH
207.32956921592938,8.483907982085169,68.02245124119233,36.99700193702833,5,HIGH
184.72259262480745,6.53576469838915,91.76037272659366,15.687015376753978,5,HIGH
125.77364232456216,7.272930984385946,98.0632174923604,17.695884033525303,4,HIGH
232.38743465263698,3.6498770015450894,40.33446295850395,17.834563212212377,1,MEDIUM
291.9556470814391,5.937745525260194,57.63794261589386,21.958014157900042,4,HIGH
164.3731619851033,6.706332760722478,76.54867176666215,27.809713176819418,5,HIGH
251.68767720331684,6.301852082349229,51.38421287802448,39.10949697877663,1,HIGH
279.7251684621215,9.236743402821098,48.69226364050466,25.53297104998672,0,HIGH
284.44872680611434,9.084453980432981,86.96169924401858,15.524333651418143,5,HIGH
20.7864392524721,9.738856520891835,98.626492834112,29.500855588551868,0,MEDIUM
343.89912227402675,7.006852054062905,84.1662331873237,44.89885786273866,0,HIGH
183.30132590601917,9.747227171131161,66.65736359628795,25.470629869647574,5,HIGH
104.96643267848577,8.492302000287179,60.97578623617203,43.83763556301945,5,HIGH
96.70580299187263,3.4374892630596334,67.77534043712555,18.04035393409268,0,LOW
193.20564513758018,4.846921025961674,62.39877915314151,20.192989737159145,4,HIGH
354.73261578758365,3.1455319797010883,65.20216397499676,36.72366210437125,4,HIGH
151.33903267305877,1.037774447475087,44.24171353704594,30.036373469121187,1,MEDIUM
299.89029871341734,2.6924387783221775,93.26193645165293,37.95365410397658,0,HIGH
38.72749239488744,1.036545276581881,82.81745010662877,40.9067503508667,2,LOW
190.42268086042472,7.47854615215441,77.66841958852541,22.53254628183104,0,HIGH
396.67445615709426,4.829808679490796,96.49474796821312,35.48487511319226,3,HIGH
308.1751211169348,3.8131725437007242,49.90760323389866,33.22803709901268,2,HIGH
84.2113953762452,7.855488019856692,35.681158762553,40.846050875763936,3,HIGH
200.57658947916428,8.492380971576805,87.82970622487322,27.90311701829648,2,HIGH
93.44990545942662,9.77769584784892,99.88918745544784,16.5561129213198,5,HIGH
163.8243709050037,6.77812226207717,70.49027066141396,32.22558381817536,1,MEDIUM
312.0336094939859,5.153760626860466,34.11665715388773,43.76634957355373,4,HIGH
308.4899261161615,3.7473787144669233,84.63276281084589,15.438935385156702,1,HIGH
91.24015116095406,3.0008638829280367,35.16243341920891,22.207739652673638,2,MEDIUM
368.88932726194406,2.916333554343411,67.80097903814968,24.4820336989236,0,HIGH
237.02727310593073,4.682704372478189,49.4272731947369,37.97516663672927,1,HIGH
151.96971638480582,9.926077197591368,94.05187464146768,24.698307674044855,2,HIGH
200.77423231234425,1.0076832769366293,61.59318492816395,22.17251589588942,0,MEDIUM
242.02850137509748,2.7748530750790072,92.89243439349873,34.45674043401124,4,HIGH
223.95621273831415,2.6955368416321646,50.93567596781973,16.39215866882999,2,HIGH
194.56201421447128,7.454075369790631,57.115380867494586,20.117905798762408,3,HIGH
201.97312163576004,4.172362548382557,96.29834317729564,27.240906860083314,3,HIGH
70.56476417115447,5.115347241326385,44.09201156521448,25.667998870200933,3,MEDIUM
325.09316172187175,2.3376171742291447,70.49508061558015,25.414974575500896,0,HIGH
216.70412797640614,4.644973349892529,57.195722999207796,18.25665039358985,0,MEDIUM
52.431944681881234,1.9287983071525243,84.19168195481092,25.825200583493896,1,LOW
306.46284063311117,5.797389590997248,39.05074598199502,38.93978315974208,0,HIGH
372.9775913509403,1.8814452884457036,60.6050478303268,27.41532605392186,2,HIGH
378.9227596947848,8.114575430558407,78.92528387916842,32.585135544470546,3,HIGH
147.6070929644691,6.0994154578644055,58.491136450431185,19.907382279519524,4,HIGH
54.20674942430161,7.515710863961652,34.09722174927637,17.091340904057283,5,MEDIUM
207.35985065322606,4.766647479874155,79.35785829347407,41.39868125794682,3,HIGH
45.04369173968827,4.433421639180046,65.22388293794882,24.941177884378764,2,MEDIUM
373.5949674050469,1.8838800014397723,30.791608067607037,25.510116992043983,5,HIGH
73.43185094205839,5.7147004633854035,72.88591266598611,41.33063548436576,4,MEDIUM
101.10634398046562,5.630519483713828,94.39167157701505,36.23314046726232,1,MEDIUM
162.65461075398818,5.212918400046448,37.77181637481823,37.68788132962838,0,MEDIUM
153.26578742365032,7.664665282142043,71.34698645064182,35.46010452502988,2,HIGH
317.8651569591556,8.49253960029119,81.00682172338412,18.173767343746093,5,HIGH
182.52672822038494,7.757107074536573,34.95415690982138,43.73987463168683,0,MEDIUM
68.30730400133476,2.2947916852615946,31.583082071493042,42.27408861383783,1,LOW
106.88395819442964,6.598535583538973,62.49371066514631,22.086603804943632,4,MEDIUM
203.6453540750088,1.7229079512058005,85.38306810640546,39.11982573431524,5,HIGH
58.981566970453954,7.2516005869642886,41.25035870695298,27.281892944919598,2,MEDIUM
244.66227025840564,4.43655186905014,88.5646090550446,35.51300903593449,4,HIGH
226.29892262045837,2.1924906063965794,75.96040787965173,19.96808999439702,5,HIGH
285.8809265529031,8.75845771278515,53.252130145193995,31.156627519692623,5,HIGH
375.0818461517471,6.526075051350436,66.10780589447145,18.79848898679718,2,HIGH
364.9018244404623,4.1925247115277475,97.59024858087169,31.08501496074348,1,HIGH
378.43024722753256,1.2765446168544958,45.15058794426372,22.307818681716384,1,HIGH
97.88623880948037,5.835792331032494,64.96747784208281,28.57399586306444,1,MEDIUM
52.626122655741845,9.309032906376093,73.71405892753344,35.039081015232924,0,MEDIUM
120.9106801985794,6.367418494321291,39.66102238329664,41.31223744981857,3,MEDIUM
358.03406910652586,9.744855441575439,33.04654620363168,19.958670092558343,4,HIGH
388.8213898493953,2.2280600644341266,30.94219670520299,41.79807346253095,2,HIGH
343.7299804281904,6.114745941353531,52.72849996200114,26.701129437818704,4,HIGH
44.00708845101744,8.183125432057865,35.17631061394057,40.31389705817642,3,MEDIUM
378.97119922391727,5.7298665801314455,86.26389667787802,30.37643755253289,0,HIGH
169.3432109403144,1.8195972038872532,99.81236690132222,40.866257152888195,0,MEDIUM
3.7241163049414716,6.245974013924959,34.29126752141248,34.88472202560599,3,MEDIUM
176.95749629927744,6.505641152582245,60.290839315340776,30.26148421850305,5,HIGH
18.427667870187037,7.558383236278173,31.801248608780234,24.376158990009863,2,LOW
217.55116846444702,7.8509036364892655,39.379362353008425,44.067272628559664,3,HIGH
135.42161097482054,7.936954193895465,52.60457926374718,39.02692972999253,0,MEDIUM
189.3739734376195,6.970999542750694,57.558874914035485,26.435615555167843,5,HIGH
245.2681442972468,2.9423006777679235,95.7848062500048,20.00170779177138,0,HIGH
347.5204383271281,4.638121802555315,57.70857661298271,38.38606255779881,5,HIGH
264.76063058877145,7.985169753529588,64.73943613401815,44.698328634327595,4,HIGH
173.61954739127228,9.580842850607318,47.19083577917065,23.36924861377416,2,HIGH
327.771141468146,1.710522683529598,30.008759712960284,42.475892170049875,2,HIGH
362.2328550292529,5.819830100174753,92.95341197131947,18.761121167637604,0,HIGH
47.903986572878885,3.812700441918758,35.720032992541334,43.56618762755562,3,LOW
212.7731910211166,3.028545048851468,97.49741887253603,37.3601673732919,0,MEDIUM
113.80478389697765,5.552296151677435,39.15908728701822,25.397886877911105,4,MEDIUM
18.824479150778963,6.4548040650088305,72.34149365253081,24.138954668887017,3,MEDIUM
267.41867804559416,1.0879500827753312,99.95874114996458,34.30306061818054,0,HIGH
345.1083109836902,8.02185914981072,39.69252172487731,32.805214207761,5,HIGH
65.16106179095762,8.378939181335028,59.6760159457877,42.56810104481059,5,HIGH
324.9654630495602,9.689597421111397,84.62965682800336,37.98729402627643,2,HIGH
341.35829341477665,2.6257935990222547,32.25331048949778,31.210946177217807,4,HIGH
365.7361770665934,6.350973061248532,78.28479257980311,42.82697525518964,0,HIGH
106.11403563442097,4.83962836128755,35.62613365235596,32.781918939996565,0,LOW
361.5812260759557,4.013450663998156,46.556409959125844,40.49054506982032,5,HIGH
128.2651018945729,6.0907010629375415,41.205331374535234,40.22827956293569,5,HIGH
220.93520538220113,8.041447839011951,93.51355021528553,42.57584576848609,5,HIGH
20.202988332912852,1.207475051006891,42.63197017471766,17.028060938373137,5,LOW
17.552435347497443,9.72460101309568,32.830386686061004,32.514590038403334,1,MEDIUM
288.14928509288114,8.288934271351398,71.13379749134336,29.051777735131473,3,HIGH
177.7919911911164,7.760383332810206,54.23266477867914,29.716271503940174,1,HIGH
102.51695014768703,7.843486439624532,58.399435444895644,28.797318108606085,2,MEDIUM
76.16539840996408,4.501546386567873,38.334392140378284,40.12400068267023,3,MEDIUM
267.9813963436872,7.764584957603324,82.37641440032363,24.552986922508165,4,HIGH
0.1606176101359491,4.4809318774266185,72.10875547504625,28.88253244889335,3,LOW
322.3564676787417,9.088361466173138,55.4951931323796,21.020476287032572,5,HIGH
31.699842451971527,2.595001449758227,42.010246063419515,22.55149847774204,0,LOW
76.59584596324778,3.631126817936363,71.54162174193922,34.81260250031625,0,LOW
154.49455811963583,5.962037884291685,84.50180956551641,18.50807814751986,0,MEDIUM
193.94349588644144,3.8728993229854525,51.86780987070364,20.63465432984032,3,MEDIUM
141.99804632557672,4.818135207657461,31.8102268477018,30.841036787139423,0,MEDIUM
128.28486599371755,5.431804204587352,45.00407893270888,16.313190838890407,0,MEDIUM
385.56640482927537,8.707180139321578,77.76784732249806,18.807809982611747,5,HIGH
256.6318724973577,5.7087302824782356,99.23674642198459,40.90058816900246,1,HIGH
9.373182146955283,4.262138637531044,30.936336758614356,40.38440297384987,0,LOW
172.07036337772527,3.229625476316042,51.43074934924705,25.433283151409466,1,MEDIUM
350.0034798975881,4.678083809129775,34.34146093141872,25.439739459335534,2,HIGH
120.58247456426719,5.641624939729329,52.14445014341226,43.095463477920106,3,HIGH
37.8225379097553,7.7150337148291275,58.414004018919485,15.775234172160697,1,MEDIUM
303.3539086359671,2.0894389855510482,94.46034643623786,32.40886539255813,5,HIGH
242.40553277443252,2.994482694152358,35.639255958348514,32.92171737122182,3,HIGH
228.12500313060156,4.416886142818059,84.3993837146039,38.63661201544984,3,HIGH
21.430623842963172,4.243585646075632,57.687407724407436,43.55251547467802,4,MEDIUM
56.19960391820693,4.525732788446906,86.78839947668494,25.674827611300316,1,MEDIUM
249.01975848524552,8.141691381762922,65.93815297279349,28.135004203680037,0,HIGH
83.12953658353433,3.917389626659558,32.74974271903871,35.138954415605326,5,MEDIUM
201.62803189936972,5.517083623623982,96.23441193003872,44.0181486703253,5,HIGH
217.95267441175739,6.615163295721069,35.79138444041653,41.72377061210123,4,HIGH
113.40287610837576,3.089606951652446,71.83784517736294,35.01159009810134,1,MEDIUM
379.37006221659715,7.46825848432785,91.4367434053461,40.70170715013066,5,HIGH
336.98564273423005,5.924001877644529,35.583885842513574,17.55613292674309,1,HIGH
288.9494030531194,5.021030467282403,68.7725371891209,26.31380828555558,2,HIGH
31.197546563763634,8.288056240644824,87.70029128671166,15.392774870965415,0,MEDIUM
42.45200772360778,3.191457332666638,99.04272960520571,20.32416714782851,2,MEDIUM
197.11253834598227,8.948583735528908,80.70291805698149,33.91477713607206,3,HIGH
64.28533967639427,6.049438618300334,49.48340628243055,41.56684871201,0,LOW
391.3061854117896,6.482573914416924,78.96992308917866,33.98340929975386,2,HIGH
63.408093610963775,8.875530677520485,79.40367385153476,34.924143210257,2,HIGH
194.98713418558958,8.358244190644024,78.99762084732322,18.114648157686055,0,HIGH
145.64842273660216,6.414058619397103,89.7982305965174,34.9458147274014,1,MEDIUM
255.75456858163918,7.778689334633567,36.116604376364364,28.63040152107573,3,HIGH
51.61456355576996,4.899875412096072,37.589389179080335,34.543206947454706,4,MEDIUM
172.12657121695636,5.926399781497716,74.84319869578906,24.78519328589482,5,HIGH
109.88201312285746,1.5586312303766001,96.77167672687315,32.4445782498951,4,MEDIUM
355.10060986867524,1.8087212620004216,62.60870472434721,27.72207890492968,4,HIGH
16.234284853878034,8.464828637676987,97.23938911379726,31.759111663051826,3,MEDIUM
365.4909976025837,1.5370449011424698,95.66596816613078,19.412685549894,0,HIGH
333.1976554212002,2.5245921306934656,93.20368167640237,26.874745608518552,0,HIGH
119.02828657632618,8.162493930553975,93.68956824048597,26.228359717705622,0,HIGH
315.7162618708419,1.0103135556543066,92.88231553295901,37.091835619584245,4,HIGH
12.485424135499024,3.541638959612779,87.39225684774274,36.192285419041966,1,LOW
386.74622011735744,6.256347920439596,78.64852710237312,42.26576054193999,2,HIGH
210.63797703591572,6.359049383223669,31.70857250148258,33.96166776849593,4,HIGH
121.3124104261781,7.994376174065263,39.25775145092368,24.4364138938042,3,MEDIUM
145.03328503787083,5.553336290429534,39.3962438172027,38.49673989705994,0,MEDIUM
26.562141384198945,5.584616825778733,31.647819899571292,29.90992930600879,2,MEDIUM
395.73980561681566,7.527795179866304,38.16912378965456,20.804796318872356,0,HIGH
15.716778060276981,5.487620169396552,94.38225034969744,37.422344049813795,0,LOW
261.96284925914364,6.476419779072551,76.46630008375502,18.97594187157687,0,HIGH
177.09437108258334,9.07996661429546,51.845111280679575,20.344599937383876,5,HIGH
379.56648727548605,4.6130590685113475,85.5352008565676,37.76267785305442,1,HIGH
98.39989612271806,4.466125638273,64.18586408683956,38.10434082213864,2,MEDIUM
212.83472957520453,1.0319409267829418,39.94889258411136,38.723438064126455,4,HIGH
192.9424834331012,6.520836353691087,91.91514568585448,23.79975373251347,1,HIGH
281.14657762004055,1.2679471666641877,53.70633623655307,40.997623721145565,5,HIGH
27.204092780968203,5.537336407554847,78.92014613709259,36.68004407886218,3,MEDIUM
77.51565200934193,8.23810410129004,50.34159123497252,40.01902228654022,5,HIGH
85.82592803713993,5.949289634676968,65.004987547166,36.2581645424067,3,MEDIUM
295.2603019366759,3.426725486950084,87.13768980712908,32.38789376239022,5,HIGH
75.65547853069603,8.075515793044342,40.97441424970574,18.28184314722058,4,HIGH
229.39670555639066,3.4274530367428495,98.40759766674948,36.32808635855848,2,HIGH
86.09752820038148,7.597286028513088,34.91511460025083,35.713823263745525,4,MEDIUM
344.64998003359136,6.492326096712081,67.38062368183529,24.374733998605812,1,HIGH
376.8741817958554,2.5299666707320108,94.12178635463636,37.07459307139278,2,HIGH
207.3971899768962,9.146204873597672,96.19857194177678,31.513636602939826,3,HIGH
140.92355368367132,2.805793146614761,46.247627401584325,31.78218715630245,2,MEDIUM
93.62311000699965,9.906283667266027,40.07894868503661,26.028140363571378,2,HIGH
19.912400609217507,1.065794397894467,80.70821002225236,18.503551240204096,2,LOW
107.40003047899816,3.3713503942861274,32.9381497793366,21.507853735979673,4,MEDIUM
261.69431197812713,2.7987426754677895,63.966727832122,38.064949600081746,0,MEDIUM
213.44677252368433,1.1259406915341637,85.74486587552273,23.143246514906817,1,MEDIUM
377.61651131237096,7.59131110132584,69.21783071617837,15.067591630068346,2,HIGH
158.51090499668024,7.240832218896366,43.16092860418035,44.9105226339465,2,HIGH
277.54533693135784,8.131158679194375,64.09310096289742,21.320467015511127,4,HIGH
195.72909899004856,3.3102869181810872,94.4892301514225,34.66149446611182,1,MEDIUM
205.03048636968467,4.999016503746729,73.20490846309937,42.80766013724981,1,MEDIUM
107.10972584164699,6.932021694593927,80.50434392983138,32.99138203901811,3,HIGH
181.98031073679988,4.957916534993292,53.53847157637604,38.970918452533724,1,HIGH
188.31399880508292,7.2759319328612415,43.19386426173324,44.29115136446445,1,HIGH
282.65700869957357,6.70576067596398,47.89495609297225,40.810902777893574,2,HIGH
376.25599967444555,2.0318302271995883,67.32243156322065,31.737122660350852,0,HIGH
131.72851099300172,8.029388089692713,49.61541075274926,25.911087914462286,2,HIGH
16.880187432519378,7.486087231832665,67.93753511982707,29.473933474918788,5,MEDIUM
198.51805020025589,6.902509488556648,79.54543491633238,40.25478504571633,4,HIGH
217.78453285966742,2.395842456439021,81.40771133192109,40.60063830451921,1,MEDIUM
67.3762204527661,3.411968039158273,41.52794577627654,40.37564767075091,0,LOW
304.1858425104267,4.538593284288404,82.53015941837042,32.91673208250033,2,HIGH
393.97164337659666,3.5193665949079906,77.08816977146513,29.30867753272839,5,HIGH
378.30988680338436,3.050292616085183,30.840359335809467,24.340141682869856,3,HIGH
78.84241552946088,8.248219031455982,34.12105225628256,15.100825655457879,4,HIGH
350.1452959603043,6.744090217241821,75.23746513022662,37.93455812582867,5,HIGH
281.7974545646739,6.089249183952253,56.859272969459674,23.30994840042164,4,HIGH
181.53862552276462,3.033574397679285,40.227279970296614,24.890336861560122,5,HIGH
216.2443977298916,9.262689060417772,33.107759141874325,40.304436745411316,4,HIGH
339.8400699929832,2.7206473518758463,41.15788384707016,16.56753471367862,2,HIGH
192.05397585534928,8.154558395422093,97.02597750251316,42.82860994372316,0,HIGH
149.28294764205074,9.700054000347638,80.92959490996788,15.040857673155193,0,HIGH
197.29899721039433,7.543834563018125,66.93937946540058,43.175073444762184,1,HIGH
231.65192161401964,9.935728976661668,95.90783500382142,28.64275473250249,0,HIGH
75.63106151133954,6.85946005280152,73.33773063771227,18.063678754554587,3,MEDIUM
360.3630921067963,2.957143092435055,80.7951631796467,35.22484101723562,5,HIGH
269.67477953184556,2.834375443448602,49.78562729541105,41.87569277163665,4,HIGH
253.30756693499558,3.9210785582992873,71.2287290512437,28.142184505428602,2,HIGH
39.79849047225525,1.0641701819890546,40.04340710084882,35.74073712091999,4,LOW
241.66957526903673,7.135286230745511,58.31382016384428,44.38088160567882,4,HIGH
48.38426489539693,3.418010061650448,32.32682274906271,22.22102471139015,3,LOW
31.479070078159623,8.336649090634776,45.163966130787635,39.61348370768064,5,HIGH
210.92435825695733,4.232553855033702,35.24080405958723,23.857113280415298,4,HIGH
161.114213618598,5.319608441169814,57.144517365506196,27.7901279997048,4,HIGH
235.5241080624893,9.691200249043323,89.01246152469432,23.452976054917826,3,HIGH
35.68886722289544,3.179549107425494,56.455387444153715,28.380352453023672,3,LOW
172.39322513890335,7.491286876867656,88.21477381962504,15.152670972848476,0,HIGH
69.9146860180632,7.796060103748754,75.95488188052212,24.103165419908144,5,HIGH
394.8400343696466,2.9889834177127166,65.66706126415795,28.35882191813087,4,HIGH
224.46008497406976,5.50897152950976,46.58241852829313,33.96720551118288,5,HIGH
274.9747443763469,4.151817327816715,94.55092649909066,34.12084173527727,1,HIGH
130.16731227304314,7.947156190600802,33.79405661894233,32.513568554114784,1,HIGH
37.89556591173766,6.602349871261337,78.22391123891707,23.790954887768905,1,MEDIUM
390.34834511341467,5.283847493744924,73.48679249665582,43.422129478072364,5,HIGH
114.50361415327328,8.014269385429465,60.87290655795688,26.75909471223298,3,HIGH
169.52327406942968,3.1164001300757533,46.82246687048237,21.506818237171736,4,HIGH
259.94556868103,7.782596925259232,60.14871557916868,31.63538819003962,0,HIGH
9.878919074444514,8.788368808835418,91.09409078873945,37.46786009642741,4,MEDIUM
324.1036522069148,8.907594371268152,88.57362771784679,15.367007184667987,1,HIGH
214.6312760114481,8.053062337176435,95.89668749839204,23.290320221866423,5,HIGH
111.28687482752886,4.672127502984418,51.545524463767364,39.749335578000895,2,MEDIUM
24.6431941169877,9.836272204460442,57.097291085821105,30.210632801567947,5,HIGH
64.99936618977658,4.416342794401959,31.31083068619043,27.254649137397422,1,MEDIUM
358.01354354137476,6.747628591921831,96.00649963040057,42.92703838746935,5,HIGH
274.40968957435643,2.449667602625218,53.05730642720882,17.68605291368516,5,HIGH
99.96068865475594,9.824040087727534,58.29146750730953,33.467106023335475,5,HIGH
26.24030597801181,7.335873296781969,93.54632280131761,25.26566148731331,3,MEDIUM
276.24612495465453,7.780397907217315,66.86189011167693,17.124701948787774,4,HIGH
228.96309038710604,1.5919903307003014,69.63221792288346,21.412335258324603,3,HIGH
161.807809783294,7.870760327986046,42.336298670564176,33.837996390518526,5,HIGH
145.44457967602554,7.972510862985412,64.90620145730581,15.848308015636723,0,MEDIUM
86.72571037164332,7.0459545372600685,94.2746020636142,32.76746446168053,4,HIGH
267.84450261500706,3.6271865241130925,69.11026616755481,43.70551263651913,4,HIGH
388.2672111175482,5.407210379447934,47.85814552478307,38.85288187110808,4,HIGH
70.28609833473034,1.9939093417784481,32.1826604894334,25.36791238001537,2,LOW
238.84664800620135,5.244283598132373,53.54112414178476,19.146229390848248,4,HIGH
169.67402229839047,3.1944146734036436,70.08136398451205,28.951933017389358,2,MEDIUM
178.67548869786594,4.141872878446739,32.98293018595811,26.788513085352164,4,MEDIUM
101.65891205112575,2.4634036756332875,72.68548041038093,44.15198880071556,5,MEDIUM
330.0539502645676,3.070489309722073,66.6389678982679,44.696041635252655,1,HIGH
194.10224165889645,1.689117776381046,84.84048284165996,27.317539689713733,0,MEDIUM
217.36234087930563,9.279112297932292,32.02217205903733,19.463519505898105,4,HIGH
121.9043651189303,5.7736961917786305,84.65931413731161,42.31828648928716,3,HIGH
72.7233862667799,4.570677741364657,66.46139320306747,38.806268270009795,1,MEDIUM
34.36415528112819,5.815262914919055,55.9370532945798,30.338226199670927,3,MEDIUM
285.64765636996634,6.654639056333974,97.57680834511768,25.96063929045424,3,HIGH
78.49371267514225,9.296909140324141,41.20836830652371,28.44497482799182,2,HIGH
276.0301416755191,2.60823657057682,67.89275833637745,42.05643525915331,0,HIGH
156.15057841878155,3.659972487716958,52.46870315147349,20.539303432906152,3,MEDIUM
166.3099203958606,9.782104027097033,66.9240465156735,39.203505633704125,1,HIGH
187.6709984371087,4.34073687983672,68.65928168062885,15.54571898481466,0,MEDIUM
147.08340325101727,1.2030548568159487,36.2613773897392,42.61715979426255,1,MEDIUM
40.24799088903603,2.3287914337344295,76.27946028428448,30.008918389386174,3,LOW
123.85272400113831,1.2370483157369683,74.41370471433083,21.802434790235168,0,MEDIUM
265.4937442775754,9.909308281786556,83.86270922441247,15.085695084515473,4,HIGH
266.31376058754836,3.5098376409210075,36.34609455614197,31.786394062343227,3,HIGH
114.48972289599774,9.311884812426033,50.80809828325815,22.334636116795146,3,HIGH
184.0410506230752,9.962976481837442,75.5077419809671,33.9379300803253,5,HIGH
77.37889120477499,6.398570990288028,39.571157814092594,23.435078443561416,5,MEDIUM
84.14883261193431,1.298766835590056,77.43187475519096,17.640720875706805,2,MEDIUM
9.218835362642963,1.7343246734823428,34.13186975742961,30.15154889530678,1,LOW
358.6986199630978,5.3343014959709,53.44520870717394,31.93457208864433,4,HIGH
84.28266602996248,4.655548116203374,89.26977856327633,28.577700766186524,0,MEDIUM
91.01355077458533,6.455595752035909,84.20039032668122,28.741066629893442,3,MEDIUM
111.84057305805273,4.949630287402275,75.13325006589615,32.68950383700046,3,HIGH
50.9632286781716,9.40669164344336,90.93208916375708,30.790605282304604,4,HIGH
255.70515327254512,5.812657438721599,79.64886809205403,18.977026165879746,3,HIGH
30.05718127103463,7.24353455316198,66.3562573647562,20.91256939455097,1,MEDIUM
53.68097053054011,9.06836745378247,98.58022502700507,19.253731242871503,0,MEDIUM
257.90269063603716,2.3218468824988663,78.63992558525237,35.79886746659238,4,HIGH
135.8642481925771,3.0676118870667572,72.09570237691022,30.85795236500898,4,MEDIUM
283.1791306804756,1.9658679442661355,58.62093926674953,27.89565370592785,5,HIGH
222.96989786805682,2.2567455930692106,93.16887490053352,38.950169858185475,2,MEDIUM
102.40846922460523,5.6132557024080985,50.6996366923495,24.773839792824155,0,MEDIUM
260.33118019573124,3.8906133307071764,30.645371594763187,32.04319989272883,4,HIGH
46.509472117152264,4.808555555740794,43.771836570265194,17.232228044705952,3,MEDIUM
214.56415323201216,9.842408486146557,37.66622443596514,37.33212251475336,5,HIGH
174.85924201801387,2.410339130163533,52.32956419211504,35.85577334446769,0,MEDIUM
107.1494331269763,5.86730863718268,87.81150742209185,39.07138887890646,1,MEDIUM
241.60199909580004,1.8898403954828586,75.60707797555052,41.53427874049661,4,HIGH
348.533436936113,3.8664668193749074,41.82864124635988,37.74084801886256,1,HIGH
399.5618799052307,5.747733313071388,85.2175204764637,40.334696703818814,4,HIGH
243.1051074973698,9.51968571368804,65.29539062695818,25.369637968851737,3,HIGH
161.88234973166806,4.521053991551347,65.89002368828079,25.30012086044819,2,MEDIUM
90.08284008648064,1.5841602659320284,55.34785266866113,43.329024596994486,3,LOW
102.8384357580447,4.4934530316428525,90.52314553754164,42.43723608978614,1,MEDIUM
191.78199125990628,2.3116705828657995,52.28291126990548,31.454920233156678,0,MEDIUM
146.9110805122837,3.0699065196230078,36.589783246878206,25.996763558179374,5,HIGH
365.5258090499777,6.562815608484914,51.19102957803615,40.98004590776401,1,HIGH
147.3181870622838,1.6068147958331351,80.074748238752,24.702333972820988,2,MEDIUM
149.3778364581742,5.182513806250336,76.03073207623302,19.60905248683333,4,HIGH
153.41380497359077,6.48515427409688,43.161200748750446,34.1847802501644,5,HIGH
334.64808414706323,4.796725531307472,37.824900937345944,16.278654291989007,4,HIGH
260.31532833876076,1.1721371556135733,76.26060308812225,26.37305718499464,1,HIGH
245.66754012755706,9.869674212125789,77.34637849584385,39.22991447083866,0,HIGH
133.65720895354488,4.304041906064818,55.630474604739945,23.856485870785043,4,HIGH
327.1616707329758,8.007194682399403,88.99609684703557,42.939464372206004,4,HIGH
15.345544542280454,3.930818429687079,98.47436426599418,43.67473999849912,5,MEDIUM
348.3188689352453,5.27515081294077,44.39516564145768,39.47448902295356,2,HIGH
205.09995991757185,4.496172783498968,70.39481009942199,44.62929956976188,5,HIGH
159.30009394536512,4.08285306558647,30.374243030275743,30.92292334534313,2,MEDIUM
198.86691228707429,1.1966623948700086,79.91380772184012,32.07598656416914,0,MEDIUM
266.9662122135324,4.240188440690531,58.99974794943225,40.085004458114355,4,HIGH
5.106170607158944,9.00540991359577,43.528845883221535,29.784157673642714,3,MEDIUM
348.6207425832991,7.2135400473431535,82.65553452350633,27.201600204992086,1,HIGH
178.69581012455714,2.3088057318589588,86.74541582892564,33.442607735236166,5,HIGH
137.18660788003126,6.320395041604653,37.78165508231561,34.72978532546646,4,MEDIUM
55.29822625362284,9.030077739539843,32.86970332866238,37.52687465088499,1,MEDIUM
175.78614974337685,7.300306368683699,53.38549091683821,35.046020917802565,5,HIGH
198.52910851375154,2.3381595312102705,73.8193326032725,37.37165385789986,4,HIGH
161.45867779739112,8.81049247061047,85.53936690320432,35.23679012666257,2,HIGH
271.46403753075884,3.7138961195997884,68.22437476413204,29.413357155005365,0,HIGH
168.3586115036904,5.0866852988110764,70.65241434148865,19.04803753009411,3,HIGH
384.5670311386293,5.735284837202317,85.99007552270237,38.56329686805775,5,HIGH
239.71100712943672,8.654559439403757,67.01903619531316,15.923374541630492,2,HIGH
322.99117426076356,9.384467456328949,72.78081431584104,44.77500275284019,0,HIGH
43.742361243791535,9.366875900115005,66.13521379835915,39.8537546981904,2,MEDIUM
158.91651717836228,1.0715876315068658,91.63207633573927,35.12731823943915,5,MEDIUM
134.7390805788611,9.296996370269115,46.48616330095622,43.998203155633604,1,HIGH
227.79295525463672,1.489482694014151,48.47955091783565,33.37410844368628,4,HIGH
344.44540802457027,3.3919629113569183,38.9573023121278,16.692986422330442,2,HIGH
31.335287104802667,5.6348906925504965,87.36267260460951,31.781465220435603,5,MEDIUM
29.029919217884313,5.319331201039546,58.824410339365016,23.316125569708284,0,LOW
340.12708326303954,6.442388144986528,54.35257586168707,26.084325839533104,4,HIGH
85.14003441534297,5.315016058633052,98.69441019610093,28.787554675500868,5,HIGH
267.5013017799255,9.409381116763788,94.87623565078498,38.238022391663506,1,HIGH
217.15125294432207,3.164939633931283,98.0391377487333,30.087876431128684,1,MEDIUM
333.1574379548918,3.4662222463463728,39.9609297731085,29.240408724752363,3,HIGH
50.03556393456141,9.286641421237505,92.38762692037164,24.059164132255383,4,MEDIUM
51.91318628904451,1.690655623707306,53.009671957121604,31.19616725558109,1,LOW
222.72734411132302,6.486047397143289,30.885973914830377,22.451725633059468,2,HIGH
378.55146134334836,7.135623568590497,57.39088351881481,22.829814462246837,1,HIGH
165.9991033483017,5.549875510867655,65.64374471966417,37.71776325433561,1,HIGH
130.77684010187798,7.248086909408235,37.57542964971837,25.2764179352727,1,MEDIUM
242.67572927915433,2.554791814107703,67.63743318119793,16.541990188173354,3,HIGH
372.1794402180124,8.673690094943858,87.36245089237121,25.310318576849426,5,HIGH
334.77113313784946,2.2602312052289704,56.435566558743574,34.15716623599857,0,HIGH
398.19344429328794,4.607311998841747,54.68513645740116,39.41956760031967,5,HIGH
9.027433280950836,1.6773184117738522,53.716729416147416,43.858100441770844,1,LOW
45.143257885104894,5.906899709356601,94.61661121185844,37.386612644249276,0,MEDIUM
243.78710534664881,7.027712266830752,33.413066915313934,27.865548282505106,4,HIGH
328.23057573353987,9.470994715857614,61.15532993950687,23.97357837614873,0,HIGH
114.09773692270662,7.654025763064007,48.52196179048018,18.888899705126683,4,HIGH
95.68443521368751,5.86992624808736,92.5664917771246,33.83059303338343,3,HIGH
314.79031975248034,9.393553154533004,36.723658450866274,30.29649942327019,4,HIGH
22.552741541292633,5.3059315423678886,58.80099366762876,35.33104549332424,4,MEDIUM
147.75305903303405,6.0508508778898245,58.47713064217599,22.11399469365209,2,MEDIUM
202.3236890369319,6.364886749030862,92.18760922829159,24.709325043298367,3,HIGH
224.13946974012936,4.689817532979101,45.084541152867864,23.76286048495917,1,HIGH
291.44606271711075,8.546344215092418,75.14267872111279,38.92955526523232,3,HIGH
141.93828937226328,2.666583449605532,39.40842888214524,20.136894445900403,2,MEDIUM
245.0737378698429,5.993579713344472,96.77829998563799,33.25416351073487,4,HIGH
234.15016911638253,7.5000993056847465,71.51104714906,16.5406504727732,5,HIGH
219.04644026149884,9.135785546889196,73.83797112244693,31.485827277051587,3,HIGH
256.1933172568849,8.955265567908505,60.36413811623305,16.917419272591676,2,HIGH
103.77966842723052,5.578662604871277,53.959789886642554,20.276297723639622,5,HIGH
33.85950143385159,6.788453060470075,44.88735006464134,18.390759061606865,1,LOW
47.70866881589737,4.548139625163709,72.27914276825813,25.401760616502795,4,MEDIUM
89.83295306156043,5.213599865921803,96.81932217437667,25.31194253123187,3,MEDIUM
200.0791742091141,9.156392133157446,55.18536678646821,39.79257842184769,3,HIGH
336.17710021840804,9.376335938732266,91.82098220634379,21.770623541415862,5,HIGH
280.51733683535366,9.058726522603177,40.41434189930747,17.59160225321931,4,HIGH
315.61624168081886,2.245337756322744,95.52882146172605,33.10535372442389,3,HIGH
140.39024957043657,8.650756191975725,54.534039872865364,35.62352098800021,4,HIGH
161.86149665942006,9.535273579193323,56.5809048115342,23.844708480643614,2,HIGH
157.47275439624514,4.251247251162442,62.39895799240298,33.08442349084132,4,HIGH
76.74927376180061,5.667816604795023,80.27709889633552,38.28169704019932,1,MEDIUM
24.48666325742881,8.011857302316962,80.37574035823246,25.426588172283367,4,MEDIUM
236.36643713089072,6.058703238090839,63.57120093037657,30.760615197993353,5,HIGH
395.68667336823444,9.941351695356245,66.62070295197552,19.3989982101696,3,HIGH
66.73188198010513,5.1014202864114555,32.10073414418988,15.709404032105411,5,MEDIUM
18.673927959709502,7.425484400866399,51.30076910908279,44.441039244324884,4,MEDIUM
311.8126727295732,8.133320261768898,54.22119519614266,23.9919255160911,4,HIGH
101.03440267388967,5.446903741825955,69.11090881080315,23.367061521654648,4,MEDIUM
331.85752214117133,8.712854251402382,69.08098371599132,44.19735399519263,1,HIGH
281.5746668138062,5.915391320864768,79.69298584095112,36.847005712893505,5,HIGH
378.26941482032186,4.704857171214683,80.19191073526567,32.5589366382145,1,HIGH
163.5708943026688,1.970413064667523,46.46475069484581,35.9797018528007,3,MEDIUM
264.78793578025363,4.5407221871538175,83.91310057733773,36.297797000862076,5,HIGH
185.94191232530827,7.605428092599557,31.372249763239743,37.900076408789474,3,HIGH
252.2354789234174,9.291577705120966,80.13133192247042,17.015676942597597,4,HIGH
179.83956240309493,3.2651146347427926,37.144277246359614,27.384942593486638,0,MEDIUM
75.45289856962994,4.197119655974523,81.07537458948534,23.853909534990493,5,MEDIUM
203.15896640135236,2.3856489469398356,66.89826633978831,17.117089155510165,2,HIGH
211.43368057497693,7.21650604806072,60.607815047816445,27.377969905392863,4,HIGH
324.2415393040644,9.641695870089327,78.34664728330003,33.4852045623944,2,HIGH
294.20828231743246,6.76856997863358,32.54595836230629,20.354930399232565,1,HIGH
265.5166495765776,6.553688770056037,45.64292279729048,24.150802316635612,3,HIGH
45.35483822102901,5.981409374503905,73.15080997273577,34.175124657514615,0,LOW
288.246516265486,1.7961016661698288,89.30507846415725,32.3797397267164,3,HIGH
200.12206254180592,7.565534437864453,56.67753458615819,41.06356389519672,1,HIGH
357.6398144424637,6.418445891944157,48.113303084349,38.736929089511506,4,HIGH
367.94837365221713,6.953290919706584,66.3115505052296,43.968331568580886,1,HIGH
22.062636240714184,9.089299837246795,73.5620676670789,32.915799303401315,0,MEDIUM
328.2566241417915,8.055647083549161,59.40721219840225,35.95402099234879,4,HIGH
15.078956169068247,8.028237269390734,91.36974778618286,40.81518776443208,5,MEDIUM
146.86785027800906,9.344653919914128,66.64070962020094,40.19977334475804,4,HIGH
216.91999024843165,9.909414563166996,32.50765112994095,36.56164926078703,0,HIGH
59.240319450850976,6.231544587649537,45.61377682943333,30.00768628121925,3,MEDIUM
298.52552502763075,1.9799345442804919,61.545292164247016,23.196206646921866,4,HIGH
3.3418816688554287,5.132169169978927,78.84078633118534,41.31647261806218,3,MEDIUM
67.43961937361473,8.0884103181548,45.38265706548122,38.29966326711915,2,MEDIUM
232.31873194139027,1.2495279228566427,98.33802078021948,40.13720855875438,0,MEDIUM
285.75502481491696,1.5119869452053416,52.299078073165845,19.223679544416125,2,HIGH
366.6572410775665,1.604420041445392,67.27361448024118,24.44438634567824,4,HIGH
282.19866077384955,7.579321824954797,31.327646931172882,27.746551136989535,0,HIGH
268.7117081019464,5.510499657068548,91.94235050015631,40.150559169016816,4,HIGH
157.73645854026572,4.320081491685342,85.21842574676285,41.78660018143967,0,MEDIUM
0.5137702107205655,1.9505534073556239,43.68206030069149,23.546781427658587,3,LOW
48.06370349424878,7.590162251853002,95.326568386789,35.59287501797294,1,MEDIUM
213.82181790241566,3.8891782949580973,52.10878346581832,17.334426184576902,5,HIGH
270.0519543377679,3.3879166305820045,78.4530401866082,27.287198159062832,1,HIGH
166.979313558585,6.870872813981959,87.32834226116199,29.600073232556554,0,HIGH
292.2716046113561,6.031098033371576,81.86401228660266,37.96898444697348,2,HIGH
208.7449181328715,4.261695776319715,94.23079488208889,41.75916710511362,0,HIGH
29.670478237724886,6.773387237250293,90.49923322384959,25.118497074733686,3,MEDIUM
76.80650038717954,3.4409936834570636,99.6228059864127,30.83216669825704,5,MEDIUM
335.99928929757715,8.153472354438941,42.78279888033019,34.42344667102573,2,HIGH
289.9650986497758,3.0638705527688854,51.333326085869004,24.860616868404442,0,HIGH
357.904794804998,2.429539258438141,74.5358107202141,44.56614639522134,5,HIGH
47.022899648374626,8.041954685489873,81.31330301241086,41.273231387100736,5,HIGH
396.08901384602956,7.371028276281399,67.42235381889964,23.8920848659985,0,HIGH
83.76268557997344,2.643750781316186,35.17498554206304,30.23838692997145,4,MEDIUM
4.711950514656804,2.046211774209442,88.91166587602675,21.925218397417332,3,LOW
398.96917562142164,8.54559179638023,97.26120492148904,30.435117567100043,3,HIGH
112.42955417804525,7.989386339770192,58.386179067847635,35.499970344698546,1,MEDIUM
267.20778100502395,3.9453163632969783,45.73687371891923,17.565632783789635,4,HIGH
70.67292567052208,6.9237766739203,31.351962847346126,41.10351614421815,2,MEDIUM
232.0914128796567,2.117441678930297,46.61093252655097,32.8123760533975,5,HIGH
361.6139945818237,5.563428931429103,78.99431423868955,44.68808695731005,1,HIGH
128.07246697137543,1.168572628543779,93.81125713709113,15.767745217485096,3,MEDIUM
268.1015904177437,4.5244169282939986,36.54591465022361,39.94495053294696,0,HIGH
75.1614355193666,1.6735853932426457,68.72814310133509,38.75889144763643,4,MEDIUM
249.9181594874901,5.276324621411943,78.68718739582826,18.985575361200972,3,HIGH
134.58014072700405,4.795134821676049,49.346657477438804,25.059169052502202,3,MEDIUM
84.48330343518067,4.999465239742504,69.89279274192114,41.54388609132518,4,MEDIUM
125.27282028145406,1.4079817184319467,80.0673898204041,30.553628852167627,3,MEDIUM
71.53642740311975,4.254547071536491,88.64034701947638,27.03844462401717,1,MEDIUM
360.7664431351531,7.808354641899249,61.67498955739866,42.16489296752525,4,HIGH
158.87475452685155,4.320229360182581,82.35000532432724,17.800335734311844,3,MEDIUM
98.11172198974694,7.436547573486226,51.12480802178948,29.19368348706769,3,HIGH
179.36313640637314,4.325308512703599,44.9132722740511,34.571222939260565,4,MEDIUM
128.21446672259822,4.809154973411678,43.11196222634672,33.256243170450375,0,MEDIUM
297.7677015253304,6.075029015463395,55.12109122780083,22.928293632266744,2,HIGH
388.4879647541978,9.556137431263743,32.51157772521943,31.899387136030093,4,HIGH
175.21346267905872,1.9797440198198966,49.809428636567475,36.25685292857945,0,MEDIUM
344.41335998889616,1.296223917950563,75.65559771102598,32.54656221980095,5,HIGH
226.3452294238478,6.4716146542904065,75.35433330120958,35.533866779319666,3,HIGH
62.89426603769339,9.541873800355837,35.14876645440439,22.682362181663713,1,MEDIUM
276.2490968325366,9.907508192992434,50.11909319564341,39.985468508153474,5,HIGH
205.37379885032806,5.357478226528016,69.86903652745451,28.490686109549095,3,HIGH
260.24260930084137,5.212734589765886,52.298649625217195,44.61671532313706,3,HIGH
355.874965028666,6.804673936706766,59.259161693221145,15.698559620008126,5,HIGH
176.17382826241843,6.000712814844729,79.89675299810348,26.4094611374293,0,MEDIUM
360.4710492869423,6.706792518527063,30.6486780619641,20.414251569153326,4,HIGH
300.267605712662,8.865994829841048,49.34754808619014,31.6682858098216,2,HIGH
195.4419703511939,7.716755525388484,39.966057064951166,22.29615283120838,2,HIGH
241.28885426318547,5.47189652518116,38.93264279351442,37.12433839702445,4,HIGH
130.2324530076046,5.156780131001526,97.1328151513073,41.45597587012556,4,MEDIUM
393.4389198955097,6.756415736618044,56.35922320936925,21.326530607463326,1,HIGH
266.9404652201584,5.101356559782677,66.89620094367478,19.82032854905395,4,HIGH
17.53874099865196,5.120014161390759,81.36753209487428,41.260715571854355,1,MEDIUM
130.6487622992035,1.1467531160785434,33.32132324020351,25.838157452655167,4,MEDIUM
249.325773503623,2.5665772366657755,46.871584699038884,28.0375090487709,1,HIGH
22.53331111969592,5.396622759961778,88.25034511405988,21.62908507330607,4,MEDIUM
9.553676527657107,8.403881131453321,90.33934292245166,27.759446041534414,4,MEDIUM
180.00969581112102,3.5085430605441172,56.10656444485615,21.939002192339906,2,MEDIUM
133.076071877068,5.703790898180341,56.240311975623776,34.977823219025424,3,HIGH
175.31944321326637,4.10465876283309,82.98278139762172,29.966292374402613,3,MEDIUM
105.07732395200206,1.9432359058563011,50.65491587249084,38.641813378887264,1,MEDIUM
65.88709877719236,9.624686347641706,38.19658567979987,24.381843482018834,0,MEDIUM
275.65734279213507,8.692064832252715,48.02748151684084,30.16785046377113,5,HIGH
205.8284465071202,1.7064318202021576,57.11413121450424,22.785699689314033,2,MEDIUM
80.06168449974673,7.4780853622145615,33.65432967165688,43.03421790739894,4,MEDIUM
127.83577050399933,4.128219139217501,63.50761779401223,30.658070033733093,2,MEDIUM
236.72316306533037,9.953648263556133,81.80052589409449,20.20387488953829,0,HIGH
28.891739308991138,3.7215866784607994,65.96216011363231,23.182969776300872,2,LOW
58.98120370647182,3.148646008263399,35.03267383601549,17.487058923721804,0,LOW
29.298241642956047,6.111014934748646,60.81047419421709,15.834479867932002,5,MEDIUM
324.92693308564753,8.516135470088837,79.62332256299828,30.77765478212013,0,HIGH
300.9636932848037,2.7326698463781818,34.06676577931329,25.11368767576816,0,HIGH
301.32517275170284,7.384624927473981,34.1893032808822,43.91320365780919,0,HIGH
286.5301373904112,1.5526592482700952,55.94209822266879,20.139941890844526,0,MEDIUM
267.7541694679477,9.270412687994476,43.64747748865963,38.81737958210836,4,HIGH
190.79676615127,1.729674245325689,95.43465539158943,24.47914326578708,2,HIGH
256.91126540284597,9.228082387097462,70.69405226178202,21.706121581761156,3,HIGH
15.34462191518986,5.417265245074326,50.112777958412735,44.089104570039225,3,LOW
248.58576906271384,5.032820015163279,79.33437103804656,39.07729796237297,4,HIGH
311.1510822147509,9.75976371550339,56.24503359515302,33.91862674335995,1,HIGH
200.14334415375606,9.913457599283971,39.2480951065307,35.913631116712565,5,HIGH
143.00533137089477,6.851603133649108,46.60625608905063,44.7414442455177,0,MEDIUM
110.97069392039165,2.1440736267134364,74.99230991215629,32.7962222647466,2,MEDIUM
257.12082006483297,5.555530770896823,33.631327419789415,18.057013524208802,0,HIGH
277.1204794519635,5.762467908600962,49.08823280336446,16.94598380104144,0,HIGH
348.387039945017,5.630017853217788,44.58180343495222,34.998203324216206,3,HIGH
136.9336329843963,6.125426546680088,44.07945774735724,34.72803431775445,0,MEDIUM
307.90892295423424,1.168522424149516,77.79336883831797,37.44521378934266,2,HIGH
224.54232967573517,7.401045533234521,87.80718417280552,18.263361906978414,2,HIGH
353.13459627123166,7.411548717576892,80.11066256449811,43.347068242655155,3,HIGH
211.1248433182483,2.0392279766009915,75.20094710603585,31.534752417319343,4,HIGH
207.05193135918688,6.1321549820122065,94.15162402725048,34.486665630636466,3,HIGH
231.15083257636365,6.115250641921971,34.08746662970078,16.045571501343908,3,HIGH
299.72614205697374,7.142053781713601,41.72381601833685,43.82922643546722,0,HIGH
385.8761915313844,1.7685792292157299,59.008479896937246,31.877755462318458,1,HIGH
29.42534168630626,6.638529765394868,56.07161504527074,31.900893389838856,5,MEDIUM
21.373840956406866,3.5267675567170707,59.26361220741157,43.30665948691139,4,LOW
375.0201349629354,5.5630269144655475,44.45184335298942,42.88050534551002,4,HIGH
211.95025020728244,7.95991197433669,40.465232090615984,21.60895775451725,4,HIGH
245.96120582677443,7.35081342726712,65.64352732205496,42.93296465717788,0,HIGH
192.96944063789155,2.0701271591019403,94.96367668481555,37.098638681401845,3,MEDIUM
37.462981042989796,6.320663084044659,57.437862364494194,15.567021819942523,5,HIGH
307.2357513674666,9.722048778466647,33.03472498836697,22.19529446215015,0,HIGH
298.88985803543477,2.4109249360150202,79.43171400226672,27.389404364143388,2,HIGH
124.6813285971248,8.676163789528733,50.37734338690225,32.48467366517264,1,HIGH
122.49569809136017,7.322932724983993,47.15665051134245,36.03989191466067,1,MEDIUM
335.1365523622074,7.966029816187837,52.69806004885734,21.30631181870698,5,HIGH
28.94290309653065,3.537624944283809,80.66708667355134,40.10101542821067,0,LOW
352.44205934262635,3.591000364418582,87.31735708092128,40.37145971667464,3,HIGH
102.66467595836576,9.154175101988393,71.16392471372745,34.04996457781732,4,HIGH
237.19389910219758,4.238488288833028,52.573512760368615,42.63281731547095,5,HIGH
374.3976716007111,1.5671385162352944,51.73347631820947,39.389472806915634,5,HIGH
271.2490006146586,6.405370332215051,38.70158449338241,21.64870977880623,2,HIGH
165.77192498681464,2.123359021376584,95.33107337646362,38.96030598931081,2,MEDIUM
275.8136835621661,8.169366172671173,74.66975792781737,43.59606236259315,5,HIGH
137.59185452654808,6.775717982509517,31.888223389910483,19.128193410552928,1,MEDIUM
110.90336653967445,8.872538546990874,76.36569666306764,44.36093654373087,5,HIGH
398.67331117387187,8.063535248043717,61.30073969354555,15.749783903102708,3,HIGH
300.3160924719151,2.0090228350437656,98.07905741328436,30.66501734321317,4,HIGH
257.8879909527271,4.429636087909801,87.33481773644849,38.21679416935453,1,HIGH
142.11585728772752,7.971042249231285,41.99210276829587,38.71314307638763,3,HIGH
19.664331662019265,4.756073259396931,80.40777832124064,37.04017707438804,4,MEDIUM
12.422750414062245,9.751289363019804,63.989620268468435,30.880541182594857,0,MEDIUM
221.67250217951954,7.621664049041043,43.093161456894975,34.528929662111864,3,HIGH
304.8130884156204,1.1394992502128893,78.91179351309643,35.99796556959341,5,HIGH
214.95167617754203,8.919871224047528,68.31713050859717,29.836176726416866,5,HIGH
336.31402877564585,1.9072430638170184,32.12617151400993,32.870549254039126,2,HIGH
13.370613237288653,2.2647135176207724,75.26115653701781,40.391041603727196,3,LOW
146.70083057037604,7.610431605499459,74.44909629037085,24.386370634374817,3,HIGH
94.82815646967123,8.784717034874323,40.085961273602386,30.69618980905897,5,HIGH
178.9091872628488,5.827146651096004,54.429140889768505,15.254391630765236,5,HIGH
28.95055727764899,3.6014475965120125,71.0129279525728,35.623091993303795,3,MEDIUM
381.65265662842904,4.16183990727858,39.71481098747109,20.86156393844525,4,HIGH
89.30216042774437,4.086003966364504,89.69063644843295,29.430037611413066,4,MEDIUM
368.9231101934339,3.94010293428561,31.924023240139267,21.306156488413777,0,HIGH
170.35726201467273,3.1861870463948483,37.19861904785485,15.70601143735477,0,MEDIUM
394.2096533020872,6.479803851663098,38.12748438984188,29.496616550940498,4,HIGH
221.6233533840843,9.103647867085606,66.96749881825386,27.74500819832121,4,HIGH
372.333145670323,3.7637417177500705,73.40798085180377,27.754485405731423,1,HIGH
2.139595477689138,2.6802486771527088,58.26185575510406,21.264184797866108,3,LOW
299.29552247236006,8.547198997342823,50.206677936771634,43.416137692445375,3,HIGH
361.22026124100614,7.676049978007329,86.65221629378902,15.105214554320835,2,HIGH
55.88822679158163,9.377533284039194,34.78001886084941,41.746363499920164,4,HIGH
38.45034069286059,2.4896776204441866,49.62043027929542,37.10705769418446,4,LOW
169.82904287438222,2.298261827049324,32.73809051627795,20.162161005998144,0,MEDIUM
373.47156245317404,5.87286454874497,30.97230944763876,29.165759589106635,5,HIGH
216.9546240761755,6.529902893515858,54.73659208525409,44.66550244524818,0,HIGH
210.98258548869288,5.321560976736306,43.63765637114524,34.310947109529224,5,HIGH
56.450447319728745,6.390699726914879,48.78560983867724,18.821301714560025,3,MEDIUM
0.3158044372875146,2.623417919875642,87.46630102184777,28.729267165692956,3,MEDIUM
324.0560362981845,5.316523787476751,41.408606737445496,29.04609289718437,5,HIGH
35.02982519449529,6.922833048457011,84.61633570062607,39.06789998649325,4,MEDIUM
253.53992749412959,4.894358043238333,77.25354362024545,42.48488798478466,3,HIGH
365.8465818060766,7.115026022349381,52.85118675985829,17.467246298662037,4,HIGH
83.46076526337241,5.060721524984556,68.25893016234015,24.42111860858497,2,MEDIUM
266.1091344947643,4.002396227580496,61.11049268421772,23.95314380655345,2,HIGH
31.479430683003784,3.7324454237838314,38.987672084836575,44.88144374757055,1,MEDIUM
241.5020575350452,4.6981185308972915,93.5029725213923,31.77681350074199,0,HIGH
65.5726883812811,1.2078066041398074,69.8732577310032,41.394944883599536,1,LOW
294.3814242060712,7.016726246015024,91.61680320568183,27.780985483344715,2,HIGH
120.49251791756328,8.605950768822357,87.66785582693032,36.681694512268095,3,HIGH
185.35640352185848,4.191643849988067,35.58431477165963,23.59756926912438,0,MEDIUM
239.77221681104868,1.414298225275467,44.50894662129167,42.353580704677,0,MEDIUM
68.50936426649584,9.880980376470019,40.168278006238154,28.65438722959601,1,MEDIUM
296.65512744704836,3.373284299059603,88.15456729508432,39.11176491948262,0,HIGH
121.05613625472583,2.139590095216957,90.37126385186417,22.674506500276944,2,MEDIUM
264.9487439651014,4.327772571757252,66.95800568658561,35.80813025765637,3,HIGH
63.31322027974946,7.64701336570201,37.292465075560486,27.154752132001075,1,MEDIUM
275.2470636825401,3.6452493720150914,39.49316329801113,15.943182689236412,3,HIGH
51.2752291241847,6.1723288352753904,86.94841687067871,27.390247612771905,5,MEDIUM
170.14259850799345,4.74003994993428,95.04330955705312,31.500649252662612,1,HIGH
98.88242949555072,2.059875930489566,43.96329795774597,19.552848417395257,5,MEDIUM
299.35009977127305,3.972583112428992,30.779630353052113,20.51739315577845,4,HIGH
104.81400180274983,7.523834551426599,53.16670336055445,28.945883949694707,0,MEDIUM
352.68692255815847,6.5080350759830115,32.134957275351695,25.2818913730022,4,HIGH
356.7280845626451,2.078005418952049,87.95824412546266,28.22221614010088,5,HIGH
78.57652608911434,2.469901687428777,64.40585800583762,28.824809679681685,0,LOW
245.53837800308972,6.766600233767009,74.9302545134114,19.20228131108267,4,HIGH
35.08705668798573,8.32073872888782,58.80394132955795,20.43583725810344,3,MEDIUM
156.61483984065168,4.145270463623524,54.185528290873734,40.44496180438483,2,MEDIUM
285.3286918005089,6.3577967665910515,45.554028915325944,19.88156067931452,1,HIGH
263.76929873996653,2.5357922987689476,83.9372782926702,34.97742999024783,0,MEDIUM
249.88026776264317,3.8023870321479145,78.68833090908706,27.555841403033764,1,HIGH
113.01634546497743,1.1824318510574734,55.251028914726035,44.047100579089225,2,LOW
151.2099797737608,7.914483530195703,52.478129400942805,16.983130856647126,4,HIGH
41.17845788011447,4.609088377956701,30.08700150540753,39.911665980922855,3,LOW
287.6091281734404,8.345130162885585,34.44864910318307,29.743476933078647,5,HIGH
201.5555187165094,7.375356964204537,73.62788674248443,15.160571125925658,1,HIGH
283.5062529382618,8.458698391556293,66.02251171648231,22.90980656818661,5,HIGH
99.57740991874911,3.570928026245945,60.43622431395158,27.230905576478083,4,MEDIUM
129.7752914540265,2.6659785738506074,87.92515685611609,24.425842603467753,5,MEDIUM
133.68613490404587,9.747151143865034,65.27287430819926,25.873483920418,0,HIGH
10.29696389888648,7.455950083367826,56.9145506985124,42.500157274115395,1,MEDIUM
136.41914913224943,8.506380411340032,41.28794432674895,25.82802097176983,1,HIGH
321.3218294072134,1.1182003633894035,87.44816057502334,27.564881382081985,0,HIGH
358.9193982998954,4.190154582662979,70.33737750848314,37.833946607343385,2,HIGH
207.28732625437098,7.685350215195985,36.472197614593014,38.81500697245126,4,HIGH
182.2006780876881,1.7018454969098498,75.42288785979531,17.522689553600838,5,HIGH
12.329847479748102,6.106059366120421,59.754952184188696,36.122101037010125,5,MEDIUM
351.68173503415306,4.861654907095029,86.79703565115972,29.47715861030327,1,HIGH
5.2040853703490875,1.1585485642699656,94.32402178971974,19.01561679712966,4,LOW
377.9000320840847,3.1237801940750627,72.03260692233722,22.941316918406528,5,HIGH
195.68649947523627,3.563127901600428,81.21289735193565,16.35106491919556,3,HIGH
136.77379742989064,2.0067395171169022,33.9613593321516,25.807115664355056,4,MEDIUM
369.687373937064,6.683832187683944,69.217881850081,22.662193210020725,4,HIGH
9.756397244038695,3.1815808862670014,82.87379848488318,26.46310192140053,5,MEDIUM
232.56995794763483,3.498575496574495,64.77335046346727,32.410216425922705,0,HIGH
219.57300979973505,9.084147383801326,71.5485062653036,36.9701865610986,5,HIGH
87.72816048455283,5.204107834238255,92.9263729906731,33.16055959678589,4,MEDIUM
171.55497254008424,4.529153322723451,43.86697004218396,35.35131906779837,5,HIGH
260.9056023775081,7.514839344832455,36.87725552863383,40.9691736185638,5,HIGH
290.852478752771,9.186524171946209,78.34505291976507,41.21473330384533,2,HIGH
0.2867434826319126,1.2253270261369944,87.59942338657109,40.821580450775215,4,LOW
374.7413720364061,5.034149618998568,89.53431320077945,19.5950674643858,3,HIGH
65.81014895712497,6.497032204701525,74.91511479638541,22.53207400780936,5,MEDIUM
93.43217368894368,3.8670678831339065,88.32493927195624,30.069759147827163,4,MEDIUM
105.3893782775393,7.951669499109175,79.04649440063031,25.76217882048081,5,HIGH
15.128054620814124,9.743293632432465,36.116384113475355,18.950069048398895,0,MEDIUM
49.22084943612997,9.490846296252549,83.34304555194916,23.632507038169543,3,MEDIUM
394.53996917766483,3.3938428544194768,42.55517826852308,44.26286284996917,0,HIGH
126.08669495091442,3.037044505937374,46.56265398136809,25.407802664896085,5,HIGH
46.120436135619734,9.61741477919099,57.62554388990654,27.567422048878843,2,MEDIUM
42.796504469849324,5.127656386883193,52.01969464284358,15.19204265571891,2,MEDIUM
287.78398706798873,2.8746795077622256,52.51562168120384,36.582446393705965,0,HIGH
341.82746561305635,7.362972672673764,41.84816669428321,27.406501966361393,2,HIGH
102.78091980338795,3.5597829151341243,50.570973297668104,18.094201886854833,5,MEDIUM
8.363804934093988,3.405222775639471,31.376381298311724,44.05670214914016,0,LOW
89.23600737814232,8.913241387700062,63.103766268182824,38.3229963775526,1,MEDIUM
22.606276318702932,2.462312380392131,83.80136711388647,36.78450268298181,4,LOW
41.35797465201661,1.5795365181961274,90.35731584573878,43.736170045250084,1,LOW
172.60324793905696,3.422677961545185,87.4299991271607,27.224402535514134,2,HIGH
91.96734834465303,6.4625087155438345,59.15204032965792,36.556006208773454,0,MEDIUM
206.37835141016936,2.107790680629435,81.12985368146994,21.186236921563534,0,MEDIUM
101.39750130287615,5.244352050491144,50.15235418666487,35.9136164235636,5,HIGH
376.21492044117906,6.646033993827878,33.889373090233256,15.422372765628085,0,HIGH
362.3775871705058,8.638632933338565,77.31800677738866,18.789161413218423,0,HIGH
226.7224420041864,3.068826320820289,75.41573153154842,27.757767558085455,4,HIGH
141.76959679495445,8.356116910445106,86.1140576824013,15.362780844180245,3,HIGH
152.45875281389422,3.114156350181147,73.12743446920159,28.858975663512577,1,MEDIUM
164.74091325779878,7.090898871156765,40.982413748174146,30.68375247195012,2,HIGH
291.0317288539776,4.8760621433420965,89.72136744351387,33.64819792761246,0,HIGH
180.65559820753515,2.0321311814080314,73.90769516130905,18.01160030980849,1,MEDIUM
342.691978602359,7.428371165396639,86.53267893245028,20.43035739381637,3,HIGH
377.6379143721458,2.95986356694116,84.18749842632286,33.39850112151585,1,HIGH
134.37846135157355,2.589610834221323,50.85051410575619,34.74563137387918,2,MEDIUM
224.27779255027204,4.224906357304449,35.21870823964367,15.777006846308288,0,MEDIUM
38.022614733025776,6.879612202835352,42.35530863627094,31.211020863451147,2,MEDIUM
80.1876191065436,3.1059683091156502,36.50036340192755,38.549451959964976,0,LOW
165.38630668406404,2.6529538490369715,47.038870245609544,17.073026333561824,3,MEDIUM
82.48108636071154,1.089582631420279,62.16725911181951,27.39518595739559,5,MEDIUM
350.62419631548704,5.244787873915512,93.4767423486898,24.795338190903056,2,HIGH
63.314502423639226,4.857810123836645,91.04131291444443,42.4099687605605,1,MEDIUM
182.26432862123679,3.1048096927363864,80.30198705670097,20.57407179619366,5,HIGH
242.27969618395028,1.4828694760872168,31.68786516834782,24.550812394334404,3,HIGH
276.74556326433776,4.863302871362532,53.89724409243875,41.95334234973909,2,HIGH
153.2277478906027,8.093845999644682,77.76438985391638,24.919599181799185,5,HIGH
347.63962748989144,7.437539181944593,39.032022778734785,30.940423217567833,0,HIGH
227.32766043117022,8.747154008741532,86.0761495011136,15.99106011692638,5,HIGH
175.80311217902073,1.0862441894184007,94.02015759913155,44.547073085251085,3,MEDIUM
26.896253620814647,9.697773851241386,54.787311264647784,39.748401236135685,0,MEDIUM
185.875787378066,4.072710273647035,79.40901433046834,34.03202834240029,5,HIGH
328.2943363262921,9.913580164827684,40.37428928680993,16.822658192699407,4,HIGH
245.8164072885262,3.273575145415972,78.35715143791188,17.24609884118342,1,HIGH
332.8649814916473,5.243827488204203,31.50187886009303,31.349208923720692,0,HIGH
197.60466823972226,4.185349089177733,40.554005476777064,23.551933086103027,2,HIGH
47.384682037792736,4.201846434948724,79.6917012626069,33.6836834250952,4,MEDIUM
5.455938334352428,8.580538888733942,79.82951560134143,32.945774455433174,3,MEDIUM
121.28781868743647,7.717770457636049,74.8813894091624,40.15954194837893,2,MEDIUM
279.19618859911697,9.929362917070433,63.41548170689423,23.441311821379273,3,HIGH
316.10396157667753,6.521632144457612,77.24356638203616,32.33590573472978,4,HIGH
118.30113384813177,5.169309439550524,84.16605588021517,38.32089956516283,2,MEDIUM
198.26156835329886,1.8106647665220201,97.65371613257206,29.723189589669786,0,MEDIUM
168.44756177363266,9.96905277562471,92.20487220840235,39.91930994816833,5,HIGH
164.20911374057115,5.963775876390546,85.61739417962872,18.93828604721319,2,HIGH
92.53948528006019,7.3042972272112765,78.6330261700061,37.0169329544143,1,MEDIUM
54.54844201178335,4.6606814847218025,70.19088818026572,43.28946274562935,0,LOW
78.67542329248525,5.929441373613123,38.44261763463414,24.956499629806984,1,MEDIUM
22.13295486533844,9.483199587035985,41.58897894688751,25.990093272358948,2,MEDIUM
79.25229672943081,2.497774941384425,87.41956924696296,17.506490315725642,2,LOW
3.6803590501517824,3.6313532589722914,86.23190385450545,34.244783387241355,3,MEDIUM
250.90336025439132,2.368537550002291,73.0121248181354,31.573521769046106,2,MEDIUM
126.55016295507315,8.129943134242971,60.718809290130736,16.210372761971033,0,MEDIUM
389.25788457076345,1.558407343796466,31.822285487652394,37.566360809139354,1,HIGH
77.48682031051915,1.7346848486620448,52.902385976998076,39.87853487235075,5,MEDIUM
138.33142812383755,3.6864470150863182,59.44477602957225,42.213588124222625,5,MEDIUM
143.13646345661328,5.6276936282891015,64.00714003213943,31.372022585119264,4,HIGH
3.380598424984216,4.656473205036279,95.05272189928465,28.57740104705272,1,MEDIUM
335.6831812157836,1.4033467960372654,37.60965798601,41.284114635962325,5,HIGH
12.797784057729888,9.617424020838564,66.32068438458393,26.96090457204417,5,MEDIUM
376.0719338916966,9.575825683222753,55.75456078707958,34.663293757036854,3,HIGH
356.82974043744827,3.514206909166839,99.30686834512362,33.46086769202779,4,HIGH
214.2087664343854,7.5837305374172335,90.33048113980337,26.164832994555354,5,HIGH
217.43822996451684,6.2071787024490135,60.71500979672446,17.606698126981442,5,HIGH
261.51116918246254,3.1372902550506168,99.97869265483322,15.64246616012057,4,HIGH
154.8200047739548,3.359543965674539,65.98442725300475,27.847132216061617,2,MEDIUM
258.8889133591422,5.420378568794054,41.69824576139805,29.436047244700703,5,HIGH
17.90735547539475,4.773132473476242,68.91122842787001,39.68034804569676,3,LOW
21.619050939890627,3.6210639540813783,45.834403606255265,27.432349497344134,3,LOW
182.89216784781775,8.26760436674634,74.54189880533764,23.434796242004076,2,HIGH
219.84892044241397,5.3331662587364645,95.62081224187479,28.862894042254595,5,HIGH
355.1270561343276,6.893632561502151,85.03390037845197,22.139714412720636,0,HIGH
41.864253563158506,2.7034615015108794,49.12145832933386,17.740818333448697,2,LOW
329.05917087755574,5.80156896264838,50.7801037476205,18.391291010583217,3,HIGH
84.01893491682783,3.8617844450195937,34.85017421632184,24.574633796907825,4,MEDIUM
157.63345940401274,5.737722493553904,50.01074849523941,15.38029252675472,0,MEDIUM
126.64097393096516,8.027432500698353,36.4837359774472,21.606098600437143,5,HIGH
160.0621091461596,7.920218890821355,64.961410352795,38.62569422797061,3,HIGH
60.19819922903422,4.187986102308484,79.58429556487803,22.038515772909328,3,MEDIUM
201.42802976142198,7.248494053716752,82.58268130494109,18.321885331185477,2,HIGH
320.65703593254693,9.471609553548493,34.16704625737253,43.472416799836175,1,HIGH
176.61360415155877,6.631023969324158,53.79691287667414,33.67410349054858,3,HIGH
196.24543035927962,2.3356911104437343,50.172023658320356,16.800778483069976,1,HIGH
339.5070341125257,7.117377663511856,37.301022609113424,16.867318994847086,0,HIGH
282.4232458552123,1.9441394771438019,55.3729917652404,33.363663770975094,4,HIGH
196.18176340791388,8.848993679137244,50.952407639746525,31.20386406194735,1,HIGH
103.07825927567187,5.649944462217462,74.41494605374936,17.051243171789544,1,MEDIUM
353.97069873798665,4.466266626804216,91.8311864613599,21.729464249200063,1,HIGH
230.80816067622334,1.5130593518472315,61.83892046112511,42.87128743456765,1,HIGH
88.45904404427736,4.427053611328987,82.2665620936773,32.16032431443052,1,MEDIUM
107.64790105520414,9.128860011242105,40.2207256977472,28.20976194443491,0,MEDIUM
321.2532355744984,1.1888469665767287,92.64764650507053,22.504662357610982,5,HIGH
17.658224834982185,5.271833420036244,40.68163167505646,19.01094126905613,5,MEDIUM
396.83687481152805,9.380422819995601,43.44708264195725,27.07895052332043,3,HIGH
52.14067188591671,4.55356899788519,37.45246625113735,42.67099677993902,4,MEDIUM
318.42741015877493,4.853581187159353,51.677565106437555,16.46134187032625,3,HIGH
157.91012670867315,6.207040496792079,68.66873127008682,44.729364478286,0,MEDIUM
196.88647331498674,5.166436002194652,99.15958779844287,21.234381606060232,0,MEDIUM
352.26023098583113,2.5174152211379717,85.53576242602807,27.26302081197028,1,HIGH
165.1644758356853,1.1669998516287436,56.63050620243874,16.351539244971526,0,MEDIUM
214.9975014692938,6.488304921808314,70.30922405324993,32.54346609324094,0,HIGH
19.719864963667977,9.28725928307031,73.63156216574454,29.50665796202975,1,MEDIUM
0.9389895469812615,1.9572771972444907,87.5909054873143,35.001211042043394,0,LOW
97.91994920069035,2.8985744732747802,81.55162497938603,31.28034381874418,0,MEDIUM
272.2332371675069,4.332065372424761,69.85037888797983,26.94533353941207,0,HIGH
48.505957343654686,8.278680061190077,76.84281189277597,37.132700934350126,2,MEDIUM
45.50478352181977,3.423342848238798,82.21423276740298,15.750633833608733,5,MEDIUM
164.3842432143613,8.938489638508916,39.320084139338306,31.230870626237856,3,HIGH
259.1348154432906,1.4946208718505978,44.0318822913766,18.416286114870278,2,MEDIUM
284.8287968991722,9.468609591330413,78.20090022352618,28.080249992575,3,HIGH
71.38026963934992,6.046723700863884,89.52978933913425,38.733759505740494,1,MEDIUM
31.83525894881698,6.928999106389341,58.64835978898375,19.273822387812004,1,MEDIUM
376.1588135782177,4.309205702827178,98.59232257298441,43.074310463174555,5,HIGH
104.26655302484069,8.037948569599543,45.1250212871361,41.65514077174214,3,HIGH
341.3385990434895,2.4990962507596546,59.16894974304072,27.447152126000955,3,HIGH
345.39658018512733,1.4402064275063833,56.496613042427725,15.179245221778096,5,HIGH
309.00903670501776,4.559652487968014,95.12071585085003,38.69234480023458,4,HIGH
67.53344266102803,8.683261425829356,49.97649623007777,41.42687410236849,3,HIGH
328.72058370168014,7.794341529739252,62.95535446295509,20.242142770662976,3,HIGH
307.7002236966347,5.654403734400622,43.106368773073065,42.48576626449671,1,HIGH
238.68919604248683,6.149239724488181,66.48863669937106,42.422918318840885,1,HIGH
134.8808140675811,2.169035436688799,90.01829186245138,29.138725531025713,0,MEDIUM
105.00344170661764,8.56613357755824,51.282762332339495,38.94104432393526,0,HIGH
48.75568483214359,8.082637146677772,86.75544505139797,28.34843934815965,1,MEDIUM
203.90282676034857,6.908233544982485,93.79181075229383,31.921387977558535,0,HIGH
234.1043502039386,5.195719326960446,35.10705228001945,24.5951702942929,2,HIGH
143.73559620631488,9.680133414515613,82.94971754234757,19.784080359624735,2,HIGH
190.1436270723474,8.91128774688824,47.87404053053436,37.39609751442096,5,HIGH
145.40578294770668,6.799874441631567,42.27293637756404,15.04178533557407,0,MEDIUM
256.4024229282805,4.346208979455591,72.07856744175253,32.38658068946344,0,HIGH
360.5036831186253,6.562200508133611,79.39218313600898,40.94058079135391,3,HIGH
65.56810481877795,6.178968338775988,57.63326900146497,21.638318603293516,3,MEDIUM
152.56352396124936,4.548177890514247,32.74215949575334,24.98698370394007,2,MEDIUM
56.34744158034452,3.760065745192685,93.60931669377553,32.62457558593388,5,MEDIUM
249.9775081631328,4.663097130135902,81.15228417932465,22.406107395934203,2,HIGH
291.5482037954383,6.165202654300581,49.016676467811024,40.42460571992349,3,HIGH
372.76509303898234,4.853213602399849,64.78046990213178,25.99809501337665,3,HIGH
111.54877050438597,3.3721703938124548,31.945495297695462,32.448411594596585,5,MEDIUM
380.0844823461721,7.848669859847279,53.74979472641593,21.783634427976263,3,HIGH
25.30506872826992,5.783207463616717,66.57746649095827,16.24159010972957,0,LOW
241.20554534583528,1.6090764690303998,66.2056530581375,20.211007980409818,1,HIGH
22.85308773733199,4.31484855063513,44.572941460597875,16.385968128264096,2,MEDIUM
357.50967510477795,8.964221114907943,84.37231563287236,29.058116988396577,4,HIGH
211.92362282802165,7.797128780799567,50.92035109686504,32.59912172754149,5,HIGH
267.73934030511845,3.909221055496064,70.62870162245808,16.340256230563583,3,HIGH
332.629570364181,9.443648368400583,49.006555787658236,17.714466646137986,0,HIGH
60.1242489935875,1.6894261752238915,59.76175110907391,29.565750804310525,2,LOW
15.436624775253538,9.6511123350297,44.526023767516115,38.975397966029284,3,MEDIUM
351.55245836514086,3.2113458323620807,74.31054547724268,33.84027536747158,0,HIGH
125.973290983573,1.0818476227217735,59.79090520989455,18.14130660311608,2,MEDIUM
51.59156317086611,4.904272328664941,31.1282113141435,41.62626821524484,2,LOW
187.3844948348346,4.230733867183078,31.971549581173626,42.523507043692405,4,HIGH
239.32243027840752,5.851801046861144,62.97940229299955,24.748704835483828,4,HIGH
12.38824136900405,8.170955745128609,42.825810683374804,33.48053375644086,2,MEDIUM
109.95826330283509,8.581877219354023,70.95294337013198,29.769814505541355,0,MEDIUM
13.119949710758405,4.611069996505226,58.57342472404149,43.260713058894666,3,MEDIUM
168.1341556781996,4.868611693357152,75.80938848778058,30.262455988462072,5,HIGH
358.04001162649774,2.333599572965263,96.66766218447661,43.798974411361925,3,HIGH
393.0609645974277,1.4279284799304715,67.01152943566775,20.980276515906183,2,HIGH
254.819021401451,6.770934912115222,85.11650225130697,25.3661027308704,3,HIGH
64.65507751383672,1.5799386299742304,82.7128697421156,38.44035720288412,4,MEDIUM
362.3397559997223,7.6044710747931035,94.52537730267056,38.50832206780103,3,HIGH
206.4991292800242,5.851811305200227,44.98125070666043,36.96549821870116,1,HIGH
61.499724841167236,2.7872468040347504,87.91288795494586,40.78834393995912,4,MEDIUM
368.69066778066457,5.855706491613846,93.38642649532807,36.07638518831436,4,HIGH
302.9876202892412,2.6469794494188896,57.49340866633044,34.082554334167014,2,HIGH
292.6821090892606,4.948634867593708,51.96713362192777,28.76775039232536,2,HIGH
283.67228151776186,8.19604284618006,96.64251367748014,29.012632299879805,3,HIGH
80.13592843857693,5.1572736406957365,73.93429754972075,27.18484479612725,3,MEDIUM
84.40267668301043,2.338293864677934,56.647353966902784,33.60635399111461,2,MEDIUM
275.317199370902,7.514458136406506,85.4279404652141,27.199917876989808,0,HIGH
87.88910004415875,2.6809157464300797,51.313173113100056,19.42482942259791,3,MEDIUM
175.46867872121953,7.646948869330985,42.34853102489035,18.195888486259403,0,MEDIUM
312.80073023757654,5.314170602942499,68.07787450583939,42.734168257313335,4,HIGH
313.5810072391364,5.083675831848714,69.63484314374224,15.742167226136493,5,HIGH
181.30470901034386,8.662915340717273,87.80225375871366,18.164017854169575,5,HIGH
316.87597531009806,7.377431719066019,61.9919148514301,28.3591462393676,1,HIGH
335.4487184792227,1.2961971725944532,87.02105776537391,22.887788007131395,0,HIGH
261.9103005137041,3.6655688314144212,51.792587554383694,27.175467012064377,3,HIGH
91.37034092336806,8.838285947649087,70.27577415244544,18.5234214478165,5,HIGH
109.60471215421902,1.1649355169067879,44.593094523050105,18.92720810542122,2,LOW
125.93646216349414,5.907281016357733,56.98121656416175,39.01973726175346,2,MEDIUM
46.7216430935808,7.550431022565495,90.02777884829958,37.773262323009114,1,MEDIUM
109.26384814797805,6.596704769361183,45.11917354050286,18.12758597173843,1,MEDIUM
83.80768972501285,7.844789818939928,86.71676240294875,35.0337124469706,4,HIGH
182.13149992344086,7.531226640232712,49.801016049318434,33.2793397006645,0,MEDIUM
363.37501914890595,7.22827625637802,32.41428037756176,36.40088168040689,1,HIGH
41.79212670158323,8.393858748330869,37.695419903979236,29.233467136874225,4,MEDIUM
288.10716957895823,6.8112160160458455,82.21156817245517,23.099604826003223,4,HIGH
274.9132017652511,4.6217664483128384,48.34496485515038,34.91037508069584,4,HIGH
38.301679465343064,5.247181989231288,75.79019145688906,26.14072279568466,5,MEDIUM
369.02896196232,7.450523044133055,78.94392319300631,21.568587030364814,5,HIGH
227.38888086272783,8.886754267001145,54.15829251042794,27.258870411578496,3,HIGH
145.4902084542737,3.449969207557981,63.244329104779816,37.89809506802862,1,MEDIUM
302.61543339812266,4.078691163739637,58.26369633190674,29.273795896086057,5,HIGH
102.94618336065362,9.376654567261713,96.31442974481737,23.995927903002663,2,HIGH
277.40393481852817,6.2066061316850085,52.39642036461112,39.95605844471485,4,HIGH
15.884483028898888,2.6106563542150094,42.83261295574725,41.449312655428045,2,LOW
335.7632150437088,6.973256250211445,55.59149900129047,27.997512713180242,3,HIGH
179.2683388085274,9.916859399854417,76.86609953214085,26.24064062180684,0,HIGH
254.6771657431767,8.411082080233601,78.81538832530256,33.380968410568954,3,HIGH
88.49512792267346,7.711670228962625,94.68401207520049,16.739233381737392,3,HIGH
270.8294850633792,2.872419888396423,91.72281394130664,35.73969481702791,1,HIGH
308.89611035731065,8.885258062156066,50.18243642920929,38.468628161317405,4,HIGH
189.2852747537595,5.732099591819918,61.86142742773175,26.92325781771515,3,HIGH
247.09076962471772,9.0036101986476,82.30882917284038,20.238475500221895,4,HIGH
182.53036952895943,3.968450464823914,94.15760964214175,15.864551254225905,2,MEDIUM
357.6365477031382,1.5584594737188948,53.60155089998243,34.117367984613,0,HIGH
199.14767220572767,5.283783717937715,61.11090039238971,23.069802199047295,0,HIGH
336.72348361152757,3.4285384433608987,92.96347893175262,28.91668761363853,2,HIGH
320.54082330809945,7.437063607986683,55.09387112108959,26.590665649725928,1,HIGH
164.20192853934262,9.613958975704291,63.635909033421505,20.24654387842388,2,HIGH
92.03379674299002,7.218767360364075,93.31528988526551,30.25106005382112,5,HIGH
162.4328530239084,8.982405367382832,86.15702525928938,28.78780568222214,2,HIGH
330.48695031008805,5.077216122410857,47.040164750686195,33.72442868609497,5,HIGH
91.05301432775694,7.944766634757715,52.73565457883534,22.556549835893602,1,MEDIUM
209.77453834309975,8.58739093004533,54.70711092215374,21.439172395602174,1,HIGH
322.43869918429897,7.397880648251881,93.89169314017418,39.43035179269416,3,HIGH
141.3909900513515,5.569995574626081,99.92536159731775,36.06576734892124,4,HIGH
256.88385480107894,6.632794986538312,84.1803011508808,38.1661935507469,0,HIGH
98.2526296195258,7.304562961109923,63.902841174545465,18.698694352650843,1,MEDIUM
43.71177814726397,3.277759628992842,30.71216726472353,21.72118929981053,5,MEDIUM
317.7536900371425,8.286213348234863,78.82416396185701,32.265945486109196,1,HIGH
39.58744936348273,9.55292085070546,57.255281514844924,40.71604040618724,3,MEDIUM
108.55255803183384,5.187153836619424,74.30905291600237,41.7634392950541,3,MEDIUM
342.04376879897603,7.3096046479888965,72.46857744237002,39.95729886764782,4,HIGH
138.58771483146688,7.633233152113186,63.658243960207116,16.30193838253282,1,MEDIUM
389.21813980566446,6.960227927693323,96.1071178408426,39.626375539671784,1,HIGH
391.89373390954387,5.92403597495772,31.620244174873918,41.97273532563245,3,HIGH
107.31040818142267,8.934831591173296,79.84927391308118,16.702472704579563,2,HIGH
16.39128889995618,5.04034038342005,58.68879078096822,27.488426813309644,4,MEDIUM
282.02531368215165,1.5499266083794323,79.9653315344128,31.09830969890105,1,HIGH
180.3946010593375,8.601007381409442,77.26537532777424,21.98251118650499,0,HIGH
40.30113758383052,7.065831450848957,30.71666018031968,30.50056968111332,0,MEDIUM
283.0091275912171,8.64332763849682,49.97369466222699,41.57867363883194,5,HIGH
12.46996364476849,2.2469269820022486,43.23640643526463,41.008275190372935,3,LOW
348.0786761968969,1.276776464587447,41.68904470597446,43.19511843772443,5,HIGH
55.46101164532149,9.409370863442511,80.9933678884793,29.523293951836262,0,MEDIUM
50.92475149869,2.3295547526551683,46.768594436518725,27.317008358817603,3,LOW
70.26891918743381,8.286870988634067,63.23163304911106,34.9736345709706,2,MEDIUM
384.1065433968266,8.408889479625723,47.28922966999757,27.502817328031025,3,HIGH
277.2677441015384,7.378346804941027,70.6163676404731,16.25833788002573,1,HIGH
320.5486141854547,2.1813598998358383,80.44016376419776,36.59764356511365,0,HIGH
159.0539942931012,7.006587621047268,53.17523170887235,23.42951823848471,1,MEDIUM
134.52509100198222,9.00177924994179,72.21145938009855,16.472559368015716,0,HIGH
93.79360271326797,4.829784803207949,87.73983420896172,15.618632295807124,0,MEDIUM
192.2592113249636,4.721651689407389,36.59569996151441,42.940838057319546,3,HIGH
220.7314934136674,4.985724786214772,79.74694193288897,22.562280259325068,4,HIGH
252.70993746110216,1.740447016085858,52.62014611047661,28.436975775691906,0,MEDIUM
102.8474015994778,9.028230121269761,38.5854969567461,43.517293586965664,0,MEDIUM
379.4616323611963,8.822645775824594,68.19579453300442,29.025509363421754,5,HIGH
67.90339928285434,9.981183896112576,45.83836234874123,17.35827970578934,4,HIGH
386.2612699065649,6.266648273485721,87.49532548684104,31.558081417399777,1,HIGH
5.942449003001515,7.760724728062472,33.00271366717533,17.645959603621954,0,LOW
192.45027672673825,2.8240471567657424,36.90570273896282,17.85263635120609,3,MEDIUM
133.3471352466251,7.0077593640175255,66.46972881900717,40.54431221407379,4,HIGH
179.64936557210032,6.847595638816516,71.22592488538697,23.682646300937684,4,HIGH
228.2658315923156,9.110878622574512,81.09206651659228,35.36010600337309,5,HIGH
174.23566320508363,8.477134505551668,48.14825097765357,30.26773005985985,0,HIGH
165.938740120638,9.446198163559869,88.92322857493042,21.669800736132423,1,HIGH
293.08936616532264,8.819501254314467,96.71996378416482,30.53460895959623,1,HIGH
274.35051003458585,8.818245054089669,64.93275125164045,17.069806076992585,2,HIGH
333.30851281433917,1.5735099401984645,83.23719554788609,25.41637048769128,2,HIGH
99.98359249579822,8.613657574263602,66.7393848180655,30.68508675061475,3,MEDIUM
243.81140390162543,6.467305550528064,34.86269205885474,21.85183014256956,5,HIGH
234.07791415714155,4.424000065893651,52.82780589898347,34.80564390544082,0,MEDIUM
147.8951243490755,1.5086316194925609,36.12406827389105,16.5543576508892,1,MEDIUM
194.42301676107238,7.09906397291242,99.22153834785094,29.544296936118805,2,HIGH
125.5128573222915,3.953815754838557,46.031813845136405,36.4498734386815,0,LOW
56.73775904679408,5.209986384874313,74.5130293591003,27.898381768703185,5,MEDIUM
85.52048426509313,7.135555933496208,49.90415713614561,41.23759245956814,0,MEDIUM
42.20545856048044,9.205970923217286,75.7272350749148,33.96578343721997,1,MEDIUM
273.22783007604966,8.428932240444986,44.72811836093377,43.754787481762136,0,HIGH
264.2909572436606,5.055374161932399,84.96890461370522,23.52365438324936,4,HIGH
380.24254863194915,4.490048417017411,37.75681219856448,43.16367992564241,2,HIGH
291.8713654588965,3.1580176495964274,92.66052800631962,33.2046776965709,3,HIGH
20.818335502452577,4.351840760583714,88.82951847785561,37.35536697640196,2,LOW
353.6980695715817,1.9994174856270848,77.516514054687,42.064833511303405,0,HIGH
345.0700651782903,9.739949575282791,34.71902389999935,31.535915639754627,4,HIGH
177.32812830907946,6.16525699563621,44.599831983024984,40.86542375848996,2,HIGH
234.34522021116862,2.150252585156916,90.15531169837531,31.25090818764166,1,HIGH
390.43133298900756,4.175254083393152,38.53821040118166,32.97596782851713,4,HIGH
212.9217455392665,5.9233522925859035,40.915246741561404,28.352957186921564,5,HIGH
362.1287313504359,5.795970729767827,68.08023266288646,19.369156555203087,2,HIGH
33.21550312407457,1.3195303184676912,49.19242077720406,31.605097000466,0,LOW
76.42074748347314,9.557569308062002,45.54529899607506,44.323446907985435,1,MEDIUM
176.30197737652713,3.4783811332745014,70.30694022937264,38.61557987196853,0,MEDIUM
233.9027233349219,1.1456620203870207,56.080367352062034,37.42495454260309,5,HIGH
326.4911407451201,1.6879960805525422,39.83919277387681,34.299264081888886,0,MEDIUM
395.30484605727474,6.221754129231792,67.43976372818251,25.437260204617335,5,HIGH
155.54059858964658,2.2400696860758718,57.09086822950359,20.088455834351354,1,MEDIUM
18.966254456033973,1.3755231356815294,81.41617419916386,21.736548049280696,4,LOW
320.4686013181299,4.416638197714402,37.192880962441244,15.189662686279505,2,HIGH
241.75228763312325,6.604850731061697,73.44292707621817,35.20441262695064,4,HIGH
79.41714354728066,2.0065582435745113,60.55453288602734,39.35632675669301,5,MEDIUM
197.93138264856807,3.81995048936184,58.424331253668285,23.067340535941792,1,MEDIUM
296.92409821348974,4.75984604462088,46.260138160583885,17.755511989328156,5,HIGH
308.1647148274575,2.4351408800809047,32.12982197418978,25.071812034657533,2,HIGH
199.8473647995048,5.554665086200391,89.33824360552518,23.76153688250934,1,HIGH
122.08581205154366,1.766926782115938,52.848706022409814,28.526290823331955,3,MEDIUM
389.4970328153974,1.418666467105618,77.6763727810893,22.92306162963033,3,HIGH
265.34504438259717,5.6785183043962135,96.33111798436951,25.19198116035087,4,HIGH
163.29500773851947,3.231072754757881,69.54932086574922,42.226643380477284,1,MEDIUM
112.18528968186097,1.8583642710822477,57.800283176390636,25.045060586688187,2,MEDIUM
292.4411932014249,4.815213287388691,48.77914964440926,38.56554140189691,4,HIGH
96.87337823750708,9.236266655656552,95.38306548532454,33.77501100673378,3,HIGH
68.68399558947527,7.5177320198873945,77.74537726358,25.126138368941216,3,MEDIUM
211.93355558482813,8.34054323812325,76.56969752795916,39.53364809341051,3,HIGH
115.99495705765675,8.847225898827729,59.83108276016939,32.85228208788794,4,HIGH
251.56205796944602,9.75364967256777,89.15340990072015,15.25856182796701,2,HIGH
47.175469949693394,7.869219161627557,79.95705309066409,17.061846047171993,3,MEDIUM
261.97644182692864,6.475671297455317,49.82282902467112,37.57918678356957,4,HIGH
113.31861119908089,4.288832922720225,71.97050620175335,28.39583368755583,4,HIGH
0.09717377380509262,2.6347891290194445,60.113576822088596,27.165233752306218,0,LOW
50.77442306967055,7.179938865849649,30.46131139807991,19.37481552587424,0,LOW
373.4461511340376,9.954549875097477,86.53364020512582,19.719557818838105,5,HIGH
346.94185564614315,5.206228161570271,38.59812442437905,38.93257350287702,2,HIGH
93.44361281449474,7.513114312835269,65.69681542018299,39.87051401884366,3,HIGH
311.34876181819646,5.455832049938405,53.53583351593709,31.800076219161877,0,HIGH
243.4286372695897,4.88740081027129,53.946232884047426,23.853834294170625,2,HIGH
388.3618845799478,4.692750522039236,63.41554183896656,42.981024500034906,0,HIGH
149.44226381362364,5.541622146385278,99.79161728138216,33.7188717298568,3,HIGH
272.5842450068685,4.302060956788376,58.5865776442033,38.89926358355365,4,HIGH
25.414288969567433,7.7389598963962705,42.76304608716007,15.098487608646462,3,MEDIUM
158.4989387265624,8.86844823932365,72.95244366345582,28.509588026260815,0,HIGH
385.5270644752722,8.945967759806656,46.540139562766484,41.12847258959867,3,HIGH
215.5923497800482,3.0492884208324336,37.38843956990653,25.146998496981638,4,HIGH
115.15180133393783,9.063182248583416,33.512192044615034,36.79653530616843,1,MEDIUM
48.10838525144274,4.073961086695945,31.60168918137787,34.73024475385937,4,MEDIUM
281.4113360726122,3.7837689893676787,60.18152538177446,19.566550990628983,0,HIGH
257.9424173718907,7.540804516584123,59.870804591137556,38.24711481763215,4,HIGH
149.57548544150984,3.742267060776605,42.9881780054567,18.375803709383966,5,MEDIUM
380.3765407463337,1.476697650487391,84.88133376398466,36.83742289715822,2,HIGH
8.881125195140127,4.362559950792772,39.04894395439151,44.72905010337283,3,LOW
121.48954065273033,7.493190403225141,94.07220348475117,43.73944295435288,5,HIGH
368.42779451983256,3.9426257824315885,71.13031843502907,39.007252291710145,1,HIGH
128.37417532777616,6.666031503956319,31.933146327345074,31.035522726891067,1,MEDIUM
100.90113354206815,6.941074998368173,97.40808380199016,35.244737274622196,3,MEDIUM
213.68816397249893,7.603624105537206,51.55588816820975,36.84325171032278,3,HIGH
329.5206999682152,9.074174196798428,61.49824717044974,15.252045728347161,2,HIGH
41.25870435134442,4.893080493415883,49.89880850961865,18.07098662858869,4,MEDIUM
377.20828385829446,2.4978886899621138,80.98949086236442,32.91177396236587,1,HIGH
318.0291524724656,3.8703314388870047,63.997615450367704,15.196036204287273,0,HIGH
72.50010222062078,4.889505296565873,39.26610715817518,42.26716952320491,3,MEDIUM
284.80318447926504,7.425023223953017,37.29427666516177,29.689881396752334,3,HIGH
153.98348905502286,1.1180991300547016,80.77627893272023,22.73301226815365,5,MEDIUM
160.91787123052748,3.8420684509589105,46.59569834518901,26.81463508792798,5,HIGH
313.3160369755466,8.018583229173851,39.645536224693075,40.52329231920008,5,HIGH
385.1139231922929,7.037719329976259,64.959931789849,42.81578621292347,1,HIGH
50.66234913887757,7.5856597622704465,86.19357012754128,18.4870494143196,5,HIGH
168.25209475152775,8.306296924952752,49.51479221111913,38.3388190186673,3,HIGH
192.3766432337214,8.04912146990166,49.350212819056544,32.34681354649591,1,MEDIUM
150.52472678199905,7.139648495375003,88.37168821822638,32.5650827299346,0,MEDIUM
145.27564948649,4.956953791335315,40.348365619814786,38.38356365687479,0,MEDIUM
20.907467024638613,9.852384959903386,73.17093142505831,21.685340603578723,1,MEDIUM
274.21544822504933,6.121658760310663,96.85094380878098,30.931349039248747,3,HIGH
174.48576684801816,2.824922884319552,88.89122047041153,24.580578463524276,2,MEDIUM
77.91752105757071,3.6353156959430595,34.32706636458104,17.835370349295445,2,MEDIUM
326.41340092082737,7.24206210373423,52.39376135931378,18.152383366698118,4,HIGH
321.02429926065116,9.322656086795172,39.96621259148314,19.09414411875452,2,HIGH
194.55665123555752,2.608481162853078,96.44684463809978,33.44699546714514,5,HIGH
119.38026445910421,1.7411184617120772,99.01590963554568,18.1749059513193,3,MEDIUM
255.23709031858095,8.933779432378055,46.449511437802656,32.10311527770521,2,HIGH
115.26085431096122,9.237501810215509,76.87893313801268,32.648911739317796,4,HIGH
94.40317212948482,3.487414107843095,88.91422124329829,42.11689530365673,0,LOW
292.20586161053063,4.395571519341159,46.35761990901336,33.79129788976543,1,HIGH
16.130095888380282,6.941691977480725,43.137644402468425,44.567635226445034,2,LOW
37.90738841383758,3.9693701875822733,30.78477162730962,15.929777398225045,1,LOW
2.715269609435911,8.894428374430476,58.83737198590681,36.12438409935357,1,MEDIUM
61.17727459017046,1.9682083244247646,92.96062236763015,15.794402341591299,5,MEDIUM
27.596003484183782,1.341839988641757,93.20857543394442,36.88132733624111,5,LOW
398.3209471119674,2.8763758606851058,38.94201892563114,26.575506276121065,0,HIGH
115.52398798163583,3.574790003844721,44.304673636987644,33.33923296177768,4,HIGH
59.70720506769891,2.0163393215998755,58.563313165417355,24.28614216265013,3,LOW
96.39850319836718,1.5912138640658204,84.64371816145913,19.77315117457947,3,MEDIUM
374.45022861605383,7.800469421516184,72.829603847221,36.70537554267847,3,HIGH
208.06408920975827,2.4784890931203165,65.96948204641515,42.138611408102605,4,HIGH
145.92723852314276,9.225299791596736,71.43523189558222,20.50747331100105,5,HIGH
349.35658316368773,4.311996953032864,36.733978566160765,42.621090036108015,4,HIGH
157.99610821961298,7.035452287492109,63.43645495784349,19.205463276136314,4,HIGH
134.00342798307832,3.028619032919202,99.44443026773898,37.06985647648594,2,MEDIUM
82.91300901989422,3.1629049164268017,36.19123028573615,43.783354745370175,1,LOW
151.1187295637646,6.172382825808178,66.34726743444205,19.42112645268713,4,HIGH
126.6737424067704,6.045786326313875,50.695448316016225,28.052701402660603,4,HIGH
270.92158371925643,7.918563052108732,67.79393078033712,25.123724470751984,2,HIGH
115.83308186829085,7.820319751248394,70.16731320236227,26.654332505522945,1,HIGH
230.8798985690246,7.03618988197295,70.42310286836332,37.594192173953296,5,HIGH
26.356866012789084,5.042175093041418,89.65461497176207,34.835667976666784,5,MEDIUM
76.51566267860575,9.015763476525555,57.28231902715626,44.06060893388458,3,HIGH
162.9621086445395,6.603206411991689,66.14479138665472,20.564385100692668,0,MEDIUM
374.77970156347817,9.911786414161215,30.7649879277424,31.297826079776403,4,HIGH
150.90079428627817,8.374328361409226,85.26854211058367,28.473784362570804,4,HIGH
265.6296484799336,1.398788301144936,48.1641395163097,42.565683267772485,0,MEDIUM
102.03488896855926,3.8853451637228598,87.15885168283614,15.3185769743088,4,MEDIUM
50.81343038929269,6.146881448238565,48.5947066466222,44.67511202301283,5,MEDIUM
23.414640032020053,7.493225840843384,30.755194738374456,29.392029431175864,4,MEDIUM
122.16539941710055,5.9530284798574735,40.838192273541274,33.76618941700792,4,MEDIUM
63.064410718763185,8.075173802159636,98.99780318005176,25.801576674171464,0,MEDIUM
69.60417920644969,3.5439008748161016,52.3860872163592,40.575800090864966,5,MEDIUM
304.30372335478,2.6552084610954254,37.6176731408923,31.85963835355148,2,HIGH
6.3352283779496865,1.485250154107931,38.313116253802534,34.884328087492946,2,LOW
223.12405029417377,6.159823701143699,51.72398998400567,34.46714124182029,0,MEDIUM
151.78455223738592,7.1973956860794575,32.635152878173415,25.919464196931976,2,MEDIUM
202.61999996341888,3.9353474540742543,65.80420116853676,17.279729874198473,3,HIGH
225.13209488584116,6.52225766370289,44.96186408425241,39.2311867828215,3,HIGH
125.34707778291127,1.469415077679963,66.35174489778106,23.691477575529525,5,MEDIUM
118.04354407371412,1.8936401166712327,39.85349530894541,40.46790685433113,0,LOW
293.3607397339623,7.315792950326485,60.09000603122446,33.25929026372479,1,HIGH
348.51079524846284,4.312627346955689,71.85418008808712,25.61111874292434,5,HIGH
77.03265298341115,7.04200627992705,34.33999568366756,32.827414469208684,4,HIGH
39.04750421405958,8.485490082519263,57.9124516475741,34.364780770843126,1,MEDIUM
359.11832255681037,8.673601937285053,51.176667469278144,36.20050223276017,4,HIGH
139.95818545895946,2.5495088091800584,46.825187154204386,39.67014403521214,5,MEDIUM
220.52695626512565,5.3765701511621184,72.31742382591474,19.79264826653954,2,HIGH
143.8172578080014,7.605340512692378,71.19793900357851,43.3243315430585,2,MEDIUM
50.32093453842052,7.965825366402194,74.14898646743855,27.325218432825324,3,MEDIUM
235.73265797909121,8.062083826559899,41.12178693027649,40.81350895129132,1,HIGH
210.05634070785186,3.05350600942526,49.99964714036294,21.614387861033556,0,HIGH
81.19742367647889,2.73281335951396,44.67751445965551,15.870869166141443,4,MEDIUM
180.74761786091113,6.310112214463263,67.83525234984893,32.200321308685524,2,HIGH
318.77900160625836,7.669772179643977,62.27459824467314,24.73998837217317,5,HIGH
236.17044124315655,3.8722556398077397,53.12056163149251,44.53386014843848,4,HIGH
38.76693082679794,1.942346411761794,85.02103662079031,18.133603641461487,0,LOW
219.20859889165402,7.450717446190698,36.578162108586795,16.419085980105653,4,HIGH
281.09531971583476,3.6972804824200405,98.24276821289496,16.350534556594,3,HIGH
317.08136231230054,2.4972645188054967,38.15808544707231,21.506210856713835,0,HIGH
251.64703145370672,2.3295117555741847,84.11495687978586,32.37573349096015,0,HIGH
61.063265816313496,3.834185927740447,55.77611324125823,30.16690120934075,4,MEDIUM
284.06930663606425,6.33410259322371,90.56835603922639,25.502274145006844,4,HIGH
270.93673843260655,4.225620148244349,35.191896414891346,17.663793222507277,2,HIGH
9.770753176253288,1.1859566643408843,56.23051971346365,22.012112843829563,4,LOW
164.69906703609726,1.8721759121002997,53.481038455016545,20.524411943541505,0,LOW
133.1800987849493,3.6145292247875718,99.52099267578747,37.370005114681454,5,MEDIUM
267.76482570145737,6.937340339323827,98.98842964227379,38.39839149003942,4,HIGH
86.45432492436828,1.8866356612168045,43.28627710664716,38.31042039185459,5,MEDIUM
236.3487691897034,6.045911681506136,74.09628724888373,44.071216332424456,5,HIGH
365.2823847256689,2.078972837416038,67.48635939376581,41.52713839002096,2,HIGH
319.1209488834431,2.9045379461444334,40.80614438685171,29.934142415355147,1,HIGH
368.58309448661214,2.549696748001865,41.74457942730962,27.448080627274955,5,HIGH
391.402386773076,1.6050577201372944,99.24762099356883,42.473055531283855,3,HIGH
4.2680508024651065,7.0419683564793125,61.69109955346529,33.3367575614444,5,MEDIUM
249.096510550991,5.170631926474311,38.80609044000515,23.831960010767858,0,MEDIUM
165.13575910356258,8.479480968076043,45.0353027117478,31.93392083145502,2,HIGH
343.9417961340487,1.8900175598408526,48.784364707398474,44.76448268088379,3,HIGH
100.72588080365267,2.30259640004265,65.76420843230335,40.48410180457087,4,MEDIUM
392.41179564603044,3.7581195821540554,53.48836906544165,23.438391481786248,5,HIGH
245.4831878174989,7.892793882449273,61.850825012294464,43.58863277751651,4,HIGH
317.41496089153236,3.751829408401289,41.65496857709539,44.443863344373476,1,HIGH
34.23982112910733,4.675768367488233,52.87100834112543,21.935008782462457,4,MEDIUM
73.38315390354602,3.7144320966744813,34.922161490242786,41.86776355504024,3,MEDIUM
303.3614692136813,1.7220186262092696,92.27971914330942,41.49608153096496,2,HIGH
8.794608815729443,9.454902606065687,43.912673401800475,16.192607197021218,1,MEDIUM
326.7511943575131,5.936850928640699,82.98300948001172,35.090675791850614,3,HIGH
5.579607476764581,8.09049869366947,54.46862517423422,24.158421390935082,2,MEDIUM
262.8475356245093,6.925213829667665,63.20781232578553,35.23837879475627,3,HIGH
146.03756809272235,5.628288511557775,50.38827276228588,42.40676082570731,4,HIGH
244.59794108767966,1.807104309934421,78.7508889775159,29.96337743968555,3,HIGH
278.4125627956455,6.784601907432739,89.11824934922953,27.432384923659583,1,HIGH
136.99008767452167,2.398333203431489,50.038912931771165,42.645938135622515,3,MEDIUM
43.18497924433422,4.729448524206489,46.95523505645147,44.22344753215598,0,LOW
27.858347099306258,6.662018291323873,77.70081858247278,16.86708983381408,4,MEDIUM
235.57440902501915,8.040061004249111,43.66071423974046,42.685442074446215,3,HIGH
208.2621414936446,7.165406581377576,74.78878359268407,17.483056005656664,2,HIGH
296.880403648453,7.043801761491659,36.60996557855449,25.11858640150769,4,HIGH
203.89420400157485,2.3413798825768675,73.4096011972481,37.87722367290981,5,HIGH
168.97831601235166,4.115156860644291,65.93847138073032,38.311109458190856,2,MEDIUM
159.23487129449234,1.3862104539417475,37.973400090341585,36.77465672037499,1,MEDIUM
10.578761039066986,7.475292038588181,75.43725444052198,16.17337464183205,5,MEDIUM
134.22288067866285,9.573273831856772,61.25900099238531,18.9889814407228,5,HIGH
390.4080630097977,3.376993511611682,45.198053557196,43.08649494659245,5,HIGH
349.42223049083555,1.7892703824607838,54.736890899152414,17.443841651876724,0,HIGH
131.75122681368708,5.280130690782882,64.44714739472508,17.3563775091935,3,MEDIUM
235.11816202654887,8.710284008148118,36.40879590850674,40.069378132736105,4,HIGH
338.9186982141976,5.967767757446017,97.0326638189848,34.23797259668659,3,HIGH
176.50973470002748,1.4209943517110197,76.58935093484848,25.549681675355387,3,MEDIUM
7.183145500060384,9.768450164751513,37.17744869013872,19.97131461214879,4,MEDIUM
29.80418472745603,8.457849189663406,87.60035290299217,41.525112596784446,5,HIGH
204.15708853948266,2.1843466934635916,52.57884516623018,44.65613272885537,5,HIGH
387.77575027035135,9.29617980853158,71.77596756992287,16.499151853284875,0,HIGH
277.2838168875471,5.056194597446698,49.399998910570126,31.623401462706052,0,HIGH
28.36647657542781,4.347081915174471,81.3384161440225,22.83910754717445,1,LOW
75.74435031674511,5.149479974744694,80.61062825000715,39.971605006491124,4,MEDIUM
308.52925728674,8.511147611838524,68.64304198106926,25.38219275324417,4,HIGH
336.5759039824979,6.935317104581072,46.86479147301047,36.438878675590196,2,HIGH
247.07783447543633,1.533236071597548,47.75926652585018,31.18570264578831,2,MEDIUM
257.76926785192666,9.618439340045539,56.800395768646005,31.245701447849108,2,HIGH
11.334980153353857,2.33005720130486,40.15085171773997,40.73998293541264,0,LOW
331.4121038326034,7.71011156561816,53.63589992336465,29.112132777736925,1,HIGH
315.3100832683319,6.725228773853179,77.90482208738187,40.36798602433442,1,HIGH
103.61405764133886,2.6877524315190477,88.15916960415949,25.902804841127264,5,MEDIUM
283.4706879862028,2.536588685017447,53.2807603345353,20.243488273929152,3,HIGH
85.94184256999924,8.832948343342228,46.35131807780547,28.664321329698453,1,MEDIUM
16.132064420605197,4.777254311496375,88.2849804834594,29.950673441310666,2,MEDIUM
80.4546170361509,6.891188627567247,92.34928191701448,29.351495929133744,4,MEDIUM
71.4515507017198,5.536639034710059,58.7015066318445,39.249912356378466,3,MEDIUM
135.0991986939389,7.546181653683636,31.88329076947437,31.940368243802915,5,HIGH
167.37979887018324,5.313181375353975,78.64731346259063,41.65332215276409,0,MEDIUM
203.41555659908317,3.5864192373001154,84.88232653281906,30.425564847478263,1,MEDIUM
190.70155020333127,4.270450338968468,31.261697721510817,21.741452486460126,5,HIGH
108.26984238611574,8.731699250053083,71.65215973390593,18.88487520788258,4,HIGH
11.668267429629786,5.212312236304543,71.18581307709225,41.05088462833863,2,LOW
242.04064889486028,2.9210439902014835,56.50955361235398,16.68518396706635,0,MEDIUM
158.29793193894176,9.411448492695278,82.48371280955864,18.528288357592867,0,HIGH
119.46886295501989,8.169404108485391,59.97253266800524,16.90975556752923,1,MEDIUM
346.7764171322049,1.5009953145057922,77.3743166253955,27.712025915454607,4,HIGH
298.6973231192639,9.99048665782466,66.19821132446063,30.978468491807803,2,HIGH
343.1062193489769,7.254340267960921,47.392522329199075,15.596241930678023,2,HIGH
197.9931178849844,2.4423993913652824,72.45506041070922,30.46758500674813,2,HIGH
52.37250085071099,3.134509131687368,81.58359463920891,26.812784138718783,2,LOW
278.488574448509,7.232009331173923,98.17339714059025,38.20935547367694,1,HIGH
82.4295119748701,8.017849497512099,56.60762627616894,39.8986986523867,5,HIGH
176.49186763668672,3.1513234883482553,34.51307812664458,35.549023091586164,5,HIGH
26.000315579555398,3.3127196850934375,99.15798548549463,29.20486605949872,5,MEDIUM
330.12336096919296,3.7640862538485473,73.66646615978755,21.484457851259645,1,HIGH
50.37625641900023,6.382165283529731,96.25153207125385,40.4134460190768,4,MEDIUM
361.23900281972385,2.5463456047114925,37.26789602077835,25.250074201332506,3,HIGH
345.69224090462285,1.9381887899629975,53.942368790932036,25.688756615848476,1,HIGH
185.8331057756984,7.1097768017696215,39.375568921090704,42.48034641561134,2,HIGH
297.74728172159627,8.01188145813853,88.48571082074416,44.26791766793739,5,HIGH
247.7780295272613,5.5083646397485495,91.62399190005212,41.94392869153512,5,HIGH
321.23025693509794,4.274494392415468,65.09181899125143,44.94704170683244,4,HIGH
172.72204031436482,4.888384421738287,43.06243523634213,41.06726531704432,2,HIGH
314.32339369774,4.495670504847567,38.8983278327796,36.130725528602454,1,HIGH
184.98272682605918,9.639864174139078,71.17148770561448,23.814581987144187,5,HIGH
376.38631513711755,7.912809146972262,65.44634272097105,43.58871146699629,4,HIGH
194.54884033005902,2.8727849336509923,78.63523716573673,41.29880494841261,2,HIGH
185.04770877349182,4.457702368485821,51.36450838339938,22.222403772469598,5,HIGH
314.02874462540507,5.896110622267988,58.16575965170536,29.67487419725481,3,HIGH
328.63107670433516,6.516872758573196,31.495275169581017,17.101669818766503,0,HIGH
221.79564572846832,5.213655064258904,72.71001315528703,43.59926589801651,0,MEDIUM
71.91912539803016,8.291139715107633,59.620046494253444,32.18304983164368,5,HIGH
187.1032923830318,7.908454175124085,94.38352436694134,22.356016377844963,2,HIGH
387.2290011638714,5.546421267653501,74.92504083933633,23.77197940871627,5,HIGH
301.19447721567406,8.689864481035574,57.908614401478566,44.41969117889579,0,HIGH
324.46504155165286,7.759805773981473,48.45124266113453,33.46842875412593,5,HIGH
13.130199527696051,8.00723663848579,93.36994598253472,27.620493723192112,5,MEDIUM
187.14378505366395,9.607607014900749,31.13855518822103,29.995363853566143,3,HIGH
258.6484534630221,3.398202470882824,52.88387270766745,17.956502171320302,5,HIGH
332.0130734512299,3.4088334613016427,96.04539086516245,17.25068280218628,3,HIGH
19.709461433108586,9.000570301215761,75.78231048871018,32.78123229901155,2,MEDIUM
340.97555425674926,7.950037360471115,67.29033498983094,30.360121093209493,3,HIGH
219.3603746967647,9.338909872920647,44.24743025442992,25.774595739103233,0,HIGH
78.92558823042397,1.5681714429200775,88.3362341978071,31.983418575340934,2,LOW
126.90208657988,6.64981369535437,44.293934381494324,17.180278483115167,5,HIGH
112.7718207006243,2.301655043111027,47.3777472064875,43.319735142946385,0,LOW
212.34361371539032,5.5350747846332435,43.42958000102986,23.811350633526658,3,HIGH
20.67427196445273,2.4017223866809982,41.070462239866536,17.153363720159966,3,LOW
63.414463399969414,2.1527065808639136,96.7318747185162,20.085128177223122,4,MEDIUM
325.07721735031294,1.1095151084382984,72.14221172989159,17.864217434475506,1,HIGH
53.04159629872443,6.672149311446139,74.64859924070657,20.358135130790437,5,MEDIUM
93.35850778325079,4.2312035502107745,96.80278259751485,27.502621644798356,1,MEDIUM
181.34824224166292,1.9466945639107451,46.140253858789386,37.14152681806563,2,MEDIUM
206.8483552453322,3.9055399995817885,30.414227701838445,23.170450423651193,0,MEDIUM
305.44419184566345,2.5204968230642644,71.92185546992039,28.077798658249314,1,HIGH
178.93297066647511,9.475253483514935,65.5491397256911,42.86271863664709,2,HIGH
315.9458484142155,3.880043971852133,63.43552641788059,23.87465217977926,3,HIGH
247.33852281818298,4.005581709604509,34.33161478723394,38.84159259794129,1,HIGH
45.239895769528985,8.558722030596272,61.81044066023492,19.734506174470994,0,MEDIUM
62.532575357135435,6.829801851574038,50.12916955634893,20.349652387717427,4,HIGH
174.8134901799083,7.391544466627012,49.21952740570192,28.684586204287967,4,HIGH
158.75575723561585,6.7240162359006455,45.5667106125365,22.02306751399159,1,MEDIUM
297.4177078549178,9.515766555537088,53.276985182819956,42.090842213827806,4,HIGH
232.29485591894075,2.8630074840224067,54.71931526003887,16.522568733704333,2,HIGH
155.25323240089972,9.90135317580216,51.614304345339825,32.91817698431519,5,HIGH
68.30411338015425,8.478605598008619,98.51269010036563,33.1268818844856,0,MEDIUM
90.73484093019806,6.30075329988708,95.2911759856641,16.98077782558343,3,MEDIUM
230.20040738762359,6.9613446195662405,70.21570696674036,36.97692644612674,0,HIGH
169.375521959917,6.839432888505526,98.67383868872169,29.066926335365878,3,HIGH
205.97100354426883,1.5255660165323852,99.3838607223433,36.69220120484425,4,HIGH
68.27097412089347,2.9621484867874477,54.91577970121118,39.807749578052096,2,MEDIUM
265.16250093782634,9.653237960722743,61.163128201782115,24.686980559720816,3,HIGH
341.0154963423868,5.8092798597344135,97.13432438892659,29.53457648806463,4,HIGH
103.17580271476024,4.405182429357208,72.60383395090807,22.82282339304034,3,MEDIUM
196.60569033273063,7.858346170501675,44.90503579860908,21.04540390567005,1,HIGH
390.21093160836074,5.720670483902286,78.25664678355503,15.017842741279722,0,HIGH
133.29669622029107,1.1184649428870783,44.40223274322612,43.908945362395116,5,MEDIUM
238.01853796950448,7.6261383704360615,53.7550420570292,28.227854079889447,5,HIGH
36.07828008009775,7.589958040475752,45.929211416674605,15.392093191766222,2,MEDIUM
242.40600099177726,2.4863384089897695,47.148615115368955,15.268157327041445,4,HIGH
35.852709321847165,9.60994079581792,30.32589070967476,23.65057705653585,2,MEDIUM
383.69417412952885,3.015173183870029,91.64961825396162,15.418130361303552,0,HIGH
286.26506082892456,5.119744306439793,50.71933466930557,26.23543852975645,5,HIGH
315.26391525428255,2.0326236513482323,36.046206566595615,16.888155043168435,3,HIGH
281.6417443086547,6.429540875055296,36.089118397676195,16.177547734509293,3,HIGH
235.89161443058632,4.379060080514913,68.92127935226665,35.0814418222365,2,HIGH
179.96511243420215,4.17856115988735,99.5044385373756,42.20523868328654,3,HIGH
343.34935190442496,8.442791894988526,40.15157270891341,27.28159749906838,3,HIGH
382.7342670172252,1.0860554156543043,36.97352466647616,40.10311290827798,3,HIGH
199.6144691616325,8.181520938031802,60.68127162814635,15.877963834072414,1,HIGH
372.6140196621048,6.143037091732708,69.43318776885567,38.33070167910547,4,HIGH
233.333163995407,9.874886621321792,50.606625121455835,16.883999769686728,4,HIGH
215.35367475857328,6.304988985438241,51.17654647597065,40.15318269592055,5,HIGH
181.79309318214268,1.4984122073316213,59.71335512942646,41.47099034616192,0,MEDIUM
83.71510461204794,1.455807937993537,51.990193060542424,38.57921527146943,3,MEDIUM
1.4878643272236758,8.948376877346487,94.07321084979617,39.62247073233867,2,MEDIUM
96.60249074242451,8.570927309599478,32.93681999034403,31.84453698996957,3,MEDIUM
203.88926864142607,4.113010680238209,46.41991119091922,22.946548277479557,0,MEDIUM
151.98398090390103,6.562292357630235,86.59869573591949,34.296930079828996,3,HIGH
179.39409120105353,5.4063222135004025,88.37706872654698,28.18624947229084,1,MEDIUM
392.2592878256198,9.70447649622447,37.80885552749408,15.16009682757138,0,HIGH
140.10894826773102,9.549648107892024,98.16344150089017,29.30477119304505,4,HIGH
180.87317574404315,9.85455107686697,78.53483949293762,34.535637736516364,4,HIGH
53.40622054112782,8.798039025708377,49.0815139188517,15.416509790739623,1,MEDIUM
19.18309297479506,9.185964316975912,61.92265053701182,33.64081008324473,4,MEDIUM
310.1638058369979,2.9555090089042277,50.7997033697577,34.57595718650569,5,HIGH
228.27327002879144,8.47906110090797,40.50155748980936,19.7432273471669,1,HIGH
304.281922417558,7.379714018838472,50.382464532424066,27.932225554695286,4,HIGH
59.94511955462065,9.665078579452631,70.60643562427329,43.92997802667398,4,HIGH
228.73150847307636,6.1413564559835745,87.81787863848281,41.52567683399347,5,HIGH
101.45698973655021,1.766504500395007,55.4470352422704,27.324642685747584,3,LOW
91.22472676000797,6.376590020684376,54.35310783834892,25.495388040724666,0,MEDIUM
4.6104056211941025,7.17922835219159,62.760049075692585,18.72242042930568,4,MEDIUM
52.13628942762875,2.9828892584118547,75.11889199750425,16.055672536204792,0,LOW
123.70724459987814,4.547020451614555,82.61313837026165,23.92388332326236,0,MEDIUM
46.75150423637562,6.38653072646512,52.87596533596317,43.20850041246715,4,MEDIUM
394.343376164375,4.36695163584855,71.04467274775973,43.75840354001002,0,HIGH
123.45305940958026,4.374529455147975,57.255258889661775,39.37558021728829,5,MEDIUM
52.12957868093127,2.1977797525551765,80.14798952543701,25.524744405595783,1,LOW
79.6329251311831,9.466720507698994,41.52724443619146,19.308792986463335,5,HIGH
235.0812913365906,7.754449460455869,47.984740553590726,32.86600426817038,2,HIGH
25.617409545915404,1.011190949794918,59.824229388992485,34.39515021618544,1,LOW
344.97365205646275,7.890519556199487,92.25903529449573,27.737207077368122,4,HIGH
384.5998716948589,7.658154933920729,70.13280525454832,35.74940386675921,1,HIGH
98.69896826695235,1.0875786413997068,97.57772832869881,37.40045656955206,5,MEDIUM
180.03810743634375,4.326438678523881,37.22943796967587,38.4918499072434,2,HIGH
8.853780411798828,6.460729212929776,62.21227895556544,30.06894334072522,1,MEDIUM
256.2840898908886,5.074755866722323,59.33549710317689,38.749223326792006,0,MEDIUM
165.57042322103555,8.001875068484566,72.01443234841778,15.764292788083704,4,HIGH
108.02338644062229,4.829124993709906,86.83752260953048,35.41213100216609,0,MEDIUM
82.73484424664339,2.3847667250845332,88.9013617908142,22.069018711514396,0,LOW
261.6092310635042,9.787740618464458,76.91362260938558,23.115608750629598,4,HIGH
166.4868124129258,3.178359934984419,74.90754549718875,17.73905119820197,4,HIGH
71.8637156119648,7.459230794871991,96.43206794313653,20.77176790779538,3,MEDIUM
275.64363259472964,2.2884068049766473,56.858118114689724,44.76024699006008,2,HIGH
226.02891321467746,3.961113524055394,88.29483199319418,27.46170391690426,0,MEDIUM
343.4688219717985,4.978248475873814,94.50526089646058,42.83296196066057,5,HIGH
46.99035955059716,2.730088040743575,64.40774709856379,19.88698584578394,0,LOW
314.26664077778247,5.0496361873174855,81.03718050223102,21.121765262955584,4,HIGH
269.4067147269036,2.41446540692575,56.39138996696343,31.734400614452138,4,HIGH
46.004374731239125,6.031058850873011,41.121530993678284,25.485976226372472,1,LOW
277.9282919486883,6.973419272681745,71.05527170306976,34.31745625724388,0,HIGH
176.61891555193216,1.561908556252097,43.75301555946723,27.661397271612913,0,MEDIUM
377.99391422233725,8.840189089739512,62.03193915627083,39.34791712396386,4,HIGH
56.644540247159725,2.66626796537832,91.10155193298333,27.946772135132512,5,MEDIUM
257.1333563262952,3.0282618278829143,36.02127312945764,32.17047547314792,5,HIGH
152.7920181851784,6.952148560747567,32.129997496525476,24.632196000711865,0,MEDIUM
382.7258682363511,5.2187595439097265,72.45344931673213,36.12122962315962,2,HIGH
131.98995811611059,5.494560392539591,53.174292861642655,34.64202626897142,3,MEDIUM
384.87436379672005,2.153394861068194,59.25563948481407,26.91003098322173,4,HIGH
360.5943404402996,8.251622396887674,58.399741206083206,23.280963083717896,4,HIGH
108.15329412426253,6.55348821493789,36.06341603066945,33.42313124460897,0,MEDIUM
321.4167107305711,2.218438389785104,30.24965028757162,43.29454947633023,5,HIGH
398.24168072140236,4.365994303230364,92.8896270004985,18.979290720798048,3,HIGH
101.06520086851293,8.29368939461527,45.245899263262245,38.97349855036681,3,MEDIUM
174.71086772932787,6.1151954138795865,59.82552943050018,31.28975318424272,5,HIGH
208.07229462670387,1.9778390121963743,98.0348057669755,30.766790855215774,4,MEDIUM
117.97245432154573,4.35499341210358,87.87338073885566,43.850524427279375,4,MEDIUM
6.105935858411904,3.184249586101611,37.555159868389154,33.1762439270567,4,LOW
88.05169767901066,5.657189982883537,65.59633221288101,39.91553483245554,2,MEDIUM
112.77475373670339,8.590250159847905,81.10553185465112,30.434317466270898,0,MEDIUM
177.43988052727485,4.9264042132397785,78.88749494994487,22.49560101765268,2,HIGH
68.44099136536074,4.900078273314907,83.25892966831292,35.834708143743285,4,MEDIUM
349.30174267666905,9.148158120943332,62.02182584216247,42.695307133320114,3,HIGH
281.9644530925344,6.185668712565452,42.31460505311975,40.236902868302266,0,HIGH
34.08019102386479,6.0957197865766615,62.54107107435608,20.95090818720254,0,LOW
260.0369804559726,3.3571890268785043,75.35210744213043,24.506673571864507,5,HIGH
261.4625905622482,6.469504730534137,72.60144606236176,30.50642021921033,4,HIGH
382.48846945745106,6.183194206756568,34.93654376520252,32.14809885708196,4,HIGH
1.208348542464499,4.571663233076776,34.54667038575342,20.81442343375585,4,LOW
99.17297992232288,9.916260093092625,97.56804818086484,21.900370200454937,4,HIGH
371.1165917501262,8.93701868453278,40.62638185278397,37.76493207106309,4,HIGH
372.85356615931323,7.74627661069134,50.61237248082054,36.90952250144827,4,HIGH
288.23456774825496,5.836110295717004,83.73441375093158,40.17626443886673,0,HIGH
306.305328419016,5.158538217051673,58.67739530762225,42.987894218406936,2,HIGH
36.59318317185885,2.6640765570087943,42.70253972820229,24.24783356708075,3,LOW
205.55033391129345,3.7516372661316133,62.7062667616847,40.78784869711738,4,HIGH
92.63319651559976,7.965647198408892,69.8264979534356,34.98035373828559,3,HIGH
72.4872174454469,5.083740585437963,61.693662649465296,43.73311271675398,5,MEDIUM
324.12131964933303,8.940425649125512,94.32622528304763,23.162224680702476,0,HIGH
54.01525467221897,2.331200227109759,49.9289506569653,23.090145049185768,3,LOW
187.4606547985541,5.5751238641227285,76.29325124897696,36.128803460781796,0,HIGH
375.4312958344132,6.8226911561917785,37.86063049869284,42.85232322114829,1,HIGH
74.33282222613701,5.651636106771334,57.45998203648186,39.73667474359304,2,MEDIUM
391.19736949529386,9.003042024264884,81.86952761094815,36.81118673380068,1,HIGH
397.7151943044236,9.906069536462258,45.73718584126258,26.619275941721646,0,HIGH
222.24686187296118,2.042511925072328,71.28397319580888,36.53302004105922,5,HIGH
68.05709607086317,2.169594136692289,40.74059204463423,39.032867292924436,1,LOW
126.44195517635825,2.17291702204109,37.18911839529598,37.598570393718134,0,LOW
169.79713307061405,7.130593864634748,66.62629242475299,35.304323948583686,1,HIGH
123.72968974328917,4.354084859462541,77.25076972602201,16.41393755072109,0,MEDIUM
112.25423195060631,7.5998319513931545,37.93569463641384,34.79144799344426,2,MEDIUM
388.891883686543,4.6492432559828085,94.24433766610406,29.34883966448731,5,HIGH
61.345930966298255,6.648460491988573,45.80405838882268,43.84707814649057,2,MEDIUM
293.3311634867449,7.928722051110041,38.398271571151,33.21569650131213,2,HIGH
0.1641157756699485,5.933943195894285,44.18892358451474,33.24681768705898,0,LOW
238.47306776095076,5.855532314050055,41.87007195722894,44.821655621092496,3,HIGH
366.37720158162097,1.79410892757071,36.34722554290643,17.807633693427164,1,HIGH
115.17363763728761,4.697035686184913,85.84874643450952,23.289488553010585,1,MEDIUM
74.21039010308768,5.9119943790244385,64.68764423208776,34.68238316907077,1,MEDIUM
260.6719179513708,5.15782743099769,57.1963608265078,24.45708768103124,5,HIGH
285.0405629193573,9.107038001695829,96.54395488888932,25.38450443787366,1,HIGH
275.21220758079255,9.158775689075405,55.970587094535354,41.77934819391326,2,HIGH
127.72675200854961,8.397256425298856,41.688090823303256,32.380617151193896,3,HIGH
100.88096086373235,4.37768267835808,49.183002434861734,18.085967484124637,1,LOW
382.3675199848177,7.455692365187809,46.72765735120175,24.325877571978655,3,HIGH
369.31980330797177,4.557596149626488,64.91188956943134,17.28175129498254,0,HIGH
182.92664395712814,3.0933423907818316,50.40535867682018,31.683898003414356,0,MEDIUM
338.47754646174934,4.0861237919579345,66.12428205304533,20.19804589127969,5,HIGH
180.9293910537184,1.6386816995698195,76.85053974627522,40.71345450075319,1,MEDIUM
169.75560722900417,3.9859975810418247,84.41091499992805,32.319420793694995,4,HIGH
62.70517903971786,5.146679955350544,79.71104468870615,16.78126925793284,5,MEDIUM
170.56242259678913,9.59932805302747,44.39135015194527,24.026269908729567,2,HIGH
214.9667754399228,3.8206952759766244,38.112980346992764,33.4901300170838,5,HIGH
9.001730971474586,9.122081852849686,67.97151113708756,25.064949545814848,1,MEDIUM
177.64520207016255,3.0597244824114735,43.923825384570165,30.395300057818673,2,MEDIUM
312.5424873580801,2.7187200798332447,35.94536052400593,42.28086884048207,1,HIGH
272.01842254970796,5.670959107889485,66.8966040085592,25.50107911518835,2,HIGH
254.062795545574,7.052602323676654,52.87559295754568,25.07618587409364,4,HIGH
363.822171374881,1.3989902572205328,82.93043083569526,39.59270523938096,4,HIGH
7.212803930092004,2.9895927854249504,51.99341413838926,24.562695687503098,5,MEDIUM
222.81903447689365,5.101152998511848,98.51019959390696,17.338750324211766,0,HIGH
314.93953936388283,3.979039023848633,83.09662338824957,20.428348627124848,5,HIGH
216.53415308050688,7.413589714134897,34.038525504220345,43.46400752388903,1,HIGH
129.55822103215166,5.6004453643718515,65.62109182493933,42.99878377733164,4,HIGH
54.50022603679115,2.443231950435102,69.38343508498772,21.744362723344434,4,MEDIUM
355.02522872647654,9.050188413835814,78.67118974771184,31.605056192960575,5,HIGH
188.30495695504118,3.636151079350236,64.84577579236307,19.121043012690087,1,HIGH
351.24607879428055,7.580179980679811,63.84105188902012,35.24032885534608,5,HIGH
234.34084897326733,8.01924201194869,55.75570281743289,20.55917388029432,5,HIGH
269.6768466460003,9.668419302304919,49.00229687294216,16.49371268764812,5,HIGH
321.70446175138,5.486567198716912,96.23401483837141,39.74690421626398,1,HIGH
263.66221784005376,6.54251963917989,52.231766874406034,24.76201148170877,0,HIGH
159.2219362715751,4.013886641315803,34.43949272062315,18.255672106802912,4,MEDIUM
205.45335357146038,7.103613640708598,41.70993175053886,40.017118525866756,2,HIGH
321.2182098703519,5.170451372796878,90.00936452289028,37.87192432638445,1,HIGH
149.46011854919368,4.9388712825198,71.06434213863687,35.512753512959044,1,MEDIUM
155.24858270739884,8.69920776204495,84.5146384563946,42.33746129533588,1,HIGH
38.27604642320046,1.451519591488198,86.6147082297786,29.676782606119055,5,MEDIUM
365.8337740886991,8.937661850486815,87.62655074477513,18.841694927603932,5,HIGH
36.41452597817669,8.668628540457012,68.54295954212262,16.840392296853587,1,MEDIUM
259.28367097942237,5.557296282056102,42.39844169893734,24.55323053878976,4,HIGH
165.27779152111907,5.411825687850654,40.37629265652992,17.604924904122488,2,MEDIUM
162.24775610217694,4.256266312319411,70.17890942625786,31.06528321041256,0,MEDIUM
271.82073462907357,9.94756412513561,55.65600475799735,15.434970534694736,3,HIGH
26.83749305195149,2.000523994784571,69.06337688720372,28.312899045281277,4,LOW
237.48231318057384,6.311937120657463,64.89344909665053,20.35380869560756,4,HIGH
308.8127143889419,7.135134311011753,72.1538655788284,26.048041316014746,3,HIGH
331.2851031546377,9.4089700739525,32.24782535155958,35.25102224312067,3,HIGH
68.21215575751012,8.021831471710854,32.29856764410864,25.528913131521044,1,MEDIUM
358.96762003126946,6.794624825303922,80.51166195939561,25.240196616006457,2,HIGH
262.4584367389769,2.051310851309104,43.51890706759039,44.72252198518506,4,HIGH
352.7419203282731,4.363601651483206,75.65389235344395,36.56444168178859,4,HIGH
194.1122868440793,2.2495747829318673,68.26031375540182,30.41585135550154,0,MEDIUM
216.8133380388808,8.930914592189623,98.72561299832364,32.38126952992738,3,HIGH
367.6153108114685,7.746590400072787,88.47841152181437,33.60547894556433,3,HIGH
359.9638173418687,7.817831081175063,58.91941649319446,15.737261968225258,4,HIGH
179.2643493476008,6.870308659961897,73.14889740652154,17.407937715757427,3,HIGH
109.7650526542727,5.563391832430387,38.21026200578304,34.47568054069956,1,MEDIUM
157.26817382570567,2.3497395351714747,57.04702300736667,25.93406576544941,0,MEDIUM
155.10573141189988,3.9672539803454656,81.37214187629121,16.66332120695775,4,HIGH
114.74674999311758,2.232242132292015,73.58701088900575,23.925397381548784,5,MEDIUM
107.43184173318663,7.524218285671089,63.91299270641505,18.908502612641705,0,MEDIUM
344.42517459188775,2.442058984198045,42.357037283686836,42.489415266789635,5,HIGH
27.944768273864675,7.31902195154517,86.22021483102813,21.087761776593453,1,MEDIUM
271.0444728398377,7.230298506363143,49.121662308810386,19.310735921821575,0,HIGH
69.12802058258092,5.1337403109216,87.43353571633367,33.785064512658494,5,MEDIUM
137.80235735762528,2.2170578870624706,72.81263439564955,30.65735790830498,3,MEDIUM
24.617213653934744,3.8332074352063303,56.091199956415124,32.277973621073755,4,MEDIUM
107.98945474218482,3.8808379816799627,32.842365537199406,28.078444441209456,0,LOW
307.36842844689687,7.303466198289641,46.26931910410638,29.015079327963885,2,HIGH
354.00612981890345,2.023687174723519,92.23496478417147,38.363926675413886,4,HIGH
88.61086076094682,8.461617815944816,87.25820407270022,21.597665544770024,0,MEDIUM
185.41913570356874,7.849065611673225,70.23973190538686,26.89587908493702,4,HIGH
188.12961917488255,2.6767622635684654,62.642572477348885,43.734761547838474,5,HIGH
349.43012230389365,7.472479436010005,75.29998755310764,20.699571035581357,0,HIGH
305.1196211503222,7.016618633210396,62.63736894903111,23.81320785125601,0,HIGH
205.23088734721995,7.7330872009983365,75.10133885033983,20.747007728579717,3,HIGH
268.29888018870935,2.70035699903825,51.51828697621106,15.61486489074407,0,MEDIUM
338.9420215637467,2.4183128994082175,88.69480525380325,23.09489775125011,2,HIGH
3.8155816102179774,3.128355873304788,79.13425254256867,16.394023378867175,3,MEDIUM
161.15601242001944,4.292845328340781,53.098293989938426,19.640553792199,2,HIGH
362.8972669108315,8.142984829322211,88.14662803764088,25.88046210202844,5,HIGH
296.12521233758054,7.64131543730965,64.11397715972252,15.621636512068747,2,HIGH
217.13654973362986,9.329064330506798,42.2247205316223,37.5886969779215,1,HIGH
211.85781081405338,1.527666031887539,35.439872340246865,38.8676704130864,2,MEDIUM
139.1080390417751,1.1040065291276704,78.97240233460542,27.342414072550888,0,LOW
208.20821345660582,7.292249467307192,90.55845629456074,44.53997938122808,4,HIGH
262.1532797853813,3.513587462147491,86.52093920161806,35.369817444230975,3,HIGH
167.34521537151724,4.006710059804358,75.89557211555064,37.311652439422474,3,MEDIUM
285.6612585568696,5.92121823323061,39.89625389233376,20.769012709984004,3,HIGH
344.49289090415436,1.9217181081411865,36.58308531836575,40.123128684651405,4,HIGH
61.873939273944465,6.784249748932448,54.15207361082078,43.351391940645186,2,MEDIUM
180.61880912696978,3.926327016080352,89.84376232791382,22.089304997213752,5,HIGH
163.20803651403244,6.694436118708925,97.3215389214665,35.593928831591406,1,HIGH
274.98592161989126,8.506062217660473,46.89525983929499,37.40823145989994,0,HIGH
99.94698610317174,2.540002000036867,83.34669694072039,24.15507515428647,5,MEDIUM
256.1003659809105,9.377857836230682,70.1708451835044,29.250270077168892,3,HIGH
350.99569669259523,5.776193269561994,32.226515695455994,17.92617280742172,0,HIGH
167.25263991744907,9.306349886565716,68.00414449530578,20.19284411878524,2,HIGH
364.406279991688,2.869570739816003,86.41582820925487,16.847115709415842,5,HIGH
397.2654955733914,6.4410639814381385,49.328594834081855,31.80496471635881,1,HIGH
42.436819979180825,4.634984055912442,92.81531367793227,33.75788691831808,3,MEDIUM
93.22127519394346,7.967999720404119,46.53822848122458,42.48358750301199,2,MEDIUM
380.15190059283725,6.453180488919667,35.3531192850838,31.265544318708045,5,HIGH
383.3310745925547,5.450639112624866,41.19575166076948,22.818341124243,1,HIGH
39.0829101547034,9.216868657879077,88.59020081046428,16.784206397733563,5,HIGH
5.999400150854672,4.394053577545122,59.21141433276698,41.548591582525106,3,LOW
64.4400093025689,2.9798218440836335,85.78618945351604,29.365742355841604,2,LOW
398.4051133528993,6.472910681668825,67.18631426927166,37.11965968326963,0,HIGH
71.99984664427474,6.616255934555324,63.639138735610196,15.439480457867669,5,MEDIUM
201.01904268880926,4.951851594146879,86.48392060447257,29.64416767993253,4,HIGH
339.3670905722044,5.379490393204441,59.644132819866314,24.771678694994957,3,HIGH
8.160644275282536,9.6359807286991,86.14229117464578,15.909938178414805,1,MEDIUM
241.7955929033838,7.5941712225712115,37.04635154744119,38.270184212173746,1,HIGH
110.81017954784973,1.995415763343193,74.54175708774795,30.387049586808395,4,MEDIUM
344.9339665758926,2.9091706378354987,79.18109395863894,24.995407289733926,4,HIGH
113.38445970563167,9.78018970992003,92.93681772992198,39.17395451722198,2,HIGH
274.70228811276354,7.538189984141781,45.702674310133645,28.407703555504995,4,HIGH
269.68785297895874,9.23540613530188,72.2953916064996,15.104938691049039,3,HIGH
88.597419543856,3.7347531758984984,60.327959458245616,43.333428961149764,5,MEDIUM
13.919679947340047,7.6768017407793305,56.79401588808203,22.670482213871566,4,MEDIUM
163.69982951415892,7.426024376711603,37.46994886483702,39.917265661900245,3,HIGH
115.67726078634789,3.6522098689543756,39.396333141645954,39.49246152243819,0,LOW
323.5910998454834,5.9573469290563486,88.58919230133523,19.87121794082194,4,HIGH
320.1456753821381,6.646736001432657,82.48274026278935,29.220080436443297,0,HIGH
182.8095808770502,5.330186297447185,56.763879120377034,16.20596935495479,5,HIGH
242.60489012928755,8.444608359922114,87.99406069727416,25.63655018665386,1,HIGH
241.70380639477008,8.495821376181905,35.65363293765049,36.9293653010886,5,HIGH
330.86325937104937,8.65540493471401,73.7341741923218,22.11208410331073,4,HIGH
170.000965649279,8.230812121883465,90.77232369000018,18.5138379222693,1,HIGH
110.17867191620363,5.3927512947743015,88.72049617218747,30.213706528050267,5,HIGH
106.01396725621899,4.432944683341065,56.09479319593019,31.109591531208963,0,LOW
214.47691171288164,8.482386553429336,82.16636971398924,35.274867939634746,1,HIGH
179.65928109288504,5.411813127006401,59.92277018639143,37.77413240407772,0,MEDIUM
176.04830839397448,3.217342587651837,88.80967150729646,35.87428593793965,2,MEDIUM
36.45493563588289,5.5660917908999465,67.1533365108516,40.36236624884552,5,HIGH
287.4414962760782,2.276648397273179,83.53999343735288,21.687193928461195,5,HIGH
85.49467519276428,7.22466541538919,35.50001076041702,32.09300238649489,0,MEDIUM
78.78145208348855,4.023291534615157,71.3018180126204,25.802860722639757,2,MEDIUM
165.1033281109574,3.3459291860270888,68.5198924228537,43.86337071004927,1,MEDIUM
91.11133664712057,9.608578716112705,72.69837052146121,28.208385702444716,0,MEDIUM
233.54330692320616,7.991928961824769,78.6949125540913,43.7914179940067,2,HIGH
148.5853357337886,8.083625524515384,94.26762790238993,38.07196962177318,0,MEDIUM
179.56468903711604,6.613497723512651,84.99774572432217,36.553915862060975,3,HIGH
214.86772864161154,8.552555294592674,45.37465940044333,29.74691135765481,5,HIGH
81.41420899272194,7.832462330470431,87.81273885044672,28.301344027668065,3,HIGH
62.30064914621192,6.388963337202549,38.54557743305669,30.79644562555221,1,MEDIUM
352.16876114944193,9.650119616665457,73.55390099725487,23.808991887808595,3,HIGH
173.48948113256841,2.724354547159807,91.79276657721601,42.135298195154,5,HIGH
164.83744385301566,9.49041747095276,37.078543795043274,38.82991965796099,4,HIGH
14.244860109136592,4.612943457989784,89.47848573171824,39.04187562975132,2,MEDIUM
199.1905210349573,5.7555908506133795,85.90345139611719,27.994607863483083,5,HIGH
221.66788864440002,2.1046538758987805,65.26428036873494,17.132668447326513,5,HIGH
223.5363483818666,5.860966950296119,51.622832160678286,35.49231953778836,4,HIGH
282.81246772915375,6.500860766723741,58.380675965008066,26.232407519142352,3,HIGH
70.99273399640471,9.979313876276716,97.80606949901482,41.11290937352476,1,HIGH
100.88925369224752,9.776731699643738,44.11882893062925,38.410153153495905,4,HIGH
324.2921860921651,9.697575626868586,70.57230014809267,19.359844259692682,5,HIGH
378.8682467373576,4.135492540918516,35.82685235150787,33.05147191615543,1,HIGH
54.37309894692825,9.92139848870539,45.25251449324205,35.76641777781553,0,MEDIUM
199.05982180208727,5.099303364355998,83.43214716521643,32.04412739473084,5,HIGH
85.67050109583474,8.666526328857104,51.181932825236906,30.42126528465784,4,HIGH
24.029267341992977,2.946879721170748,99.00362493939141,21.83589225017824,0,LOW
130.20133525045418,5.552498616909421,65.0571930165688,22.07720533263553,4,MEDIUM
57.4750500736851,9.694108865148449,66.157752771542,38.04024415927664,2,MEDIUM
283.97322937369853,9.523282572310848,32.54203175350147,15.560693566906714,1,HIGH
213.49016546857777,7.15361390039284,96.95687247040863,38.36730188116729,0,HIGH
57.53378839612435,8.18032890297754,42.196340861909256,30.803962096174175,3,MEDIUM
3.696635362205747,2.5878402694216125,67.68384191673098,43.086679571545076,4,LOW
323.2628196096851,7.494926945357417,57.697222697111215,44.919646431687696,5,HIGH
70.47776246569902,6.5624572750183505,59.090929052122405,34.904536953268845,0,MEDIUM
242.48665688830638,1.8239656217612148,75.03101162252759,27.36771583260411,4,HIGH
134.76876523069822,2.0184310593070864,76.34620739647342,29.252577256820835,4,MEDIUM
234.19437532601424,1.975992559761357,40.800203040066776,21.126462829545233,4,HIGH
126.26145079292961,7.519212413468521,64.97106571853246,17.97702971974443,0,HIGH
34.775824276901666,2.275436874228152,85.33342143992999,32.362901799064055,0,LOW
89.18000342310144,5.209590440030234,61.03005384865607,39.164852938998024,4,MEDIUM
75.22342659163024,4.2128362528998196,41.60631295786061,22.852995531876395,3,LOW
171.20774097585755,5.95453726693196,51.92518602096835,27.589584307360496,5,HIGH
263.31351337046294,7.3582883849746255,44.866569487354916,31.643209853309422,1,HIGH
105.52242997854302,7.162502834991988,38.80722275403859,42.236934599101716,4,HIGH
4.82797412024718,5.63967924322939,56.43067892047476,19.15893682986168,3,MEDIUM
207.57494570590276,5.17901386249347,67.86553702386526,22.10649506188988,1,MEDIUM
242.30379574358884,4.580340356100328,35.092606769364224,42.555913553573546,4,HIGH
385.14819760072385,8.757189534739414,72.26763605597284,16.186067794640753,1,HIGH
235.78832123729873,3.977666243853805,99.51171081187253,34.68346902179576,4,HIGH
188.46902375125674,3.3342923905074535,97.48874524140585,34.18577649653855,0,MEDIUM
229.36065035908152,7.6898394428974415,88.04214373994111,26.49763300897692,4,HIGH
371.1602519448108,4.237871155270538,48.64387789616821,29.044940370213546,4,HIGH
331.3512582406585,8.622987397815416,31.56853175355571,40.64753854441684,4,HIGH
129.1914933455232,3.9509984677343026,88.34791920179957,19.949461900403374,4,HIGH
94.9017454628549,7.317503421171294,33.900416238509926,21.947024348367812,3,HIGH
105.05344494642945,1.4059810565680249,44.39396570295393,30.370512343196715,2,MEDIUM
201.7684158860852,4.47006592099288,68.1117250812749,27.292362690000903,3,HIGH
297.61978049143113,4.089071574707964,42.48646274005505,32.23117492635551,3,HIGH
201.28768287318485,8.35010865348331,88.36518319090493,42.625175582813874,0,HIGH
27.118558331245033,9.70349862905479,84.40117873818804,42.5130605321351,4,MEDIUM
289.4322801759924,5.147931490236653,82.90386540160748,21.900550191449753,3,HIGH
322.38805146838155,8.423526494383822,87.12893311283037,24.064338385465213,1,HIGH
115.79914604788786,7.297252308616286,45.379124618522845,19.862060438910895,4,HIGH
265.65029571334014,9.706473888973239,81.02246633048244,42.833711143917796,0,HIGH
170.63676042175734,8.299976629085423,54.86970518142353,26.935923905945856,5,HIGH
355.64774229097713,1.6973025936735748,76.67913316978797,28.491154346510314,5,HIGH
338.09022326429596,7.419535501440126,38.541521004182236,39.07922342332379,0,HIGH
210.1727993238569,5.8194974388013625,79.39106060451604,30.38920418430876,1,HIGH
276.6022183254378,1.1479245213909444,98.04754095305456,18.592664466645363,5,HIGH
353.33988040884157,3.261816628528993,33.052025572310136,28.135461283280897,0,HIGH
198.2868040313102,9.295797205242037,36.568023081695934,33.91572129835895,5,HIGH
125.30029619552879,9.334552355080776,38.65457371366097,36.576272632711095,4,HIGH
301.4664551638325,8.189654141805711,60.13947334589109,34.360555583486814,2,HIGH
88.02650191387671,9.836016429501905,50.35461294531376,18.5754215769709,2,HIGH
155.4124592024168,8.258907021617844,86.48441074784856,24.13033575485455,3,HIGH
346.2908948427175,1.0918376855672067,63.16510674406731,37.00693934889646,0,HIGH
289.768936107726,3.590509062713606,63.91761398819867,41.40570583008224,4,HIGH
161.5244020989997,1.2756176401398658,80.19266709277477,16.41559245186779,1,MEDIUM
85.89780096334296,1.846971718638035,55.337828777502196,16.266873242099315,1,MEDIUM
142.3873563328946,2.9695673525569846,54.72450731943245,34.302135880171875,4,MEDIUM
113.6416596909732,5.532026916929702,82.98484713392364,31.44138462489843,4,HIGH
70.43571517754157,8.62778803115816,84.60292220857353,19.66017151553142,1,MEDIUM
297.33316542626267,8.757700805413972,31.007914077297364,31.44874745090881,0,HIGH
100.8279547400686,6.545816727015668,40.06533330885131,44.23462030502553,5,MEDIUM
181.66698806710554,9.353583451596116,44.91687268039358,33.92700661189875,3,HIGH
154.34377873444362,5.500560939311873,54.61203281305134,28.47423468149156,3,HIGH
392.83095145425233,9.001324397198815,50.401365840236714,39.82597463818726,3,HIGH
156.4368976592882,5.086587306988109,76.79640338717935,21.384674569564545,4,HIGH
31.992993118701918,3.4950250667969405,87.96946636620707,27.429792924807398,1,LOW
35.93030102883361,9.247716262903849,43.44608876492169,30.83303675432542,1,MEDIUM
236.30148854122592,4.491415681109824,69.40860424213639,30.136196761522662,1,HIGH
239.74542069530625,5.530636979600155,55.74713757567252,42.62917407633457,5,HIGH
167.50359619306198,3.959745692776095,65.40445125322432,23.780043217400276,1,MEDIUM
172.73747692481186,6.965538402616568,73.45304892483757,16.69511162188859,1,HIGH
21.573033136348485,9.955281025054319,92.55198730774077,42.49131613541226,2,MEDIUM
206.6186041557049,1.2296219397829269,43.46048674790965,21.51202971415028,5,HIGH
201.89579015214068,9.098632054063913,36.090461093924226,26.370839219301224,4,HIGH
59.81972742277782,1.0353345129033886,73.90483433317468,30.926748735542315,5,MEDIUM
41.53575444437103,4.278050930315899,57.58915941408385,44.276414116446404,4,MEDIUM
49.4289962397962,2.5174612566056287,41.4031885305092,31.05805324885794,2,LOW
40.41129859650341,7.816076026052961,38.19610171483913,28.432299196454373,3,MEDIUM
243.88327821470392,1.4554975668145613,69.12368508118209,32.5091543855294,0,MEDIUM
78.59306096116745,5.981364582258951,51.03294161697369,44.12424479751414,5,MEDIUM
100.57206087498538,3.654335204607814,99.81984657101846,39.53833796269321,4,MEDIUM
69.42885766057589,2.203032239782319,58.41305735314998,20.06904408935766,4,MEDIUM
383.1341217794012,7.946363908923767,44.86006261356279,39.097800447126275,2,HIGH
341.8469852607342,2.9567515082973106,74.01943315820944,40.23297179411665,4,HIGH
92.19793494060835,3.01307690849445,47.097842278335484,35.72082311875399,4,MEDIUM
131.0265175688504,3.475691066241307,64.58602302618128,34.71700377501793,3,MEDIUM
83.95713692199887,6.2809008744522465,63.780332860470516,28.226310025434127,2,MEDIUM
196.7503837843295,6.936993385216734,61.74903408010161,34.25086161358361,5,HIGH
7.844212989701438,1.1584227133121048,85.72599873887025,37.12724916456773,4,LOW
268.5472035587183,3.176826725024113,45.16291010263287,18.68460744222897,1,HIGH
209.26325992705665,4.878737582547545,93.3015113549329,22.71989880550307,2,MEDIUM
359.4555713204413,3.987792569451098,85.3938352249474,20.82245636898882,3,HIGH
65.75707373136565,8.957535926597973,53.318565497032665,40.23635510718043,5,HIGH
321.6436984244527,8.089378577977769,42.642175439609694,35.40007774595303,0,HIGH
316.7844057866863,6.633011939849448,49.56745171547189,28.523356187255295,4,HIGH
50.87247568675477,4.042381743973358,53.28453728363549,39.78167251465405,1,MEDIUM
159.42368965765104,7.306051103615438,68.98532181649327,36.50344019977532,1,HIGH
68.06105645780676,8.59274211561215,33.24577181695551,42.407792446358904,0,MEDIUM
101.88820018301956,6.35347339623088,94.00513908964372,17.30420988293747,2,MEDIUM
105.29846993221774,8.060153202040413,36.90723996627777,30.27472144623706,3,HIGH
222.4945576103091,7.741944652597731,49.549137587002434,36.20243710728765,4,HIGH
164.5643727041862,6.1456358004429,37.650120656707664,21.22479560414537,4,HIGH
379.09312160252216,3.8096489513935987,47.967097856796215,24.81378695914092,5,HIGH
50.54805677880205,7.712039422011446,88.63716730261659,27.569287539594796,4,MEDIUM
389.47685394007954,2.861167297218458,73.06230679682696,38.82976854811767,1,HIGH
92.25545608570557,8.015395118243804,45.912625756263644,29.807286031715854,2,MEDIUM
309.1495745527412,8.240920229282796,91.02309708595364,29.786100985433677,0,HIGH
135.58797046912855,8.399303916133357,86.04984414529393,27.92662855656436,2,HIGH
57.232558166925564,5.256243738806118,82.75544976251064,21.85767267888946,3,MEDIUM
343.155674098496,2.732326909933795,89.3342888869999,42.69214606838294,3,HIGH
123.54435969458528,1.8975124005946187,73.37547770628206,24.534033619700264,0,MEDIUM
263.54216169073686,7.690251254391318,65.10061521478626,32.02396982309702,1,HIGH
226.57747403465063,8.976352460768318,56.17545183199726,19.463392065669197,5,HIGH
188.70252375634973,6.85754522953216,45.66348142853889,28.027301762971415,0,MEDIUM
198.32778905941564,2.2974405434953264,69.01881603528264,42.114105485076536,5,MEDIUM
292.895165636915,9.414068036658167,92.26446419998618,44.86395715531776,3,HIGH
35.10916564937623,9.901918130853876,71.57872522946275,25.85255570200401,1,MEDIUM
267.2722647831621,4.900407489414297,94.37248032044458,19.619716389430067,2,HIGH
358.3248405594315,6.353427603463941,54.98421587152145,24.433545801911855,3,HIGH
23.11527880794566,7.99505668001492,78.65965807692484,24.817253051610585,1,MEDIUM
56.2613356934667,7.627508110450402,75.40658307238488,34.33526382846953,1,MEDIUM
286.65277468081257,9.710084727401043,76.93036908439194,29.88470173483681,4,HIGH
174.91265929784703,2.0339478197091,75.15294085685548,38.05379184796891,2,MEDIUM
161.41944832547534,6.226523795285251,45.515827245598174,36.039098534924435,1,MEDIUM
54.786653817694344,7.227382777057829,40.05136287982043,22.539261717757388,0,MEDIUM
202.70801628711524,9.010885817689031,98.5039779362441,38.52767069657334,5,HIGH
50.6181244785509,8.866986649463357,33.17065901897509,40.42385600744448,2,MEDIUM
190.64818252421617,9.801998142051609,62.74155409197892,32.95170569262005,2,HIGH
305.44611958466265,5.6087060854391115,59.75562219993033,42.83003127745728,3,HIGH
103.30574315486541,8.476847801319039,55.20132707505533,38.488443682036504,2,MEDIUM
192.31446727189092,4.84553537314595,84.73886975036967,32.86187720619597,2,HIGH
396.8063877587343,4.80082490070429,82.17452018187612,42.18497991939991,4,HIGH
274.6601693416149,3.280135280255731,93.36574464709582,33.01075440721617,2,HIGH
336.54270852207947,8.364135583173068,57.68412683308455,30.635733820120205,5,HIGH
165.9390426242183,9.87233595232164,69.49256695506219,25.687750212333082,5,HIGH
307.1443692503421,3.307075555125321,92.46149331394844,41.485899917833365,5,HIGH
16.203669176528734,1.505184292189651,99.5693643998769,18.68181512618465,1,LOW
49.16447301689799,8.339881936771066,97.85060536557485,29.20508142652369,0,MEDIUM
81.22823716802485,6.582070472812806,80.24907098881138,31.122399956250653,5,MEDIUM
160.78076984608782,9.637289204959039,40.02592904671257,31.642473203093306,4,HIGH
338.2979513303053,3.2701529716925704,31.623020825511862,34.5566949145573,4,HIGH
138.5064203151722,1.6392489220115296,87.76528494820593,30.17386872761447,4,HIGH
261.84847740618517,5.431980347798514,88.86594171442778,22.70454442919781,4,HIGH
283.72571792139337,1.7691942066863273,82.24526357844286,40.70833188418499,3,HIGH
234.47294163533655,3.3561100099243673,49.594644019945406,34.725759835065844,4,HIGH
142.89678726805448,2.1338007473725145,74.78725017189686,40.74563441130918,3,MEDIUM
230.82133668541772,3.0171896169407084,52.13739092706919,23.281304729411303,3,HIGH
136.90623711589848,1.9553018753925266,61.545377227064726,34.11170684708465,2,LOW
33.54949542080483,9.585153994845568,56.770455948635735,36.42521235229185,0,MEDIUM
397.1215912744058,3.5070644210476196,93.95480607530389,26.502154811035155,2,HIGH
50.872981453004364,4.995078273933089,46.39101315207129,39.36732354620703,3,MEDIUM
28.939353534422942,9.087506268708001,70.43276332016251,15.075263245268902,2,MEDIUM
351.41229968286234,7.095894291653269,55.268707032370145,32.84759250642665,1,HIGH
120.73386435715805,6.562337325055969,76.4149778339958,33.40705411056391,4,MEDIUM
260.11878962940307,7.350068713247534,69.51941988242325,31.015292791159062,4,HIGH
131.60229186489315,8.459400313948436,94.67843769561584,33.90145460758349,3,HIGH
156.58170831778847,8.899023410665848,37.112850619084924,20.016805710698108,2,HIGH
104.8451888067186,6.783757035985238,45.44485878297344,35.54344445407128,1,MEDIUM
137.21760231720407,9.01006547224652,83.64435746817391,25.073668885099956,1,HIGH
164.28016023461726,5.818577746829292,55.81507879263904,28.561612277277533,5,HIGH
288.16642763693716,3.495617706415811,41.60486503601067,24.993280919888058,1,HIGH
204.6144776939167,8.9206903799546,65.23248814717715,29.21808610498456,3,HIGH
377.4260868627908,5.873255446717784,75.64994431279703,33.64707679535243,5,HIGH
16.752157535510204,9.155238288105108,33.1378699907449,40.15030412686653,2,MEDIUM
201.22732905281126,1.361510325555231,50.41353225572113,29.503051729206632,1,MEDIUM
233.68991553268725,4.57764176387112,86.659577638723,24.6967148281081,1,HIGH
368.07879442970955,9.530245165262214,66.41711966271359,29.638256367761528,2,HIGH
19.663409448571034,3.2468508348247247,32.4765450621324,35.664109922115465,2,LOW
229.39983397408642,9.473826214346433,49.73657036922906,25.40102150177387,4,HIGH
341.4519714111828,9.585122150163249,74.7398459185595,27.428462241702185,0,HIGH
96.77109124769463,8.93928082803275,43.955162870461734,31.885194510262092,0,MEDIUM
350.516939409575,6.073012405839688,87.917398435359,23.8202779148205,1,HIGH
7.617363709716729,6.822455041725746,77.3603134958565,21.272539786333255,2,MEDIUM
292.9818516534919,8.826552986048823,62.99653426634552,19.21176851589786,4,HIGH
373.2452884674612,7.983073741502659,94.09366467467494,25.57829949378223,3,HIGH
262.87906465602487,6.670844645098704,57.42605396472632,16.450287193141712,0,HIGH
175.61169759217918,9.840334670836324,46.45513873948597,32.50447580128505,5,HIGH
17.95240658908721,7.171089727003247,76.29820947686906,20.277280979925735,0,MEDIUM
368.0455253290515,9.77933793202985,70.13066312291039,26.321843769901285,2,HIGH
188.1184890766299,1.5164962714638166,53.46735306518576,23.076684461951174,3,MEDIUM
11.598697734379204,2.250643336679912,54.0565192926784,33.91169899025248,0,LOW
275.9284285315048,5.063129614004415,57.874721604387126,40.51036984400599,4,HIGH
192.73490143050327,4.463915147958836,50.379699723555845,33.99903128965035,0,MEDIUM
49.738126976964296,8.044613572213251,79.71689844526458,31.275147860201816,2,MEDIUM
85.70872372410383,2.4455262382228335,75.59508835358437,35.07251217966126,2,MEDIUM
25.79627218233851,9.784856612003397,60.854435678247484,15.899719132805995,5,HIGH
229.71741588342942,3.835592877348226,57.8498273045466,18.685339828863594,5,HIGH
248.8117917008037,4.860313369661435,55.553588855179356,17.847817079131328,3,HIGH
202.29691934217774,3.472705291960206,49.84278249745775,17.94591497246352,0,MEDIUM
326.84085320104595,6.214272555938925,35.99876642099416,22.81451145589644,3,HIGH
344.4035285232054,1.5276583038032556,48.77432798657504,30.961567811496156,0,HIGH
246.24975867325065,2.347097550134039,52.48409440851455,18.440447359702414,1,HIGH
5.102591882972218,7.712179330768517,68.33788043857403,43.05348723568168,0,MEDIUM
278.09186229909426,2.6785052506432354,84.16519563546348,40.627704079632466,2,HIGH
167.19968676814062,3.1196300640099657,57.699150138382215,44.14933061498946,2,MEDIUM
226.2229932905548,8.136840121523539,96.13298340964643,16.27500135265472,1,HIGH
259.6322408075538,1.8397106052152825,87.91449744088138,40.542073412679486,0,HIGH
140.0946457308307,4.937264404937569,98.93612935186216,39.11202226324468,0,MEDIUM
366.8394020687177,1.2075704829750429,91.33421287290372,42.06317593807381,2,HIGH
53.58994669991248,4.121266593861135,73.17081645165655,30.838325029794262,1,LOW
268.60472291241496,7.29083262349679,71.89355014717032,38.6366721232702,2,HIGH
1.7438319826321713,1.8109295174550548,39.06682887279519,16.53860638027957,1,LOW
369.86044216207233,8.99501164100884,80.56794742240973,17.276333684519663,2,HIGH
45.0016532952366,9.185491386466444,72.014480031487,18.555967228487646,4,HIGH
37.953692059029855,1.9449133761262158,65.48524723771894,42.443665898946236,0,LOW
133.2030532208977,9.91659192738199,78.5300810790102,16.835080481653467,3,HIGH
149.42651441563223,3.6777659805594003,61.08334899865956,18.004485800973328,4,MEDIUM
85.72002892915145,1.7569150401844544,66.67017636858003,42.91231207888581,2,LOW
234.04866437084988,1.0456040304753604,57.88466133622794,18.221777454968347,1,MEDIUM
177.16563921678542,4.676706061874763,80.21596253594828,41.09268896176121,3,HIGH
13.670235616434967,6.668289871355059,91.36276793835216,38.678123641868595,1,LOW
127.86082490212026,3.9896132491298193,88.85914573928218,16.208459655964628,5,MEDIUM
324.1731654292682,8.530456289271605,85.02176904346283,15.6554219066889,1,HIGH
275.88061394474744,7.449456480085451,30.965139318118563,31.031651505407794,5,HIGH
289.9483414319522,4.151453787712294,93.83163247142215,44.91526211300302,5,HIGH
279.24676963340943,7.6087869994774415,49.24130045063758,41.36490480296959,0,HIGH
124.38920855321331,9.464389632723249,92.15817600743631,24.300763001138538,2,HIGH
39.86556883071035,1.8378639868871538,43.787767216256356,26.589277023462103,0,LOW
108.9868736132384,3.7549356414185517,60.775202599731614,26.637179887143034,5,HIGH
332.7141200740637,5.169933452050239,82.45791560288396,37.02536447715045,1,HIGH
392.18831911322843,5.481911149792917,74.81952616940208,25.233982579871505,0,HIGH
197.53880589662452,5.879760803974663,59.11453566206009,19.43391184125782,4,HIGH
3.880141969216888,3.7056421588478368,77.50366997181948,37.41322225750651,5,MEDIUM
56.01792485369161,7.005336813841142,68.42646570326477,28.74046854735314,1,MEDIUM
128.83223012650632,6.805760531768468,49.30154146448726,17.30336171059401,1,MEDIUM
231.4341394371799,6.200393556444525,75.24306118479979,38.70156805476182,4,HIGH
30.037458322125588,2.0238554953978896,44.297296044116635,32.55933791850688,1,LOW
377.34291948395264,5.292711019863501,78.57917989814158,29.68107975806353,3,HIGH
146.0334693137603,4.20604198740438,30.217761433626997,35.200295014418394,3,MEDIUM
365.03368716992924,5.4193462285431035,68.41407596332388,30.16103048461099,2,HIGH
312.2087211028087,9.296797919635233,58.074733928929874,34.452604439654976,2,HIGH
302.17490900623244,5.324782088425675,51.21726416613631,41.024656360959646,0,HIGH
242.68783191289282,1.1258271265556066,66.09955770642463,33.40543104333376,0,MEDIUM
250.71352682073785,4.949530642757178,75.17181427751217,34.78801493562825,4,HIGH
255.20129408649925,8.385833620444439,97.57185863494254,33.41568208262024,4,HIGH
251.48855481023284,8.020548308963514,88.31451429216683,30.9353933289989,5,HIGH
221.4912925593445,5.620510661753629,80.20049181586676,20.159172329264145,1,HIGH
394.5656073931556,3.2479211157338375,63.52768381754025,25.070329306765963,2,HIGH
292.91622697027844,5.185797966230906,57.450088376504794,35.793269020743665,5,HIGH
310.7785553570085,6.0733199747637245,32.27707582101981,27.764283201053317,2,HIGH
348.98512603346967,9.998842944467205,55.136783214133374,27.183870357330697,2,HIGH
86.25590509033967,6.797602811524396,89.38639970708316,37.77807852391674,2,MEDIUM
33.521663638024314,7.248384370563521,56.8817207383403,15.167065818709837,0,MEDIUM
193.15777463943945,5.423087292112467,62.310949934350255,35.36983440736016,3,HIGH
205.63227824770928,4.190405957042769,49.028409681743334,29.67679531470046,5,HIGH
331.67271197996706,8.316576852824854,49.18929311693567,26.302877437390563,4,HIGH
177.51343171293428,5.454390919053125,34.33102326242239,25.21609834720769,4,HIGH
228.3412102177251,9.952211169680726,72.96627479338605,20.186264859455086,2,HIGH
210.82837540538333,5.114085168412397,61.364858213174244,25.027562482458094,2,HIGH
15.281113502956423,1.6120025528281965,72.41725652435562,26.742554163311183,0,LOW
246.0859586387656,7.143203233810745,68.2820830020197,28.123467582745047,0,HIGH
331.2173143097009,1.4197730583322996,85.91912111080224,35.16901916032583,4,HIGH
63.000219230321534,3.2545143719623297,82.5708338618031,28.607130582690147,2,LOW
237.7326935706383,4.18364427501913,84.00176971965155,38.88852912670052,2,HIGH
237.44421777856576,7.655352270591949,64.94673048591729,34.192139921351234,5,HIGH
65.6739856225435,5.448123337668515,54.771694594775134,20.68791238482268,4,MEDIUM
49.385429492294406,1.2578133817923094,95.3405613373067,23.315195183115403,0,LOW
392.0207771905939,6.551648661483299,33.79888416015878,17.377475593241563,5,HIGH
157.48766786121502,4.702926136839961,40.68349154951612,43.37165264769966,4,HIGH
90.96869148941171,9.296510589703963,59.37193645236478,41.596514436877996,0,MEDIUM
68.52981778174998,5.496060800262119,72.97703567976077,17.543886763528114,0,MEDIUM
267.040685433294,7.380776313454051,30.574026236470516,32.2222804754238,5,HIGH
243.77811893091152,2.969816430965922,80.35259735177993,43.81205456582455,5,HIGH
257.420849194967,7.848762080784879,69.11085799529403,37.41428369838467,0,HIGH
35.2024110045809,7.488597794353051,63.92919310738477,29.75436581912018,2,MEDIUM
357.41383339937477,9.136735376871775,59.64465271795078,22.233089667199046,4,HIGH
155.7065587236193,1.304394775472793,66.36409222184372,23.37111225243887,0,LOW
125.34776257214317,5.027506278557061,41.32500141372233,37.08713864014082,3,MEDIUM
184.9445788990957,7.112398624656671,37.60982174938878,38.417258197315405,0,HIGH
156.0264262990513,1.8564751007219353,50.27462351262869,30.86079973054298,0,MEDIUM
345.43080125565837,4.695436604340212,79.66533543897273,18.628461045501144,5,HIGH
371.70439007915684,9.479319427595758,71.18015186848474,43.01605120879783,0,HIGH
121.38128657984248,4.923410418020154,63.60861123333088,40.34288203700204,1,MEDIUM
345.5743229839819,9.868643051325684,70.00646761271722,19.216163370822684,5,HIGH
312.6092518132269,1.5115515497183765,69.14806091275403,16.701827508865566,3,HIGH
372.32306893790474,7.460467985268021,51.492934784294775,31.07603048249201,2,HIGH
98.30012487435513,6.229146126234426,36.821916307130806,23.524278531885777,5,HIGH
230.78366004839162,5.504857094189129,92.77476580641354,23.49749128243704,4,HIGH
109.81783389617786,9.737626613365084,71.99378838367403,17.616647782512352,4,HIGH
329.6377961937497,2.1668536044201576,78.84235997765961,43.60157505814162,5,HIGH
2.129676228425703,9.06399056512822,62.47980570568686,39.90499378979534,4,MEDIUM
225.92766515455844,7.221163700229493,82.95364059835939,18.415037756277506,5,HIGH
135.6813725087672,3.3309646596966944,70.9148084785067,41.29796302952491,2,MEDIUM
129.0734828311281,9.115022310690641,33.766078546803314,35.48868167889411,0,HIGH
257.9625295459668,4.8636542607491196,92.30679247755837,24.763233954858258,3,HIGH
340.5937797255976,8.328045952657638,51.38753027515208,41.13751663245395,4,HIGH
243.67815655733048,4.4995286534266,39.652354419493484,32.94066563345875,1,HIGH
341.26919145868897,8.65837744689917,36.162870539302105,40.46009533003158,1,HIGH
105.83884475241199,6.729662066005438,80.43082196894775,29.078037734617574,3,HIGH
207.80074190599245,2.2694197022535443,79.27778567630519,30.019531204854825,4,HIGH
180.2146156268304,6.846968471225749,79.01134873692894,23.730300882328685,0,HIGH
4.657959801238487,2.7221028643168537,94.10269408770962,26.630780758341245,4,MEDIUM
222.72485725629605,4.707303651047464,54.4260115398356,32.03256207384664,0,HIGH
264.60972965847,2.5326602582683035,69.27931394512461,43.41177671125852,4,HIGH
236.76576176762802,1.1981450410040673,73.36469080960447,33.00353279904404,1,MEDIUM
294.5119595133686,2.9069788550496174,98.56372799965239,19.421345753411806,2,HIGH
228.53581138123084,5.827348213517132,51.86423006030142,15.209885564294602,5,HIGH
26.700101940302766,5.3340487099961145,96.94318399327584,40.5296356652604,3,MEDIUM
46.57820963388457,5.513473859824574,40.4114033157667,25.92976270098459,0,LOW
238.58983101758096,3.229181906019412,83.48010192194894,24.44897818919499,2,HIGH
109.99167678945608,7.166450805527676,74.30201300142889,39.02193368827146,0,MEDIUM
31.858051613906333,7.3383695813831125,87.18272260903913,43.36092897269506,3,MEDIUM
171.8410973794187,4.22171043003699,32.0079901547893,37.44135265055869,2,MEDIUM
221.72903923346215,8.930530796267568,35.46917300573391,20.21541938734297,2,HIGH
131.49839533984263,6.79620894971993,34.87870456984021,26.741348807731267,5,HIGH
288.17348089031117,7.417353477327686,71.50716188481015,37.78195657304222,5,HIGH
257.50824324049785,3.496059261450455,72.20552473028766,42.2077744401172,3,HIGH
133.12734443666878,1.0055047164002833,93.42734225484833,44.958001918489806,3,MEDIUM
301.9490115634242,8.788380508918987,62.73224601629115,30.346827214145573,0,HIGH
259.4780170132142,8.401819461218277,34.763433850347475,39.67574455025849,2,HIGH
254.97815148716083,2.108726992385472,44.66705811357608,16.39894928332152,3,HIGH
221.37108031482722,4.366946214606759,30.565116637249005,23.574742492649037,5,HIGH
4.555867235421118,6.952053775497243,84.37001675898836,26.14540210042468,0,LOW
278.60287339075563,6.868997714968554,87.0919605816542,44.26571535845682,4,HIGH
150.41671644366258,8.74315301327701,99.85582913988952,15.101809446445817,5,HIGH
377.04388406346226,2.262413454718857,58.8536114337166,24.240622132877792,3,HIGH
327.1939084308821,4.869457730066069,31.350886278111474,42.912367788387115,5,HIGH
235.0777878125249,1.875019761337823,46.43109170432605,24.200347051320335,5,HIGH
100.87279272770778,4.506357235947654,71.14382073643071,21.752002974437303,2,MEDIUM
81.48695731106663,1.1359670102893396,97.33600769369154,36.9026553430795,4,MEDIUM
136.15393507101965,9.084457585991142,37.2504986029556,37.36016678999596,3,HIGH
190.62717743200741,5.7433959714581295,38.510111411252,29.165336479425257,1,HIGH
118.42620401557883,8.648220347221184,79.12312896952601,43.4075240959627,2,MEDIUM
205.97179815699312,1.5391423090302738,76.70449385150846,21.081212386255256,5,HIGH
66.14817020527437,3.0471229942562856,47.53544487182832,42.40247501938792,2,LOW
391.08512513019997,3.3344199569906254,86.92013537101633,37.66524229575887,0,HIGH
43.169821985997544,4.480223451749092,39.01451288342243,26.04625022562142,1,LOW
372.7776558617488,8.225797351577915,94.80192913437318,39.20725859170122,3,HIGH
365.43120456107795,4.479020863583434,44.07223512326949,18.996065292412617,1,HIGH
210.1441927277992,2.841881766816943,35.69466609061035,18.929474795796818,5,HIGH
289.96410873443375,1.5849123430489158,53.76654605316982,42.898116097422175,3,HIGH
174.41931918903512,1.715425735174187,43.14889019741815,17.84341523536235,0,MEDIUM
252.01383101697527,7.840424853648797,66.88588575252231,15.12238820548214,5,HIGH
136.23037496844748,5.003226919329697,78.07925761602083,26.67091474754706,5,HIGH
120.46360791417814,7.535630098000137,64.36451049348038,18.115529232963834,4,HIGH
231.29191446780547,7.140584095873278,76.24251322676844,40.891094797327526,1,HIGH
199.25186967359215,2.21826215584232,55.54443600799891,42.68080540328799,2,MEDIUM
231.81454765999243,2.2859914077304047,31.954581806704798,29.472790930692383,3,HIGH
114.6642325148092,7.798078138907205,98.18448869576044,27.76414599030111,1,HIGH
146.7831327267981,7.491414641368755,87.35894531779968,31.17117830832276,3,HIGH
33.55918425156372,4.4022769018687935,35.13931768592396,21.785838745349587,1,LOW
20.910548908882287,1.6968003699955607,61.44234773094341,23.93897584261008,2,LOW
101.3828518692065,1.10888219528607,74.45133490503122,18.029315114520145,3,MEDIUM
29.698743732218304,3.5934125451557035,43.34159894008465,28.393502733340902,3,LOW
41.50988345389628,1.0830004622850424,70.459202795394,33.35074867600978,4,LOW
325.17136215757483,3.0706535899333307,67.35540326823809,42.90671203174806,0,HIGH
15.54947880667572,4.775506661902047,44.57856319742933,37.17219511880275,1,LOW
263.5771175738971,2.0927418878075876,39.88472164942173,36.6919120065956,2,HIGH
109.02309952616021,1.9384998204839161,83.12736027330462,24.239968862823066,4,MEDIUM
348.6182722832506,9.067936921468629,52.58105123047436,41.648798925301335,4,HIGH
193.99691383099983,6.269230261206003,47.08283736895703,43.408670900399926,0,HIGH
122.2305837311303,9.410101180865032,81.6514846964192,42.96788809626111,2,HIGH
207.0555742757738,4.112435474071113,81.52480844160874,16.164090795731553,5,HIGH
152.78320761810753,7.094304435962468,49.348115943536044,33.13051908912065,1,MEDIUM
225.72042586793208,2.8422250715961135,91.07979228762976,34.29675317175885,3,HIGH
45.813147330539294,6.5650628555194706,78.17751155506397,23.851954806495108,0,LOW
398.79620112502045,2.16627157008986,54.20349524750767,44.7723654947379,3,HIGH
170.222351078687,1.0187257525865718,59.92427551292612,23.735623764556767,4,HIGH
139.29225588294747,9.38378621268621,80.86967801514325,21.498349745431675,3,HIGH
284.08393932650597,5.994049385576884,44.81086830268444,29.524369513295753,1,HIGH
145.55976259813298,9.342465965038356,62.813255473265684,24.694421393110304,5,HIGH
333.3097220115031,4.004483713318648,75.74908395806698,42.72088379609833,1,HIGH
181.70828974417012,3.950074622455811,67.76489836060992,28.20230193944318,5,HIGH
287.82336530617397,4.605895015957286,72.58298421331452,27.3044866401775,3,HIGH
42.98128657675462,7.354368855623514,68.23487496337458,33.775863903255,3,MEDIUM
338.4476742220447,6.092277707675568,43.945921065301405,17.4334401375337,0,HIGH
294.28719471124396,9.32819416389206,58.71437414808349,37.70198840449565,5,HIGH
84.68671138478628,1.2289681101919543,67.2389846834282,38.05196465414615,1,LOW
58.11440389831466,7.373763441752828,84.60439196421623,29.22077504183003,3,HIGH
126.51693949024975,3.972949204298989,75.77329660186798,43.67093823001285,2,MEDIUM
390.42823441276175,2.6221028663661508,59.86136616301543,32.380173323872434,0,HIGH
102.73262982682346,5.59356060268089,98.20798825114018,35.85709362734973,0,MEDIUM
182.4508835786533,5.545574057619964,37.54568651758076,42.73034866509303,0,MEDIUM
12.008090286934525,2.2330992581958555,44.47634079884779,34.99036030274377,0,LOW
158.891011826493,2.817064505196009,53.89188270221648,27.954780231766414,5,HIGH
228.5280061732411,4.6734819841139945,46.00004538915371,15.74313526899445,5,HIGH
381.249845003186,4.679302711530838,73.7809397764208,36.84897946895428,3,HIGH
206.69441797602576,3.8580232565771624,32.76855105353787,43.945980348031355,4,HIGH
327.6429304710751,2.3369063635898284,42.42057489913911,29.107053706079817,2,HIGH
218.85105702756022,1.0393631119088158,50.53430663610231,25.193059133647925,4,HIGH
16.31400537420724,9.732115561852185,77.83420425555215,30.577782792413352,4,HIGH
126.00331007590961,9.491493067335343,91.31054178067896,36.85311617053978,3,HIGH
230.2198031324413,5.352853412585216,85.8944239387138,15.02071423446148,0,HIGH
380.23758637244975,9.955465779475052,42.74566532751784,41.61635168195561,0,HIGH
343.65214390049334,7.062888977040189,69.57840309087484,41.59088579034966,3,HIGH
91.34224567153906,1.6197178384678739,32.101585174128104,31.238938008261265,3,MEDIUM
88.0439320076654,2.0594637917436462,51.73757427470028,18.67136298526824,5,MEDIUM
80.4691868455603,9.244997594826739,86.41886563798286,35.15417383840864,1,MEDIUM
368.99955852100123,6.670469819346656,61.96659996203377,19.1353698888994,0,HIGH
341.0664612406883,8.58865263991616,40.495892559308416,30.22641454298042,2,HIGH
309.9533729011795,9.084426846704599,60.69873670418189,17.80889915943351,1,HIGH
157.09404568969103,5.031478101541475,43.86230478235598,32.67196014892504,4,HIGH
201.75228171950673,1.4367335641902375,57.5234020504774,24.54207975353962,5,HIGH
185.73269791806112,2.694523140075898,64.14834309234904,39.92974244212509,5,HIGH
101.35924302374906,1.5991475257219159,54.46906787577199,38.99838378625245,0,LOW
202.01121845950678,2.698658611286566,95.58782653037026,44.95421626423323,3,HIGH
12.198619141101785,4.694796338102892,69.37712082894674,22.725095241130944,3,LOW
52.72414939898367,2.063771294634869,89.00248717628277,16.85403278338741,3,LOW
354.63583846757854,2.5005992302480893,83.25099829389062,28.290097954465345,0,HIGH
300.6719068125693,5.012396038645113,76.28164164874435,17.502100048997125,5,HIGH
169.14736362363482,4.061538553496406,64.78221238118076,20.354991451972893,2,HIGH
206.8601449135509,5.208923117692369,30.152164864711125,32.919004240846576,3,HIGH
147.99955438399098,4.862548249831558,72.94273203864586,32.763925540328955,5,HIGH
296.311946864269,6.800302233818951,54.917021710174836,16.29982433189071,0,HIGH
313.67487169283186,9.43470593988269,38.24335167609232,28.28714254254836,4,HIGH
305.31407608126364,1.9707790459981824,61.12383845284543,30.906560786017252,1,HIGH
289.0446899337798,1.8933413437827542,81.48873255983133,23.0407271345996,0,HIGH
81.80173547711833,8.675254999818119,97.31744562890928,41.161295456264824,0,MEDIUM
135.18799169619152,5.5575703418721325,56.187342378545736,19.83295942939266,5,HIGH
187.93817399346997,7.89764521211598,67.99063090934837,22.617054150186434,3,HIGH
132.31719657106225,2.938797132465533,89.58710683545095,19.70983245098259,1,MEDIUM
301.9760800633316,8.459763158507965,53.379959396501036,18.496399016116744,1,HIGH
131.74140969998186,9.314619617734262,39.958007147957076,41.36937552021378,3,HIGH
55.29283471413486,6.719347139918394,49.73172818628824,23.335774952099456,2,MEDIUM
159.61618081932164,1.95291119326422,92.93859808658715,36.67572058403569,0,MEDIUM
391.96577311295215,9.05765332740705,41.157517592328645,27.839470791757492,3,HIGH
90.35256517343035,8.132389546330643,53.04547427047474,34.076204422017504,5,HIGH
244.86346357729164,7.757899988630409,62.52482173502384,42.84528588516628,2,HIGH
173.18921993588253,1.33055370015324,89.2979256443644,40.33823601129748,3,HIGH
28.409827059730652,8.190662727312741,95.63992985570823,17.069591772607136,4,MEDIUM
195.15064239922378,2.241559094215213,59.80672167432784,40.35607605837653,2,HIGH
280.865731459325,3.0014755857719955,95.23678338474609,28.554705458420912,5,HIGH
205.2879903311275,6.194213513823318,41.30213664004282,25.50437180639656,2,HIGH
348.84242549863245,3.3848269562519473,40.97966043274593,35.17163776384885,1,HIGH
115.57480666303306,6.9521338568072775,96.44755737443585,43.50623619297744,0,MEDIUM
34.49966852158597,6.472634029291735,65.67760934698319,17.824064927644123,3,MEDIUM
374.62624466320244,1.9733463821193635,43.013548474776776,38.04231090750717,5,HIGH
151.2785398112876,6.904131216323557,64.15932594028934,21.105240922738663,5,HIGH
230.56222058145335,9.31559418842437,84.82478087653361,26.404083684809965,3,HIGH
316.80125045207836,2.449989146672498,87.88442560064667,41.2146904878975,0,HIGH
129.72546555023223,6.373558188485987,90.47784796544695,31.37397552037018,5,HIGH
286.46581527104445,4.076788347430247,69.86996321611929,17.02369943851279,5,HIGH
54.167539927131216,5.136505045962435,90.68622100575162,30.24145650410215,0,LOW
116.5174988822021,3.583001611710729,65.70211461622782,38.68925704924273,5,MEDIUM
57.88425445460796,4.187175727129257,72.49419316737541,30.8664176329678,5,MEDIUM
324.4922233605431,1.2602064093990155,83.11038615901518,20.006677169371567,5,HIGH
89.05969409071415,9.833965641254986,59.78047048973559,28.351232251725957,1,MEDIUM
286.9614221620841,6.623199298654734,35.15070409971423,42.73036104118948,0,HIGH
377.31935889826104,5.506350314444967,54.51164498003883,34.74611970282339,4,HIGH
211.1088836275508,4.453438145502941,73.67609517571722,36.89659519525768,1,MEDIUM
216.01167690427508,5.8543710294162485,43.46326587476338,38.57809522348351,2,HIGH
184.41342723912481,4.4209539884422355,40.3869754449748,17.720802725800045,0,MEDIUM
130.3560573574571,4.23917134744306,50.515638121400634,32.44609677809892,2,MEDIUM
190.26201236996684,5.175518875498118,32.2478023594475,26.27745579555924,1,MEDIUM
241.12301290670376,3.4838473030407173,82.03960286608438,19.174774910162913,5,HIGH
394.39662886826375,2.620449099701069,48.110092153183714,21.081286749120714,4,HIGH
375.1058237272897,6.009453083622642,38.696687764561965,38.43481421174204,4,HIGH
344.86118331724873,8.58488892535271,78.93905911744046,19.844673158693183,0,HIGH
355.6522142819433,2.3754535995330306,89.00496087803015,24.37255821665158,4,HIGH
187.13967331681718,1.2946090654379678,31.39129171032449,23.546200147892442,5,HIGH
262.9777308709859,3.2213057063863255,46.35198395188574,16.45891091743703,3,HIGH
358.0266891744857,9.817485791084298,96.16626274087083,28.864753477180756,5,HIGH
157.18030599654122,8.458822663690054,56.96778951529427,37.977895265076256,1,HIGH
384.70499133818754,6.362794481757369,95.70144443673519,15.66457898246699,5,HIGH
166.3144248276732,9.363240237188224,49.19487768594742,18.376543514396882,4,HIGH
240.43306615728625,5.007512051535202,45.26473449003524,36.60560038792704,1,HIGH
283.9218853089488,9.849525423176566,44.987588820959715,32.80742972018741,1,HIGH
380.23680523037535,3.6667184060735565,35.96600622974568,36.45742842146046,5,HIGH
97.84650962090642,3.162751745643452,92.75026019563879,21.903118646314155,5,MEDIUM
298.4523912954569,6.742433810323099,98.58845158430307,39.113063498922145,3,HIGH
208.32623445763286,4.403385711553243,96.81561650901465,29.3961318033083,5,HIGH
107.42285624825642,6.63728987778632,89.64196978790918,33.309059225365715,5,HIGH
310.64273591855624,3.7449596647241723,89.28215353556826,17.764602516025086,0,HIGH
220.88891206953863,6.56126431154192,76.27598270182914,21.15094750079464,1,HIGH
264.3895282598703,3.4817163452653275,87.83495983654295,38.20073644830924,3,HIGH
129.1604274311604,1.4587486193700094,44.58396550401334,21.717253235663357,4,MEDIUM
192.509580731042,9.20922311730865,57.153884127099,17.77589482564376,2,HIGH
246.94170039522683,8.94884681686116,74.85854053063235,32.91609846756301,0,HIGH
161.9643257079376,9.737183343454047,91.23399327931175,31.438095484851985,5,HIGH
79.34901593908053,7.448744585992642,76.23286236581487,33.23681786949879,2,MEDIUM
384.6561969261216,7.144490599617726,88.73153708339441,33.54916489089274,3,HIGH
204.58701601704695,6.031027630673477,63.17646610945082,30.005920375935112,1,HIGH
293.5681481150802,2.133481747172704,80.2112616393531,29.81321761705967,3,HIGH
164.41887742242324,2.7031177985434303,98.59865644625607,42.72496695868388,0,MEDIUM
142.05270561028652,3.605227198052826,40.74419899908304,31.016451746392207,0,LOW
162.86571938685,9.01140726316055,94.88444846211229,33.51900607241576,4,HIGH
163.67865751425992,2.556725721427676,66.5654763489332,23.00908175816234,3,MEDIUM
217.67204637678142,9.305858570391015,75.02526215110406,41.13279602406573,0,HIGH
217.38794799254526,5.705071597462755,91.4508304837359,15.731042779774896,3,HIGH
198.86152635314866,7.440126719257649,58.675792078662184,31.716802868933232,4,HIGH
53.914313966975236,1.9922003801250987,59.308480242303546,26.51550885594326,4,MEDIUM
198.43019140021246,3.421301938983198,66.90272854429702,33.117125866814305,3,HIGH
67.6415601682606,9.626667473632837,31.33714591477954,25.805161493141405,5,HIGH
50.45431451830606,3.3953495223675825,64.76663266603455,36.53063735152941,0,LOW
373.0582869364671,3.668695483520315,50.376108549596125,15.609943289202924,1,HIGH
241.9800052590817,2.7783764635697152,94.9567927674247,27.176683163074287,5,HIGH
263.7960232498337,2.1616629877614657,36.141470912712194,39.937907992272415,1,HIGH
160.7174681333455,3.0993187730859817,62.152432341386124,22.506021533383077,5,HIGH
363.5923567659457,6.7809420275571854,96.32277192641526,16.58252635140966,4,HIGH
255.1721958318662,5.098309601532072,93.07246752229344,29.89572223695506,0,HIGH
307.66794780943496,5.983802527041087,79.09439096621851,44.2960038158037,4,HIGH
147.42498761108553,2.1012834588942186,71.25527363972523,16.9247568460541,4,MEDIUM
384.0047523276502,8.219048024466101,49.65116559929881,17.101694782493798,4,HIGH
328.184516063326,8.056852305218632,55.68699789267184,32.85349694840035,4,HIGH
341.57938520581746,1.1943092002840785,36.309440532788905,22.502031386343873,3,HIGH
68.87770697030172,4.451635850592744,85.02758084307663,27.30693700911676,3,MEDIUM
108.38528314848782,1.6189354177403303,52.67088375326682,39.91521458998172,0,LOW
114.25063987343083,8.128952014734622,76.74473293211452,20.965460525475493,5,HIGH
108.36368929874847,7.63542714813134,55.03163440390294,36.57899810944299,0,MEDIUM
342.1632648417152,9.117892848638405,62.50313089773839,30.134565398026687,2,HIGH
12.753918083436844,3.1276356305780313,68.85017306634765,42.14873077242815,1,LOW
30.43999559230972,5.10666294815019,86.12966858734225,44.18886000880692,3,MEDIUM
109.56594825196149,2.6603908944795798,44.780946427847624,29.548823569601876,0,LOW
79.94918985977746,4.341114410267076,57.91357707808994,32.53941177346401,5,MEDIUM
92.74384555313935,5.700189264101956,39.105710032427226,37.3752762221266,4,HIGH
319.17727570132,1.4799771085473008,35.30323534448815,24.56022425616015,3,HIGH
225.25063755681876,7.433833696096467,72.32720493181543,21.802210515697404,1,HIGH
2.3082645171871974,5.889640243339677,43.236373105123185,43.94055517329016,3,MEDIUM
171.7291062816781,8.46063115489606,34.18595393482692,27.978461736587345,5,HIGH
163.15397074014356,3.446024510720775,92.79685518444839,15.047724795473211,1,MEDIUM
45.57810777781741,9.12988994742329,67.4020093849777,40.13154895575251,2,MEDIUM
270.45671544058285,9.988248277273991,39.42397451820892,32.98992483873257,0,HIGH
280.83887535179645,9.27368594539907,33.73982892132848,20.056756881609125,5,HIGH
288.3572876208391,8.001032282498386,38.39020373895593,15.90419079531237,1,HIGH
291.3883782234368,8.311319225864027,62.993606822442985,23.744472931251934,2,HIGH
0.021130772918720453,6.163698182901278,76.79256786182285,42.83661286420994,5,MEDIUM
381.56832153868885,2.7113847662134942,74.88960524902319,43.00473510106837,5,HIGH
325.6835068218652,7.093366166329456,40.10961603851489,24.330104589063545,3,HIGH
361.5926786357141,7.414777018539384,74.34422662863962,40.0779297846215,0,HIGH
6.257318122973654,9.86846626241115,58.34059369523196,28.25535969771287,1,MEDIUM
373.54351831429574,5.871711846306896,62.53206490096255,34.63034247409783,5,HIGH
323.91541147524185,3.4423211352255074,86.1001284371722,25.0333162761327,5,HIGH
334.88765718347946,7.1530526956555605,53.27495608757469,30.47917788812955,1,HIGH
37.31495388878741,9.814382376998092,40.289933301434765,23.813383396509796,5,HIGH
295.5112115674391,2.594925174421846,91.14171934964384,16.83343087069388,0,HIGH
383.9666758568364,3.933981266820424,44.84914031064366,19.181345585746165,5,HIGH
271.41893656726427,5.87692858395413,50.58209093882499,23.720234834197115,3,HIGH
228.2245618498426,2.5319317139380435,79.46130412318357,44.287613519283894,3,HIGH
378.2518710995988,1.199985755679445,77.84852219403251,43.970164507499746,4,HIGH
177.1748486937744,4.032848101971256,86.02800148986802,39.82990027453593,5,HIGH
239.71742652419147,8.788337213509521,42.87066490135587,21.97518153288261,3,HIGH
190.53531739774647,1.3912155939134334,54.65959253199423,28.248064216254676,0,MEDIUM
373.13848854411964,4.860361531152257,38.81182672693828,28.19348515472113,2,HIGH
30.433890706202902,7.859806956334742,67.8727403018023,26.609197344545514,0,MEDIUM
200.44788033013927,9.578643372197968,50.47994147770908,16.346409152692367,1,HIGH
274.7809765541753,9.86927859103989,78.22549487059939,31.03582122672953,5,HIGH
316.7626153688948,4.797724425478675,30.024105758917877,17.184359763745828,4,HIGH
233.20745897765454,9.553458649412057,34.17780989217054,39.05756042153831,4,HIGH
363.5670976485816,1.3187707595277738,60.27922103635403,35.73921428534345,2,HIGH
376.79657875354866,7.713252441987007,97.0728909182898,25.58211019930604,5,HIGH
25.727689277433406,6.784714311702516,92.3595971151428,34.4140914663739,1,MEDIUM
160.94821581654975,3.245696718275371,99.58063196433882,21.991110196772944,3,MEDIUM
9.383608688461775,5.56586650611684,59.178115740483136,22.957501948698972,3,MEDIUM
131.76666294977716,2.1659836398444607,33.25979403916261,24.424005507762146,3,MEDIUM
214.74728718824085,8.84437435856405,51.41692994138337,38.91034799805989,0,HIGH
364.31797220397954,4.221082769910831,77.3039596521766,21.320740405382534,3,HIGH
338.62172898616114,6.634400234191449,39.46146668371907,31.883436824581157,1,HIGH
50.99989066879429,2.4289865765853604,50.99805251320007,21.01401343264455,4,MEDIUM
37.212149896358284,2.855483601680864,33.93163151814011,23.551122751872448,0,LOW
235.70693550266682,9.927607337228368,63.247692687316395,22.06443878959474,3,HIGH
212.84718898351306,7.7777775499719635,44.624447438656155,34.350140132198575,1,HIGH
106.55105657200954,9.657746827966637,36.387361882930165,30.80186833367341,2,HIGH
359.7812338215341,3.662660486908397,58.78510666377353,36.638974377166605,1,HIGH
370.9465637846214,2.4810658895783835,54.585778306190846,21.598303119989573,4,HIGH
161.04457533606507,5.527616171309479,67.62624158618446,15.274456071781117,1,MEDIUM
356.1210228454081,5.452014540046091,82.43270587195474,35.415287013910046,1,HIGH
153.57955770518905,2.574518623821891,37.87981154985537,18.44561875485228,0,MEDIUM
294.7267327318801,7.598976126232692,85.37879131470059,22.389156732718682,4,HIGH
190.37688701908965,4.255997809948607,31.84029859126261,24.170584573836678,3,HIGH
49.033262602873194,2.6772870783746554,61.01713317470934,37.40406276872604,4,MEDIUM
371.1736804948086,3.9878505508895956,71.12012008201174,33.77675431972281,2,HIGH
181.63863735101464,6.072928296715136,96.98990711978583,20.527963095774865,5,HIGH
293.79481612896143,7.538238389623989,70.17461188087549,32.936634318592255,4,HIGH
146.86952577251685,5.3370179745173605,41.112443528997204,36.244439853318354,0,MEDIUM
7.552351430493864,5.730354908455362,66.22792637407363,26.666916083705146,3,MEDIUM
40.21214347673436,2.2505134234847355,57.70487630339913,22.37858742083556,4,LOW
198.48779179596977,9.23221832237409,63.55488973201706,35.36948318744368,5,HIGH
275.98574285054497,9.3585177819284,43.796791026136106,33.32673600424492,3,HIGH
133.89413063171162,7.150839313762033,65.05789296178904,17.337364754124604,0,MEDIUM
278.19538367106014,1.1586826804062222,40.502783500361375,35.00038920701263,1,HIGH
279.4542357727824,5.833667943129934,82.08301564836088,29.65553798505896,5,HIGH
281.5743629311323,6.662970748797522,71.57343821579185,37.60106870933183,2,HIGH
197.00874160820337,9.95188800662299,35.49693841142483,20.721526256394803,4,HIGH
365.9544600486016,9.96460259675317,92.27301275502859,22.74649253704129,3,HIGH
195.67860719224623,8.718501117930018,73.14657232309469,31.299382172925636,4,HIGH
180.10607739865526,1.5744789282350218,52.1274938589482,29.452005836765974,0,MEDIUM
79.7523276042508,9.57948751700857,33.19496796691172,26.590961131694897,1,MEDIUM
123.06203494253461,6.513951224367992,74.25586870401432,37.38099943289366,0,MEDIUM
16.93379700732134,8.207980934312616,56.14081829438358,31.94254690884847,5,HIGH
253.41411744646808,4.664735647172682,93.53326734149414,36.308155616823555,3,HIGH
99.41429757083715,3.877025241111308,32.441448289992216,19.597648869573472,4,MEDIUM
121.66210179418604,5.169197309354272,32.737170473957036,36.86964885436612,3,MEDIUM
308.32580866572846,2.3218706167194423,96.45095008348548,28.84584324300876,5,HIGH
130.88847326458156,4.213595248779755,97.54117619756543,16.01303807053761,5,HIGH
96.87835680525687,8.718557497914507,31.9419558740847,22.034746619894975,0,MEDIUM
67.6230996534823,1.3415543763479334,80.12232644589292,15.772691752217339,4,MEDIUM
309.94336087278236,2.35790242142144,45.504639663018835,28.706235659731313,3,HIGH
51.88250319601075,2.1260454368453696,79.09749364002508,24.77639281665256,4,MEDIUM
181.5015041001414,4.627679884302053,90.81129576605886,44.62348679739754,2,HIGH
202.77204643087777,9.972882108017755,37.05820352035928,41.05512350870589,0,HIGH
274.9559650742858,2.5602213719024443,46.713649173342944,39.77012581029448,0,HIGH
253.3133929331982,2.3093438463933413,31.685436782854637,30.033496470937365,2,HIGH
324.2882691780699,9.23550156798539,33.06808918111086,39.212624980523,1,HIGH
17.90057357049526,8.938454652693691,32.07325007524419,23.006089423882656,5,MEDIUM
118.57628991175888,1.29016332996899,86.04776494984901,31.819484035395746,3,MEDIUM
112.0536475101519,7.765353641613835,50.880487490154366,26.7875418395823,1,MEDIUM
58.40676223684329,6.899191313287866,64.52480077003923,20.140257345681892,4,MEDIUM
115.67130154257725,7.909667288674381,85.14909845179113,17.17840294105212,3,HIGH
123.90612565716137,5.4505220931633,64.64605638947026,31.746551489148445,3,HIGH
208.7537847709913,9.92241296603466,60.043724383721724,17.929174046406185,5,HIGH
265.4817915705024,1.3946231683986687,30.810124454262116,36.54009290057947,3,HIGH
152.44020544472562,3.1093442776342517,69.76276517757293,42.64405436178467,2,MEDIUM
287.78809252535245,4.568913882762535,38.73201546959605,19.86318329134683,0,HIGH
134.466135431832,5.048001474091328,83.52537685537183,29.128157355306847,2,MEDIUM
116.11347092590414,9.292306624295668,48.04164066705137,37.16323779179476,2,HIGH
216.47522234280973,6.04003927669533,77.19311875660586,23.605189830990803,2,HIGH
9.486544122316243,1.405998959683545,75.23564694772756,42.62293558898811,1,LOW
31.915649453600146,4.6707666708309565,73.1672922051014,41.65396676609733,2,MEDIUM
167.18781743461082,4.748413711321629,48.68664052760349,18.112630671890336,0,MEDIUM
377.1650845567026,9.689418445940063,48.69628440228977,15.821993145955204,3,HIGH
288.6047119373695,6.392773819189974,90.4133630408931,44.29375448938205,1,HIGH
35.2506278002231,6.720859640430449,30.896513284129888,43.694250743133935,5,MEDIUM
338.52720511234946,7.419277281261437,42.70658434177705,27.668568133978894,2,HIGH
292.9203082432724,7.930353841139109,72.71196423493896,16.516899723179172,2,HIGH
244.37861028106127,6.7154596318224025,87.19323780822188,33.566266582380834,3,HIGH
328.1171842436709,3.1347491602054194,55.0841856071001,23.802303221659688,3,HIGH
161.64393909718285,8.866413229070478,75.74104210275601,43.101689607016624,5,HIGH
88.6004203415411,7.589078203695672,69.00094937341655,38.839857751629104,1,MEDIUM
204.80935564350372,7.676834365872603,34.51780731374248,34.4878135240033,5,HIGH
219.53670223738953,9.969010653112743,73.52251378514747,23.535115425405856,5,HIGH
215.33054880396483,8.222738813769844,86.97324305907455,36.03805738325153,0,HIGH
226.0295165920421,8.462362628396379,99.47138242095865,23.675048002776123,1,HIGH
379.4819672956723,9.562649641391426,32.074805085620596,16.12892952455628,3,HIGH
360.89824923849255,2.360205998640045,76.20407208087076,30.253037628608222,0,HIGH
350.28681462357576,5.4795463883026105,59.01846872035735,29.66053634366073,2,HIGH
320.5667243634509,6.225103212317088,30.68515220943437,37.890179190787,5,HIGH
377.37124290611416,3.9634815630021185,73.0052660595958,40.97021647063334,2,HIGH
39.3978566717613,8.55463009505055,38.569910898894484,25.634054660827864,4,MEDIUM
106.0493045782958,7.861776594811511,56.49967951323956,28.48419030611013,3,HIGH
198.02237826183395,7.487947670573116,48.29569647418816,29.112012589335844,4,HIGH
338.6137972493621,9.9743449578235,55.281438158976954,24.726722531171383,1,HIGH
202.066284609093,3.334432360675515,64.48869070506647,37.30160770875571,1,MEDIUM
299.2138957366355,7.619115265078792,55.14466727426601,30.663035556188984,5,HIGH
55.583962099566484,5.962640274153106,68.69123094126775,42.4186732316592,0,LOW
100.96552519062408,3.8169026424448846,46.70547831629976,34.50932315686758,5,MEDIUM
292.710438015069,2.4452818365081326,74.4753237199867,21.356896766819172,3,HIGH
65.89360355508961,9.062954533607924,89.76341028873973,19.94425946241109,0,MEDIUM
140.5423738619707,6.359099344370608,45.68469328406486,26.171530137488762,0,MEDIUM
105.94650312542856,8.424404538767153,65.55140510989358,25.407796207709197,1,MEDIUM
139.9446776889914,5.908104856013904,75.4082849184922,27.213954745875306,1,MEDIUM
283.3296196311881,2.979793725886176,69.52382918493913,20.507732109133265,5,HIGH
147.1388724571204,4.037939317902927,55.595461233455815,44.34668010079468,3,MEDIUM
222.10532904317608,4.433849582261919,74.95397956040239,19.371293186061866,1,HIGH
39.97275082176386,9.75641331253332,31.977234434705338,34.57946322672963,3,MEDIUM
322.0070772938511,1.0506995054324424,55.893436239750315,15.392077051937694,4,HIGH
147.95545025924994,9.870994207220564,67.28285502487023,27.208831149570393,5,HIGH
259.41366361333695,9.824154715988476,31.442921118510526,24.27550197285109,2,HIGH
290.15584066473303,9.96535711477123,65.53541807790099,26.460739132182557,5,HIGH
83.86436884468016,5.289293610276712,75.79781225359397,29.94232034319341,4,MEDIUM
353.86999398134,9.674280726588997,83.14453883991315,33.01125004572953,1,HIGH
246.48970064278117,4.560392636648446,37.936185698660125,32.505340343829005,2,HIGH
171.4900567005926,1.2366499660154804,99.33954124241865,33.92141010363339,2,MEDIUM
72.93407343128781,3.019124677345881,72.43173909345668,40.336430476613714,5,MEDIUM
376.9203751604827,9.507666204436461,55.4235654828631,41.60151466843954,5,HIGH
302.02728165265006,1.1238822400185997,47.436499811969966,37.11750901682393,0,HIGH
83.20982509329954,5.913947218806776,70.10278031783902,17.36826728773212,2,MEDIUM
135.0843098896898,1.6804143000521115,91.71981530165996,43.83877174529803,3,MEDIUM
323.8697032352293,3.5775692058482065,66.43957772989553,43.42194259041139,1,HIGH
278.2710652861356,1.79283565640698,76.30304389234722,36.35111383636061,1,MEDIUM
306.3137170862897,8.735757590017506,55.03875076783921,30.523172142057714,0,HIGH
176.48044088517295,6.319636386829353,57.17066016622808,22.518550750076766,5,HIGH
286.5905050568668,9.118958191464817,50.032257404032435,37.69053418496628,5,HIGH
154.59748914556548,7.195178795862055,79.39461060577679,41.335805361488674,0,MEDIUM
84.50516677527857,9.739262181205897,55.14312873915955,34.955628026698136,1,MEDIUM
253.07081393654397,5.588898892843659,43.35014828288675,33.872178985853125,0,HIGH
390.40557023951766,6.748395235865871,55.85803998163665,20.790141137117587,2,HIGH
124.24038855813184,6.186779379001509,89.76790454829293,25.73389568682569,2,HIGH
184.38783688501584,5.358343865019514,81.67764305038463,36.694086660975366,3,HIGH
269.6005484279414,8.613634288807113,53.42485911244947,15.506962165536702,5,HIGH
216.60251284899513,6.8007262210332415,93.47662753856918,34.23792831566658,0,MEDIUM
337.3711182836197,8.211810383699255,35.23828445822269,38.00010903030744,1,HIGH
304.6970825878064,8.077275429421718,33.482765398955024,25.041134588123448,5,HIGH
23.318881544942816,2.7194064458976577,38.92292483496689,17.285033076023673,5,MEDIUM
399.3684935695096,6.851471792658793,38.151832910102215,39.57358136651996,4,HIGH
300.9609814877869,2.796832172632007,36.14840205086384,19.255104884550683,1,HIGH
345.5613265176453,6.249884304193937,76.29398283985947,26.124033179093207,5,HIGH
260.47908483813853,7.096912160016704,72.05896657587968,36.2176231520334,4,HIGH
342.51405121870494,9.975115644288282,75.33238574072003,39.50957962954301,4,HIGH
44.953189971483766,1.2748778033476453,78.1856237913421,40.87145755465548,3,LOW
139.09513422372623,1.8211815470234884,82.98158267364758,30.91251574833347,4,HIGH
350.5683774417971,1.6932402673410833,44.50238492404873,29.27615089367597,2,HIGH
80.6620845067569,4.58525157640066,73.56124592643599,40.449518310540896,2,MEDIUM
31.296839432009094,8.394295253372324,70.60340615354613,31.892312851424133,5,MEDIUM
315.2475759780876,8.596506995084221,96.05620180624317,32.359521852456936,3,HIGH
334.1944622573185,7.632816361490365,46.265740696775396,28.01920103981402,1,HIGH
65.06088727596024,9.071904176469529,34.1106054062032,26.18441915763119,1,MEDIUM
341.7383931130862,3.9057394975250728,75.74465488001803,29.416225718694875,5,HIGH
274.70711823886785,1.7933917982706922,81.81209881656983,25.945424810883818,5,HIGH
208.03307328663357,1.523377251908651,49.82372040652855,25.306393499077156,1,MEDIUM
332.100077112554,8.669194476574477,69.95939016577682,44.80993026023682,1,HIGH
167.6996997275863,7.573926649183221,34.16752458739054,25.086404822155444,2,HIGH
77.59758248935889,7.287537754100088,97.20313888178023,22.691512425980015,2,MEDIUM
113.94107064424546,4.057087046911019,37.694748130941804,25.617722695278797,3,HIGH
202.0656073173259,4.419146697564036,34.7299375306397,32.72344021908319,3,HIGH
212.5323170692703,9.623021760093874,33.087711164623336,42.32971459869495,3,HIGH
322.23233057649344,1.5742426968814152,59.90903345523469,38.635927505932834,1,HIGH
316.5410894609338,7.963585632440133,36.801182042003305,40.267234172271046,1,HIGH
232.54662288182993,3.7866999133755384,82.12537686689026,40.77025832051573,2,HIGH
312.31419334619056,1.3514915657130047,92.9211912438484,42.61585189340602,2,HIGH
76.7093833174684,7.683130996682104,48.215325262739995,22.052136987266397,0,MEDIUM
20.025810837317735,3.9782069711053714,74.01411834759793,28.750980931123067,0,LOW
349.45352905388006,7.4993276686851695,32.96369129082724,26.555929997293397,5,HIGH
30.22179750510783,7.368889448063081,57.05951301849568,26.456309838405012,1,MEDIUM
98.67537189759892,5.813081878898036,50.50594793994098,34.568509551065546,5,MEDIUM
278.12757984975383,7.996358162894939,46.00333675082511,27.054091809532302,2,HIGH
163.77917505092364,6.229344917541191,75.13064427400894,33.48990917751611,1,MEDIUM
350.52558796620355,3.579731675634346,39.11595624509754,26.468380911834235,5,HIGH
119.19191786490782,7.607037709579771,90.24973663078919,24.333845481732688,5,HIGH
4.748538667743718,6.3022583428995125,76.53851344581142,25.592315353295422,4,MEDIUM
120.26225622429764,1.114545535209285,79.75146250816405,39.112711680412794,0,LOW
231.23001967393267,9.114797599932784,95.47410160603677,33.03153108686673,3,HIGH
150.37535016131733,5.910792564918821,95.96610100517603,44.21993199049844,1,MEDIUM
213.94910230350212,8.817645389315786,68.6156626673465,39.979686791391984,4,HIGH
350.6392475340075,8.944631550840203,64.67658721001862,29.573418250021234,3,HIGH
364.9940216921474,5.0046999106157966,53.47671257588371,22.271290052822277,5,HIGH
106.38962586164484,5.568939968061079,80.09001271417279,35.217273343654355,4,MEDIUM
184.85618930796028,4.741789489080418,67.67462208858691,36.79938081935807,2,MEDIUM
219.65760609658048,5.04493097777241,95.30125558180872,28.92527939375877,2,HIGH
379.6449827552988,9.05632443074555,46.70381640988238,21.89766397232072,2,HIGH
399.4469276657539,8.093296125711198,51.71768803753435,31.717149535897956,5,HIGH
94.16289953661065,2.1387310868402016,52.126331319397806,22.6148775707834,3,MEDIUM
290.79194853832615,6.492770033860863,86.41989181896949,43.19994952891313,3,HIGH
151.21242489327807,9.96315976347708,36.93282322895066,33.866527441011584,2,HIGH
3.2432787544852903,6.359956311092372,61.89543846922858,23.757928850076446,5,MEDIUM
3.701008974360942,8.07284463033795,59.930651588113314,21.471920650035738,3,MEDIUM
184.2264030249023,7.921553260430539,35.1197734709631,36.501698501553626,2,HIGH
195.33396520173386,4.152857732850957,58.7557898981043,36.23379840725259,1,HIGH
9.027878629377062,4.34664372433563,65.93645882987869,32.91396694525724,2,LOW
274.770966709721,7.516687796113629,34.55732847534393,33.429030755376644,5,HIGH
117.60135543798125,5.499851784443516,65.69034899112671,33.116070084768694,0,MEDIUM
223.95724061437977,6.135136382173492,97.14665332783808,25.803103404315515,1,HIGH
120.36762926616751,7.416152113283538,98.52400262130726,43.122432300224204,5,HIGH
66.85372594772288,7.998175243351453,67.21758450128678,29.37835392788753,2,MEDIUM
162.86949543955012,3.443649199597642,66.05678528220713,15.609837004367694,0,MEDIUM
92.90934591620031,2.3211438349326663,49.9855716491474,25.45084027164976,2,MEDIUM
213.92039076766721,3.626151820513527,99.79808301984711,18.908477359427984,1,HIGH
79.53141211459199,5.5678449258286795,49.19604197176582,25.901513731436502,2,MEDIUM
203.36239065785082,4.079271855673352,61.70309103079694,33.24787455107198,3,HIGH
62.95140594754702,6.1152648296283445,30.20538404618736,15.679934235657724,2,MEDIUM
268.38988379431396,1.481191517130656,54.44626036363958,41.10601593683605,1,HIGH
301.57507377656964,5.587753704523905,35.00082104261767,33.30927355404526,4,HIGH
44.15769369997351,4.311864162439371,82.06773392695925,23.861156287769845,2,LOW
187.1209648149357,5.812000794035941,69.27101171209526,24.336155217728447,3,HIGH
28.348680261949433,4.802800193964791,70.05203141013595,28.970045295484525,1,LOW
239.27297821680096,3.558032655737882,50.05579001297921,22.442754180053804,0,MEDIUM
105.76171917185815,9.136971149118722,87.04274031770815,15.130257832828386,4,HIGH
211.04978273548315,2.662884895792212,30.228964773187514,15.796723445377896,5,HIGH
206.98440375371646,7.132290180225037,53.352082541493445,25.732220159160597,2,HIGH
369.7417384775202,9.321802413241727,76.16482433212074,18.72665029825825,1,HIGH
219.63328902748916,5.848029637168898,93.55457761918447,15.670910239412457,3,HIGH
233.19939188732627,8.887676397215339,46.42311698476632,40.77807810104521,3,HIGH
160.6612503057521,2.1236633058995595,67.87700362091925,23.224119409285596,1,MEDIUM
379.6318412731267,5.444098932307673,67.65939943733247,30.093677315004037,3,HIGH
310.87436377584385,5.113227524328455,91.19220583305898,20.382272525748697,5,HIGH
114.16211612113662,1.0730692633329537,33.53618226918896,16.401749167312868,4,MEDIUM
337.68383431049284,4.98931607223401,59.71328927494951,37.34598898465744,0,HIGH
172.95854407403598,4.32126780744338,42.77259723543521,18.748705639403504,3,HIGH
331.4668574134376,7.028188549971539,31.50728202090186,15.77150707210976,3,HIGH
329.15522731740083,9.444968007188667,40.292165836433796,32.61690984790229,0,HIGH
75.54807470514176,1.7721197943583287,98.35294709937394,15.404027172643488,4,MEDIUM
280.4564525534308,3.9472874804316076,45.039395666418756,28.088578344309646,4,HIGH
116.25718772261244,4.996582636548267,95.452154133506,23.665081454334484,4,MEDIUM
118.99706799706729,5.09666840230945,44.36780398416592,24.582539548132587,5,HIGH
118.5392307522323,7.973287487580284,95.19066591691391,15.116971293420892,3,HIGH
290.2272990239793,4.990560992500967,75.82346546402201,43.93038241148386,3,HIGH
91.93041671701442,1.2444517130828803,37.92530042513487,30.50889307450614,4,MEDIUM
0.3623340984360901,7.390936851335482,70.73406085886045,32.175363991250514,3,MEDIUM
286.09474139305325,8.963467256311045,52.295982627819505,34.983674547360835,2,HIGH
68.47389753405011,5.6251424129470555,56.820720918464914,38.92565373149301,3,MEDIUM
41.79295812313386,6.229976695286548,60.81196704844811,33.237273489275275,5,MEDIUM
95.00644823762406,2.466427950721415,59.58949157712342,37.86594316479927,4,MEDIUM
151.9602089290816,2.9858135021106134,76.48762233381203,28.46205883088627,1,MEDIUM
190.3625309892803,3.116532152121506,83.78576480135342,26.138254212134648,4,HIGH
17.82801628505233,4.876677773931657,53.0424382440785,39.694017224465554,1,LOW
388.2293330509442,9.35330698806078,94.70547731799829,40.95931572520389,3,HIGH
286.42522136782327,5.696062900433974,95.69264198132136,19.134200093608015,3,HIGH
129.27762612973447,2.728878806812174,32.84833060058004,31.279805608801833,5,MEDIUM
127.47890291415894,3.3947896228205465,31.043615221811294,35.509272914584784,1,MEDIUM
179.41701974738376,4.456135267544658,59.754643110574264,17.507962098959005,4,HIGH
250.4979291052132,6.609330781235195,71.3451675691361,42.88790450228255,0,HIGH
58.549226635587104,4.9602983770360485,49.45333232164431,30.603293181513923,0,LOW
75.57192550598093,4.5320035975923245,48.15896257600421,34.363722519502566,4,MEDIUM
343.77383313342034,6.082557403590953,77.48336807964336,20.34728244271061,3,HIGH
102.50196955562902,3.176514954590189,72.11929992588989,22.93304069866282,1,MEDIUM
152.077999190071,1.7101294532612397,41.70028124951767,18.63003650043607,1,MEDIUM
348.50874038004685,1.2197288333999992,91.91506742856112,22.919961655616667,4,HIGH
265.259131759929,3.2613324712041436,77.59832491127489,29.771902958753962,4,HIGH
136.68475173667534,1.8243283073002183,55.380337441830584,40.00888798371889,2,MEDIUM
273.4798182898483,4.027065746686901,77.85372829938049,31.011702450610905,5,HIGH
7.873286152565484,7.9564018632378,37.88571607374712,22.333907946932882,1,MEDIUM
294.2570640045461,7.446648974381545,62.77792872018392,16.33863224672184,5,HIGH
194.80641620649578,6.498348605092259,41.82890866916915,33.65909507721014,2,HIGH
325.2728589137845,8.672502194915308,32.90018722899056,27.60479692099944,3,HIGH
381.85506080258733,3.5386086208984904,53.682838920180984,44.5306160045121,1,HIGH
370.31541979782736,8.965483777269691,40.55148384365483,38.39279656235079,5,HIGH
363.7060173821363,4.593152527022612,74.34625698676774,39.25088457820108,4,HIGH
204.86798237355487,4.608039864399639,77.18475258123972,15.367050686411904,4,HIGH
144.05684565557522,4.648164522629694,40.408461435862236,38.33385998712171,3,HIGH
186.0141298922691,1.882849296168833,31.72291039223984,20.838399320264784,5,HIGH
275.9584013253443,9.779414484979501,85.49673931446122,32.57387616864918,5,HIGH
353.5991107484747,2.246561000426433,30.14399145099936,28.42264716947156,0,HIGH
82.79452120004783,4.0679715202226605,54.07391624286521,32.148115517330396,2,MEDIUM
367.2772633846812,3.8737028829408144,64.62083086319689,19.003305882689887,4,HIGH
326.0720927879556,1.6721148953503868,87.30495319769031,28.70675044233439,5,HIGH
391.54240607129384,2.3703411710068902,88.69910499222985,16.108340578549893,1,HIGH
352.10070931267484,1.4037250256684723,80.74576084273188,16.229980444788925,5,HIGH
111.97493187676267,3.6316404420446213,47.30383357779285,34.7321439232221,1,MEDIUM
42.382364537619075,8.799912316260158,80.41308540234195,43.5509512041654,1,MEDIUM
44.89642879663545,4.05497985163646,47.25774385138592,38.321787561143495,3,LOW
116.48932743131044,2.113226488606413,45.022573421219114,29.07467341712931,0,LOW
245.6734895938157,6.811244815455262,68.29895679613728,16.676122202771186,2,HIGH
321.728130438869,9.969408208494194,77.51981106838437,16.350604483713127,1,HIGH
359.7001227926259,3.090914105787348,33.71362361381764,19.736767833241743,1,HIGH
249.50135374769312,3.516139048335125,34.201582078722595,44.274315118020795,4,HIGH
2.252525099221492,9.746623488527097,84.89194807717529,26.959831993234893,0,MEDIUM
74.5267106074134,2.608986587954384,90.16480756758358,40.30221875617936,4,MEDIUM
39.89048154134718,5.600926607132475,72.31086414393258,36.154273168457905,3,MEDIUM
145.329790227604,3.156869197144854,60.017960679482016,33.16285977648199,3,MEDIUM
200.54039745349837,9.391167081111195,89.17215357194301,43.434783349612246,2,HIGH
17.35887143142434,9.833689131186647,81.01719229427312,21.912347118570658,3,MEDIUM
139.39119031826212,8.332280615080139,70.57159389018881,28.64668987407461,2,HIGH
71.67186985012903,3.833054342315295,52.38299853641344,40.94168897023786,4,MEDIUM
258.82806650354956,4.631387277524545,43.85965431597714,31.552839229267313,1,HIGH
185.708947729736,3.180751152997792,59.307112749006095,22.39335418878333,1,MEDIUM
198.1270587735635,9.016821703080923,50.07758031721481,21.267492505268304,0,HIGH
171.07671521338443,9.231024499193422,53.74810114141226,37.58643003126903,3,HIGH
382.4078841946268,4.769835960214425,66.09417387184227,15.383666827562662,0,HIGH
85.89405004862529,6.908797629127017,41.836576986612684,42.42576232208649,0,MEDIUM
206.66570393754972,2.4899786179722447,86.43236760516778,15.55253964345609,1,MEDIUM
294.40694734613436,4.914423103270681,40.18706232003372,33.92967140642112,3,HIGH
222.73776525382502,6.683491960061478,63.66955475946667,33.14243884326022,1,MEDIUM
371.60835428672044,4.468628066662176,82.21799366563056,32.352334531643436,5,HIGH
151.18734225651366,4.2183957311781395,63.95144953827174,29.230291526002667,0,MEDIUM
185.4703223092712,1.008990930402484,55.27154445120471,40.57290998065834,3,MEDIUM
35.408926085891366,8.238641173994026,63.24239140759257,34.779986108714525,5,HIGH
243.5996444207714,9.004038508193034,89.40694892118984,38.4558684449818,5,HIGH
115.28478737924242,9.725171765912489,99.33021887987704,18.465654179375694,5,HIGH
64.12361580622755,7.47344246562294,74.18003025026049,16.496959123723272,1,MEDIUM
217.81251716180324,5.939130811328961,85.54108298540905,15.855855267893359,2,HIGH
212.92410535196424,3.4235606782783843,31.014208031150208,19.41617956420778,5,HIGH
30.348656489619017,9.993695283671485,91.62550866672008,35.01023670763247,2,MEDIUM
279.2861813977891,6.30777569078895,96.78348319495427,29.820652672235124,4,HIGH
249.50887626034114,7.130386650974016,70.26185392302993,37.56756768486213,4,HIGH
75.60691309859888,7.141655457597859,82.7663403442154,20.751910102263224,3,MEDIUM
187.77394486161754,8.607266161814632,65.89213200720525,26.008891259113845,4,HIGH
288.129166591424,1.0870528496222729,50.03426183189128,41.65492645648635,3,HIGH
211.7742962165106,2.9822224638823465,89.6573580388109,43.071436380856,0,MEDIUM
158.19563047342808,6.989806001530126,71.77856983971593,42.65187464967515,2,HIGH
128.93538323237746,9.05631163142111,70.55681586539849,39.54915132602288,3,HIGH
244.15754665762142,7.168049037292206,76.13925426888446,35.647076357936754,0,HIGH
375.64347932409623,4.721421623443121,89.92022160801939,42.410336820823915,2,HIGH
268.69793619099335,4.253999462832354,81.23342880396751,36.425447754979174,1,HIGH
29.898361454526203,7.641532074549883,44.77869359510217,43.618087461764816,0,MEDIUM
184.2739893928535,7.671139274234741,62.677648108512365,15.743649961106653,1,HIGH
356.329652604251,6.463521932551213,98.62088323903443,42.649262576837316,4,HIGH
37.78497032043475,3.6232032168760333,68.81924996339421,31.672216084181244,3,MEDIUM
395.5502848550173,9.326393365514893,95.6771747429559,18.35393255461375,2,HIGH
379.6277574581685,5.9669194790677516,86.93586404191392,21.44733809211884,4,HIGH
31.309792291950345,8.114431206234975,76.62164092661311,40.56477851744741,0,MEDIUM
373.365328179822,2.928774359456485,54.45556418618287,30.183508645395477,4,HIGH
145.2530361037849,4.096367097532551,51.30235432678073,44.4845317048571,1,MEDIUM
337.883666830345,8.871215647486082,75.03947457083115,18.52593328514913,1,HIGH
167.3533350853086,1.4509632694597157,60.27928685924876,27.375103917003877,5,MEDIUM
176.34204508100635,5.610837801309959,85.9127535971709,24.9562332924228,3,HIGH
253.69723639101704,5.335349318596081,83.23197176781372,30.484063081947653,4,HIGH
309.7909677103933,7.761071700172739,51.849134071696,34.00313456609155,5,HIGH
13.515660379299455,3.5370439353939918,79.19101481432334,34.84888408144963,2,MEDIUM
237.26239821085372,2.9716013967363955,64.61851330680288,15.038876397353341,1,HIGH
74.69319763894839,9.335195548959103,52.63044705697979,17.66881301344704,0,MEDIUM
138.37980714528118,6.145386867626183,58.9076614935248,16.051915009678556,4,HIGH
139.1874664620866,1.9422061145528904,92.67463070485833,40.937974391948316,2,MEDIUM
187.62413608846146,2.73732545992889,55.16623844857783,24.398767594789668,2,MEDIUM
133.65456475046935,9.989434535628234,50.11794913236206,26.01190325629093,2,HIGH
42.94444738026711,2.7604809662697316,54.62650544970965,28.51113746840078,2,LOW
58.251495410180574,6.494279602183108,45.02329053460842,40.479131917607276,5,MEDIUM
13.375194224439069,4.781152710960563,68.12444911774301,15.424987828864047,1,LOW
188.09963413150172,8.970391853648518,40.32055054257725,18.558548231395513,3,HIGH
381.7790779411954,7.79651733065795,87.22106505058414,35.55489366422701,4,HIGH
46.27008945924662,6.3725625663563426,45.79061730719383,43.91677568122791,1,LOW
378.5057972012328,1.0966508361818423,71.8638519277752,34.28359263891023,3,HIGH
293.3446058928374,8.918156867441137,38.75178492439255,22.833704054025695,2,HIGH
254.99952117366527,5.002007237548447,98.49172037500284,30.59593286359852,0,HIGH
258.11110212942515,9.384198877167188,61.8202821225553,44.24941426744303,2,HIGH
330.69105935851286,5.459851115687811,87.55199385311701,30.842296397033728,3,HIGH
42.76794575192855,7.24802040264453,83.80534849549886,26.205228891846073,3,MEDIUM
201.9017294262167,1.6236338451997794,79.95851330019752,26.502766645161607,0,MEDIUM
278.8364553043034,7.706364881741072,87.91554098432269,44.01100525775192,5,HIGH
234.72817802942546,4.0419642818073065,37.032452606179405,36.567495801951175,1,HIGH
333.11162840931786,4.162231128986027,77.49480382303736,35.61518566866142,5,HIGH
28.9086836045406,2.0679026023845095,48.60790646916468,21.961629650722404,0,LOW
276.2804157996664,2.3217143377618203,85.0110164846613,31.78453913290723,2,HIGH
213.61109215388709,2.6718315058558915,96.98081318935222,25.702355955669404,4,HIGH
151.66434559197737,3.9538555171428014,93.1042670889887,22.206045775618495,1,MEDIUM
136.10999289361234,9.027729214980448,38.04665557315663,41.866568580423134,4,HIGH
248.33305310967714,4.314342144070724,55.868669447097474,26.494674262878405,4,HIGH
356.3981498577059,7.519264359068966,55.50259300383198,23.483614874141935,1,HIGH
198.47037044044612,1.7447275350088427,38.56073864516714,42.951611898251045,2,MEDIUM
329.8892656307681,6.319889193447933,36.868823734277925,20.920391893683764,5,HIGH
160.862552737587,5.337021081433956,56.94230944784272,37.365143541495684,3,HIGH
40.95778511727062,9.80162152259054,99.44500853475579,34.582414333927886,2,MEDIUM
24.602294583455418,8.615869928910666,69.82598557463926,42.61453285116856,5,MEDIUM
20.53374852947103,5.093467951947848,73.52471400229794,39.961414127018344,3,MEDIUM
152.06005678306798,7.976284876408049,62.97132370130777,36.15885653818924,3,HIGH
134.89510033433683,2.7373486716439976,76.3631386612816,24.437149820912868,1,MEDIUM
287.1748094490278,6.0610269465260025,96.96634565213387,29.867070338116477,1,HIGH
297.12860063394635,1.6715715001183735,71.20885675300742,43.33487284041539,0,HIGH
20.341587533495932,4.132801290265148,34.55269218048353,15.696078917444806,5,MEDIUM
88.44930515560598,3.032759634599533,64.5023398417739,38.82995471460117,4,MEDIUM
109.70474006355988,7.470188337926898,99.49258912763659,22.55431051361638,4,HIGH
219.04479365712376,5.410816220929253,57.11819044159843,20.550508298813753,4,HIGH
57.8060895627801,7.759634309632094,71.57168660501304,21.966738432669587,4,HIGH
53.57648776000015,5.6376589386830105,37.46457344001719,16.792529744905416,0,MEDIUM
377.5155556831832,1.7783599793647467,39.882634911559684,44.759394728585036,3,HIGH
321.6811629191124,7.618308847592741,91.22770172077738,41.09607429675435,0,HIGH
72.26196083646812,8.49906337589025,51.0241239776128,30.63167905896682,5,HIGH
162.6271231621964,9.131781033215134,51.38158913482151,36.45309535671276,1,HIGH
142.2487997030262,6.1479275077603734,57.10490972016297,31.69786088770523,2,HIGH
316.4016296261629,7.782268230995456,97.65350710331657,39.34736833352497,3,HIGH
204.08516659124882,7.768399031943644,35.90733472258135,40.342955746710345,3,HIGH
51.13989479738681,2.401747838190499,87.31348717859345,21.983712844596038,0,LOW
295.59682526249753,2.477986187136137,53.90905135261905,28.792433119507372,1,HIGH
158.75519128996757,1.6379695522821351,89.46276181898324,34.045432025687134,1,MEDIUM
105.16969905285882,3.879222716262713,99.42289546531796,44.35322491824825,5,MEDIUM
150.19944880828805,5.261577289669581,54.40671871482235,35.480681372884945,3,MEDIUM
199.10262544275855,9.981080674787952,39.054945634864865,41.92905032232472,0,HIGH
137.24620656680378,4.8789400786135255,40.106284858804976,40.38336152961263,4,MEDIUM
96.76230903670313,7.536183296566338,83.11186236644302,32.461891910356925,3,HIGH
159.40081152159215,7.2405732364528115,40.144508663669555,41.809660801856666,4,HIGH
7.669164299959297,2.840337552255216,48.22950979742456,26.322651834757032,2,LOW
308.99913843852556,1.5265643630449277,44.307884056345586,26.378505913449345,1,HIGH
68.37795742703432,5.914060763802287,54.897499482168776,38.42896929728007,3,MEDIUM
17.5618454522549,7.302750330830285,35.205660260478126,19.03630996905033,2,MEDIUM
261.4794771620317,9.984266111676304,89.97197376850806,24.17475652375257,4,HIGH
309.5744515294689,4.227499470530537,90.21024182606955,33.25717352620027,3,HIGH
325.53165263713726,9.06728105872987,58.90530289378829,27.60196796600846,2,HIGH
197.40367306423997,4.4373921028226775,72.84612983164327,43.22171129664686,3,HIGH
82.14727387599412,7.204705375874616,74.93660996330132,43.755182088574095,2,HIGH
294.8910708999307,6.384276374653468,82.44806807421502,30.077439264413677,2,HIGH
279.88523086173484,1.4768091397233722,66.44830612808357,31.171856710970438,4,HIGH
98.50829364126929,1.7054958427323266,65.72352318091802,36.73881275471314,1,LOW
361.36310234511717,1.1868768075201488,74.19126441297476,28.717947757025208,0,HIGH
41.7485832331316,4.337506761345905,79.21338769689143,20.702954038214305,2,MEDIUM
393.07529583653024,7.712209438894097,54.268326392047626,37.40907505868792,1,HIGH
344.0991243909858,2.5547985459165043,53.12593312881705,37.13357668058995,5,HIGH
275.15945819163005,6.452676715455063,48.88028828671364,22.349433101753384,0,HIGH
375.49995531193315,3.599450020279701,68.4192588718924,39.987495593430225,4,HIGH
288.9244673294831,8.17293361581165,55.21089826890407,33.409475892604824,3,HIGH
76.18279881201838,8.18556534102692,67.82192873953423,22.089048309460964,1,MEDIUM
176.8624552451247,7.978730634697812,58.41893360788451,34.56117432506113,3,HIGH
28.60120973265414,5.723501624212391,88.57139277868626,22.008285788716822,3,MEDIUM
155.86296891524617,3.561100390718665,35.11911678218225,22.956988622400534,0,MEDIUM
296.64120789488345,8.284996394907711,70.05474155232722,40.44027920409468,5,HIGH
154.57734037232694,2.6749050574531736,70.29366254110384,42.88474707719457,1,MEDIUM
132.11767018725365,3.607836418257904,56.860211737708994,22.706479750746333,2,MEDIUM
238.14228900412476,2.6555293554455943,59.47146261942002,42.84153111255557,5,HIGH
348.881811599558,7.067891443488829,86.00919526180499,22.163965395070605,0,HIGH
19.03327701844497,7.176124253042363,49.647159718223435,18.518020966277568,1,LOW
154.18817387989415,6.872589935080777,90.99826539983141,16.746716342137834,2,MEDIUM
63.29629672610508,4.74041320178201,92.74403128942853,22.263397224979,3,MEDIUM
278.1417002927478,1.9015390648128991,75.54335130815372,26.55739622031706,4,HIGH
42.28982417245395,9.20052626063519,84.10003995956689,42.826451403279144,4,MEDIUM
265.92310343209783,5.569578676110144,72.90632698481419,22.26473999118086,0,HIGH
114.47234831916293,4.662749754199823,66.76813796226142,25.9639603485268,5,HIGH
79.56672549488988,6.299424039234639,97.66744279751607,37.024676242307166,2,MEDIUM
374.54102312999413,2.7351139223719523,49.785847495922496,24.062222639618447,2,HIGH
7.409830698382347,2.1929390119438694,40.79056626501785,35.53104455038742,4,LOW
175.11090875582758,4.649726993121492,50.12397541997607,27.962334577455074,2,MEDIUM
8.650796984717513,3.0449862468991946,73.02379258656116,20.893348579775168,1,LOW
193.4372192417316,3.198612650834481,42.96284066708006,37.021767029074084,1,MEDIUM
200.41895111776728,9.032603390006765,93.61698302584199,15.811165000700523,4,HIGH
128.6649885578988,5.776832594672424,58.77170804657749,23.770044752189367,3,HIGH
52.86471101000947,5.3512215789101605,89.49740148042905,25.68544617505136,3,MEDIUM
150.55501509379013,7.205316343557376,47.44655811701717,28.74654764962908,3,HIGH
268.9051759730264,9.563933023090657,51.921784855792325,35.39607695928418,4,HIGH
312.95832345778365,2.0097870802350766,34.14563780207476,28.782149825581108,0,HIGH
212.30024095525692,8.501811103983314,48.043738452990176,32.829723368586485,2,HIGH
235.93375777590225,6.256172618810613,64.3219673274311,32.87337235253452,1,HIGH
80.24654844986108,2.3154881843065356,96.22958424062696,26.19814949688023,5,MEDIUM
114.93213329105978,3.674343868200925,57.223208172404874,43.019137972640955,1,MEDIUM
64.75824402094337,5.341252748182655,74.78207156383421,43.67561492629328,5,MEDIUM
99.71814000184453,7.220594301196806,59.939708222815156,32.45552652283398,0,MEDIUM
89.95471209021271,3.18346315258107,33.275429553755885,17.15072640886296,2,MEDIUM
207.77951455649503,5.813909339208308,65.24728381276918,29.733826927678074,3,HIGH
225.07550231629176,7.162044646742755,34.61395526927446,20.532579803820216,5,HIGH
377.9789683286018,5.0386667576275554,91.85899472182751,29.49643565618711,1,HIGH
78.22825884060921,8.767233650081582,82.71258733656398,20.654494634956254,3,HIGH
256.6702840645984,8.825131925563639,56.50560298766563,36.11565736946653,3,HIGH
326.90370759500917,5.236220958764012,74.81530663339029,17.412873601990274,4,HIGH
224.09658551322102,9.756331393680096,37.84197087193325,43.59912229187772,4,HIGH
102.00146100043028,1.6802658316490258,79.17884908738556,20.861276683000582,2,MEDIUM
105.02009200800009,1.0302614049064296,87.59126862940286,34.81969008147736,1,LOW
15.701221228399964,4.4260143742352716,87.52219539767641,42.50887052188468,4,MEDIUM
122.17769061939268,6.409873552352583,49.899428338345906,22.436589419521873,2,MEDIUM
297.84147160135205,6.662801417046948,48.462233669377866,43.0289069711139,0,HIGH
19.00710288284415,5.288011626644457,66.4978381531875,26.66023996980818,3,MEDIUM
87.71811300193227,2.1239498191658157,97.74405133508938,43.8159245175777,1,MEDIUM
282.4929994127128,2.5344776960910482,94.43660843242597,44.140915744035766,1,HIGH
313.06062512915065,8.669331854668084,55.174693722918725,20.642397152077194,2,HIGH
182.12736402477137,8.811200185653352,84.5880654328131,39.93262010793163,4,HIGH
279.22973539145954,7.065086840746481,94.49224348640202,20.80263038500651,3,HIGH
155.1808674619568,6.977961750509941,48.26485260023235,21.793218609932445,3,HIGH
63.96529800965101,6.379139152250268,88.12069547220578,17.523795120701948,1,MEDIUM
159.25979740916262,2.826332971317894,48.75269388364236,19.696108394945337,1,MEDIUM
231.98712808125714,4.854256302339129,54.02974881210474,33.96656904741324,3,HIGH
379.2213127411561,7.263051863170408,43.91744835955279,28.47758190155359,0,HIGH
27.500380835470928,5.835270448030048,65.49558593508993,38.728327115065056,2,MEDIUM
202.95763753798423,1.1672230064958926,89.03176259828689,24.959904444798664,0,MEDIUM
131.56791128428975,9.582011260480884,66.96364962048585,44.05873701903177,4,HIGH
203.3246777106778,8.603344473149292,38.640800678516825,16.49617622458124,0,HIGH
9.590178950612671,3.3449051269876406,47.6243152559019,16.888078632073245,0,LOW
125.21014188063253,6.548130416496665,69.40033070969372,36.04124696454409,4,HIGH
327.947259010802,9.30915445355369,70.82312188993922,41.62616654918579,5,HIGH
221.576693541855,1.8640991090228622,70.3834132481409,38.86500574902448,5,HIGH
180.23299712644695,5.527265327170306,35.39024447543512,29.69451263600741,2,MEDIUM
114.21002868613583,5.106187232616651,82.7587124844328,23.0892408391506,3,MEDIUM
119.21700911654236,4.691845047551791,93.65997392923046,15.403545879141449,0,MEDIUM
153.24057343623377,8.520297480036325,65.73632634109299,30.283543617593267,2,HIGH
334.22828398582413,4.425815320277116,80.3180500740304,29.269085919278297,4,HIGH
386.88528272330734,1.5729699991690684,93.98108444255858,25.327376984107197,5,HIGH
175.46215254014982,1.5925396794787225,74.98359284636112,32.34218363917455,2,MEDIUM
157.34113549910472,1.384701458721481,77.20280071017358,36.8644409214382,5,MEDIUM
338.6203103279451,4.6823087968663355,80.49830893687681,36.02664708684728,0,HIGH
170.76212825452143,7.46565649928524,48.23517160178456,22.897585253526465,3,HIGH
220.8072689182605,2.8335021573746393,70.78745123017792,32.559110658437795,4,HIGH
92.37666583949778,6.818216683883945,88.95225801811193,19.46323435751995,4,HIGH
297.4010143116301,7.183796248933337,50.731391118252546,18.648055316650638,0,HIGH
212.79532730831275,3.2968191161403815,92.80193497178021,38.57567508777353,5,HIGH
323.61382009613664,6.405018904545663,73.42673648359424,35.81237706286608,2,HIGH
312.2930920114679,7.163815060241626,59.62223960031393,38.03786701894886,3,HIGH
86.00190730801143,5.199522605219132,73.6228072980205,19.573868226126628,4,MEDIUM
286.25422022310494,4.030449375520856,58.13019339823535,42.4385576811138,0,HIGH
320.02176318054853,6.572363964168946,88.66249212937223,18.99334839667076,0,HIGH
138.44289631295803,9.800623785952512,63.7623006047318,41.101109045931864,1,HIGH
69.04364516090982,4.841572684320803,93.08493518280358,25.571378739177938,5,MEDIUM
1.052862231835272,4.525615866566089,65.68656565934785,18.16302279102418,1,LOW
180.36146123725928,5.1784021218350205,76.2257872746171,23.603068816965777,2,MEDIUM
140.97309261553664,1.685965541005434,99.84210947047954,20.44344042641649,0,MEDIUM
221.96393353016356,5.97846951704251,40.28760887059788,29.720091560751424,5,HIGH
75.2164370355143,3.9582764849553724,81.5710404113384,43.49236044119306,2,MEDIUM
343.8662190665901,2.0927991009813622,39.72105595411535,24.836134847475556,2,HIGH
103.10208625124386,5.19631067005636,88.72064560350773,33.36296957046341,3,MEDIUM
90.57184203505999,1.030455879165797,71.75173668134082,41.751626272198905,1,LOW
192.28562259374237,4.61606720646483,95.67116924245215,33.90221789088696,2,HIGH
199.5404094977097,1.9516174113380544,90.61696213614078,25.86597422609293,3,HIGH
86.03409151403713,1.2186343305980225,35.24104262281764,44.72517381527638,3,LOW
108.74429069036631,8.420275416200518,39.611177917520266,20.62240804321601,5,HIGH
67.88209566209798,9.246239229543713,72.08196500247777,30.697680446865242,1,MEDIUM
287.3840713292667,2.86907183523196,66.28202479594523,38.90116496210392,1,HIGH
308.0356125016328,5.853684374508352,41.79955914294112,15.01946608731673,0,HIGH
184.93139898371305,3.5016234141788645,39.055145979015485,36.06129756427311,2,MEDIUM
285.63480907400697,5.44219694804964,69.47935484091292,22.99496690117816,3,HIGH
294.3741567749782,4.929681888047442,33.424508358249966,20.091801680756316,0,HIGH
55.31021107112344,3.421459495724371,91.16147120674074,23.225833901048745,5,MEDIUM
386.4712099338147,7.30354221671768,86.49580438618344,44.004492775193526,2,HIGH
328.4127788385724,2.138418633882288,84.97589801977625,41.758057777190565,2,HIGH
81.7933844783294,1.477655039542304,31.119800292851874,21.412633693911076,0,LOW
74.46601429842809,7.909078897335513,33.334866038891654,18.510803193553336,3,MEDIUM
50.264458231833096,6.9933702809861185,68.488738480551,25.92457813543403,0,MEDIUM
55.35142501676735,5.486735117317582,99.60979822259245,32.770094403002204,2,MEDIUM
299.2647196114785,5.210107934252874,53.962134067994626,41.014338857433614,0,HIGH
187.8617027806494,5.476702415422836,54.10623714837408,43.98270375120234,0,MEDIUM
313.1736690959469,4.933216684888055,39.399457680338834,37.53460104519296,5,HIGH
298.50195774008216,4.536030662480612,77.2035062617651,32.970216381049674,2,HIGH
241.84508540208864,5.497215425975083,75.2673682295804,19.269960783930507,1,HIGH
274.5466426314718,5.756636540437844,37.09256914654114,17.22085129119933,5,HIGH
7.3422897516567165,7.227120826752588,62.71886009478458,32.88080635587603,3,MEDIUM
124.71105872200879,7.400864446606203,76.69524361753821,31.171923173007812,2,MEDIUM
255.12887170376408,4.398661721261302,64.54612954253489,40.382643232023064,5,HIGH
3.7379813944976803,4.721864704691399,77.20545073053289,24.678175525653117,5,MEDIUM
13.190777473037363,4.363274527626007,87.13892782020429,16.190725720494303,1,LOW
340.7551929881533,5.828821962631393,78.00708031852373,27.711248072730996,0,HIGH
273.6099446768287,5.080181841227757,73.12799650813668,44.075469118132176,1,HIGH
106.14789324813758,9.006368168225743,89.75131798611451,38.86724714809569,2,HIGH
275.1851360474836,7.267251402248253,93.04119975088517,16.013165209268195,5,HIGH
316.9826676557053,9.08790745379001,57.2220506023063,41.240367116945265,5,HIGH
122.71771324404051,7.38223292403483,42.12749214067202,29.150684688639522,2,HIGH
14.41495099967498,9.738929336714326,87.25022828056353,25.943040954538674,0,MEDIUM
373.1116498750938,6.721631004297421,44.96271751096382,25.40218622408375,5,HIGH
138.0719353182522,9.671951243467491,95.026546882436,32.854327591165934,2,HIGH
42.59270531388255,2.423529013684835,31.601456165533243,30.917982553222878,4,LOW
196.74274855725895,1.4722991274646346,94.48898278335125,34.69881732504789,1,MEDIUM
307.3871182656535,6.212126666834733,71.2428094828444,32.2092439512014,4,HIGH
88.65892584702367,9.851438852197974,84.2319481559017,19.318337245251556,4,HIGH
107.79602005334534,4.7584472257215715,57.894481094508315,22.717080262749548,1,MEDIUM
97.08599471943327,2.9083902597366365,99.42014043362161,40.23088716305502,2,MEDIUM
396.6692211326713,5.693873042741625,45.92859992964033,34.8977554408689,1,HIGH
78.96149349221702,6.839187621209997,48.50405638467223,28.452018762442236,0,MEDIUM
230.2080867864496,3.8366082596430005,33.6002710826231,20.478042955015958,4,HIGH
370.10585666278575,7.432924226493335,95.83313541430067,15.230731079319357,5,HIGH
58.7586275511117,9.776030563411531,61.92205125190733,24.356622095658544,4,HIGH
388.3416791470801,9.072668095395551,77.23966903035443,16.645408707800062,2,HIGH
378.99089375824985,3.6242683616097575,78.12085092239884,29.468523992623652,1,HIGH
353.82879482330503,3.9405131483013847,91.21514645978743,39.654043582746255,5,HIGH
85.8226085320009,4.343871020046297,76.54476754524865,23.56195984146892,3,MEDIUM
253.62202240439333,4.550975005542808,69.3414827612931,40.432624846651485,5,HIGH
304.35658918449604,1.9028754927395148,79.72229669337305,36.13693188259768,2,HIGH
394.4111712785719,7.8576655500036034,82.56795593021886,18.757869880645963,2,HIGH
72.16952883254817,4.288053372496304,43.01495623739374,34.3368567380875,2,LOW
306.4103598077186,8.91837979034907,37.676692728372714,19.550394219166296,1,HIGH
135.52046797084517,9.342465608080978,35.23941953398942,34.64372760824756,2,HIGH
70.25058622720093,1.219881783769193,56.18374461657757,19.281434541843183,0,LOW
168.55077648554197,9.896527629353857,64.86001678864216,26.77534098046698,0,HIGH
317.53436485944655,7.390204583501661,73.09549288029027,31.99782810714581,4,HIGH
185.93992148162087,5.683530033936661,97.0624163782727,16.511225142718253,4,HIGH
215.0092400812194,4.50574847535298,53.155147414490436,19.599250345635824,1,MEDIUM
398.0637640800485,5.666663193487416,83.2611836454092,24.612264751567395,3,HIGH
159.6437198229704,3.921622515806,67.19503337164196,28.869602573155838,4,MEDIUM
246.16030188369592,6.604190323268934,45.40629524608418,40.754618817643035,4,HIGH
146.09768064614875,1.8368224880031212,73.07138003901314,20.618192650619463,4,MEDIUM
157.11425853148197,6.590103426206292,97.70233248027925,25.42412851507577,5,HIGH
278.25630137816324,3.478103651245997,38.701580947589065,29.273287088405418,4,HIGH
375.1547904379534,1.1587134614711174,65.50958351844602,23.873356679681063,2,HIGH
216.94358019692856,5.974351895465898,33.61258479053698,33.77243336162613,4,HIGH
307.3599715795119,6.2060298026742675,52.48514092274536,22.698073043279102,5,HIGH
35.68262352678553,4.839121042403824,73.44218743157938,38.1705126333973,1,LOW
84.46321497277079,1.6505760929528517,88.87398552215282,30.1546228455355,5,MEDIUM
200.85265636781298,9.040086575237723,81.12298952082497,17.589146503833305,2,HIGH
8.004689451509917,6.502877265051,62.39997447508317,33.809966856958724,5,MEDIUM
101.14199150502353,2.0414196961207263,93.64559299729027,32.07730511396272,2,MEDIUM
206.96051592998646,5.598375189347329,51.19002655166395,25.15792062620018,1,MEDIUM
5.984479302520285,5.4752888435362435,82.77883871576165,15.33471235167064,3,MEDIUM
105.81851449041667,1.5436168191363429,63.18063152233637,21.021046265231178,4,MEDIUM
205.6123277903478,6.4617373324265275,92.90450282709429,27.171285866470576,0,HIGH
229.25969919249826,8.27493759029408,85.82029751576322,20.99742101379892,3,HIGH
370.3006772221222,7.741072488236304,93.10287629149667,32.32473362819033,4,HIGH
258.13824930024316,2.82672472747765,44.99734942594514,36.3697468177877,0,HIGH
165.8943210119975,8.760632765987904,76.77053024813455,40.680529702525064,2,HIGH
372.1404708532271,4.082879490934158,81.69243856571481,34.40947856051246,5,HIGH
313.9531933551177,9.518575404627471,81.96899856978156,35.67027663764438,2,HIGH
80.00356844509903,1.6457316780314235,65.28003153271362,33.25325595691574,2,LOW
52.336944539527906,5.375878196678584,30.787536564356678,44.564581728381114,4,MEDIUM
270.32465429709316,6.374119394597942,48.30015487083524,22.830017072397247,1,HIGH
223.95326623079353,3.2288508862714425,52.63106125030667,22.987760415382752,2,HIGH
315.8694455171023,7.9424216984820495,89.6425632097233,18.79000924265579,2,HIGH
295.5220200314746,6.6420611182964535,88.86200719729541,29.57052977608597,2,HIGH
250.08461354300601,1.1629849355916,37.32760728264483,17.884851108927656,5,HIGH
394.5528686515569,6.475317316266122,96.48851172398803,23.104397906943113,4,HIGH
213.43589204416347,5.4233041097660175,42.77202406560437,29.48042786314175,0,MEDIUM
45.242302600687935,2.764262815331569,59.00516159106448,43.727868477900515,3,LOW
331.30942592639536,9.961734043535767,45.06098762775288,43.91438981520502,2,HIGH
100.74134493828359,9.074459753448535,90.22327281805502,37.31220702409667,3,MEDIUM
310.9208592575673,3.632569255261571,82.45814223015182,26.677504847270548,1,HIGH
382.8428384000206,5.869638287187547,54.74701648214628,40.95483820129638,1,HIGH
278.7182055857365,3.8485192591926167,77.73150382182388,41.26367405722921,1,HIGH
238.41206437992045,7.979461764724703,42.90568189200796,42.30592142389657,2,HIGH
184.15447027001625,9.372982898768095,56.760796466320116,34.200751446456394,3,HIGH
145.7639463981613,4.229457462229452,56.397531183667574,21.053783868236415,0,MEDIUM
141.20190038873451,8.250258242292647,46.65556772049784,17.732423183120453,4,HIGH
254.54908228383624,5.485667884418843,91.34184347080178,42.4432651212039,3,HIGH
300.50924677509835,4.569207051804196,77.51920148353884,16.666383243648088,4,HIGH
271.40682779376573,9.445796668888928,49.59575173946595,23.876701783139843,3,HIGH
79.36404047742509,5.593642198471283,46.94845324403261,29.608853011132112,2,MEDIUM
197.5948720573965,5.206694502317184,31.256742969946735,15.659300786204275,0,HIGH
316.6560288732252,7.051909617661088,54.260757765464824,42.20736776034732,2,HIGH
190.2816312756225,3.35110780916456,66.87398983207228,23.61362984616705,1,MEDIUM
214.64931189419752,3.9231358370948417,49.43976593358635,15.855143967617257,0,MEDIUM
308.4544192683289,9.388412526147604,79.0320793500839,44.807699916795556,5,HIGH
264.5061225060366,7.106768608932482,58.82246703078864,24.341795424525458,5,HIGH
163.73796835295704,8.43973432993905,52.142248590746746,41.30294722456118,3,HIGH
358.16508447768757,3.4400058574188668,95.73403611532318,28.604233617626427,2,HIGH
65.02682746539143,5.894111709368849,48.396061410169736,34.893777031649975,4,MEDIUM
398.2065794361299,9.742566402905483,57.878033406765944,22.232704486120642,2,HIGH
47.54103139049488,3.8683350912539582,56.760355196454036,30.08625980931066,2,MEDIUM
5.979988441695561,2.444288286853377,46.88388419698738,22.729535772750808,3,LOW
356.0075604595059,5.597974074021976,45.22337178672917,43.532516437953106,3,HIGH
97.98140334638244,4.490389798523886,51.166601316938255,16.82836237248739,1,MEDIUM
291.87985097868835,2.436195095080422,90.49653189518267,23.24021782514542,0,HIGH
324.40614997282773,8.996962444330311,83.69580210605034,41.79326629649636,2,HIGH
343.5945564128467,9.916515194984001,77.66996599120365,29.40107872521851,4,HIGH
396.6376942656667,6.1172396262099795,61.99720948497454,33.0025233571251,5,HIGH
117.61588401599963,7.972090915361086,65.54277892428225,34.550801144869276,5,HIGH
284.09733677090367,8.731345325916696,48.699719184542225,17.1278253532069,3,HIGH
46.159943312331286,7.308838054196443,35.20211396851423,15.532162227257553,3,MEDIUM
162.72371654273977,1.397404442005581,53.17283897043376,43.1352315513392,1,MEDIUM
339.18867732503617,2.4187080854513603,64.69086291946563,23.14508535890642,0,HIGH
147.06321842364335,1.6389027203624782,34.01191325635327,26.409393313065866,5,MEDIUM
236.43815221424563,1.088916459778509,36.17633114399745,35.46279512170649,1,MEDIUM
201.50937748985362,3.753967678815129,48.41176630191971,22.089116312181638,3,HIGH
258.38061244481804,4.531203644334038,55.695626151493315,36.992141105025546,4,HIGH
389.15775575507797,3.1692675910233317,57.53217677830936,28.7472654648981,1,HIGH
22.29421060056085,1.5814418327768884,38.25202464016036,40.698294158621735,2,LOW
229.58460700065189,5.768767817530098,45.80749481743521,23.35621907296447,3,HIGH
345.21151170011393,3.4598738796142747,48.31530764445261,21.114674413898957,3,HIGH
192.553084699371,8.16433439377206,34.734441334087236,39.950650616246165,1,HIGH
31.410874376629128,1.0724735946275308,52.82697904127881,24.78978194978501,4,LOW
224.21574096670835,8.582743461588493,35.055510092885505,27.35605938001515,1,HIGH
132.82955632952817,9.592783110513613,79.2420490176769,38.811234980639796,4,HIGH
61.97671413517436,7.445215568382126,57.02334365901173,34.06729612123725,3,MEDIUM
339.6138053133892,7.602796587363099,52.872667256486224,28.251776712968073,1,HIGH
208.63980519644863,9.402060804424599,38.85655200525248,22.49671526713674,0,HIGH
373.31056495162665,2.8816415677031424,45.85525588114271,37.926029065552925,5,HIGH
322.4066018412276,9.95109011387719,46.289364625738656,20.41293103470171,1,HIGH
277.1887175094669,7.961330830406877,98.96429504113121,42.84838801759284,1,HIGH
2.0102013461247736,7.539136374950143,88.47445656559452,19.509482073689917,0,LOW
171.1293826553,4.249815210957634,31.068360414340212,39.148010758418884,0,MEDIUM
78.99451266081292,5.9119973686504945,73.17856135379358,27.727466001844014,2,MEDIUM
364.3191644195471,6.885260094460123,47.91370674953466,20.580186988005362,0,HIGH
69.8335938705441,6.583085751854943,37.3063850173709,27.071368147103136,4,HIGH
114.4240206637142,7.344861746298227,79.39198341838284,21.646554485998006,5,HIGH
206.73470709379967,1.7414356517056957,39.212388462784446,19.07980952507542,5,HIGH
105.3454475992317,4.200835895485271,61.0618545670815,22.174661967916755,2,MEDIUM
83.94587091164847,4.906000149359294,74.2515615387947,41.02195417614758,4,MEDIUM
239.63973004110096,3.345663680874698,68.8146329308492,18.178271624394725,2,HIGH
35.571809102009546,2.553645432423014,98.434036881192,44.17618763303672,2,LOW
23.26710348836989,2.2503473192157655,85.00198291857657,15.149953610630305,5,LOW
148.89811807442857,4.297450530309266,84.19353632892428,34.74714463173729,4,HIGH
288.26578180314493,5.440975305063093,54.891677585672184,40.69535954514258,3,HIGH
221.9227033095792,1.5667879613199465,30.58768444588992,43.018729443802926,5,HIGH
169.15058738671155,9.518122851314946,81.40876507694819,19.319567803702636,3,HIGH
226.30062568983297,7.887189905746825,99.98124590069706,35.9462548935702,1,HIGH
146.18059386130943,7.577665958669199,58.41153754205309,18.22047648466942,3,HIGH
374.45853417284513,2.5557447248985428,98.98629492699821,25.578344816233006,5,HIGH
21.96195636430973,6.4342069121097,39.91956766740425,36.957790725209804,1,LOW
269.3565916119341,5.767524521278007,50.755864614570214,25.37919678489201,3,HIGH
356.5130659311002,9.842219612080244,41.950885221972946,24.401241848432036,1,HIGH
321.55388349410134,7.729045930721422,63.2623181048771,18.481638564072245,5,HIGH
73.6164139285787,6.18185695344608,85.78869810550543,16.99314282984264,1,MEDIUM
118.37053959211534,8.6573139982311,53.846318407656774,18.458339738452715,5,HIGH
286.8191754828419,2.3958484377463853,93.43602560063101,41.264243248356735,0,HIGH
33.70822367230622,1.1369487672187948,68.13812893308496,15.335955761427758,5,MEDIUM
324.74467993303364,7.212100000730709,62.57970896193141,35.78597608605867,1,HIGH
287.5627778419161,1.8848031421351372,85.09250895366935,38.058726896648935,5,HIGH
291.842659694137,2.0389027598515828,37.101044792924924,32.03664912382287,5,HIGH
40.096548107036554,7.702126537820774,84.16267298474723,36.92326083549446,4,HIGH
287.10421792649237,3.4348135972059017,47.00664001209787,34.56809007075301,4,HIGH
271.927250087988,6.657680940120036,49.65687830282663,28.66675467284078,1,HIGH
332.3689963287402,9.256662334834736,71.96176413240559,26.481312836288012,4,HIGH
16.638382502587802,3.848270784740725,93.13540975323436,43.23995965215521,3,MEDIUM
9.244267387116878,2.954297420559269,70.48848648396054,44.158139777114044,4,LOW
149.2028399514243,1.9590659536694655,75.42645441561409,34.53814210875089,0,MEDIUM
59.51531353966115,2.174161252777535,84.36162127236919,20.918965196954154,4,LOW
223.35379102808878,1.5600042584095846,48.15273312947407,28.436974873133625,3,HIGH
366.93956060269954,1.7887814094676613,87.90635709628998,29.89612470247821,5,HIGH
156.59189213360628,4.888041299282385,59.25721043470048,37.73910157381985,3,HIGH
337.98015090904164,3.8877854052157277,42.29589854438137,35.03331393966958,1,HIGH
0.09634980714658958,7.359047328906982,54.508265562278744,30.444432882836853,2,LOW
67.40585738367369,8.832174924223017,47.22917782027577,35.410936733614705,3,HIGH
12.169415861634247,8.06295882828146,46.009952359495216,15.72170540201322,1,MEDIUM
131.25887220602746,5.7757353099908695,49.77942391034163,38.299059656530915,1,MEDIUM
363.2758382786011,1.9219790460938808,42.665157031946265,21.348967020208327,4,HIGH
38.7808494395951,7.387905555473981,76.73912299578501,34.692274186834474,4,MEDIUM
242.56391069752016,4.265458522541862,70.5994229924582,18.419197564110274,1,HIGH
180.5983756477777,1.7708535452386918,75.39093250884,18.433825077741044,5,HIGH
375.387284946325,8.58219766491363,54.06073066797123,16.06972931510106,0,HIGH
49.007657014837534,4.04394865464255,83.88133818018309,42.30698430460535,5,MEDIUM
84.81114020089157,2.964239492604142,39.07261186679153,33.136762730754356,1,LOW
11.81678744459731,8.84306858156959,69.9795696622952,25.85885808687445,4,MEDIUM
173.5740998525495,9.119204816023045,49.28170805725317,38.63333223057926,3,HIGH
111.13315982586171,4.050737534724039,66.93269304883279,33.78246601873997,0,MEDIUM
347.96237355612834,4.193212773532361,52.65460226681674,33.60241553738821,2,HIGH
241.976325279102,6.216656748248297,85.33582355639066,29.6112838308902,5,HIGH
245.63629519028066,7.600973444295923,92.38902871866662,15.23780336004626,3,HIGH
212.76427875252097,1.568342817161771,81.98068563601419,22.753875192748197,4,HIGH
36.7401348916804,6.340092914696245,42.29085989944728,18.27230083800249,3,MEDIUM
178.0074734901421,9.575380556052234,49.24068288718536,34.87229557058328,3,HIGH
399.8020758834066,3.358845074619583,94.3550645862891,22.45862465360993,4,HIGH
334.09171633840594,9.179444926872405,60.60540893607409,28.50499992153621,3,HIGH
357.38362166684635,9.551515066867843,95.88262865444868,25.602908948696488,1,HIGH
329.2905436985998,3.4223827687398076,57.47161822035868,19.29596213776092,5,HIGH
41.21667737239307,7.7878167929681545,96.62422624134646,43.751106986481574,0,MEDIUM
90.97930162591985,3.14897507487604,94.80172914133317,43.00257934881648,5,MEDIUM
1.2486605425638508,7.638500455589194,76.23688229906314,17.53824558109922,4,MEDIUM
121.40404995124459,8.176779741599432,30.6178933923052,39.82096060583989,0,MEDIUM
43.44296093859703,3.224851333395845,58.02342773831558,29.651210481491194,1,LOW
189.1173381206332,7.442825892249115,93.7864590786917,38.21207653742554,4,HIGH
270.8509954295608,8.308940849776809,91.95772023756803,19.53471392741301,1,HIGH
349.8021180152308,4.227209848962206,43.11714600672796,18.96822413332631,2,HIGH
299.6868660363593,2.5093249839075424,57.94277471783718,41.722725026856125,2,HIGH
375.43423831140205,1.8276811058576221,88.485694951563,41.934584755231825,2,HIGH
21.559316157515518,6.178435332489477,70.45144972750381,28.977364882608263,0,LOW
4.871934166616576,9.80288307384142,89.31094634123404,41.10473392844694,5,MEDIUM
264.53524553448506,8.406552880199946,87.8597169113994,35.02376854510891,5,HIGH
115.7409640888985,4.922556750410975,93.52374048667382,20.55029227832976,2,MEDIUM
101.40040644230925,5.829588125694627,38.20544117362072,24.868627940464464,2,MEDIUM
132.35483507751772,3.5157509687063704,40.1650599017461,19.081819515260097,1,MEDIUM
107.91842315694566,2.467592806240572,35.796632027833674,38.21846006792799,3,MEDIUM
204.5745625206349,5.33873042409046,95.46881887668022,44.55752174087249,3,HIGH
176.059378889653,5.171514095504667,63.26136690645252,31.391349796980347,5,HIGH
204.97142055066254,5.697369575233842,34.50276984377137,34.67593242344678,5,HIGH
269.08544460017447,9.575241270075466,52.50709317598289,37.3827770440091,2,HIGH
154.85220358845933,6.43505770130295,54.59888487909768,21.72777307291471,5,HIGH
100.52307485686272,6.451946529601364,86.66918764337301,25.080037429003028,3,MEDIUM
66.4802147234982,2.152222865749691,81.48338245196462,27.36963633972704,2,MEDIUM
139.7896478130502,9.968399795591385,78.25709346937984,32.83764936436417,2,HIGH
296.7225900984688,7.955604498112017,31.53044868139651,40.51477734446327,0,HIGH
302.6819640445878,8.894830096846043,93.74870574984652,22.626106337697184,4,HIGH
266.7621546736841,4.728703706478947,45.08886868410191,29.12666402183367,3,HIGH
93.61127012274983,5.519152862070624,74.03429832848744,37.54601733614135,2,MEDIUM
235.2344983418791,5.698754282460488,34.32733301079934,17.621549985138728,3,HIGH
228.2758646307392,2.7468508536064467,35.706826431043815,30.386803749785354,0,MEDIUM
193.7064792438902,7.205402406942614,30.67041072910855,19.33139110097175,0,HIGH
219.9915945535457,9.12679051255711,69.61493511817315,31.17446690182048,2,HIGH
196.71625304946724,2.473352363245771,74.05657687318333,38.0346828394631,3,HIGH
226.18254642964328,1.7768644613754805,33.53236122632601,22.108422331348194,3,HIGH
286.2023818484515,7.64397014986308,50.33394193348272,40.48435336454115,3,HIGH
43.8512777613759,3.458816485056839,89.60180899246117,25.0441233024525,0,LOW
299.8503008596095,6.614762874555964,37.09158567760399,20.723545906733104,1,HIGH
54.35446005103768,7.261825041929626,45.15830151873318,28.959701852125562,1,MEDIUM
26.651199364149882,3.897196872236396,59.70738459306989,41.282252463156155,3,LOW
390.431874488587,8.33630137683206,88.95918718431813,17.067991835223086,3,HIGH
382.7967075481766,5.9499008390279515,47.83943381326429,24.827143986499358,4,HIGH
24.17461797622562,8.820994671566226,99.79959107543395,34.594895069073395,2,MEDIUM
177.30137658998487,7.869641973030527,54.86832691969698,25.727426060867565,0,MEDIUM
74.4979753199099,8.817180688337084,57.051406093853615,17.124719841978468,4,HIGH
194.13795885376723,1.1814524390610468,38.5474342961556,24.959969063414214,3,MEDIUM
332.070897199835,3.1915563466473524,77.61385305995715,39.628781584095904,5,HIGH
380.2447098971561,1.8100714640134477,47.04256279491371,44.04112567515078,1,HIGH
253.70106138061493,4.978747154704143,74.02073167065325,16.19337592193155,1,HIGH
141.56226688472682,9.009641094537864,45.62104098820486,32.07851452905208,4,HIGH
241.33022625783934,5.207862360401823,57.151058705852755,18.159102990805444,1,HIGH
124.80052244338013,8.647417401223546,89.96704643680923,35.41189587468018,1,HIGH
363.92945633282415,3.944604142173861,81.72341380318491,15.236766780241528,5,HIGH
348.16018524233476,4.056130655247272,40.82136299606064,15.442248771221198,2,HIGH
223.2927001118644,9.060055572941899,72.5395717161871,38.30639479291722,3,HIGH
129.91956615214423,4.832354318605314,74.00484561716665,17.233059680918934,4,MEDIUM
117.35587023319134,8.107889390151996,36.33979314513027,24.155450228611926,5,HIGH
13.367197882023785,3.1297919309371123,62.606395803515504,43.74121272311493,0,LOW
326.3283404101181,9.53920746709872,48.246787696732554,44.55741352342414,0,HIGH
180.15328521560318,6.17120421877514,62.699109993443805,19.842085856582003,5,HIGH
130.05317136010578,7.833912117205617,84.39496939260125,31.827057643075506,3,HIGH
188.44414199910156,1.8056412981539696,41.07816918672238,31.774464854708995,0,MEDIUM
327.4951961818608,5.433978032474759,38.63129439116307,28.571420715978398,5,HIGH
49.845683083008474,9.10934647960621,48.85215465740411,42.741004747919874,1,MEDIUM
343.0623952967309,8.89334766138974,96.65928152426082,37.62101727372481,2,HIGH
359.0035340433416,1.421325615108048,82.34769478294764,37.935808070458314,4,HIGH
378.68316601355525,3.7332862221605203,31.36191039701826,23.087082953080294,4,HIGH
158.9951969690511,4.989880058311721,58.070338973836364,28.02959316604916,1,MEDIUM
86.85616161506874,2.550383329202094,48.017858535626964,29.622710954263592,3,MEDIUM
