population,current_stock,daily_consumption,incoming_supply,people_per_unit,hours_until_shortage
4001,28691.188082235567,904.4385280890488,17826.357474374494,2.033200605847316,1230.0439115140105
10968,36019.563573044376,2636.8420771535707,12528.612276545644,1.0409105774766005,449.26380893741725
18961,20002.01155253498,7164.636097723354,6610.1447591794995,2.5776327164604758,90.3341826761525
10340,34021.91282955998,1633.6974682912687,16254.899303280628,1.4579078904476561,739.3146626745745
9026,39527.63368432085,5281.614220716141,2179.2828340421997,1.7072617417992455,191.35616261721253
12964,14809.125181914516,2526.807476908075,17167.027316630025,2.331214847390397,303.9081418687581
11563,47314.28835322193,5166.916839663437,10360.03331975619,0.915412807115705,266.65226453630754
3115,26143.37672777765,7525.11063711826,15138.688607912354,1.1558584523717028,128.85047053775443
15244,36771.75383683343,2733.2131816212063,10367.8318313225,0.8868799896576767,414.5346021323908
13564,36581.782559210675,3544.198236163576,4925.458437979469,2.4202040322307337,284.83228782644426
14089,28479.544294843585,7257.70562278742,12816.972455685554,0.7438045360754565,130.959757019418
1432,16472.842885194048,5508.747150063351,3095.822720135819,1.722507406153732,91.89597067893966
17519,33513.50336697704,1036.2096018844359,4597.408690963521,2.374774094181075,880.114139148197
18074,4820.601229610511,7605.727265543794,10986.51338024045,1.7694045906581812,50.80699471597411
16044,49081.05169182296,2846.646026424464,7799.671626204387,1.7716922398342378,477.3887990677187
6008,9607.864433660166,3912.071571964525,14904.045705744371,0.6591868695889063,150.2032883121877
511,14133.596207129538,2527.251550471452,11671.449550832365,2.457153030891258,246.03899807467434
12694,47744.73725971038,5479.234502670877,7626.702552178255,2.010019223712341,242.00300376710427
13618,9733.798182093009,7106.906195983766,6534.598696694298,2.1687826534616503,55.473566559787116
8560,8919.588568259996,8051.841977964282,18264.855639359743,2.4144989572870355,81.35837127419913
948,40324.531003176904,9229.010540584452,801.6532392129028,1.9015445046760164,108.63833464934936
8161,12938.764488270988,3656.244851374261,13820.620783682105,1.7715574906457372,177.137830767655
2996,5188.966106674547,9332.880883599324,7837.971577910003,2.1579131015917103,26.99590702603861
6385,11718.829876674308,6207.851968419574,7547.153491268006,2.7500204237232504,73.48115121767525
926,44474.492492803314,3956.9859855256227,13037.535465695615,2.0962430743900735,352.8391407576359
7599,14375.799679975722,8884.211082108408,17009.295064876584,2.4708043768877723,87.31856995805383
13418,34905.49556264302,5838.332102478833,14488.24490640138,1.7006793796451132,199.6999232754722
13013,20059.39185923403,4597.406933929725,13402.22536490043,1.9739298512452605,173.56554570419985
17330,13474.878971536673,213.86534823864486,9924.049000827934,0.9503741100818287,2625.146362959885
12427,7630.346654057492,7203.328111906707,9383.569278265997,1.7212951148173299,55.95331231642501
2750,48623.490563447915,865.7451475185337,9214.305509737525,0.8722247924288704,1602.8828131941232
14108,26295.219441253717,2964.98899741715,2908.9492656926354,1.6675536154203718,234.86147542519404
3181,6180.372162913091,9620.773990908749,11190.059767439105,0.6623792091179823,40.42691364502594
18285,10341.29181596229,1636.609740718209,6309.285561400211,1.9405184426195592,250.55248266152657
3907,20661.20534699154,3186.665123145136,12364.557924506913,1.21683861819978,249.27656016633696
7261,27436.441067443833,9330.159662071017,10686.704952487875,2.604109609472911,97.41648935643074
16633,9498.941512864363,3443.069799258049,18798.48390722829,1.4406593211087082,199.50332656796812
17927,14247.553709981405,3353.8822579812436,8698.602641134468,2.7944331275201213,159.52259835887946
14055,39293.46309327003,6514.750410291889,13287.944160252358,1.6822190952461584,195.3478296008176
891,21165.339194410662,1400.4366746619285,11856.05117379802,2.6221825418088747,561.5119199217886
5319,569.4172074722536,9730.24192629872,13687.895158081827,1.243178663140036,36.253192503302955
6484,3170.0442761196123,2822.7241860385643,5339.497175456971,1.6290052951858318,69.76289009908466
18169,22246.758090516563,7878.319436877118,5144.978888372034,2.0841637943642985,85.54667858868551
6863,3475.82801044949,2947.3820652154523,11193.559124581512,1.146627225041082,127.42255719578874
5627,9108.26838468285,2826.1868533420866,16981.231627267025,2.1433208161924475,222.0142776912397
7089,36529.88391187183,669.3758097981082,14400.173673933863,1.2215059022703163,1821.578471549255
11126,24278.999323717755,1281.2745312212387,9778.69399364205,1.7107316825924639,635.994241312126
13012,24381.865691548177,5267.476363530916,5101.8886639726825,0.558424505711058,135.36532383284265
16200,30111.795545654815,5810.747502879521,15186.944522020416,0.6954558054594766,190.90074603100825
4537,39531.67407347607,8176.850858533667,18524.923952253455,1.0677529786744446,167.05341145132
7354,8350.004578527863,696.1303774945925,4260.406419697447,2.516232506650452,440.37971811019486
2043,9065.855883937824,3625.886838180172,15981.874424254607,2.1509604836290075,167.69135115028587
17675,6509.490586171556,2081.5726214728375,3448.9105696449005,2.733620317660698,114.78552583160759
14350,46873.04922361976,3642.9873561460154,18015.65956553514,2.7617773014104134,430.0782100273428
13368,29075.86607001392,3607.6359958801095,12840.997877716123,1.4366785050156443,275.0543129047772
6598,5085.700936229622,3607.369730461877,3620.2000852343,1.418827265438591,55.180227032643415
7948,11421.955264630593,3165.3709947030284,725.1905759389255,2.589357623996872,87.97633263656465
7711,36416.707470685855,7663.383166972197,13892.325872368134,1.5661081751711754,164.2806873449525
8298,1935.088101468458,6928.0922408625165,12122.03648105693,2.6430032621456925,48.73561630205849
13152,36419.95012035518,3480.545363289514,12226.356330134784,1.7648245898849095,335.9886753222942
2216,45617.48870053999,1550.2322139566018,9645.238379593566,1.5617828105875042,858.950229497572
4136,3290.8974056836664,5230.975636675825,12288.862868174932,1.1976747444563238,67.20725616149934
12056,9727.812065048653,9196.59144101803,17464.461849776806,0.8162171111409307,68.52145885237466
8370,617.7407798717456,1323.2374745130314,19040.031631746657,1.81475576869483,357.6003136038425
14182,5897.010472227466,7554.995494703987,6890.159135293033,1.3130627882271093,45.68094483063624
12865,31041.080273276013,6033.852715127776,9757.439362966747,1.1236005549635382,164.94020081346136
8880,2718.480918787214,5927.042237938303,5460.557534566892,0.924150415712683,34.18754328390077
6226,21578.836236573105,9353.106013150222,8231.706985606195,1.47155530292768,77.26831794079814
8057,25418.38744423248,9563.81181424764,15917.771082760268,1.8896819038605315,107.10929661396254
3218,45378.14036449087,2514.0134146724267,8499.782768300014,2.5925649103093376,511.4510595749713
19289,23977.37259793406,8103.922623951443,7832.808250556671,2.5504750088464836,95.10429748796142
8387,7556.003197669522,6245.912358719727,17002.222079023402,2.6376585529394325,95.77383630528057
8503,14819.964624234273,4147.571341744066,25.44723389589887,1.9405840390727376,85.11175836495372
16023,33773.670600083264,6689.650967291122,17043.761525113143,1.8988748178282306,181.91873710419821
9594,6049.732606026832,9564.071085151507,3628.1593215715825,2.762854173627701,19.45453302430894
9032,11971.266999602736,5217.065834591258,5490.239500852685,1.221367280991514,78.67672551324495
19765,49790.96749301089,9406.790382328594,7232.181370685835,0.8636263802604461,138.39206880810914
13853,773.9612601944465,6464.583633234362,17613.0446170702,0.7069369306429172,70.28028179781751
13685,8033.074003230285,4880.801483964374,18173.630816876426,2.7026115837741673,129.23655095184716
15673,42262.44914238289,6477.2873580931,13223.571145966773,1.4294330396483228,205.1873446539799
1143,5518.410149537233,6065.156346100025,8788.857291252256,1.7468156744195555,57.39046825545216
16904,2165.229776435899,4274.8036752670105,10322.556206497931,2.5076501155128277,71.01399034150889
11764,6504.959040711292,5668.357400234057,11608.032184560065,1.4329201121709838,75.65754642742415
1177,34833.06084054221,7062.161862314675,19079.816090868702,2.669886876484352,179.03125140472397
16431,49658.97132522776,8404.77629485772,19383.344003117836,1.3042446742419171,198.6457884110062
9791,29736.46050683455,3112.8742846449145,16946.658558937168,2.330955565844305,356.95163105330676
3150,6653.655318419849,245.01447734252338,11674.574133377164,2.168424846218283,1796.363164632846
3969,9597.049162581048,5557.057228775085,7814.6894848988295,1.003365263146667,79.12904517144634
8386,27115.259423404026,4943.913275275296,4605.59833371752,0.8112445132870125,159.30497176491954
10756,35925.080265688026,636.5681517074014,10689.11720677481,0.778886683447457,1758.5968788622176
12092,33314.15304731742,6361.813459171816,6912.617859612365,2.12728458927623,150.82771514981434
11563,28948.96166705959,9419.863537696556,1454.889952822429,0.5323594025321186,76.04178051563512
11122,49320.35390340033,4082.0946814109075,9524.415167695122,2.151685465292349,346.98480499097315
6184,10302.680534231098,8954.165873346827,11421.723666205213,2.4549144203963422,52.40046365597545
19571,9058.747557938901,8149.703446099274,12226.302879465822,1.2562755773023793,60.26857998313375
13957,43023.52991571051,1700.9912499548811,1476.27761954104,2.364251244120976,625.5799666049562
7096,14895.675603741856,7894.070364224395,9662.203643124003,0.913465722612508,75.89413291645175
15651,16960.055669606638,5215.390207239909,13118.261004985501,2.901227368563977,138.2463285461051
18300,27659.07292971944,9194.422352270063,19221.28139516236,1.0801654712051865,122.83311358133392
7574,19373.102564668137,1975.319731048207,500.9161697692144,1.7209126094652436,241.09757640130306
991,14738.201376073548,1337.959819506131,13525.646028928757,2.951240771441425,506.3310459883918
17643,45900.17543174476,2488.675955564901,1246.7482000528917,2.7678449394215026,455.58592323462585
18972,6899.073541949199,690.3044334282815,3176.869744479507,2.1486628943684973,352.4059000859804
711,20512.34427854624,3268.7929784352223,3466.159433394778,1.422981896741222,179.25761070248467
14144,646.8694061693028,2901.788090326972,6577.448739101707,2.250220840699521,59.669924282251465
8475,40468.95616830266,4220.529483444099,16625.980690117194,1.650683890002686,327.82635293833863
4222,8836.732881749484,4683.474308868913,17124.745098772884,0.7720999038996275,137.8078858151899
12209,38763.00484238628,1532.7334302995755,7499.038253023833,2.4899442218962538,722.5597520554454
10657,7855.8541666681285,6231.801893510236,8626.056545034837,2.679028904938098,65.85034269487191
17187,21128.572952121365,2313.317248218946,4340.614242129417,1.5190173326669958,262.5275922141633
4272,36545.15445589433,1307.0938225678474,8650.275821146237,2.1643157756471014,833.5334680623391
18665,13905.035757153377,7117.229817485508,5496.688647035612,0.5759066184253141,65.98908813556733
14621,16038.897717664915,325.07910848021874,3497.6529048802486,0.9931253651991913,1441.1694261307657
3725,33532.46349144632,3746.8228123786675,3169.3613914835582,1.9256598058336134,232.36659729536248
9499,9791.198689797027,1529.592466376984,15512.943027698291,1.1852065587956022,395.3156459474646
11882,47613.32694043999,8839.647749749243,2338.9278109783795,2.8609089782012886,135.1556289982151
1853,9844.990367441267,8262.138122373435,12320.689432379106,2.592610319581198,67.75968536878723
8871,37624.77528934891,699.2143533591608,3349.6402660107515,2.137515532541001,1405.524259720922
9572,40228.644029046234,5549.465590427887,16756.788382100647,2.9970995191920817,245.09539726141995
18714,19031.33676056814,3024.0198495645604,5489.341362735873,1.1081197309816166,199.9307098295298
5198,8233.837463216929,2006.2008297655045,897.8696704839862,2.7978175936230203,108.03577477683353
19684,8712.22403607227,3184.232497595362,9041.463173078258,1.2614335975250477,130.34160966146902
7402,49279.793018446675,8177.28485686197,19995.942256239246,1.9914868817917402,199.21533934988682
17106,36407.791858851204,672.7681716909808,16262.74204553689,1.5859180159318391,1876.7322021908847
2737,22777.34811622739,6517.51050237741,11405.24985106487,1.6080364853675646,125.8649304662483
19462,13238.814563678236,9142.36443869891,3788.7761693684174,2.406275060342157,44.78151047455344
2278,1436.0510758625646,4535.757839323382,2350.1007533717,1.3688585498092383,18.177652729910438
17504,33687.96091128325,9024.987908864972,16771.01078869859,1.7688209586024033,129.54816305485414
16805,47867.35916069474,9077.324247834902,15754.148108518333,1.0292840032325317,165.5543065300147
13005,5788.738782811832,6134.9981430222715,9243.771303409316,2.4086788983332603,54.84303684362047
6879,37847.316735583365,4612.821281042161,8428.193736243087,1.8798288331819608,231.7570543658679
4763,8085.225919366283,7402.870125374463,14973.455785504948,1.1376589931507548,67.80625297451435
11519,39709.206541650725,9170.604121561319,10720.752983433742,1.164837703536743,132.86704835189977
2740,18843.355832392775,6832.349909655692,8083.385033755381,1.233841950084944,93.66896636134392
15077,35747.04809406497,2175.111087105047,5034.417120956523,2.2482298756272323,451.7429100160218
8543,46350.97901482261,8218.551889893039,2451.2700981016924,1.9877300050158353,140.50185108384522
1862,31196.890148645314,9520.180262259224,11895.86943345786,2.5556141515385304,106.8148282149255
19124,46074.601702144166,4161.721303795814,16520.976954249647,1.9288247880593623,358.4014094483953
7035,12133.706609568444,7006.137801145886,14923.662251382217,1.2666334799547188,90.01345982262802
7244,48917.623566893344,5229.846855453676,13926.369049323257,2.907175504983206,286.1188907441545
8784,43705.979562710934,1208.8909509163107,18577.042183668607,2.7152604997371537,1241.6923718642827
18122,5824.880039977193,3563.4359415537588,7890.334853525498,1.1970534953163465,92.04094625001005
6992,20970.217347825546,1721.9131240756428,2744.3513427332864,2.781732412591673,328.155271728562
8002,46387.96144030726,6768.376247729857,2038.98206354582,2.3003108508139336,174.59870460169674
3970,4366.710558836161,5862.737521416629,19100.241522977703,1.5367344771007472,95.98863468594143
4701,22961.256741963654,431.9905806279283,11779.284316914795,1.6671920440916583,1933.3149025198738
5851,36317.891218066434,709.9084512280732,16215.864832037048,1.615953855765662,1777.510089349281
15827,2155.6418416533643,2681.8455739746405,10711.19708350832,2.492158703524847,115.55777557163138
16417,37765.12974669505,7474.109368217684,7969.88792970982,0.9387605078594805,147.75738822351303
13988,18379.527600233556,1355.677390598857,4005.3930173396866,0.6466697295662422,397.4232977758996
5913,12843.904919990893,2127.263600478107,17128.16689886236,1.746144779000712,334.32686395457824
7932,29010.62642302312,9085.50130920183,1270.3047458459494,1.2260239184153066,80.34430489382935
14331,27444.39522363318,5506.76129556404,18004.657451774117,1.9098107852516206,198.9231031739761
11926,43759.994666895735,6246.411460524477,4100.255577589771,2.9454871774422395,185.1163670303232
4128,33962.145319106945,4612.084839114286,190.62091846273387,2.1786314123973476,176.2566353849457
18652,21382.284925016644,3067.7328061568733,2077.942302580664,2.8980458221372274,187.15762205032823
13864,32681.851392618486,2566.38982469758,17670.174244965336,2.3301367809064217,471.5526844522815
5852,37632.32774092315,5933.273903987382,1474.1435438318385,0.6897875870613421,156.94562418237018
3401,46897.764715697616,4762.655436349122,7104.811734892127,2.7232521784318786,273.340435621203
15518,35360.94871956373,4090.027923541103,5006.331420145071,0.9972989923366822,239.9954404998024
18425,27421.681600216754,6974.413127108005,737.0930416998034,2.6619733474708567,94.71621603108828
13738,18962.51410551032,4101.126166447206,10629.33707918962,2.372708502896721,170.5972403606621
2591,44628.43979799085,463.630771270436,19966.65824442715,2.596543943004545,3346.238023137207
11342,39729.72191482418,8412.732340045182,17060.149601590423,1.133951105797896,164.90287401189636
10423,4320.472727426494,3252.194065131435,3377.852437843378,2.518492043338332,56.48533763204125
14327,35127.28964265353,9469.37717568239,17686.32017463282,2.0258801117763157,133.29444871522585
15468,27168.104178413916,8807.62512377608,9035.869622436283,0.704682564331816,101.31991031409797
8783,5630.37436948482,2415.770818007125,5465.010934221439,2.7228298165906826,107.83813348598274
5354,28465.563760622517,9658.163047454993,12806.117458013803,2.692028161555352,95.39950744259654
5549,10029.043690743705,8550.251518692858,4333.8963307719005,1.929977830858371,40.65218480633141
6057,35553.17178634237,9851.662891157364,17593.035734407968,1.6315607783723158,129.81016383739362
4932,14283.834657785637,6811.689705896694,12483.683840626205,1.5013675601668277,97.10902139001885
12506,7942.024716498043,9314.194817517999,2720.437635413897,2.0068432072278104,29.881767755313785
8487,4557.659488189342,6931.921908311977,11412.977458989368,2.6042269742340416,60.28849007145852
5520,24794.57340631154,8565.424565463822,10207.42084818413,1.914819149348161,98.87290037123564
19898,10381.921317653812,6143.249997526127,9429.110617022709,0.8241295373591138,84.03111360101153
18900,42828.82791603626,9298.826288541626,7299.518430260719,1.2654229559163177,132.89333599267135
1477,648.554694198299,5229.060365731623,9484.110443461204,2.170616974985971,46.83989142246765
7534,42260.12008541106,7392.030384025334,11720.229673194612,2.117061882274114,178.46694739101324
1758,26294.074089030873,9177.908475722461,14671.386324015975,1.797245320462948,104.44644006867148
12547,46146.204445722025,4281.662175564623,18357.51162237292,1.1011948633303006,360.72840883985805
18181,10628.257236355861,361.3805415457535,887.681906430251,1.176449266442039,764.3466489481267
10670,5562.553038828727,1219.1664279807708,11386.880375161816,1.7106240453944361,333.0920602157483
7897,31435.431356773406,9721.923273324353,15039.47955406548,1.4862406224694484,117.29113485097982
7372,35483.00727716034,8744.705158115949,2311.0826673316565,1.2898422653507906,107.03632615815903
2232,18942.960450382194,4885.832653983731,18229.955869109162,2.573645309162408,184.95041627435037
16360,1177.1685928965635,9612.904179476343,4899.7952373290545,1.7600468081836418,13.293356729288817
3442,20644.641691111672,1937.4949031786582,16666.638384189664,1.7576718910976097,464.21848125497655
17332,12072.452753418862,1198.5670382222263,13240.133302317943,1.5701398069891428,510.49809974342946
9929,17699.74724823983,6054.2567713616145,11190.931873831476,2.202257037738957,116.70512706849269
5000,25584.345700540398,3882.99094064433,17384.847458303808,0.9391242145125898,261.3521911417127
15568,35265.92054998547,3463.7193959743663,19384.689793513004,2.8589701739563274,375.76827174778407
15726,48179.65167325469,7368.103762131634,19942.61731909067,0.7615316706845733,223.56915642223092
665,7627.992297209152,1585.1300357108985,13665.620301177607,2.275749435337508,325.8907650920465
13372,34155.021612970115,7806.645325622146,6782.621812674559,2.2607566730872106,122.91985815227973
12719,12043.96686477218,3658.5511977485457,17493.98495839466,0.7848444260575169,193.7530796015854
19658,11424.882835938028,9868.70182379143,13086.966179619745,2.9826068820207396,59.74382467362039
10138,31860.926947455257,8106.586260295988,6466.583968191273,0.5857846950908683,110.4491293620165
5520,38911.97630750174,6497.613264771148,18647.29268939772,1.411724914395136,213.45354898236553
17330,48900.458599261794,2371.518072347645,14953.007959211958,1.5619256275890772,647.3851281009689
596,38557.12510726127,9568.621954138343,9056.55607921716,2.507015433148686,119.93541905950234
2926,8287.090927383764,425.8093936942916,9089.811863316409,0.5745434527523778,982.4108583131706
11409,11657.431488184477,2311.1628220924067,19918.57141106485,1.8925503965916375,327.7778401541578
14055,38188.789898609866,464.079519467497,7474.18209012862,1.010002545089703,2363.5964578637036
9194,26585.901238216025,9668.510179444014,1881.613557928188,1.9314719007131382,71.9525156405115
8689,15122.696663247456,8727.350244495658,10771.230403955838,2.1158672257423445,73.19247628001008
13156,23853.270693157378,9525.865891433888,17697.08101126434,0.5853527919511449,103.28173170502319
8756,45786.95706827062,7178.846359089234,11690.39572096327,0.6686616103382405,193.76584548351096
7240,37902.16869979618,371.49825138830255,15861.749454675983,0.7130610123436566,3476.816610545885
15809,22809.538284713642,9321.870199223782,1097.2939851221674,2.6306936121692837,64.3640341519256
14605,49037.41926996249,4267.432439640086,13467.894830603842,2.8166679333598865,355.2196763057515
17545,39846.294012635306,3745.188603641978,1583.8823313897633,1.5943066813344238,266.0730053738911
9172,790.6100970681689,2912.9103931025606,11127.133613995755,2.6869907336222685,103.00008908718048
14578,6062.179041003771,2939.2984901088694,9955.348714152315,1.6905254445901154,129.93435758786364
7379,27921.455045949566,8026.222664987248,18912.088506768127,1.5028157358164214,139.29143981490768
5162,17822.73159892092,2638.1568358543905,2649.288013463824,1.8281123971788167,191.50399159360845
8315,40721.658809890105,2299.4043686413197,189.8281715959782,2.475464045759966,428.4147622388338
3761,44836.50687895279,7010.3943156046535,2747.0950731595954,1.0594145944120528,165.6417531708442
905,12412.215920424718,2945.884353802725,3414.122830830213,1.2543295458841421,123.79707644346362
4060,38282.64803281449,229.99628276545067,5018.229350583006,2.622186151864101,4519.5197785358005
12075,27002.169094108147,9324.487232058895,16301.775135850816,2.789941102031208,112.29682234180238
12359,19902.36850552222,3204.2824811366327,7537.616690795794,0.8075246489687339,207.2647261338796
13653,39445.61256844423,7667.336773494177,16815.151759797176,2.2623374976750323,177.7753493375595
8356,28463.727359379856,4742.974540482678,5438.677198248105,0.5240504701676308,170.54226969263615
9809,31946.560473970585,1427.3902037089463,17210.822364336014,1.1154680368135068,833.8793520903022
7190,3581.575775257739,6653.089560888685,161.80886097941993,0.6715695950674595,11.148114522587443
12174,29501.044096941678,2392.442286937108,18690.709410496576,1.78847861429485,482.734735849498
1241,15385.207946654886,2950.3869618568133,14920.984422483629,1.3584593001662495,249.34502029144178
11931,24918.064157046578,420.8230042200159,8254.60959532379,0.8439687595005738,1888.8597796040378
7681,11489.547010087479,262.39316612569905,11546.70038567615,0.5008020677147524,2106.887340213971
8231,30916.54486199991,5184.832626422133,18660.335483852738,1.4709680346965528,231.84327817991593
3421,7799.7074584386655,672.169597936446,11651.2063731175,1.2361792511455654,693.1393575528945
7874,6583.743887367285,2173.2339628421532,4571.370472996743,0.616722190721949,121.19035560506356
7523,9826.364136705673,9245.690802494297,11457.478052370932,2.6294222521143134,56.59066641135295
6061,40964.494833363846,920.2690401547061,17428.945874792513,1.5269447218389116,1523.3949478894324
6134,2159.9299799930477,2978.8160363548213,19748.999568878226,2.436961037411721,174.70042522543574
1410,36614.07296264888,7292.628805167876,11681.665378292915,1.5551051633227848,159.42040924727564
5202,3297.1255494952825,8854.818365888548,3112.9034961192524,0.6687882842803728,17.366114124648014
18302,29796.93331332685,557.490380224498,15435.048823096531,1.4856577475445605,1950.2472809481533
15073,38791.14436539847,1935.8512421524617,19938.22687813779,2.715331026638485,725.2617814289995
13001,11938.110000119108,3940.0460573670994,9472.718894834272,0.5194310067244987,127.9627737119511
4538,10199.37390482367,3673.8429285106004,7674.655340594778,2.7382585646845383,116.07454267384065
631,14814.317289090473,2956.404774573847,11050.01291829952,2.141819485947403,209.20001592827538
10748,35130.85711379101,2498.8451441799875,3295.3235969365855,2.989084056505519,371.95003741579615
17036,13113.91603697604,2759.722464243242,19425.667690071772,2.790294136199669,283.4759827332161
19362,25337.61476130876,1420.913214400565,16766.693714831505,2.672380951030013,713.1670948266772
17188,7156.071959479935,1716.9335631176973,2259.8142174754353,0.5937745020263727,135.95181767412578
16782,23329.182395637195,6106.992308207373,18901.62994658295,1.200619789743159,163.56479385033455
3019,31424.059478549432,2992.692105430413,18856.389150763192,1.4368593672220493,407.58909882669906
6612,4055.036869275163,4056.884176724263,6327.094995168314,2.2495564708807017,61.5210017054615
1492,40863.45300586368,4178.467267992524,12382.84126196733,2.1216019791885135,298.94249605340127
6147,46903.077980442285,1186.401217439113,2215.0857071208584,0.9292395834038245,994.3472925062642
11251,10080.61407421106,8212.988519579216,1683.8280080483514,2.342089387560298,30.240401844121788
8097,38091.92091095428,9567.960709958084,10035.891218940942,0.8890699820019996,116.77573093830816
18593,16016.599787740435,2709.064387193873,993.5613805013377,1.641082984249173,147.72455291645622
17354,33997.8687261305,3014.6608385796058,17497.832199532215,1.9468487879346434,409.75561916357634
4066,15680.531560505357,6962.222750860327,18561.907617551566,2.676706008846732,114.3009706141553
9204,43185.98507853621,897.8249742306195,1346.128228466119,2.0783050890366948,1194.21115050099
12085,17681.850225437785,9082.49706414155,945.69445340839,2.887109312927173,52.588147326585116
3785,42517.11955516172,1293.8341415927641,4428.3564216865725,2.986233994289839,878.6275595830588
12529,38424.05731082813,7347.418462013267,18599.167178240765,1.7720561326298507,186.03248439771446
10884,10218.033668944952,2985.9992516691213,15380.292539386617,0.6286995142325873,204.3133730089617
13346,8269.177507413257,3300.320710974804,13529.95574504369,0.5707972497958048,159.1823052371306
13579,39092.96629443682,1494.3619883483345,15526.94420274265,2.6391204054351793,879.8212706058245
14536,19820.01107804049,6498.744507030265,3989.5356380820404,1.7496252997574815,91.81698584288944
9051,47494.96187844589,7970.44417591067,5131.767258467925,1.4169842170775355,156.65868073442076
784,47175.939102412965,9507.391597173619,6352.572717697698,1.2111402269687226,138.15420247959307
15600,34827.291215245576,3382.3394028523326,12101.318270373384,1.2044741017980525,336.00254032275325
3777,25278.72681378639,6249.691010819886,12164.401311624668,0.6820497140723387,152.6731082158596
19515,10150.88173803641,4208.430187985397,4172.154542464237,1.2574820825530373,85.9325979587986
2257,44178.44045065512,5622.652360133784,8734.543461614294,2.1120154465985888,231.49128282264772
13952,4558.89873983615,1713.024119348292,13800.3977772693,1.4630248685814071,263.1967657481912
15795,18832.388201268077,5859.353621366742,6192.385811202734,2.8695445295788202,100.52862614930088
6287,16301.365767556785,8505.914465375485,1509.5415776962072,2.170426069053488,47.975063097507025
10104,47942.227047296314,8650.166226773292,3947.7995816918756,2.6599416449941704,146.97285816170609
9049,6346.738361367177,4885.554343295675,3294.7123908180643,0.7854007233836603,46.29871875308193
7230,44562.4248329939,2433.8900079199107,12638.855782526856,1.6262896742662183,566.4051677648686
15108,23093.51428731229,8383.12184333916,1370.9797444576388,0.6035965898839353,69.83134697422828
16279,2851.1959765861193,9994.342316641412,17694.99150692565,2.7375337441279117,50.583083131273696
3641,36578.884447656674,3833.880455060376,1687.7427731479088,0.867171530305668,240.55802105315135
11568,5493.52348280578,9251.25018113748,11958.194766246505,2.5135536932624474,47.456905706177494
14756,12231.701875351579,9836.255228920654,18590.652703381613,2.809527653587699,71.66978307229701
696,40086.577330451364,4016.5715294408424,1248.4585741088795,1.604720760836377,243.14387598296275
18758,8159.234444277462,7191.215727808438,7662.097543167701,1.4734022869281334,52.52619417449677
6330,16610.767140372176,5852.815781472779,6558.915859261058,2.0002942458505473,95.36734440268957
16368,18369.415346988768,7249.717518097451,6884.175477453143,2.3508250283070313,88.63591976744917
7179,29645.72715636349,1626.112072460315,12006.229308238408,2.114024734622433,616.0435355711003
8486,39601.698190564275,3730.5264126057978,5242.061909241018,0.5028866770426056,289.22983634830234
1437,11925.157418379256,721.7006034560222,546.4591456921353,2.4648382022793496,413.9915093012411
19078,10686.254509443876,6170.839753796534,19245.5007288383,0.8684700934262969,117.97526602430689
12222,11484.178384389732,9274.294646136956,14975.519715300685,1.6241907774025226,67.78465724897387
14489,19389.7877737977,5646.804131761011,2702.5518447134787,1.2058916940336246,90.34808556635231
11618,26987.606547555977,796.2830432498586,9103.137070191906,2.819768734036725,1090.9878272177214
13932,1165.5252458467098,9310.736259001604,1254.434664246995,1.7552705127719825,4.752769852971975
15419,39124.7304764339,1416.352615399988,557.1266279498932,1.8054013425730329,671.1323392425682
9038,46372.45113927259,8841.12014749299,950.2346286862884,0.6903673181174361,124.20112716925091
16112,42254.2181065568,7170.849732940081,15115.554649594194,2.7434025534023343,193.15520405911832
11536,2340.6333307963805,6400.040777190554,8898.479145342368,1.0975687293172034,47.27751907279061
8810,26462.982141168657,5909.791216487175,16887.93830402489,1.5348938046291227,170.9239047326055
11472,40794.34200947729,1398.3772269304554,6104.302081487634,2.963236426115526,800.089293688132
10819,17533.666194640515,5058.3531485096855,15506.434759304946,0.7847378908289083,157.97743747866141
19350,44903.350206869254,2047.2610797052198,1558.6911590020413,2.2963196676191244,545.4718587212633
9275,44400.54408432095,5760.6603337633605,12702.16315243339,1.1503360121076216,236.48010386938802
19643,7514.373778795815,4528.703069616634,7212.038271587025,1.549475250832737,76.38438969748522
2208,24934.72312142035,6828.788061715994,5534.498532012253,1.545482319985407,107.96077569382139
6877,1770.5403956943135,9826.720595635878,16302.18188301252,2.8305824356641933,38.443742648338805
14769,14452.050585037083,3674.0524957956495,1038.4423921154973,0.5259058640022549,97.27313198682006
9363,40687.70548197721,6205.463613765633,18990.629213724475,1.4180101921029,227.7815266010974
16007,48769.459981151005,8657.628572682595,15710.911317249202,2.6310584328515456,177.5758534966507
18569,45709.50119218114,1019.9736721540158,7112.1854785444975,2.7762804644559047,1241.8044772156438
10769,2607.7283051593536,8022.436006547718,19826.65982909035,1.2783115577463815,59.316222205526074
19369,46373.160993360805,2470.307210230002,4049.7847823540556,1.1048866440773617,485.9777846880859
10388,41221.08475380475,5448.732584049292,8048.280265863268,1.6531736702490136,218.7454564043264
18337,43451.27457916138,9915.864241496341,17697.590725855254,2.3645988832331435,149.52487723435453
19874,45783.925376641506,9842.115579805775,19936.141696050534,0.885096424593059,162.85300060956428
10993,24664.90591859058,3226.3966308677896,4782.25642689138,2.4611669784172028,220.61840022209344
15842,10955.305541141548,1404.4532660232694,14862.268127466828,1.7816810686414786,440.8682039964508
11950,1540.6923002093868,9388.031863952654,6114.58661271109,0.8520138466620942,16.649590230980067
18234,1665.6394003256783,8945.941406489375,15329.45341427212,2.179398404179216,42.634757688364985
6842,32304.31542979162,6198.715772750434,2505.6802960049154,2.070501969969855,132.23014107685566
15716,17195.36442054204,420.8628494914811,6723.398675491317,2.055906895096658,1366.453385223181
5934,25046.88429031944,7537.6752085097405,1499.9917110896677,2.3869663944364063,86.11090625271316
18163,7001.091265265355,1692.4666110898738,9837.938404805755,0.9530569643521078,235.88787578964008
17704,48787.91162614585,9435.910589835017,14030.011055074963,2.2437433793051347,160.91146352639598
10035,6932.178479691673,4407.748090991094,7572.3217664347285,2.718235892930517,80.85881016774908
6619,22517.914008769672,6189.644520916173,12294.338500046919,1.8257782387100714,136.5195899243877
19179,22445.999888723556,2882.691392196192,11381.735245048634,1.7150742461470068,284.3190009570561
16887,927.6085374739757,4803.251235865358,5891.9303483474005,2.494470340893991,34.224766228648406
3060,33555.999709384014,7570.891481874073,9735.563758019764,0.8655900144695836,136.4447748714951
11245,27141.423347372693,4970.963968464912,1380.3808599831457,1.3521849520347158,137.92502050691385
530,25126.061342160334,8487.253561742486,9198.265595520672,2.6344605933419505,100.10693493918156
8632,40995.19949880223,7158.971616395774,9163.789886250841,1.7494357172408992,170.4310540564916
13496,12436.290744042866,865.859765815008,574.358217148323,2.6010902844895845,360.91414238484487
17769,43124.29208434521,6107.670502524572,10277.464962330061,1.1296701345018798,213.28505099826066
4538,43306.54381931921,6164.734383337112,14753.873319138374,1.4739364629441867,231.60743373435258
19174,41429.68463787176,3870.893688671721,9045.043496731865,2.5590464650711113,320.62671855059915
4394,17399.189864446605,3294.966882662546,12920.51042749897,0.9087382666779673,228.47903736268017
5096,8546.593272359789,722.5871807020203,10648.419373371637,2.736944211433196,647.1883989542598
17088,24021.266914304284,4516.949136541714,15703.575492746844,1.2746581224729936,215.11821385719912
10175,13362.132387155198,3432.3049327294634,10289.105305114741,2.9317421786152713,157.36208576460277
12953,3082.986490357045,9515.521815874083,6632.180282137899,2.5693187253692,25.140068793231432
8320,14333.765595951802,6774.326380268978,16551.375391536913,1.6389630380059221,105.01606708221787
17415,23721.851428025733,4654.607964620064,1352.4282937324194,2.355611609893595,134.31645406559068
10784,6080.409401961294,7570.658608156663,5789.124917501671,1.8881555880840446,36.6894581915481
13244,47244.51982692005,7809.81941215611,11829.688631260735,2.6331186677122393,182.87981647438923
8516,32977.008468964064,4856.513326587416,17120.530338945282,1.7952722558620948,247.13528187524506
17110,7248.866193577479,850.0022405301991,1442.8367439326673,2.9699881790945297,250.80748797297622
6642,40697.17793908767,7827.456209259942,1921.0586548041465,0.8337673959924048,127.11705420267064
7982,46440.370642799186,993.8120235996498,5647.700425190638,2.191172611012615,1260.0181864388303
18983,13507.811522596136,8490.317582400372,6891.439083915713,1.1141338183094456,54.53504783535135
7813,7591.0114934793855,3408.153236825301,16870.76490549737,0.9780693043847442,165.84958588801024
14530,16462.5374006068,6418.58554784097,19178.06434349324,1.5206268692052132,133.82799446825035
10012,41696.31558161204,7430.004083829313,344.57375571727897,1.4186540502144114,132.12528045454872
19545,9167.147696055077,448.40540672740616,307.122227506611,0.6158382604396482,502.60606364229096
2164,39077.65604719569,3907.681627867464,17296.206577513745,1.5693090605577877,341.524494522921
18409,35955.03145876397,6081.015779194002,2712.339465353564,2.879795681085136,151.4415572176496
15250,32742.65202402264,8496.628048239716,6786.723225267115,1.6671898590375887,114.45621614387179
4154,21949.21621775688,7205.919863486051,5504.270547309003,1.254538014899998,87.05231449791094
14233,18655.129003597016,8971.797525668573,5637.3643221970115,2.8726899943690163,68.22783224446815
19451,4720.2697833884495,918.9544444303133,6571.83796301162,1.764306251198326,293.2977084695845
17980,18189.11137044782,811.0378218375347,6720.923680280615,1.2177561787465516,733.9376889641052
3598,30291.16940636373,7163.896913682129,12403.11678777129,2.4574737612114066,146.6738017928886
11514,44961.35619923547,4045.4295858783785,12575.682178300849,1.0590335968224358,344.2374957847947
8278,41739.66463891172,4868.149486384302,10457.839934362071,1.119372762305018,259.7740739800554
11619,2094.6786468825067,6082.728752529322,17170.831516230162,1.3108300009143092,76.7090542044428
13685,7373.713310395107,9860.820471298377,16913.43692763456,1.4869210653572555,55.894520677921456
14750,42500.15491618727,764.9449398156482,4344.348014510211,1.957197374427739,1473.4634056686755
4114,46996.25906993653,1178.0594053192312,10872.7911504098,1.7882116710010474,1179.0227295238583
17731,3262.537806375412,8310.201032583327,15676.741830826062,2.359326971651962,55.1029760982617
14754,35211.97717296519,303.1901854467305,17337.48673513801,2.2929271487897545,4160.901332736096
4116,18603.789165979222,4559.5029232112,5103.715461461271,0.6139004175402325,127.76379226948819
3204,18532.367250020805,7763.771067355176,9882.002987949367,0.8347608769376134,82.95259640816978
4393,32312.125030023217,2033.161328237521,10500.545670113164,1.0379798038795902,505.24548851159875
12073,40605.696351877144,1951.4001193491883,13992.766364397907,1.9941594795817257,670.1374467961349
11763,14104.458768578,3171.498208893531,6605.18473999008,2.738160877241869,161.17062752675716
3494,35415.04003132694,1585.1023552579531,5869.0359858338925,1.312266534712185,630.2854378485695
5033,31975.87728433041,6817.673251846715,14111.949714027141,2.9093602077721488,163.12015437349507
2000,26107.372749409802,2081.3617598249225,7986.70967203946,0.932151395346288,389.19573196304793
19326,30320.074566363306,2345.889636553556,80.47894980306447,2.8118309076383934,309.2461051044627
2225,1393.6424539472619,5791.857966108756,18756.93158008174,2.50250544063015,75.92151234849196
10257,701.263532409372,9676.676676120836,2992.9099141261604,1.4725835138235104,12.208897851628931
14892,27746.70905127142,9147.437466448559,2972.682319113906,1.0157803497094657,78.8840453450644
7841,26443.369005953846,8658.517623306529,16367.31603075924,1.4782321978309352,122.2986245613431
17209,4031.092663704091,5356.145949945425,6710.0566196335,1.0343466163874528,46.45030745224306
4917,24855.303167841696,3047.7429754866353,6563.506132365286,1.902879331523008,246.82089615945068
10922,37997.674363841594,7087.0950649053275,12447.908147605822,1.9370469041220104,169.6983721036711
3166,27289.520978747758,3956.815069814062,1180.7730588275024,2.420473280268709,167.89741320065556
9901,26121.907392518104,7801.298935968971,4739.234515304353,1.819662659078239,90.05700479538808
16503,36036.46846932567,260.2957072154062,1065.42326826486,1.3628655726805545,3426.821937412538
7652,9006.288244178999,5342.446405571338,5830.193234502052,2.7789974038501986,64.36869172352766
17725,23145.28634136393,3439.769900473985,17398.603169589176,0.6949964104227581,285.12697573092964
12128,7828.369906721083,2565.5861477742096,18186.65088863962,2.5219542258458714,251.25411638146116
5278,26430.094697428132,6652.18469248133,6188.733894580038,1.5239365453825413,116.44012666181811
16669,29801.100907198062,6617.89600274999,3751.7339258028915,0.9527486045136355,123.06214174657556
18955,6522.828430078923,466.96506164158984,2705.519764507507,0.8008893252094649,475.16417512864024
18168,4238.002304047129,9482.218971557286,7888.382416268034,1.051911022488132,31.695039885200075
18262,8753.313750235215,3682.3450578901457,16528.12569560465,0.8048895669058058,166.24139933787916
6839,29523.712354073756,9182.337362549943,17053.26867255124,1.647326438365117,118.13949818868898
19542,9886.14847929687,5878.827882883791,918.5596830458431,1.3742241512824105,39.77162937591056
10579,14124.54384340095,6560.645681446509,4184.577125369553,1.3914726119651637,66.8747668204061
18862,35276.02433621317,9609.104225367793,4063.4051036286655,0.8921707324887819,102.45569159079332
13419,12793.068937991718,8239.753068693146,16568.603600321614,2.14935638601447,88.28105632415051
14258,20177.58597805067,1486.3465992994595,9125.84631756796,2.019492837828625,468.91383883668306
11853,46477.845305161725,151.68752967400815,7367.904639111484,2.9557160760777745,8521.20043227819
19108,41337.33226237506,3155.015065383376,19132.11782142766,0.9191105982743828,460.7448822819131
14656,13145.876382828998,4936.522184437474,18507.145948933285,2.585038592151068,154.30304206338204
10771,30080.00216938983,7348.283922517605,8802.133734485742,0.5846790371944763,127.35858322591726
16739,33457.31892353455,6644.378965689745,2566.63652005801,0.6832977808275554,131.04541951524118
7589,45061.954731690836,3197.2760969597607,3420.0697361305574,2.120129121874262,363.8346318998464
13514,27599.63218024053,5465.760292717231,2241.678345195863,1.5161741344319655,129.23973536477718
17837,28283.700440347333,6544.239828645261,13610.077673858184,1.0762527145129672,152.96863964180184
6417,44478.13706713377,5186.127000233648,11093.741767907803,0.5068912774938579,251.62537475097716
8761,3191.8968814787277,6920.845530818084,11132.889547974535,2.1578648275637438,51.24303364168229
15850,31592.995464245138,4903.660714088522,1967.5570949352484,1.602121426767143,165.75026085665314
9786,21124.135720650716,5343.88156913777,15865.499120967144,0.9269680638738582,171.09721274046464
6242,45533.28755730628,9413.675398693871,10711.457847967606,2.930559872799125,145.2317561582071
4753,48046.74344329813,3952.6654635298887,1819.383926710021,1.3771044562093229,302.20570175051705
17432,8927.239579187824,7581.502578163873,14942.615810093253,1.257649251926701,77.0225473367778
2339,14432.689295592987,3413.297807041677,19625.96209284422,1.7757855473929798,238.52198332508428
18835,14036.166186754876,3385.359900370507,8823.610223524836,1.193016919883303,160.0475967764271
15161,5481.067549455191,9274.048809063243,2313.0924477230665,1.1819053054926083,12.998965156756004
9750,24405.723320829293,7016.847903684235,2027.983092942154,2.9157165694634406,91.57666956914316
12243,25897.52983111151,9296.687050977958,517.590576070066,1.152869054487505,69.68859118090377
19391,28862.42385314794,9946.356473894302,15407.962929065738,2.013667083184621,110.70694935269991
12182,33316.439139089634,102.01133542456331,13880.019943343837,0.5936166925136184,11108.14977424482
13298,3614.413897004757,9833.18746538323,11684.785795766296,0.8858731195754184,38.38237095897489
11651,31312.935516723508,1098.6201248180955,15312.586467505656,0.5552005132544395,1014.8241471724369
14698,45733.55976461561,797.0736513851647,19985.953368583665,1.836191765029223,1975.2186881334098
9574,23022.053459645365,7701.317067080216,8036.958750785663,1.7290164016919523,97.45568550107454
8103,5782.265944231295,3566.8275461430076,14116.204502637267,1.3273062861481235,136.58234172407194
19509,4754.229323057265,9186.338171350515,7543.23210573646,2.2507034207332257,35.003643024903695
6393,14446.737014089767,5490.615032423014,7041.157716662414,2.0644866346154096,92.62313352368636
2653,37749.969001718375,3922.505273138301,17018.401938090876,2.0008543067833733,328.8012936720024
5261,13419.482938220735,827.0299985731858,11495.262829694126,1.3406452853565491,719.3946987378134
4066,40809.38015890798,4699.894932589369,2412.2654631784003,1.3178643191421515,214.91160459276347
17143,41073.12777481522,2851.1875670951194,8070.3199583401,2.683620959066546,414.67326012969255
10200,23127.035982569687,858.4697009026264,15931.086390550296,1.8599119152125447,1091.148097014348
2344,15389.047723746735,6736.846444764061,18799.962381104866,1.1805854753098313,120.90212645226585
7769,30084.52405909727,9775.635146627403,12288.562574441394,1.858051851871307,105.46220557786691
12706,40621.24237336212,3851.253405425798,7884.274187505689,1.166927050846122,301.1942402174749
11943,3696.2545010417657,3042.922713892155,5039.647831903305,0.9632475984774492,74.67234934740928
2033,47694.46539466682,990.6058840740353,8440.473962800463,1.205441005730529,1359.4430699354148
6096,32472.063609609482,2309.1376889402804,11313.089556064433,2.0722312146022057,449.8916062821872
10115,20208.313937129384,2921.225273004217,88.33472579754753,1.7895950769268414,159.11105827903032
18904,25547.95215906198,3507.3385670770404,5373.556428152513,0.9112509022121404,213.191010852079
6858,19586.828590454457,6376.273777620399,13430.31879704139,2.7697820553146624,126.17762834259969
2191,20924.245941907287,1237.2395128323528,13464.592431174326,1.7457402549412238,668.9218608497426
9019,29983.022236684974,678.396742889516,13060.1344426953,2.4843131147596003,1518.8265133648538
2088,3481.9045944299332,9312.759991192856,18998.84719476533,1.3267210683355783,55.28005887300215
16981,9181.167686755627,8011.968048943755,11370.913206023879,2.893898499525462,66.59008910241312
5254,11738.458705274521,2854.3986604620277,5394.561015637174,2.38023274427517,143.50213366746075
6673,20671.956576777982,6424.042679224775,16232.253859774171,1.6362671766101087,136.0145454515808
9789,18867.347714076866,5965.673570019067,7787.546862067536,2.7557320812912507,111.38761066199389
15007,36249.125703588914,7455.804776980357,4785.8105653795665,2.2936662015007174,129.00209410580214
8552,13329.378751012486,8607.015339297577,11134.98048837552,1.5763204842537852,66.96965961363637
14919,3325.070613549145,3641.745298240822,5780.688621833791,2.9353440497306393,63.72196344202911
15820,3244.391184535436,6642.236628980702,7923.200762259111,1.246358346316598,44.32743977481315
6204,1059.9977457789892,8040.204983170807,13863.151167487407,1.141426880053714,48.60203936342977
8411,2382.2873236972127,7023.013618269523,19918.96233183476,2.7366405191396286,78.42856384489401
1777,43003.70340001384,9229.14232649211,12894.631876455762,2.2684296017283083,151.41116245534826
11403,35013.52443009746,4997.405781914126,5529.598071120474,1.3637745314849323,197.53350260466055
14635,49798.59271195308,8046.141873622661,1809.3108100514255,1.0795059857470963,154.92881029128424
17402,1505.4800420244762,9106.43983862719,7239.352635416265,0.9450957470725675,23.08223958544144
12215,42525.57677822831,5614.823461320442,386.21371106777326,1.2837409252744507,182.51217466123504
8315,34954.78829867905,271.2059741593903,9295.094703867147,0.8138499582108101,3912.1123088400645
683,32196.9503580864,8198.28284974244,13199.675342511162,0.8633703652448625,126.25338991386842
9664,18148.340218149602,8475.73631774889,10235.919529250215,2.441560755756991,83.23351146404458
2888,19148.007032103942,4058.5215417759796,17305.646041672288,0.6594005322927459,215.26774401455253
4327,42355.27893026006,2367.8729274620064,9881.001737606452,1.5982206995727652,526.8782622592961
2997,35817.45197393388,9783.677742726426,9247.601214322349,1.5124970884753575,116.6417475714168
14062,33680.67072743939,5561.073465689892,6193.543602722471,2.9004775970591727,175.67467894941018
3979,2017.1417582639765,5210.178886547342,16752.27407950197,1.663854183635068,85.9877627812921
9257,9623.821964116178,9466.135512963805,18071.973422407424,0.9021384127641414,71.92682433462959
2435,48149.910781732,4140.161411730452,19558.374726142974,0.7210117347678159,392.41550561199136
9518,22991.376864614293,8496.546382423941,19624.1799218792,2.3310965167875626,119.28313210342726
11809,39178.96489609978,7036.445738428483,19608.472521679225,0.8693411127332238,204.26069910666908
17233,19771.59869800996,9680.382184025711,14239.178288474557,2.844957770966679,85.12990348572764
16982,38333.98241858702,4343.644331258386,11253.05804260507,1.8980333237878257,270.23633223250374
18653,6401.022121222798,9085.496294336788,3446.889276333287,1.504241467635341,27.10314326660444
2304,2585.336971551232,5731.919099874974,15341.263580861216,2.210831686924479,76.96351549125703
9752,23575.740290270616,4811.177076998372,14697.60293394889,0.9973201901703874,196.01338042529744
12201,29786.486737862506,3126.069090849584,16848.043154052335,1.4556437933030946,358.902093308638
4670,16523.243619668847,5571.710361549603,9249.021509912953,0.5835346249430355,111.18827573932865
17285,35942.22908499903,5768.264264976808,17848.429164607383,2.694195415849233,225.3489314848375
8879,25043.072619920564,8994.072246475498,14373.486898282299,1.5631426827490849,102.02163203447323
12676,46451.68395340041,7070.215079914775,3422.506754976107,2.3970629810568562,177.46921488005108
17026,4707.03061527133,8282.089212699224,4138.070338593942,2.792137001680946,31.525634765744826
12895,3795.1340378534624,7714.3873603968195,16285.310420706302,2.1319828489054142,65.37651656604909
720,45303.531686225804,2838.80087967951,8513.86817120939,1.4393667515459383,455.93762856362264
4740,33620.803073966745,2137.39589409575,4980.258932878976,2.048821209419377,429.30434435509176
7501,33720.35526251114,2658.9654216481863,8451.530014043587,1.4008276196394605,380.73173217594706
12792,1863.983502897923,1551.1363013158077,3227.5546736822134,1.918284931447725,80.27523046653207
17271,46914.92366168561,3921.023042575381,17834.73359119083,1.5804133092896433,393.24654155731275
15403,38705.340268558066,6573.617074311591,1430.7883095039742,0.8746710538431952,144.89886148184289
11723,38333.583481414185,5416.077173821516,7064.830304536747,2.4502528684923166,199.7168125971736
6491,45640.51724667865,6824.2218543806575,11138.575186119766,1.7410476406315654,197.8099228398318
1059,29118.581721470222,3625.3746885182904,17472.912516902426,0.9753566354706926,313.49296681779856
2339,20035.98633290841,2132.250087185163,15630.977778798517,2.7295741829333267,400.9618258421264
2271,24293.618844982277,2107.3056699439903,448.47168093650856,2.633046809379518,285.8378622083183
8176,38973.41481419922,6048.539212396486,16504.962854586833,1.8970653748308446,218.6726268690166
10327,38552.13413443566,1726.5181140151567,12762.401317604832,2.925796692306178,712.277256018263
18952,30674.537760672905,4031.9550058313716,2666.9679663558422,2.817925668984527,198.6027932690097
17400,11294.977818007683,2207.0441534828383,12349.551187670064,2.7425145947821026,257.7360451932997
9912,41034.76252167824,6661.327808816561,16357.88434775054,0.8332294396269821,203.62454928115113
1160,32538.457626404732,6192.66630391908,12042.23741367521,1.2365739115468268,173.84075600331937
877,11452.470034298005,3873.137171097642,19982.93491271744,1.525475538274563,191.45568365829683
11974,24291.900262988187,1374.3034433916011,10140.068432672617,2.5797731791697776,606.8514067307311
659,49861.71337201897,2196.9864630220845,13462.621599581977,2.6780894042672148,690.1601007563535
16429,16754.80203447964,4774.8696821430985,1407.4702596574218,2.378712990591655,93.8843006174813
4674,6269.750431157119,9723.61600189828,16263.963453741966,1.6809982237079966,53.93534299616785
2699,1572.537150616315,2780.670138891614,12482.060474615984,0.9047528771499063,125.10136769019901
13480,9639.301679441265,1992.7845333683345,11224.85608041842,0.5879904860830627,249.8545775959948
10729,9754.832150153788,2284.765840609375,14176.174219526394,2.2482558878515064,251.21839155157832
11091,42974.38802088262,7110.577448062792,11210.195236423775,2.9853851890316725,182.1607587296443
13738,8229.66008527656,9155.37323741566,15329.02830306257,1.3636802981804081,60.87054859327766
6776,43201.22162298231,844.1990768005699,11670.311869449579,1.9218297569765177,1555.555807375738
18872,4792.4671679354105,7517.956561555062,10401.076656290774,2.5264546678432445,46.32288068426643
8668,45378.892842606365,4996.606128629041,2700.3896944337425,0.9662039981013575,231.99008688536966
1365,13189.498345106203,8269.385620342942,9436.615284265015,2.573892523649084,67.3084288364147
10100,30769.15406851505,4272.902695430526,10764.69323471525,2.0633577788157025,229.8746282785986
5415,8406.495646551193,151.6408916002459,12491.4759687956,1.924620772304383,3305.5315678483275
6741,19807.75376784352,6859.684129622756,9117.843266726708,2.4057042079474655,100.96483729219221
16653,4745.506331830748,8098.917171724332,2932.8688229155196,1.1023713544054654,22.99795927241333
7635,29186.646110713697,9030.008832116233,3007.252418980133,2.036951010031594,86.71516285959011
16697,17620.935583145303,5733.607762040839,14419.754990494886,1.1009406336967555,137.24374574691052
18438,42681.42913880191,1308.2801623071414,13228.944977509647,0.9488385201282913,1026.6677236510388
4547,9499.915675811773,3761.3629778330023,5189.986429832778,2.05838659418312,90.71709283636592
17015,14359.409188854932,7864.077426699008,8917.151891550348,1.1732027539318974,73.12109224064848
4179,9274.106530176028,4994.688358925346,6139.153650150071,2.2859479329518084,77.00728309987493
19960,28409.227621683494,7022.520432986966,3620.4571322487177,1.786213598536702,104.72259416207783
13427,6031.485596243114,146.42786525211056,6523.271564966355,2.237384407047528,2059.174671543261
2021,9873.171760412315,822.7231634006139,5253.781350524453,2.729047127880293,445.2231301621498
17324,34085.25220037959,6843.519822641487,1648.5524015182352,0.8456151112529062,123.37272697827764
10433,4183.519063529038,2972.998621299207,10089.731453446537,0.6668466197192825,117.31513195859469
1703,37286.60176867674,3943.048208308125,9017.681060001742,1.499792286833715,279.73809782061267
15336,5664.507709678475,6457.11582656747,14292.16660056798,2.291769178917093,73.2851281096524
12810,29481.693599398306,1208.9434866080655,12406.113371904292,2.715378714611532,828.9159824596218
7275,49891.56805135595,8343.81271737711,6867.563490898512,0.5869860118160837,165.1295099306863
16453,9107.69888605553,1529.899175615531,9926.08402109621,2.482395390150536,300.884733527544
9895,13423.772773982562,7359.49718610755,10721.66226391819,0.6885428092015218,79.99917148703474
18771,44972.11937245811,2998.238553535203,18350.972152731738,1.9514391892735095,508.665473746121
4770,31501.183457961455,2673.712564703695,19633.886845334397,1.3602571519260733,461.1756927231715
8889,24880.299290813386,8230.520519950263,16310.856029902494,0.5441354756870671,124.19348961840132
12217,28353.902314866802,5566.797287908366,11242.091042599222,0.742733611024454,168.98423254103483
4694,15127.019559596947,2134.428071251451,18562.136852684085,1.3843155352473564,371.21664554535863
1244,42838.42820661971,125.20788402204704,3562.254369399931,2.884383528884655,8892.912698295848
17336,37390.81673915967,9733.045306058033,13929.921592822953,0.8870801694472298,125.34618312490463
3762,32302.088400528814,4370.723272313712,9209.35432858249,1.1799426492380554,230.4066911136901
11713,46621.25861224317,4034.485669429444,2894.97846485961,2.985332686764738,287.7993275307579
998,29116.487596862436,598.114403556835,1504.1997433600307,1.7015511972976822,1229.498153772854
12379,25837.91687299318,8954.594346574531,9614.83674110644,1.1556127666951008,99.05032540865791
17024,48796.82341553341,1491.8181897781108,4779.3840793198015,2.039848673780934,861.9611743376923
18598,10697.69860668614,3421.0115449371006,5010.125175396056,1.5900806692618055,111.90611127613504
11512,7527.424573286378,4268.92856035942,6404.337746771642,2.6457703161202315,76.19927530677852
17559,8533.002041922282,8120.046912922661,14367.284378285898,0.51994785841895,69.84593341029347
4005,49477.3793968017,3658.719658193047,3281.7920310816585,2.9919415217530734,345.8140334790165
4102,32786.42721743586,5361.479169292851,14351.117713154776,0.6657811034129977,209.30504003283696
9609,15643.182653134902,4344.441549451573,15654.198540692765,1.8428092159700693,173.07034103867167
10514,12824.4013152931,3187.2624817836445,11889.60192692372,2.243499974829795,188.614588529585
11295,3303.6102094882563,9468.400540598632,4951.15057238126,1.8745755018650632,20.594303192368926
18614,7031.392770848376,7989.080427182462,1030.6505646839237,1.2519343978018989,23.721313498517354
12120,45454.542776170936,1826.094303750495,8158.902231999001,2.6385819229644385,704.489237449739
6476,37493.382505619695,5591.5927153864795,16948.904417980208,1.5760575768757885,234.48730462116544
13784,47107.206857947844,7985.945178916637,2037.4053419118843,1.2517533553413998,148.31453569503
7528,21474.681354532833,5839.920729024203,14896.615424776737,2.4208342527246343,150.0587858869319
4218,30261.243680029904,4988.414990759717,9357.796159724268,0.8646396699859766,186.95463370853398
13754,24441.72732045003,813.3880346547338,17976.6614907555,1.0125226215601997,1251.1665523756817
7588,44128.57712614709,1150.060216214347,7123.961974151598,1.1319244149389434,1073.3510488012423
2124,49573.40341505425,2527.871398486752,14094.976645284267,1.5872024437912566,606.2102817026846
2306,46672.37277869329,5182.627242828962,14802.387529076283,0.5508407673962546,288.2993614158477
9045,30103.764465239685,9874.23717722861,3974.834259524025,2.9794391302711736,84.07085225753332
3433,3559.1978708169727,8042.435301560438,3162.9385148567326,2.0003773821873643,20.713798284137592
1440,31067.567344596257,1189.5049045965584,1854.6229441433848,2.926798600526852,668.5745144196197
8287,5303.847365790237,7200.8679976185595,14031.646866553354,2.5186331625257017,63.11746949830873
4445,7371.66294496711,8123.66625781001,10963.009093603618,0.83577499118185,52.672857501308485
8921,9971.562560362183,4201.206455577984,1734.375450871446,1.0226701377673613,72.07935300616208
12174,18492.924342210474,3368.461471427243,6166.6830180056695,0.5861231968002238,178.41206828877782
14897,29793.430940699527,5887.689529972807,2846.9283876435834,2.5844761936507137,132.206157329729
8238,17010.906871600033,5239.620194187697,1853.6204617273456,1.9836440352369729,84.50655833293175
17121,22887.221813133612,2725.6146973893397,5975.42329208469,1.0376626255989647,251.0513321954933
4272,2840.807137704246,4034.040522771108,1925.9202403254405,2.9252119992080203,27.40363693694952
12865,31178.011135858895,5489.931411266299,5203.720025567533,2.341847437266996,161.81558652028136
19665,33023.07239254413,5841.251226060542,11054.383330469964,2.2637970635785605,174.58248049304456
11298,5419.812328472429,5364.320264215732,11218.08413472846,1.1674847399432475,77.7215509038526
7587,39363.29922166329,8476.464359763537,3360.046017267606,1.2834340764016265,123.0894172715068
16275,32549.248104268278,414.2758938943286,3820.270384830977,2.169947104097943,2103.876462817843
2484,24741.606749427483,3396.538436368081,17099.431359773745,1.9838791209972193,295.82565327633296
11787,27866.56377198653,7523.352777081967,3338.6979745386557,2.118208857837983,98.03032316370353
1552,25400.763860363386,6552.647771368468,914.8293353602365,2.697056955365582,93.67392850150249
5754,3162.750714522834,9190.839628900423,4896.417003343745,0.9010023079252156,21.91913999794079
850,36889.89831607874,5921.4081845493265,11528.52803722251,0.7908335433259412,197.86132678772336
1412,25834.62652558657,6417.693971449861,144.48929389055732,1.9115828975074105,99.46138921861179
4945,9054.780748099429,7078.976885215419,19699.741388427552,1.7503893543070046,92.12667222468784
11215,34196.177260466575,1943.385931349799,4607.7922104295285,1.507174718084077,477.883723018317
791,34905.747500071724,7557.115716458304,4762.3505679179125,2.7617818932784024,127.84305800813428
16278,11068.0257359364,3068.9074215559212,14772.349994137328,1.8959506408208444,204.99384851399694
15723,39926.50609985994,4302.56168264984,4963.581736295509,1.9181284346352139,251.15764470610767
967,23096.983931110237,238.6643655689046,7923.027514862751,1.4160732929908781,3122.6070616319844
3777,9440.175819099348,8451.30271772694,10878.373772944722,1.3601795899996607,58.2881952450105
15141,33052.19016399543,9539.579651843094,437.44943707855646,2.969011113159906,85.83871419514354
11891,30037.9847444502,695.8904167294331,16745.852523035675,2.057681917978043,1610.9840125575042
1564,8935.11312826102,6388.481779724127,10241.015569591997,2.5627891916416266,74.21924705887771
5388,43681.270538994555,9611.708893965217,6258.379579577693,1.6186453830942162,120.7797371732229
15509,42799.44946896542,6108.3178037722155,7995.732558208819,0.9796357626507743,196.50636561734217
12155,41894.10709887412,7999.7147731619425,1116.494444953502,1.312102482891196,126.73364105309464
13611,20261.77901867351,1269.474969854934,14359.62206492418,1.3653181678286483,659.5663806842085
19278,41318.827350438834,2524.012751338046,10790.087978284637,1.9122813123212703,494.41448411194733
10749,42317.36776487784,3522.7750736205044,18279.82882642203,0.8865392092486714,414.17974596357334
19804,49828.74346955892,9813.54983158825,9283.736798599653,1.4675453029746408,146.25015852812848
14150,47901.4285995956,7839.601906611735,16568.030633881302,0.7514429390523082,198.9557624928024
7358,19450.94308436636,8868.062407996937,3766.5708860027557,1.7413259712562594,59.79911743437294
503,10311.110366610954,4922.0565548821105,1130.1873069547464,2.8685610668163175,56.8915932401283
6440,14976.8884463906,7196.373026710427,18968.802475288856,1.3473341872404383,110.29993417799419
8548,24991.670719961687,7342.492934388971,5139.161743352059,0.6242811260682828,93.55689364270592
11640,40370.15287592705,5732.338302366691,16671.67449798694,2.0219013000767796,243.9181283541982
12549,36287.710758441695,8791.894591973214,5146.674402784089,2.086824174134512,112.36325709064315
15108,39491.781561162374,1666.687136984089,3116.8339023686585,1.6989242725880624,612.9641778986563
18861,19306.355462935804,669.444929664643,14650.617893082259,1.492148970985858,1220.582062485669
10166,12721.779892006174,3110.1593073243794,15568.122601800927,2.7316615014756818,220.8264920785873
9822,1694.4188490637578,973.8909248972793,16872.25471180798,2.846092958160382,455.8298898016348
13723,31496.089292902005,697.1300102889037,17297.373652885253,2.182903956747812,1680.8852728163224
14666,39854.367923739715,4248.988989248335,9662.623884735554,1.753062436332868,281.46178401074695
18634,44512.454457459084,2085.006278445387,8004.337829963089,0.6688692552504647,600.809326722359
501,24073.77522589382,7922.460221559655,15019.379326799899,1.2525953837724217,116.4235691993245
9836,46418.466021259104,5839.865421058579,11387.72623644072,1.2127293616434194,236.83827393764503
8840,10519.39705080175,3669.8692193204224,19305.682959104415,0.6456062405556877,195.39787972697053
11045,25961.71709565428,2936.787003897986,7516.720226384783,2.608407741665789,277.7928268931562
2543,11081.503371055798,5675.067752916633,857.5106171405333,2.6676190159015283,48.72215282290126
2202,9809.737873005366,4396.620777723085,11786.09145450919,2.7809272086204206,122.59596027533205
6447,47692.712534116414,651.7782843494585,7069.3919799827645,2.3545232763963355,2018.1821216533888
11621,40978.164092139836,6685.387050708069,6853.4734718940845,2.2762849250850077,167.18095658262848
13262,1084.0948738425955,5047.600118460556,11290.381565962207,1.6945662737054539,60.106468611899764
1887,13791.39325935362,2841.305990725441,18435.625831573176,2.6434948441048522,276.86632299363566
13882,10654.194927159282,2975.109525007944,5339.165610937007,1.7753364144305512,128.7314532165946
15613,7783.141917157332,4582.567473470516,7591.867490549455,0.5741027718416263,78.61564340938119
16575,35021.91525354981,8293.165374350783,17824.993004752338,1.9622759269672168,151.53563663358383
10688,28558.472651105603,4288.200745115232,17904.3827141292,1.4761439778586318,261.81841515786107
15630,22969.76125213048,8411.850232653404,4691.781395872566,1.8032448718639773,75.08430047768876
16825,9880.104392770805,4306.145814041329,14126.611744383265,1.6017652404519043,139.3967812271315
14350,14242.093785942001,8316.14034204854,8311.218864318274,1.7419954852783128,68.73259969639538
4962,18127.001926717345,9322.146645425091,18720.01106612403,0.7714318170450158,97.27228113833318
2536,39381.39294869907,303.68139801915754,14644.906228745187,0.5363330045088078,4266.570353116783
6619,49464.876961891685,716.279081001636,9887.06550682333,1.3504685066626136,1993.4254391910508
17421,9606.864206475355,1426.7910278830118,16348.226976032853,1.1363471872223816,440.75868139149
9482,17405.37211021852,1308.9927457242673,19957.570778706497,1.1251442870982453,689.774706565239
7363,14369.976553958313,4599.331045329808,8940.86611592755,2.842738060302256,123.00916026235406
18832,2681.336032317642,7663.937308294544,7470.248141328982,2.5474625960643427,32.29151625382192
14489,11351.333418265442,9617.15131014956,12140.721976097328,0.5334271551010679,59.90118270250587
5678,45129.890197547924,4236.030058281099,13661.649401806952,0.5217980260196473,335.009602532298
13447,42221.47985418362,6915.963251984088,14088.97048191044,2.4422498123031327,199.74739120237837
11941,8796.067098180436,6391.518426964183,9471.657992845805,2.9621514518277223,65.00017666130796
19732,18625.06912450637,3992.51699285524,6645.855637742817,1.6630158988673365,153.09413327587632
19227,15884.751235962056,7239.122837143088,16438.49494363693,1.5828244120393067,109.18688631516139
17045,7813.169998680744,5960.3157252530245,19165.20616823622,1.189561312868475,112.26048274370818
12604,31299.30637707246,7623.401259262174,17279.637066085113,2.16658435212198,152.5362162159787
13847,28086.23913808169,2017.1221653350146,13647.084531218698,1.6791235281826495,497.31016979798363
3134,21636.070970549397,3666.6867141715065,7203.002342023182,0.9187967716293928,188.91908148742002
5601,42847.167241356925,6745.09694645496,12449.662515662065,1.7034366317069536,198.16208956374805
18393,31175.711330638922,1335.5542788778812,2023.201270098316,1.4409275293847132,595.4001583413623
19203,13334.04728708662,7726.935923092244,10678.259455840544,2.724514782841806,77.0476015233881
9171,18998.384491393503,1421.0537455345302,15624.344008461356,2.4289665252825663,586.4350953514017
13744,7932.758124265089,3312.0960952386276,5021.182936073412,2.2531186060059327,90.03127268117848
12946,29772.977018953112,2451.5338660158554,10030.685379317249,1.3179005578794225,386.6719976606551
4499,29538.139854545407,703.757060009644,1465.4849282957462,0.8490384549058456,1057.271963948898
10528,43574.092455633865,2779.502685215483,16769.939406578695,2.6616974604026624,530.8221047418974
16876,42862.926701579614,9123.960971908971,7004.639408791908,1.356868466148535,130.83992408974342
11906,41928.630656267414,366.59360479288955,11644.15736853913,1.982391480581276,3504.7228103998377
4711,27673.139825225746,266.60641404371967,7570.69680099121,1.9770639197937554,3171.0347155520385
17275,32774.98063249345,7072.2417943524215,11952.007328644899,2.82013270410094,153.7985624505805
12106,38889.32622642977,3732.0121582709467,14883.959208174469,0.9293090840312386,351.1004097896179
12136,5038.399132306447,2374.436680860762,6536.292047612611,2.4291136569546508,115.54801153302513
8451,15379.595811303865,5137.834297020466,10385.227488919754,1.6564764438549386,121.42046375017944
19657,8869.952169573755,2740.0878158109244,15897.490730844678,0.9368800289687313,215.7929777537049
19300,25817.65087013224,3980.97743307491,13757.027988192276,2.589096518242522,240.95999302091533
1738,41964.56385331408,7181.830248061637,1141.4592233951382,2.5503477648457515,142.9108457019354
1240,11920.242497663017,1257.3799383820906,11375.176567062299,0.6004560246157582,447.4454278611771
12824,36679.724990951014,9600.596458816439,7526.673464605003,2.273600043896665,103.05993571572047
11535,20588.28782113118,521.0339742636311,14175.60293551308,0.8837997154241048,1603.646230023248
10227,45202.20756775631,8084.719817749462,333.3568117670871,2.0259008744746847,134.8233326686107
868,31526.082271906478,7273.452820118962,6611.936121320974,2.1095065785271925,127.78649097114167
10963,48839.37377698534,2892.6868135629757,1729.8615158564169,2.1631113760846894,419.61204566891007
5409,12660.653898525161,1271.396230367344,18409.83815800544,0.8002421561161364,583.011764777139
5719,46235.93972282039,8538.51188812306,17529.991368243504,1.9957897722564115,179.87368558868712
9790,18174.26035007869,6828.155101527642,19361.773604994527,0.7496580286545422,134.38478811762627
8104,31287.38938386876,2979.724112996196,12869.365901007206,2.363885467903476,356.45686388877397
15538,9138.156565638395,267.5987995357068,16140.97727314065,0.659361581488911,2262.8773487814897
10083,38109.3634468718,9391.054389443658,12237.375039990085,2.394527586084989,129.33690571512247
6706,48923.3964848142,4102.106347953622,9840.876112012724,2.7087310102146875,345.3627632595777
18531,39477.59276140992,1845.04178519404,16676.409064133622,1.2463541061172452,729.2231231612219
10723,30981.938753433406,9127.156058899482,15523.324326289103,2.445729962001422,113.29231754248804
16793,22686.59178294696,3654.304379090479,14665.536165808357,1.54380302328143,243.85622330812024
19708,17589.19723643432,4686.1912458762135,17878.21844787888,2.494284016998209,177.857454057705
9964,21241.12451766655,7016.32476750076,18574.883512404256,2.215630924159056,135.8980198571199
2479,16750.271481867618,8212.246387640484,8905.746029791584,1.2228512807632712,71.22457607758616
7112,41719.13841674547,1091.7597125908246,5656.426135025161,0.9843341471578553,1037.5775382481277
6522,44709.00059976115,8996.871650033645,10235.710987761202,2.786855340328785,148.8919126946643
6581,47508.05544263206,9332.143209423019,1861.3239663194481,2.5974479265768875,127.45520698285073
10268,21208.93493443859,2666.7702939747833,18763.209230501274,2.1497550458902315,361.21362818525915
8332,27537.85057003707,5024.140605425344,19677.066438484348,1.3734290454901241,223.83089095985304
18139,29056.3233416032,8592.965808703051,13054.097218234889,1.776148458731246,116.17390597365035
799,32728.864780227766,4924.748485500307,14923.233899462348,1.8946603272259315,230.31036934469986
19926,621.5888741477117,4871.548257037747,6473.441111579341,0.7151748778301967,33.433425702835
14996,42213.1387359666,6223.379579507845,17325.349153505915,2.9305846643898184,228.22355078270186
14729,13772.962374606974,7697.649195698687,18006.050743682626,0.729548022616515,96.09895667474476
18164,23872.121402940993,6689.612119377468,1538.0450326967932,2.304209147994455,89.02898001854443
13528,42157.628723736605,6303.009754873416,2628.8773611948013,1.732004139834114,171.11838017860057
5089,49844.379274059145,3779.54620999408,5217.058719430894,2.399696825748671,346.6376571091792
8633,39846.7334868832,6337.729685730644,14073.489457048254,1.152325790028234,205.16850820994017
7132,1729.245245655838,1122.4014432276833,3667.2934554717986,1.487775889154872,110.68301687565015
15959,18753.331453654846,4154.625356813736,4401.601981730454,1.8137536357882729,134.66972534288388
19668,12736.92648858374,1964.677699635656,7637.271190967345,0.8018353868240536,248.65905224079071
7898,48224.52077881924,5421.921633318863,12232.72714608318,2.62959342462972,268.579132185739
12877,13579.331365642884,2694.2473588000466,19526.187295912274,2.9788438068809255,295.8687347909499
9803,47195.834421802436,5108.754736114542,15677.893878158344,1.5439689219801565,292.3012300651748
9787,46907.11691834408,7795.5178147200095,11166.070334598191,1.4420410612870056,178.95831018633316
14367,42050.81048980287,4396.527676117199,987.7243482979403,1.9852015507510963,231.55214178298434
2800,5354.552451562914,2265.413763707913,10336.798275608608,2.2216717014894236,165.00215354753928
15765,598.7637863209852,2307.5185773311778,4081.7037926645085,2.6714410310103216,51.496776893167024
4491,39797.212668578824,9071.919037160906,6001.38101319472,1.4322275083614104,118.21142269307634
17397,42243.30335076766,7830.9571697869505,5017.213749455378,2.4120681851213597,144.67251447880474
4731,48127.993814964895,462.06940953580414,6948.962508072438,1.100201760704688,2858.2808193062297
11368,11309.939266912568,9432.955801757877,1245.1956112573814,2.201119965006142,32.860468086908874
7052,36790.750162250326,1214.3953534268235,11536.75610089292,1.6668630507973001,957.861587347536
8812,26193.68866284412,6564.129613698344,915.0608918046444,2.154201386369453,97.71168592268752
10193,16759.8691572057,5559.880507616764,13211.670847822545,1.4495190892168983,130.0244027342887
19731,30511.404997921712,562.0611935720806,14616.046635576951,1.2358483258408546,1926.2741931184169
1617,27635.869982604294,3022.2154251887596,9721.280830280035,1.7149753704913657,293.7344629797658
11683,14968.572764261151,7780.95067550477,15625.14228436494,2.7377567868079327,95.42928678770926
10315,13788.891875524183,3138.1104205768765,19347.81398098969,2.187130112761248,254.88416361455572
8361,24585.72109528993,4855.290698709515,6801.052216629151,2.0291432244991676,152.18643001061338
2738,23964.80717006093,7009.710370821801,12378.13848252332,2.299663060681679,127.02279080722637
7100,15451.60880681582,808.5711543423142,6474.634861137673,2.3227791937915785,654.6273572857682
14531,13554.692322998251,8342.796563548976,8867.711700577389,1.236860172057504,61.82906815461968
2933,47738.21675247801,511.65368023383377,416.5104607871473,1.081844072867491,2262.9161726497723
7666,43187.33998489633,2697.6357397882875,1486.9976311508415,1.772829666982279,397.4652693569308
4873,40930.565718514415,7654.365929724028,15950.574590548182,0.8695916620355735,178.14157160850874
8646,11107.046549511826,9127.564001800478,2798.155623152971,1.686851601451104,41.551787605290016
1971,9869.906231797157,7627.402780485974,13983.02855344533,2.232613163236183,77.56753487146831
9518,40561.78640575587,2347.2936521039987,14177.340651555658,0.5185254109445501,557.812284572998
18312,9641.38021076627,9858.66582572831,19924.519319430965,0.7778686371768113,70.45165770780447
15529,25425.028819874293,4192.008852049166,13911.92012057575,2.9053842976604582,226.18836960118566
4806,11460.378445127537,3826.866989240604,2574.9137854128735,2.8198549219778455,88.96744604104448
13677,19214.45429167253,8665.831445526625,12530.833058889153,1.544791268371294,87.80307537287773
4281,42745.98425677238,755.4688665857848,10482.85640686057,1.9750820401602414,1688.8818745724207
19201,44625.207991005016,5605.20614541512,18347.81515049792,0.8882310911090914,267.99306753667923
7188,49835.62291864878,9659.695936117338,13803.001325711894,1.327529971926237,158.04166235638115
17890,47223.26186074654,1091.290325388245,10369.572033321749,2.4823304463464853,1261.842960511357
2137,33726.91085709389,5454.405605999862,12484.277844428401,2.6399164363441128,204.82724084841664
5611,21870.43671278325,1411.3205083822306,8869.199053309598,1.5132304172847335,523.5115122741637
13185,3355.7725769511258,8910.781838310972,10168.145787614,1.2776317274416926,33.61716249309896
3361,30604.222618422235,5918.709027266893,14446.899273950956,2.204204745792756,184.13415639787272
17522,10928.692769200261,2422.573499751953,1566.9254485431195,2.294757891999672,118.64991077879824
9184,42581.7460495655,3139.725830845294,12306.711506931937,2.9595175703954877,420.67285165585844
6225,27670.49452781115,5214.646635559216,1764.3493589038872,2.243322020115407,138.16530574737894
12349,36808.333303358784,7280.94624899587,17101.535719041218,1.100412493589952,178.88472306676056
19059,33838.004217007794,4926.192682882908,18849.267613318425,0.6499614562490609,258.4959055438064
1985,17692.893995650982,1973.7328439159928,15604.051038189344,1.144013011342241,406.8791886532003
7081,38074.7594855249,7110.499046696261,14360.634443464756,1.0666315602417749,178.1712632545633
5721,42247.07457151648,1271.8009376754305,18874.946730299303,0.7320857039612811,1153.2666851100548
16627,37334.45660024789,8113.132260319676,4370.566295529261,1.6109689507489373,122.41249585943123
5532,38951.935626052706,4016.441157360635,4576.658911635467,1.220347808436007,263.54014396616367
6926,18320.769213503216,6561.834794100016,9620.307308375162,2.8127264189261085,104.01594522470933
4509,47212.55267103773,3512.5315230279352,149.26038065948387,1.509774371764374,327.1640475532938
15595,21516.319858625768,6723.827962349724,19301.39782220966,2.6915415275966317,148.66823716058022
6807,44903.98581804999,8902.950422712936,645.0489751920263,1.2668301509351447,119.27405391550462
3628,42961.56479549678,7043.9022715655665,11922.239470869263,2.578726480217664,185.00219034978235
4801,6654.383281232206,6746.948947823034,7079.477960894769,1.6362863839103277,43.32811774959684
6527,48330.39269978507,7598.36703842904,2059.3189164490223,0.5808954969839215,154.48784948393455
16160,49818.91342647682,5052.098904720847,492.2987195693684,1.7173835753490838,233.5874048621104
12745,30504.252578085532,2280.897437894832,5248.370913969787,1.0669204707152393,369.41831505801616
15880,39263.94751756743,8173.668296179127,2133.6806981790614,1.2686054181945594,120.84024577832066
17830,46717.508358814914,6519.971768604242,18806.57163952936,2.210893505900958,244.71843957587458
3940,1491.2073282466854,3206.826717365581,4895.225754305832,1.8237616413232125,48.86152236628949
2045,46534.50620275008,2831.1146614914187,1882.638603712985,2.7215312486585406,412.5298201363198
13344,31554.62381907584,5049.296405195133,15393.640694074971,2.8398866424901894,223.3136007386895
529,41508.591818279514,2152.3259675500744,8285.041860831418,2.2273934502256916,555.6672565230191
10163,27265.752514483727,8794.56443837348,16873.320141661545,2.658838533436848,122.78453744443235
18293,26762.028949979063,7906.8753808922775,16768.619372449597,0.9876859800620368,131.6402694499922
4179,44927.1511843582,3152.318156580452,19847.61504830149,0.6981861949236121,493.5359955325764
15264,25619.864320996385,589.0951212847528,16076.558632106804,1.3324227709774323,1697.510078685279
625,23853.574365479388,613.4940863982212,4283.036852062518,1.3142907402767985,1097.0550093270947
5408,30605.346017205375,3041.4856047434055,11728.967758418608,2.162731294851522,333.6697806469433
7142,26169.21406753673,1560.3235005479667,10525.001572467327,2.6008994014416955,560.8823758349085
9345,22591.204328853386,8745.98925444333,10163.792587401455,1.2422058578916286,92.52443782725585
14148,9435.929497275869,4265.749859355485,5936.148935715455,1.5619325016412002,87.95298288801922
9432,20171.324113090166,3545.46228122961,4202.816605536219,0.7623884014414499,169.46312202514204
19145,14461.262191300022,2257.2010424556593,14337.898694931419,1.5318523499586962,303.860113875797
8453,20323.00396250093,8427.890116739862,2035.234597939124,1.0360217632068078,59.55077013622862
11683,29861.33561799272,7945.423305376801,992.319920100444,1.4561384544674287,88.61762623072184
11269,30638.160986321825,3904.832642970829,7624.872630081918,1.1658681496237975,239.8980677476338
11431,12313.743175489079,1776.6427183750013,14878.509505185928,2.5218238369591304,366.1396871746391
18577,4681.6930074902975,9524.68364788392,17370.660095307936,0.5101567192282184,51.06805041745968
6387,37349.66560719109,3227.0139849615944,10802.538524004493,1.3467706543705908,359.5293799891119
3321,26664.249290948203,7733.808046648706,16798.648454029917,2.9230891012214593,133.87447331918705
15254,22384.01680703132,4684.190739358921,505.82433135183624,2.1974817421457904,114.4409541721884
16525,6914.975705824855,7838.295053543407,9107.389570732876,2.4304180781397715,53.5195763611456
16718,21025.85567187067,4867.931536491098,2667.770736928121,2.649684407889186,116.3907839605621
11921,40999.68312271719,9263.042058098492,11654.350408064432,1.4046102251973462,138.1247810670103
1895,29281.063658495445,8024.191403018148,18419.764988188806,0.6648615506280915,143.97025928879907
19851,5003.287880427763,2676.8614734585512,143.80926530291882,1.526724890760668,54.29682618030829
4461,16947.61908980429,4360.739974530745,13364.421757699207,2.1317661047111494,166.2229349557289
3114,49000.20028272253,1095.8390833029525,15846.994366919942,1.4269789504456574,1417.2234045042044
15553,27453.11983440261,9044.366000380238,14889.62547126081,1.6207812780903845,110.32211398516671
18428,14676.60593999717,786.0335873824288,395.38182396186005,2.563759959727903,463.16311960416016
5725,45715.51493699507,280.5919216287807,3477.671487077536,0.5905928118245016,4208.415518211422
12593,17132.031383167734,5014.687345613278,1887.9864515122513,1.3368025648952835,89.61753492024732
15202,36630.41305770785,6070.9781542801165,1709.0839785794865,1.7210325697016868,152.59401266380655
13189,7787.415033046921,2309.8224838385813,14603.682653109072,1.2479675871672424,236.6379819343485
8486,8246.409147897533,5748.435938989607,8495.78712136114,1.6145733739208934,74.87737410646699
15160,28285.044006278345,8966.062622996362,14496.42839767018,1.5044108505698794,115.62286457895932
13160,12371.25426946419,6298.539974066752,7215.04834039201,2.8097723576653943,78.03736486074126
7534,2941.9382831532084,4611.834278927529,2340.9861657321353,1.7328063661828699,23.225331874321014
10137,46360.039278795535,1529.8469454727096,14369.042034972637,1.690804895043476,954.5747695734608
14080,3271.482656421872,1772.5231202906436,12521.144074952395,1.1362202395849685,213.29089883058745
10660,36013.17539143543,4895.111545925334,2259.5231342655443,0.6158070625294536,184.19915430890862
17980,16982.798223524256,4684.901450103033,18487.2882314686,1.2486952611897832,178.91133483999795
1704,46708.49577296033,5271.64779064262,6178.416295782423,0.5680204500284689,238.32708451058926
10612,49309.59326408464,5128.115237458034,13094.60112494466,2.5669356246079067,292.9365171804283
4083,17103.817240887776,3478.6610707114596,639.6183646221721,1.0107191602041603,119.09409437064416
16756,29759.78757037137,6989.049937536655,8860.84865089728,2.7779838223679656,134.74668522590096
11831,38762.74535126211,2200.8900574960167,19287.28399027314,2.7145901155284453,635.9086925906569
8039,6608.762824172624,8538.055470408437,17730.1717297216,2.1617396905857835,68.05781640517337
12111,35618.38404170934,2024.521549301926,4426.945083826066,2.656359203381699,474.10394932243014
2538,45356.775478575204,4217.285255784698,17582.606716968116,2.694787587849367,358.64854893022465
8723,9335.876089965213,2186.3601123521166,5861.4033579918305,2.440865958129148,165.3422241096288
10660,42016.14952075332,6222.682769680049,17044.688671754164,1.7698198318373057,232.1725352165186
19858,6222.371897211379,4828.613631671081,14584.53860155225,2.875116189561681,97.14659350597569
12022,28630.93397884234,3805.708449273765,7041.052052182,2.5443526520341577,223.79785427374063
4068,17298.501629350034,4803.821477688359,18215.817869494706,0.8174625221382987,172.73564147165973
11814,23849.935098357306,4270.280493055356,9705.585891903516,1.5497707281551354,190.31842059889166
8798,15381.293137921113,8566.138678633053,6353.881427484276,1.8492279672944911,61.53696722386338
701,13396.698894866642,1330.2383387465115,5593.717145655892,1.8235362664419767,344.8833847579454
8456,37285.38990043296,7952.49607076225,18781.34229960802,1.4488369828084662,169.68438608482367
7885,11544.104130674874,6587.762880520469,15171.619812185461,1.8291006288803606,98.50437432850744
6507,20716.445686429142,3548.3717357088567,6997.9819368404405,0.7324801095293089,184.83111847094395
2294,14090.575426182972,9199.110405438885,5083.368893439612,2.138081090506957,50.46797419531227
1908,12312.4366638495,1851.7616443913735,4232.3408474690805,1.7443554861096997,212.08426768465193
1416,31541.257495525675,3171.8540487895993,4889.852620643753,2.4691324417027767,277.49454934026255
8278,2748.716504772115,3810.9265587306413,2219.5878287395153,2.2334692360987694,28.44541842064023
10376,39550.48748168357,6513.183182798212,9694.699172100423,0.7819244844181085,179.913470308992
14940,27538.58616569271,9469.472315718329,821.4432305396158,1.3767738666763922,71.62484186473357
6846,41507.65110731329,5975.133841006713,230.29292779850107,2.3406167564494504,172.2426487972044
16369,11044.29117820734,8577.430247705031,12361.451862738655,1.3422154816578353,65.58488286473151
3666,35615.599021607515,9059.235568290696,1769.5863729712746,1.91725258272223,105.10624991549169
7844,21318.900150875135,4717.9907551049255,16904.192258461728,2.903173866016518,198.58465343786955
16948,4301.796869702297,4777.097855062015,2134.57557028369,0.6998015127226107,31.425146209987737
4150,37747.58141451042,2574.97769803675,10853.379998822797,0.9757230142639751,454.19457928507387
15215,38228.26815227269,6055.706492078528,13510.072846758963,1.7015235040419883,206.7134996563964
6898,13910.384861578992,1288.2754443766921,4583.110134347064,2.3460836266396394,335.6896908005407
2515,45844.2779384268,6379.8544415300585,17765.283125580445,1.3252783452954482,234.14356753547665
16440,38316.50493995288,8939.681385352182,9627.738038309772,0.7936537076870585,130.06077851119193
4524,15684.489771607774,7631.7783132887125,6306.381902374643,1.2894395773416718,70.69168640742414
9304,12335.892649067731,6526.964935650708,18022.572161474636,2.111081389710213,112.08485989134282
9343,22284.43300783455,8400.199535621348,17166.80487036845,2.481369472133194,109.37328614088149
13505,14993.095831506611,7325.170134544725,14192.548032425744,2.942532228216274,102.85876786226498
1887,11242.641168768116,5343.653889573878,5809.649014307989,2.4033642458426834,78.28812700648004
5263,20255.487482649347,5258.53726118076,7804.126793051749,1.730646663969507,131.12265584000681
6035,1772.3590299042748,1159.3310747593905,13794.667251492037,1.2315426396697247,325.06115712795315
12520,20369.8479987284,4400.705994963365,3705.68648773016,2.8187909589813755,131.74239200042737
3628,11472.300096756431,5272.249651031081,9902.249438351151,1.8355258100675012,97.55438932655609
5585,13584.54225531123,4752.178536565658,14754.445253429003,2.22198401913621,145.83093676466683
11797,4586.387668494215,7782.537393979005,13154.258541417554,1.6811008935438463,53.1393502608841
17421,29652.118339963276,1693.524118813604,14398.661673654451,1.1052676564167072,627.190412368684
16757,23864.456764845487,7969.49921508334,17838.384598896067,1.867346118000431,126.11519726615066
6498,37656.05520554406,7442.461391546022,19365.733030417625,2.599760490188913,185.6556337318975
14523,49361.38194637769,9018.141039121287,9167.67025429411,1.458302319791352,156.2983092313395
11869,6416.933419700063,3797.2044274754003,1199.6369201816171,2.1718162570665704,45.47932844725255
11014,13985.041903194564,1847.779551412989,16687.006467248375,0.6058903856538005,397.88138806855466
18921,34281.47933822275,7610.423010975969,2359.318664780712,2.8413439433097656,119.2127453602669
9654,12246.94445052182,5925.465432632379,4388.8875777619905,2.92482884968189,69.31304857206922
1743,1992.3020180619123,7153.674247763643,13063.349073749074,1.4657365093364758,53.82548773452103
10561,5935.427885424291,9967.730661604734,14914.704881860693,1.7459597837017835,53.02300865163468
2153,21964.532909194768,2025.9435212548735,13892.944973342137,0.901456754799022,423.0709521658643
8474,21823.84028007335,4169.410894193963,8769.843884978032,0.9904917912006703,171.42586719726117
9991,48629.08218603112,2007.6982479692726,18361.341170285574,2.0051715586389594,803.3444537805354
2804,23564.526677939488,8620.169553716292,16643.925383959937,2.0675111598514135,111.43731885430002
11998,34064.35151969042,268.11215136295436,13273.651803978288,1.3540173301950635,4239.522308900068
12838,24863.949584810525,1438.7088695257253,8821.513648115004,1.4350704699662948,566.1293806771599
4314,13860.965696184916,2553.9156826106787,9276.518663853187,1.7655713238406636,216.36814598238894
13009,5719.827723172706,7736.099718930661,3519.332848911283,2.849481023948006,26.37613520560728
5538,43024.163796449895,6321.69660839368,15594.099941994284,0.8741415851102772,219.47737578484006
16525,8056.803374543646,3947.262086242146,17319.267649735448,1.8788195281696758,154.2252017512177
13865,5296.233988181853,1671.1330015264678,16545.633218494375,0.6454653557880636,309.44592212837637
4281,11084.51624593751,3283.9260906597583,10941.958959530331,1.645872744728612,162.034147108547
2458,623.1876421295478,7459.860562920576,16758.82283064132,1.4930305158348174,57.12172962246696
18180,4062.274916337149,3881.3218219164855,15808.176669152448,0.9104975075631373,124.0519267456754
6841,31942.240037488187,4679.693789620258,16647.186261403298,0.9099888534118579,244.1231620284146
9724,12555.606539465809,6125.397550167117,19638.666615372207,1.6252409950226607,129.7111238659899
5582,17256.34873427509,9137.586677385483,16200.000687472952,0.8164872638739133,88.25615635527308
7801,41847.337865059795,2576.0421467053015,5413.799314304275,1.236945943138043,438.9630869255199
14775,38758.529355474624,4535.166014385049,16417.258325855404,0.678045881059074,293.9377632160133
15875,24866.28100134946,3172.1813147149724,7512.702119767742,1.2432343099130867,246.88168425941475
18359,30842.344583891154,4715.250555925163,10323.844353673267,1.834231153659993,206.09343873857753
2907,4747.658282790954,6994.969420961693,15927.990542605468,2.359677512011774,70.79047099942014
17819,38198.93772332722,4872.434544833361,6334.376653419964,2.576017157766924,217.5571968780541
13745,26051.477601414976,8361.909818632517,521.6628853812133,1.3446062394534595,75.0118844915287
11659,28761.980546160055,5577.255183470991,14362.890460902494,2.8469922166661386,187.14418778149386
5915,33443.58478909888,3919.0752018710773,18043.48239590803,1.1015619681761333,312.6894643503474
2745,25258.67730558433,7844.978554173607,18557.768965891082,0.7014409011080198,135.71221939683457
7072,26323.785194417746,4370.106639931437,15978.203666801866,2.812524164395685,229.54142968988023
4450,25231.961547732444,5203.971097774218,18702.8571618793,1.849526407322406,206.24333299000125
19542,25092.465168106733,9947.236578297385,16413.121847386297,1.3784482571875314,98.18578760908865
10506,37635.16238506199,7885.674118089909,601.980972263787,2.745277141285654,123.2594592189375
7985,21646.822095449603,8565.907638836636,6993.108509057735,2.4393644121682767,82.68470146150746
18180,643.2192655884879,5969.225177781264,6722.12654751253,2.5811092911667144,29.037122216947356
2147,30797.127218033165,3547.343018923259,4383.286969204074,1.2308586233642052,235.16471383162144
15545,47656.79250885103,9913.569170108382,15958.740601818075,2.683713073253654,155.57050891794532
9856,13219.511624182463,2515.798950791154,10401.796910422025,2.124431207800651,228.38338137312164
8592,40901.56989302224,8740.887765507377,16725.787682203496,2.3450396415738677,160.09498798065425
3744,23046.765310012463,9121.88321325888,12026.985802677544,1.2810554420605078,90.54466958100278
4525,32327.612460448974,8193.79233335549,11812.186912655938,1.1125387885290285,133.56798916543482
12392,44598.24969080558,1229.4317638759733,7682.969065914589,1.5204537943627778,1021.466316996834
9194,38665.17383351454,8555.718769511182,15792.05841780293,1.9380318205280123,150.80870442835683
14377,44286.3827278695,6671.401602147001,13661.83326132089,2.1649672797664614,215.11311915825956
9502,971.2389543709623,6840.157350177761,6775.036963804088,1.7449113794494648,29.137289542939538
1285,9772.091739845877,7886.662612999021,19871.466188003615,2.247160574897663,91.43232826764681
727,21462.97342200755,4956.319637907876,9255.783968983342,2.2708289328653795,147.29910776422
5447,42468.16897392861,2744.8562856939125,6331.803898325008,2.165186297673975,426.5825516112683
7977,42000.400642589586,5791.828555917983,13755.86112228438,1.1277211698117884,228.60047338176514
17711,9664.446432710403,1175.8870039266665,4456.14860144008,1.6158212224585509,288.7584947137104
17262,7541.0004382382085,6780.570542083548,16612.881449229066,2.4143705292331497,87.13769254087191
14394,41817.77054222835,4881.115253833036,13607.271565747162,2.7174036126891,266.723486666053
10717,27300.997554522353,5073.07641420235,17401.3070747502,1.752927820727575,207.61235612529546
15220,31525.10291554401,1939.638730793283,6581.027258405148,2.9669768492891158,468.7719901571001
6756,40555.70069594621,508.69999725445865,17088.51125866119,0.9367816385636181,2715.0867143455534
12056,10981.449947564508,6151.570867394822,10018.622855409456,1.0609477667137979,79.451066910845
12068,7255.997595284633,6622.4263305918,1183.1255328924751,1.651878266770089,35.005368190247744
8982,43022.691007815716,5033.090328852881,3883.38534775698,1.7718514463954125,227.0933704949704
8188,6032.818242852063,7680.739730869215,4352.983305782481,1.5611927795872975,30.591238028210846
559,4864.952109455781,5680.790620151437,15359.819526112407,1.5759924732660537,87.10354153335584
5931,14215.221193027157,8497.14056668842,4062.508275889727,1.718126559281937,48.17373852626087
19554,16184.018579936805,2952.374089642186,11238.345091811343,1.3004159547053113,228.78646528110585
14924,12436.200025534477,2506.772475940843,13050.840642253801,0.827357778990153,243.42424218855277
3839,37210.351988760674,2685.338800628692,15477.147436634437,2.8902716708702973,464.8204691487849
19673,48681.028583252984,402.1329051069875,15677.604359757635,2.487467320675324,3847.7342898492484
4154,10379.771464869398,9016.178317797983,14352.077122498824,2.5372578223208846,64.9343242559642
13687,39201.683381841256,9991.946995945333,4263.675909454758,1.4123972519739536,110.50279481624132
6048,2689.989408271782,8183.573239096151,10869.3862574237,1.5097107738313216,42.5182091321119
19546,6385.681690731641,4184.70132555005,5803.391631248321,2.8396081535965747,70.79346751605287
17085,25998.312140458638,3603.9422055005243,15501.951155777666,2.932283501088335,270.8578814669803
7587,49980.63903986516,7769.357421891891,14961.856217502753,2.8565521616660408,200.93779646013658
13834,47493.59966417755,5148.45657862699,4592.9513334894655,2.106500455155406,238.12609586699375
9162,6041.175538543694,9400.632712901599,12826.854434254828,1.1067898417442394,47.17536398283368
8443,12364.502344271774,2867.8384897771734,1168.5580467973743,2.0124333751677135,113.73975680302166
19910,47316.6965613361,3305.798065662859,15370.968341361142,1.9727165098393138,459.0976187651371
3856,7960.8333487643895,9988.36661608116,15604.041287569997,2.7705879007436405,54.81192181509413
11048,37268.054273769434,9783.93016296291,6940.238215431642,1.2791715046275591,114.90391455696822
4473,554.847158680419,8863.398376057765,16125.130924188301,1.001699825262705,40.557397782559015
13520,31769.749082421036,4105.824007439145,17165.950997471155,1.1645175172707052,283.60224809148116
11275,24982.720881214784,8392.36607676475,3801.1560894235854,1.1078626074737479,82.84963968163144
4971,23815.75134597987,2905.5927119198805,7017.902066399002,2.1209610475010505,247.7054872344143
3623,41544.99166229304,2622.071240461093,5221.613532591902,2.531082463114236,424.5177348250447
11833,4496.350089772601,5509.732815832956,7487.166597370873,1.4202831059585952,53.59839704019098
19191,19177.94112354987,8616.602642457818,8938.083176307244,0.9410323264819695,81.10952589528242
6503,22578.9079761783,1064.984769497496,10199.374920940638,1.3577290414770398,735.7508641262461
4290,6634.3647030322245,5696.5282870789515,702.0740392651792,1.866395930204435,29.32335352887979
7021,4740.494045529627,6136.409733043466,1103.3269823792514,2.1612150944873174,24.369084701447743
3610,9390.908075588108,5839.997831176648,13104.692664414091,1.8744966685142879,87.2537363475916
2101,12431.862386500308,2263.123013170541,8854.827781086138,1.1418257292909764,225.1964808585771
12288,48319.99858413149,734.8785330560587,1794.7520213193725,2.7950469521136454,1635.9646126054722
13212,24042.878706958294,8960.419585487647,7724.598291091201,1.5945315114458831,90.38190500442097
14247,25759.30711729001,5787.672811344794,9509.897893113477,1.6474249340982736,147.85750149967288
16504,35496.41114555643,7702.25388873469,12711.802060077327,2.918463063542068,150.27178476796394
9013,34371.20649127773,3707.9263128519788,2366.6012968320606,2.670918626110803,240.0941105108654
10989,25387.481404591803,520.7724731336582,19896.08629134462,2.5156729281803374,2087.572606389754
17063,17322.000512133207,2669.6965609322274,9494.110712114254,0.9567275403306978,238.27386335923808
13791,16887.05883257826,826.3200278673478,13615.811482677533,2.5952182717273287,888.0957597935912
16537,3356.6813275308045,874.5883797645582,18164.363443417555,1.6382716030879099,593.1453710890894
16185,45031.691893985066,2223.147513798366,636.4672814281347,1.0234844542355088,492.05083916823486
9429,38585.028924474456,6372.423529322237,12027.179563839743,2.9772049150590703,191.21652702070838
4219,31355.49044442397,8195.932097802906,10807.114829612394,0.9301356508207597,129.3224152002662
16938,20106.046289104102,8231.434606180297,1148.1360261263962,2.80484406493587,62.593378420932424
11617,29332.053667218424,9383.789636453062,13860.554896604508,0.5013213348338945,109.85466227633171
18948,24511.945345945678,6598.177810441476,4415.647609646769,1.5947951495558086,102.20426447004546
12334,14059.78143470476,296.62332169733156,14037.631735235287,0.5747399695047866,2270.6837181918486
4355,15279.3509620477,3836.2841076316927,7252.583500740286,2.781130354257304,141.24839218762594
13869,43786.74546957473,1203.4584240554766,15402.524019961804,0.8147225812854626,1178.5015414967625
3251,31927.949587557196,7796.900997476176,18835.22886480324,2.1827461847223955,158.0514779618014
1224,570.4129947353704,1284.922132995627,17210.25235904684,2.0780509382048375,330.8468240478503
9945,16680.15237276224,1148.6323002968618,9651.47141508371,2.4476710216673343,558.790356027185
9869,17327.300503905015,379.265453176212,4505.4580819581115,2.367194113220892,1382.2777377243356
9988,35463.61019285499,9559.477541712828,19848.470394564287,0.5811221453727801,134.12786488856406
8549,35172.440452815026,7878.529567300554,13189.973408073361,1.4710015673772718,147.89216449106064
13857,23475.66522375785,3399.777095101725,7919.052749436491,1.306307665576986,220.51369872553073
16733,47573.480934164036,3826.7494342972545,9630.4749495841,2.932213158953394,360.91463749739916
19383,43675.34390184023,688.3414442510086,2561.105829303345,2.437233004914723,1612.114981383347
1829,43377.43037908656,1663.377567665001,10105.84059809291,2.2698994150554164,772.9262001274834
19511,17739.142793095583,3183.368600820673,3463.290147327738,1.6054009667956823,167.98762057326192
13038,21834.489563045267,3939.8930884537026,7314.909889481915,2.7274208317170032,176.92777775604685
19334,21238.615264151973,6237.766495335478,9835.339144847338,0.5420491340381512,121.76663335259876
14553,22293.21068196786,3568.2902688409026,18955.974782798454,1.0710967354981142,280.759761160528
15035,44515.93435303789,9550.545086958722,12493.861735162023,2.237532000237468,144.1987516400931
9861,12831.474628705093,3493.6626788453054,7437.803621177874,1.7709696285019147,134.40638838907105
7557,40208.65601248651,9421.794063682144,2261.7858883148247,1.8345181890178346,110.51782011334852
12131,25944.97876471629,7325.610949733344,14943.77176160697,1.5408623485982726,127.98742929507299
11059,12829.667193797473,9008.985654141181,9337.057905631547,0.9161457019600603,64.17576081385948
4794,26601.04205354793,7061.256130777297,1363.103113023445,0.9155537067750742,91.13245817656137
10156,10174.360223365135,5728.981966512008,13137.492399469706,1.2362030519789828,103.5460407503174
13870,5854.875226598228,5139.919560691693,7002.107640301764,1.6707741046087283,60.284906844420384
18614,41989.782182686526,2984.2478999623922,8077.825623352368,2.5603145845913713,405.2775811022047
8649,35116.44015981766,3051.9224657004706,16777.07646047576,1.6170800541296144,409.6187636482134
14978,10646.46001558651,2309.7378556339354,2746.1647882303832,2.7444883023620408,142.076068324562
1623,47143.589147803126,3916.854206322575,6807.497412401122,0.8012917572854762,324.6647724966389
18372,1707.719480391834,1357.032780035268,7273.362926059634,1.1794324423597955,156.90723182438282
17148,16997.369258983977,3937.2901481490285,66.58717312331586,0.6763094094898185,105.23570477258144
15866,1571.8254053310645,8354.063094829395,16906.578327424602,1.7750639150255676,53.24222223914042
18913,7543.730867821994,8715.893633655904,16706.251363791263,0.72508073798128,65.57004288222441
7374,9413.929120088866,6464.0206919436705,13236.72618017597,2.489210362223036,84.67447952399633
4266,40611.57595266309,2642.41702547569,17978.818496656022,0.5994092673828397,531.4909525645949
9087,49655.46369140254,2479.4598373834124,5457.732166735536,1.6884835645632477,540.0950635618132
7556,43432.35359324723,2851.496152860083,4412.60561259154,1.5515362736618874,406.7219343013102
8799,31939.082944710884,5050.388337604082,1370.4160083106576,1.005582142353527,162.7436395829766
4063,36284.7097878424,9766.800342015173,11840.256252407415,1.9671344478167117,123.67968880260995
11598,26379.639204023915,1180.9264209865423,9927.109101227088,1.4652458544404774,739.3360558700523
8349,21415.908529075597,5055.069734874782,16207.926313861179,0.9949170275818465,175.82443194462496
14271,34762.362076700745,6854.219178181245,9625.740750662206,2.566406992361665,154.5867558168809
6535,48669.27595746442,2532.0429125316373,4064.7243959028724,2.1517387279459284,500.8970090285965
15604,1930.2550966376907,9694.211535069442,16191.938349082335,0.5303821263583506,45.32133410527238
8459,16047.205041039284,3555.315115396159,9109.091442654912,1.754661706612144,165.83887895230112
3696,16837.96024885246,9330.320554335134,19116.60441187314,1.178266759390376,93.55532900503859
18069,21005.41736309493,6013.818760274676,10689.428348179545,2.7877806583830465,123.12802505118187
4631,31531.16127162171,140.38638347086575,2334.7786858052677,2.313952125176618,5795.4383195163255
19959,25930.78154274522,3180.010167186314,17020.488881953825,2.0290367423934503,326.4981809603794
912,1427.0879267766645,313.3315827474023,17568.207722508323,0.7226352029217229,1454.3959285310013
9174,20874.674130075895,3876.6097274578487,8908.630840715077,2.8266147868187326,184.57932760500339
11651,31162.71087390351,9332.086911454662,519.8601868650576,0.8605031109699122,86.65741081636072
4347,25488.823884058966,7812.268501588294,594.4693968551285,1.626866601148309,75.64547375634277
9294,43667.062276975055,6239.308094926608,7022.98506415181,2.2026039277853116,193.54410417483405
1581,20230.485698067016,5431.665234910818,14324.644401466267,1.7369225306057503,154.28402453306737
8716,1121.6546514321194,3788.5610395682234,6621.036287001025,2.7061750898212567,42.87863912574495
8889,14602.47661894769,2194.2430609942403,154.59845477980627,2.5883531552445693,160.98822021715878
19510,7215.795034964915,718.9966863541304,16971.4205861626,0.8384196244767901,806.0328576368058
9114,12886.401010914844,1982.4520005764384,19374.648630896714,2.04409065045716,397.9657049830363
18025,18423.35689282531,3580.048819034371,6927.389102024655,0.6305078757201988,169.54243027232175
10745,33994.45478989719,5247.912054632717,1461.49445381192,2.301443765281962,159.05458767345493
18004,16546.4147672599,2123.5985671117833,5828.234380470943,2.340052300696712,250.2125684140631
12859,44263.40416566139,9745.853046627237,15980.115512944569,1.3612278741089565,140.2767199317612
5027,15328.611514786799,860.8164523922762,10845.17214952307,2.466484543412496,734.7961667279296
13167,7278.203901004795,1038.4388556901008,7679.712787579171,2.131756127302556,346.02692438911055
7193,8858.838164810688,6857.763383011214,6684.538007557681,1.7601268204451876,53.87400518842853
5403,46761.7032621571,7575.109625142619,2307.8984285247907,1.638181385382988,158.2874522942893
555,23013.316329288547,9727.26954371814,6790.275162076258,0.7728512622206223,75.17953172321276
13914,20454.740369093757,5351.397792591,9402.168726123107,1.8277599482918243,133.95070903281294
2763,3910.5936143770473,1742.745889796589,13462.82131669501,0.8902498796976883,236.2501935749639
8982,36799.39290470497,9385.496652234797,5241.567093080486,2.140076156649654,105.87934346769141
15550,34885.30002594664,9804.320494746938,17947.577619526048,1.986784915615328,129.70332734385948
18878,19099.157197020508,9242.787686040265,9695.99460723022,1.226327217469168,76.7773168759342
17718,34742.295709352045,8729.396167197401,8103.225203555364,1.1174976991800492,113.79997813542506
5770,18688.86214541237,867.9836353841218,11879.074864207578,1.6901562287977427,844.9547311771962
14772,4121.322059015094,8563.243846170286,3352.4749284861155,1.781219785144942,24.825724775293637
15026,37035.91917673491,9536.946300166215,2131.708122710665,2.4948132904567237,94.84753451727609
15242,48277.46402219645,5567.913330644745,6930.807417568303,1.2598950001612943,240.2030069841173
10606,32590.381144617102,7748.619358250182,798.6678334859243,1.5085565882265728,99.51672680578235
11293,14184.831143110598,6642.866842350287,7551.664016360626,1.3582383496697283,76.93545396314396
2001,13861.054130512714,2951.775419171883,13429.705149697398,1.4852920097139526,215.95286583839945
15795,46484.3910261016,5916.446112718965,16242.446082667695,1.9177421033376159,255.3554985896534
16053,15512.870216190471,8904.797172500297,11595.262176226925,1.8936778095853946,70.75156533452844
12013,38525.5155524495,5014.214277535005,13826.583142170168,1.4033558371238926,244.58710574057204
4636,32324.291624048645,5942.43889408189,16662.595738691198,2.006088210397677,198.26054131910016
15205,29833.78965715072,5361.490877240342,15462.601963906878,2.0401117056982594,205.943257916775
16903,9463.206629403205,2895.8082853118553,6399.6383065055525,1.8172445793613785,132.69653386089576
17916,2203.3467722739674,6472.2647737409325,11468.453585689422,1.6309042682381896,51.776812689063945
9516,24689.51800073048,5143.753360890673,5297.063094193146,0.6948415384214969,142.26623303858528
14447,49413.851058864355,2402.205348289829,11526.675667903028,1.8531701188200458,606.6884744919612
12353,10190.115259554297,8964.243707964559,8520.027522944401,2.2817499762172173,50.42131940908886
14853,27075.166694736618,9505.45335996598,7455.983632804532,1.0383178618155713,93.78297622658091
1247,33713.475084905265,648.1892872895774,3671.2788821009412,2.4445879150402625,1384.6570520434582
11058,24442.046967858212,6261.25269232607,11235.060903775924,1.9660757134303106,134.2469409806616
16571,25593.223426561104,4208.952333427436,14586.319624136298,1.0938023961954353,230.15675165029714
7504,33230.761461542905,5306.947671887079,11425.594086110696,0.9073781810633559,200.8110473178524
17851,40837.822101746126,3800.9142851722895,1384.533364640481,1.113503628246988,266.49088240116123
16141,16997.736867380296,4796.148987520721,18486.539260853955,2.3977152449629777,179.7968823250467
4047,45014.12396507693,3301.995944715557,109.82099077378571,1.12627968606437,326.35973391378906
19682,24502.593207709808,1264.2724511684228,17701.158273138328,2.208059296499818,792.5966148650186
3515,33262.93487264597,3090.123102581034,15321.466528387067,1.8645413098669625,376.81992956743716
18688,5772.424887080712,6736.289410291356,1931.1456809672766,1.8671138979682866,28.924005408287435
2523,24877.724675701887,598.7770730666407,4731.287636346188,2.6314983044137565,1192.0231516407964
9092,1297.2690847883753,3889.0506227257038,6979.343791295944,2.686817803368654,54.28849465713412
11012,19855.724572581956,518.761753579199,18206.01818214929,1.842272376539503,1759.8897220413987
3824,3196.967928162859,3627.0360585373364,19598.524271603943,0.6632264292885663,152.27651633814207
18761,44900.55146395114,967.3557459461998,1743.3653534593475,0.9029615919411513,1156.4934907476893
11379,33803.853483215265,3462.4369637382615,7938.642702421981,2.871668637146766,291.99499553273375
4175,39697.87963337334,8397.06817715162,2985.6371449310172,0.8367192222667387,121.51973769945774
10611,23650.134481236157,6172.746145196663,5568.731208730255,2.5883794335139036,115.86734866927843
16889,42668.93805306552,6854.714800503789,19621.40601672497,1.8510170137804745,223.09846752310926
6033,43715.509195975676,5087.621264493275,19688.522242471186,0.7850307780047967,306.73945246816197
10213,18162.502872180095,9231.578843726993,9442.758804281739,2.7987592655083118,67.29447073224644
5675,19154.317965450173,5457.470518218238,3662.7746781210258,2.820262454076029,94.95862901360739
4378,25657.915080026312,1132.5114725238323,10940.371865217587,2.038403768696462,772.774965793251
9513,2591.0530045850223,9337.720300227564,6413.704151450544,1.472150111161887,22.973814700695943
3593,49790.530699741066,1417.3273425545872,18576.6168025749,2.018746942798188,1156.0968964580056
15276,18279.471082669545,9991.7863839495,16364.286146429085,2.0694003385361945,86.95953792089429
11804,23806.744011157938,4410.304191976467,6176.813315831658,2.055345649792394,160.78829925594906
17741,37860.47536766523,827.5061241446647,366.18192639403355,2.3335207611910853,1105.3400406492171
8118,15226.918295805892,8654.610844025578,19960.97271290265,0.6678611300688151,101.59070708106479
8477,10480.755465940887,1019.5407248151898,13666.879709978193,0.7563250364296282,570.0668844533989
3050,6808.780988596488,1826.8799780169415,8514.550449393899,1.2069463528150968,202.19709607251156
1725,26636.8567995232,4231.735815140883,5769.11448062495,1.3742304957712619,180.44796872546706
16511,772.165231386397,6794.2440826837565,88.48876987805232,2.095076187169316,6.256630707818008
9345,35621.27420468955,1299.2861624977666,3079.188191130595,0.9296876406308134,714.1731720539066
7953,23338.78027322063,6263.98932071104,117.42669767931035,1.8525731427287877,90.27689514954554
10031,26825.229869577455,7825.825181831446,11951.688603905957,0.9633488163038774,119.94210007324023
5056,13528.630120171207,1322.6114310502282,13266.86543094695,1.3887157549518472,490.38761452541223
3217,9323.526221933842,6510.949058718804,15335.922847905087,2.8387476116491728,92.22930617764608
3892,35149.48872674676,9592.871227100439,3739.9871106167116,2.739248466116586,95.24085434806828
13986,10908.53991450502,9677.21085781112,1919.4174035393364,2.8827598265312577,31.794634962253152
9754,39114.25494166509,1700.4597773282205,13009.182061472098,1.978548651960124,737.6984535694291
6622,10581.789715831197,7621.070456967992,9997.882380898805,1.7532505327624692,69.9049949427208
11224,30827.813601210062,8481.661104003719,17513.718001482313,2.6222870661729227,135.5709983977606
10300,32371.667171173347,8900.736056783253,10665.320471847635,0.6991621941386199,114.56627417378213
17965,25529.45675556427,3304.4460437202206,8896.424396043476,2.9461236160477324,252.3202475971275
7139,49841.14288106115,2774.1726497138675,9760.556096620345,1.65593088549149,512.9775590724759
13945,19104.229057011744,573.8245450677285,15646.434366756015,2.1894658728575465,1451.539140404027
5250,44224.396685197,4054.770630708105,366.1039818434575,2.321174789853117,264.0061005319528
14320,8876.795520746378,1327.1688441530725,18364.228870068637,2.072099618169292,493.9269712099812
3154,17191.93818646341,7883.94742017109,14283.780849576382,2.7288128983079174,98.8734845604396
17039,7695.672484408314,1515.3690614987593,17705.794807017533,1.2204032214021006,402.79405998673593
3569,30379.413806855508,8207.162963378658,19191.979888860456,1.8307704344598614,145.2229198432977
18847,32093.736357046175,1165.3742585996379,4520.073756616267,1.575763324287993,755.7517331626536
14213,22948.44723339411,4858.093244685209,11566.815863527616,2.2603220609492887,165.91436303033055
8163,36147.97195777438,3907.8791544293313,9720.874521241409,1.487787931585734,281.938668343029
6803,43448.79649814563,6055.28346771422,10752.382123032605,2.7321505936518107,219.66482788544377
6642,38939.68585049182,5235.841380787014,945.7836450873835,1.7260753392558317,185.17435499214457
10168,12462.286667765784,6026.402608935465,18279.715572240864,1.840020267255496,122.3529844547985
4255,16359.763123365195,109.54048352023341,19093.68365030746,1.7334831696158979,7769.9535013834
15929,19323.689425263154,1362.2858114655032,13702.486234199268,2.05659049209906,578.1359004549615
1330,10586.429846833995,5219.489829039125,5165.552794390538,1.7760037887229358,73.73025850393782
14125,18381.193710285213,2373.694426497748,15744.128549048608,2.8435452466291595,344.93223296123233
7074,12283.261004585602,855.53983128229,14616.929670727228,0.8278060199901001,754.9264316581721
14193,49788.52884520408,2255.2407384091707,11491.805942788844,0.5335683721684571,651.0305598496485
6621,39270.891849226115,7820.609625993422,3404.7899325678286,1.8044658271972585,135.17498086934495
16026,43070.844965549775,5462.77152104623,4023.5780433675504,2.411577034924444,205.42054328212083
1842,46146.27139410771,1981.7611531504274,11788.09869625103,2.1204894478467575,698.4165700140671
10856,33417.549084117054,258.1858830583809,2576.49588745833,2.90683537865346,3341.431062756091
11436,9210.840095633948,3640.196377032789,14478.592920308014,0.9556925264952569,149.7239132890496
12990,38047.04043903936,3638.9489588439383,4252.001663238559,2.234956417777224,279.6309442713746
2344,1272.7675980456706,7377.739565574709,18209.596247873033,2.5396696288415304,61.025480695948744
13749,6104.906740927615,9202.418196118668,17994.502666693268,2.7801598968490313,58.94394564241007
17345,1964.4306865181393,3782.9391837865137,5872.077258910089,1.8213786522331414,48.92626103503178
19875,7204.533255915862,6912.513541833037,1667.7369201268455,1.4077659204447108,32.85449737784915
700,37724.20986223666,6385.564822077215,12228.31608427786,2.8884030820122297,187.4487401394885
17399,44331.28814234109,4278.594815901998,8968.289479057774,2.4786778071440927,299.3760428870281
6371,14302.593882860507,752.3117968699796,2874.1779680788813,1.6771098370668427,551.4826439480607
14017,6396.796230962096,4787.298560933245,10629.629469055302,2.1279151473170828,87.8286420868225
4196,14011.504588492326,3605.9717007071354,19854.484857820484,1.1964422015187897,225.73378029807867
9967,32532.130745928735,5546.924419921814,1379.6583028928633,2.0371046848294703,143.772233586809
18513,17835.0504938406,1341.431076827549,5277.907715424078,1.8500742612000756,411.8808180605759
4989,48076.72819457804,7269.974049357693,10772.28570067923,0.5980633100321238,194.36123966741712
2516,6983.450423602827,7898.729295200903,15867.225651173778,2.664369580939976,71.58376852350273
8858,49521.95492782348,3945.770251276521,375.22239984787655,1.7254806225621804,304.5203731215618
1475,1116.358726666595,1835.231022888818,14655.200137008973,1.6993414357772914,204.3958256476235
7805,22858.801803584574,6273.422311401288,2797.670859251404,1.2085746560602315,99.35582355719797
17743,12964.68277244015,9562.538478981514,16613.58954025457,0.9909690019599261,79.35268583469168
709,28531.13072168821,7034.981377354077,13843.52069711831,1.2284295573967914,145.43776861192856
13555,5279.266183063067,1322.4741162991875,9130.227159811595,2.1249512538635686,263.349383403435
10300,43853.23231888694,4032.4789718610355,16431.6654921963,0.7441230780164111,357.7566304333651
713,7258.056820359204,9162.151588169098,14660.973687305643,1.3321609347069239,56.84068252842276
6282,29575.771955752843,6380.783914795292,15183.6800206029,2.9468507580112018,163.29122724204586
7902,2150.669721199886,1556.8067420646928,5801.47475790052,1.1788214392067748,123.00183356406221
803,15894.108808450283,7273.462778626734,12388.377041839747,2.9166375380065466,85.04633793290404
17744,7911.283662698872,3599.8360111003617,2822.121052057731,0.7620269192736366,66.99067814002255
18739,48903.408964379174,4946.390482345917,16417.215250805057,2.4849628758224074,317.94476920741414
7451,1095.0576977052433,4208.960951609016,10534.842419674158,1.599345429829376,63.34890232078508
12153,17943.569355391566,7284.396377172714,16497.672968628307,0.9870423462519308,107.53015856796267
2667,15487.415828144392,2257.2707125076613,4223.137627847171,2.468556226573389,209.77358399960923
6459,33039.99278329678,3944.8608195854813,2606.830265123392,0.5174519784799645,212.2493698084165
18517,3290.709353978732,7471.002612771843,13779.37538785322,1.3678505171961697,57.99066004706542
2974,40625.57969802447,7077.34965742878,1167.9505320036521,2.0121433304231204,143.14579908326445
14355,23592.927936987377,2097.2683398499516,4879.71891100782,1.0774256145908376,331.3081143038285
2877,22912.24225268411,3571.5729987028085,18174.27294727138,1.3313334888435624,277.26387421892946
4775,11726.099078912406,242.2038454607067,2655.1593735945976,0.7286334104301622,1430.6999032470576
12974,24757.31498150626,5348.707946382943,7511.117782716332,2.6330308199231163,141.8910520561168
10052,18512.726039100173,2881.319881851168,18911.657947200125,1.5554158622137622,309.9122265068049
7775,12634.25359448731,217.47257524360725,400.06431828114364,0.8632378419521365,1439.328340241505
15985,8849.013451862285,4304.579564271874,8906.302269009013,0.9977350285175464,98.61686201886407
1272,36552.61060973881,9276.01014561466,15729.184432257596,1.1879172486429996,135.70531236475568
12469,7531.127180493656,9241.671540055026,18179.60810823939,1.0736661886246253,66.6798610191205
18716,8815.108808973915,3783.818251142336,14711.538339143775,1.7582668364164729,148.60365209667833
13845,29065.03168953296,4546.8610275321,17767.834662479796,2.7630454259110495,244.38876384524642
8105,11690.836612450752,2502.546488383687,687.3646481117701,0.9597877326547164,116.51017709319741
1799,23239.134613771694,776.2469994685275,1997.5235860335338,1.6336161577222121,777.5861586294701
16353,27869.408963919097,6969.8741595937945,14754.531596260347,2.159823720717908,143.82581412080575
12597,14084.272970600636,8020.521797482669,15066.56504498755,0.9594854222652898,87.42543303438083
8837,17505.935418040288,8813.03594946723,12105.428893505765,0.8849802784016443,78.48833512354958
5663,10905.237939091097,9359.34418221643,14605.53005835905,0.8884068229949968,63.843066324634485
12634,23291.012213533497,9168.037322452232,17161.062406991172,2.7049599085080067,110.09574770473915
2339,49623.79551220146,371.09589876425184,10909.650202818739,2.278163592367925,3916.33316673546
5094,18454.239092980035,9783.139591968516,18946.487230559997,1.3409219440576179,94.17908071119822
17686,32839.85377255519,3857.070013969214,13884.753010769266,2.756403046794733,294.10216012986933
10690,31976.77532545691,8872.46607991397,9439.64170484658,2.883864252061972,116.96187768012925
18202,39430.850726032484,4463.525982496191,8430.362474468198,1.495684478776063,257.30963771531634
16859,35739.96264389639,4279.686059147421,15003.335911228462,1.7761189120038627,285.3841877916506
5126,1083.0968316148433,210.78707816608568,12609.384352597028,1.3952116090238373,1557.4638002480153
12490,15806.246078931781,619.1703292578403,16348.867368772988,1.0688895575829742,1243.8651426413464
10950,43576.55715495707,6745.662743897363,15619.7252528394,2.4500247181074384,206.13935441555194
3440,27207.73581956767,9382.642013522405,10484.053915110939,2.1226566799157176,93.37273878241801
7898,5659.09226633852,2321.56264026259,18914.03580589921,1.41722596837741,252.46032147823354
5958,14168.775939869387,1029.7983909243694,14085.145343876346,0.5359499579448902,659.0719887541674
2552,14527.612706982796,2217.1846265502068,4016.791754422633,2.409183488342867,197.3102720034027
12544,43722.27904235895,2201.966480991845,12369.743471931413,1.6934285736412593,608.4498733551065
6805,27893.36291799408,3002.0424748245637,4036.2611175200414,0.6827133132974832,248.98606313561785
8907,30612.01923184728,1037.9603286920956,11176.985903992836,0.8112559459703773,964.195673197427
1285,18669.702184702055,2431.7144485190493,15798.689045875632,2.070944681867014,340.3758470956873
7479,3485.364009207741,9220.620859895344,16250.106845707458,1.8658308861700363,51.52557689625114
2135,4224.790008340538,8913.17045074877,13016.50036367839,1.1011956714318996,45.45799191216701
14779,21308.93581057416,3231.4129731370426,15666.123439207298,0.8496982147184844,273.86738430492903
14772,9285.946981274983,9969.24523276578,9444.712923822884,2.7118356925996294,45.108733486053005
10991,5660.996696952575,3053.6957640674405,11013.116901447249,0.8371672626934665,134.78323005046576
12444,13481.055469143375,7246.115208875662,17592.139588844686,0.7141905402854662,101.8411082026498
3609,37231.294849733495,6475.687338333701,9861.613006432626,2.0498546830041695,174.11268676508956
13015,4114.4060676579065,739.0860399226149,7018.581772802082,1.1313807067293462,357.6294899634274
5504,22687.182507273377,3488.738775446508,15939.851388502664,2.1414999784975226,267.13739006809936
7945,41391.31439841941,9519.846216158336,1009.4739542153363,1.7227450906937134,106.70457037242942
784,13762.278349456175,603.5826394666046,19167.140346907647,1.0281210728351662,1307.7677678474217
12273,15442.773653905417,1831.354817161678,6801.303823213174,0.6740966024057558,287.9730668916434
10702,44268.26029089815,9712.363181120125,12592.323200494744,0.6766271825627599,141.55231414757014
2913,32675.1772230561,493.94832250881495,13709.105045529259,1.96465061099156,2250.450046694882
18527,39986.74870912377,4521.412748511224,2741.563349966416,2.3956130698877445,228.39849569235918
7735,14815.608718919864,9191.675285737212,16457.204935188303,2.224149463276816,87.02968669684918
9819,49840.586448363305,9442.420006575594,11442.259173850423,1.9821325876573341,159.2193878277274
6835,7474.370310543878,9795.276826642972,6558.572350741334,1.0273203810017202,34.473600553557546
17527,48115.885836412126,4865.08048913749,17013.717446495204,2.6544714942806764,323.1644475442126
8717,45153.90639800848,956.151879531515,12501.60756553995,2.0721143849048884,1445.1038141586
10737,27818.785130707845,7749.762488208606,15715.563400034576,2.235496394822783,130.87874886136674
16466,29472.17575787879,7118.936373762837,19846.195533153375,1.0595776923530345,166.6650366970786
4437,38864.86998462534,5838.172608221047,2605.528173176679,1.1537275089082384,168.6784703591222
5307,15685.714256506993,8893.53512912268,14991.929675930742,2.76887390043819,78.6705750271632
15450,26609.75421169853,9124.543880969128,15153.420182364434,1.6901839267878067,104.71775545637557
6836,45167.601789610475,6864.118305210439,17493.79328147125,1.8846061616043859,218.19214918065842
7024,3878.327343125624,1209.7894773406697,8161.309050094538,0.7769137269337139,241.82362149634463
17909,45323.66913318236,1045.6992118448366,17393.026283151175,1.486434954297533,1438.9499557193442
6222,36574.507994817744,4145.434546248024,12797.664754648156,2.717590082884862,285.2284541109938
17952,38607.31903250364,2997.7359255920815,1375.4434464779463,2.7503775027236297,319.9455318593966
9630,3703.546100171418,1416.5335258057173,630.3350060687385,2.3253817240971943,70.56154618940712
4598,9793.955110796367,6150.789129804764,9629.708276154108,1.864094185617417,74.47029696165323
15765,46300.45906695421,6866.94505923901,15716.641440678954,2.8270556016421704,220.51026017421998
10164,6640.5466994201,7009.885806125089,7684.630512537478,2.6796024966010146,53.62797029073693
14102,31743.55135112763,1835.2448618300816,17036.6430389315,2.615878009434105,641.0434411569094
11017,39243.28120978063,3127.8536904351317,9842.440328391924,2.704518136241435,378.94474995596715
17059,11948.460212976683,2070.623745290515,525.769469591979,1.6330959678950951,149.22804607294634
8595,35090.115458596476,6053.208888662012,19473.30120113854,1.8137248745326968,213.0704666668792
15117,3746.0374081144323,5714.106209884577,9792.235292052985,1.5600315031411727,65.03190054381855
18027,25189.035950610818,5082.803027239592,13002.719540036773,2.350167549592614,174.16394196378155
8297,17054.439328609726,3030.9599296517445,3985.78431261114,1.9798178273436304,165.627646679029
1450,32464.22985925543,2446.823975291605,5946.6133080534655,0.6742445622981081,366.3511398971506
4936,44505.73988051925,8915.037539335111,9685.689937074325,0.8415005360893697,148.14462464348264
3244,6711.800447104419,583.6541702694906,17123.784056901794,0.9808111109245444,976.6235918853208
16614,22790.228797375275,6598.343950995811,2039.0844998639145,2.1763845910083432,87.13153626161805
2420,21448.0934219239,293.8121121997582,15606.793882010348,0.774512772252187,3030.9375280207587
10376,16527.86430049911,2018.9974639953848,11587.015724712795,1.8520493566129097,333.471834811827
6919,24268.254892284625,2965.8863417432012,9993.305483488057,2.6020874419831728,279.1595001066384
9660,44096.05965352384,8876.211095686298,17531.758180086224,2.868786308396859,165.23438591820337
6672,48696.26572140954,1463.5758423694392,2362.4026626435148,1.5705803939158414,834.4207169418227
6430,640.7229255005899,9384.28489860581,19815.08287811466,1.8335739384265508,54.99497381388082
4308,37082.06138409975,8173.017411932415,17092.668851623395,2.578820082958499,159.5976671058124
13472,30946.51941549453,6822.559598756238,6514.7386026198765,2.839354471990334,132.42020473652912
12007,49728.351285724086,4176.286847387615,9031.529071678002,1.4746535598948236,335.890963953994
15156,4951.604096489145,9062.04308351881,500.066194246338,1.3826512959339476,13.947462029126125
5238,40661.6419280963,5326.754795107621,10552.099936651437,1.6271116054907404,228.95373048822313
17988,46729.44488303731,3774.954526604093,10954.391426432076,1.1345118002140664,369.0149771180653
14104,45649.723780179454,5897.677501639621,18531.514629504523,2.6491607662927277,261.2734351688092
14308,28248.348858781854,2399.449728799003,7758.513507470206,1.2954943192628903,362.0192444122537
11197,16714.02917832752,2801.4939544683184,11412.35907149947,1.6236432884212628,240.00110210568968
13534,32175.239933028748,9201.213629312952,14812.346889301436,1.2999081680171918,127.93467943992437
4384,15650.563763550073,7959.8757311265545,12170.328762426627,0.7973026304243023,83.68723587480419
1232,20907.328335369784,5183.657218794009,3123.4775675207047,2.01661847442957,112.32505642357665
16541,22563.386747197044,4224.017173194553,3436.305198515135,1.9690263434861797,149.46833448771733
18465,15446.53373252254,8094.942396181421,2766.790036138147,1.2372503585069419,51.49176905412634
19311,17420.454554829215,5749.299700254033,4354.579231006468,0.5784954226009282,89.85918719609664
17207,861.9993888756358,4208.833962204511,6566.595469282474,2.84186662910766,44.06414492981858
4199,15205.403756201573,5202.943040757699,14793.347982521082,1.388868098111428,133.76422449637062
5681,23879.116020920417,2403.82151424356,1218.5162015189355,1.8468868618289898,251.8659995326897
9053,9063.864825759354,2099.5018387681157,16408.89920040099,0.8593718264618251,286.97224438364566
18984,40376.43655422357,9891.998712257635,5249.248205001498,1.1279201811901134,106.22444140522225
13468,27113.03259536448,9698.959029415197,12268.47384067801,1.58813193315896,94.1481591307775
10584,39797.09307488439,4266.188379169229,11055.367105340067,1.9056109580400535,287.4817936944705
13780,6841.119902383871,5201.089165015986,3080.444729246485,2.635035419106458,53.72902267007106
3254,41115.307259051755,8289.221964043274,5745.94336846933,1.2260331511773779,131.86243993525574
18356,47934.014895713764,7285.772985326614,5918.418585429798,2.679451925459279,177.59639360221405
17990,17946.472308811462,1085.537411645432,12476.606947512226,1.6461096832553075,675.5759778098445
11118,14555.644021144784,3808.6494373839396,15770.009913928398,1.5816921707133444,192.63372710010742
16317,32518.161370438655,2576.497307991243,19925.77221578667,1.4910371775401754,486.4760558815081
2303,31977.74847184904,9927.038897626913,1917.94467759161,2.715445342064972,84.00858897946001
8772,6067.167925758625,7512.145725477669,18773.33581321059,1.1275428963147984,77.81781057404928
16168,46374.55984268887,572.8755705826582,11230.521833539231,2.6434104304000776,2412.886306263566
7406,24213.279690872412,9010.37586933145,7135.356272906542,0.7227587189729285,80.83103142270635
12431,38338.61252718445,9286.787960009824,5691.495532719952,2.8883200920938115,117.03016268431294
3488,18286.22497108669,3399.36286523828,4180.810167493752,1.7575393896185882,159.50424694940938
7704,13446.063776810883,6455.579842724644,11141.49280245719,2.9972630122291513,90.53448043918567
13528,6007.958856247211,6852.186024149409,18920.338676384774,2.0198348502555508,88.3008776265949
9016,14088.676380766552,7322.521453779627,3643.118084452708,0.7940051791291389,58.391409103069385
2861,49674.84170355167,6965.722003533496,8723.340977846474,0.6522292163620043,202.13273311826637
18118,33069.02910222403,5641.208283208895,4076.9626089808476,0.9835470987876047,160.3514080811817
16986,40237.725337107186,9543.054714523167,3512.6075551005088,1.552872317055911,110.97430295673912
15274,47946.20186339745,5172.504304064028,17334.837116255687,2.367974118445841,300.43939652304226
5412,4410.0719138979075,1198.0409594452897,5239.250882853124,0.5017869878213489,188.08924676073252
1246,8652.374073882183,896.2122834143115,4959.436694781995,1.1433669453693498,366.7966451428738
14873,46434.30175371709,281.9285303655054,18195.845810898212,1.9689248793034757,5500.147887719102
5408,28445.40724216741,4336.441529956264,7720.805698120909,1.244708408057813,203.51285175798338
4191,31925.035667589273,2805.039024312625,174.33353681735042,1.3923591084850504,270.2323562350155
12177,21667.89697812655,8962.66726193227,14423.713029055432,1.2519089323250778,93.87038481603989
3564,40814.22237208178,8684.76380047187,10340.24011833898,2.882957298099593,140.99359238953795
2219,26103.58865091916,8394.640771378014,15482.62791055838,0.6645829418188991,119.2196802696112
19086,41393.40818680684,8686.053362253793,11405.891286397617,2.7687781056462897,148.73537348058755
6526,49613.236877162555,3046.296226697644,7025.344098380228,1.3080979383121294,449.3631113699972
11228,32512.975821353233,4318.563687873806,1331.2857956411062,1.116366605287206,187.93568468937573
14573,26676.272399817528,3186.206786830739,17318.73246153126,2.7081713364836775,333.65088459524685
8237,18575.313786128718,952.2024259162268,4141.6930902739905,1.217711065295083,567.0506217008325
7684,10137.473902693057,9248.05830583084,19426.959705504218,2.9687087737396385,75.72848930475465
2289,33004.56048400079,6197.670030842182,4916.705099625927,1.870219294512272,149.26886209759655
15075,3600.540989028439,1412.268759381149,16540.712022607688,1.6909299318216295,342.49297074443774
14186,47836.23547404488,2139.9836708729017,15774.964116356829,2.941217719038678,717.7707236812133
14851,32553.98267245933,4562.451012428695,9254.942671068511,1.0669171708883343,217.1154360130953
759,47988.457276763336,613.7513716940792,8034.077304382512,2.7724233227276565,2193.3716413473294
18802,13977.588259649148,2792.718634157482,14065.193902265635,1.978811511177907,239.53147723508923
14734,47352.53279056897,7064.119237944948,10571.050232130057,2.3874192773971608,198.27635882144784
15766,30800.19453826131,9212.024172094747,12639.163135934994,1.9550857441202705,110.57080858605083
7752,40608.066324554806,9294.441015938392,9404.309181249744,2.0466211606613767,129.57559281223598
599,9356.703484361313,5248.287926163907,11143.092535374239,0.8873034922378432,96.36794550850377
4405,25255.46338716221,3190.3370229567977,3783.000807101129,0.8791565745421932,220.7765139055613
15590,28663.538121263748,9215.381985727965,1107.9271125210832,1.4928925096286856,77.89756695524696
2842,19946.29402860182,7887.685571392519,7118.474335229886,1.365973100850888,84.81137844238395
8591,13035.020393294953,5912.407967452203,9317.238995042308,2.280151119895213,92.66431047600864
5524,45286.34970423925,8362.073724334916,18120.5921312079,2.306900945405772,181.08516394825807
11941,4710.414639451741,4642.420651591024,8278.790279049188,1.9094800993570045,67.71609428091263
14255,8122.3610095369,1210.728863546108,8678.375069535716,1.5050230042198756,335.68506193870263
17211,16365.271390024154,9388.557383743531,13496.628188136336,2.192023969308556,81.92379285243557
10043,46028.61507410444,5386.670062649764,4135.72382238294,2.2183638725247015,225.1636137477594
2789,28428.413329896444,6983.376467913086,17432.792168547345,2.522754862831614,154.15726004426364
18249,18972.097745632313,3983.693699529753,8552.81960870508,2.529325501140132,167.03154175083887
11854,20432.571653262963,1443.8410711904469,18615.739811281146,0.6739179078488549,654.6075540715979
11791,41969.990827045374,2791.629769995335,5425.367768624407,1.435128412702417,405.51866003140486
18292,1825.588942160679,532.3590327034763,9311.847773433408,1.549822990976311,498.1743914325495
10202,1061.2833826022868,967.0380588936862,15563.223729894691,2.6173126249340704,414.10797509593647
719,2781.1924586794826,2128.6992120493614,11118.53593182029,1.7545194671628324,156.8936712701711
6907,23725.647530672093,5654.010197154932,13224.909902822275,1.7220143890478394,157.10832771418967
10860,29271.84503310466,9929.558896099026,5613.926063139771,1.8844306221677238,83.72227100474804
15905,31411.2061201442,8452.86076058945,6569.183845199535,0.8180352870517342,106.18299097747517
14091,36691.28765783067,950.0838256211146,10152.269776704794,1.9132414848005248,1181.1798068901423
3739,9891.327436854888,8439.202349458617,4049.5968677909586,1.8788681154833071,40.518732642171074
18153,13483.091469579187,5409.481950647777,2526.1234274824806,2.3860636384542895,73.1750595886173
8042,12553.597289589332,6637.202327391785,16876.047984870078,2.0853829837211246,105.35416056760066
13067,7884.018856477671,1384.6806289470715,15497.086934698136,2.8875750842310897,409.1854013394418
7357,12597.581031981992,4014.858248352633,18641.138967839495,0.7002534283400501,186.86613477506089
567,30875.805913483575,8852.80497722279,11731.036141356526,2.4291289454751404,117.80822018528407
10363,18637.373888954007,4311.119727530379,8405.30574111504,2.3787559634399624,149.27061875156429
2512,38511.66562806424,1358.4234281639751,2060.420320353973,1.1733623324804565,717.2553780138821
19953,27052.730567481824,3179.645327433262,17009.34931047891,2.246375675490585,333.63768947266476
790,10995.938772280942,2293.0452316423257,9125.183916359016,2.148303119491038,210.28166505485325
6812,23635.409028875263,6900.28069693698,11222.676606359215,1.2467646614112606,117.74850358566458
4179,29871.7557281394,9119.17486740566,6270.4666155442565,2.3094562596782713,98.93430715232975
5151,43376.651085726466,7361.550584535683,10477.458787351783,2.826630856147939,175.16419830873977
852,41769.02120326686,8451.837846476401,15635.046203598873,1.263047509611198,156.97136950279798
18147,21610.751858057625,8077.594861223913,14245.195022232567,2.9502065728128737,105.11452924414982
18710,32559.953045328675,244.58260048165005,19778.45284146364,1.060716982649393,5140.553907291189
4878,15241.336593452515,1331.2649967705365,9912.979383303009,0.836604275377822,457.0974594323173
18489,31833.66381776333,4291.4529537078815,10593.99466319993,0.6926258707416215,238.10308786459248
3898,45683.22602894912,1209.6876793823699,1054.5204236788286,1.0342083903490953,929.8105551106862
3506,31414.867098348925,7375.854175395035,7787.656117037236,1.3562790451949973,131.8033464246884
1504,15536.705952134338,794.855572138211,18442.086460794213,2.3328988321104625,1026.3033185169195
15312,32377.17945683918,4220.79458251982,7009.524096055146,0.6800274463000919,227.14056753822234
6467,45186.35620622947,3983.6631850719536,15322.236683013649,1.7681629040956133,362.15645512978506
6928,7283.823073222113,5480.111999386871,19551.988284392417,1.796856701268074,114.32984875589523
2578,24381.122435823017,6330.836643895159,2536.972286077277,1.069857590421388,102.09747997222814
19379,16392.022021820863,9474.86806571124,6679.861150363482,0.6136416472445534,60.66070917664332
2761,12452.638967722885,2784.729509950799,9487.483846013447,1.0627975552137476,192.86914583484045
2237,20112.34432680756,6693.24643732351,4747.499803167079,1.0759737861486178,88.84538935291135
3596,20001.4182760666,447.33941827187755,248.72733253765045,2.220059381834157,1083.9521199901835
8427,10916.433346214722,109.96931373257438,9372.082859051436,1.0844486467777341,4434.304826267311
2944,20479.443861300504,351.0462896608424,10732.323528665722,1.3506604819077492,2133.2860742460575
17220,31869.725103979825,4544.226361173735,12508.689043904187,0.6185749025933178,231.36790039383231
19867,1773.7322775856132,5594.630199536475,16544.30194337611,2.059864988247826,80.31921432588345
9659,49466.64802607521,161.49530096086332,5060.850962810119,1.6853593900794626,8113.517486317266
9363,15149.244083238456,4024.4742503854745,1220.7213719702881,1.3624236753501164,97.90229713609342
13556,31370.445543003807,504.48120687894266,1796.6975724871004,2.2572008619418518,1578.1136749337657
11362,14535.672785738006,6567.510938998353,9948.189899734896,2.2053047463245647,91.739642279903
11298,19980.025942166092,6349.1971134730875,18444.72958105725,1.3197678905086563,148.0571912009402
8687,27687.255052208926,7863.421482356814,19644.21634744604,2.273519127993728,140.94095152678605
19479,30786.69888050415,5507.9825991528605,4101.025836405197,1.370524774261918,156.48810838946287
3470,38637.668501244356,6267.203300282998,3039.3477873520624,1.0549981858777402,159.24269944101783
3769,39688.348837017824,2866.2510023587824,7069.436193925296,2.2995746284987018,391.7170694656293
17362,26175.807366569734,945.9927997543311,9277.793355858188,2.320064337946374,896.0718083533433
17727,4248.424836055925,7399.331003565159,16161.305659720581,2.6644173460706964,65.22550269563817
2125,28110.2861647846,6157.447000388253,15492.13642689934,1.7523606284263458,174.22398419892082
18764,24140.224061432273,9389.485130352965,18453.321876748003,1.080947431563977,112.3110587852117
3980,11161.637059631268,9893.335832604758,17162.01477448728,2.5922426750421823,70.08634135830674
9042,1003.0621634945633,8488.112081548905,8775.849511165727,0.9366673663402023,20.236194236699234
16360,16140.31572194558,9857.656409958548,380.4566631086947,2.8465339689694544,38.069629234339025
3542,13344.671942367308,6509.718337309738,4731.791038467097,1.266633827797432,67.95151076401483
19720,24404.055808339668,1010.2966983685125,12201.088680073195,0.5469074175911799,868.2830513415743
7064,38199.27767792457,989.3421377398156,10029.887495877856,0.9669158043543536,1171.937600279217
10733,22232.48054865121,8090.485764439547,4803.204678924695,1.5369795954185346,82.59422002799208
18085,47602.63679174473,2444.9183153622735,2631.984626890991,0.6379732594155483,497.3354642086457
11670,11455.009246479418,703.78325126959,4320.242669354566,1.5238024439176945,532.5485978167098
14573,11437.126057623549,4775.518586875565,5194.89835605859,1.0072052059731842,82.48087965717284
11067,30420.253360518815,3214.9939719538215,17345.813199449756,0.547385829656982,354.27141523109464
510,44864.99839239579,5922.67656940439,14205.238782291872,1.2475161942771404,237.6724825334489
16111,33756.94958014967,6041.495239040956,11046.649162005982,1.0657613865214657,177.74432272395
16507,33847.072362992134,6846.859911672924,418.82043550611536,1.5493993171759806,120.84593945398798
10281,40411.15573486959,5806.779001717536,16423.92726256607,2.3975383075234826,236.8746017936493
18385,33599.637365361574,3871.088665431004,11049.272635733092,1.7744388750088738,274.4973240768348
8405,38087.71126004512,334.30032353132833,12546.808708426986,2.4201631635419565,3634.1745920561048
4103,43373.30934967932,9060.375834423068,1312.9336510748058,1.3416980587653164,118.74731390576085
789,891.5800239708847,3336.5251252193993,16297.000972107673,0.5329614832468877,123.8513100694677
6188,44338.33406451095,5120.790692607482,16640.56221381177,2.805432848288071,284.08584369774456
7893,11155.586698049823,5613.682098106071,17666.840175608133,1.2867862664443595,121.3741863969161
10368,45649.22110076949,3217.04405391989,10561.78986003698,1.8171940935288098,418.76734496588494
13936,13676.073116409227,3153.9614683122736,7880.88979735075,1.673036742775027,159.60264864954635
8105,23034.3274971981,2682.5290795909063,1460.9266388433784,1.9577127053797247,215.25895070295678
12327,46727.22680536045,2509.198109453603,3877.701264858613,2.7124102586221834,483.4761560563104
19577,5932.467229141839,400.91772460888313,4511.377808979389,2.668111256604103,625.4202360105423
13485,37391.514855574045,9583.354556529206,1253.79928423645,2.952575566856187,100.2988648889165
12514,19926.207615703428,5993.430981904348,3087.5034438929006,1.8209231651124047,87.34502388973715
8874,1692.9869804548828,1169.863390252982,17736.0704578033,2.80616048394022,399.91039875330665
17234,46987.08681722954,5960.388364670986,10908.051300479765,1.706125588947308,237.34393319093607
6084,6332.528685585034,2399.251190015188,15289.825699618244,0.6110095980992887,217.14528955763603
13465,38820.01765776188,3175.7523076914704,5500.476601619631,0.8654871690978303,332.91171081946084
19733,19521.37226710823,8031.565065083517,2691.9626368700465,1.3349651827942206,65.35410036799819
6904,40623.85495138822,8869.439986333968,7465.076625748908,2.313644144352635,135.57538113479333
12659,37639.219606850784,7028.256541348465,15859.703807414135,0.7034287560081066,186.05976375981518
13999,31844.31783469579,9332.556674408073,5946.6261516063005,1.4038799359827672,95.254962339495
14610,46991.5145938847,9059.767932224533,4090.6978434991047,2.955902617277247,133.03620419419025
15439,5396.712296943772,5556.584186094409,447.9421810144335,2.4642009406914394,26.46050430388257
6325,40029.66686137665,9087.681927958032,12480.223913047534,1.929989308752666,140.03972143367156
3988,33703.87143910514,5495.479716688773,8716.435371675387,0.6544256330029464,189.49773772259502
2395,16078.67675565092,1132.312591162685,5175.1357710349175,0.5365472816668067,449.86648912771136
3408,27525.623473558768,8311.607265231802,10395.083082827654,0.7631205896309513,105.00366275817716
1911,32409.070157217375,1398.9043988248236,14012.479978488085,1.3178251229334301,795.5994574066145
5957,36945.43603152591,3228.0053250481405,4949.3362763309515,2.01598336489552,310.04094255769144
12074,9759.456167858845,3859.9486827192827,12175.412377883757,0.9937004139666237,128.25034940030417
10635,5554.6192890171915,8092.130807607475,5203.057211696209,0.6278776856522068,31.080002958643213
5948,5551.766616043022,927.0130792609377,19733.217357692207,0.7271208076917991,657.4943483693143
9347,15046.498765223227,4504.920500263463,14647.805416760155,1.5669873796028089,160.44195078041767
9041,8131.571125594325,4423.486529531282,12053.162906107149,2.4328175359836712,108.53959719547105
15158,27014.25786227384,5863.386371198443,3446.6153710071003,2.5527188765417916,123.40397476112483
18027,22133.47960426014,3603.3009390894586,11727.877794198987,1.2276310400451291,223.97523109332914
17281,44706.79489738896,5813.908731836632,16009.121563129296,2.1585954168591366,249.01349120808695
1145,36011.422972185625,9860.35337103005,14742.147596401634,1.4817745267430278,125.95036778050738
13200,10687.704284920088,808.3369354512487,15560.503960947777,2.9312817587407336,783.3899461087681
19118,2763.4870132947012,8758.821721489294,6355.991901536693,1.5124022961746841,27.24898780281989
11464,35603.21525821217,3155.4314369008343,6565.271385851179,1.4897590761614528,318.5532424604517
2462,42368.46389281946,4710.592718662893,10777.679220337855,1.7539190333642218,268.3258824780614
17693,35199.184222423864,7437.063082514888,5573.160802593131,0.5637563250236308,135.95978144363738
6973,32367.82113327696,9109.360988128019,2260.2626277956197,1.54482069955433,91.47744382399858
7983,12841.095889437565,189.8472870120403,9222.437687541862,2.5717700358759625,2787.0125411794306
4915,24982.87331065595,6655.703515406853,38.483537661286874,2.0302050367525997,90.50200180554565
16348,36385.60401450021,788.5681624318219,15215.165974794236,2.9235526934657923,1566.44884252415
9205,10072.051250821374,5304.217339793711,14993.738385390523,1.3140572226083795,109.87829779141302
11204,24088.90541697605,7522.624874333606,11038.317634052144,0.9038107188773745,110.2327248426929
16891,6292.899405749455,1778.3879990198366,14952.379886727214,2.3764409404385862,289.3983373338526
12951,26770.589762432086,7661.4712656483525,12490.56519347881,0.609142479007772,122.12792956428933
13568,28890.096308548942,3164.4248121284695,13949.106252434478,0.8988896823062477,326.9968297531679
10820,27001.588708295836,6144.456196382005,1293.1166831545293,1.7673743274599971,111.0578197161438
13708,23738.498631746126,6614.606283203026,17625.309170922304,2.38384665231873,145.94723278046172
19830,29578.97089656028,6524.909199262039,12878.62521195484,2.002424959774764,160.8926922486866
2344,49841.5762953993,283.59348315358693,12212.616304562474,2.987231420933793,5247.896347091702
15757,31315.55334109466,1607.5126767020206,7744.819271275412,2.137351012877798,581.411375145522
8059,37752.10225417616,8576.406634536308,562.708249648316,2.3124183566605345,105.80165079225574
19949,10009.984610125652,9404.438498690919,18029.234676699063,2.9847899902010058,73.94812766129047
9794,26736.158557364157,5680.3120989066765,19713.30453811837,1.9811563154608183,194.38486118819054
1179,871.5166948330757,6010.016483021763,16155.732873401019,2.2865459083429025,65.37994953420451
7690,2057.158714482153,7574.802841586553,18300.78327229935,1.245818970302536,67.06048932547827
5847,16462.780099972297,4120.442334593108,2419.148869317369,1.8418887932756247,109.14216455111269
13225,23596.723646744384,3347.361810442559,2573.5041262516356,2.779881017589553,189.54390103341714
12061,28994.023462395235,7705.196489835309,17592.124662288308,2.6333048854524623,152.34736722171235
14071,44456.216176266724,380.02800395265217,1150.118475377686,1.265719788061129,2878.8741234494173
11515,38701.94002923644,8864.928252434007,1864.0704830184873,1.393044725014995,111.14448826604685
509,15348.85949027266,4464.934995448855,16336.948080301525,2.6159340240241287,166.65555594047316
16487,37302.46671513428,5091.863287662272,11139.493368347124,1.2116847788509006,226.57293792701316
12945,27694.85860717835,6379.353760874298,7834.541468469458,2.7190449206669953,134.5742141895152
15703,39069.47370313253,2816.418908476017,11068.968692215169,2.434423606775958,431.5560055049438
11523,20846.954943484212,6014.136165352107,17574.953884602848,0.8808912058000508,148.69315060203533
5821,5048.719191401965,6961.08557381508,15142.646165966462,2.2994124502420243,70.75897569561515
10878,31115.144578992258,1267.521354365854,13832.146823280618,2.58581723856978,847.6376614086829
16579,28073.35925188488,5252.660727825999,19537.711799941208,0.8608568804126899,216.668232976582
8006,47703.374811618916,3361.2593478002036,10426.13530460523,1.643372012405555,413.35437921410096
10719,8525.441887763911,5617.84148413945,126.48148908191992,2.656570409200021,34.688495128060744
1956,32978.58074009819,310.8134462191813,8580.657544810201,0.9966250196804994,3209.5969851270615
543,23966.63630536162,7452.535526490565,1931.438842357307,1.6227228612613258,80.38389039342522
7826,19256.661573598554,1767.2045950124716,2329.07567745104,2.0319255255306814,283.4122449366819
10586,39831.09441578814,6924.9307817829385,5098.018240816631,0.7431308985232385,154.40227191976808
8276,40627.188378042796,7711.267630312256,7627.344015963584,1.0301394704449234,147.7536070118388
19455,35872.72912324743,7550.8587251938325,9631.991658021392,1.666825941755034,143.28184971359545
15392,4638.2742864305455,8193.270736379262,3396.401311896402,1.434203390086222,21.113874313162256
8700,17582.98034244264,3146.6769966966954,6234.407583939512,1.3119399776697693,183.13560912642666
6132,2814.134173398851,9674.420336819394,5530.788465865128,0.5659175042931679,22.40660691123012
14200,17512.21883572872,335.799933827279,7304.949037524218,2.819837428967189,1769.7978590836854
2362,32571.930040113486,4863.880951537388,2159.8110942434646,2.678557002807446,174.9114390798738
18117,26175.985208096285,2775.8208895887265,7946.819130695375,1.4815486983556765,296.9916831779109
5211,35295.37279051714,7424.816453484056,11087.009745247562,0.9534373678612225,148.5108550583009
2957,27797.358630329913,8071.710525537902,1938.9624621688517,0.6726144181120002,87.99562647658264
11696,28012.781934195264,8241.686022426487,10415.40456382671,0.8079697009667268,114.71627787539592
13339,25792.778335449897,3039.3501507834358,15118.257148091765,2.005056273209233,321.66722224731683
7199,18534.104960961507,2813.991307511186,164.7937702111024,2.334792986936968,161.67631244662542
13667,22604.96154608161,6801.663620856721,950.5643785101724,0.891054947152622,83.98092475050048
8959,6065.668358391644,9289.02520937376,9329.48580651357,0.781976168973487,42.25437821346989
7657,41808.16829382005,2616.631634302373,17455.5511041076,2.2276971837390853,545.2984508712187
12553,44515.97610404761,9114.937024107236,19955.774255574375,1.792555844369927,167.91597088041263
3214,38430.40526631392,5955.467791504539,1867.8763466462779,1.4295917785226866,162.81994833680088
7864,29387.50760229863,7405.586417160172,366.8391791237591,2.312447655337461,98.90357728197976
15756,28674.372778373236,4454.931507927414,4575.398441975011,1.6391926534779693,181.32915419587664
12498,23781.01963568414,8087.886494395442,9349.404823511915,1.6628040814612817,100.25704042801264
10083,11951.663213591388,9707.879638377593,11435.918235108487,0.5393531481211984,57.12779000563155
9774,19498.289334780424,1788.6997407574765,19469.69823641627,1.2900230877748768,527.215508841411
12771,49500.33777438843,3917.0383075024683,17769.273840430436,0.5125865902344546,413.17136667282324
3335,7717.249117922431,8638.320796016114,11241.973945784604,2.809618282337697,57.644593719011745
8513,27362.8213642937,1849.0615207838748,7234.276868599465,1.234847727378754,445.5125434636406
13739,43393.02704958473,4188.3380901412,6425.942371952425,0.9513002272098471,284.5678507582613
4705,22923.583210520155,1744.5395861371917,11452.493443879794,0.7272432431473376,472.401068428601
14353,30477.708145864435,6518.845761698683,14427.05682497062,0.6165900000759765,167.81246919661453
2654,41475.76104434716,2459.3596067743824,9633.31646825573,2.71502278281376,496.40175892570176
11036,27604.28722616555,3869.940843436254,6087.975593811199,0.921282109890436,206.5693036131549
4423,36707.723494959355,4962.223216711308,12263.307158792231,2.04371213752069,239.71937324724374
10546,17689.982902340933,3041.575898720954,11158.839633271713,2.1280452729099295,227.18218309849135
7762,36784.64918138252,6831.019211223602,8547.366839480143,1.2938611156635844,160.96785638022624
4368,2530.555173747309,1201.36959745512,14967.115764907201,2.5831154099052736,347.0636212638931
4290,8068.515088478675,8810.027570740092,5644.422778586042,1.0350756451520864,39.45273074530923
11724,32046.160726825667,4865.270519218517,9698.500031389542,0.6786449121552083,208.46724912147403
18891,22723.250291263714,5770.859926454976,18806.790514747572,0.6713548554663918,176.52935812880403
1773,41503.272874527094,6259.083808046487,14456.573747352457,1.2510670673193796,211.5650547971012
11659,17427.736568532462,690.8522720546667,7759.43785445905,1.6581162287897537,871.4058655761221
12934,38476.81151456079,7594.208479781033,10923.554653735062,2.073408025399088,155.84124621639936
13828,7386.086929068195,9464.824356613943,8109.637943582248,2.3217707495835826,42.93395611524221
15203,46542.25565518221,5247.088839238475,2250.960335623566,0.9467273754131984,220.4947417352386
9904,21212.747234139733,3969.600219367291,6698.7440228416335,2.2098075824596073,165.50557356754314
8311,11929.642266681918,7869.478916104035,17208.86270067387,0.9563501305820996,87.37013822285101
10987,39563.0266568453,7231.49428802836,9224.039915523448,2.9929825980861122,162.4715041560825
10889,47420.36507137027,6544.660383995898,11692.750009699112,2.897670123911126,217.1202217244819
2764,45945.045561342486,9656.97910174946,3628.935186860387,0.7560187249652603,120.54040674978347
15865,12277.97703503017,5859.566776983721,7124.626512494731,2.1378002304561887,77.27291676968649
15696,33764.38112043828,2558.9198648086326,18584.099697886406,2.758167232328488,490.69569902463047
18494,27569.470633912104,345.1838745290322,6284.909907861971,0.701756076627968,2351.594334473351
10110,36392.656376106344,4589.2740958297945,5011.221300609761,0.8099538023201522,213.36480312148012
18670,24603.176004147303,6558.003216000725,1117.996337676581,1.3674940041708856,95.71920889428473
14369,23753.276255119832,1804.177471090791,1944.616366957128,0.7393212568023186,340.110270239556
10569,44193.98886882963,355.0610065400271,11695.786761718116,2.713980381141862,3776.316860791791
11599,43627.192457368496,9099.98560718983,13200.655975651205,2.6888621088798312,148.8377134132637
16686,39486.018096570675,3089.2795355774806,12831.609594553882,2.8717817068893394,407.3224544917459
9071,35392.296640196626,4713.889401025952,10796.586457367255,1.0124802029696307,235.33301477794163
11992,34079.14565692527,1001.6020702843277,9819.425952590602,0.6133779812938807,1050.2071570799303
17577,3281.0043416652716,3877.971722981987,1442.8183522327754,1.6115699412496642,28.80011785552323
14980,37602.04117492674,4295.3556996760235,16813.90662580346,2.7013832152647526,303.40947938456674
11082,32086.171750200192,9037.170916451492,10261.615177463493,2.0961169981786947,116.82495942584777
18639,15469.364114426957,8668.029035995613,2638.2933863431313,2.995792857855278,50.08228194694318
7533,41095.023565844225,1971.12020896867,2716.9891147654425,2.7642167564166114,530.9914713827023
1347,41706.13007762856,5605.016043990331,10259.13043397239,1.4818760864324758,217.73623695035943
11663,46643.43802905387,7339.353260858602,4891.532009714468,0.5988326866566216,171.36077427847695
18079,21208.722656601065,2989.320603734868,18439.299601275085,0.5129282604251915,318.06431790036106
10204,27786.873469116097,4004.886539404078,9978.97862065226,2.1105153722652013,227.27135179255765
12594,45344.735375580196,9850.324750140606,19568.370441110532,2.789414825254431,160.49804460843487
6832,16181.669313953498,7621.348143766071,14683.17403718968,1.6105754708005167,94.93284048722803
6148,39933.81054828106,4428.082621109718,16213.97779154449,2.6857301853338025,301.9859480798523
19341,49602.34705210861,5387.408864978435,7777.575243356662,1.9168521868365493,255.7960154088703
3950,32770.815235268645,6295.245312086695,2680.4155926009153,0.7450491944355573,142.08045542107112
8918,49193.346902755795,5038.52149438625,13793.926616488334,2.495788415187643,297.8707609401306
16450,26032.715369410536,4175.038317894057,8141.424017140873,1.7314850843606338,194.87866236465067
2307,8076.142748134016,3657.5621305809736,18977.63697493244,0.6276597587241579,180.02919347879492
13000,9191.996090914836,1772.918178100678,3872.6448442048645,2.536508920144781,178.6394153648138
16205,36703.036852048244,9738.849155385473,12530.06896755097,2.3941356879801985,119.83010722189532
918,544.983948787942,1004.9857719590057,17321.223633272846,1.643218146111355,421.89964745699575
16622,33263.452017790536,6050.121683082206,8056.580988944961,0.548660592051122,163.12588926846328
3655,7987.952981796664,9600.064201853587,19073.352385803086,1.3673418121900125,73.09794323286685
9610,49226.24491227255,3811.8230089268,1532.331664318718,1.5873770162452192,318.25569699704045
12963,8574.81260899021,2598.9713621455603,11738.514978874466,0.9132872023062228,190.01288997522533
3131,27846.96775135516,9559.677500129383,15547.73440746008,0.9022620863132467,105.63255720933827
5130,33637.56587384651,8037.21939467503,4036.1382980624417,0.9174520265922963,115.01273988329692
7368,41065.0611867746,6584.747850102493,1157.1490425402042,1.426442701852446,156.55022754990253
6013,23233.554079841888,6158.685427416536,1597.9522378950728,2.543860092064245,96.85469355222872
2329,46723.03851950754,3665.2486077421986,6384.584794148338,2.398393672221804,351.4357901214891
10355,24272.195466740508,6449.061052388172,4463.434062470519,0.5252859916624772,106.61205129042986
16430,12976.96703630304,7277.751690213365,4477.803105257159,0.5241065358437059,63.50447686889039
13111,29855.243267040532,414.1366679057397,9170.419397001044,0.6942410808911654,2261.253818629006
4312,33071.27620012247,1265.1314084976887,1698.6755850072454,1.6664544654052913,658.5935485308491
17770,25615.861578618562,3219.593172243125,19910.01258677654,2.7222055153639864,340.35724029402155
12031,36792.5153420478,3298.971327768622,13916.15257249731,0.9556427916427743,365.3009359147812
13736,21323.69846528728,9015.107751338774,605.8671437320907,1.6919896518777418,59.09497271067547
19681,714.6727788376915,6876.603448614185,13838.083408356391,0.6018686940548039,48.33438054231635
4647,13594.677425469457,3797.694369938244,15836.555651084054,0.5508161247276397,188.90701516701594
19015,47322.31375454288,8111.101311621586,3815.24481929121,0.5187057623259312,153.97442226995054
3259,38279.551031794326,3299.6292275632663,16805.535971254212,2.341702309152705,398.3819253353477
11470,9881.924300243456,9908.485884496118,12235.30019894819,0.5595622861271783,52.23871630173649
3376,3799.323100463533,7838.036101001069,16417.114627480936,1.1845389272291862,64.81232500242143
13212,17864.44647330622,8103.061278798923,14333.873265196095,2.1126198686297193,101.21288512462168
13832,41896.94548154821,2683.628143676019,14092.572294310528,2.046627242968435,500.75411684409175
10403,5745.980956940616,1535.834866585208,3164.820854927355,0.6378619011864566,141.7409160468297
16939,27396.01662916667,3956.4365684497393,6315.9378237562705,1.1416668616841417,206.76315755286836
3862,14112.512130019095,3408.9339298436953,10464.908129564856,2.0983054709473974,175.31885434576262
11551,36449.62360579137,7721.338186862319,2250.9321256083936,1.4806144164536768,113.39731292319219
19940,520.3106339506477,1825.4523858186283,9569.860932578458,1.664557013193416,129.93299937168078
9698,14220.119287233816,5321.916222032395,8906.403166798227,1.0177142975242126,108.70586185187499
5503,34122.89304143882,6319.113668237036,4638.46656850625,0.5943935606438029,144.86559588364068
16232,27564.150344807833,3913.138310201746,3994.3558353803187,1.3630070665328629,192.92066622331743
8405,39053.848515947386,2086.012397635908,4947.483038448617,2.2074599170223337,512.1564737139213
2281,8304.958705306653,8967.101319034997,12102.135245407846,2.416323730533201,53.14665712249485
13912,26783.288977876105,1474.5164525912155,8299.047431253164,1.9813247991732332,571.4309181450797
17873,10190.604627427474,3107.6633024518524,8279.18186938488,1.483002359578846,143.9041194969248
11856,32141.39689607623,7590.0170553196285,3634.6642191623337,1.95783949364831,116.6274846665948
877,7001.45502883447,6092.584150088874,15747.321816322568,2.2624716693357056,91.45500843055393
19261,7860.34362795638,7333.390937107851,14007.587772092762,2.3881793955191943,70.02359180179273
6545,16746.159460582625,8106.7896448185675,8581.501253574821,0.7362145534950264,75.01441855773518
14110,20394.367991605115,8964.389585946827,2844.038384847636,2.5074593438087014,61.53464232080025
17165,25178.70270061067,3115.1936525103442,14294.01741059947,0.6586909169012435,306.8254238199544
13426,29244.990065348557,4795.6210868590915,17976.886841061227,2.676143647362024,236.19606313935233
19803,23706.284080787154,6914.270421928454,3565.238567861593,1.480602110406399,95.32905947592015
15534,2759.1167448381266,7967.982071705283,12053.20853366952,1.8673057393626267,43.18245798710886
12856,17501.288657480414,5820.385962540194,8486.17604208327,1.2249562388570052,113.16960731271945
7484,3538.4063006097863,5186.106961770861,1753.0071901836818,1.566659966334582,22.00861162530216
4094,6345.146831248688,6948.4591012913725,14516.540186726437,2.6129844099170176,78.42820182311355
18722,5094.766604188854,3882.087010244505,1422.9443411621046,1.2392408070752743,39.75850881629306
14858,8325.729087368458,8947.672532039458,14044.629788610913,1.9104506079253372,62.7438503347257
13124,40739.566401149685,2200.9674616472903,5623.057885313964,2.1176977804576933,505.9045846589213
7070,31564.833633544862,8851.641678879387,11313.195051920718,0.8660205017823231,112.68993407874116
2620,25585.65504928266,6471.805327753364,3209.076841283194,2.44454021380972,105.32670766627467
12485,36746.74688088086,6046.518697880196,7417.937397267034,2.997668901871202,178.66741524947406
3370,48080.57691385503,4752.553148141987,2081.7897679646744,0.8876537719806514,250.1725890130664
1285,21174.919691290765,1631.9858226709368,9346.072422809393,2.4197111620499605,441.0782418482242
1437,18686.891157973125,8662.847989665788,4265.81404751883,0.8676827336591909,58.1620753344963
10381,48899.79141822967,620.0861881571112,3758.6095684770803,2.8756406328637865,2038.128749717966
9948,38680.85308532677,2772.6601027818756,2143.0483666037258,1.5274639693963126,350.4241583683815
3612,38967.00570422683,1186.0967950164481,15308.680179663377,2.9497923995960234,1098.4131938728465
16797,30197.143603588403,1157.6695878213193,12790.397546052593,0.6697944652578751,892.9589075575412
7937,25596.917233583816,3965.185375504011,3138.0793537894824,2.477452852248585,175.8139215828183
5034,27754.289657297522,1688.2143654387207,9448.587754369788,1.6834452483668279,530.0094783484695
10029,32778.210009239716,5855.719281942152,13217.692308834548,1.223735082908024,194.59904367566782
6671,19153.54785033867,6308.8735024337375,17561.373704683156,2.369720211671431,144.41264120260217
8961,39223.590846501866,8832.7279014295,1191.4430887212802,2.088321873114441,106.95499639501683
18374,45506.43670785146,3066.7124727461423,7247.098733602757,2.757212286777469,414.72380542278495
6541,28778.542465202507,3160.8659957024274,12319.064900077576,1.12202422283048,313.7616470343983
6889,19383.04333475251,2539.0503757246775,312.3488071929259,2.849363446431001,182.85667595726372
7141,34931.694351366925,7839.922286320497,4870.5287343759055,2.1046705432134516,120.1957478698873
10133,9517.145431937577,4337.794793846928,14898.010699315964,1.6260851583517852,130.20360430648424
17243,48444.34608729324,5568.977932189677,7114.731305165256,0.632828281797007,237.78286716978874
5177,33070.374055075794,3808.7133616114725,1689.8947916932138,2.412940323566028,220.96964095699957
5639,3844.6517927798195,1652.4480017855794,12531.906488297578,2.646004080159204,241.05931468412817
19104,26722.628540163154,1115.0441173282888,5001.055869767874,2.523961528908986,689.4594567028184
11657,37641.86708831311,8695.907316600682,14033.081863544036,2.339165235626564,144.99260314756216
13332,14253.37329137282,2728.268648413701,18003.497434740468,2.923527927670212,284.9803141519047
15609,3023.9822447158645,9422.037163955463,10557.181478004857,2.6227569875579047,40.096670041001616
13755,24713.540676047018,9478.205068671534,11982.877183130115,2.8196975590672206,97.57909559700381
4192,41764.40995153295,4841.323416012287,10288.1187970197,2.3261970398046516,256.3672701185953
8705,12950.951433373222,9590.023442698875,16348.841802628038,2.550517898408305,72.95626484790237
5925,35992.14913166984,382.0234419350905,4834.292753619685,1.222895537693572,2566.937995361676
4400,20685.638796037598,1007.3407394795779,8030.876688712198,2.1722479256124245,680.1206342750546
12311,3451.786877841375,2508.765831487307,17900.62865944424,1.0138469662164487,205.43791763353187
8962,15546.170965591522,2171.014676275632,14472.92045685092,0.6731761900629061,333.16944395674955
6113,16038.169060778215,2601.114667874249,6401.717045440165,1.9481409947939172,209.25215924687313
17406,45280.88245963374,4577.71387134884,16652.645470675838,2.4572724342816143,327.3276465646733
3317,49096.53402416955,722.9213979757604,4776.484212178458,0.7068944462087713,1787.4915118272777
5450,10883.505917235372,5598.344008613647,12683.587053849073,0.9532042586008317,102.34855463063427
3339,21810.385877187575,3163.5968282649087,19129.13914808751,0.7324184571738583,309.33622571750635
14833,48846.82097304134,808.3205682363495,11494.21959855416,2.085444913983674,1794.4745094677833
7991,20659.77392283187,7556.771762166831,15989.340253743527,0.6987551984921238,117.01312714388021
8514,17783.969352552256,6568.954715695094,14708.614892005487,0.7332389374124335,121.6218636806373
8191,5939.134867893153,7954.957643167321,17314.420618012857,1.1604182952328894,64.6973519111529
942,37787.58281164233,9398.416187629839,19375.283587964936,1.1755871615358164,142.0977709624627
16520,22626.77515448018,5899.075914135615,446.3311411105053,1.8937590624671712,94.83097453065129
9913,32113.81612733641,7888.488423298354,557.3954275134053,0.5804658997023913,95.63823131446604
16309,25737.910245928426,2071.9088129507536,11888.445978734957,2.0383617422311646,438.8848235485518
12141,9139.588360453576,4162.63286217389,19084.90701206387,1.5292704152875594,165.7934305078033
11132,9230.304884664674,5347.702776206575,9713.66145292691,0.9468296709312075,86.40203775651102
14879,47017.938103593944,5458.016679440181,16795.591278860276,2.1333657348473327,279.6593095953591
13195,44531.19773537772,7211.539403127065,15358.155062379861,1.3241849053359767,198.2687071240626
1394,30726.38324696488,7979.816154253029,9965.045479716535,2.5687235611046333,125.06937433215708
12594,561.5905088225045,6701.843975260758,10263.446553444386,2.9735812206518695,40.60019183491128
2753,21948.13421921548,567.7303445516309,8720.668251949655,2.447572210884643,1293.8964752028216
2510,26756.186258644557,3577.0459450018257,5043.974500572302,2.3574750149588506,214.62262250122416
14174,22747.171466549025,5767.146302431596,17174.245369007254,1.3878836350752706,170.5866351817047
7497,46309.74760640505,5127.9076545654725,4191.402754716844,1.8365142267325139,238.06153301453497
11252,2522.85915219817,543.4899784027784,18138.411000351196,0.631703330454608,911.2671773610198
11538,32918.96107683942,9808.302033623511,7194.55219217008,2.3183380858729326,97.48606478125527
9737,16034.901733302757,9565.444719682442,529.9461296826169,2.1876007470522456,40.442870463592385
5333,28194.11426203361,7760.241746286209,3367.5605483357194,1.1733800222981248,96.28470343815803
15534,32967.90850280563,647.9970723189354,17756.49528669832,1.8353410775119818,1875.0568740661952
3434,22320.6550955493,4359.057571523849,2568.890843694871,2.198284644513908,137.36032118979662
13071,7844.532004942654,4156.718572411512,14775.473413599138,1.4197352019855696,125.9276115009093
871,26192.387419575898,5624.457569535328,3656.2741775227823,2.314020195852044,129.7045668754834
15886,46681.33021529665,653.6917328714709,9978.657927332257,2.491781478920329,2079.260366151468
7498,27026.068855119935,4294.200795383934,4104.140214374796,1.0588418049334987,177.95019562418796
14964,6585.521962803636,7602.609238276681,6663.308755367459,1.2531353050879752,38.84203613975251
18287,41296.06972101066,9980.278700718136,2496.444488023972,1.503907301998662,104.90294514187914
16757,11476.371914565665,5994.887820054839,11120.045522446502,1.0891953598582909,90.79469318952427
13906,18825.740306763477,9412.06188125626,7316.5042010305315,2.439018878390418,63.196180232449436
11212,21723.47773327812,9985.53096374434,7309.684017511618,1.9296068258531802,71.24868005745631
17891,17315.112740050816,4404.341086375232,771.4832965231011,1.4502570931770904,95.11193093848988
1167,20520.36099606589,6720.035271322297,2722.56778277864,0.5401546690934209,84.29642758041774
16825,39876.29106524283,2210.8297038347673,14150.609712511601,1.314677846945366,590.9468812850462
1946,11556.270990273293,4808.899793240174,5846.405592969284,2.591254936750123,88.63255050056092
16390,23785.718702317678,876.274275736529,8841.383017832037,2.358778868780677,892.2821250612077
4868,1490.4239759462669,388.5828072135336,15261.357226997772,0.6684477061557693,1038.136336787275
5817,25629.463005590133,8939.901416546318,8895.14877266858,2.5036133863574994,99.65378929852378
3529,6028.587900071478,8598.16328308328,4512.180629020603,0.947636820665309,30.169654601641977
8732,14470.679140623082,3189.4401167519964,10996.484862663967,2.9676342178367334,189.66824645339761
13525,16581.23301859867,4623.835132729661,16024.120121041962,2.6713672379452116,169.46861505816202
17661,4576.454969274547,4986.742010908921,11992.837670780169,2.783151265481738,76.09353667299736
9527,18348.02508895022,5254.941119747471,8403.62497880517,2.423625989245275,125.57850097484929
4989,25153.841397294156,1432.2529445976604,2512.490348377334,2.2769420152212967,464.52098246806753
13615,21839.223355708353,7773.081740837423,4974.263496621754,1.111093296534424,81.20753465731217
6770,14381.053073172176,3543.37535629685,18922.377555438343,1.9659960378924923,227.13451162571437
14731,15095.32055513699,413.7822941764332,15436.16094968179,2.241062134686461,1769.383345329455
9528,31862.360251498187,6797.9590744314955,1751.437752624143,1.2202157854076776,118.08930378302661
9216,36060.59612815726,8315.78721139252,110.29211817518814,1.4957699977321592,104.39747784770279
9943,29038.26726849478,9189.4551883978,3508.386824814369,2.867625744814095,90.42370620956633
8188,48821.30801425024,6776.612674307484,18877.81476570651,1.5198937552779044,236.38216731110015
4741,47271.2661314205,1993.6622693478187,11600.778354303076,1.2884511770878777,711.0402961125807
9426,5374.213263702377,5938.827261256526,16773.195084982995,0.7680312502430224,87.39117356824204
14711,13438.033045026388,9126.443633295972,9304.500259953636,1.353353402085029,65.09955913979304
17052,43485.508587103366,3570.5449665683013,16532.723053886126,2.0303575592536856,400.672184778764
14349,1968.3439518629914,9538.172145562017,678.3283551623387,0.8693302407434931,3.9789505197010913
9840,29813.759747951815,1067.0228100754139,8536.388940272582,2.0132162130636964,864.8935403562259
8991,47747.72721667128,7307.722164664895,7551.889673737842,2.352988939951224,181.6191299259253
12013,34096.52490211288,1287.1206077209629,19630.928114724902,2.4206099249344177,1004.2669400660708
5533,5050.6989407210085,8008.865498761042,6009.514646470413,2.9620214433881533,36.80642005685064
1021,37516.97768253228,1066.791072073139,8338.33696930903,1.5864040875235688,1032.1972237747532
13756,19135.99084046601,3324.6778966422903,15176.016971753363,0.5810815964786826,250.74864162149328
12276,46115.91391469027,7790.930970716664,17614.261988907805,2.636724641918886,190.48840034663633
13293,14672.65613504032,4655.913380666037,17567.763485027266,0.7087857013494032,167.28797395954433
9344,23924.985709065277,8838.596063042422,7890.217413224958,2.654143016151669,85.80427069587294
3801,37457.05551953226,4077.204834368515,18971.099061371555,2.9567510981795855,336.68198124589526
19163,13248.228566089309,9950.085390856653,13070.177525293231,2.7670575487037317,56.96168125198335
10314,9498.226198138302,284.8804512971663,17022.71096441986,2.9100262420000425,2232.0884494430907
2181,634.0530143096253,6991.015840234447,18525.54454946225,0.5583398286510186,61.830300395549436
13616,24654.110397804987,9167.287515800912,4671.994465564533,0.5284245589064847,77.4204273460318
591,46466.56486347737,5406.266082823934,9983.969704831059,1.0257444439238936,251.35956615659433
4206,14433.615270457309,9886.241463403701,11755.945915586492,2.4967807431012115,63.69122078720762
16647,2647.2371892154706,7109.442562582275,16048.753860964316,0.723536633858288,65.52199636686521
1460,31211.348464680814,4352.310312481793,8023.3139413583895,2.3662955695735732,219.66423677661953
1343,3280.4107637599427,5202.2360399194395,4208.983448565322,0.5314001493026592,35.6432994776585
17102,25592.155606431792,8786.948660394542,14864.690672024899,2.3277482626319945,106.50373576394362
9395,19385.720531682025,9580.076632914124,11846.689712297684,1.1251730996739662,76.57657120407065
746,24033.480760312556,5603.274096731834,17965.978927135307,1.6010971387392585,181.94696224769783
13751,8550.694175418672,3140.7874313054176,13100.5996117123,2.941263538006968,166.20171866620015
12729,4964.993088950367,2469.3185058513877,336.540014219302,1.8793378304526913,49.596936794906064
5609,37575.04844855096,4822.777276034674,19333.02800200883,0.6865591541537623,286.30419610195315
12651,12660.504622949342,3033.7518098768173,11862.213872280814,2.6828291715202104,195.77138672771878
13897,40120.99272389635,4266.283564890107,11917.54530300357,1.3091683010985526,295.80917386821807
6825,38043.14046098973,8361.221370148383,18185.227893362007,1.963383375922891,162.53889861995697
10550,10319.75410035743,4772.677100207674,13276.17668606832,2.27942999118776,116.51542346464349
2412,45460.37996854903,6444.701011555898,9586.423663777825,2.4437830106121154,209.36062096646936
4721,8483.339775443306,992.057701870176,2145.706687486055,1.5812384296121453,259.18729438661904
7874,39958.71455246749,7645.05957404587,19243.9756262507,2.4327189864743044,187.45661604733505
766,21316.419176050123,4880.752001966859,1569.747557600867,0.7922357453708859,115.24934100336063
15189,9559.307626613525,3673.331125899974,3405.9957041659272,1.8141721026580422,83.92835326666372
14410,46936.51017408411,6148.795341429619,16390.737249831105,0.5547136519237299,248.89597449443778
18415,48181.245576824665,1109.6593464831503,9808.106567735813,1.5156776896779787,1253.8876774705636
10698,25812.959134307446,4198.586659028893,3565.369665911828,1.411915806135446,165.72246860879775
5064,23724.13862252658,8128.62706708952,5723.238232597035,2.9453315416756563,82.9137292943262
4728,45091.66577284946,2694.4341211478013,19880.287880823988,1.4946215311479811,572.6727431347941
7655,30008.765541629877,9149.551747342797,11680.402679707297,2.7677304344271025,110.50693848204943
15684,13668.911852591164,6076.071634553997,8032.2687633293,1.588249479591871,83.49824776383379
817,21547.264214303403,5453.7581427182695,17524.349145294735,1.833469512418509,170.43522861694316
1210,41881.45938453298,4055.7529070782907,9593.936861514161,1.3767903141041635,302.2972231221329
11888,43048.38371406067,7445.794503608059,6158.709219778935,2.1000388594838135,154.0406019998874
9142,46993.01377233491,5688.229838951996,3284.4477035973728,2.3478007741628972,215.33397061061657
18627,14768.913915289399,7985.768534178583,14889.384297458879,2.47765008797583,95.21769985493971
1823,34157.66146990168,3383.6212902268594,11924.46185982593,2.234848864422073,321.46984210987466
12252,3885.2462105601408,7049.94275311869,1847.0800695458656,1.3248688941895583,20.676372913793674
19564,36432.18144857421,9440.082464059946,11832.798458851841,1.3264896983600885,119.15423962963256
4737,28378.384657264454,2871.1960929786487,3189.0170843908327,1.369769554116329,266.2952172686729
3551,12863.4216079344,9811.916595993578,19634.395595720292,0.5945785128881516,83.72712863511438
11043,32904.27980506474,4164.219809993725,5194.1820554014375,2.857629923172678,221.9113202031639
19588,7191.514053292942,481.4702422523761,13920.323594826566,0.989313082225701,1049.6072607552142
6175,17023.411688370918,3641.2418040711227,13120.901395423496,0.8980218215412237,196.5755445872249
7287,20345.223140300623,1581.4589743604756,13827.029152101682,1.8808861736852482,517.2867145315723
3140,38968.28960679996,3112.4252054908293,8599.898269187363,0.6185388111469707,368.8807831922576
12817,15784.823173124747,1050.099211670116,1486.635973355337,2.594608292589686,394.0764692275682
12140,2927.2152785657427,1864.2156945157024,19600.147551082722,2.6905013848692705,292.09241203940536
7876,9446.664371655517,1354.319647003612,3830.5166901431176,1.4945246178165925,235.3233156819472
8638,30600.609976495954,530.4152903491256,15394.405802188243,2.928546682436466,2080.963276796119
5862,1254.8938350284866,3032.2450905767573,2751.470004642849,1.3106431742702176,32.07569256064772
1194,39715.49747738435,9415.504243388104,5623.940290174325,1.1505903114483917,115.4572124127907
10885,45105.44387874778,9498.993387414668,11197.732973798282,2.9742229820111965,137.58104439395487
15701,25022.181603269644,8481.800315121973,8269.3872451208,1.1257629488608223,91.34776212820525
2268,35527.70570918376,220.1911723760997,19165.33012798046,1.6106311069842232,5966.281334713931
13116,23402.50113038457,378.4223472373705,16953.703893076658,2.0296699980548403,2560.8682183852907
671,15783.78307848487,202.53857057113134,18435.806950375692,1.3063253122291947,4060.2895526454654
3249,8660.885744488256,3729.7368465108293,12813.931275041241,1.4605422626152007,135.52663499156847
3602,26149.03323791901,9804.553818722497,4378.314157679408,2.301897484080123,74.71301041307713
17504,46529.53362751177,8978.69436709537,10369.98856201297,2.3075627581767524,151.50003687393865
15107,44553.62226079957,2580.297095130422,15310.667924350111,2.5090462200640844,553.6787266257664
5714,46021.47711957797,4160.929172003365,1294.3644128990607,1.9842543514136999,267.8710352246525
576,48337.446474851255,8261.840804456613,17262.341387091346,1.0838096424922399,187.59372358667306
19082,8685.219881759687,7609.97676752396,12627.01833546385,1.3327734265487416,70.35652312535954
4737,7753.004393825453,1412.9185636757895,14471.429355879247,2.751766835604992,376.073451960943
6527,21674.18968855153,1166.991057843799,13885.908818306321,2.334320975806312,730.372784370722
13741,34620.921038509616,5482.833231287484,16955.24771272196,0.7200709428695169,225.7364062282554
10867,22264.849038288397,1110.907002950719,1750.4189767647094,2.3840411646894175,519.3134131871708
15531,44671.54136153667,8267.684857955122,7540.878991869197,1.3266440713472936,150.66191388719824
3044,36011.12594758654,2607.9332381367212,10052.331930036049,0.5580674619669691,422.7411031956193
16871,31881.554869587,1964.464610063421,10931.944242878533,1.7093295591315643,524.2486759382266
3357,4016.3724602240413,1938.1477186697944,18851.103246332597,2.7084905024646884,288.05508201241713
2053,9179.103660471585,547.7921004814536,849.2768051365784,1.6108734886245764,437.5187875670646
6774,21693.610835146654,6454.16471454382,17327.86760753132,2.9720004865945184,140.5103532819809
13056,48830.55108322039,1728.5106775843203,11038.021439763603,0.9451912418982151,829.3808017808893
9653,17053.230579893876,2410.0459794998187,11092.563385322912,1.3772434962103102,279.9855508358113
2127,31683.785394530827,7537.929761304126,6406.606423698671,0.5415470272283005,115.75193536726515
12023,49450.8486433799,669.0644285859629,12872.40381521479,0.625884753821538,2235.8946899587454
1574,13569.240415530043,2107.176615451559,12928.262552983835,1.3857922922458812,303.5158755206707
14490,8750.017650458172,1578.5503510188594,3785.879481288281,1.8209703510449775,187.4956235815656
17912,27543.49746563299,148.00523077460326,13540.118922189899,1.0927352582375303,6661.086264282687
17531,27818.57433031528,5439.48727025613,5334.126426222776,0.9161509492927271,148.30697343565438
13525,46133.388309150665,1981.3365890452865,13775.733321384936,1.551683759163816,725.5858979992388
15337,1808.2897119845518,6365.774387478445,12238.85991838456,0.9266890039169785,53.430517975263584
5803,20665.197786135697,5067.6176881908395,14319.039599084754,2.0772416209230107,165.37101769931814
15244,15961.233843669599,6711.992722223759,393.99598676023163,2.888222613195475,58.75368839870747
14247,28767.114336776704,9817.486958998124,2507.3123928719897,2.5163585257498697,81.19136352453214
13607,961.852565603122,2276.753101228119,16804.01311816617,1.0380344587391055,189.00021195126965
17786,35697.6585158558,6692.183734767804,7614.465227014235,2.8778382733707444,149.22295397614704
10195,24506.992253404696,8352.747636442306,16734.36708906112,2.377819337650036,118.99589557609032
5576,35184.11569136797,9578.123656012822,1253.4851764823673,0.8874300951188878,96.59553563513552
11554,22666.407575493417,6261.109926218246,15387.427089661614,1.9485767016172548,146.01387046782165
3397,23972.545243033008,1395.25680797677,1675.340687198137,2.916196610981599,435.7517333079425
10037,44829.71153958405,633.0942685081195,9366.532855982614,0.7418952982853775,2051.463585873239
9181,10939.458356912093,2857.2800753522515,18751.472834869124,1.1775124369917043,249.09506969378018
8351,11265.692358530252,9288.75729387723,1553.5613897520361,1.43522935988687,30.74308322272603
15085,28194.091457960076,5415.625109909725,7013.2425909251815,0.7889856829597948,160.89009138538893
7728,33181.10159044371,5835.124832485098,10366.971972950274,1.2481149666380071,175.92336586491675
14770,18057.06755736634,6144.965031819139,17989.146198866718,2.2308130412918485,140.64492877442146
15855,26215.802782087932,3388.9309770481377,6652.14387986196,1.6930969695839353,232.7497263198995
6095,11778.891904817845,1897.7497730419773,16140.832227633546,1.5526852849415411,357.73181984942124
16297,7227.575804336501,9546.992762310889,14363.460656002342,1.5798481471178767,54.01185744747333
11423,12294.001178279503,7578.312222925801,6141.347424570773,2.399130637396233,61.79673889867256
10099,45860.46643016029,5159.396210561529,6816.264866203017,2.9782022934398342,244.2757651961699
6962,40189.99086764071,3829.3811794570856,3820.2436995969524,1.971614781178007,275.4599483969927
13807,7442.1610690294065,4879.4455298610665,13859.247362922131,2.378875474606174,103.65591875407245
6868,2804.7351527024994,433.2854453607164,11262.047787291294,1.4313996970197713,773.9470513760097
9906,5112.656106366863,2550.1857199446736,3099.0421384203582,2.651600171786889,80.30132850894266
4442,15024.923806642637,2581.989457233794,12401.405528979743,1.5508145728943337,257.0911955401602
2300,40662.271279760585,4508.938666231668,9972.992900176985,2.837807555367781,269.46718848007083
14914,16408.03708705217,2439.065174683855,1851.7990541389206,2.358761568169624,178.2712901362952
10761,9689.935531787321,1936.025865032956,19074.068667228337,2.268608002205481,352.88132499299155
2877,20094.134720168982,7678.724798662712,16695.115472279424,1.2253373690164036,113.35448429744716
7823,6640.65430589534,8945.703613339298,1420.4825583202885,2.4903428383658173,21.524012356436092
18987,23775.733814633128,764.6855994937213,18625.35875761873,0.7632030227157669,1331.7249992224674
16726,33939.93065499217,2175.5727885671376,18333.556552875903,1.8450606002735532,578.0611148601596
1771,18758.006676276014,7759.499374840946,843.6603346613447,2.3384432439358984,57.89153324999117
5520,9093.769049065184,8176.764417394602,4029.578916188923,2.708979966130011,35.90931702744761
13048,22933.275364171586,5051.585010622998,14048.167734732986,1.9241341558050635,175.48061491699812
934,38243.21700760236,6979.339790012302,18691.471500458196,1.1458074287869477,194.758892913256
4271,4291.415456236847,868.2430392004756,16462.294435130676,2.622153598384215,575.7048865675481
15373,4011.3875401605187,8510.33442193303,5637.9570788850715,2.4199512603675766,23.002879310721625
9226,16246.481601925518,8344.01468854719,668.7711304354083,0.8839118933849733,50.3848925852242
9072,21045.11297649186,6964.680265960395,9457.748289661275,2.6809689030324804,105.29294801711978
19034,11215.355868555449,9171.637037751922,1839.2348921978453,2.8996930897347584,32.3056730931163
4624,1832.0762445016373,571.579208143303,4905.924642123878,1.8443356477713202,283.8860431516792
12617,11368.202274732817,2386.538694825294,12801.941121443702,0.5959123659101896,244.84008691747727
6102,22050.808657751266,3689.1990744596887,9900.378978378509,2.789035810667816,202.14905736427372
15921,4431.653549592989,1670.0298534179578,7534.385142028863,0.8069146417582516,177.8104059417212
5667,35936.64551787654,8166.793847359839,18599.246526986728,2.082804396189498,160.13674780065466
5986,27828.991798306397,7596.212907875576,3859.323501361103,1.5022680785045976,101.50106346930677
17430,22004.79088022131,7755.199101196616,9749.564863045183,2.9800841281668715,99.57169095948944
10443,26176.236239037597,2983.805379810766,11469.90359706679,2.7929116766150432,303.30587284877964
5324,32962.39610984303,7650.594459781905,6438.840735165159,2.461259479300015,122.03644986426251
3615,49742.526034289054,1318.2682032089945,14105.948783261281,0.9981927445817922,1162.683003979531
718,38868.44309580181,1157.3247996461828,17345.5735164881,2.2479824695711743,1165.748093529357
625,27247.97399716565,5882.167931804376,10829.578570859798,1.9303645218767447,156.21343731325544
13669,38641.42301789632,581.8197217418183,15626.738862288776,0.8383669068619723,2243.1487905531585
16825,24023.599269150058,9392.640876713958,1219.232894513098,2.4867027590912327,63.586040470958
14190,15889.980785038499,3355.579414816371,3075.651259554881,0.7161408447198543,132.89344904432713
13106,13467.083251856124,4822.622809120657,9240.510576946557,1.7040241852985507,113.1391884644544
9915,20274.22421646612,8150.969438115505,18420.39711652872,1.5664086005036209,111.7268461777126
4680,613.0221324222033,4060.5233579662117,10631.829134696207,2.5154935216620946,63.12852219649512
5660,9259.317580285762,4363.388754316667,8646.042352480898,1.5689185445153648,96.25984276955548
19654,6763.400572841548,3544.645304956814,12002.151403188465,2.23577720008399,122.87441729630412
10266,48036.93030417176,3582.062086303635,2489.31589762208,1.6956518198827397,334.6711291380719
2442,3709.9672846355033,4732.7576069666875,13073.61265769521,1.9550519621412807,89.49237512052757
12032,25298.15231994536,9464.692668477432,1880.4228920810951,1.1026024943892017,72.08276297625753
11106,46026.03759621952,9366.579393828773,11535.86632739493,1.0061331599747778,147.39208594619947
1754,30572.250833415215,5497.100446958104,14287.800822770056,2.2747832487659725,192.60700585738084
1487,25015.819361327816,4614.002000150982,8230.149276571008,0.8058259440022565,167.29929716863577
15423,37278.17265413491,8100.795410429169,18218.054537154756,0.9399599977598573,163.57015524186627
8611,17992.07693504805,6841.198653672487,3040.640892406472,2.8523660004277587,75.7341638581802
15324,10088.864796110716,8827.477680999295,3419.169428041211,1.133322618714204,36.363787504437504
12593,42440.481729887004,7333.057228757894,10338.288189021447,1.3082393589550632,175.5622289149913
14240,3300.8168692749346,9528.20878612346,18633.107477324906,2.0829857858521277,53.96066658091915
13618,40485.80245980405,8873.832832305934,7813.972059283516,1.6008856849014932,129.7659367675585
12411,5616.621452740365,8566.966863879768,18527.99755522874,1.8975011221157048,69.25518394334928
15501,31465.609956395296,3976.3264851884005,13869.497838190879,0.8614814949013359,269.6160614792463
10009,24113.842768409246,3923.5021332202537,15651.104544974272,2.1810191906007055,243.84587432416842
1871,49927.787911142994,7437.908114437854,18757.414088074747,0.8914583802724845,222.08752413178902
13663,19702.078381884847,929.1151618530058,11446.566744263868,2.369313825282145,803.9054441179302
860,47885.69154673736,3289.923100847802,12833.05860756582,1.8090432187110297,446.9595514065083
8604,20487.134945614845,9329.015994621655,11579.808726937177,2.5404825304463556,84.56308953112674
14686,34244.174300348626,4556.002135407663,15697.171188890889,0.9317076622002467,258.32885973287694
9049,32361.2328078388,2771.9926668239746,5468.125890078606,1.4438497135298973,326.38338165447215
3283,4779.371619206377,4816.876797991692,15760.9567281117,2.617079979338676,100.25108420825737
563,37296.608010690565,2957.0371465718536,14270.912625387973,2.4967807677712006,418.1825608467283
19112,10829.046728350198,7705.7828320415,12041.32354271277,2.9143849364431578,68.26706756804239
4349,19727.82681971728,8520.990360452424,775.8348856834085,1.054901139685112,54.58151323607993
4438,39218.93698175145,7848.316648221599,15490.879437003148,1.8475700810053284,166.79830525142594
18399,47243.52749069006,1575.565861884118,2648.5190598951267,0.5447118552169821,760.2283049229582
9271,28210.280982245946,3426.965940057131,19239.43846096866,2.913086442409168,329.8356768311197
13109,26209.532800417674,2218.313097931834,1629.8620242565698,0.9378178978650962,298.3811098910827
13983,25493.709132275682,523.7112761851909,14405.511595657037,2.7617690161357475,1823.7019358162743
11023,40919.95245355063,7417.836704288427,7208.513673392729,2.19583286062547,156.67271326902292
2658,49659.24595561581,4340.759856086745,14713.807842299444,2.8421212027313763,354.73895987862784
19009,31862.756667013753,2838.56857761501,10379.054219320491,1.120572935158836,355.3628212575635
12461,19241.810110927814,3144.522331096727,12590.10461734851,1.3629107168185015,245.45136533917105
6896,11323.883561962777,1436.662990736619,1508.734812193182,0.9110044172064484,206.70818899651132
2783,10341.649593852111,8284.930270886809,19329.581847340058,1.5560839847469223,87.52806778380838
6736,42879.47457941481,1524.8524098030243,76.9295156098826,2.8687487012529203,680.3646898601843
8309,49621.426858749684,3449.3312452357686,18823.18900938149,1.92790791665362,469.953182829623
12458,35050.5268008337,173.14054994069232,11365.00383777543,1.5403157191111867,6428.05545008209
3605,47813.53298975364,4420.474149455842,5165.402973177127,1.3121658283443232,283.2813324254224
4052,17824.778891633767,3612.5256406526,12754.555393371953,1.9619045050295285,199.5397794739929
2338,31565.96405516139,7219.109869001553,13457.942707009539,2.3080434580258924,152.68341235568874
17779,25828.38540187796,7181.604954300209,14606.632897555362,1.5169711680081104,134.32097609734734
6413,24359.89881417821,482.4491962658236,328.7550877345069,1.0772471614297938,1234.259639562395
16372,31802.494989940795,1247.0528227302236,19655.64807568648,1.9625106654735958,989.2092414999231
19892,15861.771317067507,9055.79746568192,12358.258693493399,1.41390660069492,73.91050023530512
3390,32210.805766861173,7938.803474757901,7550.723957800276,2.98581108362584,124.18261794632411
15087,33806.64581827844,3955.9004331331807,11413.007668856058,1.602611564784584,266.67428662062196
10735,41887.60999194126,1747.1073890574455,3568.4364529888944,1.5862220520377326,624.7574433493173
16223,36658.83021338957,2681.734739572612,4945.33101540571,2.598667471239182,373.96569840818944
15146,16328.835924692139,6614.464166533912,1715.5900607400488,1.1275474585734984,68.81844865720159
18292,22814.601594977143,9460.380563097078,17584.672944587015,0.6649676383741918,105.17225054909437
7946,6458.706604868686,6195.8070221096405,5032.002302572327,2.63454703566501,45.29695274774411
12329,13236.059812294185,361.8114582994804,14794.20939894324,1.9726008854535133,1863.2158097389045
3958,26286.780467111355,6542.109458494934,5483.973656264303,1.1503919277001118,120.6556075147593
4897,5487.658652793976,9453.041264724337,2919.772989820726,1.356896391441016,23.294575844579164
15082,28745.01164208693,3650.546020318121,2162.689412292349,1.5641259612538856,200.16308676516883
15323,19818.81800896506,9342.201221950672,17204.88701447738,2.2009775604357578,95.56885340143732
8588,2220.9306345393043,6739.136269645296,2394.735694988719,1.6704551901354834,18.901409552638544
7906,22005.170139732392,1979.371278114261,1742.9836598823822,1.4895488945174105,287.11426966241794
7571,14416.438734232821,1538.525312349639,187.0957111058047,2.451166255637732,229.90157719963534
13578,3815.380022459211,1845.366027043864,7328.800987218718,0.679621328750805,144.73173185376373
16604,15021.808139045823,7022.323287855325,18853.74381084732,2.131342226709747,114.07103371339483
5507,15057.708624439654,5936.260734264882,18172.997181609724,1.6223083289319347,134.79910700154562
10067,18076.14669491868,4609.8813528654755,2301.0541147492545,1.3371337692161953,101.98154613555262
10225,18640.51097417879,2707.211810982583,249.89451000849482,2.8189392242220013,168.2256547622268
10644,21773.689487018088,9081.588959112205,15020.150449477766,2.4448233509912947,95.08745860058394
11949,5051.927322365535,2216.0606028061784,6129.545812613122,1.0481468712843238,122.82970491083601
11683,761.2502226059316,2907.701556774293,16693.539595055605,2.130841091791722,140.66228858315338
12849,36932.36071638359,643.6896518702691,4308.588774488479,2.555716228691791,1543.4169969893085
9857,17198.64924664333,2825.720508419411,9844.172012963521,2.9733489137981315,226.61637383213554
5061,30873.782885144003,9236.686999482501,658.9207742513636,2.2460624853717093,84.5026063222215
8114,15698.223586692699,1957.2798302294486,17894.296556312063,2.22672737094352,411.4601954189344
2858,49217.27335207528,2119.2324587153807,3559.519909621587,2.0332299865139984,599.2517885393822
11930,16113.522863676864,6039.7762249222305,5894.060656633366,0.6000065283623417,89.64798106317551
16541,30449.69792478179,5712.839556221619,9594.007931605147,1.9626411645949147,167.62671447729699
13603,11388.576806462968,1841.9896809445786,5425.376848332548,2.5126191396964326,218.57881177315807
10767,26131.217729659234,1627.2222024000835,803.2689204183985,1.4885461103935855,396.6934104061796
12359,29176.874930180576,1258.0719373429934,581.7225957846662,1.9674481227902445,561.8179526460366
13295,9549.789962214487,8624.746266971617,19104.26525628819,2.8162205364098356,82.2374825371249
10873,6620.942631550963,6578.908687938294,6509.926484979367,0.930085264262998,48.02666945166105
7757,48693.26386224814,9539.112151356909,6687.831881357387,1.201189416430761,138.31647585646832
10650,44716.74695745966,1741.7518431004114,18457.999399887176,0.7757938069178159,870.1053429534438
8876,33173.323037557064,4659.9758962288315,16723.073596305137,1.7506115104591176,255.65054532396937
19503,43122.18642713509,7456.159307055301,13738.83210689458,2.599123480037913,176.90459530981627
10372,5230.238463273926,2214.128380324515,13170.115146765931,1.5880425229369828,198.13649158838675
15003,36604.12429181742,6878.29975830023,16021.714724393356,0.6745996442449269,183.60168297272733
17461,14637.415095303815,4790.6532319187045,3377.5089985387385,1.1588442879584693,87.81566885383248
12646,27204.912972412727,4365.205136483249,13285.497148661449,2.7242662739957546,222.77115518607138
12969,38358.28896006964,6485.4766809411985,1967.971845291847,1.8938102758993338,151.7750202815916
8762,2157.2268421333283,4730.1751050216535,2530.2546568934736,2.7851780756156095,21.997111449824715
1055,34894.48996440162,8218.128692101602,4855.12201547047,2.586095158241073,111.766674822052
17735,22025.90612842113,9312.161537925425,14196.075680917493,1.5357290327121986,93.50369473681769
9910,22263.807157966752,5929.701441295518,17850.903880684484,2.083859999769267,163.64068523322211
4140,45410.2659532718,3075.8855609092125,13815.725747681332,2.161062834583381,467.26874801564884
13868,43056.95110351873,7794.499622289583,8332.460538407626,2.366993590613352,156.77651589705576
2412,3347.920365428377,1787.8484828910205,10273.224374961765,1.332416266147754,182.951987987524
19614,31106.61382961011,1040.4091998771464,14246.515980961716,1.2224736140238597,1049.841224504444
5919,22074.38515018613,5235.441999033547,12265.637819084362,2.2114719274665515,154.84108964912124
19249,6331.815983514005,6502.684754011034,10589.350686693977,2.5468855788533062,64.12116051598352
15942,42627.04362127652,8366.479908616222,4735.8495795827,1.5356169663148953,137.43428349471077
14929,4039.798115861287,9556.602811371817,12339.218471748945,1.3026713610811578,42.987600846903305
17150,2088.821065712002,8746.047050023755,373.36351136606936,2.563841607063482,4.998179861153909
4416,10277.019227688414,9888.125778107014,11201.079600299507,2.217376348538706,49.372374228589614
14187,15517.273201704571,4809.42999331314,16414.90156785869,1.358875048547316,158.58175405051276
15337,3513.5984826584736,3233.7224213470026,3595.0109950794485,1.82416506514881,52.72062700331393
15971,32244.917225612455,4651.092158829183,2284.208443882367,2.902156232240583,174.15571262866763
13365,22138.926196986777,6476.891952384724,19404.703103890286,2.3746783455968483,155.4992879393573
12385,20903.348649656768,5121.840434450447,16869.266741506657,1.0541620213273692,179.51468178297029
13419,7694.366331090482,6377.786236465314,6040.023207600995,1.2375778657280854,47.93542671910445
2826,22170.559640044692,8878.553979420009,4171.455217271065,1.1630516408093743,73.90294793203566
3301,19813.214251532667,1741.537476291702,6680.787262031951,2.620872413300898,361.6110532559198
16519,19490.31463610084,1290.6137529479643,8624.499425822636,2.10354807347645,520.6311073234273
18918,11319.06708765118,5035.336247903139,16421.65816610673,2.849993472472255,132.30228755281394
14033,5174.648072219157,9819.504364207607,4784.074623126909,0.7273354275474176,24.630823359473634
11522,13405.042602133282,684.5306618978444,14416.901267138728,0.6300094899802362,979.5143894802276
15797,33529.873162081,9866.91731937855,18585.819632257873,2.1905045640723744,128.66629839566048
17868,4109.71011998985,9680.29548557746,7590.244192451745,1.1665597865470232,29.836668136569212
6963,19425.0598416152,2996.735190041668,520.9382876042645,2.1979290817681405,157.72863574919583
14132,25961.623416301452,8920.937583500932,16552.32844574428,2.3086754332813855,112.87742448611924
17959,48176.01472397886,176.80997848581887,14168.277039006993,1.2612028582783312,8459.665135026396
17907,42269.33760396722,4595.205345704485,2981.3960767402923,2.881670271045915,234.90175671193012
13953,45872.35997013215,4081.0225632491397,11938.111151427056,2.4368522164029067,345.1529490795818
13566,41090.07630399396,9036.314267117034,16496.32929241656,1.4183877586405678,152.6109000241223
8971,29661.171633563456,4775.732141602512,3620.636236334387,1.5302966531307152,167.80099113013506
17995,43108.94682433461,4237.593659540074,4458.0374664814435,2.289678625435702,268.0789734141923
18959,28479.748822693175,6431.986642695045,4035.6309534487145,1.2600918714253055,118.51747157310167
771,18208.525655571877,3820.4119667043815,19950.031066751777,1.238437947581,240.1561299533168
12671,18930.929030648575,5411.939720918065,4590.432364691123,2.0622738470798216,104.75683748596913
17073,28490.354809176562,9560.109094180698,5338.367865633751,0.8369856997068179,88.40651528507465
11033,40567.261324947554,2105.9113572034,958.5133761143294,2.983356743252798,471.7794560806733
12658,7115.808066464271,4643.2367065475855,19665.56903710614,1.218093304099833,137.10883908219614
8642,2443.6283717558035,252.23561003545007,4935.0832982634565,1.4567861661590547,699.752884214441
16649,39583.64699469118,8438.147107587265,14504.663206461246,1.0606625668697074,154.50063492446023
5443,32555.807426581403,1010.9718749403818,527.370666855822,2.1087400891462007,788.5940182288671
17652,41154.860139761215,1038.147215279541,15668.059836509976,0.651221573791763,1316.7387261951487
12467,48845.48808615107,8840.109843377188,15012.209834787387,2.8195216423900358,178.5096535602729
5666,12944.003565294983,4152.030682407446,1683.0564139583814,1.2599634395595969,80.74724782905722
8089,10117.452779700332,6904.22492811462,2452.0367512212806,2.8184381585897715,44.689452227678274
5298,17378.438096265367,8592.679065237948,5902.1855224761775,1.1338479935262145,66.36769749117043
15718,43959.13379424029,3807.327789803558,7093.358653932418,1.7844704172418209,317.3877264800066
964,1191.2114637624506,2689.3198124483756,15669.994356792467,2.237929204483737,153.35132572827516
3100,1021.3468065425502,1778.2281346138816,1223.7795857464473,2.0315671984770245,23.42739936114009
1416,11230.926152071443,6110.482188716624,13004.791200669199,1.781231410980837,94.46356878181568
10144,19107.85663880533,2597.497268036652,4570.6788487740105,2.471331782140993,213.82888553262583
6626,15466.131371597341,6379.451059631478,7649.384835786998,1.6762350962645218,96.01932079615617
7651,41333.43321735562,3239.7074375743027,44.07903567368754,1.3329361039179033,306.1840154260342
12160,34641.25808950962,3542.990213822509,5822.472877969085,2.296482319161634,276.9484072664383
565,41972.76725508348,2566.2325527785165,3426.759131661601,2.843178865757711,424.6667028834501
13388,19496.134580411435,4242.835248746092,10079.443185678301,2.0034634377610567,165.17457629204702
10191,29992.609094139665,1705.0862286585066,3163.846727817359,1.199273319002534,470.01636631896423
14499,26015.044735247076,3265.0956124718564,16716.352364347196,2.4070220155788604,313.995894980512
18788,23998.964147951225,7801.013735716819,17658.113606505096,2.4048119601550386,124.61083328489407
7693,14761.108883673052,2234.6270271281724,16905.792961026338,1.1671603132682422,338.2050031576998
11501,35606.42120931848,9476.420854798766,19636.056440450328,1.461575679689095,136.8964974362355
9578,26439.46549570545,4979.925616986776,18292.928161159092,0.8523620686062862,215.3131884458693
18844,4390.837663902741,1158.508459704142,5595.758251167697,0.6991689432944599,206.04251143730687
19631,525.8580246518085,9436.30599871346,6289.220456980196,2.518406805120169,16.71167298488008
16252,1505.792918333657,4621.114827402308,10653.18925833659,1.4314406342786277,64.57759138087049
543,4259.526744760284,5613.955405089113,7699.15288397129,1.2032798983938853,59.17118887649764
4342,18862.232461090116,1933.4282682679248,19398.22051132212,1.140228300603286,475.1556532322434
5205,15630.451515417835,3399.7589799960338,6790.622338985258,0.6870140139825758,155.83310564603727
18772,8253.797741146236,7066.016550470043,14801.647629104395,2.962156845835233,85.10475879047632
14140,26014.7404381242,1327.2970155703622,11507.234047190916,1.4176139185835561,682.8979839685
16512,48523.97995849332,5747.54260849312,19129.614059988227,0.9106235311912712,284.1522994692041
6383,8454.483616189056,6965.875385421064,14890.352372252515,2.66035087457108,80.84343110735631
17574,12904.277477839209,118.18273856230283,6072.916787649398,2.3077996075848617,3854.985994679007
16669,23374.099612464684,8392.006668742937,3941.3671371522096,2.156552036623203,71.09166725160097
7342,32221.617267290367,657.6996296522618,17092.365039847893,1.2430367826008637,1794.7165966366094
8801,30212.37454784944,2544.509892915297,18220.28877338765,1.5386472678941656,459.44227895749685
5058,26299.364330877088,9639.094493068198,16621.885569229915,2.602718342434345,111.19923642140058
9328,36994.77657430996,902.3038838115108,14748.991378489096,2.0997430941799378,1370.8897360319463
5812,42374.3051842191,8276.811539015021,6434.600825006349,1.3641302716066444,138.89984276120396
1126,49948.86191714771,6554.783067534158,10107.462761517196,0.7731995461467038,217.89957985001075
569,23542.772222457574,6023.948370917469,18314.058447433414,2.7506760783087847,163.94901163901275
14932,49750.35274575941,5858.65616780601,2697.949303042051,2.8888436354439753,215.76754363365686
10542,36659.72080875461,1747.9401239610315,9898.384052703337,2.2969873110262427,641.4983683943962
11570,33038.41668334814,6721.3378603295405,7110.187100559889,2.22847952706828,140.30213836251792
12044,32164.311750483546,9521.154263223976,13549.79150785518,1.8442750951851115,110.9709255401277
8559,45581.842590682616,862.6416037346726,12681.39639973257,2.9287760903007087,1617.4462757003544
7284,47422.748149803214,3390.8840567359994,11201.146938386313,2.2353761473877922,413.56733075351747
18518,9335.41973387298,4775.291780677212,5592.312553296752,0.6918358837817907,79.78995886428514
14593,24924.4801327319,2399.682646054319,3191.0048969568884,0.7293234829354168,281.392431758813
12168,47101.767582407825,7434.82328409754,15686.767121544644,2.908931250301335,208.4714568270643
3043,19414.585134083733,6917.366148184008,19834.986019860407,2.8581987068891346,138.55467905375266
16618,12017.488516127461,1265.993468525406,3381.881374694322,1.894589557060867,290.05537283603445
7853,5581.332326938783,5737.677835778436,1515.8458123141916,1.0353519102524216,30.092581457308846
13849,30062.271375428252,3751.842469352748,14914.617024270809,1.9587643941523996,286.1358747923098
1268,35163.505071752064,2360.9814869018905,6877.115121941823,2.4088596351993568,424.07131514932814
14663,10179.625325672507,8498.107136357527,4260.071637524347,0.520705811531545,39.857522881480165
15595,33845.0866020183,641.2726554023257,10502.513102263225,2.5570314767417837,1662.1075901886302
3103,45031.150013087405,4727.163757957741,13504.29067673536,1.6619930657537854,295.45655156679135
1491,12557.182987721015,4805.5844684125395,4296.9806739300975,1.6579099204822594,83.459685256214
10720,6538.99483475854,5744.211733839412,19890.071385913416,1.585766907375724,108.65081633595832
17372,41853.486647653495,2056.182545290746,6564.48368637051,2.2296152363753516,569.1943294575519
8679,45864.09860111907,8724.890649872646,6299.0604586733,1.0236537434374025,142.94886571226976
4652,11135.666151071735,9656.496370603121,8460.017385968436,2.016651089971602,47.74160903880225
17395,36208.33718711588,5534.653430848285,14900.585806167304,0.6102419464168323,220.73438809171336
1234,29750.513421092397,2635.6410768961873,17465.14618148711,2.528373463157645,430.9255625010748
6178,12340.224430023987,8780.58169603652,6479.722212121792,2.538608796970452,51.70251727157286
3809,41271.05559465968,9882.911702359974,2374.94804199188,1.2796998838865723,108.87908039542982
15228,23786.652026765478,7444.606869297056,5122.616427037246,0.7635485650393419,92.04811700029835
5201,35166.5267857173,3403.674288241492,1685.592357558132,2.3693723880896855,265.1731567512154
13560,15420.430088125395,2436.6009024077416,12606.889836303335,1.6755360293119956,273.89041968713065
10522,40881.18920352,1650.52842639864,14813.923315904896,2.8124174361826113,810.2166081241248
18743,13582.154949588581,2425.8965505004585,8585.33083527821,1.3837116044504134,220.71771282718373
8219,18556.968540882506,2350.7627510148504,19055.900963712786,2.6037725770130593,383.94844447782816
14615,19877.725010869788,9677.446788732459,14550.476478603357,0.5633072200928817,85.42480428091581
1416,10718.128536201608,6468.060114244633,7593.177420896149,2.4319845334488983,65.30403247967138
7181,43781.28638416013,1753.057158887844,2044.2771491863755,2.195624691140826,629.3867567216424
11867,6117.648077665039,4931.608468063636,9874.082098108804,1.8156692123126437,78.30296922932162
19546,28374.888736553985,1927.8945811048793,10076.710748007583,2.7760647091396744,478.75955715688127
11326,40800.46703708969,6099.5663312562765,11011.739350805596,2.8550279715985742,198.1637482752315
5192,29254.794668620252,3479.9214215524703,13648.989601610761,2.824212906786973,297.59308126214506
16355,16681.376527036144,2036.3674435592318,5287.654013568806,1.994507324156371,260.7995020159602
1835,39177.07548316995,2503.630781463736,49.68932739149334,1.798491127985499,367.7564373638128
17645,25209.28074954675,6783.477012935143,16256.894796657221,1.172430108813486,148.62686112733041
11392,8569.136058503493,4139.553221996206,16470.73388241991,0.9051758817735007,144.48265466770198
19015,16184.732105212004,5180.273934867955,18232.43533810364,1.892736277313986,154.4702526932381
10645,29801.02101008622,8231.255097407746,19380.73279684996,0.8712418087482894,140.49925096190742
15703,33109.43738350035,6588.671886046017,3183.4288569877735,0.9302891589118152,128.49168225123358
801,27632.53848805653,4677.894264934803,7077.433442149323,1.391857492742202,175.53177978594925
8240,13964.467062875608,9545.1623703999,17027.184682302825,0.966867604850747,79.53448391529764
15403,29890.75568891805,2223.600454759042,18679.987801872732,1.7543203534524685,526.0025627663719
14927,16956.35089310964,2961.020725992715,290.5906590971674,2.1593737141195577,141.5260446748744
3201,11633.593207697288,9123.17136243609,7750.679514577919,2.2447514410526033,50.22315370545634
10167,47303.668619501426,8546.92989769604,2267.7178759977014,1.8319450254234557,147.082736944514
6144,16086.233454658983,1387.5682790699425,15769.165319140326,1.8044976045397425,543.6177429907651
6020,17113.212509063207,9306.476394398895,14942.608130711946,1.6870278218736898,79.64442144195962
1168,44890.434510815176,200.6703717549197,15086.054112068443,1.1131630352450543,7173.894768862692
2628,7563.302284233174,8241.966696633888,7804.7033733387725,2.1356070791599264,42.740348065217326
15959,29437.446201778195,2860.143946236829,8124.951333471248,2.142572972818779,314.36649049603477
7238,39293.676446894955,1967.7042720739857,5237.293387619657,1.1395125226012597,543.2741687598224
17101,14046.439101128748,4542.225338879487,7217.870756151765,2.251422556799014,111.46914035625338
9440,42282.012518116884,8981.120632819162,19661.630846055712,2.6450133280901387,161.39241539537787
4720,38597.62446128163,7880.388941956112,931.3752249630935,1.986773499089271,122.86986930956729
19505,24561.65632970405,9673.981456866686,6480.15149885508,0.7938490533721503,79.5137223158327
5639,6376.427386009145,5455.888446598457,15798.459223191981,1.3181517719153524,102.2783424464821
1221,48520.30439656933,5154.543466227253,7646.919638294025,0.7319698553920152,255.8676971698539
9643,31399.39608962313,229.01671707749816,18999.6883391303,1.255077737455327,5283.92290833656
2381,26096.371007524023,1888.0150707251448,6642.882753053825,1.0298606107806818,413.58388941829503
18316,44329.75446717353,5026.440927619922,16995.166932382446,1.8865721666861497,292.4435711426693
19204,21357.132377852005,7550.413748682406,16301.897032991556,1.5588612228627023,117.7487209258787
7450,28400.24687738927,8243.76552240569,184.152523451524,2.306710206676298,80.34478116466204
10468,42991.44292757276,2904.336775076464,8059.781881738329,1.4076058000819311,423.72721973700055
15598,19952.123056918368,7153.326699011888,5612.746468171026,0.8868016256713286,90.81124643662166
9390,38733.38321292797,8302.441460456108,9592.170989614053,1.0900622892129803,145.61385392836348
1121,13178.819758351558,3810.5637018145126,9255.4213022056,1.8644579730413766,144.40420642403743
17343,35267.07255562598,6986.00304081736,18110.589976028743,1.6246370885619836,180.03091885903495
16198,25766.52574972948,4429.083259849461,3671.626961351713,0.6065215204465888,159.12760022900991
5875,8662.886410925297,9857.957248984394,3643.822444664042,1.024863750932061,29.79844617230306
6425,7232.36928961404,166.00869699757624,2161.3347950014418,1.2418412161979917,1359.652789236176
18705,23155.566248973133,4202.015892430445,14773.023800318299,2.313398858542767,218.83524615725085
6931,35686.93189675818,2710.7923885078058,18357.2064564697,2.326067381328492,477.0884949221825
1488,30363.151439579808,8512.391876894006,7370.078365717972,2.244969032987501,110.13872196963092
17415,42808.888956160656,2942.5457479174283,1236.4499308068355,2.5461536626885795,366.30279900059764
3417,19788.25164061421,5484.0701884226755,3120.4301469963425,2.684699302309344,101.33011463391854
7385,42260.28586600669,7428.667537152884,2047.6842236625691,0.6777705789491985,141.45000305846938
4119,2332.9085428307267,5022.579712266334,11846.80073527829,1.7326432585198834,70.98026219259808
10910,18607.328518118415,4162.985241889146,5645.956567660233,0.8723982112638367,143.16136886697902
14074,4112.661400717365,520.9282490674798,17948.952747996962,1.3851503266189735,1018.5004851651045
7064,46002.58643986563,327.02847067134917,3245.6545717057893,2.157992630280534,3614.2246348551494
3560,24027.952749511493,9577.489731064687,18603.119947120245,2.004146806408946,111.04466629903482
15326,16149.744029614101,6468.11616925216,6654.776680452519,0.8213990424354243,81.73119610927257
15731,24878.14141913435,8270.012603261768,17346.115308404318,2.392703964348344,122.34262785512213
3024,26875.880721744597,4856.339984025952,18979.91776440607,2.4675418873844044,232.33164286050896
13107,42388.507353536486,2689.6518620923925,19727.271679944224,0.8479596958622522,554.2001997844073
17573,27350.17294452703,3015.9240196230094,16071.867376947414,2.039147637970272,345.6241702017095
13444,21853.38043841563,530.5670232086749,2033.7308331332715,2.8630732615200065,1081.1830797397633
13615,48087.04514515794,7929.74681165263,1107.574513666687,0.7348521140573199,146.16192569340882
1600,48443.62783446224,5857.550728914017,14794.580486790019,0.9115169279955442,255.67285332092695
8810,2401.6307928714887,4859.93759119544,17940.79403600302,2.413811403356517,98.85109778147732
11460,35488.86496880303,8537.740742212069,3321.138406078674,1.3423142506126424,108.54451814596753
5801,18902.024244746855,4503.965773508118,18821.348906924086,2.8889290174202245,204.53873095880027
15472,33922.38365697772,9484.508483359945,12204.555808769584,2.06090760578788,117.50916871887874
19084,32027.658505793243,231.04164088636065,2480.1861645035438,1.7080008023604216,3589.13878178867
9733,16840.173410912634,9847.701975505779,3340.673330085202,1.3441587805829394,50.793545668515364
11827,49339.606789525846,8177.246971228336,1319.1095994723678,1.0978118420334297,151.27846058510133
996,18176.917958131224,3613.898101540256,2864.3057054912724,2.1250520058782554,141.63199137196784
4674,31783.088635592685,5994.099245173962,14642.478747659148,1.9800724056508696,190.65207923983453
6030,40762.62708307944,8659.589620337007,4375.326970200166,1.3947820522470167,125.27727652255241
15598,7700.516574821202,4867.823695496709,11233.08290731922,2.7944418658586314,93.62767303444645
11824,15378.135373888865,605.3921486827289,14421.625526827129,2.4045097382268064,1178.1870814638614
2153,10349.149569462323,9046.591213868038,17905.553886962698,1.150168442175616,77.6361916499942
7746,39200.21002754036,5218.460844087801,11798.537375336111,2.858414931019935,233.076553528441
14560,40159.822826868105,5497.056687895259,11394.347865971924,2.3888477286665735,227.2699032825139
14299,13169.221141932725,235.80994931703341,18256.460900412047,2.7427673180794288,3198.984974627097
17127,704.4443623555383,1090.6540924406631,5898.097633998538,0.840549911457628,141.84438943353695
19139,21455.84944047647,7796.238670767008,4074.0318259494093,0.5824919030741935,78.8816213418409
7499,34513.311896070445,4405.998551880337,17455.919302531773,1.732295664273933,281.7983386385908
13898,31313.857899235074,9980.777297491846,1490.4592141413887,1.620382172498601,74.59461417364658
7243,22562.139659230816,6987.2089895617155,3793.642318894588,2.674509886454399,91.53474307580126
3192,15446.111028403973,9501.051329470067,8225.060959027523,0.9303635857039045,64.93405129230379
6573,23982.173433595264,2865.586064925665,7225.011587665728,0.5589555442099621,258.4429956554902
8730,1247.5890722148533,1843.9202940144578,14121.84012781461,1.8231194931566308,192.01165056409044
3747,4156.595662960738,3828.235312257316,1836.1383659295493,0.9439152684866271,43.6860251194885
18499,8552.501148213742,2721.208600498318,9543.156343967828,0.6237724627124512,154.77033560640066
519,31457.565172188286,6172.320237350023,16171.098597508755,0.5555161385128942,190.49578723087185
17104,11330.560948766111,7469.976257484585,13666.870743395946,0.8560841388310823,84.27477714945125
14660,21457.25649250733,4080.765378129094,12632.981248055321,1.4396414608886259,200.74304789163284
15110,31259.836621303148,989.4756656498679,4787.197304517181,2.7099208207147845,872.4052099102632
7821,41613.55196403587,360.6864184932787,7872.654474735868,2.40143652671791,3296.2290156599042
7106,27707.997763713603,2258.4742982590983,3614.4700128586437,1.825420593546297,333.3408668250096
8076,9267.761957786404,7351.625615463452,10178.501076373595,1.5758619134445815,69.01149115132026
16337,47611.10648626215,2293.3688917176596,11683.365618973743,1.6394976909471886,622.1325856614984
8328,4955.749902571013,9118.645195697714,12623.62293393218,2.711611036292236,51.58743120440583
13206,18672.40490514476,6551.270741967263,17519.114808892176,2.3115778271565577,135.0014347053481
17390,46105.53506484451,8634.687407944535,1236.5963872841767,0.9300312862613995,135.56146481078594
5241,30315.5064588094,3919.5657756041915,7766.250009517242,2.8493297190311884,234.2731086467469
16062,33301.28693063023,9837.143638978214,11819.414419524366,2.4322876345547124,109.91388210025032
5087,15433.785903156064,6827.034267962705,11402.456829708308,0.5853901859510542,93.08792700486279
9861,4387.658489834474,3633.9027675132925,434.0824389199116,1.7556425701420633,29.112239717465975
5857,18605.168387509282,2204.137415115321,3786.181468317198,2.131954489346799,243.4720832672371
17623,20406.789162439243,8678.660179958819,16914.895645501398,0.6524725079325145,100.20394609550698
10482,13878.481897289019,3249.17293116662,10307.836448694788,1.3826504397506558,177.42737188443795
9115,11166.526831723133,539.2060012772761,8271.17864614311,2.120756154314538,865.8702932476679
3555,18097.68101782591,2858.7212561381757,18003.505317400195,2.5402191858447023,304.66948847543756
19087,32151.135399797153,1876.5685626284169,1499.0413807922143,2.9428447391039216,434.4735232934692
10675,47477.21998235539,3265.3390381622917,18446.20765266867,0.8040761323352001,485.2943986988408
18841,35337.14647125556,6171.335178280049,555.6662993448969,2.0810059740585416,141.04056145729288
13030,39090.352704805984,5054.275685643622,11253.405559264165,2.7319742108179557,238.42392452258943
16287,15650.314991984984,7137.418785188833,11101.822197375095,2.2922946490594076,89.97852285537854
2289,5682.277895038435,3404.938172503904,12781.365249466622,2.080999073527954,130.37304631191
15807,14929.92050072261,1286.103355920633,592.5254577359018,1.0360549375245784,295.972681639443
1084,20431.383461304755,1686.6509322534357,10610.377951842602,2.538243311493059,442.9749374643658
6678,34649.126650612336,7993.09937116976,2272.2807948511227,1.9062284577938358,107.28627995833763
18226,46998.24906800601,1070.1075110375937,3119.5821387056453,0.7785405750475121,1124.7235204628514
4690,40559.979460649076,8001.4495550957545,4307.09746993341,2.8390043543282917,132.03495713201949
15055,13686.814136710938,2205.030569761705,12263.541410873782,2.9709768432664734,280.4979143572415
9900,41104.883727843975,6816.205718463037,7801.773105784216,1.8441811592564,172.35678473086472
15896,20881.46537511794,6268.653258446073,1706.7484230896057,2.4411977351819263,87.81603280913764
11514,9184.221522387563,1072.7783239283685,5780.265162723895,1.9582817647725135,335.9313442986031
12385,23332.04768420399,6692.048670630055,1532.4265498379218,1.555514359422147,87.15620567275974
13780,28379.416990008922,4530.324171540668,13282.54957272518,1.522770084293394,216.1054084548425
14969,38288.55291323311,7100.903169183193,11149.304624220711,2.910785747259339,166.704443050632
16304,17819.876339550556,8371.19129891524,8153.723330631613,1.4219662410810494,74.27165063500037
5256,7765.576391417214,491.0437551329454,18553.53577793065,1.7261354678619267,1286.0939203256285
6525,5170.500590944222,6514.8320355965425,10374.501774539298,1.1212269646635789,57.90576778560193
7955,6066.076178341734,1139.0824932774321,17750.71122420329,1.133205136113038,500.5313971092843
10997,47526.159274040634,3850.8681865286353,11581.700932619153,1.390567738535368,371.1236160134245
1562,47611.687131302875,225.517209670289,7535.857861167919,2.811944090643695,5870.929609077674
10539,48453.44404756449,3353.573732662943,10779.937505695783,1.4913451325864506,426.3747637142535
10074,15473.198993364907,1776.6130079666298,3037.2482183685465,1.8807237718729,254.45585158959653
15213,9984.913817119716,5607.016518982365,13495.068451569954,1.8643836664766247,101.92732646771182
6566,49055.26640935544,5171.487712736861,19642.663600932356,1.9578781441454796,318.9764649353551
6184,49419.07246111168,7953.41676100746,4948.762303485232,2.550108584241151,163.7583142162893
11414,4378.3468765406105,6435.617003625243,6463.952956632375,2.7530035197115557,42.54327971240053
7338,37750.140968691994,7174.796245864396,8121.830032329664,1.0218671684280765,153.6744430664571
2487,14788.866084984986,1015.5527677570187,9669.651848631262,2.651118204935932,572.5232056437966
4567,45510.28784854392,374.87178816159684,14382.060081106181,1.8692678182686122,3832.637892382426
4604,4916.638294684563,9698.461242536061,2733.462767181316,2.811173823275299,23.362184285024615
12815,44484.59792391551,4327.620844233377,6049.310849928937,2.7903914374303143,274.6741260762829
15658,629.7526629688541,4010.246249926176,10773.410101296671,1.4735832276716536,69.27538479202822
9377,26337.904714435983,446.6228661790712,11791.548093166428,2.1296918518810237,2050.5914564858017
13369,17110.410451306096,1277.2169811491556,10732.60442684447,2.6785279689550223,522.9341975257936
12558,21653.020806373206,9410.69188285317,8709.777910771174,1.4617721825289434,75.41296545761502
11517,21972.336277665647,6978.966153073464,14229.5011400413,0.6095634313529015,121.3143191072717
4234,32853.35637721649,4151.199290766261,4089.494473260633,1.3995196154112992,214.1525993639112
18125,1643.3076036781217,9054.392914010003,5654.553503014139,1.4135104065179978,18.412383789308784
4000,34722.52335849525,5939.939154132852,8889.669689288325,2.516864002133297,180.84083089006737
12830,1598.8073870113712,7490.03368099632,13910.059276136313,1.2740586998490748,51.129422099560976
6230,9671.051136211914,4372.835684484458,1647.0166737252966,2.7349592420350737,60.934132394630865
3761,30533.711752039075,4372.127855711504,2313.4198230797942,1.8716038448670207,181.20099909956113
12829,4778.6530791270625,776.6699478570011,15648.166700516033,1.9653854579111625,629.1820985587244
5325,49549.73112808316,7366.335364779602,5219.0991554885095,2.517518869844671,177.88877780416016
2481,39327.01236451276,1081.2622942580742,19269.73564693431,0.8364380765714564,1295.2887222351262
17531,35430.46337699182,7666.2471434536255,19228.098521832184,0.5448540530881358,170.03929639696943
16376,13750.209810405338,1989.4950700344004,13718.899724634826,0.6415366887213367,333.0046966730468
2482,2903.962167214203,2548.935791620584,14337.464421346218,0.5766588356041678,161.83448498023674
5755,48949.65931076896,9187.108580489226,13020.004496741849,2.2497371998192275,164.56513626054064
11249,7818.4898580230965,4768.51987836628,3546.6187415414074,1.1124277175924622,60.998514352425495
2519,41613.08340011402,1339.901009427541,10009.11306964213,2.6435552713067736,926.7984930055377
5174,10277.111968731737,9060.30734024391,15860.324224984364,2.7071875430501904,75.20739547076646
8571,19017.720664528122,4578.730490289376,15493.562068454885,1.390217432800974,184.00084972002963
7480,34832.68472489328,1392.4581535900554,17975.413255996486,0.9870633907430988,910.2903611354874
11256,47295.562128315774,3969.147418169864,18015.963487347923,1.7470299369130666,394.30619163953423
19716,1479.2266259717117,5934.359605260639,5229.708733140572,2.5395209252104674,25.908703716727455
9712,13408.023815123488,3687.186089212363,14434.410227539756,2.2122299344241387,179.1001239252995
15714,38365.80174725431,9250.832925795234,13026.79875159098,0.5643556409653534,134.32574590995029
10714,9082.99482703624,2769.8698547562417,17716.603492104154,0.5178763819964309,231.1140934607789
4175,6017.028381386856,1840.6716139328325,3669.4878627923376,0.7845088203276636,122.27572098140145
2279,2786.1432166208,2287.4165992117887,14795.85153000652,1.3419345152265705,186.86767242270457
5037,25373.25476142938,929.1244713350222,8466.642210221187,1.842205525381447,872.3661941654799
17757,38502.815742850915,4577.731728172425,7889.710342087259,2.5439623584645905,238.70277487918645
12342,48105.86095228921,8795.505886949453,715.8196382133242,0.8569819050297427,136.56759332744357
13482,13740.554487134332,3122.8620942393927,19229.208304867643,0.8811975417599069,256.8385535443356
11608,6507.933878772901,2657.5424230954786,13515.370842973074,2.659075989158924,177.39882734513452
9719,20426.387021694663,8390.10817604992,11814.045842081621,2.810062310902205,90.61526436975345
4381,3244.2949215105573,3129.3490687662165,5023.316412566601,1.878223505389131,60.99263061880833
10201,16902.30276037063,4821.230597594718,13168.90805800554,2.462231507756618,147.76607728359633
9934,32332.45952955994,409.2571599834666,18912.05583603071,1.356677794803086,2998.893558653371
11609,8824.218166893519,2942.010310683362,3265.7551100558635,2.8656672026436523,97.3707375337965
6149,31777.899174841128,1392.5437035922641,19676.172355712584,2.7622011299720204,885.6592737064019
12473,48611.477360616635,1147.876508527789,8548.586815435909,2.6240123639036628,1199.8518283713038
7817,43277.896015348495,4371.032253264225,19564.58237900043,0.5324539729132247,345.47033185087724
17917,18163.32530185789,2845.5906601293236,12677.351146501876,1.8082452108633924,258.49208865466557
11531,21364.066030413906,1747.8229645892222,6482.135724556304,0.5666545056058208,383.0304116021316
17095,21256.374663905917,5163.704175675808,7488.879449063031,2.1936138846094275,129.55328184321678
14463,43065.094073966495,7862.035431151029,5811.096542365448,0.9586090757336436,149.43094367788976
6008,49694.44007532927,7375.105584550705,6695.540822328891,2.098699902408444,181.5155386174467
5517,41381.83624957393,2582.553030587888,12930.717314032736,0.7448964855364697,505.11498313248876
8622,28126.849815854563,2705.0330037068156,332.1021148307457,2.3915403740285166,253.88184505884544
11768,5319.619018356724,7345.827961160203,19352.623175186367,2.316119974405926,78.95207499013175
14918,47746.96535864865,5615.968412702974,15370.561099955265,0.5115247087277442,270.550768707169
10891,43072.267110794346,7449.923296805224,18820.185901094752,2.480132923970447,197.3129341218963
4562,42149.83701248716,113.51711190562918,14350.861213914905,0.9094683106805797,11942.316061737974
14546,19894.9857685038,962.6673866334751,9620.673170341419,0.7732253432502674,738.5939211015966
7848,22634.983240724523,8039.503639791614,3794.549110934191,1.750618015331713,81.98328123461583
8442,6423.257965215755,8526.076028681275,10326.430950828915,1.9752280466832965,47.76890772926682
8445,46924.71269398847,3500.057764593671,14233.910995143784,0.7577645233057178,421.7095527592687
1993,47190.1009816988,9587.515103677084,17083.653946322618,1.2618714336782306,156.25584943478472
13199,13094.842759106112,3085.5373829524074,6482.6218235863635,1.5194872556636103,154.74296478973568
18461,34952.386643182166,8913.804077836157,10209.615934867901,2.8590400455008687,125.8768068813384
18481,10572.742001979954,4274.919940573759,12399.617258300526,1.12830564454694,130.78144971142277
2928,19950.880478224837,5661.905718343733,11771.85630227242,1.1512201139580744,134.08510884771326
11687,15467.877918196154,6468.395466382725,1047.4555355479786,2.148488067904697,57.27576150445863
15625,19784.75438601482,1417.771949295844,9667.876650853796,2.317881231948511,500.2038062281633
17196,15794.14907286266,467.4028794044194,16180.626144792222,0.5270553950029115,1643.4948048712301
11134,17591.920620052613,4325.322845657619,16046.076780831894,0.8350771317895593,189.92344684559527
7186,39657.48289354116,1687.5295818908655,10142.84390466953,1.3942275901247685,707.2878126572768
503,15351.343508841224,5534.444783135834,19047.127648048754,2.0800275194269435,147.45904886445555
7561,40827.42548847321,4591.055300834694,16524.605558578176,0.835297535438194,297.52869308837205
9577,28612.147842865972,1308.7664667247473,14746.53810385292,1.392372788601403,792.3308815789997
12880,39132.01619330513,6691.271964755705,10312.015579301073,0.700506534166299,178.82097955458758
17075,45985.0871974468,302.89840833278987,11813.526896119065,1.9277845834947525,4579.538175471969
2880,7352.035050138536,1351.1947360377985,4464.703654963995,1.565913325187911,211.29182319808697
18119,17522.567420639298,7031.625786362269,10648.138714217395,2.470203070619196,96.61019097088715
8262,3250.096042523866,5325.768655885897,10520.436249449303,1.934721102204354,60.81169965460231
13414,20642.046727996596,2891.1363814271917,4055.2492714458112,2.1477689203462504,202.39709771420118
11725,12251.445070691767,1884.4366935722994,19022.96606183858,2.177895777411868,402.28119194561884
13360,28798.091460284166,6458.608929233108,4895.0429786693285,1.9740214795157958,125.87763927688621
2903,39277.797718667454,2135.4069834691245,2084.4494208029296,0.5402301063994126,468.42741127413336
6521,24575.115896787847,9847.649689490965,9340.184152626427,2.5801482030609106,84.08033576578963
7234,17014.31656844396,8706.18108633772,13721.4707583598,2.7917489552582233,83.63185223164781
12983,8051.54011054743,1408.36370319402,3903.0373511642424,1.835600655849722,202.4807468541127
2869,1828.0924658426306,8605.61037314443,3657.8315962994147,0.7803957397682577,12.895724136149651
2967,34055.209058440414,3515.923538909116,5229.406511763477,2.1367538624609694,271.9726108885744
10626,2012.0167899067903,4950.8200200962265,6054.3477608847725,1.4093257111489037,43.31148044893546
14107,46081.51133971798,1513.9605220084327,4924.001055644089,0.683200186526393,807.6408229430863
1759,29914.386244846693,1273.8651889208056,9413.973109857863,2.635517709195731,742.943097196152
13468,17988.11817428049,8668.380364016604,365.26210245442,2.2792833858338306,49.75775159902279
2554,2574.722722709372,6336.032186233618,1750.3338817306812,2.512062691758702,11.926079046287615
17417,20967.584363124883,4658.563999166117,14587.289447852001,2.490316758352435,181.4616078276489
2619,43431.32696807185,458.0221780976055,8246.798715852532,1.3941958330882689,2710.0779925882107
18407,48506.25522372372,9227.423673704106,7206.343840516846,1.7055325259295782,147.94291408398618
11357,4703.955072476845,3823.2734486130284,208.89563334739015,1.0841361291429827,30.830569274021887
10878,38968.33631966775,4224.826788911443,5964.357537051556,2.3872413395401932,253.1996745303945
3089,13288.701948361193,2969.1143409729107,16423.727508174474,1.8099043387872151,236.7916823812524
4919,19282.12651375223,8923.77119695141,6807.345293805638,2.1250139133062467,69.21844647079385
7592,27609.791744306804,3511.389210306777,19273.869070256344,1.3915557479782854,319.70952505572717
7244,49739.07407684307,1825.0681478022507,7799.1788708618915,2.197956327000034,755.8901728168993
2440,10836.337434134759,5055.516229752003,9282.578025691977,2.1780117444433436,91.99421470692148
16956,6959.669972006427,7836.777327130583,16038.189399508992,2.4253965295307003,71.49602328072355
19771,29951.360830735586,3776.2509158134035,19660.486065049794,0.8885937304669068,315.60699402245916
14200,42725.92538902694,6555.256814476099,7431.936005227131,2.05917094022464,182.79810388633774
5857,32586.681994995353,3111.8206007621293,2398.722214035276,2.6986908857707594,269.83389872875114
1845,17705.031863135104,7225.646868702471,10461.145956176255,0.7354030554493256,95.15257862607486
10478,48860.637110846415,6720.366348475853,11835.21723124373,2.901866677009191,218.4187852638853
14116,49754.08818972352,6839.472534083837,19189.129394500007,1.019457809057588,245.7062274502341
9723,38647.130587453954,6494.485661680848,8278.45031028307,2.8413658762849883,177.23678174205446
18890,40219.606796516004,1647.4920985898934,1816.2079609735792,2.670049780873585,613.9089801280909
9922,38161.66229458547,8891.110748281593,13018.694638050829,2.4254703404863536,137.67297819065996
9102,13254.217421269504,5898.952056761447,422.24251046180103,1.0235854760724734,53.70677401621856
10997,7938.074872846438,3885.631894211571,8508.365547366755,1.0410950035769004,104.15851401592737
18703,27940.49848553654,1806.1194536892856,8192.932647190035,1.1482621437272948,476.59721021756866
14961,47730.23678300994,7857.452889896887,5096.381725987176,2.5261410807975904,161.61218476853227
3592,43975.46831650805,5139.578104917616,19286.181125681764,0.9692232132711947,292.6066647027016
3091,5789.556906789927,1558.2015025608162,8068.168291799536,1.952101941605086,216.37221687675563
3002,3321.06274274908,9222.066471745928,17894.142293922836,2.4438226092980293,57.64051042495061
9353,43751.65399477536,1150.2160649541268,10302.210953930506,1.6515751864416732,1127.9583251991285
19976,30844.246074391944,5289.78983484712,16410.723345431114,2.6018651694013086,223.09335405418824
7561,15563.891533884405,6144.755828222958,9027.90445320715,1.9052574957719233,93.82304067122112
16661,28307.52337095598,9989.947491957017,19830.74372925572,1.987813475160209,116.99000443032034
2173,11472.595284317555,1495.065526648816,12800.58129051058,2.1919582731361396,391.3160915473683
13854,47374.11452112554,6174.245952860562,3118.940078771213,2.614947599089646,196.98852040065333
6502,41446.28607402033,4819.4863653456405,128.61644184266385,0.5115849872958895,206.2015224818392
10652,48130.781831491826,2645.434385324719,18578.007332518573,1.4813881973116594,605.5332383605778
7808,9759.330457356149,9427.88068157009,13736.016604257033,2.907478791791501,65.150219721854
12137,42261.686100591745,7929.352462311844,2125.81342013064,0.7466794124832689,134.49018427400213
999,28234.138287322236,7792.872080636811,14869.739055757476,1.083621286736481,134.70766536360128
14090,16587.103751307994,9001.941848689276,4542.972085362269,1.927327696601185,51.51514142550049
825,24243.33607426077,7277.936219512008,16184.607834750097,2.6446993605156353,132.88219072931093
14229,47247.00678697606,5116.720663567144,12198.453428074832,0.7430083317373963,285.6872701043112
1387,34726.91792310545,3976.211399697532,2473.1995667635133,0.5100760153432475,223.02978159571583
9687,18315.81985763839,7070.921916938018,1418.982585007764,2.2175546224804368,65.3190059457663
4173,49995.03437296341,6067.8368472425755,9322.360005077053,1.993255120441355,239.82935765689723
11732,17614.2745564037,5474.477119200877,18737.86916018104,1.1776512596957418,157.54275145548462
8435,40779.129277908854,5931.665787429319,11292.653924897864,2.8940372940268864,208.50634189164995
1428,39326.678831378056,6587.941166932331,15182.177311375255,1.897874750906044,200.68824581948365
4903,36284.86858459794,9690.17150765137,9389.46625121365,2.1585333073103987,120.26260681636757
15492,33637.09650357637,7556.264809792386,7681.611894418998,1.4469554889757927,133.99558024112997
10614,5878.936932650321,1846.6836148400166,16444.149986085107,2.8039705112379276,290.328610066994
8490,49750.319216584794,4721.010900870076,9267.730988501005,1.1901915865211181,304.06080192404005
11947,8471.619418280017,6814.5925917312625,2830.8541519552823,2.3719688202281484,39.233724579544415
17508,30008.63388473351,1838.9739478904323,5490.409825581488,0.7916651571287996,461.78660215121823
4844,12832.816382642106,9333.794994929784,11227.668230813746,1.8444663353124504,66.36361434401297
19255,8854.487144557199,862.5504157274855,8051.542751441949,1.9444739103810074,474.37885749192395
14254,28193.535886892874,6148.733770346615,7327.858206311839,0.9708839109525256,137.57017859944517
5616,41899.03617352581,9761.759933813957,13375.284593258582,1.309441857475365,139.0173181879028
6737,19158.80999487966,7305.896103345562,12726.408117797971,0.9467429923263527,108.65363734417745
9969,4319.860234772046,6804.855925727738,6280.522194054374,2.612565215051748,36.93018480131654
9378,31376.066188968583,9974.462001590724,7188.532097656408,2.142972649975344,93.28703625699745
5110,38438.29756920805,7938.794537731151,15041.328878581216,1.6160852319559222,158.11960827216242
17416,15156.18309163844,9705.90497626505,18425.75163802004,1.889950626126867,83.0025701562794
4997,34684.18891845722,7019.033040285247,6484.294997280369,1.360103876284672,139.00225572490686
4352,4251.620960928637,6688.041865248184,5837.551387632738,1.5718483151907918,35.59059550194392
3268,18390.70522422474,7649.4180304686915,5305.600397060224,2.0484295018619214,70.40284963179504
19539,23969.50388977596,1968.6646321687726,2830.137991575776,1.0286965022140695,330.653961754599
2640,39207.20067358481,8077.271420982337,7543.484509921643,0.8352407281313721,142.1638089536565
8224,17238.014603349155,9704.389256095496,10320.12232896938,2.861147232942031,72.0897359214452
17457,22958.139723633303,6155.268420087413,10748.665108567026,1.0921361643763967,131.5440033061786
18449,31603.523884577975,222.3178956355428,13820.606738641656,1.7380611174508382,4902.760821293841
13758,31391.95811852237,813.7146792644365,1051.036705657793,2.403806290558722,957.7991626414024
10497,26129.130068468454,2423.601501368495,11228.174756431777,1.8902085219450842,371.04831541878946
17320,16759.498132648027,4961.866865722625,5099.779237835658,2.0871867011683762,110.21199413297826
11195,33661.26998173119,4196.182649658841,4782.469932002915,0.9085823673701203,220.4313053795058
11154,41939.14008251627,9794.198805336946,15794.518593910689,1.4873211902962364,141.8188102725477
4089,8113.797455303292,9461.31778566629,3069.544864195417,2.225591883762574,30.767166883303922
1898,17352.858250978414,3987.952647435135,6582.002973512746,1.0244655958602684,138.46415317002734
10246,33603.045898791745,7963.733144840697,12752.767138078305,1.7088912622738568,144.17563663942877
8191,37910.88684841624,6399.997152465426,12857.467400296777,1.9731243754490042,192.65854698851226
16232,39182.2524822104,2507.043224202682,961.7587258305149,2.4733319876839888,385.6902418048222
11443,32836.96496462297,9318.65483350566,1451.1770068099272,1.040855248830694,90.22482578350123
14426,24174.37545500546,2669.223938844514,13107.265050531429,2.9452298346245613,338.0134355727694
13549,32467.080419158814,8716.399614243343,19063.02153399906,2.918565873002885,149.84939849344667
12613,7184.704143136767,6412.643226719483,19970.06227180005,0.5307338009619749,100.5658658907792
3766,10784.18030218257,6249.158379677534,19742.196687789947,1.4199438058841998,120.7111075386187
6908,46412.78651185702,8400.258928383499,7031.60426735803,0.6695987911309027,154.01386379239005
15342,46147.46365108416,4993.671031822273,4836.205038424381,1.2931164915990778,242.7536287087286
11636,36332.24933469553,8548.402099749326,1972.9870839361042,2.0176572150321546,111.0318635562698
3997,16688.8368469205,5547.2617677786575,6516.536593930125,2.0218413195296967,101.5343608297767
2474,32617.580220014333,9848.013829404004,5537.072896739066,0.7416594038737716,94.18944554308361
9558,34545.68466200787,6633.307535321765,11535.924226861329,2.192795840927048,167.5174430181695
9745,25998.189375488622,3803.1996916998246,7375.7099396363765,2.6158470588400604,212.06734032656962
5910,37552.028431033796,7657.3033755561655,4630.598145000593,2.0779113212492337,134.8767269132403
3034,1969.7009567150171,5147.983269613212,12250.89843544941,1.2749148562532278,65.11434514525395
14750,13182.929410803024,8079.647484413657,6461.353326956927,0.5062376443708692,58.26736411989651
3717,39825.29337142618,8351.280401916803,7072.803201881108,2.1210213354296465,138.07238379197398
19219,46965.67196262453,6207.44059389873,11968.810628409405,2.1943849564137596,225.0726272298746
13714,43866.347333449245,8734.665420478788,2364.371205311699,2.2718731644052554,130.3432510722902
19041,35966.42176394512,4093.9275380839636,15484.983054784709,0.5981514027630653,301.77342210235696
14676,8692.091785411505,668.0324124034611,19308.688215417875,1.7911194018661023,1009.2703004996253
19575,18751.61602312218,6660.216937036242,9816.531633033226,1.5335781589298165,104.7137221218768
2055,2985.528086265077,7668.072881673725,11197.178401866646,2.418370673627358,43.225430356626745
17159,32173.15926731339,820.7349875048691,7692.858634281987,2.306723069967077,1164.595891156336
19620,22768.230163023272,7732.006444614155,19134.36479560273,2.8766520755478027,128.15704876294316
3589,28864.087911216026,6427.700775984839,2658.890221958399,2.7437750585272935,114.3950649124202
15243,48977.96922688792,1252.4713332610238,16270.437210116357,1.8950169876269132,1250.8071916998003
8078,20411.496028574067,5445.40732289747,13008.51657083994,2.951184803687339,148.04631667433935
2672,15682.15262276125,1176.5468336246051,15829.925452454858,0.87553202291712,644.8489828536509
17036,7954.9274322925985,3284.025622300282,19009.191530577595,0.5178967089883564,196.39537006170818
18488,7608.686317980284,8059.450769781176,9923.046213788213,0.7695821224835384,54.166980778287495
8224,26169.396101969727,1097.811413762173,5766.607249684217,1.3877795781222997,701.6773556407832
10759,37586.79069141374,4647.939329930018,15590.232785550048,2.388148412493092,280.42175933438244
2326,28440.891932929277,6096.558720620647,16891.410123915233,1.4576670992317349,176.0154646777508
18254,43727.98692741557,9411.063334237171,13725.104708352263,2.4515049193057648,150.62909889215425
12239,16135.684964364447,7398.9282328724485,16980.03207760002,2.3569603441545737,108.77821859844525
5822,29954.80628802635,1478.5470193746376,14606.546210187818,2.4858745022367623,724.4726411951114
6311,33231.46469922748,9691.79847708979,19149.460409785403,0.9681807804988127,128.89634542542612
2191,14394.168697918507,4831.780647783309,11413.620664250742,1.7900838001586281,132.02702635445928
7174,20117.053251693636,3760.20214683064,7609.468264042381,2.2817294712451948,178.11735834155095
11336,29751.52377788361,1374.2409480655592,13610.409604099692,1.2104367591476493,753.8438454520613
3890,1536.0671287693388,9341.47435698238,1382.2869846582787,2.595066046541335,2.6421510393463663
19282,44387.24027262997,5903.438759861135,9967.814201639101,2.4482799146422245,221.4773844903657
10973,5997.670387013049,9881.076503497077,15468.010185908803,0.7996913193753759,53.933624846738944
10362,2854.1160442935043,1821.2721653451672,3379.2770039262155,1.044719962540713,80.46932776956201
536,11144.246691884813,5503.7722273265,8008.141888734759,1.0934334893938478,82.7875196574326
12108,25364.739173078222,1187.873357063716,7005.733990133715,2.696191388800464,657.4666774236185
18511,16770.52148888375,5290.3306855893625,6699.380698659909,0.9668171808488883,105.82463309114314
2839,22287.207591317954,8908.939056533713,13012.531781603937,2.055240730711999,96.89618711744163
14925,4671.419404355412,1182.2764346678468,9949.921539870114,0.6622801767981876,295.5677936414575
1871,12038.679171267422,2769.523193677203,15946.306096589085,1.881263391593783,246.2652569612609
1176,5334.2094164730515,6855.778930844652,1156.988116055464,0.85313025579916,24.026249676222793
5572,11870.476033792056,855.241657192223,9078.184654573966,1.9387393122221375,588.5619659718163
752,35313.79682870511,4594.450752297705,279.9744326049436,1.4194893090762708,190.39765788626968
3364,28976.894339699993,3397.3101142066926,4417.1962908604455,2.014206825029896,231.93129130890682
18500,17031.560764796464,8397.667118263957,15507.517400262062,1.4861080558884672,95.27651239511182
10708,13430.749712152114,585.8523318504243,2121.0186098892245,2.635738027945912,632.8243096666714
19115,49877.627719798365,8647.615130663322,2111.5856808613366,2.392444324977709,145.0353393141952
17644,38509.45033792811,7065.957158323924,8028.76848840592,2.6117555234749585,158.70072236172751
6801,41191.187377065406,3042.186224817451,15538.83249106279,1.0551305440882717,449.06360048143506
892,1805.0494995131844,2057.9084914855894,12760.457527599418,0.8720399708513868,165.18061904971714
11783,3449.546301966667,9506.745745263228,15635.105604976718,1.893336670939684,49.377914132011696
12234,35774.41629284653,5583.689034755259,990.9685705153381,2.6820830305931276,162.1762537457788
1496,9995.72635275455,3513.2984733265303,11274.514158572145,0.7765598912413156,143.95295455227506
7648,21569.9440427598,540.2382046392283,9065.85330679844,1.0847204540228634,1359.4563155702815
17984,9616.245727625042,1741.2640798393154,17920.426585776746,2.3649955459775756,378.46314481698505
11391,9265.059331482058,6021.83364911881,14746.78631504046,1.6634024444278557,98.67506399994136
15420,5899.309108622306,5179.785008858457,8486.820967130277,2.008658259296592,64.70977118287774
15042,29915.875465603738,7600.3401539395145,11076.98260857139,1.9793860605532205,128.80160653086077
19144,37095.417964543274,8364.891973083448,8496.666248262372,1.5308874025784918,133.68970362682848
14914,3313.8078134809366,4032.0305462546153,8822.939015737,2.264255767416005,70.24255289419176
19064,14139.81617682089,1099.2061666816444,12681.647236465638,2.6306728580551644,588.9700254608551
5816,33089.23573289746,7936.144624707447,4330.695764842705,2.7693926226754266,111.94777826328288
11788,19919.64311194448,5582.0269932634665,6663.677049077214,0.616028996682527,114.317606676011
13259,35380.96143053998,9799.939695545767,5583.178561188982,1.884015319078815,103.35402815551095
18664,38081.796559521485,7983.8641705065675,16016.048065571389,0.6009288635971393,165.56148200785967
9971,2098.5547780755905,3357.8199439499167,18838.87020714967,2.7523252763424666,148.8388061806384
4508,19352.559025485512,4342.0523429473005,8286.011948255305,1.5731645184612186,150.47049342560877
7873,36592.37800991475,2432.202137234472,1542.0233506875024,2.7513135250055627,380.9315501361806
15842,19231.591186075704,5168.785120654735,1871.0196524520838,0.969208524627097,97.70654776330991
15927,788.7435477995252,7136.177104062547,7991.779066774833,0.9059281008829787,31.1999934930115
3786,17146.995152594875,6163.6387216511985,7899.689505938363,2.770810357353317,99.99250914683209
11373,43696.311443657716,3486.62628106397,2923.127891271324,2.8459389576103225,319.0837583897378
5017,47620.97523777924,8250.669086484864,16142.46834738109,2.4169740849907715,181.8815136294152
19512,28245.573809316433,1140.0816913299823,10002.695290065249,1.055063432034104,807.2983248303623
17422,15664.825100530776,1511.2914606818108,2181.197246204234,0.9299634819302622,279.48079478693705
14494,23570.180284898994,4101.179711055217,1974.4041700552905,2.370032682042194,146.83237623203777
18664,12192.074588018282,7052.2088055449885,8919.289678897307,2.086936791346614,74.1193810057285
7105,8822.22186533402,6972.438213162922,2336.729265014574,2.680191645539971,39.86942156687862
12218,24929.996183385618,3728.5820828919427,11223.922406251959,1.1920285459047664,234.03532204224615
15841,36965.85744860524,6996.418254046952,7700.312697264133,1.2383928506509574,151.9969385554347
2848,11512.008888874609,699.7991750020348,18393.486846672902,2.3291027987756623,1029.5769840978917
16645,45522.096993089435,2971.217303266118,8378.20204228607,1.1696715194604506,432.8951828808168
16620,8827.268118158008,6968.35580141371,12288.6032614486,1.655943079763271,66.91723253939507
18844,28141.3730349786,1922.0098703147828,16227.08302114771,1.8003553576336548,549.0820983524384
16862,38930.97129754849,2205.8490832237203,6057.522623471039,2.1729613071639013,490.02061747813116
3591,11062.72989310251,960.1379274546792,10237.770000512304,1.3609587693737266,532.457661955123
16336,15174.00012490216,3708.2630598196374,2418.7997163446416,2.645842449249791,116.16135471902356
7597,3048.4703172476325,8266.779681872416,8655.387953942258,1.5058225670346808,35.980193443485774
5581,47225.44564458517,8379.955325844918,7516.4264765299695,0.6034332425867973,156.70828156341432
5401,24605.12357217814,8637.389074728262,8563.781455914843,0.6675052329828699,88.13211444083947
2804,3683.155665158005,463.369891939927,2148.2049139164874,2.928933415777747,300.42517985626887
11192,41591.27725186476,9935.53818827738,7968.013641707709,2.055106983666435,118.330341069934
2985,28682.53587295712,5076.148265651203,17405.33654021664,1.727320095888279,222.75849795291202
13964,3236.593518154192,8739.997600284181,18741.101882763043,2.6742015656576723,60.06369096615047
1148,22819.38024542714,9060.634883601577,4834.546849082375,2.2922117249433693,76.33318286363448
10961,22002.95061051054,5193.5325750043485,6010.025753815551,0.9534803337407328,130.0805947140696
14512,7731.045805271206,605.7885350569667,191.1298861330568,0.5182307612296793,313.64118959665853
6779,21308.45404982046,6014.950687500114,2311.6188860957186,2.955325756979181,92.8504276662641
10243,14498.947285315115,3407.525198077613,6902.392896407648,2.0730401102577916,152.30015193157783
3132,35147.12381518526,2146.990057841999,13702.174943343027,1.6926855861231445,543.0209642397951
1768,771.8515170585512,1906.760080594054,5844.0846469882745,2.86164035675575,83.18587870418061
2273,5765.609199405496,5636.71585870637,1507.9450550699191,1.4230191339952587,31.302228384306996
11781,45973.116047873445,1134.300690005081,14617.354871013516,2.3063815424931393,1282.5999826006478
7520,21949.999702396504,8234.281085911054,9335.307433080841,2.1752856907910942,88.67593674825585
4127,9221.007746404612,2350.204173662424,10383.944139993835,2.192553615841706,199.0539685737078
18050,39764.70862501733,5537.979418167456,6520.501658705158,2.192831734058304,201.52800255503843
3048,42653.83370378385,1342.0560628254314,12260.883805259655,0.5260683259162492,982.7203155635973
2050,10955.093668344052,8610.329045149825,17815.586703813733,2.56075511065825,83.96488461532572
19024,35823.19962403688,6951.6650747670665,11075.169405689745,2.8073848646697552,161.3066721632368
6002,30949.216712763937,2144.566586031866,11750.325120622892,1.623373463812618,474.3259508556334
6922,37380.30721057537,7185.833492322444,7471.25030375648,1.901209070661564,148.40891166589793
6346,39500.97175237652,920.7113219853783,1652.6158469427733,1.3117891638431014,1069.6045750234698
7625,33216.324891466415,7744.945146394088,8570.828757647361,2.462680280964258,134.22579830948703
12346,47832.73944379614,4954.433105574335,18492.78614020995,2.3415033024640524,323.7069515303031
9312,43279.20478229677,1289.8182905563192,13604.301009027633,2.3462525340999787,1059.5254446234892
5907,11834.088647982739,5549.734742969564,9804.39570485621,2.337307115289688,94.77076312340412
19407,45721.506915478945,2088.576416917119,12417.665713595594,1.0463597345293267,667.8610913029418
5267,18300.06640476973,6760.449546042385,11170.73616994922,0.7813069710454066,100.54454310911602
8862,36463.82164280906,7115.334150953691,18248.062473493912,1.2768856171458525,183.24099358554255
19303,42476.51068043268,7632.316531236535,4476.955661759143,1.9384481502636495,140.44984893371156
11471,22100.336112459576,8959.217929720744,17773.7265593403,1.498808425131582,108.90138793418555
10108,3049.6730498879865,6583.901328680701,13769.417647248985,1.1231145906738955,61.72235664305997
15020,47508.24100733581,4968.514200760204,2554.9284030719145,0.5557219182831048,242.05854666761886
16291,4087.762614805786,8556.833799015949,7438.093708234665,0.8028327991405624,30.176675021345094
1438,17731.424762663737,9008.456340644327,8725.977864623268,0.7633297431732509,70.19225761386252
14172,30024.141239697157,7839.3584511675745,1658.6725478837639,2.8915980695175425,98.80737134361839
10723,6318.067028052937,9430.039054368452,11083.984195682151,2.447062408757276,45.47663220387788
3677,41991.21316616877,9796.3960509519,5187.278771945694,0.8068796519293188,112.30625777690653
16184,10569.396710934196,2587.986449083504,9162.554479609104,1.6680265978147246,180.9087519364524
5600,49307.18133379933,1918.5779398334055,8775.359343125769,2.1362151741633877,728.5689325206922
4296,45863.455307971664,4541.06438070962,10433.483387040573,2.9025836368099047,296.73746603813527
19768,30425.526317284235,9969.574540269854,16924.145198545746,1.172409790352852,119.41851893290439
10423,33170.49941972531,975.8861824815658,15615.223986227216,1.160116833132576,1196.8978150890125
18156,26913.520166429345,7148.740646139262,17460.028085945167,1.9206441286674354,148.39713988260058
14128,19859.646447325213,8523.272905507523,11446.948276465953,2.643444583961364,87.03287342263262
6907,17909.550805158928,9964.8316846094,12316.101768028526,1.1990529452784293,72.15035496516597
18636,44636.91788364298,6235.15347007645,8609.729142162401,0.8145631007605445,202.0095801318122
7930,29042.67644263151,3862.9350108022304,14344.381901789528,1.1653254176311163,264.02306599759476
12179,41253.03974456191,1748.288457579034,4097.9060912759205,1.622668207283585,624.2720523543342
18575,25946.516671699563,9819.44448532855,9503.673168027795,1.3998832660230318,91.1203958655279
9949,15697.73365098157,9249.61220652956,14283.462747711554,2.6530324734724,76.4039411275908
4405,5042.094093171132,8064.736360448865,15557.578226186815,2.8573636696019387,62.164482733426354
6546,16522.991748911707,9443.36928854267,4958.995396907198,1.4461246737823985,54.09891234569781
6580,44065.816946222374,702.4586317550313,3630.974046379809,2.5585532586895736,1629.0758436806045
10990,35742.07810724659,6351.779160277181,5770.680945766256,0.6715282558762138,155.02051175705384
7184,39398.58053861512,2820.48333537775,18403.111687455905,1.8842582867993474,493.93190607339335
2604,38784.99369697759,7679.361436694631,2582.408734738748,2.5792591911159732,130.0352918078879
9876,6438.634652958068,1047.5945820486468,19061.903161842027,1.5465581114908744,582.2293190973687
936,8363.598019862582,2661.3276906510932,19896.252119489447,0.8585845894953865,257.1826785861433
15613,16203.342817284083,8517.49524156649,15668.886205693085,1.210225183904868,94.09640247576253
13618,15400.924544061654,7519.524626526692,15208.450937817166,1.7297690824399892,101.22547007614594
13628,3771.0113936587218,9921.018067509713,19065.73061201324,2.6087433649779417,54.793478258928864
15192,8096.839723675739,6475.437151651159,5810.706590792763,2.3714931797258205,49.01102458640402
7508,42883.39903655559,3100.4446056860684,2579.6441136758585,0.7089388478877798,349.3204749985711
14069,29657.71948009432,5524.047090927243,16462.007499248804,1.865393360353207,198.94186059863387
9326,17443.008142592258,9445.267432018529,3418.6009913322923,2.680876966988302,51.77612098442132
18877,26560.65594423709,6552.459290544411,908.1982941687095,1.9427755961642998,103.22166508218837
3175,13435.012883125308,8826.839089245552,3929.229750488772,0.6623438899911203,41.6044380243819
2840,29400.19470868516,326.58032217888206,8758.131717814143,2.557800785676574,2804.0236678091583
4316,4194.228720176981,3758.5546642115223,9902.045266300738,2.766924243943485,88.46330548304951
2781,45181.20959874529,9359.541377990057,1250.0339675357798,1.472972376423972,116.89401788412484
6322,12402.105941838927,488.9670577537633,8867.887193351778,1.2753421885571012,1045.5513706964193
16537,41044.23734591183,5239.1045747811,12086.151904242239,1.8583765841212294,241.39690713071795
9496,33169.943883063606,3530.642240759309,18636.12955206112,2.9602201889489486,351.74155550991946
14824,26388.843649955026,6497.421466723486,4546.391556866165,2.593660641671022,116.86200961861235
11973,46524.924805530885,1706.0055962832612,4219.4078228666385,2.527639480677271,713.006672948388
8597,8262.252425897106,6567.673281485036,7788.501549973345,0.9828587911056786,62.40457580374916
17439,6404.2347783154855,9919.231162390928,19673.090416069866,2.73791343857806,60.69675361034615
8567,16432.076525260163,2784.5205404449675,6724.495615953019,1.889864332403266,191.01279816863166
5841,41595.95071265857,4668.136666635394,877.3569383491964,2.792196637902765,219.85158085830557
15658,2242.4720814166194,394.0222228534862,5312.29709191438,2.1292766519668693,461.0982876283985
16127,12350.582511812328,4397.082352009904,11166.031692336659,2.585417788313027,131.41872791864398
6529,21522.758488490046,4119.325397510578,8250.87451307016,0.9138142932454036,174.75487827988667
14841,35790.578932641314,5690.60143907906,15484.46115331724,2.2663036589982273,220.74395983639263
2594,15315.996846736596,2642.028571309508,12145.43174605618,1.1431303419977943,250.39376625572493
19814,22681.566088420343,3353.6755980976127,11189.144139551572,0.9222554924545346,245.4527851092982
11319,17174.09929812249,6137.977218590332,6459.879030362121,1.9349558227914014,94.93291924407886
4020,5056.982608922266,9093.901174031049,11036.920825963045,2.0068527845027893,40.7179968739487
16942,37064.46124914705,2428.46167840263,12311.814386135897,1.7265445186280057,486.6287821722466
19491,23338.280124001914,6806.836247461732,3584.095196827337,0.7226020127507272,94.20107131301285
5610,40719.34991664077,5286.445819483616,14717.358390823763,1.1118725600063075,258.14894260592865
14002,34887.29939417986,1135.6307107511789,7858.659892082856,1.088627220231196,901.6845011611526
8956,3361.852409381571,5697.789357675873,14845.514201882153,1.284255150033859,77.95973981776632
2207,25253.757074565783,7117.198953997718,3554.2116167233153,2.0701635083270213,97.45982892335596
14369,49547.35336896099,6022.713537753569,13130.41557186262,1.5949681738904613,250.45914289749072
19177,15739.577962364103,1133.7007198851113,537.6649083778617,2.920962804052451,344.7590451525837
11979,24901.425974237292,8559.941882032745,3179.31583827638,0.5396101117124625,77.63343933775573
2984,32775.605961864996,505.93560029670493,17822.417917391584,1.0397585424579994,2396.839838199813
19619,10512.147218804832,2436.446384635301,9229.439117895103,1.9335184831499528,191.6586606075066
11215,35274.10691306957,6195.525822955382,10157.256681473022,2.6983487317667127,178.22875890830744
17821,33158.94548386312,2258.3252145347656,18151.55639659539,0.584767901654072,546.7056837804158
1377,19060.54310261464,1107.8075325201164,9698.668134005835,2.709027678077571,623.6810001655156
11396,14579.743731998406,5167.990830012298,13091.771048499748,1.768183659859271,133.91971825198289
9238,45995.5837132659,7252.355493190956,4439.101441820121,2.463708398088017,174.24998955491824
2962,6787.666848508284,4166.475813360848,1631.4628974181321,2.8716294164836924,45.67329933702468
4993,21885.524169953158,7014.764276436799,7067.0353050274425,1.038511021169081,103.29246867811237
12270,38465.68959699536,8620.476414845994,15973.589338707641,1.969774758572309,147.96332849695057
6635,7832.786226031662,9592.086744311771,8936.746206988473,2.7091723557799674,40.64740642768544
12323,46679.91291027661,2409.3224083543146,3363.007280261474,2.6110266848017973,498.9868942321668
19099,26549.494134846605,6093.075018577263,10901.960581213745,1.8024109712801455,150.04138428038553
16549,25488.374897111487,2742.0524242343604,5276.8072149561,2.873730665452289,265.4907271917353
18311,21501.731834565944,8722.093316130633,18933.35613926358,2.2711113365365536,111.50024656162414
6787,43438.78447898013,8913.849894025738,11548.252813216755,1.8102857230542546,148.40090478752973
16777,47447.849736279495,3289.3931086900066,19659.248521499874,0.6447556229247654,485.2388275490817
18583,19313.367297780005,6488.8981386203395,861.4557163133574,1.7182646345655237,75.93316319258564
14342,27348.485687378532,8887.986144941422,231.19180436856902,1.5547515135455299,74.10471175183572
12661,16113.44507519178,5132.799969215112,9541.911587430921,1.2631325671456062,121.674136880391
14903,18716.82970273184,7232.659369528816,17239.989739908735,2.857228533425539,117.90255976466788
19029,1902.5112508177194,8028.469487544663,10488.138945662373,2.8142500410578513,35.92198480175235
7458,39403.80647831563,8731.771350764473,17523.733059327526,1.343210941065419,163.3050208225805
2323,48481.990467572774,5200.555106606035,2611.321329072187,1.5894069803715922,233.44324524629207
10968,38591.56431646051,9424.061307710112,13986.545696696918,2.3795483707919165,133.35343474165225
11635,26151.465327692164,6326.637023342573,13197.546942846984,2.587642841459552,147.73448692369936
1000,41461.74466048518,1602.1028653926946,10899.276294332512,0.7751965071553444,784.7886252419686
8439,42965.01263261214,6163.321883688457,8102.095879741968,1.726987176260292,199.75060990284206
13777,27453.870230949808,3054.891059399459,12941.36683174886,2.7862613857733036,321.00234562565964
14289,46889.29554115414,3783.644893115218,11001.84562597239,2.1614700669848688,365.5558166735402
19634,1993.4245563210204,8107.709283023505,5452.512789301254,1.8574158949023365,21.281665045888115
18196,999.7524865126134,9736.139940202935,2092.3085275895037,2.2951111604151624,8.357393474343331
19037,4532.23852615131,8711.554078285195,7732.973299754433,2.1535791082456703,28.403910789494347
5236,3363.956914945856,3325.455811996926,10248.722341666899,2.855622184361598,101.74393825489986
1108,21518.243895218944,4591.222227747332,10170.30750621506,2.781590893164632,155.91870219324255
11735,47045.894644138345,9836.627692322363,8511.648042856887,1.4944396466686967,137.7109313912555
14387,33923.56572460085,9242.955737495464,6547.103379879915,0.580048094025536,115.51072406047047
18547,33142.9166316006,9771.79455656841,7009.881504197888,1.3316915286975899,100.43369664232492
3794,19551.85909567554,4385.8831018962965,5316.9056688308865,1.0072247638230651,138.18583490775578
18881,26921.439580872193,8025.5763714248105,11598.165320940212,0.8288807076478582,115.50957614665114
15673,15556.647478948948,8725.050847675917,16997.74888304453,2.719859402377481,87.03803631618486
2031,26132.968100431917,538.2071862580308,17593.79426070972,2.274828448582052,1952.2521888721687
14775,37459.714981379584,2734.268857207241,19874.499120745422,0.5814467028230017,499.02942688028423
4716,28155.27698053829,8846.490986788585,1776.3654165072019,2.799384608906433,77.65733680422923
4206,21234.156041566363,3948.550618850881,4285.1652473449885,2.7575231802881004,153.74569601824814
11766,42323.642164391305,2858.358576799555,14604.139429952254,2.8734732304517885,479.5570014832904
15276,14728.422549840214,2799.6457812827116,12904.810446597045,2.5746899945903814,233.17481217122113
10346,24333.602932260776,3816.509240470665,2677.31443339662,0.6971931755659764,171.87982107421098
13219,48918.28989659093,2515.2319133119995,12620.3605907327,2.0569878827243473,588.5111637786225
12848,48382.420611873145,133.29679234669635,8129.237184738842,0.7077198959857465,10175.126634991395
14058,811.0885247191152,1808.6919595857753,19137.18970105641,2.2834908293781413,259.69556333946326
4318,26845.55374214654,8837.493041077805,17104.856256469222,0.992522527115161,122.12012723914293
8587,17177.50331432039,848.9211135819652,1464.8455953571315,2.839530840909713,526.3049544257199
15704,14915.581552464619,4188.720197200446,1799.7926383965334,2.835427658872672,95.56227424527113
3943,30014.482841129684,4619.22975623899,8341.136106888318,1.9865066074826987,197.813280851303
16148,22592.063998112124,7803.724241544659,167.42332965228312,2.381689784904581,65.31034955685489
1547,36775.683036756745,2600.6407771689937,1887.7382756131533,2.645383799310412,353.84436920523393
11145,1843.1424229270642,3165.4537047403787,18651.913110621044,1.4728654812166113,158.24206428706748
12774,46381.096904930215,241.33198305211263,15848.636643571132,1.9479773685497377,6193.412115781973
19544,28595.86796032858,9038.023088640803,13454.179602011387,0.940058620591707,113.32041106775314
8430,34361.30175964125,6887.0136992946655,16604.74466644058,2.9637406379731672,179.87000896615095
16494,30427.030498234508,2702.177664736421,5001.097108816608,2.8235095637772676,319.63770777933047
7558,49462.01451232671,8886.397971702498,14511.339251336807,1.7085519690132027,177.67376672331278
16703,49321.772844170875,957.1566068899677,12311.343106722148,1.8833359192390269,1547.1805072138081
6766,30689.626032762248,3747.1169839778718,16972.94832536896,1.5917434618756765,303.478964284625
11059,34356.18309374299,5679.615593236719,5653.748618036063,0.5041574137924183,163.13288095321687
3908,31119.207345823685,5104.565520742213,15274.315950627095,1.0749945691764462,218.31641061521435
18568,15878.705735009524,6583.584725543538,17053.028081229208,0.7541204399283201,120.5735056745917
13876,10034.371045410342,3046.190920879393,10980.137493797614,1.3072474543857737,173.4178361413319
1369,20436.7760147707,7602.630480228936,8275.704779809945,1.0905885853199508,92.63386620676404
5623,34296.462703929756,4113.91720605276,18973.05152853912,2.4041038684521236,311.38639163251895
17426,3270.8790384639115,1340.4422175604402,3379.392317624421,1.761992441195086,116.40509860719807
2703,25958.10773714422,7429.974334512619,725.4608622464809,2.5424855964799753,86.45568940269325
19819,20715.667706616296,9128.2355149986,3582.8052757875485,2.0892446198209376,67.64046910767294
17635,26610.499643638126,3707.8023271974284,13669.079324028316,2.1405662802766354,260.10483396566696
2611,43081.21833803161,5937.562955838625,15778.918780519009,2.6906130235483983,234.05887794784616
7776,2856.7018090743823,6909.462827908078,14336.551396122326,2.6179784646772957,57.14858336462808
17430,38299.39044340424,8332.08286999976,8397.331079113666,0.6582417128621239,130.43604404413176
15086,33512.03965071452,2060.135722161326,19351.47089306939,1.945872354978597,613.7818274372768
19441,10590.475058169483,5742.785752131356,8886.038420951323,1.5327249567273011,77.97945191354088
2071,36842.091641641084,7429.59764059529,19626.098754423278,1.9990935948200803,184.0589921054907
7084,25070.411370508413,2071.3491195658967,18362.329142464536,2.656598755940107,505.29786498565426
19575,24310.727386048373,4777.566570118106,8142.889050534314,0.530117439020701,167.55882666155475
10449,24411.990489861248,4697.184675841513,3220.172788233551,0.5274200522474508,141.03331080236833
5274,47487.08608143817,8409.518030333009,1796.748189557691,0.6563870244715565,140.44704257747023
13061,47246.04306367124,7795.333364476986,10629.49904463331,2.687213138473042,179.2216014902928
559,45723.59831092072,2396.0723037275734,15264.159214478801,1.3837046810020535,609.1896939631072
14602,44393.73264048215,2406.2314594238087,3520.953908543405,1.4280764226816187,474.52454813297544
18222,2360.610532767878,7261.205881093065,6364.218770553316,1.3635080828821287,26.131404994567895
7501,20329.448892051067,7422.163565845511,12610.629422700365,1.0774062676269307,108.33830615881321
8448,44796.414644519886,1871.108736753852,9217.365430642776,0.5971563150752003,695.5655710959459
19355,37878.7645052158,4170.685864848107,12077.35555831013,2.7662841038228883,294.63993538472846
16126,23104.66021525599,8275.131537274963,13527.351708730539,1.0821852584183793,103.16140162795405
9254,38776.02534224972,886.2644731584392,7613.901879743647,2.734851003266657,1253.0224770712052
9674,10805.198377774228,3801.55617157467,15719.325953901349,2.8892786785443634,161.74302197272007
13546,30190.062649418283,6480.956216189349,14057.301710988599,1.9416291204533587,164.32033856213428
8601,26883.41495363719,7733.759242651066,13751.06457179427,1.4306840578430595,127.72063601279314
18614,28890.577589531757,6561.313100240628,2989.670452431239,2.41449319940277,114.71613877850746
8379,36228.87328734949,4035.4556528558946,9484.711940196923,0.5634573651553225,267.2955363684993
8300,47515.20351677982,9920.315857646121,11543.458346844553,2.8221672278781655,148.87879352055677
19931,13568.582513375373,511.1703483626847,4527.72436294556,1.5197907698484285,850.729325558013
10049,38023.51338064817,4998.0830411885845,15171.341785220075,1.2715053552706808,251.7575580244281
18669,32434.477956122002,5149.544658030682,2421.6138721944812,0.8173373659840182,161.3682452400058
14698,34909.680837603315,2473.9326205745574,2997.14989666922,2.8879257972417385,374.61535120030453
2462,21731.523417996978,5631.203385033932,8266.38591149111,2.527574900328946,130.6953197059521
15636,47256.64051503796,2278.568331004221,2706.896021551086,2.309851244129818,525.2764682475176
7746,24242.984374386037,4489.7794571863515,232.8790381002177,2.8274114253552676,127.9664947418225
9880,6518.793575256433,4373.179309676332,8228.038592330087,2.899577862102149,85.0154332535425
6465,34194.30253730365,7753.911326746776,12971.042797618551,1.171117441183515,141.7014868484414
3178,6879.021131244826,9431.659669624853,9902.765990168731,2.466312410987676,44.201461982967174
13868,16472.412560109296,2108.1482510434453,1043.593951565094,2.4174531914493675,200.8558356406935
11699,11786.281029211725,9916.021080303708,4649.30674111004,1.8932904799934294,43.08869710479827
5807,27177.252497585807,9409.132954723294,10486.972530424599,0.8760637746287082,97.75721815747013
3643,17701.442219798286,1215.2666816216297,14761.855454694383,2.8508636863616967,642.9793120967048
3300,8412.73522341917,9132.423752997387,15878.339286082766,1.2884555391199475,64.84948057161492
17207,39645.31103867631,5689.321503540591,10387.369552102416,1.9471984108018254,211.977044920826
19086,23690.335211687296,8801.668433919327,12922.549076133599,0.5484506749824493,105.45310599611959
2294,22995.227459627255,9461.788645483379,18068.347105397115,1.572862258330084,104.20431509401821
10940,44374.966193507964,8603.181304476142,1303.974814145763,2.042235393978547,130.03418204474522
2842,27171.805841984435,4088.488108861562,1983.4510710715892,1.4523995311094402,169.94249801067843
12092,35639.856745318655,6403.916015348567,9157.20168073929,1.6927658043627265,164.80071223869834
10667,16739.238667994585,4701.226158560828,12194.69286379012,0.9800629799254463,146.27253155869982
19929,28283.829778260624,3727.834334604467,92.68371877726445,1.3755544399026702,181.95388615552207
1807,36457.52697215024,2582.0284776901153,9050.96661445227,2.308410727752044,419.8541748590881
16035,15175.3641640793,4470.9285167712505,3455.217778953952,2.924279774460289,95.5398226275203
15445,34582.44036045998,8079.1220600074,12902.092853103066,1.671966837752726,144.65235535800096
15184,28653.776610334047,8455.824681316104,5354.711414973465,2.2151165607764307,94.72972673030766
1955,21992.561577034794,9584.254638968976,18038.7625516446,2.9404700502798384,99.39785562598455
11121,35791.993301507326,2977.104859198967,1276.9488149527365,2.4369798012741897,297.1107059256256
5891,16186.766306311183,6538.935303499791,16184.121056333079,0.5253265923124171,111.86707767283926
3039,35867.885961660984,6968.41158656025,7846.55103897814,2.838851602339936,155.47359056934567
4118,27780.146665210195,1994.1901069291707,17143.211716783728,2.6664163971385157,537.8856436738679
2878,12657.390828645537,3732.1309379487275,16302.45216051562,1.177782197510487,189.26660458795052
19089,33579.63561521457,3488.3428816469936,4785.8538951560095,0.9538784651923217,260.9796087354589
13219,44295.8375048525,9860.508947928449,1011.3552659236768,2.7480606474054494,110.9564218807132
1639,15845.692663663882,9587.947774903527,13910.428228234467,2.221727012205534,77.34037013058199
4091,40710.428308658134,8235.5022084651,4087.8910217056987,1.0924770765541012,127.02014337957941
5214,17138.452642139393,4781.075957426332,18610.142093891416,2.284704537535801,178.22303467845478
11365,41145.50130207111,2714.3109567828096,1344.6122444657237,2.0005620925165504,373.83728191252635
5167,3031.9764179660365,9168.046000622897,6479.601092975633,1.273037632453183,23.548430397469673
8957,857.1580368441308,2753.631660637851,252.98015003633932,1.8919321290203748,11.99623851982238
16257,6106.4715378040155,5267.235879772344,6340.392116361931,1.8181686941190072,60.87665577068022
8793,43760.16898483973,2526.217973507978,10825.1736065018,1.7744356995045174,517.5097269082187
15832,26919.23172645303,9715.453136986183,13097.251150781081,1.793416370270528,99.66118938886454
2769,29908.01410672223,513.4399204576454,14528.676527743555,0.5010133879758392,2073.1968277607384
19367,42189.170683865734,1826.0632005873435,16669.003826446988,1.1715835333812192,780.9834403492437
18097,3006.967354510909,7673.987468478491,2215.6825726427855,1.5771675917368995,17.835325192790677
11684,19661.79860796416,1599.3083391444861,15237.452804891747,0.818133303295157,526.2344389253811
10296,32332.97279272838,9795.560482324274,5567.375527645131,2.3729111509679752,91.41474524013056
16160,20531.66813566547,3281.387916599313,2764.9363624379553,2.6172175493126537,173.60185249334847
15186,2090.4449320491203,9194.596984576412,5313.102852782347,2.544430469722576,19.74175969148049
6495,32721.71088136496,6656.555182358102,17159.86158713881,1.6490918564183823,182.74045110408233
1069,19874.364081353542,6377.7631435646335,12547.833677983042,2.226754679156856,119.23980231965564
2045,1450.8455811087301,9162.187243773868,11947.629837719249,0.692215372313283,35.63948645026836
1408,8940.65999084125,5181.465389298043,11692.738355009606,0.9984908266414032,89.48049348864363
4962,11270.318050281543,4067.702505791276,8172.550823109974,0.617348103913068,116.58751353984044
4583,25775.483998553842,2254.4652785187304,8340.091321292959,2.913600554434559,364.8450735054208
3840,9725.55760115338,1530.9083256532558,2966.4891571536314,1.9357813481462876,193.4239427524068
7447,18385.699985085743,7938.511263249584,6652.25990602919,0.9381000490238351,72.29803358056263
7539,37657.95529563752,1366.589420668239,10240.642827996231,2.268863638179721,838.7341065274542
7612,40482.13452139246,4000.7737672038256,12120.353921185313,1.7228219932787863,317.0343835507892
19309,39872.942546411025,4151.24661323361,1432.774369767673,1.5856440759378723,230.3568585110604
11910,34906.601095068385,6678.543845691919,6676.204804948833,2.783632953686732,155.28042737936852
7655,27319.709572937598,2857.2936211997285,6788.41545325237,2.270515207684695,284.2597957725678
7170,27756.19956662741,8398.466488277038,10301.403991064435,2.226646737569242,117.71904593994694
18756,47692.68420518404,2154.093106394505,14200.6901221398,0.743271750633073,689.625404045268
5409,43954.502930970295,7912.571683833988,12704.653016845234,0.7300717139734001,164.78710097758372
8897,32664.313923606936,8512.615826772606,11417.704078277919,2.1610832228791192,119.54019804599463
16092,23690.499717390794,2012.4883383813014,5828.373317607767,0.8912263331419639,352.08589262090555
17699,36588.98558021883,8113.216756865821,16781.12899278871,1.633133670942026,153.77470514088012
16949,3604.4369267518014,7166.027467212353,15705.851501411591,1.9245127123838501,61.67121307562643
12737,47258.105734750774,8756.341260808089,3672.255843487997,1.4702265305010198,132.1883487597061
2551,27605.18503243212,5148.68634015658,13102.631382559313,0.7128865565577922,188.39298071601814
502,25388.127483371198,2415.1794279256137,18133.09164062353,2.3583770521930916,436.9069320631146
14526,14896.323914063694,9129.19339361655,8712.025835711001,2.7125799404490714,59.89968878052743
824,667.7799910698344,7921.431807392757,18495.385426370074,0.9042083117304857,59.65869139230307
6634,3531.5380250828434,307.75518179491615,439.2755228528533,2.6352589709747347,306.42740981543136
17488,13518.918670176889,9400.194504315376,10324.799975683603,2.4717398785298865,63.91474500191431
19466,27306.53980591198,9490.400060629385,5125.400585837001,1.9096506852760216,80.49137461153524
3622,4637.2256848283105,3617.5108946874852,5243.14793603877,1.9902508430433137,66.30724010686693
16329,48616.5744424804,199.18074701506498,17550.94396311439,2.1289202795743427,7970.393829581922
19998,20842.558754486887,5570.119479979548,6229.989370559663,1.811903661773817,115.61316422727937
11967,16157.71497722508,9145.390153634082,466.62460240066036,2.610856827236552,39.63320067603566
846,26497.225754353436,1331.958807611398,10793.773742211748,1.6852466609222014,676.7513351681021
13869,3716.836306374931,5946.045903851447,19417.260858745,1.8676317022639943,93.52390321568643
12846,42597.308341894655,7344.515874075561,1581.9098377167284,0.5919135085604161,141.97919023599823
14497,23283.718192961634,1433.4296191863657,5725.99797414143,0.9501741805954609,484.9009545435717
11250,9327.602866080948,5181.406755549391,9390.063538699942,2.7594449671684034,87.95666582096297
12081,8505.854257770656,979.1623109678069,16609.60220688293,0.803930238618858,617.6176377193094
3943,18367.240510068234,5625.449119966555,5377.902954019373,2.7601236935960154,99.55036161353719
19138,28881.459258837123,4476.9445232499165,6873.705036160496,2.089810789304491,193.77501016937921
522,21136.839967984215,2720.510430713086,7689.8994873626925,2.8003093265680445,254.26498135709332
10655,30041.468251323706,8545.49733788415,7592.68251495848,2.535764682230696,103.2237078187351
13574,35421.148372587006,3879.7158225394764,4006.9049891576915,2.6632086505664088,242.73199111172298
18591,37550.19373584416,7028.189073567029,18313.317632625072,1.8109572595857453,188.8821753324044
11774,20347.300199916033,7927.758412296012,15858.206013604613,2.5632457625381213,115.24093888839936
7215,35991.6639220763,1868.416214145959,19512.855592399676,1.65131940037312,713.3137094647473
6553,7504.465483832806,1279.2236784491456,7419.874868316778,0.610432317589678,282.22793330282184
1014,25898.261914031773,177.56821381731592,905.905966285967,2.128395707717038,3626.4339450241923
3539,4089.4784845684335,3127.498103076027,2310.021715605637,2.321133039275243,49.38099468364733
6361,12583.228699665067,8177.961255936823,7149.672474197421,0.7538718187791328,60.74024666602426
19740,29367.74113024245,7750.38170399156,18221.28204112166,2.5397673870485127,147.44930991009738
19225,37150.82393432505,8730.878816864239,19621.69468535085,0.6879344573178456,155.77199385395977
6836,5217.813487753136,7629.942012141619,16439.942122570726,1.604035296018992,67.17515149847156
3862,10749.957413658552,337.51657720511355,4768.50943957375,1.719809297903486,1102.114374594759
3990,49598.96161918872,3916.62462552627,13193.988632049717,0.5918922726868197,386.35584264626607
19391,17214.05335014558,158.67954662562488,11932.145576071447,0.6645113899937323,4405.119830423986
5667,14560.017969765979,456.9050369955221,16465.047148302507,1.6266104123500453,1626.174951396625
3678,4720.226029859647,4837.731431446398,10194.987041850605,1.2781442321817358,76.65888519046156
18428,34894.71688415285,3664.0548837314636,6362.597329933659,2.5397694135289877,273.73443124376183
11921,25658.542528861097,5629.3827414073685,385.55221683925777,1.5346370234380842,116.1029442896568
6672,8298.768453567343,754.9933171371828,15900.52388239344,0.7638176885058618,768.0350441687924
10441,31828.462562923156,5924.171139882828,10604.96657991269,0.8946963037801179,166.72766344712127
19149,26525.13768937298,743.523451103934,10683.747552192839,2.183682608363794,1195.380268828811
13380,28464.792254261527,4294.473631898586,19141.246613000847,2.8751632500045443,270.0385729881122
9404,49745.31287570257,3588.3405270956287,9724.549255412816,2.673993278178836,400.35868436619825
8758,1916.3300331189587,2317.0846184813977,6316.026656010469,0.8237358211818508,86.65338083614907
5760,45791.12196684581,3188.515550659559,6796.759350715951,0.5409203249063907,397.7393346367818
14157,42173.59269832406,105.1886302977595,234.93790446259987,0.5660969331577177,9678.048776140762
4691,21059.46982067779,3308.526080579801,2447.020673569498,1.8871210355232255,176.203511309063
11881,44106.844505098954,876.2425881389721,876.175265496133,1.714744125265814,1228.7970783061571
16556,32603.781497456035,9220.891510206598,4865.203131588652,0.5334914893098601,94.89474488809682
1967,44523.04857670991,835.8955124637756,1293.0465924309487,0.6428068309386143,1316.9214170786097
6601,29939.17867202572,9535.748288385177,6622.3253266115335,2.9993861510858273,94.32920982307532
8047,11199.387346299385,4965.120713960291,2522.590304437211,2.9123530875963426,62.70449678449723
3260,29022.958510562778,5180.414237403596,18358.38091216266,0.8168117821314174,221.995354430433
6921,9363.581272541795,7902.444812943151,18767.678214211726,0.9102497396000351,84.10508920894723
13148,7470.982420521004,6984.259154427678,12069.129074090562,2.7504071484991557,68.7017558773526
1893,32876.030980110474,2446.905116603038,16109.75504584171,1.7685985304983567,476.5899795721177
4193,47400.09251851145,352.1168555362224,13544.22572723701,2.8949396990963927,4148.122712309332
12999,29630.550970768527,7806.6471706311995,16222.177794614134,1.8008493767495999,142.68670422100598
18583,39891.487832620216,1384.4537123183156,12796.144057787897,1.9430602159395922,919.3614741154029
18004,8834.035981677926,6023.855362383013,8603.873435372907,1.050339749711339,69.59952615947232
5829,32883.41312635263,9432.054561984012,17475.08914523504,2.6901897560401977,133.61421355828924
18455,36782.38483907535,5539.490549932774,8761.3277917619,2.562506528775198,193.18717026631316
13565,2559.91876546088,2927.175259919987,7924.249787080018,1.3435577329036321,83.30925212571128
16471,5309.63369366127,1870.1410109086323,12487.662843282314,2.030932558909994,229.87300003059013
14856,39188.25358615329,366.80411759547985,18758.63601753857,1.3536058621834703,3793.079134064689
17612,22277.52606237755,6270.124927155704,8844.056825647162,1.6599206971381226,117.6066602579491
12196,20576.259642669454,5624.190783212488,11498.895419019374,2.633878084341027,138.63413584232597
17499,46058.295048489315,4671.086562572373,9846.654398145756,1.5385550868854851,285.6267381260394
870,49602.30830550456,2018.337147768261,18194.658158570644,2.601414022812599,806.5251999567485
7267,38337.03457682933,2442.655479691953,13534.900046176215,2.90031312276838,510.70764218818437
9639,39733.391828758424,9589.437129895345,8391.787566746165,1.5408601658657908,126.00046085075235
18003,10811.889379893426,302.0004746603932,12138.052927553987,2.693829873934319,1821.1978588945385
10147,10015.159395829947,3698.0031831318956,3121.1839446790736,1.2599583717674905,87.04743394025418
2922,49043.79935658243,484.2437994053723,6838.877736960887,0.5071609457562494,2772.189919947405
8090,34907.040103562635,1996.536457550008,14723.624331835263,0.7112285378901271,603.4661118225595
13955,34492.13499997962,9338.049238932066,11247.882685138968,2.3427532676420917,122.11643662321296
14841,14666.304566988181,1580.6714856927736,6285.456238277638,0.7504545393628638,320.1708758582309
10032,44380.72785359859,6047.774553684321,7245.958110025299,2.8478995892159102,199.04656977034708
14041,2699.7996611168737,3534.7562309635946,16195.655001465546,2.666448957766157,129.74122149662804
15981,14092.22264500222,6367.176411200228,10817.660059002032,1.7871275648046958,97.22855107459985
10210,9416.99554224545,8536.214299537503,4775.120807698123,1.9537751244190988,36.63628519835449
6325,35699.2558939893,2936.789662701408,5936.258373243521,2.235870212463648,337.6570496003308
7260,35909.824524357035,878.3690081312918,9357.670224053585,2.328765120291733,1242.3144572706874
10651,26969.208649375865,2121.3809244958584,15256.751355655208,1.7280167193953333,481.4672884410965
9402,760.3478453431645,4446.99311338806,19948.808575127016,1.2835003338321491,107.19486802207223
1073,43750.888434149914,5199.132234291822,3715.2093885803583,2.7755998878401242,219.1904161367396
17391,47801.563083228335,9424.763193571973,15098.580448963532,0.6164214270174513,160.14189465994457
2722,10514.466526793702,259.409585454,12344.390318279087,1.390210674469107,2119.610573413883
18178,42190.51999908605,7600.508023788869,10623.86033499673,2.1662644425783393,171.76556315953977
1287,48677.679360880255,817.8463849019412,19329.14105330679,2.727678699141689,1996.5929722337123
5167,16685.219106566456,871.4288427376907,6455.070994998364,0.6855604174824408,634.2944075733748
19117,9660.313015628752,6575.909688620079,3539.564863672431,2.1473859073137707,46.89980901837958
11857,48888.23257679294,9098.432311092572,17551.9431571626,1.7176926381220479,169.82650939787447
13301,3457.2929453595066,2948.193708036989,1373.7784737638026,2.2162222679938277,34.654044315785
6571,14160.05177575687,2766.1311712627744,16342.393491770094,1.2930063829129608,272.7479955218074
16848,37230.44870456884,6215.347055480801,11784.719862131156,2.2767532052339075,188.35049224631345
2209,31058.99734072534,7785.180225549299,3280.0778345213243,0.9506542546257186,104.97032359229678
16761,34383.28029796788,8702.695285277448,4547.2431658680825,2.4384989287815313,106.95382217752497
12667,35550.53125402979,2572.0908709912997,3116.81185334314,2.3733731616987206,361.140426076048
13082,34464.139089830634,7427.971873100692,14366.770837080643,2.866966657459337,159.03151308862428
16090,17440.941235315615,3141.3996958919124,2946.2231558913722,0.9330597823546676,152.95255990374986
2010,15919.261217151574,5493.63801087323,13627.417497739812,2.3049963010897727,133.63054989063775
12238,21709.093955739085,1989.4394658114315,2563.005905268143,1.3066251110928013,290.8424205241855
14874,40480.33701092899,1545.4200384224298,16045.33179743989,1.2046420895249372,872.7028223048561
4006,46944.416249825816,9359.505146324993,18389.815582861334,1.5039890309812542,163.4012466886031
4133,23034.682296259183,5517.272579005155,11186.240564987813,1.2130039072680172,148.82277379461178
18345,4745.423792206295,145.43651523124697,19323.68074434256,1.120483801660383,3974.6649085165295
6852,46945.77735021667,7955.0217867348165,7807.606058504049,2.420963107542546,167.59045912523285
2671,4481.196323924832,6939.6143071104525,4892.049110637479,2.2487587635848807,36.257247159890554
13762,8375.925521911144,3326.2397653172156,3545.9351222249793,0.7733962409868826,82.24410614317661
9094,43450.06164036515,4693.2463966740015,9579.266949610028,1.9004535656757857,275.1249208154819
8975,27798.187755423765,4553.8070233948965,2614.9380328341576,1.327506635669827,161.78061901000135
8932,17957.96679422374,2820.2199825643934,17515.81256949665,2.9275866062455536,300.9214995403133
5156,46580.02948571683,9807.514696963715,15695.310348280895,1.5626069119295798,150.15405983059588
10887,48045.06624759032,5484.462319025898,11242.368087253622,0.6014341914410075,256.67067789868224
9392,16872.753359653652,8983.066465431424,14429.259400382765,1.329290310202454,85.23008416522646
3170,43486.99512802846,5895.018318051256,999.8060598616676,1.281769345473581,181.32380713308578
4860,34087.17816786128,6932.812923328206,4070.35576987671,0.5140868884929718,126.64199791808275
3048,14087.322958496095,392.4701904231614,12424.23785659735,1.719455732720969,1620.309929129926
19210,47100.91771319889,5167.003639004434,9549.390234256367,2.7644903349992753,261.85492171388324
19680,3621.921075346842,7240.640150593567,12092.459599208869,2.505783101783144,55.633487908119655
7546,16238.143810249467,1306.444078556517,1779.380856609183,2.2116336307166264,332.03501260333087
2706,20114.94973038565,6815.417129095033,13048.451162094787,1.3588367524984108,115.5122510391225
5679,34687.3342700318,934.2950466399969,16072.325140793426,1.0799093307571288,1301.530808137735
16176,2402.4348077660234,8089.526886307463,10925.503659953101,1.3565413076970574,40.348305119040596
18494,44543.95664149209,9780.060017745123,7148.140373821388,0.8076483598599802,124.94517632388072
17348,33125.595702481805,6304.672551674602,3492.957138280752,0.7487212189078858,135.0342437467913
5975,14113.63014175222,863.0711385535898,5307.100917823524,1.9363318667037681,541.1017757054246
10181,33087.93364759956,5908.859150034467,10450.657078781305,2.534984722958658,176.6091531744916
7465,27077.7340360018,7434.544489996066,5110.35658963994,0.7484769766374456,103.35438329805234
1298,17145.65022270505,9337.650362625278,15558.910747580023,1.3379677536620858,84.26875656302109
19684,1915.5252850386694,550.0410488716857,2634.8205214178042,0.8068852291861107,200.18826777989455
3855,27779.48348247035,7772.918857246035,10328.485321954236,1.2762018178794092,113.7327807534011
13049,4567.984982476499,1412.558898345391,9919.323626033707,2.5756583602473757,243.66835254135125
1359,40603.72961281297,7926.805134570176,2777.8452666378153,0.5871169419773912,135.7746194272806
14834,4882.0197852911115,8898.231830138591,19899.751615298886,2.1180341101949196,70.182239405474
14818,21722.594129833742,8626.30403118694,16462.707749292684,0.6495914880029081,112.34809006996514
8188,22010.31371287102,6563.444258828162,7730.6493036284255,1.5663647741533586,111.12903185924735
10837,28031.982274794926,5057.579725123074,13698.130779218007,1.6851320466958764,200.13848696383482
11523,2455.6405609759304,8758.408452767137,14331.623988763873,1.5037750961953817,45.74159464372481
13370,10589.706153134623,5238.80547651081,13022.971354308806,2.0934636835745986,103.68387776653309
5522,10375.308608245865,1982.1001669771695,8649.678923454081,2.934158463032688,232.40353852589024
8084,30149.045427181336,9434.047017831926,17702.2266325261,1.168249510774851,121.48939622188672
6902,13549.958865451375,3795.577532781442,15431.027634561462,2.024422576058842,178.16516297287654
15352,7637.651553461351,6281.055378768504,10840.399084396773,1.3874463712378597,72.3468789059463
14774,1408.4770787759712,2071.5434991424836,51.25571006485252,2.998751685524213,20.27486670850034
18658,42106.96934632793,1194.3423963164541,4467.484766535547,2.8774920178244394,933.4903690820107
16470,48591.635757481374,5555.280657165944,10176.514036790422,0.7335071800118849,252.77151106677223
8842,35311.46866875482,5590.486043351987,17978.581136420038,2.933989965676136,229.87786123408605
14292,20929.26506465578,3760.449161061855,12572.418882405063,2.345678382909955,211.14550438825387
7925,6539.541625056913,3186.2114731530105,8357.245956860519,2.980861725772475,111.76878295834508
11912,24017.690149001606,3804.317526595856,958.2394910529413,2.4273766495243203,158.25067329074906
3521,23137.425303848748,7971.941438638766,11945.60454533509,0.8223338508967433,108.02731156293412
4737,21283.87729236686,3641.5744400598082,7015.04375429749,2.376171861254636,186.4752518048348
6894,19226.02726945154,9221.589469186178,10747.528946975957,2.3165690394549485,79.591657798036
15793,25089.296272547737,1218.328431131694,15328.83396831654,0.9168394416288776,795.5835108789925
13694,4122.4452654578545,9322.605318578548,16074.80710101527,2.3829319776825835,52.42971423724808
15479,2395.5825380636843,6926.525254826721,17285.564788975098,2.1869314934186956,69.2650575772104
17644,3666.0340441660687,3509.074162325361,12720.932524739272,2.98611000162955,104.66935587969027
4951,10399.92476587946,167.8667104356311,18112.357898628994,2.0468489250850297,4074.394053415823
5127,14264.477651494693,8044.073057913199,13812.560195656535,1.5365240186915106,87.16984193028811
3239,8888.152168516568,9696.34188341865,15678.28186133359,2.8847876108522637,54.72904585395287
10709,12969.877310021186,9826.149673038073,13709.644448245943,2.069603831522768,66.34752222709184
7291,9698.9511363108,4291.71158134481,17437.27627525932,1.371580274941039,155.90759296443724
7367,7961.791350472555,797.9935158158432,4457.797637699226,0.5526141713311584,376.93659945860384
9608,15002.641754142322,3206.162478848209,15197.741527239783,2.3915989210596154,228.56526882826023
4443,20176.87517671093,3166.4282771329777,2343.1308607888045,0.7988154546688199,175.88285201977124
16023,37341.205344501985,1113.5742952396251,1839.8805976370825,2.809173455844875,848.1032473748928
3960,47799.722170483044,5294.694315909089,9832.453075753006,2.9034791837357683,260.0859762362584
1992,45988.78285404147,6085.326936995346,6004.7431177537055,1.0910533712273573,207.21156122041157
4121,24058.722239174444,7315.308875225399,11267.164147696632,0.7820134406342412,111.74501050634196
9418,23336.581904367144,605.0360711996404,13554.678354388878,1.9883000777787978,1466.29102640501
14342,6722.045810071396,2826.4335648796214,4531.258012325414,1.0343294957777345,95.34399334037678
13553,48601.136266846865,3616.5146725001864,13998.52115926235,1.8545997284475684,418.6585116252152
9631,38124.840959179055,8933.189460760244,19909.181832631268,1.5355116375652353,156.73799051043113
16971,42454.62889678391,9023.780914232155,15199.092405948208,2.480063438694045,156.33007130864817
17446,12091.101449744976,2673.721454783613,3475.730037461593,2.9996538405205952,140.1618823829068
1768,20353.756211711177,4924.5774682309575,12673.908483905667,1.6420111599127438,160.2041140363168
10182,5580.932632096098,4305.087994673535,189.6954018814645,2.212543631567019,33.09594889494038
6061,47070.24871472214,5314.405013581971,9394.363206622258,1.3545132564751248,250.40260618274138
11771,14648.546346790896,2932.5363709804037,10666.12731281682,2.6562537029993485,206.86726991547982
5154,30002.483236264376,4682.924309627937,19447.55105982067,0.5923816136124672,252.0958473358241
8012,8034.891433060549,1539.1670515469318,14744.107608614448,1.733805962289629,351.05457982922155
3300,40238.434424396866,7124.549448528425,14119.205038938511,0.9419385935931344,181.0175954634285
9949,9724.061029552398,3760.4306574932407,10648.092180484078,0.9421083863142133,126.12823985915871
13264,40564.527357531195,5469.9252600425625,10263.520284176666,1.8324892957312344,218.38938019971604
11111,20387.246123269048,6085.552053276834,19841.655624877043,1.2694977345454315,156.9302975496883
1643,29098.972320234956,8381.604392654994,425.3599262057861,1.6475125307628713,86.05477379403114
7203,13850.584647517904,909.4177466655976,6064.118117208485,1.2641498397693223,521.0684846176351
11857,44197.434592846635,4879.127479576172,2675.6764670198763,1.6376723712061687,230.4247231920861
11306,38113.48797081953,8951.31359500381,6299.4386481477195,1.2148004207663097,119.67352307765897
17631,18036.561215734622,3364.9953440235427,9272.39435336056,2.508878230529395,194.43697022815377
7594,29475.520132897138,4500.80910389427,6838.647320188762,1.8945702553455317,196.15534109594464
16658,6884.928721770056,942.2364777222936,19254.10229217819,0.9035833363040588,675.1252265005722
16719,8443.37838409637,7531.666130928176,13611.759539754674,0.5211452263570333,75.2338837786605
14263,26917.042219066276,941.7136053627652,14560.898596487019,0.5437360926906529,1055.1648102404492
3988,32209.63895320197,6346.682751474997,14845.84447164929,1.554225267435137,175.04226731136313
12717,28092.86982958513,3805.0265561806327,17984.53983739775,1.2852966210376517,289.2375630859892
9837,28190.695894687487,3447.7792285084925,15360.376147320998,1.1552779484280966,304.71235398383436
2604,37243.36197468224,5896.486566442763,324.09618535422567,2.0573142745222004,153.03312001055514
5619,45169.17029778631,5719.925433513385,5227.914915651102,2.5329960328376493,211.60668468960372
14010,19686.07850065881,4113.984485424702,19782.087713027304,0.6584497122079096,230.5429802617383
19652,27078.198125321407,2855.611221660406,13042.48973240117,0.774934001994695,337.42625620303147
2308,44704.68722678224,5130.870724182281,1362.3546315030221,1.4218650894855684,216.27455864234955
909,23481.793498679177,2744.315734149306,9332.764057176008,1.603716345598618,289.78900379118886
1145,22534.87334677893,1116.1491498460623,19616.689203757272,1.4880752943269973,907.4121091048222
18435,38442.46562821557,8011.60922829883,19856.76283619154,2.0965915180118175,171.35754545079865
14426,43926.40573269302,7052.868120871462,8648.936395573406,0.7180382605915698,181.6849553716351
1613,37014.77646112382,935.0745310267569,17861.06018025539,1.7368204654666313,1411.7394581746885
16945,5456.157347118158,1709.7954770920396,11839.846227928077,2.529361305457113,242.3388158967249
18611,23506.16417655905,1091.6501270644449,10188.5869758076,2.8211479410761093,741.7079857129291
5092,10992.496337974537,7928.031229474976,8238.849771402633,1.9009407107115515,56.817211057460625
14891,16208.7209915819,7751.42154483695,17842.60079505659,0.846060700559744,103.10218732491148
19850,23703.342965163854,4139.542739087743,12422.533416593513,2.318681781151665,207.48740815277404
16329,11465.669089582858,8231.867805919657,6675.952873913718,2.4908289301844535,51.13381100521431
10104,26038.716702726953,9742.19317736088,9838.64874404113,0.9907275282693278,92.71200849446659
10425,32342.156176836612,9707.624114316895,8881.585809252874,2.193762419170457,101.69483370229766
4130,43807.46753833599,9810.488966327315,9023.082352285108,2.8262868332558306,126.79053233467525
4369,10967.300583683886,8479.208330918753,6232.196080537679,2.2971047114119827,47.957877152168535
5700,15872.969008130493,2248.180848539408,12659.145686109436,1.5389200110696009,306.5820038658267
11183,20587.123813999602,668.4384633078964,1044.7478080903095,1.606907479577116,781.042381803043
2539,11615.065097364097,8135.432768614079,17723.266053433937,0.6988916005052177,88.1748277894201
13579,16935.9834977838,3154.5831046679655,8307.939352172787,1.8152865488664667,191.98221241260063
1807,44225.850735975924,3443.762299581909,16017.24937115503,2.5067115169540837,425.02208998513004
7134,7363.412204553109,822.6564323485821,14589.836282640797,2.9462414926313585,639.8003793697146
2224,22465.505886169547,7175.64221126975,9437.032675031862,1.4982594359846293,105.85732007121673
5190,15892.86530126559,4364.498191463184,3974.211308505218,1.588418703221894,105.78811171467173
2955,4319.653727429704,2122.2284916920717,11244.233751689308,0.6369097343295698,174.1740936744519
15162,5258.203792939769,6559.363541886493,18961.44531199314,2.4378030152509162,85.1386729899156
17825,39351.55566801424,9800.852213767968,3715.4492528555006,2.2916443733166214,101.54655603340399
7592,42690.48445266102,5034.163082392854,5120.248904185385,1.5073141114395954,227.69020945932445
8188,37199.67623024694,6103.064959716863,19860.109126335763,2.273189520418444,222.9064814327666
10505,27191.83818971811,1712.287795574374,17851.419495939175,2.057563557992598,634.9545465034894
3561,38746.64352468986,1693.477114892704,10990.996999995477,2.4224824408137615,705.7978095600581
11086,8024.78000586087,4636.5900472464955,13894.823756912765,1.2853567387352645,115.53768011613036
9976,39119.97922951052,8463.127601594551,8861.24662907249,2.127046791525633,137.4886509803148
4263,21462.02332819207,9100.585210383473,8081.853531408951,2.064053318210565,74.6737554594216
12941,37640.618949334894,6453.341653641124,8863.750817878123,0.7262257750967789,172.34040582636845
3388,11773.595023776232,3669.1452364572187,8288.331063269738,1.2023819435532241,132.49253173600434
10414,41710.89932615267,7525.389032965142,13511.10023050648,2.650501843627552,170.8868719888755
4506,28621.76901544508,2990.2099594492347,6609.132514309786,0.8903302716763482,277.472721355624
17970,863.2067626153091,2273.575534213157,3415.5281266138136,1.4489096121991356,45.728055310026214
6999,26203.724822777436,7974.732719219306,14131.350869436821,1.0630894357863605,120.65379364949332
1804,15858.834231555069,7538.048296012992,625.9505409190225,0.8504635471276465,42.03674393921898
11804,3346.3421632624004,8832.843329017036,14375.066978329634,0.8410283615739249,42.76628366490317
17898,22641.824654918888,5807.190719418552,5264.873909891523,1.3698881833492007,112.39768281633638
13064,15917.772681079356,8977.474372224948,3805.0576265283366,2.5086836969699147,54.22919264032413
12497,10617.313113027334,362.1358048452393,7579.133416944334,2.9157897260360848,1204.4510967287508
9818,17781.539123863924,2611.7869249004248,2349.999218645693,1.9295912434144404,188.43809761922572
10814,9390.557203034039,8064.099873506499,7689.792491245917,2.0880607234573296,48.660998970912324
9164,15340.697020621594,4294.2161135345705,2046.4344429804626,2.446859616893156,95.5077798443802
5620,6209.051651950467,2469.951643917936,9669.774663295982,2.1545028789436667,161.2310684439556
17299,4673.473216012361,7981.776838166489,3523.3949881599915,2.6208041787794416,27.190493483908675
18752,45545.96162207598,8240.450448731413,2599.931704476139,2.710128626806387,143.38960520139042
14485,45186.90716153736,4616.940145423403,11582.192597327083,2.069270098775819,292.8741618331097
4612,41486.257333824964,4719.276089303156,12504.901009013258,1.8326568062073436,273.85274757596983
18417,11901.113942696938,7831.268718577931,110.35081711385786,1.477628154482707,36.89737864983011
1962,36431.58520808753,7736.176559494583,7753.548416180373,1.653951654808104,136.3905159860293
14690,29690.75054706707,8678.98297847417,1559.1218008648912,1.3636448695287648,86.91507950284947
2365,3036.0539772850693,6490.772822574252,14772.889218398135,1.5674158233166287,66.31979161467127
4509,45029.49466699348,1940.3254510432498,13630.458590820304,2.749274641505852,725.0032666470556
11822,49900.113312829846,5542.156756054115,994.5826608796992,2.9309297300937773,219.63256006888295
15038,35581.711251898574,3885.608157450824,18825.011807273157,1.4038346441144995,340.21048567966864
8210,11959.636850902061,367.68723818446773,19199.207034093757,1.051475122216702,2031.2310738038018
3677,27943.274911565928,2045.3783345230852,6693.4325825399355,0.6954764504824347,405.0434040928186
19749,5914.334347174608,2135.2237401267917,2612.252461032203,2.592327410929042,91.52982897293487
3697,15289.571375728714,915.1311603695635,2286.8648387935364,2.676665025053774,458.1982673113869
2961,36004.17296098325,4587.864024270872,16814.41061184863,1.626180285893724,274.874187479348
14486,15403.174491318669,5129.547403908359,9183.257781933225,1.8560445297366535,115.35973470864408
4081,7786.692289103002,3466.116989888219,190.16881252460038,2.3495531148059636,57.74469304356367
9192,869.8236844091421,4182.356333947444,18507.041729700813,1.4396315895497809,113.7619414729703
8494,28839.463009487277,5539.9727052329845,11854.74652037511,1.0037253649907512,180.35156159507187
620,48449.19087868796,1292.7865038521893,13807.939758255921,0.7867075127734244,1152.7945403000786
2275,24464.584114480178,5666.584943914322,16471.078747544605,1.0881030040527615,170.81293827440953
1106,11024.291062041639,7128.257400770452,16371.574012816487,2.113335066702783,88.96329748718448
7875,23432.361137320953,8760.143750229592,1516.0974504067926,1.3692125771282566,73.69616610215448
1319,30303.14418585561,3085.579707139226,11479.845860612206,2.6692583343296614,326.666157283127
11956,40167.73168361611,7499.353673302819,13924.89255685134,0.7188611612170666,175.75999184853248
1283,22907.591232594394,6099.606351798775,1712.4087563156331,1.5409247689789913,93.41076690385697
18730,9061.127197107393,5077.710415439572,4448.018143959829,1.1424060741894353,63.829197561997056
8060,9806.492496589704,9203.599905352767,7916.289170331239,2.719242126427422,47.88961208827409
891,45036.437814212586,6238.06661329195,17730.50126466435,2.515534239742936,237.21231658770523
1632,12193.973493015103,3724.0872777880572,17012.66797697317,2.960771290280795,186.73900776064735
11209,36536.8724424951,7158.035987549394,15642.060028495242,0.7981820956949841,176.25460280311796
4945,13812.964613701619,9602.782166610119,19805.534233758077,2.45560904608252,77.50745430539257
13562,36167.82198949434,9189.965940207034,4853.1330318661685,0.8146539702046733,111.57909070615763
14533,4379.004624829553,9804.671125593268,9356.296200935987,0.8875589372405969,35.62390204305292
10888,10765.955942273029,1041.325953123803,8934.460246747707,0.5979780373991779,450.61341051236246
15091,20730.71391483774,4490.092618487162,13578.748267040017,1.6617696729251425,183.24270168617096
5818,26008.170712967178,4383.6239806623535,17003.06573186768,0.8147043031228397,236.91134055776254
17560,17971.07758243632,3899.7345203312534,9833.655105585287,1.3708760947869274,171.50898651156461
6751,28889.05822495384,1867.0600024891232,9830.63586182717,1.1904982703702967,497.5446673682313
17478,16605.806911226086,8338.77025881605,12166.356257046615,2.9408870849839484,82.46585019759708
11843,34082.727813491554,6763.479443589586,14849.491044308677,2.145657181899237,175.96044236658742
3824,25804.748511797337,6099.305144712573,4026.0157094928427,1.5261402023085209,119.82801568959015
3434,35402.90900631812,4523.845697537986,19237.191011008697,2.69613433088404,291.97515246641245
5533,21833.458580154114,3946.3678034237705,1841.0696125223724,0.6596115246617391,146.095809769284
7263,43886.756783412966,7885.976228602235,462.0014650239579,1.3356443554140265,136.41542414297396
6586,19415.572263467264,5315.667418597806,7175.828140680569,1.7864819271315395,121.83462343278885
4833,15752.616637802752,6115.754218812053,14028.698749046558,0.6346890022283618,121.91184488943708
11677,28075.708382646015,1090.0318326740473,19561.499283642588,0.8646469539620462,1048.5241225366522
17723,25704.036473453172,4767.68688991778,18655.209116927803,2.7376188644919273,218.2051357444176
19394,26145.854631596623,1390.1186608125608,13769.74894586467,0.9490649710590089,692.8570952697622
5187,39908.439501850306,632.9536235551974,8730.914391621898,2.804142252890868,1845.638487953893
3387,29635.540080619732,6924.020676769884,11916.035758997168,0.740175154202936,145.61177531986303
3543,44320.64021469393,2820.6559540863686,19373.14584343727,2.720537411747597,539.3424634364933
18515,31145.30067529338,9654.030644930024,5310.021323349714,1.6342790677707881,85.64430696319668
18289,1574.206632673506,6094.438487148088,9565.61433426888,1.9331634871588923,44.71968913773231
6615,43584.48043060342,6487.104112264027,13858.033814345165,1.2040557580754343,211.7368220886628
19373,42069.33238840829,2048.5466597410004,205.97764254651096,1.1833492678256508,495.2263055649066
16889,2918.068441721049,1375.9405774454333,7625.228344322579,1.7303336200208779,182.3286210544661
19465,6701.580699610603,5301.54413135172,11358.24400685357,1.3895182689242498,81.92308451537976
8911,28039.622531837646,9263.054901993828,18018.36558636632,0.69424083220579,117.31243271947123
8703,2621.2021092771524,651.8766336292705,19839.953232003492,1.3842080947842934,831.4433576081345
3342,20852.814927998978,5130.899954233073,11126.488124554071,1.136765469204762,149.0011743435908
6004,48780.352079874705,2067.235928112669,18891.605749389415,2.624098753895401,788.2326226402944
9149,9052.419409848764,7841.642448519879,1985.3103032754004,2.596320931722214,35.20526290756656
16175,10701.743250135192,6851.292627809069,14025.416499458632,0.85369859896132,90.51369315448107
7783,33979.24488527218,1062.3443642338557,8011.087289247434,2.3251728321292253,949.1621226005097
14649,2676.9213480175495,6201.738342278023,15019.469151283389,1.6270970835259244,71.24441133414516
2473,41123.964994842914,9837.641426716751,17354.470895969545,2.6712661127200032,144.82957589504463
15333,10352.042050430964,5328.5773478975525,1074.4856951787729,1.1849725621403215,56.11722271709647
19079,26811.9311224193,2925.9438982033425,18709.470873140974,0.720291745973821,375.52139866379895
8074,12813.776466585927,1606.138996589861,1363.1238509050613,2.50124243176922,209.51258764071548
8643,33114.655886940054,9897.458268191092,15067.967450001515,2.670895778742687,116.2850102029355
4328,29567.19656582632,5681.7769050696625,1381.3951671981938,2.6012778440425914,127.07748643217771
16270,47348.766820287085,3809.5141635554796,17233.643336811623,1.3232490445214546,405.93791174192427
5237,22557.23740106434,2221.720481231442,4099.629495833999,0.5771632350118925,283.82371623274634
17123,43806.50865485219,9506.972240950505,8681.40662408294,0.8490388249356171,134.76367889231182
3452,29003.180907826685,6307.584214453113,18652.41813540336,2.7984221781332135,175.93391749059694
12130,45765.90128335287,670.9047995215906,15841.346574571844,1.410173007612406,2200.6499731749996
17739,14945.192156514699,688.5213212944502,15715.504961446715,2.7005208218023675,1069.7086242027146
3738,27713.17187304413,9400.41558529381,15266.601343370834,2.9520328467709294,112.13981510106002
1053,19806.46725760474,7129.959623870399,11388.70179726428,1.4892843506594196,98.97528032082236
11505,3761.917213988358,1123.9596348479054,19028.60090742679,2.441115114063143,487.7699667591242
10577,28926.1572349795,6275.211556067506,16632.714534963434,0.9227861435702365,176.17649250864855
14112,39814.30582897791,4252.371697951899,8805.76194580006,1.4593719604877609,269.3617988331495
11637,28032.079570709473,7908.157513159811,14851.118911508001,2.2629562611844394,124.76732409366565
8886,14327.437125703518,2809.7563077513873,19962.149477412764,1.0177759085317173,292.92367070155365
7838,13559.53731587794,3890.183824240928,17420.009338585533,1.2994898327402709,192.53088483018456
12379,12273.007776403992,1757.1741712660644,24.45982776650535,1.9095684328249012,166.56505155889525
10117,48991.76560796858,2599.652249878766,14757.723648325713,2.228029174632335,589.1581021821479
15898,20261.367290802325,1972.6132600119524,17957.633291752463,1.3921971457509907,465.0152569069816
3193,16185.053300320444,340.5706154420679,6555.052107891015,1.4420101056182881,1608.4917368301758
2471,21214.169749389413,557.0449377068265,19549.83712056067,0.7746705327481391,1749.5759776787281
15042,6231.9973625659695,8372.680688112974,8025.987312705541,2.9601551653893305,39.4601017964144
9191,10202.966650033157,8057.659308946335,8423.538578574604,2.0305903244283208,54.30947653114066
13954,25690.656018632882,1493.1513720009743,3217.441855114167,1.825818913730932,459.5138905794963
4273,40042.93461613772,6712.163003225879,1931.8916328173618,1.028383196368769,151.15790699061927
8409,43883.12116068538,7481.87851745345,10731.914005544308,1.720075766640412,173.50352872518985
3366,43366.24599538873,607.6179448523044,12055.510397860551,1.61827789053738,2186.3964907691848
17570,47265.16798698115,976.580725254674,7337.930337827998,1.146397563727291,1338.1456575619675
2567,6725.690427020213,5673.8751862103745,12132.188103996501,1.6156862143964101,80.06209030907279
17331,2528.0290749049295,3804.089888228071,7893.417050769105,1.0088256052176483,67.20535852600479
10458,5733.695293448532,7023.973216802685,17363.699692799903,2.2755628416731746,78.38798897652511
9816,30236.741539956332,5621.114477886689,19076.462888614922,2.7719628389999547,213.28101691816332
17177,28027.88979594044,407.1139162891586,11870.814187737204,0.5064724512284153,2353.2123840863155
3046,33724.89812198048,6868.417593534043,16845.489660145246,1.8906410601420902,182.13800238673187
8767,18868.986700578564,2118.788165524027,17074.829974330773,2.3307982985181637,403.8702664109955
7544,19883.645894589674,3194.7384690012345,14275.253805813138,2.767989499152133,252.35787576244948
4275,27505.966947983423,7390.254332058133,3840.0377837231204,1.3960517114971986,103.60921783940887
11888,4413.277614810129,7735.408666595495,3098.7616428856522,2.7678795593491072,22.48858972064053
10766,40093.672223737056,3523.5644387442144,18389.68487166316,2.5638815596300084,394.330002450435
15321,46181.34963083585,983.3491943621084,5301.226167713305,1.8130365823087744,1253.534783680997
4034,19673.58743609935,7719.76110125665,4926.61694515949,1.142357573126595,78.72012685998659
2553,37108.83514948394,8715.08084792203,3322.5747582242216,2.1320410776516905,114.18287756461648
7612,27667.318653705443,9646.690230438793,10549.080953599394,1.1513961336284213,97.39119518712675
18583,12182.42541925489,3246.486420358368,13539.949769676394,1.3721163995752532,190.45294418394374
19402,3855.9905968862777,1326.1356437752725,13523.229395708986,1.6674729778891586,313.8356929540396
10429,12671.99607866819,9382.840276094992,5221.053993054503,1.7449392177191496,45.21907543804698
10622,30442.85465489457,4057.680337790812,1895.7082800697078,0.9728676636386784,192.04086748125326
7332,2491.3739132915325,1025.9862328629915,6204.189924915666,2.2345056795058147,203.9194023722505
9061,41891.44117086532,5037.931478210946,10068.695661760334,2.979790395625084,244.58724269288155
4239,48530.15658545956,1986.1928373627409,12248.799908118495,1.109676069458539,737.4641234353819
839,4633.344641185004,3617.258970487531,5412.007312059699,1.886349636055981,66.7873654690191
3362,12711.54757085521,3271.467751750042,3663.168228776803,1.6367889063762986,113.48874350630429
17497,33943.863964490105,9874.139987732586,16831.51411159108,1.2694472173766678,119.65796889118977
17987,40400.97600954229,6431.181160257679,17158.51863473916,1.549450614859809,213.5562274549545
9484,17626.707538540984,4968.84653667725,5599.125675331731,2.331806148171073,112.81356322334375
8758,26004.302301159667,5186.148776885238,11202.256912012715,1.5368488951274561,172.20439671150052
13002,44642.09044666566,6080.478008537636,8796.529242909482,1.7669059770568156,208.83771956087415
5011,19527.71792649511,8740.2697276773,2839.344063372631,1.6930984190812222,65.11952053372963
7812,4536.144536394211,1545.2246460604101,18811.72456645555,1.8880755896223116,364.8835048332077
13339,49747.25903383476,6036.367119245937,195.65871587670534,1.2279799481632918,198.46473882317144
1070,9423.870170429203,3289.610752046985,3751.527406272772,1.7742547562620623,91.43186270900937
9231,2914.6999711366084,5756.8818673695105,6911.298433560238,0.8371031329837454,40.0466734983698
5856,20827.353072124948,5225.5363586502,17129.22510365149,2.3534605628836562,173.1970000214788
17000,6512.4443040248825,396.3483841585329,15773.073208182435,0.777311137808206,1344.4058204551736
10890,48947.302529076915,5866.399805236016,11597.681291324374,2.462398058188046,249.2586414803209
7724,19349.295875082003,7121.217246716274,13900.41910638858,2.5638514390990768,112.6226983023714
19915,41377.65107900085,2535.396714892421,6818.231949060622,0.5476559363423026,453.312845813448
3551,9241.96678047032,1157.9997315749147,18810.83092437456,2.577097832388458,582.1497354248078
14565,7371.330459134155,2195.2801166260697,535.7457712072877,2.120422687475011,89.37719645821402
11059,32640.009937370363,6400.487329616254,2018.573531788479,0.7422737138308675,131.4920981143678
8933,45510.851722586835,4741.04844052012,18511.076645279147,2.994800924102217,322.33378837716293
9156,6169.554520519263,8666.516811979773,18901.03252631896,2.0386670080015774,76.61791471348616
10942,29668.07130041364,2921.3853443275575,9811.420074431824,1.5021434676543013,325.6433437901176
14256,4704.504825190255,3714.4694019437065,11529.215708140433,2.713036110772171,103.01295547449813
8307,40702.06572858837,5327.696210381213,18050.757101251296,0.6040577778780041,269.5558957927649
7802,45510.642721799275,4654.166801922163,17068.687078709714,2.2933571661945504,317.3087158684888
18762,31625.318009609455,5522.836769839092,17239.03759708701,0.8593152144388181,208.84471139629025
5381,34572.98357579335,3189.6745733328016,7435.712037281668,1.8812508744888883,314.604940279923
19418,3244.1049982951167,1750.0436558159847,16610.956760317084,0.739854766461697,275.21413055089175
10597,4112.370750861104,8052.824925519514,1386.2120226838215,2.19786436245166,14.40112786222085
4309,9393.692521639645,489.0230302540158,9739.28949274735,1.6623210316106733,938.6187558929629
9263,14054.509132927924,3760.083237167877,4748.138778566919,0.5167526596206189,117.25346391206917
15240,38112.87778357277,965.2786214130841,715.9556994134552,0.6784952842314016,967.5162372373776
4141,22053.747727138503,7389.6514204199875,12344.21716583861,2.257597612084017,113.145192255838
1156,4373.359493961478,3718.58013155583,1523.59785924868,1.4986445119222553,33.702664323183164
16109,42705.93058309188,397.4920589446005,2403.1847283838624,2.1803822253930925,2723.48294886013
4610,49694.421777559575,851.1660617558102,1634.9018190772724,1.4746092058954035,1448.0701819776984
11714,23023.80148890047,2066.126296260745,19500.95105161411,1.404219958156987,493.39873457980383
7707,25832.318275990787,7890.463768148887,784.7737988510905,2.6372850559327405,80.74875188060996
16369,4386.2172404477715,8011.965210315286,5395.129097800475,2.637019112920266,27.230449424350258
806,19459.362828921236,9966.464297311912,13039.969588464677,2.7994570706792237,80.7525378165649
9396,18904.315814560767,2485.1405097873208,16467.66426473101,2.557553051842581,339.3096728749131
9369,48306.679892587104,698.3268249336952,12164.070485942691,0.8185805092380003,2081.080058969355
11604,33191.35970343304,2902.9951941684667,19530.035127081876,0.6662319673466478,435.8591528942603
12685,39218.066432222615,1870.317975096411,6754.164176366148,0.6460447410512142,588.4280871618575
8902,6852.436504605419,7132.841189262441,9440.109845348745,2.9505156625955733,54.63800490262282
1896,21137.880646262594,9695.479838957333,16426.02871839482,1.7528793311417101,93.24006777909436
3960,9981.86371420792,2802.9477654024763,13633.947858397783,0.7879247358526817,201.17124865770592
4853,43079.354425064834,3353.4675195335717,4281.341262392726,1.8607381872690656,337.8110027829855
19046,8042.432575261128,3576.0501013185776,9973.354802379137,2.2757413121001435,117.9028921334137
13121,22224.12534064153,8583.842205196775,19519.186334915452,0.7362257674214288,121.02671607950948
10972,3155.688946810827,5822.386523285541,17260.46351333026,1.3660099567339083,81.72607382475988
8176,31897.567562921704,9742.366321426683,3836.067951384121,0.969560195609716,84.37676596662253
5044,24355.275122414165,6308.905527337835,3595.717952864741,2.9385774228738697,107.62796288772739
3648,25149.355235785515,7088.233818691371,16567.890347403227,1.2955713082154192,135.5884907133124
12772,5530.136074292927,982.7553217630103,3977.890028596085,2.226262731218064,232.2762061342897
1327,25942.068668244905,9521.635526817976,9055.787862731324,2.7960845574882565,84.8757070168659
3155,28407.282793736504,6317.759258376817,3615.1726815724296,2.6579700824794443,122.97263918096031
10837,48160.58429052795,5249.788534689052,293.2572406848788,1.48493516020395,220.93554031966994
13249,2144.5228226325708,3935.2974622883316,17508.072922668867,1.277280051499198,117.1919056269679
9191,46174.323669832374,862.795122982519,15580.088843482807,2.5231201266863073,1717.2754720332218
11370,24238.44066761344,1420.1353511866587,9411.768585779804,1.0128952698820088,569.9942469788987
9753,10900.669011803224,215.78244956878893,3191.5800003452578,2.2933028880144675,1566.038038397337
8025,33444.53110608565,9987.055598201823,16128.354164126979,2.588216253654591,118.01905201874266
14053,26094.084754021504,7884.267261999999,7187.345518623849,2.623050904869871,104.09225923331164
3996,11724.373313271544,7994.774246374459,13238.983223084606,0.522293577666343,76.18463116032875
4722,31527.928868860577,7327.893357570623,6333.888873794082,1.749676817012325,122.58227695668276
18873,23926.48262165147,4892.649816686796,8645.742098884068,1.3939771181167542,160.02003262251552
11216,34606.223608916705,973.1522019443428,10709.43658538119,2.947149788303114,1116.620759627946
4680,34609.307942404936,815.4635098514742,15240.32545423056,1.8601899819528538,1470.237873370145
1882,23904.35829103976,9172.10494615732,16641.37175769039,1.5686083134785138,100.97917730669408
14862,19844.41244062126,103.11307434308141,8870.934937099815,1.1109089190224537,6685.262904498113
4667,3630.5899506373694,7021.118303316761,4660.802646925206,2.6140754571116203,29.787963976146568
19519,24945.40659906172,6322.926313743121,3072.986569560463,1.2984274550871862,104.14755059520681
6045,12534.19393987719,5062.1309169187925,6814.957425067645,2.566884675639545,89.01610098661614
16081,3135.7494989697466,9752.010811668237,16035.669723380395,2.7290199420116146,50.645631134729726
16453,16853.821406653045,2061.470714123734,5479.636506229795,0.6454362853967814,259.375207763813
9927,4829.716427026353,7874.335863655976,950.3993229408203,1.774966420925148,21.926741375338693
11322,29197.22023496416,6780.9079979894395,11285.521740283053,1.5509347143928658,140.23474713705488
4483,25431.618703297292,9746.874792588407,672.2725368336912,1.4827697178797425,64.0139368244531
18289,39725.23537110634,9347.31107930439,17698.50281574585,1.4286689789159288,145.73355931401966
6700,13747.860410142857,1372.855673750445,13561.209590769025,1.8299653934910305,476.1383130331745
15261,18890.688740765137,3146.392994724355,5136.907140268856,0.8255031628233818,184.30472013950506
18768,34603.04423760111,8522.921197452724,9381.830082586155,2.6782199852123703,121.60269047485487
13819,49650.753751459815,2363.7390003259807,14784.336594965465,1.8949572986147363,653.7076669867977
16090,45256.4029935995,3847.5415222273377,18313.676671143756,1.3677765706180094,394.2585769480211
13997,26280.832472952156,6297.042279918052,17489.075234534153,1.1075704105981947,168.63877381270905
2684,34058.391145397385,5672.847885127731,1390.6304058986295,2.0414090878511137,155.73908865817484
7503,26830.15516551097,6442.004942083275,1622.826020890622,2.466829046028844,109.89058975991696
8910,22022.87382927088,7163.532827930012,11954.474109012654,1.6021489279716767,110.9407851166977
7930,30313.73563214567,7314.822905091496,9929.92137727215,2.9613108183622647,130.61222415670488
4850,19631.71165361575,7401.820208536579,5858.741472042746,1.8389203528506974,82.49536126356777
14398,14369.323609182506,9917.600122553944,19523.461783865117,2.947278639625931,75.89336207754444
6867,35430.85818868339,3630.2139891449724,14925.341401673706,2.906501453452172,332.75234007347564
9878,43662.68393759447,537.444980988601,13746.34896778578,1.9993614567527525,2565.0711312427807
2233,14757.203149507102,3553.7339423528133,3626.5938555262987,1.9533406657405832,124.10451540716997
13488,35491.13507807492,9124.601696751992,5678.617753415245,0.7641827094006919,107.99314226522401
19851,21983.940682716908,925.5499678457581,12100.373682210095,2.8231985245802145,881.8532594138619
16956,15453.209340636738,6504.727950187716,15911.929287315737,2.5080241607451956,114.68253692776963
6617,31244.993437887773,4289.298182784847,18621.206989778042,1.7511589532263334,277.58914584185163
5542,47001.0158810856,9223.571059233454,13954.537596960366,1.2660199252364663,155.4886399267597
8561,17908.72832567432,9292.875251635767,8372.741062690773,2.5963653286187793,70.65524142104567
17514,38094.22545789618,7873.921363409733,13821.557415591134,1.228793982427083,162.97575288107686
11534,16077.555082624554,1075.3508858063724,1383.5068074016822,1.8546440838305505,387.8612211451076
1377,40291.4848684896,344.67807890258405,12001.65611571011,0.9970665139261266,3638.138032192075
10142,38119.24385751467,1452.2415732016896,17892.49737617339,2.5112842570284197,923.3899477520276
3040,38398.82219544208,3286.05756931487,12738.930302442841,2.382021978473042,370.5599944332167
581,49886.54936609439,2490.175406055007,150.80543823375424,1.229436182870339,480.83720174544936
18215,7455.619804417515,3760.6157846062456,13890.382493009327,0.7933901023428309,137.02536988754065
10414,19747.54203957339,1516.4625579219005,14528.88261881924,0.9426747144800056,546.0750043627874
8455,31725.20224959157,7549.781176228413,10824.583059232229,2.0408865371514517,130.4926570300766
16423,29728.535885955407,8468.43559714694,16321.764582912065,0.875099821514062,133.34602802389014
15336,39141.33768800758,4930.730277963325,4045.825323480019,1.3003137301451093,210.2004642316255
17240,2822.024296420895,9569.6148073455,8179.577251304268,2.5979967883896826,21.207795237815212
10011,35400.03285432693,1291.410054358048,16151.72038327748,0.7044328707828726,954.2784942864008
1079,37017.335852805816,1147.557541956806,12073.796066861862,1.9529526341451686,1028.2112259480532
13087,3524.5052395917332,2083.9515964935135,19887.30495895426,1.49956594714491,267.05157321025695
1145,27164.776682977255,9820.934311169807,1385.2866592758085,0.8007892607428825,68.60668687755539
16202,12627.138872209436,4223.328337141148,4886.222574795338,1.7735872233919778,99.13641346978976
6763,40180.54943788083,9248.647474839734,3982.507049770019,1.79161315115834,118.14972817475395
16428,2955.8735065908445,2099.896566620529,19527.84449478252,1.445215762143351,253.14289309967955
11323,7735.125291150281,8476.42108680172,17385.2531209153,0.638305496054007,73.05492932601827
8999,5670.4616788486965,3169.1818604633545,2662.470883272001,1.0171679384607517,66.92459623186672
733,3728.2764198534246,7370.554101571164,7076.078120427252,1.5117986912651944,32.248968226424985
17918,30203.646319359865,9747.171984565099,1051.94409233772,1.193059495886221,79.30259046882725
13430,43493.072666796004,9336.943975412909,12651.346373666202,0.9013258175780463,142.74082376990427
15746,25793.169670894622,8330.148466998253,6623.894235645029,1.717415029043042,91.32040884387632
6517,10923.785334752076,597.0405831982349,5151.285339766871,1.4940011443657237,645.1981084519705
5621,17517.915290352597,6116.92183018735,10462.343963819505,2.1623504803364755,110.4689238648376
15596,18338.12799246768,8370.937072202125,15911.031478968325,1.9010782759529743,95.95384520978172
2235,22855.952184382648,4053.3332390923333,8078.352176836758,0.9243644173091221,185.90989439394244
4777,21316.649114521166,7338.76069117112,15148.9778238197,2.2191528851864275,117.9473842085927
1441,33721.98699334837,1467.3204734314627,8922.645166756593,1.6634515632549496,691.4019713361986
849,17325.65246630725,1849.9745451882993,4290.440941118041,0.7836415008156923,280.21337671180964
1905,33316.78694418836,6472.724024380783,8924.116059931817,0.5461302573901196,152.78638935442066
7964,27565.2858242557,4427.399100354433,10761.090216355233,2.0660581707714583,206.9721161293274
14008,2901.1879290241814,2260.687429195127,9231.58748076696,2.0466150115580994,129.9092694488948
12319,46023.7681687148,2900.452493977283,5486.485739568115,2.5511757645583337,424.2532048028016
2045,9308.890981950324,6227.294559110709,3702.0437944208907,2.406083641317746,44.990949671186414
18630,22850.67836898971,7281.170782523865,18939.0439580147,2.693759127632917,134.73057201680712
8396,47406.061460804165,2155.3802395136104,5949.72502206293,1.2310461385971267,598.0084009280031
18238,12742.993471042795,9556.420404875798,14107.392244984205,1.532932855290651,68.00164359281122
12324,1597.1451527231,180.96919922756692,6813.887815723716,0.6548115119259186,1118.0394419158918
7830,24757.466333906894,7030.616506233914,19392.860502727937,1.5283698074594725,155.70770196345674
4788,11584.594203990551,2980.906402324752,19765.575325712125,1.0494144253637487,258.5924717444852
12736,29310.362398629204,4837.29443686889,16501.926934805455,2.5132928608402754,227.93086988876496
7335,40946.851577500165,5741.485764776922,11629.470633441388,2.1406667177308853,218.92565394809725
3085,25805.385824408186,5659.066162430522,10841.346459186281,2.4542262616521757,153.54191779353772
1400,32428.95257172868,7785.149138709404,6579.228071637673,1.9812083145294366,120.55717016939137
14434,33474.543593456685,8255.925104323944,2440.571212059337,1.9948427478444468,105.78907718118019
17011,41116.457581950905,826.1586612418523,1581.2227151216796,1.0880623258223259,1242.4851269123053
18559,34552.37704443144,7059.788249054206,9308.95014279345,2.174553993888332,146.06132332680838
18661,48820.52151368329,4050.66919015321,19575.77437998473,0.8599251917849627,402.238195803242
5665,23082.457027923676,8204.033784826628,4937.5582286732515,1.1896053448287918,81.24643194348886
11187,2987.7894895872596,6128.014674663807,8219.048262502496,0.9498689529458442,43.89782426532793
17467,20004.33172237131,201.340669775728,12828.390261684819,2.873790912889117,3918.5398220692973
1966,42073.96311133484,6698.00435505119,7021.276460168459,2.7452180708518843,168.83789759315474
9194,7086.848841881125,9264.53138447672,72.59500119424001,2.6870901899425323,16.72552096003021
7250,36929.02270272965,922.6593414887406,7924.342694402977,2.900433333498441,1169.2520639130623
1655,27015.242185460374,4992.884201395521,16092.828749366574,2.0314854366634343,204.20959560656777
8460,45082.971805281166,6295.949713851875,18879.199237690973,2.736744638569957,243.75830720851292
17819,36693.88850255096,2039.0491678268725,5501.815920525594,1.229645831258173,499.5339532277679
11283,33195.94347301962,6541.846361169725,18432.912843705053,1.4618948617857135,191.39748876560841
17239,44400.45750026751,593.0047466188861,17342.971069293148,1.667415003582095,2500.9188039213755
18878,45456.88640100769,9066.224666868344,8134.476855978034,0.723512414753656,141.25775676406437
5656,19553.376869547625,7650.273098251492,93.55632390676271,2.561733171935329,61.998291524260225
10137,46428.44193628063,9416.132309050798,16897.518561137138,0.7979394026606713,161.9057286272655
11351,3207.5510922094763,4242.42159661296,5735.450615041986,2.4991331873641065,48.99675296917928
5864,38247.04808039889,438.6180426347226,15117.731479534148,2.8056418708837247,2922.4775460896517
11972,17158.28163472632,3481.187468636332,11430.291053064539,1.9195771649726128,193.17446798030375
4474,24626.14880550268,5205.940342583576,4433.29043365577,0.9147538385395053,131.96563425105634
19388,41869.61935769909,9365.131562944202,12964.233819780955,1.591765289401929,143.0430841450648
19030,32033.41683135782,8842.358218770856,15296.804649879552,0.8471336775651584,122.54015166978824
7804,23145.805714404738,5981.310736906585,9488.903154140613,0.7975948277049587,131.37545719906768
1710,8614.695517769927,7324.547296221355,14958.205549469967,2.3901961251122987,80.5480324205015
9321,46993.60737776704,9543.593092816525,8099.436760027383,1.4825918928289132,136.25198434721864
11409,16957.63508879484,8520.856765372133,19605.031441065916,0.5003223799630736,104.22228468885832
7324,5507.495419527022,6622.312010873066,4796.170110249278,0.6211611221270248,37.713679559608444
6698,28425.26398457431,5446.546053533095,15557.09424893296,2.5443839690219527,195.77274547844132
1607,20610.849664967125,4812.803542770136,14992.041141150905,2.0492455933331377,177.58268608412197
11769,29730.30244164662,7590.436501583793,10588.858051913425,2.6112855044762204,130.9263508853135
5486,12059.73313719779,8106.852850340839,7006.765218462525,1.1841786840989394,57.563581824554156
3934,19247.078822139152,2254.675620201468,8915.198560954124,1.285803074220643,302.36376713943514
8523,48639.16449896071,4792.848619266973,12589.748561813756,2.0421792549143483,309.03070825871174
11746,46858.542347347866,7734.411625202581,10606.992671506523,2.1628837343250664,182.38648068288262
19699,43286.89631884547,6789.504232146532,15230.803205942842,0.566291979659344,203.9504596291595
7561,39066.48268924834,5956.610525620599,7213.636095204663,2.7680373495435733,182.74582743018686
18919,8249.70885596618,3304.892617447156,2144.9006995470654,2.4979077214100442,78.61175331560383
7307,23613.064202183647,6131.265027066587,10111.90504010463,0.8296579340494982,132.49938225194188
7473,36531.187900944424,6160.230263510798,5180.23511630139,0.525806517271017,168.12936746632275
669,13457.494509475004,4381.0883264014155,12332.761624411232,2.422911909296695,134.70293437344355
13449,2137.17355127838,9606.967234170797,10406.458308079944,2.757197694987188,31.124104066907286
15045,21195.895516548404,6565.901697470626,15574.971329982101,1.3052628645884874,134.3489875313758
13699,21544.499122196994,8521.900808123599,11504.544447348719,1.3020055853658907,95.7635983862467
14976,3722.462742403519,1376.6859562853188,8615.19082443986,1.7865465558281894,220.93709535335915
9323,16370.47116740497,7592.117941242123,2397.119976451143,2.186390897630159,59.34864572870303
9496,45906.35295947914,6058.505975288427,2402.8273520719767,2.1191737741505654,192.633665230117
15472,12889.691948361955,3151.9464420515233,12807.020245482589,2.381580904256487,190.30358749954655
14535,28673.410953939412,1449.9848371934402,17615.065982198164,0.7849605215225679,767.0224102117119
3534,24650.158024687382,3858.5070544183427,8295.752906144995,1.799537870132911,205.81109105885102
13828,43175.22616565351,4469.63395540192,10615.784688844205,1.765823394851517,287.1238611381276
11779,32850.73706551939,1493.5502017433546,11824.250469661714,2.874634267810492,718.782363265318
5488,8342.259992857733,6734.256183433937,9545.952637280141,2.7956292468147383,64.49849207630366
7630,7572.001978756077,3140.385556296988,1191.2723068086993,2.375805448316834,71.82474039289177
15604,28095.61776255295,8079.790555378367,11782.786332031541,2.6922868060193923,116.171833349467
4369,2800.0849366118987,6518.652895149154,2742.0489470791786,2.364054082825469,17.744143923317345
1291,19979.781826476996,3173.9739150479536,11116.0801837209,2.301205544878662,232.57731699424173
12833,20251.04841799921,3664.1941794892023,15507.545665188882,1.0392732036193923,232.9080611532296
11243,10218.489499878695,9427.260860002281,108.96055449577614,2.04313143700318,21.51073707819371
4341,15400.104362179347,9486.383253332662,8609.526323887116,2.790155504959287,59.956965419647766
3856,16832.43794934771,4241.871298368279,14913.805862296746,2.375359891900885,179.72129879598356
8022,1082.0506580634283,6823.783784706561,10570.724126620153,2.0118069100882026,45.48221002777228
5425,40391.62447626729,9801.724574554866,4706.1361954868435,1.1454389057588086,110.04970264039726
11264,47893.58933612684,9941.107806897082,13951.348227791132,2.1966023992917245,153.1047285814729
12596,14818.692946365429,814.1288344555605,15669.44733547785,1.3676490868646831,901.2575177648862
7200,6043.285103800358,5579.641469352554,7250.504698728202,0.6630846530098856,57.59570288483455
2594,47700.83108765766,7293.510728212676,5948.013023339744,1.0983786637298882,176.10954459317202
13315,37157.275547368154,1949.9745159236065,10902.76293270725,1.4730826875846954,593.1244987172732
16753,44611.550198247765,8236.859732157514,7308.460882105214,2.9916685850770124,153.20850320932064
6750,18363.369493058963,4737.697996231662,16718.73862602872,2.400292008151633,176.13288367763437
15862,24461.08265024401,5027.740737471891,15581.00232078242,1.1989146355330076,192.900380419553
9307,46546.86545121867,2815.798151049011,6237.758095189792,2.405974580759165,449.6301465427487
13753,23247.846131882943,3071.4614413217405,9139.571298418108,1.3941029666533538,254.70671921936832
12685,33768.7170485077,933.3145671859762,17789.758133085586,2.0197828137224256,1330.7407651621072
7503,35387.54034308727,9322.008282269671,2947.5325706840395,2.4117018204828327,97.61251675915324
16642,41937.13520675254,3880.481123942913,15084.641831165494,2.3520873597079293,346.71223537836903
2801,48771.36006001105,1706.0772128079223,6336.0781368319485,0.850082941338683,775.0563391891304
10922,17077.516988447558,1509.3115945976344,2389.5402139866496,2.563846094031179,306.33113287611764
5769,12748.817041519358,4133.3203663149125,2339.5773038943134,2.807344703883413,88.39948587236563
10264,4346.444484678283,6358.858198062686,5525.746685213056,1.0835515879046473,34.23768297727831
11720,42898.60741506119,7800.042995569779,10961.591658717238,1.3235403118626343,165.390510440377
17388,14987.653659081137,9253.588660587433,18157.798084442285,2.845493636029701,90.85722131264538
15248,2955.8333697115963,6393.450276225477,6059.897127743512,2.9591901855808733,39.34027686481885
18829,43330.88840454775,4264.551358042962,3984.5564172300074,1.6337496552369806,267.3650609648285
18745,25740.516678200816,4277.269980228431,9573.099746192816,0.5863437428816027,195.44250858424724
17287,41996.503625207566,5786.331920714229,3132.5763749881585,2.83222791063323,189.80289106270192
10311,27946.85700839621,5426.6048696696835,5433.816058616341,0.5634818361077077,146.23591979677693
3406,16029.62256385102,6444.064611700135,19732.625164536854,1.3255235733207877,128.72189057754
12308,6924.188790230327,5083.763246824807,11161.011507996362,0.7242247404052413,91.23926920932647
2069,22139.494882137165,684.0094318771519,15678.195351721854,1.779361042358749,1326.886874321111
12408,1814.1776083773045,5057.21068291212,4236.202280062477,0.5939321099084489,30.367237423653858
639,30321.74242071347,323.0793330978489,10401.367760023983,1.0635229427506796,3024.146839879612
5183,21669.399517292528,1888.018840309694,10210.580393017819,1.6471096464406032,406.85360867834436
7230,7505.419890006071,3935.533929933866,16253.356932427852,0.6854248034605277,142.40938696596052
11656,26746.607295236256,5557.952181862456,431.4280882689414,1.7010583867222981,117.01169887690062
5562,40145.079509460695,1929.6999740556928,17209.593924516776,1.1627850334368577,716.080088369654
2672,48752.61416592146,2835.3765220366054,1591.8986733768081,1.1672839041895415,425.60179292412204
3920,26604.245655165334,3804.6888458494295,18331.926907503315,2.842586517688567,280.92794034168344
6777,6912.772571640393,2052.430519200693,2856.7910088824156,2.225573094623325,117.00457505671679
1749,40629.95619435287,9987.759297900677,10644.76779634825,2.823700231115329,122.12717332112783
16571,34941.53515460755,8066.661518467235,1987.8164949472277,1.9392246625212344,108.72639801471412
3197,47721.57675393991,8128.272510720982,8943.826704093579,2.767930785081905,163.92611130789453
3253,26993.04339030783,5731.752180292529,5985.576720497789,2.5935703022966594,142.73059689481
15403,18176.643798358222,9617.113739825058,8401.90367595042,2.99460781970895,69.52098108887363
13126,48160.58596293129,7348.786514612401,10900.66982325599,1.7577587571947344,192.12373085176148
4384,27153.006781092234,3375.6984715760864,9188.772808981705,2.2403153098172393,255.76469415212853
7754,1287.3309772575515,6144.213933147789,463.25653597257156,0.9016728718884238,8.874651748330352
594,23946.616127843194,5482.630462438654,17269.062928988467,2.8487301421852753,181.62824147527013
4791,617.7125311531444,5844.859354082349,1899.0886255320306,1.4968688582627383,9.100054138959802
15491,37016.53675948643,8195.49405784574,19612.54782851442,2.791583555922349,165.55892475059497
13309,28514.283121154327,5144.662454245403,17026.372062871174,0.7517815554426803,214.22217954713108
13540,5935.155043524656,7313.540972156132,11227.50506192893,1.788136220894376,57.006167762963024
6280,40744.05970872479,2580.908125282869,4903.865518189774,0.5035011614062586,425.5908937395383
15841,27053.643242105198,9327.413257955955,1724.9231272280508,1.5400458210305505,74.83295458479189
8704,6145.988695300127,955.1833779326157,13436.702883705022,0.7079596344057516,494.22403756808103
2801,8420.538325312016,9936.441128272054,4030.1878686764603,1.6229491325267742,28.398669557260067
6724,41194.140667606815,6363.463772103958,14664.40567740573,1.8894870151979613,211.15409690304205
872,18096.6003355266,4752.51953924916,16650.16557199921,2.6306789214798667,173.30255659775023
4989,41144.25575451674,3176.7430996278304,19779.302536929084,1.2385811735118062,458.3243609750061
14701,3940.4162179207233,4110.904670366198,10084.310853949317,1.9170212538814828,87.5889085314809
6351,12571.02358355815,7845.990665054522,19493.43942759301,0.6661420397040883,93.80668813979524
6528,38346.838488400565,1480.3863336698398,2986.3939821133513,2.783762389364072,672.0979146129724
17700,32264.254985541644,2601.5828806635905,16724.94007004971,1.6293268946417876,460.08776795485994
11631,15687.813690166075,1324.9010109887888,7196.040103269507,1.131475072814363,419.82480135336675
1832,46833.30862653234,4323.87974337832,7296.24509510529,1.6580771245341834,302.139031255956
15238,10947.778654769241,3933.5045955111173,5372.950111074506,1.7037649834343056,105.31126040670156
11938,42564.08868666769,6522.970544572775,3468.2105667362716,2.358240963956499,170.56929441645596
16531,34939.32164230452,9957.58755667263,8844.323084872274,2.9364351307911902,104.64251722623452
15161,6495.295235349299,8934.35676866656,19745.735511665953,0.9653579314435691,70.55264238633426
1255,27978.223565729786,8815.739153869212,6598.140887012311,0.6362336224491112,96.83179408538311
4025,46530.42524623184,6492.510940490129,9221.635368497064,2.139268118395945,212.3232021066204
2296,31135.35442015156,2779.0221336391346,4570.087153569469,2.7114460593176326,311.5449104953742
14254,26675.966219534046,3902.448031234191,6742.403419397098,1.912604138288113,205.2567864143826
12661,18632.997938964003,2576.2090896386226,1102.8236335008912,0.6996749371331163,181.94371828762587
19943,39545.01296416565,1437.3316987258193,19120.6912524419,1.5544372387390597,973.7578075947978
2677,45696.431087240264,4416.709328379802,10196.044136874842,2.1368319149298047,303.30553332097656
2550,37789.181013086185,8985.597016489566,14659.023062102575,1.3201191916545167,136.98209725950335
18873,36399.84329742459,7464.026895756904,10265.79052482656,2.612267404989579,152.83084801879198
15992,10028.273270365042,9849.8951694844,15403.937520986236,1.061733970326805,61.21075217624251
6309,41782.323925587254,2028.689686502279,10681.808214926774,1.4112367310047804,623.5840814827794
10763,2514.4448275027444,5055.386152884291,14030.89360520666,2.791081334726619,86.07033422378389
6476,37989.393088530494,7951.156377343491,13696.019975750369,1.9338744761532078,155.6180718718053
14838,10938.066705186953,4658.565849233552,10671.25933648934,0.5155875876409101,111.81522162672671
12675,24619.432864232214,3615.0383537735534,4611.7420027075505,1.1100533310900178,195.15422798880374
2193,34914.08037805568,8177.279459166292,4236.955538304072,2.3832904848746486,114.05937592736875
18935,38074.38144706487,4360.0496276377235,17486.102302028314,0.6301205120544857,306.1821896529501
13595,44460.155089110056,9138.377281363322,2413.7316521478924,2.982640273420288,122.05404899304472
15338,14488.3111425955,2757.1738577558085,11184.834384401298,2.7447649259451765,227.54747534013194
3420,11603.85202991437,8974.892170625531,10050.70047655342,1.059567040352381,57.26034880959181
4667,49814.18726505332,2856.762326897073,15968.001817201948,2.7387620846553444,548.8984418611911
9577,10774.12935473319,2966.686701413468,2707.853107470379,2.2486838544948515,105.57933471858357
6639,33441.2969629545,4263.784290728692,13745.964042918062,1.5633770134409288,263.0839967063611
1958,47660.86222506924,5206.53737035634,12117.022746591521,0.9902937210108876,274.2076744732918
11847,44879.52135549938,4240.428387056273,14023.930331554417,1.00052856994672,336.0076747029323
3910,22441.540152648966,8635.275993515026,12424.513690049995,1.9851859432087402,99.33947620122542
1062,32060.292720133315,7976.134002498354,11250.947708255379,1.5401532329767684,133.00997530332202
15877,26690.266010659652,3167.6484827532754,18525.36497142736,1.9880146063883704,342.6313643465613
7492,17659.45136429385,5164.046849097914,6973.151370244162,1.325638893274825,117.4609780626877
12718,7648.894002373622,4367.195842445248,3693.752694230281,1.0751862912697534,61.59899930862453
8296,40268.014418475745,655.0962002975635,15908.122579689747,2.591389064380131,2052.5549850995585
6159,4976.86354258895,7506.654951355022,2593.8292637697778,2.800108872267444,27.050340313301785
19855,30676.555377143857,1898.4994598284056,13594.452237256268,2.2631430154675485,557.5990331401704
17228,29921.27403927748,9348.003080901584,10991.204042924439,0.903972209364909,104.38889663751138
3216,17073.804758991413,4038.006158799416,25.667264587605487,0.7307760505259976,100.5421344012976
10364,7202.723596162132,6260.3541030157985,4797.244999540895,1.8477092463440203,47.57037340727899
6160,40082.0378028642,8201.163465805803,9918.07817860591,1.875880491714629,146.7979828240573
7732,23365.258399807437,1884.9376598438573,6594.298531881311,2.0981040741237225,380.7731352201083
11819,36401.00812815865,5457.249882127265,8537.835518788428,2.7654385525834035,202.42983647924638
18003,1316.0472016401072,2450.455963209892,12025.40076105465,2.116984614875676,130.39508128343545
10604,4187.906631712648,5145.74044876766,14616.510464388244,2.79036612361833,86.9939060892988
2762,9204.460384117185,5836.416565922922,3024.1491036385582,0.7942436857505013,52.70904415364596
17626,6134.9851524714695,1774.4968890811838,5658.250482076574,2.273118821044361,163.0053855666081
11144,9989.485162606017,5850.1039195491185,12729.809677624671,2.818603227607608,95.87848897475072
16141,34481.159378679455,4603.589258694945,11768.813315508149,1.657014446082997,239.32267826467927
11460,2826.3550893532997,5267.796456751039,14736.963458011625,2.9188008003321286,81.12042876661337
7830,2374.3477992989956,9059.17348533638,12810.198530566826,1.8812831284635099,40.48226165197252
15948,2066.779072935956,4889.650974772144,6603.01060108488,2.8574353869404097,41.97291122219431
1282,35033.6316680728,4813.870532030273,9984.716603393506,2.3712955352241023,221.63977402475447
596,27038.70588356187,4756.9462200339585,17694.8354780713,1.6444024143117386,226.35312727235404
9278,18826.999377609958,6268.742319495272,3721.795628372979,0.585728504951833,89.59127566395219
13874,33942.591451421795,3738.4214222077408,7534.89584191132,2.1434793576306066,271.16711451098115
13328,27903.411476283436,8033.464953963503,16834.576016568233,1.135696526276094,137.11457015783998
19122,863.074608515115,2931.896121807771,7283.884407924759,1.2216380826704176,65.34272856325701
16813,42008.212375621406,3065.5073876128467,8244.502714971848,0.5494599320274716,390.63222674063445
11278,17834.126967974567,5928.627371008007,6384.456874855373,1.8941311270693273,93.56169950919413
12872,20278.282529834756,2672.9045426383086,17990.510550772182,1.2232359030217326,346.7794566199133
14146,39223.352770526006,990.467344393542,13266.824743206556,2.955971075353113,1274.357224901024
2988,9760.995378615335,2135.2968455770906,4175.578600839834,2.3725191919362074,154.9788530794173
8317,998.5568445055944,9145.208038976143,14992.684188036557,1.3937181987187746,39.69240527795852
19721,45487.49806413031,205.93584169780553,770.3118461336711,1.236121500391368,5394.743026941418
16883,25521.1736493227,1421.2677103815088,7928.1700659884755,2.2874331689460643,567.7576220733667
19270,17801.592939935832,7604.5923877055175,18195.39514287008,1.135519518640978,117.48323192018968
7896,41042.75619116726,9800.622329852438,13795.709020604585,1.6200146441494643,135.97365273150658
18725,1801.5982031639194,6913.034425473969,15861.914661513109,0.9009633342632113,63.261942296923266
8564,10513.39564636477,9231.111419585352,18626.302532960442,1.1352708112234802,69.5814706358917
5269,8186.759092506863,8566.83399143854,15491.031193654364,0.7459632740534823,65.21065457117882
14486,37022.61887067547,4851.704504202673,1771.6795375831507,1.5678696125808025,197.97325244891698
9421,15948.294158806833,3401.880129042766,4612.847407671721,2.8169571704692236,143.35344724929402
816,38758.88390420632,6359.154850728183,9999.88489575837,0.7521506314740923,184.67596864421566
575,2553.083974910957,5382.178768444815,277.15577539098257,1.5933266358519875,17.293504495843052
11738,30601.721101107843,355.710264478102,12491.949620387095,1.2458063151559822,2910.181664247781
703,16251.92585649113,9577.24198381681,13144.89292973859,1.4074098686944063,70.77040989744737
8395,9752.536795286145,5745.448918189412,13928.96922414586,2.4287145591219232,95.4006784119399
7067,40929.86712467906,8757.468737608926,11114.495971985196,1.5876078802163014,147.45757701016797
14546,20906.381118030065,7372.8386929428125,9047.586103692682,2.1259832298152643,99.72986841818229
12980,28795.66506190043,3474.2466343188444,17110.963466725163,2.930493622275714,318.18723075756213
7960,2137.650267087334,9021.464122790772,15346.65434572499,2.0411519313606306,48.02141578817219
4855,39685.413605282294,7925.181295737372,12247.168343220412,1.343471914988767,156.15975254097702
19935,14700.686004166968,4354.937106348468,920.273855468079,1.4941392502542685,83.41515248131884
3163,34823.60381969099,8420.7346552319,13878.579514711777,2.2397727596038393,140.1264573496011
9123,38143.49194691167,2788.3680936331443,11163.219783144948,2.235835226165287,422.58757996340756
8889,6297.254744905742,6739.766440368842,13869.784937842598,1.4202571343867403,70.04087390857663
538,15147.077916740924,1234.3593075199208,6228.19578035666,2.3111687960321055,414.505668899821
15544,36310.284058487465,8671.100580595088,15539.709228108328,1.8764396333998445,145.8633349274572
10818,11992.788598501476,7321.383402784143,8358.74495501064,2.951050947080801,64.60710134930594
9420,42484.61062670009,1610.4215294837784,17889.369544158468,2.7702276954733955,897.376547899432
6686,15942.689778715916,311.21259209609866,2080.208271757369,2.5596327209868233,1387.0382518144181
12919,20415.34527454566,3959.6919611429307,9690.985629631326,0.5858361117995707,182.0173460912047
19008,5437.2956878260375,6785.19864737572,4114.753513700586,1.4510864687325027,36.81887642761983
14757,7809.918371164188,2903.159324409754,9069.396938579355,1.9332279340067509,139.10205053105045
4634,14133.370597957452,9735.226361008547,7075.284867169751,1.8040405193185765,52.29290050231165
4271,2920.986998347818,9353.34574329857,16068.682452376852,2.408914218480219,49.296013520629785
15811,10055.097847435145,6019.610598757305,3343.3857543132794,2.772709591981021,52.42945427056959
6038,20742.679819973655,3224.430818608601,11974.352709531651,2.4678573804616453,240.78973442341743
16681,19308.131219928826,8973.06559337198,8129.689115393501,1.0505027446828197,72.09042457955738
3757,10335.371801436077,8054.361323552354,10361.503034229005,1.7140304471065746,59.96967341465727
6961,4482.308850745831,952.9280920184373,14288.069778872377,1.4840290244382346,472.475602188634
14275,16248.317824285847,4815.596013298792,7142.023672510476,2.4155015818946133,115.21735558035431
14243,37394.65707616619,9814.02746256643,7341.058196610992,2.737810056608618,110.07635088852105
11898,25749.928822722915,4593.6632051548595,1536.0535520658568,1.2170693962016215,142.22078498747024
16544,47366.79672388642,9335.793852341683,11038.965465191632,1.722274613928072,148.27719686542613
15272,7424.373223313607,9775.164501930629,8338.084947458217,2.3297960474837973,43.066869308495455
8400,10762.238260358987,3934.8565550481862,16245.784898771906,0.6248824281613453,166.1717906742092
11290,14374.826915130343,9649.128922737862,8785.283876879117,2.9076796758510643,56.980857861326434
12005,1143.594040745541,1465.6113125810343,19415.944201541708,2.499909881598443,335.0486821895802
18128,47197.33368361562,1685.1825007077648,3435.710409161454,1.8569161098759133,723.8467632048707
12779,22545.509656426915,2837.7797548493168,5341.227513700864,2.446626229320314,233.24354127096194
1157,24341.649122942228,4728.806248700873,7838.270360018962,2.5908949499952647,167.53338620705063
11657,8313.942611680124,1892.1452750156645,3408.4170151060043,1.7345882897534508,144.38559989864714
18583,43698.53566032454,3467.759264758382,19446.341190186664,1.6001792034775917,445.3220870356531
15025,34785.2957138319,1126.1657454419912,12819.207989107537,2.594258677442108,1013.2454287781455
13116,21852.368882433555,4357.080317742582,223.98057776420012,2.649179987057503,117.70770962935968
6463,43959.58908398167,8292.03699244059,11570.197890634197,0.8090688140097517,158.71501349121812
14497,45320.158044083626,5991.030027477069,15624.981976466623,2.7696052180063306,243.2097716020599
5035,2949.2867813839034,8120.575412040961,1026.0017518840602,1.1919849257432689,10.058155460316867
15080,6406.567190787459,1443.5556831229599,11558.463416198454,2.1679184909058837,299.7473314051531
16164,1867.6008181369248,4054.4143233636787,7486.2383236747255,2.273276121946832,56.22345996226076
12318,29295.64723136407,489.29977331590504,11629.53667084205,1.199309072916895,2016.893010321741
2476,11288.221078723684,3762.7925627574373,5052.118773620089,1.2604401925141486,104.48421588681173
4169,42323.940134883116,6183.527583851149,13320.331040266165,2.265751673797081,211.99445092017666
14787,23562.73609562063,5731.805116443681,13426.655512611691,0.9376899553389755,154.3628821282295
1437,41966.6324465093,697.1948406623399,10790.109644871061,2.646033338921499,1816.4928774577697
18173,28002.458561378706,714.3885612147204,18475.0759792132,1.0572385377235447,1559.890180056555
5170,39910.305960493155,3120.1680301500332,18189.589812703856,1.3779311468224478,448.82338276750215
19034,18906.822905763256,7736.851780980944,950.6938480412064,1.1666460939969414,63.90520231637627
7921,47296.995107048744,303.70973600164075,5797.8773241428435,1.1132447222054327,4193.799324231176
16314,33524.356761894305,6197.679822872355,7285.177281381052,2.9471655919343376,156.97421776163267
13453,29976.781947697993,1918.647119394758,1105.3694609475383,1.1333111796572524,383.08157988293857
2016,17941.65584929748,9448.730799962372,10472.748054579402,1.9458225845699302,69.56170510385972
14072,46890.60695577159,4359.132249952107,491.632694452151,2.3634534776884304,260.0722945465997
10774,17217.852811270022,574.0508144859973,13561.375572392308,0.604936207820645,1287.2453613478754
1904,41875.04204369225,7165.0209551425,53.769177985025784,2.703929964858646,140.03989548522168
6670,20513.25668845278,4897.6334398986455,638.731870505711,0.8822228428779001,101.12622180817735
2853,38475.60807432895,8824.279750844757,16675.0634582326,1.9701644178596982,153.31804451662552
12499,45637.95682124629,6553.068556246872,5052.186436107256,2.1028203007153703,188.6701310197298
11438,23547.55228955704,6956.004046298674,1624.5787640118303,2.073914599067634,90.16637930034919
1080,26543.693005884877,7695.872589559225,7989.330631385494,2.3336153002814455,112.34437461465407
8793,16851.97384367288,4261.508309744053,1018.9742320591622,2.828093894858548,97.6922395909776
5050,3207.435802371171,7946.2171861305615,15008.203476943452,2.817220084880698,56.303822493321036
12980,32797.81930009514,601.1674038545261,9882.945349642512,1.9451949841177254,1706.6528638748146
19847,6422.304964683255,7678.721306694501,11038.649588106928,1.4247968701391671,61.38871345116964
798,18025.91697043437,6399.4475896490185,15060.243920619483,1.303761565235621,128.57367037758348
4616,17799.948537892276,5709.983907894968,15689.169759962542,2.7167180679382392,139.99102264978387
16928,7974.689063991439,3249.691130383102,2725.169088632695,2.6328216883906905,74.25390066520009
8147,33502.160637753135,1229.7148234691974,5605.592374968118,1.239554791227248,759.6254203969004
3043,9142.666875525263,6507.28809152882,3513.3223358906453,0.8808744777315382,48.69567716947122
5278,39027.64928439736,4769.542244614191,1080.7735753525537,2.652855297869098,202.0090641390597
15058,12839.314039277306,2256.664057101328,10750.347837036816,2.0208729183451193,248.7878689345889
15883,14720.730558441172,529.3302578595186,4995.991770849874,1.2828472127269506,888.0023530062381
17171,17514.55095163988,5433.77515757678,3079.619653073726,2.0266221228193393,93.61903426601535
1016,8061.251763820156,1350.3333896273202,10202.945363958954,0.665492055741549,321.15818463326667
2701,21996.09208787403,9301.251929152322,12680.30070257944,0.9753418899813131,93.72612735999834
7077,4476.093649049875,1591.2553990774575,15442.045498565642,1.8644702560708597,297.4158109397013
13129,21642.24619255989,417.05142179141313,349.86841714390147,1.847920816936884,1264.2433147879099
8602,17325.650555485943,2694.2703889261556,10525.69117155312,1.1166710977094094,246.0935604905028
4158,17244.139636899825,1832.070468962216,5341.421519985623,2.955221425499837,297.7717387172978
7422,33203.37546634352,7933.258428487746,19831.814633578095,1.5310915033680295,158.42998197040492
4786,38566.63228667344,2964.4918019199404,3138.733687245252,2.271345268527228,337.00533106962126
4436,18121.92685163539,2527.8815160165896,8756.915333895467,1.1461420825828332,254.14195744103696
1490,13469.727256969172,9948.603241296292,19400.526448395653,1.5611934372992824,76.66068766441778
8221,24970.297018789017,1585.6117329283609,4261.943888871591,2.578056454346873,442.50978579793536
18735,39492.094235995995,941.4855220873121,16137.951775329924,2.6214935396816523,1418.895410709987
8689,32406.361090342903,3125.678647906618,4860.78752072445,0.8381485602234863,288.2635908438321
3209,2381.0667148934117,4110.394197329461,1505.2726963272378,1.386674922710584,24.523778643848928
19505,24256.511425387907,7628.19935867555,855.1037104403503,1.0078760949061558,81.16009107995593
14066,49552.77065030588,9558.89479534325,18974.775496551407,2.72567109573059,166.743463299277
2678,17979.81262020368,7660.403668162095,4257.8680963459,2.384653408752629,69.60230908614126
1338,22315.481669029123,7293.720852670688,5839.099738775389,1.9082776503799057,89.95936368414905
14188,14726.633205227523,9915.334246917511,19338.198609648945,2.125210151549239,82.48363221155715
10247,25135.887134795445,7677.101016761653,13147.82389855058,2.785386971643594,120.09965471753331
10125,8465.60546716765,1481.378525766465,9762.539069407228,1.2581886922298862,295.9397994906094
8604,12727.175177810157,4669.144408589857,8708.433154322713,0.5341875166006306,105.36921910776066
15478,35730.94726573935,5084.695737957518,971.2850364263126,0.5658883440997529,180.41690257199875
7838,7345.196287476968,3117.622164972596,16778.896477026356,0.6167182619684572,192.6173236587788
1668,46344.116300227564,1726.3267126270273,15240.722423934025,0.8212022789770835,854.3059366165214
15687,15744.040220648714,7146.23122351639,1813.9507364563533,1.9271856384103334,55.627072854038786
1447,28963.74229747268,2847.197109895187,7069.143203821509,2.9527162374791596,312.2593414979084
660,16430.61853954215,6284.083848272818,17708.19833649066,1.5497933645797937,133.70294178410774
11823,24162.523400853006,3293.638450821198,4728.8287077851355,2.281041257729205,212.77132368000753
15050,45238.16573837613,5111.739673038227,12224.676593281449,2.4804428264715543,266.11878838426793
3127,3894.575451432653,3436.8227537034754,9758.718098314725,2.5034925738007865,100.17865253497288
16732,42888.96002201669,4176.408969480064,16370.434272565013,1.6082406161199596,337.9320470082576
19419,28099.897494376855,7347.458543298948,721.070082247075,1.874864980189455,93.58573125309374
19156,33421.027305024894,8849.866577596256,16322.941763239429,1.321884818971205,139.03238216013983
17044,3266.409806286426,5136.582725185167,2714.383440870822,2.2196525324411045,26.709119163558682
18668,38189.25630726277,6141.4855111460265,301.45025801195493,1.457168663147925,151.11493401617773
15380,6825.03152816909,8657.657264333406,11910.015976536844,1.277658947902048,55.460542852664574
12436,48258.64839960802,1517.90177078689,5172.8216778742335,2.068257884077225,841.1881009772587
18911,40064.72017420896,1705.7600391627695,14185.54677882557,1.3531385911255467,766.785316475818
12698,24896.96495250155,3656.445847123575,9395.663532979257,1.519998516790873,229.90990715935027
8876,46246.26438288927,3159.775978284912,12110.480808350805,2.2771841514638487,443.04074491461427
2396,8869.127467153708,9865.099593142277,13794.126561851494,2.6333362681598373,58.83506275358322
11987,49587.36621197966,5684.51055231994,18538.558470469572,1.587004052990398,285.2992819550907
2904,35982.54272803194,5286.675616794525,16462.207453335348,1.8055000221845154,233.47423308787904
19423,5369.706724152511,5829.3145337226,9902.240091388585,2.3659562653375232,56.932115619938386
17616,27061.27945483934,8764.028314498391,8760.317637692575,1.0623709021459755,99.63574044043922
10313,35688.38023888872,2511.1229114197395,13093.521692322243,1.5375143478465951,467.5908446753673
1077,30844.601953073525,5158.576062528002,14670.682444295173,2.5286425391418677,210.00359652777172
19045,21485.49524765277,2782.535608676188,3453.070957100286,2.73620768018246,218.61638897170263
9069,12783.071370146457,7827.705478592371,650.4899119580099,2.1122613959759993,39.25302778683083
18192,12292.359922190788,7793.441023538839,9093.057036300988,1.483488450310335,62.13144219852937
12884,46384.04338738139,9578.55421428211,1989.0624455157702,2.0148068398212566,118.35826559231886
1341,12119.667158808772,4523.538392481519,5454.670351489029,0.9471049748652509,97.4774786654456
19055,48139.04918563473,1670.645415072699,11694.791987259903,0.5732395326581594,862.0798315064443
6753,10906.18128980572,8974.467825276635,3029.04065927025,0.686538107658219,36.76353194422561
12840,19522.047046786614,8916.96591789422,569.860804563147,0.7704310456263157,53.26807140926824
11327,1110.0096076262616,2423.2284487392967,11092.015898441889,1.0641487418266535,119.15057048555211
5321,45205.62500014379,2835.071183854864,9324.551005341915,1.6543142740085466,454.315296451371
18297,5665.40792893469,3202.799661689384,6126.061339078757,1.0807710172162155,83.56054508343603
544,18187.7983413925,4572.325735958671,9375.71621468294,1.9625795303136147,144.26194321020716
18570,42204.65160910051,8307.527505553882,13670.45278747329,2.995749571182215,163.18980136886566
5736,39698.94796802362,1529.2619162956157,2180.0147234810383,1.7454527362383951,656.2604179448116
7125,42154.30049352732,7033.870247247031,5113.788875131944,2.3921383864170074,156.62860994274897
19609,45748.325743360176,3592.722163660317,15899.208918710656,1.2310038934889276,416.6941741283824
8509,45598.00403816012,2037.0652732425503,13402.453859057288,2.9071993411494303,691.0083607694779
4514,38639.7086404685,3450.540853070907,5325.0704684117145,1.122763688980492,305.8436420972617
6280,29329.971389290942,5379.431820058737,7963.010824651211,1.991577508556083,166.85737931089315
5095,28296.688698586517,9221.998882323258,2394.993081074328,2.9583267484605855,86.91008522839896
8765,1139.5169643479971,6319.859378041578,5062.552142886394,2.5206140193231,20.720936372127724
19902,36267.22826895496,6110.10318358862,16823.03681909517,2.980083265943091,208.67365766896944
6792,11720.497404347097,1176.5362648843263,8808.212874834946,1.4493449643134007,419.29790831994916
2060,41520.5222352231,890.0296229323827,12805.856948382152,0.6940787430345176,1461.5211875448542
11824,27913.30221538146,1381.6896084244556,3194.82941437615,1.108726640221556,541.2555301944865
12494,49368.77005498972,1045.9018346582009,3666.1132797110386,2.8940337603094384,1215.6664704777488
17356,10908.53746316545,5806.0079072013195,18818.422390472057,1.42644505495299,121.95091070818428
2717,36311.53538073001,4580.890971323363,16828.671792700436,0.8119340856705921,276.2414405554995
10771,27602.921541211377,149.42196718995405,15806.615183459066,1.982762006451518,6975.926273073414
16936,46624.43880737265,3575.5598629046285,6591.805676116413,1.75105904430058,356.820141586985
3487,13666.688556489607,1360.905101798958,11255.11968739755,0.6561726635812721,437.0990136351254
8830,3442.1610802324385,9882.383032612286,9846.821233655643,1.6323641171959147,25.776451902939243
19021,27421.348848484122,4655.559836394364,19124.613134610514,2.0821717302009843,245.59358829794476
1327,26319.844541524126,4318.653723838116,4792.688604886859,1.0817199083300726,173.12803631063704
10775,15929.50738970101,6477.3258854837695,18944.659522811347,0.8111018287839229,133.08079344976193
15851,49333.62098534355,3635.225685018554,14137.0087709973,2.661991876954002,422.75353680099226
16815,3950.71549562921,7183.594816831015,8273.830897356185,2.063620243531729,41.966489230424635
18132,28691.244848527524,9057.45845971112,5327.097225784157,0.8881421127026691,92.87874097752137
5335,13380.73713760178,5039.083137161054,15147.067233862186,2.0727702489604356,139.66961174436943
13697,594.6445770193595,3890.9379123946696,16458.698534721312,2.3381397471413115,102.07466408439853
8877,49398.53230550606,5266.77875270859,7150.547646575147,1.9938200693431698,260.36792565726716
3942,24339.835417097216,6075.17168375519,3437.598222732041,0.7903920289870163,110.59054954870658
7902,42930.92942806096,8492.255789873225,9844.89154240831,0.8118618533677037,146.4801570285109
3693,42083.32836273119,4005.346568355553,9370.0466068727,0.6128621821429929,310.89034928318165
5428,40707.77914987638,609.1715619124268,14508.051659721254,1.0850100383995267,2172.5004475946885
10104,23221.354011032312,6344.264851823325,19463.697082873256,0.6491227101719367,163.13225880373875
15761,44848.35273382361,9870.09446828969,10625.643909724331,2.5132587191276348,135.74634101088625
14277,18679.975338049764,8556.943621304405,14634.385771213656,0.5385138197908119,91.49373544764968
8096,20715.152454251325,7606.734204503022,7011.593085108878,1.9525423993057864,93.13336100532499
19800,13157.40719461299,1847.3696714500802,11991.494860881852,2.524583520216704,329.32416379282137
5037,22680.211257177758,7511.330268177395,2306.5586433023964,2.7371574778292604,77.4238782298511
14432,49331.760039164794,906.6183258984814,16298.681669308276,1.5236376372076492,1741.1277577347105
6145,28875.41278155289,4989.787918888515,6886.484582691152,2.052310742691656,170.9596424511935
4761,41639.338601218486,3771.907529882754,1600.826950826557,2.877917900443039,273.9171615252754
2435,13535.474418489654,9062.334693947405,19811.22765489988,2.179026128369754,91.18540679721524
5038,47818.07424704639,1682.3739171216005,18035.764579423227,2.752730919559479,941.4102261132459
4926,1152.0743265011915,7909.961535186989,3948.666913513754,2.2107300232139884,14.733132882750208
1858,46547.13833629209,580.2678287523773,7264.037005647117,0.6699931723736858,2230.364507784617
13923,44951.19257012475,7047.372128676358,18734.353930952533,0.9922074999762804,214.53636469389295
2269,3834.132713791129,3008.4042438357124,15926.574556504374,2.8511275933087075,161.9143011015575
14225,30439.913001828452,9761.542886655869,18128.24441550543,2.61067231340809,117.15508810567216
18076,39369.58059704815,6750.260055597685,11250.995568867937,1.556804464309238,181.07760002926472
3316,20488.49010668708,3158.164264028728,4862.324409401961,0.9028141522498602,191.58055518107716
6767,5046.937043101645,2431.65813993251,4541.070546754997,0.8929260352324124,97.02514714192694
5356,41555.29641248905,6429.156891123523,10513.403704750819,2.7621550312021603,188.264497854928
15919,23591.666718363314,2800.031404035962,18479.99942274727,0.9155197022984602,357.48400837155305
17926,13530.88002013667,1949.372989288171,12631.739654053603,1.4656999221336422,323.83139205946117
8917,4007.3443012432017,6511.930086728914,687.8105758342357,2.752010751970168,19.95581376440856
10670,32188.506308704193,7270.441741912781,11209.51456000449,0.5835821755625488,141.3508811987097
7255,2593.9421230923444,2456.4802369615786,12168.81757242523,2.0768528511248987,147.46230196357882
4477,39659.14627710949,5405.13741721307,11631.100655945776,1.376488970967204,225.6524636634916
12523,38652.22421341242,6669.932538870483,13821.52347453236,0.7694582800625742,190.37158295001632
2383,16485.663696307092,9424.975444107666,5870.276798953991,1.9188097740305317,56.50783385141235
1040,23878.223422805542,8053.9896094538735,2875.3061727736726,1.7122529665625257,75.21433880990456
9337,33626.37048785969,4266.067017452267,15000.972578959096,0.7480038454732822,278.8535572177655
5226,47976.63087516403,8459.632703621672,3927.061758772126,1.1680281680382376,145.57474448538122
16786,26247.47573734947,4472.770472761924,2283.179208379653,2.350890464174625,150.88392639845492
18572,49835.64708811193,1388.2538596733198,7187.543753283257,2.389625593829842,984.6659238762049
9546,16592.736546677566,3476.8944622320655,16655.08234032968,1.996706830072445,228.22118775395728
7134,26561.351357381136,8066.7677054193155,1642.1661582971692,0.7762179487887941,84.52525956646785
904,6222.97012182688,9562.467290938863,3911.2271748300163,2.6327295255917402,24.012611252722532
8311,28043.758916582414,9837.479170442984,9505.187565054559,0.9317599559772165,90.03724930195548
7518,27047.50882329101,6427.040423493215,5752.939425426857,2.302345965956744,123.93406134584671
11632,42516.288765672994,4835.58537803334,14433.220178509084,0.606460655234587,282.6727704129172
1907,49829.303420480916,1704.3649347814896,13498.048534665648,1.3295746091216338,893.1344836605195
9512,49315.81656480221,1114.990642242328,16850.327260128954,1.69590398495796,1423.3578459945463
7530,12196.90918641389,5233.171836106558,4076.863504983299,0.5699101179345532,75.53878899335353
12366,17253.054906291396,7305.012942703093,12978.37509013984,0.928884052676797,94.75764673362823
8428,14095.521516233599,3306.8284224674453,15494.690018638712,1.2972756324165073,218.032749769582
12527,10384.137791200037,6779.299605775834,1253.3424555775573,2.956268395641713,39.9679217620412
6706,7931.73265421262,5751.022952485127,736.458853387878,2.4486896088747194,35.51805882728239
19065,25831.328622109293,9413.413730988936,11185.166761215616,2.6017411792946485,96.01930219156746
3732,43688.68972864671,2174.6136218198576,11757.095361323862,2.1687922226053042,612.6602366407086
16117,29698.444628909398,5951.478820606792,7856.175194118176,1.2309862711970618,153.35069605789047
18435,43696.850689199804,4196.589375477816,721.4662819250117,2.2736197588097387,258.12757713619186
857,47994.98408189103,2689.5979425040196,8038.436407158431,2.1843524488874464,499.2698810903364
12138,19465.500337277525,3637.193717881276,12841.770822824361,2.0248779527151637,213.05948559429962
18478,41865.55643249758,3015.8960535554984,14037.608381329756,1.2458037589120903,452.931724964229
9725,3090.59333751734,5323.7211926451,9855.829478858908,1.1580359078095508,56.94140803133716
17232,24313.12105806672,5624.737623887787,10500.499548513897,1.3407480751168852,146.52641356885206
16263,18730.677776326625,8668.846666620615,13453.48551785114,1.2809926233487199,91.47535059060135
2158,10640.168365129517,7834.927541763825,8986.04763883641,0.6945815401291789,62.93309297943401
13815,22200.44407734543,3094.9007571389698,5270.298973573715,2.5056949525479966,215.56480388167728
18703,22463.275502911027,9320.120327790786,4459.39776085694,1.4231426746381857,67.34347582605858
6381,40522.70984987573,8696.692454893458,15055.05821359943,2.266592032630155,152.95470252613893
7155,43511.47127770022,6296.043333778327,9750.972732615404,1.1998111433487566,203.0185264954523
9622,33019.04600398957,284.4224735629115,12481.71990642373,2.0050407846193616,3838.53925873617
6543,31852.713793604744,2170.452510870941,9422.115844700049,0.5866840044519179,456.8947301526621
17367,5954.027998730467,7914.26059863162,16376.748328476428,0.7650959028341737,66.78314046347097
4412,28975.459698983173,4592.2318989009855,9936.946954558045,1.411324271395121,207.93976554280704
857,14085.016019265007,1346.9101271543163,19761.092478465765,1.1718419502869932,600.114195172839
13172,15090.75504141605,4141.770742483055,4852.092294391461,1.38350791926695,120.80109195022094
9526,5191.345287072526,2197.840925818025,2770.5337447112834,2.8267303888939312,83.19253621531949
1690,31975.47356791043,8936.417229461838,7471.930378273968,0.6847519548208822,111.88289636599467
5064,29398.51627111466,8903.658202675328,18373.13221475421,1.6568270623826375,131.55008706162621
9184,11403.492074660608,3931.9156028758325,17046.251967376847,0.9956415600955982,171.56482966891338
3909,13520.327715921434,1460.195660762044,4947.059312863127,1.389596295606109,303.5185605664915
11819,38763.55871004208,3652.429214602709,11993.951363919821,2.1925872088285208,335.6457964100451
8743,39750.20149972897,1374.5256532706921,11778.794770464354,2.9323478202810005,901.8759587687421
2408,24907.690078663778,3110.055348890347,5867.937897254118,2.236819265050955,237.13533969738776
4146,7875.633433475344,7734.697203618469,4707.633583712618,2.7121110759218485,36.0027721435351
14332,3251.822863546362,2990.2697447537316,7800.989728046432,0.868146664248997,91.86783999315541
19261,13937.7087233729,5487.599218938896,15772.376016108243,0.9534790360537242,130.77135036928937
12086,36693.69625324853,1276.846381674227,3834.300831051256,2.6919211994802175,765.9934470548255
5904,30240.42330076981,3541.491877441659,8914.468772468947,2.018805855095995,265.01610491342313
2125,36046.285053393134,492.41290571812664,9633.970969063825,2.4802984567300856,2227.039368818466
5918,23851.525049514352,5526.865788498977,18782.49447548746,1.0571495202405117,189.3976341902811
4886,37857.94116034117,3541.469540151947,6070.449225430474,1.3714874372555617,298.42074537347975
6854,24299.886816297367,8732.838740967502,392.93145376262606,0.7025863192311486,63.965322234695876
1889,4658.73025778756,3986.270743418264,13874.624850850885,2.738963622830644,107.25307663948294
18371,4452.985621966587,5621.973682862172,15115.83004804614,2.8908885616201014,78.37177929040061
15157,41659.38460251347,9768.776864058123,14060.647828513973,2.6436596188582793,134.26413045922877
9608,31666.404543189212,6462.788718728501,14014.779623750403,1.5929507854282863,168.37304277103357
10833,14316.78942596533,5054.6727480901045,9664.548300238159,1.352836777856783,116.53659091696962
17594,37980.184183071426,1071.4348246436807,373.21608961403905,1.6565019356480266,862.1635699100123
18770,7218.897725371767,8227.546479584506,14598.359506938332,2.0940437575180866,57.35127812315784
2716,32439.55123084837,6459.595053962799,18730.403781015735,1.5787683591508148,191.97252164734726
18204,49479.55451317782,1174.3907187883294,3147.7271107073125,1.5540506954945061,1074.3934503525838
16804,7925.967544295155,2532.124592682107,1358.285181671346,1.577597733454443,89.04596821111345
14933,7526.271324986637,5422.709868231574,5304.105771404673,2.3614429570353295,62.567120353460844
4945,23657.80335318001,546.1180897719098,16995.87705626407,2.466977175630025,1784.124131852189
5331,32311.73971581867,7211.269954210677,2122.9435577453537,2.6763458057095084,116.0867717405075
11318,1814.0436468471767,2355.1590601059097,14303.368013483543,1.1074681850656765,167.43149653847038
7484,25233.71014209346,4948.134686676181,1258.9486837576835,0.8937618919654364,128.74542618791878
9092,4616.932411886738,2492.2697487239416,655.7803015967023,1.3628197899320011,48.91798862814604
1250,12445.526951739135,4942.950333512345,17826.037521124483,1.551120008829426,145.0728007890847
14262,35763.682179661264,1977.8221572544962,15411.204659316774,2.254669146734912,619.5443103051678
6094,37073.81490504962,5979.813932932552,11971.700979680365,2.394826084629087,197.54656377463957
14230,36621.756303209615,9113.026601606854,3439.9050754944806,2.960382167106326,103.4505389202799
7671,3724.7435354142476,8092.625865985208,5576.972486672085,1.4455565720070962,29.360735923055845
18771,39444.773882648595,2491.0555627896524,972.0898165650249,1.5062995724635873,390.6523233800264
18302,21894.246741419884,5031.283908109216,12907.257057343135,1.8551999354681852,160.85384389655002
19487,24027.824212531683,4288.773347882297,13721.716410465779,2.5508386945630206,214.62075736572393
13802,21274.678408822067,9658.203681950017,6536.175235999964,2.1523350220007242,75.73579228843845
10710,42922.60756295611,8008.32916063267,6768.326339065325,1.931648562456047,147.47755069879716
10337,34158.532972426976,1163.5437704515284,12579.552929408073,2.1203049074366893,966.7974368443914
3987,25251.279163677373,1768.6687670629342,18913.295268597267,1.6611259798991158,603.333174602836
9505,41797.207585347525,7050.081103893791,7894.188525156829,2.3976339226571475,171.31147886563568
16205,40365.49307194219,1682.5959387639925,9871.807709382554,0.6882392776347508,718.2543271982076
3669,749.686110060021,9509.638640148649,13965.519415985513,1.772559940636422,32.05889614819096
1523,24204.55824894216,9930.173812622732,6846.419109628572,2.516444127720229,74.19390858805416
10201,2591.182424596757,7805.871576183495,17377.16641511932,1.256297693724588,60.94098350167037
15166,15705.730840060422,365.3223692225302,16923.631017239637,2.608540101778903,2147.6061075421453
18277,40289.9485013943,4878.995095764987,13485.659651994512,2.457080600262045,260.68175631618544
16301,47230.59142934255,4120.187142068908,10738.47198816954,1.9516728655543822,343.5182200107053
5739,12482.29970388391,8015.402852375554,19670.41852594158,1.130371446263829,101.17816928778488
16712,1560.5448673256094,2941.3824462538732,14047.610397982915,2.652685539289833,124.37645355677347
19230,20415.649016823638,3922.6478274194137,12864.53209091378,0.5749221891685586,199.8704774624689
1355,17088.382514652007,1025.663321474197,17536.358806445845,1.9812830905367258,813.446461595979
9858,34009.82604507763,3492.097256855569,11099.813482785228,2.4564116679387324,309.1536074606315
19638,25005.354786195927,9741.153066975754,4858.471136536944,1.713507185137489,72.84408581630166
18549,20242.939541841137,9427.28355478964,2755.44566094434,0.7571403143558262,61.490179029520036
4538,11863.002086488232,7527.566140772884,9420.64295330695,2.5849539474154013,64.33583460282557
10664,41509.77972989295,9081.910189755466,10313.083120972993,2.772720177786108,139.85333376962956
18000,12795.269696908383,2190.5880178595125,16553.884740222926,1.9082742336915366,317.8445102043359
12060,3209.3814626551625,6256.135498474317,2789.490155677017,2.4678866327545106,19.12473879461042
1233,28448.220168968543,5049.725158426685,13624.604479598102,2.0267869669259793,202.71074427894501
3421,16208.762937386651,4284.631399641306,6082.538696487232,1.9332073744633367,126.93647444315398
12021,35765.53930327066,3315.867855901607,18780.60489645277,0.8269299967755055,388.24794201056136
13309,4503.147587078851,8676.563960860261,9408.427002438786,1.5919815326315532,41.13468233693719
10398,48332.2244390489,4896.601371029133,12447.964392487238,2.1969843742567736,303.6951048500729
14186,9749.47177236908,7267.93154574336,13002.163799459597,1.6362076547536537,75.46029005351109
3998,18174.316416671223,7088.907413679208,1820.1015041259038,2.0444113592779023,71.54297155577336
9816,24307.270522562758,1447.1040587740702,17043.901249413775,2.7370217079235974,685.140620130985
5217,44560.81668680982,584.4634157729697,3284.72839846754,1.4155540791912464,1967.9522587791635
5354,36265.77388995573,8415.635418590748,7948.382539146939,2.5712165653338084,118.1774516041311
2358,7669.009002369356,4954.168374595053,13451.273732129583,0.5726129600410739,100.46108611585959
10983,22211.37443486719,8119.846763598131,1104.3980221735937,2.6316556882743187,77.45249581114903
14858,27374.137317127872,3040.9459518559283,11608.476983701035,0.7666932408356415,312.16838505001596
3013,35255.22335186166,8632.136515696242,8198.322647001343,1.303601809680533,119.88974211020081
16084,28804.809414068335,8325.122800275862,1277.0521252947153,1.783611777323227,86.66009281387224
5460,23138.076890594515,3878.54713384085,14527.822421040983,2.1250878520040852,229.7259882346896
4015,38394.6086565845,4175.810811188598,10026.667852285622,2.8827799212446874,278.3467604384379
19200,19213.852609594363,3573.834754569587,6068.803481872343,1.2675759080721356,164.62455340808233
11272,49365.0490431011,444.7434748191436,1686.555928458784,0.7133718934719581,2756.5508484747374
18898,47415.23415693268,6907.839853154522,10949.484109370253,1.6470890186563587,201.11078813025958
15149,35515.330027614866,2800.0522376193826,6119.25353483719,1.3631705017764961,358.9627068246857
2667,44189.29024798844,8851.736049388812,18933.684627965948,2.0002977992902764,169.44351940513667
19912,19962.188045483104,8984.033761453107,11830.32361340697,2.806956330064149,83.03378302084573
4731,29282.77594929992,7253.534140605938,5701.302167050688,2.1083952644828585,118.49626678770635
8021,13996.430619530845,1897.4834907779557,10572.360993778955,1.945035640870128,309.4419266448524
11849,44339.145517387595,983.9956753806749,10789.907779570336,1.11521145389648,1343.5036636567304
500,23815.739390651062,8182.821295028095,14535.232073707737,1.1619104752602776,117.03338555560028
8768,27039.108788043653,8941.354477733243,18044.04646333632,1.5901897342072042,125.49084954814248
8111,43296.089498043315,3585.18733486507,19251.872431035943,2.7282309597302428,421.27819350804384
19512,39965.286142007,3594.2637438884594,14357.815405112735,1.9487093006340788,362.82024939404226
10887,16426.28831841764,3963.731482948486,10918.264817910964,1.73661941784034,173.03746392979195
17457,4827.666376120189,8293.46083698782,4498.641729457764,1.8563688023082274,31.157487879801675
2048,8523.613499646535,7100.012379257731,8060.5883331679615,2.58445560324188,54.130242743710774
14488,17285.24473536299,1307.5657076140276,9775.77981779751,2.1947358234095855,498.9320823733459
14997,15611.896076662406,6383.436669193038,2567.4230619432237,2.818562483912365,65.44349227059126
6545,2396.372188267551,196.79883358570532,5128.076129747116,1.9543522079337812,918.9845233862251
8339,21887.224425290715,7132.823429770403,19689.052125633756,0.9900715076146756,139.37457924502831
6189,5739.591675063934,7669.859942003621,15133.801038625148,0.5468146181769433,63.705124736055275
18780,11434.041114047084,8167.989355014182,9640.134059364653,1.2927847671382424,63.34375430688353
19339,39480.417282383205,6293.861955865109,4520.651294871641,0.6568400633072866,165.23676106108203
10492,24996.53758503302,1887.8222337122563,11468.953281649488,1.5176625775181982,462.86393680380877
5916,18961.176263424844,7958.093128416789,4637.503391409945,0.969725424700991,72.59713792387869
10775,9679.049046061451,9007.926536494142,3862.175316442571,1.5122831587028078,36.38743218711427
5883,43380.8652671681,6374.5818162555615,1875.127637309768,1.4980081808087828,169.87084735365
1905,45232.644226814366,2823.6669522587526,6917.060752761153,1.1906726737710138,442.35359441373214
14949,26174.561851145703,1875.6711446785625,10834.463762936437,2.13204856944064,472.7614353397051
11344,46103.098503827365,2391.483914861114,3186.552358790531,1.5835845316824821,499.4580776236234
16460,23507.0536451494,267.35211494449146,4008.7095678635133,2.7336407667323104,2473.207886543426
5038,5808.502443225678,200.669051559023,7822.784566586433,0.6902010214546102,1625.306010298468
18070,1343.4590146221094,3040.680366372787,9790.632779420612,1.526558970464513,84.85201489005448
2639,6854.701403608235,9237.301171308878,15245.663583303856,2.4398741107894786,53.773825805673134
3178,31321.488484480382,6251.141813141177,11332.56330089293,1.736338206873844,162.44571492517045
4294,16384.807250027778,3922.459885524758,12354.02140368259,2.9152031816572133,179.5571688879347
19603,32591.295661858734,207.39087093196105,13924.209046581047,0.9370574262384077,5380.517472003458
14936,25644.818100584776,9898.031505045312,9019.658689232307,1.290060486442897,85.44160961321877
5102,16984.122451164807,4612.859440477745,6862.666692869483,0.7903851453671186,127.40466307184451
10918,11324.65007516881,9915.878053134662,16008.414817548886,1.1168241293587973,59.65985436795785
12715,4511.665318567863,7229.385557303844,16566.408340990576,2.1813306297411357,68.35927969823311
4950,39228.357538303426,607.2646260730919,3079.641837612572,1.71736499330966,1667.2802090045006
12060,41040.70696769012,8604.353836764636,19067.39050032798,0.9051680742803478,165.76386101936748
14346,27301.815252212553,5350.954008724706,18598.45471695826,1.6867376733101829,207.32545234684986
6569,8276.186304332059,4582.011241207312,17417.556255214262,2.6185036471627146,129.41429294548354
9179,13544.687782259647,7602.731840948921,8453.168373778926,1.5995646442718812,69.45824469698182
13793,47779.689552834156,7770.5292332497165,16843.568211014117,0.5330363224836481,194.3055007666874
778,11684.06929273115,7984.654522532353,12561.17118057213,0.6373038471981756,69.06539365014027
3091,3311.8376251398045,7629.309913663232,4107.894786334811,1.5953008341104484,26.93853244074721
854,27727.44885966922,6448.573514717962,15497.660391058482,1.9831128142910392,162.96508431426787
16178,13464.740898852346,6788.6609217601335,8121.8999020615265,2.7163325393356064,72.49598297465067
19126,47893.02768887019,8599.967601752725,5843.291414644178,2.954903788295411,149.9593808083614
5399,28951.010773891652,6936.3521692321565,17565.844325787733,2.950940274338679,160.25065312047786
6736,48307.8293678629,1103.4392478378104,17245.545474285318,1.894734946840321,1426.6188746009504
19364,39386.0431740586,6490.456217277753,17287.464884479883,0.5893260622171305,212.2058623466753
1057,36292.6978780032,1782.9383995096043,17190.471207944636,1.0337053115643162,727.5249140836689
13838,41603.04687764317,241.10432793045013,11084.581888087178,1.5858292885889829,5243.612251372983
3986,30441.833936888263,2220.25055052014,12338.406565550024,2.699189901002322,468.42887315364754
17045,1050.504012789328,1628.6093361820206,18977.311239844308,0.5538972616688862,292.515913928577
17582,19927.006754184597,1110.7477776438936,2586.8226569411677,1.773348587742667,486.09392568995236
10665,11341.395345522218,2228.3690715662833,16125.227733805283,2.133663673428275,294.3616429952456
4044,21998.477333062685,5679.336461053523,10525.354772154933,1.2205745827327636,136.13867942182506
2705,23792.20144621474,1599.551050224626,19568.15055920114,1.2891959273023805,651.3005414105927
17375,6827.637809006426,2866.438942381314,12784.474917335045,1.4710675708264593,166.5144884146621
18876,1659.8616700069513,8510.961891107596,3250.883793250714,1.1864856783249964,14.927259384195402
17916,7340.914520726483,8891.707617827666,16309.819569583222,1.5929710615751287,66.16607177308316
5419,42942.64303316814,3397.535231186028,13453.431285516443,0.8952323718569645,400.4643110635065
13466,37914.78264518684,8999.615898823455,2978.5557850960045,0.99832973811229,110.04424234668028
18717,40045.1987904677,5898.704924116616,179.8432281763729,0.5928403887804765,163.32567452967223
1491,14177.177657035561,2341.0472038621906,10872.945947313901,1.5282866286077268,254.97397741594537
12898,12186.909905442122,7567.5047108797025,4829.7822169795545,2.268345630822393,52.57490210014264
18667,2349.934263186972,9228.732032904201,17344.82978039835,1.7653804930368797,55.304812169149464
18068,23877.288826596792,6626.434693056783,5018.5988315570485,1.8266444726951756,103.12134474587963
2168,19429.238495095527,2093.17421329597,13257.123097999074,1.6248658827722742,376.544763841791
7333,41876.361965596094,950.2127590764007,6902.602145180578,1.9621167577484995,1236.6142508492
6324,34252.444147058595,2371.1785099913473,7006.360998641625,1.0741908898294303,419.192422869487
1071,7642.153775376042,3451.2342036515647,3636.296747389838,1.0187894995682985,79.19715580816872
4800,49364.1794511498,3403.979509669597,10054.434482677123,2.854911088404404,424.1704375806074
1083,38646.716283586895,5035.604736835042,11585.43395809142,1.6260235107262755,239.91583769185553
5070,36151.75702634248,5101.175238716295,11620.27358791567,2.5679395224660237,223.6186968780376
16240,11222.471339053467,4767.18285498985,17132.203101531868,2.7920793809061717,147.73123489523834
6191,45305.251730503485,3503.856371240811,13046.94574906528,2.0372085117527474,398.57862908974187
10825,23959.078485644386,1157.6216910031776,14804.756664243372,1.246983171730112,803.8972419605406
18843,15233.969666891071,4241.351085836092,6468.963923712598,2.199508028267668,121.32456705053004
16002,32914.26261120087,9859.02739027801,8413.712618555332,1.577284733595211,94.2921726670681
5626,10981.722068827099,6573.361243536032,365.85213901409566,2.932670253007256,36.66551274500447
4262,45424.498721536685,4453.795737317666,1582.1867854048976,2.5282240217753347,250.1144710139392
3286,42790.01072781491,926.5572179571102,7702.392699729821,2.5373620583074983,1308.0202851530446
2042,23513.112786743262,2211.1623187190057,4194.67469134841,1.971722528893755,301.2410463507095
18559,9937.542370816174,5789.00821065124,16259.187917955109,0.521038857611268,109.67006525068882
13313,25076.954116450725,5028.951071915261,13529.729842553297,2.5795518050041286,182.23663706205406
16917,7882.341769094838,290.0311193843029,19406.109594704325,0.5634297337157488,2255.879387093497
16794,13857.519792074638,953.734734482366,17740.679253875747,0.8058951525658149,804.5947420300422
3299,24395.253334250057,3624.48495310175,19553.220470668613,2.596672799106891,288.9756598355957
18739,1546.4171819158971,1494.175250019692,7305.502651749182,1.0469874320825783,143.5389097420621
12372,38403.26887556997,9582.642521875357,9687.526270270508,2.6028153668105594,123.74401726931384
7423,10247.286420690385,437.76517902090274,7452.514906893455,1.09087721970963,971.7600451980933
3185,43397.257235635734,9743.088789815527,19286.114531955394,2.4267707998330916,153.65590527873326
17941,1601.8614572831189,6599.881830581405,8054.173880207003,1.8554410407905362,31.705112882871763
7438,26840.51868973815,4131.554466963628,2335.237990991086,2.177484659175681,165.99689065227264
7071,38944.22226972525,5440.382206624975,5010.197871110069,2.595203378436127,192.62103969037284
11653,12278.44744897738,4160.234650298777,8496.403201962574,2.9600710365774097,119.43109756186105
4888,35523.87648046083,5774.755488439465,12059.879879081618,0.7142295264764502,197.63951554964228
6522,36182.9573203439,1604.8609259166726,12361.72954501955,2.2134582234485407,723.8002990082367
3127,32073.261462750223,1288.1307688373233,15175.672350633115,2.8968137026538034,878.8834488050206
7747,18530.510204151724,5333.047693368535,12957.336105127113,1.434489061317931,145.86294712383238
11849,39360.70750838655,806.2626126628672,9830.680119246488,1.3343620864684151,1461.1981888595417
4143,31607.469024930862,2995.5945962043306,603.4310135088372,2.1999424724429786,256.0126149737468
9298,29724.21635255585,9276.260826090996,13900.567667181125,1.5048776417344034,108.95406561219271
19239,41048.48282375974,8774.509772644013,1709.1618535600571,1.0361512909497423,125.53107123849531
14292,12609.583133178261,8330.882724537196,9376.22744801484,0.9036677145164789,57.477485572879665
12967,12008.153701025607,5120.920496134156,17927.924382296464,0.9815755341144828,139.24454689409203
16455,19629.12091387226,376.0585755150657,11937.577867859054,2.2607775741492837,2020.0426141522862
18217,4120.086899093091,1301.5556878789755,3979.2951536921505,2.7967377677342524,153.49340705107358
19357,17200.97673291724,9202.565641405086,16159.164168963416,2.5150342450093377,88.02725728938172
6643,20610.46788742645,8380.432587831328,6008.182469538059,1.620504113890515,77.7021492801544
4233,25005.380051595705,3827.5660392228356,11545.416784226149,1.8215028784081262,225.9411616734657
18970,13073.666472995643,7316.857795311892,12716.977596234126,2.0504335882418827,80.01563703577706
13603,45388.701161389574,8559.82515286106,14622.429887845625,1.9498665787567093,166.29120977295963
15460,14611.379204950197,6241.322435441558,1299.6514041882178,2.921181864391138,59.625964856656125
2452,42651.76348688339,8549.91677321174,17085.3426491531,2.716732689943433,169.24136779153932
4210,22525.145594085647,2522.272677902673,2277.006485927808,0.6088504565307145,235.71903953152227
18577,36048.75644822466,4675.143893085472,1890.6786024120993,2.5894146193610914,199.76784933519647
14529,5989.668205203076,5832.5136696748705,9137.691114450097,0.7851524040881128,63.03259559974535
12247,27459.54240195967,6348.458724442357,7443.6320242659185,2.225523842973317,127.07777088581602
12972,48060.88179966865,9871.204193429823,1092.2734764860008,1.2141250316042993,115.1962497870168
2274,33479.43486355638,8474.720249916829,3320.010413003913,2.433458506480397,103.07395822758045
17457,41104.31839163038,647.0830391167682,8784.268894637718,0.5215155994407059,1848.2084866009145
5164,13422.98787778738,1774.4207039912303,16581.44357177072,1.455679513811918,405.7724222289121
5559,40108.36158397976,6605.705437079424,2426.0875874428443,0.5538057877796377,156.8884497841472
6971,17887.04236954066,2481.0492934540707,2090.607483546805,2.8838250550119273,195.0695836800302
14793,24511.365952292548,1673.7823410824258,16096.588038940825,0.5384123013886275,578.9839367765294
8844,9803.907026476121,6699.843733743676,9846.310323364174,0.8882248433469873,73.96045171966361
9420,24542.070206241096,5410.603058201175,7204.984934191217,1.8481819640519308,139.7903111828907
14235,26027.241243630193,8071.380776966167,9227.07284467119,2.1153777581695454,104.97252095102918
10971,31305.195325446224,3261.6758523428543,8216.933782617887,2.322478147831922,288.10526498403533
10244,43497.37281671333,3364.068694268807,15637.883412751147,1.1172558786632716,423.12104992245986
4163,15590.132159245413,1589.8704308527167,186.54724809709757,1.2524875145940781,239.2113469460346
12963,49214.77040004513,6557.355645683219,8663.171572470546,1.0997572555816344,216.26003921872567
16878,42460.6527108989,7118.029258521284,3177.0933641635856,1.1101820557663304,151.97435613834907
6641,20444.669666486312,1470.4255439146245,6165.716941590389,2.454482285932743,434.62538894839696
6660,11719.850275644027,2615.7230690496076,2243.4239096148212,2.869996991251645,129.2469319041788
13036,4038.98158471655,1627.2860419633946,8539.762035366877,1.9895073390047298,186.43994411069488
7642,12101.027302813398,7502.002270290387,12865.90269703016,0.8935764754544102,83.77065278439474
6808,44283.88462142959,2170.067523395498,13231.864670516212,0.663582053920972,633.7516582653165
9826,14955.554865403748,1607.2409894445366,15934.874542210553,1.097941424114561,462.70535556120467
5242,7330.000906457839,791.5319041172221,16300.228025534549,0.9444860329819306,718.1909154038893
3215,1622.3921766041892,8329.864794839219,11954.669072823499,1.94630291489636,38.02364814260525
16586,15235.177012052329,1327.393573595036,7062.9999251060435,2.2448266669594754,403.88137239966056
9045,11199.559151712316,393.7038332587915,1026.3096972227158,0.5114769526888256,745.8581200300206
9994,5559.016104492776,736.6226714743714,717.399750515555,1.5990509063995098,205.84419895209246
4231,47578.747160151404,3731.6256340699406,2265.262092506528,2.0574481382532817,319.6181014165771
15890,13747.282835103959,6006.860153191654,19676.62862361677,0.9821892160723162,131.17783633234475
13313,805.7530601327778,4042.226604853067,15719.548658078756,2.7524270860564317,98.61385505728461
18421,47241.6413850916,4608.5285127175675,8097.4450389992535,1.8725306755710156,290.2556015489119
8592,29136.402721103117,9201.124019610466,9324.023385527229,1.363494446374675,97.42066433919747
677,4599.24169795643,7613.319497167635,14747.62687774135,0.5466890368843511,63.58272769926349
19260,2055.3878807528063,3476.3089031668337,10288.012828330899,1.7107671615080178,85.75201056395225
8238,5838.528647403517,1627.7143647411938,7208.324853549945,1.339865082080944,191.96215876193392
9492,29778.797238124724,7516.807204968929,6991.213189943873,2.923865729982741,117.22886560513041
3743,3562.64444277084,5777.885394397936,4192.833277151597,1.4468874090711825,28.782722149411054
4166,28622.95954318605,9626.242202893742,17712.231960246707,2.802518538595468,116.13685688547254
17821,32800.7804833027,9093.579241808276,8283.0765798896,2.215135966158683,107.80272551725194
19911,7805.050684497845,5680.063033491306,15047.258737003429,0.6849076438227087,97.35096609684578
18904,24677.42076611133,792.1109157077274,11475.24192904633,2.831801193848934,1094.9379563676196
15132,48212.05651685642,406.5008439292618,15081.873043091451,0.9211210588907621,3735.360479628766
12232,41906.178101766076,8391.451966198236,6418.198918204607,1.620058918069671,134.84818001334475
2474,36306.53520013057,7010.617046265896,15040.175070606523,2.8075100545533673,170.59193649572057
11361,26127.888660737204,5645.55812987764,15799.365864446958,2.571274716448726,177.1292351827922
1758,20016.60041868305,6920.359820306502,2085.601657180376,1.7189544884426962,69.16670061398872
7552,22846.01943800055,5443.889659134969,1829.2756021990565,1.0173013542665905,104.49074519094381
19994,38348.195388699205,5825.5435822146155,19709.914376442794,1.7731526216228672,241.74939479035348
9934,27937.74910704103,2336.300717955371,2359.080064953898,1.8690859376134386,308.56166170044065
14028,38350.37227198515,4609.493692028965,13696.817407430886,2.992341546225588,272.9535383596039
19637,48508.71203643363,209.62807040766597,14956.264634975669,2.560078217705522,7267.678855170298
19559,32205.450463179877,6720.463129663789,1270.216321764288,2.6532925598888686,117.21427284163553
15508,30353.626091805218,3389.7953263633385,14930.218659779697,2.9654685618939483,323.4714928235678
12364,20605.016451236785,6597.609109129618,8390.2989170979,1.8082983712548346,109.51611236596847
919,10239.320682842543,9271.970528597794,5493.480068900593,1.9630662223275088,36.31634567032239
9344,19022.93674123367,5957.268815144672,13306.61287729084,1.6361105424378515,132.91366145015454
3371,26244.810930510554,3348.0415233997373,16662.48978037778,0.8136351084107782,305.6443931382637
15702,2225.355037436281,2150.8703421582804,11455.89004777212,1.8131418086571192,147.98477229394956
13601,24052.348728703466,2591.9140111620873,17412.55199207164,1.956472211901464,384.6735488412003
1367,43176.39170704144,9874.24059048668,447.1191869029689,1.093180362829113,107.68007836471392
16738,48842.90594541441,6192.094199488604,14772.095771475,2.457060770116712,246.38314018466727
11679,42849.65927938708,4461.400529965208,3388.0495016287073,0.8112058201788062,254.1609253973638
8504,9013.096427818606,2386.6527334552497,5721.479108699634,1.7549981236916112,150.4051662201743
16658,8173.152992382528,7753.2020960631835,11445.047777767499,2.15678271187821,60.53719206144323
16113,19968.95396135777,3935.6891047613126,5488.902139287406,0.6373283010615947,155.74759218378506
2742,11658.808294286719,3081.1533944813386,3363.0770856634485,2.510133274080935,126.09703837790126
13315,33961.72795397032,2300.8167347204644,17709.964376828953,1.260385482612459,540.4135447657495
2988,4685.626171544177,1937.7491934195473,18134.469006124993,2.294373019684193,286.83244647303167
18396,22464.102852065615,2806.432062988708,727.4283550568539,0.7705231285534346,201.20712390817394
6116,14377.634187860785,6309.309185494229,10002.422883699612,2.050746522872145,89.29392508790433
19655,29972.44290649113,2474.4929472396266,4073.576623088637,1.8930303085353595,327.0433412554823
18527,39954.71847980131,699.9242887875847,17268.175878935876,0.8750064821492299,1962.0540572419122
523,46216.375513232764,3654.3427948154617,9250.425141362912,2.06186223799539,363.9579490533114
2837,48210.71034399325,5890.033889805116,9569.154855862615,2.228310448038477,236.33366138013972
19827,17884.129431712714,696.1587303944585,12549.453263399537,1.746255862583761,1052.9494862689924
13091,42864.46520060825,4580.989306711148,1112.4815377011887,1.9464419133156292,232.87739521730725
8522,29802.1719012544,617.6584755668671,2545.9614863739157,2.7185488935022972,1252.5101146436168
5226,34766.64301993409,7704.977702333783,9967.703237734238,2.244257536145522,137.3955047586645
18600,42630.96304968731,8731.636682337386,19334.13831825838,2.7648866583405707,175.24236561420528
7594,6940.603889806571,9641.700589460383,16872.11139278419,1.8808598842807487,61.141710079846405
4633,47396.65976759608,6943.510271247756,17787.22310293261,0.9371326525179677,220.60809368894775
1244,27596.15597570217,6357.437537680777,2743.100533175522,1.115726967530609,113.98544943050318
6440,17132.164218309088,6971.363146181201,19172.47828900825,0.9410264119528164,119.29073281441195
549,17267.19739026975,8561.017040481489,14599.850634006943,1.338121374765671,92.56784330421954
6717,37674.516665574265,8090.21861517613,6513.700799110713,1.6938403753011075,132.68968121269228
19933,34093.66322493415,4441.114695397758,17289.343226745186,1.1398287314765894,277.0964562635879
11434,36609.2645177908,6545.624424840197,14946.197037617907,1.689086877477148,188.81693015934513
8368,13023.277468999644,1703.010778577505,14730.19530682101,1.410895206267045,392.7775977712593
8451,8924.712699092363,6979.763686864427,14692.409659211304,1.888368161545438,84.94356062924388
12089,36232.05282479741,7334.6282325409475,16017.07266451861,1.571284433664135,172.2774877762425
15519,15274.796093493927,8032.968016026946,18970.583209308268,1.5852320189530515,104.48901007755155
15191,11510.589602542908,8194.72115569733,2737.434411522928,1.7265529599414942,42.919582915686966
8845,11123.120922249263,4455.089721165907,19990.4485372602,2.9696880764507694,171.7471728815145
11593,7845.846161759985,9044.816143113005,17446.792347280883,1.891371120774725,72.55931992857904
6761,21627.374955921307,9811.408106037163,8832.54409385076,2.3083443331710907,72.53169042523903
19198,13416.954463734906,9782.606716414164,3148.7574577750534,1.5418639781840637,40.06562986234696
15672,44746.341023245644,5899.033486522936,9075.76773293161,1.3146226433287453,219.1376711707544
9308,34612.41202412935,5638.879316437416,15572.234928339183,2.7914429944855073,211.52533756924612
19933,37321.17121354155,4627.608483645813,12049.069347102219,2.3559008196733715,254.96802547775732
5804,20478.71935904083,3067.9615335710687,5591.018320504455,1.9560744143942839,203.71828451381194
18809,30210.37114747315,3404.202082262481,8135.894273207298,1.3410782341072354,270.40565136074633
7345,25289.49311485035,2235.945837828669,19085.97699753413,1.144650684684302,475.0619099051451
7310,8788.847295864516,9561.65401697467,16076.417112631698,1.1301791993431172,60.81263171028563
15728,2868.757905013834,6236.283293377945,2481.3875149376454,1.7593270929739062,20.759554430071816
2957,34334.16350967157,9351.185435542944,10907.839234969586,2.6870511652476434,113.69507559996399
7382,6498.0367317658865,3932.5439914470267,18619.697530175104,2.702619550806927,154.39077768774575
4741,3338.78308375811,3052.1291582127346,686.1757652086898,2.36246315939242,27.941588200127462
19993,22372.43296724478,1414.1747959690465,850.9473895922825,1.8562279198340732,394.06504987157035
11229,37032.30531542413,3072.434493744778,14334.654622811699,1.087274344350475,406.2394139936735
13049,38558.98774200248,8912.590014967534,11510.912581997996,1.69713103215195,134.09544108398003
5745,43736.74553244464,5864.534367155998,919.9892861977377,2.23680637984553,185.42152309255337
10319,10361.094113688827,4579.532495998863,19920.329704557244,1.9875416233753551,155.31571282924756
4940,49288.4074938253,5725.6704257426045,11601.905914185407,1.7850853130649047,253.97813358583883
8110,38278.849062222645,8937.623724225059,9838.59487166688,1.5705290488333188,131.18217098332047
2498,8282.060624533558,2008.944437290608,8953.940781348269,2.381285741347879,198.35994505288798
18015,42115.703656772836,9660.027629206043,14013.678736196216,2.6055878090957787,141.3046638582676
2492,25198.483988000353,6695.324361457769,9167.140553249106,2.307278092700635,122.95114052293088
14368,3794.0452179712247,8567.967119822571,13181.53558157989,2.844818843344976,46.52134155706625
16296,7036.067705548409,5301.528010331318,9766.684263057605,2.4496837292483216,80.42029651153081
5540,21977.717454509388,2442.7149347440927,12214.355210644648,1.6265121300311622,331.5551295243039
17596,26760.087174401997,5717.600207889209,16103.722606320835,2.0418837151944027,181.0950326911591
714,47400.87464215646,772.60158343222,16343.36173555684,1.7609179995486761,1982.6405352892884
6246,11177.767388659027,8536.73211841447,16980.96440328768,1.8658082423396962,76.9908553603713
4269,23968.173257019043,6530.833102839407,4059.394353611219,2.7392496599706866,96.84866384636067
5367,11681.528729230682,2900.2853505614025,1222.3980111473697,1.2521462907226129,107.67626267167219
17964,28140.834101860142,2817.246599873092,16722.76947871716,0.5327369864071808,384.6857009505166
10117,45511.24461210319,9037.779592967296,845.9569066256845,2.239117000408585,127.54516758129698
10961,28603.65327256226,8424.980283357087,4269.814932219649,0.9525342055894566,88.75970804192434
17358,25748.49167876517,7654.775856671202,10523.975969370578,0.8855810407281673,112.91224499559597
9823,37631.40564245012,4206.439837091672,17108.66860533415,2.9811905202566282,318.93967423574037
17746,7806.870479033994,8737.80033900016,17935.62561146608,1.1669381411545892,71.47581349236874
9503,45327.94202653161,2544.212221571176,12561.013092350124,1.0094193989214244,546.9754353916154
15015,29092.88166180881,340.11378640970577,19335.173867988033,0.9774581917822868,3419.059779584158
4772,34472.316049821624,4384.422588951437,14598.858702136433,1.5308838501810569,268.70525724865814
9178,41038.55765387776,9203.300392512987,10554.488039340173,1.523544565676081,133.69240810262212
15249,31934.37356971103,5755.147450856028,2687.4116294686255,2.081248752945939,143.7801798467932
19992,32239.65667039877,2371.4139319303176,8575.710275776994,0.7590967267371611,417.4124650525739
17151,36616.26132781219,6543.130896742135,16446.816972065048,2.0886122747243734,196.90435104253828
11663,3085.7095439834707,7475.358280787706,5672.944001084205,1.6340822492798808,29.23065315687628
7031,19419.42015457582,5548.344494434207,11565.422898064031,1.019135233498674,128.3397400104053
19285,48165.36887154452,8441.720434052206,19668.690075923834,2.445552639911858,191.28058029547714
19200,13267.824828942054,5964.488659981642,3488.478703520683,1.6851572724721455,73.77348100902411
16164,27341.64468955137,1050.6038282698396,2029.1451502932277,2.2926531031426056,668.5707812500902
18085,9183.659379106164,8114.496330760746,15911.933576826765,2.8014239368638956,74.45567547833612
17160,16502.07860628996,1548.9263799845446,498.43634244522764,1.3835119580483162,263.1218494911594
17514,35995.46211570421,8839.276120469673,12865.118708512036,2.744761120582589,128.32191059875703
19469,32333.15419131939,5266.265670914628,6714.899880098009,1.0008537092592174,175.11738038301434
7900,21008.65991097601,7345.480603468857,14476.276225762917,1.0553260685886046,111.16710381102877
1637,46934.77147564677,9723.739627072711,2405.063446784079,2.1592439056784887,116.69788586602752
7468,38864.81736641843,4376.237121526589,6600.87884601152,0.7565791864873579,250.78329032713097
2213,13762.229536927565,4651.2462553805135,340.7380757117928,1.6369500232023326,70.46869115115717
9740,23539.592521723018,8275.874184208124,4701.819879929281,1.0345806872362209,87.51216459217126
10275,43962.70803723649,1191.3537790525452,9665.173044362065,1.9271408580744667,1082.7825528209285
3851,1611.9736162151974,374.2190813252934,3552.268249795747,2.517056250610657,331.07067988956715
8593,29282.581101001193,6082.733759460236,11993.110688412793,0.6060611495440361,165.22210949098405
13600,11982.04035224164,1758.4458208919589,2362.9324555906405,1.5332750471237493,189.16696272741865
10526,3659.0958337349316,2631.808454660112,14904.47098253029,2.3266815361747577,168.96181564394254
6715,45686.623560094355,9765.171197439444,18433.295300643014,1.3556357570504942,160.7833137847545
15853,40906.00964264465,6566.165668421551,7718.5093245781845,0.6042651314937032,173.7571572444641
9643,9672.031160829682,8572.050511557636,10564.121350556597,1.9784507845693358,58.74681253948248
18108,41928.851238215575,8988.131354579376,9770.267254157947,0.8004113028860136,138.81407840478238
8724,7748.15662709993,1301.3652527746326,15707.909459653982,1.4247992563233245,427.86675218837627
16980,24069.98731301252,9284.997429856885,19883.820595424106,2.9763329709174444,118.35401073549512
4858,36425.77837367278,8678.539949849343,14713.71958468074,1.4950499220120879,144.8685591841878
15709,26923.37703367365,548.8920956707288,4290.60457745043,2.6071423656936497,1366.6870520380112
13701,42613.64539957492,9774.355441204752,13921.603033239655,2.649515585940937,134.74245813065946
3641,31035.454156769327,4637.3378074231005,12315.279888636504,1.1570779237252795,221.78604345014267
15128,21881.60653576624,9747.43528227517,4202.397714089015,1.9887624496514271,63.86776321398887
11970,46295.52346634296,8256.15909008243,4819.236700450151,2.8686466596739972,152.8988767883904
17055,2296.5855201585237,4457.328551149621,13055.736178183637,2.0158315765080603,81.9739553943145
14067,24675.743506427738,5164.418588407607,16156.373211439552,2.5331358371046666,190.3064043871168
9433,33208.68623946987,2823.4653685514163,15248.081270548955,1.6564073078183212,409.70433665993784
8037,41884.89032569272,4920.506074351373,12128.23781069506,2.298318501502928,268.7121753516455
10614,27287.247984224356,1164.1744957835574,18750.84575072874,0.5546299834261719,946.0261407396606
11389,44333.12713326912,9095.4870011023,14620.910727247565,2.4686836463163924,156.06812088594717
1458,21600.703367029117,7160.799770029812,10838.319120521937,2.1796235833967397,112.64054861922749
9035,16197.864962047313,8071.546566661138,16324.099905655281,1.3971218565152022,95.02579028260891
3981,48703.69634899682,5358.109901745982,5809.679585533114,1.5424647759951788,243.37450208078133
18453,33525.45746229499,1343.7754309380412,5269.854894012858,1.3165347669642786,690.2020538968109
8431,21576.02015804728,5418.722050549512,19429.101902789564,1.8107164644294043,177.42023826465268
9147,43970.39198106756,3359.141962382793,18996.434010252975,0.7716890854837717,446.11829488974274
9135,34312.48049530859,200.04744302122077,17610.32341501653,2.61228734612889,6234.016050481908
12984,32077.767933235165,6188.854351055565,4287.381938165453,1.695134196212928,136.2398860360995
11607,36562.62752606359,8551.127319978352,11753.779674941576,0.6077554458267118,133.38633322935908
3981,37045.50892654224,7134.465378633693,10701.001784439268,1.8824043521423794,156.5680295935649
1917,24902.67764853571,2312.9706363263454,4062.1697144789714,2.826292839404704,298.17413615257715
8176,21255.724289193462,8209.418663814464,8955.763418333796,0.718651265161727,87.45844591414725
7511,45509.49271759994,3164.044890582329,9302.917108977472,0.8079814134180137,416.2400655480254
17554,25113.76310833891,2263.005927673299,4812.452774028795,1.467958207620688,321.65046955874095
19168,11183.171076027114,9615.303702169456,19097.61640765174,2.339060651837081,78.37575466282988
13248,26319.337898340396,264.3121100662659,9854.299832832272,2.0115548426883674,3286.7595407686963
8791,2203.893945725245,1758.9344571705144,10497.837272806724,1.6448987258293335,175.5667437237436
19671,36304.25842205822,4723.31022551784,11971.577842709858,2.981864727344249,240.12798521922917
17291,6785.710923411048,1753.985138589486,17739.04878117678,0.9644832078873531,335.7579355750617
1477,6030.351134457284,1752.0080745886523,10666.193685123018,2.5543919873098657,232.6519785738198
16293,47344.62908734309,6380.048282202952,10819.315290806468,0.8095923772452347,224.51967382434873
9411,38741.55573220708,8208.398204882,4803.866701857387,0.9490175656909035,130.98517274028907
17428,21004.324428894695,6650.0127523159235,12056.343826863418,1.2386106639337844,117.8019679065319
7460,12359.019049077777,1104.3768296597689,7622.99063175073,2.68273929717466,436.40166619332973
8044,42252.77878608414,8964.246883835753,12935.629916905267,1.610514323049068,145.21929072928464
6802,48444.90025873224,9235.203567861103,6014.927130582981,1.4894635282377653,145.70829397414732
11980,25663.528178050707,2881.9252137102685,14314.567394787193,1.7268144782186812,330.16729160402554
10385,29213.765576209385,5575.814137822367,12378.055689123848,2.077265830185878,175.9487295111702
16370,12531.147828869995,4903.842508066915,9489.67945052333,1.5587354200727108,111.20903849848594
16113,29667.888071063884,6715.424790934636,1933.448674620435,2.906329221236581,112.97852896751472
2073,20329.58293430245,9781.669481309242,12539.363225224797,0.8383547746076154,82.89740269926615
3153,42356.13572281791,9865.165427776592,17185.57917166723,1.6891657606930852,147.36793662444427
1040,19167.094481260414,5140.5288269759485,3421.4879197034165,1.5385826452671332,101.95568597467732
2711,32614.56784910489,1010.3016585427545,1694.3893065523287,2.231767044458635,815.2384330634886
10250,10571.567665261944,3411.2780146155424,791.375670436123,2.907708400612662,77.59871931406354
8822,4988.305375134522,4194.308266132269,636.3747561790967,1.221032186012911,26.290222365583613
11435,2497.5833863197436,5392.870292339637,16841.383467562635,2.8883162597715497,85.76561251632131
4320,21074.449147863405,9607.666669790417,14552.298809579142,2.5692490802423067,86.94156817853886
19115,8594.671708874474,2697.9335494566935,4045.966698138723,2.52619477967955,114.24673363184154
19602,49677.26941819142,5413.2084106410675,18342.350596322914,0.6826898740182006,304.97189869780374
8190,40019.97772710092,2981.372676804201,2706.7962801677845,2.8514586316036756,341.7493947560113
1522,34821.97100960583,9202.672433528967,7483.25473493789,2.5973196161242122,106.96436824435071
5854,40264.26413521792,9900.581190042909,9042.166095396873,2.2114578110565293,119.31353725898954
4726,13505.989300950117,8720.318738255644,1517.915034489321,0.819648097338405,42.25928835189725
9729,44023.56715281941,3453.561560553471,6949.484037241116,1.5500931481974507,355.7849410426638
1313,49784.00155267205,2851.051821402799,2037.6139370538615,2.6005706396578114,442.3401697958389
9350,14847.796219038708,4368.589046400863,15795.487815066374,1.5938284414598143,171.85273322731385
17967,49240.110018060914,7501.0030104561265,936.5621742188513,1.591137921357609,160.5044161530057
3474,16359.629043875297,192.22344707231844,342.7314017642269,1.175314519710455,2092.4123861978937
3124,1080.2943259862864,9951.600465395062,14649.97366572368,0.6279706273275447,40.52840575380207
6005,18677.095857501805,8845.77247298232,15616.966326034491,1.7825095325906481,95.99156942096444
13881,49876.99254538998,335.7737614059754,9912.600252525413,2.4361737338772107,4279.574057685343
8049,31939.987109504724,3882.791505239254,6357.451781271779,0.86517838767708,238.0853105545437
3232,34925.8904783457,6909.55718013751,4729.062583703212,2.734443918140155,138.30715097226152
18881,12298.184028308982,2489.9180787946875,2340.55799653873,1.8882099626306208,142.09392647302502
10703,7723.0447171577225,1514.1032972276225,9684.603387958156,2.5307472015598567,275.8278072844595
12428,44332.7666600398,6330.2522655040275,9821.782639129917,2.167599681571484,203.8163765482541
13957,20962.914131567548,9044.901969441733,9119.21502406513,0.8373640586697757,76.25137188260771
4843,703.3254533431731,9560.37389229935,15565.251976965717,2.7664805416130354,44.23112688722549
4107,15065.174727010202,201.60673220848582,1995.5372045116903,2.2953743821106984,2034.5189958370684
1009,10188.739361554584,8757.12779866548,13400.200479997553,0.5889474743195775,63.11152512662602
9960,30386.726746660042,5651.602264787226,8031.346457999786,1.9501105968219221,163.30685538636345
6594,37928.09691239445,2453.2725586690417,4818.997730489052,1.7003155164391912,416.3464433245379
12958,25126.175724446995,6207.74270659207,13631.882237569482,2.6478851906031045,151.52632968876134
6245,9702.001798674997,9958.308797696754,3953.557977240356,0.8069622793590293,34.632859419312254
3542,3369.2409473487564,2834.1061526064836,4618.339871651915,1.9771101147663779,66.61777334844037
5410,16019.933226602936,2841.19386509782,19970.913074943695,1.2757000995680179,303.26568540810587
7072,40395.18664149176,7019.530364177269,17773.37452193523,1.1140471674829782,198.23649208557586
17942,21265.91998923019,527.7548509281016,13942.782368131415,0.5563383759710421,1599.3876661087663
4800,12986.429573431229,8223.417460804518,6315.255157405286,1.3305709096249245,57.44088794043794
9581,1525.8764834254855,6560.036332246502,10734.36698223966,1.4902397066299984,38.432198477345445
19836,25055.071586075028,8427.793599040875,2532.315903622935,1.619466762552737,78.78036165341142
8110,34398.69435528203,2384.326765474261,6679.0303829916775,2.3368041758841107,418.71361010987084
12373,9921.308437057642,8487.183219058348,1359.4107237910569,1.5088560780485298,33.931527356394874
19628,27090.847558516336,4541.273832408541,12206.366628519412,0.9880997032503398,204.81041063364086
3533,21326.566970971875,1413.9501096206484,17149.91483405396,1.4953655855697825,650.3186239914717
10459,35345.409992826775,9024.083706358111,16191.026021938684,0.6739125147172524,135.49598906676067
9824,43099.94268418234,7079.630163964869,17121.62538094994,2.9301855731170905,202.22105743563512
1701,15698.919775663204,1766.0228426088383,3491.9943716048583,0.6655835216724464,262.863942012694
17132,45286.16832361727,2540.398466901154,13001.692228963118,1.004727133750196,548.3227486915429
8503,35494.11401447618,2761.74903729947,19134.840763828823,1.5700790910896971,476.7213403517768
3175,2339.722585792121,9637.008453879129,15665.023291433426,2.8335145741880945,44.394078236115654
9976,39666.523429102774,8873.153919349956,67.80757595383102,0.9468429080304313,108.42711554039207
19759,24984.039644429686,3528.816807221408,17646.13223109023,1.499446227320804,291.91429626843615
9012,47300.31414470031,4719.705807902029,14115.596999905883,2.973292645508223,313.75209168583103
7794,16519.759113424356,2924.271157738335,2441.2411184027414,2.005119065424714,160.6367042682326
16911,29765.07612725045,7452.221714152141,6276.4516542008605,2.0364581841542075,120.18382465487174
11590,47829.23606498905,1695.970584201156,2350.2962466380905,2.9353234186419157,707.7607714201531
1009,13922.40678486627,3452.281346944422,14596.209955944556,1.7652454762983516,204.81116344219296
15063,23861.7004477857,6100.434249502482,70.47772820240938,0.5064018613357669,94.69898291933387
17524,37748.526484318456,8785.710335407735,9290.443628158368,0.577449108670144,129.73297444761786
4247,34709.38491312242,6391.947550523303,19996.17946890648,2.203495333728257,208.26421516054924
19603,42015.81169608206,9403.291837567269,17022.610666672073,1.0287780712016124,147.80481038339852
3836,26229.935631709915,9315.011890948756,11744.434290357642,1.6962018394401617,103.10624024871167
18302,16286.598998182586,7211.164684007161,13878.682880759867,1.8784306406349336,101.41540875778685
8099,26986.688189050314,2859.149084680455,12072.775818246433,2.1683752819195634,332.1404662966442
10150,17823.02156618333,6862.482802758494,16216.918937173925,0.7093666308739004,118.96558493255304
7812,9233.311578486255,2008.1032720858584,17719.69647314058,2.4001092058167988,319.6819616049653
7842,27971.00027990539,3398.726556509323,15331.847659449222,2.8004200374121946,307.89236532862094
11259,2894.8374124365077,7603.204181314052,3639.2505909120223,1.1393638416544962,18.015850928678134
10029,2310.4774981889545,8521.256132432036,7450.427978373215,1.4511151898968575,26.478664061438923
19965,3696.3902023111104,4226.011992346356,15688.164243054784,2.3595453889423403,102.69055564363065
846,33794.25305577461,5282.02508650018,16463.55160121302,1.1211016566929892,232.84526230756927
17000,20645.84910178658,3922.7153456110373,12576.054684683611,1.8556114097655845,202.08915296098536
11150,24958.701526511053,4845.072021500297,14282.90442079322,2.1498670908610116,193.82547585085487
10112,17498.24370657854,5173.627590824393,3489.971258610389,2.698184902292719,97.85292503409904
10546,13054.993115281655,6949.1611984279225,7453.316143626378,1.3634143534649141,72.83577851779717
19966,18236.10553917548,7530.192197924175,10692.72563021671,1.7316205777617952,88.74963498822964
14209,10072.219392062168,9752.660802197772,19674.168120389717,0.9614985168721064,69.23533037793784
2131,34098.516453868346,4432.749930263664,15984.311804712674,1.2690261940634893,274.84461428480705
2499,5535.9069792083665,923.0842964324518,3852.3953961213997,0.737340981771833,242.85757570436976
15952,26086.585412816243,6912.846731518998,7048.130808886761,0.9940943625584657,116.39478421306733
13069,24102.936207754796,5032.917355940556,4337.965856599329,1.365528318398736,134.52052716661572
8632,15445.219078380647,8426.115559428083,3045.1817823412107,1.5606795566779261,54.95614344026542
7503,5563.324777713564,1550.7889323464517,2399.601819396975,2.2671937718521002,122.07009981921654
2191,35316.20666840657,6484.648562034212,19314.060817855192,1.646122303159949,203.1262198408251
3204,28692.24789919367,4646.658019562822,18132.671320346308,0.6226228556498541,243.73688560811047
8902,40569.079383941615,4251.099984788905,9664.885318298007,2.3893634465834914,284.4495321094812
2277,12158.423427901444,5692.172823716831,10970.89267967996,1.831992074351875,98.87637366274085
15343,39682.423718532984,6873.409076795611,16772.45499824424,2.8485211479051733,197.05255752161267
3647,14951.313338113867,8524.181714754292,12976.76719188512,2.088100161247452,74.4834288669907
8557,6073.241185919017,2427.604719599659,14653.158338226622,1.8348295100074992,200.24289690938974
19383,7178.356286374835,3001.637793629893,15822.837388429207,1.2360721546509572,180.32990158796133
17570,11442.394778526816,5530.957058923529,9660.575146836944,1.0911509841242415,89.464134071519
19717,34280.23035764754,3530.9157099189406,19495.857822649414,1.075084452807577,368.3791651812521
10465,12576.105886041865,5726.610766780145,12567.299427688806,1.517807065424969,99.26377037415509
2745,30391.612253774794,2081.492901653361,12669.705033482967,0.9284285420197537,497.91428237497206
1685,13197.877596347153,3145.713296297574,2820.9027282729294,2.6105245130831483,120.29678273466823
2964,18578.561533550655,3315.935705544395,19754.74424271182,2.5129934990781666,278.9081125226511
9075,44541.20234709885,9923.97384568408,1415.51069613443,2.322119109579263,115.83156424788
15035,25267.920949065145,8558.048470696025,19712.72701698457,0.6218769221276703,126.72476887446523
14557,30212.46512274762,8393.2362833957,18211.311704557793,0.6797646762663269,141.1907529395192
2021,9869.20305582478,5184.342049788461,17128.40543370833,2.0910632055659066,122.96688534543284
17863,7009.5504558893235,4721.795577291807,13471.97388512544,2.372420693077853,102.3312928578918
15902,20952.422773378374,794.242896265728,12177.161785486713,0.5667898521636847,1004.5226957089922
4110,42841.58220707975,2053.533111662181,19932.400350263833,1.22625054937117,739.9597829935094
6200,12425.721216903237,8963.933202398232,19479.94972421037,0.8407079727850032,87.86323056096262
11962,31273.776532064618,5303.850071891732,16236.661672697217,1.0781974606187759,209.55897965578097
8073,43668.762772500864,9875.638767155238,1737.2295199491216,1.795942508014242,107.12223848184455
18837,46753.315983367196,5958.701177278579,7443.332251084953,0.7731117555944871,217.18955707702216
10176,49692.618228562555,3837.1221629592887,17318.55619678373,1.0745853278988449,420.4329317172415
17767,38266.37942062499,2813.688096563583,14050.40650153565,1.912270987149593,444.4489577144432
17007,4213.000830131663,9191.760682781402,2440.084070785551,1.7702726852720585,19.16239788456113
1025,43637.36866848826,3770.2496748276913,6964.970825807166,2.6439775377974573,318.91106657972153
18970,44339.02532257744,1546.801840921195,388.51008354981565,0.8764493082722864,697.0069901035772
16058,28085.500540485424,2854.76120311033,17856.065350852237,1.4247118392226685,386.7438669635474
10847,3837.8672138449124,6491.669320928905,14940.105712429688,2.8108992669278043,71.50257706898184
6599,24094.932907658524,1416.8033834541784,8717.217212724929,2.4894956375175634,550.2702780013087
10068,10929.651775966826,1006.5068954738629,15207.762050397921,1.993393328189985,624.1512501163006
4906,22384.299842680524,4630.503364367785,18668.44387422777,2.4224813256055895,210.52426027447513
4635,36344.26064370231,928.1519438557106,5597.833853017373,1.620951953262869,1084.5767338378553
5376,33543.75700457837,3990.0873353617712,5716.336821296666,2.7767179417201664,234.82507063520293
18877,39109.59606036648,3294.9799063985465,9653.029629103941,1.9991410978584092,352.87948439435974
5025,24087.875661408187,3975.6241175367018,14137.992549170995,2.2390894049506227,230.6231530687385
14827,25784.20812445042,4929.104245837408,19860.748706734554,2.1299652029609235,224.18132257432723
12627,46816.61727656156,1934.7569391591921,3258.629108072428,2.1819113324988297,625.3234289776601
11492,31743.592346359772,4480.001905666941,6842.711298195747,2.1026576022081254,205.19344974133537
14038,37503.26121623912,3679.0393515392384,7268.799553018692,0.6844109880456363,295.26036068422167
10143,33393.60320832754,7975.18796728781,14516.479455572333,2.0096229239261656,147.94884813432077
17087,32204.02797170552,6977.422548205987,17731.955918981494,2.4584985658794762,168.81118085972284
11518,45720.33639702342,8738.163642091078,3675.902768740045,0.500989615951153,136.51352478278875
4713,18146.04682176996,6723.1957205723975,14273.007146448583,2.729189445115409,118.2125214143616
10544,21670.67142024438,1298.741016887445,18192.440315191787,2.8805842906834327,735.96991297411
12157,19297.644952849554,5120.06246469168,2425.9133800136647,0.8204758067342911,101.59223953786473
6865,38377.2468334116,7450.449025232536,12701.199601266213,1.8376305102243538,166.14745455708697
11135,43486.770960046866,8432.616918519883,4047.681284015896,0.776491224650306,135.28703096971537
7959,18196.368808140673,1894.6294505243325,8822.818375224235,1.2075196430589838,341.98673071218246
2692,7546.179913635036,2312.676220497908,2536.1747451307037,2.053731370781221,102.67355411822217
19593,24958.277687987673,8636.182890007594,13672.383853626035,1.2571314788781172,105.64320559981792
19712,49224.26306038361,4905.502340426407,8027.507598199397,1.4138753822677435,278.1582185821952
9650,10582.247368360035,4578.987827341937,11345.053877196067,2.3653372181736056,113.81446449261979
4574,22874.04643366139,4991.740450419711,10470.846488223247,1.9374578953652168,160.10413873586802
10750,13933.646763077813,1815.994873584073,13879.69605670255,1.7951119537180609,365.8028948531189
568,46172.60473994134,6313.600870085638,17911.566796810384,1.310433770790541,240.93828511403257
14515,27770.40672454346,8098.939491600237,5594.986767743786,2.2603775725847735,96.2769003296118
2137,29147.850723785523,8386.905878479123,11903.336276671193,1.5599165453800252,117.41685677233374
6163,908.9317081899705,400.7460211035076,11475.327574503766,2.747034438000146,737.0822722716055
8893,32812.59789488354,7180.372663053033,6302.906383418434,2.0039967885934242,133.28309245619846
8957,15664.444859698446,1003.1241533409072,9991.723094525487,1.8457815014457695,617.6082773457339
6751,25914.109019050262,9672.005235593924,809.0634728499357,2.5078362313894664,70.13556495898102
3625,26787.835451896583,4874.184626781299,8538.661435694947,1.7136029477180803,172.93393609539046
738,29815.11407518196,7776.609933962004,5410.53772241163,1.1982208249948885,107.1065757129544
8517,41265.199832494385,6256.3911940075195,17279.513001928874,0.8877425259185439,222.8205962839953
790,15297.264609676984,9524.171297283954,7155.833762786739,1.9045461618626973,53.62538482444006
6964,13179.988518088565,9739.213805792704,3844.194534121983,1.5621415021911293,44.04740030485738
2308,39892.53796820974,2860.908940854328,10593.424508731046,1.493440009555194,417.7467472954541
10781,36076.56924772421,4880.403483799388,16219.288952192337,1.3735179744148795,255.5869640283679
17838,11667.93942319305,5091.980258220267,7080.915177355036,2.1790305397189504,86.62600976114093
2430,541.3996405904733,1859.207259763641,16936.60821671467,1.7974910922189655,224.2703488173214
7489,33463.84772895577,9048.98308708993,6522.5911519193905,1.843096643456871,104.32326700352354
12772,8280.312331833993,3561.104493550043,14711.960661315308,1.270312003149827,155.3920151761467
9498,47871.31594956504,965.8222218381418,2305.023550001182,2.034127445931061,1248.6922656101906
15017,30418.160528072083,1629.8753882094695,1244.0110329043375,1.5087901862005713,467.17422146001866
8279,42557.76516542996,5181.70866564728,14751.518114458217,2.423699849423897,262.48926387653694
10598,40378.26515347852,8828.684640562611,7367.964279447759,1.8238263868148568,124.47512592245931
15580,28110.987371511295,6319.364799405275,7859.9054830512305,1.223631251962364,141.80422086456085
3176,22198.3603240702,2226.8318401596603,11483.05294121692,0.8693241670420502,365.8354491160711
16283,25091.521200745017,3038.348920722536,19737.403197795506,2.2498399969003793,359.7636298529816
13363,40247.9426526155,9762.648348240959,3430.1960354907246,1.4277642533009574,108.70825758748036
4259,32202.30992447759,623.2038881251178,5997.0815712502135,0.6637779612850923,1475.3185664728328
15289,10683.000459908604,9943.9494517976,12974.07303293367,2.7872967551878647,51.73357820659719
10310,30663.078423446626,9067.99115274796,14019.266112746907,1.4666130775014543,114.25359671035912
13714,20530.99565733774,6816.9843906930955,14122.905180645932,2.364858147885375,120.1105918123348
5621,3534.226610570171,9437.70329372109,11908.105362658496,1.6472879700180711,39.66034066020629
14053,19372.825091594063,1609.4316888173244,11765.677287728962,2.7273152229430315,462.29277994805625
9500,11766.275795821917,9431.634669244666,2962.138991170844,0.5726806175158703,40.53081267989156
15919,42009.93442231633,2204.493327448301,16692.507458615622,1.1485170526007502,641.8841520086273
1441,5697.473365170806,5507.507972701432,177.91622436263754,1.8644398987340942,28.49696413447401
1838,18350.86074051957,4938.74097535403,8351.545213663407,1.3080728101826415,131.80001892644538
1821,34926.85307473339,5173.335177394023,4308.185035718606,2.3567213841364265,182.94358266740693
18538,44920.899928144965,2747.059636759773,2086.7982593089905,2.2210453627123696,415.6125576493587
13704,17098.17714788667,7828.323070410387,6389.81609829472,0.5638107564491813,77.36231261648449
3568,30518.70702706609,7451.574678155179,13143.745857075999,2.0012825008213366,139.90154676142384
7093,18995.654708456183,9544.25481004394,9941.658206290322,2.589715978776305,70.14690943873119
9086,10542.6162014036,5119.211176277177,17470.517237476346,1.2890550191833037,134.96540582343556
1291,16623.03114857709,5526.111456926965,11993.709091575764,0.8483973642934999,129.91747378375015
14923,31977.157079949673,9043.391801018764,5062.68072030359,2.3457427167084552,105.79531331137187
10636,35958.797261308035,9202.452268102212,10304.418905818573,2.751068653532671,122.5562849125406
16247,18844.977470701575,6530.413192126701,4547.716075907469,2.1422605547467395,85.44231234318897
1243,8050.336434656817,8221.911370626252,3573.1295023962416,2.615109135628593,30.522721097530635
7024,7408.096861615669,5100.883109132651,19100.410508427205,2.9966625105903115,124.50116400474018
14366,40724.39792838156,3943.135748170939,9360.656646951935,1.7484652185478144,302.1078920732774
7074,32837.039287466614,8654.276461517029,13024.161814721008,2.838221771948346,123.9352630087279
16815,36537.52492820729,7794.9923533727015,17468.645543791798,1.3609054652038475,169.16764822323537
13064,24668.58377279485,2499.874780530972,6443.553040756178,2.3641211163921025,297.26677607246376
693,23137.32915719976,571.6867263380245,15780.504802236137,2.7536653558473323,1633.740989223475
8394,10951.931497229474,5699.438320583858,15776.538688043904,1.8021881589677209,117.32505531080177
4774,8832.815309176854,8432.003561632022,16480.23804622708,2.0661683259175563,65.7853829118412
14832,8118.710555429252,2547.2945020909156,3789.2908854084785,2.92623459383628,109.3350714907218
4082,49593.5380483459,7697.214305945409,19256.80468492035,1.1279499325951974,217.08969758061716
15918,41134.14088454581,4198.671617224692,5495.625891736458,1.389944714019829,265.06820372675344
16205,31493.41554993938,3423.5145795384956,15536.295474112727,2.4306917282556264,328.1245472618461
13344,11112.99387321598,1810.8813812482958,3246.1179924066387,1.35242582445562,191.2848095011078
8629,17214.110975052386,9349.506608839056,18484.541171272267,1.7519385373844052,91.15099146168116
12182,17863.892954206225,2334.4105273398873,8556.905954181095,0.6261442798336756,265.7074966935876
11507,24144.833597714794,2863.9675273167127,13373.069037796895,1.913710101398753,312.5374860053357
4403,21388.841317379796,3381.729587181888,17003.83642537443,2.0669620311916517,267.94749233348034
12615,46740.582615750835,2918.1529375736627,5647.73032247629,0.706511249828138,433.45637720708567
18669,36180.07829742703,1712.7655450576617,7779.920250260695,1.109755422815309,611.8262580025086
12864,4529.559577493439,3609.055628779716,6267.784152785578,1.5829668899038425,67.63244376425772
8462,18317.86160333853,4770.5506937143855,5657.41028067104,2.4531026553099364,116.83676962753536
12525,7081.650160013152,5562.547881714117,10206.02899593008,0.5541424679849665,77.11492129620628
17407,14328.050469231712,1649.3460595548577,10934.899874166224,1.328373755237526,365.69313678501965
3796,47965.20366602685,7816.196285343587,1536.4551038004292,0.5122314779911847,155.98873161425766
8211,35410.545486162046,3184.141083116707,13465.857208806916,1.8032059739061375,371.03495987398713
6185,888.6837044444326,9187.691797123107,8400.026240187015,1.7469392737014473,27.605926506256893
7147,16778.633975904973,3362.5691064554658,17790.586802273992,2.388429409085222,245.6894796478268
8294,22215.735983203613,8642.5008944529,17710.448337782742,0.5097989671506521,107.1859910609001
6090,30323.82073712198,3590.0725021800636,14401.855667489595,2.396784047033979,298.0423540024623
898,25236.487390240192,5107.744596063025,17075.66376010332,2.7280676652586386,190.10218384001797
19035,3953.7511548451935,3786.311440474386,18450.28173736199,1.2935502962904257,143.696904641776
5930,26019.599699832343,3932.2436141620774,11546.577406118633,1.3342258396847395,230.07862875448578
4380,6947.834164627211,6223.963816537949,19438.12718338323,0.5026729040966109,99.74382120737499
626,26200.388552216195,6959.993088133847,19107.97722779836,1.5727821925049335,154.69704045400533
18971,12680.396193619214,8717.687862814224,2197.6532910304545,2.032535155475517,44.297440537767386
18654,7637.518804247159,5733.620167995728,10455.100728875681,0.8067371570989641,77.19996521588124
7525,14752.185485721999,2246.7571096412344,2289.3492866151564,2.1429122524702784,186.46866066428203
15780,5431.292887300757,9896.84295778978,13682.67129913042,1.4143566760585733,43.72748560052527
12745,14557.19430433079,6869.357040723755,15305.515717588662,2.1824947241336177,100.5156693177355
6425,43413.16887619135,3810.046853400144,17693.559324805763,1.1277431983926485,386.0114195933261
15147,15704.949509593387,9685.224301454722,13000.190769936322,2.4366159610005047,73.51398101447556
2581,23775.99069020169,9588.887658083033,9079.855510641468,1.8721321549660734,83.13635033783152
2557,26230.513731870604,887.4382918337378,3118.7397731766196,1.8329873505522039,792.4242391760378
5787,9325.392587055672,296.2740624568481,2502.079634048637,1.7203967046668702,966.9353872403435
6403,22368.33072011899,540.1203244581754,9713.34577294234,2.604937142440048,1431.6801646041238
5835,42722.56551833949,6884.61278662032,16650.954035566632,1.885636752762448,204.75233883554458
3489,4486.090151715543,7137.7029463997915,15014.374607685457,0.8989981158329146,63.76322022046448
8075,46179.571277891235,7267.874977372952,17616.03522606469,2.064515227170361,208.384138497242
14563,43620.12166137695,6339.36993955215,16219.804211224387,1.78521659403928,230.73082773825752
6221,42863.56117523173,2926.3640226981183,4109.331114834445,0.6723320426798713,387.9631032655352
15877,10327.867395688048,1754.5761732757558,4006.488208904866,1.9527024400736146,198.29992810192132
17223,24473.52312656602,9285.797333623832,9160.266014394834,0.6984617648498377,86.4556387577586
3228,30999.69579004212,9140.087670090006,3823.114644713461,2.3120796417685394,94.0719773437439
18475,5447.521238581458,2500.61240072546,3749.485389738223,2.1369519078903103,89.3634609487474
3661,28063.852870512073,1762.5776449898406,5355.578718696727,1.7331410693912714,454.5266901959695
10000,42082.13906962727,3815.8758217764416,451.34373493929127,2.371960742961387,268.6587797371872
8675,46859.41998638937,579.225572966681,11426.85328728566,1.2018564974544272,2419.862687443858
5129,14277.262063957889,1705.1772773505998,7932.135547745364,1.6160653951724444,314.9837955267768
15268,14792.596462049907,3864.9600787493837,4747.9163232175315,0.5382209063509851,118.41389146745965
7401,13901.165559810604,2463.565177325891,2684.4780707596174,2.9707332885134696,159.0286472531231
11390,8095.778619138562,7394.520619446344,9117.005353793293,0.6406365225305822,58.143566345710624
11815,21820.3308138708,9059.100355136283,12039.167797280803,0.761138182377628,87.70810727185798
15926,39331.207988177324,9100.487604773545,19465.546667327897,1.7372139795827344,156.15329421016156
2797,35748.38771060085,6082.35012277457,5076.477323648878,1.4397581833453048,159.27195519563494
15739,45065.80789023902,7064.5483932583675,526.6981763776712,1.8308716886641792,157.34540930317945
15250,18109.20339414185,4990.911229961517,14720.302136743774,2.5875285466461895,154.71567289543694
14013,28824.85296188281,1552.2083567882667,4703.391519430748,0.896551648999644,519.332301635144
5818,38443.50698182122,6386.854714467538,9685.27325718308,2.0988290607693254,179.52767136526586
16896,44959.57855227139,3564.5427485403875,16164.50398661425,0.545088482100045,411.385580064991
15980,43651.83844350311,157.35570351511,739.5370580915684,2.4751114857594594,6770.977122818581
5133,23543.12092426389,5792.041687828263,2830.3851290135353,2.539073803754684,112.6688647925242
2551,45389.462767396515,2063.851032820627,1963.520983541187,1.448444492849789,550.4122719460713
4376,22480.76008499917,8876.405800293338,4674.527557629395,0.933333123211098,76.37469448013645
6408,45190.19479044598,9346.052759950851,3460.637674657765,2.527652683246561,122.26713663119847
6927,38960.054941287955,1705.5133073909974,6332.036530183212,2.773022588987451,632.4167511938684
13509,11471.572148535195,391.18656711685463,14926.091953073095,0.6882667684634767,1620.9319765275686
15851,46518.549870578936,140.03990174826518,846.8748995852283,1.949516934415981,8116.551550350933
2323,12501.997251223882,9139.131197968374,1475.2776846586246,2.845385848187135,33.56281705432628
3240,45466.788127952015,1604.983874300322,11286.47657112223,2.1093396611752375,845.5645444062449
2288,30947.898937727783,4409.791161404232,10405.195075707352,2.5508005048058675,222.37897735045968
18836,33535.11730643252,665.8975282486119,9481.501466823347,1.0745548684713113,1551.3228250590191
16141,5912.0074093780495,3796.124085712242,10318.178694959299,0.755838433343637,101.53669711771698
11396,3754.1809077414023,7875.7064867701265,14840.77777738164,1.4404698468016721,52.36110903445462
13415,48432.88070484515,4126.019770985633,11522.280769468967,1.4877753942696268,347.017802977328
19911,17177.92242342372,7778.243995119626,9139.462818181215,2.4655092265698295,78.9456427624899
3601,42296.37044975625,6919.508320747149,1635.0198928620596,1.5157362034366026,149.17234148584237
6373,35371.53478440976,5221.350118662907,19495.422279464983,1.091505636150296,255.10411928959226
4088,30404.84986709484,7403.327127287775,4786.672967428509,2.715851282741906,113.80554835769162
15209,34417.892629594084,8803.228543064994,17383.158284364963,2.4566358360256286,148.0390586039711
12209,4924.66492546709,7950.813330213749,7579.554151201904,2.168254090909426,40.02870759385047
1917,20913.564692531665,6948.126285157529,13678.729835991688,1.017781613510859,121.92557188654985
12381,30550.28133475026,7048.039736010802,9082.594263076833,1.012030068567958,135.4121491067217
3272,43444.36626781297,1694.874988001602,7083.25503505608,1.7283880481913179,719.6965718782462
2749,35877.02380526111,9511.652700626033,12286.10101890612,1.8273020672259108,125.27283646696416
16579,13013.95969965587,2136.0763114965284,10722.128322255609,1.1402382868303147,267.3689502325067
18509,49253.85134959986,3554.6264287144,4648.648139259084,0.8084260021139709,355.66916518057803
3249,32330.311245597644,5228.06649150054,6724.835977833981,1.4080092871833707,173.19630780120886
19489,25315.172595631644,1349.1897321699316,687.5357728145249,1.5727080478052935,460.3569939309682
2347,39178.25127368983,5976.400779359502,3871.672573687548,0.6313544475087552,173.57250035969187
14653,30333.670021510035,1908.5173566598612,6716.660189732457,1.911599600568515,461.64489803481314
9270,35644.43303534412,9241.34043035779,19442.426192147996,0.505026666959199,144.33256104684165
1636,31048.09534279575,8897.893722777231,10541.77869531254,0.8779323848504273,112.5036125467499
12102,9352.482199473421,5489.8117389159315,14015.924452672238,0.8673989933409161,101.76602012865371
3633,27396.125011462645,4549.815572069392,13472.007325264009,2.218886486244045,215.74844006427944
10966,14513.50709775766,1115.758930088915,19617.758577185945,1.714729338519391,726.9611246003326
10913,28729.27803787451,8250.671961305286,11113.305586577133,2.5900907728517497,120.66902744768596
13807,6712.425416278468,3855.763976608919,11709.888545964388,1.1621216104150336,113.5700681219005
1657,11982.30505271426,2538.607937707513,6001.403534072309,1.026435947849074,170.53967013432433
7952,40531.768375736676,9953.45038820167,12522.356719309033,2.5072377265541315,128.24470740686914
12550,20560.891910188147,6716.144382038258,15154.488439025323,1.610510213763488,125.80305910238437
7775,33852.351839424664,831.2398227388853,2065.0676133681122,1.1855765839280976,1037.3180271408066
14978,25143.5003077841,8032.8274729052455,9602.494588627895,1.5456494914711696,100.79914483616574
4872,17364.513408561354,7528.982697287028,8438.00407691826,1.5631838119101729,81.97061628957017
6111,25011.174895595454,4071.8825306031804,2271.6899947934376,1.9302691448948264,161.01768642710653
18470,40778.15725451382,1324.5236522577586,6825.75575384758,0.5941658254098696,861.6888975649889
19207,14439.232856323779,5024.704492662918,10703.572803192013,1.1198725958305338,120.27199851215315
733,21361.458789952474,7656.857265509766,12997.38752507714,1.6672352104716508,109.60939964038492
8416,10527.872580218773,852.5460523802576,5777.887708388292,1.8557326660928348,462.48460956527293
531,17883.853809728906,1718.0701948692276,9525.991829329061,0.8968890143171411,388.95093249178643
9451,44312.9305976698,6227.369157679179,14681.589378120605,0.9840560704155933,229.305895646736
3703,39393.26435051356,5639.492903384779,8444.954962914042,2.3190073047843835,202.6969425756628
6394,18993.956990789764,9060.367993320564,18815.462332275147,2.4638929031633934,96.74931415796152
2294,7053.531911084377,8166.442626598227,614.1231939265923,0.6878562383310676,21.00485628225429
13580,21288.516183036325,9196.41465810061,5204.545169770149,2.9752001699256065,65.06225627866803
1261,38700.25907809649,4712.99215424079,2667.8247435162807,1.5828096282716193,209.79628623773064
16074,2668.1493494151196,7899.227923491739,10825.813444040057,1.9643773468190135,41.887925317677244
781,37394.363711317084,582.2959238713592,3547.4701593877667,1.9841271614960838,1688.5750019096743
4571,34155.54157504391,3015.468983379177,14836.80852776637,1.3650544020301345,390.5078619056087
12595,3700.122653148516,6478.297204842661,18367.000371817987,1.8619765260182717,82.36768634751103
14837,31964.19432073509,7660.470321096967,4143.993112061239,1.958505198502825,114.04948202614636
9507,15283.464424968222,5747.874762208786,18135.262152883217,2.401907034401737,143.2233432090489
18354,9275.623356550108,4859.283585005986,12635.104540455495,2.154481075511009,105.44093814835136
3787,19551.65658900319,2409.332877019154,3923.4129380955565,1.6166927968007676,231.77327111158604
14514,10666.694153584478,1824.4489193330373,14730.909568999621,0.9783265293118042,338.7544634742143
17394,41315.51597944911,8767.275546800114,1817.473517638244,0.5629000514222968,116.05017559632574
14585,37229.02503809543,1507.9009093233947,13842.964506010849,2.129634750823689,816.9109300743398
8461,49047.27104501373,4409.341670602159,17225.226435484168,1.694262169920083,364.59641426547
14032,26936.70489795825,8895.964476850557,19007.520401891616,2.9138118938734205,122.21556530180854
12397,4915.688177884605,1562.3490189395727,1090.6223473439436,0.7457921645917349,93.0207869489717
7284,18704.54677144279,1362.707563139098,1238.71176411666,0.6815579977499113,353.0119860768367
14696,42012.533921625596,6955.839813361735,18608.09776666923,0.9531961946633961,214.876188540606
17142,20144.72893612125,3382.5955232959795,15791.85144409021,1.4420846922192756,254.82831616726818
7088,23055.91878971203,4413.490132001992,15485.34333404286,0.9379366828824216,209.31909125281817
9916,20892.557706496984,6293.3753016660985,14852.434586103824,1.6596152192565836,138.59733217957086
18549,12151.24515838504,3851.860689996063,14346.592318365454,1.3492698142060768,162.9068445697994
2365,4123.162960259317,8018.430221343341,12264.457566108149,2.99873245472895,49.077748174060105
16452,9437.736033096602,9692.948205022733,16254.800890543707,2.9167578905004925,57.118520970261415
1265,18515.18234720046,9337.30190270156,683.4480155814205,1.412039723420404,56.33915785281492
3949,12649.165615010701,5499.974847915663,14806.042170966546,2.4802486373081774,124.63722144658826
19589,28850.3923995305,3612.683611312346,11658.349998514812,1.1041191593015152,269.071239057992
6265,30888.33021514054,4393.9498438946775,18149.181835107018,0.6443666008299443,265.07833231893153
15961,28718.270704436847,3368.548902234144,18727.476815424987,0.6012201167134991,335.1209802651276
15836,4703.492277230736,4473.069668156235,4826.610165912355,0.572942717039596,52.882546767578724
5474,33509.58583833987,228.43261293986532,15789.20170479702,2.3398378536859474,5176.800337012194
17079,19536.684491741496,646.622410520138,19139.974545970796,1.3555566857126442,1431.9026144994677
1883,43968.85947427633,7736.236665337823,5332.990334696124,2.5595872663685917,148.85486429238338
15958,26517.911264781917,3414.6492608782323,17021.69486157254,2.684584840604564,306.355594344181
2935,4683.476108462634,7964.621540564081,11730.593144939989,1.2637632263438343,50.2027411363376
1950,956.2954302775838,4851.448124042771,7899.903716082721,1.2228590168908766,49.66556750863567
8424,35274.35847368581,8078.582383563214,16472.18796072516,1.2698201296671723,151.75966803610694
16554,20325.28144574612,6669.487139936984,17405.981229448407,1.6886217463042819,137.46080754261652
6128,14755.7957470622,2089.912135036865,5652.936133904691,0.539861885843465,232.2804818607503
17325,22635.362525858985,4532.453242243293,15889.259241356796,0.5271067073311801,201.412320100407
15288,4083.4482640453034,7072.891075708054,993.2296444713807,2.338689999086315,18.586520460217884
2867,19903.22456976083,3373.1089443077426,8353.251654778216,2.520520928348519,204.11956735241012
5365,16077.638035964115,2013.6916788755032,1395.7052596534193,1.0103180318839557,207.75565198455377
9574,40109.36240190122,5444.62313737905,5876.712775158541,1.9846926623456655,198.8308560427796
7659,9155.273380428062,2809.1167216121444,19007.29889097303,1.0400194961800289,242.95965788106696
17334,37937.68672464275,5983.987434652281,14694.748964518041,2.3355335320657655,212.6959134080007
5698,25269.925361604684,2790.170573127843,15111.990383673125,1.551293035380632,349.22591681112897
7786,4553.45347972864,9075.134475457286,2689.72765322079,2.5568870339765972,24.517368636339878
3329,48499.08814380915,3504.629925299747,11573.71808064967,2.8713487647720792,408.7799218260454
3113,36843.377643728556,9083.758985390292,7776.708529123626,1.8886298884744863,120.15997587970307
2415,13374.666230807725,2866.8698993842513,14683.603091554893,2.7516687947105103,236.8060400314822
7712,29296.787785741155,6084.099837948468,3141.7141883512477,0.5844780465573205,127.91946239483653
9940,45046.808725791605,1389.1617952109098,5638.425009039838,1.6567281868340569,875.9152761952784
17411,46574.944908456295,7805.881292021432,17971.455489968732,1.7587391775001944,199.77659288111988
5319,36692.32298980999,2082.15541215537,3395.5923314875404,1.5395314483067841,463.95361741539773
8379,36519.67265283589,8653.803772579182,12648.240221237955,1.2871056792950804,133.99062729641983
10834,14229.38172769293,4579.214334984405,6303.037583773709,2.3074053239117274,110.51388500073985
9056,49493.216584007365,1035.9415906763236,1637.7057235120706,1.8817055487642085,1186.247617872842
18092,12552.319639489006,3699.0308473552714,4473.647823615356,0.7060409732869561,108.67240818605488
4620,4925.61833368137,7819.286662757361,17388.1866159655,2.8767812547622396,69.76994627724305
11057,48880.31859490579,855.3202891287219,18210.99155251967,2.7187932356598066,1884.0263895638561
6976,8065.850477993678,6294.718511786109,8396.67186433436,1.383670872609905,64.12397981593057
3461,26319.867178435365,5121.935602930113,12418.018719556909,1.1154922319331513,181.46281663782037
13349,23678.048489389617,3167.709112419782,10409.96193386242,2.071180027209161,255.48900634397134
10839,42486.19816352299,7580.612089014115,5593.881056406176,0.6082690256251456,149.73686097143184
19301,20134.631701629667,619.1633026622208,6895.906367926989,1.739984017210005,1052.7637485245773
2116,25357.982266537154,5026.654123188858,10536.409781039536,2.1815633521742885,171.60234993126423
9411,2665.016122177224,5117.945127904212,13907.240913051206,1.5167131565294485,80.69058224017802
7325,10787.946801754766,955.4206839772329,6997.123448083389,2.930728866219746,447.0112622615167
18730,41733.28508612898,1446.6249637756282,13978.297503311174,2.297162326064137,921.127590970897
18255,24178.879517769466,4155.5786339092565,19219.61633799321,2.8351668863429613,252.3458874348155
18350,11931.120140564082,5411.572964758491,491.14315372508656,2.769727989503512,55.38280463770806
16872,18760.913508860438,626.6352105259965,3276.7405850204323,0.8292428996272676,846.8067680278066
9382,14612.233342127638,216.3895472790432,18325.424160576098,2.171573041049686,3652.6017747015385
587,28032.929962583505,2006.7819290639918,1431.3942011060133,1.9917180852318657,350.8499736071823
16808,3046.577901989341,4929.3137389902895,15300.935041304023,0.6370768233985866,83.56722185490487
19396,11636.007611929483,498.75923602114455,12479.565049505956,1.2947177559980336,1162.6532009481284
12540,18070.76729752685,7359.030029138772,954.0180822299749,1.8364462901642398,63.05761162892295
18129,46446.5981313544,1604.0890064770526,14.549301435382578,1.870386277511362,693.4661527625814
16374,31352.271370764203,7748.850539505713,10039.982850880835,2.535194115720526,129.5337494102883
9833,25460.555952820236,2126.8605992704115,2346.908515997157,1.9690937019710657,310.7621466508867
1477,9945.760962082526,3531.5327021867142,17444.311184753635,1.6662662186940578,192.297020945788
7222,28113.72449937751,4843.020182581143,9615.4931725709,2.379898501847487,181.55404001562744
16170,46485.97275140529,3537.980726933061,4688.879225635187,1.9272249219576996,345.7352283682218
13717,28532.31057599867,333.83177766340157,3364.097647080364,2.709391500986377,2292.1829042645363
9502,8656.315819261676,9094.883220871003,16715.452359258277,2.763664528478496,65.98085524653544
3992,49857.39036129311,2936.01856780874,14374.77518635951,2.010969507824273,524.8021029619011
13004,25193.450453682264,1446.756796051049,14359.255455838558,1.910838986959665,656.0508141497976
5425,16317.985537583421,1411.9305682361735,1706.13495380048,2.253200273644418,306.8330110924232
18017,25417.118550643794,9748.663847261796,12490.356004158142,2.3137815425624693,92.39105118070265
15718,13552.694364355311,1318.271147612714,17389.651662617285,2.3179217812451673,560.9373311735645
5365,2003.4718053883628,3530.81899697814,15318.012579718887,2.051766247653426,118.4917353186108
14684,44531.30377004387,769.453173246151,2363.1337186491905,2.407034019659553,1468.628089654854
9260,21729.28432635984,7381.180847149584,18985.587391119843,0.86028895935722,128.65095557597337
19884,37768.188662151566,6007.841307473585,1394.6874543502897,2.553684355999359,155.15509501546532
10013,48577.14130469822,5382.332232142226,11138.086309512131,1.2760810283461455,267.92295792511663
8166,31813.08503570846,8572.819404344298,18900.24664485838,2.7142193732259234,146.02391507367082
11436,34735.00876052801,5776.034043810451,16445.134571810446,0.8295656167876126,222.59959180063078
13317,47190.426906094,9559.756209099494,13616.57989382406,0.5090077638769964,156.1768218333942
7865,26069.44507782034,6265.522867499736,17126.873296786154,0.5391815543802304,163.2156430723549
7132,16335.043956013562,3607.9699764974193,13465.626306106924,1.0253997628347737,200.87336335023193
2267,46108.520704344606,463.79412617647245,1098.976295202918,0.7844365601624876,2443.99876077303
2574,3915.2083845079305,7280.228502196585,7017.438907889508,1.8847820042178713,33.142845575630574
18025,11123.09371011976,3799.0871356324537,8542.45056979404,1.6210353371159176,122.92147804350067
1577,17392.600040814297,6032.101576136556,10927.545219605166,2.015131912585956,107.22382230520675
5332,39214.52524595433,8775.847308671448,4592.80877946251,0.9816426789357406,114.638257093877
9170,45243.12161256837,175.81648223735442,17623.44839718393,2.3845975290755894,8579.599455018135
18569,22863.43421315954,7620.16333095848,4574.013252429807,2.026172336574895,86.82068361190244
15666,14663.3207379078,4409.319273621168,13151.87328861691,1.0529857556414,154.50377247099817
1871,17983.93085373384,1328.1956221175583,17532.148684772976,1.4973124490295036,640.7750117901496
5959,32999.09205467172,5866.3316176202725,14656.261162565597,2.2955136849388986,192.29765258479674
3923,8321.352271877216,5372.88774344668,2720.2526336401256,2.2009266835218235,55.18748939341172
10388,27597.82390062519,8438.849577613106,19027.883700962706,1.9058458716303375,129.25559362627766
1898,29627.943251919693,5263.471156699415,1838.3316144154871,2.9475447937556356,140.59339358643504
12672,35538.85964523526,8290.783513673472,4001.3447944940194,0.8295564913680099,113.1152247545395
14114,30392.946460051826,5490.4435376580295,2784.8618804623347,1.7206976368202562,149.71264712819988
5861,5299.303262573557,4524.761275125507,13338.34109287777,2.0600869801887596,101.02374323825572
1901,34595.54494218631,3774.720616550594,16148.201495480502,2.9850648649159233,320.8746588938676
1912,1576.4978166722653,1819.6046382295874,4760.317245537695,1.8564762363226381,83.03120539942424
3730,19820.28577879694,5881.90571638699,19584.969791320465,1.605926114159457,160.49004124188787
8021,21144.615416825003,5488.0778265911895,2784.875847723731,2.8057296262361158,99.42388123093039
6349,6273.208858511784,9759.822550820858,6317.370293793587,1.7659576012649698,32.09777716590913
11194,987.9284020509594,4182.847127539997,9806.184665987428,2.8480689690382355,61.935455063418274
6556,4022.511146721118,4273.080304637799,16176.951788775294,2.376023157955668,112.85716602676304
18148,22591.84813804653,1722.32671119616,7530.850620899237,0.9197243585651502,420.6083153672011
16679,12397.534977403808,6015.958390561372,3597.9269882357444,0.9186641608655922,66.16459395313181
2759,3914.52969125464,8493.73746346755,9298.725149276443,1.2949344212407508,37.219377920705035
17246,13192.067841906292,2554.439329388599,9529.905785436826,0.6691650342784456,213.02060045414117
6776,26676.706544729568,189.87121638773587,324.10402252654126,1.8563521234300295,3415.299015244827
16462,37235.87252807254,6945.588871123954,417.76787670747774,2.64935587594398,126.6114575740525
10075,20894.06667641146,410.6005373527539,5552.776004287878,1.5000615711671608,1542.0103653149424
8331,30850.87353864167,4151.835363268159,14824.416416081556,2.120791597069162,263.5247720814412
17550,30039.851371418557,6165.832343477834,7319.805970634789,2.9537057703081877,147.6726623686775
3312,44867.56813268536,3921.5159997325186,4224.087719495664,0.9843358521846122,300.2166505109118
2975,9380.016519037194,2679.724340216078,2259.492735133084,1.3951644908450604,107.28740836306513
3600,24083.306953326864,8012.738428730042,5610.444559628953,0.5624744989958528,88.20684368335925
15430,31775.571710117136,3079.2386611885663,9628.784409965025,1.0797349782945826,327.557973490335
5515,26226.255090206032,1882.4632539131283,1867.589421333149,2.4485487355208706,357.713509980633
19435,22791.908500161655,3945.127379537835,298.6786958333654,2.141475564327632,142.51807844069828
12591,48686.219644529214,1403.482511247004,2546.1408384537585,2.459520763692682,878.3344509514435
19035,47129.68480628654,6934.930082118181,14759.590555917699,1.5632838081375229,215.5291370645568
14738,30767.044530117877,7129.796113478416,9326.194747633435,2.339083796306209,135.37215953907483
887,22258.997613234307,246.308071961888,8903.344901354762,1.9988927155466598,3035.8213648204646
13692,37891.41500467506,6979.178276189988,395.0525002452032,1.3210457462043177,132.97335081000395
2880,25890.26994763058,3059.9746615779923,14218.88961250249,1.531009344239127,317.76494806769404
4835,49780.69626149484,6596.415579465665,4038.177787199546,1.853326181936363,199.5685978799166
15565,34453.89611351635,7094.1919555026,1817.310185832155,2.891086975058055,120.77606541621238
1780,3873.922952521087,2850.036125998634,16840.658089115474,2.8284052473385417,171.97242565342887
1243,20394.577392830877,1935.317505435437,9712.159114270598,2.96619354205004,370.0666336100234
7856,36648.10254184915,8280.95332622561,14978.66162636653,0.5410293144269183,145.92973610806592
13628,42197.27759131674,7417.924365790734,16437.697922055402,2.29294958627269,190.9913438469535
8523,40761.79024865998,8387.709164883547,19292.339497586516,2.7366386282546085,173.6017908862132
14066,48873.267354554606,4413.626745062193,12473.989961214866,2.348214064017802,337.3713729026062
17952,24711.464502129194,4618.050970319368,1365.5606903207486,1.5410020294193272,135.68399180971355
13385,7433.318589454704,3507.2549660171326,11153.764108258323,2.3119793392445374,126.1676825436335
13804,32786.03745942711,5040.718392173949,10190.452764285887,1.6103332104635184,210.29648725550805
12988,4002.0709043520983,6501.043545632101,1151.275963113949,2.2854890958224514,18.11582578381536
9034,48689.40356328408,8163.994851128559,6126.041207215895,2.450877060948919,157.15260837898978
11975,38047.386977026945,1913.3892912980148,8243.560003733763,2.607980766299346,578.6380785429496
17514,49116.343148117616,4113.6345418638175,3219.50661329224,2.3200610141642075,302.5863522022874
797,19174.02305533861,4665.896200111308,175.23286383894555,0.9000471032716888,102.40457588172494
8648,1281.9364026356109,4931.146046207179,15139.564749668518,2.8406946012849654,77.5372394060221
9389,26303.84005616183,5465.531804218262,17032.688230168733,1.0334746768693077,194.67874465148756
5816,6498.571931025239,8037.297817735496,4582.033032397292,1.3939217274210476,33.20396645057462
18389,34141.57098625381,8873.880729431316,76.00676145829598,1.572770707222892,93.37651367086347
11452,25128.795534953202,1675.6609275013495,17798.738948724862,2.281032761963985,617.653083542724
13717,37795.62532364166,7155.550231262915,2679.1996328278333,2.253091291923898,138.95992887537366
19709,14907.905249736736,4843.171634428429,8064.588180708308,2.904311172691259,113.00478815583091
9070,41543.69543460589,4235.395456178541,7319.324950980408,0.9712802620308552,280.2159654832506
9397,32715.61700080046,1222.0972752568844,3285.228011684831,1.626823870615212,707.6284270534148
19298,49391.631284341165,734.9439403230512,11976.211236070938,1.0093312340930418,2005.3740326463867
6156,9338.573110313702,9780.32867534035,18370.841802129868,2.181406574133854,63.09750187701749
12693,3033.0512404318306,6459.448373964511,10274.466675060887,1.0325771718557322,51.476020162454695
9786,42626.97194739968,4579.016240643243,19458.247735291505,2.669732927241688,322.45424860924874
5647,17253.338667724598,7641.458702480966,3815.4351873744986,2.9568513441394266,70.25278011487342
12156,21846.695018355822,1002.2140519608354,16970.047078022788,1.292100486605514,935.87562719993
4944,46320.578984652646,6113.719280133395,5138.161576537248,2.3484047188391624,198.0336312496971
13929,22314.49218714529,6640.054748585138,5010.830150445835,1.8320018683438635,103.2007400783213
8047,15251.944278235129,4575.343548620289,2353.8291195019247,1.3981978306664757,93.9371776263768
9923,3445.026981620929,2600.7263217624104,17272.66013369787,0.978066221697892,189.592485628723
18330,22425.299274014273,9550.390404609816,14501.174625476879,2.2980202358078134,87.84238341964583
2902,32920.1005342504,3081.23551016833,6833.136672001674,0.8968576478673141,300.21771919358963
6142,13824.165357992371,1335.4896303945918,6988.336191316569,1.2015937861714296,377.4987246892173
18710,36030.080166509826,6341.688418651472,16895.892235860912,2.7990288403511845,204.0070971778456
8418,24174.06542760648,5785.797423055146,18551.634758120977,1.7709114402830246,175.51502374420494
16634,42976.31095974741,7572.248129237385,12048.518217706303,2.6352115097060604,171.9931093204733
17976,8506.004877661515,7562.453009710997,8136.787091151665,2.4188601166635015,52.890573104717106
18604,37975.44333162032,6240.335834506753,1062.8724135038526,1.4405973377824284,149.89734824225886
17766,46661.352547244176,2154.5994190388565,2531.3002958709376,1.0450611367998,550.8744054943858
623,37199.19784000305,8882.740867752638,2835.756451944229,0.749776911813784,108.15877119961654
6297,20593.89778761343,2558.0017499279493,5536.06689069386,2.9015696056020346,248.1075302683542
1102,11907.560463743534,1030.4444555925409,5140.636457494929,1.3117532403766636,395.0255970815061
15809,5369.18712656039,3084.8413275494954,10857.632956821872,2.1827868124926617,126.86519029771385
8996,32297.300038704783,4883.998771594589,18881.99760983921,2.325745598062803,253.54891296851673
3728,7571.288622276381,2151.1082071267037,17233.220437329874,0.9942076020008488,275.77126258066994
9943,41996.04877362181,3403.349519663943,10183.26007479006,2.2345072850045433,367.71003375832566
7008,48056.498463424476,5185.562602114112,345.9651957527643,0.5232777381606584,229.90445798261047
12409,7221.564323024162,3297.100342642739,1367.9780648804197,1.545507163142227,66.6495232149369
19197,19114.6210847894,984.2417796601244,17207.018142307454,1.3760176408450573,882.1271992538651
11975,46894.96922072883,2052.4138167066203,5672.600531829211,2.832034374041865,615.5990332595344
3789,23799.876817905115,7962.648099859559,6361.80835407625,2.9650628008004163,85.03380871063948
7496,27003.094790123698,9547.883027446365,2795.5491236501475,1.2198439589711896,76.28490519290624
5344,37502.041948709506,1569.5252027851332,4462.268307714392,2.025008382909733,639.1342258722541
19082,10921.403839983768,6842.088619279957,4943.763370291758,2.363048520664604,55.04162575971038
9377,48967.87900205606,9065.239776028719,8241.869305460623,0.9777540023832618,153.20813134952041
4735,39153.73478488034,3061.5143072345622,12462.910229598412,2.2165262142486215,405.461772837695
3706,8487.981805536743,8311.671174073388,7063.121674079267,1.144251319934936,42.45886059671281
11647,5997.944069854207,9058.86413664903,8997.265339025904,0.9221472484571626,35.730202591512324
15664,46780.23423589043,3065.029115032556,3638.001938742865,2.6266903000098436,396.0459888719908
17525,34408.87609390568,661.7340198196185,1127.7941401374458,1.756197879963243,1286.7088700084576
5339,2409.0816530943403,9176.251575726868,6964.807534589046,1.242409544187598,23.75951193867075
6669,7528.36741591032,3371.7784770645153,1249.8292753273277,1.5117407667861626,58.80029284515198
8155,2867.547638679711,236.00676414517974,5994.402756255068,1.532927106597978,894.3039909708413
15270,48717.044467737076,4801.705774463636,16751.975768424265,2.425085980891733,329.0902031652876
14392,25143.619511340974,1247.178150034881,7338.616864040581,2.7168952094847345,623.6823789715746
561,23376.347713764255,9026.848559690037,3865.235311199202,1.689157048888255,70.11538710720478
18107,47811.04892585337,1634.454741128439,18041.350868418074,1.3072154501801134,971.1158706474158
992,25479.481775689714,3113.7461679416156,12786.986846851158,2.3181616306420327,297.37930525003713
18023,26128.86492450645,7925.456691928497,19765.03603086526,2.7632781484271325,140.16421178402322
7294,49212.80958599001,8082.83500589746,6005.028389029419,0.7852126959122905,164.24814318037645
18139,6015.894728991063,9022.671887816643,4007.381475181229,2.4920295524440528,22.663257543284463
2995,49294.8624410055,5024.221953663021,5958.805662554283,1.8929295574865508,265.5931335383268
19139,8701.05604113484,9868.534227567003,16249.847184610275,2.6690127651310833,64.45647084530256
9693,23909.117448945064,5210.2711572983435,3030.5705798457707,1.7852623505916445,123.99141777261529
1625,17211.877141256085,7928.007136919448,4821.566112408284,2.6564394650398837,70.22197789180363
12236,47793.351805631675,3682.833917263567,14032.659179264621,1.8862100262850283,400.3149001724533
1646,24532.413786650734,9418.784031372134,14760.008627554002,0.8622056552235107,95.63406371710988
17670,1639.2185811468487,6881.660643858133,19176.826782909415,0.5123644273229362,70.75342567891306
15302,11473.711147552445,863.2726914775862,19603.033536685285,2.0500343442410855,864.6431821198347
17142,21825.19628126696,1174.3463051761794,13270.6223803528,1.9802786040299074,717.2606311405349
14721,33981.32517763488,8919.02445637063,7255.89241847126,1.0255596448424398,110.10749385726176
4349,28314.198418569977,8114.629273501878,9060.283329115098,2.626578992647414,112.13433938887927
14499,42570.5100399627,3367.9329742258574,8785.354216494365,2.6694006424631813,365.643098037038
5116,41507.46260762934,5263.800040458388,7747.559536637272,2.510446357360553,220.35750919792656
1215,29730.210375861814,8542.209534361655,6764.904512286547,2.841466741913067,104.04333148088634
2143,28780.08935462107,1123.9679310428774,3358.0065478839847,1.766658208181715,684.2896474845265
623,14269.153442374396,1467.5802735000664,7323.180749262628,2.2557661923474654,353.5456386541002
18657,47916.340317228154,7183.716693077468,19384.59468659623,2.761167099418058,223.7190021477573
2677,4304.1412180647,913.8342761805184,17643.126861491564,1.6406201601002721,572.162346079031
18387,20152.99779323751,3590.4083139026893,12346.532733894366,2.046069301705139,218.28337591748445
14543,33211.3765364884,2592.9023893096173,3856.1196130032063,1.781975011374634,341.1223925601614
15609,47310.32345424281,7626.830356567771,17573.29484822434,2.958130469001207,201.38429098534215
6161,25325.723633958947,124.23394860360465,6237.319992663968,1.5940732395402444,6096.14451069364
2624,44848.006662077794,1242.3086979227496,10914.29740946004,1.2925796017835018,1078.3975560116758
3754,5687.589010806267,1080.1746559077737,18235.895755606427,2.074078277031246,531.614424113958
2913,26813.416649164203,3248.9628138225357,6693.802111416218,1.2017392730216667,244.3501292840751
6589,16144.502707181426,2401.5470399881387,18266.85467529352,2.6439172908070607,342.8134577180773
6333,39886.98971441531,2359.999572813603,4702.567158166402,2.730592819966523,454.8797840355651
16248,22527.243189144974,3766.893287048247,18574.06207660553,1.3626760051762585,261.80680485687066
17040,24024.998063951127,2219.0848771180445,7173.309444938298,1.3959244044054504,334.4874177576979
9815,3706.7136789720325,1151.5204679967799,7492.024176348859,0.7165657642276761,235.60374311755263
6253,22181.498031320145,5874.187516931507,11060.158432914255,1.1397229182124682,140.13011771838788
17801,4501.020498156104,9522.203200499149,6940.529459874765,0.6697491019659516,27.28993785771757
14638,15328.3248454718,6110.9327776780765,8999.648238436888,2.3930809946679386,95.26981009624967
6753,6780.632709737676,7594.5046392354725,10026.479502873215,0.95079741819981,54.58913187070612
2202,17056.805759649265,9724.550708001825,9820.390971599003,0.6973402088224485,65.63054311267186
2165,11755.723068305422,1616.310187069884,19222.189108272363,0.9108081271824195,461.6123768536536
12925,14616.407719722958,4652.118723679838,5635.769056004758,1.4433331907818687,100.50911700534017
6307,7845.099084997696,5860.288839588931,5691.591596717396,1.5562334549717434,55.35853165646836
18995,22260.57684422581,3288.916983593482,16758.433798506914,2.746446708266549,287.4415888938571
7483,25130.0354368672,6169.981837512967,7840.176836988144,1.1990269270966876,124.88880133045437
11716,41914.06081161374,6275.822852593699,1463.9428782101804,2.2943175691062407,165.38345242124242
12727,27171.857431474487,8438.069439042773,9625.079581922284,2.737275876393779,100.7869333056567
2897,11823.497685693386,8341.902288330415,11004.578288929832,2.641751492793195,65.45883441642324
5954,36926.83698328369,1510.9671946142073,12353.854693050222,0.9974227761641923,785.2101236176633
18439,15213.713963874789,1772.0297131840061,4701.865174747182,1.1993000034961772,268.76818354191687
16685,37941.62905402599,2301.4826791459514,19465.18877642932,0.6361189757674377,600.9550224331173
11601,19664.620881202038,2686.179287183739,14740.36543392932,1.7082267443880754,310.4685242692398
16765,25926.91559801614,5688.484731712851,14402.813985408953,1.5131983808799927,164.85290151738317
5002,25435.900620464687,3342.1543744766923,17457.449276510582,1.8632593920132998,305.81866833750263
843,47803.97405130796,9534.33059783007,522.5512913019537,1.6446937729169187,117.69084767177293
13439,8106.433100723716,1271.184070436511,12262.844575400019,2.339498405289825,384.88247555459907
2044,46958.50212864465,2540.201267372768,16356.738177886567,2.1745909047702394,601.3679531203782
16450,28318.435073273682,8696.343666976782,687.4749007435943,1.5715078712609294,80.94504715793275
4496,49687.58477779815,5884.8782370791805,15122.914283129756,0.5946083001156537,265.50851797503583
16519,28870.34466292663,5519.541617928503,19793.945002776345,1.3595087241133605,210.3967259131788
4882,32990.6174152928,5984.017992164462,11868.206992829966,1.3104543809393454,181.87783831315767
8546,37603.923053313905,2597.419139610365,8493.847797770957,0.7233950110264821,426.5266687672775
5486,41178.56437400599,7638.327509305867,9072.167301486332,1.260586832041901,161.599903883372
13449,24139.3986825163,5015.6679251206615,13589.615530664485,2.9684135585723395,181.05481173207235
9720,34090.397410670805,521.699818436332,11399.115229524015,2.5531286392282295,2088.2641596171575
735,30936.708297152607,1853.8667966586731,15751.40473050835,2.504095733229969,600.738084094308
8493,20650.806355088233,8184.579138277287,8432.751241060285,2.6082610971079716,81.92044638836713
15336,41129.48201249442,3515.9431798211276,8346.493024695985,2.6626276763094197,336.02512839413924
5724,10026.203384276136,7757.096857462136,14919.30753048176,1.3133890421881391,81.71286637919579
18114,8772.970213180184,6667.4296803258385,12910.373424813255,1.3056521435418207,81.50234573912054
738,36953.69161758245,3084.451829191685,15561.960661072042,1.3411217315725659,409.90261663411934
551,32055.52302892384,1357.6518856056698,17743.27448823562,2.5463624344031413,882.6895558289702
10072,16224.19304405033,8088.758336936906,5268.116890157806,2.4932825319981298,65.87160292940492
1556,31938.930273568254,6466.564872213769,6300.717425277653,0.5422569951983385,145.03898822673827
8998,38647.03582647414,3077.8953346704784,10539.014832769422,2.872943453944643,380.4191724372116
12798,11239.825821164277,5280.422185419855,18609.05581615975,1.2139148831032904,139.51016263286982
14450,29279.009524339563,6157.8404080284,16693.757996275308,2.065350397700378,179.46493529418416
19493,41320.962075621894,120.97336462568046,9368.914385146945,2.0997873614904083,10057.368920388804
12985,20856.307652107153,6738.081420360983,11462.377755315081,0.7834604425721063,118.47802217017836
4100,28800.967024812413,6595.172864114576,14246.20247262346,2.239373553373866,157.4939232270933
18849,4387.5173614872,917.5263738770806,10453.601703891014,1.8339473936732498,385.603149365113
13855,41608.20201910358,7898.758003801379,1968.9744185804293,2.0272634780197887,131.8981093363991
13996,39908.25525999891,8268.379614936839,7054.735748699983,1.6173135044611902,138.44486663689995
7032,23084.59542333262,2972.6084602338233,952.2454771737143,2.5109064608313187,192.27073730721528
13338,6402.796304317762,1705.905305887194,13397.307126605276,2.0879016196149838,276.8543322764891
4078,33189.73981241489,6896.166840954006,6742.475686142673,0.9823197837951079,140.00669887116783
6061,28862.51593072936,1321.1665686502834,14767.253875684282,2.381813249795157,793.1139603211681
3043,46014.254924854285,8594.61992788943,8594.203282355662,1.7564059657594289,150.56412015730916
17388,14350.52222530352,4853.281901940299,911.7665461173718,0.5931868028789112,79.49159529753814
9994,2100.159986204867,9107.108921670955,7592.320724999244,1.4871099408525956,26.174006296206137
6807,13109.610697363236,6457.476782871454,4373.891182017942,1.5043181571741102,58.543781289256
4114,21681.395479461622,2922.4134329672843,4285.815015904895,2.503583810461212,214.4932494309108
13639,8194.499760457034,4733.57338510607,7552.19671767148,1.0849167335336611,81.79944883080323
5642,48996.879728728694,5340.536761660348,19566.526206630297,1.6313380198007075,310.22015016164784
5306,11508.355786482904,8170.070782542566,19201.385108575054,0.636017017332345,88.9326752879209
17390,34054.11228922309,8632.36612528357,16069.08457465113,2.703599518521537,136.5483002674544
12333,22978.577974626005,6861.816584520046,4909.3450058363715,1.609561985728305,97.65498077162798
8111,27979.818813920378,3012.5612412096384,15278.582069967031,2.6414833717033135,345.2089107493187
11706,46667.65962225599,5332.828228831575,307.2689707014176,2.1930921838658586,213.69652165567743
2207,26811.91516178117,1393.1563385649008,1126.981132094218,1.299632797475418,482.3193114709564
8993,15608.711249138538,2378.0838070003106,16714.655319792208,2.2817670793336315,329.524628564785
19328,11430.308221597117,3100.2804787447353,11284.732031186388,1.6721247952851033,179.29571819324207
9009,44653.64706819304,820.3233226673506,7466.153500601001,1.3530865531491898,1524.906562401225
19839,49342.8907507416,8861.387196140553,14809.167197332703,2.1698198001153575,170.84418962187473
19811,12965.691865300114,1314.1773545295134,2287.2596746909867,2.4358403076765924,281.6424981021713
17741,36235.720037759085,6998.703388245982,5733.729224852209,2.221530956212171,145.6619951970855
15907,25534.748048698806,5106.052501296689,14552.1712445593,1.657150577698522,185.45147385730226
3220,35079.85839897399,8334.501502900484,4143.376458675641,1.1482710665739202,112.26277798760101
3522,48228.62135214688,7436.253907345149,12012.852617579729,2.5259896350653888,191.3833099691668
9368,14166.293056851728,7621.406252862888,8953.265009566241,1.3666185289831454,66.99534946624016
16249,37127.326111952185,4241.628148812708,4047.276482447868,2.0323884221616035,230.04590869091012
17262,22178.367126293047,8356.363745371262,17767.654196140844,0.7883716863762085,108.31045796113358
12392,32800.43861167316,1037.9445683093775,8710.551185346998,2.350695314861214,961.2576020037235
13221,20629.26983628956,4499.748257020354,11976.799512148733,2.8822821010285304,174.05961065460733
5351,35562.63101821584,9946.679201920046,5060.752707705427,1.6232207435438375,95.50123976918847
3489,17206.328127212906,9486.333995921103,6936.099100487001,1.8708942166430123,63.26148394199798
4330,24673.57733084055,913.904591322996,979.6767709305487,2.7487248377468054,669.3877982079747
5903,35585.285422627116,5772.557332751692,9664.286652300909,2.4882455197615387,191.85711483216954
7350,2613.986495666906,3224.941056365355,6896.921476430464,2.9057001471519444,69.41060552846338
2439,16740.431798056896,7311.878096597762,6588.075421416064,1.1651623653091245,77.86847877444721
8215,27536.142780024096,7384.295593120804,17798.865817182897,1.6749825691503237,144.21307109036826
8927,4169.691314299491,100.92335341030447,14077.397964306854,1.6391077954085969,4339.601619420027
10475,35306.26016454838,8473.609889636426,9145.790529960526,1.6827546348136455,125.58028615321213
4695,40757.704346339,2313.4688065924656,3907.0241453141684,2.782814422281166,462.4718757491953
3286,8584.701823312029,9662.475480770718,19465.028089123785,1.0137874684832788,68.28159333095061
14954,36806.418552483905,9063.76994817144,1495.3058124837116,2.737243501622102,102.6237923974404
1877,32486.906670641445,1987.5245855632604,2722.1207036957294,1.9278169941008956,422.4920179928475
3255,20838.48470372371,6399.720697235955,5406.4307852076145,1.8421063728093665,92.52193522182107
18967,8666.912536218073,3033.87792949985,19090.567106511862,1.5412495662776151,219.37987972760664
4909,47766.47893306731,1119.5429400413036,5577.642105945187,1.8491101617833592,1146.7412652763448
12787,23468.543384391065,8752.623048232348,9828.526439670877,2.508225596678129,86.24978234212657
16399,9590.350888115338,1890.182074913537,15223.294581612305,1.73058524612623,315.3097049962783
13338,36049.13016553427,4267.578848088485,18583.712674323226,2.4400567372485167,307.2374590526469
7070,30590.948799702557,9249.47234758825,12101.800185384152,1.5415921147686844,112.40629456451164
5112,40901.80050008534,846.0079798328173,7685.54805505907,0.9572396892187023,1378.633009595167
16599,49806.78722927113,5550.786507700452,19710.173001207135,1.5366566677328994,298.4865442797617
4604,2720.924730806769,5764.229285974468,523.2525028821433,2.308360203659319,8.65794034168179
11022,37096.1300669127,7654.360435707028,16643.46332893051,2.6293796444194095,168.76026333165336
16304,49461.97901078269,8288.595610612681,5548.596387093075,2.4290629899495215,157.2544905199131
8157,27142.46612862385,4299.0235681293425,16349.036253476708,1.4361357057823123,240.21835357769248
5978,35927.25168500033,7462.462102909608,3243.337565332638,1.947872106105577,126.25280735155486
19525,22334.970492120425,9113.349239762814,6936.368300743867,1.401131658759825,73.8290384448826
5525,18160.298843421442,8874.035370653011,1119.426537236814,2.2612429627461923,52.497340389716726
8264,34974.67554592676,5068.008779297392,3992.4451216873026,1.591130497629501,186.13410426832053
2612,49410.425503324084,6109.592540181359,12055.846727763868,2.412093191134667,236.9434382331363
4000,5037.487576423042,6760.807732955148,15230.041127041499,0.5319903939568635,74.8410684988753
6487,21395.013280885967,8209.177119172446,18224.535885530677,1.3503838681276834,115.7359518729731
8124,47060.6307450572,5126.557589398846,2393.7107351762065,2.69555611699107,234.57863219399442
9701,6083.515481116504,1207.8101910310938,2811.4570458535404,1.3088622182206158,175.79700175013775
18513,32721.198921570798,3914.4871974576736,18775.511025722353,1.4869109331062762,321.2616585281262
11811,21793.15812617863,7230.000586270305,15319.493186459516,2.476828906799386,127.59729123239129
15447,19156.174665221,6275.609557320496,10795.029120296078,0.7365394832676865,114.51786768555678
9541,10867.268817346996,7559.568834693995,9534.511303844129,1.2797313160054273,64.29253937423339
6760,9228.546498212863,5049.542009391088,3154.318405760097,2.436168438942445,51.609773591974474
11559,26056.191634110048,1826.607248197487,7586.026767653182,2.8925437098168367,441.4110008299177
11927,19183.142051359362,1240.5546322111054,7452.095419635527,2.4570909476035414,516.109155936387
978,24831.447001614855,4864.49319623372,12966.929897059435,0.9310310968384137,186.43756694285625
1810,10198.904202316033,2136.675878532301,11978.099165205214,2.5875480210684465,249.65112232695165
13323,17834.986727496416,9824.442191732216,1194.2205974062326,1.6894375191204096,47.94322964782175
19027,49822.674707234924,2067.654422199463,16969.60279032817,2.457513669765493,774.3844750764599
913,18719.505991690392,5711.16451742763,18750.954601217127,1.0983864263104053,158.10319537217964
4436,20929.10352197985,117.50254848881463,15604.167632461154,1.352831444995919,7460.044951313573
18278,1483.8650812258682,2611.08631376972,3567.6875954962584,2.7540932238128946,42.78649396637489
19507,19350.876944101215,2665.4710234692157,3443.3665882275254,2.7769994518852785,210.2320189590202
19174,38287.87138508174,7406.075612598445,14522.243303138826,1.2129389435845477,167.54657857293265
17522,26022.041404836884,5006.69877159015,8817.352318707946,0.7088802390235645,166.19511913559137
12136,33023.748109534994,219.7093250067388,15576.077108604632,2.822537350679001,5311.059194788653
14874,28049.330852894393,3853.7922946732215,1509.5802247304669,1.251010133129538,183.30342535629268
17236,5721.807488525608,6483.332861013754,14328.72980621164,0.8002984578827514,75.92865972210683
11840,16941.147375033084,6403.398853220345,8481.919138914229,1.3702850750107092,98.51128770922685
15817,34864.53755985948,633.4982707042992,619.6978316631307,1.2049975610189694,1344.5327660050875
12280,27622.975762846,9296.238030497845,10903.159122870678,0.7013922932663423,100.84541949732301
17023,33910.57291525544,2545.211580598908,13980.717009563774,2.959347977983268,453.25499152431996
8943,18328.9341685278,8926.10852963784,10564.79088942883,1.2344269362551012,75.16388229402469
9360,10087.609675782942,2212.803014683963,2457.598838779984,1.18094865757062,131.89174982729125
19810,41575.794824878554,5721.717814243506,16318.182414146679,1.5498263145212519,248.88401617704903
7742,19126.90738985729,4120.1950516348015,6341.696609700178,1.5370543545633186,149.6618980908801
1552,32923.044207121515,5855.357903149465,18429.197369276917,1.5845688832511677,207.88377553246698
15900,19371.694965391765,5028.841860248876,18137.509126858837,2.7665749215323565,185.2825477224415
1843,46399.051085188694,120.26837745145218,4007.248910732979,0.6505909858231574,10054.303068555913
17453,49600.99607392849,3578.1905105060555,9527.307666613822,2.854112614285216,393.96427264327417
16762,32621.97563229377,211.04984766402447,2747.310478138998,2.1648012007908557,4020.6879490627116
4416,30306.484849058485,6865.3286931152725,13554.9397894187,2.2437769083967236,156.26714797052654
9692,42120.93548953522,8549.608471366453,17038.338900502327,0.8946300987418485,164.9008917277403
3423,26053.473864943742,3908.6731709276196,12967.46588081908,1.3228139953382732,239.28425902449106
10928,43540.54207588387,5295.5401719242755,5209.49697691006,0.6305484666538779,217.25127758561158
5045,20940.445258392094,751.7897370746634,1526.2948958337063,2.132697596573922,716.7186844796796
14929,2078.9058691313567,3913.4543472539694,1385.2095266050578,1.3496228386498235,20.419929524995776
4425,46366.22171642524,1474.7180236697848,12218.561617425123,1.878133721416705,948.6359918963616
3892,36215.65931887885,740.5482055885168,19066.57206617589,2.3818207727240015,1790.6538517698482
19501,25782.97248634167,1803.1281602587017,13905.563554995608,1.8838352588930003,525.566086179248
4855,47272.240027666245,8721.355041294253,14612.523342409322,0.6787373929987945,174.61291175292737
18897,44395.01820706511,9823.823592956596,6586.006713040922,0.6541003457050629,125.35576993384299
18811,5867.085875516742,8804.219914419053,11720.771126224583,2.667894396348308,52.3633841876448
5832,31407.673520887824,9699.737669688682,6331.999726957096,1.1553736631091445,87.64823517101146
5047,27136.15481793223,7334.9873347060775,18033.314941111996,1.405526833181947,144.69052067959353
7415,38935.451700776975,1681.084448204602,2650.279633731645,1.0459909805650018,591.5308205905001
16349,15388.012635686,5675.387485471544,12640.489953480932,2.24720239291302,116.09116676659195
12365,901.7247954676798,7342.801089373865,14616.896712968903,1.4652465633428342,51.66003472992194
10243,9677.280253284871,5183.281662073098,13969.802116779876,1.6408135799409125,108.63004582252586
2182,10941.558906376667,5591.205617612109,5146.333403781196,2.186159520645111,66.02929262359311
17268,14925.110401445294,5903.281940643672,9720.634671730837,2.057661163524456,108.73356342859597
14229,18834.44599128924,4721.779749856559,13266.936628846075,2.43586020767052,163.7410876714987
3536,35474.46229953018,2976.8258176806357,18618.862644751858,2.3720509835809374,430.0541036880935
10958,4175.121311061437,6406.548874165818,9993.199707203781,1.599736262661427,55.255819628015374
5152,24584.090145217433,629.7331193523149,6010.1764285788595,0.9796368602877876,1173.197199326926
4945,25182.862227972815,1792.179742312497,7730.418674923804,1.0580492406366544,442.94117262287796
17273,30985.554385235286,9260.089226070957,10826.380562050328,2.266845430834728,105.26471110179156
15639,15872.09913598397,4939.280899639222,19527.176114155034,1.1532238424864207,170.66430597392676
19802,13359.550327549503,8234.669732483015,12566.632132529052,1.6011362982645776,78.00044718825096
18997,24452.303079504276,7292.752847699975,3094.7232201245556,0.7697640209454971,87.83572729781987
1642,33150.59545191516,3275.0196344434517,16862.88176470057,0.8056473329706191,366.04661613772544
17629,2707.307529149635,8056.1257242985275,3628.943944989309,1.1248689880125793,16.16670270880844
2230,15032.301161726984,1004.0921565277539,774.9239792473328,0.7120829783504099,379.59609603146436
4623,39471.86058919513,8762.284718030736,2004.1990822018786,1.1864010249153851,116.03026705115884
3730,24467.38232999877,6837.544013171186,15722.435353057415,1.9204815650359917,145.0417400475057
11908,47615.37726834905,9278.015937492808,18037.913501762476,2.3619219499547626,172.86638064186272
19398,43443.31559873642,8965.55296246416,5364.065071499608,0.5817567634356103,134.91121711088186
18653,17525.27644574876,3864.5941521304494,9962.195415443104,2.001541956929029,175.5800269069095
8799,36450.41427701378,8582.641966506746,11944.460316996358,1.4079661267149752,131.13619308445496
13678,14078.270064711065,5673.859112991416,8373.808321439066,1.0666032453348535,92.63363960570061
19370,9177.176248074298,1655.431732029928,1306.4803730207043,0.5796444042710074,149.2461325400387
9468,44110.508139097816,8312.553547573709,1133.0547735696173,1.3148430314577049,131.1200745188246
8492,17837.339361889244,9088.405610538663,8806.987281203936,2.4741954996109046,68.46069394369047
10625,10569.193112097386,937.017355825084,15957.353022914498,1.8250572513998462,678.2830165033575
9129,48266.336732616925,9312.473156692713,1692.5947201057957,2.4391111586235907,131.9676573373398
9726,2035.9259113798644,6052.522605226018,4113.5142766392855,1.530889491562034,26.04007003383414
17720,18661.517810635232,356.3844124819089,5395.357452015131,2.608135665759608,1618.5733664236327
5202,2401.6857626913798,5463.766849576802,11182.520374491873,0.8758860002007671,62.036714898160234
1141,25452.964697792828,7987.815439405425,863.9205124747962,2.5500841826644773,79.93800832057245
3674,20358.183346391324,5378.4963266386785,17200.856157098005,1.6900007158975545,168.47407626268145
18692,36173.10916832496,7101.737914182824,9414.533971409,2.3650091818480954,156.0677575597348
4375,47724.707190222165,8807.869045584737,9704.650276146587,1.101055343369445,149.12584805838225
9334,26224.597537610665,8710.638950538201,6530.380114450855,1.7153925180437584,87.5667005971718
9394,14627.279083570442,1870.8121875618424,4240.051933175475,2.331980695952952,238.9851180371667
3348,43672.69412091004,4328.587248446242,7273.381968461216,1.7093880248943292,282.5699655522569
16577,30424.719147237363,1200.5341522129713,18268.00424713964,1.6452553302771373,975.7253203261472
4112,27897.485037625975,5991.468389122142,1884.6165945403802,2.5266527963383694,117.74843309330761
7562,9834.445748733848,9551.794836342058,1214.5717823548919,0.9058725517734463,24.95709731840436
10414,2509.279916819929,1900.2850324009246,2289.028278751064,1.6877542145927724,54.09486440661601
3054,23339.544769216736,4095.9406014751366,15539.550698946965,2.555936457266219,228.92049027932867
1962,26638.322883889705,9544.86531990782,968.328976593753,2.613133718382085,65.8806517665098
7311,6791.1393837942505,7526.170441505221,6663.30475097183,0.7956836200638004,43.81677625282933
12474,3440.1331353822884,804.5778427985422,8497.180703217613,2.6253822855208493,353.4218905431306
1010,11195.9773143503,4341.314109074111,10142.221945250234,0.5303835143992975,119.62722668130577
2656,3623.366612383967,9880.068643024786,63.98502723038657,2.638896928181742,10.055785792727423
3419,3278.844208921492,4587.101724969546,9735.30654824225,1.1619208158089367,62.75150064367008
7132,22486.22835634447,6331.07395837586,3898.487288205652,1.9454214921656234,102.63949846763954
9424,40607.08717552336,7039.66934051898,1957.5400584009572,0.5240732578496472,146.00638529806207
11642,33367.41726936067,6672.920759501806,10665.925671641577,2.328731727685993,161.62123915223626
12652,34130.97603527203,5235.312744505028,14882.98393220487,1.5789038496804326,220.53004475540325
1737,13490.609906531226,1414.6773061608485,18694.99079932549,2.6145002548574605,542.701301362058
18364,1049.657154529109,7113.307114797087,18253.190069814173,1.888800005662161,63.96223035742957
11157,22807.00627168772,9339.945939842617,7979.932524798676,2.5866420319749497,78.63940889692455
18894,19167.64551772178,9422.796807994011,14081.155017537867,2.029161547078819,83.87427128908168
7397,47388.132463619375,5974.555121088607,13912.404375317963,2.364674258607306,240.3940723290325
6129,4064.965862777671,4972.755142529993,8242.113213470237,2.3699413353555183,60.19333702432955
19619,38932.756480970405,3406.21489321784,1964.208064089028,1.1166475520814687,287.3026598869344
11451,19578.100790051976,1125.3329881276597,7640.178305683947,1.9431266425785207,579.3424026791082
16268,41566.18145973746,8842.866460402605,19847.157648875494,2.6846582956410368,166.7295819046113
1077,24997.94086819114,1456.8288637757894,11100.693605585153,2.6971912041443145,595.423278627799
13869,41114.83952299185,2950.662721569266,6827.820124203161,1.4617691162636568,389.59423800868575
12188,23608.994223575726,7429.944860449498,14876.295537278505,1.3122352552184589,121.40275053162972
17702,20392.045671863034,7077.160468259265,13726.515840170432,2.1349187660027953,111.54814027020424
7688,48203.57068217857,6842.026264917064,11575.998241681658,2.4462358803168027,212.3361278806998
14635,18758.47566093649,7442.899255003614,12748.65211093293,0.5886721792919878,98.64831910879204
2389,40362.35136086474,5465.576398094169,11698.758202354265,0.7335801379680167,224.86738503542273
1058,3818.113814163094,1634.0146638551598,19125.540635718724,2.4468299911150284,337.0543020542118
19817,3601.1065930687864,9983.744328988434,10182.678647738536,1.591998131817331,34.56990604451101
14494,22186.355588443887,8932.181912903878,11803.81825942864,2.1691204035053593,95.13225733326091
14943,29485.7235873232,4368.407245910797,9433.098956983926,2.550908760001267,211.18903794746765
6449,30622.382746668925,5350.228486570899,12004.444829105283,2.3920064669585366,189.00976956130702
8143,2301.111277879104,3996.1544065213334,17816.538141952577,2.524294575875061,121.44188743812609
16953,34988.62772322,6415.983938966565,6795.091344465099,1.7847000846727932,158.22022598213505
18073,6931.337005302263,7338.28639355816,9918.057382851992,0.8944310511139917,53.349389572421
3402,47789.57650899622,2392.475667883435,8972.219110180647,1.6837705783464136,571.370776720874
14262,17010.66335651678,4384.68568177174,7959.545632263416,2.908221223512776,134.87469774118776
11808,13441.529058522063,6438.3243887478275,16420.744770478643,1.2636338460526335,111.67508567988958
6395,14917.667859784495,9881.395233794468,4638.903227371916,1.5481773035669715,43.56335584244887
8050,46898.99529785484,3316.253944424178,9998.360011253037,2.413586981259282,413.02847606440605
4410,24400.639920636593,7475.504423904435,18492.688269578946,0.6899334895093561,139.23828400851355
12464,22016.647654299337,3532.050459122152,3225.0964696702545,2.392617938742772,172.1144948378513
2655,28511.96179670645,1014.1635550599508,92.88973009301316,1.1855316729974597,671.294075307778
8456,46572.71420052837,7724.443618272061,5304.471318850148,1.168318433609139,159.9879104130073
14241,15762.823215020531,6528.13814145788,18446.22719830816,1.95605822031042,126.84420159559369
10063,9450.590514364801,5191.96318367576,1752.4894720701068,1.1382178488565124,49.40526645396366
15966,29976.80117267185,6782.855299385232,2741.4884249101124,2.1028873993897563,119.38350705327974
18799,24837.90122825221,8805.070534194338,6406.794439166992,2.772129044743534,91.99172941385362
14713,3567.4291423323466,7589.454949910667,15394.07262803172,1.5115856020588232,57.324071539213875
4851,26335.897580938337,8592.392486969251,15025.615186205574,2.8588835276897377,117.41219451365444
7968,28339.684871086745,2971.1864812092745,1741.4057117799152,2.8556568686104464,242.51811189332523
13741,34860.455203805184,8024.7868212224475,18676.845880730467,1.018922692707743,161.45356078522016
15397,49779.33293982372,3664.0925366178008,4776.376197939709,1.5794665020632328,357.0006216692001
4955,21368.25695079528,304.45337829988034,5612.735706886744,2.975284885524139,2126.3501981409954
8191,25755.062012876166,527.5239409242943,7728.3542384990915,0.8212272314630917,1521.9630299997739
18097,4212.614445254567,7330.51017078106,12689.855245727656,1.6883830569714546,56.88190254963898
10832,41663.60934471997,2791.902115931028,10426.189037622915,1.5796959006920033,443.24151567245747
13941,5358.711965064711,3145.084110145191,18572.29801765368,2.5249861707280297,180.51431625681806
9552,46724.58610352363,6263.522656741913,11292.413113746317,0.905214235004778,222.54946435807062
9681,17750.766927867626,7440.94167315705,17140.74064484615,1.0537751724620443,110.74277551565525
13271,17210.33216679794,5632.95408622273,1564.075997545269,0.938883214055972,83.6780412459609
3423,16766.144544399554,7093.085189215316,17118.03926840787,0.9165746517179079,116.28029044176228
18316,47549.2349937108,9416.423081463046,3954.263035393157,1.1444675449531723,128.04706171919324
840,49015.336435895006,8556.183456692926,7251.093913802418,1.8205521746877475,157.0601203986185
11069,48675.40062928367,2483.956146522321,6397.732695177112,2.2672308130798164,534.4718106145592
14706,35386.963925213975,9077.237312590392,6745.6305542576265,1.4507728297444773,112.31615386235357
1698,5997.378908113334,3042.9161269606016,18373.622037143825,1.615573328740387,191.84238827670262
4796,19624.930242793696,6639.823764905002,8831.874450273825,2.4809837006412243,102.40841920651278
16476,14820.806090699929,8759.691602873689,5359.364604127654,1.8130461503941455,58.807233872237035
13530,35565.28215260317,6272.116659950111,5888.040063931868,1.9744443230540978,154.6224519775277
15962,24886.397032751524,8081.341747481127,16066.72907775134,1.7949339096843953,127.12015232368829
16010,31016.816764221123,9280.736377919662,10782.28604453881,2.4743084402101703,108.70896069601613
9983,932.1882487532041,9672.676944606472,8989.942381531342,0.958704657557793,29.758942714087503
5434,39251.771073652926,4165.266008584154,18536.277713602394,2.9531296139546264,332.87287161735145
12331,47626.56591588089,9928.405245285821,18600.15401248465,2.698570730083351,167.56354252643706
19971,33633.977821473374,2789.643521467678,15122.364867304472,1.5006504355489898,417.5652772258758
6573,42670.90113913705,4675.647115067459,10360.130279491284,1.5377297676818262,272.4387238873249
17339,24173.394240237085,7630.985039480408,2332.232801281675,2.6224846553371375,85.80817001679877
6353,1500.2999247892294,9704.520322423014,14158.996698927805,1.613911577777161,41.079999301955844
3750,49528.22650470202,624.1194763244672,16302.246623151876,1.7704082915955797,2528.8588155533107
757,3412.1914246357996,9461.852797383257,17040.833347128853,2.3649398682995297,47.53725987554592
17365,10042.323087131954,9986.887425841716,11637.305500387061,1.469974638064254,49.58240914081103
5230,3095.7874539545355,9104.836468231373,12336.78181833185,1.635047286023656,39.952873692846296
11805,31435.440826184757,1173.003732405424,14185.818831810315,0.5927973089160911,932.9896252700516
18280,29369.929683582668,8422.932559980203,17478.57749463688,0.8329502402774959,133.80589390609063
5918,10878.647881641053,6433.641855987475,908.4781656052443,1.6466485083485036,46.13964151723643
5671,47854.33544437139,194.3127396208587,11264.43891213756,0.6141612193459043,7301.562350243021
11318,45717.57163861866,9845.324493518843,7381.9239514495985,1.2675329641669468,123.46594679605768
6702,14350.597900271738,1590.1848609988522,16663.18455213663,1.5931101566116064,470.9934262536255
15139,33113.805821604234,4028.531829537989,2676.222832271302,0.7540433912985964,216.7048291959829
6678,42834.05019015869,399.69778997860897,18194.02710772505,0.6633138381985044,3665.4253740507415
17531,18310.006276543332,3164.239236805007,2480.132234428969,0.5407010039091003,156.84071920378702
13798,13052.333288519305,5726.424660930268,1786.5341324088902,1.7133065769119393,62.95169326332321
2111,13181.402148870066,9315.445912037247,6929.983890453029,0.8670877785481141,55.30132336378684
14408,41112.59613268246,9904.60880911921,19894.48425374856,2.221491430337406,144.48731602661658
4086,23421.975763266622,4291.246923166753,12676.054431038941,1.7323512591331998,200.03289126171703
6580,35909.23257283678,4339.020480569495,528.771382133375,0.5473426941461577,199.6468380907768
13281,32689.889027599707,1687.3999747919931,4985.28879036273,0.6475869953882036,532.4892524934476
17642,15658.172321001715,5033.7530769395635,2983.3077145837183,2.7944587649397836,96.88607216526958
14471,10799.796801399274,9406.802056035633,20.084821740815606,0.8108369014885195,27.982242423711586
17516,6726.382753813374,1737.4219586707725,10298.81542026714,2.393310030270678,231.79140478970126
829,1682.3381122478954,2738.085106646013,7622.153418318662,1.115678578030854,77.42392898954984
