people_trapped,injured_people,critical_injuries,children_elderly,water_level,building_damage,hours_trapped,communication_available,severity_score,severity
5,1,0,8,6.41042001456385,3,7.454682981888466,0,100.0,CRITICAL
17,11,7,6,4.116550455822729,3,9.197348220051483,0,100.0,CRITICAL
5,1,1,6,4.857716204532778,5,11.654727404404234,0,100.0,CRITICAL
14,6,1,0,6.981905763977807,4,11.951799598643586,1,100.0,CRITICAL
14,12,3,1,7.307552193639375,5,18.008997714775038,0,100.0,CRITICAL
9,5,4,9,8.047061157505148,0,19.610849612674315,1,100.0,CRITICAL
8,6,5,4,2.6365671144463865,5,23.784860068630657,0,100.0,CRITICAL
11,2,1,2,8.57858109057547,0,19.301489271671382,1,100.0,CRITICAL
18,2,2,7,8.305981498595132,2,7.194754056302097,1,100.0,CRITICAL
9,0,0,3,8.55084534364593,5,8.595615508012857,0,100.0,CRITICAL
2,1,0,6,0.8082862019686854,5,14.833387723320289,1,100.0,CRITICAL
2,1,1,4,1.4361947386470209,3,16.479311612168306,1,100.0,CRITICAL
6,2,0,5,6.247613993802011,3,2.159086604162056,1,100.0,CRITICAL
6,1,0,6,9.529949936684794,5,8.248277858028768,1,100.0,CRITICAL
11,1,0,7,1.0991872622553656,1,4.8640017514959775,1,100.0,CRITICAL
10,6,2,2,7.388546133600419,1,12.188388292485556,0,100.0,CRITICAL
13,12,0,2,1.3611562893756912,1,4.048743512331454,0,100.0,CRITICAL
19,13,13,1,9.504672596362653,5,13.937794547310428,0,100.0,CRITICAL
2,0,0,5,8.001159955290442,5,11.215115982808143,0,100.0,CRITICAL
14,8,6,1,2.88366056626852,2,9.694171132303314,0,100.0,CRITICAL
1,1,0,0,0.47598370809305846,3,15.57486925844412,0,88.47387314120135,CRITICAL
12,1,1,0,4.366462251310922,1,9.991719817678446,0,100.0,CRITICAL
18,14,12,8,5.2507279523423716,5,9.582356873296689,1,100.0,CRITICAL
16,3,3,0,5.270734938079544,1,15.626922394179541,1,100.0,CRITICAL
5,1,0,6,8.519002857293334,3,1.374870818790435,0,100.0,CRITICAL
19,14,7,4,9.80900047940369,1,10.379576912885788,0,100.0,CRITICAL
14,12,1,5,4.3191805465585,4,4.6896125742155625,1,100.0,CRITICAL
11,9,2,9,1.6379436146991733,4,0.9257505267549506,1,100.0,CRITICAL
17,14,3,8,3.7696938514596368,0,0.8323852898075748,0,100.0,CRITICAL
15,5,1,2,7.12129301679043,3,4.022896329352113,0,100.0,CRITICAL
16,9,3,5,5.836680789838569,4,10.414587463128292,1,100.0,CRITICAL
14,9,5,6,0.8678941332769852,3,13.600764160774924,0,100.0,CRITICAL
17,2,2,1,2.0994287742418383,2,19.10158286771833,0,100.0,CRITICAL
4,4,4,5,6.935246549872146,3,14.584613078109303,1,100.0,CRITICAL
14,1,0,5,6.980761060301379,0,12.481335831281948,1,100.0,CRITICAL
4,1,1,4,6.090237964785313,0,0.8727982536649792,1,69.92165297297908,HIGH
3,2,2,6,2.940369466666751,2,7.149591020791587,0,100.0,CRITICAL
4,3,1,8,1.6325515514967803,3,16.614499514669433,1,100.0,CRITICAL
6,6,0,6,2.2881564556753284,5,6.492347630774997,1,100.0,CRITICAL
4,4,4,1,8.075567370416568,3,14.264156760344727,1,100.0,CRITICAL
7,4,0,3,4.8856625040158335,4,14.493625892407804,0,100.0,CRITICAL
7,7,6,0,3.512005375742712,4,7.323067364872144,0,100.0,CRITICAL
18,11,10,1,1.3591111673060818,0,13.71827417121412,1,100.0,CRITICAL
12,0,0,8,3.925766980759502,3,2.735363692894458,0,100.0,CRITICAL
16,13,1,6,4.177954375037077,1,17.447311371780998,0,100.0,CRITICAL
6,5,5,7,8.860289523165497,4,0.5406644692237359,1,100.0,CRITICAL
5,2,1,7,9.401137373299498,3,0.847799667799606,1,100.0,CRITICAL
10,9,6,1,8.394478168194807,2,20.886200982817062,0,100.0,CRITICAL
17,9,3,4,3.8817754134020435,4,13.926892760000364,1,100.0,CRITICAL
3,0,0,0,5.591729149545808,0,3.9099394299108328,1,34.86348811224026,MEDIUM
9,1,0,8,8.411822214858699,0,14.439316332702681,1,100.0,CRITICAL
10,0,0,4,0.5045311262505325,0,8.876350261989238,1,53.9602800400815,HIGH
10,2,0,0,5.328325066918068,0,6.476827946443978,1,77.17608513996203,CRITICAL
6,0,0,6,3.9863195614161895,3,19.471792965442532,1,100.0,CRITICAL
4,1,0,8,3.810325241812315,5,11.455406302670312,0,100.0,CRITICAL
11,4,3,0,3.5009012248461477,3,7.043354352034287,1,100.0,CRITICAL
9,9,8,0,6.4046380162613294,4,22.648668497213635,0,100.0,CRITICAL
12,5,3,0,4.173258099047934,1,3.960605128951543,1,100.0,CRITICAL
10,0,0,6,3.221682388109741,0,3.4081840220781014,0,81.4059438362971,CRITICAL
6,5,0,9,5.66300376317086,1,2.3352926494673127,0,100.0,CRITICAL
13,0,0,2,3.7313053374235228,0,2.9864239431008555,1,62.38172517355355,HIGH
5,3,2,8,0.34692184984777663,4,6.066844453042847,1,100.0,CRITICAL
4,3,3,8,4.176303001663589,2,16.764099304554215,1,100.0,CRITICAL
3,3,2,6,1.9608966655108584,0,16.124587520751035,1,100.0,CRITICAL
5,1,1,2,0.9991366518359457,2,18.323080564276452,1,100.0,CRITICAL
18,7,2,9,8.725983829574886,5,13.813704131695019,0,100.0,CRITICAL
3,3,0,7,6.918242388671466,0,11.822658302532144,0,100.0,CRITICAL
5,4,3,5,3.808884563237452,1,10.36521632148205,1,100.0,CRITICAL
9,2,1,3,9.852737054142118,5,20.991442972495637,1,100.0,CRITICAL
6,3,2,7,3.6719580754494716,0,8.244120218719129,0,100.0,CRITICAL
15,7,0,2,2.444589777702151,1,21.39652296147647,0,100.0,CRITICAL
18,4,3,0,4.735075250300854,2,6.612952563482428,1,100.0,CRITICAL
8,4,4,3,9.455624586211774,3,3.7756640964054684,0,100.0,CRITICAL
12,7,1,8,6.639849439544719,5,6.123421171636051,0,100.0,CRITICAL
6,4,3,6,7.305931415886754,2,11.976625316562902,0,100.0,CRITICAL
8,5,0,0,1.652919762185563,3,22.221304438585054,1,100.0,CRITICAL
15,13,5,0,0.4014600973807325,4,4.255430585080273,0,100.0,CRITICAL
16,9,6,0,5.371289176449957,4,13.917639869372657,1,100.0,CRITICAL
5,0,0,5,3.303283376026498,4,5.22530782786464,1,100.0,CRITICAL
11,9,2,9,0.42657906720581784,5,16.263484004214572,1,100.0,CRITICAL
17,17,7,9,8.961562423126118,4,11.160840984274222,1,100.0,CRITICAL
13,0,0,8,0.2510267584954251,0,17.604905323498862,1,100.0,CRITICAL
16,3,3,2,0.1265495852029952,5,20.546611429209484,1,100.0,CRITICAL
18,12,7,2,2.9916917000958265,2,8.03385121462304,1,100.0,CRITICAL
13,13,10,6,4.972541800821906,1,22.51653016890989,1,100.0,CRITICAL
3,1,1,5,4.507959075811007,0,11.242132918194889,0,85.98348353385241,CRITICAL
3,1,0,8,3.599776654864024,5,22.479223105035146,0,100.0,CRITICAL
6,5,4,2,8.637782567577894,5,5.534945128521505,1,100.0,CRITICAL
15,0,0,6,2.975853353222991,0,21.53005813323952,1,100.0,CRITICAL
19,0,0,6,6.527897507983714,4,8.007758274872435,0,100.0,CRITICAL
3,2,0,8,3.9860792044162583,5,18.01801838653506,1,100.0,CRITICAL
3,0,0,5,3.886747302935323,0,23.23638494586102,1,96.5999620589102,CRITICAL
3,1,0,8,9.32809098493943,1,21.891886756772585,0,100.0,CRITICAL
18,11,4,5,6.974472801239912,2,11.127713404758717,1,100.0,CRITICAL
8,0,0,1,5.382062486372204,4,8.277628511648771,0,100.0,CRITICAL
16,8,7,5,1.7462098096383538,4,14.703278462613554,1,100.0,CRITICAL
3,2,0,4,1.3759249582511979,1,16.939424297334334,1,72.52894160660966,HIGH
11,0,0,5,1.9364766461129956,0,12.965920947585378,0,100.0,CRITICAL
16,12,10,8,6.269365664954317,1,20.36342052848083,1,100.0,CRITICAL
2,1,1,5,0.5601867749477585,3,1.3984100255067693,0,100.0,CRITICAL
1,0,0,4,4.640993423919349,2,14.391301855026816,1,85.48723093810386,CRITICAL
8,3,3,4,4.597496265170642,2,12.605829038343622,1,100.0,CRITICAL
12,8,3,2,9.178048836993431,1,0.9447345461967478,0,100.0,CRITICAL
19,17,10,4,3.6992286837399724,5,0.30506797434470734,0,100.0,CRITICAL
18,18,15,4,8.965946635824123,5,14.547113520066581,1,100.0,CRITICAL
18,3,3,9,6.1508164373230745,2,2.8319715714689213,0,100.0,CRITICAL
11,11,6,2,3.9009804423274943,2,18.444755563771423,1,100.0,CRITICAL
18,17,5,6,5.265824322520069,5,22.781973211901384,1,100.0,CRITICAL
6,1,0,7,0.9422402652102935,0,4.257989883728926,0,66.96200298811995,HIGH
1,1,1,6,8.896195839528449,4,19.16578157822049,1,100.0,CRITICAL
9,5,1,1,6.314971682257399,4,14.194050582216315,0,100.0,CRITICAL
16,10,2,6,4.3561121595654075,4,10.750554619477898,0,100.0,CRITICAL
5,1,1,0,7.757378713126748,1,15.60715937909006,1,100.0,CRITICAL
19,4,1,2,4.044912351341415,1,19.256115338002356,1,100.0,CRITICAL
17,15,3,9,4.609859077823657,4,23.295486410600915,0,100.0,CRITICAL
8,4,0,3,4.220249970442956,3,15.85183813642104,1,100.0,CRITICAL
19,8,5,5,9.965518238014319,3,17.92632411984724,1,100.0,CRITICAL
18,10,9,8,7.701814443885253,0,14.580456380388885,1,100.0,CRITICAL
12,12,2,8,9.287896048629495,1,13.56108544358744,1,100.0,CRITICAL
16,14,11,5,3.79646537960614,4,1.554765466466777,1,100.0,CRITICAL
14,8,3,8,4.901687191028684,3,3.721782102713253,0,100.0,CRITICAL
4,0,0,5,2.0135774669434223,4,9.102067914233388,1,89.45654678317413,CRITICAL
8,1,0,6,0.10132470411118533,2,15.588085730304199,1,100.0,CRITICAL
12,4,3,5,1.947756126610024,3,1.8190609969404168,0,100.0,CRITICAL
11,9,5,2,9.28926261375165,4,13.065054433148244,1,100.0,CRITICAL
13,13,12,0,4.563718285243851,1,0.3163799397448388,1,100.0,CRITICAL
8,6,3,3,1.3084567440421957,1,18.386242879080516,1,100.0,CRITICAL
18,15,11,0,4.525729706791154,2,16.006401155066968,1,100.0,CRITICAL
13,8,4,9,7.927361443890442,2,12.496206762890527,0,100.0,CRITICAL
4,2,1,0,5.007955755922623,0,13.707423550121096,0,100.0,CRITICAL
1,0,0,4,9.36824352486973,4,22.38622320084383,0,100.0,CRITICAL
10,10,0,7,8.983616762113597,3,21.76071747955611,0,100.0,CRITICAL
6,4,2,0,4.732491753633546,3,19.02603370081118,1,100.0,CRITICAL
11,11,9,4,0.8295795576839815,5,8.069432424159103,1,100.0,CRITICAL
7,5,5,7,7.044469678677029,5,2.5739248798863734,0,100.0,CRITICAL
10,9,3,2,3.563790634334648,3,7.714358460638058,0,100.0,CRITICAL
12,6,1,5,7.85728059207456,0,18.047094076087376,0,100.0,CRITICAL
6,3,0,6,3.0886818905486746,4,14.664017759860556,1,100.0,CRITICAL
6,6,3,9,3.3062256787020528,2,16.933720757925535,1,100.0,CRITICAL
4,3,0,7,5.423205654980151,0,2.5279073982720863,0,91.74685271583462,CRITICAL
2,0,0,2,0.24897799964953116,2,3.8027253230189846,0,64.89184072923626,HIGH
7,7,4,0,1.6965666299129045,0,15.943674657315306,0,100.0,CRITICAL
7,1,1,9,8.514143047331373,0,8.923213186904619,1,100.0,CRITICAL
2,0,0,7,9.565725172950833,3,8.86050842074843,1,100.0,CRITICAL
10,0,0,3,1.9208658596051364,0,9.423827200242282,0,75.05127182822689,CRITICAL
14,8,4,1,7.72466890707746,3,19.102557100764617,1,100.0,CRITICAL
5,4,0,0,1.1186255452454497,5,16.7772957736155,1,100.0,CRITICAL
8,2,2,5,4.726907811972283,3,2.544857255528515,0,100.0,CRITICAL
18,8,2,0,5.084681496558192,3,8.264575608682021,0,100.0,CRITICAL
5,1,0,5,5.637274481059165,1,16.171970910009456,0,100.0,CRITICAL
4,2,2,7,3.6143903436561233,5,23.4271008020111,1,100.0,CRITICAL
19,9,0,2,8.561183548188199,3,21.894077537544433,0,100.0,CRITICAL
11,11,7,5,3.0345702908940178,5,5.958561640137077,0,100.0,CRITICAL
5,5,2,5,4.852284856702195,4,1.584791539565379,1,100.0,CRITICAL
16,16,12,4,1.9383566135185049,4,13.758321490758593,1,100.0,CRITICAL
9,6,4,2,5.72850511877117,0,9.75000793078266,0,100.0,CRITICAL
6,4,1,5,1.971715413870505,2,4.401361395686568,1,100.0,CRITICAL
8,3,1,0,2.4150466792583805,4,15.639532848464928,1,100.0,CRITICAL
1,1,0,3,4.373618574791731,5,3.8484224376177476,1,94.62458738320414,CRITICAL
1,0,0,7,2.7776011217388885,2,8.43555419185023,1,70.58854795575004,HIGH
5,3,0,5,0.40129553773105675,3,19.069623897760707,0,100.0,CRITICAL
18,4,1,3,7.964317985012745,2,16.423179112191864,1,100.0,CRITICAL
4,0,0,5,8.201401786080039,3,14.570941068328791,1,100.0,CRITICAL
16,9,0,0,9.007139096850189,1,22.339842266793266,1,100.0,CRITICAL
19,6,5,2,9.798868692874079,5,3.009794008989515,1,100.0,CRITICAL
7,2,2,6,1.1324278661272802,0,16.583106005690205,1,100.0,CRITICAL
15,11,8,0,2.745048827350749,2,2.8158670517555935,1,100.0,CRITICAL
18,1,0,1,6.306182374246662,2,3.2729898230552177,1,100.0,CRITICAL
9,8,7,2,8.763690737434171,5,12.154224612062219,0,100.0,CRITICAL
7,4,3,3,1.6231203947442463,2,0.5786458304790294,1,100.0,CRITICAL
1,0,0,5,4.835460063837368,0,12.02395964889767,1,68.91160188034497,HIGH
13,13,6,8,9.787867402332079,1,0.2274925643179122,0,100.0,CRITICAL
4,2,2,0,3.3102738887805074,0,14.457960997532759,1,100.0,CRITICAL
2,1,1,3,4.911029156175392,4,7.4882382588190834,1,100.0,CRITICAL
10,1,1,3,6.938022067395878,0,1.9983586287899593,1,100.0,CRITICAL
5,4,0,5,4.217262782232326,4,18.740199062446617,0,100.0,CRITICAL
3,0,0,0,7.175396183594437,2,9.358203017504021,1,61.29222441491491,HIGH
5,2,1,8,1.4765426187810748,1,10.6564814841947,0,100.0,CRITICAL
11,11,0,0,2.3059705478547086,3,8.987488786821267,0,100.0,CRITICAL
18,13,0,9,3.8689138928685862,1,2.007128469388465,1,100.0,CRITICAL
2,2,0,0,9.839057440196909,4,11.03801433370749,0,100.0,CRITICAL
16,7,2,2,3.4877470408917652,1,15.970512531377764,1,100.0,CRITICAL
18,11,6,0,9.155414654178541,5,21.681029270224577,0,100.0,CRITICAL
6,2,2,3,8.74874383912515,2,18.33127387305749,1,100.0,CRITICAL
15,8,2,6,7.558050558484318,0,1.9029213148797082,0,100.0,CRITICAL
12,9,2,8,3.703451839154903,4,3.9793002634915453,1,100.0,CRITICAL
4,3,2,3,3.304422147666668,4,1.0758296774401135,0,100.0,CRITICAL
12,2,0,5,6.396930465868197,4,2.8653497676091533,0,100.0,CRITICAL
11,6,6,1,2.325648846521969,2,11.532660756323335,1,100.0,CRITICAL
9,0,0,6,3.6051712123240334,1,5.27376062834276,0,85.33730175139608,CRITICAL
1,0,0,7,8.151346119567535,4,15.550473759971432,0,100.0,CRITICAL
18,15,9,2,2.107149882202002,3,0.7767919834512123,1,100.0,CRITICAL
6,2,2,0,8.281213461656236,4,20.57391233740223,0,100.0,CRITICAL
12,6,4,1,5.52011540573016,1,16.263370240892655,0,100.0,CRITICAL
3,3,1,1,5.115661608737071,1,23.257867891250648,0,100.0,CRITICAL
1,0,0,5,6.136199812516852,3,22.86792689181314,0,100.0,CRITICAL
7,0,0,6,6.314163853966814,0,16.630229470549846,0,100.0,CRITICAL
18,13,4,4,5.583343387984856,4,3.7930594636750206,0,100.0,CRITICAL
12,9,8,9,7.014292073791931,1,5.3299808781691285,1,100.0,CRITICAL
16,10,7,0,3.580158814319719,3,6.661967609244814,0,100.0,CRITICAL
7,2,0,4,8.107251943517227,3,10.240179145241672,0,100.0,CRITICAL
17,6,0,7,2.212049328855911,2,13.700940343357228,1,100.0,CRITICAL
4,2,1,9,7.143402532065306,1,16.38239985908849,0,100.0,CRITICAL
10,2,2,1,3.8541667835819435,5,1.8152937306933161,1,100.0,CRITICAL
6,6,5,7,6.948613012790274,1,14.653157438446772,0,100.0,CRITICAL
2,2,1,5,0.3242338963529312,1,1.4204835226673458,0,81.68577152992543,CRITICAL
4,4,4,0,3.9029317311977074,2,19.848630202763918,1,100.0,CRITICAL
18,8,2,9,9.631217115959586,5,0.9701996180988024,0,100.0,CRITICAL
1,0,0,8,5.728672656001615,3,9.361141311149328,0,100.0,CRITICAL
1,0,0,7,4.993144277359619,3,10.079565196251785,0,100.0,CRITICAL
16,11,7,4,2.4744156936171735,0,13.689261044947942,1,100.0,CRITICAL
13,6,0,3,4.914906706533467,3,2.290739987455992,0,100.0,CRITICAL
14,10,1,0,8.234083051006083,5,22.394498705032785,0,100.0,CRITICAL
11,3,2,1,3.384347464806572,1,9.196953759067515,1,100.0,CRITICAL
8,0,0,4,5.648824984713244,2,9.50875805280642,1,100.0,CRITICAL
10,5,0,4,6.735555751577037,5,5.8340872694592,0,100.0,CRITICAL
16,16,14,7,4.008740126693157,5,18.737207889874075,1,100.0,CRITICAL
7,0,0,4,2.830391797540479,5,0.18627441934649802,1,93.24334530116256,CRITICAL
5,0,0,4,1.5557205385998651,0,2.5488985701698947,0,63.20926914868029,HIGH
10,0,0,2,1.0119142636995193,3,11.298282988354028,0,100.0,CRITICAL
18,11,0,6,2.410992345614753,2,23.23917458999469,0,100.0,CRITICAL
7,3,0,5,0.1954023715396347,4,0.8541057967097068,1,99.8303863982008,CRITICAL
4,3,0,4,7.60166277565917,3,1.4878041048246295,0,100.0,CRITICAL
10,0,0,1,1.1176880760670227,2,17.157422998233727,1,94.02165890955015,CRITICAL
18,3,1,3,8.989817948903895,1,17.650694703300477,0,100.0,CRITICAL
18,7,3,2,5.1070795171547845,5,21.52648190034865,1,100.0,CRITICAL
3,3,0,6,4.569578431652424,5,13.839107652390183,1,100.0,CRITICAL
13,2,1,8,0.6478170086170643,4,9.685203909248802,0,100.0,CRITICAL
14,2,2,2,1.3333088306285423,0,10.825785042501526,0,100.0,CRITICAL
14,9,8,6,8.567577609958478,0,10.356363977568298,1,100.0,CRITICAL
1,0,0,8,6.727712668658937,1,23.36487985591115,1,100.0,CRITICAL
5,2,1,4,0.9453770958581953,2,9.122104750573033,1,89.47086526770414,CRITICAL
10,5,1,7,6.811691708367382,4,2.3056149878067416,0,100.0,CRITICAL
14,12,9,7,1.3095503688715415,3,6.951018103521906,1,100.0,CRITICAL
19,18,12,6,7.326136919573142,1,23.0421217990852,1,100.0,CRITICAL
7,5,4,0,9.445657425573943,5,10.277916054148143,1,100.0,CRITICAL
15,9,9,4,7.583487422335161,5,7.585774737760201,0,100.0,CRITICAL
9,6,2,9,8.238111448139419,1,7.458097045515426,1,100.0,CRITICAL
10,5,0,8,6.206160331520877,1,0.21755048651596187,0,100.0,CRITICAL
8,5,4,8,0.0371347559670987,1,15.194827561516025,1,100.0,CRITICAL
9,1,1,5,7.85196437407171,3,17.382487188072194,1,100.0,CRITICAL
11,10,1,7,4.041035083868563,1,8.470821619669135,0,100.0,CRITICAL
8,3,1,3,8.730462743486733,0,20.946992023059266,0,100.0,CRITICAL
18,16,9,8,5.727980826348215,0,17.829377991275436,1,100.0,CRITICAL
5,1,1,1,1.9156457304200958,5,14.420869799614735,1,100.0,CRITICAL
8,4,4,1,0.5486892608999228,1,16.891601748094523,1,100.0,CRITICAL
2,0,0,6,5.5509039948910734,5,18.466862030152292,1,100.0,CRITICAL
18,9,1,3,5.66860511085983,2,12.649197026759492,0,100.0,CRITICAL
19,2,1,3,8.600676933004141,0,9.547222274592698,0,100.0,CRITICAL
18,18,1,1,0.38752234796271656,4,3.017131955392964,0,100.0,CRITICAL
16,3,3,8,8.212582799603819,5,9.71867284215302,1,100.0,CRITICAL
4,3,0,1,4.056335697188937,2,13.202301495136055,0,100.0,CRITICAL
17,9,1,8,5.2833786550220365,1,22.748738143778425,1,100.0,CRITICAL
6,2,0,4,5.33390727649823,3,3.7174789372698935,0,100.0,CRITICAL
12,7,6,4,3.8232597415193537,5,18.1670107917954,0,100.0,CRITICAL
7,2,2,6,1.860016553421724,2,5.776889898995262,0,100.0,CRITICAL
14,11,4,4,0.7882304096514747,4,22.96814651210555,1,100.0,CRITICAL
12,4,2,5,2.069903109598389,5,14.27538488189817,0,100.0,CRITICAL
2,0,0,2,7.142645762340863,2,10.386791812535556,0,85.14300808653466,CRITICAL
4,2,2,2,6.822610774532164,0,8.323809779669446,0,100.0,CRITICAL
8,6,6,2,6.754210361580787,0,4.847580929284017,1,100.0,CRITICAL
10,10,9,0,9.076895495664157,3,17.1479442085562,0,100.0,CRITICAL
17,14,10,2,4.568713102840597,5,15.263236027091988,0,100.0,CRITICAL
7,2,1,3,7.591372711709572,5,21.363725846462657,0,100.0,CRITICAL
10,8,4,5,6.682157127197883,2,14.33612015026186,1,100.0,CRITICAL
17,6,4,3,9.370378718676752,5,4.075292124050507,1,100.0,CRITICAL
16,15,2,2,6.698006777816837,5,16.388007292644843,1,100.0,CRITICAL
13,4,1,7,1.8022327398613247,3,21.0910466948018,1,100.0,CRITICAL
18,18,3,4,7.4424798833515755,2,23.771096860987242,0,100.0,CRITICAL
5,4,3,2,3.5797551818460804,1,16.441583454500936,1,100.0,CRITICAL
8,4,0,3,2.5499006114757594,2,6.948862506738153,0,100.0,CRITICAL
7,0,0,3,2.7815440936927116,5,13.569163257656122,0,100.0,CRITICAL
18,13,8,2,8.250789823386754,2,12.359614580065049,1,100.0,CRITICAL
6,6,5,8,4.528509872908593,1,12.287486955216975,0,100.0,CRITICAL
13,1,0,3,4.691002738025,4,1.8868771585161017,1,100.0,CRITICAL
9,9,0,7,0.10685071042197292,0,4.6691008551067075,0,100.0,CRITICAL
8,5,2,8,2.7015449904708264,2,12.57878567066432,0,100.0,CRITICAL
12,9,1,6,8.833775594970907,3,19.156364990188067,0,100.0,CRITICAL
10,5,0,2,4.980687645076543,1,4.36287405592274,1,100.0,CRITICAL
7,7,1,0,4.16383456701909,4,3.9427554028613834,1,100.0,CRITICAL
7,6,2,8,0.7397782579362788,0,18.236526997886468,1,100.0,CRITICAL
17,9,9,3,2.9340904885975383,0,16.573296417769313,1,100.0,CRITICAL
5,3,1,2,1.3120469028617887,3,11.642595815872724,0,100.0,CRITICAL
10,10,7,6,1.6440602720270514,4,1.208686139920859,1,100.0,CRITICAL
15,14,9,9,3.38818253330749,3,11.344358676940779,1,100.0,CRITICAL
13,11,7,8,0.6709369201830229,0,20.03644843784332,0,100.0,CRITICAL
14,8,7,6,7.782807696437336,5,0.25491612458823454,1,100.0,CRITICAL
17,8,3,8,6.218584863861594,2,2.4625542982544966,1,100.0,CRITICAL
7,1,0,6,7.997421440466644,1,19.42406696202385,1,100.0,CRITICAL
4,0,0,7,3.478445286166961,1,12.603646295763408,0,100.0,CRITICAL
9,2,1,7,2.2216413279758362,3,15.894407428341731,0,100.0,CRITICAL
19,9,7,7,5.899965553124953,2,17.881243992849612,1,100.0,CRITICAL
14,7,1,1,0.21945421094128115,0,7.204991156883528,1,100.0,CRITICAL
3,3,2,1,0.8902281943250612,1,7.149009303953722,1,78.88523535420525,CRITICAL
4,4,4,1,7.4146152131215315,1,6.334937801570033,1,100.0,CRITICAL
2,0,0,6,8.873886260985156,3,4.01411356489568,0,100.0,CRITICAL
8,4,4,7,2.05477065710972,4,7.313851396658418,1,100.0,CRITICAL
2,2,1,9,7.909932845727572,1,22.86792805488057,1,100.0,CRITICAL
4,1,0,0,3.8365988585481556,5,2.0634305636707655,0,93.6395329092513,CRITICAL
2,0,0,7,4.159283892309707,3,5.77526691295222,1,82.83173554343318,CRITICAL
4,1,0,7,8.84019374276394,0,7.632418119494032,0,100.0,CRITICAL
9,4,0,4,6.210403328996639,1,3.691583284628277,1,100.0,CRITICAL
2,1,0,2,8.119253730380171,3,1.8576378317284359,1,81.0604643684358,CRITICAL
17,1,0,0,7.757664409267361,4,3.884588057118351,0,100.0,CRITICAL
1,1,0,3,5.740920000818251,2,12.66717715075579,1,94.22286041743465,CRITICAL
6,0,0,6,7.478580879466145,1,14.322059855091098,1,100.0,CRITICAL
16,15,7,6,7.082082251915852,3,5.166135445687049,1,100.0,CRITICAL
4,3,0,4,4.802835052168258,2,12.091291312732796,1,100.0,CRITICAL
5,4,0,5,1.518379051980846,4,0.1495101478327916,0,100.0,CRITICAL
5,0,0,8,2.6637685800229316,5,14.448446328170487,1,100.0,CRITICAL
9,0,0,6,3.7637498387327772,1,0.03131233137044731,0,78.47204109476581,CRITICAL
5,0,0,1,5.866889924021793,3,15.42663964545975,0,100.0,CRITICAL
2,0,0,1,2.9777688197415744,2,11.599709710900662,1,66.15259545081288,HIGH
7,3,0,1,2.053652058105695,0,2.6225773050990444,1,70.050292841608,HIGH
15,10,1,1,0.3554886211172881,0,2.1217117864087225,0,100.0,CRITICAL
8,2,2,4,2.125246817554798,3,0.16536104537988816,0,100.0,CRITICAL
3,3,3,9,5.390787497558121,2,13.239476433781062,1,100.0,CRITICAL
11,1,1,4,1.3962135774734685,0,19.357185073184016,1,100.0,CRITICAL
10,9,6,7,0.2935556570916409,1,20.557049969658838,1,100.0,CRITICAL
4,3,0,4,0.7469223410808334,3,13.661695312264746,1,91.09933338213467,CRITICAL
12,2,2,7,9.521055368624197,4,21.292027511309158,1,100.0,CRITICAL
13,1,0,5,0.3547225583836833,5,20.687508364956887,1,100.0,CRITICAL
7,2,1,9,4.723342698067945,1,16.757343002051698,0,100.0,CRITICAL
19,10,6,3,6.882739655912853,3,8.713993944159448,1,100.0,CRITICAL
16,10,10,9,2.2311587636576933,0,19.85261530312826,1,100.0,CRITICAL
10,9,5,3,9.641848397424862,4,9.4002358629064,1,100.0,CRITICAL
7,1,0,2,0.22703275268021184,1,9.678346667959016,1,57.07158725348334,HIGH
3,3,2,8,8.800925386560133,5,16.27380173869675,0,100.0,CRITICAL
2,0,0,4,3.914985308062997,2,22.270048439928928,1,100.0,CRITICAL
1,1,1,7,3.8383543134332667,4,12.000474709108094,1,100.0,CRITICAL
16,12,0,3,4.722097547171153,5,4.253077537342988,1,100.0,CRITICAL
13,6,0,2,9.714027486266502,0,3.418876864510766,1,100.0,CRITICAL
3,0,0,5,6.2808547168834465,5,7.253723026425509,0,100.0,CRITICAL
14,2,2,5,8.785733809202013,4,10.983709641641589,1,100.0,CRITICAL
18,11,10,5,0.278256739082271,0,7.1438962854302375,0,100.0,CRITICAL
11,4,2,1,8.969400254487889,3,17.086028091759342,1,100.0,CRITICAL
19,4,4,5,2.134609977831908,5,13.02364978105246,0,100.0,CRITICAL
3,0,0,4,3.1495840404508657,1,9.761555398709238,0,59.701992483443526,HIGH
2,2,0,4,0.736078247289853,5,5.121719073085462,0,100.0,CRITICAL
6,6,2,2,9.150751110730118,3,14.529957298574104,1,100.0,CRITICAL
4,3,0,4,5.2610401270836205,4,16.17840435578721,0,100.0,CRITICAL
13,13,8,9,0.9007510428258303,3,18.820096294026506,0,100.0,CRITICAL
8,0,0,0,3.9743706485582884,1,23.780314389544674,1,100.0,CRITICAL
15,5,3,0,3.811687405323174,4,5.551885284449894,1,100.0,CRITICAL
1,1,0,6,0.5082661881054296,3,0.36268506217454544,1,72.09693094488692,HIGH
16,5,0,9,3.4762499963701865,5,12.010666012128334,1,100.0,CRITICAL
5,2,2,6,2.928973302630966,3,22.17611723158506,0,100.0,CRITICAL
13,13,5,8,9.194652474201128,3,5.970271091308959,1,100.0,CRITICAL
17,11,10,8,8.067831258575893,2,18.141003968865746,0,100.0,CRITICAL
2,1,0,6,1.6008813161220226,4,7.668265088981907,1,92.54987285323655,CRITICAL
13,2,2,9,9.31557240318369,1,9.388801832369035,0,100.0,CRITICAL
2,2,2,8,7.431627489246425,4,22.745408693423343,1,100.0,CRITICAL
11,9,3,9,4.908473214676457,5,11.064428554427174,1,100.0,CRITICAL
15,3,0,8,4.32661011058805,4,17.407732367124726,1,100.0,CRITICAL
9,0,0,2,9.268439038324809,3,13.1965074076485,1,100.0,CRITICAL
19,19,0,3,3.055118551929421,0,18.33372882392149,0,100.0,CRITICAL
4,4,0,0,3.705898180428715,3,7.616772529755447,1,97.31059743505966,CRITICAL
17,13,13,1,6.911657400566417,0,21.045474938506377,1,100.0,CRITICAL
15,4,2,7,7.592868309616306,2,13.174137496245876,1,100.0,CRITICAL
7,0,0,8,3.271677364807939,2,7.419861564816871,0,100.0,CRITICAL
13,8,6,8,9.22007913758344,0,0.9167686101636008,1,100.0,CRITICAL
8,8,5,8,2.561053495214476,3,0.3169988171322613,1,100.0,CRITICAL
1,0,0,0,3.4749886602027913,3,8.480794470112922,1,59.22435926578541,HIGH
9,9,2,7,1.9657319596274103,4,5.1768104668273995,1,100.0,CRITICAL
18,8,2,4,5.370871450308451,4,1.2642956054734826,0,100.0,CRITICAL
17,14,4,2,9.99272951542101,2,13.268310529282132,1,100.0,CRITICAL
17,8,5,5,7.180543698999586,4,23.73093687030173,0,100.0,CRITICAL
8,7,5,3,4.713174205124686,4,10.135840948927964,0,100.0,CRITICAL
3,2,0,0,9.829266044751487,4,13.250710272991757,1,100.0,CRITICAL
11,7,4,2,0.491743404664462,2,5.275298064337019,0,100.0,CRITICAL
2,0,0,1,2.859015272739953,4,4.9179986924605705,1,60.12233997202484,HIGH
2,2,0,0,8.381173979669702,0,7.880962929308216,0,85.02570855229403,CRITICAL
16,7,2,9,5.2436069065602755,1,20.041238403012482,0,100.0,CRITICAL
17,1,0,8,0.04696544497747812,1,23.053832181061935,1,100.0,CRITICAL
9,2,0,2,4.567527801539251,4,17.753405483670598,0,100.0,CRITICAL
1,1,1,0,0.2181708482533673,4,0.4933508190792457,0,62.41212399135066,HIGH
12,5,4,2,5.734860821408575,4,10.521918171988766,1,100.0,CRITICAL
6,6,0,0,6.327417809799828,0,10.096856916442832,1,100.0,CRITICAL
11,1,0,0,2.0140833364373356,2,22.44480712948705,0,100.0,CRITICAL
6,3,1,8,9.864973213454409,1,17.89363826552779,0,100.0,CRITICAL
5,0,0,0,8.338041388325792,3,17.14537749298582,0,100.0,CRITICAL
13,10,0,4,4.638327557941489,4,13.554626228598725,1,100.0,CRITICAL
1,1,1,4,3.0955314823373428,3,15.500036484618557,0,100.0,CRITICAL
16,4,4,0,0.12338790628256602,5,16.766609634504363,0,100.0,CRITICAL
19,17,17,8,6.932629103187827,0,13.261338989904544,0,100.0,CRITICAL
11,8,7,4,2.6288315307230867,5,20.27588239614981,1,100.0,CRITICAL
2,2,0,1,3.9465573440305404,2,0.885471265303698,1,57.80340838543269,HIGH
1,1,0,6,4.286219798463823,3,22.593147081444915,0,100.0,CRITICAL
13,1,0,8,8.53815682714333,4,18.566104716669553,1,100.0,CRITICAL
17,15,0,3,8.514059553005884,4,12.695083913252247,1,100.0,CRITICAL
14,11,10,4,7.762187406021996,0,20.64787317311017,0,100.0,CRITICAL
17,5,5,8,7.667990623700743,5,19.871533420020057,0,100.0,CRITICAL
10,7,1,1,4.947425863527469,4,10.065366062384204,1,100.0,CRITICAL
17,2,1,4,7.911191245565713,3,20.15558823827871,1,100.0,CRITICAL
13,7,0,5,8.581423303678445,2,4.5201134868388095,0,100.0,CRITICAL
6,3,1,2,4.984391381773249,4,11.260840803764772,0,100.0,CRITICAL
4,1,0,9,9.003911802515361,4,5.574679846397435,1,100.0,CRITICAL
4,3,2,8,9.903808263737414,3,2.985557065418397,1,100.0,CRITICAL
14,3,0,9,1.7528204382185764,2,21.470471092533632,1,100.0,CRITICAL
4,1,1,7,9.790324985245869,3,8.806722364949433,0,100.0,CRITICAL
5,4,1,3,2.4574285458166134,0,16.425203324916644,0,100.0,CRITICAL
14,6,2,4,9.340310797082731,4,9.002368942394014,1,100.0,CRITICAL
15,3,1,7,8.511086980947487,1,13.058946128295771,1,100.0,CRITICAL
8,1,0,9,9.16056544194689,0,8.353005992334003,1,100.0,CRITICAL
11,0,0,9,4.610308909875077,5,17.825440426402544,0,100.0,CRITICAL
7,2,0,0,1.5106183834941167,5,18.875125474757752,0,100.0,CRITICAL
13,1,0,7,2.2262113180714396,5,10.332782913936779,0,100.0,CRITICAL
14,1,1,5,3.0469419258298833,1,20.630717410764518,0,100.0,CRITICAL
9,2,2,6,2.4971868484673276,3,8.5272884946956,1,100.0,CRITICAL
15,9,5,3,9.673822084299191,1,18.299059649292982,0,100.0,CRITICAL
8,4,3,5,1.5607080821054997,2,15.601530433080441,0,100.0,CRITICAL
2,0,0,9,6.857928516067555,4,10.9435448477056,1,100.0,CRITICAL
12,4,0,9,5.115995233746899,2,21.334031339688604,1,100.0,CRITICAL
16,6,6,3,0.3420680900824635,2,13.734081205729215,1,100.0,CRITICAL
8,0,0,9,2.115851801497545,3,20.164381502917582,0,100.0,CRITICAL
1,1,1,9,9.335699722751704,2,17.600018673921603,0,100.0,CRITICAL
17,10,8,1,8.168244710530754,1,12.781781077896298,0,100.0,CRITICAL
19,1,0,0,5.859563058887105,5,7.834087600147459,1,100.0,CRITICAL
13,7,2,3,0.7673209185274821,0,22.82728084437533,0,100.0,CRITICAL
15,1,1,6,1.3853710254393403,5,1.3619021310993675,0,100.0,CRITICAL
13,0,0,7,7.306021072046958,0,21.46767005036075,0,100.0,CRITICAL
3,1,0,2,7.5705872977255675,0,12.153430930114094,1,78.9239390150975,CRITICAL
16,9,8,2,9.580976584630154,1,17.96978599945543,0,100.0,CRITICAL
9,3,2,4,2.055935834699482,4,8.019157018561302,0,100.0,CRITICAL
19,17,5,9,6.490644064935836,1,9.221033379606304,1,100.0,CRITICAL
8,3,1,9,4.308398100652298,0,4.578022689515133,0,100.0,CRITICAL
8,6,1,6,1.1385135798975032,4,22.90417832896937,0,100.0,CRITICAL
14,4,1,3,3.361537277786839,3,1.0391771865707105,0,100.0,CRITICAL
19,7,4,6,3.674449250335985,1,9.283922470119396,1,100.0,CRITICAL
13,9,0,1,4.534464480538253,2,8.032821241593371,1,100.0,CRITICAL
3,0,0,0,2.9303323585737653,2,19.513847355179145,1,99.52974155897645,CRITICAL
5,0,0,5,5.526653342778202,2,12.038148094778556,0,100.0,CRITICAL
8,0,0,3,6.064550312647708,1,4.05849953483409,1,83.77794663162742,CRITICAL
6,2,0,6,4.1279615118912645,3,12.216306384262886,0,100.0,CRITICAL
5,0,0,0,3.7339261770614076,4,5.664395183172764,0,82.25463358498084,CRITICAL
12,9,1,0,6.5550870315909595,1,0.41071499529468003,1,100.0,CRITICAL
6,1,0,4,0.542036069707188,1,13.069080855711068,0,81.75757860557496,CRITICAL
8,0,0,0,8.664095890339299,1,8.649785307327777,0,98.25934367588283,CRITICAL
7,5,4,1,9.746322881222925,4,5.733331729183122,0,100.0,CRITICAL
14,0,0,2,0.553089924754776,3,4.133713376214697,1,82.01051893663272,CRITICAL
9,8,1,0,7.09179895674747,1,10.888644771017699,0,100.0,CRITICAL
17,9,6,7,2.5223800781242245,5,20.870899814814535,0,100.0,CRITICAL
19,0,0,1,4.300182491013405,0,18.19510288562537,1,100.0,CRITICAL
6,3,0,1,2.7064278777600395,4,0.1111187539831402,1,83.05602748989615,CRITICAL
19,6,4,7,2.1424659068459615,5,17.547603579562786,0,100.0,CRITICAL
18,12,4,6,4.409838063123913,3,1.7453299072148356,1,100.0,CRITICAL
1,0,0,2,3.7160845445067348,0,13.152032978603525,1,47.583640289714765,MEDIUM
5,5,1,4,4.257910257660246,1,18.72111349935164,1,100.0,CRITICAL
13,5,4,2,8.080837584525995,5,10.878996971021802,0,100.0,CRITICAL
11,7,4,4,9.786485772215215,5,9.040691758249675,0,100.0,CRITICAL
9,9,3,8,1.433315354330864,0,22.547354061352866,0,100.0,CRITICAL
10,8,0,2,7.440970445036062,2,0.7023873102683957,0,100.0,CRITICAL
19,12,7,2,5.491008385552327,5,2.543393024604148,0,100.0,CRITICAL
2,2,0,0,3.730180755064405,3,20.887878980622013,0,100.0,CRITICAL
8,1,1,4,6.605731973307689,5,21.26970020857172,1,100.0,CRITICAL
18,11,11,2,8.815259519140122,5,8.945573345996483,0,100.0,CRITICAL
18,11,2,2,6.415083979622448,5,12.964727593531247,0,100.0,CRITICAL
2,1,1,3,7.036339540167177,5,3.9455026563677436,0,100.0,CRITICAL
15,14,1,1,1.482423754341221,3,21.222706568982932,0,100.0,CRITICAL
17,9,1,1,7.129181452940373,2,11.257528682863946,1,100.0,CRITICAL
15,8,8,7,9.861252959746832,5,13.538117638824062,0,100.0,CRITICAL
15,13,8,2,9.595997374999225,0,2.8334406965933816,0,100.0,CRITICAL
13,13,4,3,4.091940781810502,3,14.755740270559693,0,100.0,CRITICAL
18,16,10,1,8.822597075903154,1,16.69980296025137,1,100.0,CRITICAL
15,9,1,4,5.9136593633898284,2,7.073233432659909,1,100.0,CRITICAL
18,10,9,8,1.1829255719503573,3,21.507534041193676,1,100.0,CRITICAL
19,16,6,8,9.782008978226113,5,4.893716542944028,1,100.0,CRITICAL
18,10,7,7,6.131879439286561,3,21.53715050605009,0,100.0,CRITICAL
15,14,11,8,1.058748506081193,5,16.880260584681555,1,100.0,CRITICAL
10,3,0,8,5.722511405533734,4,19.94041976509031,1,100.0,CRITICAL
16,3,3,8,7.214491112572081,5,16.778104278388383,0,100.0,CRITICAL
9,4,0,9,2.372591428021833,0,10.282158973106323,1,100.0,CRITICAL
2,2,2,1,6.8244343160587775,2,7.957763478630955,1,93.95649644117873,CRITICAL
13,13,6,2,9.659328739922111,3,17.617753503567666,1,100.0,CRITICAL
1,0,0,3,2.316470164910782,2,7.155932954372002,0,69.37574261125125,HIGH
8,8,0,0,4.908463344242047,1,1.4845667648936134,0,100.0,CRITICAL
6,0,0,5,3.14008954703867,4,5.928162934262791,0,100.0,CRITICAL
19,2,1,1,3.8790237819845306,5,18.125617541647987,0,100.0,CRITICAL
19,3,0,3,8.371100220651249,0,19.037303349991692,1,100.0,CRITICAL
2,2,2,4,8.235382869907165,5,6.6385795943491885,0,100.0,CRITICAL
18,8,2,3,0.08347680508422162,0,7.870153825813241,0,100.0,CRITICAL
18,18,11,5,1.220779196503845,1,13.184124678719552,1,100.0,CRITICAL
15,7,0,9,3.4900744679074434,3,6.287239343329352,1,100.0,CRITICAL
16,3,3,9,3.0303682174931668,4,14.54816676012532,0,100.0,CRITICAL
13,12,11,5,0.9358641621776509,0,6.769045289376843,0,100.0,CRITICAL
5,4,2,8,6.876576656989673,5,2.9010062743702676,0,100.0,CRITICAL
18,18,18,8,6.426965542441451,2,3.715974092663706,1,100.0,CRITICAL
5,5,4,0,2.4812391919086063,1,6.013200323553087,1,100.0,CRITICAL
16,4,4,9,3.6166747316822265,5,4.029736103962944,0,100.0,CRITICAL
6,1,0,7,4.879646794606596,0,23.384223754401663,0,100.0,CRITICAL
7,1,1,4,0.4529078358813998,5,15.800892587085963,0,100.0,CRITICAL
1,0,0,0,1.5479751033928346,3,4.302209143477265,1,40.21112448447848,MEDIUM
8,4,3,4,6.468181353218046,4,10.17367542849336,0,100.0,CRITICAL
7,6,4,5,4.856559498695498,0,6.459108277736019,1,100.0,CRITICAL
7,6,5,6,6.004736386142012,3,16.428711626637018,0,100.0,CRITICAL
7,0,0,2,9.733038968595064,3,20.814634528463042,0,100.0,CRITICAL
1,0,0,8,7.555053964985289,1,9.619838610938078,1,100.0,CRITICAL
12,0,0,2,9.682324092314154,5,10.292091321509943,0,100.0,CRITICAL
11,7,0,0,5.909510682663237,3,9.563187026251331,1,100.0,CRITICAL
16,15,2,2,0.014660758017456255,1,10.78139001335119,0,100.0,CRITICAL
1,1,1,6,0.9377572446266536,2,0.8604403403770107,1,64.98482796916058,HIGH
6,0,0,9,6.969811778164255,5,14.222513381908849,1,100.0,CRITICAL
5,5,5,0,3.050679751871167,1,22.84891118086982,1,100.0,CRITICAL
12,9,0,3,4.1377282766671675,0,18.847740419960893,0,100.0,CRITICAL
17,16,11,6,6.754179157795862,1,20.67387380983222,0,100.0,CRITICAL
13,6,1,2,3.334349530017432,4,5.4992621539614435,0,100.0,CRITICAL
5,5,3,6,8.736558962819604,2,14.572321310137905,1,100.0,CRITICAL
15,13,0,3,3.8742612915688457,1,21.431289892495883,1,100.0,CRITICAL
2,1,0,6,0.4432374207964318,2,1.6465513241537648,1,58.792646971489205,HIGH
2,0,0,8,9.842085477683888,5,21.054105257221096,1,100.0,CRITICAL
16,13,11,9,4.897227561069251,1,1.5480172411696813,0,100.0,CRITICAL
12,7,3,4,3.5054195102376076,3,23.59364211378003,0,100.0,CRITICAL
4,0,0,2,8.991621146764924,3,2.014116895972994,1,91.45585054576502,CRITICAL
9,7,4,0,8.60871491045375,5,8.831197255652231,0,100.0,CRITICAL
12,7,4,2,0.37816897839185737,0,1.3115527275434822,0,100.0,CRITICAL
2,0,0,3,8.084394146887403,3,1.362549401378593,0,90.92381000011089,CRITICAL
8,6,5,1,4.8996906456317255,4,20.79082027704476,1,100.0,CRITICAL
14,6,2,3,6.734487526091241,3,1.5265677978433319,1,100.0,CRITICAL
11,6,6,4,1.4595483762822503,4,19.022916785500808,1,100.0,CRITICAL
8,2,2,7,6.674691945419609,1,21.765146280411443,0,100.0,CRITICAL
9,2,0,4,2.300963094252826,5,22.44119644919408,1,100.0,CRITICAL
7,2,0,1,1.1734997898245048,1,20.73705017216637,1,90.16972620769894,CRITICAL
14,7,4,0,1.3466097620599315,4,22.92394320494715,0,100.0,CRITICAL
7,7,0,8,2.999367230360348,0,1.2430430297207042,0,100.0,CRITICAL
10,7,6,3,9.916503309286282,3,23.918605160374597,0,100.0,CRITICAL
7,3,2,8,0.5428377707247123,4,0.491727471377045,0,100.0,CRITICAL
15,14,5,8,3.3091424799760674,3,3.996340836128563,1,100.0,CRITICAL
18,2,1,0,5.250559078354751,2,1.9427590158382628,0,100.0,CRITICAL
13,3,0,6,2.069000274357564,0,17.855887097304194,1,100.0,CRITICAL
4,3,1,5,9.616059200585171,1,2.0886841799196514,1,100.0,CRITICAL
12,1,0,1,4.605663046198764,4,7.024454853205662,1,100.0,CRITICAL
18,2,2,9,6.92717387688749,2,15.313835266559463,1,100.0,CRITICAL
7,7,2,3,3.599669865505093,5,11.952402629668294,1,100.0,CRITICAL
4,4,4,4,1.9419916095159484,4,3.2694119877825276,1,100.0,CRITICAL
8,2,0,4,3.036110336977588,5,12.516849719314127,1,100.0,CRITICAL
18,6,5,6,2.796773579593863,4,8.175904007732404,1,100.0,CRITICAL
6,2,0,9,8.47550772472739,5,14.062541132494598,0,100.0,CRITICAL
9,0,0,1,0.1476072473073542,4,12.923902351477203,0,98.3193534004324,CRITICAL
12,12,5,2,8.936432008582106,4,23.748172118523406,0,100.0,CRITICAL
9,0,0,1,3.928936525527429,1,20.724413447084,1,99.21452684922382,CRITICAL
15,3,2,6,6.168300129023924,1,0.08801692454192356,1,100.0,CRITICAL
13,0,0,6,8.055648054806761,1,4.224284566128241,0,100.0,CRITICAL
3,1,1,8,4.609883462286799,0,21.915301288034254,1,100.0,CRITICAL
3,3,0,3,0.9261107063614982,5,12.946978028139675,0,100.0,CRITICAL
19,5,4,3,5.416981550766311,1,18.227237072620163,0,100.0,CRITICAL
13,1,0,5,1.2157964265077403,3,12.084159741965427,1,100.0,CRITICAL
12,0,0,2,8.246744895328678,1,18.858341731226492,1,100.0,CRITICAL
6,4,0,2,6.47890580739282,4,3.1865635199874767,1,100.0,CRITICAL
18,15,14,8,5.921441360962264,4,17.709643169442902,1,100.0,CRITICAL
9,1,0,6,0.0038762004428416486,3,20.87056715468626,0,100.0,CRITICAL
17,15,10,8,9.60072808718587,2,6.3755770957756654,1,100.0,CRITICAL
12,5,1,1,1.3033163598821773,4,8.84078032610362,0,100.0,CRITICAL
17,12,5,3,1.8346196048569097,4,14.173963186998849,0,100.0,CRITICAL
15,14,11,7,9.861587034123518,1,20.837814738857936,0,100.0,CRITICAL
2,1,0,8,0.8953118814164185,1,21.78706721850004,0,100.0,CRITICAL
4,0,0,2,7.4164574514992605,4,12.82621513812321,1,100.0,CRITICAL
9,7,1,7,0.9496188771892233,3,15.793566708875563,0,100.0,CRITICAL
12,9,3,7,7.328131954428719,4,20.94985400726734,0,100.0,CRITICAL
2,2,0,2,8.89385095197193,1,5.551133574293112,1,94.00296574807615,CRITICAL
4,0,0,7,3.496953820906813,5,19.805144668320665,1,100.0,CRITICAL
12,4,2,5,3.123695837559468,1,6.284504502904315,1,100.0,CRITICAL
2,2,1,8,9.329978513967589,1,13.944095887067501,1,100.0,CRITICAL
6,6,5,0,0.7465029020259217,3,22.43195989890603,0,100.0,CRITICAL
7,0,0,8,3.475466315691833,4,12.275875668503026,1,100.0,CRITICAL
18,11,3,7,6.529280137466938,1,2.241848432466517,1,100.0,CRITICAL
5,3,3,9,6.874895639613843,2,21.49943510575202,1,100.0,CRITICAL
10,3,3,7,4.530179675645033,5,14.0392623989632,0,100.0,CRITICAL
18,14,12,7,8.536474337366228,1,1.7076206430443763,1,100.0,CRITICAL
11,8,1,9,8.489694520187655,0,0.2526841058902578,0,100.0,CRITICAL
17,5,0,6,8.170678266085456,2,6.270788177540132,0,100.0,CRITICAL
11,4,4,2,1.7077222302610662,1,2.886927715319322,1,100.0,CRITICAL
5,4,0,5,6.466835066166392,0,15.082432951065995,1,100.0,CRITICAL
6,0,0,9,8.509834331953973,3,14.321176284074108,1,100.0,CRITICAL
14,1,1,7,0.9427252884122095,0,20.181144349689582,0,100.0,CRITICAL
16,9,1,7,2.4458665802077526,4,12.320671855373647,1,100.0,CRITICAL
14,4,0,3,9.779800497686601,5,6.074902374344684,0,100.0,CRITICAL
1,0,0,7,4.618753780536854,4,1.206782732162142,1,77.98515916427473,CRITICAL
5,0,0,7,5.301964308172103,3,0.2521139813551372,0,100.0,CRITICAL
5,4,4,0,3.502712704742237,3,22.21867941419714,1,100.0,CRITICAL
8,3,2,4,3.92190801308292,3,3.468300182101218,0,100.0,CRITICAL
14,3,2,6,8.945223265521028,0,11.98067382718086,1,100.0,CRITICAL
8,3,3,7,2.0923678367201513,0,19.074791619795292,0,100.0,CRITICAL
9,2,1,8,2.7914898223833706,3,22.28719355330334,0,100.0,CRITICAL
3,1,0,5,5.0065627185153385,0,4.840696922205841,1,67.74115371843038,HIGH
10,2,1,9,3.1057158169587264,4,5.566380187648331,0,100.0,CRITICAL
16,15,14,4,8.926333177715625,1,4.313990225982401,1,100.0,CRITICAL
11,5,4,7,6.3298645410519425,2,3.814342723949813,0,100.0,CRITICAL
2,2,2,5,5.037420797160789,3,10.918924753644696,0,100.0,CRITICAL
1,1,0,1,6.040691467375701,4,15.261725648703775,1,95.31659404236981,CRITICAL
10,1,1,8,0.1982993756511653,0,16.950260039154845,1,100.0,CRITICAL
6,0,0,8,7.417548252975427,2,7.852766156879642,0,100.0,CRITICAL
8,7,7,0,3.354301743717877,3,14.97147155399393,1,100.0,CRITICAL
6,5,4,8,6.081956039269121,0,0.05684835280507894,1,100.0,CRITICAL
2,0,0,4,8.321800139921038,0,21.318555767713203,0,100.0,CRITICAL
8,6,5,8,3.454879674850093,2,20.874052022782084,1,100.0,CRITICAL
3,0,0,4,0.36963263986107275,0,13.058054220449355,1,50.59943691642274,HIGH
12,7,3,9,0.009699675957675069,2,5.840887906830488,0,100.0,CRITICAL
6,0,0,5,8.598314258827545,4,23.333460590104625,0,100.0,CRITICAL
19,7,6,8,5.465262957118007,3,19.455398406082068,1,100.0,CRITICAL
7,4,2,6,6.504512511457633,0,0.4068969410713468,1,100.0,CRITICAL
13,2,2,3,5.967919802920948,1,11.2713885449426,0,100.0,CRITICAL
4,1,1,5,1.6900701686010244,2,2.4498775785709146,0,88.72742502891215,CRITICAL
14,0,0,7,0.38243612686141293,4,3.1737813326547766,0,100.0,CRITICAL
4,2,1,4,2.432015719925593,5,0.031400738008841245,0,100.0,CRITICAL
18,15,5,3,9.908916198025732,1,16.50510327058428,0,100.0,CRITICAL
7,2,0,6,4.177909834308547,3,6.060491123943435,0,100.0,CRITICAL
13,2,1,2,9.250775487562398,4,7.316224654792773,1,100.0,CRITICAL
3,1,0,3,2.602583260346897,2,1.1288092944571009,0,55.44944949965968,HIGH
17,11,2,6,7.153906912374534,4,0.19066838119238216,0,100.0,CRITICAL
1,0,0,4,0.2604316737027612,5,19.025347566924207,0,100.0,CRITICAL
11,4,0,0,0.13113481153809392,4,15.873830249978193,1,100.0,CRITICAL
19,15,9,5,4.658835804187498,4,9.175643707629568,0,100.0,CRITICAL
7,0,0,8,6.490873265010883,3,1.6775590018851814,1,100.0,CRITICAL
14,9,0,9,9.622410118551748,1,18.619394244532906,1,100.0,CRITICAL
7,6,3,2,0.2970208420142295,4,22.232534703890863,0,100.0,CRITICAL
11,8,0,3,9.878723402926767,0,12.65835039301684,0,100.0,CRITICAL
19,9,9,9,4.718115791972069,4,3.334732823273022,1,100.0,CRITICAL
16,1,1,1,7.663838714000902,4,15.660791591450348,0,100.0,CRITICAL
17,14,3,2,6.462860199365164,3,1.7164137041674756,0,100.0,CRITICAL
14,8,3,4,2.477855023689064,3,3.9726758051099527,0,100.0,CRITICAL
15,4,2,5,3.3253499639687534,3,11.297581075813262,0,100.0,CRITICAL
18,16,3,1,5.911131471555265,5,5.976794578258134,1,100.0,CRITICAL
12,3,2,1,0.96369756355979,3,22.32514025653459,1,100.0,CRITICAL
13,7,2,5,7.747197944944581,4,19.412901036138372,0,100.0,CRITICAL
4,2,0,0,7.9958414452518065,4,6.642404823483875,1,100.0,CRITICAL
10,4,4,1,8.206348158486637,2,23.13106108957646,0,100.0,CRITICAL
9,1,0,3,8.485851301002711,3,9.079080334521002,0,100.0,CRITICAL
12,4,3,0,6.89091512959733,2,13.640956422184797,0,100.0,CRITICAL
4,3,1,4,7.439414932349148,1,13.53630818737949,1,100.0,CRITICAL
6,0,0,2,5.886892581632729,3,15.590065730001932,0,100.0,CRITICAL
14,11,1,9,2.266719027075952,5,5.8470856555264366,1,100.0,CRITICAL
4,2,2,0,0.8304369472011297,5,22.129232114478164,1,100.0,CRITICAL
10,6,1,3,1.785548432330335,1,6.37625318288217,1,100.0,CRITICAL
5,4,1,0,1.9310661073959523,5,15.956180577143016,0,100.0,CRITICAL
7,5,2,1,7.578905012434275,0,18.378260166257302,1,100.0,CRITICAL
7,1,0,9,9.477484885494889,4,21.15627461102826,0,100.0,CRITICAL
10,6,2,6,8.144382248789087,4,10.966466376715147,1,100.0,CRITICAL
13,9,1,0,9.922038364150037,2,17.080430439064678,1,100.0,CRITICAL
15,15,15,5,0.4366013819863801,4,2.0493133926839366,1,100.0,CRITICAL
5,3,2,3,0.3208646065975129,1,18.672474947381126,1,100.0,CRITICAL
16,13,1,5,6.835491680488789,4,18.13576797723744,0,100.0,CRITICAL
6,5,2,4,0.25607215494541036,3,9.854513561067602,1,100.0,CRITICAL
4,0,0,5,8.90726892995932,0,7.522984145040163,1,85.65771181585716,CRITICAL
6,6,3,4,4.721730069920856,2,9.124798098681982,0,100.0,CRITICAL
16,15,15,1,9.244076665195927,2,2.1735936717020534,1,100.0,CRITICAL
19,12,9,9,2.4985347085554785,2,15.307335360027995,1,100.0,CRITICAL
6,5,1,3,6.424082359350876,3,21.91277337572239,1,100.0,CRITICAL
11,3,2,6,6.990542697836722,4,15.977429085422697,0,100.0,CRITICAL
14,11,5,3,2.8726175269084453,3,13.932495046626197,0,100.0,CRITICAL
15,9,7,4,3.672572112938112,1,23.77689889081443,1,100.0,CRITICAL
1,0,0,1,5.51451154305333,5,13.004115143401613,1,96.09407751816164,CRITICAL
4,1,1,2,3.836425850724071,4,8.299946730175137,1,100.0,CRITICAL
7,7,7,4,4.915214512989304,3,16.911872808588626,0,100.0,CRITICAL
10,0,0,3,4.560054692897769,1,12.514262516616213,1,95.3241755440125,CRITICAL
1,1,1,2,6.659916867574486,1,23.33014689139771,1,100.0,CRITICAL
14,3,1,1,0.813275361471163,3,21.550922228254805,0,100.0,CRITICAL
6,5,3,8,9.566239138010642,3,22.724200050828745,0,100.0,CRITICAL
14,2,2,1,1.0284706763418605,0,0.02452740445259316,1,84.01498263360533,CRITICAL
19,18,7,8,3.381063792704224,3,8.021068731672653,1,100.0,CRITICAL
6,5,4,3,0.0870269524782441,2,15.053292668327297,0,100.0,CRITICAL
6,3,3,9,8.1601933593921,4,7.399646364661529,1,100.0,CRITICAL
11,4,3,8,1.1251253128199112,1,15.754649764415205,0,100.0,CRITICAL
11,1,0,8,2.7849234825286926,2,17.158839480459957,1,100.0,CRITICAL
17,8,8,9,4.517620101749209,5,14.958813185747985,0,100.0,CRITICAL
9,7,5,4,8.439754547136024,2,10.998263255230832,1,100.0,CRITICAL
14,9,0,6,7.67247334819805,1,16.722065862677177,0,100.0,CRITICAL
6,3,0,3,1.4992682709379068,5,18.729033875465735,1,100.0,CRITICAL
4,2,1,9,4.46666819337997,4,16.706130599162258,0,100.0,CRITICAL
7,7,7,3,3.3273491508902406,0,19.48807869515641,0,100.0,CRITICAL
10,9,8,0,9.484910476021035,0,22.734045537621068,0,100.0,CRITICAL
7,3,0,9,8.557433854786556,5,2.460271343586113,0,100.0,CRITICAL
5,1,0,8,1.5042432546647544,2,21.754067176874493,0,100.0,CRITICAL
4,0,0,9,4.296335732206462,2,6.564451100999967,0,100.0,CRITICAL
15,1,0,7,4.446841660247983,3,13.530461665026674,1,100.0,CRITICAL
4,0,0,8,9.609157976811618,0,22.61691572759156,0,100.0,CRITICAL
15,0,0,0,7.95257100050577,0,14.88174299800552,1,100.0,CRITICAL
7,5,4,1,8.090445951382225,4,2.0200914777956065,0,100.0,CRITICAL
6,4,4,7,3.6811040840783082,3,11.981456680130218,1,100.0,CRITICAL
4,2,0,7,6.955300587628178,1,21.464357303476916,1,100.0,CRITICAL
19,5,3,0,3.2023899164768963,1,9.890268316858503,1,100.0,CRITICAL
2,0,0,9,8.245362740937466,4,20.350990406316846,0,100.0,CRITICAL
15,14,5,4,9.600855777714271,1,19.060394928581978,1,100.0,CRITICAL
2,2,1,5,6.1012580612596325,0,21.754370899644798,1,100.0,CRITICAL
13,4,1,4,5.2873133664382905,2,6.3137646796331515,0,100.0,CRITICAL
14,9,4,5,8.724936831669275,3,11.917323028178252,0,100.0,CRITICAL
9,5,1,6,9.05024338735043,1,8.045043105352224,1,100.0,CRITICAL
16,9,0,9,0.9019536413493334,1,12.822440614490873,0,100.0,CRITICAL
9,1,1,5,6.973122460989787,1,0.4589493093065933,0,100.0,CRITICAL
17,2,0,2,6.28463688220114,1,5.800155661609462,0,100.0,CRITICAL
3,0,0,5,2.1017048354494117,2,23.376870068316812,1,100.0,CRITICAL
5,3,1,8,1.2485990108005496,2,14.475126798441728,0,100.0,CRITICAL
12,7,6,5,2.8525618997989954,5,4.159791427512095,0,100.0,CRITICAL
5,4,3,5,1.689847042939585,4,12.199627424890792,0,100.0,CRITICAL
14,10,10,4,2.4258192357141564,0,16.75168752030889,1,100.0,CRITICAL
17,16,15,0,9.176106225096412,1,14.489308400747145,1,100.0,CRITICAL
5,0,0,4,9.162174273764036,4,12.046180319022175,0,100.0,CRITICAL
13,0,0,0,2.535403327343241,0,16.175064072952004,1,78.94379294774475,CRITICAL
15,11,1,7,2.0211794630096005,2,4.006641416694154,1,100.0,CRITICAL
17,2,1,0,4.545435661045168,1,10.51648615987985,0,100.0,CRITICAL
10,2,1,7,6.639714193257414,2,18.00626678515726,0,100.0,CRITICAL
16,8,5,3,1.3792810589171944,5,13.906940318068157,0,100.0,CRITICAL
16,10,6,2,8.17380700275933,1,21.750706710156113,1,100.0,CRITICAL
17,0,0,3,0.7357712402401984,2,10.650263304784708,1,100.0,CRITICAL
7,4,4,1,1.1335603544639838,4,3.1722957647520014,1,100.0,CRITICAL
11,11,1,2,6.363969871052523,4,1.1702203419110626,1,100.0,CRITICAL
14,10,9,3,2.0421417268656974,2,11.458668117141848,1,100.0,CRITICAL
12,9,7,8,2.2905809063657867,2,10.5017478946965,1,100.0,CRITICAL
9,7,2,9,8.763645682736392,3,6.156308364337165,0,100.0,CRITICAL
7,0,0,1,3.6417641087879704,1,14.172374434439865,1,74.387899992187,HIGH
14,5,1,2,9.212628032605284,3,6.004218669657823,0,100.0,CRITICAL
16,6,0,3,1.0869915313304435,2,5.191704203830731,0,100.0,CRITICAL
10,4,1,2,9.316570727479535,4,14.933231961562804,0,100.0,CRITICAL
5,3,2,2,9.147165841580255,1,22.678614318254475,0,100.0,CRITICAL
19,6,6,8,5.397541225899643,4,4.8665881744347566,0,100.0,CRITICAL
7,7,6,4,7.5832974818826635,2,4.3877336125806226,1,100.0,CRITICAL
8,8,2,8,4.371620741809562,3,12.464406995723913,1,100.0,CRITICAL
10,3,3,5,7.656991529733711,1,2.8665153773324494,1,100.0,CRITICAL
3,2,2,9,2.4304762573832583,5,7.058112822953594,0,100.0,CRITICAL
14,13,5,7,9.031450642008787,3,23.778236408340298,1,100.0,CRITICAL
3,1,0,0,7.884675985459948,1,20.185044404697564,0,100.0,CRITICAL
15,3,0,7,7.325727802324149,5,16.94694489938979,1,100.0,CRITICAL
10,4,1,0,8.048532300603002,5,0.6245805850306123,1,100.0,CRITICAL
7,0,0,8,3.448462170173705,4,6.3617648056524185,0,100.0,CRITICAL
19,10,5,2,1.8991825382351546,0,13.672044014699463,1,100.0,CRITICAL
10,0,0,8,3.548148659323606,1,17.04674179464571,0,100.0,CRITICAL
14,8,2,7,0.38732862960929926,2,16.04100144994194,1,100.0,CRITICAL
8,8,2,6,2.7023040554393796,1,4.451082808970789,0,100.0,CRITICAL
1,1,1,0,6.0730145957448745,5,11.190871230200603,1,100.0,CRITICAL
6,6,1,6,8.465419687194691,2,4.764155414198857,0,100.0,CRITICAL
15,12,12,1,9.303251374800567,0,22.165681612817448,0,100.0,CRITICAL
5,1,0,1,7.221740518459521,0,13.377975431846284,1,89.20699104130829,CRITICAL
14,7,0,8,8.918518389680246,4,9.366222510388273,1,100.0,CRITICAL
9,7,4,8,2.9136580570216584,4,22.03244859688811,0,100.0,CRITICAL
6,3,0,0,6.777091777614776,0,21.695065039303543,0,100.0,CRITICAL
1,0,0,6,9.76766822766322,1,12.098412410862897,0,100.0,CRITICAL
19,6,6,4,6.107910814880595,5,16.48266947635715,1,100.0,CRITICAL
15,14,7,5,4.278805981467045,1,7.652276918824135,0,100.0,CRITICAL
2,1,1,0,2.6268322665460984,4,7.383920732377883,1,82.68511864392799,CRITICAL
19,17,1,5,3.147679681805806,1,13.189492495406189,1,100.0,CRITICAL
17,2,0,0,2.024707250772151,1,20.319472145361125,0,100.0,CRITICAL
11,7,6,3,7.028836536179317,1,14.331837938807215,0,100.0,CRITICAL
18,5,3,1,7.239949631448694,1,11.016935953617402,1,100.0,CRITICAL
14,11,11,1,7.795458003667167,2,15.939395805719503,0,100.0,CRITICAL
19,14,5,0,4.674436104177183,4,19.495028144709657,1,100.0,CRITICAL
9,7,4,6,1.3826029883909108,0,18.896219275226073,1,100.0,CRITICAL
11,7,2,1,4.219258847457191,0,8.89431031795813,0,100.0,CRITICAL
11,4,4,6,7.485603561765522,2,22.455821104508708,0,100.0,CRITICAL
4,2,0,1,8.55791716618471,4,0.37820758665059007,0,100.0,CRITICAL
18,6,1,6,0.8115107983800618,5,10.818937443774415,0,100.0,CRITICAL
12,0,0,3,2.438990129387343,2,21.780608878246152,0,100.0,CRITICAL
9,4,2,8,9.619633025905353,4,16.704146405072112,1,100.0,CRITICAL
5,2,1,0,4.319689708081116,2,16.895800204225864,0,100.0,CRITICAL
1,0,0,2,0.7066432252552468,1,3.7552909676069,0,46.08422893230096,MEDIUM
9,3,3,4,2.037072683002892,2,13.969335893305104,0,100.0,CRITICAL
7,0,0,6,8.27576045797872,2,23.206775361528265,0,100.0,CRITICAL
1,0,0,6,7.594863352687909,3,5.0771482872258415,1,90.08846126361722,CRITICAL
17,3,0,5,2.174761699333818,4,7.852343670063052,1,100.0,CRITICAL
3,0,0,4,1.0156759356799716,1,9.326934964025,1,62.347235282532935,HIGH
1,0,0,4,0.7939440140777321,2,8.63730737353534,1,74.1515112246761,HIGH
13,1,0,3,4.996616231487289,1,15.04919257773798,0,100.0,CRITICAL
12,10,7,8,6.955623547633754,5,5.629765036802894,1,100.0,CRITICAL
17,8,4,7,3.2373566998532866,4,12.136548880237603,1,100.0,CRITICAL
8,2,1,8,0.8620507286828516,0,9.605738997242572,1,100.0,CRITICAL
15,15,8,6,4.920024286411715,3,15.467533658707143,0,100.0,CRITICAL
17,16,11,4,2.189666089408293,3,5.806581663935324,1,100.0,CRITICAL
2,0,0,9,1.8092281451692094,4,13.274994056940756,0,100.0,CRITICAL
10,5,2,1,7.746528936345096,3,17.7687883039815,0,100.0,CRITICAL
1,0,0,3,6.044027437502415,0,16.630919776979898,1,74.63724609361758,HIGH
13,6,0,5,3.1509799832520757,1,20.022708843228067,0,100.0,CRITICAL
12,8,5,7,4.605496347238054,2,22.947852932250292,0,100.0,CRITICAL
15,4,4,4,2.2392309925339813,4,20.49525191534036,1,100.0,CRITICAL
10,4,3,8,5.616653823771726,5,22.516926259958908,0,100.0,CRITICAL
2,0,0,3,7.569950814404183,5,0.4202191783094795,1,100.0,CRITICAL
15,5,1,5,4.284004236097375,4,15.094354938543631,1,100.0,CRITICAL
10,3,0,3,3.8373059674529744,3,6.425416297413139,1,98.5090179426943,CRITICAL
2,1,1,5,2.517646029071937,2,19.415887625606345,0,100.0,CRITICAL
13,13,10,9,3.234711306523188,3,19.65691155217668,0,100.0,CRITICAL
10,8,0,2,3.600577508325533,3,1.1464484264869528,1,100.0,CRITICAL
17,6,0,7,3.1280044110022134,1,14.293325920851437,1,100.0,CRITICAL
16,14,14,3,0.9030790762885199,1,20.421170837678247,0,100.0,CRITICAL
15,2,2,6,1.4781612578127579,3,14.097921151941545,1,100.0,CRITICAL
12,9,2,9,9.962404942839585,0,10.212961546656404,0,100.0,CRITICAL
9,6,2,7,3.630412746995504,4,1.8427179340871929,0,100.0,CRITICAL
12,10,7,8,8.05372451852224,5,17.526519183711947,0,100.0,CRITICAL
12,2,0,1,7.172929432948444,0,1.7913914386203773,1,99.74724826030176,CRITICAL
19,2,0,2,5.641610495695367,4,14.349945235439193,0,100.0,CRITICAL
17,17,16,8,4.498132522315518,2,22.02304574510267,1,100.0,CRITICAL
16,12,1,6,6.6527464362673445,2,10.058648264887946,0,100.0,CRITICAL
10,0,0,6,5.842131639397371,0,18.483962226692025,1,100.0,CRITICAL
10,9,3,3,7.339110716370888,3,19.195461525967836,1,100.0,CRITICAL
2,0,0,0,9.938430053320369,5,0.24818450549783933,1,93.47938495984498,CRITICAL
1,0,0,7,3.1490022148774144,3,21.958558936277267,1,100.0,CRITICAL
16,16,8,9,3.339500323419564,2,4.530719031597939,1,100.0,CRITICAL
10,3,2,8,6.891514097243435,3,6.7847622475368565,1,100.0,CRITICAL
15,0,0,3,8.445292089878121,1,20.898591903381732,0,100.0,CRITICAL
15,2,0,0,1.899482000970607,2,16.478189129846253,0,100.0,CRITICAL
6,6,0,8,8.546858887004406,4,8.924591246562596,0,100.0,CRITICAL
17,1,0,4,8.964326014416867,5,2.10911052211784,1,100.0,CRITICAL
13,12,12,5,3.9486239602213025,4,9.269584937636512,0,100.0,CRITICAL
1,1,0,1,2.6655387707534164,3,23.19197366858974,0,100.0,CRITICAL
18,9,8,4,4.005793813564403,4,2.5107851111858484,1,100.0,CRITICAL
2,2,0,0,1.8662558044425748,4,20.30716193383815,0,100.0,CRITICAL
3,0,0,2,0.5918568072298058,0,7.807231986722048,0,49.088972233453894,MEDIUM
11,5,5,0,7.9725414925406834,0,15.70952104204953,0,100.0,CRITICAL
1,1,1,0,5.698227322859369,4,15.157044373278797,0,100.0,CRITICAL
6,3,2,8,4.941081167661036,2,7.814142055924544,1,100.0,CRITICAL
16,10,0,5,2.1398757527396417,5,1.303033865866385,0,100.0,CRITICAL
15,1,0,7,5.524210533589788,4,3.571647325778894,0,100.0,CRITICAL
9,4,4,4,4.016456063191573,5,13.58037073107296,1,100.0,CRITICAL
12,9,9,8,5.061882801450938,1,22.772591650156276,0,100.0,CRITICAL
10,7,7,3,0.9079123247489473,2,22.218434092837313,1,100.0,CRITICAL
7,7,3,9,9.228077047159196,5,2.723346961621095,1,100.0,CRITICAL
10,0,0,7,7.641753214123845,1,21.00549346796548,1,100.0,CRITICAL
7,1,1,5,7.411923669569832,5,5.6114271334735735,0,100.0,CRITICAL
6,0,0,9,5.817784572584872,1,21.836907308372716,1,100.0,CRITICAL
13,3,2,4,2.276553214875711,3,18.203849489576616,0,100.0,CRITICAL
11,6,0,4,1.03587665961265,0,23.070333074291355,1,100.0,CRITICAL
8,2,2,2,3.614003800426894,3,10.601483048746381,0,100.0,CRITICAL
5,5,0,3,4.128041356461844,5,17.558047990629895,1,100.0,CRITICAL
3,1,0,9,7.610294165349256,1,17.646597703140532,1,100.0,CRITICAL
4,0,0,4,1.4813058033186444,3,11.908123971095641,0,92.0614929218252,CRITICAL
4,0,0,8,8.168405763378763,3,23.388448553760387,0,100.0,CRITICAL
9,6,0,9,4.428916595164145,2,5.847895797570785,1,100.0,CRITICAL
1,1,1,2,7.999579230227235,3,23.669136531894065,0,100.0,CRITICAL
15,7,1,4,4.947201637557297,2,19.490847129499222,0,100.0,CRITICAL
13,9,5,8,0.5153778563396638,3,14.786333027820785,0,100.0,CRITICAL
5,0,0,0,6.080757346779655,5,1.8140772716462976,1,88.41023073617752,CRITICAL
18,13,5,4,4.271991839131896,3,6.224707741752057,1,100.0,CRITICAL
5,5,4,3,4.593031784711139,1,20.190772469462615,0,100.0,CRITICAL
11,8,4,0,7.825875823263543,1,17.475686729800554,0,100.0,CRITICAL
3,1,1,0,2.2257452150440282,4,23.10462062704162,1,100.0,CRITICAL
4,2,2,6,0.256486716465113,4,9.522894344279203,1,100.0,CRITICAL
7,1,0,5,2.861522680392916,2,21.466894748940327,0,100.0,CRITICAL
4,2,0,0,1.5511039204628951,1,20.683825062316473,1,87.79948980453936,CRITICAL
3,3,1,3,3.4381540839554834,4,23.18722407357667,1,100.0,CRITICAL
10,0,0,6,2.0802070216113746,5,6.53880797595605,0,100.0,CRITICAL
11,7,1,5,0.9703042467664547,3,11.868775782658041,1,100.0,CRITICAL
18,16,9,9,8.275722862679896,1,1.9431213920222827,0,100.0,CRITICAL
1,1,0,1,2.0943765784350523,5,14.182002801788336,1,82.79357886532445,CRITICAL
9,0,0,8,3.63807946539945,5,17.57573631636025,0,100.0,CRITICAL
17,15,9,9,0.018735934348104166,3,5.712280181040451,0,100.0,CRITICAL
12,2,2,2,7.717034731745437,3,4.071654761974048,0,100.0,CRITICAL
1,0,0,1,4.632779888600482,5,15.34873639040443,1,100.0,CRITICAL
7,2,0,0,8.646773052601073,2,9.43506610315982,1,100.0,CRITICAL
14,11,8,2,0.5282861275969386,1,10.237543018626386,1,100.0,CRITICAL
9,6,5,5,1.6381329567919867,3,11.306883819942524,1,100.0,CRITICAL
12,5,4,9,2.5769366865949364,2,12.275384750275926,1,100.0,CRITICAL
8,5,5,0,8.881586268872738,0,4.6926234518111745,0,100.0,CRITICAL
7,1,0,1,3.5404095634792054,0,13.865709629783803,0,94.76180667813362,CRITICAL
14,0,0,8,1.8689672528983148,3,1.6583268183516573,0,100.0,CRITICAL
2,1,0,0,8.014671462138262,3,2.724255860100982,1,74.11850899966963,HIGH
2,2,1,0,3.0232369070617104,0,17.07668177440237,1,81.92312373765796,CRITICAL
17,2,2,8,3.496279819387124,4,17.554427195177496,1,100.0,CRITICAL
10,2,1,2,6.546180970573632,2,6.391700077165927,0,100.0,CRITICAL
5,2,2,5,3.8381685606259763,3,4.432708968614554,1,100.0,CRITICAL
1,0,0,2,0.16469173415328608,0,1.2958256876780059,1,8.191806180701215,LOW
5,0,0,1,9.891558593766867,0,10.053267268140795,0,100.0,CRITICAL
4,4,3,2,2.3865695627070527,0,12.217079903563185,1,100.0,CRITICAL
12,1,1,9,2.4436298750412533,0,21.58702162669237,0,100.0,CRITICAL
14,3,2,3,1.3393911851612372,0,0.05903899258948808,1,94.18331217307744,CRITICAL
11,6,6,0,1.579654581515636,0,9.740669639252935,1,100.0,CRITICAL
4,3,1,2,5.019713932230635,3,10.062761821381757,1,100.0,CRITICAL
9,9,7,6,9.397417933467686,5,21.277294272955032,0,100.0,CRITICAL
3,0,0,1,6.972004507618061,5,4.7049541760850015,1,81.19176314262837,CRITICAL
3,1,0,6,6.575784571678969,2,1.5884980925268408,0,98.61489231521925,CRITICAL
3,3,1,3,3.6148444392090173,0,9.158643148964273,1,94.47992207163855,CRITICAL
7,7,6,6,8.131040418425528,0,14.695619471587115,1,100.0,CRITICAL
1,0,0,2,4.733532393622194,5,20.595466653560358,1,100.0,CRITICAL
13,4,0,6,4.575207916699523,0,6.456541688649981,1,100.0,CRITICAL
4,1,0,9,9.945094948888878,0,6.0314751949338,0,100.0,CRITICAL
12,8,4,6,6.0894525103657,0,7.823439934935788,0,100.0,CRITICAL
8,1,1,2,8.68181241659106,1,2.8375965136786183,0,100.0,CRITICAL
19,18,13,5,5.245694699864176,1,23.453166115812444,1,100.0,CRITICAL
6,0,0,8,1.617294752195786,0,12.974826415833219,1,89.71399228354078,CRITICAL
10,4,3,6,9.872599757454935,0,6.533356904549918,0,100.0,CRITICAL
13,4,0,4,6.556711967264288,4,8.681691082029127,0,100.0,CRITICAL
3,2,1,0,1.486855538711055,4,20.782947021871635,0,100.0,CRITICAL
9,3,3,7,7.400499779747322,2,16.16938730389491,0,100.0,CRITICAL
10,7,5,3,4.391558691674905,1,13.276939608919651,1,100.0,CRITICAL
13,0,0,1,8.223887363784643,3,17.395377039822883,1,100.0,CRITICAL
16,11,10,8,2.7707480486946103,2,18.139754024600048,1,100.0,CRITICAL
8,5,5,2,9.423204558332058,2,4.6610585848007675,1,100.0,CRITICAL
11,6,1,5,2.972388592972118,0,3.808308829587931,0,100.0,CRITICAL
2,0,0,2,9.972729657191357,0,23.200713264196178,0,100.0,CRITICAL
19,11,11,6,7.001741165559755,3,4.457418424451568,1,100.0,CRITICAL
2,2,2,1,9.712893999279888,4,11.154285556385316,0,100.0,CRITICAL
6,1,0,3,7.241608245153593,0,23.586737081185326,1,100.0,CRITICAL
16,14,6,9,7.5416014274023455,1,10.013099969469085,0,100.0,CRITICAL
16,10,0,8,1.2137827217369768,3,12.356376534639686,1,100.0,CRITICAL
7,1,0,7,0.1500882253143565,5,19.160723913922837,1,100.0,CRITICAL
11,4,4,7,0.864027711144173,3,8.169442901056707,1,100.0,CRITICAL
16,15,8,7,4.372746482222583,0,10.34481221589025,0,100.0,CRITICAL
6,0,0,6,4.020798544321092,3,7.972159962365174,0,100.0,CRITICAL
5,3,1,5,1.8384591561310104,4,6.897522373965218,1,100.0,CRITICAL
9,4,4,7,0.4345888817853705,0,11.323634378325828,0,100.0,CRITICAL
3,1,1,6,6.920950883153376,4,17.901248550103105,0,100.0,CRITICAL
8,5,0,0,1.9785282509624513,4,20.814914537951886,1,100.0,CRITICAL
8,8,0,5,9.785584365247077,5,11.282767905876595,0,100.0,CRITICAL
17,13,8,7,1.0344550423041066,1,7.704087759812437,0,100.0,CRITICAL
6,5,3,4,3.6356031975846337,0,21.87822361145249,0,100.0,CRITICAL
12,8,0,5,4.7892487343489965,1,8.062219503231773,0,100.0,CRITICAL
6,3,3,1,2.184942023870071,1,18.60011433565378,0,100.0,CRITICAL
15,15,7,1,5.033415515112717,3,17.966866971781236,0,100.0,CRITICAL
11,4,2,1,1.2447595380894372,2,1.1946185156949856,0,100.0,CRITICAL
10,10,10,5,0.016409835308522913,0,4.263346396682717,1,100.0,CRITICAL
2,1,1,4,6.982024182993346,4,13.74832479364739,1,100.0,CRITICAL
6,5,5,5,8.345482993210089,5,20.823056244380773,0,100.0,CRITICAL
19,19,5,5,5.746940444675501,3,14.25583457041992,0,100.0,CRITICAL
17,11,7,3,2.285015629291347,1,17.825041866348307,0,100.0,CRITICAL
9,0,0,6,3.9456277253751537,5,17.625885328620566,0,100.0,CRITICAL
2,2,0,8,6.262953875095093,1,11.864792780349836,0,100.0,CRITICAL
4,0,0,6,0.3255009564686062,0,13.459256449366137,1,63.7112331101499,HIGH
9,5,3,5,0.9422457197462664,3,1.710757357437557,0,100.0,CRITICAL
8,2,2,2,9.581958336907732,5,22.26557661594458,0,100.0,CRITICAL
4,0,0,5,6.785324207481471,5,16.184308949473664,0,100.0,CRITICAL
1,1,0,7,6.969974599141741,4,3.707926101895641,0,100.0,CRITICAL
11,3,0,7,1.025033916938235,1,5.856133910720504,0,100.0,CRITICAL
11,0,0,3,2.3294892906927034,3,0.1116509828023009,0,99.19845797126347,CRITICAL
7,1,1,4,3.9114685429453777,4,6.3361856093814914,1,100.0,CRITICAL
18,17,8,3,2.0523464648573575,3,7.598913351406514,1,100.0,CRITICAL
8,2,2,1,8.094602110302024,1,16.395347370257568,0,100.0,CRITICAL
15,9,3,4,6.06444381344194,1,11.439778370382113,1,100.0,CRITICAL
10,9,7,0,1.9683092685801107,4,20.226685460129044,0,100.0,CRITICAL
14,6,5,1,7.709077331737927,3,2.082890686116147,1,100.0,CRITICAL
2,2,2,6,5.407200962207178,1,16.968522803480703,0,100.0,CRITICAL
10,4,4,4,2.0785140279543746,3,20.997459679076833,1,100.0,CRITICAL
19,12,6,9,8.428535161476322,0,10.111849925307897,0,100.0,CRITICAL
15,1,0,7,2.099643176126327,4,6.9296046959967,1,100.0,CRITICAL
2,0,0,5,6.906279850601865,2,10.693611698331907,1,89.66173011921202,CRITICAL
17,8,2,7,3.9990945908909117,4,18.93221884499726,1,100.0,CRITICAL
3,0,0,1,7.494608729630826,1,22.056992424506728,0,100.0,CRITICAL
4,0,0,7,4.2346131784095835,3,1.5741121941918914,1,85.02981321813203,CRITICAL
5,0,0,8,2.8661725315451236,5,12.684450032296315,1,100.0,CRITICAL
12,5,4,7,9.610054221294401,4,15.353044320438242,1,100.0,CRITICAL
19,11,3,6,7.587223420957172,2,0.4194262678823737,0,100.0,CRITICAL
12,0,0,7,8.276484830972077,0,4.349957804048516,0,100.0,CRITICAL
5,3,2,1,3.1288871753576997,1,1.501477946547431,0,96.40034802704568,CRITICAL
15,12,2,5,3.4795041172142884,3,6.968861518307421,0,100.0,CRITICAL
18,7,0,6,1.7280526460754642,0,4.9297191236754685,0,100.0,CRITICAL
19,3,0,8,4.467450627213914,1,11.683207267245454,1,100.0,CRITICAL
3,1,0,2,9.969648042706865,4,15.728195800170841,0,100.0,CRITICAL
2,2,2,5,5.89486922086297,4,20.213221131625506,1,100.0,CRITICAL
11,7,4,7,7.2424983482494625,2,7.303417159515778,1,100.0,CRITICAL
14,5,3,3,7.374928782670248,5,1.2097542131946701,0,100.0,CRITICAL
5,4,0,4,2.0279568022330374,0,0.09235605549581027,1,64.80592863530889,HIGH
13,3,2,1,0.5602752312122194,4,20.269240188660113,0,100.0,CRITICAL
8,6,5,9,1.215941465027337,2,21.075252349811155,1,100.0,CRITICAL
6,4,4,6,7.196912889089386,3,2.423823845600058,0,100.0,CRITICAL
12,10,1,7,4.557921789377196,3,0.24422206571625793,1,100.0,CRITICAL
7,4,3,5,9.046796551355179,0,19.20637179638399,1,100.0,CRITICAL
11,10,7,8,3.6650244456368988,3,15.377473280494312,0,100.0,CRITICAL
8,0,0,2,1.0267177443955344,4,13.3474676473746,0,100.0,CRITICAL
9,2,0,8,9.68468380172259,3,12.796871395598824,1,100.0,CRITICAL
4,2,1,8,4.007060060271997,4,18.57023922633458,0,100.0,CRITICAL
5,0,0,8,8.482005161865002,2,7.039545461917022,0,100.0,CRITICAL
4,3,2,5,0.46047532246735856,4,9.338751601137105,0,100.0,CRITICAL
12,1,0,8,3.59346525844955,4,1.8684270481416139,0,100.0,CRITICAL
18,11,11,6,5.943873319619693,0,13.587112537709578,1,100.0,CRITICAL
15,9,8,7,5.240939389963009,3,23.05947651122453,1,100.0,CRITICAL
8,0,0,7,7.276967803441181,4,6.812405129151646,0,100.0,CRITICAL
11,11,11,7,8.830432113095435,0,22.30199367444544,0,100.0,CRITICAL
14,12,11,2,7.586001009844404,0,17.500977606560628,1,100.0,CRITICAL
7,5,5,5,3.1011547889007263,0,5.613108549539321,0,100.0,CRITICAL
16,6,3,6,9.693385275437688,1,15.908504551254786,1,100.0,CRITICAL
8,3,2,3,9.19068757024888,0,8.789615547399084,0,100.0,CRITICAL
11,4,3,3,6.300363098597691,0,2.9352485001012463,1,100.0,CRITICAL
1,0,0,6,5.09978023873925,4,2.2253209867564134,1,99.16512510543494,CRITICAL
17,12,1,1,5.16420167200611,0,0.41346020192929345,0,100.0,CRITICAL
7,5,0,7,7.351990839655615,0,19.14740363723205,0,100.0,CRITICAL
18,7,2,5,4.8342463133914375,1,21.236394240699195,1,100.0,CRITICAL
12,12,0,8,9.864622291530248,1,11.580919580063561,1,100.0,CRITICAL
5,1,1,4,7.104970092237729,0,12.478218160879372,0,100.0,CRITICAL
6,5,1,9,2.3817255361199408,0,16.598069766852518,0,100.0,CRITICAL
2,1,0,9,6.584779767860683,4,16.82180094177896,1,100.0,CRITICAL
12,2,1,0,4.844359592084996,4,7.779066080824466,0,100.0,CRITICAL
11,8,1,6,1.598552162111443,1,3.820364633493477,0,100.0,CRITICAL
4,4,1,3,5.188364911387162,4,10.330013068468793,0,100.0,CRITICAL
7,0,0,9,8.58983647080861,3,16.728325067645727,0,100.0,CRITICAL
5,0,0,3,0.24631505812955923,5,19.300996724327266,1,100.0,CRITICAL
11,7,3,2,8.512432359435017,2,2.1398959107049595,0,100.0,CRITICAL
16,13,8,4,6.851588471016806,1,14.119547028328899,1,100.0,CRITICAL
10,6,4,5,7.2566198294983995,1,1.2983339843239685,1,100.0,CRITICAL
9,6,1,2,8.926311953735,4,19.794714134736658,0,100.0,CRITICAL
6,2,1,7,9.437187473540439,2,16.003352823293504,1,100.0,CRITICAL
13,3,0,1,2.951400401389396,2,16.71901827922313,1,100.0,CRITICAL
4,2,2,6,9.191274117464896,0,18.2812422358784,1,100.0,CRITICAL
11,9,7,0,2.1654034960023614,1,11.895416593638426,0,100.0,CRITICAL
11,2,2,8,1.4437517029157254,0,7.17354975068724,1,100.0,CRITICAL
16,1,1,8,5.548421600405188,4,18.85593692214395,0,100.0,CRITICAL
19,1,1,4,9.276566428226717,2,18.656868028696245,1,100.0,CRITICAL
6,6,5,1,0.5438766682076235,0,3.2386378631699904,0,100.0,CRITICAL
17,15,14,5,5.280240623292957,2,21.66629579000499,1,100.0,CRITICAL
18,11,3,9,6.7850813495749005,5,5.309110094871481,1,100.0,CRITICAL
4,1,0,4,7.454233978711896,0,7.35502415349686,1,89.32466342399677,CRITICAL
18,9,9,3,5.039187934570891,0,5.181992702376507,0,100.0,CRITICAL
11,6,3,1,5.749055364175924,2,23.174333059457314,0,100.0,CRITICAL
12,8,4,4,4.536805706219295,4,7.187073360852418,1,100.0,CRITICAL
10,3,3,7,7.232601333394941,5,23.313662111346495,1,100.0,CRITICAL
3,1,1,1,3.79242354917415,3,15.310529410375498,1,100.0,CRITICAL
15,12,5,6,2.8039116760150726,3,4.237551455085839,1,100.0,CRITICAL
18,4,4,2,2.6276694123672284,1,13.292225322170715,0,100.0,CRITICAL
16,16,4,5,6.53385491060925,5,21.174343484143964,0,100.0,CRITICAL
7,1,0,3,9.245878959345392,3,13.480194875046362,0,100.0,CRITICAL
11,3,1,5,2.736441972618686,5,3.1822919976361197,1,100.0,CRITICAL
10,0,0,1,2.4983354295205285,2,6.886443889059079,1,65.96366545741908,HIGH
9,0,0,9,7.156620515810841,1,5.395377240534486,0,100.0,CRITICAL
18,6,4,4,0.09140344527811428,3,3.020534523443124,1,100.0,CRITICAL
13,2,2,1,8.342256031660131,5,7.8548735359454565,1,100.0,CRITICAL
10,8,8,7,3.7928206487491236,3,15.86550620457016,0,100.0,CRITICAL
12,10,4,8,9.016791241684711,0,9.180236093708723,1,100.0,CRITICAL
13,6,5,7,7.085607518916631,0,10.651241636198051,0,100.0,CRITICAL
5,2,1,0,7.927318709561979,3,7.695831952933639,1,100.0,CRITICAL
12,5,0,4,1.7119984117104015,5,23.867323555568376,0,100.0,CRITICAL
4,1,0,3,3.6418117958117078,5,14.068745079342449,0,100.0,CRITICAL
3,0,0,3,2.805706383210518,5,20.013177930088816,1,100.0,CRITICAL
14,7,6,6,7.151021924670497,1,10.591896192488367,0,100.0,CRITICAL
3,3,0,9,0.22743739221826487,2,4.047295911935971,0,98.84260819684265,CRITICAL
2,1,0,9,6.192275869973146,5,20.323383586523235,0,100.0,CRITICAL
8,7,7,3,8.681037132409402,3,18.32242848296155,0,100.0,CRITICAL
7,0,0,0,0.43715167122635346,2,7.9154154540588095,0,62.441081195745994,HIGH
2,1,1,2,2.9069417797787853,5,14.554022423853112,1,100.0,CRITICAL
18,17,17,7,2.0794883863861813,1,2.2432342460008545,1,100.0,CRITICAL
17,7,7,9,9.980960736094993,4,0.6317378947925736,1,100.0,CRITICAL
14,3,0,6,9.856243362363589,1,19.578221009032134,1,100.0,CRITICAL
12,0,0,1,1.24321863393134,4,22.606270565566014,0,100.0,CRITICAL
18,4,3,6,1.9477028576390254,0,8.257432397260262,1,100.0,CRITICAL
17,2,1,1,0.22962873185163324,2,14.341755527585203,1,100.0,CRITICAL
16,6,5,5,5.662301087246946,0,17.214992058912546,0,100.0,CRITICAL
10,0,0,7,6.858434463175417,2,17.905020996368325,1,100.0,CRITICAL
4,2,1,2,6.545080552929059,1,11.54570961270981,1,100.0,CRITICAL
2,1,0,2,2.599941312762122,3,14.718773546798857,1,78.24845109954082,CRITICAL
5,5,1,7,2.0329882172693567,3,15.769265482731967,1,100.0,CRITICAL
14,13,13,7,0.557403605648209,4,2.478127190573182,0,100.0,CRITICAL
10,7,6,9,6.326611691098073,3,15.482654690248506,1,100.0,CRITICAL
8,5,1,5,2.455002931908962,2,12.260584222727724,0,100.0,CRITICAL
1,0,0,0,0.8871723789599373,3,9.083988702056706,1,47.88975613054733,MEDIUM
9,3,1,2,3.545123632733822,0,6.28166878313133,0,100.0,CRITICAL
5,1,0,9,1.4846865141380527,5,15.310066964519818,0,100.0,CRITICAL
9,4,0,6,5.0624333888195565,3,4.002214155214944,0,100.0,CRITICAL
9,9,2,1,1.4911834880227015,0,19.460045928061422,1,100.0,CRITICAL
18,11,11,8,9.885843941494613,4,4.123136924337338,0,100.0,CRITICAL
5,4,4,8,3.3556608983598823,4,18.518815119085033,0,100.0,CRITICAL
16,16,11,1,4.748933953506823,1,19.618011930534294,1,100.0,CRITICAL
2,2,2,5,5.966376050939154,1,22.551698975129803,1,100.0,CRITICAL
4,3,0,1,8.506310727408158,1,11.118986101661067,0,100.0,CRITICAL
18,11,3,0,9.47964964014845,0,1.5284891981173319,1,100.0,CRITICAL
5,4,0,9,3.669630314102256,1,16.264368519852017,1,100.0,CRITICAL
8,0,0,8,4.235366694207948,4,6.782939741468249,1,100.0,CRITICAL
12,3,3,4,1.5096218706071807,3,2.2254374899349365,1,100.0,CRITICAL
14,10,6,0,1.8964881291935154,0,20.53838261325881,1,100.0,CRITICAL
17,4,0,6,7.222177168312464,1,3.3536969647413573,1,100.0,CRITICAL
12,10,3,2,4.352772728632365,1,12.152909720027811,0,100.0,CRITICAL
2,0,0,5,8.422681165290628,4,18.92427766956464,1,100.0,CRITICAL
4,3,1,3,5.291458203290157,3,4.778253962872251,0,100.0,CRITICAL
11,4,4,2,2.827021405646412,2,21.519250590552463,1,100.0,CRITICAL
12,12,5,5,6.793083267282066,3,7.9580947329975,1,100.0,CRITICAL
19,13,6,7,4.727643016353903,1,9.514019175986947,1,100.0,CRITICAL
2,1,0,5,8.902230687906552,1,3.155843222776342,1,91.49613001410478,CRITICAL
10,10,5,5,3.7184466835295193,3,15.467035958267594,0,100.0,CRITICAL
10,5,0,4,2.546806713739622,3,11.88758828630227,0,100.0,CRITICAL
2,2,2,4,4.394388998915893,4,23.37985005985984,1,100.0,CRITICAL
19,9,0,0,8.490534412765031,2,16.759915582215733,0,100.0,CRITICAL
4,0,0,3,8.244069457483128,0,18.215805059409263,0,100.0,CRITICAL
18,5,5,7,8.934731339471313,0,4.778029427230006,0,100.0,CRITICAL
18,2,2,5,8.496424838226847,2,17.10651479554302,1,100.0,CRITICAL
14,2,2,6,3.301368850502845,4,13.377468037270106,0,100.0,CRITICAL
13,2,2,8,5.92232896413684,3,9.691987403482813,0,100.0,CRITICAL
15,5,3,7,7.947020274892207,1,18.783826348123725,1,100.0,CRITICAL
15,7,6,3,8.391115399341128,2,23.485137009781873,0,100.0,CRITICAL
4,3,2,6,4.017564875116774,4,2.274758138721495,1,100.0,CRITICAL
15,2,2,2,5.135922192034107,5,18.933347384920417,1,100.0,CRITICAL
14,2,1,4,2.906685204201657,2,22.067508491874378,0,100.0,CRITICAL
7,4,0,2,6.978333734536028,1,7.564461780390021,0,100.0,CRITICAL
17,5,0,6,6.718605458252075,0,8.712531116930645,0,100.0,CRITICAL
9,5,0,2,5.903906919675805,3,19.07453166082488,1,100.0,CRITICAL
4,4,3,7,6.273138366079091,4,22.887416960779632,0,100.0,CRITICAL
18,12,4,9,8.986530158325841,0,22.534096442927467,0,100.0,CRITICAL
13,10,4,7,8.200518579360024,1,1.3350348023736158,0,100.0,CRITICAL
15,2,0,5,1.2481928736651138,2,20.914277175850653,0,100.0,CRITICAL
4,4,2,8,6.427402671917795,4,14.074884107921383,1,100.0,CRITICAL
18,0,0,1,1.6159272613095177,5,10.107037801565674,0,100.0,CRITICAL
10,0,0,5,1.483963409064698,4,20.29281878233821,0,100.0,CRITICAL
7,1,0,3,4.492299400478884,0,19.210407780644484,0,100.0,CRITICAL
6,3,3,6,4.855467390905889,0,12.224366943097003,1,100.0,CRITICAL
13,11,4,0,1.0410692228588092,1,9.857291048226447,1,100.0,CRITICAL
18,17,17,3,5.1181128289322055,5,11.33935800816904,1,100.0,CRITICAL
9,6,5,9,1.7649716480429367,0,7.640564304793598,1,100.0,CRITICAL
11,4,0,3,5.506438217653531,4,16.332493314968584,0,100.0,CRITICAL
16,15,4,5,8.321061321598375,5,21.408805442111678,0,100.0,CRITICAL
8,6,1,9,0.8594958894097349,3,6.012000926638607,0,100.0,CRITICAL
5,3,0,5,3.992522500703558,1,19.812187616001765,1,100.0,CRITICAL
15,2,0,5,2.3370756849849372,1,8.657863586489073,1,100.0,CRITICAL
2,2,2,3,5.746515212754457,3,3.163893040465206,0,100.0,CRITICAL
5,3,2,4,8.93519007833374,1,0.9718810360736256,0,100.0,CRITICAL
10,4,1,7,1.9727235256658104,5,11.504676863678817,1,100.0,CRITICAL
19,14,4,2,6.763046951793129,1,13.63952487320136,0,100.0,CRITICAL
14,7,6,5,0.9309390788878957,0,0.14480667331669927,0,100.0,CRITICAL
13,8,3,0,5.457965810226035,1,15.663040743671289,1,100.0,CRITICAL
14,12,1,9,6.760748468102915,4,12.444706773675957,1,100.0,CRITICAL
4,4,0,5,6.708947918824518,0,23.93798523054527,0,100.0,CRITICAL
7,7,5,8,7.382449782298869,2,2.5083743693323806,0,100.0,CRITICAL
18,18,18,7,4.1737379960799466,4,16.920458146899307,0,100.0,CRITICAL
6,2,2,4,7.600261249606556,2,5.208769793064409,1,100.0,CRITICAL
15,6,0,6,4.728944530832562,5,4.9522102095241,1,100.0,CRITICAL
11,2,2,4,3.229188699709322,0,0.4492554159817379,0,100.0,CRITICAL
17,11,0,2,3.2195514682939597,4,0.15704775160803575,1,100.0,CRITICAL
10,9,7,8,1.756711529431464,0,4.478944888254335,0,100.0,CRITICAL
16,2,2,6,7.205764514179917,5,4.212058463338586,1,100.0,CRITICAL
19,3,3,7,1.5762734209095486,2,0.010497376351993992,0,100.0,CRITICAL
11,1,0,6,6.362127872923423,3,17.211577044039128,0,100.0,CRITICAL
7,6,4,6,6.653613387012587,5,12.088164665666964,0,100.0,CRITICAL
14,5,4,7,2.866349132604713,5,9.507491483732785,0,100.0,CRITICAL
1,0,0,7,4.886293372551358,5,2.491063148070907,0,100.0,CRITICAL
17,2,2,5,6.709227782331007,1,8.01355708514849,1,100.0,CRITICAL
13,0,0,3,0.0017514928660500306,5,11.294146659765607,1,100.0,CRITICAL
8,2,0,4,2.7473991404149514,3,23.953148417162808,0,100.0,CRITICAL
19,19,13,5,3.796379107615344,5,12.254388847111413,1,100.0,CRITICAL
8,0,0,8,9.308530491738434,3,0.46820120499306306,1,100.0,CRITICAL
17,17,3,4,4.642367844072743,0,4.98579761765857,0,100.0,CRITICAL
5,2,1,8,5.069830604776293,0,8.508520120425842,0,100.0,CRITICAL
11,4,1,8,6.641231166211271,1,10.942235538335094,1,100.0,CRITICAL
14,8,5,7,4.51488011151555,3,16.18271580851851,0,100.0,CRITICAL
10,5,5,9,4.323845695787986,5,14.174230716344992,1,100.0,CRITICAL
12,2,0,5,9.74378589023413,4,12.222360005635691,1,100.0,CRITICAL
3,2,2,0,8.12320957632961,0,20.109465144650493,0,100.0,CRITICAL
9,7,5,4,7.017623659084082,5,4.7099769261154885,1,100.0,CRITICAL
11,3,2,2,4.805376599009391,3,1.8691072329334908,0,100.0,CRITICAL
9,4,2,8,3.4631011089766406,2,20.116908785324622,0,100.0,CRITICAL
1,1,0,3,5.919018496172067,5,11.09194158129721,0,100.0,CRITICAL
18,15,6,6,4.462116471886809,0,13.28050193586137,0,100.0,CRITICAL
3,3,1,5,4.665897542228086,1,20.097229324416165,1,100.0,CRITICAL
14,13,11,5,2.2160283117731328,3,22.69954137546257,0,100.0,CRITICAL
4,4,2,4,7.912741647752578,0,13.248017160208189,1,100.0,CRITICAL
5,3,3,0,7.9107662587486836,1,19.494156853241577,1,100.0,CRITICAL
10,8,7,2,3.009228685395169,1,13.074796131390036,1,100.0,CRITICAL
5,2,2,4,2.891212736506149,2,0.7997716581531717,0,100.0,CRITICAL
3,3,2,1,2.7805061059231395,1,22.9406053594692,0,100.0,CRITICAL
9,7,6,1,1.6264766318299029,0,19.626410547388467,1,100.0,CRITICAL
12,9,9,3,8.582214844633056,0,18.082132508725824,1,100.0,CRITICAL
2,1,0,6,2.6558202227570216,5,10.603817736229209,0,100.0,CRITICAL
11,4,0,0,6.986556837107778,4,22.62108264577111,1,100.0,CRITICAL
1,1,1,8,0.9966129219901632,3,11.756313555770436,0,100.0,CRITICAL
16,5,3,0,7.353817214694178,3,17.298880126345853,1,100.0,CRITICAL
3,0,0,7,1.473061971157218,2,2.414220290605307,0,68.71054934155882,HIGH
13,3,2,5,1.588081820546371,3,5.252663377440904,0,100.0,CRITICAL
15,6,3,0,8.315315384608576,1,10.180932111408563,0,100.0,CRITICAL
1,0,0,6,2.9091933068310305,0,13.951151758053431,0,75.48538316629377,CRITICAL
16,16,11,1,1.723862099544694,1,19.333311338431876,1,100.0,CRITICAL
15,15,12,0,5.368927403640806,3,5.780925348543428,0,100.0,CRITICAL
6,4,4,7,0.7485870264108507,5,18.58453889364877,0,100.0,CRITICAL
15,6,2,1,7.104223980666204,5,21.359812242643464,1,100.0,CRITICAL
18,15,15,8,8.41344938060142,4,19.642806707496803,1,100.0,CRITICAL
17,4,1,5,2.484024797602596,3,14.937919713699284,0,100.0,CRITICAL
14,3,0,0,6.979986599638767,2,19.439820133950203,1,100.0,CRITICAL
18,2,1,7,0.5379215379619251,0,21.0600492448216,1,100.0,CRITICAL
17,0,0,6,4.780230782498296,1,13.322402637152127,0,100.0,CRITICAL
1,0,0,0,9.519480355009657,3,19.443873486553365,1,100.0,CRITICAL
14,2,1,7,5.380621504409762,0,10.107032526055416,1,100.0,CRITICAL
7,7,1,1,4.107823089560348,5,12.539483600003152,1,100.0,CRITICAL
1,1,0,7,0.05861552159892813,1,1.2626881401782741,1,45.575495997205536,MEDIUM
3,2,0,8,2.5592465241976257,3,21.20376162107529,1,100.0,CRITICAL
11,3,3,4,4.28484146906702,3,3.368898229290906,0,100.0,CRITICAL
18,2,2,4,3.7742641819379594,5,6.628710185935007,0,100.0,CRITICAL
14,11,7,6,4.389578500838363,3,7.619111402882816,0,100.0,CRITICAL
3,0,0,0,0.23648667521779076,2,2.7816176209680314,1,15.316725242455373,LOW
2,2,0,4,5.312424971972513,2,22.122082452465992,1,100.0,CRITICAL
15,9,9,0,2.5134624608781664,1,23.280807837869197,1,100.0,CRITICAL
7,1,1,7,4.006006590623593,1,20.764724192643488,1,100.0,CRITICAL
13,9,9,7,8.864163554608979,0,8.312759346109988,1,100.0,CRITICAL
4,1,0,0,8.281072525270341,4,1.3256866558784788,0,96.88241426181192,CRITICAL
8,0,0,1,3.9796727454049883,0,4.389395277754816,0,69.03125326230588,HIGH
2,0,0,6,0.5405845915505236,5,18.53039794553722,0,100.0,CRITICAL
13,1,1,6,8.88899096832655,4,6.8633816153841405,0,100.0,CRITICAL
4,1,1,8,3.9899197230270755,3,21.42252644349218,0,100.0,CRITICAL
13,4,3,2,4.795470933561728,3,20.043116057232297,1,100.0,CRITICAL
16,13,13,1,0.8569518952841348,0,5.686686474909757,1,100.0,CRITICAL
12,4,1,9,6.925412169958686,2,16.642909403789957,0,100.0,CRITICAL
13,1,0,7,7.121208738824414,2,10.615072355615965,0,100.0,CRITICAL
1,1,1,6,4.086673919905993,1,5.158731438436402,1,85.87454387255448,CRITICAL
3,3,2,2,8.888817363651324,1,14.162698254518183,1,100.0,CRITICAL
3,0,0,2,0.4863400073940016,0,20.096634147604817,1,59.85559397556541,HIGH
12,12,12,6,3.0754051944379057,2,22.24303819902114,1,100.0,CRITICAL
4,2,1,4,2.0685174640827872,3,1.409496411727269,0,100.0,CRITICAL
1,1,1,8,6.979065682524198,5,10.049637805797694,1,100.0,CRITICAL
17,4,1,9,2.046679850182287,3,14.506112179958835,1,100.0,CRITICAL
9,9,0,6,7.027252401534624,2,8.111784635207577,1,100.0,CRITICAL
5,0,0,0,7.965579531433042,0,7.623923109847104,0,71.89237227917923,HIGH
3,0,0,0,7.8323765149047455,1,18.52640722201333,0,100.0,CRITICAL
7,1,1,5,0.2805200519718243,0,18.78018460620149,0,100.0,CRITICAL
3,3,3,4,9.305136639007184,2,17.494110052936684,0,100.0,CRITICAL
5,4,0,4,7.146362771165334,0,21.56460297943946,0,100.0,CRITICAL
12,10,8,7,8.12787533056836,2,11.87299222349247,1,100.0,CRITICAL
3,0,0,7,6.457456144715,0,18.90748329467774,0,100.0,CRITICAL
1,0,0,8,5.291231728074733,4,0.26907749786677293,1,84.97156112315662,CRITICAL
3,1,0,3,6.446779773252851,3,23.698309980248347,0,100.0,CRITICAL
16,11,11,4,3.601330868653881,4,22.061599734178902,0,100.0,CRITICAL
18,14,3,6,4.5781530186800214,2,20.19237462296952,1,100.0,CRITICAL
3,2,1,2,7.124305868069827,3,14.106399946455895,1,100.0,CRITICAL
5,3,3,5,6.676449357257486,4,13.059703933985137,1,100.0,CRITICAL
5,0,0,2,5.935335924124687,5,3.603124148670833,1,100.0,CRITICAL
9,6,6,3,0.4921389413574573,0,1.2951171555727017,0,100.0,CRITICAL
12,8,5,9,2.877941648779463,0,6.141043720622332,1,100.0,CRITICAL
16,15,12,7,6.034679198136946,3,3.623507000551637,1,100.0,CRITICAL
9,7,5,9,4.636209918427777,2,13.459705166260985,1,100.0,CRITICAL
18,3,1,3,3.380826191976726,5,7.981190320138485,0,100.0,CRITICAL
11,4,0,3,7.170251706031578,4,9.308575529689545,1,100.0,CRITICAL
17,15,13,6,3.8702969863151724,2,0.6334037742517546,1,100.0,CRITICAL
1,1,1,2,9.084150443393494,0,13.166824026611476,0,100.0,CRITICAL
3,3,0,2,5.316943948416615,1,15.74795127082728,0,100.0,CRITICAL
5,5,5,0,4.8350910816747374,1,8.025723406833825,0,100.0,CRITICAL
1,1,1,6,3.371959469655945,2,3.1500715774664094,0,93.6360152750406,CRITICAL
15,13,7,3,1.342316730318378,0,16.88945981458592,0,100.0,CRITICAL
17,12,1,6,0.09607645565326006,0,3.095576682298436,1,100.0,CRITICAL
4,4,1,1,6.7689075880602365,1,19.604553265275776,1,100.0,CRITICAL
14,13,12,4,0.653750522260268,1,13.104538401885923,1,100.0,CRITICAL
2,0,0,6,3.250376933510224,5,5.6986592544358405,0,100.0,CRITICAL
4,2,2,8,8.756351415232755,4,21.56949691245061,1,100.0,CRITICAL
5,0,0,9,4.78084021306207,4,3.4025352597480136,1,100.0,CRITICAL
7,5,2,3,8.833669088420248,1,14.428407751432053,0,100.0,CRITICAL
4,0,0,5,0.6151922190898174,2,14.820271000023167,1,70.18537922230118,HIGH
8,7,5,2,8.433874042899518,5,0.8953774441631763,1,100.0,CRITICAL
11,2,2,1,9.314848976912483,3,14.633138084627952,0,100.0,CRITICAL
8,3,2,9,9.136237316938887,0,16.661198028464753,1,100.0,CRITICAL
4,0,0,1,3.3651965201417555,0,21.84317607704826,0,97.81578145100804,CRITICAL
11,5,4,4,0.9511447067318934,0,17.014425299404003,1,100.0,CRITICAL
12,0,0,2,9.150726647632897,4,11.626336810220867,0,100.0,CRITICAL
2,2,0,1,1.5735925897702485,1,20.479200439322078,0,80.98757088945223,CRITICAL
15,3,3,1,5.460018209167805,5,8.490854819997544,1,100.0,CRITICAL
14,10,0,2,4.0745460832888885,5,20.532358265922642,1,100.0,CRITICAL
19,13,0,0,9.578549371270977,4,20.255288440613477,0,100.0,CRITICAL
17,15,9,7,4.159407298410988,1,14.487832288945686,0,100.0,CRITICAL
16,1,0,8,3.703104585928414,2,8.270959795453315,0,100.0,CRITICAL
5,5,5,0,5.868034868844154,4,14.188929483044008,0,100.0,CRITICAL
1,1,0,4,5.277506350125817,1,21.741553694027,0,100.0,CRITICAL
10,1,0,7,4.521278228798311,2,15.276949058024712,0,100.0,CRITICAL
7,5,0,1,5.025896212305173,4,20.160308238024843,1,100.0,CRITICAL
10,2,1,0,0.9844748110924906,0,8.271026604685751,0,83.07898241266864,CRITICAL
16,3,1,4,9.349147911840397,2,7.015440925992239,1,100.0,CRITICAL
5,5,5,0,2.503587439555032,4,6.1403264360235035,1,100.0,CRITICAL
19,12,11,5,5.701370629666126,1,11.790011596824105,1,100.0,CRITICAL
6,0,0,8,0.3547833499467079,0,10.367425402793877,1,77.74723846201222,CRITICAL
12,4,4,7,2.9566937503365534,1,20.501302016016936,1,100.0,CRITICAL
6,3,2,5,6.887017836948815,3,2.702453111595813,1,100.0,CRITICAL
10,6,5,3,4.573638305409965,3,13.297125689514713,0,100.0,CRITICAL
10,10,2,6,7.301664358159292,4,9.681756662607349,0,100.0,CRITICAL
13,2,0,5,1.5541213685096522,2,22.501676486602765,1,100.0,CRITICAL
19,10,0,6,9.880691291540394,5,18.921347256423847,1,100.0,CRITICAL
17,17,14,1,4.45725736815957,2,10.400424626459412,1,100.0,CRITICAL
16,5,5,6,5.387889771611545,4,15.374723337641916,1,100.0,CRITICAL
4,0,0,9,2.57582599234632,4,17.894189043364406,0,100.0,CRITICAL
3,2,0,3,3.3914745994372266,5,1.707396283064491,0,100.0,CRITICAL
5,2,1,4,6.545880293688317,0,16.169273822050908,1,100.0,CRITICAL
13,4,0,6,3.4172687530500023,1,3.347754677676618,1,100.0,CRITICAL
14,14,2,9,7.185479302294927,5,4.534749576124311,0,100.0,CRITICAL
9,6,4,1,2.858589720847754,1,11.06907762501402,1,100.0,CRITICAL
9,5,2,0,7.654588711951739,3,23.506863594876087,0,100.0,CRITICAL
8,0,0,4,6.7496272607079995,3,22.851774352451134,1,100.0,CRITICAL
10,8,0,9,2.1210041344445685,4,21.654498488622167,0,100.0,CRITICAL
18,18,10,0,0.5003368693708665,2,0.8238997716574037,1,100.0,CRITICAL
12,11,0,5,9.302120747073397,2,20.468067853504664,1,100.0,CRITICAL
13,6,4,1,2.3519023270556403,0,18.627982825750543,1,100.0,CRITICAL
16,11,7,1,5.77185873334897,3,11.970745112171112,1,100.0,CRITICAL
3,0,0,3,2.9785319786599085,0,7.810225088798355,1,67.82027455257938,HIGH
9,0,0,9,6.581987927921604,1,18.134122620629736,0,100.0,CRITICAL
16,10,1,1,7.012516280427584,4,2.5686967170785335,1,100.0,CRITICAL
17,0,0,8,0.7430643615931742,2,15.610640878137678,0,100.0,CRITICAL
16,12,4,2,0.5001876323792298,3,16.125014026258757,0,100.0,CRITICAL
10,3,3,7,9.907400229288154,3,13.288697983236927,0,100.0,CRITICAL
18,16,11,6,7.680448925551964,5,21.06673192541937,0,100.0,CRITICAL
2,0,0,6,2.6158471284733564,4,7.916637982488518,1,96.26103187306269,CRITICAL
14,13,6,3,4.913796823863419,4,11.475869424021452,1,100.0,CRITICAL
5,0,0,3,9.579816604428158,5,18.207896833546524,1,100.0,CRITICAL
6,0,0,0,5.438613482446783,3,17.200486401180516,1,98.52152064383364,CRITICAL
1,1,0,7,4.19291833079254,3,13.499046990559405,1,100.0,CRITICAL
15,7,5,0,0.37577598319315175,2,6.531237921441475,1,100.0,CRITICAL
3,0,0,3,5.847819954177124,2,7.062012836194076,0,97.81557128287345,CRITICAL
19,12,5,2,8.816545113772953,4,17.788926320480154,0,100.0,CRITICAL
18,17,4,0,5.428129646324481,1,0.13785670528509364,0,100.0,CRITICAL
15,6,6,6,7.817804888565128,1,15.665626030762642,0,100.0,CRITICAL
18,16,2,6,8.859774157386065,4,5.958559795537908,1,100.0,CRITICAL
1,0,0,1,4.073180831077706,4,16.15186674737607,1,79.81660248124479,CRITICAL
14,8,5,9,4.115824653184271,0,4.486509295126204,1,100.0,CRITICAL
17,16,8,4,9.213888406126635,1,9.03453454672097,0,100.0,CRITICAL
8,2,1,7,3.4061712866024574,3,18.091589137508365,0,100.0,CRITICAL
8,5,1,0,6.615070566782312,0,18.124827557444483,0,100.0,CRITICAL
17,17,16,8,6.19897116225809,0,5.032555693483447,0,100.0,CRITICAL
1,0,0,6,4.851718685107401,5,9.030757450211084,1,100.0,CRITICAL
7,1,0,6,6.419805148996787,4,12.060142262574338,1,100.0,CRITICAL
14,0,0,1,7.031408888419618,2,14.096616637387518,1,100.0,CRITICAL
6,0,0,7,9.24811018654195,0,17.818423575949332,1,100.0,CRITICAL
17,14,6,2,8.007634933542718,4,0.5672851905033358,1,100.0,CRITICAL
14,10,6,9,3.5803260377020485,0,2.7677741118989028,0,100.0,CRITICAL
7,5,4,6,4.321415121921976,5,3.785349610542263,0,100.0,CRITICAL
15,10,10,2,9.03655852989384,2,4.575905932290716,0,100.0,CRITICAL
8,8,6,5,2.709224513191332,4,0.7265613355177614,1,100.0,CRITICAL
16,6,4,0,3.2484775498199414,2,22.091310690925752,0,100.0,CRITICAL
10,9,5,3,6.891215126027665,2,3.8926782391833097,1,100.0,CRITICAL
9,3,0,8,1.1077951241159567,3,1.767337512812193,0,100.0,CRITICAL
19,13,10,6,7.871988577218304,2,11.321409661651227,1,100.0,CRITICAL
2,0,0,6,9.48368550159748,2,22.588396719139244,0,100.0,CRITICAL
8,4,1,3,6.4315800877161635,2,23.14526016448295,0,100.0,CRITICAL
11,1,0,9,0.7223712188360232,1,16.233667821486552,1,100.0,CRITICAL
4,2,1,0,2.3852330869050933,3,4.2803702099098695,1,75.27060940233396,CRITICAL
18,18,9,0,0.9750930030680693,1,0.09109943574764578,0,100.0,CRITICAL
18,9,5,2,3.0909775038422413,2,8.040773735786289,0,100.0,CRITICAL
2,0,0,6,9.39550083202573,1,3.0109462339242485,0,100.0,CRITICAL
5,4,2,6,3.5920648511128417,4,18.122293746165226,1,100.0,CRITICAL
14,9,0,4,1.8436487597137885,5,23.258540413335815,1,100.0,CRITICAL
13,5,5,8,6.615682275246476,5,2.009346650949216,0,100.0,CRITICAL
8,0,0,1,8.99647823994836,5,9.526426901616833,0,100.0,CRITICAL
11,3,1,8,0.34494354013890116,1,21.65926809050437,0,100.0,CRITICAL
8,1,0,8,6.684190686562413,4,17.478984849140765,0,100.0,CRITICAL
15,0,0,5,2.890901285502622,0,20.87473227384259,0,100.0,CRITICAL
6,5,4,3,3.7407042356403175,3,22.151475670032532,1,100.0,CRITICAL
17,11,0,4,2.372456628753299,5,9.902798887168887,0,100.0,CRITICAL
11,10,4,5,9.060913698609156,1,16.647891550671584,0,100.0,CRITICAL
7,0,0,3,8.860221935918087,0,17.02403833000024,0,100.0,CRITICAL
2,1,1,8,6.048007488560048,2,15.139585050848474,1,100.0,CRITICAL
3,3,0,1,0.16080303485312086,4,7.818574561650361,0,100.0,CRITICAL
18,17,10,7,9.465767186313263,5,19.97205204546058,1,100.0,CRITICAL
14,4,0,8,4.674122521788381,1,18.453535287815257,1,100.0,CRITICAL
9,2,1,3,4.889412798106026,0,10.685113104049499,0,100.0,CRITICAL
8,5,2,8,7.7295098309467605,5,10.103225389617783,0,100.0,CRITICAL
18,5,1,1,6.137068397809177,0,0.2588060099911189,0,100.0,CRITICAL
12,7,2,2,1.2140425630446006,3,20.242663584866474,0,100.0,CRITICAL
12,10,0,9,1.0536096484091928,2,6.815615598559994,1,100.0,CRITICAL
10,4,1,4,2.521362516703447,3,11.299287619137917,0,100.0,CRITICAL
9,4,2,3,0.705800765810729,1,9.871225305818598,0,100.0,CRITICAL
2,0,0,2,8.329794316251633,2,16.275342412070778,0,100.0,CRITICAL
11,8,6,3,0.39456196097414464,1,9.362484969827275,1,100.0,CRITICAL
10,1,0,8,9.459791231445042,4,4.313677194387268,1,100.0,CRITICAL
8,2,1,8,1.1111819206436113,1,20.846803902663716,0,100.0,CRITICAL
5,3,3,4,8.576346476790055,5,4.405106430229151,0,100.0,CRITICAL
5,4,2,6,2.3724322224909846,2,0.6823079952362239,0,100.0,CRITICAL
9,6,5,7,6.607347671717477,1,4.709754089202468,1,100.0,CRITICAL
11,9,7,1,3.421171909118966,3,10.923463151027335,1,100.0,CRITICAL
12,11,5,8,0.6727958529116729,0,10.157478081110968,1,100.0,CRITICAL
5,0,0,8,7.304262136095864,1,19.11170565236188,0,100.0,CRITICAL
6,2,1,1,8.078683780933135,2,4.678358049650754,0,100.0,CRITICAL
1,1,1,5,2.98739955639006,3,18.61465278820687,0,100.0,CRITICAL
16,7,4,3,7.84577864055246,5,2.3128345181965955,1,100.0,CRITICAL
14,1,0,0,4.574906953688272,2,11.367855545754566,0,100.0,CRITICAL
14,10,5,4,7.295027624043156,4,20.767895411589976,0,100.0,CRITICAL
13,2,1,2,6.452940576469902,0,9.91041174179826,0,100.0,CRITICAL
12,6,0,0,9.298720247154364,3,23.118741056693587,0,100.0,CRITICAL
7,4,0,1,3.279961572676907,0,15.144948825194124,0,100.0,CRITICAL
6,6,6,6,1.1004355170632496,1,18.159647422335052,1,100.0,CRITICAL
9,2,1,0,7.882787882538066,0,12.236586848872768,1,100.0,CRITICAL
16,4,1,2,8.127940878223523,1,10.31418816542838,0,100.0,CRITICAL
9,6,1,0,0.26110679436413875,5,2.032264284249882,0,100.0,CRITICAL
14,2,0,0,1.2613070499019685,3,2.8787805639488075,0,95.92912776187582,CRITICAL
9,7,2,7,8.322027881526367,2,13.720890902727259,1,100.0,CRITICAL
4,3,3,5,6.0060547907835655,3,14.727209743039868,0,100.0,CRITICAL
9,3,3,3,4.528275363037453,2,23.63411614896725,1,100.0,CRITICAL
8,6,6,7,8.267046975547732,5,20.585838112095004,1,100.0,CRITICAL
14,1,1,6,2.4600469910458536,2,20.26768339392754,1,100.0,CRITICAL
5,4,3,8,3.248783264249513,0,6.8784908970408,0,100.0,CRITICAL
16,12,6,0,7.735190803506654,2,9.882767120313037,0,100.0,CRITICAL
10,0,0,9,5.910327063478308,4,2.4510969596558008,0,100.0,CRITICAL
3,3,3,4,2.084186590739713,4,13.956874710566078,0,100.0,CRITICAL
9,8,6,5,8.93981735279897,0,1.6689072757035417,0,100.0,CRITICAL
3,1,1,5,9.94344488081936,0,10.72393980946503,1,100.0,CRITICAL
19,8,3,9,1.445522294850069,3,13.588794299544896,1,100.0,CRITICAL
19,3,0,6,2.9651815755716795,4,5.476438632581317,1,100.0,CRITICAL
1,0,0,4,7.494628145544997,5,18.610663161085508,1,100.0,CRITICAL
19,1,0,4,1.2345892043097506,4,16.196343337758258,0,100.0,CRITICAL
15,15,0,0,4.645689312943494,2,3.548763093076963,1,100.0,CRITICAL
19,4,3,9,2.1842912292338577,3,23.608332115881048,1,100.0,CRITICAL
7,3,3,4,6.64386785202633,3,13.0090914065993,0,100.0,CRITICAL
1,1,0,9,3.5978967340605017,3,0.6340330486658541,0,92.07949752257039,CRITICAL
16,1,0,0,8.481632553821655,1,8.402636437019709,0,100.0,CRITICAL
8,8,8,9,4.582693872136013,2,23.503458445448224,0,100.0,CRITICAL
12,9,1,1,5.365147537480332,0,21.655425529405008,1,100.0,CRITICAL
6,3,3,0,8.889962583351837,5,3.6279117342877543,1,100.0,CRITICAL
10,7,4,7,7.685756311269442,3,20.520137513082318,1,100.0,CRITICAL
14,9,0,7,8.088435715719168,2,14.841859412708125,1,100.0,CRITICAL
5,1,1,7,0.12495403773598257,5,0.5216286101966183,0,100.0,CRITICAL
4,4,0,9,6.573673703245962,2,18.178325182133715,1,100.0,CRITICAL
14,13,2,9,4.659486098612616,2,9.908072236516485,0,100.0,CRITICAL
17,9,3,0,8.836938608857082,4,9.507334940358698,0,100.0,CRITICAL
1,0,0,3,0.3826447012502254,5,9.187201479016405,0,78.36609733782373,CRITICAL
17,1,0,0,8.447402891262373,0,14.317399755744646,0,100.0,CRITICAL
9,9,9,3,1.3549871825084236,3,17.141149152111417,0,100.0,CRITICAL
16,4,0,6,5.918472608147058,0,15.5434201651676,0,100.0,CRITICAL
3,1,1,9,7.265308569465454,0,5.802286227138748,0,100.0,CRITICAL
10,7,5,6,1.9754709781784097,4,16.963253366156895,0,100.0,CRITICAL
17,7,3,0,1.666920150322737,0,3.252423627121309,0,100.0,CRITICAL
16,0,0,9,6.822876967739255,0,23.312183618974686,0,100.0,CRITICAL
1,0,0,1,1.6722117805937764,2,11.366722430936495,0,49.91335452734082,MEDIUM
19,10,1,5,5.130356454149851,2,2.1923096309136776,1,100.0,CRITICAL
15,7,1,5,2.6252041604369394,3,13.838999703502797,1,100.0,CRITICAL
7,0,0,0,0.316632293039647,1,13.847560856517488,1,58.33884553692806,HIGH
8,8,7,3,0.6710926968628073,3,0.9314743479554162,1,100.0,CRITICAL
4,1,0,8,1.314107921103671,3,0.2607225689361172,1,79.21768630782024,CRITICAL
12,0,0,7,5.452569939147188,2,23.906453657202253,1,100.0,CRITICAL
2,0,0,3,2.1143042164983825,0,9.362031210915717,0,59.53579651288451,HIGH
7,6,6,2,8.494930941116827,4,5.890933094659833,1,100.0,CRITICAL
6,1,0,7,0.27208340681100895,5,13.145395129965337,1,100.0,CRITICAL
2,2,2,8,6.594860587640165,3,0.20010313312753603,0,100.0,CRITICAL
7,0,0,0,0.8950990898608568,1,0.309481312700596,0,45.65913370561532,MEDIUM
2,2,1,9,8.903666189780994,3,2.706710701423254,1,100.0,CRITICAL
4,2,1,7,0.41166407724111287,0,19.260607925888255,0,100.0,CRITICAL
16,5,0,4,1.4302860848178178,3,5.957955343288369,1,100.0,CRITICAL
6,1,0,2,2.7768025480204193,0,12.08296878306321,0,82.25008577111663,CRITICAL
10,1,0,9,1.0060257171711628,0,5.366904612453559,0,91.24609366249692,CRITICAL
14,0,0,4,9.115219778877812,4,13.075881755350013,0,100.0,CRITICAL
3,1,0,9,1.3237564090357512,4,12.211331483429086,1,100.0,CRITICAL
14,4,3,3,0.8299514802340702,5,9.617386363131086,1,100.0,CRITICAL
11,3,0,0,0.5983477857196251,5,10.396751373358018,1,100.0,CRITICAL
11,11,0,7,8.060067818305516,3,15.681075855214427,1,100.0,CRITICAL
11,3,2,6,6.498760475711762,5,20.211694109519055,0,100.0,CRITICAL
4,0,0,3,7.569054180502388,4,7.665817437257437,0,100.0,CRITICAL
5,2,1,3,7.0494290960109645,1,12.771491748327817,0,100.0,CRITICAL
6,1,1,4,9.679251301499328,2,20.500210010582222,0,100.0,CRITICAL
14,9,4,0,7.6847472164364525,5,4.0302128058835,1,100.0,CRITICAL
7,6,6,3,3.8255330813252755,3,23.509373770859185,0,100.0,CRITICAL
6,5,5,4,2.8978395535112944,5,18.01509617556249,0,100.0,CRITICAL
14,4,3,7,2.9199324461253995,4,8.786717177053937,1,100.0,CRITICAL
16,14,7,0,3.127121616191152,1,9.004297350325311,0,100.0,CRITICAL
4,1,1,3,1.8637557101961821,2,4.928352006331074,0,87.53224479959955,CRITICAL
18,12,11,9,3.9313963279149844,5,6.4299676993113355,1,100.0,CRITICAL
7,5,1,9,1.1007005045871032,1,14.088842518760018,0,100.0,CRITICAL
19,3,1,6,2.9713956846361658,5,0.08971453726674383,0,100.0,CRITICAL
14,5,3,4,1.75151603057082,3,0.5558389115019526,0,100.0,CRITICAL
15,14,13,0,9.196269843052109,2,23.675442997426615,0,100.0,CRITICAL
6,4,1,6,4.612477014277805,5,5.652719811374645,0,100.0,CRITICAL
10,1,0,0,8.22603431980627,4,19.909560784216072,1,100.0,CRITICAL
3,0,0,1,5.88453192170248,0,14.697626696891419,0,84.28812484055273,CRITICAL
13,11,3,7,5.985359303245936,5,10.703525921470424,0,100.0,CRITICAL
19,0,0,8,0.03205126628564536,4,17.572330999769356,1,100.0,CRITICAL
18,3,1,7,0.12756382771289987,5,1.2005125842812001,0,100.0,CRITICAL
3,2,0,7,2.7876027896629796,5,18.145884958817817,0,100.0,CRITICAL
3,0,0,5,0.5908054034625099,0,20.567760610756707,1,72.84660593382759,HIGH
17,12,2,6,2.7720609717496805,1,6.725490701997738,0,100.0,CRITICAL
7,7,6,3,6.1801854867767405,5,7.238782448056618,1,100.0,CRITICAL
2,2,2,4,7.091517863798663,0,2.472389610283784,0,100.0,CRITICAL
5,3,3,1,6.122863999249041,0,20.541453616116268,1,100.0,CRITICAL
9,6,5,9,5.544095244639364,1,19.389829092006007,0,100.0,CRITICAL
3,3,2,3,0.812750788082478,5,10.205084830802807,1,100.0,CRITICAL
8,5,3,6,1.282922385388846,5,9.065253340633504,1,100.0,CRITICAL
4,0,0,3,0.41034011245930424,1,10.260639394074348,1,52.82254709319645,HIGH
3,1,0,5,8.124309798841955,0,10.088307343006193,0,97.6374158837953,CRITICAL
18,7,4,7,3.2357055020288614,0,10.310799865706421,0,100.0,CRITICAL
15,4,3,4,4.0233290829478205,3,3.49783325912305,0,100.0,CRITICAL
11,7,1,7,6.241694403359278,4,0.32344856129086086,1,100.0,CRITICAL
5,3,2,3,9.689072968898902,2,18.2983970180161,1,100.0,CRITICAL
16,0,0,1,6.150980398232228,1,8.249994818422886,0,100.0,CRITICAL
19,11,1,8,1.1732830296568142,1,11.781333537272019,0,100.0,CRITICAL
4,3,0,1,9.025834219184608,0,7.378486974294974,0,100.0,CRITICAL
11,11,3,6,2.2963996359939562,1,9.159354883901974,1,100.0,CRITICAL
12,8,4,5,7.906365301400166,4,1.7967183225387942,0,100.0,CRITICAL
5,1,0,1,7.476178689556026,5,8.886886249355273,1,100.0,CRITICAL
10,4,2,2,4.150722328304468,3,11.114774887947394,1,100.0,CRITICAL
10,9,7,6,5.221929963440578,5,19.988185178158513,1,100.0,CRITICAL
19,9,8,5,2.2861650686819432,5,7.7329289287303515,1,100.0,CRITICAL
5,5,0,5,7.02591475096003,3,2.1250608842748875,0,100.0,CRITICAL
5,2,0,6,9.79266608863546,0,18.22065377810838,1,100.0,CRITICAL
4,2,0,4,4.271738097206964,5,9.015252360235795,0,100.0,CRITICAL
4,0,0,0,9.979166161124386,5,21.96872313313027,1,100.0,CRITICAL
2,0,0,4,2.523974624033732,0,23.016860173407274,0,78.60828797874339,CRITICAL
3,2,1,8,1.2060777518131216,2,20.924455739821358,0,100.0,CRITICAL
4,1,0,1,9.984892024699603,4,5.439503651176356,1,100.0,CRITICAL
8,7,1,9,3.7607557016064175,1,6.091441734831766,0,100.0,CRITICAL
9,7,0,2,8.593597779311185,0,19.058934686859264,1,100.0,CRITICAL
8,0,0,1,0.2950913740516281,2,10.706635324209254,0,79.44649542263217,CRITICAL
12,6,1,4,6.280962760577857,3,7.1472395690324815,1,100.0,CRITICAL
10,9,2,4,0.03314403397516763,1,7.0537873163821585,1,100.0,CRITICAL
5,0,0,4,5.045035083313952,5,13.859183637374741,1,100.0,CRITICAL
5,4,1,5,7.365595847471672,3,21.480724456860322,0,100.0,CRITICAL
15,1,0,2,6.213509578526436,3,14.854244604646901,1,100.0,CRITICAL
3,2,0,7,6.2763509646614715,4,14.886719688734104,0,100.0,CRITICAL
2,2,1,2,3.266044944204285,0,17.926634587834975,0,100.0,CRITICAL
15,13,2,1,6.337347626927402,0,18.247207903977717,1,100.0,CRITICAL
13,8,8,8,8.547627625785777,0,21.826806377462447,0,100.0,CRITICAL
12,1,1,5,4.966432061395029,3,3.89069295691327,0,100.0,CRITICAL
14,3,2,6,5.417038453001618,2,23.631188669759254,1,100.0,CRITICAL
12,6,3,0,8.383867251335712,4,7.8919460143715945,1,100.0,CRITICAL
15,7,2,2,1.2185268505558744,4,6.757627160211234,1,100.0,CRITICAL
13,10,8,6,6.010868751900487,3,12.234884889226183,0,100.0,CRITICAL
3,2,2,7,4.744294969210845,0,6.344644031497417,0,100.0,CRITICAL
15,9,4,1,4.172713324109393,5,5.589881290055278,1,100.0,CRITICAL
18,8,3,4,4.076412919779843,2,23.203361718769948,1,100.0,CRITICAL
6,5,1,4,6.328568606510329,0,2.4958612091295764,0,100.0,CRITICAL
15,13,11,8,8.975841170219406,4,23.75863116480019,1,100.0,CRITICAL
12,11,0,2,6.500596519780011,2,14.939471598725124,1,100.0,CRITICAL
2,2,2,4,2.643697368373993,1,23.005911640019605,0,100.0,CRITICAL
5,2,0,7,1.3780410764694173,1,21.537622506182696,1,100.0,CRITICAL
17,2,0,2,9.782448976858168,3,15.561581730587772,0,100.0,CRITICAL
13,6,5,5,3.041541553326722,1,14.15611612093636,1,100.0,CRITICAL
13,7,2,8,4.661857313601879,5,23.823160822296813,1,100.0,CRITICAL
4,3,1,9,0.1734380428817961,4,12.365096668476397,0,100.0,CRITICAL
16,15,13,3,8.111684896203794,4,4.290209196034598,1,100.0,CRITICAL
8,5,0,6,7.9310315747836855,1,23.83064923223973,1,100.0,CRITICAL
3,2,1,7,6.946871065714708,3,7.764552468831507,1,100.0,CRITICAL
2,0,0,5,3.5606462326181685,3,2.0979422659025353,0,79.66054585838742,CRITICAL
3,0,0,0,3.7363045530944006,2,17.205437217402753,1,78.81592187906035,CRITICAL
11,3,0,5,4.960089644504292,1,10.705181559261547,1,100.0,CRITICAL
11,9,2,3,4.0200137877543405,1,9.312576140849032,1,100.0,CRITICAL
10,9,7,2,1.6844103557433832,5,15.158593121256175,1,100.0,CRITICAL
11,8,4,2,2.3102701939055414,4,1.2684518823401083,1,100.0,CRITICAL
17,6,2,2,3.308262639517289,1,16.757327991053586,0,100.0,CRITICAL
7,7,6,0,0.19890508427114373,0,12.082756699492602,0,100.0,CRITICAL
1,0,0,9,3.41250519841668,3,11.76579902233939,1,93.77848201629246,CRITICAL
15,7,7,9,8.21083951205729,5,21.600813331530496,1,100.0,CRITICAL
7,6,3,0,4.692498887612286,3,19.94905930081413,1,100.0,CRITICAL
4,4,0,1,1.856233919729795,5,12.758072835237845,0,100.0,CRITICAL
3,0,0,4,6.947741734662029,5,13.880184499941533,1,100.0,CRITICAL
3,1,0,6,0.2164258424613663,2,19.36712700629814,0,100.0,CRITICAL
10,1,1,4,1.5457010389087789,1,9.870879946925307,1,100.0,CRITICAL
3,3,1,2,5.821386447079942,3,16.109629805900965,0,100.0,CRITICAL
5,4,0,4,6.724004124562467,1,12.978619454957137,0,100.0,CRITICAL
19,11,5,5,2.9473640120988986,4,11.991082669599608,0,100.0,CRITICAL
10,3,2,3,2.779820189719684,3,23.633300328676434,0,100.0,CRITICAL
9,1,1,3,0.2064835076871241,1,0.4201867476030019,1,72.20263157031124,HIGH
11,3,3,0,2.8494626761484354,1,9.951002218037456,1,100.0,CRITICAL
1,0,0,6,9.59311588873448,5,22.324270146069686,1,100.0,CRITICAL
13,12,9,7,3.9707053111724644,2,22.27555649997964,1,100.0,CRITICAL
4,4,4,3,3.2782629091538995,3,17.945142394354882,0,100.0,CRITICAL
10,3,2,5,6.26586203346501,0,14.20575180067095,1,100.0,CRITICAL
4,4,1,5,9.89093544983494,5,16.58030106134019,0,100.0,CRITICAL
8,6,6,0,4.377173454200007,3,6.070225495983872,0,100.0,CRITICAL
17,4,0,9,0.949421133784969,4,11.721490786293149,1,100.0,CRITICAL
2,0,0,3,7.174346696402218,1,12.865463097551407,0,100.0,CRITICAL
7,4,3,5,8.974262429216871,3,1.5293138999000178,1,100.0,CRITICAL
3,3,2,8,6.8037393413437375,1,20.789286774166037,1,100.0,CRITICAL
11,10,8,3,4.972728897302742,2,10.960511471125498,0,100.0,CRITICAL
18,9,7,8,2.4644585346410572,2,21.573641548174017,0,100.0,CRITICAL
6,1,0,3,4.459916947937133,3,9.359041033656784,0,100.0,CRITICAL
14,10,2,6,4.222405332608142,2,9.812810847886325,1,100.0,CRITICAL
13,9,9,6,9.626776922337738,5,5.8611874439467115,1,100.0,CRITICAL
2,1,1,7,0.3694665374521511,1,15.463745567111335,0,96.77011021424364,CRITICAL
16,2,2,6,3.6465936330118334,4,13.163938264705145,1,100.0,CRITICAL
8,8,4,5,3.110525176825194,5,21.911255215816595,0,100.0,CRITICAL
15,3,1,2,9.821354550346587,3,10.30168812647073,0,100.0,CRITICAL
13,1,0,9,0.06471381143320576,4,15.553796728434769,0,100.0,CRITICAL
1,0,0,6,2.924671959898232,2,16.98151887305075,0,81.64332989380009,CRITICAL
2,1,1,5,9.738350111652828,2,7.67653752439635,0,100.0,CRITICAL
4,0,0,9,1.592262373856217,1,21.139826393597907,0,100.0,CRITICAL
13,11,4,7,7.893033256096846,5,9.140429022475974,0,100.0,CRITICAL
12,0,0,3,5.637326049520446,5,15.296623215657869,1,100.0,CRITICAL
12,7,4,6,9.059494792238386,3,14.780171427630952,1,100.0,CRITICAL
1,0,0,6,8.731020895265182,5,10.113789056385981,1,100.0,CRITICAL
6,4,3,2,5.762342518094224,3,4.400169324679942,1,100.0,CRITICAL
11,0,0,7,5.542627424850731,0,14.219947059637464,0,100.0,CRITICAL
16,4,4,9,1.5109845089411544,1,9.012828159052837,1,100.0,CRITICAL
2,0,0,1,0.60419120922518,3,9.09820210385494,0,64.46101209231982,HIGH
3,0,0,2,7.320979206099328,4,11.83011907615457,0,100.0,CRITICAL
11,7,1,0,6.125610701311094,2,16.253780396611237,0,100.0,CRITICAL
9,6,3,1,7.953722051941687,4,17.510863784893328,1,100.0,CRITICAL
7,6,3,0,0.18206493243852817,5,10.249735954488255,0,100.0,CRITICAL
4,2,2,5,9.336836094885644,2,2.8771326373318153,1,100.0,CRITICAL
10,2,1,4,0.7303128892723032,1,19.001146723490812,1,100.0,CRITICAL
1,0,0,5,9.04633739108633,3,16.065930468011043,1,100.0,CRITICAL
13,1,0,2,1.9122933640577156,2,19.21662520178364,0,100.0,CRITICAL
4,4,1,6,2.599854504043999,1,7.58131488612036,1,100.0,CRITICAL
13,12,2,3,8.717974587943251,4,21.818871315441008,1,100.0,CRITICAL
11,4,0,0,4.514389485727401,2,6.305539475638217,0,100.0,CRITICAL
15,1,0,2,6.944164578934963,5,6.954328690473259,0,100.0,CRITICAL
13,9,5,4,8.999811575952446,3,12.873026547212563,0,100.0,CRITICAL
4,4,2,6,2.9159552369236383,5,23.936217095698247,0,100.0,CRITICAL
6,3,0,8,1.357635621790817,4,4.851663363124919,1,100.0,CRITICAL
2,1,1,4,5.404598432603397,1,20.124096851943747,0,100.0,CRITICAL
2,0,0,0,3.8825755732542087,4,0.05645846232669349,1,70.98125832245968,HIGH
6,2,0,4,7.987571387571569,2,5.700518465825076,0,100.0,CRITICAL
3,0,0,0,0.050489244800628885,5,8.3074011457343,0,72.0847193373026,HIGH
11,2,2,6,5.803857739777492,5,15.566582477193943,1,100.0,CRITICAL
15,14,0,8,5.159341115022192,0,2.730202051607222,0,100.0,CRITICAL
9,0,0,5,8.497218720117889,0,3.0888100129755456,1,89.3500153951903,CRITICAL
7,5,5,3,5.765666183597505,3,3.5125723846419126,0,100.0,CRITICAL
15,15,1,5,9.956797252418067,1,15.901300245597652,0,100.0,CRITICAL
10,1,1,0,0.2653347426588959,3,2.7514035422196796,0,100.0,CRITICAL
11,6,3,3,5.03573342909683,2,9.557403960998126,1,100.0,CRITICAL
2,2,1,5,9.760049009582936,1,3.7602368918224665,0,100.0,CRITICAL
14,12,0,1,9.456023526159775,0,9.169695515749504,0,100.0,CRITICAL
16,15,9,2,2.185960437136921,4,17.137052476376297,1,100.0,CRITICAL
9,4,3,3,8.272207351671879,4,6.665364583269937,1,100.0,CRITICAL
16,13,1,5,8.053723395173924,2,14.823509591416565,0,100.0,CRITICAL
1,0,0,2,9.624872917593052,2,5.964115451897665,0,94.93109378560446,CRITICAL
2,1,0,0,5.093704936230626,1,17.701769059511044,1,82.14832068522155,CRITICAL
7,2,0,5,5.292373331461075,0,18.64957083421426,1,100.0,CRITICAL
12,11,6,7,7.8646220857282865,4,7.4494497267260185,0,100.0,CRITICAL
18,9,5,7,9.989883647057914,1,0.570952572776342,1,100.0,CRITICAL
6,4,4,3,3.0913530823817736,5,3.098051834486295,0,100.0,CRITICAL
2,1,1,5,6.833012646193036,5,11.78293296368025,1,100.0,CRITICAL
14,7,3,0,6.711501472554511,5,9.16932016683946,0,100.0,CRITICAL
16,3,0,5,8.57324399316033,1,8.293439808023914,0,100.0,CRITICAL
10,6,4,0,6.494860767997569,1,13.903273052189657,0,100.0,CRITICAL
5,0,0,3,4.582002223458145,3,3.8760215733263568,0,99.12319930316771,CRITICAL
16,10,7,8,3.1081975896869207,1,10.960351753694546,1,100.0,CRITICAL
7,2,1,5,9.691772782769183,5,4.881213292602803,1,100.0,CRITICAL
15,10,2,3,3.3573615893535957,1,23.545435864082556,1,100.0,CRITICAL
13,6,5,9,2.551446410632815,5,1.1669857552963574,0,100.0,CRITICAL
17,16,14,3,7.9265646479849075,5,0.3787731343058409,1,100.0,CRITICAL
18,17,6,3,4.97650989328116,1,13.540343167821339,1,100.0,CRITICAL
18,14,9,9,1.8324648162783252,1,1.5031031584763248,1,100.0,CRITICAL
17,16,10,6,3.5906410210437336,3,19.463774602024564,0,100.0,CRITICAL
3,1,1,8,2.0346817312938894,2,19.67030459475105,1,100.0,CRITICAL
12,8,8,5,2.090258473904696,5,10.374213833563452,1,100.0,CRITICAL
6,0,0,6,0.757937373510047,3,20.120922852714866,0,100.0,CRITICAL
12,7,6,3,6.451882738746142,1,17.77222231670336,1,100.0,CRITICAL
11,9,2,4,3.7126896295536795,2,3.2499652651305384,1,100.0,CRITICAL
9,6,5,8,0.595117637946998,3,20.630432770226772,0,100.0,CRITICAL
19,15,5,7,6.509911434091111,0,20.9826896895415,0,100.0,CRITICAL
19,14,6,9,2.9684525161974094,0,7.745111059161242,1,100.0,CRITICAL
2,1,0,1,1.6205411645314893,1,18.599833944547743,0,77.66914672595529,CRITICAL
13,8,6,7,9.603208633749036,1,21.536674310627685,1,100.0,CRITICAL
18,18,4,2,0.7477744607233161,4,17.89545006059169,1,100.0,CRITICAL
4,0,0,1,3.8666517307242634,0,2.2562966835146216,1,36.37209680665646,MEDIUM
14,1,1,1,6.155407476290865,2,2.2714422570039536,0,100.0,CRITICAL
14,5,5,3,9.934144605822683,2,23.57739291643479,0,100.0,CRITICAL
5,0,0,0,0.8246028217199142,5,12.992451195508275,1,79.5407289219893,CRITICAL
19,17,12,4,9.315167309101083,5,15.466714852524536,0,100.0,CRITICAL
2,0,0,6,8.808768874164421,4,21.89422175251825,0,100.0,CRITICAL
16,9,6,1,7.791701921096487,0,0.178488252697381,0,100.0,CRITICAL
6,3,2,4,1.0264896687654745,3,10.240598849392892,0,100.0,CRITICAL
11,4,4,3,2.9086288055413343,3,13.593587390226425,0,100.0,CRITICAL
12,9,2,5,2.7111652600484835,2,0.05141462736288194,0,100.0,CRITICAL
13,5,0,0,5.342603485466356,3,14.985947065390663,0,100.0,CRITICAL
10,3,0,0,1.199653581742891,1,20.422504738791776,0,100.0,CRITICAL
14,4,4,1,8.162636371578762,1,1.3177871412788882,0,100.0,CRITICAL
4,1,0,3,6.82173580213775,4,19.30141341856503,0,100.0,CRITICAL
2,2,2,0,8.610648376368388,3,23.460713063735692,1,100.0,CRITICAL
19,16,6,4,2.2262487522160743,4,22.08690372102058,1,100.0,CRITICAL
19,8,4,5,6.2047284304607855,0,12.888327518773087,1,100.0,CRITICAL
15,14,13,9,8.509559855777,3,20.65108664795034,0,100.0,CRITICAL
9,8,6,3,0.504495669457472,2,18.495279093228365,0,100.0,CRITICAL
4,1,1,6,5.505915711479824,2,19.623976165747536,1,100.0,CRITICAL
13,2,2,4,7.272225314114494,0,9.553210728106638,1,100.0,CRITICAL
9,7,7,8,3.715746339794739,1,11.414900246468937,1,100.0,CRITICAL
12,2,0,8,3.535400720269517,1,5.738958088612081,1,100.0,CRITICAL
14,2,2,3,0.32298367034877096,1,1.237669319012852,1,93.37754443757208,CRITICAL
12,5,5,9,4.897068049632187,3,14.33353054610757,0,100.0,CRITICAL
13,12,11,5,5.963074688516334,4,7.429828341387979,0,100.0,CRITICAL
18,15,4,1,7.403945798243104,0,12.064984236089085,1,100.0,CRITICAL
5,1,0,1,0.8633369256818157,5,23.104609859984638,1,100.0,CRITICAL
19,19,7,2,4.166625235450315,3,1.515559890550226,1,100.0,CRITICAL
3,0,0,9,2.575411887434378,2,20.963677915081686,0,100.0,CRITICAL
17,1,1,1,2.0687834189127208,4,2.0823128623435414,1,100.0,CRITICAL
7,2,1,8,2.4565662425041177,4,15.685851073913764,0,100.0,CRITICAL
3,3,1,3,3.605683241439724,3,8.238253391046932,0,100.0,CRITICAL
7,2,1,4,7.327847617606449,2,2.403538696743304,1,100.0,CRITICAL
6,4,1,1,4.356905854110539,4,18.166539144901225,1,100.0,CRITICAL
14,1,0,7,0.6317372599460747,3,16.765996313570554,0,100.0,CRITICAL
1,1,1,7,3.47391733151325,2,15.36618507807542,0,100.0,CRITICAL
14,0,0,6,1.0969669454301267,5,23.157172068253807,1,100.0,CRITICAL
11,10,10,6,2.118857875649849,3,0.568260776773843,0,100.0,CRITICAL
9,2,1,6,1.2931763170992638,5,10.431909423719228,1,100.0,CRITICAL
10,0,0,7,9.719969504056593,2,13.503911363513083,1,100.0,CRITICAL
11,7,2,3,8.800870841022949,0,8.584831274095308,1,100.0,CRITICAL
18,4,4,5,6.249474408761028,5,16.06793466037368,0,100.0,CRITICAL
17,11,4,7,2.5055921507948553,1,21.58086820464203,1,100.0,CRITICAL
14,5,5,7,1.7428600405820849,3,16.7276013077401,0,100.0,CRITICAL
17,11,11,3,8.419573028249566,3,13.664997910139624,1,100.0,CRITICAL
7,4,3,0,0.7271432924783616,3,17.708174269097597,1,100.0,CRITICAL
8,6,1,1,6.9321969481980785,3,2.6311412140497277,0,100.0,CRITICAL
8,6,5,3,2.9485046192347744,0,15.11986733656073,0,100.0,CRITICAL
19,3,1,8,4.8961320449211545,5,9.773850422050243,1,100.0,CRITICAL
5,5,4,2,7.287089737454736,1,7.651089087666215,0,100.0,CRITICAL
7,7,2,4,0.36339734641919197,5,12.170603917783994,0,100.0,CRITICAL
13,7,1,0,1.755545694562769,1,19.313589510134715,1,100.0,CRITICAL
15,5,3,4,6.47148970173265,4,9.901685472964854,1,100.0,CRITICAL
14,6,0,0,9.197334085741272,0,16.858782878928146,0,100.0,CRITICAL
15,13,10,5,2.5810510475533555,1,14.133478960278886,1,100.0,CRITICAL
14,12,5,0,1.4967800770852757,1,21.98773141599443,0,100.0,CRITICAL
13,13,0,1,9.248237202413065,2,10.676209541765285,0,100.0,CRITICAL
4,2,1,8,8.653317154397566,5,19.678079933025593,1,100.0,CRITICAL
9,8,0,2,9.09789469168528,2,20.20744108469161,1,100.0,CRITICAL
14,9,1,8,1.247185618709119,0,11.14021288747492,1,100.0,CRITICAL
17,15,1,3,9.23551471864362,0,11.726141166657651,0,100.0,CRITICAL
1,1,0,4,5.8130910000640625,1,8.0019405860354,0,100.0,CRITICAL
1,1,1,6,6.669469992384283,2,11.893265127260854,0,100.0,CRITICAL
4,2,2,3,4.541187352966373,2,5.982092406347091,1,100.0,CRITICAL
8,7,3,9,3.5539799051511967,1,20.59840161893004,1,100.0,CRITICAL
5,3,1,9,1.128538023692679,1,5.997917766271936,0,100.0,CRITICAL
14,1,0,5,2.2361572295366114,4,6.182958330488444,0,100.0,CRITICAL
14,8,1,8,5.8763217935262375,3,21.495806531365716,0,100.0,CRITICAL
2,2,1,7,3.1686375554185053,5,12.771846218525107,1,100.0,CRITICAL
12,9,7,0,1.1969782096900783,0,2.523308387543798,0,100.0,CRITICAL
18,10,7,5,7.09636288258925,0,8.297397710526571,1,100.0,CRITICAL
6,3,2,8,5.28535537751047,4,16.929274624648954,0,100.0,CRITICAL
9,4,1,2,0.4108392080058887,2,9.73930300309338,1,100.0,CRITICAL
9,2,0,2,6.7252724766505025,5,10.15623002765885,1,100.0,CRITICAL
4,3,0,9,8.615020046202188,3,11.9685153338309,0,100.0,CRITICAL
10,9,8,4,7.757219455331681,2,5.3401291546034635,0,100.0,CRITICAL
12,7,0,8,9.246831905702187,4,10.177311656539406,1,100.0,CRITICAL
8,7,3,2,3.3789484110981585,4,5.168209479352345,1,100.0,CRITICAL
16,6,5,4,0.8808084483336021,4,8.417883620494443,0,100.0,CRITICAL
12,1,0,4,7.141269653282362,0,12.776878214289212,0,100.0,CRITICAL
17,11,8,7,9.019671502231754,0,16.6493669642516,0,100.0,CRITICAL
17,10,7,1,3.189969439314979,2,15.214197049692284,1,100.0,CRITICAL
19,8,7,7,2.6535886274595466,5,13.812592330064696,0,100.0,CRITICAL
7,4,4,0,7.148594390371984,1,14.292812966798135,1,100.0,CRITICAL
4,1,1,4,7.282038340778642,0,12.262285222710908,0,100.0,CRITICAL
9,0,0,2,8.295511723738612,5,14.75073107850248,1,100.0,CRITICAL
12,5,1,4,7.458746915971299,3,9.012450370572324,1,100.0,CRITICAL
13,8,7,8,4.004339685472961,3,21.586745073238053,1,100.0,CRITICAL
9,6,1,0,4.230060890276896,3,14.173448600186411,0,100.0,CRITICAL
11,11,1,5,8.046353290933235,4,22.478194191134282,1,100.0,CRITICAL
5,3,0,9,2.6715077404025687,2,9.709969245978915,1,100.0,CRITICAL
8,8,6,5,1.0876174113007864,4,9.468353381674522,1,100.0,CRITICAL
12,11,6,6,2.1794831282669467,3,23.160476916324683,0,100.0,CRITICAL
16,10,0,9,5.053401364697315,3,17.49734279086305,1,100.0,CRITICAL
10,2,2,9,5.704825473142438,4,12.449751153422875,1,100.0,CRITICAL
15,12,6,4,0.7060440059322015,3,17.244150259203064,0,100.0,CRITICAL
12,4,3,6,3.0336346453491325,3,9.521365886892776,1,100.0,CRITICAL
14,5,4,1,7.492924540476242,2,18.21138391144934,1,100.0,CRITICAL
13,5,4,1,8.624725025984953,3,5.029873442116702,0,100.0,CRITICAL
16,10,4,9,1.2993168143504807,4,22.821115949335358,1,100.0,CRITICAL
10,9,1,7,5.187164037825436,4,11.06050820007357,0,100.0,CRITICAL
8,2,1,5,1.4974065883843568,1,2.229755464571669,0,100.0,CRITICAL
14,5,3,4,7.220527289558141,3,20.280307402306214,1,100.0,CRITICAL
5,0,0,2,1.5699507503392518,1,21.464601549435073,1,67.80936552271312,HIGH
6,6,6,3,0.9666952589320998,5,17.518993709031474,1,100.0,CRITICAL
9,9,1,7,4.407226605854273,4,15.112895537038652,0,100.0,CRITICAL
13,7,7,9,0.9472506971010519,1,22.282054903161608,0,100.0,CRITICAL
13,7,4,6,8.160779508430561,5,14.929342477140999,1,100.0,CRITICAL
2,0,0,8,8.26842374663028,3,18.99396617665525,0,100.0,CRITICAL
13,10,7,2,5.1172717933276,0,11.309885746856988,1,100.0,CRITICAL
2,1,1,5,5.724639731189186,2,17.452938337571698,1,100.0,CRITICAL
15,12,6,6,1.325945373361186,5,23.975577428915823,0,100.0,CRITICAL
12,11,2,1,2.7664451081564643,3,9.180122909488103,0,100.0,CRITICAL
10,10,8,3,1.2100226557747096,1,17.282560963431315,0,100.0,CRITICAL
4,2,0,0,2.1437249890703347,1,3.57340630560625,0,66.28183180861839,HIGH
8,4,4,3,3.945282331530403,5,15.24236654139844,1,100.0,CRITICAL
4,4,1,1,6.818449027174815,1,7.749311651771033,1,100.0,CRITICAL
2,0,0,6,7.279629816525995,5,20.798327106936974,0,100.0,CRITICAL
18,18,18,0,4.444716589788059,4,8.631349736578468,1,100.0,CRITICAL
18,16,10,5,2.93040823045277,3,10.683461188570913,0,100.0,CRITICAL
14,11,9,2,8.096428204750875,1,23.527447785018,1,100.0,CRITICAL
10,0,0,7,4.375665646398006,0,5.168900771646045,1,84.75111937472862,CRITICAL
12,6,1,7,5.605185789587082,3,13.554262400532984,1,100.0,CRITICAL
8,5,2,6,2.667446101754698,4,20.7302007959388,0,100.0,CRITICAL
17,4,0,6,0.6651615072231398,3,7.5558423115729045,0,100.0,CRITICAL
12,7,0,0,1.6451431378871029,5,0.3665553501913106,0,100.0,CRITICAL
3,3,2,8,7.131168936669274,5,21.512182546516893,0,100.0,CRITICAL
10,10,2,2,2.7655817618364154,4,14.871171031666453,0,100.0,CRITICAL
11,0,0,7,1.2638660557413939,4,5.530203873580683,0,100.0,CRITICAL
14,6,4,1,6.420279893340178,2,6.632031542785335,1,100.0,CRITICAL
7,5,5,0,4.780012585318314,2,19.190094633805025,1,100.0,CRITICAL
5,2,1,0,0.23230277980544778,0,15.410351610080598,0,83.04564816274002,CRITICAL
1,1,0,7,9.908301777774353,1,17.582411658808567,1,100.0,CRITICAL
12,12,6,8,3.8222806145170543,3,13.853336361776439,1,100.0,CRITICAL
16,3,2,2,6.552015314063038,1,18.96097240194139,0,100.0,CRITICAL
6,0,0,6,9.83581066450938,3,19.705594129961526,1,100.0,CRITICAL
10,1,1,1,6.3458518349575685,0,9.285522246082234,1,98.19338384984333,CRITICAL
15,12,10,7,3.1165200943871207,0,21.62307710533903,0,100.0,CRITICAL
15,9,4,2,4.883262072065034,3,12.124788194493515,0,100.0,CRITICAL
6,0,0,9,1.0279359465931448,4,3.843973158283524,0,100.0,CRITICAL
1,1,1,9,1.6923938682578488,2,5.243388720476021,0,93.21631625771519,CRITICAL
6,0,0,4,3.116469564242629,3,17.61179455097027,0,100.0,CRITICAL
13,6,0,6,0.8475090153081377,4,9.056179445736277,1,100.0,CRITICAL
11,3,2,8,1.135056589495158,3,6.298551557713096,0,100.0,CRITICAL
12,6,0,0,8.395351673405024,3,14.514528020348578,1,100.0,CRITICAL
14,14,1,4,2.4959950737485537,5,18.774484868037458,1,100.0,CRITICAL
9,6,1,0,3.2255493907317403,3,2.621434696381992,1,100.0,CRITICAL
13,10,2,1,1.735847428492373,3,10.779025050795788,1,100.0,CRITICAL
4,4,1,9,4.042140384321954,3,18.515290631742563,0,100.0,CRITICAL
9,9,0,3,6.977915022166612,4,21.687092204329872,0,100.0,CRITICAL
1,0,0,9,9.453251215751097,0,0.32520775681631875,0,87.93931152342155,CRITICAL
8,2,2,2,5.387852829016035,5,15.746157833363227,0,100.0,CRITICAL
2,2,1,9,3.002261332929627,2,14.336912374321281,0,100.0,CRITICAL
13,12,6,4,5.098630113906912,2,12.425783227714138,0,100.0,CRITICAL
13,1,1,5,1.276614985942952,4,3.8447295621333994,0,100.0,CRITICAL
1,0,0,0,6.771367012724278,4,17.802904441650387,0,100.0,CRITICAL
1,0,0,8,3.2846874376142954,3,9.427103335524482,0,100.0,CRITICAL
6,6,0,9,9.448577280024686,0,5.631002228553858,0,100.0,CRITICAL
16,4,0,1,6.585413415705287,5,20.400602988061234,0,100.0,CRITICAL
17,12,6,7,4.761368746876343,0,7.36872098652094,1,100.0,CRITICAL
13,7,3,8,2.3057869081902913,1,4.761973347913543,0,100.0,CRITICAL
18,15,13,0,0.9193849447153701,0,7.489116966748119,0,100.0,CRITICAL
3,1,0,1,1.8817430884506103,3,4.345265518368534,1,60.58573056944029,HIGH
15,3,3,2,5.700323002871469,1,18.654554929040952,0,100.0,CRITICAL
2,2,2,8,5.1959481573084565,4,4.369683228011931,1,100.0,CRITICAL
6,5,5,2,0.09460095150408465,3,17.20003506927241,0,100.0,CRITICAL
14,13,2,5,7.440623907333609,5,3.9000115326707645,0,100.0,CRITICAL
18,13,3,8,0.40145557355127703,5,5.4313542047628935,1,100.0,CRITICAL
4,0,0,6,0.7801775945620704,5,8.220477406287628,0,100.0,CRITICAL
8,4,0,9,7.118943891175275,1,22.801455284136573,1,100.0,CRITICAL
2,1,0,5,6.461051936528489,3,21.931588767887785,0,100.0,CRITICAL
2,0,0,1,2.154246789910329,4,2.0427772400675215,0,75.76946017112743,CRITICAL
17,4,1,5,6.628274289872628,1,8.059751763827759,0,100.0,CRITICAL
4,2,0,9,0.18970424583680812,3,8.312271367116239,0,100.0,CRITICAL
16,11,8,0,2.7808622056871846,2,5.077534909877783,0,100.0,CRITICAL
2,2,1,6,7.595465025313653,4,10.454805204784435,0,100.0,CRITICAL
19,19,5,5,4.747043125068221,1,17.951885969939653,1,100.0,CRITICAL
6,4,3,7,8.555820981004207,2,2.384187917939448,0,100.0,CRITICAL
2,0,0,1,1.4364237665048762,2,16.119629155404276,0,78.6439725208283,CRITICAL
9,2,2,0,8.626362995601427,1,6.258324112999006,1,100.0,CRITICAL
6,0,0,8,4.861606345309941,0,15.418554547562358,0,100.0,CRITICAL
6,0,0,8,1.014794005764773,0,16.365444702644126,0,99.66459542809936,CRITICAL
8,3,0,9,0.46623826451931194,3,17.475298863729755,0,100.0,CRITICAL
1,1,1,6,0.012968703858857733,1,20.681031237879004,1,96.23953780819713,CRITICAL
16,15,2,0,6.370472876352928,1,21.590874350347654,1,100.0,CRITICAL
10,5,0,1,2.220646209265018,2,18.219125298402734,0,100.0,CRITICAL
19,6,0,8,1.459514014543456,2,11.546358014275361,0,100.0,CRITICAL
18,7,5,4,6.014174415353648,5,1.0603844820561212,0,100.0,CRITICAL
16,5,0,1,4.09147571433151,2,22.49058027553537,1,100.0,CRITICAL
1,0,0,4,4.495062114504034,4,14.431859104915413,1,100.0,CRITICAL
15,13,5,0,1.3401568098593086,0,12.829703994064744,1,100.0,CRITICAL
16,8,4,9,2.5321315945777476,3,5.747655630761702,0,100.0,CRITICAL
11,5,2,4,0.990124060345533,3,16.421668366587436,0,100.0,CRITICAL
6,5,4,6,3.3496676777604426,1,23.873542885795654,1,100.0,CRITICAL
14,12,10,7,3.0860745226663977,2,7.920698979201846,1,100.0,CRITICAL
16,14,9,2,7.776328846318789,1,19.189920717349242,1,100.0,CRITICAL
4,1,1,3,9.867362644946306,0,6.986950571002843,1,100.0,CRITICAL
8,3,1,1,9.991839737786593,4,11.705545706492662,1,100.0,CRITICAL
19,4,0,0,3.85943461678392,0,5.118869379041596,0,100.0,CRITICAL
19,7,2,9,7.9309871647495935,1,12.306832894059168,1,100.0,CRITICAL
1,0,0,7,2.79124979186132,2,11.023218370091957,0,99.28335381806754,CRITICAL
3,3,0,6,1.4301672164331647,1,0.9339834320891098,0,86.80201381320488,CRITICAL
8,0,0,7,6.399538774483338,2,9.163333514353663,0,100.0,CRITICAL
13,0,0,4,4.768987670715417,2,1.5053379577739747,0,100.0,CRITICAL
19,1,1,4,5.936863226492326,5,10.815015840846971,0,100.0,CRITICAL
1,1,0,0,3.6629948729234973,1,23.524111221066754,0,83.63342847715434,CRITICAL
13,2,1,8,3.0205139276070025,4,7.031445842912229,1,100.0,CRITICAL
10,5,5,2,9.277902984568401,5,12.375353206155102,0,100.0,CRITICAL
16,6,4,0,8.835098609347833,1,3.1247120648649247,1,100.0,CRITICAL
9,0,0,3,1.2378299602240506,0,3.695343068128196,1,49.22141470707576,MEDIUM
2,0,0,3,6.523125025218869,0,8.531267114592584,1,71.53746740812477,HIGH
8,1,0,7,3.5785666612574563,3,11.75369953587648,0,100.0,CRITICAL
3,2,0,9,5.675296692849417,0,16.83381504669985,0,100.0,CRITICAL
2,0,0,9,2.071969341322882,5,10.960624786562537,0,100.0,CRITICAL
4,2,0,4,7.236519834903627,0,0.5852494707721396,1,95.6128096201196,CRITICAL
16,8,1,9,3.098028171623323,1,6.503012799514248,0,100.0,CRITICAL
8,0,0,4,6.885436002599251,1,0.594559139834618,1,78.76168654668317,CRITICAL
15,1,1,0,1.4320825605832854,4,22.030601598644402,1,100.0,CRITICAL
16,14,5,3,1.3369438256480204,0,0.6968421733406256,0,100.0,CRITICAL
18,8,2,7,3.476841778028088,4,1.1901694827942437,1,100.0,CRITICAL
10,6,0,7,9.971843686049139,4,7.158611934656641,1,100.0,CRITICAL
19,18,2,3,8.610436618668206,0,15.175891628783678,1,100.0,CRITICAL
14,10,3,2,6.207695199289404,1,8.590964108316015,1,100.0,CRITICAL
19,17,3,3,3.0884525678390826,2,1.4775810098633313,1,100.0,CRITICAL
14,9,4,5,1.640431007477321,2,20.070028971552663,1,100.0,CRITICAL
3,0,0,2,7.4391128635245956,2,16.805292176155262,0,100.0,CRITICAL
14,5,4,2,2.0413893642089365,4,9.512929086634937,1,100.0,CRITICAL
2,1,1,8,4.114277416134654,2,16.24576768900834,0,100.0,CRITICAL
2,0,0,2,5.291942168562667,5,6.590086201127763,1,81.054350261255,CRITICAL
3,2,1,0,0.9254637265156873,3,12.668827295241417,1,87.528224693638,CRITICAL
2,0,0,2,7.793776657040001,3,21.132199827488428,1,100.0,CRITICAL
6,4,0,7,9.41277713959313,5,2.584345656028038,1,100.0,CRITICAL
4,1,0,8,1.466732160896902,4,20.325447434168062,1,100.0,CRITICAL
1,0,0,3,8.675614206319935,1,18.925160800724118,1,93.89418819875843,CRITICAL
3,2,0,5,4.8471169981530435,0,22.77842109841268,0,100.0,CRITICAL
16,16,10,9,1.3578335231572902,4,12.330643190988528,1,100.0,CRITICAL
15,10,5,7,6.078108037731873,2,6.597863350943272,1,100.0,CRITICAL
11,8,0,6,9.302542794146765,0,8.474384264100413,1,100.0,CRITICAL
19,2,2,7,9.573880979447257,5,15.355424153703687,0,100.0,CRITICAL
4,1,0,2,7.197709046658235,1,3.379088620390828,1,82.39558056387087,CRITICAL
1,0,0,3,4.9357349129741195,2,8.440033281147228,1,65.58387240380463,HIGH
2,2,0,0,1.866837497314917,5,17.434391558183485,1,100.0,CRITICAL
10,1,0,3,5.999362977590808,3,13.769933615454907,0,100.0,CRITICAL
3,1,0,4,6.133903899480813,3,1.5060545996271735,1,82.42290520857736,CRITICAL
17,5,1,1,1.1108734768449968,4,11.924503171353248,1,100.0,CRITICAL
12,2,2,0,2.5377851125554574,1,12.58120394155985,1,100.0,CRITICAL
2,1,0,4,3.073352173531081,4,16.819349947895308,1,100.0,CRITICAL
13,7,7,7,8.596307452758927,5,0.2557210537305714,1,100.0,CRITICAL
4,0,0,7,5.834476298925306,1,10.281675634020148,1,100.0,CRITICAL
15,0,0,8,2.439169022903105,4,21.278792654967674,0,100.0,CRITICAL
17,0,0,7,3.100520129475819,0,0.6035638078357186,1,98.64013458430843,CRITICAL
11,10,7,6,1.458969386449458,4,16.137845751548603,1,100.0,CRITICAL
1,1,0,0,0.4426468522653526,0,5.356371848377398,0,43.0252380617589,MEDIUM
2,2,1,9,5.097448101067278,1,9.299652416979011,0,100.0,CRITICAL
10,5,5,0,0.3184202066067088,0,21.218676185567844,0,100.0,CRITICAL
7,0,0,7,9.92043574360445,0,8.700663359216954,1,100.0,CRITICAL
11,3,0,4,7.72337410287809,4,13.090829950325386,1,100.0,CRITICAL
19,12,9,5,7.778718936333361,0,2.1513949359044666,1,100.0,CRITICAL
10,0,0,3,7.545157758509852,2,7.792933499655405,1,100.0,CRITICAL
2,1,0,3,6.411106313720307,2,3.3996194455163478,0,92.34388633503787,CRITICAL
14,1,0,9,0.6997132978375897,1,13.477373086063333,1,100.0,CRITICAL
7,5,2,8,4.559849184296025,2,11.034878308141653,0,100.0,CRITICAL
13,1,0,7,2.789604804744555,4,6.349840480616131,1,100.0,CRITICAL
2,1,1,3,2.982268992260022,0,23.990957188666414,0,100.0,CRITICAL
6,0,0,6,3.7070921405317305,0,3.67858530542627,1,63.23807183043527,HIGH
1,0,0,7,3.2066314317615685,1,19.811553144963927,0,100.0,CRITICAL
11,1,1,6,6.622064945815955,0,0.8582642368714755,0,100.0,CRITICAL
7,6,6,4,0.07451204366029418,0,20.32409942303677,0,100.0,CRITICAL
5,5,3,9,3.6627237068078533,0,11.447830770194521,0,100.0,CRITICAL
18,10,5,0,9.444481593464987,1,19.876563389431197,0,100.0,CRITICAL
12,0,0,5,2.578821934413522,2,17.932544023542253,1,100.0,CRITICAL
18,8,1,7,6.213266305337459,5,13.743223611290063,1,100.0,CRITICAL
9,3,3,5,5.6042109044047415,2,8.917599317377338,0,100.0,CRITICAL
2,0,0,7,4.892752543761983,3,15.972294424461328,0,100.0,CRITICAL
18,14,2,5,1.2218507248547372,4,19.981153660802104,0,100.0,CRITICAL
2,1,1,1,8.358380691667067,3,12.079345751932529,1,100.0,CRITICAL
2,0,0,5,5.672742876289516,1,9.956830194674325,1,92.15664306354603,CRITICAL
14,14,13,8,5.38622091000414,1,3.429457087706588,0,100.0,CRITICAL
7,5,4,1,9.492168703854507,5,21.509947702670225,1,100.0,CRITICAL
1,0,0,2,0.828003664242456,2,6.415281922960732,1,42.25831827714324,MEDIUM
9,9,5,8,4.915447736997347,5,2.9645029748143674,1,100.0,CRITICAL
12,5,3,6,7.06013832277769,5,1.589314236199133,1,100.0,CRITICAL
1,0,0,0,7.971527560268149,0,18.018732467199587,1,78.29913871336021,CRITICAL
1,1,0,3,0.008732516708741533,3,16.19990513384174,0,89.62979038970742,CRITICAL
9,4,3,3,6.821932328325394,1,2.8910014648737796,1,100.0,CRITICAL
16,15,8,9,9.55705822095833,4,12.72341499604454,1,100.0,CRITICAL
17,1,0,4,7.302388136116676,3,3.6646933688752794,0,100.0,CRITICAL
1,1,1,6,4.190330156589716,4,9.205731043834124,0,100.0,CRITICAL
5,3,3,4,8.760072850323649,5,18.788841067323276,1,100.0,CRITICAL
16,4,4,9,8.786261377170826,4,5.468061457662676,0,100.0,CRITICAL
5,4,4,5,6.88215211960645,2,0.6651581056889118,0,100.0,CRITICAL
7,0,0,8,6.660879616856449,2,4.64008958098603,1,100.0,CRITICAL
17,6,5,1,3.4438084059099205,4,9.611877849135386,0,100.0,CRITICAL
6,0,0,5,2.42500714883372,3,5.800375668602099,1,88.31804164983706,CRITICAL
3,0,0,5,6.298121347776747,2,17.3333429531312,0,100.0,CRITICAL
7,5,3,0,0.07882360112521525,3,18.940304738123082,1,100.0,CRITICAL
14,9,6,5,8.429979620724962,2,5.772075982655425,0,100.0,CRITICAL
17,4,2,6,9.026977092639585,0,6.446941155679384,0,100.0,CRITICAL
14,13,3,6,1.6402460344413416,1,13.441742149932836,1,100.0,CRITICAL
12,8,4,2,5.725052827331016,0,18.060371195187788,1,100.0,CRITICAL
9,3,1,7,1.7826769215481142,0,23.02485536359241,0,100.0,CRITICAL
6,5,0,6,4.945193761329887,1,7.213235629787491,1,100.0,CRITICAL
2,1,0,3,6.3842560823268,2,21.86570658972547,1,100.0,CRITICAL
6,0,0,3,3.9053677690567357,2,4.362237636520136,1,68.25254771634194,HIGH
9,1,0,9,8.948287477498152,0,0.9854391808128069,0,100.0,CRITICAL
11,1,1,6,8.911855277759058,2,19.0198440059104,1,100.0,CRITICAL
1,1,0,1,5.3073505040735425,4,11.486739896412903,1,95.62706865494151,CRITICAL
12,5,3,4,5.804708004226098,4,1.8445426309789443,1,100.0,CRITICAL
5,0,0,5,0.02714232519257176,2,1.7065456211468835,1,59.90436362569652,HIGH
13,4,2,3,3.379369659337057,4,0.32684441786759066,1,100.0,CRITICAL
15,9,2,0,7.607733386788734,1,7.351802014022846,1,100.0,CRITICAL
13,1,1,0,9.940620732027861,0,17.648720091117514,0,100.0,CRITICAL
2,1,0,2,9.452842242574405,2,15.967533368087707,0,100.0,CRITICAL
9,0,0,8,0.9458817811589637,5,23.992026937956947,0,100.0,CRITICAL
8,2,1,1,4.171954267500628,0,14.254356742748003,1,93.98139668533202,CRITICAL
4,2,2,4,0.5464424649575184,1,2.6513340556460703,1,71.26201909365685,HIGH
15,9,9,6,8.374252886458681,0,23.484010684933764,1,100.0,CRITICAL
5,5,5,1,7.300596094804495,2,16.631316492889663,0,100.0,CRITICAL
10,5,2,0,9.217475147201544,1,8.97685903913835,0,100.0,CRITICAL
9,3,2,6,5.017069029544784,5,5.927875538480944,0,100.0,CRITICAL
4,4,2,4,1.0327253342248877,1,5.332000659350152,0,100.0,CRITICAL
1,0,0,6,5.839854567647166,4,22.94959646352823,1,100.0,CRITICAL
11,10,5,0,8.671531506026701,2,10.066102618100544,1,100.0,CRITICAL
11,7,0,5,0.5005270146187579,1,11.683360446874499,1,100.0,CRITICAL
9,6,3,5,8.148334035113837,1,20.083252454343075,1,100.0,CRITICAL
5,0,0,6,6.236042636566117,5,23.13273942373425,1,100.0,CRITICAL
19,10,6,7,1.322265703272485,5,0.10544043983987716,0,100.0,CRITICAL
3,0,0,8,6.591592905717112,0,23.76583821603598,0,100.0,CRITICAL
8,4,0,9,0.620914494205812,4,1.8110766397348828,1,100.0,CRITICAL
16,15,3,4,1.7445172179948354,0,20.08403951560657,0,100.0,CRITICAL
17,8,8,3,0.5834476948364009,1,22.807645907514864,0,100.0,CRITICAL
4,2,2,4,5.843296178155521,1,13.466726621183783,1,100.0,CRITICAL
15,10,1,9,2.8773078416579367,0,13.241123956407526,0,100.0,CRITICAL
13,13,5,4,2.8844522352152238,0,16.05633350188119,1,100.0,CRITICAL
9,9,4,8,6.46462353910959,1,8.467955597923282,0,100.0,CRITICAL
10,8,1,6,1.0999708620686122,1,3.9792816596205656,1,100.0,CRITICAL
2,0,0,1,6.332034512712912,4,1.59396166524066,0,87.00795536298584,CRITICAL
6,1,1,1,6.978949731749692,1,21.146428448874786,1,100.0,CRITICAL
5,2,2,0,8.574442202674978,5,13.135861064839096,0,100.0,CRITICAL
17,10,2,1,6.71445406913528,1,16.65769476811371,1,100.0,CRITICAL
4,3,2,1,6.534318182722067,2,7.969252407203339,1,100.0,CRITICAL
8,8,2,4,6.565730129989733,3,19.368205005009322,1,100.0,CRITICAL
1,0,0,8,0.41155651776010327,3,8.398110098688498,0,80.68832019723223,CRITICAL
4,4,4,6,4.417352890268016,1,0.714267544014672,1,100.0,CRITICAL
18,18,12,4,5.511761511012114,4,8.08570627967076,0,100.0,CRITICAL
13,7,6,9,6.650924308080446,2,20.4078216276869,0,100.0,CRITICAL
18,3,1,3,2.912096237134958,1,21.02132333728013,0,100.0,CRITICAL
3,3,3,5,6.7791276195403665,2,22.43324731578676,1,100.0,CRITICAL
18,6,4,3,3.9585480491272564,0,11.98748314026823,0,100.0,CRITICAL
10,7,4,9,7.1532571791958945,4,22.958237980491408,0,100.0,CRITICAL
19,7,5,6,1.850432642766563,3,11.980284258206469,0,100.0,CRITICAL
2,2,0,2,3.046836605321388,2,3.693970937034436,0,83.30654367799981,CRITICAL
14,6,1,7,9.4959923555746,5,12.048887202479813,0,100.0,CRITICAL
19,7,7,7,7.579170732756992,5,20.84674131777053,0,100.0,CRITICAL
5,2,2,2,8.98624210777997,1,18.856556305550697,1,100.0,CRITICAL
16,3,3,6,2.001919432145529,0,10.417276165406106,1,100.0,CRITICAL
10,9,6,0,9.42881769425601,4,5.101040467296009,0,100.0,CRITICAL
5,4,3,4,7.441869352702115,5,13.946870577246145,0,100.0,CRITICAL
14,6,3,8,5.9056663899575,2,22.34940885044538,0,100.0,CRITICAL
7,7,0,1,0.12750901800054115,0,4.259813196763483,1,89.74318363262552,CRITICAL
10,10,6,2,0.519082161404375,5,19.84896505001229,1,100.0,CRITICAL
11,1,0,3,7.7244799019404295,2,3.5357906601346265,1,100.0,CRITICAL
19,19,19,1,6.689737441887035,2,22.070421040073974,1,100.0,CRITICAL
11,5,5,9,2.136688569118915,2,16.638148599404946,1,100.0,CRITICAL
3,0,0,5,4.412953751721652,4,2.6203531296464995,1,100.0,CRITICAL
7,1,0,4,6.5596847729259276,4,4.858195504708428,0,100.0,CRITICAL
14,6,5,4,0.1526517174926234,3,22.246121263258445,1,100.0,CRITICAL
6,1,0,7,6.771491516658842,2,12.181594559451632,0,100.0,CRITICAL
13,9,6,5,4.015497178449641,0,10.883779240542221,1,100.0,CRITICAL
14,1,0,0,0.9486886687101126,5,1.39852660108561,0,100.0,CRITICAL
15,0,0,0,1.6354630748058874,1,2.0169549939248297,0,70.96935763499219,HIGH
18,13,0,9,4.266389046628932,2,16.599566179885873,0,100.0,CRITICAL
11,1,1,9,6.263609384210314,3,18.646412994925424,1,100.0,CRITICAL
10,9,3,4,3.4434238552731466,5,20.808156240793927,0,100.0,CRITICAL
11,3,0,2,1.1009164311151753,5,12.06743722729382,0,100.0,CRITICAL
19,3,3,7,8.263183374667284,4,7.885766405169063,0,100.0,CRITICAL
15,11,4,1,5.002651640896925,3,15.012543094570274,1,100.0,CRITICAL
3,2,1,4,2.8290168021522364,3,14.853122729339646,1,100.0,CRITICAL
3,2,2,5,6.833112261177764,2,0.8319935593027941,1,100.0,CRITICAL
1,1,0,2,3.3627597714255817,2,22.531267225554373,0,99.53285027167439,CRITICAL
15,4,2,7,3.617149034744794,0,15.42144655522324,1,100.0,CRITICAL
13,10,1,7,2.7761082551219953,0,0.1552456951935186,0,100.0,CRITICAL
15,11,11,5,3.6094745108653328,3,23.031220883826247,0,100.0,CRITICAL
18,11,8,8,2.623795982447148,0,22.863622875408133,1,100.0,CRITICAL
18,5,5,2,9.824057012110073,5,22.702074038771215,1,100.0,CRITICAL
9,1,0,2,2.5753053505157766,0,21.333570831535877,1,83.57002302217074,CRITICAL
18,1,0,7,6.4705968817403505,1,4.4312645471145915,1,100.0,CRITICAL
11,2,0,9,1.9215696537792615,0,23.452149403558586,0,100.0,CRITICAL
18,15,15,3,5.567994280768125,3,18.286378805382352,1,100.0,CRITICAL
6,6,2,9,5.0893077530815365,2,15.37816856357544,1,100.0,CRITICAL
17,1,1,0,5.537068970053134,4,22.624094675375066,1,100.0,CRITICAL
17,16,5,7,3.5641078620627087,2,9.146094550691938,1,100.0,CRITICAL
9,3,2,7,8.70788903612912,3,22.352855814470473,0,100.0,CRITICAL
3,2,1,4,2.9788075610868336,4,14.536428063022099,0,100.0,CRITICAL
12,9,6,1,8.71379837409806,5,13.903136788852553,1,100.0,CRITICAL
3,2,2,6,4.063382910587241,1,15.502834008507609,1,100.0,CRITICAL
4,4,4,3,6.522760794941473,3,18.099848217419975,0,100.0,CRITICAL
10,6,1,7,0.10068211419413942,3,10.678082431833076,0,100.0,CRITICAL
5,3,0,9,4.409760107571742,5,23.534503295744393,1,100.0,CRITICAL
3,2,0,5,6.496569301957113,3,2.124451042538948,1,100.0,CRITICAL
7,4,0,6,2.976097581019231,2,21.93177675221321,0,100.0,CRITICAL
2,2,0,9,3.2144100523881027,5,15.778154517091615,0,100.0,CRITICAL
6,4,3,1,3.9699331243534286,4,21.837995907593626,1,100.0,CRITICAL
19,16,11,4,2.6909459304050043,1,8.850240542118993,0,100.0,CRITICAL
10,10,3,3,6.030722823846556,0,19.895969607570585,1,100.0,CRITICAL
8,7,1,2,0.4916571370020051,4,14.783714575496859,0,100.0,CRITICAL
16,5,1,6,8.311408628060654,3,19.946612355333166,0,100.0,CRITICAL
2,2,2,0,9.599872114404866,3,7.8005370393004,1,100.0,CRITICAL
16,5,2,5,1.6564730451903076,3,22.01522789937411,0,100.0,CRITICAL
14,14,12,2,2.2511523190960316,3,22.181780914234178,1,100.0,CRITICAL
13,9,9,6,9.488581968637613,1,11.395758996333363,0,100.0,CRITICAL
9,3,2,8,1.6414520300166413,2,9.607557003977321,0,100.0,CRITICAL
9,8,8,2,1.0633817996471862,4,13.80465816003968,1,100.0,CRITICAL
8,8,7,0,7.932612683209554,1,4.804425609246178,0,100.0,CRITICAL
7,5,0,2,6.776608325346205,1,11.909030342740971,1,100.0,CRITICAL
16,10,1,8,6.798674181412602,1,21.523699077786873,0,100.0,CRITICAL
6,5,3,9,2.2664563779405933,1,8.76422397376162,1,100.0,CRITICAL
11,10,10,3,3.759185329723441,1,17.66517110769766,0,100.0,CRITICAL
19,8,5,2,1.5932999020193772,1,14.954945653039974,1,100.0,CRITICAL
8,0,0,6,1.6160425370878062,1,6.273363030089092,1,74.36472227733037,HIGH
19,5,4,6,4.956823785909764,2,12.762369148148771,1,100.0,CRITICAL
15,5,2,3,6.727108433508238,2,20.462187878830687,1,100.0,CRITICAL
11,4,3,8,3.207217254637793,5,13.31805325538282,1,100.0,CRITICAL
9,9,3,8,4.75361502507933,1,16.72426581026535,0,100.0,CRITICAL
16,2,1,1,3.4835736678918794,3,18.609341091984604,0,100.0,CRITICAL
13,5,3,6,9.147815332490008,0,1.1855911186081594,0,100.0,CRITICAL
10,5,3,7,7.034093525327569,1,1.2301056563851747,1,100.0,CRITICAL
10,0,0,7,6.251529642080554,4,2.7590395774723646,1,100.0,CRITICAL
9,3,0,9,7.303198561818103,4,3.912008043982838,0,100.0,CRITICAL
2,1,1,0,2.6795586241344047,1,19.47462352573024,0,96.41816846174095,CRITICAL
1,1,1,1,9.297935801149501,2,10.454065046923386,0,100.0,CRITICAL
8,0,0,7,1.9948914435561294,5,4.446305944698445,1,96.97207644045221,CRITICAL
16,5,0,6,1.3808552946537045,4,12.763252941809423,0,100.0,CRITICAL
11,1,1,6,9.060005851559026,2,18.32016555540055,1,100.0,CRITICAL
9,4,0,0,2.599122753413763,0,3.3615282922799503,1,77.5560144415954,CRITICAL
19,18,15,1,8.483636429830863,3,8.26566142434559,1,100.0,CRITICAL
18,14,7,1,2.9765800059608805,2,4.664876361161187,1,100.0,CRITICAL
7,3,0,2,2.9447322606189763,4,15.512997848473132,1,100.0,CRITICAL
10,2,1,2,9.577783501767485,5,3.2840383722916915,0,100.0,CRITICAL
6,0,0,2,9.652997806145363,0,18.746296006383908,1,100.0,CRITICAL
4,4,1,3,9.617915204329272,3,4.98775210459619,1,100.0,CRITICAL
1,0,0,3,1.3720154086807168,5,1.4064479014323457,1,63.3286423610905,HIGH
4,1,1,8,5.71692733888216,5,21.86084687808124,0,100.0,CRITICAL
3,1,0,2,0.3644854622266147,2,7.997095608778579,0,74.69959141265696,HIGH
3,3,1,2,6.864648059620988,3,12.06588973244396,1,100.0,CRITICAL
14,9,6,8,6.711226715829052,0,2.4238120037131683,0,100.0,CRITICAL
5,1,1,3,9.92325626996455,0,11.507079913531435,1,100.0,CRITICAL
1,0,0,5,8.778196972233916,1,5.341507240168883,0,98.47807956064754,CRITICAL
11,9,7,9,2.1818557133471996,1,20.169084006289765,0,100.0,CRITICAL
6,3,3,4,4.437977382619152,2,17.130106647047608,1,100.0,CRITICAL
2,0,0,9,2.572914471901754,4,15.91934372399891,1,100.0,CRITICAL
13,13,13,2,0.47745797083579844,1,18.75027266086534,1,100.0,CRITICAL
1,0,0,7,3.824680851955282,2,7.049236518357572,0,100.0,CRITICAL
8,8,8,4,1.077028136209901,3,10.887571031570726,0,100.0,CRITICAL
10,5,2,7,7.648933630364381,0,2.0776954454544256,1,100.0,CRITICAL
15,13,3,5,3.8942559802255703,1,1.6268265994813822,0,100.0,CRITICAL
3,0,0,8,0.31239684957199976,2,7.898196713954434,0,95.96061843031238,CRITICAL
6,0,0,1,2.7069988729417984,5,19.745885243184997,0,100.0,CRITICAL
2,0,0,6,3.3274290225553758,5,14.343961167357921,0,100.0,CRITICAL
3,2,2,9,4.531906625984147,0,10.18824487461227,1,100.0,CRITICAL
9,2,0,3,6.811955726474794,3,23.20776571777648,1,100.0,CRITICAL
5,4,1,9,7.878861842613613,1,10.612067809021966,1,100.0,CRITICAL
6,5,2,6,9.858060175919219,1,11.253102558901753,0,100.0,CRITICAL
10,4,1,8,8.542260681928756,3,23.82071225796509,1,100.0,CRITICAL
9,7,2,9,4.576139799439706,5,3.1527051333545986,0,100.0,CRITICAL
1,1,0,0,1.0548955621757417,4,6.134734057366298,0,66.28820659790361,HIGH
16,4,2,4,6.639955837447241,2,10.879365141337356,1,100.0,CRITICAL
6,3,3,5,4.223826469148766,3,13.711010784910304,1,100.0,CRITICAL
16,11,6,3,4.0559421532234925,5,3.5539791674817645,0,100.0,CRITICAL
3,0,0,9,3.3774910177833006,0,7.891741820407095,0,84.43652586098358,CRITICAL
14,7,6,5,1.6885157858375288,0,5.286331403860092,1,100.0,CRITICAL
8,8,6,0,0.8879406164317771,4,20.397505080932564,1,100.0,CRITICAL
14,14,4,7,8.188902968641937,3,20.030878309298203,1,100.0,CRITICAL
15,2,1,5,1.8496457684548906,5,5.7560931706869525,1,100.0,CRITICAL
10,3,1,9,6.9983679454009,2,10.438228887527027,0,100.0,CRITICAL
17,15,14,3,7.267618399077192,3,15.63941891456152,0,100.0,CRITICAL
8,8,5,4,3.0734836997292003,4,1.1559162237275107,1,100.0,CRITICAL
19,18,5,7,5.562283193447711,1,21.206594873464528,1,100.0,CRITICAL
4,1,1,1,7.113531981871262,5,12.264568800295017,1,100.0,CRITICAL
10,10,3,3,1.3444558527792683,3,5.436933668774181,1,100.0,CRITICAL
4,3,1,6,1.693531384796526,4,9.522120424687,0,100.0,CRITICAL
4,3,1,1,7.175586967043656,4,21.640090103263518,0,100.0,CRITICAL
10,6,3,5,2.798645089391024,1,0.5947965375647986,0,100.0,CRITICAL
3,3,3,8,1.071940801021517,4,3.426973428676914,1,100.0,CRITICAL
18,14,4,1,5.2024294024125215,2,4.62573217318801,1,100.0,CRITICAL
14,2,2,3,8.063622610421703,4,1.4426938586315066,0,100.0,CRITICAL
14,1,1,9,3.061635310630524,1,5.406138623503755,1,100.0,CRITICAL
14,9,0,9,2.6053216472176697,5,19.611743154385742,1,100.0,CRITICAL
7,2,0,4,2.0776782008855257,3,12.649841557059611,1,100.0,CRITICAL
9,7,7,9,4.766870294124303,4,14.53038804405336,1,100.0,CRITICAL
2,2,0,7,5.727611360133569,4,3.7412412749384867,0,100.0,CRITICAL
3,2,0,4,1.3456571005212292,2,6.6795652084966415,1,79.83002075869804,CRITICAL
12,10,10,4,8.014335297248047,1,22.019717663044172,0,100.0,CRITICAL
19,10,0,9,5.300737774196675,1,5.050560670561379,0,100.0,CRITICAL
16,12,6,8,5.627617106402684,5,21.761846812244002,1,100.0,CRITICAL
7,6,6,9,1.1755874089628104,1,15.9171288335715,0,100.0,CRITICAL
12,0,0,5,6.232453530850507,1,12.066544527956196,1,100.0,CRITICAL
10,8,3,4,6.783192840614306,5,4.174783661398087,0,100.0,CRITICAL
3,3,1,2,4.038150363560824,1,16.16640948777605,1,87.2836799309255,CRITICAL
8,3,1,0,5.992132921474152,0,21.273535467305667,1,100.0,CRITICAL
7,0,0,5,2.334181303909336,3,3.8347404521354314,1,80.89778680658364,CRITICAL
9,3,3,9,6.392818647994908,4,0.14830200912457503,1,100.0,CRITICAL
19,0,0,8,5.330198354709266,4,17.761467181473712,1,100.0,CRITICAL
5,5,1,3,5.82800286540508,4,14.411058503895148,1,100.0,CRITICAL
9,7,0,7,2.517012847660464,2,12.07409842286173,0,100.0,CRITICAL
16,10,0,1,7.891054443917351,1,10.945101301037665,0,100.0,CRITICAL
9,4,1,1,8.259615219930188,3,11.942315137751848,0,100.0,CRITICAL
12,8,8,3,1.0475189546511687,4,8.989996240958444,0,100.0,CRITICAL
15,9,1,1,8.676263644784326,5,1.975961436007716,1,100.0,CRITICAL
18,17,3,5,7.758931183664193,1,18.617375075012276,0,100.0,CRITICAL
9,1,0,7,5.532422026553378,1,11.228013874010282,0,100.0,CRITICAL
3,3,2,2,0.5509987519521276,1,19.798904542923708,1,100.0,CRITICAL
11,5,1,2,5.2326750441453935,2,23.573297934750236,1,100.0,CRITICAL
6,5,2,3,4.68585592394564,3,4.122001308987704,1,100.0,CRITICAL
9,5,2,4,2.2346240617586224,5,19.04361155800127,1,100.0,CRITICAL
3,1,0,2,8.335346684900278,4,23.460436882092065,0,100.0,CRITICAL
9,5,3,5,3.2054004027654037,0,17.386488477658016,1,100.0,CRITICAL
3,0,0,4,5.802546039285064,2,5.903253844908082,1,97.81049301583468,CRITICAL
19,0,0,7,4.505569399616079,5,21.51565847444405,0,100.0,CRITICAL
4,0,0,9,8.78469228400596,2,19.03734637371363,1,100.0,CRITICAL
13,12,3,3,5.00968082324428,0,10.783426116224188,0,100.0,CRITICAL
17,11,2,5,2.7799769448473723,2,13.741623870168144,1,100.0,CRITICAL
2,1,0,8,7.221447285957155,4,17.32613238397522,1,100.0,CRITICAL
16,2,1,5,7.6739563174635546,3,2.988497075044516,0,100.0,CRITICAL
1,1,1,9,9.346523599842966,3,22.2476144990474,1,100.0,CRITICAL
3,3,0,4,7.462189062974993,4,23.698658693771748,0,100.0,CRITICAL
16,5,4,7,0.4959038139973637,4,7.932779168501754,1,100.0,CRITICAL
6,4,0,3,8.290784757956326,3,17.162039320638325,0,100.0,CRITICAL
8,7,4,5,4.823245541094391,5,10.111313401255398,0,100.0,CRITICAL
5,1,1,6,1.4621176094451516,4,0.6656435158795864,0,100.0,CRITICAL
8,6,3,9,9.784750843585929,2,23.009205204599194,1,100.0,CRITICAL
1,1,1,5,6.5003959762913555,3,3.4157213739823042,1,100.0,CRITICAL
19,9,1,7,8.923031547259793,0,1.7986444323452009,1,100.0,CRITICAL
2,1,1,1,1.7766620964006519,0,20.092540366424558,0,83.92079587955457,CRITICAL
6,2,1,4,7.764357394625141,4,0.8128203072316893,1,100.0,CRITICAL
6,3,3,2,5.965089666713489,0,16.509289067546327,1,100.0,CRITICAL
9,2,2,3,3.863258522260021,0,22.321825289291162,0,100.0,CRITICAL
1,0,0,9,2.136734075487313,3,9.74847881357081,0,98.4973206253042,CRITICAL
2,1,1,7,3.4074807305653465,2,1.6404351155365804,1,73.62177547254478,HIGH
19,1,0,1,5.340882896904051,1,5.239019281867143,1,100.0,CRITICAL
16,2,0,8,7.330370518155993,0,22.75977873670256,1,100.0,CRITICAL
9,4,4,6,4.359445211835524,4,11.169264909959562,0,100.0,CRITICAL
5,2,2,0,3.9253744917782973,1,12.992639811188129,1,100.0,CRITICAL
11,2,0,2,0.08560897470198947,0,3.7454665022611957,1,69.080909540318,HIGH
14,6,6,7,9.493025258001385,2,22.03240557988474,1,100.0,CRITICAL
13,11,7,1,7.70720955695562,5,12.411128615471103,1,100.0,CRITICAL
3,3,0,9,9.958895345381425,0,12.692655401856932,1,100.0,CRITICAL
2,1,0,6,9.2033269514294,4,13.825133929626992,1,100.0,CRITICAL
16,3,1,0,8.629850206032959,2,18.417001832169078,1,100.0,CRITICAL
11,11,10,2,0.580827060134298,4,4.870871822555691,1,100.0,CRITICAL
3,1,0,9,6.1561123219388865,4,22.615909133306772,0,100.0,CRITICAL
15,6,3,1,2.253551231776172,4,4.2097207643207035,1,100.0,CRITICAL
3,1,0,1,8.815437124671405,4,4.737960071066446,1,96.90308077330985,CRITICAL
19,16,7,9,8.197684045766652,4,0.2977962615107703,0,100.0,CRITICAL
4,4,1,1,1.7039417555813363,2,0.4724213111142692,0,87.12508526655792,CRITICAL
5,3,2,3,7.8647007928203685,3,10.29219934002331,0,100.0,CRITICAL
9,8,2,5,9.869164737521718,2,4.391321979377677,0,100.0,CRITICAL
7,7,5,0,3.5751271926484582,3,5.085643189421633,1,100.0,CRITICAL
13,4,4,9,3.652438600861807,5,23.710280103120454,1,100.0,CRITICAL
18,9,2,6,0.2513106399865095,2,22.30353691246371,1,100.0,CRITICAL
15,3,1,6,7.270209538130278,4,7.738883691665065,0,100.0,CRITICAL
12,3,1,0,8.26899155517278,2,8.235787144536868,0,100.0,CRITICAL
10,10,9,9,0.46615075846950904,2,7.010360874186894,1,100.0,CRITICAL
17,8,3,8,9.452849613204043,3,21.173545728553435,0,100.0,CRITICAL
6,0,0,7,0.734691241588824,2,2.3588621812737607,1,60.93720376715912,HIGH
11,3,0,1,5.6886013238909,5,14.018064595412037,0,100.0,CRITICAL
3,1,0,6,9.27345475110781,2,4.47126048770447,1,100.0,CRITICAL
6,4,1,1,9.28365041780568,0,18.19567414355289,1,100.0,CRITICAL
12,7,7,3,1.332599570703672,4,15.152633662141746,0,100.0,CRITICAL
3,1,0,4,9.713226967831453,4,9.30824673383303,1,100.0,CRITICAL
2,1,0,9,2.704277308523033,0,2.3546170991721134,0,90.11095568632449,CRITICAL
3,3,3,2,3.416428681788929,5,18.417810400527436,1,100.0,CRITICAL
13,8,1,6,6.751166108082459,2,1.8488710616672375,1,100.0,CRITICAL
9,7,7,6,1.1209351945815815,1,6.569822411917165,0,100.0,CRITICAL
17,13,13,5,5.342966334707811,2,6.087485535832587,1,100.0,CRITICAL
14,13,6,6,8.159761853040639,4,13.88459868652481,0,100.0,CRITICAL
8,4,3,2,4.9619349378371,2,12.32959347099333,0,100.0,CRITICAL
4,3,1,6,0.6105989312933013,1,6.713826816009733,1,100.0,CRITICAL
1,0,0,6,8.050508935103132,0,10.329003911155963,1,76.42244908181354,CRITICAL
10,0,0,8,2.402945248882994,4,10.472798887590415,0,100.0,CRITICAL
13,5,0,1,8.05634264206208,1,13.765428123790112,0,100.0,CRITICAL
2,0,0,2,9.38162041612844,1,21.557729495814243,0,100.0,CRITICAL
5,2,0,3,7.548136908389807,1,3.406380106909122,0,100.0,CRITICAL
6,3,2,7,0.33151903456892784,3,13.384720760602953,0,100.0,CRITICAL
1,0,0,0,6.595448866049805,0,0.44110073585632925,0,47.83218110957501,MEDIUM
5,3,2,1,2.7215015999114502,4,16.757295131189984,1,100.0,CRITICAL
15,4,1,1,1.989693796079396,0,15.369454179775083,0,100.0,CRITICAL
8,6,0,1,7.608330792432537,5,16.6563762748658,0,100.0,CRITICAL
18,8,0,1,2.8954210522873947,3,11.398626627177,0,100.0,CRITICAL
18,16,1,6,1.435894829999721,5,4.4846018448503395,1,100.0,CRITICAL
4,1,0,5,1.709007544134502,4,10.75394541447676,1,97.11408235331082,CRITICAL
7,6,0,6,6.772640027018672,2,0.5663526912091275,1,100.0,CRITICAL
8,4,4,5,4.574549912172152,0,9.154457578583846,0,100.0,CRITICAL
13,13,1,9,2.0862939716442384,3,20.1258030195608,1,100.0,CRITICAL
4,1,0,0,0.7969339516721663,2,8.12607533124017,0,63.508470193683,HIGH
18,0,0,5,9.372634401165557,5,14.202100857451573,1,100.0,CRITICAL
13,13,1,3,9.97529796426482,3,6.266762003307216,0,100.0,CRITICAL
14,3,0,8,3.941720777894515,4,3.2212240242173458,1,100.0,CRITICAL
9,4,1,5,2.486932545020195,5,12.502140562047252,1,100.0,CRITICAL
12,8,1,8,0.4177636616090352,0,0.8583400947287378,0,100.0,CRITICAL
9,0,0,7,3.072767381566859,3,21.707523004450028,0,100.0,CRITICAL
1,1,0,4,5.827432677052177,5,18.652367181039068,1,100.0,CRITICAL
9,7,1,9,5.244053084213877,4,23.95005761031242,0,100.0,CRITICAL
7,0,0,6,4.112929358383722,3,23.836434294703192,0,100.0,CRITICAL
1,0,0,7,3.620866009951069,1,17.495665078808,1,97.71530260340363,CRITICAL
2,0,0,4,9.782300371278067,5,18.640582556244006,0,100.0,CRITICAL
18,17,3,7,5.0027161229075965,5,12.67419667267278,0,100.0,CRITICAL
8,0,0,9,0.0886346257289905,5,5.24504311372382,0,100.0,CRITICAL
1,0,0,8,6.992449266087623,0,19.40179193658155,0,100.0,CRITICAL
3,2,0,4,5.83232769265016,5,6.472646739951565,1,100.0,CRITICAL
1,0,0,7,1.5819057684887305,5,15.599641441677917,0,100.0,CRITICAL
3,1,0,8,7.08341893244085,1,17.541046418594416,1,100.0,CRITICAL
8,8,1,0,0.19893285248156256,3,13.542992111294273,0,100.0,CRITICAL
12,12,9,6,7.254218332006406,2,15.905460406288217,0,100.0,CRITICAL
7,2,2,6,1.494395112628839,4,7.029872970004079,0,100.0,CRITICAL
1,0,0,1,9.845573966341174,2,18.25237298956291,1,100.0,CRITICAL
3,1,1,1,5.11407425628642,2,22.645154452994486,0,100.0,CRITICAL
12,3,3,7,0.10697734448507967,1,11.616135867715046,1,100.0,CRITICAL
8,3,2,6,8.380638536104524,5,2.903461767295698,1,100.0,CRITICAL
9,6,5,2,8.24819533935216,4,14.873239629494273,0,100.0,CRITICAL
15,1,1,9,7.633572113968997,5,8.19390990416975,0,100.0,CRITICAL
11,7,0,3,5.3794243104446515,3,10.058533518984287,0,100.0,CRITICAL
6,4,1,2,2.1845030973984745,3,3.6390038903363973,0,100.0,CRITICAL
5,5,1,3,6.399882410041652,3,15.018903259291008,1,100.0,CRITICAL
5,3,2,9,8.479801486074097,3,18.893992389229382,0,100.0,CRITICAL
16,14,4,4,4.930235920405811,5,18.39455868394901,1,100.0,CRITICAL
15,2,2,9,0.6714849137713275,1,23.853161230489796,1,100.0,CRITICAL
11,9,5,0,9.752631142173858,4,5.092724128443753,0,100.0,CRITICAL
17,6,2,5,6.767265084213616,3,21.93941776565851,0,100.0,CRITICAL
19,10,10,4,9.818864822868061,0,17.582847967059372,1,100.0,CRITICAL
17,17,2,4,1.8699345186927652,3,16.97965205335853,0,100.0,CRITICAL
15,7,4,8,2.033906333586055,1,16.410202208877557,0,100.0,CRITICAL
13,1,1,2,1.0047662480465458,0,12.920749348844367,1,85.38369415900199,CRITICAL
18,11,1,2,2.1046112175114606,2,9.087592309025629,1,100.0,CRITICAL
16,7,5,8,1.0834112596482692,1,22.640296251545525,1,100.0,CRITICAL
1,0,0,7,2.730359511534818,5,3.6260857398438544,0,100.0,CRITICAL
13,6,6,8,5.804097361004134,3,4.2235704086257675,1,100.0,CRITICAL
4,0,0,9,8.197440947173115,4,0.4011512723971604,0,100.0,CRITICAL
12,5,4,9,0.9633894127480347,4,17.74524115025054,0,100.0,CRITICAL
15,5,5,7,1.5753923264897995,0,21.455641602476334,0,100.0,CRITICAL
12,8,6,6,2.8981873720095797,1,4.465068222798083,1,100.0,CRITICAL
19,1,1,1,3.433329739894857,0,0.8260801553853474,0,100.0,CRITICAL
19,3,0,4,8.891914859285595,5,5.858494604648741,0,100.0,CRITICAL
15,13,2,9,2.267730864326003,0,21.20803749003712,1,100.0,CRITICAL
5,5,4,6,1.2792332356259095,5,0.3883980362110444,0,100.0,CRITICAL
11,10,2,4,8.737498527711853,4,2.427757938088612,1,100.0,CRITICAL
18,7,2,0,8.826952840675613,1,0.5997229495259369,1,100.0,CRITICAL
10,4,2,9,7.85229432085453,4,22.635601213543037,1,100.0,CRITICAL
13,8,1,5,3.8134319724954957,1,3.252075622538108,1,100.0,CRITICAL
19,2,1,5,9.128229477560101,4,21.610038533749968,0,100.0,CRITICAL
15,5,4,5,4.393349466300154,1,11.36252695117425,1,100.0,CRITICAL
18,18,0,2,7.915469786266217,2,9.476595301749688,0,100.0,CRITICAL
8,5,3,0,4.349074099443341,4,10.236291424465037,0,100.0,CRITICAL
3,0,0,6,4.818895343079781,5,10.048061276252337,1,100.0,CRITICAL
11,4,3,5,8.60287184489594,2,8.201549149826675,0,100.0,CRITICAL
5,1,0,4,0.009421478831175278,0,19.4591833443821,1,63.371545398335726,HIGH
12,7,4,2,2.739871746520217,4,12.191897074180021,1,100.0,CRITICAL
1,0,0,5,6.438735337918895,5,23.783537261945924,1,100.0,CRITICAL
6,6,5,9,9.219319474319155,0,12.426516890692012,0,100.0,CRITICAL
6,1,1,8,0.12548224622858428,4,19.64338360314301,1,100.0,CRITICAL
12,3,1,7,4.642985706967034,0,17.882325954383074,0,100.0,CRITICAL
15,13,12,7,5.164959274373487,3,9.626463560419264,1,100.0,CRITICAL
4,1,1,7,9.993971498675542,1,18.927248943080677,0,100.0,CRITICAL
18,18,12,0,6.971081198435845,0,3.719229242317427,0,100.0,CRITICAL
12,9,6,6,1.263411577592003,1,4.880207212866165,1,100.0,CRITICAL
7,3,2,0,5.553485950457091,0,14.853108601666555,0,100.0,CRITICAL
5,2,2,6,1.5400828657607735,4,17.07753479935953,1,100.0,CRITICAL
3,2,2,1,7.261245244677447,1,15.451892269292532,0,100.0,CRITICAL
5,4,4,2,3.6338653256372853,5,12.226651162086199,0,100.0,CRITICAL
17,16,1,9,6.609399532902148,1,3.3025757515350307,1,100.0,CRITICAL
6,6,2,1,8.945596083467487,2,8.946244736639342,1,100.0,CRITICAL
2,0,0,9,7.916548486851544,5,14.517385959848486,0,100.0,CRITICAL
19,7,2,0,7.967533985669161,5,5.425683226281999,0,100.0,CRITICAL
15,0,0,4,2.8055709901596626,5,15.308063629706366,1,100.0,CRITICAL
3,3,1,7,5.910459638812893,1,5.622738859450855,0,100.0,CRITICAL
1,1,1,5,1.8769686434098054,1,2.348602220310955,1,69.39836345053946,HIGH
19,16,1,3,2.2100955544003176,1,7.784119036840519,0,100.0,CRITICAL
7,1,0,9,7.0783460047238576,5,6.546087620900291,0,100.0,CRITICAL
10,0,0,0,4.068688598206257,0,19.450701010455646,0,100.0,CRITICAL
9,4,2,9,8.885507086852117,5,11.606731868023052,1,100.0,CRITICAL
16,5,5,1,4.8717719471497585,5,1.537009683562184,0,100.0,CRITICAL
15,11,2,1,0.689785113580943,3,19.57360758883142,1,100.0,CRITICAL
13,7,0,2,4.147229732153027,1,6.448518080320123,0,100.0,CRITICAL
8,7,6,1,1.3396730377856947,3,13.628979798125219,1,100.0,CRITICAL
11,3,0,3,9.944817873024965,5,12.99658951468112,0,100.0,CRITICAL
1,0,0,3,0.23779437293541483,1,23.318102863145942,0,69.78141865365731,HIGH
8,4,0,4,5.6170900545540245,4,6.118446505861914,1,100.0,CRITICAL
12,7,5,8,3.644135945125954,3,3.4844270249984044,0,100.0,CRITICAL
19,6,4,2,6.068764849249878,2,6.2021646243281765,1,100.0,CRITICAL
6,3,1,5,5.390836906111273,1,13.835075364652713,0,100.0,CRITICAL
16,1,0,9,9.180884115266041,4,5.221037403249891,0,100.0,CRITICAL
14,8,4,3,1.8246260698137373,3,8.171294759329855,1,100.0,CRITICAL
7,2,2,6,1.1966998486314295,5,15.79331661416271,1,100.0,CRITICAL
3,1,0,3,8.703604841369422,4,2.7955189396157296,1,96.13937567858623,CRITICAL
10,1,0,6,9.317548739809938,2,22.687301805838537,1,100.0,CRITICAL
1,1,1,0,3.5511558734842943,2,12.776455552303783,1,72.43201008037161,HIGH
6,5,3,8,9.56298309449935,2,11.606321480575636,1,100.0,CRITICAL
5,1,1,0,3.428477211475088,2,8.713068608909921,0,91.63705506709499,CRITICAL
15,5,4,4,5.8439953236744895,4,5.895954113859612,0,100.0,CRITICAL
18,2,2,7,6.667187596251559,5,11.601617350365409,1,100.0,CRITICAL
4,0,0,7,9.93941242382997,3,11.670537587870388,1,100.0,CRITICAL
5,2,1,5,1.7031822437913924,2,1.3469275764900583,0,97.60828000033577,CRITICAL
10,1,1,5,2.9469606307061733,4,20.33729202783485,0,100.0,CRITICAL
4,4,3,1,5.4620089646585255,5,19.69830108163329,0,100.0,CRITICAL
10,0,0,3,2.1466652764045024,4,10.747358294758063,0,100.0,CRITICAL
4,1,0,7,5.800287734857954,3,8.082146845347182,0,100.0,CRITICAL
12,6,1,1,7.781590073813289,4,11.974368501090373,1,100.0,CRITICAL
9,6,1,5,8.792442327316726,5,5.314426415634102,0,100.0,CRITICAL
2,1,1,2,3.362284080884961,0,0.020216964768426493,0,57.7081464025849,HIGH
5,3,0,6,1.7255442610408611,5,8.503244642951646,1,100.0,CRITICAL
16,14,3,8,6.85711783666675,3,0.43212536462308027,0,100.0,CRITICAL
19,2,2,7,6.865293582519171,5,0.9768597338472782,1,100.0,CRITICAL
14,3,0,7,4.37897219529024,4,0.7072826839756816,1,100.0,CRITICAL
15,4,0,8,5.936121351334548,1,21.12142048846385,1,100.0,CRITICAL
19,4,2,1,7.985324887660785,1,3.4465702561128575,0,100.0,CRITICAL
18,14,4,5,7.332371763085803,2,6.104120588324608,0,100.0,CRITICAL
11,5,3,8,6.729156434362925,3,11.766378117967077,1,100.0,CRITICAL
13,0,0,1,6.61868581425024,5,12.703458621040092,0,100.0,CRITICAL
10,6,5,8,7.242093972114272,4,2.929643272531198,0,100.0,CRITICAL
7,3,3,1,6.074850386441984,4,21.828323808325905,0,100.0,CRITICAL
1,1,1,8,0.8448755938050923,0,5.545967281468563,0,80.39514466861581,CRITICAL
18,4,4,0,5.828934762241272,0,22.622130296437433,0,100.0,CRITICAL
4,4,3,5,8.896293081152677,2,6.165019072848993,0,100.0,CRITICAL
16,7,7,5,0.37606967338007724,3,0.06225407907407465,0,100.0,CRITICAL
18,11,6,1,3.990500887382341,2,23.32467270707196,1,100.0,CRITICAL
19,4,4,6,3.9292029417109497,0,11.609191440246981,0,100.0,CRITICAL
15,10,7,9,2.5405613389075707,0,21.09000889655429,0,100.0,CRITICAL
10,2,0,3,5.745189401658225,3,17.624230742388114,0,100.0,CRITICAL
7,1,1,3,1.7062554549225728,5,4.296449503957316,0,100.0,CRITICAL
1,1,1,8,9.163480446443241,2,20.286449659681494,0,100.0,CRITICAL
1,1,1,1,1.5564046623739014,0,1.225880506550535,1,26.45748173916089,MEDIUM
1,1,0,8,9.650071321463724,4,12.181396486163797,0,100.0,CRITICAL
19,8,7,8,0.11623931331186776,1,6.098716892262726,1,100.0,CRITICAL
7,5,2,5,4.879568565845188,0,8.67806904506767,1,100.0,CRITICAL
15,9,6,9,0.3621988351711558,5,18.16867988094209,1,100.0,CRITICAL
13,3,3,6,8.771591217570517,2,16.401203734734707,1,100.0,CRITICAL
9,3,3,3,7.9874628139551564,0,10.562004595381215,1,100.0,CRITICAL
14,2,1,0,2.2504353922124034,4,1.1020410235728226,0,100.0,CRITICAL
6,2,0,8,1.3800314866773666,1,0.9579775001171082,0,82.136398100848,CRITICAL
7,4,4,8,2.120206912472632,1,16.85290887644766,1,100.0,CRITICAL
14,5,2,0,0.7832805611864291,4,22.771909607471642,0,100.0,CRITICAL
11,9,2,3,2.3694093110310277,2,20.334412693171693,1,100.0,CRITICAL
3,2,2,6,0.6810857734294962,4,2.9324171834500437,0,100.0,CRITICAL
11,8,2,2,8.525181326434454,5,2.90944500721863,0,100.0,CRITICAL
8,7,4,4,8.530559513463253,4,14.652682158623413,1,100.0,CRITICAL
6,3,0,4,5.489860186546782,3,15.782696670428447,0,100.0,CRITICAL
3,1,0,7,9.198879043976746,5,14.795739525988822,0,100.0,CRITICAL
12,4,2,8,3.5027748617958556,3,21.24942431766469,1,100.0,CRITICAL
18,10,0,0,1.7883206312978672,3,5.544111857493489,1,100.0,CRITICAL
11,2,1,1,3.0431186890578776,1,4.13506825688052,1,92.05918819489642,CRITICAL
7,2,0,4,1.2367329289394102,1,21.940021242667463,0,100.0,CRITICAL
10,7,0,0,8.22358405346475,0,17.331591013565244,0,100.0,CRITICAL
16,14,2,5,7.604193060584424,3,17.081452118550903,1,100.0,CRITICAL
16,2,2,5,1.8978824544144135,2,8.0490930508787,0,100.0,CRITICAL
15,14,5,2,5.455155994769132,2,15.068927514785823,0,100.0,CRITICAL
13,5,2,3,2.8063699804129394,3,17.440848532109207,1,100.0,CRITICAL
4,0,0,2,1.3114198409000455,1,14.406615859688504,1,65.96387915873056,HIGH
4,2,2,4,2.453185006992482,4,17.669299638613865,0,100.0,CRITICAL
6,4,2,8,5.9983606173492,5,14.161209098994352,0,100.0,CRITICAL
18,4,3,9,6.506721125040862,1,23.56876633752341,0,100.0,CRITICAL
1,0,0,2,1.8686040402957882,0,11.808079472406515,1,47.52743496683799,MEDIUM
10,0,0,1,7.738120447323218,3,0.2992556205657655,0,100.0,CRITICAL
3,0,0,5,5.749083404099982,1,3.9202210424761628,0,83.93842607027084,CRITICAL
14,14,12,9,4.292606770298242,4,23.139800381677414,0,100.0,CRITICAL
11,9,4,0,6.462733032983154,0,11.268491850348273,1,100.0,CRITICAL
5,3,1,8,3.332873103308419,1,2.892514898390494,1,99.7369141346558,CRITICAL
2,1,1,9,2.638223536467791,3,3.7396839276572624,0,100.0,CRITICAL
9,0,0,2,9.263109079694388,4,0.6947895928714658,0,100.0,CRITICAL
17,16,7,2,8.992010677955612,1,5.4321487443518555,1,100.0,CRITICAL
19,11,11,7,4.752386192038176,5,23.679485544388065,1,100.0,CRITICAL
17,5,3,5,6.038880805186958,3,7.89156533325982,0,100.0,CRITICAL
10,6,6,2,6.569447883496002,3,6.006049589227601,0,100.0,CRITICAL
17,0,0,5,6.5561607417126275,1,16.02290689528052,0,100.0,CRITICAL
11,9,8,5,5.281584007993887,1,16.180747165767084,0,100.0,CRITICAL
7,3,3,2,3.1271968151849383,1,23.228005369682876,1,100.0,CRITICAL
1,0,0,5,8.89556351692163,4,17.51034546513703,1,100.0,CRITICAL
16,6,3,9,5.619345338888841,1,2.63920198349107,0,100.0,CRITICAL
3,1,0,7,9.072635270529512,5,23.65435273182749,0,100.0,CRITICAL
15,9,8,8,8.284050313763329,5,18.005694250624728,0,100.0,CRITICAL
4,0,0,2,6.496346538044181,2,6.2211956324902085,0,93.23811577478392,CRITICAL
4,0,0,1,7.105339210892357,5,6.268703217780111,1,100.0,CRITICAL
5,0,0,9,9.112367532082406,1,23.03993362324073,0,100.0,CRITICAL
15,10,9,9,6.312992869287443,0,4.623276415645121,1,100.0,CRITICAL
11,9,4,6,4.683184863310932,2,5.462101398660975,1,100.0,CRITICAL
19,3,2,7,4.422551185191886,0,8.614350822166294,0,100.0,CRITICAL
8,8,5,8,9.79873062052081,5,16.307313918247075,0,100.0,CRITICAL
11,8,8,0,7.516117538436761,0,10.31337687811627,1,100.0,CRITICAL
11,1,0,0,6.7128120647258385,3,7.470339983973644,1,95.3619120989171,CRITICAL
9,8,5,0,0.9605710151777258,4,6.422980507645957,1,100.0,CRITICAL
14,2,1,3,5.8803108997222395,2,3.0023026990666146,0,100.0,CRITICAL
14,10,2,2,1.8888759645801556,2,13.110134507862035,1,100.0,CRITICAL
13,6,1,6,3.897811493260499,3,6.561889181362378,0,100.0,CRITICAL
1,0,0,5,5.57307342458687,0,7.9555945510551025,0,82.95980527979944,CRITICAL
9,2,0,2,0.07972168008588576,4,0.18711042700274128,0,100.0,CRITICAL
8,4,0,2,8.62286071668087,4,12.749753906426228,1,100.0,CRITICAL
18,15,11,4,4.386948682316232,3,16.71415946480183,0,100.0,CRITICAL
3,3,1,3,6.226856914028483,1,22.26081365752721,0,100.0,CRITICAL
3,1,1,8,2.019562964715279,4,4.73104797347584,0,100.0,CRITICAL
2,1,1,0,7.011432967986662,1,22.06469944611424,1,100.0,CRITICAL
4,1,0,0,3.100664213195863,3,8.667133583083231,1,70.33642018446334,HIGH
9,2,2,4,5.161179093962085,0,19.257426963133327,0,100.0,CRITICAL
15,15,10,7,3.2324835265571505,1,21.523248664825097,1,100.0,CRITICAL
18,5,4,3,6.445344705208025,2,23.072748931722938,1,100.0,CRITICAL
17,15,0,8,8.503943100421882,1,7.810652549354238,0,100.0,CRITICAL
11,2,0,6,6.4108048227170915,0,6.250888005621144,0,100.0,CRITICAL
1,0,0,2,1.7817737688960722,1,10.549543208699767,0,62.59934768121173,HIGH
6,0,0,5,2.4964993633190247,3,13.311681481221619,0,100.0,CRITICAL
14,9,5,5,5.227422000108176,1,16.575572545823213,1,100.0,CRITICAL
5,1,1,4,2.7129753048884906,5,16.60506046359486,0,100.0,CRITICAL
3,3,0,7,1.9546291271722638,2,2.799590434201847,1,81.50696104668498,CRITICAL
19,15,1,0,0.46657372900994143,1,14.683621579849577,1,100.0,CRITICAL
1,1,1,9,1.0415507378849254,3,4.028848956778129,1,97.85934350642735,CRITICAL
4,1,1,3,5.648181081358433,1,17.072836875441844,0,100.0,CRITICAL
16,9,4,6,1.9462696548257874,4,23.437934375990217,0,100.0,CRITICAL
6,0,0,5,4.984119585158512,0,18.501595827896917,0,100.0,CRITICAL
5,1,0,6,6.418452283103764,2,16.673642994660828,1,100.0,CRITICAL
7,0,0,2,2.50138825978256,0,1.859631098009075,0,63.98105837960562,HIGH
10,10,5,2,9.495350807369176,2,4.431192783795787,1,100.0,CRITICAL
1,0,0,0,2.5667810621690093,0,8.525774403801819,0,34.440676904466926,MEDIUM
19,15,4,6,1.6210080572765062,5,22.40346304291912,1,100.0,CRITICAL
14,8,8,3,4.568757457467222,2,7.941400583846233,0,100.0,CRITICAL
4,3,1,8,4.421592362849315,1,19.53052154535999,0,100.0,CRITICAL
15,8,0,4,8.583647575189188,0,2.490031912761916,0,100.0,CRITICAL
6,6,4,4,0.4735300174450907,2,15.888053367396136,1,100.0,CRITICAL
10,7,7,8,2.724461461375779,1,18.698612631576033,1,100.0,CRITICAL
15,3,1,0,8.790684199168542,2,13.030122751209554,0,100.0,CRITICAL
19,4,2,5,7.5873883007381515,2,18.40430209695881,0,100.0,CRITICAL
8,6,0,7,0.03888908611256903,3,17.36796535237369,0,100.0,CRITICAL
13,8,6,0,5.278984139433888,3,11.447537609389551,1,100.0,CRITICAL
19,7,3,9,2.447444402028738,0,20.772457709080882,0,100.0,CRITICAL
16,15,15,8,9.88272310631356,1,8.199103643428518,1,100.0,CRITICAL
18,10,2,7,9.835653743154799,4,10.209813778509012,0,100.0,CRITICAL
9,0,0,5,9.27358047907809,5,12.956664379628641,0,100.0,CRITICAL
15,0,0,8,0.09976909984404703,2,3.1367677307219433,0,100.0,CRITICAL
8,4,1,2,9.049492740678925,0,12.367624336450138,0,100.0,CRITICAL
17,13,2,3,3.2667881983925904,3,7.778785383961307,1,100.0,CRITICAL
4,2,1,2,6.419110247000646,1,6.159973278717422,0,100.0,CRITICAL
9,7,4,4,4.491863918636083,3,13.844039714203003,1,100.0,CRITICAL
8,6,2,0,3.5460405375876425,2,7.91047152448069,0,100.0,CRITICAL
9,3,3,0,2.8694350894298957,3,20.532184817847547,0,100.0,CRITICAL
4,2,2,1,4.277839998154666,5,9.839504398993618,1,100.0,CRITICAL
8,6,3,0,2.9703150097475364,3,9.912902847229127,0,100.0,CRITICAL
17,8,2,2,9.26018676757762,5,23.566610764146425,1,100.0,CRITICAL
6,0,0,1,4.37038340210663,1,8.196647143406363,0,82.05280603948705,CRITICAL
10,1,0,9,9.446364617552941,5,3.1556627945920717,0,100.0,CRITICAL
2,2,1,6,3.7148413681058923,0,21.03799851392093,0,100.0,CRITICAL
12,6,2,7,2.599330531956662,2,22.007960484890198,1,100.0,CRITICAL
19,2,2,1,8.091482047386402,2,5.434800841416801,0,100.0,CRITICAL
5,3,3,3,5.204881001338169,5,21.169849151109915,0,100.0,CRITICAL
16,15,2,7,1.6283144452919618,1,11.869364049846421,1,100.0,CRITICAL
5,1,0,9,9.280019672925494,5,1.0423595282641598,0,100.0,CRITICAL
1,1,0,0,9.621000430710193,5,13.171944805342143,1,100.0,CRITICAL
10,0,0,7,6.882079181050361,0,20.370553099096966,1,100.0,CRITICAL
2,0,0,7,9.718452503153637,1,9.519586825132176,1,100.0,CRITICAL
16,9,6,1,6.741408805037732,5,13.224001144566781,0,100.0,CRITICAL
9,3,1,2,6.232096286692647,1,3.3747433217561005,0,100.0,CRITICAL
7,5,0,8,8.259251578379372,5,20.212727109470812,0,100.0,CRITICAL
13,8,2,9,0.6770797235839721,3,2.5653659536945623,0,100.0,CRITICAL
4,4,3,4,4.42895194663472,0,2.2662967558278586,0,100.0,CRITICAL
7,4,4,6,4.304439163087035,5,22.40540105400262,0,100.0,CRITICAL
10,9,7,4,6.208178737323523,2,20.963350071824728,1,100.0,CRITICAL
12,1,0,9,3.4717520249991196,5,13.796995648025845,0,100.0,CRITICAL
2,0,0,1,4.534877705572517,4,2.547693755526643,0,78.05562519114991,CRITICAL
5,1,1,1,8.494570056294764,5,13.103666969307048,0,100.0,CRITICAL
15,6,5,0,9.479153700814871,2,22.093023686966283,0,100.0,CRITICAL
11,8,0,5,4.8412269845037255,1,14.696517495809315,0,100.0,CRITICAL
2,0,0,6,7.052128356877767,4,4.7577150940599395,0,100.0,CRITICAL
15,6,6,4,5.473046039904998,1,21.739937787908048,1,100.0,CRITICAL
19,7,7,2,8.675982778369214,4,20.77095028933614,0,100.0,CRITICAL
5,3,0,9,2.6174257311164317,5,13.118098154737183,1,100.0,CRITICAL
16,13,3,9,8.634531558748883,5,20.453838685773732,0,100.0,CRITICAL
8,7,6,8,5.150871307420964,3,1.3526906669381482,1,100.0,CRITICAL
7,3,3,7,4.56148273427841,1,11.068349762866184,1,100.0,CRITICAL
3,1,1,1,9.520070412727447,4,4.274139018462455,0,100.0,CRITICAL
8,8,1,2,3.0507327686211525,2,20.100983871966683,0,100.0,CRITICAL
5,3,3,6,0.8241767179743575,3,23.30858998937774,1,100.0,CRITICAL
14,2,0,8,6.718977420755168,1,22.336783689226472,1,100.0,CRITICAL
2,2,1,1,2.6300274920250732,0,12.080362848499046,1,75.3563945866545,CRITICAL
10,5,2,9,6.418031356932121,5,12.263932906778416,0,100.0,CRITICAL
18,1,0,6,0.5599105517968073,5,21.797487829163508,1,100.0,CRITICAL
17,10,0,7,5.622945133144257,3,17.32192053674345,0,100.0,CRITICAL
6,2,2,5,2.371382447994441,4,1.7905243428269575,1,100.0,CRITICAL
17,0,0,5,0.7527190368417902,5,3.080166518877033,0,100.0,CRITICAL
17,9,0,7,0.5555320866955715,0,22.841339152323584,0,100.0,CRITICAL
19,12,11,2,9.575749454793657,0,8.78134585484319,1,100.0,CRITICAL
16,2,1,7,2.6540210253274497,5,4.49662942917812,1,100.0,CRITICAL
2,2,2,9,5.818184872275138,5,17.652836147266328,0,100.0,CRITICAL
5,0,0,0,4.845992958594453,0,21.112519883927302,0,93.22243097165583,CRITICAL
12,4,2,1,3.6290040042356564,4,4.957316285333264,1,100.0,CRITICAL
1,1,1,5,5.425903064295401,3,6.034465002514938,0,100.0,CRITICAL
5,1,1,1,5.596802484263312,0,21.59858172301742,1,100.0,CRITICAL
8,3,3,9,8.372516038929332,5,0.3161111368572582,1,100.0,CRITICAL
10,9,3,1,3.862486345056577,0,21.79080560454263,0,100.0,CRITICAL
3,3,1,2,3.5283150323743726,5,0.9422942908394312,0,100.0,CRITICAL
6,5,2,2,6.792159948433477,4,2.2896742204876235,1,100.0,CRITICAL
13,13,3,3,3.7177331233606346,1,20.694608545964833,0,100.0,CRITICAL
8,8,5,8,5.110321458515671,1,5.96207343810409,0,100.0,CRITICAL
18,1,1,8,1.731418209477138,5,5.392678543488715,1,100.0,CRITICAL
5,4,4,1,2.8384527444202226,3,20.2590847186675,0,100.0,CRITICAL
6,4,4,1,2.0118119310123395,5,13.012648300815279,1,100.0,CRITICAL
2,2,1,5,8.406585464183493,5,8.414856134387184,1,100.0,CRITICAL
7,1,0,4,7.9800289990678595,0,17.141573194705547,0,100.0,CRITICAL
16,6,4,4,3.9212636866922077,2,19.433896725911342,0,100.0,CRITICAL
10,6,4,6,4.402920504712666,1,20.70644722818212,0,100.0,CRITICAL
10,1,1,8,4.106194545179893,0,2.8644476402349532,0,100.0,CRITICAL
2,1,1,0,1.927834262284076,3,13.981080067571664,1,82.51846101902724,CRITICAL
8,1,0,4,7.833371447438421,2,16.27725552746438,1,100.0,CRITICAL
2,0,0,4,8.289341694993805,1,2.7953850962968243,1,74.26599052756767,HIGH
2,0,0,4,6.099046903740268,1,14.643016222552557,0,96.37312655805215,CRITICAL
13,0,0,8,7.421418809625408,5,0.7665219391721418,0,100.0,CRITICAL
4,0,0,5,6.526671119835534,5,8.197697855003783,0,100.0,CRITICAL
7,2,0,7,1.0258418086274501,0,4.128383721146152,1,79.8658209388546,CRITICAL
14,8,6,7,5.510708884804441,0,13.468955804497796,0,100.0,CRITICAL
5,5,5,5,3.4694956427473644,2,4.586227593371638,1,100.0,CRITICAL
1,0,0,5,2.2019376552274714,4,18.939456499539027,0,100.0,CRITICAL
1,1,0,9,6.648608596426327,5,2.9075062460204304,0,100.0,CRITICAL
19,6,6,7,8.888093388243467,3,18.18789627761807,0,100.0,CRITICAL
6,1,1,0,9.998528000241114,0,2.3738084039007177,0,100.0,CRITICAL
16,9,3,8,5.77290420935634,0,10.617455270490865,0,100.0,CRITICAL
12,9,8,8,6.72388744524548,1,16.764822300410927,0,100.0,CRITICAL
1,0,0,7,6.51439338510318,2,3.875232166674004,0,87.64296960517427,CRITICAL
12,5,0,3,6.950344469322392,5,18.05625663261934,0,100.0,CRITICAL
18,18,9,0,2.462384875686223,4,22.881868872285402,0,100.0,CRITICAL
2,0,0,1,1.5940773240874706,4,8.96163106252731,1,59.50335591888975,HIGH
18,17,14,0,4.07428176508525,3,0.004327266261141105,1,100.0,CRITICAL
10,4,2,2,4.658926238420802,3,11.443910445883134,1,100.0,CRITICAL
10,9,0,8,7.633029968696329,0,21.658586779840824,1,100.0,CRITICAL
6,4,4,5,6.227251707914434,2,15.96014327486142,1,100.0,CRITICAL
2,1,0,4,5.522750674485444,1,16.878866423171345,0,100.0,CRITICAL
16,9,3,7,4.984880253952318,3,19.019204020247635,0,100.0,CRITICAL
5,1,1,9,2.230683811543186,4,21.796888909300897,1,100.0,CRITICAL
6,4,3,2,3.727959404277751,0,2.9952955931239984,0,100.0,CRITICAL
1,0,0,9,1.0938238811250411,5,14.165028822940808,0,100.0,CRITICAL
4,4,2,2,0.6583026471749343,0,21.35357048940639,0,100.0,CRITICAL
17,14,1,4,0.13205579119892175,1,18.621337297851746,1,100.0,CRITICAL
13,6,2,0,0.876433549101926,5,5.974604210765479,0,100.0,CRITICAL
12,11,10,6,5.949139668318896,2,20.9905524243222,1,100.0,CRITICAL
13,11,9,2,9.715239190099222,4,7.058483559675894,0,100.0,CRITICAL
19,2,2,1,0.2868044043434037,5,9.861272966844453,0,100.0,CRITICAL
16,9,8,6,7.832075043741965,5,4.4553662434260835,0,100.0,CRITICAL
11,3,0,0,6.653050382359554,5,21.245439626219515,1,100.0,CRITICAL
18,6,1,0,8.587467960788809,0,2.2323491979524333,1,100.0,CRITICAL
18,10,7,8,9.45344540787631,5,23.85861328959064,1,100.0,CRITICAL
1,0,0,6,8.1298739781303,0,7.888332208628563,0,91.6350629417105,CRITICAL
4,3,3,2,7.9776648451471734,3,17.059410396301093,0,100.0,CRITICAL
9,0,0,4,0.8625871699787535,4,3.0894309983161907,1,74.96985938910777,HIGH
3,1,1,1,3.5893014589433347,1,11.708712909561712,1,74.29614668864731,HIGH
8,4,4,4,6.165462990959446,0,0.9631681640419227,1,100.0,CRITICAL
9,1,1,8,0.17064621003201497,5,21.081589150895827,0,100.0,CRITICAL
18,12,4,9,4.746039527522202,4,10.714304401289112,0,100.0,CRITICAL
5,2,0,4,0.08307061069401045,2,17.826097187883036,1,100.0,CRITICAL
5,4,3,0,7.416117333089151,4,21.468349303710404,1,100.0,CRITICAL
5,3,3,7,2.6567879812640482,2,1.6462864244141517,1,100.0,CRITICAL
16,7,0,5,7.549528723791341,2,12.27458819884483,0,100.0,CRITICAL
5,5,3,1,4.800641478311714,1,4.5489867637509365,1,100.0,CRITICAL
5,0,0,5,1.0799307097121968,0,1.6561686022216255,0,42.886186204118495,MEDIUM
12,11,3,8,9.192918534634856,2,14.928794657227453,0,100.0,CRITICAL
7,2,0,2,6.9796498550558415,1,2.7383229963925837,1,89.41932595659718,CRITICAL
3,2,1,4,7.2439696520049,4,11.80644301594717,0,100.0,CRITICAL
8,3,3,6,2.3086005870555004,0,4.72604270744158,1,100.0,CRITICAL
18,5,0,9,1.2558640297205215,0,4.745313023581256,1,100.0,CRITICAL
5,3,3,1,9.544799817187833,1,12.5518625871604,0,100.0,CRITICAL
6,3,3,0,3.4629238825562405,1,13.32935226706524,1,100.0,CRITICAL
6,0,0,4,2.344454432968056,3,0.0835035635291046,0,88.21506611408783,CRITICAL
6,1,1,3,8.78414157004985,5,12.018462270474863,1,100.0,CRITICAL
11,2,0,8,4.6334062445162,4,16.074006354491466,0,100.0,CRITICAL
13,0,0,9,6.541546498499278,3,16.28428256801944,0,100.0,CRITICAL
14,2,2,3,2.6626063678647762,3,20.39712297580672,1,100.0,CRITICAL
17,3,1,6,9.691238980250521,0,21.487209843909987,0,100.0,CRITICAL
1,0,0,4,4.740213186535299,3,14.948674918398503,1,97.95970823124571,CRITICAL
10,5,3,4,4.243536802569514,4,11.563968431530109,0,100.0,CRITICAL
2,1,0,5,0.6463424811221308,1,4.898558680887703,1,50.27135856265908,HIGH
13,4,4,7,7.080219894286141,0,3.042269849545371,1,100.0,CRITICAL
17,5,1,3,5.410253415481962,5,14.618392007591797,1,100.0,CRITICAL
19,12,9,8,9.662212862567745,0,22.71799503104669,1,100.0,CRITICAL
3,0,0,5,1.2762933570572355,3,6.677157852579617,1,81.35611473521791,CRITICAL
4,0,0,7,3.91049084132161,4,2.386880296362752,1,100.0,CRITICAL
6,6,6,3,2.540405540999766,1,10.172676720540224,1,100.0,CRITICAL
13,13,3,8,6.676323962163538,4,0.011581984743637364,0,100.0,CRITICAL
14,14,11,8,0.7169342300689496,2,13.28578837896687,1,100.0,CRITICAL
9,2,0,0,9.926123489672912,4,1.1875029543711628,0,100.0,CRITICAL
15,13,10,0,7.143049100572103,2,22.343174474314655,1,100.0,CRITICAL
6,0,0,6,3.8126371181140595,0,20.878391808816225,1,99.70644279715088,CRITICAL
11,10,6,2,3.6832739795944827,4,2.7576398370672344,0,100.0,CRITICAL
7,1,1,6,4.804979183509932,4,3.525516819874669,1,100.0,CRITICAL
18,13,4,0,6.978678018592243,4,22.882739710149682,1,100.0,CRITICAL
17,13,11,0,5.914827449805443,3,19.525264553144282,0,100.0,CRITICAL
14,4,1,6,4.84022390557007,0,22.608589323521393,1,100.0,CRITICAL
8,2,1,3,1.9540819411668653,4,8.028034095147238,1,100.0,CRITICAL
8,1,1,1,1.7379112198571134,1,2.66297350769333,1,82.11423800341949,CRITICAL
7,4,1,4,9.157758944588313,0,14.76928483151967,0,100.0,CRITICAL
9,8,7,4,5.516472973516953,4,23.20092450210462,1,100.0,CRITICAL
12,4,3,3,5.7990619799676555,5,3.119126322114104,1,100.0,CRITICAL
3,0,0,8,4.3280969466216535,1,19.65347428268049,1,89.73533377067133,CRITICAL
1,1,0,1,7.081251337015315,5,8.630709291395174,0,100.0,CRITICAL
15,0,0,3,8.015917277324668,3,2.7722001221601404,1,100.0,CRITICAL
9,3,3,1,4.112399427165484,1,11.016893202460754,1,100.0,CRITICAL
17,16,13,9,0.5262243590963445,0,11.729601237716462,1,100.0,CRITICAL
12,4,0,3,2.524124285237667,0,0.21800228024199253,1,90.5347352122165,CRITICAL
17,11,4,5,8.21620440564258,2,11.386800098637273,1,100.0,CRITICAL
13,10,9,4,5.602034848289482,2,15.539473895062821,0,100.0,CRITICAL
13,4,2,9,8.81283863433357,2,18.351879491183876,0,100.0,CRITICAL
15,12,5,9,3.8175223078022347,3,2.365379147617107,0,100.0,CRITICAL
18,15,1,5,3.1496578343234196,0,21.036907404680207,1,100.0,CRITICAL
15,6,1,1,0.014212860280847783,3,4.025901330013167,0,100.0,CRITICAL
18,7,3,0,1.8020822053209984,0,15.798888255804396,0,100.0,CRITICAL
5,5,5,4,3.3515988096273652,5,13.26318001424276,0,100.0,CRITICAL
7,1,0,2,0.7945330349991853,2,21.120206337533617,1,100.0,CRITICAL
6,2,1,2,6.045985669658985,2,0.9274856012953512,1,92.61219125099107,CRITICAL
5,0,0,9,9.89715516401867,1,4.597503025674715,1,100.0,CRITICAL
19,14,8,4,0.5821073197503612,5,2.927178257162928,1,100.0,CRITICAL
9,4,3,2,3.9187589931659064,5,7.861228398916397,1,100.0,CRITICAL
11,8,5,5,4.000827515841322,5,8.132363322151459,1,100.0,CRITICAL
3,0,0,6,0.69830648617621,2,2.1266991276954377,1,51.73803675295707,HIGH
7,2,0,5,1.85453317416296,2,12.343798945801417,1,100.0,CRITICAL
3,0,0,9,4.52844968655794,4,2.7898354632834117,1,100.0,CRITICAL
6,6,2,7,9.555673965991485,0,1.7844071320552377,0,100.0,CRITICAL
19,0,0,3,5.701772881812028,2,0.7961311671495128,0,100.0,CRITICAL
16,2,0,5,0.9984355254054755,4,22.29940550466042,0,100.0,CRITICAL
8,6,0,2,7.421729526481467,4,9.521730698110321,0,100.0,CRITICAL
19,8,2,9,8.57288064492412,4,6.808471886493527,1,100.0,CRITICAL
19,3,0,6,8.081776407075777,5,11.574576941061327,0,100.0,CRITICAL
16,7,6,5,8.18333562264243,5,3.7845835314409104,1,100.0,CRITICAL
8,3,1,5,8.117537342003336,5,9.747782984944411,0,100.0,CRITICAL
10,1,1,2,2.2280306898602467,2,4.573095367349163,0,100.0,CRITICAL
9,6,6,0,5.9416096016127895,3,7.305426240037368,0,100.0,CRITICAL
16,1,0,1,1.6262105294140772,3,22.181179631148346,0,100.0,CRITICAL
14,13,5,9,3.2836300331751644,5,3.56877691673483,1,100.0,CRITICAL
10,5,0,9,4.172738518122589,0,11.372277155944598,0,100.0,CRITICAL
4,4,4,2,4.319261064115944,3,15.860620462950926,0,100.0,CRITICAL
10,0,0,0,4.378811783666354,2,22.031932556576756,1,100.0,CRITICAL
15,15,1,7,7.835117995269615,0,22.152260091341176,0,100.0,CRITICAL
19,2,1,8,6.201847028121479,0,5.934213044057882,1,100.0,CRITICAL
11,9,4,6,6.417793580646283,5,22.635713781511015,1,100.0,CRITICAL
14,14,12,6,7.686606386487544,0,7.953344326015915,1,100.0,CRITICAL
15,8,0,2,2.0691109079216674,1,21.47811304779124,1,100.0,CRITICAL
4,2,0,8,4.644253902216242,2,2.2368918862869194,1,100.0,CRITICAL
17,4,3,8,8.5518324016004,5,4.760412921019719,1,100.0,CRITICAL
1,0,0,4,7.05703313158852,2,1.8959433548332232,0,85.28506295307054,CRITICAL
19,15,10,6,8.800949845009104,3,7.176645804027978,1,100.0,CRITICAL
5,3,1,0,4.532221649192715,3,20.97247130505029,0,100.0,CRITICAL
18,17,6,5,7.658795042401882,2,3.8224756901750157,1,100.0,CRITICAL
17,4,0,9,2.659856107642984,1,5.396315869149895,1,100.0,CRITICAL
10,2,2,0,8.677898034945436,4,5.188460739668051,0,100.0,CRITICAL
9,7,4,9,2.9668360256676674,1,6.592757497649653,1,100.0,CRITICAL
4,1,1,5,3.405993662003668,1,0.44833872780796646,1,78.99095614322408,CRITICAL
19,13,5,5,7.176642320018347,3,10.172338908505,1,100.0,CRITICAL
3,2,1,6,7.477587570042097,1,23.431035587060524,0,100.0,CRITICAL
18,14,0,6,0.5260241687665357,3,10.75403376815256,1,100.0,CRITICAL
3,2,0,9,1.5017098085746372,3,19.52016172447084,0,100.0,CRITICAL
8,0,0,2,2.497116532598229,5,13.71430836285056,1,100.0,CRITICAL
5,3,3,6,9.998660669871883,0,0.3571904744867558,0,100.0,CRITICAL
1,1,0,9,8.224449744113093,5,14.052189911338274,1,100.0,CRITICAL
18,10,1,1,7.150472907988394,1,22.716325271119544,0,100.0,CRITICAL
14,14,4,1,9.634373972333389,1,13.284253390805915,1,100.0,CRITICAL
7,0,0,0,6.871943791564296,1,12.670390011436321,0,100.0,CRITICAL
9,0,0,1,6.916444136752363,5,16.0854113747218,0,100.0,CRITICAL
14,5,3,1,8.981788405605277,2,20.90130538238876,1,100.0,CRITICAL
16,1,0,8,3.0195657346262026,4,13.554152197532861,1,100.0,CRITICAL
16,16,0,2,0.01758442608025712,4,9.75447059865762,0,100.0,CRITICAL
6,0,0,0,7.14946833455477,2,0.8899230868997412,0,82.65648694844798,CRITICAL
7,1,0,1,1.561133879607839,5,2.665570668230946,0,98.46885095141657,CRITICAL
1,0,0,9,2.872401876362236,5,15.569312823660496,1,100.0,CRITICAL
11,4,2,7,8.225045853038356,1,14.854525515966152,0,100.0,CRITICAL
9,4,3,9,7.779150515334997,3,5.736658767119356,0,100.0,CRITICAL
1,0,0,1,4.747740724292745,2,17.254152013212238,1,72.5937351615654,HIGH
18,6,5,3,1.0433719935119212,3,6.711977346896406,0,100.0,CRITICAL
10,8,3,8,2.9830981089142505,2,7.319381292222944,0,100.0,CRITICAL
13,3,3,8,4.755285157700836,1,1.4735395795465465,0,100.0,CRITICAL
5,3,2,6,7.681788162654374,5,13.20675242794782,1,100.0,CRITICAL
8,6,0,0,9.847129458552986,5,6.904688042490061,1,100.0,CRITICAL
13,13,12,9,6.255828210985344,1,19.65453142663958,0,100.0,CRITICAL
16,6,6,4,0.5336246738127637,2,19.23520750025764,1,100.0,CRITICAL
7,7,5,4,2.211316180065178,1,3.082621121041111,1,100.0,CRITICAL
8,6,3,1,2.5953532277719016,0,3.8398362439105895,0,100.0,CRITICAL
18,10,4,6,6.344365136650331,2,7.703770147198108,0,100.0,CRITICAL
9,8,6,0,0.18425105872296288,1,13.940506605524515,0,100.0,CRITICAL
11,2,1,0,5.0655852145985865,3,8.220342766357565,1,100.0,CRITICAL
17,3,0,9,9.957195042940771,4,8.406142771221148,1,100.0,CRITICAL
14,8,2,0,7.686764895301964,4,3.3614563323176787,1,100.0,CRITICAL
2,1,0,9,7.693703982544003,1,8.054362780406228,1,100.0,CRITICAL
15,11,8,6,7.453842437346969,3,11.289757517736676,0,100.0,CRITICAL
18,15,1,3,6.833979502279939,3,23.633263016515166,1,100.0,CRITICAL
5,1,1,3,2.9836735538937695,4,20.111156416809802,0,100.0,CRITICAL
1,1,1,8,7.829063923202957,5,19.031557824550735,0,100.0,CRITICAL
16,7,7,3,6.458859093610662,5,13.435695460563501,0,100.0,CRITICAL
12,10,0,7,2.289030752022847,0,8.642156750934308,1,100.0,CRITICAL
14,9,8,0,9.789998470576085,0,20.566713665084634,0,100.0,CRITICAL
17,5,5,2,9.8452442952127,2,8.338309616309743,0,100.0,CRITICAL
1,0,0,0,3.739122191931723,2,14.227104189144061,0,83.02707800331606,CRITICAL
14,1,1,0,7.531832829188664,3,6.172217652584046,0,100.0,CRITICAL
15,0,0,2,6.813670740195762,4,18.633832596633567,1,100.0,CRITICAL
12,2,0,3,5.839103303949652,5,12.348794906228225,0,100.0,CRITICAL
17,10,6,5,1.8085209421994297,1,21.484044841966046,0,100.0,CRITICAL
9,5,2,2,4.678471936491811,2,13.653602817443126,0,100.0,CRITICAL
3,0,0,7,7.299316221204883,0,3.943312245823404,1,90.30747887594703,CRITICAL
12,10,7,7,9.88338483153814,3,23.830745458786836,1,100.0,CRITICAL
13,10,4,2,6.136154915043242,2,12.047182536127076,0,100.0,CRITICAL
2,2,2,2,7.521861596554109,3,6.01699325284367,1,100.0,CRITICAL
15,11,2,5,9.138915893137096,5,7.902794293946017,1,100.0,CRITICAL
2,0,0,0,6.137818073092237,1,2.909620554540072,0,72.6609468712844,HIGH
5,5,1,0,7.6452078786238005,2,1.7745641459139163,0,100.0,CRITICAL
9,6,1,4,4.5806218730272406,4,10.813590563770498,0,100.0,CRITICAL
14,6,1,9,2.9189143092680583,1,22.84495487012438,1,100.0,CRITICAL
13,2,2,6,4.930395007805734,0,2.95146300890801,1,100.0,CRITICAL
4,2,1,0,0.8895919516192896,3,21.66538092537604,1,100.0,CRITICAL
8,7,7,1,9.299972055465869,1,19.12162638229559,0,100.0,CRITICAL
7,7,6,8,3.1042880753009436,1,19.354235503672648,1,100.0,CRITICAL
17,10,10,0,4.610326020868386,1,17.038880447094133,0,100.0,CRITICAL
6,2,1,2,6.533787636279872,3,14.204056135805665,0,100.0,CRITICAL
8,5,0,7,5.044945540169042,5,2.913297759324365,0,100.0,CRITICAL
8,8,2,1,2.8278020741468812,5,13.815665100327891,0,100.0,CRITICAL
13,0,0,9,9.842917413510804,4,8.447462587336279,1,100.0,CRITICAL
8,1,0,6,8.482938057420334,3,2.527304679523507,0,100.0,CRITICAL
5,1,0,1,1.0278755952802288,3,19.29187107999047,1,100.0,CRITICAL
9,4,1,2,3.673889154783576,0,13.11716705124691,1,100.0,CRITICAL
2,0,0,9,1.9429301548799482,3,17.87892670800539,1,100.0,CRITICAL
3,1,0,8,4.786724517391569,3,11.5082420461797,0,100.0,CRITICAL
4,2,0,3,2.0879592456781193,4,13.241212669561921,1,99.49092681269148,CRITICAL
19,19,0,6,3.1227345989091324,5,17.096237068198764,1,100.0,CRITICAL
7,1,1,5,5.208985767498845,3,5.926724943306814,0,100.0,CRITICAL
9,1,0,6,1.440848447400841,3,20.32916369978358,1,100.0,CRITICAL
6,3,3,6,8.609448039935362,3,10.10276033712477,0,100.0,CRITICAL
3,2,1,1,3.6265033854026862,5,17.003744388099292,0,100.0,CRITICAL
14,11,8,0,9.142997828259562,3,7.825924420274606,0,100.0,CRITICAL
13,7,3,9,0.30090253005569334,5,16.859395321639848,1,100.0,CRITICAL
13,4,2,5,7.71700547234436,0,1.0445085600026642,1,100.0,CRITICAL
1,1,0,6,8.649512876911693,0,22.30228395143484,0,100.0,CRITICAL
15,9,6,1,9.845701962149626,5,18.885473028166928,0,100.0,CRITICAL
5,1,1,1,1.3186994821591824,3,15.955333568805685,1,94.26961763139977,CRITICAL
2,2,0,8,4.337489308562286,5,7.7731714620815975,0,100.0,CRITICAL
5,1,0,4,7.603087827907899,3,20.22210075487616,0,100.0,CRITICAL
17,5,0,6,5.135586781683433,0,18.424462879518416,1,100.0,CRITICAL
1,0,0,0,8.207905744207135,0,10.874027654484706,0,68.60065755040743,HIGH
4,2,2,3,9.839034958597576,5,4.738796025491158,1,100.0,CRITICAL
15,3,1,1,7.566463807680677,3,4.212336137659896,1,100.0,CRITICAL
15,13,8,4,7.421886162805494,3,11.716701720952555,0,100.0,CRITICAL
16,2,2,0,5.678957825319565,4,18.80179428665125,0,100.0,CRITICAL
13,0,0,9,4.631614962595185,0,17.147165488482415,0,100.0,CRITICAL
14,5,0,6,8.350226802924361,0,11.845542888977462,1,100.0,CRITICAL
2,1,0,1,2.3287724658462237,5,4.906253917293213,1,77.71744875814571,CRITICAL
10,0,0,2,8.61451680245783,0,5.741531676935505,1,100.0,CRITICAL
5,0,0,4,8.37354044431571,2,1.3832993283712502,1,98.78678460047472,CRITICAL
3,3,0,8,7.3718798463927,1,4.243107184087712,0,100.0,CRITICAL
11,6,1,9,6.958844451649106,0,0.3062236987243052,1,100.0,CRITICAL
13,0,0,3,0.08081766822448877,2,16.187874256404918,1,100.0,CRITICAL
2,2,1,7,9.904196782337491,5,14.117749242904367,0,100.0,CRITICAL
7,4,1,7,3.9191234476538774,5,23.710952055621455,0,100.0,CRITICAL
3,2,1,9,3.7982382590026322,1,18.30655409044959,0,100.0,CRITICAL
13,4,4,3,9.883727138598111,1,5.909772468696348,0,100.0,CRITICAL
6,2,0,3,2.4188914924327665,0,16.989415597331316,1,90.3181449871861,CRITICAL
9,5,1,1,9.531317321608224,1,0.29212208262606953,0,100.0,CRITICAL
2,2,1,7,3.851915801782443,2,23.66778332856418,0,100.0,CRITICAL
12,8,6,0,0.9818522794141626,0,14.746447387638183,0,100.0,CRITICAL
15,1,1,4,5.230726264667398,3,2.872083921078863,1,100.0,CRITICAL
16,6,3,7,7.062301849792934,3,11.964461115435938,0,100.0,CRITICAL
3,3,0,5,6.090533417591784,5,22.57474434343596,0,100.0,CRITICAL
14,12,1,9,9.521706866608106,3,20.39280156146752,1,100.0,CRITICAL
1,0,0,3,3.8371999065929208,2,7.174055351019036,1,56.916902693533636,HIGH
16,9,1,8,4.42004541350836,2,9.50751346440342,0,100.0,CRITICAL
6,3,1,2,2.45931168790958,5,20.485395131513222,1,100.0,CRITICAL
15,9,7,8,5.778402683748389,1,21.600278333561526,0,100.0,CRITICAL
15,5,3,0,9.39646693170655,5,21.95032903511595,0,100.0,CRITICAL
3,2,0,3,3.4561460903510834,2,22.749348600581563,1,100.0,CRITICAL
4,4,0,9,1.149587108832486,5,12.013009339257483,0,100.0,CRITICAL
17,11,8,2,3.661212485848325,0,20.676456968660787,1,100.0,CRITICAL
13,11,7,1,8.83199286901074,4,8.32735957234367,1,100.0,CRITICAL
2,1,1,3,9.001725787817545,3,20.114561421180127,0,100.0,CRITICAL
1,1,0,3,1.2196111672869736,5,8.339153558334482,0,99.60317141240853,CRITICAL
6,4,4,8,7.645300187824022,1,14.599630160059775,0,100.0,CRITICAL
5,4,0,9,1.4164170213979932,1,11.243158512849405,0,100.0,CRITICAL
6,0,0,5,8.844230939073366,3,21.430540786521103,0,100.0,CRITICAL
18,6,2,5,4.752041774368459,3,1.596501312813067,0,100.0,CRITICAL
1,0,0,5,8.987661895423916,0,22.771035637968176,1,100.0,CRITICAL
13,6,5,5,0.7449679499992634,1,11.090267873233724,1,100.0,CRITICAL
6,2,0,7,0.763961203454967,5,11.553431569532925,0,100.0,CRITICAL
12,7,7,3,9.353347094377497,3,19.867607705732333,0,100.0,CRITICAL
10,8,3,0,7.723417591189862,5,15.988367471980176,0,100.0,CRITICAL
19,10,9,2,1.455369604420691,2,22.889039472486893,1,100.0,CRITICAL
3,2,2,7,8.90493151742559,1,13.118788296619112,1,100.0,CRITICAL
15,4,2,0,8.537852226183526,2,13.407643468439254,1,100.0,CRITICAL
14,0,0,4,5.377843872537479,3,23.3208639709552,0,100.0,CRITICAL
4,0,0,1,1.6506229020933705,0,22.23456456585037,1,66.37340514760226,HIGH
7,4,2,9,4.224363695529275,1,5.0086310891473245,1,100.0,CRITICAL
10,1,1,3,5.502648893267539,1,7.366675062815976,0,100.0,CRITICAL
14,1,0,2,2.095583880815367,5,15.008132197460597,1,100.0,CRITICAL
2,0,0,0,8.584601388217541,3,22.545000115189584,1,100.0,CRITICAL
1,1,1,4,8.335518067631877,2,13.5205637223115,1,100.0,CRITICAL
16,4,1,8,0.23305365999912064,5,17.587750935899898,0,100.0,CRITICAL
16,10,7,2,0.19648299645371292,4,2.2559684241019937,1,100.0,CRITICAL
13,12,10,0,4.368406536367462,5,12.542979833623173,0,100.0,CRITICAL
1,1,0,0,9.242058232685492,3,3.5424398917359055,0,100.0,CRITICAL
6,5,1,0,7.681193440926761,5,6.255170793855136,1,100.0,CRITICAL
4,4,1,3,9.58466472949567,2,3.991309713756797,1,100.0,CRITICAL
2,2,2,4,2.8396237469356445,5,3.9818894018339197,0,100.0,CRITICAL
7,3,2,7,9.6816403009133,2,23.800980793467282,0,100.0,CRITICAL
14,5,4,9,5.3150702429971775,5,7.157888622902197,0,100.0,CRITICAL
1,0,0,6,6.110149710980236,4,13.571637879736121,0,100.0,CRITICAL
10,2,2,9,2.2890051013183097,1,0.48205008248635295,0,100.0,CRITICAL
6,4,4,3,4.6137962166351345,0,19.35326867713815,1,100.0,CRITICAL
8,7,2,1,7.562270119216419,4,16.325465760755435,1,100.0,CRITICAL
9,1,0,1,3.5109876770205473,3,5.4906843837877535,1,83.75646099974885,CRITICAL
11,7,4,1,0.6966677310939151,2,0.8654421242418753,1,100.0,CRITICAL
6,5,4,0,8.377532243878514,5,6.589943680135797,0,100.0,CRITICAL
8,4,1,5,0.33394558301827804,4,15.08592952293479,1,100.0,CRITICAL
16,6,4,3,0.9629175730713535,2,0.3648692483891587,1,100.0,CRITICAL
17,14,11,2,6.371006917834416,1,1.8086112809212418,0,100.0,CRITICAL
7,0,0,0,6.685019707202101,5,9.824335633728008,0,100.0,CRITICAL
8,1,1,6,5.498429580058809,2,4.223979537152329,0,100.0,CRITICAL
8,5,1,8,0.7775917799422483,0,15.16344110271195,1,100.0,CRITICAL
10,10,6,3,7.768537601898934,5,4.191817947563204,1,100.0,CRITICAL
9,6,0,0,5.982072148439631,3,23.846756927414482,1,100.0,CRITICAL
19,14,1,2,6.704746990196978,1,10.459509149110183,1,100.0,CRITICAL
10,0,0,8,0.029008974574594726,2,3.55960031700378,0,89.62661747526448,CRITICAL
17,14,6,0,0.8789748309867296,0,1.772015811038547,0,100.0,CRITICAL
9,8,6,0,7.209288556436046,0,10.09344856845004,1,100.0,CRITICAL
14,12,1,4,6.777743230562847,3,19.418212785623894,0,100.0,CRITICAL
2,0,0,4,1.9835412850391232,1,10.532042212223459,0,61.08948852580015,HIGH
3,1,1,7,5.048719130048099,3,3.3859260233646493,0,100.0,CRITICAL
9,4,1,0,3.124051118726806,3,11.729016660976647,1,100.0,CRITICAL
19,8,6,7,6.249029583531703,0,8.096895175164448,1,100.0,CRITICAL
18,17,7,1,7.9748859052627825,4,12.044845600797974,0,100.0,CRITICAL
18,5,5,0,1.8803491759349922,2,9.387293686256012,1,100.0,CRITICAL
11,3,1,7,6.493053032982923,1,15.549338528247649,0,100.0,CRITICAL
9,3,3,9,4.343874491833047,4,19.28698974769072,0,100.0,CRITICAL
12,7,5,1,1.927544528563091,3,21.274876664536425,0,100.0,CRITICAL
8,2,2,4,3.965263569209787,1,17.790962789630534,0,100.0,CRITICAL
18,10,2,9,1.0422814971797034,3,8.520552112639855,1,100.0,CRITICAL
8,7,7,5,6.5766250442738325,5,10.762992666048515,0,100.0,CRITICAL
4,1,0,2,9.98197498976263,1,15.402371083451957,0,100.0,CRITICAL
6,4,3,8,7.332657140503467,1,5.275884371038613,1,100.0,CRITICAL
16,4,2,8,8.519878458914006,2,16.842307655505962,1,100.0,CRITICAL
13,1,0,7,2.2576656155395582,0,15.594954301188135,0,100.0,CRITICAL
16,11,10,6,1.0618778658424066,2,15.755690878128222,1,100.0,CRITICAL
18,5,2,4,0.02146542278139818,2,7.999846280074047,0,100.0,CRITICAL
8,2,0,9,7.295924080509222,4,14.437604761632675,1,100.0,CRITICAL
1,1,0,1,8.231391675404758,2,4.745566736466155,0,100.0,CRITICAL
6,5,2,2,1.890882871152545,1,4.552703398976131,1,100.0,CRITICAL
18,6,1,4,4.7828413264438385,3,18.44449908548208,0,100.0,CRITICAL
2,0,0,7,5.850267274971099,4,9.109448317067693,0,100.0,CRITICAL
8,4,4,0,9.581887038436845,1,13.070371563846066,0,100.0,CRITICAL
6,4,3,0,9.13943982809017,5,7.025812309191168,1,100.0,CRITICAL
6,3,3,6,0.1573832791387808,3,5.660520463937956,1,100.0,CRITICAL
14,2,0,0,0.4922459739269669,3,18.716802372029974,1,100.0,CRITICAL
3,2,2,2,9.58901214439869,4,19.060347461894747,0,100.0,CRITICAL
18,3,1,7,0.5809952100434423,2,20.070843972469937,0,100.0,CRITICAL
5,5,2,8,5.820019355301676,4,20.506685878425415,1,100.0,CRITICAL
16,8,7,4,0.792749952188645,4,9.87311110982639,0,100.0,CRITICAL
18,17,15,5,6.668714208044998,5,19.415215441186046,0,100.0,CRITICAL
9,1,1,7,1.8420943485480445,4,8.302425652635339,0,100.0,CRITICAL
1,1,1,2,0.3414963571229013,5,1.2604325035739068,0,94.90664564737834,CRITICAL
11,11,0,0,2.7883108689552927,3,16.54410070264448,1,100.0,CRITICAL
8,7,7,8,5.313420266440676,2,4.775026038495869,0,100.0,CRITICAL
8,8,0,1,5.350004215901524,5,10.835329494999666,0,100.0,CRITICAL
13,12,3,8,7.635419572172136,5,3.9328655785691975,1,100.0,CRITICAL
8,1,0,1,0.6047987803863086,0,9.396870533831702,1,65.30714471105044,HIGH
16,5,2,7,0.08182936421330278,3,21.23679118335736,0,100.0,CRITICAL
18,13,5,2,7.142072370595481,4,14.7156522233561,1,100.0,CRITICAL
9,5,3,8,9.542403885790455,5,3.5553384970166846,0,100.0,CRITICAL
12,6,2,9,1.927090827481892,3,17.41202780993734,0,100.0,CRITICAL
3,0,0,3,1.4990600634372686,1,20.348242883289362,1,86.5075855187418,CRITICAL
1,0,0,7,3.429549878432473,2,3.9934224840029726,0,81.540001324849,CRITICAL
9,9,8,3,7.02232985007818,0,17.8583184634681,1,100.0,CRITICAL
8,2,1,2,7.617991460908952,2,13.179002946751202,0,100.0,CRITICAL
13,11,5,0,9.366899835175003,1,14.502331937597093,0,100.0,CRITICAL
17,0,0,3,8.019247057213484,0,22.536597614020188,0,100.0,CRITICAL
7,4,3,1,0.2775859791635682,3,0.8774572345140648,1,100.0,CRITICAL
15,14,11,8,2.063773833046799,0,15.330948533674007,0,100.0,CRITICAL
14,7,4,1,3.5552992525778357,4,1.955821515745451,1,100.0,CRITICAL
16,6,5,7,9.469115763298788,1,18.950068712387857,0,100.0,CRITICAL
17,6,4,9,6.056099895321103,5,21.507208648799306,0,100.0,CRITICAL
16,5,1,9,9.963173803689997,4,2.076714159828371,1,100.0,CRITICAL
18,2,1,6,3.1762141161779986,1,0.6201455540670002,0,100.0,CRITICAL
14,13,4,5,9.213831300541116,3,22.93604916939286,0,100.0,CRITICAL
6,3,3,3,6.9863432711806395,3,22.23663446455852,1,100.0,CRITICAL
15,8,4,2,8.87064698665149,4,22.169937689486595,0,100.0,CRITICAL
5,1,0,9,9.226248449528544,1,22.552443788511248,1,100.0,CRITICAL
17,10,3,4,4.5302477564513675,1,12.00232606106054,0,100.0,CRITICAL
1,1,1,1,8.719532447092138,3,23.44559056235764,0,100.0,CRITICAL
13,11,3,1,9.832390785015825,2,21.415499675985444,0,100.0,CRITICAL
7,7,4,7,6.6711701359757605,4,2.343916708146679,0,100.0,CRITICAL
19,5,5,2,2.590455525315808,4,19.505016667193047,1,100.0,CRITICAL
5,3,2,6,2.693227823970179,1,17.098660459016475,0,100.0,CRITICAL
9,3,2,5,7.523973162578902,5,3.218352144440053,1,100.0,CRITICAL
4,1,0,7,3.2864952341761544,0,17.71015184724196,1,87.50869426439866,CRITICAL
7,0,0,2,4.110467459165442,5,11.638144254137956,0,100.0,CRITICAL
13,7,7,0,5.265220274648406,3,20.491773310904186,0,100.0,CRITICAL
8,4,0,5,9.116848691123472,5,19.65112660445721,0,100.0,CRITICAL
4,2,1,5,7.113208866323591,3,22.61593979533441,0,100.0,CRITICAL
8,8,1,7,2.9098654007921523,5,1.8066988295581874,0,100.0,CRITICAL
16,4,2,9,1.3367611204755492,2,17.045889423783546,0,100.0,CRITICAL
13,1,0,2,2.8980078522385186,0,9.049749737422232,0,100.0,CRITICAL
10,5,1,8,3.3352068726937354,0,18.62384759276212,1,100.0,CRITICAL
14,8,1,5,7.3262068102143445,0,14.461497510653007,1,100.0,CRITICAL
10,0,0,0,4.252453932223396,2,11.893934818955216,1,92.273398845743,CRITICAL
13,10,2,2,9.979364907946072,3,0.10163107945314387,1,100.0,CRITICAL
8,2,1,3,0.3449392384069483,0,14.57205179111701,0,100.0,CRITICAL
5,1,0,2,3.5425144084689864,3,10.08912894534371,1,87.89283188460232,CRITICAL
19,0,0,5,0.8593218112980272,3,7.9806566486593145,0,100.0,CRITICAL
13,4,2,6,3.567232149399043,2,23.730488637981914,1,100.0,CRITICAL
2,0,0,1,4.337140402779301,3,16.808793730422327,0,94.1329819145516,CRITICAL
16,4,4,5,8.911459862360074,1,12.957234665716175,1,100.0,CRITICAL
14,7,5,3,4.253622222617929,3,20.84934290042347,0,100.0,CRITICAL
17,5,1,0,0.25503178152655237,1,5.450357805696447,0,100.0,CRITICAL
3,3,1,1,9.551879741789286,0,14.877786487920858,0,100.0,CRITICAL
16,3,2,4,1.4525607653605332,5,20.662187070122144,0,100.0,CRITICAL
9,3,3,8,7.737102469018849,1,2.9660550077480003,0,100.0,CRITICAL
7,6,0,4,2.002681423782758,0,5.6661382837376975,0,100.0,CRITICAL
2,0,0,7,9.233334884893393,5,1.9831729681255226,0,100.0,CRITICAL
11,4,1,9,2.2654465096020338,1,23.81864181765379,0,100.0,CRITICAL
11,1,0,1,8.551656959299178,1,13.941907650969565,1,100.0,CRITICAL
14,11,0,4,4.145574766939721,0,11.747658860445739,1,100.0,CRITICAL
16,5,3,0,4.4714308623433805,2,8.122444609464107,0,100.0,CRITICAL
8,6,5,1,6.292073628897902,3,10.786804307108651,0,100.0,CRITICAL
15,2,2,2,4.8742113690760425,1,18.620569561694357,1,100.0,CRITICAL
16,9,2,7,3.367432964349031,4,22.00122725147066,0,100.0,CRITICAL
2,0,0,9,2.4260439541415604,2,2.518684803409898,0,98.63894924518,CRITICAL
4,3,3,2,2.662348809115924,5,7.191106191006282,1,100.0,CRITICAL
1,1,0,3,7.035659568947362,3,4.539073685646925,0,94.97523801180596,CRITICAL
7,2,0,3,1.0874903675829084,2,10.45165985751203,0,93.58985753299577,CRITICAL
11,6,4,8,5.6156587882438656,2,12.731619674958758,0,100.0,CRITICAL
18,17,8,3,3.79509807068564,0,17.310719055654786,1,100.0,CRITICAL
5,4,1,8,3.53121741573164,4,21.015796468956317,0,100.0,CRITICAL
5,5,1,7,7.154913903828298,3,13.01111526335064,1,100.0,CRITICAL
17,13,13,3,5.03227698191572,2,11.730446104633657,1,100.0,CRITICAL
4,1,0,2,0.7719315984476471,0,13.818070197421273,1,56.60671499399903,HIGH
9,0,0,1,9.095674865869405,3,21.321844895976994,1,100.0,CRITICAL
14,8,6,7,8.980196876634592,0,15.565102484977611,0,100.0,CRITICAL
9,6,6,7,4.253563891773961,3,18.896937735993127,0,100.0,CRITICAL
13,7,2,0,0.13755864234774373,2,17.267839293828274,1,100.0,CRITICAL
16,16,11,6,0.6025148084281462,1,22.16420899950497,0,100.0,CRITICAL
13,13,10,7,4.9159707669302595,5,19.60650084800444,1,100.0,CRITICAL
9,2,1,6,0.8142849857185419,5,8.188899916812908,0,100.0,CRITICAL
12,6,6,2,4.432266794826251,4,20.50484646495409,0,100.0,CRITICAL
12,9,2,3,1.8974774316514076,5,11.218701567957678,0,100.0,CRITICAL
10,8,4,4,8.024718521208609,1,20.33334419549038,0,100.0,CRITICAL
2,0,0,0,3.6757390464404716,1,21.73790799199174,0,90.42108008390639,CRITICAL
5,4,0,9,3.7848842446338216,2,16.446465704823055,0,100.0,CRITICAL
11,7,6,2,0.24934670847927887,0,17.253193851011737,1,100.0,CRITICAL
2,2,1,5,6.5376404136557955,4,3.386600907561606,0,100.0,CRITICAL
10,4,3,2,7.734644721586824,1,7.772279194367342,0,100.0,CRITICAL
8,2,1,4,2.634759681135735,0,13.385579886341807,0,100.0,CRITICAL
10,8,1,3,6.167960926393609,4,0.08436348413555717,1,100.0,CRITICAL
11,3,3,1,6.468953408844755,2,20.33466985769893,0,100.0,CRITICAL
9,8,4,3,6.296653866446176,5,8.867508529279942,1,100.0,CRITICAL
7,2,1,3,6.9830689993031205,4,17.36155893602373,1,100.0,CRITICAL
12,6,4,2,7.849881036262909,5,18.46314294889174,1,100.0,CRITICAL
7,0,0,7,7.580499799286223,3,13.153993221808257,0,100.0,CRITICAL
16,9,8,5,5.7403256530716265,5,18.965436862451014,1,100.0,CRITICAL
19,11,8,0,9.388749271519032,2,16.377788121311642,1,100.0,CRITICAL
16,14,3,8,7.80459951786553,1,8.63626888367055,1,100.0,CRITICAL
15,4,2,2,8.908583910564044,3,19.58774466110848,1,100.0,CRITICAL
14,8,8,3,5.078259172248426,0,15.265331046113262,0,100.0,CRITICAL
13,10,7,9,7.0047649927921825,1,3.8449138733587507,1,100.0,CRITICAL
3,0,0,9,8.630800730718141,3,18.547778693640677,0,100.0,CRITICAL
13,5,4,6,5.397741806364085,5,16.2284883058298,1,100.0,CRITICAL
7,2,0,4,8.740305004545316,5,6.831623235047634,1,100.0,CRITICAL
2,1,1,3,7.252341821382409,2,20.20747509879409,1,100.0,CRITICAL
10,2,1,1,7.537824124337613,3,8.976180469719736,0,100.0,CRITICAL
15,13,12,4,9.273436461618486,3,13.265742983084694,0,100.0,CRITICAL
3,3,2,7,3.3029790413411875,5,8.235830553394422,0,100.0,CRITICAL
6,0,0,1,5.946661637850879,5,17.384805804185266,0,100.0,CRITICAL
14,0,0,0,2.7266012017315324,1,13.94813204341932,1,96.02626339204625,CRITICAL
4,2,1,5,5.291838548150466,5,11.28703371519166,1,100.0,CRITICAL
15,1,1,0,4.436488663526985,3,0.4876661883604907,0,100.0,CRITICAL
5,4,4,8,4.5742291992315876,4,14.572429731884437,0,100.0,CRITICAL
6,4,0,7,2.085771408356184,5,14.936451107529184,0,100.0,CRITICAL
19,17,17,3,6.2550071684373085,1,4.349648504300984,1,100.0,CRITICAL
18,11,10,6,7.955782169183,4,7.975420802592398,0,100.0,CRITICAL
6,6,3,9,2.686578944859889,3,21.0909098655503,1,100.0,CRITICAL
4,1,1,3,1.2392610192928355,5,13.17997822702172,1,96.81512124593087,CRITICAL
12,7,1,5,2.553592761036879,4,10.441912931512562,1,100.0,CRITICAL
14,5,0,9,7.552305426541697,2,22.463081726796375,0,100.0,CRITICAL
7,1,0,6,0.6340506973021265,5,19.486692283108805,0,100.0,CRITICAL
2,2,2,8,6.1780153806039095,2,2.3393277765380445,1,100.0,CRITICAL
2,1,1,1,8.198084821852397,3,20.614256912611186,0,100.0,CRITICAL
4,0,0,9,8.016549180318389,4,3.593653454391802,1,100.0,CRITICAL
3,2,2,7,9.87537308833873,3,4.195256048619707,1,100.0,CRITICAL
2,1,1,8,7.899869131038456,2,1.8083411167011612,0,100.0,CRITICAL
6,5,2,3,1.348350917583102,4,11.552426246546158,0,100.0,CRITICAL
14,4,2,7,3.4712175705926085,2,15.472543589747072,1,100.0,CRITICAL
8,2,2,9,2.1698166793705695,4,18.089171064071742,0,100.0,CRITICAL
11,2,1,4,3.7638031434163888,5,0.6414063724769221,0,100.0,CRITICAL
19,5,2,8,6.369152557935967,1,4.268671911323957,0,100.0,CRITICAL
15,9,2,1,2.898325974586604,3,14.909344617791763,0,100.0,CRITICAL
14,3,0,0,1.2876848082419023,5,12.614004480356096,0,100.0,CRITICAL
4,3,1,9,7.142030177492438,5,1.2324936132820836,0,100.0,CRITICAL
10,10,1,5,1.1719559439397165,4,22.449838598861422,1,100.0,CRITICAL
8,7,1,3,9.479033799099444,5,18.204249497237626,1,100.0,CRITICAL
5,1,1,5,6.185772011208128,5,8.611111308821688,1,100.0,CRITICAL
18,12,10,6,7.644071365252207,4,12.873560278124542,0,100.0,CRITICAL
17,14,5,8,8.242809378802828,1,8.98214400558927,1,100.0,CRITICAL
5,0,0,0,6.430114565758923,0,10.926943104211606,1,69.27096182425318,HIGH
3,2,2,2,7.019975760783296,1,14.308419541911583,0,100.0,CRITICAL
10,4,2,1,7.903481762606229,4,9.56321798722052,1,100.0,CRITICAL
4,2,0,4,4.540917540655828,5,14.897227576733284,0,100.0,CRITICAL
19,6,0,9,0.027545589696909012,5,11.163523597623776,1,100.0,CRITICAL
5,0,0,7,9.66988046129799,0,15.77426365850452,1,100.0,CRITICAL
1,1,0,4,2.4272186868109467,5,6.293316435666279,1,92.59498856600358,CRITICAL
4,3,3,7,1.4968945007419443,2,4.108610459688959,1,100.0,CRITICAL
1,0,0,2,9.192129860530011,3,0.3259746387452678,0,89.1467074298952,CRITICAL
15,5,2,9,5.412374594088019,0,14.447523324962084,1,100.0,CRITICAL
3,1,1,0,2.756600911247199,2,23.53874893130609,0,100.0,CRITICAL
10,3,1,3,9.317651344531658,5,10.089295030255883,1,100.0,CRITICAL
5,3,0,2,8.553630076072569,4,5.103075412061741,0,100.0,CRITICAL
11,4,0,7,4.558118002492961,0,0.3146143418910601,1,100.0,CRITICAL
17,1,1,7,9.561826024409399,1,12.306814640074101,1,100.0,CRITICAL
9,2,0,7,0.9322174739639388,5,23.824910539330872,0,100.0,CRITICAL
13,2,1,2,9.376079234542697,3,23.61060847780174,0,100.0,CRITICAL
14,1,1,7,4.603648761954825,5,2.4324679996422542,0,100.0,CRITICAL
9,7,7,5,4.614343642113381,1,19.59376852555558,0,100.0,CRITICAL
17,10,10,7,4.533211453721158,1,4.159693406377827,1,100.0,CRITICAL
7,2,1,8,4.30500115000431,3,19.424436269864145,1,100.0,CRITICAL
16,10,9,0,5.373783510229487,1,20.485183173276845,0,100.0,CRITICAL
13,0,0,0,9.951601343104695,4,0.1856214971380572,1,100.0,CRITICAL
14,1,0,3,0.14479705721564207,1,5.694273122693016,0,91.88138357454058,CRITICAL
18,0,0,0,5.00069857624876,4,1.3572402299129633,0,100.0,CRITICAL
11,0,0,8,2.836295582913949,1,11.973831009019637,0,100.0,CRITICAL
2,0,0,8,1.7147316522428646,5,0.641188665293063,0,93.19883750762386,CRITICAL
6,2,2,6,9.250942192261512,4,15.026045716320972,0,100.0,CRITICAL
5,0,0,1,3.844857831157331,0,13.399915006828227,0,77.7307302783854,CRITICAL
3,1,1,3,5.463973774740333,4,9.105435847684216,1,100.0,CRITICAL
7,4,3,3,9.303774140568255,5,11.083241867570656,1,100.0,CRITICAL
3,0,0,9,4.794073794261259,3,23.762279497333367,1,100.0,CRITICAL
13,7,2,4,2.8819706549616786,1,4.023662884138658,0,100.0,CRITICAL
2,1,0,4,0.967861212090575,5,17.544910867986598,1,100.0,CRITICAL
2,2,0,7,5.983661270715917,0,15.4874326172502,0,100.0,CRITICAL
18,11,1,2,9.11593395371202,1,15.928768241084448,1,100.0,CRITICAL
4,4,0,6,0.8076200286754343,5,8.297142295900805,1,100.0,CRITICAL
17,1,0,0,4.4592226039891125,4,5.195288750336294,1,100.0,CRITICAL
11,8,7,0,6.646292389686158,1,15.619751702562333,0,100.0,CRITICAL
7,3,0,2,1.0071124869115733,5,21.905391694199512,1,100.0,CRITICAL
2,0,0,0,0.7871469576535883,2,23.42369962902807,0,67.00383705222028,HIGH
15,14,8,0,2.0449608479875736,0,11.541844953039188,1,100.0,CRITICAL
14,1,1,2,1.3131244418015897,5,10.214679650253728,1,100.0,CRITICAL
14,7,6,8,3.7782089279144526,2,8.374616087154028,0,100.0,CRITICAL
6,0,0,4,4.101872091739295,1,19.439408805096065,0,100.0,CRITICAL
5,4,4,3,4.52746051782944,4,6.1295863877517665,1,100.0,CRITICAL
14,3,0,6,4.911206886200991,0,12.312657168466934,0,100.0,CRITICAL
4,1,1,1,0.5825161525165201,5,8.281305287116558,1,92.63234054880816,CRITICAL
14,12,12,5,6.629654116463117,0,21.0168198749303,1,100.0,CRITICAL
5,1,0,9,7.337169730059509,4,6.784179847870427,0,100.0,CRITICAL
12,6,6,0,1.3723207144877203,0,16.47570733786867,1,100.0,CRITICAL
13,13,11,3,2.2696771974449503,5,14.12996395345229,0,100.0,CRITICAL
12,11,0,5,2.805640920929874,4,7.880906133265244,1,100.0,CRITICAL
17,8,3,9,4.161874912559124,5,6.114759960127935,1,100.0,CRITICAL
18,1,0,3,4.015630657278458,2,19.2909191998338,0,100.0,CRITICAL
12,11,4,6,2.0567015755036024,1,12.252021141437137,1,100.0,CRITICAL
9,7,7,2,0.7346983578325128,0,14.675116370680666,0,100.0,CRITICAL
19,5,2,2,2.904653944810641,0,23.09010615345488,1,100.0,CRITICAL
15,12,4,9,7.7921522401838414,0,9.552393943600482,0,100.0,CRITICAL
9,3,3,7,0.5834974484737154,2,19.542695272072624,0,100.0,CRITICAL
13,8,4,1,3.6615663781113694,4,15.330309091328921,1,100.0,CRITICAL
15,7,0,0,1.9278495110571003,5,14.244833407571566,0,100.0,CRITICAL
12,6,5,4,7.125114864970171,4,1.3094742030974675,1,100.0,CRITICAL
10,4,3,6,3.31445863052601,2,21.896589065028433,1,100.0,CRITICAL
3,0,0,3,3.97278024136813,1,5.486395934844607,0,77.66865725636674,CRITICAL
10,1,1,7,9.171012738382187,5,11.356515793844228,0,100.0,CRITICAL
18,18,7,0,6.111974539064136,2,18.04831949077456,0,100.0,CRITICAL
10,6,1,4,8.238209985785085,5,12.535761370810855,1,100.0,CRITICAL
4,0,0,1,6.849112758518466,0,0.10407111672691194,0,57.938120294367835,HIGH
3,3,2,2,9.600043127278067,1,22.77691136768077,0,100.0,CRITICAL
18,12,10,5,5.715688886468016,3,0.491642611845454,0,100.0,CRITICAL
17,13,3,1,2.499217785614356,1,2.157898704614957,1,100.0,CRITICAL
5,5,1,7,6.943616498474469,5,5.3791824996093744,1,100.0,CRITICAL
10,10,0,3,8.20255936964339,2,14.375043346035548,1,100.0,CRITICAL
2,1,1,9,9.675787211920037,5,23.307296079246235,0,100.0,CRITICAL
1,1,1,6,6.177502468156117,0,22.143805926550503,0,100.0,CRITICAL
16,6,0,4,8.219657205615128,5,15.63207222638524,1,100.0,CRITICAL
10,3,2,6,7.106166500708095,1,17.800515386115123,0,100.0,CRITICAL
3,1,1,6,7.750369492511208,4,17.085178790531778,1,100.0,CRITICAL
4,1,1,9,5.977705280784051,1,16.486736364283068,1,100.0,CRITICAL
1,0,0,1,2.910661299704235,3,19.497472067017103,0,94.79377103442972,CRITICAL
12,11,1,5,0.8760162345439226,5,8.157351221534995,0,100.0,CRITICAL
13,10,7,7,7.199124802923641,5,5.3069130021456905,0,100.0,CRITICAL
8,3,1,7,8.295147881880219,5,8.3435155099412,1,100.0,CRITICAL
19,10,8,8,7.711578669241539,1,1.1664908414076463,0,100.0,CRITICAL
5,0,0,4,0.39621169217522567,1,23.208874046497158,1,89.27535540190355,CRITICAL
12,11,0,9,0.5498534138476574,5,17.74811599578236,1,100.0,CRITICAL
19,19,17,2,1.0313117560313279,1,5.122404209606496,1,100.0,CRITICAL
4,1,1,4,8.24441393598448,0,6.138975861553281,1,100.0,CRITICAL
15,5,1,5,6.1062811658286815,2,23.822603566749997,1,100.0,CRITICAL
13,8,4,8,5.897045092534171,0,18.434575161157852,1,100.0,CRITICAL
13,7,0,8,2.133320937666033,1,10.215824892684417,0,100.0,CRITICAL
3,0,0,3,0.7655607530094333,4,4.959615167617578,0,82.92263695919209,CRITICAL
8,4,1,9,7.961178423222192,4,0.9702759682533584,0,100.0,CRITICAL
6,4,4,4,8.284043145166404,4,16.06350281504953,1,100.0,CRITICAL
17,12,6,7,2.5135204205075565,1,18.71947635839156,0,100.0,CRITICAL
11,4,1,8,8.259550819983291,1,2.585881515419528,1,100.0,CRITICAL
7,0,0,0,3.1295166636703176,3,0.057356522976261815,0,71.629953980692,HIGH
15,1,0,2,8.11973928619058,3,8.578207365849781,0,100.0,CRITICAL
4,4,4,3,0.6867538898596504,2,16.01875900818491,1,100.0,CRITICAL
8,0,0,8,3.447295264239071,1,22.171104592642788,0,100.0,CRITICAL
2,1,1,0,7.704139036679462,1,21.108877276331913,1,100.0,CRITICAL
11,9,7,9,2.8877388099979506,4,16.524638978149085,0,100.0,CRITICAL
8,0,0,7,0.40296187255293603,3,19.537251202497945,0,100.0,CRITICAL
19,2,1,1,1.5034184334860867,5,8.540729481063648,0,100.0,CRITICAL
5,0,0,0,9.616864267287466,5,5.882513336630757,0,100.0,CRITICAL
18,3,1,9,6.002412298942429,0,2.981096892280613,0,100.0,CRITICAL
6,6,3,6,1.7695844733446364,3,4.359171414283899,1,100.0,CRITICAL
19,4,0,3,6.476939914459456,5,23.110337189008625,0,100.0,CRITICAL
5,1,0,1,6.2331238939200215,2,22.31897775091236,0,100.0,CRITICAL
13,2,1,3,4.078002627897997,0,1.1260610178428596,1,96.91236039098756,CRITICAL
12,2,1,9,6.667791244887152,4,11.278577280756167,0,100.0,CRITICAL
9,6,2,1,1.1180871164094919,3,8.959983057595135,1,100.0,CRITICAL
5,2,1,3,3.2141420681597763,5,15.642774866971976,0,100.0,CRITICAL
17,16,10,1,0.37583008642724347,1,7.881560282709294,1,100.0,CRITICAL
18,14,12,6,9.144632791573027,5,6.734629685232243,1,100.0,CRITICAL
3,3,0,2,8.929860379160289,2,19.420097733515846,0,100.0,CRITICAL
19,9,0,6,2.0395420799699693,2,22.730770444314164,0,100.0,CRITICAL
15,14,2,1,7.076553428187081,0,4.867097430714782,0,100.0,CRITICAL
17,6,5,3,8.130613424364887,0,5.6470829357104755,1,100.0,CRITICAL
9,0,0,6,4.07204580148842,2,10.058798028355927,0,100.0,CRITICAL
4,3,2,5,8.16942932913049,3,16.951276431815074,0,100.0,CRITICAL
9,4,4,2,4.923950660525634,1,4.009501383859931,1,100.0,CRITICAL
4,4,3,7,7.972050863833723,4,11.230400941923008,1,100.0,CRITICAL
3,1,0,8,7.573505907525037,1,20.180372765665474,0,100.0,CRITICAL
9,4,0,3,5.619079033316251,3,5.617598873966608,1,100.0,CRITICAL
11,11,6,8,5.073580189421318,0,1.1438722830633727,0,100.0,CRITICAL
11,1,1,2,2.927790455670962,4,21.76386047706668,0,100.0,CRITICAL
8,7,1,1,4.114264716181765,1,18.900758839695975,0,100.0,CRITICAL
2,1,1,7,3.9174219813557865,1,16.771379347548027,0,100.0,CRITICAL
16,4,2,9,1.0326025238440684,4,2.0959256168084455,1,100.0,CRITICAL
2,1,0,5,5.2407769395353645,2,21.583999671822383,0,100.0,CRITICAL
5,4,3,7,5.803146050350545,4,7.326371740532746,1,100.0,CRITICAL
9,6,2,2,9.690096371646542,1,5.075789131128015,0,100.0,CRITICAL
2,1,0,7,2.828832366696269,4,11.699971167358317,0,100.0,CRITICAL
9,4,2,9,3.9945863969920614,5,22.147189861129558,0,100.0,CRITICAL
11,0,0,9,5.518758262747344,1,23.869305623810874,0,100.0,CRITICAL
8,3,2,1,8.530351051327116,5,14.73861141356237,0,100.0,CRITICAL
7,3,2,6,2.57964339761367,3,22.9321981003202,0,100.0,CRITICAL
6,0,0,1,2.34308568299232,5,10.880023896760772,1,100.0,CRITICAL
15,14,2,1,5.318828422332128,2,0.711960409146462,1,100.0,CRITICAL
15,9,0,4,1.2856498327847499,4,6.615638786396403,0,100.0,CRITICAL
7,0,0,8,6.964272474193422,3,7.243858619710646,0,100.0,CRITICAL
8,3,2,1,8.597858706999087,3,18.784981866929122,1,100.0,CRITICAL
17,9,3,8,0.29504838977783,2,2.9818633360295843,0,100.0,CRITICAL
19,4,4,7,1.9497175108468945,0,4.197704318193802,0,100.0,CRITICAL
2,0,0,9,5.791185755754538,4,14.742470641164747,0,100.0,CRITICAL
9,4,0,3,8.277910346590275,5,3.1347466155158132,1,100.0,CRITICAL
2,0,0,4,4.900750765740339,2,11.892400495522242,0,99.44522614329273,CRITICAL
13,10,3,5,7.843527318110542,5,0.8415981245305622,1,100.0,CRITICAL
12,2,1,8,4.222509629749763,2,16.05313200173852,1,100.0,CRITICAL
4,3,1,9,3.875346858094532,1,21.800960226889416,1,100.0,CRITICAL
19,6,0,5,1.8165285794849673,2,20.99754945335476,1,100.0,CRITICAL
8,1,0,5,1.51593951619856,2,1.7668292025321737,0,100.0,CRITICAL
13,3,2,5,7.452733383169203,4,14.184095906419863,1,100.0,CRITICAL
14,7,0,9,1.6935960445934006,2,2.492167966799866,1,100.0,CRITICAL
7,4,2,0,4.077399619712438,5,1.2845822576248294,1,100.0,CRITICAL
1,1,0,0,5.45001560608346,2,14.64924059281211,0,100.0,CRITICAL
11,2,1,8,2.64395740915249,0,13.739006493180892,0,100.0,CRITICAL
17,3,0,9,8.324007167132816,3,2.2520491925301105,1,100.0,CRITICAL
17,1,0,1,4.04767276097922,4,8.636589886585668,0,100.0,CRITICAL
15,2,0,4,3.7673247778556385,0,7.599655861447022,1,100.0,CRITICAL
10,1,0,8,1.7817715026716985,5,8.219133524837522,0,100.0,CRITICAL
16,1,1,5,2.197978864429224,4,7.996574834587054,0,100.0,CRITICAL
5,2,2,8,2.912796707885085,3,19.79174981145825,1,100.0,CRITICAL
2,0,0,1,3.493290633907039,2,8.486603507248912,0,80.84279150676375,CRITICAL
7,6,5,9,7.012978107034344,2,7.93042682331343,1,100.0,CRITICAL
3,3,3,0,9.963053459143094,5,0.7108117339060245,1,100.0,CRITICAL
15,6,5,1,5.065582722681924,1,18.96977978490472,1,100.0,CRITICAL
11,8,7,1,7.0535321662438575,3,15.837086325924968,1,100.0,CRITICAL
1,0,0,4,2.4370835207340527,2,8.194409474114808,0,82.90222091599885,CRITICAL
16,8,0,0,9.470964611851777,4,10.844159577606362,1,100.0,CRITICAL
11,1,0,1,8.103906378256307,5,19.057756002802982,1,100.0,CRITICAL
19,6,3,4,6.850762081950064,4,8.261237196177003,0,100.0,CRITICAL
7,0,0,4,3.1339286920463905,1,11.360869671683778,1,87.73895944721912,CRITICAL
18,12,7,6,0.8160308067417155,2,0.47487736728585617,0,100.0,CRITICAL
10,8,1,3,9.68224550883096,4,22.039613335700892,1,100.0,CRITICAL
8,7,3,5,7.252034695054222,5,8.909790116030457,1,100.0,CRITICAL
2,0,0,5,1.3657260159697604,3,7.114402630302869,1,62.54910373421676,HIGH
7,2,0,8,5.518424042085942,5,14.618840372457038,1,100.0,CRITICAL
8,7,4,2,6.110088989349883,1,12.640746764698195,0,100.0,CRITICAL
19,18,9,8,4.434517547393564,2,9.62219468613406,0,100.0,CRITICAL
6,3,0,8,4.7176285869106085,5,22.13646083379497,0,100.0,CRITICAL
1,1,0,1,5.459893952048097,2,8.71157165883721,0,76.95994143977748,CRITICAL
11,1,1,1,8.015060334420275,1,23.96096882877804,1,100.0,CRITICAL
4,2,1,6,8.116902632713195,0,18.93906559984255,0,100.0,CRITICAL
12,4,3,7,9.605982300193087,5,21.679881812351184,1,100.0,CRITICAL
9,5,3,2,1.7190014420625899,4,6.786164765343775,1,100.0,CRITICAL
8,5,1,6,1.1024758199592355,4,1.6857207112963355,1,100.0,CRITICAL
6,6,6,6,6.105398374855104,1,10.060728766771026,1,100.0,CRITICAL
18,7,7,6,7.038357336672007,2,7.521238645525079,0,100.0,CRITICAL
19,9,5,1,3.3994369838859217,0,1.4560613029836915,0,100.0,CRITICAL
18,1,0,7,9.848486668153102,3,1.7156038279061123,1,100.0,CRITICAL
1,0,0,9,8.411945436652989,2,4.182450630590702,1,100.0,CRITICAL
9,2,0,7,4.931319281647154,4,9.067090433374837,1,100.0,CRITICAL
13,5,3,4,7.242000521738615,1,22.44579915351298,1,100.0,CRITICAL
12,5,1,6,4.530587395400455,0,15.786486442646346,0,100.0,CRITICAL
18,5,0,6,1.996223463916439,4,9.561906229075802,1,100.0,CRITICAL
7,6,0,9,1.593684429373814,4,19.185582864047355,1,100.0,CRITICAL
11,3,2,3,2.899793992052495,5,13.643831452461034,0,100.0,CRITICAL
18,10,1,4,8.957298356283479,2,10.018777859494366,0,100.0,CRITICAL
10,1,0,5,3.7573324413812106,1,3.4648291911750073,0,95.95004304232339,CRITICAL
8,7,0,5,9.067066814983878,0,22.248965887507957,0,100.0,CRITICAL
14,1,1,9,7.9810707442044295,2,14.973309121377248,0,100.0,CRITICAL
14,2,2,8,6.069158400458915,3,10.542197736518684,1,100.0,CRITICAL
13,0,0,2,8.97422667147111,4,10.518877601236454,0,100.0,CRITICAL
7,0,0,4,1.894632103144347,2,18.360853370054457,0,100.0,CRITICAL
15,2,1,0,0.7622209400681856,5,4.306876152018118,1,100.0,CRITICAL
6,1,1,0,7.503750258269396,4,10.021006134382635,1,100.0,CRITICAL
12,5,4,9,9.05416231148812,2,1.5122824096738183,1,100.0,CRITICAL
11,7,1,4,3.8309432537762333,1,1.918040676593522,0,100.0,CRITICAL
18,3,2,0,0.046550256558840486,5,12.631113832452975,1,100.0,CRITICAL
4,0,0,6,7.663311042538705,0,9.139314919283295,0,100.0,CRITICAL
4,2,2,9,3.6493939740325065,1,17.268280329404224,1,100.0,CRITICAL
13,4,3,7,5.85621432986186,4,23.681545034582374,0,100.0,CRITICAL
7,2,0,9,2.0939692388962152,4,20.62620561514695,0,100.0,CRITICAL
19,17,14,1,6.8131967339481525,2,10.605562932053513,0,100.0,CRITICAL
4,2,0,2,5.318965818764018,5,9.068584477698177,0,100.0,CRITICAL
1,0,0,9,0.2811634664703111,2,14.041637845702585,1,75.86413018775545,CRITICAL
8,0,0,7,0.06117749643537174,2,2.199621054700666,0,76.1964058508823,CRITICAL
12,5,3,0,4.377332714405236,4,23.70384525619836,0,100.0,CRITICAL
12,2,2,8,1.6393555427609796,0,23.54382601348299,0,100.0,CRITICAL
11,3,2,4,9.056358469438717,3,22.150896984158994,1,100.0,CRITICAL
17,10,6,9,1.0435867930433496,3,15.892811002457389,0,100.0,CRITICAL
17,14,9,0,7.161858210888888,3,12.074883007891659,1,100.0,CRITICAL
12,7,3,9,3.4995090334970613,3,16.960551439794322,0,100.0,CRITICAL
12,8,8,7,9.349715845913584,1,7.5454441196044035,1,100.0,CRITICAL
17,10,6,8,1.3293084006319866,0,20.453500071160022,0,100.0,CRITICAL
9,9,1,8,7.7772436168615755,3,3.2308279616550672,1,100.0,CRITICAL
13,9,5,8,9.592254478551492,0,19.283408511473425,1,100.0,CRITICAL
17,0,0,5,9.56974979309017,5,20.81951778321518,0,100.0,CRITICAL
1,0,0,6,2.5620355141588833,0,4.083991647337223,1,54.3804843295561,HIGH
3,2,2,6,2.964672076308842,3,11.485694152794796,0,100.0,CRITICAL
8,1,1,3,1.4948513287078258,5,21.39966076657351,1,100.0,CRITICAL
8,7,1,2,3.7263742470400985,1,23.02299659786865,0,100.0,CRITICAL
8,4,3,8,6.820949032309783,2,19.472742923789408,0,100.0,CRITICAL
6,1,0,2,0.10756471461146444,2,22.58186236430181,0,100.0,CRITICAL
15,0,0,2,6.503074816357213,1,22.48796136976943,0,100.0,CRITICAL
5,2,2,3,0.17826773835220244,4,23.513270710822912,1,100.0,CRITICAL
6,2,2,9,6.67403172253234,3,9.921535653296708,0,100.0,CRITICAL
6,4,2,9,8.404288779219723,5,6.886621512946299,0,100.0,CRITICAL
10,1,0,9,3.6016075486787456,4,15.19064561926248,1,100.0,CRITICAL
19,8,2,2,4.066242808789004,0,4.532428596628843,0,100.0,CRITICAL
2,0,0,1,7.276519350015114,2,13.368369048399993,1,100.0,CRITICAL
7,7,6,4,8.092728282535655,4,13.902906273459378,0,100.0,CRITICAL
19,0,0,0,9.99646716864717,0,19.3544873753126,1,100.0,CRITICAL
13,9,4,0,5.40609257000488,0,8.683024193578763,1,100.0,CRITICAL
4,4,0,5,8.54583617083279,1,14.443817443882466,0,100.0,CRITICAL
11,8,0,3,0.5611576984115241,0,21.678597519035563,1,100.0,CRITICAL
18,2,2,7,1.070852796444246,4,10.122006536990643,0,100.0,CRITICAL
11,9,6,0,8.704160807688222,0,13.72135930615493,1,100.0,CRITICAL
13,2,1,9,3.7843267117111257,3,18.897026407130372,0,100.0,CRITICAL
10,6,0,4,2.260566373046916,5,5.991425748135128,1,100.0,CRITICAL
17,16,10,5,4.052345519832931,1,2.48089605819456,1,100.0,CRITICAL
4,4,2,4,5.256181465605501,3,16.363217315012385,0,100.0,CRITICAL
3,0,0,9,3.2410932975052162,4,8.891468498139417,0,100.0,CRITICAL
7,6,3,5,1.9765409635347408,5,9.15850142546065,0,100.0,CRITICAL
16,11,11,2,0.37005276174232327,0,22.32223220003426,1,100.0,CRITICAL
6,1,0,8,7.675883681595618,4,9.7889989373796,0,100.0,CRITICAL
18,2,0,6,9.039758186033445,0,22.88827556018251,0,100.0,CRITICAL
1,1,0,9,0.1720948277115919,0,2.5529119498429225,1,50.99652976748849,HIGH
19,3,0,0,3.4946450754258374,0,8.231450120269477,1,100.0,CRITICAL
10,4,1,4,8.926651924868716,1,16.630626375933208,1,100.0,CRITICAL
3,0,0,9,0.2067248026794255,4,3.023951823166259,1,78.1626471131527,CRITICAL
11,9,1,0,7.314795418875466,1,9.288997753119766,0,100.0,CRITICAL
7,7,0,2,2.432968276382722,0,20.441886971787216,1,100.0,CRITICAL
6,4,4,5,7.730334705926314,5,18.282327370063538,1,100.0,CRITICAL
14,10,9,1,6.7926316630129735,1,6.7705040572861215,0,100.0,CRITICAL
8,1,0,4,9.412098088765433,1,8.554864692583386,1,100.0,CRITICAL
11,2,2,6,3.0662268969554396,2,12.121982780620739,1,100.0,CRITICAL
2,2,2,8,1.5155729606244361,1,17.550909042110565,0,100.0,CRITICAL
7,3,3,0,4.9503749719432335,4,3.6450130250725827,1,100.0,CRITICAL
17,6,0,6,9.84828370410776,3,12.66368222631356,1,100.0,CRITICAL
5,5,4,7,0.4042029925482338,4,1.7606750432210125,1,100.0,CRITICAL
6,6,6,2,1.783758306090688,4,9.547620563190254,0,100.0,CRITICAL
17,7,0,1,8.572774308725823,3,4.5838337189104905,1,100.0,CRITICAL
15,10,6,7,6.862997045419666,1,7.416975297460543,0,100.0,CRITICAL
3,0,0,6,4.24908236564246,3,7.955662386341693,0,100.0,CRITICAL
18,12,10,0,4.936579210163792,3,18.48301883861804,0,100.0,CRITICAL
15,14,8,1,2.5580341409923957,4,6.363856427992088,1,100.0,CRITICAL
4,4,0,3,9.624490260214355,5,15.930323175927963,0,100.0,CRITICAL
10,5,4,2,3.430302094106523,4,12.798657787156872,0,100.0,CRITICAL
11,0,0,1,3.7986767045714274,5,19.301417287220836,1,100.0,CRITICAL
1,1,0,4,4.690680934640938,2,7.717660304499565,1,83.8485627862768,CRITICAL
10,3,1,5,2.1364848160296166,0,23.871773815800616,0,100.0,CRITICAL
15,5,5,5,1.9648704705860331,1,7.098549754532472,1,100.0,CRITICAL
8,3,2,6,6.006404455542215,3,13.909119556285079,0,100.0,CRITICAL
9,0,0,5,7.746994911629429,4,15.173230858211323,1,100.0,CRITICAL
1,1,0,5,7.521697945572368,5,12.916040353988112,1,100.0,CRITICAL
12,2,2,7,5.656119034822671,4,20.612170790312774,1,100.0,CRITICAL
16,2,1,4,6.3892092171398565,1,2.7114855711287253,1,100.0,CRITICAL
7,3,2,4,5.636918971667335,2,14.334408189800634,1,100.0,CRITICAL
12,10,9,6,8.749274776832852,4,12.151979361105568,1,100.0,CRITICAL
12,8,7,9,3.8743851410766106,3,10.013095749923586,0,100.0,CRITICAL
11,8,3,6,1.2329446591808058,1,8.309308563462134,0,100.0,CRITICAL
16,1,0,2,4.354955542768244,3,3.669185827813518,0,100.0,CRITICAL
8,2,1,0,8.707916730079411,0,15.599350703327628,1,100.0,CRITICAL
19,10,2,4,9.007819951654524,4,2.8250594670451115,0,100.0,CRITICAL
8,4,2,9,5.894877307447316,5,19.90303048246308,1,100.0,CRITICAL
5,1,1,3,0.6223846960645729,1,10.745419715759562,1,83.41259413591656,CRITICAL
17,5,4,0,7.223555112336491,4,14.530048737629564,1,100.0,CRITICAL
16,10,1,4,6.530483153006477,0,1.8673339564976246,0,100.0,CRITICAL
4,2,0,5,4.516887412065753,1,2.2414302082303035,1,82.56479629199124,CRITICAL
18,1,0,6,1.630008917591964,3,5.661606994011591,0,100.0,CRITICAL
12,12,7,9,6.0646637042201,3,18.713804930312385,1,100.0,CRITICAL
4,0,0,8,4.8230101710414965,0,11.659978878264468,1,95.19629236059824,CRITICAL
18,2,2,3,0.6042515554018824,4,7.46061892446649,0,100.0,CRITICAL
7,5,2,0,3.97806436103072,1,20.38712199510049,1,100.0,CRITICAL
2,1,0,3,9.386958382671658,3,4.605851130639962,0,100.0,CRITICAL
2,2,1,6,4.114780147428049,3,6.227595939277814,1,100.0,CRITICAL
13,11,6,0,4.294138504974633,4,18.641556202160988,0,100.0,CRITICAL
4,0,0,8,5.574355595382525,0,0.6490823060580402,1,81.90136008102648,CRITICAL
5,1,0,5,2.971259326848478,0,5.287525790020994,0,72.88489547708245,HIGH
12,6,3,9,0.7353603209939252,0,12.511996740906028,1,100.0,CRITICAL
11,0,0,7,6.012650558396283,3,21.960849981137073,1,100.0,CRITICAL
3,3,2,5,4.950716936955374,3,6.381065918128078,0,100.0,CRITICAL
11,1,0,6,6.832419770666114,3,5.114307324415534,1,100.0,CRITICAL
9,3,3,2,4.7641240736124635,5,23.397994228672857,1,100.0,CRITICAL
8,1,1,7,2.4733486724697684,5,12.588352917233575,1,100.0,CRITICAL
8,2,0,4,3.8437425622593,3,1.500210399178762,1,96.16689282701694,CRITICAL
10,7,1,6,0.1350216415330896,3,6.635786838940644,0,100.0,CRITICAL
6,3,0,6,1.5515294294674398,3,12.80789183292382,0,100.0,CRITICAL
18,5,5,5,7.860090007616069,2,1.7275841744463474,0,100.0,CRITICAL
6,3,3,2,9.316721465206296,5,16.621239926178525,1,100.0,CRITICAL
12,8,1,0,3.651214781711144,1,12.539739420738591,0,100.0,CRITICAL
16,12,9,5,9.27454532009516,0,17.033332645776,0,100.0,CRITICAL
16,13,13,8,6.354708053515818,1,8.201799689132095,0,100.0,CRITICAL
4,1,1,1,2.804646885957942,5,10.079204276789437,0,100.0,CRITICAL
18,1,0,1,5.997541122579483,4,22.275216745483807,1,100.0,CRITICAL
13,2,2,9,8.08115414389393,0,5.056446609310078,1,100.0,CRITICAL
3,1,0,0,7.8584688257827775,5,0.9483554832342698,0,100.0,CRITICAL
12,2,2,0,8.851018306974025,0,23.573102401247525,1,100.0,CRITICAL
19,17,9,1,7.8718401779392755,3,0.17801404631156892,1,100.0,CRITICAL
5,5,3,0,6.955422155038294,3,21.317914440579564,0,100.0,CRITICAL
19,5,5,5,3.83701283040227,4,19.823363919715423,0,100.0,CRITICAL
19,3,2,4,1.7973716116713645,1,11.703107586977604,0,100.0,CRITICAL
12,9,1,7,1.126562612493791,1,16.928204926637804,1,100.0,CRITICAL
5,3,3,9,8.126708182520453,1,2.521847626270355,1,100.0,CRITICAL
2,0,0,6,7.667318210788831,4,18.32794516914681,0,100.0,CRITICAL
16,4,0,3,8.944370575611519,2,18.810225294424843,0,100.0,CRITICAL
4,1,1,8,0.7065008733600608,1,1.232197765304357,0,93.96880839578672,CRITICAL
15,14,12,3,6.353037795582824,0,11.933796051780448,1,100.0,CRITICAL
10,7,3,8,7.204680545324582,0,22.755552019392688,0,100.0,CRITICAL
6,0,0,3,4.1255513086136855,3,22.827414103063695,0,100.0,CRITICAL
7,0,0,1,5.314228066252498,5,23.628353346844815,0,100.0,CRITICAL
2,0,0,1,4.965564364377335,3,15.759961489794701,1,87.92250512871935,CRITICAL
4,4,1,5,4.3494308466994,1,3.3867760910565776,0,100.0,CRITICAL
15,8,6,5,2.9061643279946017,1,9.909355303015998,1,100.0,CRITICAL
13,0,0,6,9.890082002457458,3,17.44648080088833,0,100.0,CRITICAL
9,0,0,6,8.833708841671491,5,6.812013889954289,1,100.0,CRITICAL
5,2,0,2,7.8657416220888345,0,19.443452391409238,0,100.0,CRITICAL
17,15,4,9,8.418666977637395,5,20.672667475847888,1,100.0,CRITICAL
6,2,1,6,8.373418324029277,4,18.32517571318185,1,100.0,CRITICAL
14,11,7,8,0.7477930829509327,4,8.210465715080698,0,100.0,CRITICAL
5,5,3,8,5.7475780192145685,4,17.795345636493035,0,100.0,CRITICAL
2,1,0,6,4.707046001938985,1,1.7347921692855106,1,67.93486139020396,HIGH
14,5,4,3,1.9873995848446746,4,8.045246456915223,1,100.0,CRITICAL
19,9,0,7,2.6121196634753074,2,18.374429697359247,1,100.0,CRITICAL
19,12,10,1,1.4130111151826796,5,19.075701951317846,1,100.0,CRITICAL
13,11,10,7,4.7329211689429505,1,7.6507053647926435,0,100.0,CRITICAL
12,10,1,2,2.56328338050283,5,23.047509057327066,0,100.0,CRITICAL
1,0,0,4,2.1253357666435946,2,6.558684922219612,0,66.67460586489611,HIGH
3,2,0,2,5.4871319337489,1,15.840239124596078,0,100.0,CRITICAL
10,2,0,5,2.1264855830991793,1,21.095130080880516,0,100.0,CRITICAL
8,3,2,5,5.896151399369,4,13.23357619393829,1,100.0,CRITICAL
13,10,6,7,1.5553930256659954,1,9.899795237202751,0,100.0,CRITICAL
19,15,8,0,7.056230130252256,2,5.073750351066041,1,100.0,CRITICAL
3,3,2,4,3.03200906127448,5,4.714579474330102,0,100.0,CRITICAL
3,2,1,4,7.633968907890774,0,3.8141095630194286,0,90.07888216920308,CRITICAL
18,1,1,8,7.965194600616652,2,10.63248107781569,0,100.0,CRITICAL
3,0,0,9,9.857931761489803,3,13.150092174519962,0,100.0,CRITICAL
12,12,2,3,0.16536817093795952,5,20.13713118204774,0,100.0,CRITICAL
2,1,0,5,8.098987179301986,1,5.216328494900762,1,95.22869984026909,CRITICAL
8,8,7,9,4.818896976856042,2,18.124983150541087,0,100.0,CRITICAL
14,10,8,6,1.227293913629176,4,16.658652694400754,0,100.0,CRITICAL
19,15,13,2,7.577012544290383,3,15.228454394203254,0,100.0,CRITICAL
11,8,7,5,0.6580908572544453,0,8.144320739411619,0,100.0,CRITICAL
16,9,1,2,8.676806810988824,2,7.631841405508651,1,100.0,CRITICAL
14,8,0,5,6.323777836307009,2,18.214526279932052,1,100.0,CRITICAL
8,0,0,0,1.8868286470887796,2,6.588822280056196,1,59.346747655040744,HIGH
14,0,0,8,6.808868218671952,3,7.913247661181916,0,100.0,CRITICAL
12,0,0,5,1.6729878419097766,4,23.164602680012912,1,100.0,CRITICAL
17,14,14,5,5.654152881806498,3,23.963144954505953,1,100.0,CRITICAL
12,8,4,3,0.0497896248462637,4,0.04110356702909623,0,100.0,CRITICAL
12,10,1,4,9.372372183662815,4,16.4823373093747,0,100.0,CRITICAL
12,5,2,3,0.6397987615130507,0,12.852012063398533,1,100.0,CRITICAL
7,2,0,5,7.498178578196764,1,11.044089150423652,0,100.0,CRITICAL
10,7,2,6,7.050137755914899,5,6.615747163211981,1,100.0,CRITICAL
16,16,16,0,6.515654068616409,1,12.171628558394122,0,100.0,CRITICAL
3,3,0,2,0.3910965679911138,2,10.957806629642395,0,82.35824992330895,CRITICAL
3,1,1,1,6.555112754802055,1,9.631467051562957,0,100.0,CRITICAL
1,1,1,4,6.128155454515099,5,20.3956013686143,1,100.0,CRITICAL
5,0,0,7,6.326334310912096,2,6.495486407646566,0,100.0,CRITICAL
8,4,2,4,5.382880482972522,3,14.339425419710901,0,100.0,CRITICAL
17,1,0,8,3.3045062327494934,1,20.741159964341502,1,100.0,CRITICAL
16,3,3,0,2.3415773015344787,0,23.496037005744146,0,100.0,CRITICAL
16,6,5,5,4.563168730657631,0,14.466040680232844,0,100.0,CRITICAL
18,4,2,2,3.849130433177115,0,12.480871676488444,1,100.0,CRITICAL
18,8,6,1,6.87718955266149,3,20.172359187177353,0,100.0,CRITICAL
14,14,8,3,2.706696294565616,2,4.522718563704232,0,100.0,CRITICAL
12,12,11,2,7.917010639100178,3,15.120377491821197,0,100.0,CRITICAL
10,1,1,8,9.798668569508763,3,1.5402715453992126,1,100.0,CRITICAL
2,2,1,8,6.985507603663812,3,15.840443688019246,0,100.0,CRITICAL
3,1,1,7,5.123210307883389,4,19.0994214305289,1,100.0,CRITICAL
1,0,0,6,1.7133317928533198,3,1.512265231970372,1,58.30184495698634,HIGH
9,3,1,9,9.821321408509748,1,20.36209396228167,1,100.0,CRITICAL
4,4,3,2,2.72705872719155,2,2.9606165425502846,1,100.0,CRITICAL
16,13,13,2,5.683765334865703,0,4.220008806336709,1,100.0,CRITICAL
4,4,3,6,4.425026753279129,5,20.073684860023853,0,100.0,CRITICAL
17,4,2,3,1.9931919603536985,4,2.992848796632317,1,100.0,CRITICAL
15,3,3,7,7.808175527194699,2,16.17252514920998,1,100.0,CRITICAL
4,1,1,0,1.1785334096057165,2,7.075542897133931,0,74.1445980257997,HIGH
4,0,0,0,4.29825759918407,3,5.960761475692007,0,86.47563330178784,CRITICAL
12,5,1,6,2.113692201135766,0,15.603708556444756,1,100.0,CRITICAL
3,3,2,8,5.495824196827785,2,2.5622796497413853,1,100.0,CRITICAL
5,0,0,1,8.608020814638932,1,13.790937704924596,1,100.0,CRITICAL
19,10,0,4,8.907961663046928,0,22.188542198775206,1,100.0,CRITICAL
6,6,4,1,5.304992372102632,1,20.43379966930499,1,100.0,CRITICAL
9,0,0,8,2.4162518161370174,4,20.426768015646893,0,100.0,CRITICAL
3,2,2,8,3.8346690885755894,2,7.270164894333541,1,100.0,CRITICAL
2,2,2,0,6.887622114970492,4,16.830785407261576,0,100.0,CRITICAL
10,0,0,6,2.878232725862422,1,18.722595516519192,1,100.0,CRITICAL
5,2,1,0,1.53457302946991,4,21.633707815059278,0,100.0,CRITICAL
7,4,0,6,2.7827726500377548,1,6.339189447504147,1,100.0,CRITICAL
15,7,3,7,1.215116297476564,3,18.260649168569348,0,100.0,CRITICAL
2,1,0,0,2.766554972991874,3,5.574581682715578,0,71.64674791794484,HIGH
10,9,3,2,0.43510146914288894,4,0.666989095795639,1,100.0,CRITICAL
11,11,5,9,0.6238200526957738,5,11.564030867329466,1,100.0,CRITICAL
8,4,3,4,8.584392512057349,5,18.381416375940574,1,100.0,CRITICAL
12,0,0,9,1.782505169673122,1,5.144868861679922,0,100.0,CRITICAL
4,3,1,6,8.437894300631351,2,1.16627981691025,1,100.0,CRITICAL
13,0,0,4,9.958767933182523,0,8.97097105991449,0,100.0,CRITICAL
18,4,1,2,3.9047854757223766,4,4.8690602905107605,0,100.0,CRITICAL
18,7,7,7,4.477850794780451,2,9.170076994910715,0,100.0,CRITICAL
3,1,1,5,2.859714618958903,1,22.09996570561779,0,92.97843748233356,CRITICAL
3,2,1,0,1.1919445746468227,1,17.853630632271063,1,88.99035959477905,CRITICAL
7,4,2,6,6.368900887497475,4,8.950657243866004,1,100.0,CRITICAL
17,13,11,8,8.480318813560508,2,7.801182351217686,0,100.0,CRITICAL
6,1,1,0,6.693887216183368,5,22.10866959816502,1,100.0,CRITICAL
16,11,8,6,1.0934215312531081,4,21.332252700020753,1,100.0,CRITICAL
5,0,0,1,6.066865596119699,3,14.49809946600335,0,100.0,CRITICAL
17,13,8,0,6.392814780621519,1,8.582102075179563,0,100.0,CRITICAL
11,4,0,0,6.89749291204288,3,19.01602624918489,0,100.0,CRITICAL
12,4,4,2,0.6947509313364209,4,15.929605569507636,1,100.0,CRITICAL
12,10,0,0,6.9810954053273075,1,13.552088896820244,0,100.0,CRITICAL
4,1,1,9,6.0464626446607,5,17.725308416527408,0,100.0,CRITICAL
9,8,7,1,8.681179657814234,5,3.2271855199325152,0,100.0,CRITICAL
14,1,0,6,1.651487620435077,4,22.323563250992066,1,100.0,CRITICAL
12,12,10,7,0.6213596303565061,5,23.350100017986037,1,100.0,CRITICAL
10,4,2,2,8.12878887235034,0,8.506780854699542,0,100.0,CRITICAL
8,1,0,6,1.0294276389193524,2,22.723203159035858,1,100.0,CRITICAL
3,1,0,6,3.8013791095980776,1,19.099947813046374,0,100.0,CRITICAL
13,5,1,9,8.689193919751657,5,22.584716599411436,1,100.0,CRITICAL
16,2,0,3,2.782730251425689,1,22.0189997999295,1,100.0,CRITICAL
13,9,1,0,4.41690993831336,3,4.821645717127891,0,100.0,CRITICAL
13,12,6,3,6.141924696696316,0,6.240626732238781,0,100.0,CRITICAL
19,8,1,0,6.391461620473045,3,6.2542576637246885,0,100.0,CRITICAL
18,5,5,9,5.9409287255150725,2,2.2631343900017136,0,100.0,CRITICAL
8,1,1,3,0.606484466387095,4,9.544510367013125,1,100.0,CRITICAL
1,1,1,4,7.784124983615321,0,8.702923846224804,0,100.0,CRITICAL
17,0,0,8,7.949561701029863,3,8.255079756834121,1,100.0,CRITICAL
9,1,1,6,1.0431247699207524,4,8.37468244337737,0,100.0,CRITICAL
10,9,2,8,7.39654271252398,5,1.4896956225495757,0,100.0,CRITICAL
9,5,0,8,5.038967701710129,2,4.46340537964903,0,100.0,CRITICAL
12,1,1,7,0.12595499106437646,2,7.10180994088613,0,100.0,CRITICAL
10,6,1,1,6.941846819427415,5,21.335464353719768,1,100.0,CRITICAL
8,6,6,4,4.608105414606564,0,22.236703736427895,1,100.0,CRITICAL
4,0,0,3,1.2666304173696585,5,6.845027538742016,0,90.97194374675507,CRITICAL
14,11,11,0,1.7584456884133959,0,16.659812542231133,0,100.0,CRITICAL
7,5,0,5,7.577707943791215,5,20.41493157763026,1,100.0,CRITICAL
10,5,0,4,9.452853525434193,1,12.148204207973407,0,100.0,CRITICAL
10,4,3,9,1.6398752274533834,2,18.133045606572505,0,100.0,CRITICAL
15,7,4,9,4.023689300352587,5,23.420803152573885,0,100.0,CRITICAL
15,7,4,6,3.1968157110251907,1,3.893138952876905,1,100.0,CRITICAL
2,0,0,0,5.867773379467177,4,1.6900563832191446,1,73.45781277104362,HIGH
16,1,1,4,1.9525485538765186,0,15.360561556768992,1,100.0,CRITICAL
10,10,8,2,5.790248117112511,1,12.203561759793182,1,100.0,CRITICAL
15,0,0,3,8.311897763189998,2,7.118487657718694,0,100.0,CRITICAL
19,9,2,3,6.411177666503375,4,21.998085179200096,1,100.0,CRITICAL
10,5,5,5,1.9427562756607475,0,20.299875219323773,0,100.0,CRITICAL
15,1,0,3,7.48993298650657,2,6.345632344533126,0,100.0,CRITICAL
2,0,0,6,4.601976219390521,3,18.580640903569908,1,100.0,CRITICAL
14,0,0,2,1.1292762781343901,4,19.881708356351766,1,100.0,CRITICAL
15,0,0,7,3.2713235497229673,4,7.807907788808782,1,100.0,CRITICAL
10,4,4,1,2.4145671389174375,3,2.3795819190234697,1,100.0,CRITICAL
9,5,1,1,8.43440954355692,0,20.410042713674144,1,100.0,CRITICAL
19,10,9,0,2.26942408493243,2,2.3229184112844576,1,100.0,CRITICAL
6,6,4,5,5.119055290360438,5,11.486591184795977,0,100.0,CRITICAL
8,3,2,5,6.523093325473026,4,4.664757605725925,0,100.0,CRITICAL
2,0,0,5,0.5631733236852887,1,22.259079922209786,0,82.79390629332002,CRITICAL
1,1,1,0,1.4093493819147274,5,2.5708710685545446,0,96.41951149686025,CRITICAL
13,5,5,3,7.871037415899948,5,2.8056163046641975,1,100.0,CRITICAL
6,0,0,0,3.438912386899231,0,16.84151092752161,1,72.56933454202058,HIGH
3,2,2,1,7.020171231334525,0,4.933339058603438,0,100.0,CRITICAL
2,1,1,7,7.592678333741215,2,3.1766662838465134,1,100.0,CRITICAL
10,2,1,7,6.4268206032449875,3,4.036625004826771,1,100.0,CRITICAL
8,5,0,0,5.817155558277784,4,14.30151220028236,1,100.0,CRITICAL
9,8,5,0,4.950103532328045,5,5.343021243675239,0,100.0,CRITICAL
7,5,5,2,3.929567536962132,4,9.053723490942083,1,100.0,CRITICAL
13,11,7,6,1.4946775541332835,1,20.393627452657476,1,100.0,CRITICAL
7,2,2,5,9.728686659277058,1,4.21613833212133,1,100.0,CRITICAL
19,9,9,2,6.419180581995015,1,19.830657172092693,1,100.0,CRITICAL
1,1,0,7,1.9425714968317132,1,18.60963189041696,0,93.60188139658322,CRITICAL
13,13,13,7,8.36485321369717,2,19.94822683637093,0,100.0,CRITICAL
17,7,3,5,8.224384840641797,2,8.32841546881809,1,100.0,CRITICAL
12,3,2,0,7.52980584926952,5,11.336692564770065,0,100.0,CRITICAL
14,6,4,7,1.1568704324038592,1,16.968143499574794,0,100.0,CRITICAL
16,14,13,4,0.17905888291538385,1,0.8982538010581003,1,100.0,CRITICAL
12,5,5,8,7.082247676177591,1,15.930295056475392,1,100.0,CRITICAL
16,5,2,8,2.045033797931899,5,2.882281292949365,0,100.0,CRITICAL
2,0,0,1,8.407412707742857,4,6.91377996619175,1,100.0,CRITICAL
19,17,2,5,6.727269278403031,2,19.434821622007924,1,100.0,CRITICAL
7,7,2,3,3.744064937550433,0,15.249215107914281,1,100.0,CRITICAL
12,2,0,6,4.875096430029928,2,14.92456216791508,0,100.0,CRITICAL
14,0,0,5,5.027384110576643,5,5.445914206075507,1,100.0,CRITICAL
18,16,13,6,3.7892335233462857,2,16.029059617883668,0,100.0,CRITICAL
7,3,2,4,1.793720736693496,5,3.1608296747151554,1,100.0,CRITICAL
5,5,3,8,9.943445316015028,4,23.155070324726708,1,100.0,CRITICAL
1,1,0,0,7.492184912084159,5,6.064718784894555,0,100.0,CRITICAL
7,4,3,6,1.5641546312281929,4,19.841948246310817,0,100.0,CRITICAL
16,5,3,8,0.3456856583754475,1,22.08363150974861,1,100.0,CRITICAL
16,1,1,7,3.443306873591437,3,4.123004725800884,1,100.0,CRITICAL
17,4,4,0,5.544482528964435,2,0.23398605294665664,0,100.0,CRITICAL
4,1,1,7,9.379399189390584,3,20.98307724848907,0,100.0,CRITICAL
16,2,0,2,1.3239852437878707,0,18.335671234727364,1,100.0,CRITICAL
4,4,2,9,4.402257489752438,1,3.702465571023523,0,100.0,CRITICAL
5,0,0,5,1.7862158317702836,2,19.929062008302875,0,100.0,CRITICAL
5,2,1,8,0.6973294347890069,4,19.45127347438799,0,100.0,CRITICAL
11,2,2,6,6.013358311430536,4,11.07057938395879,1,100.0,CRITICAL
14,9,7,4,1.0380133288970872,3,22.723761520956195,0,100.0,CRITICAL
17,11,3,7,7.201897280843569,4,13.97062320087371,1,100.0,CRITICAL
9,5,5,7,5.535126488358367,3,10.629121867049799,1,100.0,CRITICAL
17,17,16,5,2.325210636595493,1,0.31764943064043116,0,100.0,CRITICAL
19,18,3,5,7.944927087711288,3,22.86666326918049,0,100.0,CRITICAL
1,0,0,8,6.9961207717445,2,3.0808462153395357,1,98.5823726409397,CRITICAL
13,8,5,3,6.262866816454855,4,7.108523677036695,0,100.0,CRITICAL
10,7,0,2,2.1385423090504796,4,17.506488870875714,1,100.0,CRITICAL
10,2,0,7,7.065243897190161,2,0.12830267389408334,1,100.0,CRITICAL
7,6,3,8,5.40625715740765,0,13.022133196017743,0,100.0,CRITICAL
6,3,2,3,5.342970860246173,1,3.8137759471128563,0,100.0,CRITICAL
7,5,3,1,1.1952481860314046,3,0.5409206104857551,1,100.0,CRITICAL
5,3,1,5,1.3513474382073754,1,15.399980684708645,1,98.2825075986443,CRITICAL
7,5,4,8,0.323006159624899,2,14.471477484173164,1,100.0,CRITICAL
15,13,10,1,2.454868710515105,1,17.623073080048712,0,100.0,CRITICAL
10,6,2,8,4.934057113294946,0,14.837317384992765,0,100.0,CRITICAL
13,4,0,4,3.5898866298562195,5,10.607684168185717,0,100.0,CRITICAL
9,1,1,3,7.128957470857634,5,11.48689239784576,1,100.0,CRITICAL
6,5,4,7,4.075070387455588,1,5.282949652388936,1,100.0,CRITICAL
7,0,0,1,0.9324215713117101,3,2.009341107769261,1,69.2349147489051,HIGH
6,5,3,6,7.246148165044064,2,20.660425903247752,0,100.0,CRITICAL
16,0,0,9,1.8415246345686054,0,16.59152070982214,1,100.0,CRITICAL
2,2,0,6,3.150246161467829,0,2.9500287001630277,1,80.26819206451317,CRITICAL
15,15,2,0,5.006186985709813,0,6.341683529866335,1,100.0,CRITICAL
3,2,1,9,5.541639625428236,4,20.717484499876395,0,100.0,CRITICAL
13,9,2,7,2.949657169045994,1,23.035956244788874,0,100.0,CRITICAL
17,13,8,0,4.607121312960975,3,18.987429756688975,1,100.0,CRITICAL
19,1,0,8,0.667036717733378,4,13.678943078155152,0,100.0,CRITICAL
11,8,6,1,1.600788618887652,3,20.85953526021028,1,100.0,CRITICAL
2,2,2,9,5.990397233205544,3,15.043439179223382,0,100.0,CRITICAL
10,2,2,6,0.04578832873851302,3,16.78591242002046,1,100.0,CRITICAL
12,6,6,4,1.8395710787047725,3,19.84678650081565,0,100.0,CRITICAL
13,0,0,4,6.283476418464399,1,8.495547836731557,1,100.0,CRITICAL
6,4,4,4,2.322549857773625,1,18.82892507794159,1,100.0,CRITICAL
4,1,1,8,8.179275269457682,3,4.966808887154412,1,100.0,CRITICAL
12,2,0,9,3.925250305187631,3,4.662040877212786,1,100.0,CRITICAL
15,0,0,1,7.141688027388618,0,19.47213103964068,1,100.0,CRITICAL
19,13,11,8,8.850703200234486,4,13.531172375271503,0,100.0,CRITICAL
8,6,2,6,4.4821247122267245,1,9.933515544762589,1,100.0,CRITICAL
5,0,0,2,6.750213412577285,0,12.562840261294763,0,98.39262400875448,CRITICAL
4,4,2,2,8.433996168542253,2,23.470082669760924,1,100.0,CRITICAL
13,13,1,1,2.4633303176584818,0,21.460137216256896,1,100.0,CRITICAL
6,3,0,9,8.852216355329222,4,12.181837658808037,0,100.0,CRITICAL
16,2,0,4,8.603047636976491,2,13.132552186718094,1,100.0,CRITICAL
10,5,3,2,0.6043242640106106,3,14.741560947729917,1,100.0,CRITICAL
5,5,4,1,4.710493746754048,0,18.979817577292255,1,100.0,CRITICAL
15,1,1,3,1.1115132530620964,4,20.97128670073159,1,100.0,CRITICAL
11,6,5,8,8.861545148924817,0,3.516695632356152,0,100.0,CRITICAL
9,0,0,0,2.3963513127425005,4,15.076522488309035,1,100.0,CRITICAL
18,17,16,8,3.7097705546857096,0,5.452539495284006,1,100.0,CRITICAL
1,0,0,6,9.379726848214853,4,14.922716629635245,0,100.0,CRITICAL
9,5,2,1,5.620707733352569,3,4.111389332502439,0,100.0,CRITICAL
9,6,4,1,9.270721138709357,4,19.39117269597757,0,100.0,CRITICAL
15,13,12,4,4.615870025564776,5,15.862405991940314,1,100.0,CRITICAL
4,0,0,2,9.827784440584024,1,20.783900734256886,0,100.0,CRITICAL
4,2,0,0,9.55260080919778,0,22.666508409203335,1,100.0,CRITICAL
1,1,0,7,0.2011865285709935,2,22.414254773980314,1,100.0,CRITICAL
1,1,1,4,4.0616286666852295,2,3.48392271916335,0,100.0,CRITICAL
1,0,0,4,9.49952899021263,2,9.043686133774948,1,100.0,CRITICAL
6,4,1,5,8.142556470108573,4,11.59428588293008,0,100.0,CRITICAL
11,11,8,7,2.119972841106932,5,18.934765182758234,1,100.0,CRITICAL
16,2,0,3,8.849157960357362,2,0.3555497601840294,1,100.0,CRITICAL
5,5,3,2,2.015829900391407,4,22.210692628444075,0,100.0,CRITICAL
10,7,7,6,9.361846752053971,2,9.773537241606743,1,100.0,CRITICAL
16,0,0,0,0.8304607880759673,2,15.146549631312709,1,88.71992199678078,CRITICAL
11,10,8,1,9.463320595422402,5,23.53473422792777,1,100.0,CRITICAL
18,9,5,2,0.8233202012632179,3,21.183782890223345,0,100.0,CRITICAL
14,6,6,4,2.278704428238157,3,8.692335113829962,1,100.0,CRITICAL
13,1,1,9,5.661655391753635,3,11.6282812250634,0,100.0,CRITICAL
1,1,1,3,1.8803328088523508,0,18.478661787734303,0,81.6387667237644,CRITICAL
3,2,1,2,3.892435189365414,4,17.845338110555094,0,100.0,CRITICAL
15,15,7,9,1.6892988361411942,4,16.915196170702718,1,100.0,CRITICAL
12,2,2,3,5.577804779272352,3,0.25662530736499534,1,100.0,CRITICAL
5,3,0,9,6.109275803514651,5,4.776387813299041,0,100.0,CRITICAL
16,1,0,6,2.204549384623562,3,5.320270843109284,0,100.0,CRITICAL
14,14,14,6,2.9156390296344146,2,6.01478583549475,1,100.0,CRITICAL
10,4,0,4,7.381147193769615,2,2.308441900080143,1,100.0,CRITICAL
5,0,0,4,0.865920519035257,2,19.358529270708303,0,93.47110603811534,CRITICAL
7,3,1,6,4.529030139674096,0,8.191118402494638,0,100.0,CRITICAL
16,7,4,3,2.900772698144136,3,18.61411083523535,0,100.0,CRITICAL
15,9,1,0,4.123436760126657,3,22.356590626191796,1,100.0,CRITICAL
6,0,0,3,8.354392834551161,5,7.512581352937714,0,100.0,CRITICAL
7,5,5,8,9.790975024922284,5,10.890521211483522,0,100.0,CRITICAL
18,4,3,9,1.8039135157934594,3,2.1003020679616258,0,100.0,CRITICAL
19,9,7,9,0.6111401298043606,2,7.076179836531031,1,100.0,CRITICAL
19,16,9,9,1.9694224003853233,0,13.10982234311846,1,100.0,CRITICAL
17,15,3,1,8.725583128828067,1,4.324513681299039,1,100.0,CRITICAL
14,8,5,0,8.794605626460463,1,12.888061724085553,0,100.0,CRITICAL
9,9,0,8,2.8674303948109503,2,7.50915076694596,1,100.0,CRITICAL
16,16,5,5,3.298606103395212,2,23.761154652378888,0,100.0,CRITICAL
10,1,0,1,6.639883913045754,5,9.017090908811843,0,100.0,CRITICAL
9,3,3,6,3.4176362036323313,3,0.9373494516552707,1,100.0,CRITICAL
12,9,3,3,9.040733415623203,4,11.350904830461609,1,100.0,CRITICAL
9,8,3,8,8.010618065196569,2,8.016529211407335,0,100.0,CRITICAL
16,10,2,5,3.578142229459027,2,8.880683418549548,1,100.0,CRITICAL
16,1,0,6,9.722863942028088,1,8.892805821098051,0,100.0,CRITICAL
2,1,1,2,7.449309469223124,5,21.148083552430645,0,100.0,CRITICAL
7,6,2,5,7.5729971851998314,2,11.95834964167221,0,100.0,CRITICAL
7,0,0,0,9.60348044684035,4,6.068184400870646,0,100.0,CRITICAL
7,0,0,4,4.306696489731752,3,19.02008552656207,0,100.0,CRITICAL
19,8,7,9,0.4141395170854856,4,10.642715294464498,1,100.0,CRITICAL
3,3,1,4,9.90959021270002,0,3.4885332785987755,0,100.0,CRITICAL
10,0,0,1,9.352856168003992,2,23.96395971763191,1,100.0,CRITICAL
6,6,3,5,9.661659266483554,2,0.6565871184898224,1,100.0,CRITICAL
2,0,0,2,4.7387526051356,4,17.02161331834387,0,100.0,CRITICAL
18,13,12,3,1.6456867162191124,5,20.3413555958181,0,100.0,CRITICAL
9,5,5,2,1.9581345354640567,0,8.491519426875776,1,100.0,CRITICAL
15,5,4,0,4.732594219275386,3,3.776241364643661,0,100.0,CRITICAL
14,2,1,0,6.753874998082392,4,10.477391734362051,0,100.0,CRITICAL
9,6,0,4,4.6514398109698725,5,11.579451995978406,0,100.0,CRITICAL
2,1,1,9,3.945890345341365,1,23.992884399686382,1,100.0,CRITICAL
10,7,6,5,9.634922057329067,0,0.46717612711366474,1,100.0,CRITICAL
4,0,0,4,6.477141943429817,3,15.741214652754081,1,100.0,CRITICAL
1,0,0,3,4.073563487793849,0,19.30676825719762,0,71.37552326363031,HIGH
11,8,1,5,6.8984126826942385,1,14.829698608732848,1,100.0,CRITICAL
16,0,0,8,7.917578420670878,0,15.11835433941542,1,100.0,CRITICAL
11,10,7,3,3.673824647621479,4,21.007460690754826,1,100.0,CRITICAL
13,8,5,8,4.750863525992283,4,13.564090657990873,0,100.0,CRITICAL
14,3,1,9,6.418695689776273,0,21.158048432379182,1,100.0,CRITICAL
1,0,0,6,6.375903354192637,2,5.0444608483626965,1,87.28350895442385,CRITICAL
9,9,0,3,1.7549201079221377,0,12.386943325680926,0,100.0,CRITICAL
18,4,1,9,4.969678361067224,4,0.8063049136224913,1,100.0,CRITICAL
11,5,3,3,2.591225474454845,3,19.283603761586523,1,100.0,CRITICAL
3,1,0,2,9.135919735444991,0,18.6548293607996,0,100.0,CRITICAL
4,0,0,6,4.9647020440368514,1,12.936957693793502,1,95.79305929851068,CRITICAL
11,5,1,3,7.665936481326563,1,9.499754994601311,1,100.0,CRITICAL
7,0,0,9,0.44126234623612315,3,8.882690320904583,1,96.00776412734241,CRITICAL
9,0,0,3,3.8160967091591527,3,4.826619995451233,1,89.67795880295236,CRITICAL
5,1,1,6,1.5879178813491568,3,10.26934315033946,1,100.0,CRITICAL
2,2,0,6,3.929824644137211,3,7.293822361146628,0,100.0,CRITICAL
12,10,0,1,7.950398911241382,0,13.864118774912018,0,100.0,CRITICAL
4,3,1,7,9.26914334232482,3,18.87559947460985,0,100.0,CRITICAL
13,11,0,6,9.162486591937038,3,16.65927992437262,1,100.0,CRITICAL
2,1,0,0,1.1887159225615618,2,12.33492621914796,0,65.24949397351794,HIGH
15,15,13,9,3.0152741220226895,1,22.76648868482027,0,100.0,CRITICAL
1,1,1,8,6.6037569848455755,0,4.735774173553818,1,76.70328250651534,CRITICAL
18,9,1,7,2.0353873421587334,4,15.35935375601312,1,100.0,CRITICAL
2,1,0,0,0.5142522493978552,5,2.113010916939025,0,71.35421477983245,HIGH
4,4,1,4,9.536830070906005,5,16.152314436908675,0,100.0,CRITICAL
19,13,13,5,3.294990439220503,2,17.40805991239771,1,100.0,CRITICAL
10,6,2,7,4.199148313520493,2,18.782806784172422,1,100.0,CRITICAL
13,7,6,9,2.724719527041949,4,15.93023611612493,0,100.0,CRITICAL
19,9,1,6,3.252010903608291,2,2.942924020729916,0,100.0,CRITICAL
8,2,1,4,9.640489067805614,0,1.063019567525255,0,100.0,CRITICAL
10,8,4,0,1.9178372962083656,1,17.142278630389036,1,100.0,CRITICAL
8,0,0,3,4.949319720009525,3,19.157583013140396,0,100.0,CRITICAL
19,18,2,8,6.381396208622498,2,0.7833858986539015,1,100.0,CRITICAL
9,1,1,7,2.2437952815770315,5,3.5983761947048603,0,100.0,CRITICAL
9,5,5,9,7.156327187023671,0,18.96687613852324,1,100.0,CRITICAL
13,12,5,9,6.824756198617151,2,23.227877401205937,1,100.0,CRITICAL
1,0,0,1,9.547484092580774,0,12.492878038465623,1,77.97144739055857,CRITICAL
12,11,10,1,4.603657107024911,2,3.6794830699907033,0,100.0,CRITICAL
10,0,0,7,3.84697498261233,0,7.710320446102702,1,100.0,CRITICAL
19,9,4,2,3.6108818745949387,3,18.754156088491243,1,100.0,CRITICAL
8,2,1,4,3.6431870087441434,0,13.037413988525042,0,100.0,CRITICAL
11,5,5,8,0.3764386370004469,4,1.3870844669592222,0,100.0,CRITICAL
11,1,1,1,2.3622049214648824,2,7.402062949175627,1,91.9510010841777,CRITICAL
16,6,4,7,1.200411526620505,3,18.0669861528012,1,100.0,CRITICAL
11,4,1,1,8.8060667606039,5,7.818748941490273,0,100.0,CRITICAL
1,1,1,2,0.562161512593855,2,10.375867246786186,1,72.49229333800096,HIGH
6,5,4,6,3.6520119780266835,0,21.721182559435654,0,100.0,CRITICAL
13,12,0,6,2.1941711445300593,2,23.631431608299785,1,100.0,CRITICAL
11,7,5,4,6.4559312688027015,5,18.172859945526643,1,100.0,CRITICAL
3,3,1,0,3.263398437044854,1,5.76301885735676,0,100.0,CRITICAL
1,0,0,1,0.16597476071579464,5,5.835506693513492,0,65.7580482075198,HIGH
14,6,1,6,8.93836626999109,0,7.302382664418587,1,100.0,CRITICAL
11,0,0,7,6.364432600461112,5,3.8533254094426486,1,100.0,CRITICAL
14,8,3,5,0.013793388740429569,5,4.291980712276778,1,100.0,CRITICAL
10,8,3,2,6.7967562912568615,0,6.143750846539814,1,100.0,CRITICAL
2,1,1,2,2.1637547782131805,2,15.83727070601167,0,100.0,CRITICAL
5,1,0,8,9.636194031255808,3,14.69926229489001,1,100.0,CRITICAL
15,13,13,2,4.448562806026035,4,8.181641746186916,0,100.0,CRITICAL
18,17,8,5,2.2318778118183094,3,4.720020623979617,0,100.0,CRITICAL
16,6,3,2,0.3024885439795877,4,14.97652560948242,0,100.0,CRITICAL
3,2,1,9,0.5872791632400465,5,3.1409647743955365,1,100.0,CRITICAL
9,4,2,2,0.5643034317056206,1,3.5099125513011016,1,100.0,CRITICAL
18,4,1,8,0.31489639896358446,4,9.200802621130011,1,100.0,CRITICAL
19,0,0,7,5.484808922418056,3,13.6168833570989,1,100.0,CRITICAL
5,5,1,6,8.466105953726558,4,17.478930792167954,1,100.0,CRITICAL
4,3,1,2,3.4605367718474267,4,16.48752719764351,0,100.0,CRITICAL
8,2,2,4,3.4873928811578914,1,9.082844671010662,0,100.0,CRITICAL
7,1,0,0,1.040538040499429,4,15.711656206739836,1,94.26224397801278,CRITICAL
11,9,5,1,0.011848857714963357,2,5.072324178262201,1,100.0,CRITICAL
12,0,0,8,9.517551691961172,5,11.849879530719328,0,100.0,CRITICAL
12,3,0,2,4.57699393192104,1,14.766670757192294,1,100.0,CRITICAL
16,4,4,4,7.373892378628813,1,17.865740657876536,0,100.0,CRITICAL
16,11,10,3,8.682097523932091,2,1.910139996373398,0,100.0,CRITICAL
15,9,9,7,1.1196519514368852,1,2.427390526270493,1,100.0,CRITICAL
1,0,0,0,2.626233620105458,1,1.7724600364296004,1,25.572243116502644,MEDIUM
15,8,7,5,5.019802169054181,3,13.11525665024102,0,100.0,CRITICAL
18,0,0,5,2.9738511885126027,5,13.681312497456208,1,100.0,CRITICAL
6,2,1,7,0.5327081992103266,3,0.26436933034511245,1,100.0,CRITICAL
9,6,2,0,8.928614934649254,5,15.760821307928378,0,100.0,CRITICAL
17,10,10,3,2.4984162313919644,5,18.319788296004475,1,100.0,CRITICAL
12,8,5,0,0.7278050183472307,5,2.798639386309363,0,100.0,CRITICAL
2,0,0,8,4.223344073796991,0,8.095850826104,0,76.27754238710612,CRITICAL
16,14,3,5,8.044003063797442,0,20.39933108692486,1,100.0,CRITICAL
15,2,1,6,1.6844818045496324,1,16.492801762167872,0,100.0,CRITICAL
12,7,3,0,4.368932942413118,1,7.31144965269497,0,100.0,CRITICAL
15,12,12,9,1.855247941543966,5,17.813828827978753,1,100.0,CRITICAL
13,2,1,3,8.18117675966149,2,21.294420856106363,1,100.0,CRITICAL
12,5,2,6,5.2284059240560765,5,7.423681354305951,1,100.0,CRITICAL
19,12,3,3,5.783735481870703,2,16.422808730304066,0,100.0,CRITICAL
16,1,1,4,7.475485674018437,1,2.242066493124738,0,100.0,CRITICAL
7,6,0,0,9.397034326641391,4,1.408389562176021,0,100.0,CRITICAL
17,2,0,2,1.0579893027816645,3,14.070175697850747,1,100.0,CRITICAL
10,2,0,7,8.455535694100279,4,11.818176862377292,0,100.0,CRITICAL
9,4,0,8,4.742286700121506,5,19.442118782627027,0,100.0,CRITICAL
6,6,4,7,6.405000623230723,5,18.726798252153507,0,100.0,CRITICAL
9,3,0,3,8.527757131866426,3,6.880694744501431,0,100.0,CRITICAL
1,1,1,9,3.2665196647165082,5,12.2942977621702,0,100.0,CRITICAL
16,6,2,0,8.695308401331006,1,18.13863733050818,1,100.0,CRITICAL
14,2,2,3,6.314176043177556,3,6.502865666471368,0,100.0,CRITICAL
8,8,3,5,2.790105563300677,0,8.687072168941214,1,100.0,CRITICAL
15,0,0,1,9.197929130326054,5,1.4367235322962673,0,100.0,CRITICAL
16,1,0,6,0.5783456846952018,1,3.131726279119203,0,100.0,CRITICAL
14,10,0,2,5.905444927827878,1,14.645288468864344,0,100.0,CRITICAL
16,8,6,7,0.168674169842854,1,11.922029095379209,1,100.0,CRITICAL
7,2,2,3,0.8167648358065627,5,4.046175792789269,1,100.0,CRITICAL
18,4,4,8,1.0017034891977694,2,0.1747488635598824,0,100.0,CRITICAL
17,12,0,0,8.942651529793528,5,4.056795355727317,0,100.0,CRITICAL
1,0,0,9,5.587027789342908,1,17.991358911736775,1,97.32951326453488,CRITICAL
11,1,1,0,2.6001125748518295,1,2.2483753917535463,0,84.76223800194364,CRITICAL
5,5,2,4,3.906354768510749,5,9.658784841808846,1,100.0,CRITICAL
13,12,3,8,8.38048073254532,1,5.730936696647551,1,100.0,CRITICAL
8,1,0,5,5.701148036193924,5,13.185519786345298,1,100.0,CRITICAL
18,7,7,1,0.3162856085747834,5,12.27725603556874,1,100.0,CRITICAL
13,4,2,8,8.712275302445262,4,23.590884926763238,1,100.0,CRITICAL
9,1,0,6,5.384640315099133,3,18.549121787265467,1,100.0,CRITICAL
11,5,3,4,1.961940691121159,0,22.519909562895755,0,100.0,CRITICAL
6,5,5,6,7.152068422239804,1,13.870998483097157,1,100.0,CRITICAL
11,7,3,8,5.338916798369632,3,17.706752754921144,1,100.0,CRITICAL
15,11,3,7,1.8933966447672235,0,21.481837780449105,0,100.0,CRITICAL
14,5,0,7,6.500881260886847,3,0.9857040148011755,0,100.0,CRITICAL
8,2,0,8,6.414044988007596,1,21.970804252239322,0,100.0,CRITICAL
18,17,5,2,9.547220604357406,3,5.082487288467814,1,100.0,CRITICAL
1,0,0,0,2.6426431202102787,3,16.92038652383147,1,69.72422880254726,HIGH
9,5,3,3,5.483682665089454,3,18.560181489880986,0,100.0,CRITICAL
7,0,0,8,3.21026642705129,1,2.623824006264134,1,82.14258706910125,CRITICAL
15,15,7,9,2.981804674141096,2,22.87439780559314,1,100.0,CRITICAL
15,3,3,0,5.056413555921396,2,22.237419992524742,0,100.0,CRITICAL
9,0,0,9,7.148596011684303,3,15.709266729356095,1,100.0,CRITICAL
5,2,0,0,6.048136933941096,5,3.727899433942305,1,96.89931654303838,CRITICAL
7,5,4,5,1.173353826166349,5,13.585213453344592,0,100.0,CRITICAL
12,9,7,3,9.223768689125313,1,8.25947622564573,0,100.0,CRITICAL
6,5,4,0,7.08744049351721,5,22.338344059423264,1,100.0,CRITICAL
10,2,2,3,5.79326599589828,3,9.759737844392,0,100.0,CRITICAL
15,4,1,5,1.4423476080844888,2,16.649984475344162,0,100.0,CRITICAL
4,4,2,7,1.348886332905841,4,15.288362467384925,1,100.0,CRITICAL
15,8,7,8,2.93460274348045,5,6.504366595701023,1,100.0,CRITICAL
18,3,0,9,9.23095064484829,4,12.851924204057497,1,100.0,CRITICAL
3,1,0,5,1.4697362782508694,5,9.83952390263837,0,96.99717317080129,CRITICAL
15,4,1,1,6.546667581810768,3,8.991066585962109,1,100.0,CRITICAL
5,3,3,5,6.448760841685469,2,20.736130964874004,1,100.0,CRITICAL
2,2,1,0,0.919464326609668,5,3.3542005173871328,0,98.36539354857364,CRITICAL
15,11,2,0,7.073360200358642,4,9.849454749551786,1,100.0,CRITICAL
8,8,3,0,4.762164389727275,4,0.16205887856963397,1,100.0,CRITICAL
5,5,2,5,5.007559482058523,3,6.2853677706398186,0,100.0,CRITICAL
9,1,0,6,0.05490841075032171,3,14.921922814790507,1,100.0,CRITICAL
7,6,2,0,8.967980674285489,2,2.100534554836327,0,100.0,CRITICAL
4,2,0,2,6.10370017791205,5,6.508348629402427,0,100.0,CRITICAL
19,2,0,2,6.045279903815485,0,21.12549170281645,0,100.0,CRITICAL
8,8,4,6,3.8911682327547537,5,16.604048351802764,1,100.0,CRITICAL
14,13,11,3,7.017648196579092,4,1.686930065001591,0,100.0,CRITICAL
9,0,0,8,8.330275397682946,0,23.817115479717025,0,100.0,CRITICAL
5,5,3,8,4.95006061681834,4,22.683398236612632,0,100.0,CRITICAL
6,2,1,9,5.450831757638718,4,3.4005566725179044,1,100.0,CRITICAL
10,9,8,3,2.0835400726175246,4,22.12484258099616,1,100.0,CRITICAL
13,6,3,2,3.532030981744907,3,13.198650089345596,0,100.0,CRITICAL
10,2,2,5,4.681608317894686,0,22.305144841975608,0,100.0,CRITICAL
13,5,3,8,6.612747666716123,1,23.233218463679776,1,100.0,CRITICAL
3,2,1,9,9.317432337007357,3,16.64552565568952,0,100.0,CRITICAL
12,12,9,7,1.3707954297867087,4,6.991145704686451,1,100.0,CRITICAL
4,1,1,6,5.2903346752911915,0,22.191779378819362,1,100.0,CRITICAL
11,2,2,6,6.1096263899761984,0,13.763482538299087,0,100.0,CRITICAL
9,8,2,4,8.254977359778104,2,8.196995721722434,1,100.0,CRITICAL
6,5,4,8,8.435771862207732,3,11.040910718822012,0,100.0,CRITICAL
12,10,6,1,6.606879021981275,1,9.748848467398306,0,100.0,CRITICAL
14,7,3,4,1.9462778820367965,2,22.44696030666475,0,100.0,CRITICAL
9,3,1,4,7.7981181086221465,0,19.67599331620508,0,100.0,CRITICAL
8,7,4,4,5.785498820982448,2,0.7529962031209472,1,100.0,CRITICAL
9,4,0,7,9.613339006890891,4,0.23653587447247926,1,100.0,CRITICAL
13,7,7,0,9.532163414972903,3,1.6649918090873976,0,100.0,CRITICAL
11,1,1,3,5.516633414990123,1,14.64928512275587,1,100.0,CRITICAL
9,2,0,0,9.433607828347471,5,19.54751438565601,0,100.0,CRITICAL
8,3,1,4,0.2573442139700399,1,12.358763886035637,1,100.0,CRITICAL
10,0,0,6,9.15504609389127,0,12.833309168427444,1,100.0,CRITICAL
9,4,1,1,9.645575684127284,2,5.770139774751665,0,100.0,CRITICAL
4,2,1,1,9.790757481145588,1,11.023014875773946,0,100.0,CRITICAL
10,6,0,6,7.7799758626990725,1,6.164305347128473,1,100.0,CRITICAL
17,17,4,1,1.8066070181292115,4,6.576309028203539,0,100.0,CRITICAL
19,13,13,1,9.746577352999905,4,9.387837620273348,0,100.0,CRITICAL
10,10,8,5,4.279552257858519,0,1.1410804729566113,1,100.0,CRITICAL
18,13,10,4,4.712323048253832,5,22.919000654165476,1,100.0,CRITICAL
16,0,0,0,0.15126012680594103,2,21.942303062732087,0,100.0,CRITICAL
4,1,1,6,3.4332792845934144,4,19.11036576592635,0,100.0,CRITICAL
9,2,2,1,2.571450194673559,2,13.64426635183161,1,100.0,CRITICAL
9,9,4,1,4.498145064219846,5,19.512611720400177,0,100.0,CRITICAL
2,0,0,2,2.6918487080938434,0,23.379304435999074,0,71.2253244312524,HIGH
19,12,4,8,4.4728158482259674,3,6.806013872138754,1,100.0,CRITICAL
8,3,0,0,1.4756596290740254,0,8.742603418519852,1,73.41193015691096,HIGH
19,14,8,7,9.520270285877379,3,17.497100744991535,0,100.0,CRITICAL
4,3,0,1,6.641299241153291,4,15.42877006112857,1,100.0,CRITICAL
11,1,1,8,9.884533346974541,1,19.79565218227559,0,100.0,CRITICAL
3,2,2,4,0.04817682612547669,0,8.327532088444652,0,97.15394495094627,CRITICAL
18,18,0,8,8.358120606456861,2,7.4532624553079945,1,100.0,CRITICAL
17,14,1,9,0.8427093578997025,2,14.050010771839437,0,100.0,CRITICAL
19,17,0,8,7.738437063094516,5,3.5005876346864877,0,100.0,CRITICAL
9,0,0,4,9.22471340533275,3,0.949796927013506,0,100.0,CRITICAL
16,4,3,1,1.406792518015475,2,5.859257687970709,0,100.0,CRITICAL
8,7,3,8,9.561459318705028,4,3.7997876782983395,1,100.0,CRITICAL
9,4,1,7,4.3626213765057384,3,0.16020527286692676,1,100.0,CRITICAL
5,3,0,2,3.4420775013832183,1,18.672210754417776,0,100.0,CRITICAL
5,2,0,0,7.957659110876022,0,13.037076397530733,1,91.47696043079804,CRITICAL
14,6,6,4,8.530787285568,3,16.054873510123638,1,100.0,CRITICAL
14,3,2,1,8.365195608880743,5,3.913213648890805,1,100.0,CRITICAL
5,2,2,8,6.240222344197787,5,6.160607046162093,1,100.0,CRITICAL
4,1,0,4,2.961998672332654,4,1.4426968661607589,1,76.27240225677689,CRITICAL
17,0,0,6,2.7654538912834328,3,23.939370972724934,0,100.0,CRITICAL
6,5,3,0,2.2865544933861406,4,2.4740887812984163,0,100.0,CRITICAL
7,2,0,0,1.4647328932857584,5,2.168760199761813,1,82.82425431665132,CRITICAL
14,8,5,7,3.925745802351596,3,14.740043217903963,1,100.0,CRITICAL
15,0,0,7,8.560482402999941,3,7.965187343985475,0,100.0,CRITICAL
6,0,0,7,9.961723274321523,1,21.301902518149003,0,100.0,CRITICAL
10,9,6,6,6.935946804963083,3,19.956444305111734,0,100.0,CRITICAL
8,0,0,4,1.5615163479219818,4,20.835663280850184,1,100.0,CRITICAL
8,8,5,0,6.735630516580412,3,17.643127259192013,0,100.0,CRITICAL
5,4,1,7,2.7535841590135837,2,3.162953391994712,1,100.0,CRITICAL
16,4,0,9,7.1763439642425,1,1.5266813907270471,0,100.0,CRITICAL
11,10,6,6,2.362858605545898,4,1.551109470405251,1,100.0,CRITICAL
7,4,2,2,1.6406499718242284,0,19.24271040136151,1,100.0,CRITICAL
2,2,1,6,6.344740767011981,5,15.770821829054245,1,100.0,CRITICAL
7,0,0,4,6.851512363098809,3,23.543624757320387,0,100.0,CRITICAL
6,4,3,9,1.8477204307785577,4,15.444198356213708,0,100.0,CRITICAL
19,11,6,9,5.120080207827162,2,5.982322099683751,1,100.0,CRITICAL
18,13,1,9,8.806492067601013,3,2.148342966491298,1,100.0,CRITICAL
1,1,0,3,6.848166996689398,2,8.774390472006385,1,100.0,CRITICAL
18,9,6,0,6.758802497365326,3,4.792710900710158,0,100.0,CRITICAL
12,12,3,9,7.235538794215266,3,15.081488671702104,1,100.0,CRITICAL
17,14,8,1,3.500219182503809,5,2.3031076407134528,0,100.0,CRITICAL
8,5,0,1,2.059457910050133,5,18.540253723460495,1,100.0,CRITICAL
3,0,0,9,7.335017414447982,0,16.717216223057015,0,100.0,CRITICAL
10,5,2,1,8.11940882681196,0,17.672589452988902,0,100.0,CRITICAL
16,10,7,8,8.958062741556365,2,23.171447238213535,0,100.0,CRITICAL
18,8,6,5,7.952389802956525,1,15.613441123315239,0,100.0,CRITICAL
1,0,0,4,3.460891254759976,5,18.925257925338485,1,100.0,CRITICAL
8,4,1,9,4.669727572615333,3,2.047308976328991,1,100.0,CRITICAL
19,10,4,3,7.7990973881372,0,22.634174935237716,0,100.0,CRITICAL
3,1,0,8,5.375948845910702,1,5.245749460139399,1,100.0,CRITICAL
16,16,15,8,5.5715642127661615,2,11.833219537260769,0,100.0,CRITICAL
16,8,0,9,9.425452906553687,5,22.970265109201485,1,100.0,CRITICAL
16,7,4,6,9.57608164567809,4,4.304724975751933,1,100.0,CRITICAL
12,6,1,4,7.612158930382047,5,0.8521677958798648,1,100.0,CRITICAL
9,4,2,5,8.09566711113859,5,7.129540611937139,0,100.0,CRITICAL
18,16,0,2,2.644782871534513,0,3.7530133040654503,0,100.0,CRITICAL
11,6,1,1,5.93816575135313,3,16.0327296637219,0,100.0,CRITICAL
11,8,3,9,4.779256521863383,0,6.680990834147026,0,100.0,CRITICAL
12,2,2,9,0.41048087576886383,3,1.5081435879623966,1,100.0,CRITICAL
18,11,6,3,8.835351967971532,5,21.432564631064224,1,100.0,CRITICAL
2,1,0,2,2.9571237742842627,5,1.1873965160936137,0,84.1456441801625,CRITICAL
4,2,1,3,9.317678006158234,0,6.510509163703229,1,99.15205941860984,CRITICAL
4,3,0,9,6.364990864084794,2,5.767066078325481,0,100.0,CRITICAL
14,2,1,0,8.130488034265246,2,0.564162141083945,0,100.0,CRITICAL
13,6,0,0,4.587691968946183,2,3.965584978883993,1,100.0,CRITICAL
9,5,1,5,1.8741489791886046,2,19.556374589805188,1,100.0,CRITICAL
15,13,13,9,8.747196541775766,2,0.9006740715251382,1,100.0,CRITICAL
10,4,0,3,7.826278134241573,3,0.5574546716449138,1,100.0,CRITICAL
5,2,2,1,7.545438745936844,3,15.216509166328652,1,100.0,CRITICAL
4,0,0,2,2.1278987468398833,4,2.134122852370079,1,64.40928010102293,HIGH
18,0,0,7,5.216473653270755,5,8.917895509202953,0,100.0,CRITICAL
4,1,1,5,3.2262826402824762,2,0.051397296519513525,1,73.94504765050966,HIGH
16,16,8,1,6.12776656511185,1,8.69711738983607,0,100.0,CRITICAL
11,4,2,6,5.324274465928306,3,7.63300281737225,1,100.0,CRITICAL
7,7,2,1,1.7738226866696827,3,14.704811093530765,0,100.0,CRITICAL
1,0,0,0,6.237300214824922,4,11.978297601663837,0,89.81805172284415,CRITICAL
3,2,0,4,0.38176098258074,3,16.284603081956224,1,91.4812698300724,CRITICAL
16,2,0,9,0.7073767113092977,0,22.46053707021047,0,100.0,CRITICAL
4,0,0,8,1.8278026227734845,5,19.084160464982027,1,100.0,CRITICAL
3,0,0,4,5.788041994583298,3,22.405217393134482,0,100.0,CRITICAL
1,0,0,0,7.594874322625324,0,1.3014179737838445,1,49.61742326295361,MEDIUM
1,1,1,1,7.8247089441774875,4,23.76813587058602,0,100.0,CRITICAL
10,9,4,3,2.766382562402999,0,7.729426229455027,1,100.0,CRITICAL
12,2,1,4,3.8420603223773107,5,6.641231369389077,1,100.0,CRITICAL
3,3,3,1,2.3375045899170144,1,9.68451812288843,1,100.0,CRITICAL
13,5,0,2,0.3632146445889739,3,18.799240301784153,1,100.0,CRITICAL
6,3,2,5,4.950570363394574,1,22.902834054125577,0,100.0,CRITICAL
10,3,1,5,5.450642220769874,2,13.301656216958644,0,100.0,CRITICAL
6,0,0,9,9.35083773178369,4,3.7052968953673506,1,100.0,CRITICAL
1,1,1,0,7.118775175753816,4,5.137303226606941,1,94.57821471441237,CRITICAL
15,13,13,9,9.343030959519506,3,9.728916959968235,0,100.0,CRITICAL
14,12,5,7,2.7950338590276136,5,8.77817281023326,0,100.0,CRITICAL
12,9,0,5,7.24609334156487,3,5.718480009131524,0,100.0,CRITICAL
10,1,1,2,5.982913552963027,4,20.40547724869198,1,100.0,CRITICAL
9,8,3,1,2.9679744356520823,3,6.722698787415543,1,100.0,CRITICAL
15,12,11,8,2.1114969293804755,0,14.226075621076758,1,100.0,CRITICAL
14,12,12,7,2.9103976774147933,5,11.503266148513408,1,100.0,CRITICAL
10,7,6,2,9.796850433102085,5,22.163044961993478,0,100.0,CRITICAL
1,0,0,6,0.23211575585947108,0,15.094089590364078,1,50.443976780902624,HIGH
2,2,0,6,9.048335913507659,5,7.970243062963366,0,100.0,CRITICAL
2,1,0,0,7.71685719213024,0,15.328603120640354,0,86.04139712208939,CRITICAL
2,1,1,5,5.4359073029096905,4,7.653756696903556,0,100.0,CRITICAL
2,0,0,2,8.582438277648185,4,2.18087041696569,0,100.0,CRITICAL
8,8,7,9,0.5196666287833773,5,11.644940124127908,0,100.0,CRITICAL
18,13,3,2,5.442272582884311,1,20.644756351396897,0,100.0,CRITICAL
13,0,0,4,2.85423303028957,2,21.820342804356947,0,100.0,CRITICAL
17,17,4,5,0.09804615908675207,3,13.049809023797089,0,100.0,CRITICAL
8,6,1,8,6.190471010497437,4,16.788573041794532,0,100.0,CRITICAL
10,4,4,4,6.577606321114374,1,14.656592168345092,1,100.0,CRITICAL
14,12,10,2,5.907760234077411,2,19.459795934595697,0,100.0,CRITICAL
19,16,6,0,3.9049418609993625,0,2.477392054364075,1,100.0,CRITICAL
19,3,2,2,8.042717447477859,3,9.632929070306467,1,100.0,CRITICAL
5,3,2,3,3.431587372459054,4,6.073937529662433,1,100.0,CRITICAL
18,7,4,9,6.039582564595072,1,0.1578214948446428,0,100.0,CRITICAL
10,1,1,6,9.960579197075955,0,19.918077604859175,1,100.0,CRITICAL
16,13,6,4,8.458484350362864,2,3.2204559127870187,1,100.0,CRITICAL
18,16,5,2,6.442750662967254,5,7.761010106146911,1,100.0,CRITICAL
9,6,1,8,6.74169557509231,1,20.80504113040624,1,100.0,CRITICAL
10,0,0,9,8.410011916937556,2,17.311620858136063,1,100.0,CRITICAL
12,7,7,5,1.7580947044798223,5,13.625118435210961,1,100.0,CRITICAL
5,5,4,4,1.1020850975955088,4,7.446420875418576,0,100.0,CRITICAL
15,9,8,6,2.208948016657899,5,12.36773220384765,1,100.0,CRITICAL
7,5,0,9,7.445398349990224,1,1.349708243617302,1,100.0,CRITICAL
7,6,0,0,7.69732545327364,3,17.455138742624932,1,100.0,CRITICAL
3,1,1,7,0.2819779166723757,0,5.6955758424249305,1,67.50024372431821,HIGH
3,2,2,6,0.5997771690202136,1,11.500805878096896,1,100.0,CRITICAL
7,5,1,4,9.81565092927237,4,2.2672735608928205,1,100.0,CRITICAL
1,0,0,5,4.921028890497716,4,17.0589112400136,0,100.0,CRITICAL
18,2,2,8,5.359034329848832,2,21.499951947022026,0,100.0,CRITICAL
1,0,0,0,6.121822202225895,2,10.942472266628622,0,83.5359897576648,CRITICAL
6,4,3,2,9.644433222847049,3,1.997411452843612,0,100.0,CRITICAL
7,7,1,8,1.5950000152298471,4,22.68179669609394,1,100.0,CRITICAL
12,3,1,2,6.330818997053016,4,10.729183846275992,0,100.0,CRITICAL
3,0,0,5,0.7580687489258042,4,1.9281469268397942,0,62.21004489271986,HIGH
2,1,1,9,5.134448126664541,0,4.522250724263602,1,97.09471511268819,CRITICAL
15,3,3,1,4.402661195838187,0,2.8762723428147643,0,100.0,CRITICAL
4,3,2,8,2.6818814003619607,4,4.7406080715774825,1,100.0,CRITICAL
19,16,0,4,4.405527166112834,0,3.738870191942537,1,100.0,CRITICAL
11,10,6,7,6.982579211032989,4,22.149062842879438,1,100.0,CRITICAL
5,2,0,1,8.409821843246917,2,5.0177834911067505,1,96.31198346402523,CRITICAL
12,10,2,7,7.84904746180449,2,10.60719993005911,0,100.0,CRITICAL
16,2,2,4,5.84863308753126,0,17.517093693119424,0,100.0,CRITICAL
10,5,4,2,8.969788063998802,2,16.247355105901917,1,100.0,CRITICAL
6,2,1,5,6.938505128966788,5,22.955188535627435,1,100.0,CRITICAL
12,0,0,5,8.382653731986498,2,23.184709508256752,0,100.0,CRITICAL
7,5,3,7,3.982330201377268,3,13.696667844716028,1,100.0,CRITICAL
10,6,3,6,6.983732790806494,3,18.055294525017562,1,100.0,CRITICAL
16,4,1,8,0.7450559681895252,4,9.265086512708152,1,100.0,CRITICAL
3,0,0,0,9.571379510182055,1,10.302002139402699,0,91.42167402689519,CRITICAL
16,16,8,7,6.293090730875432,1,2.504914367580535,1,100.0,CRITICAL
12,1,0,0,8.567076026688087,3,16.162068834296882,1,100.0,CRITICAL
8,1,1,8,4.853980662026921,5,6.494608701441714,1,100.0,CRITICAL
5,1,1,9,0.3084355792801752,4,1.9166715011937319,0,100.0,CRITICAL
17,7,5,2,4.9204085342306705,3,2.35754148392719,1,100.0,CRITICAL
14,7,5,2,7.2578819223033815,2,17.337046719564178,0,100.0,CRITICAL
9,1,1,2,0.653271460548206,4,5.494252008471416,1,95.62293319499315,CRITICAL
19,11,10,0,1.0030154663346436,5,18.47964726944651,1,100.0,CRITICAL
12,11,10,6,0.5430280104164797,4,21.742080030143086,1,100.0,CRITICAL
11,4,3,3,1.1988057616035563,1,8.180370845786703,1,100.0,CRITICAL
1,0,0,2,6.143413353544538,1,19.053025771277625,1,68.64014268943976,HIGH
11,3,1,4,8.743926825739909,1,10.289983722682653,0,100.0,CRITICAL
8,7,2,0,4.70923662109183,0,18.53320103444785,0,100.0,CRITICAL
4,3,1,4,8.087842064259485,2,7.361353720153856,1,100.0,CRITICAL
4,4,4,1,3.9858111604642534,2,22.35568851485049,1,100.0,CRITICAL
11,8,6,7,8.552705077716107,2,23.692957884080567,1,100.0,CRITICAL
19,3,0,8,1.5756020578504415,2,9.267670242701787,0,100.0,CRITICAL
4,0,0,8,5.739366987524982,5,4.774252907472324,0,100.0,CRITICAL
6,2,1,2,5.201654981831045,2,16.447940765425763,0,100.0,CRITICAL
9,8,8,7,1.0283840237330233,5,14.00626278570191,0,100.0,CRITICAL
11,0,0,1,2.382415974559092,2,23.795228666884288,0,100.0,CRITICAL
12,3,3,0,4.846196265051624,0,19.478260241735054,1,100.0,CRITICAL
18,10,10,0,7.718459781082913,4,20.042511274927648,0,100.0,CRITICAL
9,9,7,6,9.047694427270471,1,17.435529840777157,1,100.0,CRITICAL
15,0,0,0,7.356521548434937,1,8.41893654742869,1,100.0,CRITICAL
17,2,0,5,2.9301432982304076,1,22.46021880610775,1,100.0,CRITICAL
9,2,0,7,1.0278185508970494,5,11.176083546730823,0,100.0,CRITICAL
13,6,5,9,5.252184898132324,2,9.58663972675806,1,100.0,CRITICAL
2,2,1,3,3.4436762817774316,1,4.661636256418535,1,75.29933658435961,CRITICAL
17,5,3,1,5.633197457318145,5,7.294968778845861,1,100.0,CRITICAL
18,5,4,3,3.9794398097011294,0,0.05411217556805781,0,100.0,CRITICAL
6,0,0,8,3.7919470484102358,2,15.837710565861993,1,100.0,CRITICAL
2,2,0,1,9.119815393319861,2,14.53119802107879,0,100.0,CRITICAL
1,0,0,4,6.675352192698892,0,9.672796356427511,0,87.36550846006197,CRITICAL
5,3,1,1,6.697061537502124,4,23.21057376952328,0,100.0,CRITICAL
14,7,6,0,1.3372061844053251,0,16.634548945679832,0,100.0,CRITICAL
18,14,10,8,3.896642807615139,0,5.825188990070619,1,100.0,CRITICAL
4,2,0,4,7.627675998054498,0,9.088841852755344,1,98.07954088673777,CRITICAL
14,9,7,5,5.669482702342514,4,12.379194171503862,0,100.0,CRITICAL
15,11,10,5,4.603633590538875,5,13.088473665741233,0,100.0,CRITICAL
8,4,0,7,9.727597052762954,1,6.615248640961375,1,100.0,CRITICAL
2,2,1,3,1.363688357931374,0,5.986566698386973,1,73.23528707162568,HIGH
17,12,7,0,1.6076156472065317,2,7.186162592241303,1,100.0,CRITICAL
17,2,2,6,5.632470198240976,1,23.12047101510355,0,100.0,CRITICAL
6,3,1,5,4.0517755106793,1,8.62860199207124,0,100.0,CRITICAL
6,2,2,6,4.806836896172699,5,8.979417851847673,1,100.0,CRITICAL
19,15,9,7,5.478744069373253,3,17.285861144259236,1,100.0,CRITICAL
1,1,0,4,1.2747017536033012,0,3.906216610937559,1,36.492637996953505,MEDIUM
6,3,2,5,2.7012127411302043,1,15.435916167421535,0,100.0,CRITICAL
5,1,0,1,5.371557625439296,2,15.987118540188693,0,100.0,CRITICAL
4,4,3,4,1.9355416529626113,4,1.5483582820757649,1,100.0,CRITICAL
13,13,7,2,8.395896331090903,4,4.5586847595037225,1,100.0,CRITICAL
17,16,4,4,7.834878649579673,5,11.195784041343778,1,100.0,CRITICAL
13,4,4,8,5.681702092602654,1,20.050018384258387,0,100.0,CRITICAL
16,16,2,2,4.949269328766678,4,17.576238370686237,1,100.0,CRITICAL
13,0,0,2,9.295583229960942,3,20.962826312646023,0,100.0,CRITICAL
1,0,0,0,7.52337188109945,4,20.424153269197774,0,100.0,CRITICAL
10,10,5,0,0.38128875615630053,4,12.276048353114387,1,100.0,CRITICAL
18,15,15,6,2.23382846156941,4,14.934810598884052,1,100.0,CRITICAL
17,3,1,8,0.7298205119428625,2,22.099178269137656,1,100.0,CRITICAL
17,7,5,1,9.946847042911699,3,17.785745618644096,1,100.0,CRITICAL
10,4,0,1,4.221909050276892,3,8.58904015609634,0,100.0,CRITICAL
2,2,0,0,1.3419647289090397,4,8.408665639776803,0,70.45593620371358,HIGH
10,2,1,4,3.5817008421768772,1,8.798930980748217,0,100.0,CRITICAL
6,0,0,9,9.7994902622684,5,11.884876430875753,1,100.0,CRITICAL
3,1,0,6,1.4300169248769845,5,8.69971215924134,1,100.0,CRITICAL
10,9,9,0,3.5694358650058087,2,4.500216516154102,1,100.0,CRITICAL
19,8,6,7,2.7580077236825264,1,14.27805789089259,1,100.0,CRITICAL
17,5,2,0,7.902168717684871,0,20.86104659581552,1,100.0,CRITICAL
12,7,2,0,0.25506306944573565,2,11.82116310472233,0,100.0,CRITICAL
12,5,2,3,9.467146843532088,5,5.259570673230258,1,100.0,CRITICAL
6,1,0,1,8.686967258083403,4,19.51320868986683,0,100.0,CRITICAL
12,2,1,8,3.643678837636226,2,18.137861158760334,1,100.0,CRITICAL
6,2,0,9,9.012525113184369,2,16.805213357056363,0,100.0,CRITICAL
3,2,1,1,4.2573382070530865,1,16.193385874021338,0,100.0,CRITICAL
3,1,0,6,2.9192237122797393,5,18.77458108307276,1,100.0,CRITICAL
9,0,0,1,4.070052474354071,0,19.92631068481042,0,100.0,CRITICAL
1,0,0,0,8.249984502455183,2,21.55687168879946,1,100.0,CRITICAL
4,3,3,8,5.611303043182677,0,14.63834873165942,0,100.0,CRITICAL
12,10,5,3,2.1721932905926433,0,9.446227277158412,1,100.0,CRITICAL
5,5,0,6,0.6968643896344207,1,2.157510173155096,0,100.0,CRITICAL
18,1,1,0,6.065570225778934,5,17.337993841375198,0,100.0,CRITICAL
16,0,0,7,8.184138186706148,5,3.3889820657339316,0,100.0,CRITICAL
10,6,6,5,8.555132387596498,1,20.844475875251618,0,100.0,CRITICAL
12,3,3,1,8.229270279512104,4,9.740991270092277,0,100.0,CRITICAL
11,8,0,8,5.134329819835594,4,21.027277900147922,1,100.0,CRITICAL
19,10,8,0,3.7771732831806504,2,12.443391117441525,0,100.0,CRITICAL
5,5,5,8,9.754026350296847,4,10.88359464941913,1,100.0,CRITICAL
3,3,2,9,9.224110061713796,5,8.725680059790358,0,100.0,CRITICAL
19,9,8,1,7.520285455314574,1,1.4723294279113128,0,100.0,CRITICAL
6,2,1,5,4.300722720686105,4,0.2766709129499869,1,100.0,CRITICAL
17,9,6,8,9.734658798466473,4,12.208542645464906,1,100.0,CRITICAL
13,11,7,2,3.7390304809186494,4,21.62658401355752,1,100.0,CRITICAL
7,6,6,2,6.84482770703669,5,14.066642687073942,1,100.0,CRITICAL
19,0,0,2,2.943081499527662,0,20.69706906715355,0,100.0,CRITICAL
19,9,9,8,8.356781792841096,4,23.994101337286104,0,100.0,CRITICAL
12,12,10,1,8.601336475100224,1,4.286801790502109,0,100.0,CRITICAL
11,8,8,3,5.091206884112271,0,15.829837003174898,1,100.0,CRITICAL
17,9,2,7,5.6217490101594345,4,10.00578660304556,1,100.0,CRITICAL
17,3,3,7,9.485596527513723,4,5.011323353323156,0,100.0,CRITICAL
18,8,1,4,1.4211966626378514,1,5.7816890561008645,0,100.0,CRITICAL
15,10,3,1,4.713856190681804,2,5.8716868375245905,1,100.0,CRITICAL
6,0,0,5,5.284230496847241,1,17.51164012408824,0,100.0,CRITICAL
8,4,1,7,8.164428028833722,3,8.520047739663056,0,100.0,CRITICAL
11,5,4,1,7.778177792466559,1,6.1376230831301655,1,100.0,CRITICAL
13,10,3,3,6.020687247883743,2,21.263055612747454,1,100.0,CRITICAL
17,6,6,3,1.5559334275539383,1,0.8242708765763025,1,100.0,CRITICAL
17,8,5,8,4.06204231402095,0,17.654824741881804,1,100.0,CRITICAL
18,10,2,9,0.9120663195698031,0,23.053361598229703,0,100.0,CRITICAL
16,16,11,0,1.503519606686733,1,15.015438660559049,0,100.0,CRITICAL
16,10,0,8,2.265070088382136,0,13.15591094618734,1,100.0,CRITICAL
4,0,0,7,3.3365986610016583,2,1.474718036205089,0,80.25374259295202,CRITICAL
17,17,8,0,4.401757395962712,3,12.071011462671027,0,100.0,CRITICAL
8,8,6,9,7.2066979563574085,3,8.673699580133892,0,100.0,CRITICAL
7,0,0,5,0.23182222004655473,2,18.674414295705688,0,94.96313808394734,CRITICAL
8,4,0,9,8.719773955965866,4,19.48262981637367,0,100.0,CRITICAL
1,0,0,1,9.920804883010977,4,4.022458750134349,1,89.84913876459753,CRITICAL
2,1,1,2,9.641157277790724,3,12.533857576247728,1,100.0,CRITICAL
13,0,0,4,4.249750936649318,0,20.638506041523662,1,100.0,CRITICAL
2,1,0,7,3.9936052911357844,0,14.98863920960536,1,76.45703106189885,CRITICAL
5,2,2,5,5.223252476912007,4,11.543305661488429,1,100.0,CRITICAL
5,1,0,8,6.646056483421601,3,21.553477709821202,0,100.0,CRITICAL
6,3,1,0,2.7759238459675517,1,23.195709598985278,1,100.0,CRITICAL
18,10,0,4,6.549369771993264,5,5.646578499232466,1,100.0,CRITICAL
16,1,0,3,3.092440339288359,1,4.387107280211251,0,100.0,CRITICAL
17,13,1,7,6.606664898216713,0,20.75591446191264,0,100.0,CRITICAL
9,8,3,4,6.52693015163167,2,5.830787916135251,0,100.0,CRITICAL
8,7,2,8,0.008290915385796849,5,20.348126137487693,0,100.0,CRITICAL
8,1,0,1,8.712497756520547,4,7.228489024283836,0,100.0,CRITICAL
2,1,0,7,1.9254880971349975,0,0.4604795023265593,1,68.37959391178225,HIGH
9,2,1,0,9.927600307603816,5,10.126539809203988,1,100.0,CRITICAL
6,4,3,7,5.500400756554534,2,0.9688109086023893,0,100.0,CRITICAL
19,18,15,8,3.8650570821571795,2,4.991788207065881,0,100.0,CRITICAL
1,1,1,2,0.9171407001675547,4,11.504682325330473,1,83.3982124244282,CRITICAL
19,12,10,1,6.809834452235977,2,0.9238874874210605,0,100.0,CRITICAL
1,1,0,4,3.597861707605966,2,0.7971538361837052,1,50.30323673677101,HIGH
13,5,5,8,9.629760074548127,5,3.72353955000429,1,100.0,CRITICAL
7,7,5,7,8.572724129819447,4,11.106084607038937,0,100.0,CRITICAL
13,6,5,0,1.244127243563189,5,23.376406731754802,0,100.0,CRITICAL
18,0,0,0,4.576870628613029,3,2.2419439926799924,1,100.0,CRITICAL
2,0,0,7,4.4410899697383,5,14.92704703456619,1,100.0,CRITICAL
3,2,2,2,7.087754260883123,1,11.929757461716623,1,100.0,CRITICAL
6,4,0,0,2.72947878299035,3,1.443726441889269,0,100.0,CRITICAL
13,4,4,9,8.362223066560801,1,0.8194051581135993,1,100.0,CRITICAL
9,1,1,0,9.414522363879652,1,5.32406642097787,0,100.0,CRITICAL
3,0,0,3,5.5233961845138,4,16.434018645983706,0,100.0,CRITICAL
15,11,10,5,9.272520298359648,3,23.097319425088624,0,100.0,CRITICAL
4,0,0,8,3.2536055617716797,5,13.345865694075089,0,100.0,CRITICAL
17,8,6,4,3.1733276201239513,4,1.098534779534929,0,100.0,CRITICAL
17,9,7,6,7.2334335327498644,5,6.191411898511154,1,100.0,CRITICAL
13,2,0,8,4.443634801325185,3,22.61573472544908,0,100.0,CRITICAL
11,11,6,4,2.7615486577045223,2,0.3004929092064952,1,100.0,CRITICAL
8,4,2,6,3.0963951925198376,5,14.454039533304979,0,100.0,CRITICAL
3,2,1,8,8.323637265051719,0,4.294029907966467,1,100.0,CRITICAL
18,11,11,5,6.46997384760446,3,1.5890664474674425,0,100.0,CRITICAL
1,0,0,8,7.914644648614681,3,6.10646967588639,0,100.0,CRITICAL
8,6,1,5,4.1277503481426425,2,22.487720725624467,1,100.0,CRITICAL
9,9,1,5,9.388197806515802,2,18.282219126484442,0,100.0,CRITICAL
17,9,8,2,8.907066078315099,1,4.109280821810756,1,100.0,CRITICAL
8,3,0,4,0.3578921278122327,0,1.5768713002021952,0,76.9907169376564,CRITICAL
11,9,4,6,3.6494126634680866,0,11.835506229901426,0,100.0,CRITICAL
1,1,1,1,0.7392210638177876,0,1.2638655111124955,1,47.64764667763071,MEDIUM
2,1,0,5,2.378010705374539,5,9.69743196794812,1,100.0,CRITICAL
15,5,3,1,9.25684508011927,3,19.206030542149698,1,100.0,CRITICAL
17,9,0,8,8.959202792059642,3,12.015923875613556,1,100.0,CRITICAL
15,3,3,9,0.560964660804727,4,21.524177017692484,1,100.0,CRITICAL
18,6,4,2,0.35775432384393624,1,18.990176212499044,0,100.0,CRITICAL
12,1,1,6,6.458933248013688,2,13.326446250915389,1,100.0,CRITICAL
14,6,0,6,2.358474857219014,2,18.969699364386233,0,100.0,CRITICAL
12,2,0,4,0.022221391571406457,2,2.2767986776284275,1,97.72054811706829,CRITICAL
2,2,1,9,8.329587127397645,4,4.832680786076724,1,100.0,CRITICAL
16,4,0,1,3.842786530298473,4,16.81009138410014,0,100.0,CRITICAL
19,8,7,4,4.171972713750449,3,0.13727932787477393,0,100.0,CRITICAL
1,1,0,1,1.092293297921385,4,0.11230213537327316,1,54.98372442533656,HIGH
2,0,0,2,4.752435312783936,4,9.128194484588487,0,100.0,CRITICAL
12,10,10,7,7.7621625059895605,2,20.809837661267395,0,100.0,CRITICAL
4,0,0,5,2.9963284595503934,5,23.540397126570774,1,100.0,CRITICAL
7,2,2,9,8.27871982280426,5,15.596047848998607,1,100.0,CRITICAL
17,14,0,9,6.5022329664156615,4,22.806614963046197,1,100.0,CRITICAL
5,3,2,9,4.151047838849641,1,20.344162626075512,0,100.0,CRITICAL
2,0,0,3,5.0464509700344635,4,4.835569790091236,1,80.30621344328914,CRITICAL
13,7,4,7,1.117688626190484,5,9.694940466420157,1,100.0,CRITICAL
8,1,0,9,8.938972093542981,5,14.970518455403251,0,100.0,CRITICAL
18,3,0,8,8.938564767219946,0,3.631499171698068,1,100.0,CRITICAL
4,2,0,4,3.8245153535587386,4,7.514497445536329,0,100.0,CRITICAL
6,4,1,0,6.5895363501008655,3,18.153318823872816,1,100.0,CRITICAL
9,9,8,5,7.646181719250561,1,8.27177164106023,1,100.0,CRITICAL
10,8,6,8,8.257033409988688,4,22.222398714716128,1,100.0,CRITICAL
4,3,1,5,7.246697005892589,3,9.762644116925308,1,100.0,CRITICAL
4,4,1,5,5.011372013473569,5,5.274238545860385,1,100.0,CRITICAL
7,4,0,4,6.978459228393011,1,5.042849028065217,1,100.0,CRITICAL
14,6,4,6,9.474217066445613,4,16.493154937687045,1,100.0,CRITICAL
12,10,3,3,4.714331604299799,1,8.835643857398445,1,100.0,CRITICAL
15,6,4,3,0.8176280467461505,5,5.694046661364894,0,100.0,CRITICAL
17,5,4,3,8.085876128186614,5,16.65279386481315,0,100.0,CRITICAL
13,12,1,8,7.212556370821832,0,10.113540610542618,0,100.0,CRITICAL
1,0,0,9,2.969298911442373,2,20.303823245443077,1,100.0,CRITICAL
13,0,0,2,5.882487744803122,4,13.175476342746732,1,100.0,CRITICAL
16,5,2,9,0.7285130824914898,1,23.3322362182148,1,100.0,CRITICAL
13,2,0,2,4.790295294622964,3,8.986904277034856,1,100.0,CRITICAL
9,0,0,2,3.9903458362179522,0,6.770505327269813,1,78.66152978324351,CRITICAL
18,11,0,2,2.507790191957502,2,15.469273702517775,1,100.0,CRITICAL
16,11,0,7,1.53753489687249,3,17.000749220046888,0,100.0,CRITICAL
12,12,0,8,3.4371591281438185,0,0.40724335720499205,1,100.0,CRITICAL
8,5,1,7,9.361252473913883,4,16.065195506431586,0,100.0,CRITICAL
1,0,0,3,5.136987847300114,3,4.344506558859926,1,74.42955791872603,HIGH
13,0,0,9,2.011332845623298,1,23.012711724975986,0,100.0,CRITICAL
19,12,11,6,8.354296417917919,5,13.824162395674367,0,100.0,CRITICAL
13,4,3,3,2.6941909957948686,0,3.0393576560876285,0,100.0,CRITICAL
3,0,0,9,8.027252052856044,0,1.265240378081038,1,83.94968907353127,CRITICAL
1,0,0,0,0.16684253575336983,4,21.110483501729078,0,70.96605050272643,HIGH
14,2,0,6,9.233747129073713,0,20.414976116343798,1,100.0,CRITICAL
1,0,0,2,5.3452191247630045,2,10.418279881515458,1,66.62702913878425,HIGH
5,5,4,4,7.63228263809215,1,2.0999995989182167,1,100.0,CRITICAL
5,3,2,2,3.1421938401848237,5,9.359578030747945,0,100.0,CRITICAL
11,7,2,0,8.460153413768257,4,18.252708862988825,1,100.0,CRITICAL
19,2,2,8,6.916532134757201,2,15.875857869504152,0,100.0,CRITICAL
12,7,1,1,0.47109169661433525,4,20.763965755094237,1,100.0,CRITICAL
8,6,3,1,0.4061962241518058,4,18.02861110778379,0,100.0,CRITICAL
10,1,0,5,3.6103388081881596,1,7.923236111185851,0,100.0,CRITICAL
18,12,10,0,0.5187882233316687,0,8.187196855003767,1,100.0,CRITICAL
9,7,1,7,0.43301837158196466,4,15.546127134952902,0,100.0,CRITICAL
11,0,0,3,3.776348160226565,3,7.444144548704692,0,100.0,CRITICAL
5,0,0,2,2.3082667271221413,1,20.82384233433924,0,92.07110340370689,CRITICAL
13,6,5,4,3.5083648856081373,1,7.864843737197626,0,100.0,CRITICAL
13,5,2,7,4.035027464927633,3,11.734392295621642,0,100.0,CRITICAL
4,0,0,0,0.856809068156783,1,1.037462068239531,0,35.28857856294865,MEDIUM
17,14,12,4,6.059431034866728,4,2.8341705355305633,0,100.0,CRITICAL
14,12,10,8,3.4788877358952943,2,3.1655022191152113,1,100.0,CRITICAL
9,7,6,1,7.607450361225903,0,8.259132116907265,0,100.0,CRITICAL
2,1,0,7,9.912339222294982,5,2.7990284200093,0,100.0,CRITICAL
4,3,1,1,3.815327005186787,2,10.970593890425397,1,95.1462114857447,CRITICAL
11,8,5,6,7.41944923040866,1,6.459718960188348,1,100.0,CRITICAL
10,7,5,8,2.952387177261784,3,6.5389508755258134,1,100.0,CRITICAL
5,2,1,4,8.11256312124732,1,10.692032634002416,0,100.0,CRITICAL
16,15,10,8,6.830017464743711,1,20.492151621296543,1,100.0,CRITICAL
6,1,0,0,2.492150645659926,1,18.281526593407317,1,84.08769365263429,CRITICAL
5,0,0,6,4.606390964525222,5,21.209417568531716,1,100.0,CRITICAL
13,13,9,3,8.061541933669067,0,23.76421354546183,0,100.0,CRITICAL
9,6,6,6,7.094569546122117,1,0.2664495921999226,1,100.0,CRITICAL
10,0,0,0,0.316276160859873,1,16.620193926921466,0,87.36065659864457,CRITICAL
2,1,1,6,0.015454228844904438,5,2.8759091836400428,1,89.78668504869725,CRITICAL
15,10,1,6,7.538566354884365,1,22.483773648069786,1,100.0,CRITICAL
12,1,1,9,4.53651446131155,3,5.444298907409661,1,100.0,CRITICAL
12,0,0,9,5.1148559629731505,4,8.398933265178833,0,100.0,CRITICAL
3,0,0,6,9.646493125113704,5,23.497275941149837,0,100.0,CRITICAL
15,3,0,9,1.322156580011259,1,20.812617714641487,1,100.0,CRITICAL
19,6,2,1,0.3221512942153948,1,1.1329952747925631,1,100.0,CRITICAL
13,5,3,5,1.8897124595351167,5,1.1247972066112144,1,100.0,CRITICAL
3,0,0,2,7.125397917467597,1,19.652184829414022,1,87.27846269658491,CRITICAL
13,11,3,5,1.8216679837504401,0,1.6889285788439299,0,100.0,CRITICAL
5,3,1,4,5.2864826369941165,3,20.44162783973998,1,100.0,CRITICAL
11,7,5,3,8.55646352964028,2,22.190898400694483,0,100.0,CRITICAL
17,7,7,7,8.403791597011839,5,0.5720909047508878,1,100.0,CRITICAL
19,11,1,1,2.1027672890714557,4,5.280163553611595,1,100.0,CRITICAL
12,11,1,6,8.97191177215671,1,0.5565583562958683,0,100.0,CRITICAL
5,3,0,3,9.938313698831893,2,1.7479972388815082,1,100.0,CRITICAL
17,15,14,6,9.740184286876747,2,12.817744510071833,0,100.0,CRITICAL
19,2,1,4,8.911910996374315,0,17.523936063320203,1,100.0,CRITICAL
11,6,3,4,0.6311654783763354,0,11.507369076422474,1,100.0,CRITICAL
2,1,1,8,6.271805888470391,5,9.262674527629464,1,100.0,CRITICAL
6,4,4,4,4.399617123902534,2,4.961276383308715,0,100.0,CRITICAL
3,0,0,7,2.7929706346353034,1,5.677826390133958,0,72.26892016870538,HIGH
15,13,12,6,3.155172386776963,4,13.977511888818245,1,100.0,CRITICAL
18,12,11,3,9.43080982764972,1,20.538343136892188,1,100.0,CRITICAL
17,7,3,7,9.520232603210015,3,9.709684343692304,0,100.0,CRITICAL
15,2,0,6,1.012608968684332,3,22.5510629367503,1,100.0,CRITICAL
2,1,1,3,2.036701163247454,3,1.2508529752266782,1,75.20489410102243,CRITICAL
5,2,0,5,9.179676148498729,5,19.90105490068327,1,100.0,CRITICAL
5,0,0,6,6.139249466556298,5,8.128334980403213,0,100.0,CRITICAL
9,4,3,9,7.062920482543592,1,20.85041835183987,1,100.0,CRITICAL
6,1,1,6,3.4751253372261317,0,22.065999203267378,1,100.0,CRITICAL
19,3,1,7,2.413031032337752,5,16.80980239774833,1,100.0,CRITICAL
10,6,5,8,4.454805795865991,2,8.521277445347796,0,100.0,CRITICAL
19,0,0,4,3.4075444215481063,2,10.966425397342032,1,100.0,CRITICAL
19,0,0,1,9.445344196881068,5,13.242628707911525,1,100.0,CRITICAL
16,8,5,9,1.6491573735206944,1,11.089917901892765,0,100.0,CRITICAL
12,2,2,4,9.917158222559296,1,18.98771453507325,0,100.0,CRITICAL
9,0,0,6,9.06455268530643,4,18.516678916017575,1,100.0,CRITICAL
3,2,2,2,5.711531664831197,3,0.3037301514394244,1,100.0,CRITICAL
17,12,11,9,3.4242604352142267,1,3.6398850894441654,0,100.0,CRITICAL
10,6,6,4,7.236442733501897,4,8.725171896806069,0,100.0,CRITICAL
18,6,0,5,4.806644772213335,4,16.138199249139742,1,100.0,CRITICAL
7,5,4,5,3.7493579507874952,5,5.512750596991791,0,100.0,CRITICAL
7,5,4,3,3.32523168781338,0,7.746944923346243,0,100.0,CRITICAL
9,1,1,2,0.8017541281910368,5,11.089920222587411,0,100.0,CRITICAL
16,12,2,3,4.3468049505236115,3,14.14933054397703,0,100.0,CRITICAL
11,7,7,0,2.47839057821024,2,21.64311483853534,0,100.0,CRITICAL
9,2,0,7,0.19483429255678253,1,19.31118308423162,0,100.0,CRITICAL
1,0,0,2,2.333022811757086,0,8.621219571456496,1,56.295072370975156,HIGH
12,12,6,3,2.3476618350613023,0,18.431612697883363,1,100.0,CRITICAL
3,2,2,8,3.0222606995834367,4,19.983791777485003,1,100.0,CRITICAL
19,11,2,9,9.453576565730991,5,12.536097769190025,1,100.0,CRITICAL
8,4,4,8,8.996493305124071,5,7.105015416408584,0,100.0,CRITICAL
7,5,1,5,0.32016697395907845,2,22.633729250364265,0,100.0,CRITICAL
5,1,0,3,2.3818209156416117,0,23.094061498228385,1,99.08182451791171,CRITICAL
5,3,3,7,4.422579635768798,3,5.390188811019713,1,100.0,CRITICAL
5,1,0,6,2.77781843806413,0,18.841586641342616,1,93.25284867068571,CRITICAL
12,11,3,5,3.9524230157322093,4,1.0021118067172354,1,100.0,CRITICAL
5,0,0,5,8.306179070890343,0,0.05727945587566463,0,82.24278653918786,CRITICAL
7,5,1,8,5.692812595229623,4,8.437758558326433,0,100.0,CRITICAL
1,0,0,3,4.193005651557588,0,11.100922710238923,0,79.50731965266667,CRITICAL
19,17,2,5,4.858430031166259,3,13.112077211067014,0,100.0,CRITICAL
2,2,0,1,2.747127272387546,1,9.078348343562208,1,57.67864730169383,HIGH
12,6,6,8,2.10006357006037,1,3.091149735676505,1,100.0,CRITICAL
10,3,2,6,2.1238554020423415,0,8.274996715113808,0,100.0,CRITICAL
16,7,2,7,7.986120700441869,2,19.723819035800787,0,100.0,CRITICAL
11,0,0,1,1.9344920343304706,5,8.057038933195306,1,100.0,CRITICAL
18,9,9,4,9.111672769074366,1,14.215286746443873,0,100.0,CRITICAL
12,3,0,8,4.493528623221237,0,16.34104007021836,1,100.0,CRITICAL
9,0,0,2,5.3346959756668655,1,17.57848549181011,0,100.0,CRITICAL
7,6,1,6,6.109746629499023,4,11.711689327209013,0,100.0,CRITICAL
7,0,0,4,3.0624646386288745,0,3.0170922633254484,1,62.611805445950736,HIGH
13,0,0,5,8.955616796978232,0,21.612197489473704,1,100.0,CRITICAL
13,7,1,4,6.08321770005955,1,6.247412505745088,1,100.0,CRITICAL
5,1,1,5,8.995024156197816,3,8.134941346303084,0,100.0,CRITICAL
14,10,7,8,5.075008023128489,5,18.570679388366834,0,100.0,CRITICAL
16,5,4,6,0.3896690899363886,0,18.324571580984845,0,100.0,CRITICAL
13,5,2,0,0.31147603074868857,0,21.51326144354301,0,100.0,CRITICAL
12,7,1,8,3.0769172214409855,3,0.8099560453668682,0,100.0,CRITICAL
1,0,0,1,8.473265133847093,3,20.98825558296428,1,100.0,CRITICAL
8,0,0,3,2.6644575631520437,3,19.013411382740276,0,100.0,CRITICAL
8,8,2,3,4.84437010695498,5,12.602274878636432,1,100.0,CRITICAL
15,10,1,4,2.015411638608595,2,3.8276604260648472,0,100.0,CRITICAL
3,1,1,9,7.500548862232864,2,13.079848939544158,1,100.0,CRITICAL
8,2,0,3,6.697495001402418,5,4.654640756773708,0,100.0,CRITICAL
18,12,3,7,9.024997271674625,3,23.158969849372596,0,100.0,CRITICAL
7,0,0,8,3.550691321528615,2,17.011497898236208,1,100.0,CRITICAL
12,3,3,1,9.848912815755186,3,14.309666557457945,1,100.0,CRITICAL
15,4,3,8,8.77668011476941,4,19.520726806193206,1,100.0,CRITICAL
8,3,0,1,4.484418742111381,5,12.7787331349823,1,100.0,CRITICAL
16,6,4,2,8.60275103292819,4,1.4462359564431102,0,100.0,CRITICAL
5,5,2,5,4.248241317451205,0,6.216709838093968,0,100.0,CRITICAL
5,4,4,8,7.875110531469346,5,23.56050124221183,0,100.0,CRITICAL
9,9,3,6,3.600709616016582,0,20.419511665169466,1,100.0,CRITICAL
13,4,4,7,2.553173570086833,3,22.25867585437677,1,100.0,CRITICAL
15,12,6,1,7.376135256258847,3,2.3479442724216986,0,100.0,CRITICAL
8,2,1,8,9.646003757569684,2,5.951960869756821,0,100.0,CRITICAL
12,8,7,5,7.264407312309279,0,1.5177706946363063,0,100.0,CRITICAL
9,2,1,2,9.764305419736282,2,19.731944729846347,1,100.0,CRITICAL
15,2,0,1,9.205335244914268,1,4.1736087639526,0,100.0,CRITICAL
15,2,1,1,4.262948994906674,3,9.841265659938623,0,100.0,CRITICAL
13,11,7,9,5.050263353011951,0,6.468048140661006,0,100.0,CRITICAL
15,13,8,8,1.9042699627025161,0,22.328579175715554,1,100.0,CRITICAL
5,1,0,3,4.391807285352601,2,14.601124789212571,0,100.0,CRITICAL
10,3,3,7,7.672041198280592,4,19.188103165018173,0,100.0,CRITICAL
12,12,8,6,5.224844681564998,3,14.451386874476706,0,100.0,CRITICAL
17,10,6,4,9.734420083574875,3,14.701217665182233,0,100.0,CRITICAL
9,0,0,3,1.1492854989290002,3,9.18991624141471,1,88.46151205163714,CRITICAL
5,2,2,5,5.077406598380989,4,5.736007458690244,1,100.0,CRITICAL
9,3,2,9,5.321118575781534,5,8.361287201410422,0,100.0,CRITICAL
5,5,3,7,1.4882257338910698,3,7.076642693521212,0,100.0,CRITICAL
14,1,0,4,7.97067874644079,4,16.58942999979277,1,100.0,CRITICAL
7,6,6,1,8.181438462172721,4,10.141541218927502,1,100.0,CRITICAL
9,2,0,3,8.973896672374794,2,13.20393184851195,1,100.0,CRITICAL
12,7,4,0,9.370385470093316,3,18.502595823092637,1,100.0,CRITICAL
5,1,0,8,7.474333879905912,4,6.397322343588659,1,100.0,CRITICAL
7,0,0,5,8.417418472388581,4,10.167591002589464,0,100.0,CRITICAL
5,3,0,6,0.7299223482932315,2,12.467692863043762,1,100.0,CRITICAL
17,13,3,0,3.838195782544865,3,1.2913721256385653,1,100.0,CRITICAL
11,7,1,4,2.8498390863184397,1,3.652479725149048,1,100.0,CRITICAL
5,3,2,8,7.938623462255405,5,1.5242548763361166,1,100.0,CRITICAL
4,4,1,0,3.0854822473497356,4,18.05416183750222,0,100.0,CRITICAL
1,1,0,0,5.010496494600759,0,7.197803747892077,1,65.96964368625862,HIGH
1,1,1,1,4.237817754705594,5,10.14224328507351,0,100.0,CRITICAL
14,3,0,2,7.585091410318475,2,16.135786728151285,1,100.0,CRITICAL
9,4,4,5,5.767528522927111,5,23.195268860686408,1,100.0,CRITICAL
1,0,0,5,3.946763136533108,2,19.46509453615225,1,95.05797910724255,CRITICAL
8,6,5,9,1.310280065556244,2,1.3871902871174822,0,100.0,CRITICAL
13,5,0,9,1.6329748850164838,3,7.337614187007629,1,100.0,CRITICAL
9,3,3,0,7.215041801609283,1,1.1778528588658626,0,100.0,CRITICAL
15,3,2,2,0.3351111645924487,0,1.4800395921843972,1,83.8826745284298,CRITICAL
11,2,0,8,4.38516428448854,5,3.05894487470367,0,100.0,CRITICAL
4,3,0,7,7.299220311086897,5,7.705963433340783,1,100.0,CRITICAL
8,0,0,8,3.648181493523539,5,5.5559802659183255,0,100.0,CRITICAL
13,5,2,7,6.506667368651153,2,8.4521927443249,1,100.0,CRITICAL
17,4,3,8,7.689665350821126,4,19.72824007395803,0,100.0,CRITICAL
4,1,1,6,8.800529413983014,1,19.144427179217463,1,100.0,CRITICAL
10,0,0,9,2.243743956613206,1,8.417733290747965,0,100.0,CRITICAL
2,1,1,8,7.042524358429691,2,15.835709860839419,1,100.0,CRITICAL
15,14,3,2,5.58771169861634,0,8.943928277129798,1,100.0,CRITICAL
18,14,11,5,4.590560248669734,2,9.262968592186414,0,100.0,CRITICAL
14,6,2,5,4.1850386987562445,0,16.217337992478207,1,100.0,CRITICAL
3,0,0,0,8.72841978403841,2,9.223720453610742,1,81.81742296926248,CRITICAL
1,1,1,9,1.792556191827691,2,13.182234379042438,1,100.0,CRITICAL
3,1,1,9,7.784277474218072,2,2.7654233663166554,1,100.0,CRITICAL
13,4,1,6,0.7653444657815389,3,12.931517029827312,0,100.0,CRITICAL
8,4,2,2,5.478336371776191,2,17.80798701659485,0,100.0,CRITICAL
17,5,5,1,1.5997110177489593,1,21.3209175844412,0,100.0,CRITICAL
16,1,1,6,4.595128770842582,4,3.5342099101701576,0,100.0,CRITICAL
16,9,1,9,4.824159063442549,5,9.857060913385443,1,100.0,CRITICAL
12,5,2,3,7.320577738315974,5,11.668428618895355,1,100.0,CRITICAL
19,3,0,6,2.0899594611372816,4,21.715488184089907,1,100.0,CRITICAL
16,13,10,0,2.950017112100727,2,6.1778017816465,0,100.0,CRITICAL
15,2,1,9,5.009606039397657,3,3.9759120186421812,0,100.0,CRITICAL
9,6,6,7,7.564703305199963,2,3.3957788711180283,0,100.0,CRITICAL
16,14,10,1,5.444756873975116,2,3.7171100596546376,1,100.0,CRITICAL
2,0,0,7,7.940419335467789,0,20.868579053237216,1,100.0,CRITICAL
10,9,9,7,6.546603339824878,5,14.875373428626013,1,100.0,CRITICAL
12,2,0,8,9.19148449382429,5,10.097464715742873,1,100.0,CRITICAL
18,15,15,3,6.687717075702007,1,20.80170972081538,0,100.0,CRITICAL
18,7,2,0,3.464193074835765,5,7.15268952288531,0,100.0,CRITICAL
4,4,1,9,1.0078916747915656,0,22.26864635074509,0,100.0,CRITICAL
2,2,1,7,7.043134825056291,5,18.21256534504393,1,100.0,CRITICAL
7,2,1,8,9.825329123613393,4,0.4939054163798735,1,100.0,CRITICAL
19,15,9,8,4.876178212188877,5,11.1031966700356,0,100.0,CRITICAL
11,10,4,5,1.3510569421190932,3,20.219206695130726,1,100.0,CRITICAL
13,13,13,7,3.203298896805886,0,9.507464903603664,0,100.0,CRITICAL
17,15,1,7,4.103035685253815,1,23.6914493569315,0,100.0,CRITICAL
10,8,7,4,1.37398557053385,1,20.318051489410273,1,100.0,CRITICAL
16,2,1,3,3.3209362347302376,1,18.073226478739187,1,100.0,CRITICAL
16,2,1,9,7.988205986662375,4,3.2521830603017827,1,100.0,CRITICAL
16,0,0,9,3.1710789290993113,0,2.5887943767101103,0,100.0,CRITICAL
19,11,8,1,9.986442071018724,1,15.388547998179845,1,100.0,CRITICAL
13,6,6,2,2.908789127192186,4,15.874207129419556,0,100.0,CRITICAL
11,10,2,2,0.9918479960241711,3,3.5404319588844126,1,100.0,CRITICAL
12,12,0,5,7.882121614380239,2,20.495166301883238,1,100.0,CRITICAL
17,13,10,6,1.2104379793086784,3,20.969537253007896,0,100.0,CRITICAL
15,15,5,5,0.47609967515893525,0,9.998201426854022,1,100.0,CRITICAL
3,1,0,0,3.960869287693305,3,14.58553690245927,1,90.77548031364144,CRITICAL
9,5,3,6,9.016350491745616,5,12.257658145943903,1,100.0,CRITICAL
10,5,2,8,5.704680950711963,4,0.8559024220590477,1,100.0,CRITICAL
12,6,6,7,9.177899724441332,0,2.1699252630108834,1,100.0,CRITICAL
9,5,2,4,8.734309428128308,1,18.714633763587877,0,100.0,CRITICAL
5,3,0,3,0.759562993716647,4,11.719535526825435,0,100.0,CRITICAL
2,0,0,4,0.5574046634463048,5,14.661637417357124,0,100.0,CRITICAL
13,4,4,2,2.9781636401045573,0,14.708807892668602,1,100.0,CRITICAL
11,11,4,8,8.831187625258952,5,9.110873623874044,0,100.0,CRITICAL
9,0,0,4,5.049874831423921,5,0.7059028809282868,1,100.0,CRITICAL
8,0,0,6,9.579264907507248,0,18.885832479897434,0,100.0,CRITICAL
15,14,0,6,2.9859060855931285,4,11.24256130214011,1,100.0,CRITICAL
16,0,0,0,4.463671171354213,3,3.3337656742777826,0,100.0,CRITICAL
10,1,1,5,0.2591126273865896,3,0.5058059739105705,0,97.95622735090679,CRITICAL
2,1,0,3,8.736947105952192,1,0.4205035171627367,0,84.92931871535224,CRITICAL
15,6,6,2,1.5996793024271427,5,0.8003322547356975,1,100.0,CRITICAL
18,12,0,2,9.86520440176992,0,3.7205664132561704,0,100.0,CRITICAL
13,4,3,5,3.0448651341479236,3,5.555185126329298,0,100.0,CRITICAL
5,1,1,0,9.452565745285439,0,5.931442383678424,1,87.02800869321871,CRITICAL
19,5,1,4,6.7031733154941975,3,15.171080025852111,1,100.0,CRITICAL
1,0,0,3,5.749049315521572,4,5.797540518247038,0,96.95908023727195,CRITICAL
3,3,1,9,1.2023831264609175,5,16.174972810997822,1,100.0,CRITICAL
10,8,4,7,1.0413414544562793,4,19.760340070029166,0,100.0,CRITICAL
15,9,6,8,2.6589112815607785,3,9.234952220317762,0,100.0,CRITICAL
16,3,1,7,3.575158417409688,4,17.240478380828154,1,100.0,CRITICAL
4,4,3,6,6.1695759455235475,5,2.4990768983212606,0,100.0,CRITICAL
3,1,0,2,1.6783193857209322,0,7.8701846834367,0,57.82964597479081,HIGH
5,3,3,7,6.925426678108889,5,16.383303337525586,0,100.0,CRITICAL
3,0,0,0,0.5609169661000035,4,22.362840978246734,0,91.24099098315418,CRITICAL
8,1,0,3,8.651171817496778,1,14.773267963377755,0,100.0,CRITICAL
6,4,2,2,8.770914359390812,3,8.732079493781315,1,100.0,CRITICAL
15,3,2,2,8.961507534030414,1,7.52856510761025,1,100.0,CRITICAL
6,6,5,1,4.245879680921013,5,9.397191885714545,1,100.0,CRITICAL
7,2,2,6,1.3021871679690833,4,15.669585419239091,1,100.0,CRITICAL
8,1,1,9,5.096094004204619,3,7.847779230210997,1,100.0,CRITICAL
16,4,3,2,7.584187631506904,3,11.279950866283652,1,100.0,CRITICAL
13,4,0,6,2.689981679937292,0,18.216016868894023,1,100.0,CRITICAL
5,4,4,1,6.670200439423503,0,5.706687172697353,1,100.0,CRITICAL
2,2,1,2,0.1878067925690763,4,17.196241044787044,1,100.0,CRITICAL
14,9,0,2,8.12663484220488,0,18.275015668183233,0,100.0,CRITICAL
18,13,8,6,2.1767652518303295,0,20.72819260363407,0,100.0,CRITICAL
18,14,6,9,9.123926430424433,1,0.5728802293107265,1,100.0,CRITICAL
18,10,9,3,5.424439883174771,1,2.7302731578295374,0,100.0,CRITICAL
15,13,9,9,3.7546247561504287,1,22.91610125874096,1,100.0,CRITICAL
5,2,2,6,7.372640438731218,4,3.0187534189885232,1,100.0,CRITICAL
2,0,0,2,3.1303422354430586,5,11.708870559441674,1,89.21387968110986,CRITICAL
11,2,0,9,7.150871388174655,5,4.006788541008536,0,100.0,CRITICAL
10,0,0,8,3.125540165452203,5,19.485310519209705,0,100.0,CRITICAL
5,4,3,1,8.472941342887195,3,2.316078410671026,1,100.0,CRITICAL
2,1,0,2,9.811028812765892,2,2.0548037751445145,1,97.09175327437649,CRITICAL
12,9,5,5,6.577855931038158,4,12.112877805269424,0,100.0,CRITICAL
17,17,8,5,5.380430103945839,3,5.716304104623493,0,100.0,CRITICAL
5,4,3,5,4.598934604692127,0,15.877347402518827,0,100.0,CRITICAL
18,3,3,9,9.291885193373636,4,16.435141812303012,0,100.0,CRITICAL
16,13,12,7,4.37747555872659,3,14.065166192048713,0,100.0,CRITICAL
8,7,2,7,8.100926062351304,4,20.031226124725713,0,100.0,CRITICAL
4,2,0,5,0.038699232625177826,0,16.736430038468267,1,85.841068884925,CRITICAL
4,4,3,7,8.924347003813187,0,4.500404163024168,0,100.0,CRITICAL
4,2,2,0,3.8674442540824447,4,1.8817781819359851,1,100.0,CRITICAL
17,7,5,6,2.7850530830551143,5,17.94630401491486,1,100.0,CRITICAL
10,1,0,2,1.5087732126117592,4,17.760516707772638,1,100.0,CRITICAL
1,0,0,2,0.7151549120076273,2,20.407748789459102,0,84.49882704719491,CRITICAL
18,3,3,8,8.822169342231337,1,4.856297578025283,0,100.0,CRITICAL
15,9,6,0,3.3169940588307165,3,5.355551013190942,1,100.0,CRITICAL
10,2,2,8,9.724570977925973,5,13.840109708539341,0,100.0,CRITICAL
16,11,4,4,4.209418085822358,0,3.734863655610531,0,100.0,CRITICAL
4,2,2,8,9.477535788961388,0,7.112107294324969,0,100.0,CRITICAL
18,3,1,0,6.582980589984118,3,19.498336469369757,0,100.0,CRITICAL
11,2,0,5,1.54022050727044,5,8.021093268322662,1,100.0,CRITICAL
8,1,0,0,3.0597770432645177,4,0.27188928400383894,0,73.84745736710389,HIGH
1,1,0,0,9.409632670649392,2,15.619831799605343,1,100.0,CRITICAL
2,2,1,4,4.291376235611488,5,4.334068331539573,1,100.0,CRITICAL
17,1,1,4,0.5612952364801715,3,4.699977552098587,1,100.0,CRITICAL
19,6,6,0,3.4029139365022942,4,0.39671103992964607,1,100.0,CRITICAL
10,10,0,1,8.762428335270426,0,13.872768917734051,1,100.0,CRITICAL
8,5,1,2,9.975600426434678,4,13.485699154993373,1,100.0,CRITICAL
9,2,2,2,0.2964841894913317,1,2.314462416896556,1,93.50511736470945,CRITICAL
10,2,0,6,4.710339203490595,2,1.2103353319226615,1,100.0,CRITICAL
5,4,2,1,2.459735225672425,1,11.780065778357422,1,100.0,CRITICAL
9,3,2,2,9.815733140204397,1,18.750970021386458,0,100.0,CRITICAL
11,10,8,0,3.8400286192186286,4,22.889812116257744,1,100.0,CRITICAL
18,1,0,0,9.33629087810002,4,1.8036961570403474,0,100.0,CRITICAL
1,0,0,0,6.106185292293707,5,16.996129282223613,1,100.0,CRITICAL
16,4,3,0,8.91826015260855,5,4.594727012994579,0,100.0,CRITICAL
10,9,0,3,9.491177138956006,3,0.8154196876308317,1,100.0,CRITICAL
18,5,1,0,1.048726858584419,5,8.034513180687455,1,100.0,CRITICAL
1,1,0,3,2.017374009720002,0,13.773151805289798,0,81.7924802110342,CRITICAL
6,4,2,5,2.6534828259611967,2,14.432448352570969,0,100.0,CRITICAL
1,0,0,2,5.351791597330053,1,1.1808461923508036,1,56.55249796191231,HIGH
3,0,0,2,2.4120152530312575,4,22.267130941570507,0,100.0,CRITICAL
13,9,9,4,9.337739406779399,0,1.3101231024466626,1,100.0,CRITICAL
12,11,11,9,1.8079385394855507,3,5.212604913351683,1,100.0,CRITICAL
14,5,2,1,1.7101947419624786,4,10.380111902560945,1,100.0,CRITICAL
17,10,1,3,1.5162865226552569,3,22.69565619294455,0,100.0,CRITICAL
16,8,6,0,4.359912334261157,5,23.789579193938614,1,100.0,CRITICAL
13,11,11,9,0.4522959663412329,5,0.008442440966902609,1,100.0,CRITICAL
4,3,0,8,6.800689722753611,5,5.388377528004398,1,100.0,CRITICAL
15,5,3,2,2.486970584176932,4,12.032412871832594,1,100.0,CRITICAL
9,5,2,7,9.33471909513081,5,16.66549450357178,1,100.0,CRITICAL
17,12,7,3,1.7975787359683204,2,15.76191043159967,0,100.0,CRITICAL
11,1,1,5,0.7885217062942096,1,6.036260487146958,0,98.66718672850878,CRITICAL
7,7,5,9,4.024448256523208,3,4.740326625164446,1,100.0,CRITICAL
7,0,0,3,2.4526227205753215,3,0.3425736233925907,1,80.22111729458692,CRITICAL
4,1,0,3,8.690934414428714,3,20.228637289540018,1,100.0,CRITICAL
8,4,3,5,5.203557860826957,4,9.091128579555232,0,100.0,CRITICAL
19,1,0,7,4.76720114292141,3,20.744179010256424,1,100.0,CRITICAL
14,8,7,8,7.782532081609689,4,7.768942740080899,0,100.0,CRITICAL
4,1,1,1,6.526387443949316,4,18.144834917611654,0,100.0,CRITICAL
17,0,0,5,0.09622296710474654,5,1.671865447327809,0,100.0,CRITICAL
18,13,4,0,6.854480653944199,2,19.47457804803792,1,100.0,CRITICAL
15,2,2,6,7.12397407496108,5,21.384296399558618,1,100.0,CRITICAL
5,2,2,9,1.743515758128984,4,6.357128181153555,1,100.0,CRITICAL
15,5,3,2,7.093816876915313,5,3.404758842247091,1,100.0,CRITICAL
4,2,1,8,9.938512919031721,0,4.7074764257573865,0,100.0,CRITICAL
4,1,1,5,2.9405550266631963,3,20.826831070863552,0,100.0,CRITICAL
12,8,6,8,0.38572023310572967,1,6.86893779349296,1,100.0,CRITICAL
18,1,1,5,8.504183252350728,3,5.552507965380842,1,100.0,CRITICAL
19,16,4,3,2.0491681952370087,0,23.493193478498057,1,100.0,CRITICAL
18,2,0,5,7.784120312796028,5,16.08026673200846,1,100.0,CRITICAL
1,0,0,0,4.070602331450187,4,19.973401030689672,1,92.33630032869824,CRITICAL
4,2,0,9,9.038368276278195,5,17.929310606938692,1,100.0,CRITICAL
15,8,3,7,9.419775063723053,2,8.97632791281145,1,100.0,CRITICAL
6,6,2,9,3.9606981331327598,4,20.70591323129887,1,100.0,CRITICAL
2,0,0,7,9.808760520856255,2,14.116057629703814,0,100.0,CRITICAL
2,2,2,2,0.2777357304408201,1,15.777518332393605,1,87.96037422009664,CRITICAL
2,2,1,4,5.6901143994753856,3,7.825873533721637,1,100.0,CRITICAL
11,10,1,4,7.387781554897936,4,23.54793317849139,1,100.0,CRITICAL
8,2,0,2,4.277732806733527,2,20.51044500960887,0,100.0,CRITICAL
17,17,1,5,6.58728629173231,2,3.5547464071646493,0,100.0,CRITICAL
12,4,0,8,3.0740616030543566,0,4.8930513479738575,0,100.0,CRITICAL
4,0,0,2,0.7741039509371805,0,17.96600887064527,0,83.45342093109801,CRITICAL
1,0,0,8,8.349100034951585,3,0.6180423761814211,1,92.5707694146893,CRITICAL
10,7,1,7,2.9636086862240374,2,8.050810231205958,1,100.0,CRITICAL
7,7,2,4,1.9564712856537747,1,12.780444762784327,1,100.0,CRITICAL
16,7,5,8,1.998786654652276,2,4.91786628950997,1,100.0,CRITICAL
17,13,8,6,8.22560413246096,2,20.955627056935242,1,100.0,CRITICAL
6,5,2,2,0.657369845114214,4,21.342435696803697,1,100.0,CRITICAL
1,0,0,9,4.978949193868317,4,22.964307533048363,1,100.0,CRITICAL
11,6,3,1,1.943024929361531,0,3.5119413731216396,0,100.0,CRITICAL
13,10,8,4,6.517705935531975,4,1.902900968758411,1,100.0,CRITICAL
13,9,1,2,7.990067244673912,2,13.34626820234899,0,100.0,CRITICAL
9,4,3,9,5.616503728280426,4,19.01839034781384,0,100.0,CRITICAL
3,1,1,8,6.1487428969833555,0,6.985399329289768,1,100.0,CRITICAL
2,2,1,9,6.234612807477269,3,5.783317621070481,1,100.0,CRITICAL
1,0,0,6,5.730057927438139,5,12.425298462257334,1,100.0,CRITICAL
7,1,0,9,2.1907309903870087,1,11.56934276682785,1,100.0,CRITICAL
10,2,2,9,6.535102478538679,5,11.50920041108525,0,100.0,CRITICAL
2,0,0,7,7.7422659459651735,5,9.726647938403389,1,100.0,CRITICAL
4,1,0,5,8.241216919100902,2,17.449381065572375,1,100.0,CRITICAL
16,0,0,8,0.7937305198040678,1,14.752577566483474,0,100.0,CRITICAL
8,0,0,5,3.977073153935735,5,11.707566836152154,0,100.0,CRITICAL
12,9,3,2,3.69215578406095,5,17.296811871995587,0,100.0,CRITICAL
5,5,3,1,9.234610138072519,3,6.28070618583501,0,100.0,CRITICAL
3,3,0,0,6.594603455604583,2,21.404082615839044,1,100.0,CRITICAL
1,1,1,8,4.7277709418862734,1,9.220024041735503,0,100.0,CRITICAL
14,14,12,5,9.59655701080885,3,7.862224152474574,0,100.0,CRITICAL
19,12,2,3,1.6080169779436704,2,13.014598879156551,0,100.0,CRITICAL
16,14,4,4,3.6154729479526915,3,6.489825745568329,0,100.0,CRITICAL
9,6,4,7,6.290597035829558,5,6.4497641843541,1,100.0,CRITICAL
5,4,3,0,5.1010914861606595,2,1.8689913474025408,0,100.0,CRITICAL
4,1,0,7,5.905842774250799,2,15.646537251782522,0,100.0,CRITICAL
6,4,1,6,7.616620571619065,5,21.905528751553796,1,100.0,CRITICAL
12,11,9,8,6.960894862052144,3,16.446325294356217,0,100.0,CRITICAL
14,1,1,3,6.571199712278516,0,13.625698733154886,0,100.0,CRITICAL
14,13,6,4,7.1533254078661646,1,17.08292693805713,0,100.0,CRITICAL
6,0,0,7,7.81532134137408,0,23.194820258743604,0,100.0,CRITICAL
5,0,0,2,2.1049375885822883,4,8.075849812452137,0,91.35269517380405,CRITICAL
2,2,1,9,6.881807456913931,1,10.33657338539943,1,100.0,CRITICAL
3,1,1,0,6.644826379505454,2,6.869242123201026,0,87.52918598100698,CRITICAL
9,0,0,0,7.050116703665541,5,0.4013053839355818,1,99.68027594977345,CRITICAL
7,4,4,9,2.4443248664073347,1,8.338237161035238,0,100.0,CRITICAL
12,11,10,5,2.812414378612187,1,1.7187733128299714,0,100.0,CRITICAL
18,15,14,1,7.709135419654967,4,20.601570341932486,1,100.0,CRITICAL
13,5,4,8,3.7799807420489007,5,17.174620650747315,1,100.0,CRITICAL
1,0,0,4,9.230228261712865,0,7.296753821564867,1,90.74735805419354,CRITICAL
1,0,0,8,1.1370825069361368,2,7.870671843220813,0,72.52540105796109,HIGH
1,1,1,7,1.7247966327472897,1,13.670478574473456,1,90.9009915852041,CRITICAL
7,6,0,7,1.8534918164786174,0,19.152766018410848,0,100.0,CRITICAL
9,9,8,4,2.8547298956207734,4,17.248975102545483,1,100.0,CRITICAL
1,0,0,1,9.006334398029658,0,0.691635068941312,1,37.5344762652913,MEDIUM
15,4,4,5,3.766087387162539,4,18.84710501147837,1,100.0,CRITICAL
12,9,0,4,4.614213168752884,5,21.152011457614275,1,100.0,CRITICAL
4,0,0,2,4.2278566481511834,1,2.1573553961595318,0,70.18250086243556,HIGH
10,8,2,9,8.068646761740613,2,18.48143350470476,1,100.0,CRITICAL
18,17,7,8,3.7630654219425477,0,6.041498042432503,1,100.0,CRITICAL
19,6,2,6,8.324980358247812,4,4.169001455616593,1,100.0,CRITICAL
5,2,0,8,4.8195079344690415,2,13.053036810050095,0,100.0,CRITICAL
2,1,1,9,2.4331493694033393,1,13.26412503113227,1,100.0,CRITICAL
7,5,0,3,4.307956661090751,0,11.301044580360148,0,100.0,CRITICAL
6,4,3,2,3.9668208498157655,3,21.643276171380784,0,100.0,CRITICAL
16,5,2,1,2.4162027385694094,2,5.798774132361154,0,100.0,CRITICAL
15,13,13,4,1.2241903394739695,0,14.461050194987916,1,100.0,CRITICAL
9,9,6,0,8.413240330396853,4,9.836813106846156,1,100.0,CRITICAL
7,4,1,5,5.155955270974417,3,20.970695948247066,1,100.0,CRITICAL
10,8,5,1,2.428052316677558,2,3.187563361466988,1,100.0,CRITICAL
2,0,0,8,4.261327477951307,5,1.9899666556210214,1,100.0,CRITICAL
3,3,0,4,6.0586354963863345,5,23.826244780354948,1,100.0,CRITICAL
19,16,12,1,7.197384268660612,3,13.852886685098671,1,100.0,CRITICAL
3,1,0,3,6.201243776976946,2,21.88660242429274,1,100.0,CRITICAL
8,8,7,5,2.3397651244195616,5,9.797211086554906,1,100.0,CRITICAL
5,1,1,3,1.103995401526795,1,14.503086823609554,1,100.0,CRITICAL
12,4,1,4,0.7375866929512231,5,16.65815631195869,1,100.0,CRITICAL
11,5,2,3,1.0802284050473632,4,23.66671134050595,1,100.0,CRITICAL
4,1,0,3,3.457620587782401,4,2.705724174444077,1,90.10450085254936,CRITICAL
4,4,2,2,3.5496016961627372,1,2.9947394094111237,0,100.0,CRITICAL
1,0,0,8,9.782044839776283,2,12.55688367080805,0,100.0,CRITICAL
7,3,2,2,0.2260587599211561,2,1.3392045252015379,0,100.0,CRITICAL
2,1,1,3,6.322786764574843,4,17.459514874761602,0,100.0,CRITICAL
1,0,0,7,5.111662761253446,0,23.77813214836313,1,100.0,CRITICAL
19,7,7,4,1.4567926339154724,5,19.474458673614546,0,100.0,CRITICAL
17,16,8,6,9.486866258703559,2,6.379412015372331,0,100.0,CRITICAL
11,10,8,5,8.110184799986605,1,19.189472205095754,1,100.0,CRITICAL
5,1,0,0,2.2085365097509113,4,15.06903107874637,0,100.0,CRITICAL
6,3,1,1,2.91944079111907,1,2.866074350717283,0,100.0,CRITICAL
6,1,0,9,2.000627440678253,1,13.582179611300113,1,91.53369732683785,CRITICAL
17,4,2,4,3.084334322219051,2,21.522638454722546,1,100.0,CRITICAL
10,1,0,9,2.279230436663273,5,6.958150476533693,0,100.0,CRITICAL
10,8,4,2,2.5783989655786166,1,15.818580390024758,0,100.0,CRITICAL
9,8,7,7,5.165938841900091,4,0.9975535644121152,0,100.0,CRITICAL
18,9,2,7,3.3753200393366978,0,20.02116726242051,0,100.0,CRITICAL
13,4,0,1,4.8983796981455265,4,4.9424965560465655,1,100.0,CRITICAL
8,4,4,5,0.3066941961759695,3,14.607005671053933,1,100.0,CRITICAL
11,3,0,6,7.414869914133807,4,12.580642605642101,0,100.0,CRITICAL
7,0,0,6,9.282788116157457,3,13.155127509100357,1,100.0,CRITICAL
7,1,1,2,9.964502305410143,2,6.089682909648294,1,100.0,CRITICAL
3,3,0,8,2.005914662736974,3,13.418688121551092,0,100.0,CRITICAL
16,2,2,6,3.8402295101033346,0,14.466032568530945,0,100.0,CRITICAL
13,3,3,0,9.736620272159492,2,10.21096075334184,0,100.0,CRITICAL
18,6,1,8,2.1212410973042815,0,15.198073120430834,0,100.0,CRITICAL
18,10,6,5,5.394608148515792,3,4.597771811642159,0,100.0,CRITICAL
12,3,0,5,7.9928028658595975,2,12.302286233382086,0,100.0,CRITICAL
13,8,6,6,0.2849509737196698,3,17.203237782354762,1,100.0,CRITICAL
3,3,0,1,1.0508830697571547,1,8.831902131420755,0,75.23644525228973,CRITICAL
3,3,1,1,1.9655978678155184,0,9.867512270306413,0,70.45105743880248,HIGH
2,1,0,3,4.555590412468753,1,3.9408954753372205,1,61.74291221547617,HIGH
7,0,0,1,0.15209370931765331,0,14.794778745002796,0,74.412563626976,HIGH
2,0,0,6,4.312668580391855,0,2.9644609324186666,1,47.73775009454674,MEDIUM
6,5,4,9,1.6151423301034795,2,12.019396791238162,0,100.0,CRITICAL
13,0,0,8,8.497384732413462,5,5.05010431668318,1,100.0,CRITICAL
11,0,0,1,4.863393790305894,1,4.659082849297886,0,88.33533874391307,CRITICAL
5,5,4,0,0.7120933276264563,3,2.299909544257205,0,100.0,CRITICAL
7,7,0,0,4.628371911719502,2,8.577549053825315,0,100.0,CRITICAL
11,8,7,1,4.802475007164072,5,20.81785505357724,0,100.0,CRITICAL
7,6,0,2,2.996931332665956,0,14.517912145315126,0,100.0,CRITICAL
8,5,5,0,3.6776663983437583,3,18.698624242884037,1,100.0,CRITICAL
4,0,0,7,9.705702265799431,0,2.7496985488978645,0,100.0,CRITICAL
10,6,4,5,2.4721065745120208,0,7.519542816972373,0,100.0,CRITICAL
15,13,5,2,6.765863723560108,3,9.326738302580798,1,100.0,CRITICAL
15,1,0,8,6.610517322471432,4,20.640218413643883,0,100.0,CRITICAL
19,19,16,3,4.22337488326499,3,15.945558901869637,0,100.0,CRITICAL
10,0,0,8,9.321450206112056,2,11.771483245392183,1,100.0,CRITICAL
2,2,2,4,7.695446506684922,3,7.211570682998816,1,100.0,CRITICAL
16,15,1,8,0.21049311020758799,2,18.238790835419508,0,100.0,CRITICAL
5,4,4,7,4.856195433344541,1,21.319767515553878,0,100.0,CRITICAL
17,15,3,1,1.139889233686019,3,12.883500424766318,0,100.0,CRITICAL
3,0,0,4,2.8689344553138616,5,1.0422368635150043,1,70.6081895977592,HIGH
8,6,4,0,2.3870604888566325,1,6.524439199207625,0,100.0,CRITICAL
11,5,3,0,7.555485244305615,3,17.899363550245543,1,100.0,CRITICAL
5,1,1,2,2.4912499829036605,5,9.302453105719493,1,100.0,CRITICAL
17,16,2,0,9.928252009811455,2,15.022018706427577,1,100.0,CRITICAL
4,0,0,5,1.283042189011877,5,12.588522047569077,1,100.0,CRITICAL
8,5,3,5,4.116415592417067,5,21.785208728482953,0,100.0,CRITICAL
2,0,0,4,4.893905348829551,1,7.368040824018343,1,71.71995722186251,HIGH
16,10,5,8,4.327994757274337,4,10.705401984880593,1,100.0,CRITICAL
9,2,1,3,0.9332731609793199,3,1.5547142711887973,0,100.0,CRITICAL
17,9,0,2,2.2575300580109783,2,19.31909385664927,1,100.0,CRITICAL
10,10,5,2,5.20763626959886,2,7.819727901872676,1,100.0,CRITICAL
13,1,1,0,7.998210143021729,0,17.326414840089065,1,100.0,CRITICAL
17,7,1,3,6.88399216278933,2,0.07275792936859737,0,100.0,CRITICAL
12,12,7,6,5.444829561240418,2,20.818398593210777,0,100.0,CRITICAL
9,8,5,7,9.775865773746771,3,23.327040366793653,0,100.0,CRITICAL
15,12,1,5,7.609705086973747,1,11.279058110238275,1,100.0,CRITICAL
10,10,9,6,8.66535862375612,5,11.582503943949888,0,100.0,CRITICAL
19,14,14,4,0.12716406645092215,3,14.792774079115357,1,100.0,CRITICAL
17,14,2,7,2.1617503335342727,3,23.402676311606907,1,100.0,CRITICAL
7,0,0,9,7.198446451471031,4,13.4059088199775,0,100.0,CRITICAL
14,4,1,2,2.783012300537384,5,1.7725311844712266,0,100.0,CRITICAL
13,12,2,7,3.539746289726434,4,13.56406089192432,0,100.0,CRITICAL
2,2,0,9,5.907364437627764,3,10.057146662989464,1,100.0,CRITICAL
16,13,6,6,5.426619563235477,4,18.260623379887992,1,100.0,CRITICAL
17,5,4,8,2.207601039723527,0,7.280125470473033,0,100.0,CRITICAL
6,5,0,5,8.786866436226621,2,22.18715925868831,1,100.0,CRITICAL
1,0,0,9,6.2777940372993815,5,19.2018230149823,0,100.0,CRITICAL
6,3,3,9,6.853808162780598,3,7.837607379503107,0,100.0,CRITICAL
1,0,0,1,8.2852547898306,1,8.447768218914458,0,65.5584144890526,HIGH
10,5,0,4,1.0244339245909306,4,12.427607075206172,1,100.0,CRITICAL
8,8,0,8,4.740365090878058,0,2.3902359405041826,1,100.0,CRITICAL
16,6,1,6,0.8631195101905875,4,16.562838820322238,0,100.0,CRITICAL
12,0,0,2,0.7336126297499412,0,14.619512026659496,0,92.46110031308321,CRITICAL
19,7,6,1,7.212294822436394,5,7.6489390783492075,1,100.0,CRITICAL
14,11,6,7,7.897170362284898,0,15.313105480738692,0,100.0,CRITICAL
8,1,0,7,0.5245185762094928,5,2.3578506149738336,0,100.0,CRITICAL
19,19,2,0,8.424674176666397,5,22.84923237316317,0,100.0,CRITICAL
15,12,2,1,2.812987111383758,0,1.6073208310589386,1,100.0,CRITICAL
5,5,5,4,6.549170631436202,3,7.892140942814739,0,100.0,CRITICAL
17,3,3,4,6.856658197764691,2,23.29279971686713,1,100.0,CRITICAL
14,9,5,6,6.964140502975431,3,9.560514733045549,1,100.0,CRITICAL
15,9,2,4,5.795163615829418,2,21.254432908698348,0,100.0,CRITICAL
8,5,5,8,1.132396155710379,1,3.6215843586975742,0,100.0,CRITICAL
4,3,2,0,1.1170005397138139,4,1.6016884461953085,1,100.0,CRITICAL
7,2,1,4,1.4095541822001512,3,2.596134543920396,0,100.0,CRITICAL
7,3,0,2,9.209187872350599,4,23.329260108774086,1,100.0,CRITICAL
5,0,0,9,2.104308759663053,5,2.130645429215023,1,100.0,CRITICAL
10,9,3,5,1.5305573921626248,4,15.641682588748052,0,100.0,CRITICAL
5,3,1,0,9.884635792921488,5,10.574389065594378,0,100.0,CRITICAL
4,2,0,1,0.04378977331455203,5,20.659135915453543,1,100.0,CRITICAL
11,6,3,8,7.766806124530648,1,7.0635031703768085,0,100.0,CRITICAL
6,6,1,8,8.451875279712675,4,0.6938948769142312,1,100.0,CRITICAL
15,2,2,1,6.621329283035181,2,17.966403309893817,1,100.0,CRITICAL
11,2,2,3,9.748603833447225,3,14.130201426290839,0,100.0,CRITICAL
7,4,0,9,3.33399469124686,1,10.428073873520264,0,100.0,CRITICAL
19,4,3,2,0.8796363739139013,5,7.752383947503334,1,100.0,CRITICAL
5,4,0,7,2.4069092339036713,5,21.586483992452933,0,100.0,CRITICAL
4,0,0,0,0.9917456064087948,2,2.923190967432861,1,47.30134653471934,MEDIUM
1,0,0,8,4.870348037831072,5,3.3925119812511806,1,97.36242413986768,CRITICAL
16,11,10,3,9.64831868301553,2,0.3558949046311639,0,100.0,CRITICAL
12,4,1,7,5.175709401120608,5,1.741526459533393,0,100.0,CRITICAL
18,0,0,7,3.253673482217847,5,20.5747692387476,0,100.0,CRITICAL
2,2,0,5,9.063028925252654,1,19.04759455705256,0,100.0,CRITICAL
13,2,2,9,6.1338014650362185,1,2.4581200762169306,1,100.0,CRITICAL
12,5,5,8,9.29998603425087,4,18.715568036234366,0,100.0,CRITICAL
4,1,0,7,9.65174409758177,0,15.385185452308802,0,100.0,CRITICAL
4,3,2,2,9.366502913585483,5,9.299642279851009,0,100.0,CRITICAL
13,11,5,5,6.921886241084282,2,2.020910839540254,0,100.0,CRITICAL
3,2,1,1,5.018308173768706,5,14.45644122750987,0,100.0,CRITICAL
17,6,1,0,2.9016984521949016,2,20.152218700634002,0,100.0,CRITICAL
7,4,2,4,9.413398771449772,0,10.097027888069878,0,100.0,CRITICAL
13,0,0,6,5.449978853713898,2,10.185302854561156,0,100.0,CRITICAL
15,11,2,5,9.953812547870871,5,19.84039465214633,1,100.0,CRITICAL
14,2,1,3,9.182920023410247,3,5.054238967351856,0,100.0,CRITICAL
16,14,11,3,3.7872645218838974,4,4.139246358402868,0,100.0,CRITICAL
17,5,2,8,8.753902392529692,4,16.69392336142234,0,100.0,CRITICAL
16,12,6,2,5.347471583099672,3,15.755158832070318,1,100.0,CRITICAL
16,7,1,1,7.42620745766104,0,21.891032814330444,1,100.0,CRITICAL
1,1,1,5,4.809380826168518,1,8.022078760158308,0,96.0511551629557,CRITICAL
14,6,0,0,9.893903011919795,2,4.848023388533874,0,100.0,CRITICAL
2,1,1,1,3.9887610397298956,2,10.291910791989512,0,89.15251961934386,CRITICAL
9,9,1,3,0.9579424389017155,1,9.21096726585223,0,100.0,CRITICAL
19,13,0,8,8.582276247279239,1,22.514277536351045,1,100.0,CRITICAL
5,5,3,3,7.561372681152331,0,22.02255287827088,1,100.0,CRITICAL
10,3,0,9,1.2618257326105542,5,10.275591008059992,0,100.0,CRITICAL
6,3,3,2,5.0481450560930945,2,9.89988371690881,0,100.0,CRITICAL
3,3,3,0,6.786314163846642,1,10.67982691260675,0,100.0,CRITICAL
2,2,2,7,4.09810050928058,2,17.54149219866799,0,100.0,CRITICAL
19,7,5,3,9.086852765042012,5,13.201442189734081,1,100.0,CRITICAL
6,3,1,1,9.431584878605236,3,6.91018506283243,0,100.0,CRITICAL
10,2,0,6,8.684893356930948,5,18.449510835013108,0,100.0,CRITICAL
18,12,9,0,5.307985500227799,1,21.691896331917853,0,100.0,CRITICAL
14,3,3,2,4.535601987903963,0,17.22618486941503,0,100.0,CRITICAL
2,2,2,9,5.850319152763085,0,4.671655191568574,1,100.0,CRITICAL
4,3,2,4,5.170550730361311,5,19.002566374857697,1,100.0,CRITICAL
15,1,1,6,0.9871731741487977,2,23.734827466307106,0,100.0,CRITICAL
6,6,3,2,7.880641648436076,2,16.443723212939915,0,100.0,CRITICAL
6,5,3,3,9.410571444523782,5,5.853268961392581,0,100.0,CRITICAL
9,2,1,4,4.906385005279837,0,0.13314260670264932,0,100.0,CRITICAL
18,18,7,9,0.6155167241861281,2,9.24974758270809,1,100.0,CRITICAL
4,3,1,1,3.2283576554664393,0,11.286002232891835,1,97.05868773104831,CRITICAL
1,1,0,8,1.2259439380126524,4,21.831707188046217,1,100.0,CRITICAL
4,0,0,6,9.804078885878795,0,14.872313768629748,1,100.0,CRITICAL
3,3,1,1,1.3691343598079764,5,6.758873107315001,1,100.0,CRITICAL
13,7,7,5,0.8059738836938846,5,16.601528859356705,0,100.0,CRITICAL
15,8,4,6,5.219322651623904,4,2.212541028961441,1,100.0,CRITICAL
1,0,0,9,0.6501671188694658,3,5.122344094359958,0,81.99412648087613,CRITICAL
16,11,8,3,6.340418050220875,5,17.8677752755151,0,100.0,CRITICAL
2,0,0,3,8.690543220485736,3,7.133516152271784,1,100.0,CRITICAL
6,2,2,7,2.5039551291900297,3,0.7473956468614693,0,100.0,CRITICAL
1,1,1,1,9.271559835662064,1,11.92243285623973,0,100.0,CRITICAL
17,8,5,1,6.46092171827752,0,15.793200840262326,0,100.0,CRITICAL
17,7,1,1,1.6251316439168262,4,18.93648689015649,1,100.0,CRITICAL
1,0,0,1,6.444265880848138,4,7.344765743531411,1,71.60682954395212,HIGH
16,12,5,6,0.7277118063272703,4,10.189801510841917,0,100.0,CRITICAL
9,1,1,3,3.4953220438325805,5,13.357472165886177,0,100.0,CRITICAL
2,2,0,4,0.15973083686884548,0,1.7921109631908276,1,44.47675688890797,MEDIUM
5,4,1,7,4.415697183895628,5,4.743448236377683,1,100.0,CRITICAL
8,2,1,6,8.320135943794096,3,8.862098830450282,1,100.0,CRITICAL
1,0,0,7,6.973186664308535,1,6.412252282311748,1,81.44470143568338,CRITICAL
9,7,4,4,1.9878388344225428,0,11.179886546367594,0,100.0,CRITICAL
14,10,6,7,1.826842723853146,5,15.617596150438576,1,100.0,CRITICAL
17,1,0,0,7.0419214129311545,1,12.95246170974105,1,100.0,CRITICAL
5,0,0,4,6.662164890628906,1,18.58099742501054,1,100.0,CRITICAL
8,7,1,9,1.4223424754539582,1,15.032425611261264,0,100.0,CRITICAL
17,0,0,1,6.720897671582553,0,7.005888713802155,0,99.28261700271217,CRITICAL
12,8,3,4,7.807484123656759,3,2.879258089369997,0,100.0,CRITICAL
19,16,8,1,7.663072330613597,5,15.352581557284136,0,100.0,CRITICAL
8,4,1,5,4.055992940839008,3,5.086860148725501,0,100.0,CRITICAL
19,3,0,8,8.141433222382675,2,7.647967037377872,1,100.0,CRITICAL
12,5,3,1,3.89812321846867,4,19.08485484596072,1,100.0,CRITICAL
8,0,0,9,6.4571280445002985,4,5.277934892551772,1,100.0,CRITICAL
11,2,2,1,7.603150144504772,3,12.908047412609662,1,100.0,CRITICAL
11,11,6,9,7.554775262202771,4,2.27578716173997,1,100.0,CRITICAL
15,4,2,2,3.469642906604019,3,9.996947756291082,0,100.0,CRITICAL
2,1,0,9,5.708139558878785,1,23.52665008425332,1,100.0,CRITICAL
3,0,0,4,6.139422079983806,5,22.90518770348772,1,100.0,CRITICAL
1,0,0,9,2.3484825302359127,2,22.718263233849967,0,100.0,CRITICAL
1,0,0,8,0.08197302474626023,4,14.283876776155777,1,98.38103232468892,CRITICAL
4,2,2,2,0.9928433287320593,1,7.072641481417624,0,100.0,CRITICAL
19,14,7,8,0.3458291620085352,4,8.518839523006827,1,100.0,CRITICAL
18,5,0,8,2.986475086075017,2,4.945066336984919,1,100.0,CRITICAL
1,1,1,8,3.25944780934472,0,2.342351044318095,1,63.11638306099105,HIGH
19,5,4,3,8.65991310877541,2,4.0524431113129,1,100.0,CRITICAL
1,1,1,9,1.2492940774332373,1,11.214273118976713,0,100.0,CRITICAL
10,2,2,5,1.85091014036883,2,0.6487284306996903,0,100.0,CRITICAL
13,11,2,1,6.200268752763867,1,22.54070932441057,1,100.0,CRITICAL
19,19,10,0,4.691512595436402,2,13.478952468595967,0,100.0,CRITICAL
8,7,5,1,9.93258488401298,4,4.164486382321021,0,100.0,CRITICAL
5,2,2,3,7.619614564977772,5,9.992175311079693,0,100.0,CRITICAL
11,9,7,6,2.703401096389466,2,9.030883516067451,1,100.0,CRITICAL
8,7,4,1,7.215368724811956,2,20.048394646341613,0,100.0,CRITICAL
14,5,2,9,2.2833822305560214,3,2.8918765590368727,0,100.0,CRITICAL
12,9,7,0,6.815821367553296,2,10.316895438402955,0,100.0,CRITICAL
11,5,0,2,0.36523460264539676,4,17.071441859525155,1,100.0,CRITICAL
13,8,0,6,1.9959721699436528,1,8.956534325601679,0,100.0,CRITICAL
10,7,6,2,1.0263117452961024,0,8.582224358654457,1,100.0,CRITICAL
8,2,1,1,4.289473772434789,0,8.17051956156521,0,90.96692559497293,CRITICAL
10,6,0,0,5.533867143207711,0,18.28824668521858,1,100.0,CRITICAL
6,3,2,2,2.594303953186412,0,2.863290259077057,1,83.65363418628256,CRITICAL
1,0,0,6,9.785089337977409,5,20.56090317921853,1,100.0,CRITICAL
9,9,1,2,4.105820736894636,1,1.7012381105382897,1,100.0,CRITICAL
4,2,1,4,5.617717163898504,5,7.65609879860565,1,100.0,CRITICAL
1,0,0,5,4.635258703320526,1,9.337107244938956,1,55.87880372090554,HIGH
10,10,5,4,8.631723722974867,0,9.446128288011533,1,100.0,CRITICAL
7,0,0,0,3.707143269851232,2,4.504184749862568,0,71.31441656602297,HIGH
7,4,3,4,9.430905123987348,2,14.475812250837762,1,100.0,CRITICAL
5,1,0,2,8.049654097033335,5,10.885731468628357,1,100.0,CRITICAL
2,0,0,7,0.7565442305140468,3,13.621756787127422,0,99.7358862453685,CRITICAL
9,0,0,4,8.832862269102078,1,14.757955267828088,1,100.0,CRITICAL
6,4,1,7,1.8157296487890862,3,4.592067946567003,1,100.0,CRITICAL
9,3,3,8,0.5954991344644867,4,22.086991610536636,0,100.0,CRITICAL
15,11,11,1,2.216506411392066,1,19.922265747444442,1,100.0,CRITICAL
13,10,0,3,0.8520250134587726,0,19.8817068875788,1,100.0,CRITICAL
15,8,8,9,6.221992134329339,0,12.759690902798127,1,100.0,CRITICAL
1,0,0,0,4.474938895752384,3,19.68129250224129,0,95.5948348724246,CRITICAL
15,14,9,9,4.7483319795176655,1,15.05963956007153,1,100.0,CRITICAL
18,12,0,8,6.165942842477838,2,10.813317956591664,0,100.0,CRITICAL
11,11,0,9,4.983841142400973,1,18.0590541404624,0,100.0,CRITICAL
3,3,0,7,9.9160131801062,3,14.398636927320485,0,100.0,CRITICAL
1,0,0,1,6.237269152179153,3,0.048327308192613216,1,66.19620509888105,HIGH
4,0,0,5,5.862129374652552,5,23.928067083708196,0,100.0,CRITICAL
2,1,0,4,4.144062082780547,5,10.31642432896324,1,100.0,CRITICAL
16,9,9,4,4.4639012426732725,0,13.721471398383422,0,100.0,CRITICAL
19,5,0,2,9.894950772289663,0,9.742461408673293,1,100.0,CRITICAL
16,9,5,0,0.054907699013464484,4,2.407257381145029,1,100.0,CRITICAL
12,4,0,5,1.5545484804128706,3,20.016240505933148,1,100.0,CRITICAL
8,7,4,5,3.430376859515991,4,16.381328244828,1,100.0,CRITICAL
4,1,1,4,9.04412709512329,4,19.884380250463657,0,100.0,CRITICAL
16,1,1,8,9.37929753547684,0,11.614707372341035,0,100.0,CRITICAL
9,3,1,9,0.5760382999297897,2,19.00097183628265,1,100.0,CRITICAL
15,8,8,8,1.4162375492839097,0,19.145264664202458,1,100.0,CRITICAL
12,4,2,9,8.822281491789205,1,8.071110412983849,0,100.0,CRITICAL
17,14,4,0,2.7228503870226586,2,0.09775624039947672,0,100.0,CRITICAL
15,7,7,6,4.010990670456639,5,20.634898365957167,1,100.0,CRITICAL
4,3,0,5,0.045914383247804835,3,4.4311978337955145,1,87.68095762121436,CRITICAL
8,6,1,2,4.914579745744973,2,20.84911754699582,1,100.0,CRITICAL
3,0,0,3,8.653027161945982,3,14.839173265852967,1,100.0,CRITICAL
7,7,3,3,3.6459455729057932,3,15.233820398489812,0,100.0,CRITICAL
7,1,1,3,8.80918875163407,4,5.933240862143836,0,100.0,CRITICAL
15,5,3,6,3.4692451292527835,1,9.662594332997744,1,100.0,CRITICAL
17,17,9,3,6.5816737397551535,0,7.4902060717758125,1,100.0,CRITICAL
10,0,0,9,2.9363293779996713,4,4.568363635765305,0,100.0,CRITICAL
16,4,2,5,5.147354753313249,4,17.388151233335257,0,100.0,CRITICAL
16,6,3,0,8.283118918649242,1,2.3002408750144783,1,100.0,CRITICAL
15,1,0,7,8.484064993848131,0,12.28720618777474,1,100.0,CRITICAL
12,5,3,3,0.7652741004666685,4,12.864202085048579,1,100.0,CRITICAL
7,0,0,2,9.29297894557764,2,22.929275365007797,1,100.0,CRITICAL
3,3,3,8,5.218236939289861,0,20.865410249876195,1,100.0,CRITICAL
2,0,0,1,2.1920947010995286,1,11.800529964303522,0,49.68636417434187,MEDIUM
4,1,0,7,8.313222243123787,2,20.260379387312252,1,100.0,CRITICAL
8,4,3,5,6.3522104233489864,2,18.97386480103636,1,100.0,CRITICAL
10,9,0,5,5.08001569913861,4,0.6695145865464269,0,100.0,CRITICAL
12,9,1,9,8.117031952510345,1,22.131289896784356,1,100.0,CRITICAL
12,1,0,5,2.0385290818891812,1,16.509714361828433,0,100.0,CRITICAL
9,9,8,1,5.811613013502778,4,16.12685641218848,1,100.0,CRITICAL
11,2,1,6,9.61809702367865,5,17.12355566317471,1,100.0,CRITICAL
13,8,1,7,6.370927040626135,0,5.394284974027285,0,100.0,CRITICAL
1,0,0,7,5.988066358834829,3,0.7001376000120034,1,88.86144723303141,CRITICAL
3,1,1,9,0.29456251606079564,4,5.564241382162341,1,100.0,CRITICAL
11,2,0,6,1.8264946509167534,2,19.069870618560863,0,100.0,CRITICAL
15,4,1,6,6.1214449856686635,3,14.335563996893242,1,100.0,CRITICAL
7,2,0,4,7.026639204453721,0,8.670686458830446,0,100.0,CRITICAL
16,4,2,3,8.998277835998854,5,5.79646235105832,0,100.0,CRITICAL
6,4,0,3,8.713351269979439,0,19.19595751473859,0,100.0,CRITICAL
10,9,3,1,3.598507987571046,5,10.988861411784455,0,100.0,CRITICAL
4,2,0,3,6.898648644545327,0,14.681860966633394,0,100.0,CRITICAL
6,3,0,6,4.639177852207819,3,0.30170151850763904,1,96.88290109670967,CRITICAL
12,8,2,1,4.770360685461965,4,10.318368255840792,0,100.0,CRITICAL
3,1,0,6,9.45346373531083,5,0.370427165943779,1,100.0,CRITICAL
12,2,2,8,7.327879988456068,1,18.898280102451892,1,100.0,CRITICAL
16,1,0,9,9.68151424216616,4,5.9820358782776015,0,100.0,CRITICAL
12,7,3,2,7.748753512719287,4,4.010937217994813,1,100.0,CRITICAL
15,9,6,7,7.256294373031661,3,22.233458841859182,0,100.0,CRITICAL
18,13,11,4,4.275839085376281,2,0.43218367746885367,0,100.0,CRITICAL
16,16,1,9,1.0647296503881543,3,4.747703935771322,0,100.0,CRITICAL
6,4,2,9,6.303623483362414,2,5.771627742060621,0,100.0,CRITICAL
17,16,11,9,4.683512360014955,3,19.74729457191615,0,100.0,CRITICAL
3,1,0,3,5.905628755271105,2,17.04201301181525,0,100.0,CRITICAL
18,17,6,7,2.823483156047195,1,23.217803318140405,1,100.0,CRITICAL
11,2,1,9,1.9601409403699277,5,16.676573411407094,0,100.0,CRITICAL
17,14,9,0,2.6514291234114484,1,5.6716542985229035,0,100.0,CRITICAL
6,3,0,6,6.575651064660245,0,4.004065737432795,1,100.0,CRITICAL
18,15,13,8,9.52983216850514,0,18.129737107005454,0,100.0,CRITICAL
5,5,3,6,9.919275028201168,2,21.621680804374595,1,100.0,CRITICAL
16,13,1,8,8.086547514922879,4,21.88014812276632,1,100.0,CRITICAL
10,10,5,6,9.575590855150484,0,18.506319866326137,1,100.0,CRITICAL
16,2,0,1,2.8383099987276528,3,19.064786313926064,1,100.0,CRITICAL
3,0,0,4,0.03544922046161969,1,15.896858522767104,0,68.65217080082596,HIGH
10,3,0,3,1.9405653446035986,0,17.65985042453706,0,100.0,CRITICAL
18,5,3,9,6.34452056178898,0,2.785184787145501,1,100.0,CRITICAL
16,6,6,7,8.993181829933208,0,7.9009837047936635,0,100.0,CRITICAL
17,5,4,9,9.149238797018151,3,10.994371615964624,1,100.0,CRITICAL
17,11,9,8,8.30651278625748,3,15.943753665229746,1,100.0,CRITICAL
10,0,0,8,7.623579535668503,0,10.024360655442173,0,100.0,CRITICAL
5,4,4,2,3.0419121309046138,4,8.999952503739571,1,100.0,CRITICAL
4,4,0,2,0.8774111887387104,5,13.526327484936726,1,100.0,CRITICAL
15,5,4,4,5.251989439413992,5,9.46629285476043,1,100.0,CRITICAL
16,14,12,1,3.3526376080826203,5,1.7409819833941542,1,100.0,CRITICAL
18,4,3,3,1.2817000724564642,4,23.266004035646095,1,100.0,CRITICAL
19,14,8,2,4.5828713260923815,3,22.227889351985617,0,100.0,CRITICAL
10,10,2,5,5.255791532421647,3,0.9362104666924536,0,100.0,CRITICAL
11,8,6,0,7.742566073369716,1,12.700481975686564,1,100.0,CRITICAL
9,3,3,4,8.081213531990633,4,17.10657525143056,1,100.0,CRITICAL
5,2,2,3,4.685190251264536,5,14.636707978716178,0,100.0,CRITICAL
6,4,3,0,9.207359288987087,0,8.48127931051878,0,100.0,CRITICAL
3,3,3,3,7.886621870053579,2,19.27860609413466,1,100.0,CRITICAL
13,5,0,6,4.324867823652055,1,14.753931966374598,1,100.0,CRITICAL
6,0,0,2,3.502507046037696,5,5.73432731975983,0,97.53356056988075,CRITICAL
11,9,3,4,3.1788192362890144,1,14.669585219360727,0,100.0,CRITICAL
16,4,3,7,4.637148751210917,5,6.592110750111904,1,100.0,CRITICAL
11,1,0,2,3.303051544056977,0,14.300396360884147,0,99.75131330871261,CRITICAL
10,5,1,2,4.688275562015716,0,18.34364188167538,0,100.0,CRITICAL
16,15,7,7,5.772642505452521,3,7.261057180074564,0,100.0,CRITICAL
14,12,5,2,1.6601812958449214,4,6.78052221646264,1,100.0,CRITICAL
16,8,1,1,7.978939105644994,3,17.44085916278153,1,100.0,CRITICAL
17,17,7,1,1.1261810665797534,4,12.200881162483167,1,100.0,CRITICAL
8,0,0,7,4.043441088532323,4,3.331213928753746,0,100.0,CRITICAL
4,4,4,5,1.6522019916960773,2,13.096690126965452,1,100.0,CRITICAL
17,16,7,9,3.03928527520919,1,15.917017324536037,0,100.0,CRITICAL
10,4,0,2,4.582868736519217,2,11.791577468028198,1,100.0,CRITICAL
2,0,0,9,7.487528692049806,0,14.97986993602388,0,100.0,CRITICAL
12,7,7,9,6.270869722971193,2,8.756504380709607,0,100.0,CRITICAL
19,19,2,0,3.607252984881982,2,21.06753476988996,0,100.0,CRITICAL
19,9,1,5,5.909452662069238,1,5.759146579476379,1,100.0,CRITICAL
8,6,2,8,2.963224277589671,2,6.752286709005974,0,100.0,CRITICAL
6,5,5,5,8.384777536059529,1,18.567836021217033,0,100.0,CRITICAL
19,8,6,0,4.831766481959806,1,1.3886020164042865,0,100.0,CRITICAL
18,0,0,5,7.167582631471347,1,23.697124685590996,0,100.0,CRITICAL
14,9,1,8,3.1195323860438453,1,15.096365285223154,1,100.0,CRITICAL
3,0,0,5,6.773414025239509,2,19.378676766255072,0,100.0,CRITICAL
18,11,2,2,9.267705681322415,3,14.014652547458482,1,100.0,CRITICAL
19,10,5,1,1.0776556688012362,3,18.871919070698592,1,100.0,CRITICAL
15,4,0,7,5.906008718551648,5,10.42079069271781,0,100.0,CRITICAL
16,9,8,1,5.009303902077217,0,13.841819582696884,0,100.0,CRITICAL
17,17,9,6,5.409795673222049,1,15.886186989724838,0,100.0,CRITICAL
3,0,0,2,1.9460157879037232,3,21.646284292621107,0,91.91405809152012,CRITICAL
18,2,1,4,0.2709969517915567,0,0.8345418161319138,0,100.0,CRITICAL
13,3,2,2,0.7127047724031244,2,2.6138423952536156,0,100.0,CRITICAL
12,5,0,2,2.841824045914784,5,16.575506880675434,1,100.0,CRITICAL
19,5,5,6,8.543937007744,0,8.264698377059107,1,100.0,CRITICAL
2,1,0,6,8.068605583075232,3,16.2655436403705,0,100.0,CRITICAL
1,0,0,6,9.95419810715393,5,5.465699424087257,0,100.0,CRITICAL
10,3,3,3,7.405332803580342,0,15.078216974711086,1,100.0,CRITICAL
18,12,12,7,3.512220509903299,0,11.47476436771932,0,100.0,CRITICAL
12,0,0,8,9.182546707708527,5,2.950043766559446,0,100.0,CRITICAL
13,13,3,0,7.906691580696523,5,22.30625074722644,0,100.0,CRITICAL
4,3,2,6,6.989466909336358,0,19.01275281417675,1,100.0,CRITICAL
1,0,0,7,5.361509120806365,3,18.74579820652928,1,100.0,CRITICAL
4,1,0,1,7.170318000134275,5,16.726201684038966,0,100.0,CRITICAL
18,14,0,5,9.587705441313027,1,0.512358014013043,1,100.0,CRITICAL
17,6,2,4,8.62279723298615,2,12.110935153863533,1,100.0,CRITICAL
14,6,4,3,1.9446292130042608,1,18.02305524354988,1,100.0,CRITICAL
2,0,0,3,0.9762587127927014,4,5.201976403717656,0,72.57635119333713,HIGH
14,11,11,9,0.16576371026978065,1,14.766308229311193,1,100.0,CRITICAL
10,0,0,5,7.1281814567402355,5,22.30758882473398,1,100.0,CRITICAL
3,3,1,0,2.789109305196702,2,18.070363408113206,1,100.0,CRITICAL
15,0,0,0,7.182188149212329,0,13.143338172538634,1,100.0,CRITICAL
7,6,6,3,1.84152041381205,1,7.438183308885944,0,100.0,CRITICAL
15,10,4,2,4.3673132031084405,3,15.276922144652389,1,100.0,CRITICAL
19,6,0,4,0.1360224254662601,5,17.14569072266827,1,100.0,CRITICAL
12,9,0,9,1.0864689286828533,4,15.306482697860378,0,100.0,CRITICAL
4,0,0,9,0.8143126881685459,0,18.13004908434382,0,100.0,CRITICAL
1,1,0,4,7.905901720790862,0,6.701933171861047,1,81.99329281852236,CRITICAL
5,3,3,0,9.043984538224421,0,12.18746692544297,1,100.0,CRITICAL
9,4,2,4,1.7452894758270487,1,13.168118236607544,0,100.0,CRITICAL
8,0,0,5,5.245059064339221,3,2.1572401014449536,0,100.0,CRITICAL
14,12,3,3,1.5020615917056757,5,4.237066433113156,0,100.0,CRITICAL
14,0,0,9,7.792525980373801,5,7.35894317417458,1,100.0,CRITICAL
4,2,1,1,8.20758459425022,2,1.1461472314218453,1,100.0,CRITICAL
7,0,0,9,7.851635904232777,4,5.6064843986189,0,100.0,CRITICAL
2,2,1,8,2.5149728873465116,3,12.531760034532997,1,100.0,CRITICAL
11,4,3,8,3.375741197757457,1,13.00187831585352,1,100.0,CRITICAL
7,3,2,8,2.0856719046388217,4,5.986252042956393,0,100.0,CRITICAL
17,11,6,8,0.03311722114777482,3,22.715717268497247,1,100.0,CRITICAL
15,9,5,9,0.6461102774863703,2,11.211997305606856,0,100.0,CRITICAL
4,4,0,6,9.863196257993518,2,15.294630715609971,0,100.0,CRITICAL
2,2,1,1,9.132226694395003,0,0.7286972979528317,1,83.15123730394762,CRITICAL
9,4,4,6,0.7945037398784671,0,9.580371435401606,0,100.0,CRITICAL
12,5,0,0,4.612727791361181,2,13.010600681338603,0,100.0,CRITICAL
19,3,0,5,9.745713211488793,0,7.494103387590623,0,100.0,CRITICAL
19,4,4,5,0.5447713544859034,0,4.1129277580858385,1,100.0,CRITICAL
3,0,0,4,6.687541496098711,2,4.827516027638513,1,73.5707553381141,HIGH
5,5,2,6,1.0649162634235476,4,11.197202331131216,0,100.0,CRITICAL
9,5,5,2,3.479586831364192,5,1.7043845220080733,0,100.0,CRITICAL
19,4,2,6,0.47076005891323214,2,5.627063342545169,1,100.0,CRITICAL
9,9,5,5,5.9838610429517125,0,17.268933303142713,1,100.0,CRITICAL
18,5,4,2,7.02463966396404,4,5.153763588645337,0,100.0,CRITICAL
