object_id,year,month_num,month,monthly_max_inundation_pct,monthly_mean_inundation_pct,total_inundated_pixels,total_bhuvan_pixels
09-132-00701,2021,6,2021_06,0.0,0.0,0,475536
09-132-00701,2021,7,2021_07,0.0,0.0,0,475536
09-132-00701,2021,8,2021_08,0.0,0.0,0,475536
09-132-00701,2021,9,2021_09,0.0,0.0,0,475536
09-132-00701,2021,10,2021_10,0.0,0.0,0,475536
09-132-00701,2022,8,2022_08,0.0,0.0,0,475536
09-132-00701,2022,9,2022_09,0.0012680427980216,0.0012680427980216,603,475536
09-132-00701,2022,10,2022_10,0.0,0.0,0,475536
09-132-00701,2023,7,2023_07,1.051445106153898e-05,1.051445106153898e-05,5,475536
09-132-00701,2023,8,2023_08,0.0,0.0,0,475536
09-132-00701,2023,9,2023_09,0.0,0.0,0,475536
09-132-00701,2024,7,2024_07,0.0,0.0,0,475536
09-132-00701,2024,8,2024_08,0.0,0.0,0,475536
09-132-00701,2024,9,2024_09,0.0,0.0,0,475536
09-132-00701,2024,10,2024_10,0.0,0.0,0,475536
09-132-00701,2025,6,2025_06,0.0,0.0,0,476615
09-132-00701,2025,7,2025_07,0.0,0.0,0,476615
09-132-00701,2025,8,2025_08,0.0,0.0,0,476615
09-132-00701,2025,9,2025_09,0.0,0.0,0,476615
09-132-00701,2025,10,2025_10,0.0,0.0,0,476615
09-132-00702,2021,6,2021_06,0.0,0.0,0,366805
09-132-00702,2021,7,2021_07,0.0,0.0,0,366805
09-132-00702,2021,8,2021_08,0.0,0.0,0,366805
09-132-00702,2021,9,2021_09,0.0,0.0,0,366805
09-132-00702,2021,10,2021_10,0.0,0.0,0,366805
09-132-00702,2022,8,2022_08,0.0,0.0,0,366805
09-132-00702,2022,9,2022_09,5.179863960414934e-05,5.179863960414934e-05,19,366805
09-132-00702,2022,10,2022_10,0.0,0.0,0,366805
09-132-00702,2023,7,2023_07,0.0,0.0,0,366805
09-132-00702,2023,8,2023_08,0.0,0.0,0,366805
09-132-00702,2023,9,2023_09,0.0,0.0,0,366805
09-132-00702,2024,7,2024_07,0.0,0.0,0,366805
09-132-00702,2024,8,2024_08,0.0,0.0,0,366805
09-132-00702,2024,9,2024_09,0.0,0.0,0,366805
09-132-00702,2024,10,2024_10,0.0,0.0,0,366805
09-132-00702,2025,6,2025_06,0.0,0.0,0,366795
09-132-00702,2025,7,2025_07,0.0,0.0,0,366795
09-132-00702,2025,8,2025_08,0.0,0.0,0,366795
09-132-00702,2025,9,2025_09,0.0,0.0,0,366795
09-132-00702,2025,10,2025_10,0.0,0.0,0,366795
09-132-00703,2021,6,2021_06,0.0,0.0,0,401527
09-132-00703,2021,7,2021_07,0.0,0.0,0,401527
09-132-00703,2021,8,2021_08,0.0,0.0,0,401527
09-132-00703,2021,9,2021_09,0.0,0.0,0,401527
09-132-00703,2021,10,2021_10,0.0,0.0,0,401527
09-132-00703,2022,8,2022_08,0.0,0.0,0,401527
09-132-00703,2022,9,2022_09,0.0,0.0,0,401527
09-132-00703,2022,10,2022_10,0.0,0.0,0,401527
09-132-00703,2023,7,2023_07,0.0,0.0,0,401527
09-132-00703,2023,8,2023_08,0.0,0.0,0,401527
09-132-00703,2023,9,2023_09,0.0,0.0,0,401527
09-132-00703,2024,7,2024_07,0.0,0.0,0,401527
09-132-00703,2024,8,2024_08,0.0,0.0,0,401527
09-132-00703,2024,9,2024_09,0.0,0.0,0,401527
09-132-00703,2024,10,2024_10,0.0,0.0,0,401527
09-132-00703,2025,6,2025_06,0.0,0.0,0,401547
09-132-00703,2025,7,2025_07,0.0,0.0,0,401547
09-132-00703,2025,8,2025_08,0.0,0.0,0,401547
09-132-00703,2025,9,2025_09,0.000617611387957,0.000617611387957,248,401547
09-132-00703,2025,10,2025_10,0.0,0.0,0,401547
09-132-00704,2021,6,2021_06,0.0,0.0,0,257380
09-132-00704,2021,7,2021_07,0.0,0.0,0,257380
09-132-00704,2021,8,2021_08,0.0,0.0,0,257380
09-132-00704,2021,9,2021_09,0.0,0.0,0,257380
09-132-00704,2021,10,2021_10,0.0,0.0,0,257380
09-132-00704,2022,8,2022_08,0.0,0.0,0,257380
09-132-00704,2022,9,2022_09,0.0,0.0,0,257380
09-132-00704,2022,10,2022_10,0.0,0.0,0,257380
09-132-00704,2023,7,2023_07,2.331183464138628e-05,2.331183464138628e-05,6,257380
09-132-00704,2023,8,2023_08,0.0,0.0,0,257380
09-132-00704,2023,9,2023_09,0.0,0.0,0,257380
09-132-00704,2024,7,2024_07,0.0,0.0,0,257380
09-132-00704,2024,8,2024_08,0.0,0.0,0,257380
09-132-00704,2024,9,2024_09,0.0,0.0,0,257380
09-132-00704,2024,10,2024_10,0.0,0.0,0,257380
09-132-00704,2025,6,2025_06,0.0,0.0,0,257364
09-132-00704,2025,7,2025_07,0.0,0.0,0,257364
09-132-00704,2025,8,2025_08,0.0,0.0,0,257364
09-132-00704,2025,9,2025_09,0.0,0.0,0,257364
09-132-00704,2025,10,2025_10,0.0,0.0,0,257364
09-132-00705,2021,6,2021_06,0.0,0.0,0,219439
09-132-00705,2021,7,2021_07,0.0,0.0,0,219439
09-132-00705,2021,8,2021_08,0.0,0.0,0,219439
09-132-00705,2021,9,2021_09,0.0,0.0,0,219439
09-132-00705,2021,10,2021_10,0.0,0.0,0,219439
09-132-00705,2022,8,2022_08,0.0,0.0,0,219439
09-132-00705,2022,9,2022_09,0.0,0.0,0,219439
09-132-00705,2022,10,2022_10,0.0,0.0,0,219439
09-132-00705,2023,7,2023_07,0.0,0.0,0,219439
09-132-00705,2023,8,2023_08,0.0,0.0,0,219439
09-132-00705,2023,9,2023_09,0.0,0.0,0,219439
09-132-00705,2024,7,2024_07,0.0,0.0,0,219439
09-132-00705,2024,8,2024_08,0.0,0.0,0,219439
09-132-00705,2024,9,2024_09,0.0,0.0,0,219439
09-132-00705,2024,10,2024_10,0.0,0.0,0,219439
09-132-00705,2025,6,2025_06,0.0,0.0,0,219431
09-132-00705,2025,7,2025_07,0.0,0.0,0,219431
09-132-00705,2025,8,2025_08,0.0,0.0,0,219431
09-132-00705,2025,9,2025_09,0.0,0.0,0,219431
09-132-00705,2025,10,2025_10,0.0,0.0,0,219431
09-133-00708,2021,6,2021_06,0.0,0.0,0,481254
09-133-00708,2021,7,2021_07,0.0,0.0,0,481254
09-133-00708,2021,8,2021_08,0.0,0.0,0,481254
09-133-00708,2021,9,2021_09,0.0,0.0,0,481254
09-133-00708,2021,10,2021_10,0.0,0.0,0,481254
09-133-00708,2022,8,2022_08,0.0,0.0,0,481254
09-133-00708,2022,9,2022_09,0.0004259704854401,0.0004259704854401,205,481254
09-133-00708,2022,10,2022_10,0.0,0.0,0,481254
09-133-00708,2023,7,2023_07,0.0053028130675277,0.0053028130675277,2552,481254
09-133-00708,2023,8,2023_08,0.0,0.0,0,481254
09-133-00708,2023,9,2023_09,0.0,0.0,0,481254
09-133-00708,2024,7,2024_07,0.0,0.0,0,481254
09-133-00708,2024,8,2024_08,0.0,0.0,0,481254
09-133-00708,2024,9,2024_09,0.0,0.0,0,481254
09-133-00708,2024,10,2024_10,0.0,0.0,0,481254
09-133-00708,2025,6,2025_06,0.0,0.0,0,481240
09-133-00708,2025,7,2025_07,0.0,0.0,0,481240
09-133-00708,2025,8,2025_08,0.0,0.0,0,481240
09-133-00708,2025,9,2025_09,0.0,0.0,0,481240
09-133-00708,2025,10,2025_10,0.0,0.0,0,481240
09-133-00709,2021,6,2021_06,0.0,0.0,0,239561
09-133-00709,2021,7,2021_07,0.0,0.0,0,239561
09-133-00709,2021,8,2021_08,0.0,0.0,0,239561
09-133-00709,2021,9,2021_09,0.0,0.0,0,239561
09-133-00709,2021,10,2021_10,0.0,0.0,0,239561
09-133-00709,2022,8,2022_08,0.0,0.0,0,239561
09-133-00709,2022,9,2022_09,0.0,0.0,0,239561
09-133-00709,2022,10,2022_10,0.0,0.0,0,239561
09-133-00709,2023,7,2023_07,0.0,0.0,0,239561
09-133-00709,2023,8,2023_08,0.0,0.0,0,239561
09-133-00709,2023,9,2023_09,0.0,0.0,0,239561
09-133-00709,2024,7,2024_07,0.0,0.0,0,239561
09-133-00709,2024,8,2024_08,0.0,0.0,0,239561
09-133-00709,2024,9,2024_09,0.0,0.0,0,239561
09-133-00709,2024,10,2024_10,0.0,0.0,0,239561
09-133-00709,2025,6,2025_06,0.0,0.0,0,239565
09-133-00709,2025,7,2025_07,0.0,0.0,0,239565
09-133-00709,2025,8,2025_08,0.0,0.0,0,239565
09-133-00709,2025,9,2025_09,0.0,0.0,0,239565
09-133-00709,2025,10,2025_10,0.0,0.0,0,239565
09-133-00710,2021,6,2021_06,0.0,0.0,0,201231
09-133-00710,2021,7,2021_07,0.0,0.0,0,201231
09-133-00710,2021,8,2021_08,0.0,0.0,0,201231
09-133-00710,2021,9,2021_09,0.0,0.0,0,201231
09-133-00710,2021,10,2021_10,0.0,0.0,0,201231
09-133-00710,2022,8,2022_08,0.0,0.0,0,201231
09-133-00710,2022,9,2022_09,0.0,0.0,0,201231
09-133-00710,2022,10,2022_10,0.0,0.0,0,201231
09-133-00710,2023,7,2023_07,0.0,0.0,0,201231
09-133-00710,2023,8,2023_08,0.0,0.0,0,201231
09-133-00710,2023,9,2023_09,0.0,0.0,0,201231
09-133-00710,2024,7,2024_07,0.0,0.0,0,201231
09-133-00710,2024,8,2024_08,0.0,0.0,0,201231
09-133-00710,2024,9,2024_09,0.0,0.0,0,201231
09-133-00710,2024,10,2024_10,0.0,0.0,0,201231
09-133-00710,2025,6,2025_06,0.0,0.0,0,201225
09-133-00710,2025,7,2025_07,0.0,0.0,0,201225
09-133-00710,2025,8,2025_08,0.0,0.0,0,201225
09-133-00710,2025,9,2025_09,0.0,0.0,0,201225
09-133-00710,2025,10,2025_10,0.0,0.0,0,201225
09-133-00711,2021,6,2021_06,0.0,0.0,0,340025
09-133-00711,2021,7,2021_07,0.0,0.0,0,340025
09-133-00711,2021,8,2021_08,0.0,0.0,0,340025
09-133-00711,2021,9,2021_09,0.0,0.0,0,340025
09-133-00711,2021,10,2021_10,0.0,0.0,0,340025
09-133-00711,2022,8,2022_08,0.0,0.0,0,340025
09-133-00711,2022,9,2022_09,0.0003205646643629,0.0003205646643629,109,340025
09-133-00711,2022,10,2022_10,0.0,0.0,0,340025
09-133-00711,2023,7,2023_07,0.0220483787956767,0.0220483787956767,7497,340025
09-133-00711,2023,8,2023_08,0.0257598705977501,0.0257598705977501,8759,340025
09-133-00711,2023,9,2023_09,0.0,0.0,0,340025
09-133-00711,2024,7,2024_07,0.0,0.0,0,340025
09-133-00711,2024,8,2024_08,0.0,0.0,0,340025
09-133-00711,2024,9,2024_09,0.0,0.0,0,340025
09-133-00711,2024,10,2024_10,0.0,0.0,0,340025
09-133-00711,2025,6,2025_06,0.0,0.0,0,340024
09-133-00711,2025,7,2025_07,0.0,0.0,0,340024
09-133-00711,2025,8,2025_08,0.0,0.0,0,340024
09-133-00711,2025,9,2025_09,0.0015234218761028,0.0015234218761028,518,340024
09-133-00711,2025,10,2025_10,0.0,0.0,0,340024
09-134-00712,2021,6,2021_06,0.0,0.0,0,415034
09-134-00712,2021,7,2021_07,0.0,0.0,0,415034
09-134-00712,2021,8,2021_08,0.0,0.0,0,415034
09-134-00712,2021,9,2021_09,0.0,0.0,0,415034
09-134-00712,2021,10,2021_10,0.0,0.0,0,415034
09-134-00712,2022,8,2022_08,0.0,0.0,0,415034
09-134-00712,2022,9,2022_09,0.0026166530934814,0.0026166530934814,1086,415034
09-134-00712,2022,10,2022_10,0.0,0.0,0,415034
09-134-00712,2023,7,2023_07,0.0,0.0,0,415034
09-134-00712,2023,8,2023_08,0.0037490904359642,0.0037490904359642,1556,415034
09-134-00712,2023,9,2023_09,0.0,0.0,0,415034
09-134-00712,2024,7,2024_07,0.0,0.0,0,415034
09-134-00712,2024,8,2024_08,0.0,0.0,0,415034
09-134-00712,2024,9,2024_09,0.0,0.0,0,415034
09-134-00712,2024,10,2024_10,0.0,0.0,0,415034
09-134-00712,2025,6,2025_06,0.0,0.0,0,415065
09-134-00712,2025,7,2025_07,0.0,0.0,0,415065
09-134-00712,2025,8,2025_08,0.0,0.0,0,415065
09-134-00712,2025,9,2025_09,0.0,0.0,0,415065
09-134-00712,2025,10,2025_10,0.0,0.0,0,415065
09-134-00713,2021,6,2021_06,0.0,0.0,0,386244
09-134-00713,2021,7,2021_07,0.0,0.0,0,386244
09-134-00713,2021,8,2021_08,0.0,0.0,0,386244
09-134-00713,2021,9,2021_09,0.0,0.0,0,386244
09-134-00713,2021,10,2021_10,7.50820724723232e-05,7.50820724723232e-05,29,386244
09-134-00713,2022,8,2022_08,0.0,0.0,0,386244
09-134-00713,2022,9,2022_09,0.0016699288532637,0.0016699288532637,645,386244
09-134-00713,2022,10,2022_10,0.0,0.0,0,386244
09-134-00713,2023,7,2023_07,0.0152390716748998,0.0152390716748998,5886,386244
09-134-00713,2023,8,2023_08,0.0204171456385083,0.0204171456385083,7886,386244
09-134-00713,2023,9,2023_09,0.0,0.0,0,386244
09-134-00713,2024,7,2024_07,0.0,0.0,0,386244
09-134-00713,2024,8,2024_08,0.0,0.0,0,386244
09-134-00713,2024,9,2024_09,0.0,0.0,0,386244
09-134-00713,2024,10,2024_10,0.0,0.0,0,386244
09-134-00713,2025,6,2025_06,0.0,0.0,0,386218
09-134-00713,2025,7,2025_07,0.0,0.0,0,386218
09-134-00713,2025,8,2025_08,0.0,0.0,0,386218
09-134-00713,2025,9,2025_09,0.0015871865112449,0.0015871865112449,613,386218
09-134-00713,2025,10,2025_10,0.0,0.0,0,386218
09-134-00714,2021,6,2021_06,0.0,0.0,0,322143
09-134-00714,2021,7,2021_07,0.0,0.0,0,322143
09-134-00714,2021,8,2021_08,0.0,0.0,0,322143
09-134-00714,2021,9,2021_09,0.0,0.0,0,322143
09-134-00714,2021,10,2021_10,0.0,0.0,0,322143
09-134-00714,2022,8,2022_08,0.0,0.0,0,322143
09-134-00714,2022,9,2022_09,4.035474928835952e-05,4.035474928835952e-05,13,322143
09-134-00714,2022,10,2022_10,0.0,0.0,0,322143
09-134-00714,2023,7,2023_07,0.0,0.0,0,322143
09-134-00714,2023,8,2023_08,0.0,0.0,0,322143
09-134-00714,2023,9,2023_09,0.0,0.0,0,322143
09-134-00714,2024,7,2024_07,0.0,0.0,0,322143
09-134-00714,2024,8,2024_08,0.0,0.0,0,322143
09-134-00714,2024,9,2024_09,0.0,0.0,0,322143
09-134-00714,2024,10,2024_10,0.0,0.0,0,322143
09-134-00714,2025,6,2025_06,0.0,0.0,0,322116
09-134-00714,2025,7,2025_07,0.0,0.0,0,322116
09-134-00714,2025,8,2025_08,0.0,0.0,0,322116
09-134-00714,2025,9,2025_09,0.0,0.0,0,322116
09-134-00714,2025,10,2025_10,0.0,0.0,0,322116
09-134-00715,2021,6,2021_06,0.0,0.0,0,1254822
09-134-00715,2021,7,2021_07,0.0,0.0,0,1254822
09-134-00715,2021,8,2021_08,0.0,0.0,0,1254822
09-134-00715,2021,9,2021_09,0.0,0.0,0,1254822
09-134-00715,2021,10,2021_10,0.0020994342246995,0.0016070260248012,2152,1254822
09-134-00715,2022,8,2022_08,0.0,0.0,0,1254822
09-134-00715,2022,9,2022_09,3.137386139028038e-05,1.568693069514019e-05,24,1254822
09-134-00715,2022,10,2022_10,0.0,0.0,0,1254822
09-134-00715,2023,7,2023_07,2.6144884491900315e-06,1.3072442245950157e-06,2,1254822
09-134-00715,2023,8,2023_08,0.0,0.0,0,1254822
09-134-00715,2023,9,2023_09,0.0,0.0,0,1254822
09-134-00715,2024,7,2024_07,4.8994190105623306e-05,4.2798514197141875e-05,52,1254822
09-134-00715,2024,8,2024_08,0.0,0.0,0,1254822
09-134-00715,2024,9,2024_09,0.0,0.0,0,1254822
09-134-00715,2024,10,2024_10,0.0,0.0,0,1254822
09-134-00715,2025,6,2025_06,0.0,0.0,0,1254904
09-134-00715,2025,7,2025_07,0.0,0.0,0,1254904
09-134-00715,2025,8,2025_08,0.0,0.0,0,1254904
09-134-00715,2025,9,2025_09,0.0,0.0,0,1254904
09-134-00715,2025,10,2025_10,0.0,0.0,0,1254904
09-134-00716,2021,6,2021_06,0.0,0.0,0,369671
09-134-00716,2021,7,2021_07,0.0,0.0,0,369671
09-134-00716,2021,8,2021_08,0.0,0.0,0,369671
09-134-00716,2021,9,2021_09,0.0,0.0,0,369671
09-134-00716,2021,10,2021_10,0.0074119960721831,0.0074119960721831,2740,369671
09-134-00716,2022,8,2022_08,0.0,0.0,0,369671
09-134-00716,2022,9,2022_09,0.0001487809430547,0.0001487809430547,55,369671
09-134-00716,2022,10,2022_10,0.0,0.0,0,369671
09-134-00716,2023,7,2023_07,0.0050910133605286,0.0050910133605286,1882,369671
09-134-00716,2023,8,2023_08,0.0143154318299244,0.0143154318299244,5292,369671
09-134-00716,2023,9,2023_09,0.0,0.0,0,369671
09-134-00716,2024,7,2024_07,0.0,0.0,0,369671
09-134-00716,2024,8,2024_08,0.0,0.0,0,369671
09-134-00716,2024,9,2024_09,0.0,0.0,0,369671
09-134-00716,2024,10,2024_10,0.0,0.0,0,369671
09-134-00716,2025,6,2025_06,0.0,0.0,0,369658
09-134-00716,2025,7,2025_07,0.0,0.0,0,369658
09-134-00716,2025,8,2025_08,0.0,0.0,0,369658
09-134-00716,2025,9,2025_09,0.0005789134821916,0.0005789134821916,214,369658
09-134-00716,2025,10,2025_10,0.0,0.0,0,369658
09-135-00717,2021,6,2021_06,0.0,0.0,0,254438
09-135-00717,2021,7,2021_07,0.0,0.0,0,254438
09-135-00717,2021,8,2021_08,0.0,0.0,0,254438
09-135-00717,2021,9,2021_09,0.0,0.0,0,254438
09-135-00717,2021,10,2021_10,0.007487089192652,0.007487089192652,1905,254438
09-135-00717,2022,8,2022_08,0.0,0.0,0,254438
09-135-00717,2022,9,2022_09,0.0,0.0,0,254438
09-135-00717,2022,10,2022_10,0.0,0.0,0,254438
09-135-00717,2023,7,2023_07,0.0,0.0,0,254438
09-135-00717,2023,8,2023_08,0.0,0.0,0,254438
09-135-00717,2023,9,2023_09,0.0,0.0,0,254438
09-135-00717,2024,7,2024_07,0.0026725567721802,0.0026725567721802,680,254438
09-135-00717,2024,8,2024_08,0.0,0.0,0,254438
09-135-00717,2024,9,2024_09,0.0,0.0,0,254438
09-135-00717,2024,10,2024_10,0.0,0.0,0,254438
09-135-00717,2025,6,2025_06,0.0,0.0,0,254457
09-135-00717,2025,7,2025_07,0.0,0.0,0,254457
09-135-00717,2025,8,2025_08,0.0,0.0,0,254457
09-135-00717,2025,9,2025_09,0.0,0.0,0,254457
09-135-00717,2025,10,2025_10,0.0,0.0,0,254457
09-135-00718,2021,6,2021_06,0.0,0.0,0,30548
09-135-00718,2021,7,2021_07,0.0,0.0,0,30548
09-135-00718,2021,8,2021_08,0.0,0.0,0,30548
09-135-00718,2021,9,2021_09,0.0,0.0,0,30548
09-135-00718,2021,10,2021_10,0.0386604687704596,0.0386604687704596,1181,30548
09-135-00718,2022,8,2022_08,0.0,0.0,0,30548
09-135-00718,2022,9,2022_09,0.0,0.0,0,30548
09-135-00718,2022,10,2022_10,0.0,0.0,0,30548
09-135-00718,2023,7,2023_07,0.0,0.0,0,30548
09-135-00718,2023,8,2023_08,0.0,0.0,0,30548
09-135-00718,2023,9,2023_09,0.0,0.0,0,30548
09-135-00718,2024,7,2024_07,0.0,0.0,0,30548
09-135-00718,2024,8,2024_08,0.0,0.0,0,30548
09-135-00718,2024,9,2024_09,0.0,0.0,0,30548
09-135-00718,2024,10,2024_10,0.0,0.0,0,30548
09-135-00718,2025,6,2025_06,0.0,0.0,0,30546
09-135-00718,2025,7,2025_07,0.0,0.0,0,30546
09-135-00718,2025,8,2025_08,0.0,0.0,0,30546
09-135-00718,2025,9,2025_09,0.0,0.0,0,30546
09-135-00718,2025,10,2025_10,0.0,0.0,0,30546
09-135-00719,2021,6,2021_06,0.0,0.0,0,354336
09-135-00719,2021,7,2021_07,0.0,0.0,0,354336
09-135-00719,2021,8,2021_08,0.0,0.0,0,354336
09-135-00719,2021,9,2021_09,0.0001044206628736,0.0001044206628736,37,354336
09-135-00719,2021,10,2021_10,0.0318370134561546,0.0318370134561546,11281,354336
09-135-00719,2022,8,2022_08,0.0,0.0,0,354336
09-135-00719,2022,9,2022_09,0.0,0.0,0,354336
09-135-00719,2022,10,2022_10,0.0,0.0,0,354336
09-135-00719,2023,7,2023_07,0.0,0.0,0,354336
09-135-00719,2023,8,2023_08,8.466540232999188e-06,8.466540232999188e-06,3,354336
09-135-00719,2023,9,2023_09,0.0,0.0,0,354336
09-135-00719,2024,7,2024_07,0.0007337668201932,0.0007337668201932,260,354336
09-135-00719,2024,8,2024_08,0.0,0.0,0,354336
09-135-00719,2024,9,2024_09,0.0,0.0,0,354336
09-135-00719,2024,10,2024_10,0.0,0.0,0,354336
09-135-00719,2025,6,2025_06,0.0,0.0,0,354358
09-135-00719,2025,7,2025_07,0.0,0.0,0,354358
09-135-00719,2025,8,2025_08,0.0,0.0,0,354358
09-135-00719,2025,9,2025_09,0.0,0.0,0,354358
09-135-00719,2025,10,2025_10,0.0,0.0,0,354358
09-135-00720,2021,6,2021_06,0.0,0.0,0,254144
09-135-00720,2021,7,2021_07,0.0,0.0,0,254144
09-135-00720,2021,8,2021_08,0.0,0.0,0,254144
09-135-00720,2021,9,2021_09,8.263031981868546e-05,8.263031981868546e-05,21,254144
09-135-00720,2021,10,2021_10,0.0033681692268949,0.0033681692268949,856,254144
09-135-00720,2022,8,2022_08,0.0,0.0,0,254144
09-135-00720,2022,9,2022_09,0.0,0.0,0,254144
09-135-00720,2022,10,2022_10,0.0,0.0,0,254144
09-135-00720,2023,7,2023_07,0.0,0.0,0,254144
09-135-00720,2023,8,2023_08,0.000247890959456,0.000247890959456,63,254144
09-135-00720,2023,9,2023_09,0.0,0.0,0,254144
09-135-00720,2024,7,2024_07,0.0001809997481742,0.0001809997481742,46,254144
09-135-00720,2024,8,2024_08,0.0,0.0,0,254144
09-135-00720,2024,9,2024_09,0.0,0.0,0,254144
09-135-00720,2024,10,2024_10,0.0,0.0,0,254144
09-135-00720,2025,6,2025_06,0.0,0.0,0,254135
09-135-00720,2025,7,2025_07,0.0,0.0,0,254135
09-135-00720,2025,8,2025_08,0.0,0.0,0,254135
09-135-00720,2025,9,2025_09,0.0,0.0,0,254135
09-135-00720,2025,10,2025_10,0.0,0.0,0,254135
09-136-00723,2021,6,2021_06,0.0,0.0,0,187020
09-136-00723,2021,7,2021_07,0.0,0.0,0,187020
09-136-00723,2021,8,2021_08,0.0,0.0,0,187020
09-136-00723,2021,9,2021_09,0.0,0.0,0,187020
09-136-00723,2021,10,2021_10,0.0009571168858945,0.0009571168858945,179,187020
09-136-00723,2022,8,2022_08,0.0,0.0,0,187020
09-136-00723,2022,9,2022_09,0.0,0.0,0,187020
09-136-00723,2022,10,2022_10,0.0,0.0,0,187020
09-136-00723,2023,7,2023_07,0.0,0.0,0,187020
09-136-00723,2023,8,2023_08,0.0,0.0,0,187020
09-136-00723,2023,9,2023_09,0.0,0.0,0,187020
09-136-00723,2024,7,2024_07,0.0032028660036359,0.0032028660036359,599,187020
09-136-00723,2024,8,2024_08,0.0,0.0,0,187020
09-136-00723,2024,9,2024_09,0.0,0.0,0,187020
09-136-00723,2024,10,2024_10,0.0,0.0,0,187020
09-136-00723,2025,6,2025_06,0.0,0.0,0,187005
09-136-00723,2025,7,2025_07,0.0,0.0,0,187005
09-136-00723,2025,8,2025_08,0.0,0.0,0,187005
09-136-00723,2025,9,2025_09,0.0,0.0,0,187005
09-136-00723,2025,10,2025_10,0.0,0.0,0,187005
09-136-00724,2021,6,2021_06,0.0,0.0,0,143308
09-136-00724,2021,7,2021_07,0.0,0.0,0,143308
09-136-00724,2021,8,2021_08,0.0,0.0,0,143308
09-136-00724,2021,9,2021_09,0.0,0.0,0,143308
09-136-00724,2021,10,2021_10,0.027235046194211,0.027235046194211,3903,143308
09-136-00724,2022,8,2022_08,0.0,0.0,0,143308
09-136-00724,2022,9,2022_09,0.0,0.0,0,143308
09-136-00724,2022,10,2022_10,0.0,0.0,0,143308
09-136-00724,2023,7,2023_07,0.0,0.0,0,143308
09-136-00724,2023,8,2023_08,0.0,0.0,0,143308
09-136-00724,2023,9,2023_09,0.0,0.0,0,143308
09-136-00724,2024,7,2024_07,0.0023934462835291,0.0023934462835291,343,143308
09-136-00724,2024,8,2024_08,0.0,0.0,0,143308
09-136-00724,2024,9,2024_09,0.0,0.0,0,143308
09-136-00724,2024,10,2024_10,0.0,0.0,0,143308
09-136-00724,2025,6,2025_06,0.0,0.0,0,143312
09-136-00724,2025,7,2025_07,0.0,0.0,0,143312
09-136-00724,2025,8,2025_08,0.0,0.0,0,143312
09-136-00724,2025,9,2025_09,0.0,0.0,0,143312
09-136-00724,2025,10,2025_10,0.0,0.0,0,143312
09-136-00725,2021,6,2021_06,0.0,0.0,0,222934
09-136-00725,2021,7,2021_07,0.0,0.0,0,222934
09-136-00725,2021,8,2021_08,0.0,0.0,0,222934
09-136-00725,2021,9,2021_09,0.0,0.0,0,222934
09-136-00725,2021,10,2021_10,0.002812491589439,0.002812491589439,627,222934
09-136-00725,2022,8,2022_08,0.0,0.0,0,222934
09-136-00725,2022,9,2022_09,0.0,0.0,0,222934
09-136-00725,2022,10,2022_10,0.0,0.0,0,222934
09-136-00725,2023,7,2023_07,0.0,0.0,0,222934
09-136-00725,2023,8,2023_08,0.0,0.0,0,222934
09-136-00725,2023,9,2023_09,0.0,0.0,0,222934
09-136-00725,2024,7,2024_07,0.033826154826092,0.033826154826092,7541,222934
09-136-00725,2024,8,2024_08,0.0,0.0,0,222934
09-136-00725,2024,9,2024_09,0.0,0.0,0,222934
09-136-00725,2024,10,2024_10,0.0,0.0,0,222934
09-136-00725,2025,6,2025_06,0.0,0.0,0,222926
09-136-00725,2025,7,2025_07,0.0,0.0,0,222926
09-136-00725,2025,8,2025_08,0.0,0.0,0,222926
09-136-00725,2025,9,2025_09,0.0,0.0,0,222926
09-136-00725,2025,10,2025_10,0.0,0.0,0,222926
09-136-00726,2021,6,2021_06,0.0,0.0,0,150547
09-136-00726,2021,7,2021_07,0.0,0.0,0,150547
09-136-00726,2021,8,2021_08,0.0,0.0,0,150547
09-136-00726,2021,9,2021_09,0.000146133765535,0.000146133765535,22,150547
09-136-00726,2021,10,2021_10,0.1077404398626342,0.1077404398626342,16220,150547
09-136-00726,2022,8,2022_08,0.0,0.0,0,150547
09-136-00726,2022,9,2022_09,0.0,0.0,0,150547
09-136-00726,2022,10,2022_10,0.0,0.0,0,150547
09-136-00726,2023,7,2023_07,0.0,0.0,0,150547
09-136-00726,2023,8,2023_08,0.0,0.0,0,150547
09-136-00726,2023,9,2023_09,0.0,0.0,0,150547
09-136-00726,2024,7,2024_07,0.0249224494676081,0.0249224494676081,3752,150547
09-136-00726,2024,8,2024_08,0.0,0.0,0,150547
09-136-00726,2024,9,2024_09,0.0,0.0,0,150547
09-136-00726,2024,10,2024_10,0.0,0.0,0,150547
09-136-00726,2025,6,2025_06,0.0,0.0,0,150557
09-136-00726,2025,7,2025_07,0.0,0.0,0,150557
09-136-00726,2025,8,2025_08,0.0,0.0,0,150557
09-136-00726,2025,9,2025_09,0.0,0.0,0,150557
09-136-00726,2025,10,2025_10,0.0,0.0,0,150557
09-136-00727,2021,6,2021_06,0.0,0.0,0,196786
09-136-00727,2021,7,2021_07,0.0,0.0,0,196786
09-136-00727,2021,8,2021_08,0.0,0.0,0,196786
09-136-00727,2021,9,2021_09,0.0002591647779821,0.0002591647779821,51,196786
09-136-00727,2021,10,2021_10,0.0514772392344983,0.0514772392344983,10130,196786
09-136-00727,2022,8,2022_08,0.0,0.0,0,196786
09-136-00727,2022,9,2022_09,7.114327238726332e-05,7.114327238726332e-05,14,196786
09-136-00727,2022,10,2022_10,0.0,0.0,0,196786
09-136-00727,2023,7,2023_07,2.0326649253503805e-05,2.0326649253503805e-05,4,196786
09-136-00727,2023,8,2023_08,0.0001524498694012,0.0001524498694012,30,196786
09-136-00727,2023,9,2023_09,0.0,0.0,0,196786
09-136-00727,2024,7,2024_07,0.0058388299980689,0.0058388299980689,1149,196786
09-136-00727,2024,8,2024_08,0.0,0.0,0,196786
09-136-00727,2024,9,2024_09,0.0,0.0,0,196786
09-136-00727,2024,10,2024_10,0.0,0.0,0,196786
09-136-00727,2025,6,2025_06,0.0,0.0,0,196791
09-136-00727,2025,7,2025_07,0.0,0.0,0,196791
09-136-00727,2025,8,2025_08,0.0,0.0,0,196791
09-136-00727,2025,9,2025_09,0.0,0.0,0,196791
09-136-00727,2025,10,2025_10,0.0,0.0,0,196791
09-136-00728,2021,6,2021_06,0.0,0.0,0,183511
09-136-00728,2021,7,2021_07,0.0,0.0,0,183511
09-136-00728,2021,8,2021_08,0.0,0.0,0,183511
09-136-00728,2021,9,2021_09,0.0,0.0,0,183511
09-136-00728,2021,10,2021_10,0.0479753257297927,0.0479753257297927,8804,183511
09-136-00728,2022,8,2022_08,0.0,0.0,0,183511
09-136-00728,2022,9,2022_09,0.0,0.0,0,183511
09-136-00728,2022,10,2022_10,0.0,0.0,0,183511
09-136-00728,2023,7,2023_07,0.0,0.0,0,183511
09-136-00728,2023,8,2023_08,0.0,0.0,0,183511
09-136-00728,2023,9,2023_09,0.0,0.0,0,183511
09-136-00728,2024,7,2024_07,0.0474140514737536,0.0474140514737536,8701,183511
09-136-00728,2024,8,2024_08,0.0,0.0,0,183511
09-136-00728,2024,9,2024_09,0.0,0.0,0,183511
09-136-00728,2024,10,2024_10,0.0,0.0,0,183511
09-136-00728,2025,6,2025_06,0.0,0.0,0,183534
09-136-00728,2025,7,2025_07,0.0,0.0,0,183534
09-136-00728,2025,8,2025_08,0.0,0.0,0,183534
09-136-00728,2025,9,2025_09,0.0,0.0,0,183534
09-136-00728,2025,10,2025_10,0.0,0.0,0,183534
09-137-00718,2021,6,2021_06,0.0,0.0,0,136360
09-137-00718,2021,7,2021_07,0.0,0.0,0,136360
09-137-00718,2021,8,2021_08,0.0,0.0,0,136360
09-137-00718,2021,9,2021_09,0.0,0.0,0,136360
09-137-00718,2021,10,2021_10,0.0020607216192431,0.0020607216192431,281,136360
09-137-00718,2022,8,2022_08,0.0,0.0,0,136360
09-137-00718,2022,9,2022_09,0.0,0.0,0,136360
09-137-00718,2022,10,2022_10,0.0,0.0,0,136360
09-137-00718,2023,7,2023_07,0.0,0.0,0,136360
09-137-00718,2023,8,2023_08,0.0,0.0,0,136360
09-137-00718,2023,9,2023_09,0.0,0.0,0,136360
09-137-00718,2024,7,2024_07,0.0,0.0,0,136360
09-137-00718,2024,8,2024_08,0.0,0.0,0,136360
09-137-00718,2024,9,2024_09,0.0,0.0,0,136360
09-137-00718,2024,10,2024_10,0.0,0.0,0,136360
09-137-00718,2025,6,2025_06,0.0,0.0,0,136325
09-137-00718,2025,7,2025_07,0.0,0.0,0,136325
09-137-00718,2025,8,2025_08,0.0,0.0,0,136325
09-137-00718,2025,9,2025_09,0.0,0.0,0,136325
09-137-00718,2025,10,2025_10,0.0,0.0,0,136325
09-137-00729,2021,6,2021_06,0.0,0.0,0,307474
09-137-00729,2021,7,2021_07,0.0,0.0,0,307474
09-137-00729,2021,8,2021_08,0.0,0.0,0,307474
09-137-00729,2021,9,2021_09,0.0,0.0,0,307474
09-137-00729,2021,10,2021_10,0.0163851252463622,0.0163851252463622,5038,307474
09-137-00729,2022,8,2022_08,0.0,0.0,0,307474
09-137-00729,2022,9,2022_09,0.0,0.0,0,307474
09-137-00729,2022,10,2022_10,0.0,0.0,0,307474
09-137-00729,2023,7,2023_07,0.0086543902899106,0.0086543902899106,2661,307474
09-137-00729,2023,8,2023_08,0.0346826073098863,0.0346826073098863,10664,307474
09-137-00729,2023,9,2023_09,0.0,0.0,0,307474
09-137-00729,2024,7,2024_07,0.0,0.0,0,307474
09-137-00729,2024,8,2024_08,0.0,0.0,0,307474
09-137-00729,2024,9,2024_09,0.0,0.0,0,307474
09-137-00729,2024,10,2024_10,0.0,0.0,0,307474
09-137-00729,2025,6,2025_06,0.0,0.0,0,307501
09-137-00729,2025,7,2025_07,0.0,0.0,0,307501
09-137-00729,2025,8,2025_08,0.0,0.0,0,307501
09-137-00729,2025,9,2025_09,0.0025365771168223,0.0025365771168223,780,307501
09-137-00729,2025,10,2025_10,0.0,0.0,0,307501
09-137-00730,2021,6,2021_06,0.0,0.0,0,292765
09-137-00730,2021,7,2021_07,0.0,0.0,0,292765
09-137-00730,2021,8,2021_08,0.0,0.0,0,292765
09-137-00730,2021,9,2021_09,0.0,0.0,0,292765
09-137-00730,2021,10,2021_10,0.0,0.0,0,292765
09-137-00730,2022,8,2022_08,0.0,0.0,0,292765
09-137-00730,2022,9,2022_09,0.0,0.0,0,292765
09-137-00730,2022,10,2022_10,0.0,0.0,0,292765
09-137-00730,2023,7,2023_07,0.0,0.0,0,292765
09-137-00730,2023,8,2023_08,0.0,0.0,0,292765
09-137-00730,2023,9,2023_09,0.0,0.0,0,292765
09-137-00730,2024,7,2024_07,0.0,0.0,0,292765
09-137-00730,2024,8,2024_08,0.0,0.0,0,292765
09-137-00730,2024,9,2024_09,0.0,0.0,0,292765
09-137-00730,2024,10,2024_10,0.0,0.0,0,292765
09-137-00730,2025,6,2025_06,0.0,0.0,0,292776
09-137-00730,2025,7,2025_07,0.0,0.0,0,292776
09-137-00730,2025,8,2025_08,0.0,0.0,0,292776
09-137-00730,2025,9,2025_09,0.0,0.0,0,292776
09-137-00730,2025,10,2025_10,0.0,0.0,0,292776
09-137-00731,2021,6,2021_06,0.0,0.0,0,389674
09-137-00731,2021,7,2021_07,0.0,0.0,0,389674
09-137-00731,2021,8,2021_08,0.0,0.0,0,389674
09-137-00731,2021,9,2021_09,1.539748610376879e-05,1.539748610376879e-05,6,389674
09-137-00731,2021,10,2021_10,0.0,0.0,0,389674
09-137-00731,2022,8,2022_08,0.0001052161550424,0.0001052161550424,41,389674
09-137-00731,2022,9,2022_09,0.0,0.0,0,389674
09-137-00731,2022,10,2022_10,0.0,0.0,0,389674
09-137-00731,2023,7,2023_07,0.0042317424308524,0.0042317424308524,1649,389674
09-137-00731,2023,8,2023_08,0.009318045340464,0.009318045340464,3631,389674
09-137-00731,2023,9,2023_09,0.0,0.0,0,389674
09-137-00731,2024,7,2024_07,0.0004131658771177,0.0004131658771177,161,389674
09-137-00731,2024,8,2024_08,0.0,0.0,0,389674
09-137-00731,2024,9,2024_09,0.0,0.0,0,389674
09-137-00731,2024,10,2024_10,0.0,0.0,0,389674
09-137-00731,2025,6,2025_06,0.0,0.0,0,389671
09-137-00731,2025,7,2025_07,0.0,0.0,0,389671
09-137-00731,2025,8,2025_08,0.0,0.0,0,389671
09-137-00731,2025,9,2025_09,0.0,0.0,0,389671
09-137-00731,2025,10,2025_10,0.0,0.0,0,389671
09-138-00732,2021,6,2021_06,0.0,0.0,0,272541
09-138-00732,2021,7,2021_07,0.0,0.0,0,272541
09-138-00732,2021,8,2021_08,0.0,0.0,0,272541
09-138-00732,2021,9,2021_09,0.0,0.0,0,272541
09-138-00732,2021,10,2021_10,0.0,0.0,0,272541
09-138-00732,2022,8,2022_08,0.0,0.0,0,272541
09-138-00732,2022,9,2022_09,0.0003008721623535,0.0003008721623535,82,272541
09-138-00732,2022,10,2022_10,0.0,0.0,0,272541
09-138-00732,2023,7,2023_07,0.0,0.0,0,272541
09-138-00732,2023,8,2023_08,0.0,0.0,0,272541
09-138-00732,2023,9,2023_09,0.0,0.0,0,272541
09-138-00732,2024,7,2024_07,0.0001944661537163,0.0001944661537163,53,272541
09-138-00732,2024,8,2024_08,0.0,0.0,0,272541
09-138-00732,2024,9,2024_09,0.0,0.0,0,272541
09-138-00732,2024,10,2024_10,0.0,0.0,0,272541
09-138-00732,2025,6,2025_06,0.0,0.0,0,272518
09-138-00732,2025,7,2025_07,0.0,0.0,0,272518
09-138-00732,2025,8,2025_08,0.0,0.0,0,272518
09-138-00732,2025,9,2025_09,0.0,0.0,0,272518
09-138-00732,2025,10,2025_10,0.0,0.0,0,272518
09-138-00733,2021,6,2021_06,0.0,0.0,0,485945
09-138-00733,2021,7,2021_07,0.0,0.0,0,485945
09-138-00733,2021,8,2021_08,0.0,0.0,0,485945
09-138-00733,2021,9,2021_09,0.0,0.0,0,485945
09-138-00733,2021,10,2021_10,0.0222782413647635,0.0222782413647635,10826,485945
09-138-00733,2022,8,2022_08,0.0,0.0,0,485945
09-138-00733,2022,9,2022_09,0.0006605685828643,0.0006605685828643,321,485945
09-138-00733,2022,10,2022_10,0.0,0.0,0,485945
09-138-00733,2023,7,2023_07,0.0229017687186821,0.0229017687186821,11129,485945
09-138-00733,2023,8,2023_08,0.0370165347930321,0.0370165347930321,17988,485945
09-138-00733,2023,9,2023_09,0.0,0.0,0,485945
09-138-00733,2024,7,2024_07,1.2347076315220858e-05,1.2347076315220858e-05,6,485945
09-138-00733,2024,8,2024_08,0.0,0.0,0,485945
09-138-00733,2024,9,2024_09,0.0,0.0,0,485945
09-138-00733,2024,10,2024_10,0.0,0.0,0,485945
09-138-00733,2025,6,2025_06,0.0,0.0,0,485926
09-138-00733,2025,7,2025_07,0.0,0.0,0,485926
09-138-00733,2025,8,2025_08,0.0,0.0,0,485926
09-138-00733,2025,9,2025_09,0.0037701213765058,0.0037701213765058,1832,485926
09-138-00733,2025,10,2025_10,0.0,0.0,0,485926
09-138-00734,2021,6,2021_06,0.0,0.0,0,432203
09-138-00734,2021,7,2021_07,0.0,0.0,0,432203
09-138-00734,2021,8,2021_08,0.0,0.0,0,432203
09-138-00734,2021,9,2021_09,0.0,0.0,0,432203
09-138-00734,2021,10,2021_10,0.0,0.0,0,432203
09-138-00734,2022,8,2022_08,0.0,0.0,0,432203
09-138-00734,2022,9,2022_09,2.776473092505142e-05,2.776473092505142e-05,12,432203
09-138-00734,2022,10,2022_10,0.0,0.0,0,432203
09-138-00734,2023,7,2023_07,0.0,0.0,0,432203
09-138-00734,2023,8,2023_08,0.0,0.0,0,432203
09-138-00734,2023,9,2023_09,0.0,0.0,0,432203
09-138-00734,2024,7,2024_07,9.94902858147676e-05,9.94902858147676e-05,43,432203
09-138-00734,2024,8,2024_08,0.0,0.0,0,432203
09-138-00734,2024,9,2024_09,0.0,0.0,0,432203
09-138-00734,2024,10,2024_10,0.0,0.0,0,432203
09-138-00734,2025,6,2025_06,0.0,0.0,0,432175
09-138-00734,2025,7,2025_07,0.0,0.0,0,432175
09-138-00734,2025,8,2025_08,0.0,0.0,0,432175
09-138-00734,2025,9,2025_09,0.0,0.0,0,432175
09-138-00734,2025,10,2025_10,0.0,0.0,0,432175
09-139-00735,2021,6,2021_06,0.0,0.0,0,336441
09-139-00735,2021,7,2021_07,0.0,0.0,0,336441
09-139-00735,2021,8,2021_08,0.0,0.0,0,336441
09-139-00735,2021,9,2021_09,0.0,0.0,0,336441
09-139-00735,2021,10,2021_10,0.0,0.0,0,336441
09-139-00735,2022,8,2022_08,0.0,0.0,0,336441
09-139-00735,2022,9,2022_09,0.0,0.0,0,336441
09-139-00735,2022,10,2022_10,0.0,0.0,0,336441
09-139-00735,2023,7,2023_07,0.0,0.0,0,336441
09-139-00735,2023,8,2023_08,0.0,0.0,0,336441
09-139-00735,2023,9,2023_09,0.0,0.0,0,336441
09-139-00735,2024,7,2024_07,1.1889157385693183e-05,1.1889157385693183e-05,4,336441
09-139-00735,2024,8,2024_08,0.0,0.0,0,336441
09-139-00735,2024,9,2024_09,0.0,0.0,0,336441
09-139-00735,2024,10,2024_10,0.0,0.0,0,336441
09-139-00735,2025,6,2025_06,0.0,0.0,0,336453
09-139-00735,2025,7,2025_07,0.0,0.0,0,336453
09-139-00735,2025,8,2025_08,0.0,0.0,0,336453
09-139-00735,2025,9,2025_09,0.0,0.0,0,336453
09-139-00735,2025,10,2025_10,0.0,0.0,0,336453
09-139-00736,2021,6,2021_06,0.0,0.0,0,185647
09-139-00736,2021,7,2021_07,0.0,0.0,0,185647
09-139-00736,2021,8,2021_08,0.0,0.0,0,185647
09-139-00736,2021,9,2021_09,0.0,0.0,0,185647
09-139-00736,2021,10,2021_10,0.0,0.0,0,185647
09-139-00736,2022,8,2022_08,0.0,0.0,0,185647
09-139-00736,2022,9,2022_09,0.0,0.0,0,185647
09-139-00736,2022,10,2022_10,0.0,0.0,0,185647
09-139-00736,2023,7,2023_07,0.0001346641744816,0.0001346641744816,25,185647
09-139-00736,2023,8,2023_08,0.0,0.0,0,185647
09-139-00736,2023,9,2023_09,0.0,0.0,0,185647
09-139-00736,2024,7,2024_07,7.541193770973945e-05,7.541193770973945e-05,14,185647
09-139-00736,2024,8,2024_08,0.0,0.0,0,185647
09-139-00736,2024,9,2024_09,0.0,0.0,0,185647
09-139-00736,2024,10,2024_10,0.0,0.0,0,185647
09-139-00736,2025,6,2025_06,0.0,0.0,0,185652
09-139-00736,2025,7,2025_07,0.0,0.0,0,185652
09-139-00736,2025,8,2025_08,0.0,0.0,0,185652
09-139-00736,2025,9,2025_09,0.0,0.0,0,185652
09-139-00736,2025,10,2025_10,0.0,0.0,0,185652
09-139-00737,2021,6,2021_06,0.0,0.0,0,85364
09-139-00737,2021,7,2021_07,0.0,0.0,0,85364
09-139-00737,2021,8,2021_08,0.0,0.0,0,85364
09-139-00737,2021,9,2021_09,0.0,0.0,0,85364
09-139-00737,2021,10,2021_10,0.0,0.0,0,85364
09-139-00737,2022,8,2022_08,0.0,0.0,0,85364
09-139-00737,2022,9,2022_09,0.0,0.0,0,85364
09-139-00737,2022,10,2022_10,0.0,0.0,0,85364
09-139-00737,2023,7,2023_07,0.0320978398388079,0.0320978398388079,2740,85364
09-139-00737,2023,8,2023_08,0.0,0.0,0,85364
09-139-00737,2023,9,2023_09,0.0,0.0,0,85364
09-139-00737,2024,7,2024_07,0.000152289021133,0.000152289021133,13,85364
09-139-00737,2024,8,2024_08,0.0,0.0,0,85364
09-139-00737,2024,9,2024_09,0.0,0.0,0,85364
09-139-00737,2024,10,2024_10,0.0,0.0,0,85364
09-139-00737,2025,6,2025_06,0.0,0.0,0,85366
09-139-00737,2025,7,2025_07,0.0,0.0,0,85366
09-139-00737,2025,8,2025_08,0.0,0.0,0,85366
09-139-00737,2025,9,2025_09,0.0,0.0,0,85366
09-139-00737,2025,10,2025_10,0.0,0.0,0,85366
09-140-00738,2021,6,2021_06,0.0,0.0,0,207515
09-140-00738,2021,7,2021_07,0.0,0.0,0,207515
09-140-00738,2021,8,2021_08,0.0,0.0,0,207515
09-140-00738,2021,9,2021_09,0.0,0.0,0,207515
09-140-00738,2021,10,2021_10,0.0,0.0,0,207515
09-140-00738,2022,8,2022_08,0.0,0.0,0,207515
09-140-00738,2022,9,2022_09,0.0,0.0,0,207515
09-140-00738,2022,10,2022_10,0.0,0.0,0,207515
09-140-00738,2023,7,2023_07,0.0004096089439317,0.0004096089439317,85,207515
09-140-00738,2023,8,2023_08,0.0,0.0,0,207515
09-140-00738,2023,9,2023_09,0.0,0.0,0,207515
09-140-00738,2024,7,2024_07,0.0001252921475555,0.0001252921475555,26,207515
09-140-00738,2024,8,2024_08,0.0,0.0,0,207515
09-140-00738,2024,9,2024_09,0.0,0.0,0,207515
09-140-00738,2024,10,2024_10,0.0,0.0,0,207515
09-140-00738,2025,6,2025_06,0.0,0.0,0,207551
09-140-00738,2025,7,2025_07,0.0,0.0,0,207551
09-140-00738,2025,8,2025_08,0.0,0.0,0,207551
09-140-00738,2025,9,2025_09,0.0,0.0,0,207551
09-140-00738,2025,10,2025_10,0.0,0.0,0,207551
09-140-00739,2021,6,2021_06,0.0,0.0,0,209876
09-140-00739,2021,7,2021_07,0.0,0.0,0,209876
09-140-00739,2021,8,2021_08,0.0,0.0,0,209876
09-140-00739,2021,9,2021_09,0.0,0.0,0,209876
09-140-00739,2021,10,2021_10,0.0,0.0,0,209876
09-140-00739,2022,8,2022_08,0.0,0.0,0,209876
09-140-00739,2022,9,2022_09,0.0,0.0,0,209876
09-140-00739,2022,10,2022_10,0.0,0.0,0,209876
09-140-00739,2023,7,2023_07,0.0109064399931388,0.0109064399931388,2289,209876
09-140-00739,2023,8,2023_08,0.0007575901961158,0.0007575901961158,159,209876
09-140-00739,2023,9,2023_09,0.0,0.0,0,209876
09-140-00739,2024,7,2024_07,9.529436429129582e-05,9.529436429129582e-05,20,209876
09-140-00739,2024,8,2024_08,0.0,0.0,0,209876
09-140-00739,2024,9,2024_09,0.0,0.0,0,209876
09-140-00739,2024,10,2024_10,0.0,0.0,0,209876
09-140-00739,2025,6,2025_06,0.0,0.0,0,209858
09-140-00739,2025,7,2025_07,0.0,0.0,0,209858
09-140-00739,2025,8,2025_08,0.0,0.0,0,209858
09-140-00739,2025,9,2025_09,0.0,0.0,0,209858
09-140-00739,2025,10,2025_10,0.0,0.0,0,209858
09-141-00742,2021,6,2021_06,0.0,0.0,0,220757
09-141-00742,2021,7,2021_07,0.0,0.0,0,220757
09-141-00742,2021,8,2021_08,0.0,0.0,0,220757
09-141-00742,2021,9,2021_09,0.0,0.0,0,220757
09-141-00742,2021,10,2021_10,0.0,0.0,0,220757
09-141-00742,2022,8,2022_08,0.0,0.0,0,220757
09-141-00742,2022,9,2022_09,0.0,0.0,0,220757
09-141-00742,2022,10,2022_10,0.0,0.0,0,220757
09-141-00742,2023,7,2023_07,3.6238941460519936e-05,3.6238941460519936e-05,8,220757
09-141-00742,2023,8,2023_08,0.0,0.0,0,220757
09-141-00742,2023,9,2023_09,0.0,0.0,0,220757
09-141-00742,2024,7,2024_07,0.0003125608700969,0.0003125608700969,69,220757
09-141-00742,2024,8,2024_08,0.0,0.0,0,220757
09-141-00742,2024,9,2024_09,0.0,0.0,0,220757
09-141-00742,2024,10,2024_10,0.0,0.0,0,220757
09-141-00742,2025,6,2025_06,0.0,0.0,0,220753
09-141-00742,2025,7,2025_07,0.0,0.0,0,220753
09-141-00742,2025,8,2025_08,0.0,0.0,0,220753
09-141-00742,2025,9,2025_09,0.0,0.0,0,220753
09-141-00742,2025,10,2025_10,0.0,0.0,0,220753
09-141-00743,2021,6,2021_06,0.0,0.0,0,238619
09-141-00743,2021,7,2021_07,0.0,0.0,0,238619
09-141-00743,2021,8,2021_08,0.0,0.0,0,238619
09-141-00743,2021,9,2021_09,0.0,0.0,0,238619
09-141-00743,2021,10,2021_10,0.0,0.0,0,238619
09-141-00743,2022,8,2022_08,0.0,0.0,0,238619
09-141-00743,2022,9,2022_09,0.0,0.0,0,238619
09-141-00743,2022,10,2022_10,0.0,0.0,0,238619
09-141-00743,2023,7,2023_07,0.0386683373914063,0.0386683373914063,9227,238619
09-141-00743,2023,8,2023_08,0.0035789270762177,0.0035789270762177,854,238619
09-141-00743,2023,9,2023_09,0.0,0.0,0,238619
09-141-00743,2024,7,2024_07,0.0047272011030135,0.0047272011030135,1128,238619
09-141-00743,2024,8,2024_08,0.0,0.0,0,238619
09-141-00743,2024,9,2024_09,0.0,0.0,0,238619
09-141-00743,2024,10,2024_10,0.0,0.0,0,238619
09-141-00743,2025,6,2025_06,0.0,0.0,0,238601
09-141-00743,2025,7,2025_07,0.0,0.0,0,238601
09-141-00743,2025,8,2025_08,0.0,0.0,0,238601
09-141-00743,2025,9,2025_09,0.0,0.0,0,238601
09-141-00743,2025,10,2025_10,0.0,0.0,0,238601
09-141-00744,2021,6,2021_06,0.0,0.0,0,185943
09-141-00744,2021,7,2021_07,0.0,0.0,0,185943
09-141-00744,2021,8,2021_08,0.0,0.0,0,185943
09-141-00744,2021,9,2021_09,0.0,0.0,0,185943
09-141-00744,2021,10,2021_10,0.0,0.0,0,185943
09-141-00744,2022,8,2022_08,0.0,0.0,0,185943
09-141-00744,2022,9,2022_09,0.0,0.0,0,185943
09-141-00744,2022,10,2022_10,0.0,0.0,0,185943
09-141-00744,2023,7,2023_07,0.025437903013289,0.025437903013289,4730,185943
09-141-00744,2023,8,2023_08,0.0014251679278058,0.0014251679278058,265,185943
09-141-00744,2023,9,2023_09,0.0,0.0,0,185943
09-141-00744,2024,7,2024_07,0.0027105080589212,0.0027105080589212,504,185943
09-141-00744,2024,8,2024_08,0.0,0.0,0,185943
09-141-00744,2024,9,2024_09,0.0,0.0,0,185943
09-141-00744,2024,10,2024_10,0.0,0.0,0,185943
09-141-00744,2025,6,2025_06,0.0,0.0,0,185980
09-141-00744,2025,7,2025_07,0.0,0.0,0,185980
09-141-00744,2025,8,2025_08,0.0,0.0,0,185980
09-141-00744,2025,9,2025_09,0.0,0.0,0,185980
09-141-00744,2025,10,2025_10,0.0,0.0,0,185980
09-142-00745,2021,6,2021_06,0.0,0.0,0,138357
09-142-00745,2021,7,2021_07,0.0,0.0,0,138357
09-142-00745,2021,8,2021_08,0.0,0.0,0,138357
09-142-00745,2021,9,2021_09,0.0,0.0,0,138357
09-142-00745,2021,10,2021_10,0.0,0.0,0,138357
09-142-00745,2022,8,2022_08,0.0,0.0,0,138357
09-142-00745,2022,9,2022_09,0.0,0.0,0,138357
09-142-00745,2022,10,2022_10,0.0,0.0,0,138357
09-142-00745,2023,7,2023_07,0.0,0.0,0,138357
09-142-00745,2023,8,2023_08,0.0,0.0,0,138357
09-142-00745,2023,9,2023_09,0.0,0.0,0,138357
09-142-00745,2024,7,2024_07,0.0001011875076794,0.0001011875076794,14,138357
09-142-00745,2024,8,2024_08,0.0,0.0,0,138357
09-142-00745,2024,9,2024_09,0.0,0.0,0,138357
09-142-00745,2024,10,2024_10,0.0,0.0,0,138357
09-142-00745,2025,6,2025_06,0.0,0.0,0,138327
09-142-00745,2025,7,2025_07,0.0,0.0,0,138327
09-142-00745,2025,8,2025_08,0.0,0.0,0,138327
09-142-00745,2025,9,2025_09,0.0,0.0,0,138327
09-142-00745,2025,10,2025_10,0.0,0.0,0,138327
09-142-00746,2021,6,2021_06,0.0,0.0,0,268384
09-142-00746,2021,7,2021_07,0.0,0.0,0,268384
09-142-00746,2021,8,2021_08,0.0,0.0,0,268384
09-142-00746,2021,9,2021_09,0.0,0.0,0,268384
09-142-00746,2021,10,2021_10,0.0,0.0,0,268384
09-142-00746,2022,8,2022_08,0.0,0.0,0,268384
09-142-00746,2022,9,2022_09,0.0,0.0,0,268384
09-142-00746,2022,10,2022_10,0.0,0.0,0,268384
09-142-00746,2023,7,2023_07,0.0,0.0,0,268384
09-142-00746,2023,8,2023_08,0.0,0.0,0,268384
09-142-00746,2023,9,2023_09,0.0,0.0,0,268384
09-142-00746,2024,7,2024_07,7.452009061643018e-05,7.452009061643018e-05,20,268384
09-142-00746,2024,8,2024_08,0.0,0.0,0,268384
09-142-00746,2024,9,2024_09,0.0,0.0,0,268384
09-142-00746,2024,10,2024_10,0.0,0.0,0,268384
09-142-00746,2025,6,2025_06,0.0,0.0,0,268412
09-142-00746,2025,7,2025_07,0.0,0.0,0,268412
09-142-00746,2025,8,2025_08,0.0,0.0,0,268412
09-142-00746,2025,9,2025_09,0.0,0.0,0,268412
09-142-00746,2025,10,2025_10,0.0,0.0,0,268412
09-142-00747,2021,6,2021_06,0.0,0.0,0,311571
09-142-00747,2021,7,2021_07,0.0,0.0,0,311571
09-142-00747,2021,8,2021_08,0.0,0.0,0,311571
09-142-00747,2021,9,2021_09,1.6047706622246614e-05,1.6047706622246614e-05,5,311571
09-142-00747,2021,10,2021_10,9.62862397334797e-06,9.62862397334797e-06,3,311571
09-142-00747,2022,8,2022_08,0.0,0.0,0,311571
09-142-00747,2022,9,2022_09,0.0,0.0,0,311571
09-142-00747,2022,10,2022_10,0.0,0.0,0,311571
09-142-00747,2023,7,2023_07,0.0009532337733614,0.0009532337733614,297,311571
09-142-00747,2023,8,2023_08,0.0015758847903046,0.0015758847903046,491,311571
09-142-00747,2023,9,2023_09,0.0,0.0,0,311571
09-142-00747,2024,7,2024_07,6.419082648898646e-06,6.419082648898646e-06,2,311571
09-142-00747,2024,8,2024_08,0.0,0.0,0,311571
09-142-00747,2024,9,2024_09,0.0,0.0,0,311571
09-142-00747,2024,10,2024_10,0.0,0.0,0,311571
09-142-00747,2025,6,2025_06,0.0,0.0,0,311582
09-142-00747,2025,7,2025_07,0.0,0.0,0,311582
09-142-00747,2025,8,2025_08,0.0,0.0,0,311582
09-142-00747,2025,9,2025_09,0.0,0.0,0,311582
09-142-00747,2025,10,2025_10,0.0,0.0,0,311582
09-142-00748,2021,6,2021_06,0.0,0.0,0,150890
09-142-00748,2021,7,2021_07,0.0,0.0,0,150890
09-142-00748,2021,8,2021_08,0.0,0.0,0,150890
09-142-00748,2021,9,2021_09,0.0,0.0,0,150890
09-142-00748,2021,10,2021_10,0.0,0.0,0,150890
09-142-00748,2022,8,2022_08,0.0004771687984624,0.0004771687984624,72,150890
09-142-00748,2022,9,2022_09,0.0,0.0,0,150890
09-142-00748,2022,10,2022_10,0.0,0.0,0,150890
09-142-00748,2023,7,2023_07,0.0036052753661607,0.0036052753661607,544,150890
09-142-00748,2023,8,2023_08,0.0117370269732918,0.0117370269732918,1771,150890
09-142-00748,2023,9,2023_09,0.0,0.0,0,150890
09-142-00748,2024,7,2024_07,0.0005699516203857,0.0005699516203857,86,150890
09-142-00748,2024,8,2024_08,0.0,0.0,0,150890
09-142-00748,2024,9,2024_09,0.0,0.0,0,150890
09-142-00748,2024,10,2024_10,0.0,0.0,0,150890
09-142-00748,2025,6,2025_06,0.0,0.0,0,150889
09-142-00748,2025,7,2025_07,0.0,0.0,0,150889
09-142-00748,2025,8,2025_08,0.0,0.0,0,150889
09-142-00748,2025,9,2025_09,0.0,0.0,0,150889
09-142-00748,2025,10,2025_10,0.0,0.0,0,150889
09-142-00749,2021,6,2021_06,0.0,0.0,0,242401
09-142-00749,2021,7,2021_07,0.0,0.0,0,242401
09-142-00749,2021,8,2021_08,0.0,0.0,0,242401
09-142-00749,2021,9,2021_09,0.0,0.0,0,242401
09-142-00749,2021,10,2021_10,0.0003795363880512,0.0003795363880512,92,242401
09-142-00749,2022,8,2022_08,1.23761865668871e-05,1.23761865668871e-05,3,242401
09-142-00749,2022,9,2022_09,0.0,0.0,0,242401
09-142-00749,2022,10,2022_10,0.0,0.0,0,242401
09-142-00749,2023,7,2023_07,0.0006105585372997,0.0006105585372997,148,242401
09-142-00749,2023,8,2023_08,0.0036633512237985,0.0036633512237985,888,242401
09-142-00749,2023,9,2023_09,0.0,0.0,0,242401
09-142-00749,2024,7,2024_07,0.0005156744402869,0.0005156744402869,125,242401
09-142-00749,2024,8,2024_08,0.0,0.0,0,242401
09-142-00749,2024,9,2024_09,0.0,0.0,0,242401
09-142-00749,2024,10,2024_10,0.0,0.0,0,242401
09-142-00749,2025,6,2025_06,0.0,0.0,0,242421
09-142-00749,2025,7,2025_07,0.0,0.0,0,242421
09-142-00749,2025,8,2025_08,0.0,0.0,0,242421
09-142-00749,2025,9,2025_09,0.0,0.0,0,242421
09-142-00749,2025,10,2025_10,0.0,0.0,0,242421
09-142-00750,2021,6,2021_06,0.0,0.0,0,250168
09-142-00750,2021,7,2021_07,0.0,0.0,0,250168
09-142-00750,2021,8,2021_08,0.0,0.0,0,250168
09-142-00750,2021,9,2021_09,0.0,0.0,0,250168
09-142-00750,2021,10,2021_10,0.0,0.0,0,250168
09-142-00750,2022,8,2022_08,0.0,0.0,0,250168
09-142-00750,2022,9,2022_09,0.0,0.0,0,250168
09-142-00750,2022,10,2022_10,0.0,0.0,0,250168
09-142-00750,2023,7,2023_07,0.0002878065939688,0.0002878065939688,72,250168
09-142-00750,2023,8,2023_08,0.0,0.0,0,250168
09-142-00750,2023,9,2023_09,0.0,0.0,0,250168
09-142-00750,2024,7,2024_07,0.0007075245435067,0.0007075245435067,177,250168
09-142-00750,2024,8,2024_08,0.0,0.0,0,250168
09-142-00750,2024,9,2024_09,0.0,0.0,0,250168
09-142-00750,2024,10,2024_10,0.0,0.0,0,250168
09-142-00750,2025,6,2025_06,0.0,0.0,0,250168
09-142-00750,2025,7,2025_07,0.0,0.0,0,250168
09-142-00750,2025,8,2025_08,0.0,0.0,0,250168
09-142-00750,2025,9,2025_09,0.0,0.0,0,250168
09-142-00750,2025,10,2025_10,0.0,0.0,0,250168
09-142-00751,2021,6,2021_06,0.0,0.0,0,243375
09-142-00751,2021,7,2021_07,0.0,0.0,0,243375
09-142-00751,2021,8,2021_08,0.0,0.0,0,243375
09-142-00751,2021,9,2021_09,0.0,0.0,0,243375
09-142-00751,2021,10,2021_10,0.0,0.0,0,243375
09-142-00751,2022,8,2022_08,0.0,0.0,0,243375
09-142-00751,2022,9,2022_09,0.0001150487930148,0.0001150487930148,28,243375
09-142-00751,2022,10,2022_10,0.0,0.0,0,243375
09-142-00751,2023,7,2023_07,0.0037103235747303,0.0037103235747303,903,243375
09-142-00751,2023,8,2023_08,0.0,0.0,0,243375
09-142-00751,2023,9,2023_09,0.0,0.0,0,243375
09-142-00751,2024,7,2024_07,6.985105290190035e-05,6.985105290190035e-05,17,243375
09-142-00751,2024,8,2024_08,0.0,0.0,0,243375
09-142-00751,2024,9,2024_09,0.0,0.0,0,243375
09-142-00751,2024,10,2024_10,0.0,0.0,0,243375
09-142-00751,2025,6,2025_06,0.0,0.0,0,243373
09-142-00751,2025,7,2025_07,0.0,0.0,0,243373
09-142-00751,2025,8,2025_08,0.0,0.0,0,243373
09-142-00751,2025,9,2025_09,0.0,0.0,0,243373
09-142-00751,2025,10,2025_10,0.0,0.0,0,243373
09-143-00752,2021,6,2021_06,0.0,0.0,0,318265
09-143-00752,2021,7,2021_07,0.0,0.0,0,318265
09-143-00752,2021,8,2021_08,0.0,0.0,0,318265
09-143-00752,2021,9,2021_09,0.0,0.0,0,318265
09-143-00752,2021,10,2021_10,0.0,0.0,0,318265
09-143-00752,2022,8,2022_08,0.0,0.0,0,318265
09-143-00752,2022,9,2022_09,0.0,0.0,0,318265
09-143-00752,2022,10,2022_10,0.0,0.0,0,318265
09-143-00752,2023,7,2023_07,0.0445163621510376,0.0445163621510376,14168,318265
09-143-00752,2023,8,2023_08,0.0108337391796144,0.0108337391796144,3448,318265
09-143-00752,2023,9,2023_09,0.0,0.0,0,318265
09-143-00752,2024,7,2024_07,0.0330322215763593,0.0330322215763593,10513,318265
09-143-00752,2024,8,2024_08,0.0,0.0,0,318265
09-143-00752,2024,9,2024_09,0.0,0.0,0,318265
09-143-00752,2024,10,2024_10,0.0,0.0,0,318265
09-143-00752,2025,6,2025_06,0.0,0.0,0,318242
09-143-00752,2025,7,2025_07,0.0,0.0,0,318242
09-143-00752,2025,8,2025_08,0.0,0.0,0,318242
09-143-00752,2025,9,2025_09,0.0,0.0,0,318242
09-143-00752,2025,10,2025_10,0.0,0.0,0,318242
09-143-00753,2021,6,2021_06,0.0,0.0,0,226024
09-143-00753,2021,7,2021_07,0.0,0.0,0,226024
09-143-00753,2021,8,2021_08,0.0,0.0,0,226024
09-143-00753,2021,9,2021_09,0.0,0.0,0,226024
09-143-00753,2021,10,2021_10,0.0,0.0,0,226024
09-143-00753,2022,8,2022_08,0.0,0.0,0,226024
09-143-00753,2022,9,2022_09,0.0002698828442997,0.0002698828442997,61,226024
09-143-00753,2022,10,2022_10,0.0,0.0,0,226024
09-143-00753,2023,7,2023_07,0.0001194563409195,0.0001194563409195,27,226024
09-143-00753,2023,8,2023_08,0.0,0.0,0,226024
09-143-00753,2023,9,2023_09,0.0,0.0,0,226024
09-143-00753,2024,7,2024_07,0.0009910451987399,0.0009910451987399,224,226024
09-143-00753,2024,8,2024_08,0.0,0.0,0,226024
09-143-00753,2024,9,2024_09,0.0,0.0,0,226024
09-143-00753,2024,10,2024_10,0.0,0.0,0,226024
09-143-00753,2025,6,2025_06,0.0,0.0,0,226064
09-143-00753,2025,7,2025_07,0.0,0.0,0,226064
09-143-00753,2025,8,2025_08,0.0,0.0,0,226064
09-143-00753,2025,9,2025_09,0.0,0.0,0,226064
09-143-00753,2025,10,2025_10,0.0,0.0,0,226064
09-143-00754,2021,6,2021_06,0.0,0.0,0,410192
09-143-00754,2021,7,2021_07,0.0,0.0,0,410192
09-143-00754,2021,8,2021_08,0.0,0.0,0,410192
09-143-00754,2021,9,2021_09,0.0,0.0,0,410192
09-143-00754,2021,10,2021_10,0.0059069898974138,0.0059069898974138,2423,410192
09-143-00754,2022,8,2022_08,0.0003461793501579,0.0003461793501579,142,410192
09-143-00754,2022,9,2022_09,0.0,0.0,0,410192
09-143-00754,2022,10,2022_10,0.0,0.0,0,410192
09-143-00754,2023,7,2023_07,0.0034544798533369,0.0034544798533369,1417,410192
09-143-00754,2023,8,2023_08,0.0056241954986932,0.0056241954986932,2307,410192
09-143-00754,2023,9,2023_09,0.0,0.0,0,410192
09-143-00754,2024,7,2024_07,0.0007703709482388,0.0007703709482388,316,410192
09-143-00754,2024,8,2024_08,0.0,0.0,0,410192
09-143-00754,2024,9,2024_09,0.0,0.0,0,410192
09-143-00754,2024,10,2024_10,0.0,0.0,0,410192
09-143-00754,2025,6,2025_06,0.0,0.0,0,410199
09-143-00754,2025,7,2025_07,0.0,0.0,0,410199
09-143-00754,2025,8,2025_08,0.0,0.0,0,410199
09-143-00754,2025,9,2025_09,0.0,0.0,0,410199
09-143-00754,2025,10,2025_10,0.0,0.0,0,410199
09-143-00755,2021,6,2021_06,0.0,0.0,0,483242
09-143-00755,2021,7,2021_07,0.0,0.0,0,483242
09-143-00755,2021,8,2021_08,0.0,0.0,0,483242
09-143-00755,2021,9,2021_09,0.0,0.0,0,483242
09-143-00755,2021,10,2021_10,0.0,0.0,0,483242
09-143-00755,2022,8,2022_08,0.0,0.0,0,483242
09-143-00755,2022,9,2022_09,3.517906142264124e-05,3.517906142264124e-05,17,483242
09-143-00755,2022,10,2022_10,0.0,0.0,0,483242
09-143-00755,2023,7,2023_07,0.0015499480591504,0.0015499480591504,749,483242
09-143-00755,2023,8,2023_08,0.0,0.0,0,483242
09-143-00755,2023,9,2023_09,0.0,0.0,0,483242
09-143-00755,2024,7,2024_07,0.0010284702074736,0.0010284702074736,497,483242
09-143-00755,2024,8,2024_08,0.0,0.0,0,483242
09-143-00755,2024,9,2024_09,0.0,0.0,0,483242
09-143-00755,2024,10,2024_10,0.0,0.0,0,483242
09-143-00755,2025,6,2025_06,0.0,0.0,0,483210
09-143-00755,2025,7,2025_07,0.0,0.0,0,483210
09-143-00755,2025,8,2025_08,0.0,0.0,0,483210
09-143-00755,2025,9,2025_09,0.0,0.0,0,483210
09-143-00755,2025,10,2025_10,0.0,0.0,0,483210
09-143-00756,2021,6,2021_06,0.0,0.0,0,249299
09-143-00756,2021,7,2021_07,0.0,0.0,0,249299
09-143-00756,2021,8,2021_08,0.0,0.0,0,249299
09-143-00756,2021,9,2021_09,0.0,0.0,0,249299
09-143-00756,2021,10,2021_10,0.0,0.0,0,249299
09-143-00756,2022,8,2022_08,0.0,0.0,0,249299
09-143-00756,2022,9,2022_09,0.0,0.0,0,249299
09-143-00756,2022,10,2022_10,0.0,0.0,0,249299
09-143-00756,2023,7,2023_07,0.0,0.0,0,249299
09-143-00756,2023,8,2023_08,0.0,0.0,0,249299
09-143-00756,2023,9,2023_09,0.0,0.0,0,249299
09-143-00756,2024,7,2024_07,6.417996060954918e-05,6.417996060954918e-05,16,249299
09-143-00756,2024,8,2024_08,0.0,0.0,0,249299
09-143-00756,2024,9,2024_09,0.0,0.0,0,249299
09-143-00756,2024,10,2024_10,0.0,0.0,0,249299
09-143-00756,2025,6,2025_06,0.0,0.0,0,249273
09-143-00756,2025,7,2025_07,0.0,0.0,0,249273
09-143-00756,2025,8,2025_08,0.0,0.0,0,249273
09-143-00756,2025,9,2025_09,0.0,0.0,0,249273
09-143-00756,2025,10,2025_10,0.0,0.0,0,249273
09-144-00757,2021,6,2021_06,0.0,0.0,0,123732
09-144-00757,2021,7,2021_07,0.0,0.0,0,123732
09-144-00757,2021,8,2021_08,0.0,0.0,0,123732
09-144-00757,2021,9,2021_09,0.0,0.0,0,123732
09-144-00757,2021,10,2021_10,0.0,0.0,0,123732
09-144-00757,2022,8,2022_08,0.0,0.0,0,123732
09-144-00757,2022,9,2022_09,0.0,0.0,0,123732
09-144-00757,2022,10,2022_10,0.0,0.0,0,123732
09-144-00757,2023,7,2023_07,0.0,0.0,0,123732
09-144-00757,2023,8,2023_08,0.0,0.0,0,123732
09-144-00757,2023,9,2023_09,0.0,0.0,0,123732
09-144-00757,2024,7,2024_07,3.232793456826043e-05,3.232793456826043e-05,4,123732
09-144-00757,2024,8,2024_08,0.0,0.0,0,123732
09-144-00757,2024,9,2024_09,0.0,0.0,0,123732
09-144-00757,2024,10,2024_10,0.0,0.0,0,123732
09-144-00757,2025,6,2025_06,0.0,0.0,0,123699
09-144-00757,2025,7,2025_07,0.0,0.0,0,123699
09-144-00757,2025,8,2025_08,0.0,0.0,0,123699
09-144-00757,2025,9,2025_09,0.0,0.0,0,123699
09-144-00757,2025,10,2025_10,0.0,0.0,0,123699
09-144-00758,2021,6,2021_06,0.0,0.0,0,256852
09-144-00758,2021,7,2021_07,0.0,0.0,0,256852
09-144-00758,2021,8,2021_08,0.0,0.0,0,256852
09-144-00758,2021,9,2021_09,0.0,0.0,0,256852
09-144-00758,2021,10,2021_10,0.0,0.0,0,256852
09-144-00758,2022,8,2022_08,0.0,0.0,0,256852
09-144-00758,2022,9,2022_09,0.0,0.0,0,256852
09-144-00758,2022,10,2022_10,0.0,0.0,0,256852
09-144-00758,2023,7,2023_07,0.005540155420242,0.005540155420242,1423,256852
09-144-00758,2023,8,2023_08,0.0,0.0,0,256852
09-144-00758,2023,9,2023_09,0.0,0.0,0,256852
09-144-00758,2024,7,2024_07,0.0028693566723249,0.0028693566723249,737,256852
09-144-00758,2024,8,2024_08,0.0,0.0,0,256852
09-144-00758,2024,9,2024_09,0.0,0.0,0,256852
09-144-00758,2024,10,2024_10,0.0,0.0,0,256852
09-144-00758,2025,6,2025_06,0.0,0.0,0,256856
09-144-00758,2025,7,2025_07,0.0,0.0,0,256856
09-144-00758,2025,8,2025_08,0.0,0.0,0,256856
09-144-00758,2025,9,2025_09,0.0,0.0,0,256856
09-144-00758,2025,10,2025_10,0.0,0.0,0,256856
09-144-00759,2021,6,2021_06,0.0,0.0,0,215757
09-144-00759,2021,7,2021_07,0.0,0.0,0,215757
09-144-00759,2021,8,2021_08,0.0,0.0,0,215757
09-144-00759,2021,9,2021_09,0.0,0.0,0,215757
09-144-00759,2021,10,2021_10,0.0,0.0,0,215757
09-144-00759,2022,8,2022_08,0.0,0.0,0,215757
09-144-00759,2022,9,2022_09,0.0,0.0,0,215757
09-144-00759,2022,10,2022_10,0.0,0.0,0,215757
09-144-00759,2023,7,2023_07,0.0,0.0,0,215757
09-144-00759,2023,8,2023_08,0.0,0.0,0,215757
09-144-00759,2023,9,2023_09,0.0,0.0,0,215757
09-144-00759,2024,7,2024_07,6.0252969776183394e-05,6.0252969776183394e-05,13,215757
09-144-00759,2024,8,2024_08,0.0,0.0,0,215757
09-144-00759,2024,9,2024_09,0.0,0.0,0,215757
09-144-00759,2024,10,2024_10,0.0,0.0,0,215757
09-144-00759,2025,6,2025_06,0.0,0.0,0,215803
09-144-00759,2025,7,2025_07,0.0,0.0,0,215803
09-144-00759,2025,8,2025_08,0.0,0.0,0,215803
09-144-00759,2025,9,2025_09,0.0,0.0,0,215803
09-144-00759,2025,10,2025_10,0.0,0.0,0,215803
09-144-00760,2021,6,2021_06,0.0,0.0,0,211102
09-144-00760,2021,7,2021_07,0.0,0.0,0,211102
09-144-00760,2021,8,2021_08,0.0,0.0,0,211102
09-144-00760,2021,9,2021_09,0.0,0.0,0,211102
09-144-00760,2021,10,2021_10,0.0,0.0,0,211102
09-144-00760,2022,8,2022_08,0.0,0.0,0,211102
09-144-00760,2022,9,2022_09,0.089056475068924,0.089056475068924,18800,211102
09-144-00760,2022,10,2022_10,0.0,0.0,0,211102
09-144-00760,2023,7,2023_07,0.0029180206724711,0.0029180206724711,616,211102
09-144-00760,2023,8,2023_08,0.0020700893406978,0.0020700893406978,437,211102
09-144-00760,2023,9,2023_09,0.0,0.0,0,211102
09-144-00760,2024,7,2024_07,5.2107512008413e-05,5.2107512008413e-05,11,211102
09-144-00760,2024,8,2024_08,0.0,0.0,0,211102
09-144-00760,2024,9,2024_09,0.0,0.0,0,211102
09-144-00760,2024,10,2024_10,0.0,0.0,0,211102
09-144-00760,2025,6,2025_06,0.0,0.0,0,211092
09-144-00760,2025,7,2025_07,0.0,0.0,0,211092
09-144-00760,2025,8,2025_08,0.0,0.0,0,211092
09-144-00760,2025,9,2025_09,0.0,0.0,0,211092
09-144-00760,2025,10,2025_10,0.0,0.0,0,211092
09-145-00761,2021,6,2021_06,0.0,0.0,0,479404
09-145-00761,2021,7,2021_07,0.0,0.0,0,479404
09-145-00761,2021,8,2021_08,0.0,0.0,0,479404
09-145-00761,2021,9,2021_09,0.0,0.0,0,479404
09-145-00761,2021,10,2021_10,0.0,0.0,0,479404
09-145-00761,2022,8,2022_08,4.1718467096645e-06,4.1718467096645e-06,2,479404
09-145-00761,2022,9,2022_09,0.0,0.0,0,479404
09-145-00761,2022,10,2022_10,0.0,0.0,0,479404
09-145-00761,2023,7,2023_07,0.0317373238437726,0.0317373238437726,15215,479404
09-145-00761,2023,8,2023_08,0.0100478928002269,0.0100478928002269,4817,479404
09-145-00761,2023,9,2023_09,0.0,0.0,0,479404
09-145-00761,2024,7,2024_07,0.0055610716639827,0.0055610716639827,2666,479404
09-145-00761,2024,8,2024_08,0.0,0.0,0,479404
09-145-00761,2024,9,2024_09,0.0,0.0,0,479404
09-145-00761,2024,10,2024_10,0.0,0.0,0,479404
09-145-00761,2025,6,2025_06,0.0,0.0,0,479400
09-145-00761,2025,7,2025_07,0.0,0.0,0,479400
09-145-00761,2025,8,2025_08,0.0,0.0,0,479400
09-145-00761,2025,9,2025_09,0.0,0.0,0,479400
09-145-00761,2025,10,2025_10,0.0,0.0,0,479400
09-145-00762,2021,6,2021_06,0.0,0.0,0,331571
09-145-00762,2021,7,2021_07,0.0,0.0,0,331571
09-145-00762,2021,8,2021_08,0.0,0.0,0,331571
09-145-00762,2021,9,2021_09,0.0,0.0,0,331571
09-145-00762,2021,10,2021_10,0.0,0.0,0,331571
09-145-00762,2022,8,2022_08,0.0,0.0,0,331571
09-145-00762,2022,9,2022_09,0.0,0.0,0,331571
09-145-00762,2022,10,2022_10,0.0,0.0,0,331571
09-145-00762,2023,7,2023_07,0.1066016026733339,0.1066016026733339,35346,331571
09-145-00762,2023,8,2023_08,0.043728190945529,0.043728190945529,14499,331571
09-145-00762,2023,9,2023_09,0.0,0.0,0,331571
09-145-00762,2024,7,2024_07,0.0301172297939204,0.0301172297939204,9986,331571
09-145-00762,2024,8,2024_08,0.0,0.0,0,331571
09-145-00762,2024,9,2024_09,0.0,0.0,0,331571
09-145-00762,2024,10,2024_10,0.0,0.0,0,331571
09-145-00762,2025,6,2025_06,0.0,0.0,0,331564
09-145-00762,2025,7,2025_07,0.0,0.0,0,331564
09-145-00762,2025,8,2025_08,0.0,0.0,0,331564
09-145-00762,2025,9,2025_09,0.0,0.0,0,331564
09-145-00762,2025,10,2025_10,0.0,0.0,0,331564
09-145-00763,2021,6,2021_06,0.0,0.0,0,214986
09-145-00763,2021,7,2021_07,0.0,0.0,0,214986
09-145-00763,2021,8,2021_08,0.0,0.0,0,214986
09-145-00763,2021,9,2021_09,0.0,0.0,0,214986
09-145-00763,2021,10,2021_10,0.0,0.0,0,214986
09-145-00763,2022,8,2022_08,0.0,0.0,0,214986
09-145-00763,2022,9,2022_09,0.0,0.0,0,214986
09-145-00763,2022,10,2022_10,0.0,0.0,0,214986
09-145-00763,2023,7,2023_07,0.0271413022243308,0.0271413022243308,5835,214986
09-145-00763,2023,8,2023_08,0.0119403123924348,0.0119403123924348,2567,214986
09-145-00763,2023,9,2023_09,0.0,0.0,0,214986
09-145-00763,2024,7,2024_07,6.046905379885202e-05,6.046905379885202e-05,13,214986
09-145-00763,2024,8,2024_08,0.0,0.0,0,214986
09-145-00763,2024,9,2024_09,0.0,0.0,0,214986
09-145-00763,2024,10,2024_10,0.0,0.0,0,214986
09-145-00763,2025,6,2025_06,0.0,0.0,0,214953
09-145-00763,2025,7,2025_07,0.0,0.0,0,214953
09-145-00763,2025,8,2025_08,0.0,0.0,0,214953
09-145-00763,2025,9,2025_09,0.0,0.0,0,214953
09-145-00763,2025,10,2025_10,0.0,0.0,0,214953
09-145-00764,2021,6,2021_06,0.0,0.0,0,488110
09-145-00764,2021,7,2021_07,0.0,0.0,0,488110
09-145-00764,2021,8,2021_08,0.0,0.0,0,488110
09-145-00764,2021,9,2021_09,0.0,0.0,0,488110
09-145-00764,2021,10,2021_10,0.0,0.0,0,488110
09-145-00764,2022,8,2022_08,0.0,0.0,0,488110
09-145-00764,2022,9,2022_09,0.0,0.0,0,488110
09-145-00764,2022,10,2022_10,0.0,0.0,0,488110
09-145-00764,2023,7,2023_07,0.0226608756222982,0.0226608756222982,11061,488110
09-145-00764,2023,8,2023_08,0.0087664665751572,0.0087664665751572,4279,488110
09-145-00764,2023,9,2023_09,0.0,0.0,0,488110
09-145-00764,2024,7,2024_07,0.0045317653807543,0.0045317653807543,2212,488110
09-145-00764,2024,8,2024_08,0.0,0.0,0,488110
09-145-00764,2024,9,2024_09,0.0,0.0,0,488110
09-145-00764,2024,10,2024_10,0.0,0.0,0,488110
09-145-00764,2025,6,2025_06,0.0,0.0,0,488123
09-145-00764,2025,7,2025_07,0.0,0.0,0,488123
09-145-00764,2025,8,2025_08,0.0,0.0,0,488123
09-145-00764,2025,9,2025_09,0.0,0.0,0,488123
09-145-00764,2025,10,2025_10,0.0,0.0,0,488123
09-146-00763,2021,6,2021_06,0.0,0.0,0,204
09-146-00763,2021,7,2021_07,0.0,0.0,0,204
09-146-00763,2021,8,2021_08,0.0,0.0,0,204
09-146-00763,2021,9,2021_09,0.0,0.0,0,204
09-146-00763,2021,10,2021_10,0.0,0.0,0,204
09-146-00763,2022,8,2022_08,0.0,0.0,0,204
09-146-00763,2022,9,2022_09,0.0,0.0,0,204
09-146-00763,2022,10,2022_10,0.0,0.0,0,204
09-146-00763,2023,7,2023_07,0.1862745098039215,0.1862745098039215,38,204
09-146-00763,2023,8,2023_08,0.0196078431372549,0.0196078431372549,4,204
09-146-00763,2023,9,2023_09,0.0,0.0,0,204
09-146-00763,2024,7,2024_07,0.0,0.0,0,204
09-146-00763,2024,8,2024_08,0.0,0.0,0,204
09-146-00763,2024,9,2024_09,0.0,0.0,0,204
09-146-00763,2024,10,2024_10,0.0,0.0,0,204
09-146-00763,2025,6,2025_06,0.0,0.0,0,199
09-146-00763,2025,7,2025_07,0.0,0.0,0,199
09-146-00763,2025,8,2025_08,0.0,0.0,0,199
09-146-00763,2025,9,2025_09,0.0,0.0,0,199
09-146-00763,2025,10,2025_10,0.0,0.0,0,199
09-146-00765,2021,6,2021_06,0.0,0.0,0,212505
09-146-00765,2021,7,2021_07,0.0,0.0,0,212505
09-146-00765,2021,8,2021_08,0.0,0.0,0,212505
09-146-00765,2021,9,2021_09,0.0,0.0,0,212505
09-146-00765,2021,10,2021_10,0.0,0.0,0,212505
09-146-00765,2022,8,2022_08,0.0,0.0,0,212505
09-146-00765,2022,9,2022_09,0.1300016470200701,0.1300016470200701,27626,212505
09-146-00765,2022,10,2022_10,0.0,0.0,0,212505
09-146-00765,2023,7,2023_07,0.0055622220653631,0.0055622220653631,1182,212505
09-146-00765,2023,8,2023_08,0.0106021034799181,0.0106021034799181,2253,212505
09-146-00765,2023,9,2023_09,0.0,0.0,0,212505
09-146-00765,2024,7,2024_07,0.0004988117926637,0.0004988117926637,106,212505
09-146-00765,2024,8,2024_08,0.0,0.0,0,212505
09-146-00765,2024,9,2024_09,0.0,0.0,0,212505
09-146-00765,2024,10,2024_10,0.0,0.0,0,212505
09-146-00765,2025,6,2025_06,0.0,0.0,0,212478
09-146-00765,2025,7,2025_07,0.0,0.0,0,212478
09-146-00765,2025,8,2025_08,0.0,0.0,0,212478
09-146-00765,2025,9,2025_09,0.0,0.0,0,212478
09-146-00765,2025,10,2025_10,0.0,0.0,0,212478
09-146-00766,2021,6,2021_06,0.0,0.0,0,245147
09-146-00766,2021,7,2021_07,0.0,0.0,0,245147
09-146-00766,2021,8,2021_08,0.0,0.0,0,245147
09-146-00766,2021,9,2021_09,0.0,0.0,0,245147
09-146-00766,2021,10,2021_10,0.0,0.0,0,245147
09-146-00766,2022,8,2022_08,0.0,0.0,0,245147
09-146-00766,2022,9,2022_09,0.0060943026021122,0.0060943026021122,1494,245147
09-146-00766,2022,10,2022_10,0.0,0.0,0,245147
09-146-00766,2023,7,2023_07,0.0078728273240137,0.0078728273240137,1930,245147
09-146-00766,2023,8,2023_08,0.0187356973570959,0.0187356973570959,4593,245147
09-146-00766,2023,9,2023_09,0.0,0.0,0,245147
09-146-00766,2024,7,2024_07,1.6316740567904155e-05,1.6316740567904155e-05,4,245147
09-146-00766,2024,8,2024_08,0.0,0.0,0,245147
09-146-00766,2024,9,2024_09,0.0,0.0,0,245147
09-146-00766,2024,10,2024_10,0.0,0.0,0,245147
09-146-00766,2025,6,2025_06,0.0,0.0,0,245174
09-146-00766,2025,7,2025_07,0.0,0.0,0,245174
09-146-00766,2025,8,2025_08,0.0,0.0,0,245174
09-146-00766,2025,9,2025_09,0.0,0.0,0,245174
09-146-00766,2025,10,2025_10,0.0,0.0,0,245174
09-146-00767,2021,6,2021_06,0.0,0.0,0,325049
09-146-00767,2021,7,2021_07,0.0,0.0,0,325049
09-146-00767,2021,8,2021_08,0.0,0.0,0,325049
09-146-00767,2021,9,2021_09,0.0,0.0,0,325049
09-146-00767,2021,10,2021_10,0.0,0.0,0,325049
09-146-00767,2022,8,2022_08,0.0,0.0,0,325049
09-146-00767,2022,9,2022_09,0.0,0.0,0,325049
09-146-00767,2022,10,2022_10,0.0,0.0,0,325049
09-146-00767,2023,7,2023_07,0.0027872720728259,0.0027872720728259,906,325049
09-146-00767,2023,8,2023_08,0.0012121249411627,0.0012121249411627,394,325049
09-146-00767,2023,9,2023_09,0.0,0.0,0,325049
09-146-00767,2024,7,2024_07,0.0,0.0,0,325049
09-146-00767,2024,8,2024_08,0.0,0.0,0,325049
09-146-00767,2024,9,2024_09,0.0,0.0,0,325049
09-146-00767,2024,10,2024_10,0.0,0.0,0,325049
09-146-00767,2025,6,2025_06,0.0,0.0,0,325070
09-146-00767,2025,7,2025_07,0.0,0.0,0,325070
09-146-00767,2025,8,2025_08,0.0,0.0,0,325070
09-146-00767,2025,9,2025_09,0.0,0.0,0,325070
09-146-00767,2025,10,2025_10,0.0,0.0,0,325070
09-146-00768,2021,6,2021_06,0.0,0.0,0,361215
09-146-00768,2021,7,2021_07,0.0,0.0,0,361215
09-146-00768,2021,8,2021_08,0.0,0.0,0,361215
09-146-00768,2021,9,2021_09,0.0,0.0,0,361215
09-146-00768,2021,10,2021_10,0.0,0.0,0,361215
09-146-00768,2022,8,2022_08,0.0,0.0,0,361215
09-146-00768,2022,9,2022_09,0.0,0.0,0,361215
09-146-00768,2022,10,2022_10,0.0,0.0,0,361215
09-146-00768,2023,7,2023_07,0.0,0.0,0,361215
09-146-00768,2023,8,2023_08,0.0,0.0,0,361215
09-146-00768,2023,9,2023_09,0.0,0.0,0,361215
09-146-00768,2024,7,2024_07,0.0,0.0,0,361215
09-146-00768,2024,8,2024_08,0.0,0.0,0,361215
09-146-00768,2024,9,2024_09,0.0,0.0,0,361215
09-146-00768,2024,10,2024_10,0.0,0.0,0,361215
09-146-00768,2025,6,2025_06,0.0,0.0,0,361202
09-146-00768,2025,7,2025_07,0.0,0.0,0,361202
09-146-00768,2025,8,2025_08,0.0,0.0,0,361202
09-146-00768,2025,9,2025_09,0.0,0.0,0,361202
09-146-00768,2025,10,2025_10,0.0,0.0,0,361202
09-146-00769,2021,6,2021_06,0.0,0.0,0,281161
09-146-00769,2021,7,2021_07,0.0,0.0,0,281161
09-146-00769,2021,8,2021_08,0.0,0.0,0,281161
09-146-00769,2021,9,2021_09,0.0,0.0,0,281161
09-146-00769,2021,10,2021_10,0.0,0.0,0,281161
09-146-00769,2022,8,2022_08,0.0,0.0,0,281161
09-146-00769,2022,9,2022_09,0.0074263500272086,0.0074263500272086,2088,281161
09-146-00769,2022,10,2022_10,0.0,0.0,0,281161
09-146-00769,2023,7,2023_07,0.0,0.0,0,281161
09-146-00769,2023,8,2023_08,0.0003023178890386,0.0003023178890386,85,281161
09-146-00769,2023,9,2023_09,0.0,0.0,0,281161
09-146-00769,2024,7,2024_07,4.268017257016443e-05,4.268017257016443e-05,12,281161
09-146-00769,2024,8,2024_08,0.0,0.0,0,281161
09-146-00769,2024,9,2024_09,0.0,0.0,0,281161
09-146-00769,2024,10,2024_10,0.0,0.0,0,281161
09-146-00769,2025,6,2025_06,0.0,0.0,0,281210
09-146-00769,2025,7,2025_07,0.0,0.0,0,281210
09-146-00769,2025,8,2025_08,0.0,0.0,0,281210
09-146-00769,2025,9,2025_09,0.0,0.0,0,281210
09-146-00769,2025,10,2025_10,0.0,0.0,0,281210
09-146-00770,2021,6,2021_06,0.0,0.0,0,399729
09-146-00770,2021,7,2021_07,0.0,0.0,0,399729
09-146-00770,2021,8,2021_08,0.0019538237155672,0.0019538237155672,781,399729
09-146-00770,2021,9,2021_09,0.0,0.0,0,399729
09-146-00770,2021,10,2021_10,0.0,0.0,0,399729
09-146-00770,2022,8,2022_08,0.0353064200996174,0.0353064200996174,14113,399729
09-146-00770,2022,9,2022_09,0.0,0.0,0,399729
09-146-00770,2022,10,2022_10,0.0,0.0,0,399729
09-146-00770,2023,7,2023_07,0.0001501016938976,0.0001501016938976,60,399729
09-146-00770,2023,8,2023_08,0.0,0.0,0,399729
09-146-00770,2023,9,2023_09,0.0,0.0,0,399729
09-146-00770,2024,7,2024_07,0.0,0.0,0,399729
09-146-00770,2024,8,2024_08,0.0,0.0,0,399729
09-146-00770,2024,9,2024_09,0.0,0.0,0,399729
09-146-00770,2024,10,2024_10,0.0,0.0,0,399729
09-146-00770,2025,6,2025_06,0.0,0.0,0,399692
09-146-00770,2025,7,2025_07,0.0,0.0,0,399692
09-146-00770,2025,8,2025_08,0.0,0.0,0,399692
09-146-00770,2025,9,2025_09,0.0,0.0,0,399692
09-146-00770,2025,10,2025_10,0.0,0.0,0,399692
09-147-00771,2021,6,2021_06,0.0,0.0,0,175151
09-147-00771,2021,7,2021_07,0.0,0.0,0,175151
09-147-00771,2021,8,2021_08,0.0,0.0,0,175151
09-147-00771,2021,9,2021_09,0.0,0.0,0,175151
09-147-00771,2021,10,2021_10,0.0,0.0,0,175151
09-147-00771,2022,8,2022_08,0.0,0.0,0,175151
09-147-00771,2022,9,2022_09,0.0857945429943306,0.0857945429943306,15027,175151
09-147-00771,2022,10,2022_10,0.0,0.0,0,175151
09-147-00771,2023,7,2023_07,5.709359352787024e-06,5.709359352787024e-06,1,175151
09-147-00771,2023,8,2023_08,0.0046702559505797,0.0046702559505797,818,175151
09-147-00771,2023,9,2023_09,0.0,0.0,0,175151
09-147-00771,2024,7,2024_07,0.000239793092817,0.000239793092817,42,175151
09-147-00771,2024,8,2024_08,0.0,0.0,0,175151
09-147-00771,2024,9,2024_09,0.0,0.0,0,175151
09-147-00771,2024,10,2024_10,0.0,0.0,0,175151
09-147-00771,2025,6,2025_06,0.0,0.0,0,175143
09-147-00771,2025,7,2025_07,0.0,0.0,0,175143
09-147-00771,2025,8,2025_08,0.0,0.0,0,175143
09-147-00771,2025,9,2025_09,0.0,0.0,0,175143
09-147-00771,2025,10,2025_10,0.0,0.0,0,175143
09-147-00772,2021,6,2021_06,0.0,0.0,0,204623
09-147-00772,2021,7,2021_07,0.0,0.0,0,204623
09-147-00772,2021,8,2021_08,0.0,0.0,0,204623
09-147-00772,2021,9,2021_09,0.0,0.0,0,204623
09-147-00772,2021,10,2021_10,0.0,0.0,0,204623
09-147-00772,2022,8,2022_08,0.0,0.0,0,204623
09-147-00772,2022,9,2022_09,0.0042859307116013,0.0042859307116013,877,204623
09-147-00772,2022,10,2022_10,0.0,0.0,0,204623
09-147-00772,2023,7,2023_07,0.0,0.0,0,204623
09-147-00772,2023,8,2023_08,0.0,0.0,0,204623
09-147-00772,2023,9,2023_09,0.0,0.0,0,204623
09-147-00772,2024,7,2024_07,0.0,0.0,0,204623
09-147-00772,2024,8,2024_08,0.0,0.0,0,204623
09-147-00772,2024,9,2024_09,0.0,0.0,0,204623
09-147-00772,2024,10,2024_10,0.0,0.0,0,204623
09-147-00772,2025,6,2025_06,0.0,0.0,0,204618
09-147-00772,2025,7,2025_07,0.0,0.0,0,204618
09-147-00772,2025,8,2025_08,0.0,0.0,0,204618
09-147-00772,2025,9,2025_09,0.0,0.0,0,204618
09-147-00772,2025,10,2025_10,0.0,0.0,0,204618
09-147-00773,2021,6,2021_06,0.0,0.0,0,372557
09-147-00773,2021,7,2021_07,0.0,0.0,0,372557
09-147-00773,2021,8,2021_08,0.0,0.0,0,372557
09-147-00773,2021,9,2021_09,0.0,0.0,0,372557
09-147-00773,2021,10,2021_10,0.0,0.0,0,372557
09-147-00773,2022,8,2022_08,0.0,0.0,0,372557
09-147-00773,2022,9,2022_09,0.0,0.0,0,372557
09-147-00773,2022,10,2022_10,0.0,0.0,0,372557
09-147-00773,2023,7,2023_07,0.0218114275131053,0.0218114275131053,8126,372557
09-147-00773,2023,8,2023_08,0.0,0.0,0,372557
09-147-00773,2023,9,2023_09,0.0,0.0,0,372557
09-147-00773,2024,7,2024_07,0.0050113137050169,0.0050113137050169,1867,372557
09-147-00773,2024,8,2024_08,0.0,0.0,0,372557
09-147-00773,2024,9,2024_09,0.0,0.0,0,372557
09-147-00773,2024,10,2024_10,0.0,0.0,0,372557
09-147-00773,2025,6,2025_06,0.0,0.0,0,372577
09-147-00773,2025,7,2025_07,0.0,0.0,0,372577
09-147-00773,2025,8,2025_08,0.0,0.0,0,372577
09-147-00773,2025,9,2025_09,0.0,0.0,0,372577
09-147-00773,2025,10,2025_10,0.0,0.0,0,372577
09-147-00774,2021,6,2021_06,0.0,0.0,0,340107
09-147-00774,2021,7,2021_07,0.0,0.0,0,340107
09-147-00774,2021,8,2021_08,0.0,0.0,0,340107
09-147-00774,2021,9,2021_09,0.0,0.0,0,340107
09-147-00774,2021,10,2021_10,0.0,0.0,0,340107
09-147-00774,2022,8,2022_08,0.0,0.0,0,340107
09-147-00774,2022,9,2022_09,0.0,0.0,0,340107
09-147-00774,2022,10,2022_10,0.0,0.0,0,340107
09-147-00774,2023,7,2023_07,0.0064832537995395,0.0064832537995395,2205,340107
09-147-00774,2023,8,2023_08,0.0,0.0,0,340107
09-147-00774,2023,9,2023_09,0.0,0.0,0,340107
09-147-00774,2024,7,2024_07,0.0002175785855627,0.0002175785855627,74,340107
09-147-00774,2024,8,2024_08,0.0,0.0,0,340107
09-147-00774,2024,9,2024_09,0.0,0.0,0,340107
09-147-00774,2024,10,2024_10,0.0,0.0,0,340107
09-147-00774,2025,6,2025_06,0.0,0.0,0,340139
09-147-00774,2025,7,2025_07,0.0,0.0,0,340139
09-147-00774,2025,8,2025_08,0.0,0.0,0,340139
09-147-00774,2025,9,2025_09,0.0,0.0,0,340139
09-147-00774,2025,10,2025_10,0.0,0.0,0,340139
09-148-00775,2021,6,2021_06,0.0,0.0,0,454824
09-148-00775,2021,7,2021_07,0.0,0.0,0,454824
09-148-00775,2021,8,2021_08,8.794610662585968e-06,8.794610662585968e-06,4,454824
09-148-00775,2021,9,2021_09,0.0,0.0,0,454824
09-148-00775,2021,10,2021_10,0.0,0.0,0,454824
09-148-00775,2022,8,2022_08,0.0,0.0,0,454824
09-148-00775,2022,9,2022_09,0.0,0.0,0,454824
09-148-00775,2022,10,2022_10,0.0,0.0,0,454824
09-148-00775,2023,7,2023_07,0.044606265280636,0.044606265280636,20288,454824
09-148-00775,2023,8,2023_08,0.0,0.0,0,454824
09-148-00775,2023,9,2023_09,0.0,0.0,0,454824
09-148-00775,2024,7,2024_07,0.0146672119325277,0.0146672119325277,6671,454824
09-148-00775,2024,8,2024_08,0.0,0.0,0,454824
09-148-00775,2024,9,2024_09,0.0,0.0,0,454824
09-148-00775,2024,10,2024_10,0.0,0.0,0,454824
09-148-00775,2025,6,2025_06,0.0,0.0,0,454838
09-148-00775,2025,7,2025_07,0.0,0.0,0,454838
09-148-00775,2025,8,2025_08,0.0,0.0,0,454838
09-148-00775,2025,9,2025_09,0.0,0.0,0,454838
09-148-00775,2025,10,2025_10,0.0,0.0,0,454838
09-148-00776,2021,6,2021_06,0.0,0.0,0,246935
09-148-00776,2021,7,2021_07,0.0,0.0,0,246935
09-148-00776,2021,8,2021_08,0.0,0.0,0,246935
09-148-00776,2021,9,2021_09,0.0,0.0,0,246935
09-148-00776,2021,10,2021_10,0.0,0.0,0,246935
09-148-00776,2022,8,2022_08,0.0,0.0,0,246935
09-148-00776,2022,9,2022_09,0.0052645433008686,0.0052645433008686,1300,246935
09-148-00776,2022,10,2022_10,0.0,0.0,0,246935
09-148-00776,2023,7,2023_07,0.157349099965578,0.157349099965578,38855,246935
09-148-00776,2023,8,2023_08,0.0,0.0,0,246935
09-148-00776,2023,9,2023_09,0.0,0.0,0,246935
09-148-00776,2024,7,2024_07,0.0741490675683884,0.0741490675683884,18310,246935
09-148-00776,2024,8,2024_08,0.0,0.0,0,246935
09-148-00776,2024,9,2024_09,0.0,0.0,0,246935
09-148-00776,2024,10,2024_10,0.0,0.0,0,246935
09-148-00776,2025,6,2025_06,0.0,0.0,0,246914
09-148-00776,2025,7,2025_07,0.0,0.0,0,246914
09-148-00776,2025,8,2025_08,0.0,0.0,0,246914
09-148-00776,2025,9,2025_09,0.0,0.0,0,246914
09-148-00776,2025,10,2025_10,0.0,0.0,0,246914
09-148-00777,2021,6,2021_06,0.0,0.0,0,534222
09-148-00777,2021,7,2021_07,0.0,0.0,0,534222
09-148-00777,2021,8,2021_08,0.0,0.0,0,534222
09-148-00777,2021,9,2021_09,0.0,0.0,0,534222
09-148-00777,2021,10,2021_10,0.0,0.0,0,534222
09-148-00777,2022,8,2022_08,0.0,0.0,0,534222
09-148-00777,2022,9,2022_09,0.0043933046561167,0.0043933046561167,2347,534222
09-148-00777,2022,10,2022_10,0.0,0.0,0,534222
09-148-00777,2023,7,2023_07,0.0167851567325943,0.0167851567325943,8967,534222
09-148-00777,2023,8,2023_08,0.0,0.0,0,534222
09-148-00777,2023,9,2023_09,0.0,0.0,0,534222
09-148-00777,2024,7,2024_07,0.03662147945985,0.03662147945985,19564,534222
09-148-00777,2024,8,2024_08,0.0001647255260921,0.0001647255260921,88,534222
09-148-00777,2024,9,2024_09,0.0,0.0,0,534222
09-148-00777,2024,10,2024_10,0.0,0.0,0,534222
09-148-00777,2025,6,2025_06,0.0,0.0,0,534212
09-148-00777,2025,7,2025_07,0.0,0.0,0,534212
09-148-00777,2025,8,2025_08,0.0,0.0,0,534212
09-148-00777,2025,9,2025_09,0.0,0.0,0,534212
09-148-00777,2025,10,2025_10,0.0,0.0,0,534212
09-149-00779,2021,6,2021_06,0.0,0.0,0,424312
09-149-00779,2021,7,2021_07,0.0,0.0,0,424312
09-149-00779,2021,8,2021_08,0.0,0.0,0,424312
09-149-00779,2021,9,2021_09,1.6497294443711232e-05,1.6497294443711232e-05,7,424312
09-149-00779,2021,10,2021_10,0.0,0.0,0,424312
09-149-00779,2022,8,2022_08,0.0,0.0,0,424312
09-149-00779,2022,9,2022_09,3.2994588887422464e-05,3.2994588887422464e-05,14,424312
09-149-00779,2022,10,2022_10,0.0,0.0,0,424312
09-149-00779,2023,7,2023_07,0.0008790701182148,0.0008790701182148,373,424312
09-149-00779,2023,8,2023_08,0.0,0.0,0,424312
09-149-00779,2023,9,2023_09,0.0,0.0,0,424312
09-149-00779,2024,7,2024_07,0.0081850148004298,0.0081850148004298,3473,424312
09-149-00779,2024,8,2024_08,0.0,0.0,0,424312
09-149-00779,2024,9,2024_09,0.0,0.0,0,424312
09-149-00779,2024,10,2024_10,0.0,0.0,0,424312
09-149-00779,2025,6,2025_06,0.0,0.0,0,424284
09-149-00779,2025,7,2025_07,0.0,0.0,0,424284
09-149-00779,2025,8,2025_08,0.0,0.0,0,424284
09-149-00779,2025,9,2025_09,0.0,0.0,0,424284
09-149-00779,2025,10,2025_10,0.0,0.0,0,424284
09-149-00780,2021,6,2021_06,0.0,0.0,0,163959
09-149-00780,2021,7,2021_07,0.0,0.0,0,163959
09-149-00780,2021,8,2021_08,0.0,0.0,0,163959
09-149-00780,2021,9,2021_09,0.0,0.0,0,163959
09-149-00780,2021,10,2021_10,0.0,0.0,0,163959
09-149-00780,2022,8,2022_08,0.0,0.0,0,163959
09-149-00780,2022,9,2022_09,0.0,0.0,0,163959
09-149-00780,2022,10,2022_10,0.0,0.0,0,163959
09-149-00780,2023,7,2023_07,0.0006465030891869,0.0006465030891869,106,163959
09-149-00780,2023,8,2023_08,0.0,0.0,0,163959
09-149-00780,2023,9,2023_09,0.0,0.0,0,163959
09-149-00780,2024,7,2024_07,0.0065077244920986,0.0065077244920986,1067,163959
09-149-00780,2024,8,2024_08,0.0,0.0,0,163959
09-149-00780,2024,9,2024_09,0.0,0.0,0,163959
09-149-00780,2024,10,2024_10,0.0,0.0,0,163959
09-149-00780,2025,6,2025_06,0.0,0.0,0,163993
09-149-00780,2025,7,2025_07,0.0,0.0,0,163993
09-149-00780,2025,8,2025_08,0.0,0.0,0,163993
09-149-00780,2025,9,2025_09,0.0,0.0,0,163993
09-149-00780,2025,10,2025_10,0.0,0.0,0,163993
09-149-00781,2021,6,2021_06,0.0,0.0,0,328046
09-149-00781,2021,7,2021_07,0.0,0.0,0,328046
09-149-00781,2021,8,2021_08,8.230553032196704e-05,8.230553032196704e-05,27,328046
09-149-00781,2021,9,2021_09,0.0,0.0,0,328046
09-149-00781,2021,10,2021_10,0.0068587941934972,0.0068587941934972,2250,328046
09-149-00781,2022,8,2022_08,0.000621864006877,0.000621864006877,204,328046
09-149-00781,2022,9,2022_09,0.0,0.0,0,328046
09-149-00781,2022,10,2022_10,0.0,0.0,0,328046
09-149-00781,2023,7,2023_07,0.0380068648908994,0.0380068648908994,12468,328046
09-149-00781,2023,8,2023_08,0.0382263463050913,0.0382263463050913,12540,328046
09-149-00781,2023,9,2023_09,0.0,0.0,0,328046
09-149-00781,2024,7,2024_07,0.0017954799022088,0.0017954799022088,589,328046
09-149-00781,2024,8,2024_08,0.0,0.0,0,328046
09-149-00781,2024,9,2024_09,0.0,0.0,0,328046
09-149-00781,2024,10,2024_10,0.0,0.0,0,328046
09-149-00781,2025,6,2025_06,0.0,0.0,0,328089
09-149-00781,2025,7,2025_07,0.0,0.0,0,328089
09-149-00781,2025,8,2025_08,0.0,0.0,0,328089
09-149-00781,2025,9,2025_09,0.0,0.0,0,328089
09-149-00781,2025,10,2025_10,0.0,0.0,0,328089
09-149-00782,2021,6,2021_06,0.0,0.0,0,527449
09-149-00782,2021,7,2021_07,0.0,0.0,0,527449
09-149-00782,2021,8,2021_08,0.0029386727437155,0.0029386727437155,1550,527449
09-149-00782,2021,9,2021_09,0.0,0.0,0,527449
09-149-00782,2021,10,2021_10,0.019082413655159,0.019082413655159,10065,527449
09-149-00782,2022,8,2022_08,0.0043359642354047,0.0043359642354047,2287,527449
09-149-00782,2022,9,2022_09,0.0075552328281976,0.0075552328281976,3985,527449
09-149-00782,2022,10,2022_10,0.0,0.0,0,527449
09-149-00782,2023,7,2023_07,0.0465732231931428,0.0465732231931428,24565,527449
09-149-00782,2023,8,2023_08,0.0288767255222779,0.0288767255222779,15231,527449
09-149-00782,2023,9,2023_09,0.0,0.0,0,527449
09-149-00782,2024,7,2024_07,0.0259740752186467,0.0259740752186467,13700,527449
09-149-00782,2024,8,2024_08,0.0003260978786574,0.0003260978786574,172,527449
09-149-00782,2024,9,2024_09,0.0,0.0,0,527449
09-149-00782,2024,10,2024_10,0.0,0.0,0,527449
09-149-00782,2025,6,2025_06,0.0,0.0,0,527418
09-149-00782,2025,7,2025_07,0.0,0.0,0,527418
09-149-00782,2025,8,2025_08,0.0,0.0,0,527418
09-149-00782,2025,9,2025_09,0.0,0.0,0,527418
09-149-00782,2025,10,2025_10,0.0,0.0,0,527418
09-149-00783,2021,6,2021_06,0.0,0.0,0,492792
09-149-00783,2021,7,2021_07,0.0,0.0,0,492792
09-149-00783,2021,8,2021_08,0.0107875127842984,0.0107875127842984,5316,492792
09-149-00783,2021,9,2021_09,0.0004444065650416,0.0004444065650416,219,492792
09-149-00783,2021,10,2021_10,0.0620160229873861,0.0620160229873861,30561,492792
09-149-00783,2022,8,2022_08,0.0068324972808,0.0068324972808,3367,492792
09-149-00783,2022,9,2022_09,0.0044562411727463,0.0044562411727463,2196,492792
09-149-00783,2022,10,2022_10,0.0114287569603402,0.0114287569603402,5632,492792
09-149-00783,2023,7,2023_07,0.2280637672689491,0.2280637672689491,112388,492792
09-149-00783,2023,8,2023_08,0.0673164337083394,0.0673164337083394,33173,492792
09-149-00783,2023,9,2023_09,0.0,0.0,0,492792
09-149-00783,2024,7,2024_07,0.2315764054611276,0.2315764054611276,114119,492792
09-149-00783,2024,8,2024_08,0.0146877384373122,0.0146877384373122,7238,492792
09-149-00783,2024,9,2024_09,0.0,0.0,0,492792
09-149-00783,2024,10,2024_10,0.0,0.0,0,492792
09-149-00783,2025,6,2025_06,0.0,0.0,0,492819
09-149-00783,2025,7,2025_07,0.0,0.0,0,492819
09-149-00783,2025,8,2025_08,0.0,0.0,0,492819
09-149-00783,2025,9,2025_09,0.0,0.0,0,492819
09-149-00783,2025,10,2025_10,0.0,0.0,0,492819
09-150-00784,2021,6,2021_06,0.0,0.0,0,384386
09-150-00784,2021,7,2021_07,0.0,0.0,0,384386
09-150-00784,2021,8,2021_08,0.0,0.0,0,384386
09-150-00784,2021,9,2021_09,0.0,0.0,0,384386
09-150-00784,2021,10,2021_10,0.0173367396315162,0.0173367396315162,6664,384386
09-150-00784,2022,8,2022_08,0.0,0.0,0,384386
09-150-00784,2022,9,2022_09,0.0,0.0,0,384386
09-150-00784,2022,10,2022_10,0.0,0.0,0,384386
09-150-00784,2023,7,2023_07,0.0,0.0,0,384386
09-150-00784,2023,8,2023_08,7.804654696060731e-06,7.804654696060731e-06,3,384386
09-150-00784,2023,9,2023_09,0.0,0.0,0,384386
09-150-00784,2024,7,2024_07,0.0449001784664373,0.0449001784664373,17259,384386
09-150-00784,2024,8,2024_08,0.0,0.0,0,384386
09-150-00784,2024,9,2024_09,0.0,0.0,0,384386
09-150-00784,2024,10,2024_10,0.0,0.0,0,384386
09-150-00784,2025,6,2025_06,0.0,0.0,0,384371
09-150-00784,2025,7,2025_07,0.0,0.0,0,384371
09-150-00784,2025,8,2025_08,0.0,0.0,0,384371
09-150-00784,2025,9,2025_09,0.0,0.0,0,384371
09-150-00784,2025,10,2025_10,0.0,0.0,0,384371
09-150-00785,2021,6,2021_06,0.0,0.0,0,239726
09-150-00785,2021,7,2021_07,0.0,0.0,0,239726
09-150-00785,2021,8,2021_08,0.0,0.0,0,239726
09-150-00785,2021,9,2021_09,0.0,0.0,0,239726
09-150-00785,2021,10,2021_10,0.1270075002294286,0.1270075002294286,30447,239726
09-150-00785,2022,8,2022_08,0.0,0.0,0,239726
09-150-00785,2022,9,2022_09,4.17142904816332e-06,4.17142904816332e-06,1,239726
09-150-00785,2022,10,2022_10,0.0,0.0,0,239726
09-150-00785,2023,7,2023_07,0.0,0.0,0,239726
09-150-00785,2023,8,2023_08,0.0103326297523005,0.0103326297523005,2477,239726
09-150-00785,2023,9,2023_09,0.0,0.0,0,239726
09-150-00785,2024,7,2024_07,0.0352527468860282,0.0352527468860282,8451,239726
09-150-00785,2024,8,2024_08,0.0001752000200228,0.0001752000200228,42,239726
09-150-00785,2024,9,2024_09,0.0,0.0,0,239726
09-150-00785,2024,10,2024_10,0.0,0.0,0,239726
09-150-00785,2025,6,2025_06,0.0,0.0,0,239753
09-150-00785,2025,7,2025_07,0.0,0.0,0,239753
09-150-00785,2025,8,2025_08,0.0,0.0,0,239753
09-150-00785,2025,9,2025_09,0.0,0.0,0,239753
09-150-00785,2025,10,2025_10,0.0,0.0,0,239753
09-150-00786,2021,6,2021_06,0.0,0.0,0,368451
09-150-00786,2021,7,2021_07,0.0,0.0,0,368451
09-150-00786,2021,8,2021_08,0.0,0.0,0,368451
09-150-00786,2021,9,2021_09,0.0,0.0,0,368451
09-150-00786,2021,10,2021_10,0.0147075187745453,0.0147075187745453,5419,368451
09-150-00786,2022,8,2022_08,0.0,0.0,0,368451
09-150-00786,2022,9,2022_09,0.0,0.0,0,368451
09-150-00786,2022,10,2022_10,0.0,0.0,0,368451
09-150-00786,2023,7,2023_07,0.0021739661447519,0.0021739661447519,801,368451
09-150-00786,2023,8,2023_08,0.0048554624631226,0.0048554624631226,1789,368451
09-150-00786,2023,9,2023_09,0.0,0.0,0,368451
09-150-00786,2024,7,2024_07,0.0434358978534459,0.0434358978534459,16004,368451
09-150-00786,2024,8,2024_08,0.0003392581374456,0.0003392581374456,125,368451
09-150-00786,2024,9,2024_09,0.0,0.0,0,368451
09-150-00786,2024,10,2024_10,0.0,0.0,0,368451
09-150-00786,2025,6,2025_06,0.0,0.0,0,368437
09-150-00786,2025,7,2025_07,0.0,0.0,0,368437
09-150-00786,2025,8,2025_08,0.0,0.0,0,368437
09-150-00786,2025,9,2025_09,0.0,0.0,0,368437
09-150-00786,2025,10,2025_10,0.0,0.0,0,368437
09-150-00787,2021,6,2021_06,0.0,0.0,0,332909
09-150-00787,2021,7,2021_07,0.0,0.0,0,332909
09-150-00787,2021,8,2021_08,0.0,0.0,0,332909
09-150-00787,2021,9,2021_09,0.0,0.0,0,332909
09-150-00787,2021,10,2021_10,0.0545794796776296,0.0545794796776296,18170,332909
09-150-00787,2022,8,2022_08,0.0,0.0,0,332909
09-150-00787,2022,9,2022_09,0.0,0.0,0,332909
09-150-00787,2022,10,2022_10,0.0,0.0,0,332909
09-150-00787,2023,7,2023_07,1.2015295471134756e-05,1.2015295471134756e-05,4,332909
09-150-00787,2023,8,2023_08,0.0059836171446251,0.0059836171446251,1992,332909
09-150-00787,2023,9,2023_09,0.0,0.0,0,332909
09-150-00787,2024,7,2024_07,0.0695505378346635,0.0695505378346635,23154,332909
09-150-00787,2024,8,2024_08,0.0013577283882382,0.0013577283882382,452,332909
09-150-00787,2024,9,2024_09,0.0,0.0,0,332909
09-150-00787,2024,10,2024_10,0.0,0.0,0,332909
09-150-00787,2025,6,2025_06,0.0,0.0,0,332862
09-150-00787,2025,7,2025_07,0.0,0.0,0,332862
09-150-00787,2025,8,2025_08,0.0,0.0,0,332862
09-150-00787,2025,9,2025_09,0.0,0.0,0,332862
09-150-00787,2025,10,2025_10,0.0,0.0,0,332862
09-150-00788,2021,6,2021_06,0.0,0.0,0,262215
09-150-00788,2021,7,2021_07,0.0,0.0,0,262215
09-150-00788,2021,8,2021_08,0.0,0.0,0,262215
09-150-00788,2021,9,2021_09,0.0,0.0,0,262215
09-150-00788,2021,10,2021_10,0.0190568808039204,0.0190568808039204,4997,262215
09-150-00788,2022,8,2022_08,0.0,0.0,0,262215
09-150-00788,2022,9,2022_09,0.0,0.0,0,262215
09-150-00788,2022,10,2022_10,0.0,0.0,0,262215
09-150-00788,2023,7,2023_07,1.5254657437598915e-05,1.5254657437598915e-05,4,262215
09-150-00788,2023,8,2023_08,0.0,0.0,0,262215
09-150-00788,2023,9,2023_09,0.0,0.0,0,262215
09-150-00788,2024,7,2024_07,0.0895753484735808,0.0895753484735808,23488,262215
09-150-00788,2024,8,2024_08,0.0,0.0,0,262215
09-150-00788,2024,9,2024_09,0.0,0.0,0,262215
09-150-00788,2024,10,2024_10,0.0,0.0,0,262215
09-150-00788,2025,6,2025_06,0.0,0.0,0,262238
09-150-00788,2025,7,2025_07,0.0,0.0,0,262238
09-150-00788,2025,8,2025_08,0.0,0.0,0,262238
09-150-00788,2025,9,2025_09,0.0,0.0,0,262238
09-150-00788,2025,10,2025_10,0.0,0.0,0,262238
09-150-00789,2021,6,2021_06,0.0,0.0,0,293976
09-150-00789,2021,7,2021_07,0.0,0.0,0,293976
09-150-00789,2021,8,2021_08,0.0,0.0,0,293976
09-150-00789,2021,9,2021_09,0.0,0.0,0,293976
09-150-00789,2021,10,2021_10,0.0407074046860968,0.0407074046860968,11967,293976
09-150-00789,2022,8,2022_08,0.0,0.0,0,293976
09-150-00789,2022,9,2022_09,0.0,0.0,0,293976
09-150-00789,2022,10,2022_10,0.0056637276512368,0.0056637276512368,1665,293976
09-150-00789,2023,7,2023_07,0.0071196288132364,0.0071196288132364,2093,293976
09-150-00789,2023,8,2023_08,0.0036567610961439,0.0036567610961439,1075,293976
09-150-00789,2023,9,2023_09,0.0,0.0,0,293976
09-150-00789,2024,7,2024_07,0.1846953492802133,0.1846953492802133,54296,293976
09-150-00789,2024,8,2024_08,0.0021906550194573,0.0021906550194573,644,293976
09-150-00789,2024,9,2024_09,0.0,0.0,0,293976
09-150-00789,2024,10,2024_10,0.0,0.0,0,293976
09-150-00789,2025,6,2025_06,0.0,0.0,0,293993
09-150-00789,2025,7,2025_07,0.0,0.0,0,293993
09-150-00789,2025,8,2025_08,0.0,0.0,0,293993
09-150-00789,2025,9,2025_09,0.0,0.0,0,293993
09-150-00789,2025,10,2025_10,0.0,0.0,0,293993
09-151-00790,2021,6,2021_06,0.0,0.0,0,488682
09-151-00790,2021,7,2021_07,0.0,0.0,0,488682
09-151-00790,2021,8,2021_08,3.68337691996022e-05,3.68337691996022e-05,18,488682
09-151-00790,2021,9,2021_09,0.0,0.0,0,488682
09-151-00790,2021,10,2021_10,0.0052303952263435,0.0052303952263435,2556,488682
09-151-00790,2022,8,2022_08,0.0,0.0,0,488682
09-151-00790,2022,9,2022_09,5.115801277722527e-05,5.115801277722527e-05,25,488682
09-151-00790,2022,10,2022_10,0.0,0.0,0,488682
09-151-00790,2023,7,2023_07,0.0,0.0,0,488682
09-151-00790,2023,8,2023_08,0.0,0.0,0,488682
09-151-00790,2023,9,2023_09,0.0,0.0,0,488682
09-151-00790,2024,7,2024_07,0.0580889003482837,0.0580889003482837,28387,488682
09-151-00790,2024,8,2024_08,2.0463205110890102e-06,2.0463205110890102e-06,1,488682
09-151-00790,2024,9,2024_09,0.0,0.0,0,488682
09-151-00790,2024,10,2024_10,0.0,0.0,0,488682
09-151-00790,2025,6,2025_06,0.0,0.0,0,488653
09-151-00790,2025,7,2025_07,0.0,0.0,0,488653
09-151-00790,2025,8,2025_08,0.0,0.0,0,488653
09-151-00790,2025,9,2025_09,0.0,0.0,0,488653
09-151-00790,2025,10,2025_10,0.0,0.0,0,488653
09-151-00791,2021,6,2021_06,0.0,0.0,0,432129
09-151-00791,2021,7,2021_07,0.0,0.0,0,432129
09-151-00791,2021,8,2021_08,0.0,0.0,0,432129
09-151-00791,2021,9,2021_09,0.0,0.0,0,432129
09-151-00791,2021,10,2021_10,0.0279685001469468,0.0279685001469468,12086,432129
09-151-00791,2022,8,2022_08,0.0,0.0,0,432129
09-151-00791,2022,9,2022_09,0.0,0.0,0,432129
09-151-00791,2022,10,2022_10,0.0012264856096212,0.0012264856096212,530,432129
09-151-00791,2023,7,2023_07,4.62824758347623e-06,4.62824758347623e-06,2,432129
09-151-00791,2023,8,2023_08,0.0,0.0,0,432129
09-151-00791,2023,9,2023_09,0.0,0.0,0,432129
09-151-00791,2024,7,2024_07,0.1365518167028827,0.1365518167028827,59008,432129
09-151-00791,2024,8,2024_08,0.0005160496055575,0.0005160496055575,223,432129
09-151-00791,2024,9,2024_09,0.0,0.0,0,432129
09-151-00791,2024,10,2024_10,0.0,0.0,0,432129
09-151-00791,2025,6,2025_06,0.0,0.0,0,432077
09-151-00791,2025,7,2025_07,0.0,0.0,0,432077
09-151-00791,2025,8,2025_08,0.0,0.0,0,432077
09-151-00791,2025,9,2025_09,0.0,0.0,0,432077
09-151-00791,2025,10,2025_10,0.0,0.0,0,432077
09-151-00792,2021,6,2021_06,0.0,0.0,0,799198
09-151-00792,2021,7,2021_07,0.0,0.0,0,799198
09-151-00792,2021,8,2021_08,0.0,0.0,0,799198
09-151-00792,2021,9,2021_09,0.0,0.0,0,799198
09-151-00792,2021,10,2021_10,0.0397348341712566,0.0397348341712566,31756,799198
09-151-00792,2022,8,2022_08,0.0,0.0,0,799198
09-151-00792,2022,9,2022_09,0.0,0.0,0,799198
09-151-00792,2022,10,2022_10,0.0,0.0,0,799198
09-151-00792,2023,7,2023_07,0.0,0.0,0,799198
09-151-00792,2023,8,2023_08,1.1261289442666272e-05,1.1261289442666272e-05,9,799198
09-151-00792,2023,9,2023_09,0.0,0.0,0,799198
09-151-00792,2024,7,2024_07,0.113009542065921,0.113009542065921,90317,799198
09-151-00792,2024,8,2024_08,0.0005367881301004,0.0005367881301004,429,799198
09-151-00792,2024,9,2024_09,0.0,0.0,0,799198
09-151-00792,2024,10,2024_10,0.0,0.0,0,799198
09-151-00792,2025,6,2025_06,0.0,0.0,0,799241
09-151-00792,2025,7,2025_07,0.0,0.0,0,799241
09-151-00792,2025,8,2025_08,0.0,0.0,0,799241
09-151-00792,2025,9,2025_09,0.0,0.0,0,799241
09-151-00792,2025,10,2025_10,0.0,0.0,0,799241
09-152-00793,2021,6,2021_06,0.0,0.0,0,580285
09-152-00793,2021,7,2021_07,0.0,0.0,0,580285
09-152-00793,2021,8,2021_08,1.7232911414218874e-06,1.7232911414218874e-06,1,580285
09-152-00793,2021,9,2021_09,0.0,0.0,0,580285
09-152-00793,2021,10,2021_10,0.0115443273563852,0.0115443273563852,6699,580285
09-152-00793,2022,8,2022_08,0.0,0.0,0,580285
09-152-00793,2022,9,2022_09,0.0,0.0,0,580285
09-152-00793,2022,10,2022_10,0.0,0.0,0,580285
09-152-00793,2023,7,2023_07,0.0,0.0,0,580285
09-152-00793,2023,8,2023_08,0.0,0.0,0,580285
09-152-00793,2023,9,2023_09,0.0,0.0,0,580285
09-152-00793,2024,7,2024_07,0.060139414253341,0.060139414253341,34898,580285
09-152-00793,2024,8,2024_08,6.89316456568755e-06,6.89316456568755e-06,4,580285
09-152-00793,2024,9,2024_09,0.0,0.0,0,580285
09-152-00793,2024,10,2024_10,0.0,0.0,0,580285
09-152-00793,2025,6,2025_06,0.0,0.0,0,580292
09-152-00793,2025,7,2025_07,0.0,0.0,0,580292
09-152-00793,2025,8,2025_08,0.0,0.0,0,580292
09-152-00793,2025,9,2025_09,0.0,0.0,0,580292
09-152-00793,2025,10,2025_10,0.0,0.0,0,580292
09-152-00794,2021,6,2021_06,0.0,0.0,0,488045
09-152-00794,2021,7,2021_07,0.0,0.0,0,488045
09-152-00794,2021,8,2021_08,0.0,0.0,0,488045
09-152-00794,2021,9,2021_09,0.0,0.0,0,488045
09-152-00794,2021,10,2021_10,0.0536835742605702,0.0536835742605702,26200,488045
09-152-00794,2022,8,2022_08,0.0,0.0,0,488045
09-152-00794,2022,9,2022_09,0.0,0.0,0,488045
09-152-00794,2022,10,2022_10,0.0071796658095052,0.0071796658095052,3504,488045
09-152-00794,2023,7,2023_07,0.0534417932772592,0.0534417932772592,26082,488045
09-152-00794,2023,8,2023_08,0.0137897120142609,0.0137897120142609,6730,488045
09-152-00794,2023,9,2023_09,0.0,0.0,0,488045
09-152-00794,2024,7,2024_07,0.2548433033839092,0.2548433033839092,124375,488045
09-152-00794,2024,8,2024_08,0.0050774006495302,0.0050774006495302,2478,488045
09-152-00794,2024,9,2024_09,0.0,0.0,0,488045
09-152-00794,2024,10,2024_10,0.0,0.0,0,488045
09-152-00794,2025,6,2025_06,0.0,0.0,0,488039
09-152-00794,2025,7,2025_07,0.0,0.0,0,488039
09-152-00794,2025,8,2025_08,0.0,0.0,0,488039
09-152-00794,2025,9,2025_09,0.0,0.0,0,488039
09-152-00794,2025,10,2025_10,0.0,0.0,0,488039
09-152-00795,2021,6,2021_06,0.0,0.0,0,465633
09-152-00795,2021,7,2021_07,0.0,0.0,0,465633
09-152-00795,2021,8,2021_08,0.0,0.0,0,465633
09-152-00795,2021,9,2021_09,0.0,0.0,0,465633
09-152-00795,2021,10,2021_10,0.0073706116190218,0.0073706116190218,3432,465633
09-152-00795,2022,8,2022_08,0.0,0.0,0,465633
09-152-00795,2022,9,2022_09,0.0,0.0,0,465633
09-152-00795,2022,10,2022_10,0.0003221421162159,0.0003221421162159,150,465633
09-152-00795,2023,7,2023_07,0.0,0.0,0,465633
09-152-00795,2023,8,2023_08,4.080466805402538e-05,4.080466805402538e-05,19,465633
09-152-00795,2023,9,2023_09,0.0,0.0,0,465633
09-152-00795,2024,7,2024_07,0.2394009874729669,0.2394009874729669,111473,465633
09-152-00795,2024,8,2024_08,0.0035199395231867,0.0035199395231867,1639,465633
09-152-00795,2024,9,2024_09,0.0,0.0,0,465633
09-152-00795,2024,10,2024_10,0.0,0.0,0,465633
09-152-00795,2025,6,2025_06,0.0,0.0,0,465621
09-152-00795,2025,7,2025_07,0.0,0.0,0,465621
09-152-00795,2025,8,2025_08,0.0,0.0,0,465621
09-152-00795,2025,9,2025_09,0.0,0.0,0,465621
09-152-00795,2025,10,2025_10,0.0,0.0,0,465621
09-152-00796,2021,6,2021_06,0.0,0.0,0,427590
09-152-00796,2021,7,2021_07,0.0,0.0,0,427590
09-152-00796,2021,8,2021_08,0.0060080918637012,0.0060080918637012,2569,427590
09-152-00796,2021,9,2021_09,0.0002876587385111,0.0002876587385111,123,427590
09-152-00796,2021,10,2021_10,0.0828737809583947,0.0828737809583947,35436,427590
09-152-00796,2022,8,2022_08,0.005870109216773,0.005870109216773,2510,427590
09-152-00796,2022,9,2022_09,0.0021282069271966,0.0021282069271966,910,427590
09-152-00796,2022,10,2022_10,0.0445941205360275,0.0445941205360275,19068,427590
09-152-00796,2023,7,2023_07,0.0671040014967609,0.0671040014967609,28693,427590
09-152-00796,2023,8,2023_08,0.0940363432259875,0.0940363432259875,40209,427590
09-152-00796,2023,9,2023_09,0.0019738534577515,0.0019738534577515,844,427590
09-152-00796,2024,7,2024_07,0.2968287378095839,0.2968287378095839,126921,427590
09-152-00796,2024,8,2024_08,0.0122009401529502,0.0122009401529502,5217,427590
09-152-00796,2024,9,2024_09,0.0,0.0,0,427590
09-152-00796,2024,10,2024_10,0.0,0.0,0,427590
09-152-00796,2025,6,2025_06,0.0,0.0,0,427625
09-152-00796,2025,7,2025_07,0.0,0.0,0,427625
09-152-00796,2025,8,2025_08,0.0,0.0,0,427625
09-152-00796,2025,9,2025_09,0.0,0.0,0,427625
09-152-00796,2025,10,2025_10,0.0,0.0,0,427625
09-153-00797,2021,6,2021_06,0.0037759022325529,0.0037759022325529,1488,394078
09-153-00797,2021,7,2021_07,0.0,0.0,0,394078
09-153-00797,2021,8,2021_08,3.0450824456072147e-05,3.0450824456072147e-05,12,394078
09-153-00797,2021,9,2021_09,0.0,0.0,0,394078
09-153-00797,2021,10,2021_10,0.1713239510959759,0.1713239510959759,67515,394078
09-153-00797,2022,8,2022_08,6.851435502616233e-05,6.851435502616233e-05,27,394078
09-153-00797,2022,9,2022_09,0.0,0.0,0,394078
09-153-00797,2022,10,2022_10,0.0253173229665193,0.0253173229665193,9977,394078
09-153-00797,2023,7,2023_07,0.0003324215003121,0.0003324215003121,131,394078
09-153-00797,2023,8,2023_08,0.0,0.0,0,394078
09-153-00797,2023,9,2023_09,0.0,0.0,0,394078
09-153-00797,2024,7,2024_07,0.196402742604256,0.196402742604256,77398,394078
09-153-00797,2024,8,2024_08,0.0266393962616537,0.0266393962616537,10498,394078
09-153-00797,2024,9,2024_09,0.112279802475652,0.112279802475652,44247,394078
09-153-00797,2024,10,2024_10,0.0,0.0,0,394078
09-153-00797,2025,6,2025_06,0.0,0.0,0,394072
09-153-00797,2025,7,2025_07,0.0,0.0,0,394072
09-153-00797,2025,8,2025_08,0.0,0.0,0,394072
09-153-00797,2025,9,2025_09,0.0,0.0,0,394072
09-153-00797,2025,10,2025_10,0.0,0.0,0,394072
09-153-00798,2021,6,2021_06,0.0025839936795597,0.0025839936795597,1861,720203
09-153-00798,2021,7,2021_07,0.0,0.0,0,720203
09-153-00798,2021,8,2021_08,3.332393783419397e-05,3.332393783419397e-05,24,720203
09-153-00798,2021,9,2021_09,0.0,0.0,0,720203
09-153-00798,2021,10,2021_10,0.0758452825106254,0.0758452825106254,54624,720203
09-153-00798,2022,8,2022_08,0.0,0.0,0,720203
09-153-00798,2022,9,2022_09,0.0,0.0,0,720203
09-153-00798,2022,10,2022_10,0.0073701442509959,0.0073701442509959,5308,720203
09-153-00798,2023,7,2023_07,0.0,0.0,0,720203
09-153-00798,2023,8,2023_08,0.0,0.0,0,720203
09-153-00798,2023,9,2023_09,0.0,0.0,0,720203
09-153-00798,2024,7,2024_07,0.158152631966265,0.158152631966265,113902,720203
09-153-00798,2024,8,2024_08,0.0116147808326263,0.0116147808326263,8365,720203
09-153-00798,2024,9,2024_09,6.664787566838794e-05,6.664787566838794e-05,48,720203
09-153-00798,2024,10,2024_10,0.0,0.0,0,720203
09-153-00798,2025,6,2025_06,0.0,0.0,0,720193
09-153-00798,2025,7,2025_07,0.0,0.0,0,720193
09-153-00798,2025,8,2025_08,0.0,0.0,0,720193
09-153-00798,2025,9,2025_09,0.0,0.0,0,720193
09-153-00798,2025,10,2025_10,0.0,0.0,0,720193
09-153-00799,2021,6,2021_06,0.0030195287271371,0.0030195287271371,1814,600756
09-153-00799,2021,7,2021_07,0.0,0.0,0,600756
09-153-00799,2021,8,2021_08,0.0,0.0,0,600756
09-153-00799,2021,9,2021_09,0.0,0.0,0,600756
09-153-00799,2021,10,2021_10,0.0244708334165618,0.0244708334165618,14701,600756
09-153-00799,2022,8,2022_08,1.3316554474695215e-05,1.3316554474695215e-05,8,600756
09-153-00799,2022,9,2022_09,0.0,0.0,0,600756
09-153-00799,2022,10,2022_10,0.0025734241522348,0.0025734241522348,1546,600756
09-153-00799,2023,7,2023_07,0.0,0.0,0,600756
09-153-00799,2023,8,2023_08,0.0,0.0,0,600756
09-153-00799,2023,9,2023_09,0.0,0.0,0,600756
09-153-00799,2024,7,2024_07,0.0321062128384901,0.0321062128384901,19288,600756
09-153-00799,2024,8,2024_08,0.001116926006565,0.001116926006565,671,600756
09-153-00799,2024,9,2024_09,0.0041231381792275,0.0041231381792275,2477,600756
09-153-00799,2024,10,2024_10,0.0,0.0,0,600756
09-153-00799,2025,6,2025_06,0.0,0.0,0,600743
09-153-00799,2025,7,2025_07,0.0,0.0,0,600743
09-153-00799,2025,8,2025_08,0.0,0.0,0,600743
09-153-00799,2025,9,2025_09,0.0,0.0,0,600743
09-153-00799,2025,10,2025_10,0.0,0.0,0,600743
09-153-00800,2021,6,2021_06,0.0,0.0,0,602599
09-153-00800,2021,7,2021_07,0.0,0.0,0,602599
09-153-00800,2021,8,2021_08,1.659478359572452e-06,1.659478359572452e-06,1,602599
09-153-00800,2021,9,2021_09,0.0,0.0,0,602599
09-153-00800,2021,10,2021_10,0.0014802546967386,0.0014802546967386,892,602599
09-153-00800,2022,8,2022_08,4.646539406802865e-05,4.646539406802865e-05,28,602599
09-153-00800,2022,9,2022_09,0.0,0.0,0,602599
09-153-00800,2022,10,2022_10,0.0,0.0,0,602599
09-153-00800,2023,7,2023_07,0.0,0.0,0,602599
09-153-00800,2023,8,2023_08,0.0,0.0,0,602599
09-153-00800,2023,9,2023_09,0.0,0.0,0,602599
09-153-00800,2024,7,2024_07,0.0100033355515027,0.0100033355515027,6028,602599
09-153-00800,2024,8,2024_08,4.812487242760111e-05,4.812487242760111e-05,29,602599
09-153-00800,2024,9,2024_09,0.0,0.0,0,602599
09-153-00800,2024,10,2024_10,0.0,0.0,0,602599
09-153-00800,2025,6,2025_06,0.0,0.0,0,602574
09-153-00800,2025,7,2025_07,0.0,0.0,0,602574
09-153-00800,2025,8,2025_08,0.0,0.0,0,602574
09-153-00800,2025,9,2025_09,0.0,0.0,0,602574
09-153-00800,2025,10,2025_10,0.0,0.0,0,602574
09-153-00801,2021,6,2021_06,0.0090871429891305,0.0090871429891305,6098,671058
09-153-00801,2021,7,2021_07,0.0,0.0,0,671058
09-153-00801,2021,8,2021_08,0.0,0.0,0,671058
09-153-00801,2021,9,2021_09,0.0,0.0,0,671058
09-153-00801,2021,10,2021_10,0.0482715353963442,0.0482715353963442,32393,671058
09-153-00801,2022,8,2022_08,0.0,0.0,0,671058
09-153-00801,2022,9,2022_09,0.000175841730521,0.000175841730521,118,671058
09-153-00801,2022,10,2022_10,0.0165753183778451,0.0165753183778451,11123,671058
09-153-00801,2023,7,2023_07,0.0031144848880424,0.0031144848880424,2090,671058
09-153-00801,2023,8,2023_08,0.0,0.0,0,671058
09-153-00801,2023,9,2023_09,0.0,0.0,0,671058
09-153-00801,2024,7,2024_07,0.0377567959848478,0.0377567959848478,25337,671058
09-153-00801,2024,8,2024_08,0.004194868401837,0.004194868401837,2815,671058
09-153-00801,2024,9,2024_09,0.0310688494884197,0.0310688494884197,20849,671058
09-153-00801,2024,10,2024_10,0.0,0.0,0,671058
09-153-00801,2025,6,2025_06,0.0,0.0,0,671094
09-153-00801,2025,7,2025_07,0.0,0.0,0,671094
09-153-00801,2025,8,2025_08,0.0,0.0,0,671094
09-153-00801,2025,9,2025_09,0.0,0.0,0,671094
09-153-00801,2025,10,2025_10,0.0,0.0,0,671094
09-153-00802,2021,6,2021_06,0.0107965797810216,0.0107965797810216,5528,512014
09-153-00802,2021,7,2021_07,0.0,0.0,0,512014
09-153-00802,2021,8,2021_08,0.0,0.0,0,512014
09-153-00802,2021,9,2021_09,0.0005175639728601,0.0005175639728601,265,512014
09-153-00802,2021,10,2021_10,0.0868218447151835,0.0868218447151835,44454,512014
09-153-00802,2022,8,2022_08,0.0002773361665891,0.0002773361665891,142,512014
09-153-00802,2022,9,2022_09,0.0208353677829121,0.0208353677829121,10668,512014
09-153-00802,2022,10,2022_10,0.0193803294441167,0.0193803294441167,9923,512014
09-153-00802,2023,7,2023_07,0.0135250208002124,0.0135250208002124,6925,512014
09-153-00802,2023,8,2023_08,0.0,0.0,0,512014
09-153-00802,2023,9,2023_09,0.0,0.0,0,512014
09-153-00802,2024,7,2024_07,0.0683438343482795,0.0683438343482795,34993,512014
09-153-00802,2024,8,2024_08,0.0095251301722218,0.0095251301722218,4877,512014
09-153-00802,2024,9,2024_09,0.0165151734132269,0.0165151734132269,8456,512014
09-153-00802,2024,10,2024_10,0.0,0.0,0,512014
09-153-00802,2025,6,2025_06,0.0,0.0,0,512005
09-153-00802,2025,7,2025_07,0.0,0.0,0,512005
09-153-00802,2025,8,2025_08,0.0,0.0,0,512005
09-153-00802,2025,9,2025_09,0.0,0.0,0,512005
09-153-00802,2025,10,2025_10,0.0,0.0,0,512005
09-154-00803,2021,6,2021_06,0.0,0.0,0,630238
09-154-00803,2021,7,2021_07,0.0,0.0,0,630238
09-154-00803,2021,8,2021_08,3.173404332966276e-06,3.173404332966276e-06,2,630238
09-154-00803,2021,9,2021_09,0.0,0.0,0,630238
09-154-00803,2021,10,2021_10,0.0,0.0,0,630238
09-154-00803,2022,8,2022_08,0.0,0.0,0,630238
09-154-00803,2022,9,2022_09,0.0,0.0,0,630238
09-154-00803,2022,10,2022_10,0.0,0.0,0,630238
09-154-00803,2023,7,2023_07,0.0,0.0,0,630238
09-154-00803,2023,8,2023_08,0.0,0.0,0,630238
09-154-00803,2023,9,2023_09,0.0,0.0,0,630238
09-154-00803,2024,7,2024_07,0.0003189271354631,0.0003189271354631,201,630238
09-154-00803,2024,8,2024_08,0.0,0.0,0,630238
09-154-00803,2024,9,2024_09,0.0,0.0,0,630238
09-154-00803,2024,10,2024_10,0.0,0.0,0,630238
09-154-00803,2025,6,2025_06,0.0,0.0,0,630213
09-154-00803,2025,7,2025_07,0.0,0.0,0,630213
09-154-00803,2025,8,2025_08,0.0,0.0,0,630213
09-154-00803,2025,9,2025_09,0.0,0.0,0,630213
09-154-00803,2025,10,2025_10,0.0,0.0,0,630213
09-154-00804,2021,6,2021_06,0.0,0.0,0,384169
09-154-00804,2021,7,2021_07,0.0,0.0,0,384169
09-154-00804,2021,8,2021_08,2.603021066249489e-06,2.603021066249489e-06,1,384169
09-154-00804,2021,9,2021_09,0.0,0.0,0,384169
09-154-00804,2021,10,2021_10,7.548761092123518e-05,7.548761092123518e-05,29,384169
09-154-00804,2022,8,2022_08,0.0,0.0,0,384169
09-154-00804,2022,9,2022_09,0.0,0.0,0,384169
09-154-00804,2022,10,2022_10,0.0,0.0,0,384169
09-154-00804,2023,7,2023_07,0.0,0.0,0,384169
09-154-00804,2023,8,2023_08,0.0,0.0,0,384169
09-154-00804,2023,9,2023_09,0.0,0.0,0,384169
09-154-00804,2024,7,2024_07,0.0002524930434262,0.0002524930434262,97,384169
09-154-00804,2024,8,2024_08,0.0,0.0,0,384169
09-154-00804,2024,9,2024_09,0.0,0.0,0,384169
09-154-00804,2024,10,2024_10,0.0,0.0,0,384169
09-154-00804,2025,6,2025_06,0.0,0.0,0,384210
09-154-00804,2025,7,2025_07,0.0,0.0,0,384210
09-154-00804,2025,8,2025_08,0.0,0.0,0,384210
09-154-00804,2025,9,2025_09,0.0,0.0,0,384210
09-154-00804,2025,10,2025_10,0.0,0.0,0,384210
09-154-00805,2021,6,2021_06,0.0183424332602136,0.0183424332602136,8019,437183
09-154-00805,2021,7,2021_07,0.0,0.0,0,437183
09-154-00805,2021,8,2021_08,0.0,0.0,0,437183
09-154-00805,2021,9,2021_09,0.0,0.0,0,437183
09-154-00805,2021,10,2021_10,0.085552274448,0.085552274448,37402,437183
09-154-00805,2022,8,2022_08,4.803480464702424e-05,4.803480464702424e-05,21,437183
09-154-00805,2022,9,2022_09,0.0050528039745369,0.0050528039745369,2209,437183
09-154-00805,2022,10,2022_10,0.0387549378635491,0.0387549378635491,16943,437183
09-154-00805,2023,7,2023_07,0.0,0.0,0,437183
09-154-00805,2023,8,2023_08,0.0,0.0,0,437183
09-154-00805,2023,9,2023_09,0.0,0.0,0,437183
09-154-00805,2024,7,2024_07,0.0142228769188188,0.0142228769188188,6218,437183
09-154-00805,2024,8,2024_08,0.0035843113753279,0.0035843113753279,1567,437183
09-154-00805,2024,9,2024_09,0.0638268185176459,0.0638268185176459,27904,437183
09-154-00805,2024,10,2024_10,0.0,0.0,0,437183
09-154-00805,2025,6,2025_06,0.0,0.0,0,437143
09-154-00805,2025,7,2025_07,0.0,0.0,0,437143
09-154-00805,2025,8,2025_08,0.0,0.0,0,437143
09-154-00805,2025,9,2025_09,0.0,0.0,0,437143
09-154-00805,2025,10,2025_10,0.0,0.0,0,437143
09-154-00806,2021,6,2021_06,0.0007738241980989,0.0007738241980989,339,438084
09-154-00806,2021,7,2021_07,0.0,0.0,0,438084
09-154-00806,2021,8,2021_08,0.0060285242099688,0.0060285242099688,2641,438084
09-154-00806,2021,9,2021_09,0.0044648971430136,0.0044648971430136,1956,438084
09-154-00806,2021,10,2021_10,0.0906789565471462,0.0906789565471462,39725,438084
09-154-00806,2022,8,2022_08,0.001006656257704,0.001006656257704,441,438084
09-154-00806,2022,9,2022_09,0.0022301659042558,0.0022301659042558,977,438084
09-154-00806,2022,10,2022_10,0.0706713780918728,0.0706713780918728,30960,438084
09-154-00806,2023,7,2023_07,0.0,0.0,0,438084
09-154-00806,2023,8,2023_08,0.0,0.0,0,438084
09-154-00806,2023,9,2023_09,0.0,0.0,0,438084
09-154-00806,2024,7,2024_07,0.0242989928872088,0.0242989928872088,10645,438084
09-154-00806,2024,8,2024_08,0.0064485349841582,0.0064485349841582,2825,438084
09-154-00806,2024,9,2024_09,0.0326284456862154,0.0326284456862154,14294,438084
09-154-00806,2024,10,2024_10,0.0,0.0,0,438084
09-154-00806,2025,6,2025_06,0.0,0.0,0,438093
09-154-00806,2025,7,2025_07,0.0,0.0,0,438093
09-154-00806,2025,8,2025_08,0.0,0.0,0,438093
09-154-00806,2025,9,2025_09,0.0,0.0,0,438093
09-154-00806,2025,10,2025_10,0.0,0.0,0,438093
09-154-00807,2021,6,2021_06,0.00129402282086,0.00129402282086,472,364754
09-154-00807,2021,7,2021_07,0.0,0.0,0,364754
09-154-00807,2021,8,2021_08,0.0032926301013833,0.0032926301013833,1201,364754
09-154-00807,2021,9,2021_09,0.0053159115458637,0.0053159115458637,1939,364754
09-154-00807,2021,10,2021_10,0.048772597421824,0.048772597421824,17790,364754
09-154-00807,2022,8,2022_08,0.0084851708274617,0.0084851708274617,3095,364754
09-154-00807,2022,9,2022_09,0.0027909221009228,0.0027909221009228,1018,364754
09-154-00807,2022,10,2022_10,0.1031242974717206,0.1031242974717206,37615,364754
09-154-00807,2023,7,2023_07,0.0,0.0,0,364754
09-154-00807,2023,8,2023_08,0.0,0.0,0,364754
09-154-00807,2023,9,2023_09,0.0,0.0,0,364754
09-154-00807,2024,7,2024_07,0.0422723260060204,0.0422723260060204,15419,364754
09-154-00807,2024,8,2024_08,0.0052364059064465,0.0052364059064465,1910,364754
09-154-00807,2024,9,2024_09,0.0163342965395855,0.0163342965395855,5958,364754
09-154-00807,2024,10,2024_10,0.0,0.0,0,364754
09-154-00807,2025,6,2025_06,0.0,0.0,0,364753
09-154-00807,2025,7,2025_07,0.0,0.0,0,364753
09-154-00807,2025,8,2025_08,0.0,0.0,0,364753
09-154-00807,2025,9,2025_09,0.0,0.0,0,364753
09-154-00807,2025,10,2025_10,0.0,0.0,0,364753
09-154-00808,2021,6,2021_06,0.0,0.0,0,344653
09-154-00808,2021,7,2021_07,0.0,0.0,0,344653
09-154-00808,2021,8,2021_08,8.704407041285003e-06,8.704407041285003e-06,3,344653
09-154-00808,2021,9,2021_09,0.0,0.0,0,344653
09-154-00808,2021,10,2021_10,0.0,0.0,0,344653
09-154-00808,2022,8,2022_08,0.0,0.0,0,344653
09-154-00808,2022,9,2022_09,0.0,0.0,0,344653
09-154-00808,2022,10,2022_10,0.0,0.0,0,344653
09-154-00808,2023,7,2023_07,0.0,0.0,0,344653
09-154-00808,2023,8,2023_08,0.0004062056619266,0.0004062056619266,140,344653
09-154-00808,2023,9,2023_09,0.0005193629534633,0.0005193629534633,179,344653
09-154-00808,2024,7,2024_07,0.0154677313123634,0.0154677313123634,5331,344653
09-154-00808,2024,8,2024_08,0.0,0.0,0,344653
09-154-00808,2024,9,2024_09,0.0,0.0,0,344653
09-154-00808,2024,10,2024_10,0.0,0.0,0,344653
09-154-00808,2025,6,2025_06,0.0,0.0,0,344699
09-154-00808,2025,7,2025_07,0.0,0.0,0,344699
09-154-00808,2025,8,2025_08,0.0,0.0,0,344699
09-154-00808,2025,9,2025_09,0.0,0.0,0,344699
09-154-00808,2025,10,2025_10,0.0,0.0,0,344699
09-155-00809,2021,6,2021_06,0.0,0.0,0,439582
09-155-00809,2021,7,2021_07,0.0,0.0,0,439582
09-155-00809,2021,8,2021_08,0.0,0.0,0,439582
09-155-00809,2021,9,2021_09,0.0,0.0,0,439582
09-155-00809,2021,10,2021_10,0.001708441200959,0.001708441200959,751,439582
09-155-00809,2022,8,2022_08,1.592421891706212e-05,1.592421891706212e-05,7,439582
09-155-00809,2022,9,2022_09,0.0,0.0,0,439582
09-155-00809,2022,10,2022_10,0.0,0.0,0,439582
09-155-00809,2023,7,2023_07,0.0109444881728551,0.0109444881728551,4811,439582
09-155-00809,2023,8,2023_08,0.0022339404252221,0.0022339404252221,982,439582
09-155-00809,2023,9,2023_09,0.0,0.0,0,439582
09-155-00809,2024,7,2024_07,0.1235878630153191,0.1235878630153191,54327,439582
09-155-00809,2024,8,2024_08,0.0020655986823846,0.0020655986823846,908,439582
09-155-00809,2024,9,2024_09,0.0,0.0,0,439582
09-155-00809,2024,10,2024_10,0.0,0.0,0,439582
09-155-00809,2025,6,2025_06,0.0,0.0,0,439546
09-155-00809,2025,7,2025_07,0.0,0.0,0,439546
09-155-00809,2025,8,2025_08,0.0,0.0,0,439546
09-155-00809,2025,9,2025_09,0.0,0.0,0,439546
09-155-00809,2025,10,2025_10,0.0,0.0,0,439546
09-155-00810,2021,6,2021_06,0.0,0.0,0,470255
09-155-00810,2021,7,2021_07,0.0,0.0,0,470255
09-155-00810,2021,8,2021_08,0.0022009335360602,0.0022009335360602,1035,470255
09-155-00810,2021,9,2021_09,0.0003891505672454,0.0003891505672454,183,470255
09-155-00810,2021,10,2021_10,0.1054194001127048,0.1054194001127048,49574,470255
09-155-00810,2022,8,2022_08,6.379517495826732e-06,6.379517495826732e-06,3,470255
09-155-00810,2022,9,2022_09,0.0,0.0,0,470255
09-155-00810,2022,10,2022_10,0.0330373946050547,0.0330373946050547,15536,470255
09-155-00810,2023,7,2023_07,0.1093938395126048,0.1093938395126048,51443,470255
09-155-00810,2023,8,2023_08,0.1012642077170896,0.1012642077170896,47620,470255
09-155-00810,2023,9,2023_09,0.0207546969197563,0.0207546969197563,9760,470255
09-155-00810,2024,7,2024_07,0.2879544077149631,0.2879544077149631,135412,470255
09-155-00810,2024,8,2024_08,0.0040020839757153,0.0040020839757153,1882,470255
09-155-00810,2024,9,2024_09,0.0,0.0,0,470255
09-155-00810,2024,10,2024_10,0.0,0.0,0,470255
09-155-00810,2025,6,2025_06,0.0,0.0,0,470274
09-155-00810,2025,7,2025_07,0.0,0.0,0,470274
09-155-00810,2025,8,2025_08,0.0,0.0,0,470274
09-155-00810,2025,9,2025_09,0.0,0.0,0,470274
09-155-00810,2025,10,2025_10,0.0,0.0,0,470274
09-155-00811,2021,6,2021_06,0.0,0.0,0,716885
09-155-00811,2021,7,2021_07,0.0,0.0,0,716885
09-155-00811,2021,8,2021_08,1.813401033638589e-05,1.813401033638589e-05,13,716885
09-155-00811,2021,9,2021_09,5.440203100915768e-05,5.440203100915768e-05,39,716885
09-155-00811,2021,10,2021_10,0.0031832162759717,0.0031832162759717,2282,716885
09-155-00811,2022,8,2022_08,0.0,0.0,0,716885
09-155-00811,2022,9,2022_09,0.0,0.0,0,716885
09-155-00811,2022,10,2022_10,0.0,0.0,0,716885
09-155-00811,2023,7,2023_07,0.0107046457939557,0.0107046457939557,7674,716885
09-155-00811,2023,8,2023_08,0.0074865564211833,0.0074865564211833,5367,716885
09-155-00811,2023,9,2023_09,0.0,0.0,0,716885
09-155-00811,2024,7,2024_07,0.0473757994657441,0.0473757994657441,33963,716885
09-155-00811,2024,8,2024_08,0.0009652873194445,0.0009652873194445,692,716885
09-155-00811,2024,9,2024_09,0.0,0.0,0,716885
09-155-00811,2024,10,2024_10,0.0,0.0,0,716885
09-155-00811,2025,6,2025_06,0.0,0.0,0,716919
09-155-00811,2025,7,2025_07,0.0,0.0,0,716919
09-155-00811,2025,8,2025_08,0.0,0.0,0,716919
09-155-00811,2025,9,2025_09,0.0,0.0,0,716919
09-155-00811,2025,10,2025_10,0.0,0.0,0,716919
09-155-00812,2021,6,2021_06,0.0,0.0,0,429043
09-155-00812,2021,7,2021_07,0.0,0.0,0,429043
09-155-00812,2021,8,2021_08,0.0,0.0,0,429043
09-155-00812,2021,9,2021_09,0.004743114326536,0.004743114326536,2035,429043
09-155-00812,2021,10,2021_10,0.0208603799619152,0.0208603799619152,8950,429043
09-155-00812,2022,8,2022_08,0.0,0.0,0,429043
09-155-00812,2022,9,2022_09,0.0024496379150807,0.0024496379150807,1051,429043
09-155-00812,2022,10,2022_10,0.0029530839566197,0.0029530839566197,1267,429043
09-155-00812,2023,7,2023_07,0.0535773803558151,0.0535773803558151,22987,429043
09-155-00812,2023,8,2023_08,0.076521467545211,0.076521467545211,32831,429043
09-155-00812,2023,9,2023_09,0.0150264658787114,0.0150264658787114,6447,429043
09-155-00812,2024,7,2024_07,0.0901727798845337,0.0901727798845337,38688,429043
09-155-00812,2024,8,2024_08,0.0014007919952079,0.0014007919952079,601,429043
09-155-00812,2024,9,2024_09,0.0,0.0,0,429043
09-155-00812,2024,10,2024_10,0.0,0.0,0,429043
09-155-00812,2025,6,2025_06,0.0,0.0,0,428994
09-155-00812,2025,7,2025_07,0.0,0.0,0,428994
09-155-00812,2025,8,2025_08,0.0,0.0,0,428994
09-155-00812,2025,9,2025_09,0.0,0.0,0,428994
09-155-00812,2025,10,2025_10,0.0,0.0,0,428994
09-155-00813,2021,6,2021_06,0.0,0.0,0,650968
09-155-00813,2021,7,2021_07,0.0,0.0,0,650968
09-155-00813,2021,8,2021_08,1.6897912032542307e-05,1.6897912032542307e-05,11,650968
09-155-00813,2021,9,2021_09,9.217042926841255e-06,9.217042926841255e-06,6,650968
09-155-00813,2021,10,2021_10,0.0,0.0,0,650968
09-155-00813,2022,8,2022_08,0.0,0.0,0,650968
09-155-00813,2022,9,2022_09,4.6085214634206286e-06,4.6085214634206286e-06,3,650968
09-155-00813,2022,10,2022_10,0.0,0.0,0,650968
09-155-00813,2023,7,2023_07,0.0013794840913839,0.0013794840913839,898,650968
09-155-00813,2023,8,2023_08,0.0024056482039055,0.0024056482039055,1566,650968
09-155-00813,2023,9,2023_09,0.0009508915952857,0.0009508915952857,619,650968
09-155-00813,2024,7,2024_07,0.0234527657273475,0.0234527657273475,15267,650968
09-155-00813,2024,8,2024_08,3.072347642280419e-06,3.072347642280419e-06,2,650968
09-155-00813,2024,9,2024_09,0.0,0.0,0,650968
09-155-00813,2024,10,2024_10,0.0,0.0,0,650968
09-155-00813,2025,6,2025_06,0.0,0.0,0,650969
09-155-00813,2025,7,2025_07,0.0,0.0,0,650969
09-155-00813,2025,8,2025_08,0.0,0.0,0,650969
09-155-00813,2025,9,2025_09,0.0,0.0,0,650969
09-155-00813,2025,10,2025_10,0.0,0.0,0,650969
09-156-00814,2021,6,2021_06,0.0,0.0,0,462391
09-156-00814,2021,7,2021_07,0.0,0.0,0,462391
09-156-00814,2021,8,2021_08,6.488015553935955e-06,6.488015553935955e-06,3,462391
09-156-00814,2021,9,2021_09,0.0115638063889651,0.0115638063889651,5347,462391
09-156-00814,2021,10,2021_10,0.0149289237896066,0.0149289237896066,6903,462391
09-156-00814,2022,8,2022_08,0.0,0.0,0,462391
09-156-00814,2022,9,2022_09,0.002593043549723,0.002593043549723,1199,462391
09-156-00814,2022,10,2022_10,0.0,0.0,0,462391
09-156-00814,2023,7,2023_07,0.0559721101838054,0.0559721101838054,25881,462391
09-156-00814,2023,8,2023_08,0.1081076405033835,0.1081076405033835,49988,462391
09-156-00814,2023,9,2023_09,0.0383095691741405,0.0383095691741405,17714,462391
09-156-00814,2024,7,2024_07,0.0830055083252052,0.0830055083252052,38381,462391
09-156-00814,2024,8,2024_08,0.0043729224833528,0.0043729224833528,2022,462391
09-156-00814,2024,9,2024_09,0.0,0.0,0,462391
09-156-00814,2024,10,2024_10,0.0,0.0,0,462391
09-156-00814,2025,6,2025_06,0.0,0.0,0,462378
09-156-00814,2025,7,2025_07,0.0,0.0,0,462378
09-156-00814,2025,8,2025_08,0.0,0.0,0,462378
09-156-00814,2025,9,2025_09,0.0,0.0,0,462378
09-156-00814,2025,10,2025_10,0.0,0.0,0,462378
09-156-00815,2021,6,2021_06,0.0,0.0,0,503635
09-156-00815,2021,7,2021_07,0.0,0.0,0,503635
09-156-00815,2021,8,2021_08,3.375460402871127e-05,3.375460402871127e-05,17,503635
09-156-00815,2021,9,2021_09,0.0192718933354512,0.0192718933354512,9706,503635
09-156-00815,2021,10,2021_10,0.0,0.0,0,503635
09-156-00815,2022,8,2022_08,0.0,0.0,0,503635
09-156-00815,2022,9,2022_09,0.000220397708658,0.000220397708658,111,503635
09-156-00815,2022,10,2022_10,0.0,0.0,0,503635
09-156-00815,2023,7,2023_07,0.0052240213646787,0.0052240213646787,2631,503635
09-156-00815,2023,8,2023_08,1.1913389657192211e-05,1.1913389657192211e-05,6,503635
09-156-00815,2023,9,2023_09,0.0,0.0,0,503635
09-156-00815,2024,7,2024_07,0.1301915077387393,0.1301915077387393,65569,503635
09-156-00815,2024,8,2024_08,0.0026924260625254,0.0026924260625254,1356,503635
09-156-00815,2024,9,2024_09,0.0,0.0,0,503635
09-156-00815,2024,10,2024_10,0.0,0.0,0,503635
09-156-00815,2025,6,2025_06,0.0,0.0,0,503637
09-156-00815,2025,7,2025_07,0.0,0.0,0,503637
09-156-00815,2025,8,2025_08,0.0,0.0,0,503637
09-156-00815,2025,9,2025_09,0.0,0.0,0,503637
09-156-00815,2025,10,2025_10,0.0,0.0,0,503637
09-156-00816,2021,6,2021_06,0.0,0.0,0,450282
09-156-00816,2021,7,2021_07,0.0,0.0,0,450282
09-156-00816,2021,8,2021_08,3.775411853016554e-05,3.775411853016554e-05,17,450282
09-156-00816,2021,9,2021_09,0.0176822524551281,0.0176822524551281,7962,450282
09-156-00816,2021,10,2021_10,0.0181797184875255,0.0181797184875255,8186,450282
09-156-00816,2022,8,2022_08,0.0,0.0,0,450282
09-156-00816,2022,9,2022_09,0.0130984582994656,0.0130984582994656,5898,450282
09-156-00816,2022,10,2022_10,0.0167717119494005,0.0167717119494005,7552,450282
09-156-00816,2023,7,2023_07,0.0537085648549131,0.0537085648549131,24184,450282
09-156-00816,2023,8,2023_08,0.1087207572143678,0.1087207572143678,48955,450282
09-156-00816,2023,9,2023_09,0.0536041858213297,0.0536041858213297,24137,450282
09-156-00816,2024,7,2024_07,0.1367098840282312,0.1367098840282312,61558,450282
09-156-00816,2024,8,2024_08,0.0048258646803558,0.0048258646803558,2173,450282
09-156-00816,2024,9,2024_09,0.0,0.0,0,450282
09-156-00816,2024,10,2024_10,0.0,0.0,0,450282
09-156-00816,2025,6,2025_06,0.0,0.0,0,450298
09-156-00816,2025,7,2025_07,0.0,0.0,0,450298
09-156-00816,2025,8,2025_08,0.0,0.0,0,450298
09-156-00816,2025,9,2025_09,0.0,0.0,0,450298
09-156-00816,2025,10,2025_10,0.0,0.0,0,450298
09-156-00817,2021,6,2021_06,0.0,0.0,0,356910
09-156-00817,2021,7,2021_07,0.0,0.0,0,356910
09-156-00817,2021,8,2021_08,1.961278753747443e-05,1.961278753747443e-05,7,356910
09-156-00817,2021,9,2021_09,0.0001484968199265,0.0001484968199265,53,356910
09-156-00817,2021,10,2021_10,0.0,0.0,0,356910
09-156-00817,2022,8,2022_08,0.0,0.0,0,356910
09-156-00817,2022,9,2022_09,0.0,0.0,0,356910
09-156-00817,2022,10,2022_10,0.0,0.0,0,356910
09-156-00817,2023,7,2023_07,0.0036255638676417,0.0036255638676417,1294,356910
09-156-00817,2023,8,2023_08,0.0,0.0,0,356910
09-156-00817,2023,9,2023_09,0.0,0.0,0,356910
09-156-00817,2024,7,2024_07,0.114138017987728,0.114138017987728,40737,356910
09-156-00817,2024,8,2024_08,0.0,0.0,0,356910
09-156-00817,2024,9,2024_09,0.0,0.0,0,356910
09-156-00817,2024,10,2024_10,0.0,0.0,0,356910
09-156-00817,2025,6,2025_06,0.0,0.0,0,356893
09-156-00817,2025,7,2025_07,0.0,0.0,0,356893
09-156-00817,2025,8,2025_08,0.0,0.0,0,356893
09-156-00817,2025,9,2025_09,0.0,0.0,0,356893
09-156-00817,2025,10,2025_10,0.0,0.0,0,356893
09-156-00818,2021,6,2021_06,0.0,0.0,0,279219
09-156-00818,2021,7,2021_07,0.0,0.0,0,279219
09-156-00818,2021,8,2021_08,6.088410888943804e-05,6.088410888943804e-05,17,279219
09-156-00818,2021,9,2021_09,0.0,0.0,0,279219
09-156-00818,2021,10,2021_10,0.0,0.0,0,279219
09-156-00818,2022,8,2022_08,0.0,0.0,0,279219
09-156-00818,2022,9,2022_09,6.804694522937192e-05,6.804694522937192e-05,19,279219
09-156-00818,2022,10,2022_10,0.0,0.0,0,279219
09-156-00818,2023,7,2023_07,0.02599751449579,0.02599751449579,7259,279219
09-156-00818,2023,8,2023_08,0.0744684280081226,0.0744684280081226,20793,279219
09-156-00818,2023,9,2023_09,0.0480089105684068,0.0480089105684068,13405,279219
09-156-00818,2024,7,2024_07,0.0630078898642284,0.0630078898642284,17593,279219
09-156-00818,2024,8,2024_08,0.0004082816713762,0.0004082816713762,114,279219
09-156-00818,2024,9,2024_09,0.0,0.0,0,279219
09-156-00818,2024,10,2024_10,0.0,0.0,0,279219
09-156-00818,2025,6,2025_06,0.0,0.0,0,279205
09-156-00818,2025,7,2025_07,0.0,0.0,0,279205
09-156-00818,2025,8,2025_08,0.0,0.0,0,279205
09-156-00818,2025,9,2025_09,0.0,0.0,0,279205
09-156-00818,2025,10,2025_10,0.0,0.0,0,279205
09-157-00819,2021,6,2021_06,0.0,0.0,0,214525
09-157-00819,2021,7,2021_07,0.0,0.0,0,214525
09-157-00819,2021,8,2021_08,2.330730684069456e-05,2.330730684069456e-05,5,214525
09-157-00819,2021,9,2021_09,1.864584547255565e-05,1.864584547255565e-05,4,214525
09-157-00819,2021,10,2021_10,0.0,0.0,0,214525
09-157-00819,2022,8,2022_08,0.0,0.0,0,214525
09-157-00819,2022,9,2022_09,0.0,0.0,0,214525
09-157-00819,2022,10,2022_10,0.0,0.0,0,214525
09-157-00819,2023,7,2023_07,0.0,0.0,0,214525
09-157-00819,2023,8,2023_08,0.0012213028784523,0.0012213028784523,262,214525
09-157-00819,2023,9,2023_09,0.0003263022957697,0.0003263022957697,70,214525
09-157-00819,2024,7,2024_07,0.034699918424426,0.034699918424426,7444,214525
09-157-00819,2024,8,2024_08,0.0,0.0,0,214525
09-157-00819,2024,9,2024_09,0.0,0.0,0,214525
09-157-00819,2024,10,2024_10,0.0,0.0,0,214525
09-157-00819,2025,6,2025_06,0.0,0.0,0,214507
09-157-00819,2025,7,2025_07,0.0,0.0,0,214507
09-157-00819,2025,8,2025_08,0.0,0.0,0,214507
09-157-00819,2025,9,2025_09,0.0,0.0,0,214507
09-157-00819,2025,10,2025_10,0.0,0.0,0,214507
09-157-00820,2021,6,2021_06,0.0,0.0,0,188559
09-157-00820,2021,7,2021_07,0.0,0.0,0,188559
09-157-00820,2021,8,2021_08,1.5910139531923696e-05,1.5910139531923696e-05,3,188559
09-157-00820,2021,9,2021_09,0.0,0.0,0,188559
09-157-00820,2021,10,2021_10,0.0001007642170355,0.0001007642170355,19,188559
09-157-00820,2022,8,2022_08,0.0,0.0,0,188559
09-157-00820,2022,9,2022_09,0.0,0.0,0,188559
09-157-00820,2022,10,2022_10,0.0,0.0,0,188559
09-157-00820,2023,7,2023_07,0.0,0.0,0,188559
09-157-00820,2023,8,2023_08,0.0224226899803244,0.0224226899803244,4228,188559
09-157-00820,2023,9,2023_09,0.0158889260125477,0.0158889260125477,2996,188559
09-157-00820,2024,7,2024_07,0.0476879915570192,0.0476879915570192,8992,188559
09-157-00820,2024,8,2024_08,0.0,0.0,0,188559
09-157-00820,2024,9,2024_09,0.0,0.0,0,188559
09-157-00820,2024,10,2024_10,0.0,0.0,0,188559
09-157-00820,2025,6,2025_06,0.0,0.0,0,188558
09-157-00820,2025,7,2025_07,0.0,0.0,0,188558
09-157-00820,2025,8,2025_08,0.0,0.0,0,188558
09-157-00820,2025,9,2025_09,0.0,0.0,0,188558
09-157-00820,2025,10,2025_10,0.0,0.0,0,188558
09-157-00821,2021,6,2021_06,0.0,0.0,0,421688
09-157-00821,2021,7,2021_07,0.0,0.0,0,421688
09-157-00821,2021,8,2021_08,2.3714215249188977e-05,2.3714215249188977e-05,10,421688
09-157-00821,2021,9,2021_09,0.0032986473411621,0.0032986473411621,1391,421688
09-157-00821,2021,10,2021_10,2.8457058299026768e-05,2.8457058299026768e-05,12,421688
09-157-00821,2022,8,2022_08,0.0,0.0,0,421688
09-157-00821,2022,9,2022_09,0.0,0.0,0,421688
09-157-00821,2022,10,2022_10,0.0,0.0,0,421688
09-157-00821,2023,7,2023_07,0.0015675096279713,0.0015675096279713,661,421688
09-157-00821,2023,8,2023_08,0.0,0.0,0,421688
09-157-00821,2023,9,2023_09,0.0,0.0,0,421688
09-157-00821,2024,7,2024_07,0.0330931873802432,0.0330931873802432,13955,421688
09-157-00821,2024,8,2024_08,0.0,0.0,0,421688
09-157-00821,2024,9,2024_09,0.0,0.0,0,421688
09-157-00821,2024,10,2024_10,0.0,0.0,0,421688
09-157-00821,2025,6,2025_06,0.0,0.0,0,421733
09-157-00821,2025,7,2025_07,0.0,0.0,0,421733
09-157-00821,2025,8,2025_08,0.0,0.0,0,421733
09-157-00821,2025,9,2025_09,0.0,0.0,0,421733
09-157-00821,2025,10,2025_10,0.0,0.0,0,421733
09-157-00822,2021,6,2021_06,0.0,0.0,0,314022
09-157-00822,2021,7,2021_07,0.0,0.0,0,314022
09-157-00822,2021,8,2021_08,6.368980517288597e-05,6.368980517288597e-05,20,314022
09-157-00822,2021,9,2021_09,0.0,0.0,0,314022
09-157-00822,2021,10,2021_10,0.0,0.0,0,314022
09-157-00822,2022,8,2022_08,0.0,0.0,0,314022
09-157-00822,2022,9,2022_09,0.0,0.0,0,314022
09-157-00822,2022,10,2022_10,0.0,0.0,0,314022
09-157-00822,2023,7,2023_07,0.0,0.0,0,314022
09-157-00822,2023,8,2023_08,0.0,0.0,0,314022
09-157-00822,2023,9,2023_09,0.0,0.0,0,314022
09-157-00822,2024,7,2024_07,0.0555470635815325,0.0555470635815325,17443,314022
09-157-00822,2024,8,2024_08,3.1844902586442988e-06,3.1844902586442988e-06,1,314022
09-157-00822,2024,9,2024_09,0.0,0.0,0,314022
09-157-00822,2024,10,2024_10,0.0,0.0,0,314022
09-157-00822,2025,6,2025_06,0.0,0.0,0,314007
09-157-00822,2025,7,2025_07,0.0,0.0,0,314007
09-157-00822,2025,8,2025_08,0.0,0.0,0,314007
09-157-00822,2025,9,2025_09,0.0,0.0,0,314007
09-157-00822,2025,10,2025_10,0.0,0.0,0,314007
09-158-00823,2021,6,2021_06,0.0,0.0,0,323632
09-158-00823,2021,7,2021_07,0.0,0.0,0,323632
09-158-00823,2021,8,2021_08,0.0002286547683788,0.0002286547683788,74,323632
09-158-00823,2021,9,2021_09,0.0,0.0,0,323632
09-158-00823,2021,10,2021_10,0.0,0.0,0,323632
09-158-00823,2022,8,2022_08,0.0,0.0,0,323632
09-158-00823,2022,9,2022_09,0.0,0.0,0,323632
09-158-00823,2022,10,2022_10,0.0002688238493103,0.0002688238493103,87,323632
09-158-00823,2023,7,2023_07,0.0,0.0,0,323632
09-158-00823,2023,8,2023_08,0.0,0.0,0,323632
09-158-00823,2023,9,2023_09,0.0,0.0,0,323632
09-158-00823,2024,7,2024_07,0.2599403025658773,0.2599403025658773,84125,323632
09-158-00823,2024,8,2024_08,0.0,0.0,0,323632
09-158-00823,2024,9,2024_09,0.0,0.0,0,323632
09-158-00823,2024,10,2024_10,0.0,0.0,0,323632
09-158-00823,2025,6,2025_06,0.0,0.0,0,323589
09-158-00823,2025,7,2025_07,0.0,0.0,0,323589
09-158-00823,2025,8,2025_08,0.0,0.0,0,323589
09-158-00823,2025,9,2025_09,0.0,0.0,0,323589
09-158-00823,2025,10,2025_10,0.0,0.0,0,323589
09-158-00825,2021,6,2021_06,0.0,0.0,0,434797
09-158-00825,2021,7,2021_07,0.0,0.0,0,434797
09-158-00825,2021,8,2021_08,2.29992387251982e-05,2.29992387251982e-05,10,434797
09-158-00825,2021,9,2021_09,0.0,0.0,0,434797
09-158-00825,2021,10,2021_10,0.0,0.0,0,434797
09-158-00825,2022,8,2022_08,0.0,0.0,0,434797
09-158-00825,2022,9,2022_09,0.0,0.0,0,434797
09-158-00825,2022,10,2022_10,0.0,0.0,0,434797
09-158-00825,2023,7,2023_07,0.0,0.0,0,434797
09-158-00825,2023,8,2023_08,0.0,0.0,0,434797
09-158-00825,2023,9,2023_09,0.0,0.0,0,434797
09-158-00825,2024,7,2024_07,0.0448853142960968,0.0448853142960968,19516,434797
09-158-00825,2024,8,2024_08,9.199695490079278e-06,9.199695490079278e-06,4,434797
09-158-00825,2024,9,2024_09,0.0,0.0,0,434797
09-158-00825,2024,10,2024_10,0.0,0.0,0,434797
09-158-00825,2025,6,2025_06,0.0,0.0,0,434825
09-158-00825,2025,7,2025_07,0.0,0.0,0,434825
09-158-00825,2025,8,2025_08,0.0,0.0,0,434825
09-158-00825,2025,9,2025_09,0.0,0.0,0,434825
09-158-00825,2025,10,2025_10,0.0,0.0,0,434825
09-158-00826,2021,6,2021_06,0.0,0.0,0,319635
09-158-00826,2021,7,2021_07,0.0,0.0,0,319635
09-158-00826,2021,8,2021_08,0.0007727564252976,0.0007727564252976,247,319635
09-158-00826,2021,9,2021_09,0.0,0.0,0,319635
09-158-00826,2021,10,2021_10,0.0,0.0,0,319635
09-158-00826,2022,8,2022_08,0.0001157570353684,0.0001157570353684,37,319635
09-158-00826,2022,9,2022_09,0.0,0.0,0,319635
09-158-00826,2022,10,2022_10,0.0,0.0,0,319635
09-158-00826,2023,7,2023_07,0.0030628685844791,0.0030628685844791,979,319635
09-158-00826,2023,8,2023_08,0.0157147996934002,0.0157147996934002,5023,319635
09-158-00826,2023,9,2023_09,0.0081436638665978,0.0081436638665978,2603,319635
09-158-00826,2024,7,2024_07,0.006494908254728,0.006494908254728,2076,319635
09-158-00826,2024,8,2024_08,3.128568523472085e-06,3.128568523472085e-06,1,319635
09-158-00826,2024,9,2024_09,0.0,0.0,0,319635
09-158-00826,2024,10,2024_10,0.0,0.0,0,319635
09-158-00826,2025,6,2025_06,0.0,0.0,0,319672
09-158-00826,2025,7,2025_07,0.0,0.0,0,319672
09-158-00826,2025,8,2025_08,0.0,0.0,0,319672
09-158-00826,2025,9,2025_09,0.0,0.0,0,319672
09-158-00826,2025,10,2025_10,0.0,0.0,0,319672
09-158-00827,2021,6,2021_06,0.0,0.0,0,191397
09-158-00827,2021,7,2021_07,0.0,0.0,0,191397
09-158-00827,2021,8,2021_08,0.0034796783648646,0.0034796783648646,666,191397
09-158-00827,2021,9,2021_09,0.0,0.0,0,191397
09-158-00827,2021,10,2021_10,0.0,0.0,0,191397
09-158-00827,2022,8,2022_08,0.0027534391866121,0.0027534391866121,527,191397
09-158-00827,2022,9,2022_09,0.0,0.0,0,191397
09-158-00827,2022,10,2022_10,0.0,0.0,0,191397
09-158-00827,2023,7,2023_07,0.0,0.0,0,191397
09-158-00827,2023,8,2023_08,0.0184485650245301,0.0184485650245301,3531,191397
09-158-00827,2023,9,2023_09,0.011739995924701,0.011739995924701,2247,191397
09-158-00827,2024,7,2024_07,0.0351834145780759,0.0351834145780759,6734,191397
09-158-00827,2024,8,2024_08,0.0,0.0,0,191397
09-158-00827,2024,9,2024_09,0.0,0.0,0,191397
09-158-00827,2024,10,2024_10,0.0,0.0,0,191397
09-158-00827,2025,6,2025_06,0.0,0.0,0,191348
09-158-00827,2025,7,2025_07,0.0,0.0,0,191348
09-158-00827,2025,8,2025_08,0.0,0.0,0,191348
09-158-00827,2025,9,2025_09,0.0,0.0,0,191348
09-158-00827,2025,10,2025_10,0.0,0.0,0,191348
09-158-00828,2021,6,2021_06,0.0,0.0,0,191411
09-158-00828,2021,7,2021_07,0.0,0.0,0,191411
09-158-00828,2021,8,2021_08,0.0016926926874631,0.0016926926874631,324,191411
09-158-00828,2021,9,2021_09,0.0,0.0,0,191411
09-158-00828,2021,10,2021_10,0.0,0.0,0,191411
09-158-00828,2022,8,2022_08,0.003458526416977,0.003458526416977,662,191411
09-158-00828,2022,9,2022_09,0.0,0.0,0,191411
09-158-00828,2022,10,2022_10,0.0,0.0,0,191411
09-158-00828,2023,7,2023_07,0.0,0.0,0,191411
09-158-00828,2023,8,2023_08,0.0029517634827674,0.0029517634827674,565,191411
09-158-00828,2023,9,2023_09,0.0021733338209402,0.0021733338209402,416,191411
09-158-00828,2024,7,2024_07,0.0299826028807121,0.0299826028807121,5739,191411
09-158-00828,2024,8,2024_08,0.0,0.0,0,191411
09-158-00828,2024,9,2024_09,0.0,0.0,0,191411
09-158-00828,2024,10,2024_10,0.0,0.0,0,191411
09-158-00828,2025,6,2025_06,0.0,0.0,0,191371
09-158-00828,2025,7,2025_07,0.0,0.0,0,191371
09-158-00828,2025,8,2025_08,0.0,0.0,0,191371
09-158-00828,2025,9,2025_09,0.0,0.0,0,191371
09-158-00828,2025,10,2025_10,0.0,0.0,0,191371
09-158-00829,2021,6,2021_06,0.0,0.0,0,298492
09-158-00829,2021,7,2021_07,0.0,0.0,0,298492
09-158-00829,2021,8,2021_08,6.70034707797864e-06,6.70034707797864e-06,2,298492
09-158-00829,2021,9,2021_09,0.0,0.0,0,298492
09-158-00829,2021,10,2021_10,0.0,0.0,0,298492
09-158-00829,2022,8,2022_08,0.0004254720394516,0.0004254720394516,127,298492
09-158-00829,2022,9,2022_09,0.0,0.0,0,298492
09-158-00829,2022,10,2022_10,0.0,0.0,0,298492
09-158-00829,2023,7,2023_07,0.0,0.0,0,298492
09-158-00829,2023,8,2023_08,0.0,0.0,0,298492
09-158-00829,2023,9,2023_09,0.0,0.0,0,298492
09-158-00829,2024,7,2024_07,0.011273333958699,0.011273333958699,3365,298492
09-158-00829,2024,8,2024_08,9.380485909170096e-05,9.380485909170096e-05,28,298492
09-158-00829,2024,9,2024_09,0.0,0.0,0,298492
09-158-00829,2024,10,2024_10,0.0,0.0,0,298492
09-158-00829,2025,6,2025_06,0.0,0.0,0,298521
09-158-00829,2025,7,2025_07,0.0,0.0,0,298521
09-158-00829,2025,8,2025_08,0.0,0.0,0,298521
09-158-00829,2025,9,2025_09,0.0,0.0,0,298521
09-158-00829,2025,10,2025_10,0.0,0.0,0,298521
09-159-00830,2021,6,2021_06,0.0,0.0,0,426482
09-159-00830,2021,7,2021_07,0.0,0.0,0,426482
09-159-00830,2021,8,2021_08,0.0302896722487701,0.0302896722487701,12918,426482
09-159-00830,2021,9,2021_09,0.0039110677590144,0.0039110677590144,1668,426482
09-159-00830,2021,10,2021_10,0.029827753574594,0.029827753574594,12721,426482
09-159-00830,2022,8,2022_08,0.0223104374862245,0.0223104374862245,9515,426482
09-159-00830,2022,9,2022_09,0.0017890555756163,0.0017890555756163,763,426482
09-159-00830,2022,10,2022_10,0.0018336061076434,0.0018336061076434,782,426482
09-159-00830,2023,7,2023_07,0.1216534343770663,0.1216534343770663,51883,426482
09-159-00830,2023,8,2023_08,0.1730999198090423,0.1730999198090423,73824,426482
09-159-00830,2023,9,2023_09,0.0159303323469689,0.0159303323469689,6794,426482
09-159-00830,2024,7,2024_07,0.0564267659596419,0.0564267659596419,24065,426482
09-159-00830,2024,8,2024_08,0.0296894124488255,0.0296894124488255,12662,426482
09-159-00830,2024,9,2024_09,0.0,0.0,0,426482
09-159-00830,2024,10,2024_10,0.0,0.0,0,426482
09-159-00830,2025,6,2025_06,0.0,0.0,0,426452
09-159-00830,2025,7,2025_07,0.0,0.0,0,426452
09-159-00830,2025,8,2025_08,0.0,0.0,0,426452
09-159-00830,2025,9,2025_09,0.0,0.0,0,426452
09-159-00830,2025,10,2025_10,0.0,0.0,0,426452
09-159-00831,2021,6,2021_06,0.0,0.0,0,159959
09-159-00831,2021,7,2021_07,0.0,0.0,0,159959
09-159-00831,2021,8,2021_08,0.1623103420251439,0.1623103420251439,25963,159959
09-159-00831,2021,9,2021_09,0.0687863765089804,0.0687863765089804,11003,159959
09-159-00831,2021,10,2021_10,0.4160003500897105,0.4160003500897105,66543,159959
09-159-00831,2022,8,2022_08,0.0376283922755206,0.0376283922755206,6019,159959
09-159-00831,2022,9,2022_09,0.0233997461849598,0.0233997461849598,3743,159959
09-159-00831,2022,10,2022_10,0.0488312630111466,0.0488312630111466,7811,159959
09-159-00831,2023,7,2023_07,0.4543476765921267,0.4543476765921267,72677,159959
09-159-00831,2023,8,2023_08,0.4813420939115648,0.4813420939115648,76995,159959
09-159-00831,2023,9,2023_09,0.1071774642252077,0.1071774642252077,17144,159959
09-159-00831,2024,7,2024_07,0.2685313111484818,0.2685313111484818,42954,159959
09-159-00831,2024,8,2024_08,0.0847654711519827,0.0847654711519827,13559,159959
09-159-00831,2024,9,2024_09,0.0,0.0,0,159959
09-159-00831,2024,10,2024_10,0.0,0.0,0,159959
09-159-00831,2025,6,2025_06,0.0,0.0,0,159969
09-159-00831,2025,7,2025_07,0.0,0.0,0,159969
09-159-00831,2025,8,2025_08,0.0,0.0,0,159969
09-159-00831,2025,9,2025_09,0.0,0.0,0,159969
09-159-00831,2025,10,2025_10,0.0,0.0,0,159969
09-159-00832,2021,6,2021_06,0.0,0.0,0,400347
09-159-00832,2021,7,2021_07,0.0,0.0,0,400347
09-159-00832,2021,8,2021_08,0.0178794895428216,0.0178794895428216,7158,400347
09-159-00832,2021,9,2021_09,0.0102086440013288,0.0102086440013288,4087,400347
09-159-00832,2021,10,2021_10,0.0344051535293133,0.0344051535293133,13774,400347
09-159-00832,2022,8,2022_08,0.0152767474216117,0.0152767474216117,6116,400347
09-159-00832,2022,9,2022_09,0.0034370183865496,0.0034370183865496,1376,400347
09-159-00832,2022,10,2022_10,0.0022530454830434,0.0022530454830434,902,400347
09-159-00832,2023,7,2023_07,0.0534236549793054,0.0534236549793054,21388,400347
09-159-00832,2023,8,2023_08,0.0494820743005442,0.0494820743005442,19810,400347
09-159-00832,2023,9,2023_09,0.0120320621860536,0.0120320621860536,4817,400347
09-159-00832,2024,7,2024_07,0.055154653338229,0.055154653338229,22081,400347
09-159-00832,2024,8,2024_08,0.0092419825801117,0.0092419825801117,3700,400347
09-159-00832,2024,9,2024_09,0.0,0.0,0,400347
09-159-00832,2024,10,2024_10,0.0,0.0,0,400347
09-159-00832,2025,6,2025_06,0.0,0.0,0,400340
09-159-00832,2025,7,2025_07,0.0,0.0,0,400340
09-159-00832,2025,8,2025_08,0.0,0.0,0,400340
09-159-00832,2025,9,2025_09,0.0,0.0,0,400340
09-159-00832,2025,10,2025_10,0.0,0.0,0,400340
09-160-00833,2021,6,2021_06,0.0,0.0,0,392874
09-160-00833,2021,7,2021_07,0.0,0.0,0,392874
09-160-00833,2021,8,2021_08,5.854294252101183e-05,5.854294252101183e-05,23,392874
09-160-00833,2021,9,2021_09,7.890570513701593e-05,7.890570513701593e-05,31,392874
09-160-00833,2021,10,2021_10,0.0008272372312751,0.0008272372312751,325,392874
09-160-00833,2022,8,2022_08,0.0,0.0,0,392874
09-160-00833,2022,9,2022_09,0.0,0.0,0,392874
09-160-00833,2022,10,2022_10,0.0,0.0,0,392874
09-160-00833,2023,7,2023_07,0.0059408359932192,0.0059408359932192,2334,392874
09-160-00833,2023,8,2023_08,0.0023162642475704,0.0023162642475704,910,392874
09-160-00833,2023,9,2023_09,0.0005879747705371,0.0005879747705371,231,392874
09-160-00833,2024,7,2024_07,0.0550634554590021,0.0550634554590021,21633,392874
09-160-00833,2024,8,2024_08,1.78174172890036e-05,1.78174172890036e-05,7,392874
09-160-00833,2024,9,2024_09,0.0,0.0,0,392874
09-160-00833,2024,10,2024_10,0.0,0.0,0,392874
09-160-00833,2025,6,2025_06,0.0,0.0,0,392904
09-160-00833,2025,7,2025_07,0.0,0.0,0,392904
09-160-00833,2025,8,2025_08,0.0,0.0,0,392904
09-160-00833,2025,9,2025_09,0.0,0.0,0,392904
09-160-00833,2025,10,2025_10,0.0,0.0,0,392904
09-160-00834,2021,6,2021_06,0.0,0.0,0,219908
09-160-00834,2021,7,2021_07,0.0,0.0,0,219908
09-160-00834,2021,8,2021_08,0.0,0.0,0,219908
09-160-00834,2021,9,2021_09,0.001937173727195,0.001937173727195,426,219908
09-160-00834,2021,10,2021_10,0.0416765192716954,0.0416765192716954,9165,219908
09-160-00834,2022,8,2022_08,0.0,0.0,0,219908
09-160-00834,2022,9,2022_09,0.0,0.0,0,219908
09-160-00834,2022,10,2022_10,0.0003410517125343,0.0003410517125343,75,219908
09-160-00834,2023,7,2023_07,0.0404259963257362,0.0404259963257362,8890,219908
09-160-00834,2023,8,2023_08,0.0673872710406169,0.0673872710406169,14819,219908
09-160-00834,2023,9,2023_09,0.0132509958710006,0.0132509958710006,2914,219908
09-160-00834,2024,7,2024_07,0.1667197191552831,0.1667197191552831,36663,219908
09-160-00834,2024,8,2024_08,0.0031331283991487,0.0031331283991487,689,219908
09-160-00834,2024,9,2024_09,0.0,0.0,0,219908
09-160-00834,2024,10,2024_10,0.0,0.0,0,219908
09-160-00834,2025,6,2025_06,0.0,0.0,0,219877
09-160-00834,2025,7,2025_07,0.0,0.0,0,219877
09-160-00834,2025,8,2025_08,0.0,0.0,0,219877
09-160-00834,2025,9,2025_09,0.0,0.0,0,219877
09-160-00834,2025,10,2025_10,0.0,0.0,0,219877
09-160-00835,2021,6,2021_06,0.0,0.0,0,329400
09-160-00835,2021,7,2021_07,0.0,0.0,0,329400
09-160-00835,2021,8,2021_08,0.0,0.0,0,329400
09-160-00835,2021,9,2021_09,0.0111718275652701,0.0111718275652701,3680,329400
09-160-00835,2021,10,2021_10,0.0043776563448694,0.0043776563448694,1442,329400
09-160-00835,2022,8,2022_08,0.0,0.0,0,329400
09-160-00835,2022,9,2022_09,0.0,0.0,0,329400
09-160-00835,2022,10,2022_10,0.0,0.0,0,329400
09-160-00835,2023,7,2023_07,0.0110048573163327,0.0110048573163327,3625,329400
09-160-00835,2023,8,2023_08,0.0,0.0,0,329400
09-160-00835,2023,9,2023_09,0.0,0.0,0,329400
09-160-00835,2024,7,2024_07,0.0728779599271402,0.0728779599271402,24006,329400
09-160-00835,2024,8,2024_08,0.0,0.0,0,329400
09-160-00835,2024,9,2024_09,0.0,0.0,0,329400
09-160-00835,2024,10,2024_10,0.0,0.0,0,329400
09-160-00835,2025,6,2025_06,0.0,0.0,0,329395
09-160-00835,2025,7,2025_07,0.0,0.0,0,329395
09-160-00835,2025,8,2025_08,0.0,0.0,0,329395
09-160-00835,2025,9,2025_09,0.0,0.0,0,329395
09-160-00835,2025,10,2025_10,0.0,0.0,0,329395
09-161-00836,2021,6,2021_06,0.0,0.0,0,127717
09-161-00836,2021,7,2021_07,0.0,0.0,0,127717
09-161-00836,2021,8,2021_08,0.0,0.0,0,127717
09-161-00836,2021,9,2021_09,0.0,0.0,0,127717
09-161-00836,2021,10,2021_10,0.0,0.0,0,127717
09-161-00836,2022,8,2022_08,0.0,0.0,0,127717
09-161-00836,2022,9,2022_09,0.0,0.0,0,127717
09-161-00836,2022,10,2022_10,0.0,0.0,0,127717
09-161-00836,2023,7,2023_07,0.0107190115646311,0.0107190115646311,1369,127717
09-161-00836,2023,8,2023_08,0.0,0.0,0,127717
09-161-00836,2023,9,2023_09,0.0,0.0,0,127717
09-161-00836,2024,7,2024_07,0.0005872358417438,0.0005872358417438,75,127717
09-161-00836,2024,8,2024_08,0.0,0.0,0,127717
09-161-00836,2024,9,2024_09,0.0,0.0,0,127717
09-161-00836,2024,10,2024_10,0.0,0.0,0,127717
09-161-00836,2025,6,2025_06,0.0,0.0,0,127715
09-161-00836,2025,7,2025_07,0.0,0.0,0,127715
09-161-00836,2025,8,2025_08,0.0,0.0,0,127715
09-161-00836,2025,9,2025_09,0.0,0.0,0,127715
09-161-00836,2025,10,2025_10,0.0,0.0,0,127715
09-161-00837,2021,6,2021_06,0.0,0.0,0,75946
09-161-00837,2021,7,2021_07,0.0,0.0,0,75946
09-161-00837,2021,8,2021_08,0.0,0.0,0,75946
09-161-00837,2021,9,2021_09,0.0,0.0,0,75946
09-161-00837,2021,10,2021_10,0.0,0.0,0,75946
09-161-00837,2022,8,2022_08,0.0,0.0,0,75946
09-161-00837,2022,9,2022_09,0.0,0.0,0,75946
09-161-00837,2022,10,2022_10,0.0,0.0,0,75946
09-161-00837,2023,7,2023_07,0.1027045532351934,0.1027045532351934,7800,75946
09-161-00837,2023,8,2023_08,0.0,0.0,0,75946
09-161-00837,2023,9,2023_09,0.0,0.0,0,75946
09-161-00837,2024,7,2024_07,0.0592789613672872,0.0592789613672872,4502,75946
09-161-00837,2024,8,2024_08,0.0,0.0,0,75946
09-161-00837,2024,9,2024_09,0.0,0.0,0,75946
09-161-00837,2024,10,2024_10,0.0,0.0,0,75946
09-161-00837,2025,6,2025_06,0.0,0.0,0,75950
09-161-00837,2025,7,2025_07,0.0,0.0,0,75950
09-161-00837,2025,8,2025_08,0.0,0.0,0,75950
09-161-00837,2025,9,2025_09,0.0,0.0,0,75950
09-161-00837,2025,10,2025_10,0.0,0.0,0,75950
09-161-00838,2021,6,2021_06,0.0,0.0,0,292983
09-161-00838,2021,7,2021_07,0.0,0.0,0,292983
09-161-00838,2021,8,2021_08,0.0060174139796506,0.0060174139796506,1763,292983
09-161-00838,2021,9,2021_09,0.0,0.0,0,292983
09-161-00838,2021,10,2021_10,0.0,0.0,0,292983
09-161-00838,2022,8,2022_08,0.00567951041528,0.00567951041528,1664,292983
09-161-00838,2022,9,2022_09,0.0027134680169156,0.0027134680169156,795,292983
09-161-00838,2022,10,2022_10,0.0,0.0,0,292983
09-161-00838,2023,7,2023_07,0.0407941757712904,0.0407941757712904,11952,292983
09-161-00838,2023,8,2023_08,0.0,0.0,0,292983
09-161-00838,2023,9,2023_09,0.0,0.0,0,292983
09-161-00838,2024,7,2024_07,0.0385448985094698,0.0385448985094698,11293,292983
09-161-00838,2024,8,2024_08,0.0,0.0,0,292983
09-161-00838,2024,9,2024_09,0.0,0.0,0,292983
09-161-00838,2024,10,2024_10,0.0,0.0,0,292983
09-161-00838,2025,6,2025_06,0.0,0.0,0,292963
09-161-00838,2025,7,2025_07,0.0,0.0,0,292963
09-161-00838,2025,8,2025_08,0.0,0.0,0,292963
09-161-00838,2025,9,2025_09,0.0,0.0,0,292963
09-161-00838,2025,10,2025_10,0.0,0.0,0,292963
09-161-00839,2021,6,2021_06,0.0,0.0,0,320874
09-161-00839,2021,7,2021_07,0.0,0.0,0,320874
09-161-00839,2021,8,2021_08,0.0,0.0,0,320874
09-161-00839,2021,9,2021_09,0.0,0.0,0,320874
09-161-00839,2021,10,2021_10,6.2329761837980016e-06,6.2329761837980016e-06,2,320874
09-161-00839,2022,8,2022_08,0.0,0.0,0,320874
09-161-00839,2022,9,2022_09,0.0031788178537369,0.0031788178537369,1020,320874
09-161-00839,2022,10,2022_10,0.0,0.0,0,320874
09-161-00839,2023,7,2023_07,0.0594033795196868,0.0594033795196868,19061,320874
09-161-00839,2023,8,2023_08,0.0,0.0,0,320874
09-161-00839,2023,9,2023_09,0.0,0.0,0,320874
09-161-00839,2024,7,2024_07,0.0760236105137842,0.0760236105137842,24394,320874
09-161-00839,2024,8,2024_08,0.0,0.0,0,320874
09-161-00839,2024,9,2024_09,0.0,0.0,0,320874
09-161-00839,2024,10,2024_10,0.0,0.0,0,320874
09-161-00839,2025,6,2025_06,0.0,0.0,0,320870
09-161-00839,2025,7,2025_07,0.0,0.0,0,320870
09-161-00839,2025,8,2025_08,0.0,0.0,0,320870
09-161-00839,2025,9,2025_09,0.0,0.0,0,320870
09-161-00839,2025,10,2025_10,0.0,0.0,0,320870
09-161-00840,2021,6,2021_06,0.0,0.0,0,228773
09-161-00840,2021,7,2021_07,0.0,0.0,0,228773
09-161-00840,2021,8,2021_08,0.0805995462751286,0.0805995462751286,18439,228773
09-161-00840,2021,9,2021_09,0.0,0.0,0,228773
09-161-00840,2021,10,2021_10,0.0,0.0,0,228773
09-161-00840,2022,8,2022_08,0.0512560485721654,0.0512560485721654,11726,228773
09-161-00840,2022,9,2022_09,0.0015561276898934,0.0015561276898934,356,228773
09-161-00840,2022,10,2022_10,0.0,0.0,0,228773
09-161-00840,2023,7,2023_07,0.0,0.0,0,228773
09-161-00840,2023,8,2023_08,0.0,0.0,0,228773
09-161-00840,2023,9,2023_09,0.0,0.0,0,228773
09-161-00840,2024,7,2024_07,0.0257897566583469,0.0257897566583469,5900,228773
09-161-00840,2024,8,2024_08,4.371145196329987e-06,4.371145196329987e-06,1,228773
09-161-00840,2024,9,2024_09,0.0,0.0,0,228773
09-161-00840,2024,10,2024_10,0.0,0.0,0,228773
09-161-00840,2025,6,2025_06,0.0,0.0,0,228778
09-161-00840,2025,7,2025_07,0.0,0.0,0,228778
09-161-00840,2025,8,2025_08,0.0,0.0,0,228778
09-161-00840,2025,9,2025_09,0.0,0.0,0,228778
09-161-00840,2025,10,2025_10,0.0,0.0,0,228778
09-162-00841,2021,6,2021_06,0.0,0.0,0,500362
09-162-00841,2021,7,2021_07,0.0,0.0,0,500362
09-162-00841,2021,8,2021_08,0.0,0.0,0,500362
09-162-00841,2021,9,2021_09,0.0239166843205519,0.0239166843205519,11967,500362
09-162-00841,2021,10,2021_10,0.0008973503183695,0.0008973503183695,449,500362
09-162-00841,2022,8,2022_08,0.0,0.0,0,500362
09-162-00841,2022,9,2022_09,0.0,0.0,0,500362
09-162-00841,2022,10,2022_10,0.0,0.0,0,500362
09-162-00841,2023,7,2023_07,0.0490005236208984,0.0490005236208984,24518,500362
09-162-00841,2023,8,2023_08,0.0,0.0,0,500362
09-162-00841,2023,9,2023_09,0.0,0.0,0,500362
09-162-00841,2024,7,2024_07,0.1015824543030845,0.1015824543030845,50828,500362
09-162-00841,2024,8,2024_08,0.0,0.0,0,500362
09-162-00841,2024,9,2024_09,0.0,0.0,0,500362
09-162-00841,2024,10,2024_10,0.0,0.0,0,500362
09-162-00841,2025,6,2025_06,0.0,0.0,0,500381
09-162-00841,2025,7,2025_07,0.0,0.0,0,500381
09-162-00841,2025,8,2025_08,0.0,0.0,0,500381
09-162-00841,2025,9,2025_09,0.0,0.0,0,500381
09-162-00841,2025,10,2025_10,0.0,0.0,0,500381
09-162-00842,2021,6,2021_06,0.0,0.0,0,406694
09-162-00842,2021,7,2021_07,0.0,0.0,0,406694
09-162-00842,2021,8,2021_08,0.0366393406344819,0.0366393406344819,14901,406694
09-162-00842,2021,9,2021_09,0.0,0.0,0,406694
09-162-00842,2021,10,2021_10,3.4423915769595815e-05,3.4423915769595815e-05,14,406694
09-162-00842,2022,8,2022_08,0.0155423979699725,0.0155423979699725,6321,406694
09-162-00842,2022,9,2022_09,0.0011335303692702,0.0011335303692702,461,406694
09-162-00842,2022,10,2022_10,0.0,0.0,0,406694
09-162-00842,2023,7,2023_07,0.0125770235115344,0.0125770235115344,5115,406694
09-162-00842,2023,8,2023_08,0.0,0.0,0,406694
09-162-00842,2023,9,2023_09,0.0,0.0,0,406694
09-162-00842,2024,7,2024_07,0.0270424446881439,0.0270424446881439,10998,406694
09-162-00842,2024,8,2024_08,9.589519392958832e-05,9.589519392958832e-05,39,406694
09-162-00842,2024,9,2024_09,0.0,0.0,0,406694
09-162-00842,2024,10,2024_10,0.0,0.0,0,406694
09-162-00842,2025,6,2025_06,0.0,0.0,0,406666
09-162-00842,2025,7,2025_07,0.0,0.0,0,406666
09-162-00842,2025,8,2025_08,0.0,0.0,0,406666
09-162-00842,2025,9,2025_09,0.0,0.0,0,406666
09-162-00842,2025,10,2025_10,0.0,0.0,0,406666
09-163-00843,2021,6,2021_06,0.0,0.0,0,302821
09-163-00843,2021,7,2021_07,0.0,0.0,0,302821
09-163-00843,2021,8,2021_08,0.0,0.0,0,302821
09-163-00843,2021,9,2021_09,0.0668976061765861,0.0668976061765861,20258,302821
09-163-00843,2021,10,2021_10,0.0356481221579745,0.0356481221579745,10795,302821
09-163-00843,2022,8,2022_08,0.0,0.0,0,302821
09-163-00843,2022,9,2022_09,0.0,0.0,0,302821
09-163-00843,2022,10,2022_10,0.0,0.0,0,302821
09-163-00843,2023,7,2023_07,0.0213525482050452,0.0213525482050452,6466,302821
09-163-00843,2023,8,2023_08,0.0,0.0,0,302821
09-163-00843,2023,9,2023_09,0.0,0.0,0,302821
09-163-00843,2024,7,2024_07,0.0597151452508247,0.0597151452508247,18083,302821
09-163-00843,2024,8,2024_08,1.3209123541630204e-05,1.3209123541630204e-05,4,302821
09-163-00843,2024,9,2024_09,0.0,0.0,0,302821
09-163-00843,2024,10,2024_10,0.0,0.0,0,302821
09-163-00843,2025,6,2025_06,0.0,0.0,0,302791
09-163-00843,2025,7,2025_07,0.0,0.0,0,302791
09-163-00843,2025,8,2025_08,0.0,0.0,0,302791
09-163-00843,2025,9,2025_09,0.0,0.0,0,302791
09-163-00843,2025,10,2025_10,0.0,0.0,0,302791
09-163-00844,2021,6,2021_06,0.0,0.0,0,203413
09-163-00844,2021,7,2021_07,0.0,0.0,0,203413
09-163-00844,2021,8,2021_08,0.0001671476257662,0.0001671476257662,34,203413
09-163-00844,2021,9,2021_09,0.000319546931612,0.000319546931612,65,203413
09-163-00844,2021,10,2021_10,0.0035641773141342,0.0035641773141342,725,203413
09-163-00844,2022,8,2022_08,0.0,0.0,0,203413
09-163-00844,2022,9,2022_09,0.0,0.0,0,203413
09-163-00844,2022,10,2022_10,0.0,0.0,0,203413
09-163-00844,2023,7,2023_07,0.0084753678476793,0.0084753678476793,1724,203413
09-163-00844,2023,8,2023_08,0.0,0.0,0,203413
09-163-00844,2023,9,2023_09,0.0,0.0,0,203413
09-163-00844,2024,7,2024_07,0.0321759179600123,0.0321759179600123,6545,203413
09-163-00844,2024,8,2024_08,0.0,0.0,0,203413
09-163-00844,2024,9,2024_09,0.0,0.0,0,203413
09-163-00844,2024,10,2024_10,0.0,0.0,0,203413
09-163-00844,2025,6,2025_06,0.0,0.0,0,203374
09-163-00844,2025,7,2025_07,0.0,0.0,0,203374
09-163-00844,2025,8,2025_08,0.0,0.0,0,203374
09-163-00844,2025,9,2025_09,0.0,0.0,0,203374
09-163-00844,2025,10,2025_10,0.0,0.0,0,203374
09-163-00845,2021,6,2021_06,0.0,0.0,0,376560
09-163-00845,2021,7,2021_07,0.0,0.0,0,376560
09-163-00845,2021,8,2021_08,0.0,0.0,0,376560
09-163-00845,2021,9,2021_09,0.0159735500318674,0.0159735500318674,6015,376560
09-163-00845,2021,10,2021_10,0.0059007860633099,0.0059007860633099,2222,376560
09-163-00845,2022,8,2022_08,9.029105587422986e-05,9.029105587422986e-05,34,376560
09-163-00845,2022,9,2022_09,0.0,0.0,0,376560
09-163-00845,2022,10,2022_10,0.0,0.0,0,376560
09-163-00845,2023,7,2023_07,0.0065062672615253,0.0065062672615253,2450,376560
09-163-00845,2023,8,2023_08,0.0,0.0,0,376560
09-163-00845,2023,9,2023_09,0.0,0.0,0,376560
09-163-00845,2024,7,2024_07,0.0518429997875504,0.0518429997875504,19522,376560
09-163-00845,2024,8,2024_08,0.0,0.0,0,376560
09-163-00845,2024,9,2024_09,0.0,0.0,0,376560
09-163-00845,2024,10,2024_10,0.0,0.0,0,376560
09-163-00845,2025,6,2025_06,0.0,0.0,0,376537
09-163-00845,2025,7,2025_07,0.0,0.0,0,376537
09-163-00845,2025,8,2025_08,0.0,0.0,0,376537
09-163-00845,2025,9,2025_09,0.0,0.0,0,376537
09-163-00845,2025,10,2025_10,0.0,0.0,0,376537
09-163-00846,2021,6,2021_06,0.0,0.0,0,294793
09-163-00846,2021,7,2021_07,0.0,0.0,0,294793
09-163-00846,2021,8,2021_08,0.0216219516745648,0.0216219516745648,6374,294793
09-163-00846,2021,9,2021_09,0.0,0.0,0,294793
09-163-00846,2021,10,2021_10,0.0,0.0,0,294793
09-163-00846,2022,8,2022_08,0.0220832923441194,0.0220832923441194,6510,294793
09-163-00846,2022,9,2022_09,0.0035584291350201,0.0035584291350201,1049,294793
09-163-00846,2022,10,2022_10,0.0,0.0,0,294793
09-163-00846,2023,7,2023_07,0.0034261329136037,0.0034261329136037,1010,294793
09-163-00846,2023,8,2023_08,0.0,0.0,0,294793
09-163-00846,2023,9,2023_09,0.0,0.0,0,294793
09-163-00846,2024,7,2024_07,0.013592588697832,0.013592588697832,4007,294793
09-163-00846,2024,8,2024_08,0.0,0.0,0,294793
09-163-00846,2024,9,2024_09,0.0,0.0,0,294793
09-163-00846,2024,10,2024_10,0.0,0.0,0,294793
09-163-00846,2025,6,2025_06,0.0,0.0,0,294823
09-163-00846,2025,7,2025_07,0.0,0.0,0,294823
09-163-00846,2025,8,2025_08,0.0,0.0,0,294823
09-163-00846,2025,9,2025_09,0.0,0.0,0,294823
09-163-00846,2025,10,2025_10,0.0,0.0,0,294823
09-163-00847,2021,6,2021_06,0.0,0.0,0,238667
09-163-00847,2021,7,2021_07,0.0,0.0,0,238667
09-163-00847,2021,8,2021_08,0.0343072146547281,0.0343072146547281,8188,238667
09-163-00847,2021,9,2021_09,0.0,0.0,0,238667
09-163-00847,2021,10,2021_10,0.0,0.0,0,238667
09-163-00847,2022,8,2022_08,0.0064608848311664,0.0064608848311664,1542,238667
09-163-00847,2022,9,2022_09,0.0011480430893252,0.0011480430893252,274,238667
09-163-00847,2022,10,2022_10,0.0,0.0,0,238667
09-163-00847,2023,7,2023_07,0.010960878546259,0.010960878546259,2616,238667
09-163-00847,2023,8,2023_08,0.0,0.0,0,238667
09-163-00847,2023,9,2023_09,0.0,0.0,0,238667
09-163-00847,2024,7,2024_07,0.0191396380731311,0.0191396380731311,4568,238667
09-163-00847,2024,8,2024_08,0.0,0.0,0,238667
09-163-00847,2024,9,2024_09,0.0,0.0,0,238667
09-163-00847,2024,10,2024_10,0.0,0.0,0,238667
09-163-00847,2025,6,2025_06,0.0,0.0,0,238715
09-163-00847,2025,7,2025_07,0.0,0.0,0,238715
09-163-00847,2025,8,2025_08,0.0,0.0,0,238715
09-163-00847,2025,9,2025_09,0.0,0.0,0,238715
09-163-00847,2025,10,2025_10,0.0,0.0,0,238715
09-164-00848,2021,6,2021_06,0.0,0.0,0,370811
09-164-00848,2021,7,2021_07,0.0,0.0,0,370811
09-164-00848,2021,8,2021_08,0.0,0.0,0,370811
09-164-00848,2021,9,2021_09,0.0250855557143666,0.0250855557143666,9302,370811
09-164-00848,2021,10,2021_10,0.0086108556650153,0.0086108556650153,3193,370811
09-164-00848,2022,8,2022_08,0.0,0.0,0,370811
09-164-00848,2022,9,2022_09,0.0,0.0,0,370811
09-164-00848,2022,10,2022_10,0.0,0.0,0,370811
09-164-00848,2023,7,2023_07,0.015913767390935,0.015913767390935,5901,370811
09-164-00848,2023,8,2023_08,0.0149159544889445,0.0149159544889445,5531,370811
09-164-00848,2023,9,2023_09,0.0072975181426656,0.0072975181426656,2706,370811
09-164-00848,2024,7,2024_07,0.0508480061271105,0.0508480061271105,18855,370811
09-164-00848,2024,8,2024_08,0.000115962039961,0.000115962039961,43,370811
09-164-00848,2024,9,2024_09,0.0,0.0,0,370811
09-164-00848,2024,10,2024_10,0.0,0.0,0,370811
09-164-00848,2025,6,2025_06,0.0,0.0,0,370845
09-164-00848,2025,7,2025_07,0.0,0.0,0,370845
09-164-00848,2025,8,2025_08,0.0,0.0,0,370845
09-164-00848,2025,9,2025_09,0.0,0.0,0,370845
09-164-00848,2025,10,2025_10,0.0,0.0,0,370845
09-164-00849,2021,6,2021_06,0.0,0.0,0,478213
09-164-00849,2021,7,2021_07,0.0,0.0,0,478213
09-164-00849,2021,8,2021_08,0.0,0.0,0,478213
09-164-00849,2021,9,2021_09,0.0160869737961954,0.0160869737961954,7693,478213
09-164-00849,2021,10,2021_10,0.002482157532313,0.002482157532313,1187,478213
09-164-00849,2022,8,2022_08,1.4637828749950336e-05,1.4637828749950336e-05,7,478213
09-164-00849,2022,9,2022_09,4.6004604642701056e-05,4.6004604642701056e-05,22,478213
09-164-00849,2022,10,2022_10,0.0,0.0,0,478213
09-164-00849,2023,7,2023_07,0.012647084039957,0.012647084039957,6048,478213
09-164-00849,2023,8,2023_08,0.0174399273963694,0.0174399273963694,8340,478213
09-164-00849,2023,9,2023_09,0.0076033064764027,0.0076033064764027,3636,478213
09-164-00849,2024,7,2024_07,0.0353378097207729,0.0353378097207729,16899,478213
09-164-00849,2024,8,2024_08,0.0011166572217819,0.0011166572217819,534,478213
09-164-00849,2024,9,2024_09,0.0,0.0,0,478213
09-164-00849,2024,10,2024_10,0.0,0.0,0,478213
09-164-00849,2025,6,2025_06,0.0,0.0,0,478232
09-164-00849,2025,7,2025_07,0.0,0.0,0,478232
09-164-00849,2025,8,2025_08,0.0,0.0,0,478232
09-164-00849,2025,9,2025_09,0.0,0.0,0,478232
09-164-00849,2025,10,2025_10,0.0,0.0,0,478232
09-164-00850,2021,6,2021_06,0.0,0.0,0,495630
09-164-00850,2021,7,2021_07,0.0,0.0,0,495630
09-164-00850,2021,8,2021_08,0.0016786715896939,0.0016786715896939,832,495630
09-164-00850,2021,9,2021_09,0.0,0.0,0,495630
09-164-00850,2021,10,2021_10,4.035268244456551e-06,4.035268244456551e-06,2,495630
09-164-00850,2022,8,2022_08,0.0119080765893912,0.0119080765893912,5902,495630
09-164-00850,2022,9,2022_09,0.0,0.0,0,495630
09-164-00850,2022,10,2022_10,0.0,0.0,0,495630
09-164-00850,2023,7,2023_07,0.0017815709299275,0.0017815709299275,883,495630
09-164-00850,2023,8,2023_08,0.0,0.0,0,495630
09-164-00850,2023,9,2023_09,0.0,0.0,0,495630
09-164-00850,2024,7,2024_07,0.0104170449730645,0.0104170449730645,5163,495630
09-164-00850,2024,8,2024_08,0.0,0.0,0,495630
09-164-00850,2024,9,2024_09,0.0,0.0,0,495630
09-164-00850,2024,10,2024_10,0.0,0.0,0,495630
09-164-00850,2025,6,2025_06,0.0,0.0,0,495645
09-164-00850,2025,7,2025_07,0.0,0.0,0,495645
09-164-00850,2025,8,2025_08,0.0,0.0,0,495645
09-164-00850,2025,9,2025_09,0.0,0.0,0,495645
09-164-00850,2025,10,2025_10,0.0,0.0,0,495645
09-165-00851,2021,6,2021_06,0.0,0.0,0,370466
09-165-00851,2021,7,2021_07,0.0,0.0,0,370466
09-165-00851,2021,8,2021_08,0.0369183676774656,0.0369183676774656,13677,370466
09-165-00851,2021,9,2021_09,0.0,0.0,0,370466
09-165-00851,2021,10,2021_10,7.558048511874234e-05,7.558048511874234e-05,28,370466
09-165-00851,2022,8,2022_08,0.0156451604195796,0.0156451604195796,5796,370466
09-165-00851,2022,9,2022_09,0.0230682437794561,0.0230682437794561,8546,370466
09-165-00851,2022,10,2022_10,0.0,0.0,0,370466
09-165-00851,2023,7,2023_07,0.0,0.0,0,370466
09-165-00851,2023,8,2023_08,0.0,0.0,0,370466
09-165-00851,2023,9,2023_09,0.0,0.0,0,370466
09-165-00851,2024,7,2024_07,0.0325643918740181,0.0325643918740181,12064,370466
09-165-00851,2024,8,2024_08,8.09790911986525e-06,8.09790911986525e-06,3,370466
09-165-00851,2024,9,2024_09,0.0,0.0,0,370466
09-165-00851,2024,10,2024_10,0.0,0.0,0,370466
09-165-00851,2025,6,2025_06,0.0,0.0,0,370428
09-165-00851,2025,7,2025_07,0.0,0.0,0,370428
09-165-00851,2025,8,2025_08,0.0,0.0,0,370428
09-165-00851,2025,9,2025_09,0.0,0.0,0,370428
09-165-00851,2025,10,2025_10,0.0,0.0,0,370428
09-165-00852,2021,6,2021_06,0.0,0.0,0,305100
09-165-00852,2021,7,2021_07,0.0,0.0,0,305100
09-165-00852,2021,8,2021_08,0.0155555555555555,0.0155555555555555,4746,305100
09-165-00852,2021,9,2021_09,0.0,0.0,0,305100
09-165-00852,2021,10,2021_10,9.177318911832186e-05,9.177318911832186e-05,28,305100
09-165-00852,2022,8,2022_08,0.0113241560144215,0.0113241560144215,3455,305100
09-165-00852,2022,9,2022_09,0.0441166830547361,0.0441166830547361,13460,305100
09-165-00852,2022,10,2022_10,0.0,0.0,0,305100
09-165-00852,2023,7,2023_07,0.0071058669288757,0.0071058669288757,2168,305100
09-165-00852,2023,8,2023_08,0.0,0.0,0,305100
09-165-00852,2023,9,2023_09,0.0,0.0,0,305100
09-165-00852,2024,7,2024_07,0.0496525729269092,0.0496525729269092,15149,305100
09-165-00852,2024,8,2024_08,0.0,0.0,0,305100
09-165-00852,2024,9,2024_09,0.0,0.0,0,305100
09-165-00852,2024,10,2024_10,0.0,0.0,0,305100
09-165-00852,2025,6,2025_06,0.0,0.0,0,305089
09-165-00852,2025,7,2025_07,0.0,0.0,0,305089
09-165-00852,2025,8,2025_08,0.0,0.0,0,305089
09-165-00852,2025,9,2025_09,0.0,0.0,0,305089
09-165-00852,2025,10,2025_10,0.0,0.0,0,305089
09-165-00853,2021,6,2021_06,0.0,0.0,0,559929
09-165-00853,2021,7,2021_07,0.0,0.0,0,559929
09-165-00853,2021,8,2021_08,0.0123283487727908,0.0123283487727908,6903,559929
09-165-00853,2021,9,2021_09,0.0,0.0,0,559929
09-165-00853,2021,10,2021_10,0.0001571627831385,0.0001571627831385,88,559929
09-165-00853,2022,8,2022_08,0.0148625986509003,0.0148625986509003,8322,559929
09-165-00853,2022,9,2022_09,0.028869731698126,0.028869731698126,16165,559929
09-165-00853,2022,10,2022_10,0.0,0.0,0,559929
09-165-00853,2023,7,2023_07,5.893604367696618e-05,5.893604367696618e-05,33,559929
09-165-00853,2023,8,2023_08,0.0,0.0,0,559929
09-165-00853,2023,9,2023_09,0.0,0.0,0,559929
09-165-00853,2024,7,2024_07,0.0235869190558088,0.0235869190558088,13207,559929
09-165-00853,2024,8,2024_08,0.0,0.0,0,559929
09-165-00853,2024,9,2024_09,0.0,0.0,0,559929
09-165-00853,2024,10,2024_10,0.0,0.0,0,559929
09-165-00853,2025,6,2025_06,0.0,0.0,0,559873
09-165-00853,2025,7,2025_07,0.0,0.0,0,559873
09-165-00853,2025,8,2025_08,0.0,0.0,0,559873
09-165-00853,2025,9,2025_09,0.0,0.0,0,559873
09-165-00853,2025,10,2025_10,0.0,0.0,0,559873
09-165-00854,2021,6,2021_06,0.0,0.0,0,414211
09-165-00854,2021,7,2021_07,0.0,0.0,0,414211
09-165-00854,2021,8,2021_08,0.0,0.0,0,414211
09-165-00854,2021,9,2021_09,0.0,0.0,0,414211
09-165-00854,2021,10,2021_10,0.0,0.0,0,414211
09-165-00854,2022,8,2022_08,0.0365659048166272,0.0365659048166272,15146,414211
09-165-00854,2022,9,2022_09,0.1445398601196008,0.1445398601196008,59870,414211
09-165-00854,2022,10,2022_10,0.0,0.0,0,414211
09-165-00854,2023,7,2023_07,0.1027543932923075,0.1027543932923075,42562,414211
09-165-00854,2023,8,2023_08,0.0,0.0,0,414211
09-165-00854,2023,9,2023_09,0.0,0.0,0,414211
09-165-00854,2024,7,2024_07,0.0890874457703923,0.0890874457703923,36901,414211
09-165-00854,2024,8,2024_08,0.0,0.0,0,414211
09-165-00854,2024,9,2024_09,0.0,0.0,0,414211
09-165-00854,2024,10,2024_10,0.0,0.0,0,414211
09-165-00854,2025,6,2025_06,0.0,0.0,0,414226
09-165-00854,2025,7,2025_07,0.0,0.0,0,414226
09-165-00854,2025,8,2025_08,0.0,0.0,0,414226
09-165-00854,2025,9,2025_09,0.0,0.0,0,414226
09-165-00854,2025,10,2025_10,0.0,0.0,0,414226
09-165-00855,2021,6,2021_06,0.0,0.0,0,391542
09-165-00855,2021,7,2021_07,0.0,0.0,0,391542
09-165-00855,2021,8,2021_08,0.0005669889820249,0.0005669889820249,222,391542
09-165-00855,2021,9,2021_09,0.0,0.0,0,391542
09-165-00855,2021,10,2021_10,0.0,0.0,0,391542
09-165-00855,2022,8,2022_08,0.0073759647751709,0.0073759647751709,2888,391542
09-165-00855,2022,9,2022_09,0.1066271306781903,0.1066271306781903,41749,391542
09-165-00855,2022,10,2022_10,0.0,0.0,0,391542
09-165-00855,2023,7,2023_07,0.0461508599332894,0.0461508599332894,18070,391542
09-165-00855,2023,8,2023_08,0.0,0.0,0,391542
09-165-00855,2023,9,2023_09,0.0,0.0,0,391542
09-165-00855,2024,7,2024_07,0.0949757624980206,0.0949757624980206,37187,391542
09-165-00855,2024,8,2024_08,0.0,0.0,0,391542
09-165-00855,2024,9,2024_09,0.0,0.0,0,391542
09-165-00855,2024,10,2024_10,0.0,0.0,0,391542
09-165-00855,2025,6,2025_06,0.0,0.0,0,391550
09-165-00855,2025,7,2025_07,0.0,0.0,0,391550
09-165-00855,2025,8,2025_08,0.0,0.0,0,391550
09-165-00855,2025,9,2025_09,0.0,0.0,0,391550
09-165-00855,2025,10,2025_10,0.0,0.0,0,391550
09-166-00856,2021,6,2021_06,0.0,0.0,0,352698
09-166-00856,2021,7,2021_07,0.0,0.0,0,352698
09-166-00856,2021,8,2021_08,0.0,0.0,0,352698
09-166-00856,2021,9,2021_09,0.0,0.0,0,352698
09-166-00856,2021,10,2021_10,0.0,0.0,0,352698
09-166-00856,2022,8,2022_08,1.1341147383880828e-05,1.1341147383880828e-05,4,352698
09-166-00856,2022,9,2022_09,0.017034403370589,0.017034403370589,6008,352698
09-166-00856,2022,10,2022_10,0.0,0.0,0,352698
09-166-00856,2023,7,2023_07,0.0063850659771249,0.0063850659771249,2252,352698
09-166-00856,2023,8,2023_08,0.0,0.0,0,352698
09-166-00856,2023,9,2023_09,0.0,0.0,0,352698
09-166-00856,2024,7,2024_07,0.006274489790132,0.006274489790132,2213,352698
09-166-00856,2024,8,2024_08,1.1341147383880828e-05,1.1341147383880828e-05,4,352698
09-166-00856,2024,9,2024_09,0.0,0.0,0,352698
09-166-00856,2024,10,2024_10,0.0,0.0,0,352698
09-166-00856,2025,6,2025_06,0.0,0.0,0,352663
09-166-00856,2025,7,2025_07,0.0,0.0,0,352663
09-166-00856,2025,8,2025_08,0.0,0.0,0,352663
09-166-00856,2025,9,2025_09,0.0,0.0,0,352663
09-166-00856,2025,10,2025_10,0.0,0.0,0,352663
09-166-00857,2021,6,2021_06,0.0,0.0,0,468438
09-166-00857,2021,7,2021_07,0.0,0.0,0,468438
09-166-00857,2021,8,2021_08,0.0,0.0,0,468438
09-166-00857,2021,9,2021_09,0.0,0.0,0,468438
09-166-00857,2021,10,2021_10,0.0,0.0,0,468438
09-166-00857,2022,8,2022_08,0.0,0.0,0,468438
09-166-00857,2022,9,2022_09,2.13475422574599e-05,2.13475422574599e-05,10,468438
09-166-00857,2022,10,2022_10,0.0,0.0,0,468438
09-166-00857,2023,7,2023_07,4.269508451491979e-06,4.269508451491979e-06,2,468438
09-166-00857,2023,8,2023_08,1.7078033805967918e-05,1.7078033805967918e-05,8,468438
09-166-00857,2023,9,2023_09,0.0,0.0,0,468438
09-166-00857,2024,7,2024_07,0.0042417566465572,0.0042417566465572,1987,468438
09-166-00857,2024,8,2024_08,0.0,0.0,0,468438
09-166-00857,2024,9,2024_09,0.0,0.0,0,468438
09-166-00857,2024,10,2024_10,0.0,0.0,0,468438
09-166-00857,2025,6,2025_06,0.0,0.0,0,468460
09-166-00857,2025,7,2025_07,0.0,0.0,0,468460
09-166-00857,2025,8,2025_08,0.0,0.0,0,468460
09-166-00857,2025,9,2025_09,0.0,0.0,0,468460
09-166-00857,2025,10,2025_10,0.0,0.0,0,468460
09-166-00858,2021,6,2021_06,0.0,0.0,0,393596
09-166-00858,2021,7,2021_07,0.0,0.0,0,393596
09-166-00858,2021,8,2021_08,0.0,0.0,0,393596
09-166-00858,2021,9,2021_09,0.0,0.0,0,393596
09-166-00858,2021,10,2021_10,0.0,0.0,0,393596
09-166-00858,2022,8,2022_08,0.0,0.0,0,393596
09-166-00858,2022,9,2022_09,0.0,0.0,0,393596
09-166-00858,2022,10,2022_10,0.0,0.0,0,393596
09-166-00858,2023,7,2023_07,0.0,0.0,0,393596
09-166-00858,2023,8,2023_08,5.335420075407271e-05,5.335420075407271e-05,21,393596
09-166-00858,2023,9,2023_09,0.0,0.0,0,393596
09-166-00858,2024,7,2024_07,5.081352452768829e-06,5.081352452768829e-06,2,393596
09-166-00858,2024,8,2024_08,0.0,0.0,0,393596
09-166-00858,2024,9,2024_09,0.0,0.0,0,393596
09-166-00858,2024,10,2024_10,0.0,0.0,0,393596
09-166-00858,2025,6,2025_06,0.0,0.0,0,393596
09-166-00858,2025,7,2025_07,0.0,0.0,0,393596
09-166-00858,2025,8,2025_08,0.0,0.0,0,393596
09-166-00858,2025,9,2025_09,0.0,0.0,0,393596
09-166-00858,2025,10,2025_10,0.0,0.0,0,393596
09-166-00859,2021,6,2021_06,0.0,0.0,0,493707
09-166-00859,2021,7,2021_07,0.0,0.0,0,493707
09-166-00859,2021,8,2021_08,0.0,0.0,0,493707
09-166-00859,2021,9,2021_09,0.0,0.0,0,493707
09-166-00859,2021,10,2021_10,0.0,0.0,0,493707
09-166-00859,2022,8,2022_08,0.0,0.0,0,493707
09-166-00859,2022,9,2022_09,0.0,0.0,0,493707
09-166-00859,2022,10,2022_10,0.0,0.0,0,493707
09-166-00859,2023,7,2023_07,0.0,0.0,0,493707
09-166-00859,2023,8,2023_08,0.0,0.0,0,493707
09-166-00859,2023,9,2023_09,0.0,0.0,0,493707
09-166-00859,2024,7,2024_07,0.0,0.0,0,493707
09-166-00859,2024,8,2024_08,0.0,0.0,0,493707
09-166-00859,2024,9,2024_09,0.0,0.0,0,493707
09-166-00859,2024,10,2024_10,0.0,0.0,0,493707
09-166-00859,2025,6,2025_06,0.0,0.0,0,493674
09-166-00859,2025,7,2025_07,0.0,0.0,0,493674
09-166-00859,2025,8,2025_08,0.0,0.0,0,493674
09-166-00859,2025,9,2025_09,0.0,0.0,0,493674
09-166-00859,2025,10,2025_10,0.0,0.0,0,493674
09-166-00860,2021,6,2021_06,0.0,0.0,0,527344
09-166-00860,2021,7,2021_07,0.0,0.0,0,527344
09-166-00860,2021,8,2021_08,0.0,0.0,0,527344
09-166-00860,2021,9,2021_09,0.0,0.0,0,527344
09-166-00860,2021,10,2021_10,0.0,0.0,0,527344
09-166-00860,2022,8,2022_08,0.0,0.0,0,527344
09-166-00860,2022,9,2022_09,0.0,0.0,0,527344
09-166-00860,2022,10,2022_10,0.0,0.0,0,527344
09-166-00860,2023,7,2023_07,0.0,0.0,0,527344
09-166-00860,2023,8,2023_08,0.0,0.0,0,527344
09-166-00860,2023,9,2023_09,0.0,0.0,0,527344
09-166-00860,2024,7,2024_07,0.0,0.0,0,527344
09-166-00860,2024,8,2024_08,0.0,0.0,0,527344
09-166-00860,2024,9,2024_09,0.0,0.0,0,527344
09-166-00860,2024,10,2024_10,0.0,0.0,0,527344
09-166-00860,2025,6,2025_06,0.0,0.0,0,527320
09-166-00860,2025,7,2025_07,0.0,0.0,0,527320
09-166-00860,2025,8,2025_08,0.0,0.0,0,527320
09-166-00860,2025,9,2025_09,0.0,0.0,0,527320
09-166-00860,2025,10,2025_10,0.0,0.0,0,527320
09-167-00861,2021,6,2021_06,0.0,0.0,0,530899
09-167-00861,2021,7,2021_07,0.0,0.0,0,530899
09-167-00861,2021,8,2021_08,0.0,0.0,0,530899
09-167-00861,2021,9,2021_09,0.0,0.0,0,530899
09-167-00861,2021,10,2021_10,0.0,0.0,0,530899
09-167-00861,2022,8,2022_08,0.0,0.0,0,530899
09-167-00861,2022,9,2022_09,0.0,0.0,0,530899
09-167-00861,2022,10,2022_10,0.0,0.0,0,530899
09-167-00861,2023,7,2023_07,0.0,0.0,0,530899
09-167-00861,2023,8,2023_08,0.0,0.0,0,530899
09-167-00861,2023,9,2023_09,0.0,0.0,0,530899
09-167-00861,2024,7,2024_07,0.0,0.0,0,530899
09-167-00861,2024,8,2024_08,0.0,0.0,0,530899
09-167-00861,2024,9,2024_09,0.0,0.0,0,530899
09-167-00861,2024,10,2024_10,0.0,0.0,0,530899
09-167-00861,2025,6,2025_06,0.0,0.0,0,530912
09-167-00861,2025,7,2025_07,0.0,0.0,0,530912
09-167-00861,2025,8,2025_08,0.0,0.0,0,530912
09-167-00861,2025,9,2025_09,0.0,0.0,0,530912
09-167-00861,2025,10,2025_10,0.0,0.0,0,530912
09-167-00862,2021,6,2021_06,0.0,0.0,0,811300
09-167-00862,2021,7,2021_07,0.0,0.0,0,811300
09-167-00862,2021,8,2021_08,0.0,0.0,0,811300
09-167-00862,2021,9,2021_09,0.0,0.0,0,811300
09-167-00862,2021,10,2021_10,0.0,0.0,0,811300
09-167-00862,2022,8,2022_08,0.0,0.0,0,811300
09-167-00862,2022,9,2022_09,0.0,0.0,0,811300
09-167-00862,2022,10,2022_10,0.0010156538888204,0.0010156538888204,824,811300
09-167-00862,2023,7,2023_07,0.0,0.0,0,811300
09-167-00862,2023,8,2023_08,0.0,0.0,0,811300
09-167-00862,2023,9,2023_09,0.0,0.0,0,811300
09-167-00862,2024,7,2024_07,0.0,0.0,0,811300
09-167-00862,2024,8,2024_08,0.0,0.0,0,811300
09-167-00862,2024,9,2024_09,0.0,0.0,0,811300
09-167-00862,2024,10,2024_10,0.0,0.0,0,811300
09-167-00862,2025,6,2025_06,0.0,0.0,0,811287
09-167-00862,2025,7,2025_07,0.0,0.0,0,811287
09-167-00862,2025,8,2025_08,0.0,0.0,0,811287
09-167-00862,2025,9,2025_09,0.0,0.0,0,811287
09-167-00862,2025,10,2025_10,0.0,0.0,0,811287
09-167-00863,2021,6,2021_06,0.0,0.0,0,887820
09-167-00863,2021,7,2021_07,0.0,0.0,0,887820
09-167-00863,2021,8,2021_08,0.0,0.0,0,887820
09-167-00863,2021,9,2021_09,0.0,0.0,0,887820
09-167-00863,2021,10,2021_10,0.0,0.0,0,887820
09-167-00863,2022,8,2022_08,0.0,0.0,0,887820
09-167-00863,2022,9,2022_09,0.0,0.0,0,887820
09-167-00863,2022,10,2022_10,0.0,0.0,0,887820
09-167-00863,2023,7,2023_07,0.0,0.0,0,887820
09-167-00863,2023,8,2023_08,0.0,0.0,0,887820
09-167-00863,2023,9,2023_09,0.0,0.0,0,887820
09-167-00863,2024,7,2024_07,0.0,0.0,0,887820
09-167-00863,2024,8,2024_08,0.0,0.0,0,887820
09-167-00863,2024,9,2024_09,0.0,0.0,0,887820
09-167-00863,2024,10,2024_10,0.0,0.0,0,887820
09-167-00863,2025,6,2025_06,0.0,0.0,0,887814
09-167-00863,2025,7,2025_07,0.0,0.0,0,887814
09-167-00863,2025,8,2025_08,0.0,0.0,0,887814
09-167-00863,2025,9,2025_09,0.0,0.0,0,887814
09-167-00863,2025,10,2025_10,0.0,0.0,0,887814
09-168-00864,2021,6,2021_06,0.0,0.0,0,478043
09-168-00864,2021,7,2021_07,0.0,0.0,0,478043
09-168-00864,2021,8,2021_08,0.0,0.0,0,478043
09-168-00864,2021,9,2021_09,0.0,0.0,0,478043
09-168-00864,2021,10,2021_10,1.464303420403604e-05,1.464303420403604e-05,7,478043
09-168-00864,2022,8,2022_08,0.0228535926684419,0.0228535926684419,10925,478043
09-168-00864,2022,9,2022_09,0.0130113818213005,0.0130113818213005,6220,478043
09-168-00864,2022,10,2022_10,0.0,0.0,0,478043
09-168-00864,2023,7,2023_07,0.0042234694368498,0.0042234694368498,2019,478043
09-168-00864,2023,8,2023_08,0.0,0.0,0,478043
09-168-00864,2023,9,2023_09,0.0,0.0,0,478043
09-168-00864,2024,7,2024_07,0.0197722798995069,0.0197722798995069,9452,478043
09-168-00864,2024,8,2024_08,0.0,0.0,0,478043
09-168-00864,2024,9,2024_09,0.0,0.0,0,478043
09-168-00864,2024,10,2024_10,0.0,0.0,0,478043
09-168-00864,2025,6,2025_06,0.0,0.0,0,478019
09-168-00864,2025,7,2025_07,0.0,0.0,0,478019
09-168-00864,2025,8,2025_08,0.0,0.0,0,478019
09-168-00864,2025,9,2025_09,0.0,0.0,0,478019
09-168-00864,2025,10,2025_10,0.0,0.0,0,478019
09-168-00865,2021,6,2021_06,0.0,0.0,0,329413
09-168-00865,2021,7,2021_07,0.0,0.0,0,329413
09-168-00865,2021,8,2021_08,0.0,0.0,0,329413
09-168-00865,2021,9,2021_09,0.0,0.0,0,329413
09-168-00865,2021,10,2021_10,0.0,0.0,0,329413
09-168-00865,2022,8,2022_08,0.0,0.0,0,329413
09-168-00865,2022,9,2022_09,0.0,0.0,0,329413
09-168-00865,2022,10,2022_10,0.0,0.0,0,329413
09-168-00865,2023,7,2023_07,0.0,0.0,0,329413
09-168-00865,2023,8,2023_08,6.071405803656808e-06,6.071405803656808e-06,2,329413
09-168-00865,2023,9,2023_09,0.0,0.0,0,329413
09-168-00865,2024,7,2024_07,0.007182473065726,0.007182473065726,2366,329413
09-168-00865,2024,8,2024_08,0.0,0.0,0,329413
09-168-00865,2024,9,2024_09,0.0,0.0,0,329413
09-168-00865,2024,10,2024_10,0.0,0.0,0,329413
09-168-00865,2025,6,2025_06,0.0,0.0,0,329409
09-168-00865,2025,7,2025_07,0.0,0.0,0,329409
09-168-00865,2025,8,2025_08,0.0,0.0,0,329409
09-168-00865,2025,9,2025_09,0.0,0.0,0,329409
09-168-00865,2025,10,2025_10,0.0,0.0,0,329409
09-168-00866,2021,6,2021_06,0.0,0.0,0,394948
09-168-00866,2021,7,2021_07,0.0,0.0,0,394948
09-168-00866,2021,8,2021_08,7.089540901587044e-05,7.089540901587044e-05,28,394948
09-168-00866,2021,9,2021_09,0.0,0.0,0,394948
09-168-00866,2021,10,2021_10,0.0,0.0,0,394948
09-168-00866,2022,8,2022_08,0.0,0.0,0,394948
09-168-00866,2022,9,2022_09,0.0,0.0,0,394948
09-168-00866,2022,10,2022_10,0.0,0.0,0,394948
09-168-00866,2023,7,2023_07,0.0,0.0,0,394948
09-168-00866,2023,8,2023_08,5.0639577868478886e-06,5.0639577868478886e-06,2,394948
09-168-00866,2023,9,2023_09,0.0,0.0,0,394948
09-168-00866,2024,7,2024_07,0.0082137395302672,0.0082137395302672,3244,394948
09-168-00866,2024,8,2024_08,0.0,0.0,0,394948
09-168-00866,2024,9,2024_09,0.0,0.0,0,394948
09-168-00866,2024,10,2024_10,0.0,0.0,0,394948
09-168-00866,2025,6,2025_06,0.0,0.0,0,394983
09-168-00866,2025,7,2025_07,0.0,0.0,0,394983
09-168-00866,2025,8,2025_08,0.0,0.0,0,394983
09-168-00866,2025,9,2025_09,0.0,0.0,0,394983
09-168-00866,2025,10,2025_10,0.0,0.0,0,394983
09-168-00867,2021,6,2021_06,0.0,0.0,0,534892
09-168-00867,2021,7,2021_07,0.0,0.0,0,534892
09-168-00867,2021,8,2021_08,0.0,0.0,0,534892
09-168-00867,2021,9,2021_09,0.0,0.0,0,534892
09-168-00867,2021,10,2021_10,0.0,0.0,0,534892
09-168-00867,2022,8,2022_08,0.0,0.0,0,534892
09-168-00867,2022,9,2022_09,0.0158162769306701,0.0158162769306701,8460,534892
09-168-00867,2022,10,2022_10,0.0,0.0,0,534892
09-168-00867,2023,7,2023_07,0.0,0.0,0,534892
09-168-00867,2023,8,2023_08,0.0,0.0,0,534892
09-168-00867,2023,9,2023_09,0.0,0.0,0,534892
09-168-00867,2024,7,2024_07,0.023859022008181,0.023859022008181,12762,534892
09-168-00867,2024,8,2024_08,0.0,0.0,0,534892
09-168-00867,2024,9,2024_09,0.0,0.0,0,534892
09-168-00867,2024,10,2024_10,0.0,0.0,0,534892
09-168-00867,2025,6,2025_06,0.0,0.0,0,534912
09-168-00867,2025,7,2025_07,0.0,0.0,0,534912
09-168-00867,2025,8,2025_08,0.0,0.0,0,534912
09-168-00867,2025,9,2025_09,0.0,0.0,0,534912
09-168-00867,2025,10,2025_10,0.0,0.0,0,534912
09-169-00868,2021,6,2021_06,0.0,0.0,0,543161
09-169-00868,2021,7,2021_07,0.0,0.0,0,543161
09-169-00868,2021,8,2021_08,0.0,0.0,0,543161
09-169-00868,2021,9,2021_09,0.0,0.0,0,543161
09-169-00868,2021,10,2021_10,0.0,0.0,0,543161
09-169-00868,2022,8,2022_08,0.0,0.0,0,543161
09-169-00868,2022,9,2022_09,0.0,0.0,0,543161
09-169-00868,2022,10,2022_10,0.0,0.0,0,543161
09-169-00868,2023,7,2023_07,0.0,0.0,0,543161
09-169-00868,2023,8,2023_08,0.0,0.0,0,543161
09-169-00868,2023,9,2023_09,0.0,0.0,0,543161
09-169-00868,2024,7,2024_07,0.0,0.0,0,543161
09-169-00868,2024,8,2024_08,0.0,0.0,0,543161
09-169-00868,2024,9,2024_09,0.0,0.0,0,543161
09-169-00868,2024,10,2024_10,0.0,0.0,0,543161
09-169-00868,2025,6,2025_06,0.0,0.0,0,543119
09-169-00868,2025,7,2025_07,0.0,0.0,0,543119
09-169-00868,2025,8,2025_08,0.0,0.0,0,543119
09-169-00868,2025,9,2025_09,0.0,0.0,0,543119
09-169-00868,2025,10,2025_10,0.0,0.0,0,543119
09-169-00869,2021,6,2021_06,0.0,0.0,0,361592
09-169-00869,2021,7,2021_07,0.0,0.0,0,361592
09-169-00869,2021,8,2021_08,0.0,0.0,0,361592
09-169-00869,2021,9,2021_09,0.0,0.0,0,361592
09-169-00869,2021,10,2021_10,0.0,0.0,0,361592
09-169-00869,2022,8,2022_08,0.0,0.0,0,361592
09-169-00869,2022,9,2022_09,0.0,0.0,0,361592
09-169-00869,2022,10,2022_10,0.0,0.0,0,361592
09-169-00869,2023,7,2023_07,0.0,0.0,0,361592
09-169-00869,2023,8,2023_08,0.0,0.0,0,361592
09-169-00869,2023,9,2023_09,0.0,0.0,0,361592
09-169-00869,2024,7,2024_07,2.488993119316799e-05,2.488993119316799e-05,9,361592
09-169-00869,2024,8,2024_08,0.0,0.0,0,361592
09-169-00869,2024,9,2024_09,0.0,0.0,0,361592
09-169-00869,2024,10,2024_10,0.0,0.0,0,361592
09-169-00869,2025,6,2025_06,0.0,0.0,0,361582
09-169-00869,2025,7,2025_07,0.0,0.0,0,361582
09-169-00869,2025,8,2025_08,0.0,0.0,0,361582
09-169-00869,2025,9,2025_09,0.0,0.0,0,361582
09-169-00869,2025,10,2025_10,0.0,0.0,0,361582
09-169-00870,2021,6,2021_06,0.0,0.0,0,547910
09-169-00870,2021,7,2021_07,0.0,0.0,0,547910
09-169-00870,2021,8,2021_08,0.0,0.0,0,547910
09-169-00870,2021,9,2021_09,0.0,0.0,0,547910
09-169-00870,2021,10,2021_10,0.0,0.0,0,547910
09-169-00870,2022,8,2022_08,0.0,0.0,0,547910
09-169-00870,2022,9,2022_09,0.0,0.0,0,547910
09-169-00870,2022,10,2022_10,0.0,0.0,0,547910
09-169-00870,2023,7,2023_07,0.0,0.0,0,547910
09-169-00870,2023,8,2023_08,0.0,0.0,0,547910
09-169-00870,2023,9,2023_09,0.0,0.0,0,547910
09-169-00870,2024,7,2024_07,0.0002372652442919,0.0002372652442919,130,547910
09-169-00870,2024,8,2024_08,0.0,0.0,0,547910
09-169-00870,2024,9,2024_09,0.0,0.0,0,547910
09-169-00870,2024,10,2024_10,0.0,0.0,0,547910
09-169-00870,2025,6,2025_06,0.0,0.0,0,547951
09-169-00870,2025,7,2025_07,0.0,0.0,0,547951
09-169-00870,2025,8,2025_08,0.0,0.0,0,547951
09-169-00870,2025,9,2025_09,0.0,0.0,0,547951
09-169-00870,2025,10,2025_10,0.0,0.0,0,547951
09-170-00871,2021,6,2021_06,0.0,0.0,0,719959
09-170-00871,2021,7,2021_07,0.0,0.0,0,719959
09-170-00871,2021,8,2021_08,0.0133785396112834,0.0133785396112834,9632,719959
09-170-00871,2021,9,2021_09,0.0,0.0,0,719959
09-170-00871,2021,10,2021_10,0.0,0.0,0,719959
09-170-00871,2022,8,2022_08,0.0587200104450392,0.0587200104450392,42276,719959
09-170-00871,2022,9,2022_09,4.722491141856689e-05,4.722491141856689e-05,34,719959
09-170-00871,2022,10,2022_10,0.0,0.0,0,719959
09-170-00871,2023,7,2023_07,0.0,0.0,0,719959
09-170-00871,2023,8,2023_08,0.0,0.0,0,719959
09-170-00871,2023,9,2023_09,0.0,0.0,0,719959
09-170-00871,2024,7,2024_07,0.0063517505857972,0.0063517505857972,4573,719959
09-170-00871,2024,8,2024_08,0.0,0.0,0,719959
09-170-00871,2024,9,2024_09,0.0,0.0,0,719959
09-170-00871,2024,10,2024_10,0.0,0.0,0,719959
09-170-00871,2025,6,2025_06,0.0,0.0,0,719946
09-170-00871,2025,7,2025_07,0.0,0.0,0,719946
09-170-00871,2025,8,2025_08,0.0,0.0,0,719946
09-170-00871,2025,9,2025_09,0.0,0.0,0,719946
09-170-00871,2025,10,2025_10,0.0,0.0,0,719946
09-170-00872,2021,6,2021_06,0.0,0.0,0,579285
09-170-00872,2021,7,2021_07,0.0,0.0,0,579285
09-170-00872,2021,8,2021_08,0.0171677153732618,0.0171677153732618,9945,579285
09-170-00872,2021,9,2021_09,0.0,0.0,0,579285
09-170-00872,2021,10,2021_10,0.0,0.0,0,579285
09-170-00872,2022,8,2022_08,0.0991567190588397,0.0991567190588397,57440,579285
09-170-00872,2022,9,2022_09,3.452532000655981e-06,3.452532000655981e-06,2,579285
09-170-00872,2022,10,2022_10,0.0,0.0,0,579285
09-170-00872,2023,7,2023_07,0.0,0.0,0,579285
09-170-00872,2023,8,2023_08,0.0,0.0,0,579285
09-170-00872,2023,9,2023_09,0.0,0.0,0,579285
09-170-00872,2024,7,2024_07,0.0335965888983833,0.0335965888983833,19462,579285
09-170-00872,2024,8,2024_08,0.0,0.0,0,579285
09-170-00872,2024,9,2024_09,0.0,0.0,0,579285
09-170-00872,2024,10,2024_10,0.0,0.0,0,579285
09-170-00872,2025,6,2025_06,0.0,0.0,0,579264
09-170-00872,2025,7,2025_07,0.0,0.0,0,579264
09-170-00872,2025,8,2025_08,0.0,0.0,0,579264
09-170-00872,2025,9,2025_09,0.0,0.0,0,579264
09-170-00872,2025,10,2025_10,0.0,0.0,0,579264
09-170-00873,2021,6,2021_06,0.0,0.0,0,339219
09-170-00873,2021,7,2021_07,0.0,0.0,0,339219
09-170-00873,2021,8,2021_08,0.0,0.0,0,339219
09-170-00873,2021,9,2021_09,0.0,0.0,0,339219
09-170-00873,2021,10,2021_10,0.0,0.0,0,339219
09-170-00873,2022,8,2022_08,0.0780675610741143,0.0780675610741143,26482,339219
09-170-00873,2022,9,2022_09,1.1791792322953608e-05,1.1791792322953608e-05,4,339219
09-170-00873,2022,10,2022_10,0.0,0.0,0,339219
09-170-00873,2023,7,2023_07,0.0,0.0,0,339219
09-170-00873,2023,8,2023_08,0.0,0.0,0,339219
09-170-00873,2023,9,2023_09,0.0,0.0,0,339219
09-170-00873,2024,7,2024_07,0.0,0.0,0,339219
09-170-00873,2024,8,2024_08,0.0,0.0,0,339219
09-170-00873,2024,9,2024_09,0.0,0.0,0,339219
09-170-00873,2024,10,2024_10,0.0,0.0,0,339219
09-170-00873,2025,6,2025_06,0.0,0.0,0,339190
09-170-00873,2025,7,2025_07,0.0,0.0,0,339190
09-170-00873,2025,8,2025_08,0.0,0.0,0,339190
09-170-00873,2025,9,2025_09,0.0,0.0,0,339190
09-170-00873,2025,10,2025_10,0.0,0.0,0,339190
09-170-00874,2021,6,2021_06,0.0,0.0,0,342800
09-170-00874,2021,7,2021_07,0.0,0.0,0,342800
09-170-00874,2021,8,2021_08,0.0,0.0,0,342800
09-170-00874,2021,9,2021_09,0.0,0.0,0,342800
09-170-00874,2021,10,2021_10,0.0,0.0,0,342800
09-170-00874,2022,8,2022_08,0.0203296382730455,0.0203296382730455,6969,342800
09-170-00874,2022,9,2022_09,0.0,0.0,0,342800
09-170-00874,2022,10,2022_10,0.0,0.0,0,342800
09-170-00874,2023,7,2023_07,0.0,0.0,0,342800
09-170-00874,2023,8,2023_08,0.0,0.0,0,342800
09-170-00874,2023,9,2023_09,0.0,0.0,0,342800
09-170-00874,2024,7,2024_07,0.0,0.0,0,342800
09-170-00874,2024,8,2024_08,0.0,0.0,0,342800
09-170-00874,2024,9,2024_09,0.0,0.0,0,342800
09-170-00874,2024,10,2024_10,0.0,0.0,0,342800
09-170-00874,2025,6,2025_06,0.0,0.0,0,342809
09-170-00874,2025,7,2025_07,0.0,0.0,0,342809
09-170-00874,2025,8,2025_08,0.0,0.0,0,342809
09-170-00874,2025,9,2025_09,0.0,0.0,0,342809
09-170-00874,2025,10,2025_10,0.0,0.0,0,342809
09-171-00875,2021,6,2021_06,0.0,0.0,0,1053260
09-171-00875,2021,7,2021_07,0.0,0.0,0,1053260
09-171-00875,2021,8,2021_08,0.0173480432181987,0.0173480432181987,18272,1053260
09-171-00875,2021,9,2021_09,0.0,0.0,0,1053260
09-171-00875,2021,10,2021_10,0.0,0.0,0,1053260
09-171-00875,2022,8,2022_08,0.0161213755388033,0.0161213755388033,16980,1053260
09-171-00875,2022,9,2022_09,2.8482995651596e-06,2.8482995651596e-06,3,1053260
09-171-00875,2022,10,2022_10,0.0,0.0,0,1053260
09-171-00875,2023,7,2023_07,0.0,0.0,0,1053260
09-171-00875,2023,8,2023_08,0.0,0.0,0,1053260
09-171-00875,2023,9,2023_09,0.0,0.0,0,1053260
09-171-00875,2024,7,2024_07,0.0001595047756489,0.0001595047756489,168,1053260
09-171-00875,2024,8,2024_08,0.0,0.0,0,1053260
09-171-00875,2024,9,2024_09,0.0,0.0,0,1053260
09-171-00875,2024,10,2024_10,0.0,0.0,0,1053260
09-171-00875,2025,6,2025_06,0.0,0.0,0,1053214
09-171-00875,2025,7,2025_07,0.0,0.0,0,1053214
09-171-00875,2025,8,2025_08,0.0,0.0,0,1053214
09-171-00875,2025,9,2025_09,0.0,0.0,0,1053214
09-171-00875,2025,10,2025_10,0.0,0.0,0,1053214
09-171-00876,2021,6,2021_06,0.0,0.0,0,364207
09-171-00876,2021,7,2021_07,0.0,0.0,0,364207
09-171-00876,2021,8,2021_08,0.027676568544811,0.027676568544811,10080,364207
09-171-00876,2021,9,2021_09,0.0,0.0,0,364207
09-171-00876,2021,10,2021_10,0.0,0.0,0,364207
09-171-00876,2022,8,2022_08,0.0239149714310817,0.0239149714310817,8710,364207
09-171-00876,2022,9,2022_09,0.0,0.0,0,364207
09-171-00876,2022,10,2022_10,0.0,0.0,0,364207
09-171-00876,2023,7,2023_07,0.0,0.0,0,364207
09-171-00876,2023,8,2023_08,0.0,0.0,0,364207
09-171-00876,2023,9,2023_09,0.0,0.0,0,364207
09-171-00876,2024,7,2024_07,0.0,0.0,0,364207
09-171-00876,2024,8,2024_08,0.0,0.0,0,364207
09-171-00876,2024,9,2024_09,0.0,0.0,0,364207
09-171-00876,2024,10,2024_10,0.0,0.0,0,364207
09-171-00876,2025,6,2025_06,0.0,0.0,0,364219
09-171-00876,2025,7,2025_07,0.0,0.0,0,364219
09-171-00876,2025,8,2025_08,0.0,0.0,0,364219
09-171-00876,2025,9,2025_09,0.0,0.0,0,364219
09-171-00876,2025,10,2025_10,0.0,0.0,0,364219
09-172-00877,2021,6,2021_06,0.0,0.0,0,578515
09-172-00877,2021,7,2021_07,0.0,0.0,0,578515
09-172-00877,2021,8,2021_08,0.0039998962861809,0.0039998962861809,2314,578515
09-172-00877,2021,9,2021_09,0.0003076843297062,0.0003076843297062,178,578515
09-172-00877,2021,10,2021_10,0.0,0.0,0,578515
09-172-00877,2022,8,2022_08,0.0119461033853919,0.0119461033853919,6911,578515
09-172-00877,2022,9,2022_09,0.0,0.0,0,578515
09-172-00877,2022,10,2022_10,0.0,0.0,0,578515
09-172-00877,2023,7,2023_07,0.0039290251765295,0.0039290251765295,2273,578515
09-172-00877,2023,8,2023_08,0.016001313708374,0.016001313708374,9257,578515
09-172-00877,2023,9,2023_09,0.0072686101483971,0.0072686101483971,4205,578515
09-172-00877,2024,7,2024_07,0.0088640743973794,0.0088640743973794,5128,578515
09-172-00877,2024,8,2024_08,8.642818250175017e-05,8.642818250175017e-05,50,578515
09-172-00877,2024,9,2024_09,0.0,0.0,0,578515
09-172-00877,2024,10,2024_10,0.0,0.0,0,578515
09-172-00877,2025,6,2025_06,0.0,0.0,0,578517
09-172-00877,2025,7,2025_07,0.0,0.0,0,578517
09-172-00877,2025,8,2025_08,0.0,0.0,0,578517
09-172-00877,2025,9,2025_09,0.0,0.0,0,578517
09-172-00877,2025,10,2025_10,0.0,0.0,0,578517
09-172-00878,2021,6,2021_06,0.0,0.0,0,731611
09-172-00878,2021,7,2021_07,0.0,0.0,0,731611
09-172-00878,2021,8,2021_08,0.010467311180395,0.010467311180395,7658,731611
09-172-00878,2021,9,2021_09,0.0,0.0,0,731611
09-172-00878,2021,10,2021_10,0.0,0.0,0,731611
09-172-00878,2022,8,2022_08,0.0227880663357986,0.0227880663357986,16672,731611
09-172-00878,2022,9,2022_09,2.733693178478727e-06,2.733693178478727e-06,2,731611
09-172-00878,2022,10,2022_10,8.201079535436181e-06,8.201079535436181e-06,6,731611
09-172-00878,2023,7,2023_07,0.0,0.0,0,731611
09-172-00878,2023,8,2023_08,0.0020256666452527,0.0020256666452527,1482,731611
09-172-00878,2023,9,2023_09,0.0018315744295807,0.0018315744295807,1340,731611
09-172-00878,2024,7,2024_07,0.0477835899132189,0.0477835899132189,34959,731611
09-172-00878,2024,8,2024_08,0.0,0.0,0,731611
09-172-00878,2024,9,2024_09,0.0,0.0,0,731611
09-172-00878,2024,10,2024_10,0.0,0.0,0,731611
09-172-00878,2025,6,2025_06,0.0,0.0,0,731630
09-172-00878,2025,7,2025_07,0.0,0.0,0,731630
09-172-00878,2025,8,2025_08,0.0,0.0,0,731630
09-172-00878,2025,9,2025_09,0.0,0.0,0,731630
09-172-00878,2025,10,2025_10,0.0,0.0,0,731630
09-172-00879,2021,6,2021_06,0.0,0.0,0,551167
09-172-00879,2021,7,2021_07,0.0,0.0,0,551167
09-172-00879,2021,8,2021_08,0.0302467310270752,0.0302467310270752,16671,551167
09-172-00879,2021,9,2021_09,0.0,0.0,0,551167
09-172-00879,2021,10,2021_10,0.0,0.0,0,551167
09-172-00879,2022,8,2022_08,0.009336553168096,0.009336553168096,5146,551167
09-172-00879,2022,9,2022_09,0.0,0.0,0,551167
09-172-00879,2022,10,2022_10,0.0,0.0,0,551167
09-172-00879,2023,7,2023_07,0.0,0.0,0,551167
09-172-00879,2023,8,2023_08,0.0007311758505135,0.0007311758505135,403,551167
09-172-00879,2023,9,2023_09,0.0005352279799044,0.0005352279799044,295,551167
09-172-00879,2024,7,2024_07,0.0212113569934339,0.0212113569934339,11691,551167
09-172-00879,2024,8,2024_08,7.257328541077387e-06,7.257328541077387e-06,4,551167
09-172-00879,2024,9,2024_09,0.0,0.0,0,551167
09-172-00879,2024,10,2024_10,0.0,0.0,0,551167
09-172-00879,2025,6,2025_06,0.0,0.0,0,551174
09-172-00879,2025,7,2025_07,0.0,0.0,0,551174
09-172-00879,2025,8,2025_08,0.0,0.0,0,551174
09-172-00879,2025,9,2025_09,0.0,0.0,0,551174
09-172-00879,2025,10,2025_10,0.0,0.0,0,551174
09-173-00880,2021,6,2021_06,0.0,0.0,0,152240
09-173-00880,2021,7,2021_07,0.0,0.0,0,152240
09-173-00880,2021,8,2021_08,0.0,0.0,0,152240
09-173-00880,2021,9,2021_09,0.0,0.0,0,152240
09-173-00880,2021,10,2021_10,0.0,0.0,0,152240
09-173-00880,2022,8,2022_08,0.0020625328428796,0.0020625328428796,314,152240
09-173-00880,2022,9,2022_09,0.0,0.0,0,152240
09-173-00880,2022,10,2022_10,0.0,0.0,0,152240
09-173-00880,2023,7,2023_07,0.0,0.0,0,152240
09-173-00880,2023,8,2023_08,0.0,0.0,0,152240
09-173-00880,2023,9,2023_09,0.0,0.0,0,152240
09-173-00880,2024,7,2024_07,0.0041907514450867,0.0041907514450867,638,152240
09-173-00880,2024,8,2024_08,0.0,0.0,0,152240
09-173-00880,2024,9,2024_09,0.0,0.0,0,152240
09-173-00880,2024,10,2024_10,0.0,0.0,0,152240
09-173-00880,2025,6,2025_06,0.0,0.0,0,152235
09-173-00880,2025,7,2025_07,0.0,0.0,0,152235
09-173-00880,2025,8,2025_08,0.0,0.0,0,152235
09-173-00880,2025,9,2025_09,0.0,0.0,0,152235
09-173-00880,2025,10,2025_10,0.0,0.0,0,152235
09-173-00881,2021,6,2021_06,0.0,0.0,0,477275
09-173-00881,2021,7,2021_07,0.0,0.0,0,477275
09-173-00881,2021,8,2021_08,0.0043245508354722,0.0043245508354722,2064,477275
09-173-00881,2021,9,2021_09,0.0,0.0,0,477275
09-173-00881,2021,10,2021_10,0.0,0.0,0,477275
09-173-00881,2022,8,2022_08,0.0070672044418836,0.0070672044418836,3373,477275
09-173-00881,2022,9,2022_09,0.0,0.0,0,477275
09-173-00881,2022,10,2022_10,0.0,0.0,0,477275
09-173-00881,2023,7,2023_07,0.0,0.0,0,477275
09-173-00881,2023,8,2023_08,4.190456235922686e-06,4.190456235922686e-06,2,477275
09-173-00881,2023,9,2023_09,0.0,0.0,0,477275
09-173-00881,2024,7,2024_07,0.01137708868053,0.01137708868053,5430,477275
09-173-00881,2024,8,2024_08,0.0,0.0,0,477275
09-173-00881,2024,9,2024_09,0.0,0.0,0,477275
09-173-00881,2024,10,2024_10,0.0,0.0,0,477275
09-173-00881,2025,6,2025_06,0.0,0.0,0,477272
09-173-00881,2025,7,2025_07,0.0,0.0,0,477272
09-173-00881,2025,8,2025_08,0.0,0.0,0,477272
09-173-00881,2025,9,2025_09,0.0,0.0,0,477272
09-173-00881,2025,10,2025_10,0.0,0.0,0,477272
09-173-00882,2021,6,2021_06,0.0,0.0,0,498630
09-173-00882,2021,7,2021_07,0.0,0.0,0,498630
09-173-00882,2021,8,2021_08,0.0,0.0,0,498630
09-173-00882,2021,9,2021_09,0.0,0.0,0,498630
09-173-00882,2021,10,2021_10,0.0,0.0,0,498630
09-173-00882,2022,8,2022_08,0.0,0.0,0,498630
09-173-00882,2022,9,2022_09,0.0,0.0,0,498630
09-173-00882,2022,10,2022_10,0.0,0.0,0,498630
09-173-00882,2023,7,2023_07,0.0,0.0,0,498630
09-173-00882,2023,8,2023_08,0.0,0.0,0,498630
09-173-00882,2023,9,2023_09,0.0,0.0,0,498630
09-173-00882,2024,7,2024_07,0.003868599963901,0.003868599963901,1929,498630
09-173-00882,2024,8,2024_08,0.0,0.0,0,498630
09-173-00882,2024,9,2024_09,0.0,0.0,0,498630
09-173-00882,2024,10,2024_10,0.0,0.0,0,498630
09-173-00882,2025,6,2025_06,0.0,0.0,0,498634
09-173-00882,2025,7,2025_07,0.0,0.0,0,498634
09-173-00882,2025,8,2025_08,0.0,0.0,0,498634
09-173-00882,2025,9,2025_09,0.0,0.0,0,498634
09-173-00882,2025,10,2025_10,0.0,0.0,0,498634
09-173-00883,2021,6,2021_06,0.0,0.0,0,338786
09-173-00883,2021,7,2021_07,0.0,0.0,0,338786
09-173-00883,2021,8,2021_08,0.0,0.0,0,338786
09-173-00883,2021,9,2021_09,0.0,0.0,0,338786
09-173-00883,2021,10,2021_10,0.0,0.0,0,338786
09-173-00883,2022,8,2022_08,0.0,0.0,0,338786
09-173-00883,2022,9,2022_09,0.0001239720649613,0.0001239720649613,42,338786
09-173-00883,2022,10,2022_10,0.0,0.0,0,338786
09-173-00883,2023,7,2023_07,0.0,0.0,0,338786
09-173-00883,2023,8,2023_08,0.0,0.0,0,338786
09-173-00883,2023,9,2023_09,0.0,0.0,0,338786
09-173-00883,2024,7,2024_07,0.0006051017456447,0.0006051017456447,205,338786
09-173-00883,2024,8,2024_08,0.0,0.0,0,338786
09-173-00883,2024,9,2024_09,0.0,0.0,0,338786
09-173-00883,2024,10,2024_10,0.0,0.0,0,338786
09-173-00883,2025,6,2025_06,0.0,0.0,0,338759
09-173-00883,2025,7,2025_07,0.0,0.0,0,338759
09-173-00883,2025,8,2025_08,0.0,0.0,0,338759
09-173-00883,2025,9,2025_09,0.0,0.0,0,338759
09-173-00883,2025,10,2025_10,0.0,0.0,0,338759
09-173-00884,2021,6,2021_06,0.0,0.0,0,190238
09-173-00884,2021,7,2021_07,0.0,0.0,0,190238
09-173-00884,2021,8,2021_08,0.0,0.0,0,190238
09-173-00884,2021,9,2021_09,0.0,0.0,0,190238
09-173-00884,2021,10,2021_10,0.0,0.0,0,190238
09-173-00884,2022,8,2022_08,0.0,0.0,0,190238
09-173-00884,2022,9,2022_09,0.0,0.0,0,190238
09-173-00884,2022,10,2022_10,0.0,0.0,0,190238
09-173-00884,2023,7,2023_07,0.0,0.0,0,190238
09-173-00884,2023,8,2023_08,0.0,0.0,0,190238
09-173-00884,2023,9,2023_09,0.0,0.0,0,190238
09-173-00884,2024,7,2024_07,0.0010933672557533,0.0010933672557533,208,190238
09-173-00884,2024,8,2024_08,0.0,0.0,0,190238
09-173-00884,2024,9,2024_09,0.0,0.0,0,190238
09-173-00884,2024,10,2024_10,0.0,0.0,0,190238
09-173-00884,2025,6,2025_06,0.0,0.0,0,190218
09-173-00884,2025,7,2025_07,0.0,0.0,0,190218
09-173-00884,2025,8,2025_08,0.0,0.0,0,190218
09-173-00884,2025,9,2025_09,0.0,0.0,0,190218
09-173-00884,2025,10,2025_10,0.0,0.0,0,190218
09-174-00885,2021,6,2021_06,0.0,0.0,0,264114
09-174-00885,2021,7,2021_07,0.0,0.0,0,264114
09-174-00885,2021,8,2021_08,0.0197679789787743,0.0197679789787743,5221,264114
09-174-00885,2021,9,2021_09,0.0,0.0,0,264114
09-174-00885,2021,10,2021_10,0.0,0.0,0,264114
09-174-00885,2022,8,2022_08,8.329736401705325e-05,8.329736401705325e-05,22,264114
09-174-00885,2022,9,2022_09,0.0,0.0,0,264114
09-174-00885,2022,10,2022_10,0.0,0.0,0,264114
09-174-00885,2023,7,2023_07,0.0,0.0,0,264114
09-174-00885,2023,8,2023_08,0.000348334431344,0.000348334431344,92,264114
09-174-00885,2023,9,2023_09,0.0,0.0,0,264114
09-174-00885,2024,7,2024_07,0.0139295910099426,0.0139295910099426,3679,264114
09-174-00885,2024,8,2024_08,1.5144975275827865e-05,1.5144975275827865e-05,4,264114
09-174-00885,2024,9,2024_09,0.0,0.0,0,264114
09-174-00885,2024,10,2024_10,0.0,0.0,0,264114
09-174-00885,2025,6,2025_06,0.0,0.0,0,264149
09-174-00885,2025,7,2025_07,0.0,0.0,0,264149
09-174-00885,2025,8,2025_08,0.0,0.0,0,264149
09-174-00885,2025,9,2025_09,0.0,0.0,0,264149
09-174-00885,2025,10,2025_10,0.0,0.0,0,264149
09-174-00886,2021,6,2021_06,0.0,0.0,0,309590
09-174-00886,2021,7,2021_07,0.0,0.0,0,309590
09-174-00886,2021,8,2021_08,0.1177363609935721,0.1177363609935721,36450,309590
09-174-00886,2021,9,2021_09,0.0,0.0,0,309590
09-174-00886,2021,10,2021_10,0.0,0.0,0,309590
09-174-00886,2022,8,2022_08,0.0062469718014147,0.0062469718014147,1934,309590
09-174-00886,2022,9,2022_09,5.814141283633192e-05,5.814141283633192e-05,18,309590
09-174-00886,2022,10,2022_10,0.0,0.0,0,309590
09-174-00886,2023,7,2023_07,0.0,0.0,0,309590
09-174-00886,2023,8,2023_08,0.0,0.0,0,309590
09-174-00886,2023,9,2023_09,0.0,0.0,0,309590
09-174-00886,2024,7,2024_07,0.0039471559158887,0.0039471559158887,1222,309590
09-174-00886,2024,8,2024_08,0.0,0.0,0,309590
09-174-00886,2024,9,2024_09,0.0,0.0,0,309590
09-174-00886,2024,10,2024_10,0.0,0.0,0,309590
09-174-00886,2025,6,2025_06,0.0,0.0,0,309606
09-174-00886,2025,7,2025_07,0.0,0.0,0,309606
09-174-00886,2025,8,2025_08,0.0,0.0,0,309606
09-174-00886,2025,9,2025_09,0.0,0.0,0,309606
09-174-00886,2025,10,2025_10,0.0,0.0,0,309606
09-174-00887,2021,6,2021_06,0.0,0.0,0,222864
09-174-00887,2021,7,2021_07,0.0,0.0,0,222864
09-174-00887,2021,8,2021_08,0.0319746571900351,0.0319746571900351,7126,222864
09-174-00887,2021,9,2021_09,0.0,0.0,0,222864
09-174-00887,2021,10,2021_10,0.0,0.0,0,222864
09-174-00887,2022,8,2022_08,0.0147309569961949,0.0147309569961949,3283,222864
09-174-00887,2022,9,2022_09,0.0,0.0,0,222864
09-174-00887,2022,10,2022_10,0.0,0.0,0,222864
09-174-00887,2023,7,2023_07,0.0,0.0,0,222864
09-174-00887,2023,8,2023_08,0.0,0.0,0,222864
09-174-00887,2023,9,2023_09,0.0,0.0,0,222864
09-174-00887,2024,7,2024_07,0.0019428889367506,0.0019428889367506,433,222864
09-174-00887,2024,8,2024_08,0.0,0.0,0,222864
09-174-00887,2024,9,2024_09,0.0,0.0,0,222864
09-174-00887,2024,10,2024_10,0.0,0.0,0,222864
09-174-00887,2025,6,2025_06,0.0,0.0,0,222814
09-174-00887,2025,7,2025_07,0.0,0.0,0,222814
09-174-00887,2025,8,2025_08,0.0,0.0,0,222814
09-174-00887,2025,9,2025_09,0.0,0.0,0,222814
09-174-00887,2025,10,2025_10,0.0,0.0,0,222814
09-175-00888,2021,6,2021_06,0.0,0.0,0,297872
09-175-00888,2021,7,2021_07,0.0,0.0,0,297872
09-175-00888,2021,8,2021_08,0.0821258795724338,0.0821258795724338,24463,297872
09-175-00888,2021,9,2021_09,0.0,0.0,0,297872
09-175-00888,2021,10,2021_10,0.0,0.0,0,297872
09-175-00888,2022,8,2022_08,0.0652897889026158,0.0652897889026158,19448,297872
09-175-00888,2022,9,2022_09,0.0200287371756996,0.0200287371756996,5966,297872
09-175-00888,2022,10,2022_10,0.0036827899231884,0.0036827899231884,1097,297872
09-175-00888,2023,7,2023_07,0.0,0.0,0,297872
09-175-00888,2023,8,2023_08,0.0,0.0,0,297872
09-175-00888,2023,9,2023_09,0.0,0.0,0,297872
09-175-00888,2024,7,2024_07,0.004377719288822,0.004377719288822,1304,297872
09-175-00888,2024,8,2024_08,0.0,0.0,0,297872
09-175-00888,2024,9,2024_09,0.0,0.0,0,297872
09-175-00888,2024,10,2024_10,0.0,0.0,0,297872
09-175-00888,2025,6,2025_06,0.0,0.0,0,297864
09-175-00888,2025,7,2025_07,0.0,0.0,0,297864
09-175-00888,2025,8,2025_08,0.0,0.0,0,297864
09-175-00888,2025,9,2025_09,0.0,0.0,0,297864
09-175-00888,2025,10,2025_10,0.0,0.0,0,297864
09-175-00889,2021,6,2021_06,0.0,0.0,0,330664
09-175-00889,2021,7,2021_07,0.0,0.0,0,330664
09-175-00889,2021,8,2021_08,0.0668836039000314,0.0668836039000314,22116,330664
09-175-00889,2021,9,2021_09,0.0,0.0,0,330664
09-175-00889,2021,10,2021_10,0.0,0.0,0,330664
09-175-00889,2022,8,2022_08,0.0590145888273292,0.0590145888273292,19514,330664
09-175-00889,2022,9,2022_09,0.0335627706675053,0.0335627706675053,11098,330664
09-175-00889,2022,10,2022_10,0.0287754336728522,0.0287754336728522,9515,330664
09-175-00889,2023,7,2023_07,0.0,0.0,0,330664
09-175-00889,2023,8,2023_08,0.0,0.0,0,330664
09-175-00889,2023,9,2023_09,0.0,0.0,0,330664
09-175-00889,2024,7,2024_07,0.0012399293542689,0.0012399293542689,410,330664
09-175-00889,2024,8,2024_08,0.0,0.0,0,330664
09-175-00889,2024,9,2024_09,0.0,0.0,0,330664
09-175-00889,2024,10,2024_10,0.0,0.0,0,330664
09-175-00889,2025,6,2025_06,0.0,0.0,0,330670
09-175-00889,2025,7,2025_07,0.0,0.0,0,330670
09-175-00889,2025,8,2025_08,0.0,0.0,0,330670
09-175-00889,2025,9,2025_09,0.0,0.0,0,330670
09-175-00889,2025,10,2025_10,0.0,0.0,0,330670
09-175-00890,2021,6,2021_06,0.0,0.0,0,135635
09-175-00890,2021,7,2021_07,0.0,0.0,0,135635
09-175-00890,2021,8,2021_08,0.0835919932170899,0.0835919932170899,11338,135635
09-175-00890,2021,9,2021_09,0.0,0.0,0,135635
09-175-00890,2021,10,2021_10,0.0,0.0,0,135635
09-175-00890,2022,8,2022_08,0.0702399823054521,0.0702399823054521,9527,135635
09-175-00890,2022,9,2022_09,0.0094960740221919,0.0094960740221919,1288,135635
09-175-00890,2022,10,2022_10,0.0144505474250746,0.0144505474250746,1960,135635
09-175-00890,2023,7,2023_07,0.0,0.0,0,135635
09-175-00890,2023,8,2023_08,0.0,0.0,0,135635
09-175-00890,2023,9,2023_09,0.0,0.0,0,135635
09-175-00890,2024,7,2024_07,0.0024993548862756,0.0024993548862756,339,135635
09-175-00890,2024,8,2024_08,0.0,0.0,0,135635
09-175-00890,2024,9,2024_09,0.0,0.0,0,135635
09-175-00890,2024,10,2024_10,7.37272827809931e-06,7.37272827809931e-06,1,135635
09-175-00890,2025,6,2025_06,0.0,0.0,0,135649
09-175-00890,2025,7,2025_07,0.0,0.0,0,135649
09-175-00890,2025,8,2025_08,0.0,0.0,0,135649
09-175-00890,2025,9,2025_09,0.0,0.0,0,135649
09-175-00890,2025,10,2025_10,0.0,0.0,0,135649
09-175-00891,2021,6,2021_06,0.0,0.0,0,330339
09-175-00891,2021,7,2021_07,0.0,0.0,0,330339
09-175-00891,2021,8,2021_08,0.1177790088363771,0.1177790088363771,38907,330339
09-175-00891,2021,9,2021_09,0.0,0.0,0,330339
09-175-00891,2021,10,2021_10,0.0,0.0,0,330339
09-175-00891,2022,8,2022_08,0.0223043600664771,0.0223043600664771,7368,330339
09-175-00891,2022,9,2022_09,0.0033601845377021,0.0033601845377021,1110,330339
09-175-00891,2022,10,2022_10,0.002663930083944,0.002663930083944,880,330339
09-175-00891,2023,7,2023_07,0.0,0.0,0,330339
09-175-00891,2023,8,2023_08,0.0,0.0,0,330339
09-175-00891,2023,9,2023_09,0.0,0.0,0,330339
09-175-00891,2024,7,2024_07,0.0,0.0,0,330339
09-175-00891,2024,8,2024_08,0.0,0.0,0,330339
09-175-00891,2024,9,2024_09,0.0,0.0,0,330339
09-175-00891,2024,10,2024_10,0.0,0.0,0,330339
09-175-00891,2025,6,2025_06,0.0,0.0,0,330326
09-175-00891,2025,7,2025_07,0.0,0.0,0,330326
09-175-00891,2025,8,2025_08,0.0,0.0,0,330326
09-175-00891,2025,9,2025_09,0.0,0.0,0,330326
09-175-00891,2025,10,2025_10,0.0,0.0,0,330326
09-175-00892,2021,6,2021_06,0.0,0.0,0,261816
09-175-00892,2021,7,2021_07,0.0,0.0,0,261816
09-175-00892,2021,8,2021_08,0.1187475173404222,0.1187475173404222,31090,261816
09-175-00892,2021,9,2021_09,0.0,0.0,0,261816
09-175-00892,2021,10,2021_10,0.0,0.0,0,261816
09-175-00892,2022,8,2022_08,0.0438170318085984,0.0438170318085984,11472,261816
09-175-00892,2022,9,2022_09,0.0051410150640144,0.0051410150640144,1346,261816
09-175-00892,2022,10,2022_10,0.0055573379778164,0.0055573379778164,1455,261816
09-175-00892,2023,7,2023_07,0.0,0.0,0,261816
09-175-00892,2023,8,2023_08,0.0,0.0,0,261816
09-175-00892,2023,9,2023_09,0.0,0.0,0,261816
09-175-00892,2024,7,2024_07,0.0141129648302624,0.0141129648302624,3695,261816
09-175-00892,2024,8,2024_08,0.0,0.0,0,261816
09-175-00892,2024,9,2024_09,0.0,0.0,0,261816
09-175-00892,2024,10,2024_10,0.0,0.0,0,261816
09-175-00892,2025,6,2025_06,0.0,0.0,0,261833
09-175-00892,2025,7,2025_07,0.0,0.0,0,261833
09-175-00892,2025,8,2025_08,0.0,0.0,0,261833
09-175-00892,2025,9,2025_09,0.0,0.0,0,261833
09-175-00892,2025,10,2025_10,0.0,0.0,0,261833
09-175-00893,2021,6,2021_06,0.0,0.0,0,333942
09-175-00893,2021,7,2021_07,0.0,0.0,0,333942
09-175-00893,2021,8,2021_08,0.0159009648382054,0.0159009648382054,5310,333942
09-175-00893,2021,9,2021_09,0.0,0.0,0,333942
09-175-00893,2021,10,2021_10,0.0,0.0,0,333942
09-175-00893,2022,8,2022_08,0.0083367770451156,0.0083367770451156,2784,333942
09-175-00893,2022,9,2022_09,0.0028448053853663,0.0028448053853663,950,333942
09-175-00893,2022,10,2022_10,0.0026711225302597,0.0026711225302597,892,333942
09-175-00893,2023,7,2023_07,0.0,0.0,0,333942
09-175-00893,2023,8,2023_08,0.0,0.0,0,333942
09-175-00893,2023,9,2023_09,0.0,0.0,0,333942
09-175-00893,2024,7,2024_07,0.0001736828551065,0.0001736828551065,58,333942
09-175-00893,2024,8,2024_08,0.0,0.0,0,333942
09-175-00893,2024,9,2024_09,0.0,0.0,0,333942
09-175-00893,2024,10,2024_10,0.0,0.0,0,333942
09-175-00893,2025,6,2025_06,0.0,0.0,0,333972
09-175-00893,2025,7,2025_07,0.0,0.0,0,333972
09-175-00893,2025,8,2025_08,0.0,0.0,0,333972
09-175-00893,2025,9,2025_09,0.0,0.0,0,333972
09-175-00893,2025,10,2025_10,0.0,0.0,0,333972
09-175-00894,2021,6,2021_06,0.0,0.0,0,374485
09-175-00894,2021,7,2021_07,0.0,0.0,0,374485
09-175-00894,2021,8,2021_08,0.0438068280438468,0.0438068280438468,16405,374485
09-175-00894,2021,9,2021_09,0.0,0.0,0,374485
09-175-00894,2021,10,2021_10,0.0,0.0,0,374485
09-175-00894,2022,8,2022_08,0.0130392405570316,0.0130392405570316,4883,374485
09-175-00894,2022,9,2022_09,0.0001628903694406,0.0001628903694406,61,374485
09-175-00894,2022,10,2022_10,0.0152903320560236,0.0152903320560236,5726,374485
09-175-00894,2023,7,2023_07,0.0,0.0,0,374485
09-175-00894,2023,8,2023_08,0.0,0.0,0,374485
09-175-00894,2023,9,2023_09,0.0,0.0,0,374485
09-175-00894,2024,7,2024_07,0.0013565296340307,0.0013565296340307,508,374485
09-175-00894,2024,8,2024_08,0.0001068133570102,0.0001068133570102,40,374485
09-175-00894,2024,9,2024_09,0.0,0.0,0,374485
09-175-00894,2024,10,2024_10,0.0,0.0,0,374485
09-175-00894,2025,6,2025_06,0.0,0.0,0,374531
09-175-00894,2025,7,2025_07,0.0,0.0,0,374531
09-175-00894,2025,8,2025_08,0.0,0.0,0,374531
09-175-00894,2025,9,2025_09,0.0,0.0,0,374531
09-175-00894,2025,10,2025_10,0.0,0.0,0,374531
09-175-00895,2021,6,2021_06,0.0,0.0,0,367474
09-175-00895,2021,7,2021_07,0.0,0.0,0,367474
09-175-00895,2021,8,2021_08,0.0,0.0,0,367474
09-175-00895,2021,9,2021_09,0.0,0.0,0,367474
09-175-00895,2021,10,2021_10,0.0,0.0,0,367474
09-175-00895,2022,8,2022_08,0.0,0.0,0,367474
09-175-00895,2022,9,2022_09,0.0010068739557084,0.0010068739557084,370,367474
09-175-00895,2022,10,2022_10,0.0,0.0,0,367474
09-175-00895,2023,7,2023_07,0.0,0.0,0,367474
09-175-00895,2023,8,2023_08,0.0,0.0,0,367474
09-175-00895,2023,9,2023_09,0.0,0.0,0,367474
09-175-00895,2024,7,2024_07,0.0,0.0,0,367474
09-175-00895,2024,8,2024_08,0.0,0.0,0,367474
09-175-00895,2024,9,2024_09,0.0,0.0,0,367474
09-175-00895,2024,10,2024_10,0.0,0.0,0,367474
09-175-00895,2025,6,2025_06,0.0,0.0,0,367446
09-175-00895,2025,7,2025_07,0.0,0.0,0,367446
09-175-00895,2025,8,2025_08,0.0,0.0,0,367446
09-175-00895,2025,9,2025_09,0.0,0.0,0,367446
09-175-00895,2025,10,2025_10,0.0,0.0,0,367446
09-176-00896,2021,6,2021_06,0.0,0.0,0,331038
09-176-00896,2021,7,2021_07,0.0,0.0,0,331038
09-176-00896,2021,8,2021_08,3.020801237320187e-06,3.020801237320187e-06,1,331038
09-176-00896,2021,9,2021_09,0.0,0.0,0,331038
09-176-00896,2021,10,2021_10,0.0,0.0,0,331038
09-176-00896,2022,8,2022_08,0.0,0.0,0,331038
09-176-00896,2022,9,2022_09,0.0,0.0,0,331038
09-176-00896,2022,10,2022_10,0.0059811864498939,0.0059811864498939,1980,331038
09-176-00896,2023,7,2023_07,0.0,0.0,0,331038
09-176-00896,2023,8,2023_08,3.020801237320187e-06,3.020801237320187e-06,1,331038
09-176-00896,2023,9,2023_09,0.0,0.0,0,331038
09-176-00896,2024,7,2024_07,0.0238431841661682,0.0238431841661682,7893,331038
09-176-00896,2024,8,2024_08,0.0,0.0,0,331038
09-176-00896,2024,9,2024_09,0.0,0.0,0,331038
09-176-00896,2024,10,2024_10,0.0,0.0,0,331038
09-176-00896,2025,6,2025_06,0.0,0.0,0,330976
09-176-00896,2025,7,2025_07,0.0,0.0,0,330976
09-176-00896,2025,8,2025_08,0.0,0.0,0,330976
09-176-00896,2025,9,2025_09,0.0,0.0,0,330976
09-176-00896,2025,10,2025_10,0.0,0.0,0,330976
09-176-00897,2021,6,2021_06,0.0080986849016302,0.0080986849016302,1619,199909
09-176-00897,2021,7,2021_07,0.0,0.0,0,199909
09-176-00897,2021,8,2021_08,0.0424243030578913,0.0424243030578913,8481,199909
09-176-00897,2021,9,2021_09,0.0057676242690424,0.0057676242690424,1153,199909
09-176-00897,2021,10,2021_10,0.0591869300531741,0.0591869300531741,11832,199909
09-176-00897,2022,8,2022_08,0.0139463455872421,0.0139463455872421,2788,199909
09-176-00897,2022,9,2022_09,0.0613779269567653,0.0613779269567653,12270,199909
09-176-00897,2022,10,2022_10,0.1145071007308325,0.1145071007308325,22891,199909
09-176-00897,2023,7,2023_07,0.0,0.0,0,199909
09-176-00897,2023,8,2023_08,0.0,0.0,0,199909
09-176-00897,2023,9,2023_09,0.0,0.0,0,199909
09-176-00897,2024,7,2024_07,0.0545298110640341,0.0545298110640341,10901,199909
09-176-00897,2024,8,2024_08,0.0246061958190976,0.0246061958190976,4919,199909
09-176-00897,2024,9,2024_09,0.0357112486181212,0.0357112486181212,7139,199909
09-176-00897,2024,10,2024_10,0.0,0.0,0,199909
09-176-00897,2025,6,2025_06,0.0,0.0,0,199939
09-176-00897,2025,7,2025_07,0.0,0.0,0,199939
09-176-00897,2025,8,2025_08,0.0,0.0,0,199939
09-176-00897,2025,9,2025_09,0.0,0.0,0,199939
09-176-00897,2025,10,2025_10,0.0,0.0,0,199939
09-176-00898,2021,6,2021_06,8.213076183528434e-05,8.213076183528434e-05,34,413974
09-176-00898,2021,7,2021_07,0.0,0.0,0,413974
09-176-00898,2021,8,2021_08,0.0,0.0,0,413974
09-176-00898,2021,9,2021_09,0.0,0.0,0,413974
09-176-00898,2021,10,2021_10,0.0,0.0,0,413974
09-176-00898,2022,8,2022_08,0.0,0.0,0,413974
09-176-00898,2022,9,2022_09,0.0,0.0,0,413974
09-176-00898,2022,10,2022_10,0.0,0.0,0,413974
09-176-00898,2023,7,2023_07,1.4493663853285472e-05,1.4493663853285472e-05,6,413974
09-176-00898,2023,8,2023_08,7.246831926642736e-06,7.246831926642736e-06,3,413974
09-176-00898,2023,9,2023_09,0.0,0.0,0,413974
09-176-00898,2024,7,2024_07,0.0183731345446815,0.0183731345446815,7606,413974
09-176-00898,2024,8,2024_08,0.0,0.0,0,413974
09-176-00898,2024,9,2024_09,0.0,0.0,0,413974
09-176-00898,2024,10,2024_10,0.0,0.0,0,413974
09-176-00898,2025,6,2025_06,0.0,0.0,0,414018
09-176-00898,2025,7,2025_07,0.0,0.0,0,414018
09-176-00898,2025,8,2025_08,0.0,0.0,0,414018
09-176-00898,2025,9,2025_09,0.0,0.0,0,414018
09-176-00898,2025,10,2025_10,0.0,0.0,0,414018
09-176-00899,2021,6,2021_06,0.0018088423945423,0.0018088423945423,337,186307
09-176-00899,2021,7,2021_07,0.0,0.0,0,186307
09-176-00899,2021,8,2021_08,0.0005206460304765,0.0005206460304765,97,186307
09-176-00899,2021,9,2021_09,0.0,0.0,0,186307
09-176-00899,2021,10,2021_10,0.0206540817038543,0.0206540817038543,3848,186307
09-176-00899,2022,8,2022_08,0.003585479879983,0.003585479879983,668,186307
09-176-00899,2022,9,2022_09,0.0152490244596284,0.0152490244596284,2841,186307
09-176-00899,2022,10,2022_10,0.0389894099523904,0.0389894099523904,7264,186307
09-176-00899,2023,7,2023_07,0.0,0.0,0,186307
09-176-00899,2023,8,2023_08,0.0,0.0,0,186307
09-176-00899,2023,9,2023_09,0.0,0.0,0,186307
09-176-00899,2024,7,2024_07,0.0308576704042252,0.0308576704042252,5749,186307
09-176-00899,2024,8,2024_08,0.009892274579055,0.009892274579055,1843,186307
09-176-00899,2024,9,2024_09,0.0313514790104504,0.0313514790104504,5841,186307
09-176-00899,2024,10,2024_10,0.0,0.0,0,186307
09-176-00899,2025,6,2025_06,0.0,0.0,0,186270
09-176-00899,2025,7,2025_07,0.0,0.0,0,186270
09-176-00899,2025,8,2025_08,0.0,0.0,0,186270
09-176-00899,2025,9,2025_09,0.0,0.0,0,186270
09-176-00899,2025,10,2025_10,0.0,0.0,0,186270
09-176-00900,2021,6,2021_06,0.0051012195402386,0.0051012195402386,1331,260918
09-176-00900,2021,7,2021_07,0.0,0.0,0,260918
09-176-00900,2021,8,2021_08,0.0081481538261062,0.0081481538261062,2126,260918
09-176-00900,2021,9,2021_09,0.006308495389356,0.006308495389356,1646,260918
09-176-00900,2021,10,2021_10,0.0240420361952797,0.0240420361952797,6273,260918
09-176-00900,2022,8,2022_08,0.005039897592347,0.005039897592347,1315,260918
09-176-00900,2022,9,2022_09,0.0065269548287201,0.0065269548287201,1703,260918
09-176-00900,2022,10,2022_10,0.0476816471075203,0.0476816471075203,12441,260918
09-176-00900,2023,7,2023_07,0.0,0.0,0,260918
09-176-00900,2023,8,2023_08,0.0,0.0,0,260918
09-176-00900,2023,9,2023_09,0.0,0.0,0,260918
09-176-00900,2024,7,2024_07,0.0520738316252615,0.0520738316252615,13587,260918
09-176-00900,2024,8,2024_08,7.665243486459348e-06,7.665243486459348e-06,2,260918
09-176-00900,2024,9,2024_09,0.0276945247165776,0.0276945247165776,7226,260918
09-176-00900,2024,10,2024_10,0.0,0.0,0,260918
09-176-00900,2025,6,2025_06,0.0,0.0,0,260930
09-176-00900,2025,7,2025_07,0.0,0.0,0,260930
09-176-00900,2025,8,2025_08,0.0,0.0,0,260930
09-176-00900,2025,9,2025_09,0.0,0.0,0,260930
09-176-00900,2025,10,2025_10,0.0,0.0,0,260930
09-176-00901,2021,6,2021_06,0.0,0.0,0,340198
09-176-00901,2021,7,2021_07,0.0,0.0,0,340198
09-176-00901,2021,8,2021_08,0.000173428415217,0.000173428415217,59,340198
09-176-00901,2021,9,2021_09,0.0,0.0,0,340198
09-176-00901,2021,10,2021_10,0.0,0.0,0,340198
09-176-00901,2022,8,2022_08,0.0,0.0,0,340198
09-176-00901,2022,9,2022_09,0.0,0.0,0,340198
09-176-00901,2022,10,2022_10,0.0,0.0,0,340198
09-176-00901,2023,7,2023_07,0.0,0.0,0,340198
09-176-00901,2023,8,2023_08,0.0,0.0,0,340198
09-176-00901,2023,9,2023_09,0.0,0.0,0,340198
09-176-00901,2024,7,2024_07,0.1377051011469791,0.1377051011469791,46847,340198
09-176-00901,2024,8,2024_08,2.939464664695265e-06,2.939464664695265e-06,1,340198
09-176-00901,2024,9,2024_09,0.0,0.0,0,340198
09-176-00901,2024,10,2024_10,0.0,0.0,0,340198
09-176-00901,2025,6,2025_06,0.0,0.0,0,340169
09-176-00901,2025,7,2025_07,0.0,0.0,0,340169
09-176-00901,2025,8,2025_08,0.0,0.0,0,340169
09-176-00901,2025,9,2025_09,0.0,0.0,0,340169
09-176-00901,2025,10,2025_10,0.0,0.0,0,340169
09-177-00902,2021,6,2021_06,0.0004106240334025,0.0004106240334025,107,260579
09-177-00902,2021,7,2021_07,0.0,0.0,0,260579
09-177-00902,2021,8,2021_08,0.0131284562455147,0.0131284562455147,3421,260579
09-177-00902,2021,9,2021_09,0.0041292659807582,0.0041292659807582,1076,260579
09-177-00902,2021,10,2021_10,0.0060135314050633,0.0060135314050633,1567,260579
09-177-00902,2022,8,2022_08,0.000460512934657,0.000460512934657,120,260579
09-177-00902,2022,9,2022_09,0.007744292517816,0.007744292517816,2018,260579
09-177-00902,2022,10,2022_10,0.0263336646468057,0.0263336646468057,6862,260579
09-177-00902,2023,7,2023_07,0.0,0.0,0,260579
09-177-00902,2023,8,2023_08,0.0,0.0,0,260579
09-177-00902,2023,9,2023_09,0.0,0.0,0,260579
09-177-00902,2024,7,2024_07,0.0142950890133126,0.0142950890133126,3725,260579
09-177-00902,2024,8,2024_08,0.0,0.0,0,260579
09-177-00902,2024,9,2024_09,0.0147978156336466,0.0147978156336466,3856,260579
09-177-00902,2024,10,2024_10,0.0,0.0,0,260579
09-177-00902,2025,6,2025_06,0.0,0.0,0,260560
09-177-00902,2025,7,2025_07,0.0,0.0,0,260560
09-177-00902,2025,8,2025_08,0.0,0.0,0,260560
09-177-00902,2025,9,2025_09,0.0,0.0,0,260560
09-177-00902,2025,10,2025_10,0.0,0.0,0,260560
09-177-00903,2021,6,2021_06,0.0,0.0,0,281962
09-177-00903,2021,7,2021_07,0.0,0.0,0,281962
09-177-00903,2021,8,2021_08,2.837261758676701e-05,2.837261758676701e-05,8,281962
09-177-00903,2021,9,2021_09,0.0,0.0,0,281962
09-177-00903,2021,10,2021_10,0.0,0.0,0,281962
09-177-00903,2022,8,2022_08,0.0,0.0,0,281962
09-177-00903,2022,9,2022_09,0.0,0.0,0,281962
09-177-00903,2022,10,2022_10,0.0,0.0,0,281962
09-177-00903,2023,7,2023_07,0.0,0.0,0,281962
09-177-00903,2023,8,2023_08,0.0,0.0,0,281962
09-177-00903,2023,9,2023_09,0.0,0.0,0,281962
09-177-00903,2024,7,2024_07,0.0141543895985983,0.0141543895985983,3991,281962
09-177-00903,2024,8,2024_08,0.0,0.0,0,281962
09-177-00903,2024,9,2024_09,0.0,0.0,0,281962
09-177-00903,2024,10,2024_10,0.0,0.0,0,281962
09-177-00903,2025,6,2025_06,0.0,0.0,0,281943
09-177-00903,2025,7,2025_07,0.0,0.0,0,281943
09-177-00903,2025,8,2025_08,0.0,0.0,0,281943
09-177-00903,2025,9,2025_09,0.0,0.0,0,281943
09-177-00903,2025,10,2025_10,0.0,0.0,0,281943
09-177-00904,2021,6,2021_06,0.0098789331366765,0.0098789331366765,1929,195264
09-177-00904,2021,7,2021_07,0.0,0.0,0,195264
09-177-00904,2021,8,2021_08,0.0055309734513274,0.0055309734513274,1080,195264
09-177-00904,2021,9,2021_09,0.014426622418879,0.014426622418879,2817,195264
09-177-00904,2021,10,2021_10,0.0394850049164208,0.0394850049164208,7710,195264
09-177-00904,2022,8,2022_08,0.0031342182890855,0.0031342182890855,612,195264
09-177-00904,2022,9,2022_09,0.0075641183218616,0.0075641183218616,1477,195264
09-177-00904,2022,10,2022_10,0.0744274418223533,0.0744274418223533,14533,195264
09-177-00904,2023,7,2023_07,0.0,0.0,0,195264
09-177-00904,2023,8,2023_08,0.0,0.0,0,195264
09-177-00904,2023,9,2023_09,0.0,0.0,0,195264
09-177-00904,2024,7,2024_07,0.0189077351687971,0.0189077351687971,3692,195264
09-177-00904,2024,8,2024_08,0.0,0.0,0,195264
09-177-00904,2024,9,2024_09,0.0010037692559816,0.0010037692559816,196,195264
09-177-00904,2024,10,2024_10,0.0,0.0,0,195264
09-177-00904,2025,6,2025_06,0.0,0.0,0,195294
09-177-00904,2025,7,2025_07,0.0,0.0,0,195294
09-177-00904,2025,8,2025_08,0.0,0.0,0,195294
09-177-00904,2025,9,2025_09,0.0,0.0,0,195294
09-177-00904,2025,10,2025_10,0.0,0.0,0,195294
09-177-00905,2021,6,2021_06,0.0025725551619571,0.0025725551619571,565,219626
09-177-00905,2021,7,2021_07,0.0,0.0,0,219626
09-177-00905,2021,8,2021_08,0.0002822980885687,0.0002822980885687,62,219626
09-177-00905,2021,9,2021_09,0.0008605538506369,0.0008605538506369,189,219626
09-177-00905,2021,10,2021_10,0.012093285858687,0.012093285858687,2656,219626
09-177-00905,2022,8,2022_08,0.0,0.0,0,219626
09-177-00905,2022,9,2022_09,0.000373361988107,0.000373361988107,82,219626
09-177-00905,2022,10,2022_10,0.0620691539253093,0.0620691539253093,13632,219626
09-177-00905,2023,7,2023_07,0.0,0.0,0,219626
09-177-00905,2023,8,2023_08,0.0,0.0,0,219626
09-177-00905,2023,9,2023_09,0.0,0.0,0,219626
09-177-00905,2024,7,2024_07,0.0039157476801471,0.0039157476801471,860,219626
09-177-00905,2024,8,2024_08,0.0012976605684208,0.0012976605684208,285,219626
09-177-00905,2024,9,2024_09,4.5531949769153015e-06,4.5531949769153015e-06,1,219626
09-177-00905,2024,10,2024_10,0.0,0.0,0,219626
09-177-00905,2025,6,2025_06,0.0,0.0,0,219661
09-177-00905,2025,7,2025_07,0.0,0.0,0,219661
09-177-00905,2025,8,2025_08,0.0,0.0,0,219661
09-177-00905,2025,9,2025_09,0.0,0.0,0,219661
09-177-00905,2025,10,2025_10,0.0,0.0,0,219661
09-177-00906,2021,6,2021_06,0.0,0.0,0,250854
09-177-00906,2021,7,2021_07,0.0,0.0,0,250854
09-177-00906,2021,8,2021_08,0.0,0.0,0,250854
09-177-00906,2021,9,2021_09,0.0,0.0,0,250854
09-177-00906,2021,10,2021_10,0.0,0.0,0,250854
09-177-00906,2022,8,2022_08,0.0,0.0,0,250854
09-177-00906,2022,9,2022_09,3.986382517320832e-06,3.986382517320832e-06,1,250854
09-177-00906,2022,10,2022_10,0.0,0.0,0,250854
09-177-00906,2023,7,2023_07,0.0,0.0,0,250854
09-177-00906,2023,8,2023_08,0.0,0.0,0,250854
09-177-00906,2023,9,2023_09,0.0,0.0,0,250854
09-177-00906,2024,7,2024_07,0.0157541837084519,0.0157541837084519,3952,250854
09-177-00906,2024,8,2024_08,0.0,0.0,0,250854
09-177-00906,2024,9,2024_09,0.0,0.0,0,250854
09-177-00906,2024,10,2024_10,0.0,0.0,0,250854
09-177-00906,2025,6,2025_06,0.0,0.0,0,250861
09-177-00906,2025,7,2025_07,0.0,0.0,0,250861
09-177-00906,2025,8,2025_08,0.0,0.0,0,250861
09-177-00906,2025,9,2025_09,0.0,0.0,0,250861
09-177-00906,2025,10,2025_10,0.0,0.0,0,250861
09-178-00907,2021,6,2021_06,0.0076080707675759,0.0076080707675759,1641,215692
09-178-00907,2021,7,2021_07,0.0,0.0,0,215692
09-178-00907,2021,8,2021_08,0.0093698421823711,0.0093698421823711,2021,215692
09-178-00907,2021,9,2021_09,7.41798490440072e-05,7.41798490440072e-05,16,215692
09-178-00907,2021,10,2021_10,0.0086326799324963,0.0086326799324963,1862,215692
09-178-00907,2022,8,2022_08,3.245368395675315e-05,3.245368395675315e-05,7,215692
09-178-00907,2022,9,2022_09,0.0009597017970068,0.0009597017970068,207,215692
09-178-00907,2022,10,2022_10,0.0148220610871056,0.0148220610871056,3197,215692
09-178-00907,2023,7,2023_07,0.0,0.0,0,215692
09-178-00907,2023,8,2023_08,0.0119151382526936,0.0119151382526936,2570,215692
09-178-00907,2023,9,2023_09,0.0,0.0,0,215692
09-178-00907,2024,7,2024_07,0.0157817628841125,0.0157817628841125,3404,215692
09-178-00907,2024,8,2024_08,0.0058602080744765,0.0058602080744765,1264,215692
09-178-00907,2024,9,2024_09,0.0,0.0,0,215692
09-178-00907,2024,10,2024_10,4.63624056525045e-06,4.63624056525045e-06,1,215692
09-178-00907,2025,6,2025_06,0.0,0.0,0,215664
09-178-00907,2025,7,2025_07,0.0,0.0,0,215664
09-178-00907,2025,8,2025_08,0.0,0.0,0,215664
09-178-00907,2025,9,2025_09,0.0,0.0,0,215664
09-178-00907,2025,10,2025_10,0.0,0.0,0,215664
09-178-00908,2021,6,2021_06,0.0,0.0,0,201134
09-178-00908,2021,7,2021_07,0.0034206051686935,0.0034206051686935,688,201134
09-178-00908,2021,8,2021_08,0.0172322928992611,0.0172322928992611,3466,201134
09-178-00908,2021,9,2021_09,0.0098093808108027,0.0098093808108027,1973,201134
09-178-00908,2021,10,2021_10,0.0211500790517764,0.0211500790517764,4254,201134
09-178-00908,2022,8,2022_08,1.988723935286923e-05,1.988723935286923e-05,4,201134
09-178-00908,2022,9,2022_09,0.0014815993317887,0.0014815993317887,298,201134
09-178-00908,2022,10,2022_10,0.0423747352511261,0.0423747352511261,8523,201134
09-178-00908,2023,7,2023_07,0.0,0.0,0,201134
09-178-00908,2023,8,2023_08,0.0110821641293863,0.0110821641293863,2229,201134
09-178-00908,2023,9,2023_09,0.0,0.0,0,201134
09-178-00908,2024,7,2024_07,0.0108435172571519,0.0108435172571519,2181,201134
09-178-00908,2024,8,2024_08,0.0145375719669474,0.0145375719669474,2924,201134
09-178-00908,2024,9,2024_09,0.0076764743902075,0.0076764743902075,1544,201134
09-178-00908,2024,10,2024_10,0.00064136346913,0.00064136346913,129,201134
09-178-00908,2025,6,2025_06,0.0,0.0,0,201138
09-178-00908,2025,7,2025_07,0.0,0.0,0,201138
09-178-00908,2025,8,2025_08,0.0,0.0,0,201138
09-178-00908,2025,9,2025_09,0.0,0.0,0,201138
09-178-00908,2025,10,2025_10,0.0,0.0,0,201138
09-178-00909,2021,6,2021_06,0.0,0.0,0,227386
09-178-00909,2021,7,2021_07,0.0,0.0,0,227386
09-178-00909,2021,8,2021_08,0.0048155999050073,0.0048155999050073,1095,227386
09-178-00909,2021,9,2021_09,0.0,0.0,0,227386
09-178-00909,2021,10,2021_10,0.0,0.0,0,227386
09-178-00909,2022,8,2022_08,1.7591232529707195e-05,1.7591232529707195e-05,4,227386
09-178-00909,2022,9,2022_09,0.0,0.0,0,227386
09-178-00909,2022,10,2022_10,0.0,0.0,0,227386
09-178-00909,2023,7,2023_07,0.0,0.0,0,227386
09-178-00909,2023,8,2023_08,8.795616264853597e-06,8.795616264853597e-06,2,227386
09-178-00909,2023,9,2023_09,0.0,0.0,0,227386
09-178-00909,2024,7,2024_07,0.0,0.0,0,227386
09-178-00909,2024,8,2024_08,0.0005717150572154,0.0005717150572154,130,227386
09-178-00909,2024,9,2024_09,0.0,0.0,0,227386
09-178-00909,2024,10,2024_10,0.0,0.0,0,227386
09-178-00909,2025,6,2025_06,0.0,0.0,0,227401
09-178-00909,2025,7,2025_07,0.0,0.0,0,227401
09-178-00909,2025,8,2025_08,0.0,0.0,0,227401
09-178-00909,2025,9,2025_09,0.0,0.0,0,227401
09-178-00909,2025,10,2025_10,0.0,0.0,0,227401
09-178-00910,2021,6,2021_06,0.0,0.0,0,261862
09-178-00910,2021,7,2021_07,0.0,0.0,0,261862
09-178-00910,2021,8,2021_08,0.0046436672751296,0.0046436672751296,1216,261862
09-178-00910,2021,9,2021_09,0.0,0.0,0,261862
09-178-00910,2021,10,2021_10,7.637610649884291e-06,7.637610649884291e-06,2,261862
09-178-00910,2022,8,2022_08,0.0,0.0,0,261862
09-178-00910,2022,9,2022_09,0.0,0.0,0,261862
09-178-00910,2022,10,2022_10,0.0,0.0,0,261862
09-178-00910,2023,7,2023_07,0.0,0.0,0,261862
09-178-00910,2023,8,2023_08,0.0018826710251964,0.0018826710251964,493,261862
09-178-00910,2023,9,2023_09,0.0,0.0,0,261862
09-178-00910,2024,7,2024_07,0.0,0.0,0,261862
09-178-00910,2024,8,2024_08,0.0085541239278704,0.0085541239278704,2240,261862
09-178-00910,2024,9,2024_09,7.637610649884291e-06,7.637610649884291e-06,2,261862
09-178-00910,2024,10,2024_10,0.0,0.0,0,261862
09-178-00910,2025,6,2025_06,0.0,0.0,0,261894
09-178-00910,2025,7,2025_07,0.0,0.0,0,261894
09-178-00910,2025,8,2025_08,0.0,0.0,0,261894
09-178-00910,2025,9,2025_09,0.0,0.0,0,261894
09-178-00910,2025,10,2025_10,0.0,0.0,0,261894
09-178-00911,2021,6,2021_06,0.0,0.0,0,138083
09-178-00911,2021,7,2021_07,0.0,0.0,0,138083
09-178-00911,2021,8,2021_08,0.0008980106168029,0.0008980106168029,124,138083
09-178-00911,2021,9,2021_09,0.0,0.0,0,138083
09-178-00911,2021,10,2021_10,0.0,0.0,0,138083
09-178-00911,2022,8,2022_08,0.0,0.0,0,138083
09-178-00911,2022,9,2022_09,0.0,0.0,0,138083
09-178-00911,2022,10,2022_10,0.0,0.0,0,138083
09-178-00911,2023,7,2023_07,0.0,0.0,0,138083
09-178-00911,2023,8,2023_08,0.0,0.0,0,138083
09-178-00911,2023,9,2023_09,0.0,0.0,0,138083
09-178-00911,2024,7,2024_07,0.0,0.0,0,138083
09-178-00911,2024,8,2024_08,0.0,0.0,0,138083
09-178-00911,2024,9,2024_09,0.0,0.0,0,138083
09-178-00911,2024,10,2024_10,0.0,0.0,0,138083
09-178-00911,2025,6,2025_06,0.0,0.0,0,138076
09-178-00911,2025,7,2025_07,0.0,0.0,0,138076
09-178-00911,2025,8,2025_08,0.0,0.0,0,138076
09-178-00911,2025,9,2025_09,0.0,0.0,0,138076
09-178-00911,2025,10,2025_10,0.0,0.0,0,138076
09-179-00915,2021,6,2021_06,0.0,0.0,0,343161
09-179-00915,2021,7,2021_07,0.0,0.0,0,343161
09-179-00915,2021,8,2021_08,2.6226756537019065e-05,2.6226756537019065e-05,9,343161
09-179-00915,2021,9,2021_09,0.0,0.0,0,343161
09-179-00915,2021,10,2021_10,0.0,0.0,0,343161
09-179-00915,2022,8,2022_08,0.0,0.0,0,343161
09-179-00915,2022,9,2022_09,0.0,0.0,0,343161
09-179-00915,2022,10,2022_10,0.0,0.0,0,343161
09-179-00915,2023,7,2023_07,0.0,0.0,0,343161
09-179-00915,2023,8,2023_08,0.0,0.0,0,343161
09-179-00915,2023,9,2023_09,0.0,0.0,0,343161
09-179-00915,2024,7,2024_07,0.0097680097680097,0.0097680097680097,3352,343161
09-179-00915,2024,8,2024_08,0.0,0.0,0,343161
09-179-00915,2024,9,2024_09,0.0,0.0,0,343161
09-179-00915,2024,10,2024_10,0.0,0.0,0,343161
09-179-00915,2025,6,2025_06,0.0,0.0,0,343175
09-179-00915,2025,7,2025_07,0.0,0.0,0,343175
09-179-00915,2025,8,2025_08,0.0,0.0,0,343175
09-179-00915,2025,9,2025_09,0.0,0.0,0,343175
09-179-00915,2025,10,2025_10,0.0,0.0,0,343175
09-179-00916,2021,6,2021_06,0.0,0.0,0,233484
09-179-00916,2021,7,2021_07,0.0,0.0,0,233484
09-179-00916,2021,8,2021_08,0.0,0.0,0,233484
09-179-00916,2021,9,2021_09,0.0,0.0,0,233484
09-179-00916,2021,10,2021_10,0.0,0.0,0,233484
09-179-00916,2022,8,2022_08,0.0,0.0,0,233484
09-179-00916,2022,9,2022_09,4.2829487245378696e-06,4.2829487245378696e-06,1,233484
09-179-00916,2022,10,2022_10,0.0,0.0,0,233484
09-179-00916,2023,7,2023_07,0.0,0.0,0,233484
09-179-00916,2023,8,2023_08,0.0,0.0,0,233484
09-179-00916,2023,9,2023_09,0.0,0.0,0,233484
09-179-00916,2024,7,2024_07,2.569769234722722e-05,2.569769234722722e-05,6,233484
09-179-00916,2024,8,2024_08,0.0,0.0,0,233484
09-179-00916,2024,9,2024_09,0.0,0.0,0,233484
09-179-00916,2024,10,2024_10,0.0,0.0,0,233484
09-179-00916,2025,6,2025_06,0.0,0.0,0,233482
09-179-00916,2025,7,2025_07,0.0,0.0,0,233482
09-179-00916,2025,8,2025_08,0.0,0.0,0,233482
09-179-00916,2025,9,2025_09,0.0,0.0,0,233482
09-179-00916,2025,10,2025_10,0.0,0.0,0,233482
09-179-00917,2021,6,2021_06,0.0,0.0,0,245396
09-179-00917,2021,7,2021_07,0.0,0.0,0,245396
09-179-00917,2021,8,2021_08,0.0,0.0,0,245396
09-179-00917,2021,9,2021_09,0.0,0.0,0,245396
09-179-00917,2021,10,2021_10,0.0,0.0,0,245396
09-179-00917,2022,8,2022_08,0.0,0.0,0,245396
09-179-00917,2022,9,2022_09,0.0,0.0,0,245396
09-179-00917,2022,10,2022_10,0.0,0.0,0,245396
09-179-00917,2023,7,2023_07,0.0,0.0,0,245396
09-179-00917,2023,8,2023_08,0.0,0.0,0,245396
09-179-00917,2023,9,2023_09,0.0,0.0,0,245396
09-179-00917,2024,7,2024_07,0.0007049829663075,0.0007049829663075,173,245396
09-179-00917,2024,8,2024_08,0.0,0.0,0,245396
09-179-00917,2024,9,2024_09,0.0,0.0,0,245396
09-179-00917,2024,10,2024_10,0.0,0.0,0,245396
09-179-00917,2025,6,2025_06,0.0,0.0,0,245416
09-179-00917,2025,7,2025_07,0.0,0.0,0,245416
09-179-00917,2025,8,2025_08,0.0,0.0,0,245416
09-179-00917,2025,9,2025_09,0.0,0.0,0,245416
09-179-00917,2025,10,2025_10,0.0,0.0,0,245416
09-179-00918,2021,6,2021_06,0.0,0.0,0,276522
09-179-00918,2021,7,2021_07,0.0,0.0,0,276522
09-179-00918,2021,8,2021_08,0.0012874201691004,0.0012874201691004,356,276522
09-179-00918,2021,9,2021_09,0.0,0.0,0,276522
09-179-00918,2021,10,2021_10,0.0,0.0,0,276522
09-179-00918,2022,8,2022_08,1.80817439480403e-05,1.80817439480403e-05,5,276522
09-179-00918,2022,9,2022_09,0.0,0.0,0,276522
09-179-00918,2022,10,2022_10,0.0,0.0,0,276522
09-179-00918,2023,7,2023_07,0.0,0.0,0,276522
09-179-00918,2023,8,2023_08,0.0,0.0,0,276522
09-179-00918,2023,9,2023_09,0.0,0.0,0,276522
09-179-00918,2024,7,2024_07,0.0,0.0,0,276522
09-179-00918,2024,8,2024_08,0.0,0.0,0,276522
09-179-00918,2024,9,2024_09,0.0,0.0,0,276522
09-179-00918,2024,10,2024_10,3.61634878960806e-06,3.61634878960806e-06,1,276522
09-179-00918,2025,6,2025_06,0.0,0.0,0,276506
09-179-00918,2025,7,2025_07,0.0,0.0,0,276506
09-179-00918,2025,8,2025_08,0.0,0.0,0,276506
09-179-00918,2025,9,2025_09,0.0,0.0,0,276506
09-179-00918,2025,10,2025_10,0.0,0.0,0,276506
09-179-06868,2021,6,2021_06,0.0,0.0,0,99300
09-179-06868,2021,7,2021_07,0.0,0.0,0,99300
09-179-06868,2021,8,2021_08,0.0001812688821752,0.0001812688821752,18,99300
09-179-06868,2021,9,2021_09,8.056394763343404e-05,8.056394763343404e-05,8,99300
09-179-06868,2021,10,2021_10,0.0,0.0,0,99300
09-179-06868,2022,8,2022_08,0.0001309164149043,0.0001309164149043,13,99300
09-179-06868,2022,9,2022_09,0.0,0.0,0,99300
09-179-06868,2022,10,2022_10,0.0,0.0,0,99300
09-179-06868,2023,7,2023_07,0.0,0.0,0,99300
09-179-06868,2023,8,2023_08,0.0,0.0,0,99300
09-179-06868,2023,9,2023_09,0.0,0.0,0,99300
09-179-06868,2024,7,2024_07,0.0382477341389728,0.0382477341389728,3798,99300
09-179-06868,2024,8,2024_08,0.0,0.0,0,99300
09-179-06868,2024,9,2024_09,0.0,0.0,0,99300
09-179-06868,2024,10,2024_10,0.0,0.0,0,99300
09-179-06868,2025,6,2025_06,0.0,0.0,0,99312
09-179-06868,2025,7,2025_07,0.0,0.0,0,99312
09-179-06868,2025,8,2025_08,0.0,0.0,0,99312
09-179-06868,2025,9,2025_09,0.0,0.0,0,99312
09-179-06868,2025,10,2025_10,0.0,0.0,0,99312
09-180-00919,2021,6,2021_06,0.0,0.0,0,1011741
09-180-00919,2021,7,2021_07,0.0,0.0,0,1011741
09-180-00919,2021,8,2021_08,5.337334357310814e-05,5.337334357310814e-05,54,1011741
09-180-00919,2021,9,2021_09,0.0028169264663584,0.0028169264663584,2850,1011741
09-180-00919,2021,10,2021_10,0.0335738098979877,0.0335738098979877,33968,1011741
09-180-00919,2022,8,2022_08,0.0043598114537218,0.0043598114537218,4411,1011741
09-180-00919,2022,9,2022_09,0.0317670233785128,0.0317670233785128,32140,1011741
09-180-00919,2022,10,2022_10,0.0432927004045501,0.0432927004045501,43801,1011741
09-180-00919,2023,7,2023_07,0.0011277589817947,0.0011277589817947,1141,1011741
09-180-00919,2023,8,2023_08,0.0,0.0,0,1011741
09-180-00919,2023,9,2023_09,0.0,0.0,0,1011741
09-180-00919,2024,7,2024_07,0.083537189853925,0.083537189853925,84518,1011741
09-180-00919,2024,8,2024_08,0.003726250097604,0.003726250097604,3770,1011741
09-180-00919,2024,9,2024_09,0.0078053572999413,0.0078053572999413,7897,1011741
09-180-00919,2024,10,2024_10,1.9767905027077087e-06,1.9767905027077087e-06,2,1011741
09-180-00919,2025,6,2025_06,0.0,0.0,0,1011787
09-180-00919,2025,7,2025_07,0.0,0.0,0,1011787
09-180-00919,2025,8,2025_08,0.0,0.0,0,1011787
09-180-00919,2025,9,2025_09,0.0,0.0,0,1011787
09-180-00919,2025,10,2025_10,0.0,0.0,0,1011787
09-180-00920,2021,6,2021_06,0.0019140002113016,0.0019140002113016,779,407001
09-180-00920,2021,7,2021_07,0.0,0.0,0,407001
09-180-00920,2021,8,2021_08,0.0045331583951882,0.0045331583951882,1845,407001
09-180-00920,2021,9,2021_09,0.0125036547821749,0.0125036547821749,5089,407001
09-180-00920,2021,10,2021_10,0.0498696563399107,0.0498696563399107,20297,407001
09-180-00920,2022,8,2022_08,0.0049533047830349,0.0049533047830349,2016,407001
09-180-00920,2022,9,2022_09,0.0194471266655364,0.0194471266655364,7915,407001
09-180-00920,2022,10,2022_10,0.0690145724457679,0.0690145724457679,28089,407001
09-180-00920,2023,7,2023_07,0.0,0.0,0,407001
09-180-00920,2023,8,2023_08,0.0,0.0,0,407001
09-180-00920,2023,9,2023_09,0.0,0.0,0,407001
09-180-00920,2024,7,2024_07,0.0744003085987503,0.0744003085987503,30281,407001
09-180-00920,2024,8,2024_08,0.0199016710032653,0.0199016710032653,8100,407001
09-180-00920,2024,9,2024_09,0.057282414539522,0.057282414539522,23314,407001
09-180-00920,2024,10,2024_10,0.0,0.0,0,407001
09-180-00920,2025,6,2025_06,0.0,0.0,0,406994
09-180-00920,2025,7,2025_07,0.0,0.0,0,406994
09-180-00920,2025,8,2025_08,0.0,0.0,0,406994
09-180-00920,2025,9,2025_09,0.0,0.0,0,406994
09-180-00920,2025,10,2025_10,0.0,0.0,0,406994
09-180-00921,2021,6,2021_06,0.0,0.0,0,372294
09-180-00921,2021,7,2021_07,0.0,0.0,0,372294
09-180-00921,2021,8,2021_08,0.0,0.0,0,372294
09-180-00921,2021,9,2021_09,0.0,0.0,0,372294
09-180-00921,2021,10,2021_10,0.0,0.0,0,372294
09-180-00921,2022,8,2022_08,0.0,0.0,0,372294
09-180-00921,2022,9,2022_09,0.0,0.0,0,372294
09-180-00921,2022,10,2022_10,0.0082810896764385,0.0082810896764385,3083,372294
09-180-00921,2023,7,2023_07,0.0,0.0,0,372294
09-180-00921,2023,8,2023_08,0.0,0.0,0,372294
09-180-00921,2023,9,2023_09,0.0,0.0,0,372294
09-180-00921,2024,7,2024_07,0.0590608497585241,0.0590608497585241,21988,372294
09-180-00921,2024,8,2024_08,0.0,0.0,0,372294
09-180-00921,2024,9,2024_09,0.0,0.0,0,372294
09-180-00921,2024,10,2024_10,0.0,0.0,0,372294
09-180-00921,2025,6,2025_06,0.0,0.0,0,372251
09-180-00921,2025,7,2025_07,0.0,0.0,0,372251
09-180-00921,2025,8,2025_08,0.0,0.0,0,372251
09-180-00921,2025,9,2025_09,0.0,0.0,0,372251
09-180-00921,2025,10,2025_10,0.0,0.0,0,372251
09-180-00922,2021,6,2021_06,0.002559826841739,0.002559826841739,1159,452765
09-180-00922,2021,7,2021_07,0.0,0.0,0,452765
09-180-00922,2021,8,2021_08,0.0069174958311706,0.0069174958311706,3132,452765
09-180-00922,2021,9,2021_09,0.0011308294589908,0.0011308294589908,512,452765
09-180-00922,2021,10,2021_10,0.0157543096308239,0.0157543096308239,7133,452765
09-180-00922,2022,8,2022_08,0.0066414144202842,0.0066414144202842,3007,452765
09-180-00922,2022,9,2022_09,0.0409196823959449,0.0409196823959449,18527,452765
09-180-00922,2022,10,2022_10,0.0548894017867988,0.0548894017867988,24852,452765
09-180-00922,2023,7,2023_07,0.0,0.0,0,452765
09-180-00922,2023,8,2023_08,0.0,0.0,0,452765
09-180-00922,2023,9,2023_09,0.0,0.0,0,452765
09-180-00922,2024,7,2024_07,0.032959703157267,0.032959703157267,14923,452765
09-180-00922,2024,8,2024_08,0.0079268494693715,0.0079268494693715,3589,452765
09-180-00922,2024,9,2024_09,0.0284650977880357,0.0284650977880357,12888,452765
09-180-00922,2024,10,2024_10,0.0,0.0,0,452765
09-180-00922,2025,6,2025_06,0.0,0.0,0,452797
09-180-00922,2025,7,2025_07,0.0,0.0,0,452797
09-180-00922,2025,8,2025_08,0.0,0.0,0,452797
09-180-00922,2025,9,2025_09,0.0,0.0,0,452797
09-180-00922,2025,10,2025_10,0.0,0.0,0,452797
09-181-00923,2021,6,2021_06,0.0,0.0,0,604889
09-181-00923,2021,7,2021_07,0.0,0.0,0,604889
09-181-00923,2021,8,2021_08,0.0,0.0,0,604889
09-181-00923,2021,9,2021_09,0.002350844535113,0.002350844535113,1422,604889
09-181-00923,2021,10,2021_10,0.0135231422624646,0.0135231422624646,8180,604889
09-181-00923,2022,8,2022_08,0.0066524602034422,0.0066524602034422,4024,604889
09-181-00923,2022,9,2022_09,0.0062375080386649,0.0062375080386649,3773,604889
09-181-00923,2022,10,2022_10,0.0389724395715577,0.0389724395715577,23574,604889
09-181-00923,2023,7,2023_07,0.0,0.0,0,604889
09-181-00923,2023,8,2023_08,0.0014531591746584,0.0014531591746584,879,604889
09-181-00923,2023,9,2023_09,0.0,0.0,0,604889
09-181-00923,2024,7,2024_07,0.1065534337704934,0.1065534337704934,64453,604889
09-181-00923,2024,8,2024_08,0.0228769245266486,0.0228769245266486,13838,604889
09-181-00923,2024,9,2024_09,0.0042966560807024,0.0042966560807024,2599,604889
09-181-00923,2024,10,2024_10,0.0,0.0,0,604889
09-181-00923,2025,6,2025_06,0.0,0.0,0,604855
09-181-00923,2025,7,2025_07,0.0,0.0,0,604855
09-181-00923,2025,8,2025_08,0.0,0.0,0,604855
09-181-00923,2025,9,2025_09,0.0,0.0,0,604855
09-181-00923,2025,10,2025_10,0.0,0.0,0,604855
09-181-00924,2021,6,2021_06,0.0,0.0,0,271108
09-181-00924,2021,7,2021_07,0.0,0.0,0,271108
09-181-00924,2021,8,2021_08,0.0,0.0,0,271108
09-181-00924,2021,9,2021_09,7.377133835962052e-06,7.377133835962052e-06,2,271108
09-181-00924,2021,10,2021_10,0.0083103412662112,0.0083103412662112,2253,271108
09-181-00924,2022,8,2022_08,0.0020582203402334,0.0020582203402334,558,271108
09-181-00924,2022,9,2022_09,0.0094980598138011,0.0094980598138011,2575,271108
09-181-00924,2022,10,2022_10,0.0237986337548135,0.0237986337548135,6452,271108
09-181-00924,2023,7,2023_07,0.0,0.0,0,271108
09-181-00924,2023,8,2023_08,0.0,0.0,0,271108
09-181-00924,2023,9,2023_09,0.0,0.0,0,271108
09-181-00924,2024,7,2024_07,0.1633223659943638,0.1633223659943638,44278,271108
09-181-00924,2024,8,2024_08,0.0085796066512238,0.0085796066512238,2326,271108
09-181-00924,2024,9,2024_09,0.0,0.0,0,271108
09-181-00924,2024,10,2024_10,0.0,0.0,0,271108
09-181-00924,2025,6,2025_06,0.0,0.0,0,271098
09-181-00924,2025,7,2025_07,0.0,0.0,0,271098
09-181-00924,2025,8,2025_08,0.0,0.0,0,271098
09-181-00924,2025,9,2025_09,0.0,0.0,0,271098
09-181-00924,2025,10,2025_10,0.0,0.0,0,271098
09-182-00925,2021,6,2021_06,0.0,0.0,0,485482
09-182-00925,2021,7,2021_07,0.0,0.0,0,485482
09-182-00925,2021,8,2021_08,0.0575531121648176,0.0575531121648176,27941,485482
09-182-00925,2021,9,2021_09,0.0412167701377188,0.0412167701377188,20010,485482
09-182-00925,2021,10,2021_10,0.0059734449474954,0.0059734449474954,2900,485482
09-182-00925,2022,8,2022_08,0.0049723779666393,0.0049723779666393,2414,485482
09-182-00925,2022,9,2022_09,0.0386852653651422,0.0386852653651422,18781,485482
09-182-00925,2022,10,2022_10,0.1265278630309671,0.1265278630309671,61427,485482
09-182-00925,2023,7,2023_07,0.0124597822370345,0.0124597822370345,6049,485482
09-182-00925,2023,8,2023_08,0.0029434664930934,0.0029434664930934,1429,485482
09-182-00925,2023,9,2023_09,0.0,0.0,0,485482
09-182-00925,2024,7,2024_07,0.0717946288430879,0.0717946288430879,34855,485482
09-182-00925,2024,8,2024_08,0.0462282844678072,0.0462282844678072,22443,485482
09-182-00925,2024,9,2024_09,0.0067376339390543,0.0067376339390543,3271,485482
09-182-00925,2024,10,2024_10,0.0049270621773824,0.0049270621773824,2392,485482
09-182-00925,2025,6,2025_06,0.0,0.0,0,485524
09-182-00925,2025,7,2025_07,0.0,0.0,0,485524
09-182-00925,2025,8,2025_08,0.0,0.0,0,485524
09-182-00925,2025,9,2025_09,0.0,0.0,0,485524
09-182-00925,2025,10,2025_10,0.0,0.0,0,485524
09-182-00926,2021,6,2021_06,0.0,0.0,0,694511
09-182-00926,2021,7,2021_07,0.0,0.0,0,694511
09-182-00926,2021,8,2021_08,0.0479675627887823,0.0479675627887823,33314,694511
09-182-00926,2021,9,2021_09,0.0428474135038897,0.0428474135038897,29758,694511
09-182-00926,2021,10,2021_10,0.0009863054724835,0.0009863054724835,685,694511
09-182-00926,2022,8,2022_08,0.0011950854630092,0.0011950854630092,830,694511
09-182-00926,2022,9,2022_09,0.0366560068882998,0.0366560068882998,25458,694511
09-182-00926,2022,10,2022_10,0.1392476145086255,0.1392476145086255,96709,694511
09-182-00926,2023,7,2023_07,0.0197333087596884,0.0197333087596884,13705,694511
09-182-00926,2023,8,2023_08,0.000688254037733,0.000688254037733,478,694511
09-182-00926,2023,9,2023_09,0.0,0.0,0,694511
09-182-00926,2024,7,2024_07,0.0646512438247918,0.0646512438247918,44901,694511
09-182-00926,2024,8,2024_08,0.0382254564722517,0.0382254564722517,26548,694511
09-182-00926,2024,9,2024_09,0.0015132949658104,0.0015132949658104,1051,694511
09-182-00926,2024,10,2024_10,0.0024650437502069,0.0024650437502069,1712,694511
09-182-00926,2025,6,2025_06,0.0,0.0,0,694526
09-182-00926,2025,7,2025_07,0.0,0.0,0,694526
09-182-00926,2025,8,2025_08,0.0,0.0,0,694526
09-182-00926,2025,9,2025_09,0.0,0.0,0,694526
09-182-00926,2025,10,2025_10,0.0,0.0,0,694526
09-182-00927,2021,6,2021_06,0.0,0.0,0,332992
09-182-00927,2021,7,2021_07,0.0,0.0,0,332992
09-182-00927,2021,8,2021_08,0.0943596242552373,0.0943596242552373,31421,332992
09-182-00927,2021,9,2021_09,0.076479314818374,0.076479314818374,25467,332992
09-182-00927,2021,10,2021_10,0.0085887949260042,0.0085887949260042,2860,332992
09-182-00927,2022,8,2022_08,3.9039976936382855e-05,3.9039976936382855e-05,13,332992
09-182-00927,2022,9,2022_09,0.0227933403805496,0.0227933403805496,7590,332992
09-182-00927,2022,10,2022_10,0.2098128483567173,0.2098128483567173,69866,332992
09-182-00927,2023,7,2023_07,0.00031532289064,0.00031532289064,105,332992
09-182-00927,2023,8,2023_08,0.0016036421295406,0.0016036421295406,534,332992
09-182-00927,2023,9,2023_09,0.0,0.0,0,332992
09-182-00927,2024,7,2024_07,0.0889510859119738,0.0889510859119738,29620,332992
09-182-00927,2024,8,2024_08,0.0653919613684412,0.0653919613684412,21775,332992
09-182-00927,2024,9,2024_09,0.0075647463002114,0.0075647463002114,2519,332992
09-182-00927,2024,10,2024_10,0.0080872813761291,0.0080872813761291,2693,332992
09-182-00927,2025,6,2025_06,0.0,0.0,0,332999
09-182-00927,2025,7,2025_07,0.0,0.0,0,332999
09-182-00927,2025,8,2025_08,0.0,0.0,0,332999
09-182-00927,2025,9,2025_09,0.0,0.0,0,332999
09-182-00927,2025,10,2025_10,0.0,0.0,0,332999
09-183-00928,2021,6,2021_06,0.0,0.0,0,527456
09-183-00928,2021,7,2021_07,0.0,0.0,0,527456
09-183-00928,2021,8,2021_08,0.0001914851665352,0.0001914851665352,101,527456
09-183-00928,2021,9,2021_09,0.0,0.0,0,527456
09-183-00928,2021,10,2021_10,0.0,0.0,0,527456
09-183-00928,2022,8,2022_08,0.0,0.0,0,527456
09-183-00928,2022,9,2022_09,0.0,0.0,0,527456
09-183-00928,2022,10,2022_10,0.0021006491536734,0.0021006491536734,1108,527456
09-183-00928,2023,7,2023_07,0.0,0.0,0,527456
09-183-00928,2023,8,2023_08,0.0,0.0,0,527456
09-183-00928,2023,9,2023_09,0.0,0.0,0,527456
09-183-00928,2024,7,2024_07,0.0264059940544803,0.0264059940544803,13928,527456
09-183-00928,2024,8,2024_08,0.0003791785475944,0.0003791785475944,200,527456
09-183-00928,2024,9,2024_09,0.0,0.0,0,527456
09-183-00928,2024,10,2024_10,1.8958927379724564e-06,1.8958927379724564e-06,1,527456
09-183-00928,2025,6,2025_06,0.0,0.0,0,527486
09-183-00928,2025,7,2025_07,0.0,0.0,0,527486
09-183-00928,2025,8,2025_08,0.0,0.0,0,527486
09-183-00928,2025,9,2025_09,0.0,0.0,0,527486
09-183-00928,2025,10,2025_10,0.0,0.0,0,527486
09-183-00929,2021,6,2021_06,0.0,0.0,0,463344
09-183-00929,2021,7,2021_07,0.0,0.0,0,463344
09-183-00929,2021,8,2021_08,0.0,0.0,0,463344
09-183-00929,2021,9,2021_09,0.0,0.0,0,463344
09-183-00929,2021,10,2021_10,0.0043315549570081,0.0043315549570081,2007,463344
09-183-00929,2022,8,2022_08,0.0,0.0,0,463344
09-183-00929,2022,9,2022_09,0.0018906039573189,0.0018906039573189,876,463344
09-183-00929,2022,10,2022_10,0.0198297593148934,0.0198297593148934,9188,463344
09-183-00929,2023,7,2023_07,0.0,0.0,0,463344
09-183-00929,2023,8,2023_08,0.0,0.0,0,463344
09-183-00929,2023,9,2023_09,0.0,0.0,0,463344
09-183-00929,2024,7,2024_07,0.008328585241203,0.008328585241203,3859,463344
09-183-00929,2024,8,2024_08,6.906315825822715e-05,6.906315825822715e-05,32,463344
09-183-00929,2024,9,2024_09,0.0031100003453157,0.0031100003453157,1441,463344
09-183-00929,2024,10,2024_10,0.0,0.0,0,463344
09-183-00929,2025,6,2025_06,0.0,0.0,0,463353
09-183-00929,2025,7,2025_07,0.0,0.0,0,463353
09-183-00929,2025,8,2025_08,0.0,0.0,0,463353
09-183-00929,2025,9,2025_09,0.0,0.0,0,463353
09-183-00929,2025,10,2025_10,0.0,0.0,0,463353
09-183-00930,2021,6,2021_06,0.0047337895351748,0.0047337895351748,2269,479320
09-183-00930,2021,7,2021_07,0.0,0.0,0,479320
09-183-00930,2021,8,2021_08,0.0060001669031127,0.0060001669031127,2876,479320
09-183-00930,2021,9,2021_09,0.0262788951013936,0.0262788951013936,12596,479320
09-183-00930,2021,10,2021_10,0.0802157222732204,0.0802157222732204,38449,479320
09-183-00930,2022,8,2022_08,0.0042455979304014,0.0042455979304014,2035,479320
09-183-00930,2022,9,2022_09,0.0238462822331636,0.0238462822331636,11430,479320
09-183-00930,2022,10,2022_10,0.1567825252440958,0.1567825252440958,75149,479320
09-183-00930,2023,7,2023_07,0.0,0.0,0,479320
09-183-00930,2023,8,2023_08,0.0,0.0,0,479320
09-183-00930,2023,9,2023_09,0.0,0.0,0,479320
09-183-00930,2024,7,2024_07,0.0204623216222982,0.0204623216222982,9808,479320
09-183-00930,2024,8,2024_08,0.0024785112242343,0.0024785112242343,1188,479320
09-183-00930,2024,9,2024_09,0.0073541684052407,0.0073541684052407,3525,479320
09-183-00930,2024,10,2024_10,0.0002524409580238,0.0002524409580238,121,479320
09-183-00930,2025,6,2025_06,0.0,0.0,0,479267
09-183-00930,2025,7,2025_07,0.0,0.0,0,479267
09-183-00930,2025,8,2025_08,0.0,0.0,0,479267
09-183-00930,2025,9,2025_09,0.0,0.0,0,479267
09-183-00930,2025,10,2025_10,0.0,0.0,0,479267
09-183-00931,2021,6,2021_06,0.0,0.0,0,325656
09-183-00931,2021,7,2021_07,0.0,0.0,0,325656
09-183-00931,2021,8,2021_08,0.0082909573292062,0.0082909573292062,2700,325656
09-183-00931,2021,9,2021_09,0.0052202323924632,0.0052202323924632,1700,325656
09-183-00931,2021,10,2021_10,0.0,0.0,0,325656
09-183-00931,2022,8,2022_08,0.0,0.0,0,325656
09-183-00931,2022,9,2022_09,0.0,0.0,0,325656
09-183-00931,2022,10,2022_10,0.0026960964944604,0.0026960964944604,878,325656
09-183-00931,2023,7,2023_07,0.0,0.0,0,325656
09-183-00931,2023,8,2023_08,0.0001351118972166,0.0001351118972166,44,325656
09-183-00931,2023,9,2023_09,0.0,0.0,0,325656
09-183-00931,2024,7,2024_07,0.0263222541577615,0.0263222541577615,8572,325656
09-183-00931,2024,8,2024_08,0.0096789250006141,0.0096789250006141,3152,325656
09-183-00931,2024,9,2024_09,0.0011423096764684,0.0011423096764684,372,325656
09-183-00931,2024,10,2024_10,0.001756454663817,0.001756454663817,572,325656
09-183-00931,2025,6,2025_06,0.0,0.0,0,325615
09-183-00931,2025,7,2025_07,0.0,0.0,0,325615
09-183-00931,2025,8,2025_08,0.0,0.0,0,325615
09-183-00931,2025,9,2025_09,0.0,0.0,0,325615
09-183-00931,2025,10,2025_10,0.0,0.0,0,325615
09-184-00932,2021,6,2021_06,0.0,0.0,0,234600
09-184-00932,2021,7,2021_07,0.000545609548167,0.000545609548167,128,234600
09-184-00932,2021,8,2021_08,0.0237127024722932,0.0237127024722932,5563,234600
09-184-00932,2021,9,2021_09,0.0689173060528559,0.0689173060528559,16168,234600
09-184-00932,2021,10,2021_10,0.0,0.0,0,234600
09-184-00932,2022,8,2022_08,0.0,0.0,0,234600
09-184-00932,2022,9,2022_09,0.0398337595907928,0.0398337595907928,9345,234600
09-184-00932,2022,10,2022_10,0.24307757885763,0.24307757885763,57026,234600
09-184-00932,2023,7,2023_07,0.0,0.0,0,234600
09-184-00932,2023,8,2023_08,0.0247101449275362,0.0247101449275362,5797,234600
09-184-00932,2023,9,2023_09,0.0,0.0,0,234600
09-184-00932,2024,7,2024_07,0.1738022165387894,0.1738022165387894,40774,234600
09-184-00932,2024,8,2024_08,0.1045907928388746,0.1045907928388746,24537,234600
09-184-00932,2024,9,2024_09,0.0023998294970161,0.0023998294970161,563,234600
09-184-00932,2024,10,2024_10,0.1007033248081841,0.1007033248081841,23625,234600
09-184-00932,2025,6,2025_06,0.0,0.0,0,234615
09-184-00932,2025,7,2025_07,0.0,0.0,0,234615
09-184-00932,2025,8,2025_08,0.0,0.0,0,234615
09-184-00932,2025,9,2025_09,0.0,0.0,0,234615
09-184-00932,2025,10,2025_10,0.0,0.0,0,234615
09-184-00933,2021,6,2021_06,0.0420505389377826,0.0420505389377826,12246,291221
09-184-00933,2021,7,2021_07,0.0054597711016719,0.0054597711016719,1590,291221
09-184-00933,2021,8,2021_08,0.1755093210997833,0.1755093210997833,51112,291221
09-184-00933,2021,9,2021_09,0.2157880097932498,0.2157880097932498,62842,291221
09-184-00933,2021,10,2021_10,0.0,0.0,0,291221
09-184-00933,2022,8,2022_08,0.0,0.0,0,291221
09-184-00933,2022,9,2022_09,0.0210699091068295,0.0210699091068295,6136,291221
09-184-00933,2022,10,2022_10,0.231696889990763,0.231696889990763,67475,291221
09-184-00933,2023,7,2023_07,0.0,0.0,0,291221
09-184-00933,2023,8,2023_08,0.0355571885269262,0.0355571885269262,10355,291221
09-184-00933,2023,9,2023_09,0.0,0.0,0,291221
09-184-00933,2024,7,2024_07,0.05650348017485,0.05650348017485,16455,291221
09-184-00933,2024,8,2024_08,0.1444332654581915,0.1444332654581915,42062,291221
09-184-00933,2024,9,2024_09,0.0094945076076244,0.0094945076076244,2765,291221
09-184-00933,2024,10,2024_10,0.1604829322061252,0.1604829322061252,46736,291221
09-184-00933,2025,6,2025_06,0.0,0.0,0,291228
09-184-00933,2025,7,2025_07,0.0,0.0,0,291228
09-184-00933,2025,8,2025_08,0.0,0.0,0,291228
09-184-00933,2025,9,2025_09,0.0,0.0,0,291228
09-184-00933,2025,10,2025_10,0.0,0.0,0,291228
09-184-00934,2021,6,2021_06,0.0,0.0,0,289370
09-184-00934,2021,7,2021_07,0.0,0.0,0,289370
09-184-00934,2021,8,2021_08,0.1261153540449943,0.1261153540449943,36494,289370
09-184-00934,2021,9,2021_09,0.1383453709783322,0.1383453709783322,40033,289370
09-184-00934,2021,10,2021_10,0.0,0.0,0,289370
09-184-00934,2022,8,2022_08,0.0,0.0,0,289370
09-184-00934,2022,9,2022_09,0.03065970902305,0.03065970902305,8872,289370
09-184-00934,2022,10,2022_10,0.2122542074161108,0.2122542074161108,61420,289370
09-184-00934,2023,7,2023_07,0.0,0.0,0,289370
09-184-00934,2023,8,2023_08,0.0050696340325534,0.0050696340325534,1467,289370
09-184-00934,2023,9,2023_09,0.0,0.0,0,289370
09-184-00934,2024,7,2024_07,0.1621937312091785,0.1621937312091785,46934,289370
09-184-00934,2024,8,2024_08,0.0767460344887168,0.0767460344887168,22208,289370
09-184-00934,2024,9,2024_09,0.0250613401527456,0.0250613401527456,7252,289370
09-184-00934,2024,10,2024_10,0.0580709817880222,0.0580709817880222,16804,289370
09-184-00934,2025,6,2025_06,0.0,0.0,0,289374
09-184-00934,2025,7,2025_07,0.0,0.0,0,289374
09-184-00934,2025,8,2025_08,0.0,0.0,0,289374
09-184-00934,2025,9,2025_09,0.0,0.0,0,289374
09-184-00934,2025,10,2025_10,0.0,0.0,0,289374
09-184-00935,2021,6,2021_06,0.0,0.0,0,264747
09-184-00935,2021,7,2021_07,0.0,0.0,0,264747
09-184-00935,2021,8,2021_08,0.1023618775661291,0.1023618775661291,27100,264747
09-184-00935,2021,9,2021_09,0.1011154045182759,0.1011154045182759,26770,264747
09-184-00935,2021,10,2021_10,0.0004381541622756,0.0004381541622756,116,264747
09-184-00935,2022,8,2022_08,0.0,0.0,0,264747
09-184-00935,2022,9,2022_09,0.037847454362089,0.037847454362089,10020,264747
09-184-00935,2022,10,2022_10,0.2459215779593347,0.2459215779593347,65107,264747
09-184-00935,2023,7,2023_07,0.0,0.0,0,264747
09-184-00935,2023,8,2023_08,0.0003626103411936,0.0003626103411936,96,264747
09-184-00935,2023,9,2023_09,0.0,0.0,0,264747
09-184-00935,2024,7,2024_07,0.2678934983210386,0.2678934983210386,70924,264747
09-184-00935,2024,8,2024_08,0.1389326413519322,0.1389326413519322,36782,264747
09-184-00935,2024,9,2024_09,0.0067989438973812,0.0067989438973812,1800,264747
09-184-00935,2024,10,2024_10,0.0486200032483843,0.0486200032483843,12872,264747
09-184-00935,2025,6,2025_06,0.0,0.0,0,264790
09-184-00935,2025,7,2025_07,0.0,0.0,0,264790
09-184-00935,2025,8,2025_08,0.0,0.0,0,264790
09-184-00935,2025,9,2025_09,0.0,0.0,0,264790
09-184-00935,2025,10,2025_10,0.0,0.0,0,264790
09-184-00936,2021,6,2021_06,0.0,0.0,0,228406
09-184-00936,2021,7,2021_07,0.0,0.0,0,228406
09-184-00936,2021,8,2021_08,0.1859276901657574,0.1859276901657574,42467,228406
09-184-00936,2021,9,2021_09,0.1552761310998835,0.1552761310998835,35466,228406
09-184-00936,2021,10,2021_10,0.0080164268889608,0.0080164268889608,1831,228406
09-184-00936,2022,8,2022_08,0.0,0.0,0,228406
09-184-00936,2022,9,2022_09,0.0487859338196019,0.0487859338196019,11143,228406
09-184-00936,2022,10,2022_10,0.2711224748912025,0.2711224748912025,61926,228406
09-184-00936,2023,7,2023_07,0.0,0.0,0,228406
09-184-00936,2023,8,2023_08,0.0011733492114918,0.0011733492114918,268,228406
09-184-00936,2023,9,2023_09,0.0,0.0,0,228406
09-184-00936,2024,7,2024_07,0.2543015507473534,0.2543015507473534,58084,228406
09-184-00936,2024,8,2024_08,0.1883444392879346,0.1883444392879346,43019,228406
09-184-00936,2024,9,2024_09,0.0177797430890607,0.0177797430890607,4061,228406
09-184-00936,2024,10,2024_10,0.0169610255422361,0.0169610255422361,3874,228406
09-184-00936,2025,6,2025_06,0.0,0.0,0,228359
09-184-00936,2025,7,2025_07,0.0,0.0,0,228359
09-184-00936,2025,8,2025_08,0.0,0.0,0,228359
09-184-00936,2025,9,2025_09,0.0,0.0,0,228359
09-184-00936,2025,10,2025_10,0.0,0.0,0,228359
09-185-00937,2021,6,2021_06,0.0,0.0,0,194814
09-185-00937,2021,7,2021_07,0.0,0.0,0,194814
09-185-00937,2021,8,2021_08,0.0267229254571026,0.0267229254571026,5206,194814
09-185-00937,2021,9,2021_09,0.023632798464176,0.023632798464176,4604,194814
09-185-00937,2021,10,2021_10,0.0,0.0,0,194814
09-185-00937,2022,8,2022_08,0.0,0.0,0,194814
09-185-00937,2022,9,2022_09,0.0,0.0,0,194814
09-185-00937,2022,10,2022_10,0.0169084357387046,0.0169084357387046,3294,194814
09-185-00937,2023,7,2023_07,0.0,0.0,0,194814
09-185-00937,2023,8,2023_08,0.0018325171702239,0.0018325171702239,357,194814
09-185-00937,2023,9,2023_09,0.0,0.0,0,194814
09-185-00937,2024,7,2024_07,0.0771248472902358,0.0771248472902358,15025,194814
09-185-00937,2024,8,2024_08,0.0120781873992628,0.0120781873992628,2353,194814
09-185-00937,2024,9,2024_09,0.0006467707659613,0.0006467707659613,126,194814
09-185-00937,2024,10,2024_10,0.0201833543790487,0.0201833543790487,3932,194814
09-185-00937,2025,6,2025_06,0.0,0.0,0,194879
09-185-00937,2025,7,2025_07,0.0,0.0,0,194879
09-185-00937,2025,8,2025_08,0.0,0.0,0,194879
09-185-00937,2025,9,2025_09,0.0,0.0,0,194879
09-185-00937,2025,10,2025_10,0.0,0.0,0,194879
09-185-00938,2021,6,2021_06,0.0056102816276533,0.0056102816276533,3174,565747
09-185-00938,2021,7,2021_07,0.0,0.0,0,565747
09-185-00938,2021,8,2021_08,0.0136262322204094,0.0136262322204094,7709,565747
09-185-00938,2021,9,2021_09,0.0150791785020512,0.0150791785020512,8531,565747
09-185-00938,2021,10,2021_10,0.0292339155134715,0.0292339155134715,16539,565747
09-185-00938,2022,8,2022_08,8.837872759378309e-06,8.837872759378309e-06,5,565747
09-185-00938,2022,9,2022_09,0.0077631874318379,0.0077631874318379,4392,565747
09-185-00938,2022,10,2022_10,0.0765536538417349,0.0765536538417349,43310,565747
09-185-00938,2023,7,2023_07,0.0,0.0,0,565747
09-185-00938,2023,8,2023_08,0.0119169876287457,0.0119169876287457,6742,565747
09-185-00938,2023,9,2023_09,0.0,0.0,0,565747
09-185-00938,2024,7,2024_07,0.0267699165881568,0.0267699165881568,15145,565747
09-185-00938,2024,8,2024_08,0.0169457372288319,0.0169457372288319,9587,565747
09-185-00938,2024,9,2024_09,0.0022731008737121,0.0022731008737121,1286,565747
09-185-00938,2024,10,2024_10,0.006168835186046,0.006168835186046,3490,565747
09-185-00938,2025,6,2025_06,0.0,0.0,0,565742
09-185-00938,2025,7,2025_07,0.0,0.0,0,565742
09-185-00938,2025,8,2025_08,0.0,0.0,0,565742
09-185-00938,2025,9,2025_09,0.0,0.0,0,565742
09-185-00938,2025,10,2025_10,0.0,0.0,0,565742
09-185-00939,2021,6,2021_06,0.0036391515726056,0.0036391515726056,1405,386079
09-185-00939,2021,7,2021_07,0.0,0.0,0,386079
09-185-00939,2021,8,2021_08,0.0324493173676889,0.0324493173676889,12528,386079
09-185-00939,2021,9,2021_09,0.0362671888395898,0.0362671888395898,14002,386079
09-185-00939,2021,10,2021_10,0.0300715656640221,0.0300715656640221,11610,386079
09-185-00939,2022,8,2022_08,0.0,0.0,0,386079
09-185-00939,2022,9,2022_09,0.0015204142157434,0.0015204142157434,587,386079
09-185-00939,2022,10,2022_10,0.0722339210368862,0.0722339210368862,27888,386079
09-185-00939,2023,7,2023_07,0.0,0.0,0,386079
09-185-00939,2023,8,2023_08,0.014204346778768,0.014204346778768,5484,386079
09-185-00939,2023,9,2023_09,0.0,0.0,0,386079
09-185-00939,2024,7,2024_07,0.0481041444885632,0.0481041444885632,18572,386079
09-185-00939,2024,8,2024_08,0.020635673009928,0.020635673009928,7967,386079
09-185-00939,2024,9,2024_09,0.0034759725341186,0.0034759725341186,1342,386079
09-185-00939,2024,10,2024_10,0.0182475607323889,0.0182475607323889,7045,386079
09-185-00939,2025,6,2025_06,0.0,0.0,0,386073
09-185-00939,2025,7,2025_07,0.0,0.0,0,386073
09-185-00939,2025,8,2025_08,0.0,0.0,0,386073
09-185-00939,2025,9,2025_09,0.0,0.0,0,386073
09-185-00939,2025,10,2025_10,0.0,0.0,0,386073
09-185-00940,2021,6,2021_06,0.0,0.0,0,106837
09-185-00940,2021,7,2021_07,0.0,0.0,0,106837
09-185-00940,2021,8,2021_08,0.0374963729793985,0.0374963729793985,4006,106837
09-185-00940,2021,9,2021_09,0.0124488707095856,0.0124488707095856,1330,106837
09-185-00940,2021,10,2021_10,0.0,0.0,0,106837
09-185-00940,2022,8,2022_08,0.0,0.0,0,106837
09-185-00940,2022,9,2022_09,0.0,0.0,0,106837
09-185-00940,2022,10,2022_10,0.0227449291911978,0.0227449291911978,2430,106837
09-185-00940,2023,7,2023_07,0.0,0.0,0,106837
09-185-00940,2023,8,2023_08,0.0014882484532512,0.0014882484532512,159,106837
09-185-00940,2023,9,2023_09,0.0,0.0,0,106837
09-185-00940,2024,7,2024_07,0.0965115081853665,0.0965115081853665,10311,106837
09-185-00940,2024,8,2024_08,0.0012168069114632,0.0012168069114632,130,106837
09-185-00940,2024,9,2024_09,0.0,0.0,0,106837
09-185-00940,2024,10,2024_10,0.0053165101977779,0.0053165101977779,568,106837
09-185-00940,2025,6,2025_06,0.0,0.0,0,106788
09-185-00940,2025,7,2025_07,0.0,0.0,0,106788
09-185-00940,2025,8,2025_08,0.0,0.0,0,106788
09-185-00940,2025,9,2025_09,0.0,0.0,0,106788
09-185-00940,2025,10,2025_10,0.0,0.0,0,106788
09-186-00941,2021,6,2021_06,0.0,0.0,0,214723
09-186-00941,2021,7,2021_07,0.0221774099653972,0.0221774099653972,4762,214723
09-186-00941,2021,8,2021_08,0.1658788299343805,0.1658788299343805,35618,214723
09-186-00941,2021,9,2021_09,0.1795755461687849,0.1795755461687849,38559,214723
09-186-00941,2021,10,2021_10,0.0099849573636731,0.0099849573636731,2144,214723
09-186-00941,2022,8,2022_08,0.0,0.0,0,214723
09-186-00941,2022,9,2022_09,0.0055094237692282,0.0055094237692282,1183,214723
09-186-00941,2022,10,2022_10,0.1656646004387047,0.1656646004387047,35572,214723
09-186-00941,2023,7,2023_07,0.0,0.0,0,214723
09-186-00941,2023,8,2023_08,0.0233230720509679,0.0233230720509679,5008,214723
09-186-00941,2023,9,2023_09,0.0,0.0,0,214723
09-186-00941,2024,7,2024_07,0.0586802531633779,0.0586802531633779,12600,214723
09-186-00941,2024,8,2024_08,0.0214043209157845,0.0214043209157845,4596,214723
09-186-00941,2024,9,2024_09,0.0,0.0,0,214723
09-186-00941,2024,10,2024_10,0.0625922700409364,0.0625922700409364,13440,214723
09-186-00941,2025,6,2025_06,0.0,0.0,0,214700
09-186-00941,2025,7,2025_07,0.0,0.0,0,214700
09-186-00941,2025,8,2025_08,0.0,0.0,0,214700
09-186-00941,2025,9,2025_09,0.0,0.0,0,214700
09-186-00941,2025,10,2025_10,0.0,0.0,0,214700
09-186-00942,2021,6,2021_06,1.5202940248644088e-05,1.5202940248644088e-05,4,263107
09-186-00942,2021,7,2021_07,0.0070389613351222,0.0070389613351222,1852,263107
09-186-00942,2021,8,2021_08,0.068523452435701,0.068523452435701,18029,263107
09-186-00942,2021,9,2021_09,0.067744301747958,0.067744301747958,17824,263107
09-186-00942,2021,10,2021_10,0.0055794790712523,0.0055794790712523,1468,263107
09-186-00942,2022,8,2022_08,0.0,0.0,0,263107
09-186-00942,2022,9,2022_09,0.0120407286769261,0.0120407286769261,3168,263107
09-186-00942,2022,10,2022_10,0.057216265625772,0.057216265625772,15054,263107
09-186-00942,2023,7,2023_07,0.0,0.0,0,263107
09-186-00942,2023,8,2023_08,0.0217782119061826,0.0217782119061826,5730,263107
09-186-00942,2023,9,2023_09,0.0,0.0,0,263107
09-186-00942,2024,7,2024_07,0.0406526622248742,0.0406526622248742,10696,263107
09-186-00942,2024,8,2024_08,0.0115086257682235,0.0115086257682235,3028,263107
09-186-00942,2024,9,2024_09,0.0,0.0,0,263107
09-186-00942,2024,10,2024_10,0.034438460398241,0.034438460398241,9061,263107
09-186-00942,2025,6,2025_06,0.0,0.0,0,263091
09-186-00942,2025,7,2025_07,0.0,0.0,0,263091
09-186-00942,2025,8,2025_08,0.0,0.0,0,263091
09-186-00942,2025,9,2025_09,0.0,0.0,0,263091
09-186-00942,2025,10,2025_10,0.0,0.0,0,263091
09-186-00943,2021,6,2021_06,3.069143977380409e-05,3.069143977380409e-05,8,260659
09-186-00943,2021,7,2021_07,0.0143444116642816,0.0143444116642816,3739,260659
09-186-00943,2021,8,2021_08,0.0591078765743749,0.0591078765743749,15407,260659
09-186-00943,2021,9,2021_09,0.0544696327385588,0.0544696327385588,14198,260659
09-186-00943,2021,10,2021_10,0.0535603988352598,0.0535603988352598,13961,260659
09-186-00943,2022,8,2022_08,0.0,0.0,0,260659
09-186-00943,2022,9,2022_09,0.0262526902965176,0.0262526902965176,6843,260659
09-186-00943,2022,10,2022_10,0.1154535235691075,0.1154535235691075,30094,260659
09-186-00943,2023,7,2023_07,0.0,0.0,0,260659
09-186-00943,2023,8,2023_08,0.0602204412661753,0.0602204412661753,15697,260659
09-186-00943,2023,9,2023_09,0.0,0.0,0,260659
09-186-00943,2024,7,2024_07,0.0710238280665543,0.0710238280665543,18513,260659
09-186-00943,2024,8,2024_08,0.0685339850149045,0.0685339850149045,17864,260659
09-186-00943,2024,9,2024_09,0.0489528464392175,0.0489528464392175,12760,260659
09-186-00943,2024,10,2024_10,0.0125566352974575,0.0125566352974575,3273,260659
09-186-00943,2025,6,2025_06,0.0,0.0,0,260717
09-186-00943,2025,7,2025_07,0.0,0.0,0,260717
09-186-00943,2025,8,2025_08,0.0,0.0,0,260717
09-186-00943,2025,9,2025_09,0.0,0.0,0,260717
09-186-00943,2025,10,2025_10,0.0,0.0,0,260717
09-187-00944,2021,6,2021_06,0.1332644317121384,0.1332644317121384,39843,298977
09-187-00944,2021,7,2021_07,0.0435518451252103,0.0435518451252103,13021,298977
09-187-00944,2021,8,2021_08,0.1529348411416262,0.1529348411416262,45724,298977
09-187-00944,2021,9,2021_09,0.0574826826143817,0.0574826826143817,17186,298977
09-187-00944,2021,10,2021_10,0.0,0.0,0,298977
09-187-00944,2022,8,2022_08,0.0002876475447944,0.0002876475447944,86,298977
09-187-00944,2022,9,2022_09,0.0043983316442401,0.0043983316442401,1315,298977
09-187-00944,2022,10,2022_10,0.0111848068580526,0.0111848068580526,3344,298977
09-187-00944,2023,7,2023_07,0.0,0.0,0,298977
09-187-00944,2023,8,2023_08,0.0,0.0,0,298977
09-187-00944,2023,9,2023_09,0.0,0.0,0,298977
09-187-00944,2024,7,2024_07,0.0161149519862731,0.0161149519862731,4818,298977
09-187-00944,2024,8,2024_08,0.0046558765389979,0.0046558765389979,1392,298977
09-187-00944,2024,9,2024_09,0.0029534044424821,0.0029534044424821,883,298977
09-187-00944,2024,10,2024_10,0.0073450466089364,0.0073450466089364,2196,298977
09-187-00944,2025,6,2025_06,0.0,0.0,0,299009
09-187-00944,2025,7,2025_07,0.0,0.0,0,299009
09-187-00944,2025,8,2025_08,0.0,0.0,0,299009
09-187-00944,2025,9,2025_09,0.0,0.0,0,299009
09-187-00944,2025,10,2025_10,0.0,0.0,0,299009
09-187-00945,2021,6,2021_06,0.0789084464391587,0.0789084464391587,24755,313718
09-187-00945,2021,7,2021_07,0.0129319962514105,0.0129319962514105,4057,313718
09-187-00945,2021,8,2021_08,0.0663462090157402,0.0663462090157402,20814,313718
09-187-00945,2021,9,2021_09,0.0208754359010321,0.0208754359010321,6549,313718
09-187-00945,2021,10,2021_10,0.0051766235918882,0.0051766235918882,1624,313718
09-187-00945,2022,8,2022_08,0.0,0.0,0,313718
09-187-00945,2022,9,2022_09,0.0021611765980912,0.0021611765980912,678,313718
09-187-00945,2022,10,2022_10,0.0012622801369382,0.0012622801369382,396,313718
09-187-00945,2023,7,2023_07,0.0,0.0,0,313718
09-187-00945,2023,8,2023_08,0.0,0.0,0,313718
09-187-00945,2023,9,2023_09,0.0,0.0,0,313718
09-187-00945,2024,7,2024_07,0.0073441753421862,0.0073441753421862,2304,313718
09-187-00945,2024,8,2024_08,0.0021452387175743,0.0021452387175743,673,313718
09-187-00945,2024,9,2024_09,0.0057280742577729,0.0057280742577729,1797,313718
09-187-00945,2024,10,2024_10,0.0,0.0,0,313718
09-187-00945,2025,6,2025_06,0.0,0.0,0,313730
09-187-00945,2025,7,2025_07,0.0,0.0,0,313730
09-187-00945,2025,8,2025_08,0.0,0.0,0,313730
09-187-00945,2025,9,2025_09,0.0,0.0,0,313730
09-187-00945,2025,10,2025_10,0.0,0.0,0,313730
09-187-00946,2021,6,2021_06,0.067236091885468,0.067236091885468,15106,224671
09-187-00946,2021,7,2021_07,0.0246093176244375,0.0246093176244375,5529,224671
09-187-00946,2021,8,2021_08,0.0717449069973427,0.0717449069973427,16119,224671
09-187-00946,2021,9,2021_09,0.0827788188061654,0.0827788188061654,18598,224671
09-187-00946,2021,10,2021_10,0.0012195610470421,0.0012195610470421,274,224671
09-187-00946,2022,8,2022_08,0.0,0.0,0,224671
09-187-00946,2022,9,2022_09,0.0054257113735195,0.0054257113735195,1219,224671
09-187-00946,2022,10,2022_10,0.1171090171851284,0.1171090171851284,26311,224671
09-187-00946,2023,7,2023_07,0.0,0.0,0,224671
09-187-00946,2023,8,2023_08,0.0146169287535997,0.0146169287535997,3284,224671
09-187-00946,2023,9,2023_09,0.0,0.0,0,224671
09-187-00946,2024,7,2024_07,0.0393063635271129,0.0393063635271129,8831,224671
09-187-00946,2024,8,2024_08,0.0457557940277116,0.0457557940277116,10280,224671
09-187-00946,2024,9,2024_09,0.0048381856136305,0.0048381856136305,1087,224671
09-187-00946,2024,10,2024_10,0.041113450334044,0.041113450334044,9237,224671
09-187-00946,2025,6,2025_06,0.0,0.0,0,224683
09-187-00946,2025,7,2025_07,0.0,0.0,0,224683
09-187-00946,2025,8,2025_08,0.0,0.0,0,224683
09-187-00946,2025,9,2025_09,0.0,0.0,0,224683
09-187-00946,2025,10,2025_10,0.0,0.0,0,224683
09-187-00947,2021,6,2021_06,0.1449445600572283,0.1449445600572283,71322,492064
09-187-00947,2021,7,2021_07,0.0236432659166287,0.0236432659166287,11634,492064
09-187-00947,2021,8,2021_08,0.0346438674643948,0.0346438674643948,17047,492064
09-187-00947,2021,9,2021_09,0.0182516908369642,0.0182516908369642,8981,492064
09-187-00947,2021,10,2021_10,0.0,0.0,0,492064
09-187-00947,2022,8,2022_08,1.8290303700331664e-05,1.8290303700331664e-05,9,492064
09-187-00947,2022,9,2022_09,0.0016725466605969,0.0016725466605969,823,492064
09-187-00947,2022,10,2022_10,0.0152419197502763,0.0152419197502763,7500,492064
09-187-00947,2023,7,2023_07,0.0,0.0,0,492064
09-187-00947,2023,8,2023_08,0.0002459029719711,0.0002459029719711,121,492064
09-187-00947,2023,9,2023_09,0.0,0.0,0,492064
09-187-00947,2024,7,2024_07,0.1158975255251349,0.1158975255251349,57029,492064
09-187-00947,2024,8,2024_08,0.0091329583143656,0.0091329583143656,4494,492064
09-187-00947,2024,9,2024_09,0.0001605482213695,0.0001605482213695,79,492064
09-187-00947,2024,10,2024_10,0.0062451225856799,0.0062451225856799,3073,492064
09-187-00947,2025,6,2025_06,0.0,0.0,0,492106
09-187-00947,2025,7,2025_07,0.0,0.0,0,492106
09-187-00947,2025,8,2025_08,0.0,0.0,0,492106
09-187-00947,2025,9,2025_09,0.0,0.0,0,492106
09-187-00947,2025,10,2025_10,0.0,0.0,0,492106
09-188-00948,2021,6,2021_06,0.0255898009613847,0.0255898009613847,4163,162682
09-188-00948,2021,7,2021_07,0.0619306376857919,0.0619306376857919,10075,162682
09-188-00948,2021,8,2021_08,0.1366592493330546,0.1366592493330546,22232,162682
09-188-00948,2021,9,2021_09,0.1852509804403683,0.1852509804403683,30137,162682
09-188-00948,2021,10,2021_10,0.0094601738360728,0.0094601738360728,1539,162682
09-188-00948,2022,8,2022_08,0.0,0.0,0,162682
09-188-00948,2022,9,2022_09,0.025571360076714,0.025571360076714,4160,162682
09-188-00948,2022,10,2022_10,0.1790056674985554,0.1790056674985554,29121,162682
09-188-00948,2023,7,2023_07,0.0,0.0,0,162682
09-188-00948,2023,8,2023_08,0.0209795797937079,0.0209795797937079,3413,162682
09-188-00948,2023,9,2023_09,0.0,0.0,0,162682
09-188-00948,2024,7,2024_07,0.0714645750605475,0.0714645750605475,11626,162682
09-188-00948,2024,8,2024_08,0.0669158235084397,0.0669158235084397,10886,162682
09-188-00948,2024,9,2024_09,0.0129946767312917,0.0129946767312917,2114,162682
09-188-00948,2024,10,2024_10,0.0795048007769759,0.0795048007769759,12934,162682
09-188-00948,2025,6,2025_06,0.0,0.0,0,162644
09-188-00948,2025,7,2025_07,0.0,0.0,0,162644
09-188-00948,2025,8,2025_08,0.0,0.0,0,162644
09-188-00948,2025,9,2025_09,0.0,0.0,0,162644
09-188-00948,2025,10,2025_10,0.0,0.0,0,162644
09-188-00949,2021,6,2021_06,0.0098520586630724,0.0098520586630724,1535,155805
09-188-00949,2021,7,2021_07,0.090613266583229,0.090613266583229,14118,155805
09-188-00949,2021,8,2021_08,0.308552357113058,0.308552357113058,48074,155805
09-188-00949,2021,9,2021_09,0.4236898687461891,0.4236898687461891,66013,155805
09-188-00949,2021,10,2021_10,0.0173935367927858,0.0173935367927858,2710,155805
09-188-00949,2022,8,2022_08,0.0,0.0,0,155805
09-188-00949,2022,9,2022_09,0.0745290587593466,0.0745290587593466,11612,155805
09-188-00949,2022,10,2022_10,0.3543018516735663,0.3543018516735663,55202,155805
09-188-00949,2023,7,2023_07,0.0,0.0,0,155805
09-188-00949,2023,8,2023_08,0.0818715702320208,0.0818715702320208,12756,155805
09-188-00949,2023,9,2023_09,0.0,0.0,0,155805
09-188-00949,2024,7,2024_07,0.127736593819197,0.127736593819197,19902,155805
09-188-00949,2024,8,2024_08,0.1156573922531369,0.1156573922531369,18020,155805
09-188-00949,2024,9,2024_09,0.0091588845030647,0.0091588845030647,1427,155805
09-188-00949,2024,10,2024_10,0.2148069702512756,0.2148069702512756,33468,155805
09-188-00949,2025,6,2025_06,0.0,0.0,0,155796
09-188-00949,2025,7,2025_07,0.0,0.0,0,155796
09-188-00949,2025,8,2025_08,0.0,0.0,0,155796
09-188-00949,2025,9,2025_09,0.0,0.0,0,155796
09-188-00949,2025,10,2025_10,0.0,0.0,0,155796
09-188-00950,2021,6,2021_06,0.0304988123515439,0.0304988123515439,11556,378900
09-188-00950,2021,7,2021_07,0.0708366323568223,0.0708366323568223,26840,378900
09-188-00950,2021,8,2021_08,0.1937001847453154,0.1937001847453154,73393,378900
09-188-00950,2021,9,2021_09,0.2749458960147796,0.2749458960147796,104177,378900
09-188-00950,2021,10,2021_10,0.0168804433887569,0.0168804433887569,6396,378900
09-188-00950,2022,8,2022_08,0.0,0.0,0,378900
09-188-00950,2022,9,2022_09,0.0374003694906307,0.0374003694906307,14171,378900
09-188-00950,2022,10,2022_10,0.2016864608076009,0.2016864608076009,76419,378900
09-188-00950,2023,7,2023_07,0.0,0.0,0,378900
09-188-00950,2023,8,2023_08,0.0388783320137239,0.0388783320137239,14731,378900
09-188-00950,2023,9,2023_09,0.0,0.0,0,378900
09-188-00950,2024,7,2024_07,0.0848033782000527,0.0848033782000527,32132,378900
09-188-00950,2024,8,2024_08,0.0713090525204539,0.0713090525204539,27019,378900
09-188-00950,2024,9,2024_09,0.0127606228556347,0.0127606228556347,4835,378900
09-188-00950,2024,10,2024_10,0.10891264185801,0.10891264185801,41267,378900
09-188-00950,2025,6,2025_06,0.0,0.0,0,378922
09-188-00950,2025,7,2025_07,0.0,0.0,0,378922
09-188-00950,2025,8,2025_08,0.0,0.0,0,378922
09-188-00950,2025,9,2025_09,0.0,0.0,0,378922
09-188-00950,2025,10,2025_10,0.0,0.0,0,378922
09-188-00951,2021,6,2021_06,0.0182498605621892,0.0182498605621892,3043,166741
09-188-00951,2021,7,2021_07,0.008636148277868,0.008636148277868,1440,166741
09-188-00951,2021,8,2021_08,0.1611061466585902,0.1611061466585902,26863,166741
09-188-00951,2021,9,2021_09,0.2123472931072741,0.2123472931072741,35407,166741
09-188-00951,2021,10,2021_10,0.0145974895196742,0.0145974895196742,2434,166741
09-188-00951,2022,8,2022_08,0.0,0.0,0,166741
09-188-00951,2022,9,2022_09,0.0195033015275187,0.0195033015275187,3252,166741
09-188-00951,2022,10,2022_10,0.1139491786663148,0.1139491786663148,19000,166741
09-188-00951,2023,7,2023_07,0.0,0.0,0,166741
09-188-00951,2023,8,2023_08,0.0226638919042107,0.0226638919042107,3779,166741
09-188-00951,2023,9,2023_09,0.0,0.0,0,166741
09-188-00951,2024,7,2024_07,0.0713141938695341,0.0713141938695341,11891,166741
09-188-00951,2024,8,2024_08,0.0384548491372847,0.0384548491372847,6412,166741
09-188-00951,2024,9,2024_09,0.0077845281004671,0.0077845281004671,1298,166741
09-188-00951,2024,10,2024_10,0.0592655675568696,0.0592655675568696,9882,166741
09-188-00951,2025,6,2025_06,0.0,0.0,0,166724
09-188-00951,2025,7,2025_07,0.0,0.0,0,166724
09-188-00951,2025,8,2025_08,0.0,0.0,0,166724
09-188-00951,2025,9,2025_09,0.0,0.0,0,166724
09-188-00951,2025,10,2025_10,0.0,0.0,0,166724
09-188-00952,2021,6,2021_06,0.0777770900271786,0.0777770900271786,13822,177713
09-188-00952,2021,7,2021_07,0.1309527158958545,0.1309527158958545,23272,177713
09-188-00952,2021,8,2021_08,0.2487718962596996,0.2487718962596996,44210,177713
09-188-00952,2021,9,2021_09,0.3069893592477759,0.3069893592477759,54556,177713
09-188-00952,2021,10,2021_10,0.0414938693286366,0.0414938693286366,7374,177713
09-188-00952,2022,8,2022_08,0.0,0.0,0,177713
09-188-00952,2022,9,2022_09,0.1524649294086532,0.1524649294086532,27095,177713
09-188-00952,2022,10,2022_10,0.3154749511853381,0.3154749511853381,56064,177713
09-188-00952,2023,7,2023_07,0.0,0.0,0,177713
09-188-00952,2023,8,2023_08,0.1035039642569761,0.1035039642569761,18394,177713
09-188-00952,2023,9,2023_09,0.0,0.0,0,177713
09-188-00952,2024,7,2024_07,0.1778429265163494,0.1778429265163494,31605,177713
09-188-00952,2024,8,2024_08,0.1629593783234766,0.1629593783234766,28960,177713
09-188-00952,2024,9,2024_09,0.06947719075138,0.06947719075138,12347,177713
09-188-00952,2024,10,2024_10,0.2117065155616077,0.2117065155616077,37623,177713
09-188-00952,2025,6,2025_06,0.0,0.0,0,177673
09-188-00952,2025,7,2025_07,0.0,0.0,0,177673
09-188-00952,2025,8,2025_08,0.0,0.0,0,177673
09-188-00952,2025,9,2025_09,0.0,0.0,0,177673
09-188-00952,2025,10,2025_10,0.0,0.0,0,177673
09-188-00953,2021,6,2021_06,0.0025375576117932,0.0025375576117932,577,227384
09-188-00953,2021,7,2021_07,0.0234713084473841,0.0234713084473841,5337,227384
09-188-00953,2021,8,2021_08,0.1265128593040847,0.1265128593040847,28767,227384
09-188-00953,2021,9,2021_09,0.1520511557541427,0.1520511557541427,34574,227384
09-188-00953,2021,10,2021_10,0.0451351018541322,0.0451351018541322,10263,227384
09-188-00953,2022,8,2022_08,0.0,0.0,0,227384
09-188-00953,2022,9,2022_09,0.0529280864088942,0.0529280864088942,12035,227384
09-188-00953,2022,10,2022_10,0.1635075467051331,0.1635075467051331,37179,227384
09-188-00953,2023,7,2023_07,0.0,0.0,0,227384
09-188-00953,2023,8,2023_08,0.0437541779544734,0.0437541779544734,9949,227384
09-188-00953,2023,9,2023_09,0.0,0.0,0,227384
09-188-00953,2024,7,2024_07,0.0726216444428807,0.0726216444428807,16513,227384
09-188-00953,2024,8,2024_08,0.0654795412166203,0.0654795412166203,14889,227384
09-188-00953,2024,9,2024_09,0.0283968968792879,0.0283968968792879,6457,227384
09-188-00953,2024,10,2024_10,0.0554304612461738,0.0554304612461738,12604,227384
09-188-00953,2025,6,2025_06,0.0,0.0,0,227354
09-188-00953,2025,7,2025_07,0.0,0.0,0,227354
09-188-00953,2025,8,2025_08,0.0,0.0,0,227354
09-188-00953,2025,9,2025_09,0.0,0.0,0,227354
09-188-00953,2025,10,2025_10,0.0,0.0,0,227354
09-188-00954,2021,6,2021_06,0.0,0.0,0,227200
09-188-00954,2021,7,2021_07,0.1220290492957746,0.1220290492957746,27725,227200
09-188-00954,2021,8,2021_08,0.1778609154929577,0.1778609154929577,40410,227200
09-188-00954,2021,9,2021_09,0.2268265845070422,0.2268265845070422,51535,227200
09-188-00954,2021,10,2021_10,0.1293882042253521,0.1293882042253521,29397,227200
09-188-00954,2022,8,2022_08,0.0,0.0,0,227200
09-188-00954,2022,9,2022_09,0.1735211267605634,0.1735211267605634,39424,227200
09-188-00954,2022,10,2022_10,0.3170598591549295,0.3170598591549295,72036,227200
09-188-00954,2023,7,2023_07,0.0,0.0,0,227200
09-188-00954,2023,8,2023_08,0.1049119718309859,0.1049119718309859,23836,227200
09-188-00954,2023,9,2023_09,0.0,0.0,0,227200
09-188-00954,2024,7,2024_07,0.0992209507042253,0.0992209507042253,22543,227200
09-188-00954,2024,8,2024_08,0.178675176056338,0.178675176056338,40595,227200
09-188-00954,2024,9,2024_09,0.1289260563380281,0.1289260563380281,29292,227200
09-188-00954,2024,10,2024_10,0.1078917253521126,0.1078917253521126,24513,227200
09-188-00954,2025,6,2025_06,0.0,0.0,0,227243
09-188-00954,2025,7,2025_07,0.0,0.0,0,227243
09-188-00954,2025,8,2025_08,0.0,0.0,0,227243
09-188-00954,2025,9,2025_09,0.0,0.0,0,227243
09-188-00954,2025,10,2025_10,0.0,0.0,0,227243
09-189-00956,2021,6,2021_06,0.0504127307329658,0.0504127307329658,17430,345746
09-189-00956,2021,7,2021_07,0.0,0.0,0,345746
09-189-00956,2021,8,2021_08,0.0293278881028269,0.0293278881028269,10140,345746
09-189-00956,2021,9,2021_09,0.0045235519716786,0.0045235519716786,1564,345746
09-189-00956,2021,10,2021_10,0.0,0.0,0,345746
09-189-00956,2022,8,2022_08,0.0,0.0,0,345746
09-189-00956,2022,9,2022_09,6.652282311292104e-05,6.652282311292104e-05,23,345746
09-189-00956,2022,10,2022_10,0.0,0.0,0,345746
09-189-00956,2023,7,2023_07,0.0,0.0,0,345746
09-189-00956,2023,8,2023_08,2.0246076599584666e-05,2.0246076599584666e-05,7,345746
09-189-00956,2023,9,2023_09,0.0,0.0,0,345746
09-189-00956,2024,7,2024_07,0.0454148421095254,0.0454148421095254,15702,345746
09-189-00956,2024,8,2024_08,0.0164716294620906,0.0164716294620906,5695,345746
09-189-00956,2024,9,2024_09,0.0005784593314167,0.0005784593314167,200,345746
09-189-00956,2024,10,2024_10,0.0043933986221098,0.0043933986221098,1519,345746
09-189-00956,2025,6,2025_06,0.0,0.0,0,345697
09-189-00956,2025,7,2025_07,0.0,0.0,0,345697
09-189-00956,2025,8,2025_08,0.0,0.0,0,345697
09-189-00956,2025,9,2025_09,0.0,0.0,0,345697
09-189-00956,2025,10,2025_10,0.0,0.0,0,345697
09-189-00957,2021,6,2021_06,0.0,0.0,0,199858
09-189-00957,2021,7,2021_07,0.0,0.0,0,199858
09-189-00957,2021,8,2021_08,0.0134845740475737,0.0134845740475737,2695,199858
09-189-00957,2021,9,2021_09,0.0,0.0,0,199858
09-189-00957,2021,10,2021_10,0.0,0.0,0,199858
09-189-00957,2022,8,2022_08,0.0,0.0,0,199858
09-189-00957,2022,9,2022_09,0.0,0.0,0,199858
09-189-00957,2022,10,2022_10,0.0,0.0,0,199858
09-189-00957,2023,7,2023_07,0.0,0.0,0,199858
09-189-00957,2023,8,2023_08,0.0,0.0,0,199858
09-189-00957,2023,9,2023_09,0.0,0.0,0,199858
09-189-00957,2024,7,2024_07,0.0,0.0,0,199858
09-189-00957,2024,8,2024_08,1.0007105044581653e-05,1.0007105044581653e-05,2,199858
09-189-00957,2024,9,2024_09,0.0,0.0,0,199858
09-189-00957,2024,10,2024_10,0.0,0.0,0,199858
09-189-00957,2025,6,2025_06,0.0,0.0,0,199870
09-189-00957,2025,7,2025_07,0.0,0.0,0,199870
09-189-00957,2025,8,2025_08,0.0,0.0,0,199870
09-189-00957,2025,9,2025_09,0.0,0.0,0,199870
09-189-00957,2025,10,2025_10,0.0,0.0,0,199870
09-189-00958,2021,6,2021_06,0.0039039190897597,0.0039039190897597,1158,296625
09-189-00958,2021,7,2021_07,0.0,0.0,0,296625
09-189-00958,2021,8,2021_08,0.0500193847450484,0.0500193847450484,14837,296625
09-189-00958,2021,9,2021_09,0.0266868942267172,0.0266868942267172,7916,296625
09-189-00958,2021,10,2021_10,0.0,0.0,0,296625
09-189-00958,2022,8,2022_08,0.0,0.0,0,296625
09-189-00958,2022,9,2022_09,0.0,0.0,0,296625
09-189-00958,2022,10,2022_10,0.0,0.0,0,296625
09-189-00958,2023,7,2023_07,0.0,0.0,0,296625
09-189-00958,2023,8,2023_08,0.0,0.0,0,296625
09-189-00958,2023,9,2023_09,0.0,0.0,0,296625
09-189-00958,2024,7,2024_07,0.0,0.0,0,296625
09-189-00958,2024,8,2024_08,0.0001651917404129,0.0001651917404129,49,296625
09-189-00958,2024,9,2024_09,0.0101205225453013,0.0101205225453013,3002,296625
09-189-00958,2024,10,2024_10,0.0,0.0,0,296625
09-189-00958,2025,6,2025_06,0.0,0.0,0,296590
09-189-00958,2025,7,2025_07,0.0,0.0,0,296590
09-189-00958,2025,8,2025_08,0.0,0.0,0,296590
09-189-00958,2025,9,2025_09,0.0,0.0,0,296590
09-189-00958,2025,10,2025_10,0.0,0.0,0,296590
09-189-01020,2021,6,2021_06,0.0016808060792101,0.0016808060792101,760,452164
09-189-01020,2021,7,2021_07,0.0,0.0,0,452164
09-189-01020,2021,8,2021_08,0.0370728319813165,0.0370728319813165,16763,452164
09-189-01020,2021,9,2021_09,0.0122079599437372,0.0122079599437372,5520,452164
09-189-01020,2021,10,2021_10,0.0109584133190612,0.0109584133190612,4955,452164
09-189-01020,2022,8,2022_08,0.0,0.0,0,452164
09-189-01020,2022,9,2022_09,0.0,0.0,0,452164
09-189-01020,2022,10,2022_10,0.0,0.0,0,452164
09-189-01020,2023,7,2023_07,0.0,0.0,0,452164
09-189-01020,2023,8,2023_08,0.0,0.0,0,452164
09-189-01020,2023,9,2023_09,0.0,0.0,0,452164
09-189-01020,2024,7,2024_07,0.0008359798657124,0.0008359798657124,378,452164
09-189-01020,2024,8,2024_08,0.0025101511840836,0.0025101511840836,1135,452164
09-189-01020,2024,9,2024_09,0.0072407356622818,0.0072407356622818,3274,452164
09-189-01020,2024,10,2024_10,0.0,0.0,0,452164
09-189-01020,2025,6,2025_06,0.0,0.0,0,452136
09-189-01020,2025,7,2025_07,0.0,0.0,0,452136
09-189-01020,2025,8,2025_08,0.0,0.0,0,452136
09-189-01020,2025,9,2025_09,0.0,0.0,0,452136
09-189-01020,2025,10,2025_10,0.0,0.0,0,452136
09-190-00959,2021,6,2021_06,0.0012617749609909,0.0012617749609909,524,415288
09-190-00959,2021,7,2021_07,2.4079674828071123e-06,2.4079674828071123e-06,1,415288
09-190-00959,2021,8,2021_08,0.0166462792086455,0.0166462792086455,6913,415288
09-190-00959,2021,9,2021_09,0.0007753655294638,0.0007753655294638,322,415288
09-190-00959,2021,10,2021_10,0.0,0.0,0,415288
09-190-00959,2022,8,2022_08,0.0,0.0,0,415288
09-190-00959,2022,9,2022_09,0.0001203983741403,0.0001203983741403,50,415288
09-190-00959,2022,10,2022_10,0.0024440869950492,0.0024440869950492,1015,415288
09-190-00959,2023,7,2023_07,0.0,0.0,0,415288
09-190-00959,2023,8,2023_08,0.0008644603263277,0.0008644603263277,359,415288
09-190-00959,2023,9,2023_09,0.0,0.0,0,415288
09-190-00959,2024,7,2024_07,0.0022562655313902,0.0022562655313902,937,415288
09-190-00959,2024,8,2024_08,0.0007753655294638,0.0007753655294638,322,415288
09-190-00959,2024,9,2024_09,7.70549594498276e-05,7.70549594498276e-05,32,415288
09-190-00959,2024,10,2024_10,0.0004767775615958,0.0004767775615958,198,415288
09-190-00959,2025,6,2025_06,0.0,0.0,0,415303
09-190-00959,2025,7,2025_07,0.0,0.0,0,415303
09-190-00959,2025,8,2025_08,0.0,0.0,0,415303
09-190-00959,2025,9,2025_09,0.0,0.0,0,415303
09-190-00959,2025,10,2025_10,0.0,0.0,0,415303
09-190-00960,2021,6,2021_06,0.0,0.0,0,177168
09-190-00960,2021,7,2021_07,0.0306883861645443,0.0306883861645443,5437,177168
09-190-00960,2021,8,2021_08,0.1554908335591077,0.1554908335591077,27548,177168
09-190-00960,2021,9,2021_09,0.1996466630542761,0.1996466630542761,35371,177168
09-190-00960,2021,10,2021_10,0.023373295403233,0.023373295403233,4141,177168
09-190-00960,2022,8,2022_08,0.0,0.0,0,177168
09-190-00960,2022,9,2022_09,0.0259076131129775,0.0259076131129775,4590,177168
09-190-00960,2022,10,2022_10,0.1546498238959631,0.1546498238959631,27399,177168
09-190-00960,2023,7,2023_07,0.0,0.0,0,177168
09-190-00960,2023,8,2023_08,0.0207543122911586,0.0207543122911586,3677,177168
09-190-00960,2023,9,2023_09,0.0,0.0,0,177168
09-190-00960,2024,7,2024_07,0.1022814503747855,0.1022814503747855,18121,177168
09-190-00960,2024,8,2024_08,0.0598358620066829,0.0598358620066829,10601,177168
09-190-00960,2024,9,2024_09,0.0141334778289533,0.0141334778289533,2504,177168
09-190-00960,2024,10,2024_10,0.0391887925584755,0.0391887925584755,6943,177168
09-190-00960,2025,6,2025_06,0.0,0.0,0,177183
09-190-00960,2025,7,2025_07,0.0,0.0,0,177183
09-190-00960,2025,8,2025_08,0.0,0.0,0,177183
09-190-00960,2025,9,2025_09,0.0,0.0,0,177183
09-190-00960,2025,10,2025_10,0.0,0.0,0,177183
09-190-00961,2021,6,2021_06,0.0,0.0,0,167415
09-190-00961,2021,7,2021_07,0.0227996296628139,0.0227996296628139,3817,167415
09-190-00961,2021,8,2021_08,0.1138189529014723,0.1138189529014723,19055,167415
09-190-00961,2021,9,2021_09,0.1281426395484275,0.1281426395484275,21453,167415
09-190-00961,2021,10,2021_10,0.060484424932055,0.060484424932055,10126,167415
09-190-00961,2022,8,2022_08,5.973180419914584e-06,5.973180419914584e-06,1,167415
09-190-00961,2022,9,2022_09,0.0812830391541976,0.0812830391541976,13608,167415
09-190-00961,2022,10,2022_10,0.2633455783531941,0.2633455783531941,44088,167415
09-190-00961,2023,7,2023_07,0.0,0.0,0,167415
09-190-00961,2023,8,2023_08,0.0725383030194427,0.0725383030194427,12144,167415
09-190-00961,2023,9,2023_09,0.0,0.0,0,167415
09-190-00961,2024,7,2024_07,0.0411611862736314,0.0411611862736314,6891,167415
09-190-00961,2024,8,2024_08,0.1183466236597676,0.1183466236597676,19813,167415
09-190-00961,2024,9,2024_09,0.1065316727891765,0.1065316727891765,17835,167415
09-190-00961,2024,10,2024_10,0.0375354657587432,0.0375354657587432,6284,167415
09-190-00961,2025,6,2025_06,0.0,0.0,0,167353
09-190-00961,2025,7,2025_07,0.0,0.0,0,167353
09-190-00961,2025,8,2025_08,0.0,0.0,0,167353
09-190-00961,2025,9,2025_09,0.0,0.0,0,167353
09-190-00961,2025,10,2025_10,0.0,0.0,0,167353
09-190-00962,2021,6,2021_06,0.0,0.0,0,217454
09-190-00962,2021,7,2021_07,0.0149778803792986,0.0149778803792986,3257,217454
09-190-00962,2021,8,2021_08,0.0767288713934901,0.0767288713934901,16685,217454
09-190-00962,2021,9,2021_09,0.0709115491092369,0.0709115491092369,15420,217454
09-190-00962,2021,10,2021_10,0.0204732955015773,0.0204732955015773,4452,217454
09-190-00962,2022,8,2022_08,2.759204245495599e-05,2.759204245495599e-05,6,217454
09-190-00962,2022,9,2022_09,0.0085765265297488,0.0085765265297488,1865,217454
09-190-00962,2022,10,2022_10,0.0950499875835809,0.0950499875835809,20669,217454
09-190-00962,2023,7,2023_07,0.0,0.0,0,217454
09-190-00962,2023,8,2023_08,0.0087236840895085,0.0087236840895085,1897,217454
09-190-00962,2023,9,2023_09,0.0,0.0,0,217454
09-190-00962,2024,7,2024_07,0.000915136074756,0.000915136074756,199,217454
09-190-00962,2024,8,2024_08,0.0095652413843847,0.0095652413843847,2080,217454
09-190-00962,2024,9,2024_09,0.0249524037267652,0.0249524037267652,5426,217454
09-190-00962,2024,10,2024_10,0.0017888840858296,0.0017888840858296,389,217454
09-190-00962,2025,6,2025_06,0.0,0.0,0,217471
09-190-00962,2025,7,2025_07,0.0,0.0,0,217471
09-190-00962,2025,8,2025_08,0.0,0.0,0,217471
09-190-00962,2025,9,2025_09,0.0,0.0,0,217471
09-190-00962,2025,10,2025_10,0.0,0.0,0,217471
09-190-00963,2021,6,2021_06,0.0,0.0,0,160556
09-190-00963,2021,7,2021_07,0.0012643563616432,0.0012643563616432,203,160556
09-190-00963,2021,8,2021_08,0.0244649841799745,0.0244649841799745,3928,160556
09-190-00963,2021,9,2021_09,0.0037058720944717,0.0037058720944717,595,160556
09-190-00963,2021,10,2021_10,0.0,0.0,0,160556
09-190-00963,2022,8,2022_08,0.0,0.0,0,160556
09-190-00963,2022,9,2022_09,0.0003114178230648,0.0003114178230648,50,160556
09-190-00963,2022,10,2022_10,0.0020179874934602,0.0020179874934602,324,160556
09-190-00963,2023,7,2023_07,0.0,0.0,0,160556
09-190-00963,2023,8,2023_08,0.0,0.0,0,160556
09-190-00963,2023,9,2023_09,0.0,0.0,0,160556
09-190-00963,2024,7,2024_07,0.0,0.0,0,160556
09-190-00963,2024,8,2024_08,0.0017439398091631,0.0017439398091631,280,160556
09-190-00963,2024,9,2024_09,0.0,0.0,0,160556
09-190-00963,2024,10,2024_10,0.0,0.0,0,160556
09-190-00963,2025,6,2025_06,0.0,0.0,0,160535
09-190-00963,2025,7,2025_07,0.0,0.0,0,160535
09-190-00963,2025,8,2025_08,0.0,0.0,0,160535
09-190-00963,2025,9,2025_09,0.0,0.0,0,160535
09-190-00963,2025,10,2025_10,0.0,0.0,0,160535
09-191-00964,2021,6,2021_06,0.0,0.0,0,196858
09-191-00964,2021,7,2021_07,5.079803716384399e-06,5.079803716384399e-06,1,196858
09-191-00964,2021,8,2021_08,0.0088490180739416,0.0088490180739416,1742,196858
09-191-00964,2021,9,2021_09,0.0,0.0,0,196858
09-191-00964,2021,10,2021_10,5.079803716384399e-06,5.079803716384399e-06,1,196858
09-191-00964,2022,8,2022_08,3.555862601469079e-05,3.555862601469079e-05,7,196858
09-191-00964,2022,9,2022_09,1.0159607432768798e-05,1.0159607432768798e-05,2,196858
09-191-00964,2022,10,2022_10,0.0,0.0,0,196858
09-191-00964,2023,7,2023_07,0.0,0.0,0,196858
09-191-00964,2023,8,2023_08,0.0,0.0,0,196858
09-191-00964,2023,9,2023_09,0.0,0.0,0,196858
09-191-00964,2024,7,2024_07,0.0004927409604892,0.0004927409604892,97,196858
09-191-00964,2024,8,2024_08,0.0,0.0,0,196858
09-191-00964,2024,9,2024_09,0.0,0.0,0,196858
09-191-00964,2024,10,2024_10,0.0016560160115413,0.0016560160115413,326,196858
09-191-00964,2025,6,2025_06,0.0,0.0,0,196863
09-191-00964,2025,7,2025_07,0.0,0.0,0,196863
09-191-00964,2025,8,2025_08,0.0,0.0,0,196863
09-191-00964,2025,9,2025_09,0.0,0.0,0,196863
09-191-00964,2025,10,2025_10,0.0,0.0,0,196863
09-191-00965,2021,6,2021_06,0.0,0.0,0,410177
09-191-00965,2021,7,2021_07,0.0189649834096012,0.0189649834096012,7779,410177
09-191-00965,2021,8,2021_08,0.0556979060259351,0.0556979060259351,22846,410177
09-191-00965,2021,9,2021_09,0.0871940650012068,0.0871940650012068,35765,410177
09-191-00965,2021,10,2021_10,0.0747579703396338,0.0747579703396338,30664,410177
09-191-00965,2022,8,2022_08,4.875943799871762e-06,4.875943799871762e-06,2,410177
09-191-00965,2022,9,2022_09,0.0296042927809214,0.0296042927809214,12143,410177
09-191-00965,2022,10,2022_10,0.1542772997998425,0.1542772997998425,63281,410177
09-191-00965,2023,7,2023_07,0.0,0.0,0,410177
09-191-00965,2023,8,2023_08,0.0382639689694936,0.0382639689694936,15695,410177
09-191-00965,2023,9,2023_09,0.0,0.0,0,410177
09-191-00965,2024,7,2024_07,0.014676590837614,0.014676590837614,6020,410177
09-191-00965,2024,8,2024_08,0.0761256725754978,0.0761256725754978,31225,410177
09-191-00965,2024,9,2024_09,0.0721834720133015,0.0721834720133015,29608,410177
09-191-00965,2024,10,2024_10,0.0125506793408699,0.0125506793408699,5148,410177
09-191-00965,2025,6,2025_06,0.0,0.0,0,410171
09-191-00965,2025,7,2025_07,0.0,0.0,0,410171
09-191-00965,2025,8,2025_08,0.0,0.0,0,410171
09-191-00965,2025,9,2025_09,0.0,0.0,0,410171
09-191-00965,2025,10,2025_10,0.0,0.0,0,410171
09-191-00966,2021,6,2021_06,0.0,0.0,0,269074
09-191-00966,2021,7,2021_07,0.0,0.0,0,269074
09-191-00966,2021,8,2021_08,0.0091276005857124,0.0091276005857124,2456,269074
09-191-00966,2021,9,2021_09,0.0,0.0,0,269074
09-191-00966,2021,10,2021_10,0.0,0.0,0,269074
09-191-00966,2022,8,2022_08,3.716449749882932e-06,3.716449749882932e-06,1,269074
09-191-00966,2022,9,2022_09,0.0,0.0,0,269074
09-191-00966,2022,10,2022_10,1.1149349249648796e-05,1.1149349249648796e-05,3,269074
09-191-00966,2023,7,2023_07,0.0,0.0,0,269074
09-191-00966,2023,8,2023_08,0.0,0.0,0,269074
09-191-00966,2023,9,2023_09,0.0,0.0,0,269074
09-191-00966,2024,7,2024_07,0.0,0.0,0,269074
09-191-00966,2024,8,2024_08,1.1149349249648796e-05,1.1149349249648796e-05,3,269074
09-191-00966,2024,9,2024_09,0.0,0.0,0,269074
09-191-00966,2024,10,2024_10,0.0035492095111381,0.0035492095111381,955,269074
09-191-00966,2025,6,2025_06,0.0,0.0,0,269101
09-191-00966,2025,7,2025_07,0.0,0.0,0,269101
09-191-00966,2025,8,2025_08,0.0,0.0,0,269101
09-191-00966,2025,9,2025_09,0.0,0.0,0,269101
09-191-00966,2025,10,2025_10,0.0,0.0,0,269101
09-191-00967,2021,6,2021_06,0.0,0.0,0,226329
09-191-00967,2021,7,2021_07,0.0,0.0,0,226329
09-191-00967,2021,8,2021_08,0.0010206380976366,0.0010206380976366,231,226329
09-191-00967,2021,9,2021_09,0.0,0.0,0,226329
09-191-00967,2021,10,2021_10,0.0,0.0,0,226329
09-191-00967,2022,8,2022_08,5.302016091618838e-05,5.302016091618838e-05,12,226329
09-191-00967,2022,9,2022_09,0.0,0.0,0,226329
09-191-00967,2022,10,2022_10,0.0,0.0,0,226329
09-191-00967,2023,7,2023_07,0.0,0.0,0,226329
09-191-00967,2023,8,2023_08,0.0,0.0,0,226329
09-191-00967,2023,9,2023_09,0.0,0.0,0,226329
09-191-00967,2024,7,2024_07,0.0,0.0,0,226329
09-191-00967,2024,8,2024_08,2.651008045809419e-05,2.651008045809419e-05,6,226329
09-191-00967,2024,9,2024_09,4.4183467430156986e-05,4.4183467430156986e-05,10,226329
09-191-00967,2024,10,2024_10,0.0019087257929827,0.0019087257929827,432,226329
09-191-00967,2025,6,2025_06,0.0,0.0,0,226329
09-191-00967,2025,7,2025_07,0.0,0.0,0,226329
09-191-00967,2025,8,2025_08,0.0,0.0,0,226329
09-191-00967,2025,9,2025_09,0.0,0.0,0,226329
09-191-00967,2025,10,2025_10,0.0,0.0,0,226329
09-191-00968,2021,6,2021_06,0.0,0.0,0,309591
09-191-00968,2021,7,2021_07,0.0,0.0,0,309591
09-191-00968,2021,8,2021_08,0.0017991479080464,0.0017991479080464,557,309591
09-191-00968,2021,9,2021_09,0.0001162824500712,0.0001162824500712,36,309591
09-191-00968,2021,10,2021_10,0.0,0.0,0,309591
09-191-00968,2022,8,2022_08,2.584054446027178e-05,2.584054446027178e-05,8,309591
09-191-00968,2022,9,2022_09,0.0,0.0,0,309591
09-191-00968,2022,10,2022_10,0.0,0.0,0,309591
09-191-00968,2023,7,2023_07,0.0,0.0,0,309591
09-191-00968,2023,8,2023_08,0.0,0.0,0,309591
09-191-00968,2023,9,2023_09,0.0,0.0,0,309591
09-191-00968,2024,7,2024_07,0.0,0.0,0,309591
09-191-00968,2024,8,2024_08,0.0,0.0,0,309591
09-191-00968,2024,9,2024_09,0.0,0.0,0,309591
09-191-00968,2024,10,2024_10,3.2300680575339724e-06,3.2300680575339724e-06,1,309591
09-191-00968,2025,6,2025_06,0.0,0.0,0,309560
09-191-00968,2025,7,2025_07,0.0,0.0,0,309560
09-191-00968,2025,8,2025_08,0.0,0.0,0,309560
09-191-00968,2025,9,2025_09,0.0,0.0,0,309560
09-191-00968,2025,10,2025_10,0.0,0.0,0,309560
09-191-00969,2021,6,2021_06,0.0,0.0,0,290817
09-191-00969,2021,7,2021_07,0.0,0.0,0,290817
09-191-00969,2021,8,2021_08,0.0012516462242578,0.0012516462242578,364,290817
09-191-00969,2021,9,2021_09,1.375435411272381e-05,1.375435411272381e-05,4,290817
09-191-00969,2021,10,2021_10,0.0,0.0,0,290817
09-191-00969,2022,8,2022_08,3.438588528180952e-05,3.438588528180952e-05,10,290817
09-191-00969,2022,9,2022_09,0.0,0.0,0,290817
09-191-00969,2022,10,2022_10,0.0,0.0,0,290817
09-191-00969,2023,7,2023_07,0.0,0.0,0,290817
09-191-00969,2023,8,2023_08,0.0,0.0,0,290817
09-191-00969,2023,9,2023_09,0.0,0.0,0,290817
09-191-00969,2024,7,2024_07,0.0,0.0,0,290817
09-191-00969,2024,8,2024_08,0.0,0.0,0,290817
09-191-00969,2024,9,2024_09,3.782447380999048e-05,3.782447380999048e-05,11,290817
09-191-00969,2024,10,2024_10,1.0315765584542858e-05,1.0315765584542858e-05,3,290817
09-191-00969,2025,6,2025_06,0.0,0.0,0,290798
09-191-00969,2025,7,2025_07,0.0,0.0,0,290798
09-191-00969,2025,8,2025_08,0.0,0.0,0,290798
09-191-00969,2025,9,2025_09,0.0,0.0,0,290798
09-191-00969,2025,10,2025_10,0.0,0.0,0,290798
09-191-00970,2021,6,2021_06,0.0,0.0,0,181503
09-191-00970,2021,7,2021_07,0.0,0.0,0,181503
09-191-00970,2021,8,2021_08,0.0035371316176592,0.0035371316176592,642,181503
09-191-00970,2021,9,2021_09,0.0,0.0,0,181503
09-191-00970,2021,10,2021_10,0.0,0.0,0,181503
09-191-00970,2022,8,2022_08,3.305730483793656e-05,3.305730483793656e-05,6,181503
09-191-00970,2022,9,2022_09,0.0,0.0,0,181503
09-191-00970,2022,10,2022_10,0.0,0.0,0,181503
09-191-00970,2023,7,2023_07,0.0,0.0,0,181503
09-191-00970,2023,8,2023_08,0.0,0.0,0,181503
09-191-00970,2023,9,2023_09,0.0,0.0,0,181503
09-191-00970,2024,7,2024_07,0.0,0.0,0,181503
09-191-00970,2024,8,2024_08,0.0,0.0,0,181503
09-191-00970,2024,9,2024_09,2.75477540316138e-05,2.75477540316138e-05,5,181503
09-191-00970,2024,10,2024_10,0.01003840156912,0.01003840156912,1822,181503
09-191-00970,2025,6,2025_06,0.0,0.0,0,181532
09-191-00970,2025,7,2025_07,0.0,0.0,0,181532
09-191-00970,2025,8,2025_08,0.0,0.0,0,181532
09-191-00970,2025,9,2025_09,0.0,0.0,0,181532
09-191-00970,2025,10,2025_10,0.0,0.0,0,181532
09-192-00971,2021,6,2021_06,0.0,0.0,0,157492
09-192-00971,2021,7,2021_07,0.0201026083864577,0.0201026083864577,3166,157492
09-192-00971,2021,8,2021_08,0.0782261956162852,0.0782261956162852,12320,157492
09-192-00971,2021,9,2021_09,0.0622380819343204,0.0622380819343204,9802,157492
09-192-00971,2021,10,2021_10,0.0128641454804053,0.0128641454804053,2026,157492
09-192-00971,2022,8,2022_08,0.0,0.0,0,157492
09-192-00971,2022,9,2022_09,0.0037652706169202,0.0037652706169202,593,157492
09-192-00971,2022,10,2022_10,0.0307571178218576,0.0307571178218576,4844,157492
09-192-00971,2023,7,2023_07,0.0,0.0,0,157492
09-192-00971,2023,8,2023_08,0.0089718842861859,0.0089718842861859,1413,157492
09-192-00971,2023,9,2023_09,0.0,0.0,0,157492
09-192-00971,2024,7,2024_07,0.0061336448835496,0.0061336448835496,966,157492
09-192-00971,2024,8,2024_08,0.0353478271912224,0.0353478271912224,5567,157492
09-192-00971,2024,9,2024_09,0.0162357453076981,0.0162357453076981,2557,157492
09-192-00971,2024,10,2024_10,0.0035684352221065,0.0035684352221065,562,157492
09-192-00971,2025,6,2025_06,0.0,0.0,0,157477
09-192-00971,2025,7,2025_07,0.0,0.0,0,157477
09-192-00971,2025,8,2025_08,0.0,0.0,0,157477
09-192-00971,2025,9,2025_09,0.0,0.0,0,157477
09-192-00971,2025,10,2025_10,0.0,0.0,0,157477
09-192-00972,2021,6,2021_06,0.0,0.0,0,210693
09-192-00972,2021,7,2021_07,0.0619147290133037,0.0619147290133037,13045,210693
09-192-00972,2021,8,2021_08,0.1449027732292957,0.1449027732292957,30530,210693
09-192-00972,2021,9,2021_09,0.1711589848737262,0.1711589848737262,36062,210693
09-192-00972,2021,10,2021_10,0.1192730655503505,0.1192730655503505,25130,210693
09-192-00972,2022,8,2022_08,0.0,0.0,0,210693
09-192-00972,2022,9,2022_09,0.1237013094882127,0.1237013094882127,26063,210693
09-192-00972,2022,10,2022_10,0.2241270474102129,0.2241270474102129,47222,210693
09-192-00972,2023,7,2023_07,0.0,0.0,0,210693
09-192-00972,2023,8,2023_08,0.0629541560469498,0.0629541560469498,13264,210693
09-192-00972,2023,9,2023_09,0.0,0.0,0,210693
09-192-00972,2024,7,2024_07,0.0136691774287707,0.0136691774287707,2880,210693
09-192-00972,2024,8,2024_08,0.1331558238764458,0.1331558238764458,28055,210693
09-192-00972,2024,9,2024_09,0.1192588268238622,0.1192588268238622,25127,210693
09-192-00972,2024,10,2024_10,0.0328439957663519,0.0328439957663519,6920,210693
09-192-00972,2025,6,2025_06,0.0,0.0,0,210678
09-192-00972,2025,7,2025_07,0.0,0.0,0,210678
09-192-00972,2025,8,2025_08,0.0,0.0,0,210678
09-192-00972,2025,9,2025_09,0.0,0.0,0,210678
09-192-00972,2025,10,2025_10,0.0,0.0,0,210678
09-192-00973,2021,6,2021_06,0.0,0.0,0,231936
09-192-00973,2021,7,2021_07,0.0,0.0,0,231936
09-192-00973,2021,8,2021_08,0.0087524144591611,0.0087524144591611,2030,231936
09-192-00973,2021,9,2021_09,0.0,0.0,0,231936
09-192-00973,2021,10,2021_10,0.0107055394591611,0.0107055394591611,2483,231936
09-192-00973,2022,8,2022_08,6.0361479028697575e-05,6.0361479028697575e-05,14,231936
09-192-00973,2022,9,2022_09,0.0,0.0,0,231936
09-192-00973,2022,10,2022_10,0.0,0.0,0,231936
09-192-00973,2023,7,2023_07,0.0,0.0,0,231936
09-192-00973,2023,8,2023_08,0.0,0.0,0,231936
09-192-00973,2023,9,2023_09,0.0,0.0,0,231936
09-192-00973,2024,7,2024_07,0.0,0.0,0,231936
09-192-00973,2024,8,2024_08,0.0045012417218543,0.0045012417218543,1044,231936
09-192-00973,2024,9,2024_09,0.0,0.0,0,231936
09-192-00973,2024,10,2024_10,0.0,0.0,0,231936
09-192-00973,2025,6,2025_06,0.0,0.0,0,231942
09-192-00973,2025,7,2025_07,0.0,0.0,0,231942
09-192-00973,2025,8,2025_08,0.0,0.0,0,231942
09-192-00973,2025,9,2025_09,0.0,0.0,0,231942
09-192-00973,2025,10,2025_10,0.0,0.0,0,231942
09-192-00974,2021,6,2021_06,0.0,0.0,0,175773
09-192-00974,2021,7,2021_07,0.0,0.0,0,175773
09-192-00974,2021,8,2021_08,0.0050974836863454,0.0050974836863454,896,175773
09-192-00974,2021,9,2021_09,5.1202403099452135e-05,5.1202403099452135e-05,9,175773
09-192-00974,2021,10,2021_10,0.0,0.0,0,175773
09-192-00974,2022,8,2022_08,0.0002161879241976,0.0002161879241976,38,175773
09-192-00974,2022,9,2022_09,0.0,0.0,0,175773
09-192-00974,2022,10,2022_10,5.689155899939126e-06,5.689155899939126e-06,1,175773
09-192-00974,2023,7,2023_07,0.0,0.0,0,175773
09-192-00974,2023,8,2023_08,0.0,0.0,0,175773
09-192-00974,2023,9,2023_09,0.0,0.0,0,175773
09-192-00974,2024,7,2024_07,0.0,0.0,0,175773
09-192-00974,2024,8,2024_08,0.0001308505856985,0.0001308505856985,23,175773
09-192-00974,2024,9,2024_09,0.0,0.0,0,175773
09-192-00974,2024,10,2024_10,0.0006599420843929,0.0006599420843929,116,175773
09-192-00974,2025,6,2025_06,0.0,0.0,0,175769
09-192-00974,2025,7,2025_07,0.0,0.0,0,175769
09-192-00974,2025,8,2025_08,0.0,0.0,0,175769
09-192-00974,2025,9,2025_09,0.0,0.0,0,175769
09-192-00974,2025,10,2025_10,0.0,0.0,0,175769
09-193-00975,2021,6,2021_06,0.0,0.0,0,163355
09-193-00975,2021,7,2021_07,0.0255884423494842,0.0255884423494842,4180,163355
09-193-00975,2021,8,2021_08,0.1090569618315937,0.1090569618315937,17815,163355
09-193-00975,2021,9,2021_09,0.104771815983594,0.104771815983594,17115,163355
09-193-00975,2021,10,2021_10,0.0215114321569587,0.0215114321569587,3514,163355
09-193-00975,2022,8,2022_08,6.121636925713936e-06,6.121636925713936e-06,1,163355
09-193-00975,2022,9,2022_09,0.0258394294634385,0.0258394294634385,4221,163355
09-193-00975,2022,10,2022_10,0.0729821554283615,0.0729821554283615,11922,163355
09-193-00975,2023,7,2023_07,0.0,0.0,0,163355
09-193-00975,2023,8,2023_08,0.0216093783477701,0.0216093783477701,3530,163355
09-193-00975,2023,9,2023_09,0.0,0.0,0,163355
09-193-00975,2024,7,2024_07,0.0,0.0,0,163355
09-193-00975,2024,8,2024_08,0.0232744635915643,0.0232744635915643,3802,163355
09-193-00975,2024,9,2024_09,0.0178139634538275,0.0178139634538275,2910,163355
09-193-00975,2024,10,2024_10,0.009415077591748,0.009415077591748,1538,163355
09-193-00975,2025,6,2025_06,0.0,0.0,0,163352
09-193-00975,2025,7,2025_07,0.0,0.0,0,163352
09-193-00975,2025,8,2025_08,0.0,0.0,0,163352
09-193-00975,2025,9,2025_09,0.0,0.0,0,163352
09-193-00975,2025,10,2025_10,0.0,0.0,0,163352
09-193-00976,2021,6,2021_06,0.0,0.0,0,178340
09-193-00976,2021,7,2021_07,0.0247448693506784,0.0247448693506784,4413,178340
09-193-00976,2021,8,2021_08,0.1034036110799596,0.1034036110799596,18441,178340
09-193-00976,2021,9,2021_09,0.0792194684310866,0.0792194684310866,14128,178340
09-193-00976,2021,10,2021_10,0.0377425142985309,0.0377425142985309,6731,178340
09-193-00976,2022,8,2022_08,0.0,0.0,0,178340
09-193-00976,2022,9,2022_09,0.0478075585959403,0.0478075585959403,8526,178340
09-193-00976,2022,10,2022_10,0.1396321632836155,0.1396321632836155,24902,178340
09-193-00976,2023,7,2023_07,0.0,0.0,0,178340
09-193-00976,2023,8,2023_08,0.0394975888751822,0.0394975888751822,7044,178340
09-193-00976,2023,9,2023_09,0.0,0.0,0,178340
09-193-00976,2024,7,2024_07,0.0026129864304138,0.0026129864304138,466,178340
09-193-00976,2024,8,2024_08,0.05830436245374,0.05830436245374,10398,178340
09-193-00976,2024,9,2024_09,0.0578333520242233,0.0578333520242233,10314,178340
09-193-00976,2024,10,2024_10,0.0041213412582707,0.0041213412582707,735,178340
09-193-00976,2025,6,2025_06,0.0,0.0,0,178392
09-193-00976,2025,7,2025_07,0.0,0.0,0,178392
09-193-00976,2025,8,2025_08,0.0,0.0,0,178392
09-193-00976,2025,9,2025_09,0.0,0.0,0,178392
09-193-00976,2025,10,2025_10,0.0,0.0,0,178392
09-193-00977,2021,6,2021_06,0.0,0.0,0,237715
09-193-00977,2021,7,2021_07,0.0,0.0,0,237715
09-193-00977,2021,8,2021_08,0.0218454872431272,0.0218454872431272,5193,237715
09-193-00977,2021,9,2021_09,0.0,0.0,0,237715
09-193-00977,2021,10,2021_10,0.0127169089035189,0.0127169089035189,3023,237715
09-193-00977,2022,8,2022_08,0.0014008371369076,0.0014008371369076,333,237715
09-193-00977,2022,9,2022_09,0.0,0.0,0,237715
09-193-00977,2022,10,2022_10,1.6826872515407104e-05,1.6826872515407104e-05,4,237715
09-193-00977,2023,7,2023_07,0.0,0.0,0,237715
09-193-00977,2023,8,2023_08,0.0,0.0,0,237715
09-193-00977,2023,9,2023_09,0.0,0.0,0,237715
09-193-00977,2024,7,2024_07,0.0,0.0,0,237715
09-193-00977,2024,8,2024_08,0.0001556485707675,0.0001556485707675,37,237715
09-193-00977,2024,9,2024_09,1.6826872515407104e-05,1.6826872515407104e-05,4,237715
09-193-00977,2024,10,2024_10,8.413436257703552e-06,8.413436257703552e-06,2,237715
09-193-00977,2025,6,2025_06,0.0,0.0,0,237721
09-193-00977,2025,7,2025_07,0.0,0.0,0,237721
09-193-00977,2025,8,2025_08,0.0,0.0,0,237721
09-193-00977,2025,9,2025_09,0.0,0.0,0,237721
09-193-00977,2025,10,2025_10,0.0,0.0,0,237721
09-193-00978,2021,6,2021_06,0.0,0.0,0,359703
09-193-00978,2021,7,2021_07,0.0,0.0,0,359703
09-193-00978,2021,8,2021_08,0.2602174571799512,0.2602174571799512,93601,359703
09-193-00978,2021,9,2021_09,0.0837635493726769,0.0837635493726769,30130,359703
09-193-00978,2021,10,2021_10,0.0698159314768017,0.0698159314768017,25113,359703
09-193-00978,2022,8,2022_08,0.0870940748339602,0.0870940748339602,31328,359703
09-193-00978,2022,9,2022_09,0.0884868905736121,0.0884868905736121,31829,359703
09-193-00978,2022,10,2022_10,0.0329855464091208,0.0329855464091208,11865,359703
09-193-00978,2023,7,2023_07,0.0,0.0,0,359703
09-193-00978,2023,8,2023_08,0.0067889342040516,0.0067889342040516,2442,359703
09-193-00978,2023,9,2023_09,0.0,0.0,0,359703
09-193-00978,2024,7,2024_07,0.0212786660105698,0.0212786660105698,7654,359703
09-193-00978,2024,8,2024_08,0.029079546181155,0.029079546181155,10460,359703
09-193-00978,2024,9,2024_09,0.1663400082846126,0.1663400082846126,59833,359703
09-193-00978,2024,10,2024_10,0.015701842909289,0.015701842909289,5648,359703
09-193-00978,2025,6,2025_06,0.0,0.0,0,359646
09-193-00978,2025,7,2025_07,0.0,0.0,0,359646
09-193-00978,2025,8,2025_08,0.0,0.0,0,359646
09-193-00978,2025,9,2025_09,0.0,0.0,0,359646
09-193-00978,2025,10,2025_10,0.0,0.0,0,359646
09-193-00979,2021,6,2021_06,0.0,0.0,0,247294
09-193-00979,2021,7,2021_07,0.0238178039095166,0.0238178039095166,5890,247294
09-193-00979,2021,8,2021_08,0.2291644762913778,0.2291644762913778,56671,247294
09-193-00979,2021,9,2021_09,0.1665830954248789,0.1665830954248789,41195,247294
09-193-00979,2021,10,2021_10,0.070098748857635,0.070098748857635,17335,247294
09-193-00979,2022,8,2022_08,1.6175079055698884e-05,1.6175079055698884e-05,4,247294
09-193-00979,2022,9,2022_09,0.0683033150824524,0.0683033150824524,16891,247294
09-193-00979,2022,10,2022_10,0.11022507622506,0.11022507622506,27258,247294
09-193-00979,2023,7,2023_07,0.0,0.0,0,247294
09-193-00979,2023,8,2023_08,0.0299036774042233,0.0299036774042233,7395,247294
09-193-00979,2023,9,2023_09,0.0,0.0,0,247294
09-193-00979,2024,7,2024_07,0.0187671354743746,0.0187671354743746,4641,247294
09-193-00979,2024,8,2024_08,0.0945514246200878,0.0945514246200878,23382,247294
09-193-00979,2024,9,2024_09,0.0992058036183651,0.0992058036183651,24533,247294
09-193-00979,2024,10,2024_10,0.0239310294629065,0.0239310294629065,5918,247294
09-193-00979,2025,6,2025_06,0.0,0.0,0,247279
09-193-00979,2025,7,2025_07,0.0,0.0,0,247279
09-193-00979,2025,8,2025_08,0.0,0.0,0,247279
09-193-00979,2025,9,2025_09,0.0,0.0,0,247279
09-193-00979,2025,10,2025_10,0.0,0.0,0,247279
09-193-00980,2021,6,2021_06,0.0,0.0,0,148532
09-193-00980,2021,7,2021_07,0.0,0.0,0,148532
09-193-00980,2021,8,2021_08,0.311562491584305,0.311562491584305,46277,148532
09-193-00980,2021,9,2021_09,0.1434640346861282,0.1434640346861282,21309,148532
09-193-00980,2021,10,2021_10,0.0215374464761802,0.0215374464761802,3199,148532
09-193-00980,2022,8,2022_08,0.0665782457652223,0.0665782457652223,9889,148532
09-193-00980,2022,9,2022_09,0.0546952845178143,0.0546952845178143,8124,148532
09-193-00980,2022,10,2022_10,0.1144669162200738,0.1144669162200738,17002,148532
09-193-00980,2023,7,2023_07,0.0,0.0,0,148532
09-193-00980,2023,8,2023_08,0.0195311448038133,0.0195311448038133,2901,148532
09-193-00980,2023,9,2023_09,0.0,0.0,0,148532
09-193-00980,2024,7,2024_07,0.0126100772897422,0.0126100772897422,1873,148532
09-193-00980,2024,8,2024_08,0.1093097783642582,0.1093097783642582,16236,148532
09-193-00980,2024,9,2024_09,0.2429240836991355,0.2429240836991355,36082,148532
09-193-00980,2024,10,2024_10,0.0466027522688713,0.0466027522688713,6922,148532
09-193-00980,2025,6,2025_06,0.0,0.0,0,148746
09-193-00980,2025,7,2025_07,0.0,0.0,0,148746
09-193-00980,2025,8,2025_08,0.0,0.0,0,148746
09-193-00980,2025,9,2025_09,0.0,0.0,0,148746
09-193-00980,2025,10,2025_10,0.0,0.0,0,148746
09-194-00981,2021,6,2021_06,0.0,0.0,0,314504
09-194-00981,2021,7,2021_07,0.0,0.0,0,314504
09-194-00981,2021,8,2021_08,0.0024959936916541,0.0024959936916541,785,314504
09-194-00981,2021,9,2021_09,0.0,0.0,0,314504
09-194-00981,2021,10,2021_10,0.0,0.0,0,314504
09-194-00981,2022,8,2022_08,1.2718439193142218e-05,1.2718439193142218e-05,4,314504
09-194-00981,2022,9,2022_09,0.0,0.0,0,314504
09-194-00981,2022,10,2022_10,0.0,0.0,0,314504
09-194-00981,2023,7,2023_07,0.0,0.0,0,314504
09-194-00981,2023,8,2023_08,0.0,0.0,0,314504
09-194-00981,2023,9,2023_09,0.0,0.0,0,314504
09-194-00981,2024,7,2024_07,0.0,0.0,0,314504
09-194-00981,2024,8,2024_08,0.0,0.0,0,314504
09-194-00981,2024,9,2024_09,0.0,0.0,0,314504
09-194-00981,2024,10,2024_10,0.0,0.0,0,314504
09-194-00981,2025,6,2025_06,0.0,0.0,0,314546
09-194-00981,2025,7,2025_07,0.0,0.0,0,314546
09-194-00981,2025,8,2025_08,0.0,0.0,0,314546
09-194-00981,2025,9,2025_09,0.0,0.0,0,314546
09-194-00981,2025,10,2025_10,0.0,0.0,0,314546
09-194-00982,2021,6,2021_06,0.0,0.0,0,205060
09-194-00982,2021,7,2021_07,0.0,0.0,0,205060
09-194-00982,2021,8,2021_08,0.0,0.0,0,205060
09-194-00982,2021,9,2021_09,0.0,0.0,0,205060
09-194-00982,2021,10,2021_10,0.0,0.0,0,205060
09-194-00982,2022,8,2022_08,0.0,0.0,0,205060
09-194-00982,2022,9,2022_09,0.0,0.0,0,205060
09-194-00982,2022,10,2022_10,0.0,0.0,0,205060
09-194-00982,2023,7,2023_07,0.0,0.0,0,205060
09-194-00982,2023,8,2023_08,0.0,0.0,0,205060
09-194-00982,2023,9,2023_09,0.0,0.0,0,205060
09-194-00982,2024,7,2024_07,0.0,0.0,0,205060
09-194-00982,2024,8,2024_08,0.0,0.0,0,205060
09-194-00982,2024,9,2024_09,0.0,0.0,0,205060
09-194-00982,2024,10,2024_10,0.0,0.0,0,205060
09-194-00982,2025,6,2025_06,0.0,0.0,0,205009
09-194-00982,2025,7,2025_07,0.0,0.0,0,205009
09-194-00982,2025,8,2025_08,0.0,0.0,0,205009
09-194-00982,2025,9,2025_09,0.0,0.0,0,205009
09-194-00982,2025,10,2025_10,0.0,0.0,0,205009
09-194-00983,2021,6,2021_06,0.0,0.0,0,361483
09-194-00983,2021,7,2021_07,0.0,0.0,0,361483
09-194-00983,2021,8,2021_08,0.0,0.0,0,361483
09-194-00983,2021,9,2021_09,0.0,0.0,0,361483
09-194-00983,2021,10,2021_10,0.0,0.0,0,361483
09-194-00983,2022,8,2022_08,0.0,0.0,0,361483
09-194-00983,2022,9,2022_09,0.0,0.0,0,361483
09-194-00983,2022,10,2022_10,0.0,0.0,0,361483
09-194-00983,2023,7,2023_07,0.0,0.0,0,361483
09-194-00983,2023,8,2023_08,0.0,0.0,0,361483
09-194-00983,2023,9,2023_09,0.0,0.0,0,361483
09-194-00983,2024,7,2024_07,1.936467275086242e-05,1.936467275086242e-05,7,361483
09-194-00983,2024,8,2024_08,0.0,0.0,0,361483
09-194-00983,2024,9,2024_09,0.0,0.0,0,361483
09-194-00983,2024,10,2024_10,0.0,0.0,0,361483
09-194-00983,2025,6,2025_06,0.0,0.0,0,361502
09-194-00983,2025,7,2025_07,0.0,0.0,0,361502
09-194-00983,2025,8,2025_08,0.0,0.0,0,361502
09-194-00983,2025,9,2025_09,0.0,0.0,0,361502
09-194-00983,2025,10,2025_10,0.0,0.0,0,361502
09-194-00984,2021,6,2021_06,0.0,0.0,0,316740
09-194-00984,2021,7,2021_07,0.0,0.0,0,316740
09-194-00984,2021,8,2021_08,0.0002273157795036,0.0002273157795036,72,316740
09-194-00984,2021,9,2021_09,0.0,0.0,0,316740
09-194-00984,2021,10,2021_10,0.0,0.0,0,316740
09-194-00984,2022,8,2022_08,3.1571636042179705e-06,3.1571636042179705e-06,1,316740
09-194-00984,2022,9,2022_09,0.0,0.0,0,316740
09-194-00984,2022,10,2022_10,0.0,0.0,0,316740
09-194-00984,2023,7,2023_07,0.0,0.0,0,316740
09-194-00984,2023,8,2023_08,0.0,0.0,0,316740
09-194-00984,2023,9,2023_09,0.0,0.0,0,316740
09-194-00984,2024,7,2024_07,0.0,0.0,0,316740
09-194-00984,2024,8,2024_08,0.0,0.0,0,316740
09-194-00984,2024,9,2024_09,0.0,0.0,0,316740
09-194-00984,2024,10,2024_10,0.0,0.0,0,316740
09-194-00984,2025,6,2025_06,0.0,0.0,0,316728
09-194-00984,2025,7,2025_07,0.0,0.0,0,316728
09-194-00984,2025,8,2025_08,0.0,0.0,0,316728
09-194-00984,2025,9,2025_09,0.0,0.0,0,316728
09-194-00984,2025,10,2025_10,0.0,0.0,0,316728
09-194-00985,2021,6,2021_06,0.0,0.0,0,337075
09-194-00985,2021,7,2021_07,0.0,0.0,0,337075
09-194-00985,2021,8,2021_08,4.153378328265223e-05,4.153378328265223e-05,14,337075
09-194-00985,2021,9,2021_09,5.043387970036342e-05,5.043387970036342e-05,17,337075
09-194-00985,2021,10,2021_10,0.0001038344582066,0.0001038344582066,35,337075
09-194-00985,2022,8,2022_08,0.0,0.0,0,337075
09-194-00985,2022,9,2022_09,1.7800192835422383e-05,1.7800192835422383e-05,6,337075
09-194-00985,2022,10,2022_10,0.0,0.0,0,337075
09-194-00985,2023,7,2023_07,0.0,0.0,0,337075
09-194-00985,2023,8,2023_08,0.0,0.0,0,337075
09-194-00985,2023,9,2023_09,0.0,0.0,0,337075
09-194-00985,2024,7,2024_07,0.0,0.0,0,337075
09-194-00985,2024,8,2024_08,0.0,0.0,0,337075
09-194-00985,2024,9,2024_09,0.0,0.0,0,337075
09-194-00985,2024,10,2024_10,0.0,0.0,0,337075
09-194-00985,2025,6,2025_06,0.0,0.0,0,337099
09-194-00985,2025,7,2025_07,0.0,0.0,0,337099
09-194-00985,2025,8,2025_08,0.0,0.0,0,337099
09-194-00985,2025,9,2025_09,0.0,0.0,0,337099
09-194-00985,2025,10,2025_10,0.0,0.0,0,337099
09-194-00986,2021,6,2021_06,0.0,0.0,0,264230
09-194-00986,2021,7,2021_07,0.0,0.0,0,264230
09-194-00986,2021,8,2021_08,0.0003973810695227,0.0003973810695227,105,264230
09-194-00986,2021,9,2021_09,0.0,0.0,0,264230
09-194-00986,2021,10,2021_10,0.0,0.0,0,264230
09-194-00986,2022,8,2022_08,0.0002346440600991,0.0002346440600991,62,264230
09-194-00986,2022,9,2022_09,0.0001097528668205,0.0001097528668205,29,264230
09-194-00986,2022,10,2022_10,0.0,0.0,0,264230
09-194-00986,2023,7,2023_07,0.0,0.0,0,264230
09-194-00986,2023,8,2023_08,0.0,0.0,0,264230
09-194-00986,2023,9,2023_09,0.0,0.0,0,264230
09-194-00986,2024,7,2024_07,0.0,0.0,0,264230
09-194-00986,2024,8,2024_08,0.0,0.0,0,264230
09-194-00986,2024,9,2024_09,3.784581614502517e-06,3.784581614502517e-06,1,264230
09-194-00986,2024,10,2024_10,0.0,0.0,0,264230
09-194-00986,2025,6,2025_06,0.0,0.0,0,264208
09-194-00986,2025,7,2025_07,0.0,0.0,0,264208
09-194-00986,2025,8,2025_08,0.0,0.0,0,264208
09-194-00986,2025,9,2025_09,0.0,0.0,0,264208
09-194-00986,2025,10,2025_10,0.0,0.0,0,264208
09-195-00987,2021,6,2021_06,0.0,0.0,0,245762
09-195-00987,2021,7,2021_07,0.0,0.0,0,245762
09-195-00987,2021,8,2021_08,0.0047932552632221,0.0047932552632221,1178,245762
09-195-00987,2021,9,2021_09,0.0,0.0,0,245762
09-195-00987,2021,10,2021_10,0.0,0.0,0,245762
09-195-00987,2022,8,2022_08,5.289670494217984e-05,5.289670494217984e-05,13,245762
09-195-00987,2022,9,2022_09,2.8482841122712218e-05,2.8482841122712218e-05,7,245762
09-195-00987,2022,10,2022_10,0.0,0.0,0,245762
09-195-00987,2023,7,2023_07,0.0,0.0,0,245762
09-195-00987,2023,8,2023_08,0.0,0.0,0,245762
09-195-00987,2023,9,2023_09,0.0,0.0,0,245762
09-195-00987,2024,7,2024_07,0.011995345089965,0.011995345089965,2948,245762
09-195-00987,2024,8,2024_08,0.0003784148892017,0.0003784148892017,93,245762
09-195-00987,2024,9,2024_09,4.068977303244603e-06,4.068977303244603e-06,1,245762
09-195-00987,2024,10,2024_10,0.0,0.0,0,245762
09-195-00987,2025,6,2025_06,0.0,0.0,0,245764
09-195-00987,2025,7,2025_07,0.0,0.0,0,245764
09-195-00987,2025,8,2025_08,0.0,0.0,0,245764
09-195-00987,2025,9,2025_09,0.0,0.0,0,245764
09-195-00987,2025,10,2025_10,0.0,0.0,0,245764
09-195-00988,2021,6,2021_06,0.0,0.0,0,251880
09-195-00988,2021,7,2021_07,0.0,0.0,0,251880
09-195-00988,2021,8,2021_08,0.0143282515483563,0.0143282515483563,3609,251880
09-195-00988,2021,9,2021_09,0.0,0.0,0,251880
09-195-00988,2021,10,2021_10,0.0,0.0,0,251880
09-195-00988,2022,8,2022_08,0.0277195489915832,0.0277195489915832,6982,251880
09-195-00988,2022,9,2022_09,7.940289026520565e-05,7.940289026520565e-05,20,251880
09-195-00988,2022,10,2022_10,7.940289026520565e-06,7.940289026520565e-06,2,251880
09-195-00988,2023,7,2023_07,0.0,0.0,0,251880
09-195-00988,2023,8,2023_08,0.0,0.0,0,251880
09-195-00988,2023,9,2023_09,0.0,0.0,0,251880
09-195-00988,2024,7,2024_07,0.0220541527711608,0.0220541527711608,5555,251880
09-195-00988,2024,8,2024_08,0.0062648880419247,0.0062648880419247,1578,251880
09-195-00988,2024,9,2024_09,0.0,0.0,0,251880
09-195-00988,2024,10,2024_10,0.0,0.0,0,251880
09-195-00988,2025,6,2025_06,0.0,0.0,0,251884
09-195-00988,2025,7,2025_07,0.0,0.0,0,251884
09-195-00988,2025,8,2025_08,0.0,0.0,0,251884
09-195-00988,2025,9,2025_09,0.0,0.0,0,251884
09-195-00988,2025,10,2025_10,0.0,0.0,0,251884
09-195-00989,2021,6,2021_06,0.0,0.0,0,302426
09-195-00989,2021,7,2021_07,0.0,0.0,0,302426
09-195-00989,2021,8,2021_08,0.033327161024515,0.033327161024515,10079,302426
09-195-00989,2021,9,2021_09,0.0062626890545125,0.0062626890545125,1894,302426
09-195-00989,2021,10,2021_10,0.0,0.0,0,302426
09-195-00989,2022,8,2022_08,0.0181333615496022,0.0181333615496022,5484,302426
09-195-00989,2022,9,2022_09,0.0087790070959507,0.0087790070959507,2655,302426
09-195-00989,2022,10,2022_10,0.0058725109613591,0.0058725109613591,1776,302426
09-195-00989,2023,7,2023_07,0.0,0.0,0,302426
09-195-00989,2023,8,2023_08,0.0,0.0,0,302426
09-195-00989,2023,9,2023_09,0.0,0.0,0,302426
09-195-00989,2024,7,2024_07,0.0092320104752898,0.0092320104752898,2792,302426
09-195-00989,2024,8,2024_08,0.0017524948251803,0.0017524948251803,530,302426
09-195-00989,2024,9,2024_09,0.0029660148267675,0.0029660148267675,897,302426
09-195-00989,2024,10,2024_10,0.0058559779913102,0.0058559779913102,1771,302426
09-195-00989,2025,6,2025_06,0.0,0.0,0,302424
09-195-00989,2025,7,2025_07,0.0,0.0,0,302424
09-195-00989,2025,8,2025_08,0.0,0.0,0,302424
09-195-00989,2025,9,2025_09,0.0,0.0,0,302424
09-195-00989,2025,10,2025_10,0.0,0.0,0,302424
09-195-00990,2021,6,2021_06,0.0,0.0,0,388183
09-195-00990,2021,7,2021_07,0.0,0.0,0,388183
09-195-00990,2021,8,2021_08,0.1202268002462755,0.1202268002462755,46670,388183
09-195-00990,2021,9,2021_09,0.0254802502943199,0.0254802502943199,9891,388183
09-195-00990,2021,10,2021_10,0.0569009977252996,0.0569009977252996,22088,388183
09-195-00990,2022,8,2022_08,0.0458392047049973,0.0458392047049973,17794,388183
09-195-00990,2022,9,2022_09,0.0220875205766352,0.0220875205766352,8574,388183
09-195-00990,2022,10,2022_10,0.021345602460695,0.021345602460695,8286,388183
09-195-00990,2023,7,2023_07,0.0,0.0,0,388183
09-195-00990,2023,8,2023_08,0.0,0.0,0,388183
09-195-00990,2023,9,2023_09,0.0,0.0,0,388183
09-195-00990,2024,7,2024_07,0.0028002256667602,0.0028002256667602,1087,388183
09-195-00990,2024,8,2024_08,0.0035936658740851,0.0035936658740851,1395,388183
09-195-00990,2024,9,2024_09,0.0189807384661358,0.0189807384661358,7368,388183
09-195-00990,2024,10,2024_10,0.0014761079181726,0.0014761079181726,573,388183
09-195-00990,2025,6,2025_06,0.0,0.0,0,388195
09-195-00990,2025,7,2025_07,0.0,0.0,0,388195
09-195-00990,2025,8,2025_08,0.0,0.0,0,388195
09-195-00990,2025,9,2025_09,0.0,0.0,0,388195
09-195-00990,2025,10,2025_10,0.0,0.0,0,388195
09-195-00991,2021,6,2021_06,0.0,0.0,0,317767
09-195-00991,2021,7,2021_07,0.0,0.0,0,317767
09-195-00991,2021,8,2021_08,0.1219258135678028,0.1219258135678028,38744,317767
09-195-00991,2021,9,2021_09,0.0165970664040004,0.0165970664040004,5274,317767
09-195-00991,2021,10,2021_10,0.0,0.0,0,317767
09-195-00991,2022,8,2022_08,0.1195404179792111,0.1195404179792111,37986,317767
09-195-00991,2022,9,2022_09,0.0260473869218641,0.0260473869218641,8277,317767
09-195-00991,2022,10,2022_10,0.0092457681257021,0.0092457681257021,2938,317767
09-195-00991,2023,7,2023_07,0.0,0.0,0,317767
09-195-00991,2023,8,2023_08,0.0,0.0,0,317767
09-195-00991,2023,9,2023_09,0.0,0.0,0,317767
09-195-00991,2024,7,2024_07,0.0998435960939934,0.0998435960939934,31727,317767
09-195-00991,2024,8,2024_08,0.0043018941551514,0.0043018941551514,1367,317767
09-195-00991,2024,9,2024_09,0.0483782142261468,0.0483782142261468,15373,317767
09-195-00991,2024,10,2024_10,0.0068131681389193,0.0068131681389193,2165,317767
09-195-00991,2025,6,2025_06,0.0,0.0,0,317726
09-195-00991,2025,7,2025_07,0.0,0.0,0,317726
09-195-00991,2025,8,2025_08,0.0,0.0,0,317726
09-195-00991,2025,9,2025_09,0.0,0.0,0,317726
09-195-00991,2025,10,2025_10,0.0,0.0,0,317726
09-196-00992,2021,6,2021_06,0.0,0.0,0,295253
09-196-00992,2021,7,2021_07,0.0,0.0,0,295253
09-196-00992,2021,8,2021_08,0.0065570883276376,0.0065570883276376,1936,295253
09-196-00992,2021,9,2021_09,0.0,0.0,0,295253
09-196-00992,2021,10,2021_10,0.0,0.0,0,295253
09-196-00992,2022,8,2022_08,0.0787832807795348,0.0787832807795348,23261,295253
09-196-00992,2022,9,2022_09,0.0025639028223252,0.0025639028223252,757,295253
09-196-00992,2022,10,2022_10,0.0,0.0,0,295253
09-196-00992,2023,7,2023_07,0.0,0.0,0,295253
09-196-00992,2023,8,2023_08,0.0,0.0,0,295253
09-196-00992,2023,9,2023_09,0.0,0.0,0,295253
09-196-00992,2024,7,2024_07,0.0688494274401953,0.0688494274401953,20328,295253
09-196-00992,2024,8,2024_08,0.0142962137556604,0.0142962137556604,4221,295253
09-196-00992,2024,9,2024_09,0.0,0.0,0,295253
09-196-00992,2024,10,2024_10,0.0,0.0,0,295253
09-196-00992,2025,6,2025_06,0.0,0.0,0,295182
09-196-00992,2025,7,2025_07,0.0,0.0,0,295182
09-196-00992,2025,8,2025_08,0.0,0.0,0,295182
09-196-00992,2025,9,2025_09,0.0,0.0,0,295182
09-196-00992,2025,10,2025_10,0.0,0.0,0,295182
09-196-00993,2021,6,2021_06,0.0,0.0,0,289783
09-196-00993,2021,7,2021_07,0.0,0.0,0,289783
09-196-00993,2021,8,2021_08,0.0033611357464033,0.0033611357464033,974,289783
09-196-00993,2021,9,2021_09,0.0,0.0,0,289783
09-196-00993,2021,10,2021_10,0.0,0.0,0,289783
09-196-00993,2022,8,2022_08,0.0691137851426757,0.0691137851426757,20028,289783
09-196-00993,2022,9,2022_09,8.627145139638971e-05,8.627145139638971e-05,25,289783
09-196-00993,2022,10,2022_10,0.0,0.0,0,289783
09-196-00993,2023,7,2023_07,0.0,0.0,0,289783
09-196-00993,2023,8,2023_08,0.0,0.0,0,289783
09-196-00993,2023,9,2023_09,0.0,0.0,0,289783
09-196-00993,2024,7,2024_07,0.1107345841543499,0.1107345841543499,32089,289783
09-196-00993,2024,8,2024_08,0.0150319376913069,0.0150319376913069,4356,289783
09-196-00993,2024,9,2024_09,0.0,0.0,0,289783
09-196-00993,2024,10,2024_10,1.0352574167566765e-05,1.0352574167566765e-05,3,289783
09-196-00993,2025,6,2025_06,0.0,0.0,0,289803
09-196-00993,2025,7,2025_07,0.0,0.0,0,289803
09-196-00993,2025,8,2025_08,0.0,0.0,0,289803
09-196-00993,2025,9,2025_09,0.0,0.0,0,289803
09-196-00993,2025,10,2025_10,0.0,0.0,0,289803
09-196-00994,2021,6,2021_06,0.0,0.0,0,546376
09-196-00994,2021,7,2021_07,0.0,0.0,0,546376
09-196-00994,2021,8,2021_08,0.0,0.0,0,546376
09-196-00994,2021,9,2021_09,0.0,0.0,0,546376
09-196-00994,2021,10,2021_10,0.0,0.0,0,546376
09-196-00994,2022,8,2022_08,9.15120722725742e-05,9.15120722725742e-05,50,546376
09-196-00994,2022,9,2022_09,4.026531179993265e-05,4.026531179993265e-05,22,546376
09-196-00994,2022,10,2022_10,0.0,0.0,0,546376
09-196-00994,2023,7,2023_07,0.0,0.0,0,546376
09-196-00994,2023,8,2023_08,0.0,0.0,0,546376
09-196-00994,2023,9,2023_09,0.0,0.0,0,546376
09-196-00994,2024,7,2024_07,0.00050697688039,0.00050697688039,277,546376
09-196-00994,2024,8,2024_08,0.0001757031787633,0.0001757031787633,96,546376
09-196-00994,2024,9,2024_09,0.0,0.0,0,546376
09-196-00994,2024,10,2024_10,0.0,0.0,0,546376
09-196-00994,2025,6,2025_06,0.0,0.0,0,546328
09-196-00994,2025,7,2025_07,0.0,0.0,0,546328
09-196-00994,2025,8,2025_08,0.0,0.0,0,546328
09-196-00994,2025,9,2025_09,0.0,0.0,0,546328
09-196-00994,2025,10,2025_10,0.0,0.0,0,546328
09-197-00995,2021,6,2021_06,0.0,0.0,0,308644
09-197-00995,2021,7,2021_07,0.0,0.0,0,308644
09-197-00995,2021,8,2021_08,0.0240665621233524,0.0240665621233524,7428,308644
09-197-00995,2021,9,2021_09,0.0,0.0,0,308644
09-197-00995,2021,10,2021_10,0.0,0.0,0,308644
09-197-00995,2022,8,2022_08,0.0328112647581031,0.0328112647581031,10127,308644
09-197-00995,2022,9,2022_09,7.127953240626741e-05,7.127953240626741e-05,22,308644
09-197-00995,2022,10,2022_10,0.0,0.0,0,308644
09-197-00995,2023,7,2023_07,0.0,0.0,0,308644
09-197-00995,2023,8,2023_08,0.0,0.0,0,308644
09-197-00995,2023,9,2023_09,0.0,0.0,0,308644
09-197-00995,2024,7,2024_07,0.0013316312644989,0.0013316312644989,411,308644
09-197-00995,2024,8,2024_08,0.0,0.0,0,308644
09-197-00995,2024,9,2024_09,0.0,0.0,0,308644
09-197-00995,2024,10,2024_10,0.0,0.0,0,308644
09-197-00995,2025,6,2025_06,0.0,0.0,0,308697
09-197-00995,2025,7,2025_07,0.0,0.0,0,308697
09-197-00995,2025,8,2025_08,0.0,0.0,0,308697
09-197-00995,2025,9,2025_09,0.0,0.0,0,308697
09-197-00995,2025,10,2025_10,0.0,0.0,0,308697
09-197-00996,2021,6,2021_06,0.0,0.0,0,373044
09-197-00996,2021,7,2021_07,0.0,0.0,0,373044
09-197-00996,2021,8,2021_08,0.0153627990263883,0.0153627990263883,5731,373044
09-197-00996,2021,9,2021_09,0.0,0.0,0,373044
09-197-00996,2021,10,2021_10,0.0,0.0,0,373044
09-197-00996,2022,8,2022_08,0.0231474035234449,0.0231474035234449,8635,373044
09-197-00996,2022,9,2022_09,0.0038976635463913,0.0038976635463913,1454,373044
09-197-00996,2022,10,2022_10,0.0,0.0,0,373044
09-197-00996,2023,7,2023_07,0.0,0.0,0,373044
09-197-00996,2023,8,2023_08,0.0,0.0,0,373044
09-197-00996,2023,9,2023_09,0.0,0.0,0,373044
09-197-00996,2024,7,2024_07,0.0034821629620098,0.0034821629620098,1299,373044
09-197-00996,2024,8,2024_08,6.165492542434672e-05,6.165492542434672e-05,23,373044
09-197-00996,2024,9,2024_09,0.0,0.0,0,373044
09-197-00996,2024,10,2024_10,0.0,0.0,0,373044
09-197-00996,2025,6,2025_06,0.0,0.0,0,372999
09-197-00996,2025,7,2025_07,0.0,0.0,0,372999
09-197-00996,2025,8,2025_08,0.0,0.0,0,372999
09-197-00996,2025,9,2025_09,0.0,0.0,0,372999
09-197-00996,2025,10,2025_10,0.0,0.0,0,372999
09-198-00997,2021,6,2021_06,0.0,0.0,0,156799
09-198-00997,2021,7,2021_07,0.0,0.0,0,156799
09-198-00997,2021,8,2021_08,0.0,0.0,0,156799
09-198-00997,2021,9,2021_09,0.0,0.0,0,156799
09-198-00997,2021,10,2021_10,0.0,0.0,0,156799
09-198-00997,2022,8,2022_08,0.0,0.0,0,156799
09-198-00997,2022,9,2022_09,0.0001020414671011,0.0001020414671011,16,156799
09-198-00997,2022,10,2022_10,0.0,0.0,0,156799
09-198-00997,2023,7,2023_07,0.0,0.0,0,156799
09-198-00997,2023,8,2023_08,0.0,0.0,0,156799
09-198-00997,2023,9,2023_09,0.0,0.0,0,156799
09-198-00997,2024,7,2024_07,0.0,0.0,0,156799
09-198-00997,2024,8,2024_08,0.0,0.0,0,156799
09-198-00997,2024,9,2024_09,0.0,0.0,0,156799
09-198-00997,2024,10,2024_10,0.0,0.0,0,156799
09-198-00997,2025,6,2025_06,0.0,0.0,0,156813
09-198-00997,2025,7,2025_07,0.0,0.0,0,156813
09-198-00997,2025,8,2025_08,0.0,0.0,0,156813
09-198-00997,2025,9,2025_09,0.0,0.0,0,156813
09-198-00997,2025,10,2025_10,0.0,0.0,0,156813
09-198-00998,2021,6,2021_06,0.0,0.0,0,178466
09-198-00998,2021,7,2021_07,0.0,0.0,0,178466
09-198-00998,2021,8,2021_08,0.0114923851041655,0.0114923851041655,2051,178466
09-198-00998,2021,9,2021_09,0.0,0.0,0,178466
09-198-00998,2021,10,2021_10,0.0,0.0,0,178466
09-198-00998,2022,8,2022_08,0.005491242029294,0.005491242029294,980,178466
09-198-00998,2022,9,2022_09,1.120661638631448e-05,1.120661638631448e-05,2,178466
09-198-00998,2022,10,2022_10,0.0,0.0,0,178466
09-198-00998,2023,7,2023_07,0.0,0.0,0,178466
09-198-00998,2023,8,2023_08,0.0,0.0,0,178466
09-198-00998,2023,9,2023_09,0.0,0.0,0,178466
09-198-00998,2024,7,2024_07,0.0,0.0,0,178466
09-198-00998,2024,8,2024_08,0.0,0.0,0,178466
09-198-00998,2024,9,2024_09,0.0,0.0,0,178466
09-198-00998,2024,10,2024_10,0.0,0.0,0,178466
09-198-00998,2025,6,2025_06,0.0,0.0,0,178476
09-198-00998,2025,7,2025_07,0.0,0.0,0,178476
09-198-00998,2025,8,2025_08,0.0,0.0,0,178476
09-198-00998,2025,9,2025_09,0.0,0.0,0,178476
09-198-00998,2025,10,2025_10,0.0,0.0,0,178476
09-198-00999,2021,6,2021_06,0.0,0.0,0,115901
09-198-00999,2021,7,2021_07,0.0,0.0,0,115901
09-198-00999,2021,8,2021_08,0.0010871347097954,0.0010871347097954,126,115901
09-198-00999,2021,9,2021_09,0.0,0.0,0,115901
09-198-00999,2021,10,2021_10,0.0,0.0,0,115901
09-198-00999,2022,8,2022_08,0.0009404578045055,0.0009404578045055,109,115901
09-198-00999,2022,9,2022_09,7.765247927110206e-05,7.765247927110206e-05,9,115901
09-198-00999,2022,10,2022_10,0.0,0.0,0,115901
09-198-00999,2023,7,2023_07,0.0,0.0,0,115901
09-198-00999,2023,8,2023_08,0.0,0.0,0,115901
09-198-00999,2023,9,2023_09,0.0,0.0,0,115901
09-198-00999,2024,7,2024_07,0.0,0.0,0,115901
09-198-00999,2024,8,2024_08,0.0,0.0,0,115901
09-198-00999,2024,9,2024_09,0.0,0.0,0,115901
09-198-00999,2024,10,2024_10,0.0,0.0,0,115901
09-198-00999,2025,6,2025_06,0.0,0.0,0,115893
09-198-00999,2025,7,2025_07,0.0,0.0,0,115893
09-198-00999,2025,8,2025_08,0.0,0.0,0,115893
09-198-00999,2025,9,2025_09,0.0,0.0,0,115893
09-198-00999,2025,10,2025_10,0.0,0.0,0,115893
09-199-01000,2021,6,2021_06,0.0,0.0,0,515914
09-199-01000,2021,7,2021_07,0.0,0.0,0,515914
09-199-01000,2021,8,2021_08,0.1098012459440914,0.1098012459440914,56648,515914
09-199-01000,2021,9,2021_09,0.0,0.0,0,515914
09-199-01000,2021,10,2021_10,0.0,0.0,0,515914
09-199-01000,2022,8,2022_08,0.0571025403458715,0.0571025403458715,29460,515914
09-199-01000,2022,9,2022_09,0.0222478940288497,0.0222478940288497,11478,515914
09-199-01000,2022,10,2022_10,0.0,0.0,0,515914
09-199-01000,2023,7,2023_07,0.0,0.0,0,515914
09-199-01000,2023,8,2023_08,0.0,0.0,0,515914
09-199-01000,2023,9,2023_09,0.0,0.0,0,515914
09-199-01000,2024,7,2024_07,0.0033319506739495,0.0033319506739495,1719,515914
09-199-01000,2024,8,2024_08,0.0,0.0,0,515914
09-199-01000,2024,9,2024_09,0.0,0.0,0,515914
09-199-01000,2024,10,2024_10,0.0,0.0,0,515914
09-199-01000,2025,6,2025_06,0.0,0.0,0,515897
09-199-01000,2025,7,2025_07,0.0,0.0,0,515897
09-199-01000,2025,8,2025_08,0.0,0.0,0,515897
09-199-01000,2025,9,2025_09,0.0,0.0,0,515897
09-199-01000,2025,10,2025_10,0.0,0.0,0,515897
09-199-01001,2021,6,2021_06,0.0,0.0,0,596718
09-199-01001,2021,7,2021_07,0.0,0.0,0,596718
09-199-01001,2021,8,2021_08,0.0008630542400262,0.0008630542400262,515,596718
09-199-01001,2021,9,2021_09,0.0,0.0,0,596718
09-199-01001,2021,10,2021_10,0.0,0.0,0,596718
09-199-01001,2022,8,2022_08,0.0,0.0,0,596718
09-199-01001,2022,9,2022_09,0.0,0.0,0,596718
09-199-01001,2022,10,2022_10,0.0,0.0,0,596718
09-199-01001,2023,7,2023_07,0.0,0.0,0,596718
09-199-01001,2023,8,2023_08,0.0,0.0,0,596718
09-199-01001,2023,9,2023_09,0.0,0.0,0,596718
09-199-01001,2024,7,2024_07,7.708833988584223e-05,7.708833988584223e-05,46,596718
09-199-01001,2024,8,2024_08,1.1730834330454252e-05,1.1730834330454252e-05,7,596718
09-199-01001,2024,9,2024_09,0.0,0.0,0,596718
09-199-01001,2024,10,2024_10,0.0,0.0,0,596718
09-199-01001,2025,6,2025_06,0.0,0.0,0,596749
09-199-01001,2025,7,2025_07,0.0,0.0,0,596749
09-199-01001,2025,8,2025_08,0.0,0.0,0,596749
09-199-01001,2025,9,2025_09,0.0,0.0,0,596749
09-199-01001,2025,10,2025_10,0.0,0.0,0,596749
09-199-01002,2021,6,2021_06,0.0,0.0,0,383497
09-199-01002,2021,7,2021_07,0.0,0.0,0,383497
09-199-01002,2021,8,2021_08,0.0003833146022002,0.0003833146022002,147,383497
09-199-01002,2021,9,2021_09,0.0,0.0,0,383497
09-199-01002,2021,10,2021_10,0.0,0.0,0,383497
09-199-01002,2022,8,2022_08,0.0,0.0,0,383497
09-199-01002,2022,9,2022_09,0.0,0.0,0,383497
09-199-01002,2022,10,2022_10,1.825307629525133e-05,1.825307629525133e-05,7,383497
09-199-01002,2023,7,2023_07,0.0,0.0,0,383497
09-199-01002,2023,8,2023_08,0.0,0.0,0,383497
09-199-01002,2023,9,2023_09,0.0,0.0,0,383497
09-199-01002,2024,7,2024_07,0.0,0.0,0,383497
09-199-01002,2024,8,2024_08,7.822746983679143e-06,7.822746983679143e-06,3,383497
09-199-01002,2024,9,2024_09,0.0,0.0,0,383497
09-199-01002,2024,10,2024_10,0.0,0.0,0,383497
09-199-01002,2025,6,2025_06,0.0,0.0,0,383425
09-199-01002,2025,7,2025_07,0.0,0.0,0,383425
09-199-01002,2025,8,2025_08,0.0,0.0,0,383425
09-199-01002,2025,9,2025_09,0.0,0.0,0,383425
09-199-01002,2025,10,2025_10,0.0,0.0,0,383425
09-199-01003,2021,6,2021_06,0.0,0.0,0,461086
09-199-01003,2021,7,2021_07,0.0,0.0,0,461086
09-199-01003,2021,8,2021_08,0.0520575337355721,0.0520575337355721,24003,461086
09-199-01003,2021,9,2021_09,0.0,0.0,0,461086
09-199-01003,2021,10,2021_10,0.0,0.0,0,461086
09-199-01003,2022,8,2022_08,0.0600755607413801,0.0600755607413801,27700,461086
09-199-01003,2022,9,2022_09,0.0320872895728779,0.0320872895728779,14795,461086
09-199-01003,2022,10,2022_10,0.0,0.0,0,461086
09-199-01003,2023,7,2023_07,0.0,0.0,0,461086
09-199-01003,2023,8,2023_08,0.0,0.0,0,461086
09-199-01003,2023,9,2023_09,0.0,0.0,0,461086
09-199-01003,2024,7,2024_07,0.0186212550370212,0.0186212550370212,8586,461086
09-199-01003,2024,8,2024_08,0.0015571932351014,0.0015571932351014,718,461086
09-199-01003,2024,9,2024_09,0.0,0.0,0,461086
09-199-01003,2024,10,2024_10,0.0,0.0,0,461086
09-199-01003,2025,6,2025_06,0.0,0.0,0,461145
09-199-01003,2025,7,2025_07,0.0,0.0,0,461145
09-199-01003,2025,8,2025_08,0.0,0.0,0,461145
09-199-01003,2025,9,2025_09,0.0,0.0,0,461145
09-199-01003,2025,10,2025_10,0.0,0.0,0,461145
09-200-01004,2021,6,2021_06,0.0,0.0,0,379547
09-200-01004,2021,7,2021_07,0.0,0.0,0,379547
09-200-01004,2021,8,2021_08,0.0004452676480119,0.0004452676480119,169,379547
09-200-01004,2021,9,2021_09,0.0,0.0,0,379547
09-200-01004,2021,10,2021_10,0.0,0.0,0,379547
09-200-01004,2022,8,2022_08,5.269439621443458e-06,5.269439621443458e-06,2,379547
09-200-01004,2022,9,2022_09,0.0,0.0,0,379547
09-200-01004,2022,10,2022_10,2.107775848577383e-05,2.107775848577383e-05,8,379547
09-200-01004,2023,7,2023_07,0.0,0.0,0,379547
09-200-01004,2023,8,2023_08,0.0,0.0,0,379547
09-200-01004,2023,9,2023_09,0.0,0.0,0,379547
09-200-01004,2024,7,2024_07,0.0,0.0,0,379547
09-200-01004,2024,8,2024_08,0.0,0.0,0,379547
09-200-01004,2024,9,2024_09,0.0,0.0,0,379547
09-200-01004,2024,10,2024_10,0.0,0.0,0,379547
09-200-01004,2025,6,2025_06,0.0,0.0,0,379548
09-200-01004,2025,7,2025_07,0.0,0.0,0,379548
09-200-01004,2025,8,2025_08,0.0,0.0,0,379548
09-200-01004,2025,9,2025_09,0.0,0.0,0,379548
09-200-01004,2025,10,2025_10,0.0,0.0,0,379548
09-200-01005,2021,6,2021_06,0.0,0.0,0,1474789
09-200-01005,2021,7,2021_07,0.0,0.0,0,1474789
09-200-01005,2021,8,2021_08,0.0,0.0,0,1474789
09-200-01005,2021,9,2021_09,0.0,0.0,0,1474789
09-200-01005,2021,10,2021_10,0.0,0.0,0,1474789
09-200-01005,2022,8,2022_08,0.0001444274401287,0.0001444274401287,213,1474789
09-200-01005,2022,9,2022_09,8.407982430028973e-05,8.407982430028973e-05,124,1474789
09-200-01005,2022,10,2022_10,2.71225239678354e-06,2.71225239678354e-06,4,1474789
09-200-01005,2023,7,2023_07,0.0,0.0,0,1474789
09-200-01005,2023,8,2023_08,0.0,0.0,0,1474789
09-200-01005,2023,9,2023_09,0.0,0.0,0,1474789
09-200-01005,2024,7,2024_07,0.0,0.0,0,1474789
09-200-01005,2024,8,2024_08,0.0,0.0,0,1474789
09-200-01005,2024,9,2024_09,0.0,0.0,0,1474789
09-200-01005,2024,10,2024_10,0.0,0.0,0,1474789
09-200-01005,2025,6,2025_06,0.0,0.0,0,1474789
09-200-01005,2025,7,2025_07,0.0,0.0,0,1474789
09-200-01005,2025,8,2025_08,0.0,0.0,0,1474789
09-200-01005,2025,9,2025_09,0.0,0.0,0,1474789
09-200-01005,2025,10,2025_10,0.0,0.0,0,1474789
09-200-01006,2021,6,2021_06,0.0,0.0,0,1184003
09-200-01006,2021,7,2021_07,0.0,0.0,0,1184003
09-200-01006,2021,8,2021_08,0.0,0.0,0,1184003
09-200-01006,2021,9,2021_09,0.0,0.0,0,1184003
09-200-01006,2021,10,2021_10,0.0,0.0,0,1184003
09-200-01006,2022,8,2022_08,1.3513479273278868e-05,1.3513479273278868e-05,16,1184003
09-200-01006,2022,9,2022_09,3.378369818319717e-05,3.378369818319717e-05,40,1184003
09-200-01006,2022,10,2022_10,0.0,0.0,0,1184003
09-200-01006,2023,7,2023_07,0.0,0.0,0,1184003
09-200-01006,2023,8,2023_08,0.0,0.0,0,1184003
09-200-01006,2023,9,2023_09,0.0,0.0,0,1184003
09-200-01006,2024,7,2024_07,0.0,0.0,0,1184003
09-200-01006,2024,8,2024_08,2.1114811364498237e-05,2.1114811364498237e-05,25,1184003
09-200-01006,2024,9,2024_09,0.0,0.0,0,1184003
09-200-01006,2024,10,2024_10,0.0,0.0,0,1184003
09-200-01006,2025,6,2025_06,0.0,0.0,0,1183994
09-200-01006,2025,7,2025_07,0.0,0.0,0,1183994
09-200-01006,2025,8,2025_08,0.0,0.0,0,1183994
09-200-01006,2025,9,2025_09,0.0,0.0,0,1183994
09-200-01006,2025,10,2025_10,0.0,0.0,0,1183994
09-201-01007,2021,6,2021_06,0.0,0.0,0,294612
09-201-01007,2021,7,2021_07,0.0,0.0,0,294612
09-201-01007,2021,8,2021_08,0.0,0.0,0,294612
09-201-01007,2021,9,2021_09,0.0,0.0,0,294612
09-201-01007,2021,10,2021_10,0.0,0.0,0,294612
09-201-01007,2022,8,2022_08,0.0,0.0,0,294612
09-201-01007,2022,9,2022_09,5.430871790694201e-05,5.430871790694201e-05,16,294612
09-201-01007,2022,10,2022_10,0.0,0.0,0,294612
09-201-01007,2023,7,2023_07,0.0018363135242284,0.0018363135242284,541,294612
09-201-01007,2023,8,2023_08,0.0,0.0,0,294612
09-201-01007,2023,9,2023_09,0.0,0.0,0,294612
09-201-01007,2024,7,2024_07,0.0113267619784665,0.0113267619784665,3337,294612
09-201-01007,2024,8,2024_08,3.0548653822654884e-05,3.0548653822654884e-05,9,294612
09-201-01007,2024,9,2024_09,0.0,0.0,0,294612
09-201-01007,2024,10,2024_10,0.0,0.0,0,294612
09-201-01007,2025,6,2025_06,0.0,0.0,0,294623
09-201-01007,2025,7,2025_07,0.0,0.0,0,294623
09-201-01007,2025,8,2025_08,0.0,0.0,0,294623
09-201-01007,2025,9,2025_09,0.0,0.0,0,294623
09-201-01007,2025,10,2025_10,0.0,0.0,0,294623
09-201-01008,2021,6,2021_06,0.0,0.0,0,564254
09-201-01008,2021,7,2021_07,0.0,0.0,0,564254
09-201-01008,2021,8,2021_08,0.0,0.0,0,564254
09-201-01008,2021,9,2021_09,0.0,0.0,0,564254
09-201-01008,2021,10,2021_10,0.0,0.0,0,564254
09-201-01008,2022,8,2022_08,0.0,0.0,0,564254
09-201-01008,2022,9,2022_09,0.0,0.0,0,564254
09-201-01008,2022,10,2022_10,0.0,0.0,0,564254
09-201-01008,2023,7,2023_07,0.0055311969432206,0.0055311969432206,3121,564254
09-201-01008,2023,8,2023_08,0.0,0.0,0,564254
09-201-01008,2023,9,2023_09,0.0,0.0,0,564254
09-201-01008,2024,7,2024_07,0.0014904635146582,0.0014904635146582,841,564254
09-201-01008,2024,8,2024_08,0.0,0.0,0,564254
09-201-01008,2024,9,2024_09,0.0,0.0,0,564254
09-201-01008,2024,10,2024_10,0.0,0.0,0,564254
09-201-01008,2025,6,2025_06,0.0,0.0,0,564223
09-201-01008,2025,7,2025_07,0.0,0.0,0,564223
09-201-01008,2025,8,2025_08,0.0,0.0,0,564223
09-201-01008,2025,9,2025_09,0.0,0.0,0,564223
09-201-01008,2025,10,2025_10,0.0,0.0,0,564223
09-201-01009,2021,6,2021_06,0.0,0.0,0,238336
09-201-01009,2021,7,2021_07,0.0,0.0,0,238336
09-201-01009,2021,8,2021_08,0.0,0.0,0,238336
09-201-01009,2021,9,2021_09,0.0,0.0,0,238336
09-201-01009,2021,10,2021_10,0.0,0.0,0,238336
09-201-01009,2022,8,2022_08,0.0,0.0,0,238336
09-201-01009,2022,9,2022_09,0.0062097207303974,0.0062097207303974,1480,238336
09-201-01009,2022,10,2022_10,0.0,0.0,0,238336
09-201-01009,2023,7,2023_07,0.0064572704081632,0.0064572704081632,1539,238336
09-201-01009,2023,8,2023_08,0.0,0.0,0,238336
09-201-01009,2023,9,2023_09,0.0,0.0,0,238336
09-201-01009,2024,7,2024_07,0.0029244428034371,0.0029244428034371,697,238336
09-201-01009,2024,8,2024_08,0.0,0.0,0,238336
09-201-01009,2024,9,2024_09,0.0,0.0,0,238336
09-201-01009,2024,10,2024_10,0.0,0.0,0,238336
09-201-01009,2025,6,2025_06,0.0,0.0,0,238365
09-201-01009,2025,7,2025_07,0.0,0.0,0,238365
09-201-01009,2025,8,2025_08,0.0,0.0,0,238365
09-201-01009,2025,9,2025_09,0.0,0.0,0,238365
09-201-01009,2025,10,2025_10,0.0,0.0,0,238365
09-202-01010,2021,6,2021_06,0.0,0.0,0,278489
09-202-01010,2021,7,2021_07,0.0,0.0,0,278489
09-202-01010,2021,8,2021_08,0.0008761566884149,0.0008761566884149,244,278489
09-202-01010,2021,9,2021_09,0.0,0.0,0,278489
09-202-01010,2021,10,2021_10,0.0269884986480615,0.0269884986480615,7516,278489
09-202-01010,2022,8,2022_08,0.0017092237036292,0.0017092237036292,476,278489
09-202-01010,2022,9,2022_09,0.0005493933333093,0.0005493933333093,153,278489
09-202-01010,2022,10,2022_10,0.0,0.0,0,278489
09-202-01010,2023,7,2023_07,0.039419869366474,0.039419869366474,10978,278489
09-202-01010,2023,8,2023_08,0.086958551325187,0.086958551325187,24217,278489
09-202-01010,2023,9,2023_09,0.0,0.0,0,278489
09-202-01010,2024,7,2024_07,8.977015250153507e-05,8.977015250153507e-05,25,278489
09-202-01010,2024,8,2024_08,0.0,0.0,0,278489
09-202-01010,2024,9,2024_09,0.0,0.0,0,278489
09-202-01010,2024,10,2024_10,0.0,0.0,0,278489
09-202-01010,2025,6,2025_06,0.0,0.0,0,278422
09-202-01010,2025,7,2025_07,0.0,0.0,0,278422
09-202-01010,2025,8,2025_08,0.0,0.0,0,278422
09-202-01010,2025,9,2025_09,0.0,0.0,0,278422
09-202-01010,2025,10,2025_10,0.0,0.0,0,278422
09-202-01011,2021,6,2021_06,0.0,0.0,0,205123
09-202-01011,2021,7,2021_07,0.0,0.0,0,205123
09-202-01011,2021,8,2021_08,0.0,0.0,0,205123
09-202-01011,2021,9,2021_09,5.362636076890451e-05,5.362636076890451e-05,11,205123
09-202-01011,2021,10,2021_10,0.0018964231217367,0.0018964231217367,389,205123
09-202-01011,2022,8,2022_08,0.0001998800719568,0.0001998800719568,41,205123
09-202-01011,2022,9,2022_09,0.0001413785874816,0.0001413785874816,29,205123
09-202-01011,2022,10,2022_10,0.0,0.0,0,205123
09-202-01011,2023,7,2023_07,0.0139818547895652,0.0139818547895652,2868,205123
09-202-01011,2023,8,2023_08,0.0114955416993706,0.0114955416993706,2358,205123
09-202-01011,2023,9,2023_09,0.0,0.0,0,205123
09-202-01011,2024,7,2024_07,0.0001023775978315,0.0001023775978315,21,205123
09-202-01011,2024,8,2024_08,0.0,0.0,0,205123
09-202-01011,2024,9,2024_09,0.0,0.0,0,205123
09-202-01011,2024,10,2024_10,0.0,0.0,0,205123
09-202-01011,2025,6,2025_06,0.0,0.0,0,205131
09-202-01011,2025,7,2025_07,0.0,0.0,0,205131
09-202-01011,2025,8,2025_08,0.0,0.0,0,205131
09-202-01011,2025,9,2025_09,0.0,0.0,0,205131
09-202-01011,2025,10,2025_10,0.0,0.0,0,205131
09-202-01012,2021,6,2021_06,0.0,0.0,0,405423
09-202-01012,2021,7,2021_07,0.0,0.0,0,405423
09-202-01012,2021,8,2021_08,0.0372055852775989,0.0372055852775989,15084,405423
09-202-01012,2021,9,2021_09,0.0065240501895551,0.0065240501895551,2645,405423
09-202-01012,2021,10,2021_10,0.0680622460985193,0.0680622460985193,27594,405423
09-202-01012,2022,8,2022_08,0.0252847026439052,0.0252847026439052,10251,405423
09-202-01012,2022,9,2022_09,0.01639275522109,0.01639275522109,6646,405423
09-202-01012,2022,10,2022_10,3.946495388766794e-05,3.946495388766794e-05,16,405423
09-202-01012,2023,7,2023_07,0.1056896130707927,0.1056896130707927,42849,405423
09-202-01012,2023,8,2023_08,0.1066614375602765,0.1066614375602765,43243,405423
09-202-01012,2023,9,2023_09,0.0,0.0,0,405423
09-202-01012,2024,7,2024_07,0.0245324019604215,0.0245324019604215,9946,405423
09-202-01012,2024,8,2024_08,0.0020077795290351,0.0020077795290351,814,405423
09-202-01012,2024,9,2024_09,0.0,0.0,0,405423
09-202-01012,2024,10,2024_10,0.0,0.0,0,405423
09-202-01012,2025,6,2025_06,0.0,0.0,0,405433
09-202-01012,2025,7,2025_07,0.0,0.0,0,405433
09-202-01012,2025,8,2025_08,0.0,0.0,0,405433
09-202-01012,2025,9,2025_09,0.0,0.0,0,405433
09-202-01012,2025,10,2025_10,0.0,0.0,0,405433
09-704-00706,2021,6,2021_06,0.0,0.0,0,301739
09-704-00706,2021,7,2021_07,0.0,0.0,0,301739
09-704-00706,2021,8,2021_08,0.0,0.0,0,301739
09-704-00706,2021,9,2021_09,0.0,0.0,0,301739
09-704-00706,2021,10,2021_10,0.0,0.0,0,301739
09-704-00706,2022,8,2022_08,0.0,0.0,0,301739
09-704-00706,2022,9,2022_09,0.0,0.0,0,301739
09-704-00706,2022,10,2022_10,0.0,0.0,0,301739
09-704-00706,2023,7,2023_07,0.0,0.0,0,301739
09-704-00706,2023,8,2023_08,0.0,0.0,0,301739
09-704-00706,2023,9,2023_09,0.0,0.0,0,301739
09-704-00706,2024,7,2024_07,0.0,0.0,0,301739
09-704-00706,2024,8,2024_08,0.0,0.0,0,301739
09-704-00706,2024,9,2024_09,0.0,0.0,0,301739
09-704-00706,2024,10,2024_10,0.0,0.0,0,301739
09-704-00706,2025,6,2025_06,0.0,0.0,0,301721
09-704-00706,2025,7,2025_07,0.0,0.0,0,301721
09-704-00706,2025,8,2025_08,0.0,0.0,0,301721
09-704-00706,2025,9,2025_09,0.0001060582458628,0.0001060582458628,32,301721
09-704-00706,2025,10,2025_10,0.0,0.0,0,301721
09-704-00707,2021,6,2021_06,0.0,0.0,0,281095
09-704-00707,2021,7,2021_07,0.0,0.0,0,281095
09-704-00707,2021,8,2021_08,0.0,0.0,0,281095
09-704-00707,2021,9,2021_09,0.0,0.0,0,281095
09-704-00707,2021,10,2021_10,0.0,0.0,0,281095
09-704-00707,2022,8,2022_08,0.0,0.0,0,281095
09-704-00707,2022,9,2022_09,0.0,0.0,0,281095
09-704-00707,2022,10,2022_10,0.0,0.0,0,281095
09-704-00707,2023,7,2023_07,0.0,0.0,0,281095
09-704-00707,2023,8,2023_08,0.0,0.0,0,281095
09-704-00707,2023,9,2023_09,0.0,0.0,0,281095
09-704-00707,2024,7,2024_07,0.0,0.0,0,281095
09-704-00707,2024,8,2024_08,0.0,0.0,0,281095
09-704-00707,2024,9,2024_09,0.0,0.0,0,281095
09-704-00707,2024,10,2024_10,0.0,0.0,0,281095
09-704-00707,2025,6,2025_06,0.0,0.0,0,281117
09-704-00707,2025,7,2025_07,0.0,0.0,0,281117
09-704-00707,2025,8,2025_08,0.0,0.0,0,281117
09-704-00707,2025,9,2025_09,0.0,0.0,0,281117
09-704-00707,2025,10,2025_10,0.0,0.0,0,281117
09-705-00740,2021,6,2021_06,0.0,0.0,0,297471
09-705-00740,2021,7,2021_07,0.0,0.0,0,297471
09-705-00740,2021,8,2021_08,0.0,0.0,0,297471
09-705-00740,2021,9,2021_09,0.0,0.0,0,297471
09-705-00740,2021,10,2021_10,0.0,0.0,0,297471
09-705-00740,2022,8,2022_08,0.0,0.0,0,297471
09-705-00740,2022,9,2022_09,3.697839453257629e-05,3.697839453257629e-05,11,297471
09-705-00740,2022,10,2022_10,0.0,0.0,0,297471
09-705-00740,2023,7,2023_07,0.0,0.0,0,297471
09-705-00740,2023,8,2023_08,0.0,0.0,0,297471
09-705-00740,2023,9,2023_09,0.0,0.0,0,297471
09-705-00740,2024,7,2024_07,0.0001176585280581,0.0001176585280581,35,297471
09-705-00740,2024,8,2024_08,0.0,0.0,0,297471
09-705-00740,2024,9,2024_09,0.0,0.0,0,297471
09-705-00740,2024,10,2024_10,0.0,0.0,0,297471
09-705-00740,2025,6,2025_06,0.0,0.0,0,297481
09-705-00740,2025,7,2025_07,0.0,0.0,0,297481
09-705-00740,2025,8,2025_08,0.0,0.0,0,297481
09-705-00740,2025,9,2025_09,0.0,0.0,0,297481
09-705-00740,2025,10,2025_10,0.0,0.0,0,297481
09-705-00741,2021,6,2021_06,0.0,0.0,0,213900
09-705-00741,2021,7,2021_07,0.0,0.0,0,213900
09-705-00741,2021,8,2021_08,0.0,0.0,0,213900
09-705-00741,2021,9,2021_09,0.0,0.0,0,213900
09-705-00741,2021,10,2021_10,0.0082421692379616,0.0082421692379616,1763,213900
09-705-00741,2022,8,2022_08,0.0,0.0,0,213900
09-705-00741,2022,9,2022_09,0.0,0.0,0,213900
09-705-00741,2022,10,2022_10,0.0,0.0,0,213900
09-705-00741,2023,7,2023_07,0.0014118747078073,0.0014118747078073,302,213900
09-705-00741,2023,8,2023_08,0.0061898083216456,0.0061898083216456,1324,213900
09-705-00741,2023,9,2023_09,0.0,0.0,0,213900
09-705-00741,2024,7,2024_07,1.4025245441795232e-05,1.4025245441795232e-05,3,213900
09-705-00741,2024,8,2024_08,0.0,0.0,0,213900
09-705-00741,2024,9,2024_09,0.0,0.0,0,213900
09-705-00741,2024,10,2024_10,0.0,0.0,0,213900
09-705-00741,2025,6,2025_06,0.0,0.0,0,213932
09-705-00741,2025,7,2025_07,0.0,0.0,0,213932
09-705-00741,2025,8,2025_08,0.0,0.0,0,213932
09-705-00741,2025,9,2025_09,0.0,0.0,0,213932
09-705-00741,2025,10,2025_10,0.0,0.0,0,213932
09-706-00824,2021,6,2021_06,0.0,0.0,0,300683
09-706-00824,2021,7,2021_07,0.0,0.0,0,300683
09-706-00824,2021,8,2021_08,0.0001962199392715,0.0001962199392715,59,300683
09-706-00824,2021,9,2021_09,0.0,0.0,0,300683
09-706-00824,2021,10,2021_10,0.0,0.0,0,300683
09-706-00824,2022,8,2022_08,1.33030467302774e-05,1.33030467302774e-05,4,300683
09-706-00824,2022,9,2022_09,0.0,0.0,0,300683
09-706-00824,2022,10,2022_10,0.0002727124579706,0.0002727124579706,82,300683
09-706-00824,2023,7,2023_07,0.0,0.0,0,300683
09-706-00824,2023,8,2023_08,0.0,0.0,0,300683
09-706-00824,2023,9,2023_09,0.0,0.0,0,300683
09-706-00824,2024,7,2024_07,0.069658078441415,0.069658078441415,20945,300683
09-706-00824,2024,8,2024_08,6.6515233651387005e-06,6.6515233651387005e-06,2,300683
09-706-00824,2024,9,2024_09,0.0,0.0,0,300683
09-706-00824,2024,10,2024_10,0.0,0.0,0,300683
09-706-00824,2025,6,2025_06,0.0,0.0,0,300728
09-706-00824,2025,7,2025_07,0.0,0.0,0,300728
09-706-00824,2025,8,2025_08,0.0,0.0,0,300728
09-706-00824,2025,9,2025_09,0.0,0.0,0,300728
09-706-00824,2025,10,2025_10,0.0,0.0,0,300728
09-706-00912,2021,6,2021_06,0.0,0.0,0,254493
09-706-00912,2021,7,2021_07,0.0,0.0,0,254493
09-706-00912,2021,8,2021_08,0.000278986062485,0.000278986062485,71,254493
09-706-00912,2021,9,2021_09,0.0,0.0,0,254493
09-706-00912,2021,10,2021_10,0.0,0.0,0,254493
09-706-00912,2022,8,2022_08,0.0,0.0,0,254493
09-706-00912,2022,9,2022_09,0.0,0.0,0,254493
09-706-00912,2022,10,2022_10,0.0,0.0,0,254493
09-706-00912,2023,7,2023_07,0.0,0.0,0,254493
09-706-00912,2023,8,2023_08,0.0,0.0,0,254493
09-706-00912,2023,9,2023_09,0.0,0.0,0,254493
09-706-00912,2024,7,2024_07,0.007359730915978,0.007359730915978,1873,254493
09-706-00912,2024,8,2024_08,0.0,0.0,0,254493
09-706-00912,2024,9,2024_09,0.0,0.0,0,254493
09-706-00912,2024,10,2024_10,0.0,0.0,0,254493
09-706-00912,2025,6,2025_06,0.0,0.0,0,254521
09-706-00912,2025,7,2025_07,0.0,0.0,0,254521
09-706-00912,2025,8,2025_08,0.0,0.0,0,254521
09-706-00912,2025,9,2025_09,0.0,0.0,0,254521
09-706-00912,2025,10,2025_10,0.0,0.0,0,254521
09-706-00913,2021,6,2021_06,0.0,0.0,0,263012
09-706-00913,2021,7,2021_07,0.0,0.0,0,263012
09-706-00913,2021,8,2021_08,8.744848143810929e-05,8.744848143810929e-05,23,263012
09-706-00913,2021,9,2021_09,0.0,0.0,0,263012
09-706-00913,2021,10,2021_10,0.0,0.0,0,263012
09-706-00913,2022,8,2022_08,0.0,0.0,0,263012
09-706-00913,2022,9,2022_09,0.0,0.0,0,263012
09-706-00913,2022,10,2022_10,0.0,0.0,0,263012
09-706-00913,2023,7,2023_07,0.0,0.0,0,263012
09-706-00913,2023,8,2023_08,0.0,0.0,0,263012
09-706-00913,2023,9,2023_09,0.0,0.0,0,263012
09-706-00913,2024,7,2024_07,0.0163528660289264,0.0163528660289264,4301,263012
09-706-00913,2024,8,2024_08,0.0,0.0,0,263012
09-706-00913,2024,9,2024_09,0.0,0.0,0,263012
09-706-00913,2024,10,2024_10,0.0,0.0,0,263012
09-706-00913,2025,6,2025_06,0.0,0.0,0,262956
09-706-00913,2025,7,2025_07,0.0,0.0,0,262956
09-706-00913,2025,8,2025_08,0.0,0.0,0,262956
09-706-00913,2025,9,2025_09,0.0,0.0,0,262956
09-706-00913,2025,10,2025_10,0.0,0.0,0,262956
09-706-00914,2021,6,2021_06,0.0,0.0,0,268793
09-706-00914,2021,7,2021_07,0.0,0.0,0,268793
09-706-00914,2021,8,2021_08,1.1161004936884516e-05,1.1161004936884516e-05,3,268793
09-706-00914,2021,9,2021_09,0.0,0.0,0,268793
09-706-00914,2021,10,2021_10,0.0,0.0,0,268793
09-706-00914,2022,8,2022_08,0.0,0.0,0,268793
09-706-00914,2022,9,2022_09,0.0,0.0,0,268793
09-706-00914,2022,10,2022_10,0.0,0.0,0,268793
09-706-00914,2023,7,2023_07,0.0,0.0,0,268793
09-706-00914,2023,8,2023_08,0.0,0.0,0,268793
09-706-00914,2023,9,2023_09,0.0,0.0,0,268793
09-706-00914,2024,7,2024_07,0.0027716495593263,0.0027716495593263,745,268793
09-706-00914,2024,8,2024_08,0.0,0.0,0,268793
09-706-00914,2024,9,2024_09,0.0,0.0,0,268793
09-706-00914,2024,10,2024_10,0.0,0.0,0,268793
09-706-00914,2025,6,2025_06,0.0,0.0,0,268820
09-706-00914,2025,7,2025_07,0.0,0.0,0,268820
09-706-00914,2025,8,2025_08,0.0,0.0,0,268820
09-706-00914,2025,9,2025_09,0.0,0.0,0,268820
09-706-00914,2025,10,2025_10,0.0,0.0,0,268820
09-754-00721,2021,6,2021_06,0.0,0.0,0,406625
09-754-00721,2021,7,2021_07,0.0,0.0,0,406625
09-754-00721,2021,8,2021_08,0.0,0.0,0,406625
09-754-00721,2021,9,2021_09,1.9674146941284967e-05,1.9674146941284967e-05,8,406625
09-754-00721,2021,10,2021_10,0.0,0.0,0,406625
09-754-00721,2022,8,2022_08,0.0,0.0,0,406625
09-754-00721,2022,9,2022_09,3.442975714724869e-05,3.442975714724869e-05,14,406625
09-754-00721,2022,10,2022_10,0.0,0.0,0,406625
09-754-00721,2023,7,2023_07,0.0009984629572702,0.0009984629572702,406,406625
09-754-00721,2023,8,2023_08,0.0,0.0,0,406625
09-754-00721,2023,9,2023_09,0.0,0.0,0,406625
09-754-00721,2024,7,2024_07,0.0003246234245312,0.0003246234245312,132,406625
09-754-00721,2024,8,2024_08,0.0,0.0,0,406625
09-754-00721,2024,9,2024_09,0.0,0.0,0,406625
09-754-00721,2024,10,2024_10,0.0,0.0,0,406625
09-754-00721,2025,6,2025_06,0.0,0.0,0,406656
09-754-00721,2025,7,2025_07,0.0,0.0,0,406656
09-754-00721,2025,8,2025_08,0.0,0.0,0,406656
09-754-00721,2025,9,2025_09,0.0,0.0,0,406656
09-754-00721,2025,10,2025_10,0.0,0.0,0,406656
09-754-00722,2021,6,2021_06,0.0,0.0,0,288905
09-754-00722,2021,7,2021_07,0.0,0.0,0,288905
09-754-00722,2021,8,2021_08,0.0,0.0,0,288905
09-754-00722,2021,9,2021_09,0.0001661445803984,0.0001661445803984,48,288905
09-754-00722,2021,10,2021_10,0.0,0.0,0,288905
09-754-00722,2022,8,2022_08,0.0,0.0,0,288905
09-754-00722,2022,9,2022_09,0.0,0.0,0,288905
09-754-00722,2022,10,2022_10,0.0,0.0,0,288905
09-754-00722,2023,7,2023_07,0.0089441165781139,0.0089441165781139,2584,288905
09-754-00722,2023,8,2023_08,0.0,0.0,0,288905
09-754-00722,2023,9,2023_09,0.0,0.0,0,288905
09-754-00722,2024,7,2024_07,0.0019002786383067,0.0019002786383067,549,288905
09-754-00722,2024,8,2024_08,0.0,0.0,0,288905
09-754-00722,2024,9,2024_09,0.0,0.0,0,288905
09-754-00722,2024,10,2024_10,0.0,0.0,0,288905
09-754-00722,2025,6,2025_06,0.0,0.0,0,288878
09-754-00722,2025,7,2025_07,0.0,0.0,0,288878
09-754-00722,2025,8,2025_08,0.0,0.0,0,288878
09-754-00722,2025,9,2025_09,0.0,0.0,0,288878
09-754-00722,2025,10,2025_10,0.0,0.0,0,288878
09-754-00778,2021,6,2021_06,0.0,0.0,0,413294
09-754-00778,2021,7,2021_07,0.0,0.0,0,413294
09-754-00778,2021,8,2021_08,0.0,0.0,0,413294
09-754-00778,2021,9,2021_09,0.0,0.0,0,413294
09-754-00778,2021,10,2021_10,0.001367065575595,0.001367065575595,565,413294
09-754-00778,2022,8,2022_08,0.0004573015819247,0.0004573015819247,189,413294
09-754-00778,2022,9,2022_09,0.0,0.0,0,413294
09-754-00778,2022,10,2022_10,0.0,0.0,0,413294
09-754-00778,2023,7,2023_07,0.0119140369809385,0.0119140369809385,4924,413294
09-754-00778,2023,8,2023_08,0.0226303793425503,0.0226303793425503,9353,413294
09-754-00778,2023,9,2023_09,0.0,0.0,0,413294
09-754-00778,2024,7,2024_07,0.0059231442992155,0.0059231442992155,2448,413294
09-754-00778,2024,8,2024_08,0.0,0.0,0,413294
09-754-00778,2024,9,2024_09,0.0,0.0,0,413294
09-754-00778,2024,10,2024_10,0.0,0.0,0,413294
09-754-00778,2025,6,2025_06,0.0,0.0,0,413257
09-754-00778,2025,7,2025_07,0.0,0.0,0,413257
09-754-00778,2025,8,2025_08,0.0,0.0,0,413257
09-754-00778,2025,9,2025_09,0.0,0.0,0,413257
09-754-00778,2025,10,2025_10,0.0,0.0,0,413257
