village_code,village_name,population,households,children_0_6,sc_population,st_population,area_hectares,population_density,children_ratio,sc_ratio,st_ratio,chc,phc,sub_health_centre,allopathic_hospital,dispensary,treated_tap_water,hand_pump,tube_well,river_canal,pond_lake,closed_drainage,no_drainage,national_highway,state_highway,major_district_road,black_topped_road,all_weather_road,footpath,mobile_coverage,internet_csc,pds_shop,anganwadi,asha,subdistrict_hq_distance_km,district_hq_distance_km,nearest_town_distance_km,vulnerability_score_100,vulnerability_category
160730,Kamalapur,2239,378,311,424,0,91.77,24.39795140023973,0.1389012952210808,0.1893702545779365,0.0,0.0,1.0,0.0,0.0,0.0,0.0,1.0,1.0,1.0,1.0,0.0,1.0,0.0,0.0,0.0,1.0,1.0,1.0,1.0,0.0,1.0,1.0,1.0,30.0,35.0,35.0,38.61712709995741,Medium
160731,Daharpurjapti urf Bandhpur,950,158,154,220,0,39.52,24.038461538461537,0.1621052631578947,0.231578947368421,0.0,0.0,0.0,0.0,0.0,0.0,0.0,1.0,1.0,0.0,0.0,0.0,0.0,0.0,0.0,1.0,1.0,1.0,1.0,0.0,0.0,0.0,0.0,1.0,30.0,39.0,30.0,35.34284081229485,Medium
160732,Daherpur Singrour,0,0,0,0,0,33.59,0.0,,,,,,,,,,,,,,,,,,,,,,,,,,,30.0,40.0,30.0,45.0,Medium
160733,Madhapur,6,2,0,0,0,27.68,0.2167630057803468,0.0,0.0,0.0,,,,,,0.0,1.0,1.0,1.0,0.0,0.0,1.0,0.0,0.0,1.0,1.0,1.0,1.0,0.0,0.0,1.0,1.0,1.0,30.0,38.0,30.0,38.342246567795286,Medium
160734,Andiyari,3036,507,453,1024,0,217.55,13.955412548839346,0.1492094861660079,0.3372859025032938,0.0,0.0,0.0,0.0,0.0,0.0,1.0,1.0,0.0,1.0,1.0,0.0,0.0,1.0,1.0,1.0,1.0,1.0,1.0,0.0,0.0,1.0,1.0,1.0,23.0,36.0,36.0,35.0698901103648,Medium
160735,Chaksah Hamid Taluka Sigraur,0,0,0,0,0,8.51,0.0,,,,,,,,,,,,,,,,,,,,,,,,,,,24.0,37.0,37.0,45.0,Medium
160736,Araji Chak Raghubir Pathak,0,0,0,0,0,4.46,0.0,,,,,,,,,,,,,,,,,,,,,,,,,,,30.0,38.0,38.0,45.0,Medium
160737,Bhikhampur,0,0,0,0,0,4.13,0.0,,,,,,,,,,,,,,,,,,,,,,,,,,,28.0,38.0,38.0,45.0,Medium
160738,Chak Motiram Ojha,665,101,91,204,0,30.5,21.80327868852459,0.1368421052631579,0.3067669172932331,0.0,0.0,0.0,0.0,0.0,0.0,0.0,1.0,1.0,0.0,0.0,0.0,1.0,0.0,0.0,1.0,1.0,1.0,1.0,0.0,0.0,0.0,0.0,1.0,40.0,42.0,42.0,44.86897582844805,Medium
160739,Piyri Urf Bijalipur,4119,631,560,1084,1,224.48,18.349073414112617,0.1359553289633406,0.2631706724933236,0.0002427773731488,0.0,0.0,0.0,0.0,0.0,0.0,1.0,1.0,1.0,1.0,0.0,1.0,0.0,0.0,0.0,1.0,1.0,1.0,1.0,0.0,1.0,1.0,1.0,31.0,36.0,36.0,41.98815228515832,Medium
160740,Chak Ragubir Pathak,254,41,35,159,0,13.71,18.52662290299052,0.1377952755905512,0.6259842519685039,0.0,0.0,0.0,0.0,0.0,0.0,0.0,1.0,1.0,0.0,0.0,0.0,1.0,0.0,0.0,1.0,1.0,1.0,1.0,0.0,0.0,0.0,1.0,1.0,28.0,39.0,39.0,46.358922437798526,Medium
160741,Kasimpur Jharha,311,50,44,30,0,22.63,13.742819266460453,0.1414790996784566,0.0964630225080385,0.0,0.0,0.0,0.0,0.0,0.0,0.0,1.0,1.0,1.0,1.0,1.0,0.0,0.0,1.0,1.0,1.0,1.0,1.0,0.0,0.0,1.0,1.0,1.0,25.0,40.0,40.0,33.62512233916566,Medium
160742,Patana Uparhar,1168,201,216,458,0,132.41,8.8210860206933,0.184931506849315,0.3921232876712329,0.0,0.0,0.0,0.0,0.0,0.0,0.0,1.0,1.0,1.0,1.0,0.0,1.0,1.0,0.0,1.0,1.0,1.0,1.0,0.0,0.0,1.0,0.0,1.0,30.0,39.0,39.0,46.2046155790004,Medium
160743,Syampur,280,55,32,20,0,38.42,7.287870900572618,0.1142857142857142,0.0714285714285714,0.0,0.0,0.0,0.0,0.0,0.0,0.0,1.0,1.0,1.0,1.0,0.0,1.0,1.0,0.0,1.0,1.0,1.0,1.0,0.0,0.0,0.0,0.0,1.0,30.0,39.0,39.0,42.418722841908426,Medium
160744,Akhayrajpur Uprhar,956,184,187,372,0,72.5,13.186206896551724,0.1956066945606694,0.3891213389121339,0.0,0.0,0.0,0.0,0.0,0.0,0.0,1.0,1.0,0.0,1.0,0.0,1.0,1.0,0.0,1.0,1.0,1.0,1.0,0.0,0.0,0.0,0.0,0.0,30.0,40.0,40.0,46.6893540219343,Medium
160745,Akhayrajpur Kachhar,0,0,0,0,0,45.73,0.0,,,,,,,,,,,,,,,,,,,,,,,,,,,30.0,40.0,40.0,45.0,Medium
160746,Patana Kachhar,0,0,0,0,0,30.37,0.0,,,,,,,,,,,,,,,,,,,,,,,,,,,30.0,42.0,42.0,45.0,Medium
160747,Meerjahapur Kachhar,0,0,0,0,0,11.74,0.0,,,,,,,,,,,,,,,,,,,,,,,,,,,30.0,40.0,40.0,45.0,Medium
160748,Khandrauli,1030,187,116,145,0,61.04,16.874180865006554,0.1126213592233009,0.1407766990291262,0.0,0.0,0.0,0.0,0.0,0.0,0.0,1.0,0.0,0.0,1.0,0.0,0.0,0.0,0.0,0.0,1.0,1.0,1.0,0.0,0.0,1.0,1.0,1.0,24.0,37.0,37.0,36.443052558770965,Medium
160749,Jagdishpur Purabnara,568,103,90,169,0,48.74,11.65367254821502,0.1584507042253521,0.2975352112676056,0.0,0.0,0.0,0.0,0.0,0.0,0.0,1.0,0.0,1.0,1.0,1.0,0.0,0.0,0.0,0.0,1.0,1.0,1.0,0.0,0.0,1.0,1.0,1.0,23.0,36.0,36.0,38.38705962116109,Medium
160750,Kutubuddinpur,478,83,72,238,0,33.63,14.213499851323222,0.1506276150627615,0.497907949790795,0.0,0.0,0.0,0.0,0.0,0.0,0.0,1.0,0.0,1.0,1.0,1.0,0.0,0.0,1.0,0.0,1.0,1.0,1.0,0.0,0.0,0.0,1.0,1.0,22.0,35.0,35.0,39.25949002507807,Medium
160751,Chak Motvi Vaker,0,0,0,0,0,38.18,0.0,,,,,,,,,,,,,,,,,,,,,,,,,,,21.0,34.0,34.0,45.0,Medium
160752,Bhagawtipur,2035,323,246,363,0,93.81,21.692783285364037,0.1208845208845208,0.1783783783783784,0.0,0.0,0.0,,0.0,0.0,1.0,1.0,0.0,1.0,1.0,1.0,0.0,1.0,1.0,1.0,1.0,0.0,1.0,0.0,0.0,1.0,1.0,1.0,21.0,34.0,34.0,38.74376206229297,Medium
160753,Singraur Uprhar,5928,976,874,1853,0,615.68,9.62837837837838,0.1474358974358974,0.3125843454790823,0.0,0.0,0.0,,0.0,0.0,0.0,1.0,1.0,1.0,0.0,0.0,0.0,0.0,0.0,1.0,0.0,0.0,0.0,0.0,0.0,1.0,1.0,1.0,25.0,32.0,32.0,44.7152482226762,Medium
160754,Meerjahapur,208,39,22,0,0,85.63,2.429055237650356,0.1057692307692307,0.0,0.0,0.0,0.0,0.0,0.0,0.0,0.0,1.0,1.0,1.0,0.0,1.0,1.0,1.0,0.0,1.0,1.0,1.0,1.0,0.0,0.0,0.0,0.0,1.0,30.0,39.0,39.0,41.60629233165762,Medium
160755,Singraur Kachhar,0,0,0,0,0,28.88,0.0,,,,,,,,,,,,,,,,,,,,,,,,,,,25.0,32.0,32.0,45.0,Medium
160756,Buripur Ramnager Kachhar,0,0,0,0,0,68.58,0.0,,,,,,,,,,,,,,,,,,,,,,,,,,,24.5,32.5,32.5,45.0,Medium
160757,Baripur Ramnager Uprhar,2883,467,460,314,0,159.51,18.074101937182625,0.1595560180367672,0.1089143253555324,0.0,0.0,0.0,0.0,0.0,0.0,0.0,1.0,0.0,0.0,0.0,0.0,0.0,0.0,0.0,0.0,1.0,1.0,1.0,0.0,0.0,1.0,1.0,1.0,24.0,32.0,32.0,37.741120875298165,Medium
160758,Saraidadan Kachhar,0,0,0,0,0,184.28,0.0,,,,,,,,,,,,,,,,,,,,,,,,,,,25.5,33.5,33.5,45.0,Medium
160759,Saraidadan Uprhar,2175,336,319,807,0,145.06,14.993795670756928,0.1466666666666666,0.3710344827586206,0.0,0.0,0.0,,0.0,0.0,0.0,1.0,0.0,0.0,0.0,0.0,0.0,0.0,0.0,0.0,1.0,1.0,1.0,1.0,0.0,0.0,1.0,1.0,25.0,33.0,33.0,36.038379784935,Medium
160760,Ganipur,1530,284,276,302,0,460.46,3.32276419232941,0.1803921568627451,0.1973856209150326,0.0,0.0,0.0,0.0,0.0,0.0,1.0,1.0,1.0,1.0,1.0,0.0,1.0,1.0,1.0,1.0,1.0,1.0,1.0,1.0,0.0,0.0,0.0,0.0,26.0,38.0,38.0,39.0353239491584,Medium
160761,Mansurabad,3386,524,553,586,0,43.02,78.70757787075779,0.1633195510927348,0.1730655640874187,0.0,0.0,0.0,0.0,0.0,0.0,0.0,1.0,0.0,0.0,0.0,0.0,0.0,0.0,1.0,1.0,1.0,1.0,1.0,1.0,1.0,1.0,1.0,1.0,22.0,30.0,30.0,35.668014713764826,Medium
160762,Mohiuddinpur,1267,214,196,291,0,123.05,10.296627387240958,0.154696132596685,0.2296764009471192,0.0,0.0,0.0,0.0,0.0,0.0,0.0,1.0,0.0,0.0,0.0,0.0,0.0,0.0,0.0,0.0,1.0,1.0,1.0,1.0,0.0,1.0,1.0,1.0,23.0,31.0,31.0,35.37932710141142,Medium
160763,Mendara,4960,809,719,1477,0,299.0,16.588628762541806,0.1449596774193548,0.2977822580645161,0.0,0.0,0.0,0.0,0.0,0.0,0.0,1.0,1.0,0.0,0.0,0.0,1.0,1.0,0.0,0.0,1.0,0.0,1.0,0.0,0.0,1.0,0.0,1.0,18.0,23.0,23.0,49.85315474352595,Medium
160764,Munourpur,1305,191,164,238,0,71.0,18.380281690140844,0.1256704980842911,0.182375478927203,0.0,0.0,0.0,0.0,0.0,0.0,0.0,1.0,1.0,0.0,0.0,0.0,1.0,0.0,0.0,0.0,0.0,0.0,1.0,0.0,0.0,1.0,1.0,1.0,15.0,20.0,20.0,53.77111773746576,Medium
160765,Ebrahimpurtaluka Mendara,1354,197,219,185,0,42.96,31.517690875232773,0.1617429837518463,0.1366322008862629,0.0,0.0,0.0,0.0,0.0,0.0,0.0,1.0,1.0,0.0,0.0,0.0,1.0,0.0,0.0,0.0,1.0,0.0,1.0,0.0,0.0,1.0,1.0,1.0,15.0,20.0,20.0,50.164782526195495,Medium
160766,Pure Nanku,473,85,81,35,0,79.1,5.979772439949431,0.1712473572938689,0.0739957716701902,0.0,0.0,0.0,0.0,0.0,0.0,0.0,1.0,0.0,0.0,0.0,0.0,1.0,1.0,1.0,1.0,1.0,1.0,1.0,1.0,0.0,1.0,1.0,1.0,17.0,30.0,30.0,44.919952822101415,Medium
160767,Belha,1252,222,175,155,0,112.6,11.119005328596804,0.139776357827476,0.1238019169329073,0.0,0.0,0.0,0.0,0.0,0.0,0.0,1.0,1.0,0.0,0.0,0.0,1.0,0.0,0.0,0.0,0.0,0.0,1.0,0.0,0.0,1.0,1.0,1.0,15.0,20.0,20.0,53.60284405697132,Medium
160768,Pure Udhou,347,66,36,67,0,14.57,23.816060398078243,0.1037463976945245,0.1930835734870317,0.0,0.0,0.0,0.0,0.0,0.0,0.0,1.0,1.0,0.0,0.0,0.0,1.0,0.0,0.0,0.0,0.0,0.0,1.0,0.0,0.0,1.0,1.0,1.0,15.0,20.0,20.0,53.39045290599936,Medium
160769,Sivrajpur,0,0,0,0,0,5.26,0.0,,,,,,,,,,,,,,,,,,,,,,,,,,,16.0,21.0,21.0,45.0,Medium
160770,Chaksaha Majhar Ali,0,0,0,0,0,8.32,0.0,,,,,,,,,,,,,,,,,,,,,,,,,,,15.0,20.0,20.0,45.0,Medium
160771,Mohrub,1768,300,274,840,0,154.36,11.453744493392067,0.1549773755656108,0.4751131221719457,0.0,0.0,0.0,0.0,0.0,0.0,0.0,1.0,0.0,1.0,1.0,0.0,0.0,0.0,0.0,1.0,1.0,0.0,1.0,0.0,0.0,1.0,1.0,1.0,21.0,35.0,35.0,44.16252832992599,Medium
160772,Bhitipattibisniurf Bhagawanpur,382,72,64,22,0,44.85,8.517279821627648,0.1675392670157068,0.0575916230366492,0.0,0.0,0.0,0.0,0.0,0.0,0.0,1.0,0.0,0.0,0.0,0.0,0.0,0.0,1.0,0.0,1.0,0.0,1.0,1.0,0.0,1.0,0.0,1.0,25.0,25.0,25.0,39.8310309678111,Medium
160773,Goshpur,372,75,55,184,0,20.54,18.111002921129504,0.1478494623655914,0.4946236559139785,0.0,0.0,0.0,0.0,0.0,0.0,0.0,1.0,0.0,0.0,0.0,0.0,0.0,0.0,0.0,0.0,1.0,0.0,1.0,1.0,0.0,1.0,1.0,1.0,25.0,25.0,25.0,41.819988216143685,Medium
160774,Bhitipatti Rajai,1325,251,201,337,0,55.57,23.843800611840923,0.1516981132075471,0.2543396226415094,0.0,0.0,0.0,0.0,0.0,0.0,0.0,1.0,0.0,1.0,1.0,0.0,0.0,0.0,0.0,0.0,1.0,1.0,1.0,0.0,0.0,1.0,0.0,1.0,20.0,34.0,34.0,38.46975862036421,Medium
160775,Chandpur,259,51,44,239,0,17.81,14.54239191465469,0.1698841698841698,0.9227799227799228,0.0,0.0,0.0,0.0,0.0,0.0,0.0,1.0,0.0,0.0,0.0,0.0,0.0,0.0,0.0,0.0,1.0,1.0,1.0,0.0,0.0,0.0,1.0,1.0,25.0,25.0,25.0,41.97507048476341,Medium
160776,Gariyava,586,93,83,0,0,13.82,42.40231548480463,0.1416382252559727,0.0,0.0,0.0,0.0,0.0,0.0,0.0,0.0,1.0,0.0,0.0,0.0,0.0,1.0,0.0,0.0,0.0,1.0,1.0,1.0,0.0,0.0,0.0,1.0,1.0,25.0,25.0,25.0,47.65938483444378,Medium
160777,Abdullapur,837,141,111,301,0,45.18,18.52589641434263,0.1326164874551971,0.3596176821983273,0.0,0.0,0.0,0.0,0.0,0.0,0.0,1.0,0.0,0.0,0.0,0.0,0.0,0.0,1.0,0.0,1.0,1.0,1.0,1.0,0.0,0.0,1.0,1.0,25.0,25.0,25.0,35.70502940520937,Medium
160778,Fatehpur Kayasthan,1509,287,252,713,0,82.07,18.386743024247597,0.1669980119284294,0.4724983432736911,0.0,0.0,0.0,0.0,0.0,0.0,0.0,1.0,0.0,0.0,0.0,0.0,0.0,0.0,0.0,0.0,1.0,1.0,1.0,1.0,0.0,1.0,1.0,1.0,25.0,25.0,25.0,37.295156496115645,Medium
160779,Ganeshpur,353,79,72,306,0,33.51,10.534168904804536,0.2039660056657223,0.8668555240793201,0.0,0.0,0.0,0.0,0.0,0.0,0.0,1.0,0.0,0.0,0.0,0.0,0.0,0.0,0.0,0.0,1.0,1.0,1.0,1.0,0.0,0.0,1.0,1.0,25.0,25.0,25.0,40.05308655022633,Medium
160780,Samhai,4904,830,748,1958,0,350.83,13.97828007867058,0.1525285481239804,0.3992659053833605,0.0,0.0,0.0,0.0,0.0,0.0,0.0,1.0,0.0,0.0,0.0,0.0,0.0,0.0,1.0,1.0,1.0,1.0,1.0,1.0,0.0,1.0,1.0,1.0,22.0,22.0,22.0,36.31363562329915,Medium
160781,Phulpur Urf Jagapur,1316,229,168,154,0,102.51,12.837771924690273,0.1276595744680851,0.1170212765957446,0.0,0.0,0.0,0.0,0.0,0.0,0.0,1.0,1.0,1.0,0.0,0.0,0.0,0.0,0.0,0.0,1.0,0.0,1.0,0.0,0.0,1.0,0.0,1.0,25.0,40.0,25.0,38.27611255851837,Medium
160782,Aladadpur,1050,165,149,300,0,69.74,15.055921995985088,0.1419047619047619,0.2857142857142857,0.0,0.0,0.0,0.0,0.0,0.0,0.0,1.0,0.0,0.0,1.0,0.0,0.0,0.0,0.0,0.0,1.0,1.0,1.0,0.0,0.0,0.0,1.0,1.0,23.0,38.0,23.0,37.97147627405676,Medium
160783,Sarai Padmauat,687,117,88,158,0,43.94,15.634956759217117,0.1280931586608442,0.229985443959243,0.0,0.0,0.0,0.0,0.0,0.0,0.0,1.0,0.0,1.0,1.0,0.0,0.0,0.0,0.0,0.0,1.0,0.0,1.0,0.0,0.0,0.0,1.0,1.0,23.0,38.0,23.0,42.30229371625443,Medium
160784,Pipraund,1094,170,161,320,0,71.46,15.309263923873496,0.1471663619744058,0.2925045703839122,0.0,0.0,0.0,0.0,0.0,0.0,0.0,1.0,0.0,1.0,1.0,0.0,1.0,0.0,0.0,0.0,1.0,0.0,1.0,0.0,0.0,0.0,1.0,1.0,23.0,38.0,23.0,53.17369304905153,Medium
160785,Marufpur,1535,294,219,651,0,120.62,12.72591610014923,0.1426710097719869,0.4241042345276873,0.0,0.0,0.0,0.0,0.0,0.0,0.0,1.0,1.0,1.0,1.0,0.0,1.0,0.0,0.0,0.0,1.0,0.0,1.0,0.0,0.0,1.0,1.0,1.0,25.0,35.0,35.0,50.25727092692496,Medium
160786,Anapur,3778,589,514,453,0,244.62,15.444362684980788,0.1360508205399682,0.1199047114875595,0.0,,1.0,,0.0,0.0,0.0,1.0,1.0,1.0,1.0,1.0,0.0,0.0,0.0,1.0,1.0,1.0,1.0,0.0,0.0,1.0,1.0,1.0,20.0,35.0,20.0,30.31611606832212,Low
160787,Pannupur,1685,292,290,544,0,139.07,12.116200474581149,0.172106824925816,0.3228486646884273,0.0,0.0,0.0,0.0,0.0,0.0,0.0,1.0,1.0,1.0,1.0,0.0,1.0,0.0,0.0,0.0,1.0,0.0,1.0,0.0,0.0,1.0,1.0,1.0,12.0,35.0,12.0,50.60899619553383,Medium
160788,Korari,2212,341,305,411,0,142.01,15.57636786141821,0.137884267631103,0.1858047016274864,0.0,0.0,0.0,0.0,0.0,0.0,0.0,1.0,1.0,1.0,1.0,0.0,1.0,0.0,0.0,0.0,0.0,0.0,1.0,0.0,0.0,1.0,1.0,1.0,21.0,35.0,21.0,54.03938078120076,Medium
160789,Nasirpur Dargahi,1911,393,229,701,0,144.23,13.249670664910214,0.1198325484039769,0.3668236525379382,0.0,0.0,0.0,0.0,0.0,0.0,0.0,1.0,0.0,0.0,0.0,0.0,1.0,0.0,0.0,0.0,1.0,1.0,1.0,1.0,0.0,1.0,1.0,1.0,25.0,35.0,25.0,45.14058415118571,Medium
160790,Sarairah Urf Korari,2009,330,281,738,0,110.15,18.23876532001816,0.1398705823792931,0.3673469387755102,0.0,0.0,0.0,0.0,0.0,0.0,0.0,1.0,1.0,1.0,1.0,0.0,1.0,0.0,0.0,0.0,1.0,0.0,1.0,0.0,0.0,1.0,0.0,1.0,21.0,35.0,21.0,50.11615845180884,Medium
160791,Lai,2869,485,499,930,0,246.22,11.652180976362605,0.1739281979783896,0.3241547577553154,0.0,0.0,0.0,0.0,0.0,0.0,0.0,1.0,1.0,1.0,0.0,0.0,0.0,0.0,0.0,0.0,1.0,0.0,1.0,0.0,0.0,1.0,0.0,1.0,20.0,38.0,20.0,40.65108749983805,Medium
160792,Raghubanshpur Urf Rerua,2453,400,410,869,0,122.11,20.088444844812056,0.1671422747655931,0.3542600896860987,0.0,0.0,0.0,0.0,0.0,0.0,0.0,1.0,0.0,0.0,0.0,0.0,1.0,1.0,1.0,1.0,1.0,1.0,1.0,1.0,0.0,1.0,1.0,1.0,16.0,29.0,16.0,46.77826661848739,Medium
160793,Parathpur Bhagdeora,1344,239,208,654,0,19.69,68.25799898425596,0.1547619047619047,0.4866071428571428,0.0,0.0,0.0,0.0,0.0,0.0,0.0,1.0,1.0,1.0,1.0,0.0,1.0,0.0,0.0,0.0,1.0,0.0,1.0,0.0,0.0,1.0,1.0,1.0,20.0,35.0,20.0,53.21597610917088,Medium
160794,Jamua Urf Bhawanipur,1418,224,166,165,0,21.82,64.98625114573785,0.1170662905500705,0.116361071932299,0.0,0.0,0.0,0.0,0.0,0.0,0.0,1.0,1.0,1.0,0.0,0.0,0.0,0.0,0.0,0.0,1.0,0.0,1.0,0.0,0.0,1.0,0.0,1.0,20.0,30.0,20.0,40.09934396775914,Medium
160795,Kutha,2419,445,347,394,0,175.75,13.763869132290186,0.1434477056634973,0.1628772219925589,0.0,0.0,0.0,0.0,0.0,0.0,0.0,1.0,1.0,1.0,1.0,0.0,1.0,0.0,0.0,0.0,1.0,0.0,1.0,0.0,0.0,0.0,1.0,1.0,18.0,28.0,18.0,49.01711708076319,Medium
160796,Muzaffarpur Urf Bichhia,939,154,139,172,0,78.22,12.00460240347737,0.1480298189563365,0.1831735889243876,0.0,0.0,0.0,0.0,0.0,0.0,0.0,1.0,1.0,1.0,0.0,0.0,1.0,0.0,1.0,0.0,0.0,0.0,1.0,0.0,0.0,1.0,1.0,1.0,14.5,25.0,14.5,54.183721756008666,Medium
160797,Ulda,4681,824,692,1010,0,377.42,12.402628371575434,0.1478316599017304,0.2157658619953001,0.0,0.0,0.0,0.0,0.0,0.0,0.0,1.0,0.0,0.0,0.0,0.0,1.0,1.0,1.0,1.0,1.0,1.0,1.0,1.0,0.0,1.0,1.0,1.0,15.0,28.0,15.0,45.19043840007648,Medium
160798,Malak Balau,2688,456,348,656,0,224.02,11.998928667083296,0.1294642857142857,0.244047619047619,0.0,0.0,0.0,0.0,0.0,0.0,0.0,1.0,1.0,1.0,1.0,0.0,1.0,1.0,1.0,1.0,1.0,0.0,1.0,0.0,0.0,1.0,1.0,1.0,14.0,25.0,14.0,48.93089260690204,Medium
160799,Pure Ghasi,1037,158,197,123,0,14.11,73.49397590361446,0.1899710703953712,0.1186113789778206,0.0,0.0,0.0,0.0,0.0,0.0,1.0,1.0,1.0,1.0,1.0,0.0,1.0,1.0,1.0,1.0,1.0,1.0,1.0,0.0,0.0,1.0,0.0,0.0,26.0,38.0,26.0,44.31424083894061,Medium
160800,Pure Shobhai,542,81,84,35,0,13.25,40.905660377358494,0.1549815498154981,0.0645756457564575,0.0,0.0,0.0,0.0,0.0,0.0,1.0,1.0,1.0,1.0,1.0,0.0,1.0,1.0,1.0,1.0,1.0,1.0,1.0,1.0,0.0,1.0,0.0,0.0,26.0,30.0,26.0,39.15435409191927,Medium
160801,Bhikhpur Urf Bhikharipur,1138,194,174,509,0,107.7,10.566388115134632,0.1528998242530755,0.4472759226713532,0.0,,,,,,,,,,,,,,,,,,,,,1.0,1.0,1.0,,,,52.25786127910101,Medium
160802,Sahjadpur,370,63,56,9,0,70.0,5.285714285714286,0.1513513513513513,0.0243243243243243,0.0,,,,,,,,,,,,,,,,,,,,,1.0,1.0,1.0,,,,49.87950926231805,Medium
160803,Peer Dallu,1420,230,221,339,0,233.7,6.076166024818143,0.1556338028169014,0.2387323943661971,0.0,,,,,,,,,,,,,,,,,,,,,1.0,1.0,1.0,,,,51.11252631198452,Medium
160804,Husenpur,603,95,77,54,0,65.56,9.197681513117754,0.1276948590381426,0.0895522388059701,0.0,,,,,,,,,,,,,,,,,,,,,1.0,1.0,1.0,,,,49.65681306882914,Medium
160805,Amrich Lalpur,710,112,113,139,0,84.43,8.409333175411582,0.1591549295774648,0.1957746478873239,0.0,0.0,0.0,0.0,0.0,0.0,1.0,1.0,1.0,1.0,1.0,0.0,1.0,0.0,0.0,0.0,0.0,1.0,1.0,1.0,0.0,0.0,0.0,0.0,26.0,30.0,26.0,43.59931056620498,Medium
160806,Yusufpur,0,0,0,0,0,97.01,0.0,,,,,,,,,,,,,,,,,,,,,,,,,,,7.0,24.0,7.0,45.0,Medium
160807,Sultanpur,969,170,96,171,0,48.54,19.96291718170581,0.0990712074303405,0.1764705882352941,0.0,,,,,,,,,,,,,,,,,,,,,1.0,1.0,1.0,,,,49.67535876194268,Medium
160808,Singhapur,1534,229,210,263,0,41.54,36.92826191622533,0.1368970013037809,0.1714471968709257,0.0,0.0,0.0,0.0,0.0,0.0,0.0,1.0,1.0,0.0,1.0,0.0,0.0,0.0,0.0,0.0,1.0,1.0,1.0,0.0,0.0,1.0,1.0,1.0,22.0,32.0,22.0,34.81595920785605,Medium
160809,Dadanpur,1850,295,204,253,0,163.14,11.339953414245434,0.1102702702702702,0.1367567567567567,0.0,0.0,0.0,0.0,0.0,0.0,0.0,1.0,0.0,0.0,0.0,0.0,1.0,0.0,0.0,0.0,0.0,1.0,1.0,0.0,0.0,1.0,1.0,1.0,16.0,30.0,16.0,51.12485428648894,Medium
160810,Mubarakpur Kachhar,0,0,0,0,0,641.87,0.0,,,,,,,,,,,,,,,,,,,,,,,,,,,20.0,30.0,20.0,45.0,Medium
160811,Kallyanpur Kachhar,0,0,0,0,0,119.58,0.0,,,,,,,,,,,,,,,,,,,,,,,,,,,,,,45.0,Medium
160812,Jamilabad Kachhar,0,0,0,0,0,76.46,0.0,,,,,,,,,,,,,,,,,,,,,,,,,,,,,,45.0,Medium
160813,Makhdumpur Kachhar,0,0,0,0,0,56.17,0.0,,,,,,,,,,,,,,,,,,,,,,,,,,,,,,45.0,Medium
160814,Kaodhpur Jhinhar,0,0,0,0,0,491.13,0.0,,,,,,,,,,,,,,,,,,,,,,,,,,,,,,45.0,Medium
160815,Mohiuddenpur Kachhar,0,0,0,0,0,456.65,0.0,,,,,,,,,,,,,,,,,,,,,,,,,,,,,,45.0,Medium
160816,Mubarakpur Puran Kachar,1805,457,299,146,0,458.49,3.9368361360116895,0.1656509695290858,0.0808864265927977,0.0,0.0,0.0,0.0,0.0,0.0,0.0,1.0,1.0,0.0,1.0,0.0,0.0,0.0,0.0,0.0,1.0,1.0,1.0,0.0,0.0,0.0,1.0,1.0,20.0,30.0,20.0,33.86917615826875,Medium
160817,Judapur Jhinher Urfbaribojh,2794,493,319,664,0,232.45,12.01978920197892,0.1141732283464567,0.2376521116678597,0.0,0.0,0.0,0.0,0.0,0.0,0.0,1.0,1.0,1.0,0.0,0.0,1.0,0.0,0.0,0.0,1.0,0.0,1.0,0.0,0.0,1.0,1.0,1.0,15.0,25.0,15.0,48.44104112835678,Medium
160818,Arazi Judapur Jhinha,98,17,11,0,0,12.8,7.65625,0.1122448979591836,0.0,0.0,0.0,0.0,0.0,0.0,0.0,0.0,1.0,1.0,1.0,0.0,0.0,1.0,0.0,0.0,0.0,0.0,0.0,1.0,0.0,0.0,1.0,1.0,1.0,15.0,25.0,15.0,52.0155031410002,Medium
160819,Saraismail Urf Khagalpur,732,131,91,280,0,58.06,12.607647261453668,0.1243169398907103,0.3825136612021858,0.0,0.0,0.0,0.0,0.0,0.0,0.0,1.0,1.0,0.0,0.0,0.0,1.0,0.0,1.0,1.0,0.0,0.0,1.0,0.0,0.0,1.0,1.0,1.0,13.0,24.0,13.0,54.49383278213199,Medium
160820,Gopalpur Urf Laludih,1184,184,197,295,0,131.85,8.979901403109595,0.1663851351351351,0.2491554054054054,0.0,0.0,0.0,0.0,0.0,0.0,0.0,1.0,1.0,1.0,0.0,0.0,1.0,1.0,0.0,0.0,1.0,0.0,1.0,0.0,0.0,1.0,1.0,1.0,14.0,24.5,14.0,49.939915460564734,Medium
160821,Atrampur Urf Nawabganj,4847,829,651,1073,0,307.95,15.739568111706449,0.1343098824014854,0.2213740458015267,0.0,0.0,0.0,0.0,0.0,0.0,1.0,1.0,1.0,1.0,1.0,0.0,1.0,1.0,1.0,1.0,1.0,1.0,1.0,1.0,0.0,1.0,1.0,1.0,16.0,21.0,16.0,38.283373360714336,Medium
160822,Sherandazpur,0,0,0,0,0,56.83,0.0,,,,,,,,,,,,,,,,,,,,,,,,,,,20.0,30.0,20.0,45.0,Medium
160823,Ahmadpur,875,134,110,68,0,75.75,11.551155115511552,0.1257142857142857,0.0777142857142857,0.0,0.0,0.0,0.0,0.0,0.0,1.0,1.0,1.0,1.0,1.0,0.0,1.0,0.0,0.0,0.0,1.0,1.0,1.0,1.0,0.0,1.0,1.0,1.0,18.0,22.0,18.0,37.1349802830987,Medium
160824,Madhopur Chandhan Urfghatampur,2520,412,324,700,0,134.4,18.75,0.1285714285714285,0.2777777777777778,0.0,0.0,0.0,0.0,0.0,0.0,1.0,1.0,1.0,0.0,1.0,0.0,0.0,0.0,0.0,0.0,1.0,1.0,1.0,1.0,0.0,1.0,1.0,1.0,16.0,21.0,16.0,28.51702652699015,Low
160825,Udhopur,59,11,17,0,0,97.77,0.6034570931778664,0.288135593220339,0.0,0.0,0.0,0.0,0.0,0.0,0.0,0.0,1.0,1.0,0.0,0.0,0.0,1.0,0.0,0.0,0.0,1.0,0.0,1.0,0.0,0.0,1.0,0.0,0.0,20.0,30.0,20.0,52.00221511764337,Medium
160826,Karimuddinpur,2691,461,418,936,0,131.58,20.45143638850889,0.1553325901151988,0.3478260869565217,0.0,0.0,0.0,0.0,0.0,0.0,1.0,1.0,1.0,0.0,1.0,1.0,1.0,0.0,0.0,1.0,1.0,1.0,1.0,1.0,0.0,1.0,0.0,1.0,12.0,25.0,12.0,39.74006550989954,Medium
160827,Shaikhpur Sahab,140,18,18,0,0,39.64,3.5317860746720484,0.1285714285714285,0.0,0.0,0.0,0.0,0.0,0.0,0.0,1.0,1.0,1.0,0.0,0.0,1.0,1.0,0.0,0.0,0.0,0.0,0.0,1.0,1.0,0.0,1.0,0.0,1.0,12.0,25.0,12.0,46.50236891746465,Medium
160828,Sarai Jairam,1956,424,320,650,0,211.77,9.236435755772773,0.16359918200409,0.3323108384458078,0.0,0.0,0.0,0.0,0.0,0.0,0.0,1.0,1.0,0.0,1.0,1.0,0.0,0.0,0.0,0.0,1.0,1.0,1.0,0.0,0.0,0.0,1.0,1.0,15.0,30.0,15.0,35.28266265301085,Medium
160829,Mubarakpur Uperhar,2816,427,532,98,0,113.64,24.780007039774727,0.1889204545454545,0.0348011363636363,0.0,0.0,0.0,0.0,0.0,0.0,0.0,1.0,1.0,1.0,1.0,0.0,0.0,0.0,0.0,0.0,1.0,1.0,1.0,0.0,0.0,1.0,1.0,1.0,20.0,30.0,20.0,35.19389964350336,Medium
160830,Adampur,5144,866,695,1007,0,342.34,15.025997546299005,0.135108864696734,0.1957620528771384,0.0,0.0,0.0,0.0,0.0,0.0,0.0,1.0,0.0,1.0,1.0,0.0,1.0,0.0,1.0,0.0,0.0,0.0,1.0,0.0,0.0,1.0,1.0,1.0,10.0,25.0,10.0,57.31660770858853,Medium
160831,Pabnah,1463,246,182,325,0,96.32,15.188953488372094,0.124401913875598,0.2221462747778537,0.0,0.0,0.0,0.0,0.0,0.0,0.0,1.0,1.0,1.0,1.0,0.0,0.0,0.0,0.0,1.0,1.0,0.0,1.0,1.0,0.0,1.0,1.0,1.0,,,,36.300687663104135,Medium
160832,Kanjia,4338,747,640,646,0,39.97,108.53139854891168,0.1475334255417243,0.1489165514061779,0.0,0.0,0.0,0.0,0.0,0.0,0.0,1.0,1.0,0.0,1.0,1.0,1.0,0.0,0.0,0.0,0.0,0.0,1.0,0.0,0.0,1.0,1.0,1.0,9.0,25.0,9.0,57.966699755353424,Medium
160833,Madhesa,949,186,154,449,1,48.19,19.69288234073459,0.1622760800842992,0.4731296101159115,0.0010537407797681,0.0,0.0,0.0,0.0,0.0,0.0,1.0,1.0,1.0,1.0,0.0,1.0,1.0,0.0,0.0,1.0,1.0,1.0,1.0,0.0,1.0,1.0,1.0,10.0,20.0,10.0,43.90219037603224,Medium
160834,Madhopur,840,141,117,60,0,67.15,12.509307520476543,0.1392857142857143,0.0714285714285714,0.0,0.0,0.0,0.0,0.0,0.0,0.0,1.0,1.0,0.0,1.0,0.0,1.0,0.0,0.0,0.0,1.0,1.0,1.0,1.0,1.0,1.0,1.0,1.0,9.0,18.0,9.0,38.38342686233781,Medium
160835,Saraswatipur Urf Kaudihar,4956,854,715,736,16,205.89,24.07110593035116,0.1442695722356739,0.1485068603712671,0.003228410008071,1.0,,1.0,0.0,1.0,1.0,1.0,1.0,1.0,1.0,0.0,0.0,1.0,1.0,1.0,1.0,0.0,1.0,1.0,1.0,1.0,1.0,1.0,12.0,21.0,12.0,21.137505169299608,Low
160836,Kasari,1314,214,135,329,1,107.64,12.207357859531772,0.1027397260273972,0.2503805175038052,0.0007610350076103,0.0,0.0,0.0,0.0,0.0,0.0,1.0,1.0,1.0,1.0,0.0,0.0,1.0,1.0,0.0,0.0,0.0,1.0,1.0,0.0,0.0,0.0,1.0,,,,40.68756251117631,Medium
160837,Faridpur,1211,225,157,555,0,124.55,9.72300281011642,0.129644921552436,0.458298926507019,0.0,0.0,0.0,0.0,0.0,0.0,1.0,1.0,1.0,1.0,1.0,0.0,0.0,0.0,0.0,0.0,0.0,1.0,1.0,0.0,0.0,1.0,1.0,1.0,15.0,18.0,15.0,36.58064944827317,Medium
160838,Jalalpur Chandhan Urfpirthipur,2457,373,349,279,0,119.27,20.600318604846148,0.142043142043142,0.1135531135531135,0.0,0.0,,0.0,0.0,1.0,0.0,1.0,1.0,1.0,1.0,0.0,1.0,1.0,1.0,1.0,1.0,0.0,1.0,1.0,0.0,1.0,1.0,1.0,,,,43.17613919601539,Medium
160839,Jagdishpur Chandhan,2142,419,293,208,0,193.38,11.076636673906298,0.1367880485527544,0.0971055088702147,0.0,0.0,0.0,0.0,0.0,0.0,1.0,1.0,1.0,1.0,0.0,1.0,1.0,0.0,0.0,1.0,1.0,1.0,1.0,1.0,0.0,1.0,1.0,1.0,12.0,25.0,12.0,37.54463721779526,Medium
160840,Dasapur,1076,186,164,320,0,48.29,22.282045972250984,0.1524163568773234,0.2973977695167286,0.0,0.0,0.0,0.0,0.0,0.0,1.0,1.0,1.0,1.0,1.0,1.0,1.0,0.0,0.0,0.0,1.0,1.0,1.0,0.0,1.0,1.0,1.0,1.0,15.0,22.0,15.0,39.47571108209965,Medium
160841,Duara Jagdishpur,1960,352,310,665,0,128.54,15.248171775322858,0.1581632653061224,0.3392857142857143,0.0,0.0,0.0,0.0,0.0,0.0,1.0,1.0,1.0,1.0,1.0,0.0,1.0,0.0,1.0,1.0,1.0,1.0,1.0,0.0,0.0,1.0,1.0,1.0,14.0,18.0,,42.068327109701904,Medium
160842,Dharwandpur,578,90,103,56,0,52.14,11.0855389336402,0.1782006920415225,0.0968858131487889,0.0,0.0,0.0,0.0,0.0,0.0,1.0,1.0,0.0,0.0,0.0,0.0,0.0,0.0,0.0,0.0,1.0,1.0,1.0,1.0,0.0,0.0,1.0,1.0,16.0,28.0,16.0,32.11961743562684,Low
160843,Uthgi,2317,385,279,657,0,189.14,12.25018504811251,0.1204143288735433,0.2835563228312473,0.0,0.0,0.0,0.0,0.0,0.0,1.0,1.0,1.0,0.0,0.0,0.0,0.0,0.0,0.0,1.0,1.0,1.0,1.0,0.0,0.0,0.0,1.0,1.0,17.0,25.0,17.0,30.53393567971557,Low
160844,Budauna,2558,437,341,412,0,251.68,10.163699936427207,0.1333072713057075,0.1610633307271305,0.0,0.0,0.0,0.0,0.0,0.0,1.0,1.0,1.0,1.0,1.0,0.0,1.0,0.0,0.0,0.0,1.0,1.0,1.0,1.0,0.0,1.0,1.0,1.0,14.0,24.0,14.0,37.72246330513822,Medium
160845,Sarai Kesho,179,31,34,0,0,44.93,3.983975072334743,0.1899441340782122,0.0,0.0,0.0,0.0,0.0,0.0,0.0,1.0,1.0,1.0,1.0,1.0,1.0,1.0,0.0,0.0,0.0,1.0,1.0,1.0,0.0,0.0,1.0,1.0,1.0,16.0,23.0,16.0,40.86214396838575,Medium
160846,Kasimpurjuda Urf Musepur,980,175,167,269,0,14.98,65.42056074766354,0.1704081632653061,0.2744897959183673,0.0,0.0,0.0,0.0,0.0,0.0,1.0,1.0,1.0,0.0,1.0,0.0,0.0,0.0,0.0,0.0,1.0,1.0,1.0,0.0,0.0,1.0,1.0,1.0,17.0,23.0,17.0,34.17476912575481,Medium
160847,Tajpur Urf Bhikhampur,1074,147,161,244,0,131.81,8.14809195053486,0.1499068901303538,0.2271880819366853,0.0,0.0,0.0,0.0,0.0,0.0,1.0,1.0,1.0,0.0,0.0,0.0,0.0,0.0,1.0,1.0,1.0,1.0,1.0,1.0,0.0,1.0,1.0,0.0,14.0,26.0,14.0,28.46819438658773,Low
160848,Khizirpur Uperhar,1959,273,302,433,0,198.31,9.878473097675355,0.1541602858601327,0.2210311383358856,0.0,0.0,0.0,0.0,0.0,0.0,1.0,1.0,1.0,0.0,0.0,0.0,0.0,0.0,1.0,1.0,1.0,1.0,1.0,1.0,0.0,1.0,1.0,1.0,14.0,27.0,14.0,28.63616433159785,Low
160849,Sarai Shah,72,14,11,72,0,27.99,2.572347266881029,0.1527777777777778,1.0,0.0,,,,,,0.0,,,,,,,,,,,,,,,1.0,1.0,1.0,,,,54.689107536937485,Medium
160850,Ziyauddinpur,264,50,41,0,0,28.14,9.381663113006397,0.1553030303030303,0.0,0.0,,,,,,,,,,,,,,,,,,,,,1.0,1.0,1.0,,,,50.04486228492227,Medium
160851,Fatehpur Budauna,192,36,22,16,0,57.23,3.3548838022016425,0.1145833333333333,0.0833333333333333,0.0,0.0,0.0,0.0,0.0,0.0,1.0,1.0,0.0,0.0,0.0,0.0,0.0,0.0,0.0,0.0,0.0,1.0,1.0,0.0,0.0,0.0,1.0,1.0,17.0,24.0,17.0,37.325451888118366,Medium
160852,Tekari,1122,135,211,0,0,126.0,8.904761904761905,0.1880570409982174,0.0,0.0,,,,,,,,,,,,,,,,,,,,,1.0,1.0,1.0,,,,51.007872560839786,Medium
160853,Dilshadpur,37,6,7,37,0,69.0,0.5362318840579711,0.1891891891891892,1.0,0.0,,,,,,0.0,,,,,,,,,,,,,,,1.0,1.0,1.0,,,,55.6977253814886,Medium
160854,Nasiranpur,0,0,0,0,0,7.69,0.0,,,,,,,,,,,,,,,,,,,,,,,,,,,,,,45.0,Medium
160855,Rasulpur Chandi,931,145,121,74,0,43.03,21.636067859632814,0.1299677765843179,0.079484425349087,0.0,0.0,0.0,0.0,0.0,0.0,0.0,1.0,1.0,0.0,1.0,0.0,0.0,0.0,0.0,0.0,0.0,1.0,1.0,0.0,0.0,0.0,1.0,1.0,13.0,15.0,13.0,38.51945784562104,Medium
160856,Kureser Uperhar,2810,467,397,589,0,264.43,10.626630866391862,0.1412811387900356,0.2096085409252669,0.0,0.0,0.0,0.0,0.0,0.0,0.0,1.0,1.0,0.0,0.0,0.0,0.0,0.0,0.0,0.0,1.0,0.0,1.0,0.0,0.0,0.0,0.0,1.0,7.0,,7.0,39.05677430497592,Medium
160857,Kaizirpur Kachar,0,0,0,0,0,104.75,0.0,,,,,,,,,,,,,,,,,,,,,,,,,,,14.0,27.0,14.0,45.0,Medium
160858,Kureser Kachhar,0,0,0,0,0,264.43,0.0,,,,,,,,,,,,,,,,,,,,,,,,,,,20.0,35.0,20.0,45.0,Medium
160859,Jalalpur Juda,212,41,36,110,0,59.0,3.593220338983051,0.1698113207547169,0.5188679245283019,0.0,,,,,,,,,,,,,,,,,,,,,1.0,1.0,1.0,,,,52.83643146545312,Medium
160860,Kakra,1032,150,184,74,0,90.0,11.466666666666669,0.1782945736434108,0.0717054263565891,0.0,,,,,,,,,,,,,,,,,,,,,1.0,1.0,1.0,,,,51.17887048268472,Medium
160861,Chaphri Kachhar,0,0,0,0,0,548.23,0.0,,,,,,,,,,,,,,,,,,,,,,,,,,,23.0,25.0,23.0,45.0,Medium
160862,Chaphri Uperhar,2474,365,382,537,0,215.0,11.506976744186046,0.1544058205335489,0.2170573969280517,0.0,,,,,,,,,,,,,,,,,,,,,1.0,1.0,1.0,,,,51.19062528141352,Medium
160863,Sarai Jado,1065,189,155,118,0,61.67,17.269336792605806,0.1455399061032863,0.1107981220657277,0.0,0.0,0.0,,0.0,0.0,0.0,1.0,1.0,1.0,0.0,0.0,0.0,0.0,0.0,0.0,1.0,1.0,1.0,0.0,0.0,1.0,1.0,1.0,12.0,19.0,12.0,33.96363144877187,Medium
160864,Rampur,1446,233,179,279,0,121.76,11.875821287779235,0.123789764868603,0.1929460580912863,0.0,0.0,0.0,0.0,0.0,0.0,0.0,1.0,1.0,1.0,0.0,0.0,0.0,0.0,0.0,0.0,1.0,1.0,1.0,0.0,0.0,1.0,1.0,0.0,13.0,19.0,13.0,33.500087035579725,Medium
160865,Rasulpur Chandhan,545,93,90,78,0,43.03,12.665582151986984,0.1651376146788991,0.1431192660550458,0.0,0.0,0.0,0.0,0.0,0.0,0.0,1.0,1.0,0.0,1.0,0.0,0.0,0.0,0.0,0.0,0.0,1.0,1.0,0.0,0.0,0.0,1.0,1.0,13.0,15.0,13.0,39.523863316614566,Medium
160866,Tikri,3161,564,368,1470,0,177.39,17.81949377078753,0.116418854792787,0.4650427080037962,0.0,0.0,0.0,,0.0,0.0,1.0,1.0,1.0,1.0,1.0,0.0,1.0,1.0,1.0,1.0,1.0,1.0,1.0,1.0,0.0,1.0,1.0,1.0,11.0,12.0,11.0,39.05051180762116,Medium
160867,Hathga,5967,1050,847,1106,0,311.98,19.126226040130778,0.1419473772414949,0.1853527735880677,0.0,0.0,0.0,0.0,0.0,0.0,1.0,1.0,1.0,1.0,1.0,0.0,0.0,1.0,1.0,1.0,1.0,1.0,1.0,1.0,1.0,1.0,1.0,1.0,10.0,11.0,10.0,25.97165027619167,Low
160868,Mahru Dih,1198,198,147,146,0,90.85,13.186571271326365,0.1227045075125208,0.1218697829716193,0.0,0.0,0.0,0.0,0.0,0.0,0.0,1.0,1.0,0.0,0.0,0.0,0.0,0.0,1.0,1.0,1.0,1.0,1.0,0.0,0.0,0.0,1.0,1.0,10.0,16.0,10.0,33.16604561377658,Medium
160869,Malak Herher Uperhar,6227,1035,918,972,0,302.15,20.60896905510508,0.1474225148546651,0.1560944274931748,0.0,0.0,0.0,0.0,0.0,0.0,1.0,,,,,1.0,1.0,1.0,1.0,1.0,1.0,1.0,1.0,1.0,1.0,1.0,1.0,1.0,8.0,10.0,8.0,42.71724932083486,Medium
160870,Malakherher Kachhar,0,0,0,0,0,319.86,0.0,,,,,,,,,,,,,,,,,,,,,,,,,,,,,,45.0,Medium
160871,Mohammdpur Hathga,4862,825,627,700,0,210.21,23.12925170068027,0.1289592760180995,0.1439736733854381,0.0,0.0,0.0,0.0,0.0,0.0,0.0,1.0,0.0,0.0,0.0,0.0,1.0,0.0,0.0,0.0,1.0,1.0,1.0,0.0,0.0,1.0,1.0,1.0,12.0,17.0,12.0,47.2063817060674,Medium
160872,Mazra Chack Shahzainuddin,0,0,0,0,0,30.92,0.0,,,,,,,,,,,,,,,,,,,,,,,,,,,13.0,18.0,13.0,45.0,Medium
160873,Arazi Chack Hamid,0,0,0,0,0,14.9,0.0,,,,,,,,,,,,,,,,,,,,,,,,,,,,,,45.0,Medium
160874,Akbarpur Urf Gangaganj,2913,456,516,281,0,188.9,15.420857596611963,0.1771369721936148,0.0964641263302437,0.0,0.0,0.0,0.0,0.0,0.0,0.0,1.0,1.0,1.0,1.0,0.0,1.0,0.0,0.0,1.0,1.0,0.0,1.0,0.0,0.0,0.0,1.0,1.0,12.0,18.0,12.0,49.76386450278716,Medium
160875,Fatoohpur Uperhar,1510,260,244,406,0,96.42,15.660651317154118,0.1615894039735099,0.2688741721854304,0.0,0.0,0.0,0.0,0.0,0.0,1.0,1.0,0.0,0.0,0.0,0.0,1.0,0.0,0.0,0.0,1.0,1.0,0.0,1.0,0.0,1.0,1.0,1.0,13.0,20.0,13.0,42.669347936502334,Medium
160876,Chack Shah Hamid,376,65,41,281,0,35.21,10.678784436239704,0.1090425531914893,0.7473404255319149,0.0,0.0,0.0,0.0,0.0,0.0,0.0,1.0,0.0,0.0,0.0,0.0,1.0,0.0,0.0,1.0,0.0,0.0,1.0,0.0,0.0,1.0,0.0,1.0,13.0,21.0,13.0,59.11375403366136,Medium
160877,Chack Shah Zainuddin,0,0,0,0,0,6.44,0.0,,,,,,,,,,,,,,,,,,,,,,,,,,,13.0,18.0,13.0,45.0,Medium
160878,Fatoohpur Kachar,0,0,0,0,0,405.34,0.0,,,,,,,,,,,,,,,,,,,,,,,,,,,13.0,20.0,13.0,45.0,Medium
160879,Malikpur,749,119,164,188,0,4.22,177.48815165876778,0.2189586114819759,0.2510013351134846,0.0,0.0,0.0,0.0,0.0,0.0,1.0,1.0,0.0,0.0,0.0,0.0,0.0,0.0,0.0,0.0,1.0,1.0,1.0,0.0,1.0,1.0,1.0,1.0,17.0,25.0,17.0,40.95536174593945,Medium
160880,Akodhi,1280,210,134,481,0,135.39,9.45416943644287,0.1046875,0.37578125,0.0,0.0,0.0,0.0,0.0,0.0,0.0,1.0,1.0,1.0,1.0,0.0,1.0,0.0,0.0,0.0,1.0,1.0,1.0,0.0,0.0,0.0,1.0,1.0,28.0,53.0,28.0,43.74161739900234,Medium
160881,Chetpur Lakhni,459,80,56,91,0,49.93,9.192870018025236,0.1220043572984749,0.1982570806100217,0.0,0.0,0.0,0.0,0.0,0.0,0.0,1.0,1.0,1.0,1.0,0.0,1.0,0.0,0.0,0.0,1.0,1.0,1.0,1.0,0.0,0.0,1.0,1.0,22.0,54.0,22.0,40.86275771165377,Medium
160882,Achlupur,1313,232,146,263,0,130.01,10.099223136681797,0.1111957349581111,0.2003046458492003,0.0,0.0,0.0,0.0,0.0,0.0,0.0,1.0,1.0,1.0,1.0,0.0,1.0,0.0,0.0,0.0,1.0,1.0,1.0,1.0,0.0,0.0,1.0,1.0,29.0,54.0,29.0,40.58600585559553,Medium
160883,Dewapur,2678,452,331,702,0,175.32,15.274925849874515,0.1235997012696041,0.2621359223300971,0.0,0.0,0.0,0.0,0.0,0.0,0.0,1.0,0.0,1.0,1.0,0.0,1.0,0.0,0.0,0.0,1.0,1.0,1.0,0.0,0.0,0.0,1.0,1.0,26.0,46.0,26.0,47.31343801559354,Medium
160884,Aruwahw,3496,603,536,1174,0,350.25,9.981441827266238,0.1533180778032036,0.335812356979405,0.0,0.0,0.0,0.0,0.0,0.0,0.0,1.0,1.0,1.0,1.0,0.0,1.0,0.0,0.0,0.0,1.0,1.0,1.0,1.0,0.0,1.0,1.0,1.0,20.0,42.0,20.0,42.52237156194045,Medium
160885,Bahadurpur,1607,300,244,422,0,145.25,11.06368330464716,0.1518357187305538,0.2626011200995644,0.0,0.0,0.0,0.0,0.0,0.0,0.0,1.0,1.0,1.0,1.0,0.0,1.0,0.0,0.0,0.0,1.0,1.0,1.0,1.0,0.0,0.0,1.0,1.0,27.0,52.0,27.0,42.15634607367095,Medium
160886,Mukundpur,5150,993,693,1009,0,519.45,9.914332467032438,0.1345631067961165,0.1959223300970873,0.0,,1.0,0.0,0.0,0.0,1.0,1.0,1.0,1.0,1.0,0.0,1.0,0.0,0.0,1.0,1.0,1.0,1.0,1.0,0.0,1.0,1.0,1.0,20.0,45.0,20.0,34.590846112436594,Medium
160887,Kalyanpur,7184,1118,917,2200,0,515.897,13.925260274822298,0.1276447661469933,0.3062360801781737,0.0,,,,,,,,,,,,,,,,,,,,,1.0,1.0,1.0,,,,50.93312621172069,Medium
160888,Unchdih,2595,445,344,573,0,197.02,13.171251649578725,0.1325626204238921,0.2208092485549133,0.0,0.0,0.0,0.0,0.0,0.0,0.0,1.0,1.0,1.0,1.0,0.0,1.0,0.0,0.0,0.0,1.0,1.0,0.0,1.0,0.0,1.0,1.0,1.0,18.0,38.0,18.0,41.45585639045213,Medium
160889,Madipur,598,90,73,248,0,74.605,8.015548555726827,0.1220735785953177,0.4147157190635451,0.0,0.0,0.0,0.0,0.0,0.0,0.0,1.0,0.0,0.0,1.0,0.0,1.0,0.0,1.0,1.0,1.0,0.0,1.0,0.0,0.0,0.0,1.0,1.0,27.0,48.0,27.0,52.7320497453364,Medium
160890,Umariasari,2272,384,304,554,0,198.378,11.452882880158082,0.1338028169014084,0.2438380281690141,0.0,0.0,0.0,0.0,0.0,0.0,0.0,1.0,0.0,1.0,1.0,0.0,1.0,0.0,0.0,0.0,1.0,1.0,1.0,1.0,0.0,0.0,1.0,1.0,,,,44.870880670688905,Medium
160891,Baladih,1961,353,261,427,0,206.92,9.477092596172437,0.1330953595104538,0.2177460479347271,0.0,0.0,0.0,0.0,0.0,0.0,0.0,1.0,1.0,1.0,1.0,0.0,1.0,0.0,0.0,0.0,1.0,1.0,0.0,1.0,0.0,1.0,1.0,1.0,18.0,38.0,18.0,41.30461976793704,Medium
160892,Jajapur,595,99,84,141,0,58.96,10.09158751696065,0.1411764705882353,0.2369747899159663,0.0,0.0,0.0,0.0,0.0,0.0,0.0,1.0,1.0,1.0,1.0,0.0,1.0,0.0,0.0,0.0,1.0,1.0,0.0,1.0,0.0,1.0,1.0,1.0,18.0,38.0,18.0,41.66846467027552,Medium
160893,Umaria Badal Urf Gainda,3706,594,567,772,0,467.7,7.923882830874493,0.1529951430113329,0.2083108472746896,0.0,0.0,0.0,0.0,0.0,0.0,0.0,1.0,0.0,1.0,1.0,0.0,0.0,0.0,0.0,0.0,1.0,1.0,1.0,0.0,0.0,0.0,1.0,1.0,14.0,40.0,14.0,37.62390304978171,Medium
160894,Babhanpur Urf Kalyanpur,2146,360,263,683,0,159.35,13.467210542830248,0.1225535880708294,0.3182665424044734,0.0,0.0,0.0,0.0,0.0,0.0,0.0,1.0,1.0,1.0,1.0,1.0,1.0,0.0,0.0,0.0,1.0,1.0,0.0,1.0,0.0,1.0,1.0,1.0,22.0,40.0,22.0,41.65504163641872,Medium
160895,Sarwagauhan Urfsinghgarh,2411,394,350,702,0,385.01,6.262175008441339,0.1451679800912484,0.291165491497304,0.0,0.0,0.0,0.0,0.0,0.0,1.0,1.0,1.0,1.0,1.0,1.0,1.0,0.0,0.0,0.0,1.0,1.0,0.0,1.0,0.0,1.0,1.0,1.0,20.0,38.0,20.0,38.56836575350165,Medium
160896,Tulapur Khargapur,805,132,111,165,0,113.81,7.073192162375889,0.1378881987577639,0.2049689440993788,0.0,0.0,0.0,0.0,0.0,0.0,0.0,1.0,1.0,0.0,1.0,0.0,1.0,0.0,0.0,0.0,1.0,1.0,1.0,1.0,0.0,1.0,1.0,1.0,20.0,42.0,20.0,41.285671709464886,Medium
160897,Hasanpur,1152,190,152,358,0,175.68,6.557377049180328,0.1319444444444444,0.3107638888888889,0.0,0.0,0.0,0.0,0.0,0.0,0.0,1.0,1.0,1.0,1.0,0.0,1.0,0.0,0.0,0.0,1.0,0.0,1.0,0.0,0.0,1.0,1.0,1.0,17.0,32.0,17.0,49.11512363013482,Medium
160898,Niyaipur,1335,204,174,233,0,97.34,13.71481405383193,0.1303370786516854,0.1745318352059925,0.0,0.0,0.0,0.0,0.0,0.0,0.0,1.0,1.0,0.0,1.0,0.0,1.0,0.0,0.0,0.0,1.0,0.0,1.0,1.0,0.0,1.0,1.0,1.0,17.0,32.0,17.0,46.18005420530423,Medium
160899,Chaubara,4220,719,640,1126,0,244.24,17.278087127415656,0.1516587677725118,0.266824644549763,0.0,0.0,0.0,0.0,0.0,0.0,0.0,1.0,1.0,1.0,1.0,0.0,1.0,0.0,0.0,0.0,1.0,0.0,1.0,1.0,0.0,1.0,1.0,1.0,16.0,32.0,16.0,47.42768972260055,Medium
160900,Bardani,954,167,145,309,0,156.7,6.088066368857691,0.1519916142557652,0.3238993710691824,0.0,0.0,0.0,0.0,0.0,0.0,0.0,1.0,1.0,1.0,1.0,0.0,0.0,0.0,0.0,1.0,1.0,1.0,1.0,0.0,0.0,1.0,1.0,1.0,12.0,32.0,12.0,34.76291821083314,Medium
160901,Birsinghpur Ramgarh,3024,501,483,670,0,484.81,6.237495101173655,0.1597222222222222,0.2215608465608465,0.0,0.0,0.0,0.0,0.0,0.0,0.0,1.0,1.0,1.0,1.0,1.0,0.0,0.0,0.0,1.0,1.0,1.0,1.0,0.0,0.0,1.0,1.0,1.0,9.0,25.0,9.0,34.489288295164684,Medium
160902,Shahpur Kalyan Urf Newada,2386,394,364,577,0,174.49,13.674136053642044,0.1525565800502933,0.2418273260687342,0.0,0.0,0.0,0.0,0.0,0.0,0.0,1.0,1.0,1.0,1.0,0.0,0.0,0.0,0.0,1.0,1.0,1.0,1.0,0.0,0.0,1.0,1.0,1.0,12.0,32.0,12.0,34.68144403353104,Medium
160903,Jeetpur Dayal,1284,207,201,118,0,152.03,8.445701506281655,0.1565420560747663,0.0919003115264797,0.0,0.0,0.0,0.0,0.0,0.0,0.0,1.0,1.0,1.0,1.0,0.0,0.0,0.0,0.0,1.0,1.0,1.0,1.0,0.0,0.0,1.0,1.0,1.0,13.0,33.0,13.0,33.83638146829542,Medium
160904,Baherpur,1724,297,216,449,0,122.09,14.12073060856745,0.1252900232018561,0.2604408352668213,0.0,0.0,0.0,0.0,0.0,0.0,0.0,1.0,1.0,1.0,1.0,0.0,0.0,0.0,0.0,1.0,1.0,1.0,1.0,0.0,0.0,1.0,1.0,1.0,12.0,30.0,12.0,33.9748787178578,Medium
160905,Mairi,1389,228,164,273,0,202.73,6.8514773343856366,0.1180705543556515,0.1965442764578833,0.0,0.0,0.0,0.0,0.0,0.0,0.0,1.0,1.0,0.0,1.0,0.0,0.0,0.0,0.0,1.0,1.0,1.0,1.0,0.0,0.0,1.0,1.0,1.0,11.0,31.0,11.0,33.13990218718116,Medium
160906,Jamunipur,1298,230,221,362,0,82.69,15.697182246946427,0.1702619414483821,0.2788906009244992,0.0,0.0,0.0,0.0,0.0,0.0,0.0,1.0,1.0,0.0,1.0,0.0,1.0,0.0,0.0,1.0,1.0,0.0,0.0,0.0,0.0,0.0,1.0,1.0,10.0,34.0,10.0,50.48110834610855,Medium
160907,Kasturipur Kasturi,1588,297,254,687,0,97.99,16.205735279110115,0.1599496221662468,0.4326196473551637,0.0,0.0,0.0,0.0,0.0,0.0,0.0,1.0,1.0,1.0,1.0,0.0,1.0,0.0,0.0,1.0,1.0,1.0,1.0,0.0,0.0,1.0,1.0,1.0,10.0,34.0,10.0,45.961295558925215,Medium
160908,Sarai Bharat Urf Holagarh,3705,622,571,681,0,235.0,15.76595744680851,0.1541160593792172,0.1838056680161943,0.0,,,,,,,,,,,,,,,,,,,,,1.0,1.0,1.0,,,,51.190801903233584,Medium
160909,Sarai Hariram,1729,309,277,600,0,205.0,8.434146341463414,0.1602082128397917,0.3470213996529786,0.0,,,,,,,,,,,,,,,,,,,,,1.0,1.0,1.0,,,,51.88816313338439,Medium
160910,Rajapur Chaubara,2426,385,350,667,0,174.0,13.942528735632184,0.1442704039571311,0.2749381698268755,0.0,0.0,0.0,0.0,0.0,0.0,0.0,1.0,1.0,1.0,1.0,0.0,0.0,0.0,0.0,0.0,1.0,1.0,0.0,0.0,0.0,1.0,1.0,1.0,17.0,38.0,17.0,34.60944920190351,Medium
160911,Sarai Ganga Rampur,409,78,46,302,0,41.41,9.876841342670854,0.1124694376528117,0.7383863080684596,0.0,0.0,0.0,0.0,0.0,0.0,0.0,1.0,0.0,0.0,0.0,0.0,1.0,0.0,0.0,0.0,1.0,0.0,1.0,1.0,0.0,1.0,1.0,1.0,14.0,33.0,14.0,51.63881430339616,Medium
160912,Sultanpur Jaisingh,1032,170,161,101,0,79.25,13.022082018927446,0.1560077519379845,0.0978682170542635,0.0,0.0,0.0,0.0,0.0,0.0,0.0,1.0,1.0,0.0,1.0,0.0,0.0,0.0,0.0,0.0,1.0,0.0,1.0,0.0,0.0,1.0,1.0,1.0,15.0,32.0,15.0,39.03837136468047,Medium
160913,Sufipur Urf Dhusurpur,265,50,37,96,0,48.0,5.520833333333333,0.1396226415094339,0.3622641509433962,0.0,0.0,0.0,0.0,0.0,0.0,0.0,1.0,0.0,0.0,0.0,0.0,0.0,0.0,0.0,0.0,1.0,0.0,1.0,0.0,0.0,1.0,1.0,1.0,,,,42.893681796615525,Medium
160914,Sarai Madansingh Urf Chanti,3738,638,516,883,0,268.754,13.908630197131949,0.1380417335473515,0.2362225789192081,0.0,0.0,0.0,0.0,0.0,0.0,0.0,1.0,1.0,1.0,1.0,0.0,0.0,0.0,0.0,0.0,1.0,0.0,1.0,0.0,0.0,1.0,1.0,1.0,15.0,32.0,15.0,39.227617236604274,Medium
160915,Jaliasai,1216,209,193,603,0,117.0,10.393162393162394,0.1587171052631578,0.4958881578947368,0.0,0.0,0.0,0.0,0.0,0.0,0.0,1.0,0.0,0.0,0.0,0.0,0.0,0.0,0.0,0.0,1.0,0.0,1.0,0.0,0.0,1.0,1.0,1.0,15.0,30.0,15.0,44.33498455871676,Medium
160916,Dahiawan,5689,999,826,1643,0,231.56,24.568146484712383,0.1451924767094392,0.2888029530673229,0.0,0.0,0.0,0.0,0.0,0.0,0.0,1.0,1.0,1.0,0.0,0.0,0.0,0.0,0.0,0.0,1.0,0.0,1.0,0.0,0.0,1.0,1.0,1.0,15.0,40.0,15.0,40.14335774488831,Medium
160917,Sarai Chandrabhan Urf Odhra,1307,200,183,179,0,63.25,20.66403162055336,0.1400153022188217,0.1369548584544759,0.0,0.0,0.0,0.0,0.0,0.0,0.0,1.0,0.0,0.0,0.0,0.0,0.0,0.0,0.0,0.0,1.0,0.0,1.0,1.0,0.0,1.0,1.0,1.0,13.0,30.0,13.0,39.90159925393069,Medium
160918,Hansrajpur,2276,334,344,629,0,113.79,20.001757623692765,0.1511423550087873,0.2763620386643233,0.0,0.0,0.0,0.0,0.0,0.0,0.0,1.0,0.0,0.0,0.0,0.0,0.0,0.0,0.0,0.0,1.0,0.0,1.0,0.0,0.0,1.0,1.0,1.0,12.0,30.0,12.0,43.40521421627122,Medium
160919,Tarti,1325,241,173,231,0,84.26,15.725136482316636,0.130566037735849,0.1743396226415094,0.0,0.0,0.0,0.0,0.0,0.0,0.0,1.0,0.0,0.0,0.0,0.0,0.0,0.0,0.0,0.0,1.0,0.0,1.0,0.0,0.0,1.0,1.0,1.0,15.0,33.0,15.0,42.10195914702833,Medium
160920,Gidharpur Gondwa,2792,497,419,1483,2,139.0,20.0863309352518,0.1500716332378223,0.5311604584527221,0.0007163323782234,0.0,0.0,0.0,0.0,0.0,0.0,1.0,1.0,1.0,1.0,0.0,1.0,0.0,0.0,0.0,1.0,1.0,0.0,0.0,0.0,1.0,1.0,1.0,10.0,34.0,10.0,46.33433322268994,Medium
160921,Madupur Ramnagar,3051,529,389,932,0,249.15,12.245635159542443,0.1274991805965257,0.3054736152081285,0.0,0.0,0.0,0.0,0.0,0.0,0.0,1.0,1.0,1.0,0.0,0.0,0.0,0.0,0.0,0.0,1.0,1.0,1.0,0.0,0.0,1.0,0.0,1.0,18.0,43.0,18.0,34.18921393647123,Medium
160922,Pachim Nara,2925,477,503,505,0,1009.602,2.897181265488777,0.1719658119658119,0.1726495726495726,0.0,0.0,0.0,0.0,0.0,0.0,0.0,1.0,1.0,1.0,1.0,0.0,1.0,0.0,0.0,0.0,1.0,0.0,1.0,0.0,0.0,1.0,1.0,1.0,18.0,42.0,18.0,49.47468684276527,Medium
160923,Purab Nara,7957,1267,1209,1980,0,560.0,14.208928571428572,0.1519416865652884,0.2488375015709438,0.0,,,,,,,,,,,,,,,,,,,,,1.0,1.0,1.0,,,,51.3867052926311,Medium
160924,Kashipur,3158,573,443,745,0,192.14,16.43593213281982,0.1402786573780874,0.2359088030398986,0.0,0.0,0.0,0.0,0.0,0.0,0.0,1.0,1.0,0.0,0.0,0.0,0.0,0.0,0.0,0.0,1.0,0.0,1.0,0.0,0.0,1.0,1.0,1.0,18.0,40.0,18.0,39.39707802425361,Medium
160925,Ramdaspur,1952,318,297,783,8,118.4,16.486486486486484,0.1521516393442623,0.4011270491803279,0.0040983606557377,0.0,0.0,0.0,0.0,0.0,0.0,1.0,1.0,1.0,1.0,0.0,0.0,0.0,0.0,1.0,1.0,0.0,1.0,0.0,0.0,1.0,1.0,1.0,20.0,35.0,20.0,40.67929631054944,Medium
160926,Sarai Saheb,1606,259,205,211,0,72.66,22.102945224332508,0.1276463262764632,0.1313823163138231,0.0,0.0,0.0,0.0,0.0,0.0,0.0,1.0,1.0,0.0,0.0,0.0,0.0,0.0,0.0,0.0,0.0,0.0,1.0,0.0,0.0,1.0,1.0,1.0,15.0,37.0,15.0,43.72850165849074,Medium
160927,Jurapur Biher,3305,576,517,611,47,251.26,13.153705325161187,0.15642965204236,0.1848714069591528,0.0142208774583963,0.0,0.0,0.0,0.0,0.0,0.0,1.0,1.0,1.0,1.0,0.0,0.0,0.0,0.0,1.0,1.0,1.0,1.0,0.0,0.0,1.0,1.0,1.0,17.0,32.0,17.0,34.83101635811914,Medium
160928,Kasturipur,2236,374,276,139,0,161.57,13.839202822306122,0.1234347048300536,0.06216457960644,0.0,0.0,0.0,0.0,0.0,0.0,0.0,1.0,0.0,0.0,0.0,0.0,1.0,0.0,0.0,0.0,1.0,1.0,1.0,1.0,0.0,1.0,1.0,1.0,20.0,37.0,20.0,43.74959487752703,Medium
160929,Dewapur,730,123,92,18,0,73.96,9.870200108166577,0.1260273972602739,0.0246575342465753,0.0,0.0,0.0,0.0,0.0,0.0,0.0,1.0,1.0,1.0,1.0,0.0,0.0,1.0,1.0,1.0,1.0,1.0,1.0,0.0,0.0,0.0,1.0,1.0,14.0,30.0,14.0,32.643302803463044,Low
160930,Barai Harakh,5549,894,758,598,0,349.11,15.894703675059436,0.1366011894034961,0.1077671652550009,0.0,0.0,0.0,0.0,0.0,0.0,0.0,1.0,1.0,1.0,1.0,0.0,0.0,0.0,0.0,1.0,1.0,0.0,1.0,1.0,0.0,1.0,1.0,1.0,15.0,35.0,15.0,36.123790632558624,Medium
160931,Berawan,3345,608,432,613,0,180.59,18.52262030012736,0.1291479820627802,0.1832585949177877,0.0,0.0,0.0,0.0,0.0,0.0,0.0,1.0,0.0,0.0,0.0,0.0,0.0,0.0,0.0,0.0,1.0,1.0,1.0,1.0,0.0,1.0,1.0,1.0,25.0,30.0,25.0,34.71904409412955,Medium
160932,Khergapur,1037,172,131,58,0,79.12,13.106673407482305,0.1263259402121504,0.055930568948891,0.0,0.0,0.0,0.0,0.0,0.0,0.0,1.0,1.0,1.0,0.0,0.0,0.0,0.0,0.0,0.0,1.0,0.0,1.0,0.0,0.0,1.0,1.0,1.0,20.0,40.0,20.0,37.94170714673004,Medium
160933,Serawan,5815,919,883,1636,0,390.13,14.905287980929431,0.1518486672398968,0.28134135855546,0.0,0.0,0.0,0.0,0.0,0.0,0.0,1.0,0.0,1.0,1.0,0.0,0.0,0.0,0.0,0.0,1.0,0.0,1.0,1.0,0.0,1.0,1.0,1.0,12.0,25.0,12.0,40.7417347695464,Medium
160934,Arjunpur,1174,215,137,612,0,56.84,20.65446868402533,0.1166950596252129,0.5212947189097104,0.0,0.0,0.0,0.0,0.0,0.0,0.0,1.0,0.0,1.0,1.0,0.0,0.0,0.0,0.0,0.0,1.0,0.0,1.0,0.0,0.0,1.0,1.0,1.0,12.0,25.0,12.0,43.6232980531104,Medium
160935,Sarai Chndrabhan Urf Nansnsai,1541,279,220,800,0,147.73,10.43119203953158,0.1427644386761843,0.5191434133679429,0.0,0.0,0.0,0.0,0.0,0.0,0.0,1.0,1.0,1.0,1.0,0.0,0.0,0.0,0.0,0.0,1.0,1.0,1.0,0.0,0.0,1.0,1.0,1.0,15.0,32.0,15.0,35.64091127361344,Medium
160936,Bajha,2086,354,261,367,0,156.07,13.365797398603192,0.1251198465963566,0.1759348034515819,0.0,0.0,0.0,0.0,0.0,0.0,0.0,1.0,0.0,1.0,1.0,0.0,0.0,0.0,0.0,0.0,1.0,0.0,1.0,1.0,0.0,1.0,1.0,1.0,10.0,25.0,10.0,39.34953395049104,Medium
160937,Chack Gangagir,0,0,0,0,0,5.72,0.0,,,,,,,,,,,,,,,,,,,,,,,,,,,12.0,25.0,12.0,45.0,Medium
160938,Jagdishpur Sukali,606,104,79,69,0,39.68,15.272177419354838,0.1303630363036303,0.1138613861386138,0.0,0.0,0.0,0.0,0.0,0.0,0.0,1.0,1.0,1.0,1.0,0.0,0.0,0.0,0.0,0.0,1.0,0.0,1.0,0.0,0.0,1.0,1.0,1.0,15.0,34.0,15.0,38.441519037625625,Medium
160939,Mahespur,519,90,71,104,0,72.09,7.1993341656263,0.1368015414258188,0.2003853564547206,0.0,0.0,0.0,0.0,0.0,0.0,0.0,1.0,1.0,1.0,1.0,0.0,0.0,0.0,0.0,0.0,1.0,1.0,1.0,1.0,0.0,1.0,1.0,1.0,15.0,35.0,15.0,31.235340975345416,Low
160940,Sulempur Urf Kamaipur,3179,513,460,818,0,173.15,18.35980363846376,0.144699591066373,0.2573136206354199,0.0,0.0,0.0,0.0,0.0,0.0,0.0,1.0,1.0,1.0,1.0,0.0,0.0,0.0,0.0,0.0,1.0,0.0,1.0,0.0,0.0,1.0,1.0,1.0,15.0,32.0,15.0,39.71583918368437,Medium
160941,Fatehpur Ta. Shahabpur,670,111,81,177,0,78.74,8.509017018034037,0.1208955223880597,0.2641791044776119,0.0,0.0,0.0,0.0,0.0,0.0,0.0,1.0,1.0,0.0,1.0,0.0,0.0,0.0,0.0,0.0,1.0,0.0,1.0,0.0,0.0,0.0,1.0,1.0,14.0,32.0,14.0,38.63098293866935,Medium
160942,Jagdishpur Masni,2249,405,374,586,0,144.42,15.57263536906246,0.1662961316140506,0.2605602489995554,0.0,0.0,0.0,0.0,0.0,0.0,0.0,1.0,0.0,1.0,1.0,0.0,0.0,0.0,0.0,0.0,1.0,1.0,1.0,0.0,0.0,1.0,1.0,1.0,9.0,22.0,9.0,38.59869429183612,Medium
160943,Sarai Ramdaspur Urf Newada,1091,202,152,550,0,72.09,15.133860452212511,0.1393217231897341,0.5041246562786434,0.0,0.0,0.0,0.0,0.0,0.0,0.0,1.0,1.0,1.0,1.0,0.0,0.0,0.0,0.0,0.0,1.0,0.0,1.0,0.0,0.0,1.0,1.0,1.0,15.0,35.0,15.0,40.65590843972037,Medium
160944,Nigdilpur,2558,470,402,1008,0,236.01,10.838523791364771,0.1571540265832681,0.3940578577013292,0.0,0.0,0.0,0.0,0.0,0.0,0.0,1.0,0.0,1.0,1.0,0.0,0.0,0.0,0.0,0.0,1.0,1.0,1.0,1.0,0.0,1.0,1.0,1.0,9.0,22.0,9.0,36.29725383408127,Medium
160945,Pach Deora,3775,653,524,1155,0,230.17,16.400921058348178,0.1388079470198675,0.3059602649006622,0.0,0.0,0.0,0.0,0.0,0.0,0.0,1.0,0.0,1.0,1.0,0.0,0.0,0.0,0.0,0.0,1.0,0.0,1.0,0.0,0.0,1.0,1.0,1.0,7.0,25.0,7.0,43.03510771050719,Medium
160946,Judapur Karnai,88,15,9,42,0,19.9,4.42211055276382,0.1022727272727272,0.4772727272727273,0.0,0.0,0.0,0.0,0.0,0.0,0.0,1.0,0.0,1.0,0.0,0.0,0.0,0.0,0.0,0.0,1.0,1.0,1.0,1.0,0.0,0.0,1.0,1.0,9.0,22.0,9.0,34.80304807625223,Medium
160947,Sultanpur Akbar,4207,749,608,576,0,228.978,18.37294412563652,0.1445210363679581,0.1369146660328024,0.0,0.0,0.0,0.0,0.0,0.0,0.0,1.0,1.0,1.0,1.0,0.0,0.0,0.0,0.0,0.0,1.0,0.0,0.0,0.0,0.0,1.0,1.0,1.0,9.0,33.0,9.0,39.10902810289375,Medium
160948,Jamalpur,528,101,81,297,0,58.12,9.084652443220923,0.1534090909090909,0.5625,0.0,0.0,0.0,0.0,0.0,0.0,0.0,1.0,1.0,1.0,0.0,0.0,1.0,0.0,0.0,0.0,1.0,0.0,1.0,0.0,0.0,0.0,1.0,1.0,8.0,35.0,8.0,51.12166444036842,Medium
160949,Shri Rampur,0,0,0,0,0,30.84,0.0,,,,,,,,,,,,,,,,,,,,,,,,,,,8.0,38.0,8.0,45.0,Medium
160950,Jadopur,2118,340,295,496,0,151.55,13.97558561530848,0.1392823418319169,0.2341831916902738,0.0,0.0,0.0,0.0,0.0,0.0,0.0,1.0,1.0,1.0,0.0,0.0,1.0,0.0,0.0,0.0,1.0,0.0,1.0,0.0,0.0,1.0,1.0,1.0,5.0,30.0,5.0,49.25739173715502,Medium
160951,Sangipur,812,158,124,404,0,83.75,9.695522388059702,0.1527093596059113,0.4975369458128079,0.0,0.0,0.0,0.0,0.0,0.0,0.0,1.0,0.0,1.0,1.0,0.0,0.0,0.0,0.0,1.0,1.0,0.0,1.0,1.0,0.0,1.0,1.0,1.0,7.0,27.0,7.0,41.634309365767216,Medium
160952,Jagdishpur Sarai Bharat,227,47,38,116,0,33.7,6.735905044510385,0.1674008810572687,0.5110132158590308,0.0,0.0,0.0,0.0,0.0,0.0,0.0,1.0,1.0,1.0,0.0,0.0,0.0,0.0,0.0,0.0,1.0,0.0,1.0,0.0,0.0,1.0,1.0,1.0,8.0,30.0,8.0,41.18740438484515,Medium
160953,Durgapur,568,86,75,110,0,39.12,14.519427402862986,0.1320422535211267,0.1936619718309859,0.0,0.0,0.0,0.0,0.0,0.0,0.0,1.0,1.0,0.0,0.0,0.0,0.0,0.0,0.0,0.0,1.0,0.0,1.0,0.0,0.0,0.0,1.0,1.0,9.0,28.0,9.0,38.85994561146136,Medium
160954,Birsinghpur Saraibharat,532,93,78,120,0,29.0,18.344827586206897,0.1466165413533834,0.225563909774436,0.0,0.0,0.0,0.0,0.0,0.0,0.0,1.0,1.0,0.0,0.0,0.0,0.0,0.0,0.0,1.0,1.0,0.0,1.0,0.0,0.0,0.0,1.0,1.0,10.0,30.0,10.0,39.61398332688953,Medium
160955,Garabpur,1119,194,162,514,0,103.32,10.830429732868758,0.1447721179624665,0.4593386952636282,0.0,0.0,0.0,0.0,0.0,0.0,0.0,1.0,1.0,0.0,0.0,0.0,1.0,0.0,0.0,0.0,1.0,0.0,1.0,0.0,0.0,1.0,1.0,1.0,11.0,32.0,11.0,50.41853460450299,Medium
160956,Persupur Nari,432,82,62,84,0,59.71,7.234969016915089,0.1435185185185185,0.1944444444444444,0.0,0.0,0.0,0.0,0.0,0.0,0.0,1.0,1.0,0.0,1.0,0.0,0.0,0.0,0.0,1.0,1.0,0.0,1.0,0.0,0.0,1.0,1.0,1.0,15.0,33.0,15.0,38.90861102324109,Medium
160957,Malapur,1629,305,228,649,0,194.0,8.396907216494846,0.1399631675874769,0.3984039287906691,0.0,,,,,,,,,,,,,,,,,,,,,1.0,1.0,1.0,,,,51.53619315905016,Medium
160958,Bhuwanpur,355,54,46,66,0,28.95,12.26252158894646,0.1295774647887324,0.1859154929577464,0.0,0.0,0.0,0.0,0.0,0.0,0.0,1.0,1.0,1.0,0.0,0.0,1.0,0.0,0.0,0.0,1.0,0.0,1.0,0.0,0.0,0.0,1.0,1.0,9.0,29.0,9.0,48.65446621626231,Medium
160959,Kamalpur,2104,319,339,373,0,139.0,15.136690647482014,0.1611216730038022,0.1772813688212927,0.0,,,,,,,,,,,,,,,,,,,,,1.0,1.0,1.0,,,,51.34247354036403,Medium
160960,Pershotampur,1671,291,271,599,0,135.59,12.32391769304521,0.1621783363255535,0.3584679832435667,0.0,0.0,0.0,0.0,0.0,0.0,0.0,1.0,1.0,1.0,0.0,0.0,0.0,0.0,0.0,0.0,1.0,0.0,1.0,0.0,0.0,1.0,1.0,1.0,,,,40.49777940450704,Medium
160961,Balaimau,953,183,135,201,0,81.46,11.698993370979624,0.1416579223504722,0.210912906610703,0.0,0.0,0.0,0.0,0.0,0.0,0.0,1.0,1.0,1.0,1.0,0.0,1.0,0.0,0.0,0.0,1.0,0.0,1.0,0.0,0.0,0.0,1.0,1.0,7.0,30.0,7.0,49.11869488791394,Medium
160962,Chandpur Sarai Bharat,2604,424,349,447,0,265.44,9.810126582278482,0.1340245775729646,0.1716589861751152,0.0,0.0,0.0,0.0,0.0,0.0,0.0,1.0,1.0,1.0,1.0,0.0,1.0,0.0,0.0,0.0,1.0,0.0,1.0,1.0,0.0,1.0,1.0,1.0,5.0,25.0,5.0,46.11575526582335,Medium
160963,Dalaipur,215,40,25,108,0,33.24,6.468110709987966,0.1162790697674418,0.5023255813953489,0.0,0.0,0.0,0.0,0.0,0.0,0.0,1.0,1.0,1.0,1.0,0.0,1.0,0.0,0.0,0.0,1.0,0.0,1.0,1.0,0.0,0.0,1.0,1.0,5.0,25.0,5.0,47.09930024533664,Medium
160964,Haridih,1398,234,220,236,0,115.33,12.121737622474638,0.1573676680972818,0.1688125894134478,0.0,0.0,0.0,0.0,0.0,0.0,0.0,1.0,1.0,1.0,1.0,0.0,0.0,0.0,0.0,0.0,1.0,0.0,1.0,1.0,0.0,0.0,1.0,1.0,6.0,26.0,6.0,36.89686880028303,Medium
160965,Imam Kulipur,718,120,119,297,0,68.83,10.431497893360454,0.1657381615598885,0.4136490250696379,0.0,0.0,0.0,0.0,0.0,0.0,0.0,1.0,1.0,1.0,1.0,0.0,0.0,0.0,0.0,0.0,1.0,0.0,1.0,1.0,0.0,1.0,1.0,1.0,7.0,27.0,7.0,38.30266359525735,Medium
160966,Bhagautipur Khuranna,1792,296,280,254,0,129.62,13.825027002005864,0.15625,0.1417410714285714,0.0,0.0,0.0,0.0,0.0,0.0,0.0,1.0,1.0,1.0,1.0,0.0,1.0,0.0,0.0,0.0,1.0,0.0,1.0,1.0,0.0,1.0,1.0,1.0,5.0,25.0,5.0,46.79801995261783,Medium
160967,Usmanpur,403,83,66,47,0,41.91,9.615843474111191,0.1637717121588089,0.1166253101736972,0.0,0.0,0.0,0.0,0.0,0.0,0.0,1.0,1.0,1.0,1.0,0.0,1.0,0.0,0.0,0.0,1.0,1.0,1.0,0.0,0.0,0.0,1.0,1.0,5.0,25.0,5.0,44.22501205606223,Medium
160968,Krishnapur,1200,203,194,349,0,49.22,24.38033319788704,0.1616666666666666,0.2908333333333333,0.0,0.0,0.0,0.0,0.0,0.0,0.0,1.0,1.0,1.0,1.0,0.0,0.0,0.0,0.0,0.0,1.0,0.0,1.0,1.0,0.0,1.0,1.0,1.0,5.0,25.0,5.0,38.14001251485856,Medium
160969,Tawakkalpur,617,86,97,16,0,121.91,5.061110655401526,0.1572123176661264,0.0259319286871961,0.0,0.0,0.0,0.0,0.0,0.0,0.0,1.0,1.0,1.0,1.0,0.0,0.0,0.0,0.0,0.0,0.0,0.0,1.0,0.0,0.0,0.0,1.0,1.0,5.0,25.0,5.0,43.38747396814871,Medium
160970,Raiya,3177,525,478,874,0,336.04,9.454231639090583,0.1504564054139125,0.2751022977651873,0.0,0.0,0.0,0.0,0.0,0.0,0.0,1.0,1.0,1.0,1.0,0.0,1.0,0.0,1.0,0.0,1.0,1.0,1.0,1.0,0.0,1.0,1.0,1.0,2.0,22.0,2.0,42.111292358001215,Medium
160971,Sarai Baju,2603,498,437,1265,0,188.3,13.823685608072225,0.1678832116788321,0.4859777180176719,0.0,0.0,0.0,0.0,0.0,0.0,0.0,1.0,1.0,1.0,1.0,0.0,0.0,0.0,0.0,0.0,1.0,1.0,1.0,1.0,0.0,1.0,1.0,1.0,1.0,21.0,1.0,33.86814437818311,Medium
160972,Phulpurbam Urf Bhikhu,493,69,61,2,0,36.0,13.694444444444445,0.1237322515212981,0.0040567951318458,0.0,,,,,,,,,,,,,,,,,,,,,1.0,1.0,1.0,,,,49.295363265020384,Medium
160973,Phulpurbikram Urf Gopalpur,309,34,79,0,0,19.0,16.263157894736842,0.255663430420712,0.0,0.0,1.0,,1.0,,,,,,,,,,,,,,,,,,1.0,1.0,1.0,,,,46.671972771754405,Medium
160974,Siswan,3484,568,515,684,0,344.57,10.111153031314393,0.1478185993111366,0.1963260619977037,0.0,0.0,0.0,0.0,0.0,0.0,0.0,1.0,1.0,1.0,0.0,0.0,0.0,0.0,0.0,0.0,1.0,0.0,1.0,0.0,0.0,1.0,1.0,1.0,12.0,37.0,12.0,39.16528942087543,Medium
160975,Jogipur,2003,339,334,758,0,416.11,4.813631011030737,0.1667498751872191,0.3784323514727908,0.0,0.0,0.0,0.0,0.0,0.0,0.0,1.0,0.0,1.0,0.0,0.0,0.0,0.0,0.0,0.0,1.0,0.0,1.0,1.0,0.0,0.0,1.0,1.0,13.0,36.0,13.0,41.25925984695195,Medium
160976,Sulempur,869,171,166,183,0,168.26,5.164626173778676,0.19102416570771,0.2105868814729574,0.0,0.0,0.0,0.0,0.0,0.0,0.0,1.0,0.0,1.0,0.0,0.0,0.0,0.0,0.0,0.0,0.0,0.0,1.0,1.0,0.0,1.0,1.0,1.0,13.0,36.0,13.0,46.16269403596059,Medium
160977,Sarai Badshan Kuli,2401,375,420,528,0,249.81,9.611304591489532,0.1749271137026239,0.21990837151187,0.0,0.0,0.0,0.0,0.0,0.0,0.0,1.0,0.0,1.0,0.0,0.0,0.0,0.0,0.0,0.0,1.0,1.0,1.0,1.0,0.0,1.0,1.0,1.0,12.0,30.0,12.0,35.90923610481087,Medium
160978,Madari,1745,291,301,496,0,169.38,10.302278899515882,0.1724928366762177,0.2842406876790831,0.0,0.0,0.0,0.0,0.0,0.0,0.0,1.0,1.0,1.0,0.0,0.0,0.0,0.0,0.0,0.0,1.0,0.0,1.0,0.0,0.0,1.0,1.0,1.0,12.0,37.0,12.0,40.352948712735525,Medium
160979,Banka Jalalpur,5683,882,896,1174,0,132.363,42.93495916532566,0.1576632060531409,0.2065810311455217,0.0,0.0,0.0,0.0,0.0,0.0,1.0,1.0,1.0,1.0,1.0,1.0,0.0,0.0,1.0,1.0,1.0,0.0,1.0,1.0,0.0,0.0,1.0,1.0,10.0,24.0,10.0,35.02827490730202,Medium
160980,Alawalpur,4345,663,675,890,0,369.787,11.750007436713569,0.1553509781357882,0.2048331415420023,0.0,,,,,,,,,,,,,,,,,,,,,1.0,1.0,1.0,,,,51.16785208697985,Medium
160981,Markhamau,3475,554,594,619,0,269.37,12.90047147046813,0.1709352517985611,0.1781294964028777,0.0,0.0,0.0,0.0,0.0,0.0,0.0,1.0,1.0,0.0,1.0,0.0,1.0,0.0,0.0,0.0,1.0,1.0,1.0,0.0,0.0,1.0,1.0,1.0,13.0,36.0,13.0,44.88250216533835,Medium
160982,Sultanpur Khas,4700,701,741,735,0,266.8,17.616191904047977,0.1576595744680851,0.1563829787234042,0.0,0.0,0.0,0.0,0.0,0.0,0.0,1.0,1.0,0.0,1.0,0.0,1.0,1.0,1.0,1.0,1.0,1.0,1.0,1.0,1.0,1.0,1.0,1.0,12.0,35.0,12.0,39.569408368639984,Medium
160983,Sarai Alauddin Urf Jogapur,826,128,120,52,0,41.58,19.865319865319865,0.1452784503631961,0.0629539951573849,0.0,0.0,0.0,,0.0,1.0,0.0,1.0,1.0,0.0,1.0,0.0,1.0,0.0,1.0,1.0,1.0,1.0,1.0,1.0,0.0,0.0,1.0,1.0,11.0,34.0,11.0,37.989979910055126,Medium
160984,Mohammadpur Sarai Ali,2768,401,458,718,0,151.2,18.306878306878307,0.1654624277456647,0.259393063583815,0.0,0.0,0.0,0.0,0.0,0.0,1.0,1.0,0.0,1.0,0.0,0.0,0.0,0.0,1.0,1.0,1.0,1.0,1.0,1.0,1.0,1.0,1.0,1.0,12.0,32.0,12.0,30.346945223902026,Low
160985,Mohammadpur Maganpur,966,153,174,169,0,77.8,12.416452442159384,0.1801242236024844,0.1749482401656314,0.0,0.0,0.0,0.0,0.0,0.0,1.0,1.0,0.0,1.0,0.0,0.0,1.0,0.0,1.0,1.0,1.0,1.0,1.0,1.0,0.0,0.0,1.0,1.0,12.0,31.0,12.0,42.62236231055192,Medium
160986,Ramnager Gansiari,4858,765,773,1251,0,351.9,13.805058255186132,0.1591189790037052,0.2575133799917661,0.0,0.0,0.0,0.0,0.0,0.0,1.0,1.0,1.0,0.0,1.0,0.0,0.0,0.0,1.0,1.0,1.0,1.0,1.0,0.0,0.0,1.0,1.0,1.0,17.0,47.0,17.0,31.628796422900667,Low
160987,Dubahi,2102,308,358,76,0,151.92,13.836229594523434,0.170313986679353,0.0361560418648905,0.0,0.0,0.0,0.0,0.0,0.0,1.0,1.0,1.0,0.0,1.0,1.0,0.0,0.0,1.0,1.0,1.0,1.0,1.0,0.0,0.0,1.0,1.0,1.0,17.0,37.0,17.0,30.859141719332765,Low
160988,Misir Patti,243,48,37,93,0,24.65,9.858012170385395,0.1522633744855967,0.382716049382716,0.0,0.0,0.0,0.0,0.0,0.0,0.0,1.0,0.0,0.0,0.0,0.0,0.0,0.0,0.0,0.0,0.0,0.0,0.0,0.0,0.0,0.0,1.0,1.0,18.0,40.0,18.0,48.5535068646277,Medium
160989,Malkhanpur,1352,194,236,378,0,183.92,7.35102218355807,0.1745562130177514,0.279585798816568,0.0,0.0,0.0,0.0,0.0,0.0,0.0,1.0,0.0,0.0,0.0,0.0,1.0,0.0,0.0,0.0,0.0,0.0,1.0,0.0,0.0,1.0,1.0,1.0,18.0,40.0,18.0,58.603554037321125,Medium
160990,Gadh Champa,1886,307,316,481,0,185.19,10.184135212484476,0.1675503711558854,0.2550371155885472,0.0,0.0,0.0,0.0,0.0,0.0,0.0,1.0,1.0,1.0,1.0,0.0,0.0,0.0,0.0,1.0,0.0,0.0,1.0,0.0,0.0,1.0,1.0,1.0,26.0,43.0,26.0,45.05379885114731,Medium
160991,Basdaiya,1463,220,227,284,0,373.62,3.91574326856164,0.1551606288448393,0.1941216678058783,0.0,0.0,0.0,0.0,0.0,0.0,0.0,1.0,0.0,0.0,0.0,0.0,1.0,0.0,0.0,0.0,0.0,0.0,0.0,0.0,0.0,1.0,1.0,1.0,18.0,40.0,18.0,57.45310814430172,Medium
160992,Baraepur,797,127,86,131,0,100.28,7.947746310331073,0.1079046424090338,0.164366373902133,0.0,0.0,0.0,0.0,0.0,0.0,1.0,1.0,1.0,0.0,1.0,0.0,0.0,0.0,0.0,1.0,0.0,1.0,1.0,1.0,0.0,1.0,1.0,1.0,20.0,50.0,20.0,31.88578025781617,Low
160993,Deogalpur,2529,396,381,901,0,347.42,7.279373668758275,0.1506524317912218,0.3562672993277975,0.0,0.0,0.0,0.0,0.0,0.0,0.0,1.0,1.0,1.0,1.0,0.0,0.0,0.0,1.0,1.0,1.0,0.0,1.0,1.0,0.0,1.0,1.0,1.0,27.0,44.0,27.0,37.433568602762776,Medium
160994,Dharauta,2968,495,437,1391,0,59.6,49.79865771812081,0.1472371967654986,0.4686657681940701,0.0,0.0,1.0,0.0,0.0,0.0,1.0,1.0,1.0,0.0,1.0,0.0,0.0,0.0,0.0,1.0,1.0,0.0,1.0,1.0,0.0,1.0,1.0,1.0,22.0,52.0,22.0,32.97481835457025,Low
160995,Gheenpur,8104,1319,1289,1529,2,516.66,15.685363682112028,0.1590572556762093,0.1886722606120434,0.0002467917077986,0.0,0.0,0.0,0.0,0.0,0.0,1.0,1.0,1.0,1.0,0.0,0.0,0.0,1.0,1.0,1.0,0.0,1.0,1.0,0.0,1.0,1.0,1.0,28.0,45.0,28.0,37.19928287687917,Medium
160996,Anedhi,638,122,128,494,0,115.07,5.544451203615191,0.2006269592476489,0.774294670846395,0.0,0.0,0.0,0.0,0.0,0.0,1.0,1.0,0.0,0.0,0.0,0.0,0.0,0.0,1.0,1.0,1.0,1.0,1.0,0.0,0.0,1.0,1.0,1.0,16.0,46.0,16.0,38.45160175519562,Medium
160997,Kathwer Perwaizpur,3576,574,550,1282,0,17.04,209.85915492957747,0.1538031319910514,0.3585011185682326,0.0,0.0,0.0,0.0,0.0,0.0,1.0,1.0,1.0,0.0,1.0,0.0,0.0,0.0,0.0,0.0,1.0,1.0,1.0,1.0,0.0,1.0,1.0,1.0,16.0,40.0,16.0,37.53594958921514,Medium
160998,Birsinghpur Urf Allipur,1845,326,210,744,0,117.27,15.732924021488872,0.1138211382113821,0.4032520325203252,0.0,0.0,0.0,0.0,0.0,0.0,0.0,1.0,0.0,1.0,1.0,0.0,0.0,0.0,0.0,0.0,1.0,0.0,1.0,1.0,0.0,1.0,1.0,1.0,16.0,38.0,16.0,40.244494432131525,Medium
160999,Chack Baher,287,34,53,0,0,22.6,12.699115044247788,0.1846689895470383,0.0,0.0,0.0,0.0,0.0,0.0,0.0,0.0,1.0,0.0,0.0,1.0,0.0,0.0,0.0,0.0,0.0,1.0,0.0,1.0,0.0,0.0,1.0,1.0,1.0,17.0,39.0,17.0,42.72892042891277,Medium
161000,Sarai Atan Urf Naugira,1845,284,333,491,0,97.36,18.95028759244043,0.1804878048780487,0.2661246612466125,0.0,0.0,0.0,0.0,0.0,0.0,0.0,1.0,0.0,0.0,1.0,0.0,0.0,0.0,0.0,0.0,1.0,,1.0,1.0,0.0,1.0,0.0,1.0,16.0,38.0,38.0,41.69115467025093,Medium
161001,Mau Aima,13878,2247,2228,3045,0,1145.455,12.115709477893065,0.1605418648220204,0.2194120190229139,0.0,0.0,0.0,1.0,0.0,0.0,0.0,1.0,0.0,1.0,1.0,0.0,0.0,1.0,1.0,1.0,1.0,0.0,1.0,1.0,1.0,1.0,1.0,1.0,12.0,36.0,36.0,34.74484397444525,Medium
161002,Rasoolpur,659,107,91,53,0,92.76,7.104355325571366,0.1380880121396054,0.0804248861911987,0.0,0.0,0.0,0.0,0.0,0.0,0.0,1.0,0.0,0.0,0.0,0.0,0.0,0.0,0.0,0.0,1.0,0.0,1.0,0.0,0.0,0.0,0.0,1.0,16.0,,,41.50356057530893,Medium
161003,Bishambherpur,1182,197,169,313,0,86.38,13.683723084047234,0.1429780033840947,0.2648054145516074,0.0,0.0,0.0,0.0,0.0,0.0,0.0,1.0,0.0,1.0,1.0,0.0,,0.0,0.0,0.0,1.0,0.0,1.0,1.0,0.0,1.0,0.0,1.0,14.0,39.0,39.0,40.34270472531451,Medium
161004,Jalalpur Katata,730,106,108,159,0,59.97,12.17275304318826,0.147945205479452,0.2178082191780821,0.0,0.0,0.0,0.0,0.0,0.0,0.0,1.0,0.0,0.0,0.0,,1.0,0.0,0.0,0.0,1.0,0.0,1.0,1.0,0.0,0.0,0.0,1.0,17.0,39.0,39.0,50.1946041438043,Medium
161005,Sakra Mau,4315,771,675,1093,0,383.0,11.266318537859007,0.1564310544611819,0.2533024333719583,0.0,0.0,0.0,0.0,0.0,0.0,1.0,1.0,1.0,1.0,1.0,0.0,0.0,1.0,0.0,1.0,1.0,1.0,1.0,1.0,0.0,1.0,1.0,1.0,7.0,29.0,29.0,28.92271168300481,Low
161006,Sarai Lalu,887,152,133,472,0,53.0,16.735849056603772,0.1499436302142051,0.532130777903044,0.0,0.0,0.0,0.0,0.0,0.0,1.0,1.0,1.0,1.0,1.0,0.0,0.0,0.0,0.0,1.0,1.0,1.0,1.0,0.0,0.0,1.0,1.0,1.0,7.0,29.0,29.0,32.84713625074399,Low
161007,Pil Khuwa,2239,378,333,503,0,204.56,10.945443879546342,0.1487271103171058,0.2246538633318445,0.0,0.0,0.0,0.0,0.0,0.0,0.0,1.0,0.0,0.0,1.0,0.0,0.0,0.0,0.0,0.0,1.0,1.0,1.0,1.0,0.0,0.0,1.0,1.0,10.0,30.0,30.0,35.20182289851391,Medium
161008,Katra Dayaram,2487,414,368,812,0,224.0,11.102678571428571,0.1479694410936871,0.326497788500201,0.0,0.0,0.0,0.0,0.0,0.0,0.0,1.0,0.0,0.0,0.0,0.0,1.0,0.0,0.0,1.0,1.0,1.0,1.0,1.0,0.0,1.0,0.0,1.0,10.0,30.0,30.0,45.69477789441723,Medium
161009,Saraikesho Urf Bagi,3051,471,507,363,0,118.28,25.794724382820423,0.1661750245821042,0.1189773844641101,0.0,0.0,0.0,0.0,0.0,0.0,0.0,1.0,1.0,1.0,1.0,1.0,1.0,0.0,0.0,1.0,1.0,1.0,1.0,1.0,0.0,1.0,1.0,1.0,9.0,29.0,29.0,42.47414287980582,Medium
161010,Bisani Urf Shikohabad,1518,265,208,382,0,194.0,7.824742268041237,0.1370223978919631,0.2516469038208169,0.0,0.0,0.0,0.0,0.0,0.0,1.0,1.0,1.0,1.0,1.0,0.0,0.0,0.0,0.0,1.0,1.0,1.0,1.0,0.0,0.0,1.0,1.0,1.0,9.0,29.0,29.0,30.69065767991655,Low
161011,Ratansainpur,2181,357,280,185,0,88.0,24.78409090909091,0.1283814763869784,0.0848234754699679,0.0,0.0,0.0,0.0,0.0,0.0,1.0,1.0,1.0,0.0,1.0,1.0,0.0,1.0,0.0,1.0,1.0,1.0,1.0,1.0,0.0,1.0,1.0,1.0,7.0,29.0,29.0,27.794676588516943,Low
161012,Tikari Taluka Abdalpur,2706,495,374,884,0,227.44,11.897643334505805,0.1382113821138211,0.3266814486326681,0.0,0.0,0.0,0.0,0.0,0.0,0.0,1.0,1.0,1.0,0.0,0.0,1.0,0.0,1.0,1.0,0.0,0.0,1.0,1.0,0.0,1.0,1.0,1.0,8.0,33.0,33.0,52.10230982213043,Medium
161013,Nazarpur,291,42,54,48,0,60.09,4.842735896155766,0.1855670103092783,0.1649484536082474,0.0,0.0,0.0,0.0,0.0,0.0,0.0,1.0,1.0,0.0,0.0,0.0,0.0,0.0,0.0,0.0,0.0,1.0,1.0,1.0,0.0,0.0,1.0,0.0,10.0,30.0,30.0,37.424217862732704,Medium
161014,Ramaipur,862,142,137,170,0,130.93,6.583670663713434,0.1589327146171693,0.1972157772621809,0.0,0.0,0.0,0.0,0.0,0.0,0.0,1.0,1.0,0.0,0.0,0.0,1.0,0.0,0.0,1.0,0.0,1.0,1.0,1.0,0.0,1.0,1.0,1.0,7.0,27.0,27.0,46.85811236329383,Medium
161015,Raghunathpur Herduwa,610,96,74,119,0,23.74,25.69502948609941,0.121311475409836,0.1950819672131147,0.0,0.0,0.0,0.0,0.0,0.0,0.0,1.0,1.0,0.0,1.0,0.0,1.0,0.0,0.0,1.0,1.0,1.0,1.0,0.0,0.0,1.0,1.0,0.0,7.0,28.0,28.0,44.00465989197959,Medium
161016,Harakhpur,1554,238,239,300,0,249.05,6.239710901425417,0.1537966537966538,0.193050193050193,0.0,1.0,0.0,,0.0,0.0,0.0,1.0,1.0,1.0,1.0,0.0,1.0,0.0,0.0,0.0,1.0,1.0,1.0,1.0,0.0,0.0,1.0,1.0,9.0,30.0,30.0,38.335725754600624,Medium
161017,Mahraunda,5264,843,818,1674,0,238.79,22.044474224213744,0.1553951367781155,0.3180091185410334,0.0,0.0,0.0,0.0,0.0,0.0,1.0,1.0,,1.0,1.0,0.0,1.0,0.0,0.0,0.0,1.0,1.0,1.0,0.0,0.0,0.0,0.0,1.0,10.0,40.0,10.0,45.4916956734268,Medium
161018,Cheete Mau,4547,723,680,953,0,341.74,13.305436881839997,0.1495491532878821,0.2095887398284583,0.0,0.0,0.0,0.0,0.0,0.0,0.0,1.0,0.0,1.0,0.0,0.0,0.0,0.0,0.0,0.0,1.0,1.0,1.0,1.0,0.0,1.0,1.0,0.0,12.0,30.0,30.0,35.24820082547316,Medium
161019,Mani Umarpur,3890,594,514,989,2,273.84,14.205375401694422,0.1321336760925449,0.2542416452442159,0.0005141388174807,0.0,0.0,0.0,0.0,0.0,1.0,1.0,1.0,1.0,1.0,1.0,0.0,0.0,0.0,0.0,1.0,1.0,,1.0,0.0,1.0,1.0,1.0,13.0,33.0,,28.33161596731067,Low
161020,Mirzapur Abubakarpur,99,15,14,0,0,16.27,6.084818684695759,0.1414141414141414,0.0,0.0,0.0,0.0,0.0,0.0,0.0,0.0,1.0,1.0,1.0,1.0,0.0,1.0,0.0,1.0,1.0,1.0,1.0,1.0,1.0,0.0,0.0,0.0,1.0,11.0,30.0,,40.32596362636978,Medium
161021,Shahbazpur,2098,350,320,453,0,266.05,7.885735763954144,0.1525262154432793,0.2159199237368922,0.0,0.0,0.0,0.0,0.0,0.0,0.0,1.0,0.0,1.0,0.0,0.0,0.0,0.0,0.0,0.0,1.0,1.0,1.0,1.0,0.0,1.0,1.0,1.0,10.0,30.0,30.0,35.14631200827755,Medium
161022,Jamkhuri,3267,543,490,1247,0,312.95,10.439367311072056,0.1499846954392409,0.381695745332109,0.0,0.0,0.0,0.0,0.0,0.0,0.0,1.0,0.0,1.0,0.0,0.0,0.0,0.0,0.0,0.0,1.0,1.0,1.0,1.0,0.0,1.0,1.0,1.0,8.0,30.0,30.0,36.00395013454948,Medium
161023,Gadiyani,4202,653,740,953,0,258.91,16.229577845583407,0.1761066158971918,0.2267967634459781,0.0,0.0,0.0,0.0,0.0,0.0,0.0,1.0,1.0,1.0,1.0,0.0,0.0,0.0,0.0,0.0,1.0,1.0,1.0,0.0,0.0,1.0,0.0,1.0,7.0,30.0,30.0,35.41787135100447,Medium
161024,Sikandarpur,2269,356,367,604,0,268.71,8.444047486137473,0.1617452622300573,0.2661965623622741,0.0,0.0,0.0,0.0,0.0,0.0,1.0,1.0,0.0,1.0,1.0,1.0,1.0,0.0,0.0,0.0,0.0,1.0,1.0,0.0,0.0,1.0,1.0,1.0,10.0,40.0,8.0,49.86389089428519,Medium
161025,Yasinpur,2774,465,481,576,0,178.9,15.505869200670766,0.1733958183129055,0.2076423936553713,0.0,0.0,0.0,0.0,0.0,0.0,0.0,1.0,0.0,0.0,0.0,0.0,0.0,0.0,0.0,0.0,1.0,1.0,1.0,1.0,0.0,1.0,1.0,1.0,7.0,28.0,28.0,36.04435020982088,Medium
161026,Dewaria,1405,221,241,295,0,105.45,13.32385016595543,0.1715302491103202,0.2099644128113879,0.0,0.0,0.0,0.0,0.0,0.0,0.0,1.0,0.0,1.0,1.0,0.0,0.0,0.0,0.0,1.0,1.0,1.0,1.0,0.0,0.0,0.0,1.0,1.0,5.0,27.0,27.0,38.41026921417846,Medium
161027,Gadhina,3966,588,578,709,0,220.78,17.96358365794003,0.145738779626828,0.1787695410993444,0.0,0.0,0.0,0.0,0.0,0.0,0.0,1.0,1.0,1.0,1.0,0.0,1.0,0.0,0.0,0.0,1.0,1.0,1.0,1.0,0.0,1.0,1.0,1.0,6.0,30.0,30.0,41.83800198750591,Medium
161028,Semra Birbhanpur,2373,404,473,415,0,212.2,11.182846371347786,0.1993257479983143,0.1748841129372103,0.0,0.0,0.0,0.0,0.0,0.0,0.0,1.0,1.0,0.0,1.0,0.0,0.0,0.0,0.0,0.0,1.0,0.0,1.0,0.0,0.0,1.0,1.0,1.0,9.0,30.0,30.0,40.64736186802581,Medium
161029,Malak Payagi,2106,376,331,729,0,181.69,11.591171776102152,0.1571699905033238,0.3461538461538461,0.0,0.0,0.0,0.0,0.0,0.0,0.0,1.0,1.0,1.0,1.0,0.0,1.0,0.0,0.0,0.0,1.0,0.0,1.0,0.0,0.0,1.0,1.0,1.0,9.0,32.0,32.0,50.25582803624585,Medium
161030,Purkhipur,2003,334,309,299,0,167.81,11.936118228949407,0.1542685971043434,0.1492760858711932,0.0,0.0,0.0,0.0,0.0,0.0,0.0,1.0,1.0,1.0,1.0,0.0,1.0,0.0,0.0,0.0,0.0,1.0,1.0,0.0,0.0,0.0,1.0,1.0,9.0,30.0,30.0,49.1985815349888,Medium
161031,Khargapur,2144,357,363,706,0,207.25,10.344993968636912,0.1693097014925373,0.3292910447761194,0.0,0.0,0.0,0.0,0.0,0.0,0.0,1.0,1.0,1.0,1.0,0.0,0.0,0.0,0.0,1.0,1.0,1.0,1.0,0.0,0.0,1.0,0.0,1.0,10.0,30.0,30.0,35.484462874462864,Medium
161032,Tawakkalpur,605,76,78,39,0,10.13,59.72359328726554,0.1289256198347107,0.0644628099173553,0.0,0.0,0.0,0.0,0.0,0.0,0.0,1.0,0.0,0.0,0.0,0.0,1.0,0.0,0.0,0.0,0.0,0.0,1.0,0.0,0.0,1.0,1.0,1.0,10.0,32.0,10.0,58.312566843271526,Medium
161033,Ismailpur,1350,219,185,399,0,79.0,17.088607594936708,0.137037037037037,0.2955555555555555,0.0,,,,,,,,,,,,,,,,,,,,,1.0,1.0,1.0,,,,51.291567676597815,Medium
161034,Birbhanpur,711,121,105,0,0,70.11,10.141206675224646,0.1476793248945147,0.0,0.0,0.0,0.0,0.0,0.0,0.0,0.0,1.0,1.0,0.0,1.0,0.0,0.0,0.0,0.0,0.0,1.0,0.0,1.0,0.0,0.0,1.0,1.0,1.0,15.0,32.0,32.0,38.18071667586044,Medium
161035,Puranpur,1073,187,154,181,0,79.0,13.582278481012658,0.1435228331780056,0.1686859273066169,0.0,0.0,0.0,0.0,0.0,0.0,0.0,1.0,1.0,1.0,1.0,0.0,0.0,0.0,0.0,0.0,1.0,0.0,1.0,0.0,0.0,1.0,1.0,1.0,8.0,31.0,31.0,39.04094747573376,Medium
161036,Persupur Gopal,373,65,73,137,0,59.51,6.2678541421609815,0.195710455764075,0.3672922252010724,0.0,0.0,0.0,0.0,0.0,0.0,0.0,1.0,1.0,0.0,1.0,0.0,1.0,0.0,0.0,0.0,1.0,0.0,,,,0.0,1.0,1.0,8.0,31.0,31.0,51.29884054993639,Medium
161037,Baramau,1424,221,180,389,0,155.0,9.187096774193549,0.1264044943820224,0.2731741573033708,0.0,0.0,0.0,0.0,0.0,0.0,0.0,1.0,1.0,0.0,1.0,0.0,0.0,0.0,0.0,0.0,1.0,0.0,1.0,,,1.0,1.0,1.0,8.0,31.0,31.0,38.86910981344755,Medium
161038,Surajbhanpur,764,125,119,200,0,60.93,12.538979156408994,0.1557591623036649,0.2617801047120419,0.0,0.0,0.0,0.0,0.0,0.0,0.0,1.0,0.0,0.0,0.0,0.0,0.0,0.0,0.0,0.0,1.0,1.0,1.0,1.0,0.0,1.0,1.0,1.0,6.0,28.0,,35.6639413920375,Medium
161039,Kasturipur Herkishun,428,59,81,139,0,88.03,4.861978870839486,0.1892523364485981,0.3247663551401869,0.0,0.0,0.0,0.0,0.0,0.0,0.0,1.0,0.0,0.0,0.0,0.0,1.0,0.0,0.0,0.0,1.0,1.0,1.0,1.0,0.0,0.0,0.0,1.0,6.0,28.0,,46.66799175366807,Medium
161040,Khaninar,627,87,115,250,0,124.58,5.032910579547279,0.1834130781499202,0.3987240829346092,0.0,0.0,0.0,0.0,0.0,0.0,0.0,1.0,1.0,1.0,1.0,0.0,0.0,1.0,1.0,0.0,1.0,1.0,1.0,1.0,0.0,0.0,1.0,1.0,5.0,30.0,30.0,33.536297974629925,Medium
161041,Chack Qazi,634,89,88,109,0,31.64,20.037926675094816,0.138801261829653,0.1719242902208202,0.0,0.0,0.0,0.0,0.0,0.0,0.0,1.0,1.0,1.0,1.0,0.0,,0.0,0.0,0.0,,0.0,1.0,0.0,0.0,1.0,1.0,0.0,6.0,30.0,30.0,44.18094660667237,Medium
161042,Ramnagar Umrinizampur,1181,206,148,275,0,171.03,6.90522130620359,0.1253175275190516,0.2328535139712108,0.0,0.0,0.0,0.0,0.0,0.0,0.0,1.0,1.0,1.0,1.0,0.0,0.0,1.0,1.0,1.0,1.0,,1.0,1.0,0.0,1.0,1.0,1.0,6.0,30.0,30.0,36.04106750681137,Medium
161043,Akhaipur,236,38,38,43,0,47.0,5.0212765957446805,0.1610169491525423,0.1822033898305084,0.0,0.0,0.0,0.0,0.0,0.0,0.0,1.0,1.0,0.0,0.0,0.0,1.0,0.0,1.0,1.0,1.0,0.0,1.0,1.0,0.0,1.0,1.0,1.0,7.0,32.0,32.0,46.78133225301242,Medium
161044,Rampur Urf Kalyanshah,603,100,100,108,0,31.0,19.451612903225808,0.165837479270315,0.1791044776119403,0.0,0.0,0.0,0.0,0.0,0.0,0.0,1.0,1.0,0.0,0.0,0.0,0.0,0.0,1.0,1.0,0.0,0.0,1.0,1.0,0.0,1.0,1.0,1.0,6.0,31.0,31.0,42.50382500774836,Medium
161045,Dadauli,1988,319,311,363,0,149.0,13.342281879194632,0.1564386317907444,0.1825955734406438,0.0,0.0,0.0,0.0,0.0,0.0,0.0,1.0,1.0,1.0,0.0,0.0,1.0,0.0,1.0,1.0,1.0,1.0,1.0,1.0,0.0,1.0,1.0,1.0,5.0,30.0,30.0,41.988101071322085,Medium
161046,Abdalpur,5054,838,762,1438,0,481.6,10.494186046511627,0.150771666007123,0.2845271072417887,0.0,0.0,0.0,0.0,0.0,0.0,0.0,1.0,0.0,0.0,0.0,0.0,0.0,0.0,1.0,1.0,1.0,0.0,1.0,0.0,0.0,1.0,1.0,1.0,3.0,25.0,25.0,43.04397019227687,Medium
161047,Jagdishpur Dayal,758,124,103,38,0,36.98,20.497566252028125,0.1358839050131926,0.050131926121372,0.0,0.0,0.0,0.0,0.0,0.0,0.0,1.0,0.0,0.0,0.0,0.0,0.0,0.0,0.0,0.0,0.0,0.0,1.0,0.0,0.0,1.0,1.0,1.0,6.0,28.0,,46.83669766647798,Medium
161048,Jagdishpur Medi,638,100,77,33,0,39.69,16.074577979339885,0.1206896551724138,0.0517241379310344,0.0,0.0,0.0,0.0,0.0,0.0,0.0,1.0,1.0,0.0,0.0,0.0,1.0,0.0,0.0,1.0,1.0,1.0,1.0,1.0,0.0,1.0,1.0,1.0,8.0,28.0,28.0,40.37362585033052,Medium
161049,Tejopur,1067,164,131,256,0,104.14,10.245822930670252,0.1227741330834114,0.239925023430178,0.0,0.0,0.0,0.0,0.0,0.0,0.0,1.0,1.0,1.0,1.0,0.0,1.0,0.0,0.0,0.0,0.0,1.0,1.0,0.0,0.0,0.0,1.0,1.0,5.0,27.0,27.0,48.63748782998234,Medium
161050,Saidaha,414,74,29,0,0,30.45,13.596059113300493,0.0700483091787439,0.0,0.0,0.0,0.0,0.0,0.0,0.0,0.0,1.0,1.0,0.0,0.0,0.0,1.0,0.0,0.0,0.0,1.0,1.0,1.0,0.0,0.0,0.0,1.0,0.0,6.0,28.0,28.0,40.99384877498667,Medium
161051,Ismailpur Ta.Abdalpur,1371,195,227,384,0,93.94,14.594421971471151,0.1655725747629467,0.2800875273522976,0.0,0.0,0.0,0.0,0.0,0.0,0.0,1.0,1.0,1.0,0.0,0.0,0.0,0.0,0.0,0.0,0.0,0.0,1.0,0.0,0.0,0.0,1.0,1.0,6.0,28.0,28.0,45.30106678210903,Medium
161052,Ramapur,425,84,73,274,0,31.96,13.297872340425531,0.1717647058823529,0.6447058823529411,0.0,0.0,0.0,0.0,0.0,0.0,0.0,1.0,1.0,0.0,0.0,0.0,0.0,0.0,0.0,0.0,1.0,0.0,1.0,1.0,0.0,0.0,0.0,0.0,3.0,25.0,,39.75660873075898,Medium
161053,Saraidina,1603,296,263,796,0,237.16,6.759149940968123,0.1640673736743605,0.4965689332501559,0.0,0.0,0.0,,0.0,0.0,0.0,1.0,1.0,0.0,1.0,0.0,1.0,0.0,0.0,1.0,1.0,1.0,1.0,1.0,0.0,1.0,1.0,1.0,9.0,29.0,29.0,43.51613357398569,Medium
161054,Akberpur Saraidina,1134,170,174,175,0,123.33,9.194843103867672,0.1534391534391534,0.1543209876543209,0.0,0.0,0.0,0.0,0.0,0.0,0.0,1.0,1.0,1.0,1.0,0.0,1.0,0.0,,0.0,0.0,0.0,1.0,0.0,0.0,0.0,1.0,1.0,10.0,32.0,32.0,54.086202263836256,Medium
161055,Malakbela,1956,341,297,599,0,160.39,12.195274019577282,0.151840490797546,0.3062372188139059,0.0,0.0,0.0,0.0,0.0,0.0,0.0,1.0,1.0,1.0,1.0,0.0,1.0,0.0,,0.0,1.0,1.0,1.0,0.0,0.0,1.0,1.0,1.0,8.0,29.0,29.0,44.92120042447333,Medium
161056,Daudpurnewada,676,101,94,187,0,44.86,15.06910387873384,0.1390532544378698,0.2766272189349112,0.0,0.0,0.0,0.0,0.0,0.0,0.0,1.0,1.0,0.0,0.0,0.0,1.0,0.0,0.0,0.0,1.0,1.0,1.0,1.0,0.0,1.0,1.0,1.0,5.0,25.0,25.0,42.00770441816925,Medium
161057,Yasinpur,234,34,37,0,0,58.1,4.027538726333907,0.1581196581196581,0.0,0.0,0.0,0.0,0.0,0.0,0.0,0.0,1.0,1.0,1.0,1.0,0.0,1.0,0.0,0.0,0.0,0.0,1.0,1.0,0.0,0.0,1.0,1.0,1.0,5.0,25.0,25.0,48.24253434828901,Medium
161058,Jamui,2284,346,384,479,0,144.37,15.820461314677564,0.1681260945709282,0.2097197898423818,0.0,0.0,0.0,0.0,0.0,0.0,,1.0,1.0,0.0,1.0,0.0,1.0,0.0,0.0,0.0,1.0,0.0,1.0,0.0,0.0,1.0,1.0,1.0,9.0,30.0,30.0,50.076248085324856,Medium
161059,Badgaon,5091,878,736,1343,0,300.33,16.95135351113775,0.1445688469848752,0.2637988607346297,0.0,0.0,1.0,0.0,0.0,0.0,0.0,1.0,1.0,1.0,1.0,0.0,0.0,0.0,0.0,0.0,1.0,1.0,1.0,1.0,0.0,1.0,1.0,1.0,5.0,25.0,,28.853094651207044,Low
161060,Pipari,193,35,17,0,0,30.74,6.278464541314249,0.0880829015544041,0.0,0.0,0.0,0.0,0.0,0.0,0.0,0.0,1.0,1.0,,,0.0,1.0,0.0,0.0,0.0,0.0,0.0,0.0,0.0,0.0,0.0,1.0,1.0,7.0,30.0,,51.2339890943007,Medium
161061,Shaikhpur Sarai Bharat,839,141,133,180,0,66.71,12.57682506370859,0.1585220500595947,0.2145411203814064,0.0,0.0,0.0,0.0,0.0,0.0,0.0,1.0,1.0,0.0,0.0,0.0,1.0,0.0,0.0,0.0,1.0,1.0,1.0,1.0,0.0,1.0,1.0,1.0,7.0,25.0,,42.17885598290268,Medium
161062,Chackmanmohan Das,405,78,77,310,0,24.02,16.860949208992505,0.1901234567901234,0.7654320987654321,0.0,0.0,0.0,0.0,0.0,0.0,0.0,1.0,1.0,1.0,0.0,0.0,1.0,0.0,0.0,0.0,1.0,1.0,1.0,1.0,0.0,1.0,1.0,1.0,5.0,28.0,26.0,46.05751506911155,Medium
161063,Nasirpur Dayan,828,135,126,348,0,23.8,34.78991596638655,0.1521739130434782,0.4202898550724637,0.0,0.0,0.0,0.0,0.0,0.0,0.0,1.0,1.0,1.0,1.0,0.0,1.0,0.0,0.0,0.0,0.0,0.0,1.0,1.0,0.0,0.0,1.0,1.0,2.0,20.0,20.0,53.930551660803495,Medium
161064,Mohammadpurnaugawan,3562,609,490,806,1,158.86,22.422258592471355,0.137563166760247,0.2262773722627737,0.0002807411566535,0.0,0.0,0.0,0.0,0.0,0.0,1.0,1.0,1.0,1.0,0.0,1.0,0.0,0.0,0.0,1.0,1.0,1.0,0.0,0.0,1.0,1.0,1.0,3.0,20.0,20.0,44.52031564085787,Medium
161065,Khemkaranpur,0,0,0,0,0,9.84,0.0,,,,,,,,,,,,,,,,,,,,,,,,,,,7.0,26.0,,45.0,Medium
161066,Balkaranpur,1448,250,242,450,0,63.0,22.984126984126984,0.1671270718232044,0.3107734806629834,0.0,,,,,,,,,,,,,,,,,,,,,1.0,1.0,1.0,,,,52.51278046199224,Medium
161067,Tulsipur,882,135,130,275,0,57.0,15.473684210526317,0.1473922902494331,0.3117913832199546,0.0,,,,,,,,,,,,,,,,,,,,,1.0,1.0,1.0,,,,51.61699921123687,Medium
161068,Manhgupur,436,63,65,216,0,43.0,10.13953488372093,0.1490825688073394,0.4954128440366973,0.0,,,,,,,,,,,,,,,,,,,,,1.0,1.0,1.0,,,,52.36647613649404,Medium
161069,Saraiarjun Urf Hermadila,837,142,122,130,0,44.16,18.95380434782609,0.1457586618876941,0.1553166069295101,0.0,0.0,0.0,0.0,0.0,0.0,1.0,1.0,1.0,1.0,1.0,0.0,1.0,0.0,0.0,0.0,1.0,,1.0,,0.0,1.0,1.0,1.0,5.0,25.0,,45.92871805029068,Medium
161070,Narainpur,944,187,127,214,0,64.0,14.75,0.1345338983050847,0.2266949152542373,0.0,,,,,,,,,,,,,,,,,,,,,1.0,1.0,1.0,,,,50.77600741977768,Medium
161071,Khemanandpur,685,119,85,398,0,77.28,8.863871635610765,0.1240875912408759,0.581021897810219,0.0,0.0,0.0,0.0,0.0,0.0,0.0,1.0,1.0,1.0,1.0,0.0,1.0,0.0,0.0,0.0,1.0,1.0,1.0,1.0,0.0,1.0,1.0,1.0,4.0,24.0,,42.82555049401824,Medium
161072,Mohammad Pur Barboli,118,20,17,0,0,14.95,7.892976588628763,0.1440677966101695,0.0,0.0,0.0,0.0,0.0,0.0,0.0,0.0,1.0,1.0,0.0,0.0,0.0,1.0,0.0,0.0,0.0,0.0,0.0,1.0,0.0,0.0,0.0,0.0,0.0,7.0,20.0,,52.9799242319616,Medium
161073,Rohi,588,104,86,202,0,41.51,14.165261382799326,0.1462585034013605,0.3435374149659864,0.0,0.0,0.0,0.0,0.0,0.0,0.0,1.0,1.0,0.0,1.0,0.0,,0.0,0.0,0.0,1.0,0.0,1.0,,0.0,1.0,1.0,1.0,5.0,44.0,,40.02124711538008,Medium
161074,Gopalpur,0,0,0,0,0,11.38,0.0,,,,,,,,,,,,,,,,,,,,,,,,,,,6.0,25.0,,45.0,Medium
161075,Madhopurmalakchaturi,242,45,42,0,0,32.74,7.39156994502138,0.1735537190082644,0.0,0.0,0.0,0.0,0.0,0.0,0.0,0.0,1.0,1.0,0.0,1.0,0.0,0.0,1.0,0.0,0.0,0.0,0.0,1.0,0.0,0.0,0.0,0.0,0.0,6.0,25.0,,43.843884202285295,Medium
161076,Judapur Dandu,1706,285,248,408,0,119.75,14.24634655532359,0.145369284876905,0.2391559202813599,0.0,0.0,0.0,0.0,0.0,0.0,1.0,1.0,1.0,0.0,1.0,0.0,1.0,1.0,0.0,0.0,1.0,0.0,1.0,0.0,0.0,1.0,1.0,1.0,5.0,25.0,,46.14266395261417,Medium
161077,Alipur,556,93,86,43,0,37.0,15.027027027027026,0.1546762589928057,0.0773381294964028,0.0,,,,,,,,,,,,,,,,,,,,,1.0,1.0,1.0,,,,50.64488558586133,Medium
161078,Krishnapur,856,148,146,463,0,33.43,25.605743344301526,0.1705607476635514,0.5408878504672897,0.0,0.0,0.0,0.0,0.0,0.0,0.0,1.0,1.0,1.0,1.0,0.0,1.0,0.0,0.0,0.0,1.0,0.0,1.0,0.0,0.0,0.0,1.0,1.0,6.0,25.0,,52.2074960545639,Medium
161079,Sarailalkhatoon Urf Sheogarh,4442,693,667,929,0,171.0,25.976608187134502,0.1501575866726699,0.2091400270148581,0.0,,,,,,,,,,,,,,,,,,,,,1.0,1.0,1.0,,,,51.61857863334943,Medium
161080,Dhamapur Balkaranpur,541,84,97,0,0,70.88,7.632618510158014,0.1792975970425138,0.0,0.0,0.0,0.0,0.0,0.0,0.0,0.0,1.0,1.0,1.0,1.0,0.0,1.0,0.0,0.0,0.0,0.0,0.0,1.0,1.0,0.0,0.0,1.0,0.0,,25.0,25.0,51.5261123932156,Medium
161081,Rajapurmalhua,953,150,134,276,0,240.09,3.96934482902245,0.1406086044071353,0.2896117523609653,0.0,0.0,0.0,,0.0,0.0,0.0,1.0,1.0,0.0,1.0,0.0,0.0,0.0,0.0,0.0,1.0,0.0,1.0,1.0,0.0,0.0,0.0,1.0,3.0,24.0,24.0,36.66286858185892,Medium
161082,Raghopur Jangalpur,266,54,35,51,0,24.78,10.734463276836156,0.131578947368421,0.1917293233082706,0.0,0.0,0.0,0.0,0.0,0.0,0.0,1.0,1.0,0.0,1.0,0.0,1.0,0.0,0.0,0.0,0.0,0.0,1.0,0.0,0.0,0.0,0.0,0.0,1.5,23.0,23.0,53.680746512944935,Medium
161083,Dhamapur Abdalpur,1369,235,222,308,0,132.36,10.34300392867936,0.1621621621621621,0.224981738495252,0.0,0.0,0.0,0.0,0.0,0.0,1.0,1.0,1.0,1.0,1.0,1.0,1.0,0.0,1.0,1.0,1.0,0.0,1.0,1.0,0.0,0.0,0.0,1.0,1.0,24.0,24.0,43.91507499992481,Medium
161084,Akaripur,1258,207,178,153,0,67.28,18.69797859690844,0.1414944356120826,0.1216216216216216,0.0,0.0,0.0,0.0,0.0,0.0,1.0,1.0,1.0,1.0,1.0,1.0,,0.0,0.0,0.0,1.0,0.0,1.0,1.0,0.0,0.0,1.0,1.0,1.0,25.0,25.0,33.12179685181397,Medium
161085,Rajapurpersuram,1225,206,154,175,0,98.41,12.447921959150491,0.1257142857142857,0.1428571428571428,0.0,0.0,0.0,0.0,0.0,0.0,0.0,1.0,1.0,0.0,0.0,0.0,0.0,0.0,0.0,0.0,1.0,0.0,0.0,1.0,0.0,1.0,1.0,1.0,4.0,22.0,,35.83090270514269,Medium
161086,Ahbipur,1677,262,247,237,0,117.37,14.288148589929284,0.1472868217054263,0.1413237924865832,0.0,0.0,0.0,0.0,0.0,0.0,0.0,1.0,1.0,0.0,0.0,0.0,0.0,0.0,0.0,0.0,1.0,0.0,0.0,1.0,0.0,1.0,1.0,1.0,4.0,26.0,,36.5460816398567,Medium
161087,Padaraiya,2097,354,335,544,0,129.85,16.149403157489413,0.1597520267048164,0.2594182164997615,0.0,0.0,0.0,0.0,0.0,0.0,1.0,1.0,1.0,1.0,1.0,0.0,1.0,0.0,,1.0,1.0,1.0,1.0,0.0,0.0,1.0,1.0,1.0,2.0,22.0,22.0,41.7537108463109,Medium
161088,Deoberpur,544,91,88,292,0,15.51,35.07414571244359,0.1617647058823529,0.5367647058823529,0.0,0.0,0.0,0.0,0.0,0.0,1.0,1.0,1.0,0.0,1.0,1.0,,0.0,0.0,0.0,1.0,0.0,1.0,1.0,0.0,0.0,1.0,1.0,1.0,23.0,23.0,36.479003814728685,Medium
161089,Dandoopur,1951,367,263,1074,0,129.13,15.108805080151786,0.1348026652998462,0.5504869297796002,0.0,0.0,0.0,0.0,0.0,0.0,1.0,1.0,1.0,1.0,1.0,1.0,1.0,1.0,0.0,0.0,1.0,0.0,1.0,1.0,0.0,0.0,1.0,1.0,1.5,23.0,23.0,44.91778446727018,Medium
161090,Jagdishpur Balakaranpur,717,100,114,34,0,23.68,30.278716216216218,0.1589958158995816,0.0474198047419804,0.0,0.0,0.0,0.0,0.0,0.0,0.0,1.0,1.0,0.0,1.0,0.0,0.0,0.0,0.0,0.0,1.0,0.0,1.0,0.0,0.0,1.0,1.0,1.0,2.0,23.0,23.0,39.58535921679459,Medium
161091,Rajapurmaqsudan,381,81,50,242,0,111.18,3.42687533729088,0.1312335958005249,0.6351706036745407,0.0,0.0,0.0,0.0,0.0,0.0,1.0,1.0,0.0,0.0,0.0,1.0,,1.0,1.0,1.0,1.0,0.0,1.0,1.0,0.0,0.0,1.0,1.0,1.0,22.0,22.0,38.087106385724255,Medium
161092,Mirzapurbaraisheo,1181,181,210,287,0,27.78,42.51259899208063,0.1778154106689246,0.2430143945808636,0.0,0.0,0.0,0.0,0.0,0.0,0.0,1.0,1.0,0.0,1.0,1.0,1.0,0.0,1.0,1.0,1.0,1.0,0.0,1.0,0.0,0.0,1.0,1.0,3.0,24.0,22.0,44.13097386352521,Medium
161093,Rajapurquasba,500,91,59,171,0,53.16,9.40556809631302,0.118,0.342,0.0,0.0,0.0,0.0,0.0,0.0,1.0,1.0,1.0,1.0,1.0,1.0,,1.0,0.0,0.0,0.0,0.0,1.0,0.0,0.0,0.0,1.0,1.0,1.5,23.0,23.0,40.636754342091,Medium
161094,Badhaiya,1102,191,146,297,0,83.0,13.27710843373494,0.132486388384755,0.2695099818511797,0.0,0.0,0.0,0.0,0.0,0.0,1.0,1.0,1.0,0.0,1.0,0.0,1.0,0.0,,0.0,1.0,1.0,1.0,0.0,0.0,1.0,1.0,1.0,2.0,19.0,19.0,40.8680925639254,Medium
161095,Phulpur Urf Lusanpur,1228,216,207,355,0,71.24,17.237507018528916,0.1685667752442996,0.2890879478827362,0.0,0.0,0.0,0.0,0.0,0.0,1.0,1.0,1.0,1.0,1.0,0.0,1.0,1.0,0.0,0.0,1.0,1.0,1.0,0.0,0.0,1.0,1.0,1.0,40.0,13.0,,42.21124448730372,Medium
161096,Sersa,2742,476,394,642,0,147.15,18.634046890927625,0.1436907366885485,0.2341356673960612,0.0,0.0,0.0,0.0,0.0,0.0,1.0,1.0,1.0,1.0,1.0,0.0,0.0,1.0,0.0,0.0,1.0,1.0,1.0,1.0,0.0,0.0,1.0,1.0,2.0,22.0,22.0,28.74762725902553,Low
161097,Tulapur Ta. Abdalpur,856,98,152,0,0,111.76,7.659269863994273,0.1775700934579439,0.0,0.0,0.0,0.0,0.0,0.0,0.0,1.0,1.0,1.0,0.0,0.0,0.0,1.0,0.0,,1.0,1.0,1.0,1.0,0.0,0.0,0.0,1.0,1.0,4.0,19.0,19.0,40.642049848596535,Medium
161098,Madhopur Urf Sadhanganj,3470,587,531,567,0,149.41,23.22468375610736,0.1530259365994236,0.1634005763688761,0.0,0.0,0.0,0.0,0.0,0.0,0.0,1.0,1.0,1.0,0.0,0.0,0.0,0.0,0.0,0.0,1.0,0.0,1.0,1.0,0.0,1.0,1.0,1.0,5.0,27.0,,37.19610684464673,Medium
161099,Shaikhpursathwa,707,124,112,383,0,75.86,9.319799630899023,0.1584158415841584,0.5417256011315418,0.0,0.0,0.0,0.0,0.0,0.0,0.0,1.0,0.0,1.0,1.0,0.0,1.0,1.0,1.0,0.0,1.0,1.0,1.0,0.0,0.0,0.0,0.0,0.0,,,,49.510997486515855,Medium
161100,Yusufpur,1616,267,260,793,0,95.8,16.86847599164927,0.1608910891089109,0.4907178217821782,0.0,0.0,0.0,0.0,0.0,0.0,0.0,1.0,0.0,1.0,1.0,0.0,1.0,1.0,1.0,0.0,1.0,1.0,1.0,0.0,0.0,0.0,0.0,0.0,6.0,24.0,,49.640615486300014,Medium
161101,Sewaith,7875,1410,1140,2064,20,238.1,33.07433851322973,0.1447619047619047,0.2620952380952381,0.0025396825396825,0.0,0.0,0.0,0.0,0.0,0.0,1.0,0.0,1.0,1.0,0.0,1.0,1.0,0.0,0.0,1.0,1.0,1.0,1.0,0.0,0.0,0.0,1.0,7.0,24.0,,46.24064899287566,Medium
161102,Badalpur,1075,184,137,202,0,82.37,13.050868034478572,0.1274418604651162,0.187906976744186,0.0,0.0,0.0,0.0,0.0,0.0,1.0,1.0,1.0,1.0,1.0,0.0,1.0,0.0,0.0,0.0,1.0,1.0,1.0,1.0,0.0,1.0,1.0,1.0,5.0,13.0,,37.79943875855761,Medium
161103,Aswan Urf Hajiganj,1079,162,163,410,0,60.24,17.91168658698539,0.1510658016682113,0.3799814643188137,0.0,0.0,0.0,0.0,0.0,0.0,1.0,1.0,1.0,1.0,1.0,0.0,1.0,0.0,0.0,0.0,1.0,1.0,1.0,1.0,0.0,1.0,0.0,1.0,5.0,13.0,,39.66840493839926,Medium
161104,Bhawapur,1110,203,142,329,0,54.0,20.55555555555556,0.1279279279279279,0.2963963963963964,0.0,,,,,,,,,,,,,,,,,,,,,1.0,1.0,1.0,,,,51.1650585426483,Medium
161105,Diha,1260,193,180,0,0,54.53,23.106546854942238,0.1428571428571428,0.0,0.0,0.0,0.0,0.0,0.0,0.0,1.0,1.0,1.0,0.0,1.0,0.0,0.0,1.0,1.0,1.0,1.0,1.0,1.0,0.0,0.0,1.0,1.0,0.0,,15.0,,30.235849060707952,Low
161106,Gohri,10207,1692,1570,3279,0,563.44,18.11550475649581,0.1538160086215342,0.321250122464975,0.0,0.0,0.0,,0.0,0.0,0.0,1.0,1.0,1.0,1.0,1.0,0.0,0.0,0.0,1.0,1.0,1.0,1.0,1.0,0.0,1.0,1.0,1.0,5.0,15.0,15.0,32.798968717460795,Low
161107,Saraichandra Bhankhas,511,116,65,175,0,52.0,9.826923076923077,0.1272015655577299,0.3424657534246575,0.0,,,,,,,,,,,,,,,,,,,,,1.0,1.0,1.0,,,,50.93245607546518,Medium
161108,Saraichandrabhan Urf Samaspur,1270,170,203,33,0,57.83,21.96091993774857,0.1598425196850393,0.0259842519685039,0.0,0.0,0.0,0.0,0.0,0.0,0.0,1.0,0.0,1.0,1.0,0.0,0.0,0.0,0.0,0.0,1.0,0.0,1.0,0.0,0.0,1.0,1.0,1.0,6.0,27.0,27.0,42.494890432103006,Medium
161109,Ratulasai,69,13,3,0,0,87.0,0.7931034482758621,0.0434782608695652,0.0,0.0,,,,,,0.0,,,,,,,,,,,,,,,1.0,1.0,1.0,,,,46.3369600191206,Medium
161110,Akberpur Bhatpurwa,6,1,0,0,0,35.4,0.1694915254237288,0.0,0.0,0.0,0.0,0.0,0.0,0.0,0.0,0.0,1.0,0.0,0.0,0.0,0.0,1.0,0.0,0.0,0.0,1.0,0.0,1.0,0.0,0.0,0.0,0.0,0.0,5.0,25.0,,46.67363611101432,Medium
161111,Lakhanpur Karan,1173,231,175,480,0,144.4,8.123268698060942,0.1491901108269394,0.4092071611253197,0.0,0.0,0.0,0.0,0.0,0.0,0.0,1.0,0.0,1.0,1.0,0.0,0.0,0.0,0.0,0.0,1.0,0.0,1.0,0.0,0.0,1.0,1.0,1.0,7.0,28.0,28.0,43.52243234486293,Medium
161112,Lakhanpur Kandu,923,162,127,112,0,72.0,12.819444444444445,0.1375947995666305,0.1213434452871072,0.0,0.0,0.0,0.0,0.0,0.0,0.0,1.0,1.0,1.0,1.0,0.0,0.0,0.0,0.0,0.0,1.0,1.0,1.0,0.0,0.0,1.0,1.0,1.0,7.0,27.0,27.0,33.59502653404527,Medium
161113,Shahabpur,5160,901,767,1643,0,294.28,17.534321054777763,0.1486434108527131,0.3184108527131783,0.0,0.0,0.0,0.0,0.0,0.0,0.0,1.0,1.0,1.0,1.0,0.0,0.0,1.0,0.0,0.0,1.0,1.0,1.0,0.0,0.0,1.0,1.0,1.0,9.0,27.0,27.0,35.105696323594366,Medium
161114,Saraiphatte,1648,277,214,474,0,89.03,18.51061439964057,0.1298543689320388,0.2876213592233009,0.0,,0.0,0.0,0.0,0.0,0.0,1.0,1.0,1.0,1.0,0.0,1.0,1.0,0.0,0.0,1.0,1.0,1.0,1.0,1.0,1.0,1.0,1.0,12.0,20.0,20.0,39.42822250911534,Medium
161115,Wari,2891,496,416,875,0,240.25,12.033298647242455,0.1438948460740228,0.3026634382566586,0.0,0.0,0.0,0.0,0.0,0.0,1.0,1.0,1.0,1.0,1.0,0.0,1.0,1.0,1.0,0.0,1.0,0.0,1.0,1.0,0.0,1.0,1.0,1.0,7.0,16.0,16.0,43.82496846442333,Medium
161116,Lakhanipur,682,127,97,289,0,45.63,14.94630725399956,0.1422287390029325,0.4237536656891496,0.0,0.0,0.0,0.0,0.0,0.0,0.0,1.0,1.0,0.0,1.0,0.0,1.0,0.0,0.0,0.0,1.0,0.0,1.0,1.0,0.0,1.0,1.0,1.0,6.0,10.0,10.0,47.83355182586356,Medium
161117,Usrahi,1716,300,225,293,0,102.61,16.723516226488645,0.1311188811188811,0.1707459207459207,0.0,0.0,0.0,0.0,0.0,0.0,1.0,1.0,1.0,1.0,1.0,0.0,1.0,0.0,1.0,1.0,1.0,1.0,1.0,0.0,0.0,1.0,1.0,1.0,5.0,18.0,,40.47496236955715,Medium
161118,Saraibhogi,562,96,72,113,0,24.0,23.416666666666668,0.1281138790035587,0.2010676156583629,0.0,,,,,,,,,,,,,,,,,,,,,1.0,1.0,1.0,,,,50.81164126372886,Medium
161119,Saraibirsingh,3023,532,441,1164,0,54.43,55.53922469226529,0.1458815745947734,0.385047965597089,0.0,0.0,0.0,0.0,0.0,0.0,1.0,1.0,1.0,1.0,1.0,0.0,0.0,0.0,0.0,0.0,1.0,1.0,1.0,0.0,0.0,1.0,0.0,1.0,5.0,13.0,,33.58544452589333,Medium
161120,Parsadpur,849,146,156,147,0,42.65,19.906213364595544,0.1837455830388692,0.1731448763250883,0.0,0.0,0.0,0.0,0.0,0.0,1.0,1.0,1.0,1.0,1.0,0.0,1.0,0.0,0.0,0.0,1.0,1.0,1.0,1.0,0.0,1.0,1.0,1.0,5.0,13.0,,39.6966298254714,Medium
161121,Berboli,1133,204,151,701,0,133.58,8.481808653990118,0.1332744924977934,0.6187113857016769,0.0,0.0,0.0,0.0,0.0,0.0,0.0,1.0,1.0,1.0,0.0,0.0,0.0,0.0,0.0,0.0,1.0,1.0,1.0,0.0,0.0,1.0,1.0,1.0,8.0,19.0,,35.77389464772561,Medium
161122,Bahorikpur,1486,231,240,332,0,78.64,18.896236012207527,0.161507402422611,0.2234185733512786,0.0,0.0,0.0,0.0,0.0,0.0,0.0,1.0,1.0,1.0,1.0,0.0,0.0,0.0,0.0,0.0,1.0,1.0,1.0,1.0,0.0,1.0,1.0,1.0,9.0,19.0,19.0,32.57265623784381,Low
161123,Birsinghpur Urf Araispur,849,158,144,548,0,76.85,11.047495120364347,0.1696113074204947,0.6454652532391049,0.0,0.0,0.0,0.0,0.0,0.0,0.0,1.0,1.0,1.0,0.0,0.0,0.0,0.0,0.0,0.0,1.0,1.0,1.0,0.0,0.0,1.0,1.0,1.0,9.0,18.0,,37.103268746435134,Medium
161124,Saraigopal,1006,179,101,344,0,103.07,9.7603570389056,0.1003976143141153,0.341948310139165,0.0,0.0,0.0,0.0,0.0,0.0,0.0,1.0,1.0,1.0,1.0,0.0,0.0,0.0,0.0,0.0,1.0,1.0,1.0,0.0,0.0,0.0,1.0,1.0,9.0,16.0,,33.45634647810792,Medium
161125,Gaura,2118,367,338,587,0,167.69,12.630449042876736,0.1595845136921624,0.277148253068933,0.0,0.0,0.0,0.0,0.0,0.0,0.0,1.0,1.0,0.0,1.0,0.0,0.0,0.0,0.0,0.0,1.0,,,,0.0,1.0,1.0,1.0,7.0,10.0,10.0,40.02597055841455,Medium
161126,Malak Chaturi,2104,359,275,896,0,108.76,19.345347554247883,0.1307034220532319,0.4258555133079847,0.0,0.0,0.0,0.0,0.0,0.0,1.0,1.0,1.0,,1.0,0.0,0.0,0.0,0.0,1.0,1.0,,,1.0,0.0,1.0,1.0,1.0,5.0,16.0,16.0,34.34585553481163,Medium
161127,Kalyanpur Urf Jangalpur,0,0,0,0,0,40.12,0.0,,,,,,,,,,,,,,,,,,,,,,,,,,,5.0,15.0,15.0,45.0,Medium
161128,Malak Chaudhari,2606,437,312,1029,0,127.11,20.501927464400914,0.1197237145049884,0.3948580199539524,0.0,0.0,,0.0,0.0,0.0,1.0,1.0,0.0,1.0,1.0,0.0,1.0,0.0,1.0,1.0,1.0,1.0,0.0,1.0,0.0,1.0,1.0,1.0,6.0,14.0,14.0,42.24236841890027,Medium
161129,Bhadri,2828,460,367,527,0,108.77,25.99981612576997,0.1297736916548797,0.1863507779349363,0.0,0.0,1.0,,0.0,0.0,1.0,1.0,0.0,1.0,1.0,1.0,1.0,0.0,1.0,1.0,1.0,1.0,1.0,0.0,0.0,1.0,1.0,1.0,7.0,13.0,13.0,40.894069841392906,Medium
161130,Lehra,2528,482,319,273,0,211.3,11.964032181732131,0.1261867088607595,0.1079905063291139,0.0,0.0,0.0,0.0,0.0,0.0,1.0,1.0,0.0,1.0,1.0,0.0,1.0,0.0,0.0,0.0,1.0,1.0,1.0,1.0,0.0,1.0,1.0,1.0,7.0,12.0,12.0,40.6508448039395,Medium
161131,Singarpur,1158,203,179,202,0,47.54,24.35843500210349,0.1545768566493955,0.1744386873920552,0.0,0.0,0.0,0.0,0.0,0.0,1.0,1.0,1.0,0.0,0.0,0.0,0.0,0.0,0.0,0.0,1.0,0.0,1.0,0.0,0.0,1.0,1.0,1.0,12.0,25.0,,36.511111203585415,Medium
161132,Gaddopur,2954,512,495,553,1,199.68,14.79366987179487,0.1675693974272173,0.1872037914691943,0.0003385240352064,0.0,0.0,0.0,0.0,0.0,1.0,1.0,1.0,0.0,0.0,1.0,0.0,1.0,1.0,1.0,1.0,,,1.0,0.0,1.0,1.0,1.0,10.0,10.0,2.0,34.079495592411455,Medium
161133,Rudapur,2442,393,380,516,0,65.88,37.06739526411658,0.1556101556101556,0.2113022113022113,0.0,0.0,0.0,0.0,0.0,0.0,1.0,1.0,1.0,0.0,0.0,0.0,0.0,1.0,1.0,1.0,1.0,0.0,1.0,0.0,0.0,1.0,1.0,1.0,8.0,8.0,3.0,37.249016700408056,Medium
161134,Morahun Uperhar,6213,902,971,1302,0,154.86,40.1201084850833,0.1562852084339288,0.2095605987445678,0.0,0.0,0.0,,0.0,0.0,0.0,1.0,0.0,1.0,1.0,1.0,0.0,0.0,1.0,1.0,1.0,1.0,1.0,0.0,0.0,1.0,1.0,1.0,10.0,10.0,10.0,39.05275360692653,Medium
161135,Morahu Kachhar,0,0,0,0,0,1302.92,0.0,,,,,,,,,,,,,,,,,,,,,,,,,,,11.0,12.0,3.0,45.0,Medium
161136,Bela Kachhar Phaphamau,0,0,0,0,0,0.0,,,,,,,,,,,,,,,,,,,,,,,,,,,,15.0,10.0,10.0,45.0,Medium
161137,Rangpura,3770,672,542,1364,0,215.0,17.53488372093023,0.1437665782493368,0.3618037135278514,0.0,,,,,,,,,,,,,,,,,,,,,1.0,1.0,1.0,,,,51.84304545290869,Medium
161138,Rampur,913,165,165,338,0,37.47,24.36615959434214,0.180722891566265,0.3702081051478642,0.0,0.0,0.0,0.0,0.0,0.0,0.0,1.0,0.0,0.0,0.0,0.0,1.0,0.0,0.0,0.0,0.0,1.0,1.0,1.0,0.0,1.0,1.0,1.0,13.0,15.0,,52.44132363961993,Medium
161139,Duari,977,172,147,512,0,116.05,8.418785006462732,0.150460593654043,0.5240532241555783,0.0,0.0,0.0,0.0,0.0,0.0,0.0,1.0,0.0,0.0,1.0,0.0,1.0,0.0,0.0,0.0,0.0,0.0,1.0,1.0,0.0,0.0,0.0,1.0,13.0,16.0,16.0,56.64692869317217,Medium
161140,Korsand,4720,843,708,1593,5,429.0,11.002331002331005,0.15,0.3375,0.0010593220338983,,,,,,,,,,,,,,,,,,,,,1.0,1.0,1.0,,,,51.66520680424074,Medium
161141,Harirampur,274,51,39,10,0,7.35,37.27891156462585,0.1423357664233576,0.0364963503649635,0.0,0.0,0.0,0.0,0.0,0.0,0.0,1.0,0.0,0.0,0.0,0.0,0.0,0.0,0.0,1.0,1.0,1.0,1.0,1.0,0.0,0.0,0.0,0.0,13.0,16.0,,35.15211987818616,Medium
161142,Bahmalpur,6569,1073,977,1391,0,318.49,20.62545134855097,0.1487288780636322,0.2117521692799512,0.0,0.0,0.0,0.0,0.0,0.0,0.0,1.0,0.0,0.0,0.0,0.0,1.0,0.0,0.0,1.0,1.0,1.0,1.0,1.0,0.0,1.0,1.0,1.0,14.0,15.0,,45.53540667335641,Medium
161143,Bela Kachhar Barudkhana,0,0,0,0,0,213.0,0.0,,,,,,,,,,,,,,,,,,,,,,,,,,,14.0,15.0,,45.0,Medium
161144,Jaitwardih,5114,883,790,1264,0,344.24,14.855914478270972,0.154477903793508,0.2471646460696128,0.0,0.0,0.0,0.0,0.0,0.0,0.0,1.0,0.0,0.0,0.0,0.0,1.0,0.0,0.0,1.0,1.0,1.0,1.0,1.0,0.0,1.0,1.0,1.0,13.0,16.0,16.0,45.647698079039245,Medium
161145,Pandila,8235,1415,1040,1334,43,464.84,17.715773169262544,0.1262902246508803,0.1619914996964177,0.0052216150576806,0.0,0.0,,0.0,0.0,0.0,1.0,1.0,1.0,1.0,0.0,0.0,1.0,1.0,0.0,1.0,1.0,1.0,0.0,0.0,1.0,1.0,1.0,10.0,22.0,22.0,33.785144612844896,Medium
161146,Kurgaon,3532,600,532,1106,0,216.12,16.34277253377753,0.1506228765571914,0.3131370328425821,0.0,0.0,0.0,0.0,0.0,0.0,0.0,1.0,1.0,1.0,1.0,0.0,1.0,1.0,0.0,1.0,1.0,1.0,1.0,1.0,0.0,1.0,1.0,1.0,6.0,20.0,20.0,42.58971505185841,Medium
161147,Chandpur Bigahia,625,115,108,261,0,31.06,20.12234385061172,0.1728,0.4176,0.0,0.0,0.0,0.0,0.0,0.0,0.0,1.0,1.0,1.0,1.0,0.0,1.0,1.0,0.0,0.0,1.0,1.0,1.0,0.0,0.0,1.0,1.0,1.0,5.0,25.0,25.0,46.432758511438514,Medium
161148,Jallupur,681,120,110,217,0,28.93,23.539578292430004,0.1615271659324522,0.3186490455212922,0.0,0.0,0.0,0.0,0.0,0.0,0.0,1.0,0.0,1.0,0.0,0.0,1.0,0.0,0.0,0.0,0.0,1.0,,0.0,0.0,0.0,0.0,0.0,7.0,24.0,,54.07366777941605,Medium
161149,Wazirabad,909,156,135,23,0,55.2,16.467391304347824,0.1485148514851485,0.0253025302530253,0.0,0.0,0.0,0.0,0.0,0.0,0.0,1.0,0.0,1.0,0.0,0.0,1.0,0.0,0.0,0.0,0.0,1.0,1.0,0.0,0.0,0.0,0.0,0.0,7.0,24.0,,51.925759409241024,Medium
161150,Chack Jhakhrram,206,30,29,82,0,14.47,14.236351071181756,0.1407766990291262,0.3980582524271844,0.0,0.0,0.0,0.0,0.0,0.0,1.0,1.0,0.0,0.0,0.0,0.0,0.0,0.0,0.0,0.0,1.0,1.0,1.0,1.0,0.0,0.0,0.0,0.0,8.0,17.0,,32.6323203597176,Low
161151,Udaichandpur,1809,327,257,586,0,85.33,21.200046876831127,0.1420674405749032,0.3239358761746821,0.0,0.0,0.0,0.0,0.0,0.0,1.0,1.0,0.0,0.0,0.0,0.0,0.0,0.0,0.0,0.0,1.0,1.0,1.0,1.0,0.0,1.0,1.0,1.0,8.0,16.0,,32.58677595801973,Low
161152,Adhanpur,681,109,87,28,0,82.74,8.230601885424221,0.1277533039647577,0.0411160058737151,0.0,0.0,0.0,0.0,0.0,0.0,1.0,1.0,0.0,0.0,0.0,0.0,1.0,0.0,0.0,0.0,1.0,1.0,1.0,1.0,0.0,0.0,1.0,1.0,13.0,17.0,,40.20995254019443,Medium
161153,Tikrita Padila,3617,587,502,993,0,70.89,51.02271124277049,0.1387890517003041,0.2745369090406414,0.0,0.0,0.0,,0.0,0.0,1.0,1.0,0.0,0.0,0.0,1.0,1.0,0.0,0.0,1.0,1.0,1.0,1.0,1.0,1.0,1.0,1.0,1.0,13.0,17.0,,40.9677291137336,Medium
161154,Matiyara,1794,296,269,718,0,146.09,12.280101307413238,0.1499442586399108,0.4002229654403567,0.0,0.0,0.0,0.0,0.0,0.0,0.0,1.0,1.0,1.0,0.0,0.0,1.0,0.0,0.0,0.0,1.0,1.0,1.0,1.0,0.0,1.0,1.0,1.0,7.0,20.0,20.0,42.83773026734077,Medium
161155,Karaundi,1243,204,220,283,0,211.24,5.88430221548949,0.1769911504424778,0.2276749798873692,0.0,0.0,0.0,0.0,0.0,0.0,1.0,1.0,1.0,0.0,0.0,,,1.0,0.0,0.0,1.0,0.0,1.0,1.0,0.0,0.0,0.0,1.0,6.0,22.0,22.0,34.19007028192315,Medium
161156,Chakdera Gadai,0,0,0,0,0,4.43,0.0,,,,,,,,,,,,,,,,,,,,,,,,,,,12.0,20.0,20.0,45.0,Medium
161157,Bigahiya,2228,413,313,742,0,121.23,18.378289202342653,0.1404847396768402,0.3330341113105924,0.0,0.0,0.0,,0.0,0.0,1.0,1.0,1.0,1.0,1.0,1.0,0.0,1.0,0.0,0.0,1.0,1.0,1.0,1.0,1.0,1.0,1.0,1.0,10.0,20.0,20.0,26.63542288328219,Low
161158,Bankesar,1076,179,140,494,0,96.18,11.187357038885422,0.1301115241635687,0.4591078066914498,0.0,0.0,1.0,0.0,0.0,0.0,1.0,1.0,1.0,1.0,1.0,1.0,0.0,0.0,0.0,0.0,1.0,1.0,1.0,1.0,0.0,1.0,1.0,1.0,12.0,20.0,20.0,25.825572432481597,Low
161159,Bankat,1358,206,194,308,0,87.56,15.509365006852445,0.1428571428571428,0.2268041237113402,0.0,0.0,0.0,0.0,0.0,0.0,0.0,1.0,1.0,1.0,1.0,1.0,0.0,1.0,0.0,0.0,1.0,1.0,1.0,1.0,0.0,1.0,1.0,1.0,12.0,20.0,20.0,31.89080900967164,Low
161160,Mariyampur,118,21,25,104,0,47.88,2.4644945697577274,0.211864406779661,0.8813559322033898,0.0,0.0,0.0,0.0,0.0,0.0,0.0,1.0,0.0,0.0,0.0,0.0,1.0,0.0,0.0,0.0,1.0,1.0,1.0,1.0,0.0,0.0,1.0,0.0,11.0,17.0,,50.030717861792574,Medium
161161,Tilhapur Naherpur,1280,233,179,880,0,72.17,17.735901344048774,0.13984375,0.6875,0.0,0.0,0.0,0.0,0.0,0.0,1.0,1.0,0.0,0.0,0.0,0.0,1.0,0.0,0.0,1.0,1.0,1.0,1.0,1.0,0.0,1.0,1.0,0.0,11.0,17.0,,44.19544115983226,Medium
161162,Badanpur,1973,333,275,543,0,110.51,17.853587910596325,0.1393816523061327,0.2752154080081094,0.0,0.0,0.0,0.0,0.0,0.0,0.0,1.0,1.0,1.0,1.0,0.0,1.0,0.0,0.0,0.0,1.0,1.0,1.0,0.0,0.0,1.0,1.0,1.0,13.0,20.0,5.0,44.62499450791529,Medium
161163,Babhanpur Dera Gadai,68,7,3,0,0,9.09,7.480748074807481,0.0441176470588235,0.0,0.0,0.0,0.0,0.0,0.0,0.0,0.0,1.0,0.0,0.0,0.0,0.0,1.0,0.0,0.0,0.0,0.0,0.0,1.0,1.0,0.0,1.0,0.0,0.0,12.0,20.0,20.0,50.79780235700957,Medium
161164,Tajuddinpur,1460,195,220,468,0,153.0,9.54248366013072,0.1506849315068493,0.3205479452054794,0.0,,,,,,,,,,,,,,,,,,,,,1.0,1.0,1.0,,,,51.51567194319777,Medium
161165,Nasirpur Naherpur,792,136,134,284,0,80.56,9.831181727904667,0.1691919191919192,0.3585858585858585,0.0,0.0,0.0,0.0,0.0,0.0,0.0,1.0,0.0,0.0,0.0,0.0,1.0,1.0,0.0,0.0,1.0,1.0,1.0,0.0,0.0,0.0,1.0,1.0,15.0,20.0,20.0,48.9396089915065,Medium
161166,Mideora,3469,527,503,1089,3,194.02,17.879600041232862,0.1449985586624387,0.3139233208417411,0.0008648025367541,0.0,0.0,0.0,0.0,0.0,0.0,1.0,0.0,0.0,0.0,0.0,0.0,1.0,0.0,0.0,1.0,1.0,1.0,0.0,0.0,1.0,1.0,1.0,16.0,22.0,,38.34209357437121,Medium
161167,Tharwai,5535,856,818,1652,0,316.63,17.480971480908316,0.1477868112014453,0.298464317976513,0.0,0.0,0.0,0.0,0.0,0.0,0.0,1.0,1.0,1.0,1.0,1.0,1.0,0.0,0.0,0.0,1.0,1.0,1.0,1.0,0.0,1.0,1.0,1.0,15.0,25.0,10.0,42.47807194074529,Medium
161168,Sahjipur,1373,212,167,1151,0,23.3,58.92703862660944,0.12163146394756,0.8383102694828842,0.0,0.0,0.0,,0.0,0.0,0.0,1.0,0.0,0.0,1.0,0.0,1.0,0.0,1.0,0.0,1.0,0.0,1.0,0.0,0.0,1.0,1.0,1.0,12.0,15.0,15.0,56.93022535855857,Medium
161169,Jagdishpur Purechanda,3666,647,464,734,0,185.59,19.753219462255508,0.1265684669939989,0.2002182214948172,0.0,0.0,0.0,0.0,0.0,0.0,0.0,1.0,1.0,1.0,1.0,,1.0,1.0,1.0,1.0,1.0,1.0,1.0,1.0,0.0,1.0,1.0,1.0,12.0,22.0,22.0,41.44372533662872,Medium
161170,Chack Thakuram,535,75,43,97,0,58.12,9.20509291121817,0.0803738317757009,0.1813084112149532,0.0,0.0,0.0,0.0,0.0,0.0,0.0,1.0,1.0,0.0,0.0,0.0,0.0,1.0,1.0,1.0,1.0,1.0,1.0,0.0,0.0,0.0,1.0,1.0,15.0,25.0,25.0,32.02960120096107,Low
161171,Mansaita,3466,632,534,728,0,331.41,10.458344648622552,0.154068090017311,0.2100403923831506,0.0,0.0,0.0,0.0,0.0,0.0,0.0,1.0,1.0,1.0,1.0,0.0,1.0,1.0,1.0,1.0,1.0,1.0,1.0,0.0,0.0,1.0,1.0,1.0,15.0,22.0,22.0,44.4356222166512,Medium
161172,Deragadai,1687,294,259,571,0,275.99,6.112540309431501,0.1535269709543568,0.3384706579727327,0.0,0.0,0.0,0.0,0.0,0.0,0.0,1.0,0.0,0.0,0.0,0.0,0.0,1.0,0.0,0.0,1.0,1.0,1.0,0.0,0.0,1.0,1.0,1.0,17.0,22.0,,38.21617504126608,Medium
161174,Saraijeetrai Urf Pure Bhawa,1622,221,181,349,0,125.37,12.937704394990826,0.1115906288532675,0.2151664611590628,0.0,0.0,0.0,0.0,0.0,0.0,0.0,1.0,0.0,0.0,0.0,0.0,0.0,0.0,0.0,0.0,1.0,0.0,1.0,1.0,0.0,1.0,1.0,1.0,30.0,40.0,12.0,39.12221264158644,Medium
161175,Sarai Jodhrai,1250,172,198,196,0,103.62,12.06330824165219,0.1584,0.1568,0.0,0.0,0.0,0.0,0.0,0.0,0.0,1.0,0.0,0.0,0.0,0.0,0.0,0.0,0.0,0.0,1.0,0.0,1.0,1.0,0.0,1.0,1.0,1.0,30.0,40.0,12.0,40.19870654375501,Medium
161176,Sarai Todermal Urf Dandupur,1803,260,317,260,0,139.86,12.89146289146289,0.1758180809761508,0.14420410427066,0.0,0.0,0.0,0.0,0.0,0.0,0.0,1.0,0.0,1.0,1.0,0.0,0.0,0.0,0.0,0.0,1.0,1.0,1.0,0.0,0.0,1.0,0.0,1.0,32.0,40.0,40.0,38.192322983077126,Medium
161177,Teliyabeer,706,107,113,273,0,80.36,8.785465405674465,0.160056657223796,0.386685552407932,0.0,0.0,0.0,0.0,0.0,0.0,0.0,1.0,0.0,0.0,0.0,0.0,0.0,0.0,0.0,0.0,0.0,0.0,1.0,1.0,0.0,1.0,1.0,1.0,30.0,40.0,12.0,46.26305003747704,Medium
161178,Goberdhanpur,1173,194,217,235,0,65.21,17.9880386443797,0.1849957374254049,0.2003410059676044,0.0,0.0,0.0,0.0,0.0,0.0,0.0,1.0,0.0,0.0,0.0,0.0,0.0,0.0,0.0,0.0,1.0,,,1.0,0.0,1.0,1.0,1.0,30.0,40.0,12.0,41.45790696137323,Medium
161179,Permanandpur,1455,215,204,280,0,140.7,10.341151385927509,0.1402061855670103,0.1924398625429553,0.0,0.0,0.0,0.0,0.0,0.0,0.0,1.0,0.0,0.0,0.0,0.0,0.0,0.0,0.0,0.0,1.0,0.0,1.0,1.0,0.0,1.0,1.0,1.0,30.0,40.0,12.0,39.760276812933135,Medium
161180,Hatiya,1098,164,134,357,0,76.36,14.379256155055003,0.122040072859745,0.3251366120218579,0.0,0.0,0.0,0.0,0.0,0.0,0.0,1.0,0.0,0.0,0.0,0.0,0.0,0.0,0.0,0.0,1.0,1.0,1.0,1.0,0.0,0.0,0.0,1.0,28.0,48.0,15.0,35.044822923214255,Medium
161181,Bhawanigarh,674,105,127,133,0,48.65,13.854059609455293,0.1884272997032641,0.1973293768545994,0.0,0.0,0.0,0.0,0.0,0.0,0.0,1.0,0.0,0.0,0.0,0.0,1.0,0.0,0.0,0.0,1.0,0.0,1.0,1.0,0.0,0.0,1.0,1.0,30.0,47.0,15.0,51.37580761691633,Medium
161182,Poore Rudrashah,634,119,74,84,0,74.65,8.492967180174146,0.1167192429022082,0.1324921135646687,0.0,0.0,0.0,0.0,0.0,0.0,0.0,1.0,0.0,0.0,0.0,0.0,0.0,0.0,1.0,1.0,1.0,0.0,1.0,1.0,0.0,1.0,1.0,1.0,32.0,47.0,15.0,38.67993296799707,Medium
161183,Pure Fauzshah,826,112,128,208,0,101.84,8.110761979575805,0.1549636803874092,0.2518159806295399,0.0,0.0,0.0,0.0,0.0,0.0,0.0,1.0,0.0,0.0,0.0,0.0,0.0,0.0,1.0,1.0,1.0,0.0,1.0,1.0,0.0,1.0,1.0,1.0,32.0,48.0,17.0,40.40816925641524,Medium
161184,Sarai Khwaza Urf Baghola,1457,209,259,433,0,269.8,5.400296515937732,0.1777625257378174,0.2971859986273164,0.0,0.0,0.0,0.0,0.0,0.0,0.0,1.0,0.0,1.0,1.0,0.0,0.0,0.0,0.0,0.0,0.0,0.0,0.0,0.0,0.0,1.0,1.0,1.0,32.0,40.0,40.0,48.70753112150661,Medium
161185,Dhuripur,902,118,149,307,0,48.98,18.415679869334426,0.1651884700665188,0.3403547671840354,0.0,0.0,0.0,0.0,0.0,0.0,0.0,1.0,0.0,0.0,0.0,0.0,0.0,0.0,0.0,0.0,1.0,0.0,1.0,0.0,0.0,1.0,1.0,1.0,31.0,41.0,17.0,44.081342234825485,Medium
161186,Sarai Raijot,773,115,142,462,0,163.95,4.714852089051541,0.1836998706338939,0.5976714100905562,0.0,0.0,0.0,0.0,0.0,0.0,0.0,1.0,0.0,0.0,0.0,0.0,0.0,0.0,0.0,1.0,1.0,0.0,1.0,0.0,0.0,1.0,1.0,1.0,30.0,45.0,17.0,45.35989324166424,Medium
161187,Chata,6639,1159,968,1754,0,797.11,8.328837927011328,0.1458050911281819,0.2641964151227594,0.0,0.0,0.0,0.0,0.0,0.0,0.0,1.0,1.0,0.0,1.0,0.0,1.0,0.0,0.0,0.0,1.0,0.0,1.0,1.0,0.0,1.0,1.0,1.0,35.0,45.0,10.0,46.87094764002854,Medium
161188,Sarai Khandev,1902,276,265,397,0,137.38,13.844810016013977,0.1393270241850683,0.2087276550998948,0.0,0.0,0.0,0.0,0.0,0.0,0.0,1.0,0.0,0.0,0.0,1.0,0.0,0.0,0.0,0.0,1.0,1.0,1.0,1.0,0.0,0.0,1.0,1.0,27.0,45.0,12.0,34.95941040188926,Medium
161189,Poore Pandey,376,56,48,14,0,42.31,8.886787993382178,0.1276595744680851,0.0372340425531914,0.0,0.0,0.0,0.0,0.0,0.0,0.0,1.0,0.0,0.0,0.0,0.0,0.0,0.0,0.0,0.0,1.0,0.0,1.0,0.0,0.0,0.0,1.0,1.0,25.0,40.0,12.0,41.04804636213552,Medium
161190,Sarai Jhanjha Urf Jhaliya,733,107,118,223,0,64.68,11.332714904143474,0.1609822646657571,0.3042291950886767,0.0,0.0,0.0,0.0,0.0,0.0,0.0,1.0,0.0,0.0,0.0,0.0,0.0,0.0,0.0,0.0,1.0,0.0,0.0,1.0,0.0,0.0,0.0,1.0,25.0,40.0,12.0,40.98327866449259,Medium
161191,Baraura,1851,305,262,546,0,162.97,11.357918635331655,0.1415451107509454,0.2949756888168557,0.0,0.0,0.0,0.0,0.0,0.0,0.0,1.0,0.0,0.0,0.0,0.0,0.0,0.0,0.0,0.0,1.0,1.0,1.0,1.0,0.0,1.0,1.0,1.0,25.0,40.0,12.0,35.354932886100165,Medium
161192,Chandi Patti,821,134,144,224,0,76.09,10.789854120120909,0.1753958587088916,0.2728380024360536,0.0,0.0,0.0,0.0,0.0,0.0,0.0,1.0,0.0,0.0,0.0,0.0,1.0,0.0,0.0,0.0,1.0,0.0,1.0,1.0,0.0,0.0,1.0,1.0,26.0,45.0,12.0,51.23640823818919,Medium
161193,Basrahi,1604,263,248,528,0,143.21,11.20033517212485,0.1546134663341646,0.3291770573566084,0.0,0.0,0.0,0.0,0.0,0.0,0.0,1.0,1.0,1.0,1.0,0.0,0.0,0.0,0.0,0.0,1.0,,1.0,1.0,0.0,1.0,1.0,1.0,22.0,40.0,40.0,37.57817727481828,Medium
161194,Gamrahta,3650,549,518,978,0,440.26,8.290555580793168,0.141917808219178,0.267945205479452,0.0,0.0,0.0,0.0,0.0,0.0,,1.0,1.0,1.0,1.0,,,0.0,0.0,0.0,1.0,1.0,1.0,1.0,0.0,1.0,1.0,1.0,33.0,41.0,,31.771498945121245,Low
161195,Chamarupur,752,103,129,102,0,149.52,5.029427501337613,0.1715425531914893,0.1356382978723404,0.0,0.0,0.0,0.0,0.0,0.0,0.0,1.0,0.0,0.0,0.0,0.0,1.0,0.0,0.0,0.0,0.0,1.0,,1.0,0.0,0.0,1.0,1.0,25.0,42.0,14.0,50.19794341069252,Medium
161196,Kerkatepur,1088,171,220,357,0,177.12,6.142728093947606,0.2022058823529411,0.328125,0.0,0.0,0.0,0.0,0.0,0.0,0.0,1.0,0.0,0.0,0.0,0.0,0.0,0.0,0.0,0.0,1.0,0.0,1.0,1.0,0.0,1.0,1.0,1.0,25.0,40.0,13.0,42.12605540665651,Medium
161197,Yasinpur Urf Karnayeepur,3042,487,507,300,0,187.39,16.2335236672181,0.1666666666666666,0.0986193293885601,0.0,0.0,0.0,0.0,0.0,0.0,0.0,1.0,0.0,1.0,0.0,1.0,,0.0,0.0,1.0,1.0,0.0,1.0,1.0,0.0,1.0,1.0,1.0,20.0,35.0,,40.32728128822227,Medium
161198,Chaq Piyaran Urf Paritapur,59,12,7,0,0,28.24,2.0892351274787537,0.1186440677966101,0.0,0.0,0.0,0.0,0.0,0.0,0.0,0.0,1.0,0.0,1.0,0.0,0.0,0.0,0.0,0.0,0.0,0.0,0.0,1.0,0.0,0.0,0.0,0.0,0.0,20.0,35.0,,45.31189746747062,Medium
161199,Lokapur,458,83,94,17,0,49.84,9.18940609951846,0.2052401746724891,0.037117903930131,0.0,0.0,0.0,0.0,0.0,0.0,0.0,1.0,0.0,1.0,0.0,1.0,0.0,0.0,0.0,0.0,0.0,1.0,1.0,0.0,0.0,0.0,0.0,0.0,20.0,35.0,,43.38732724744325,Medium
161200,Satanpur,1196,207,181,28,0,116.25,10.288172043010752,0.1513377926421404,0.0234113712374581,0.0,0.0,0.0,0.0,0.0,0.0,,1.0,1.0,,,0.0,1.0,0.0,0.0,0.0,1.0,1.0,1.0,0.0,0.0,0.0,1.0,1.0,22.0,36.0,,43.41357073949222,Medium
161201,Mohammadbad Urf Gopalpur,995,170,188,711,0,197.47,5.038740061781536,0.1889447236180904,0.714572864321608,0.0,0.0,0.0,0.0,0.0,0.0,0.0,1.0,1.0,1.0,0.0,0.0,0.0,0.0,0.0,0.0,1.0,1.0,1.0,0.0,0.0,0.0,1.0,1.0,25.0,38.0,,37.78173095229686,Medium
161202,Sari Patti,1494,238,192,602,0,153.79,9.714545809220366,0.1285140562248996,0.4029451137884873,0.0,0.0,0.0,0.0,0.0,0.0,0.0,1.0,1.0,0.0,0.0,0.0,1.0,0.0,0.0,0.0,1.0,0.0,1.0,0.0,0.0,1.0,1.0,1.0,18.0,38.0,,49.602940008664895,Medium
161203,Singaldeep,469,78,65,0,0,59.16,7.927653820148749,0.138592750533049,0.0,0.0,0.0,0.0,0.0,0.0,0.0,0.0,1.0,0.0,1.0,0.0,0.0,1.0,0.0,0.0,0.0,0.0,1.0,1.0,1.0,0.0,1.0,1.0,1.0,16.0,35.0,16.0,48.65043210108905,Medium
161204,Chandoopur,431,64,48,0,0,60.47,7.127501240284439,0.111368909512761,0.0,0.0,0.0,0.0,0.0,0.0,0.0,0.0,1.0,0.0,0.0,0.0,0.0,0.0,0.0,0.0,0.0,0.0,0.0,1.0,0.0,0.0,0.0,0.0,0.0,16.0,35.0,16.0,45.30081481911797,Medium
161205,Mahuli,1263,186,177,415,0,165.7,7.622208811104406,0.1401425178147268,0.3285827395091053,0.0,0.0,0.0,,0.0,0.0,0.0,1.0,0.0,0.0,0.0,,0.0,0.0,0.0,0.0,1.0,1.0,1.0,1.0,0.0,1.0,1.0,1.0,17.0,35.0,17.0,35.32727900333329,Medium
161206,Sarai Darashikoh Urf Mijhura,1380,240,252,273,0,148.9,9.267965077233042,0.1826086956521739,0.1978260869565217,0.0,0.0,0.0,0.0,0.0,0.0,0.0,1.0,0.0,0.0,1.0,0.0,0.0,0.0,0.0,1.0,1.0,0.0,1.0,0.0,0.0,0.0,1.0,1.0,22.0,37.0,,43.51515411526257,Medium
161207,Shivpur,323,45,57,152,0,60.11,5.373481949758776,0.1764705882352941,0.4705882352941176,0.0,0.0,0.0,0.0,0.0,0.0,0.0,1.0,1.0,0.0,1.0,0.0,1.0,0.0,0.0,0.0,1.0,0.0,1.0,0.0,0.0,0.0,1.0,1.0,12.0,45.0,,51.20134823893411,Medium
161208,Sarai Gambhirdas Urf Bibipur,2767,395,524,1006,0,174.39,15.86673547795172,0.1893747741235995,0.3635706541380556,0.0,0.0,0.0,0.0,0.0,0.0,0.0,1.0,1.0,0.0,1.0,0.0,1.0,0.0,0.0,0.0,1.0,1.0,1.0,0.0,0.0,1.0,1.0,1.0,16.0,10.0,,46.48486557409684,Medium
161209,Sarai Danshah,222,33,35,0,0,29.97,7.407407407407407,0.1576576576576576,0.0,0.0,0.0,0.0,0.0,0.0,0.0,0.0,1.0,1.0,0.0,1.0,0.0,0.0,0.0,0.0,0.0,1.0,1.0,1.0,0.0,0.0,0.0,0.0,1.0,20.0,45.0,,33.36765359381206,Medium
161210,Poore Durgi,802,127,135,4,0,116.44,6.887667468223978,0.1683291770573566,0.0049875311720698,0.0,0.0,0.0,0.0,0.0,0.0,0.0,1.0,1.0,0.0,1.0,0.0,0.0,0.0,0.0,0.0,1.0,1.0,1.0,0.0,0.0,0.0,1.0,1.0,20.0,45.0,,33.69136527003319,Medium
161211,Khalsa,883,117,164,0,0,100.25,8.807980049875312,0.1857304643261608,0.0,0.0,0.0,0.0,0.0,0.0,0.0,0.0,1.0,0.0,0.0,0.0,0.0,0.0,0.0,0.0,0.0,0.0,1.0,,1.0,0.0,0.0,1.0,1.0,20.0,40.0,20.0,40.10076228441095,Medium
161212,Chaturpur,492,75,80,64,0,37.82,13.008989952406134,0.1626016260162601,0.1300813008130081,0.0,0.0,0.0,0.0,0.0,0.0,0.0,1.0,0.0,0.0,0.0,0.0,1.0,0.0,0.0,0.0,0.0,1.0,1.0,1.0,0.0,0.0,0.0,0.0,20.0,40.0,20.0,50.2300479970246,Medium
161213,Chaq Piyaran,18,1,2,0,0,14.94,1.2048192771084338,0.1111111111111111,0.0,0.0,0.0,0.0,0.0,0.0,0.0,0.0,0.0,0.0,1.0,0.0,0.0,1.0,0.0,0.0,0.0,0.0,1.0,1.0,0.0,0.0,1.0,1.0,1.0,15.0,35.0,,53.38287516664793,Medium
161214,Chaq Bhikhauna,118,19,17,2,0,13.84,8.526011560693641,0.1440677966101695,0.0169491525423728,0.0,0.0,0.0,0.0,0.0,0.0,0.0,0.0,0.0,1.0,0.0,0.0,1.0,0.0,0.0,1.0,0.0,1.0,1.0,0.0,0.0,1.0,1.0,1.0,15.0,35.0,,54.757366883186855,Medium
161215,Bhawanapur,1095,199,160,201,0,210.67,5.197702567997342,0.1461187214611872,0.1835616438356164,0.0,0.0,0.0,0.0,0.0,0.0,0.0,1.0,0.0,0.0,0.0,0.0,0.0,0.0,0.0,1.0,1.0,1.0,1.0,1.0,0.0,0.0,1.0,1.0,16.0,30.0,16.0,34.68176461250171,Medium
161216,Rajepursani Urf Rajjupur,789,117,170,225,0,29.68,26.58355795148248,0.2154626108998732,0.2851711026615969,0.0,0.0,0.0,0.0,0.0,0.0,0.0,1.0,1.0,1.0,0.0,0.0,0.0,0.0,0.0,0.0,0.0,0.0,1.0,0.0,0.0,0.0,1.0,1.0,15.0,38.0,38.0,47.31617567709876,Medium
161217,Chaq Shekhlal Urf Sadhopur,769,100,117,0,0,98.72,7.789708265802269,0.1521456436931079,0.0,0.0,0.0,0.0,0.0,0.0,0.0,0.0,1.0,0.0,0.0,0.0,0.0,0.0,0.0,0.0,0.0,1.0,0.0,1.0,0.0,0.0,1.0,1.0,1.0,15.0,38.0,38.0,41.55134661309308,Medium
161218,Hariram Patti Urf Katnae,2786,445,462,1114,0,421.79,6.6051826738424335,0.1658291457286432,0.3998564249820531,0.0,0.0,0.0,0.0,0.0,0.0,0.0,1.0,1.0,1.0,1.0,0.0,0.0,0.0,0.0,1.0,1.0,1.0,1.0,0.0,0.0,1.0,1.0,1.0,15.0,35.0,,35.57909310310606,Medium
161219,Newada,2198,340,390,463,0,239.45,9.179369388181248,0.1774340309372156,0.2106460418562329,0.0,0.0,0.0,0.0,0.0,0.0,0.0,1.0,1.0,1.0,1.0,0.0,0.0,0.0,0.0,0.0,1.0,1.0,1.0,0.0,0.0,1.0,1.0,1.0,17.0,45.0,,35.087037584905744,Medium
161220,Chak Esa Urf Shiwgarh,0,0,0,0,0,6.33,0.0,,,,,,,,,,,,,,,,,,,,,,,,,,,14.0,38.0,38.0,45.0,Medium
161221,Sarai Madan,1923,285,313,520,0,187.94,10.231988932638076,0.1627665106604264,0.2704108164326573,0.0,0.0,0.0,0.0,0.0,0.0,0.0,1.0,1.0,0.0,,,,0.0,0.0,0.0,1.0,0.0,1.0,0.0,0.0,1.0,1.0,1.0,16.0,36.0,36.0,39.98911927215678,Medium
161222,Sarai Mohiuddin,629,90,127,114,0,101.52,6.195823483057526,0.2019077901430842,0.1812400635930047,0.0,0.0,0.0,0.0,0.0,0.0,0.0,1.0,1.0,1.0,0.0,0.0,1.0,0.0,0.0,0.0,1.0,0.0,1.0,0.0,0.0,1.0,1.0,1.0,15.0,35.0,35.0,50.55153789261365,Medium
161223,Sarai Sultan,475,81,62,47,0,32.66,14.543784445805269,0.1305263157894736,0.0989473684210526,0.0,0.0,0.0,0.0,0.0,0.0,0.0,1.0,1.0,0.0,0.0,0.0,1.0,0.0,0.0,0.0,1.0,0.0,1.0,0.0,0.0,0.0,0.0,0.0,13.0,36.0,36.0,48.341896017288136,Medium
161224,Mansoorpur,972,169,128,357,0,50.0,19.44,0.1316872427983539,0.3672839506172839,0.0,0.0,0.0,0.0,0.0,0.0,0.0,1.0,1.0,0.0,1.0,1.0,1.0,0.0,0.0,0.0,1.0,0.0,1.0,0.0,0.0,1.0,1.0,1.0,12.0,35.0,35.0,49.919737759268045,Medium
161225,Jalal Uddinpur Urf Mahpoora,1409,251,202,341,0,112.83,12.48781352477178,0.1433640880056778,0.2420156139105748,0.0,0.0,0.0,0.0,0.0,0.0,0.0,1.0,1.0,1.0,1.0,0.0,0.0,0.0,0.0,0.0,1.0,1.0,1.0,0.0,0.0,0.0,1.0,1.0,12.0,35.0,35.0,34.35782945922619,Medium
161226,Fajlabad Urf Kaloopur,4745,699,814,413,0,217.77,21.78904348624696,0.1715489989462592,0.0870389884088514,0.0,0.0,0.0,0.0,0.0,0.0,0.0,1.0,1.0,1.0,1.0,1.0,1.0,0.0,0.0,1.0,1.0,1.0,1.0,1.0,0.0,1.0,1.0,1.0,13.0,28.0,28.0,42.310957646963885,Medium
161227,Mailha,2057,298,285,348,0,150.7,13.64963503649635,0.1385512882839086,0.1691784151677199,0.0,0.0,0.0,0.0,0.0,0.0,0.0,1.0,1.0,1.0,1.0,0.0,0.0,0.0,0.0,1.0,1.0,1.0,1.0,1.0,0.0,0.0,1.0,1.0,16.0,25.0,16.0,31.39703325102923,Low
161228,Meerakpur,1635,256,300,284,0,155.55,10.511089681774347,0.1834862385321101,0.1737003058103975,0.0,0.0,0.0,0.0,0.0,0.0,0.0,1.0,1.0,1.0,1.0,0.0,1.0,0.0,0.0,0.0,1.0,,1.0,1.0,0.0,0.0,1.0,1.0,12.0,30.0,30.0,47.638635100313095,Medium
161229,Abhae Pur,3148,514,510,877,0,292.59,10.759082675416112,0.1620076238881829,0.2785895806861499,0.0,0.0,0.0,0.0,0.0,0.0,0.0,1.0,1.0,1.0,1.0,0.0,1.0,0.0,0.0,0.0,1.0,,1.0,1.0,0.0,1.0,1.0,1.0,12.0,30.0,30.0,47.52892043824401,Medium
161230,Gauhani,1081,164,189,487,0,95.38,11.333612916754037,0.1748381128584643,0.4505087881591119,0.0,0.0,0.0,0.0,0.0,0.0,0.0,1.0,0.0,0.0,0.0,0.0,1.0,0.0,0.0,0.0,1.0,1.0,1.0,1.0,0.0,0.0,1.0,1.0,12.0,33.0,,47.13038900165456,Medium
161231,Atanpur,2751,347,469,854,0,231.8,11.867989646246764,0.1704834605597964,0.3104325699745547,0.0,0.0,0.0,0.0,0.0,0.0,0.0,1.0,0.0,0.0,0.0,0.0,0.0,0.0,0.0,0.0,1.0,1.0,1.0,1.0,0.0,1.0,1.0,1.0,11.0,35.0,,36.32134176414532,Medium
161232,Sultanpur,665,94,117,169,0,63.18,10.52548274770497,0.1759398496240601,0.2541353383458646,0.0,0.0,0.0,0.0,0.0,0.0,0.0,1.0,0.0,0.0,0.0,0.0,1.0,0.0,0.0,0.0,,1.0,1.0,1.0,0.0,0.0,1.0,1.0,11.0,34.0,,51.14834376794703,Medium
161233,Chak Yarmohammad Urf Rampur,441,58,90,77,0,44.59,9.890109890109889,0.2040816326530612,0.1746031746031746,0.0,0.0,0.0,0.0,0.0,0.0,0.0,1.0,0.0,0.0,0.0,0.0,1.0,0.0,0.0,0.0,1.0,1.0,1.0,1.0,0.0,0.0,1.0,1.0,10.0,36.0,,46.56881008505464,Medium
161234,Chaq Mohamid,288,38,38,20,0,31.33,9.192467283753592,0.1319444444444444,0.0694444444444444,0.0,0.0,0.0,0.0,0.0,0.0,0.0,1.0,1.0,1.0,0.0,0.0,1.0,0.0,0.0,0.0,1.0,0.0,1.0,0.0,0.0,0.0,0.0,0.0,12.0,35.0,35.0,48.016880584883815,Medium
161235,Ramgarh Kothari,3783,560,558,868,0,498.6,7.587244283995187,0.1475019825535289,0.2294475284166005,0.0,0.0,0.0,0.0,0.0,0.0,0.0,1.0,1.0,1.0,1.0,0.0,0.0,0.0,0.0,0.0,1.0,1.0,1.0,1.0,0.0,1.0,1.0,1.0,8.0,35.0,35.0,31.717615825079097,Low
161236,Bhaderpur Urf Deenapur,1158,197,170,463,0,82.22,14.084164436876671,0.1468048359240069,0.3998272884283247,0.0,0.0,0.0,0.0,0.0,0.0,0.0,1.0,1.0,0.0,0.0,0.0,1.0,0.0,0.0,0.0,1.0,0.0,1.0,1.0,0.0,1.0,0.0,1.0,25.0,30.0,,47.81575177452807,Medium
161237,Bomapur,965,136,106,255,0,46.72,20.65496575342466,0.1098445595854922,0.2642487046632124,0.0,0.0,0.0,0.0,,,0.0,1.0,1.0,0.0,1.0,0.0,0.0,0.0,0.0,0.0,1.0,1.0,1.0,1.0,0.0,1.0,1.0,1.0,20.0,35.0,35.0,31.29924008670829,Low
161238,Jagdeeshpur Urf Jalalpur,462,67,44,10,0,65.86,7.014880048587914,0.0952380952380952,0.0216450216450216,0.0,0.0,0.0,0.0,,,0.0,1.0,1.0,0.0,1.0,0.0,0.0,0.0,0.0,0.0,1.0,1.0,1.0,1.0,0.0,1.0,1.0,1.0,25.0,30.0,,29.087151213715195,Low
161239,Deura,1481,217,225,551,0,67.87,21.821128628259903,0.1519243754220121,0.3720459149223498,0.0,0.0,0.0,0.0,0.0,0.0,0.0,1.0,1.0,0.0,1.0,0.0,0.0,0.0,0.0,0.0,1.0,1.0,1.0,1.0,0.0,1.0,1.0,0.0,25.0,30.0,30.0,33.14857290591267,Medium
161240,Husenpur,289,48,29,196,0,21.33,13.548992030004689,0.1003460207612456,0.6782006920415224,0.0,0.0,0.0,0.0,0.0,,0.0,1.0,1.0,0.0,1.0,0.0,0.0,0.0,0.0,0.0,1.0,1.0,1.0,1.0,0.0,1.0,1.0,1.0,25.0,30.0,,32.791848197305285,Low
161241,Sadhopur Urf Sulemanpur,551,79,86,271,0,45.37,12.14458893541988,0.1560798548094374,0.4918330308529945,0.0,0.0,0.0,0.0,,,0.0,1.0,1.0,0.0,0.0,0.0,0.0,0.0,0.0,0.0,1.0,1.0,1.0,1.0,0.0,1.0,1.0,1.0,25.0,30.0,,33.4742762484731,Medium
161242,Rampur Urf Doulatpur,1360,191,199,144,0,93.76,14.505119453924914,0.1463235294117647,0.1058823529411764,0.0,0.0,0.0,0.0,0.0,0.0,0.0,1.0,0.0,1.0,0.0,0.0,0.0,0.0,0.0,0.0,1.0,1.0,1.0,1.0,0.0,0.0,1.0,1.0,16.0,25.0,16.0,34.68223078818706,Medium
161243,Chak Amanullah Urf Chaqmoodan,377,57,38,80,0,37.38,10.085607276618513,0.1007957559681697,0.2122015915119363,0.0,0.0,0.0,0.0,0.0,0.0,0.0,1.0,1.0,1.0,0.0,0.0,1.0,0.0,0.0,0.0,1.0,0.0,1.0,0.0,0.0,0.0,0.0,0.0,,,,47.83293133383511,Medium
161244,Dhamaur,4096,642,619,942,0,208.12,19.68095329617528,0.151123046875,0.22998046875,0.0,0.0,0.0,0.0,0.0,0.0,0.0,1.0,1.0,1.0,1.0,0.0,0.0,0.0,0.0,0.0,1.0,1.0,1.0,1.0,0.0,1.0,1.0,1.0,20.0,35.0,,32.32620240470065,Low
161245,Sarai Gani,2516,393,394,547,0,121.19,20.760788843964026,0.156597774244833,0.2174085850556438,0.0,0.0,0.0,0.0,0.0,2.0,0.0,1.0,0.0,0.0,0.0,0.0,1.0,0.0,0.0,1.0,1.0,1.0,0.0,1.0,0.0,1.0,1.0,1.0,16.0,25.0,16.0,39.13865401114459,Medium
161246,Sarai Youdhisthir,181,21,24,0,0,21.39,8.461898083216456,0.1325966850828729,0.0,0.0,0.0,0.0,0.0,,,0.0,1.0,1.0,0.0,1.0,0.0,0.0,0.0,0.0,0.0,1.0,1.0,1.0,1.0,0.0,1.0,1.0,1.0,25.0,30.0,,30.15918477964149,Low
161247,Sarai Pargair Abad,0,0,0,0,0,5.01,0.0,,,,,,,,,,,,,,,,,,,,,,,,,,,,,,45.0,Medium
161248,Chak Sulatan Urf Newada,676,94,101,179,0,32.8,20.60975609756098,0.1494082840236686,0.264792899408284,0.0,0.0,0.0,0.0,0.0,0.0,0.0,1.0,1.0,1.0,0.0,0.0,1.0,0.0,0.0,0.0,1.0,1.0,1.0,1.0,0.0,0.0,1.0,1.0,18.0,25.0,18.0,42.487013785113895,Medium
161249,Hasanpur Mai Chak Mansoor,2373,353,377,421,0,115.62,20.524130773222627,0.1588706278971765,0.1774125579435314,0.0,0.0,0.0,0.0,0.0,0.0,0.0,1.0,0.0,1.0,1.0,0.0,0.0,0.0,0.0,0.0,1.0,1.0,1.0,,,1.0,1.0,1.0,15.0,25.0,16.0,38.16379483782562,Medium
161250,Chamarupur Urf Beerganj,967,181,147,395,0,35.26,27.42484401588202,0.1520165460186142,0.4084798345398138,0.0,0.0,0.0,0.0,0.0,0.0,0.0,1.0,1.0,1.0,1.0,0.0,1.0,0.0,0.0,1.0,1.0,0.0,1.0,0.0,0.0,0.0,1.0,1.0,14.0,26.0,26.0,51.06393083884914,Medium
161251,Sarai Abdul Ganigair Abad,0,0,0,0,0,9.89,0.0,,,,,,,,,,,,,,,,,,,,,,,,,,,,,,45.0,Medium
161252,Bharehta,885,140,150,287,0,93.56,9.459170585720392,0.1694915254237288,0.3242937853107344,0.0,0.0,0.0,0.0,0.0,0.0,0.0,1.0,1.0,0.0,1.0,0.0,1.0,1.0,0.0,1.0,1.0,0.0,0.0,0.0,0.0,0.0,1.0,1.0,13.0,27.0,27.0,50.4285064841341,Medium
161253,Sarangpur Taluka Belwa,644,84,74,128,0,54.15,11.892890120036936,0.1149068322981366,0.1987577639751552,0.0,0.0,0.0,0.0,0.0,0.0,0.0,1.0,1.0,0.0,0.0,0.0,1.0,1.0,1.0,1.0,1.0,0.0,0.0,0.0,0.0,1.0,1.0,1.0,14.0,27.0,27.0,48.26335945351642,Medium
161254,Chaq Moahammad Urf Risal,306,45,41,60,0,27.83,10.995328781890048,0.1339869281045751,0.196078431372549,0.0,0.0,0.0,0.0,0.0,0.0,0.0,1.0,1.0,0.0,0.0,0.0,1.0,0.0,0.0,0.0,1.0,1.0,1.0,1.0,0.0,0.0,1.0,1.0,26.0,36.0,9.0,41.285458192307146,Medium
161255,Hasimpur Urf Benipur,1162,193,191,234,0,86.71,13.400991811786415,0.1643717728055077,0.2013769363166953,0.0,0.0,0.0,0.0,0.0,0.0,0.0,1.0,1.0,1.0,0.0,0.0,1.0,0.0,0.0,0.0,1.0,1.0,1.0,1.0,0.0,1.0,1.0,1.0,25.0,34.0,9.0,42.32241625223158,Medium
161256,Tejpur,2438,381,404,496,0,137.09,17.783937559267635,0.1657095980311731,0.2034454470877768,0.0,0.0,0.0,,,,0.0,1.0,1.0,1.0,1.0,,,0.0,0.0,0.0,1.0,0.0,1.0,1.0,0.0,1.0,1.0,1.0,33.0,41.0,,37.55311907200531,Medium
161257,Chaq Sekhahmed Urf Pooredudi,317,41,56,113,0,45.83,6.91686668121318,0.1766561514195583,0.3564668769716088,0.0,0.0,0.0,,,,0.0,1.0,1.0,,,,,0.0,0.0,0.0,1.0,0.0,1.0,1.0,0.0,1.0,1.0,1.0,34.0,40.0,,38.19977189340749,Medium
161258,Jamha,2043,340,354,864,0,97.63,20.925944893987506,0.1732745961820851,0.4229074889867841,0.0,0.0,0.0,0.0,0.0,0.0,0.0,1.0,1.0,0.0,0.0,0.0,1.0,0.0,0.0,0.0,1.0,0.0,1.0,1.0,0.0,1.0,1.0,1.0,24.0,34.0,9.0,49.006577693057146,Medium
161259,Chandrawat Urf Poore Matadin,1181,171,186,183,0,141.57,8.342162887617434,0.1574936494496189,0.1549534292972057,0.0,0.0,0.0,0.0,0.0,0.0,0.0,1.0,1.0,0.0,0.0,0.0,1.0,0.0,0.0,0.0,0.0,1.0,1.0,1.0,0.0,1.0,1.0,1.0,25.0,33.0,10.0,46.67593737921502,Medium
161260,Chaq Kafa,88,11,21,5,0,17.42,5.05166475315729,0.2386363636363636,0.0568181818181818,0.0,0.0,0.0,0.0,0.0,0.0,0.0,1.0,0.0,0.0,0.0,0.0,0.0,0.0,0.0,0.0,1.0,1.0,1.0,1.0,0.0,0.0,0.0,0.0,20.0,30.0,6.0,36.81757153337306,Medium
161261,Sarai Sultan Urf Poore Makhdoo,1392,215,228,305,0,118.52,11.744853189335132,0.1637931034482758,0.2191091954022988,0.0,0.0,0.0,0.0,0.0,0.0,0.0,1.0,0.0,1.0,1.0,0.0,0.0,0.0,0.0,0.0,1.0,1.0,1.0,1.0,0.0,1.0,1.0,1.0,20.0,30.0,5.0,35.65895084110511,Medium
161262,Udhopurkhagiya,1943,287,319,816,0,98.8,19.66599190283401,0.1641791044776119,0.4199691199176531,0.0,0.0,0.0,0.0,0.0,0.0,0.0,1.0,1.0,,1.0,,,0.0,0.0,0.0,1.0,1.0,1.0,1.0,0.0,1.0,1.0,1.0,20.0,30.0,,33.66721218028758,Medium
161263,Chaq Shahbeg Urframpur Dadi,537,97,76,83,0,39.26,13.678043810494142,0.1415270018621973,0.1545623836126629,0.0,0.0,0.0,0.0,0.0,0.0,0.0,1.0,1.0,0.0,1.0,0.0,1.0,0.0,0.0,0.0,1.0,1.0,1.0,1.0,0.0,0.0,1.0,1.0,20.0,30.0,,41.41439266148185,Medium
161264,Godwa,0,0,0,0,0,11.74,0.0,,,,,,,,,,,,,,,,,,,,,,,,,,,20.0,30.0,,45.0,Medium
161265,Madra,378,60,63,102,0,76.64,4.932150313152401,0.1666666666666666,0.2698412698412698,0.0,0.0,0.0,0.0,0.0,0.0,0.0,1.0,1.0,0.0,1.0,0.0,1.0,0.0,0.0,0.0,1.0,1.0,1.0,1.0,0.0,0.0,0.0,1.0,20.0,30.0,,42.38534833055797,Medium
161266,Sarangpur Taluka Kahli,0,0,0,0,0,20.24,0.0,,,,,,,,,,,,,,,,,,,,,,,,,,,20.0,30.0,,45.0,Medium
161267,Karmha,977,149,163,417,0,119.13,8.201124821623436,0.1668372569089048,0.4268167860798362,0.0,0.0,0.0,0.0,0.0,0.0,0.0,1.0,1.0,0.0,0.0,0.0,,0.0,0.0,0.0,1.0,1.0,1.0,1.0,0.0,0.0,1.0,1.0,24.0,38.0,10.0,33.30976294089086,Medium
161268,Kahli,5137,835,820,1260,0,338.61,15.170845515489797,0.1596262409966906,0.2452793459217442,0.0,0.0,0.0,0.0,0.0,0.0,0.0,1.0,1.0,1.0,1.0,0.0,0.0,0.0,0.0,0.0,1.0,1.0,1.0,1.0,0.0,1.0,1.0,1.0,22.0,36.0,12.0,32.47233823765178,Low
161269,Sadalpur,294,67,56,92,0,29.31,10.030706243602866,0.1904761904761904,0.3129251700680272,0.0,0.0,0.0,0.0,0.0,0.0,0.0,1.0,1.0,0.0,0.0,0.0,0.0,0.0,0.0,0.0,1.0,1.0,1.0,1.0,0.0,1.0,0.0,1.0,21.0,35.0,13.0,33.524704746660234,Medium
161270,Chaq Mohiuddin,0,0,0,0,0,4.51,0.0,,,,,,,,,,,,,,,,,,,,,,,,,,,20.0,35.0,,45.0,Medium
161271,Nagaepur,503,87,63,0,0,38.15,13.184796854521624,0.125248508946322,0.0,0.0,0.0,0.0,0.0,0.0,0.0,0.0,1.0,1.0,0.0,0.0,0.0,0.0,0.0,0.0,0.0,1.0,1.0,1.0,0.0,0.0,0.0,0.0,1.0,21.0,35.0,,32.63294377840742,Low
161272,Khojapur,1791,272,283,327,0,408.51,4.384225600352501,0.1580122836404243,0.1825795644891122,0.0,0.0,0.0,0.0,0.0,0.0,0.0,1.0,1.0,1.0,0.0,0.0,0.0,0.0,0.0,0.0,1.0,1.0,1.0,0.0,0.0,0.0,1.0,1.0,20.0,34.0,,34.16687780133381,Medium
161273,Badalpur,1550,248,258,561,0,131.96,11.745983631403456,0.1664516129032258,0.3619354838709677,0.0,0.0,0.0,0.0,0.0,0.0,0.0,1.0,1.0,1.0,1.0,0.0,0.0,0.0,0.0,0.0,1.0,1.0,1.0,0.0,0.0,1.0,1.0,1.0,20.0,35.0,,35.61955071722681,Medium
161274,Devkipur Urf Bijulipur,924,162,167,302,0,118.81,7.777123137783015,0.1807359307359307,0.3268398268398268,0.0,0.0,0.0,0.0,0.0,0.0,0.0,1.0,1.0,1.0,0.0,0.0,1.0,0.0,0.0,0.0,0.0,0.0,1.0,0.0,0.0,1.0,1.0,1.0,20.0,35.0,,55.70940352828247,Medium
161275,Saraikhowaja,1750,265,321,465,0,230.34,7.597464617521924,0.1834285714285714,0.2657142857142857,0.0,0.0,0.0,0.0,0.0,0.0,0.0,1.0,1.0,0.0,1.0,0.0,0.0,0.0,0.0,0.0,1.0,0.0,1.0,1.0,0.0,1.0,1.0,1.0,26.0,39.0,,37.97716753508861,Medium
161276,Chaq Hafiz Urf Pooresital,756,115,76,250,0,73.67,10.261979095968508,0.1005291005291005,0.3306878306878307,0.0,0.0,0.0,0.0,0.0,0.0,0.0,1.0,1.0,0.0,1.0,0.0,0.0,0.0,0.0,0.0,1.0,0.0,1.0,1.0,0.0,1.0,1.0,1.0,2.0,40.0,40.0,35.92461522666129,Medium
161277,Chaq Faijulla Urf Bhauka,806,118,113,117,0,50.88,15.841194968553458,0.1401985111662531,0.1451612903225806,0.0,0.0,0.0,0.0,0.0,0.0,0.0,1.0,0.0,1.0,0.0,0.0,0.0,0.0,0.0,0.0,1.0,,,0.0,0.0,0.0,0.0,0.0,22.0,35.0,,42.24981398099512,Medium
161278,Chaq Fatima Urf Madhopur,854,128,145,29,0,67.08,12.731067382230174,0.1697892271662763,0.0339578454332552,0.0,0.0,0.0,0.0,0.0,0.0,0.0,1.0,0.0,1.0,0.0,0.0,0.0,0.0,0.0,1.0,1.0,,,0.0,0.0,0.0,1.0,1.0,22.0,35.0,,42.45363065590012,Medium
161279,Chaq Afzal Urf Poorelila,1619,265,236,314,0,80.19,20.18954981917945,0.1457689932056825,0.1939468807906114,0.0,0.0,0.0,0.0,0.0,0.0,0.0,1.0,0.0,1.0,0.0,0.0,0.0,0.0,0.0,1.0,1.0,,,0.0,0.0,0.0,1.0,1.0,22.0,35.0,,42.83965953561618,Medium
161280,Mulhapur,1100,180,167,155,0,90.37,12.172181033528826,0.1518181818181818,0.1409090909090909,0.0,0.0,0.0,0.0,0.0,0.0,0.0,1.0,0.0,1.0,0.0,0.0,0.0,0.0,0.0,0.0,1.0,,,0.0,0.0,1.0,0.0,0.0,22.0,35.0,,42.42627427174326,Medium
161281,Nawab Urf Khanpur,741,110,111,130,0,90.95,8.147333699835073,0.1497975708502024,0.175438596491228,0.0,0.0,0.0,0.0,0.0,0.0,0.0,1.0,0.0,1.0,0.0,0.0,0.0,0.0,0.0,0.0,1.0,,,0.0,0.0,0.0,0.0,0.0,22.0,35.0,,42.37280286856484,Medium
161282,Bakrabad,1358,218,243,552,0,164.74,8.243292460847396,0.1789396170839469,0.406480117820324,0.0,0.0,0.0,0.0,0.0,0.0,0.0,1.0,0.0,1.0,0.0,0.0,0.0,0.0,0.0,1.0,1.0,,,0.0,0.0,0.0,1.0,1.0,22.0,35.0,,44.40621765976547,Medium
161283,Kiranw,3471,549,568,546,0,203.89,17.023885428417284,0.163641601843849,0.1573033707865168,0.0,0.0,0.0,0.0,0.0,1.0,0.0,1.0,0.0,1.0,1.0,0.0,0.0,0.0,0.0,1.0,1.0,1.0,1.0,1.0,0.0,1.0,1.0,1.0,20.0,30.0,5.0,32.22911567281839,Low
161284,Chaq Sheyam Urf Poore Hinchha,2245,377,348,371,0,161.07,13.938039361768176,0.155011135857461,0.1652561247216035,0.0,0.0,0.0,0.0,0.0,1.0,0.0,1.0,0.0,1.0,1.0,0.0,0.0,0.0,0.0,1.0,1.0,1.0,1.0,1.0,0.0,1.0,1.0,1.0,20.0,30.0,4.0,31.883076331583386,Low
161285,Oharpur,867,145,143,171,0,118.37,7.324491002787869,0.1649365628604382,0.1972318339100346,0.0,0.0,0.0,0.0,0.0,0.0,0.0,1.0,0.0,0.0,0.0,0.0,1.0,0.0,0.0,0.0,1.0,0.0,1.0,1.0,1.0,0.0,1.0,1.0,25.0,35.0,,47.90210375330072,Medium
161286,Malaka,665,108,101,139,0,135.32,4.914277268696424,0.1518796992481203,0.2090225563909774,0.0,0.0,0.0,0.0,0.0,0.0,0.0,1.0,0.0,0.0,0.0,0.0,1.0,0.0,0.0,0.0,1.0,0.0,1.0,1.0,1.0,0.0,1.0,1.0,25.0,35.0,,47.47024413947036,Medium
161287,Gaharpur,1400,210,220,816,0,85.63,16.34941025341586,0.1571428571428571,0.5828571428571429,0.0,0.0,0.0,0.0,0.0,0.0,0.0,1.0,0.0,0.0,0.0,,,0.0,0.0,0.0,1.0,0.0,1.0,1.0,1.0,1.0,1.0,1.0,25.0,35.0,,39.96752129401845,Medium
161288,Sarai Lahuri,805,142,124,248,0,48.01,16.76734013747136,0.1540372670807453,0.3080745341614906,0.0,0.0,0.0,0.0,0.0,0.0,0.0,1.0,0.0,0.0,0.0,0.0,,0.0,0.0,0.0,1.0,1.0,1.0,0.0,0.0,0.0,1.0,1.0,25.0,35.0,,38.51762570917887,Medium
161289,Chaq Saiuddin Urf Pooremati,663,124,141,242,0,57.72,11.486486486486486,0.2126696832579185,0.3650075414781297,0.0,0.0,0.0,0.0,0.0,0.0,0.0,1.0,0.0,0.0,0.0,0.0,,0.0,0.0,0.0,1.0,1.0,1.0,0.0,0.0,1.0,0.0,0.0,25.0,35.0,,40.34411599886848,Medium
161290,Chakerbhanpur Urf Chakiya,1350,215,237,16,0,84.07,16.05804686570715,0.1755555555555555,0.0118518518518518,0.0,0.0,0.0,0.0,0.0,0.0,0.0,1.0,0.0,1.0,0.0,0.0,0.0,0.0,0.0,0.0,0.0,1.0,1.0,0.0,0.0,1.0,1.0,1.0,,,,42.65289500997103,Medium
161291,Jamua,1623,255,226,622,0,106.38,15.256627185561197,0.1392483056069008,0.3832409118915588,0.0,0.0,0.0,0.0,0.0,0.0,0.0,1.0,0.0,0.0,0.0,0.0,1.0,0.0,0.0,0.0,1.0,,,1.0,0.0,1.0,1.0,1.0,24.0,25.0,,50.88766865753659,Medium
161292,Saraidatte,2494,393,377,806,0,167.2,14.916267942583731,0.1511627906976744,0.3231756214915798,0.0,0.0,0.0,0.0,0.0,0.0,0.0,1.0,0.0,0.0,0.0,0.0,1.0,0.0,0.0,0.0,1.0,1.0,1.0,1.0,0.0,1.0,1.0,1.0,23.0,25.0,,45.93078128092729,Medium
161293,Dhosra,782,132,91,201,0,62.52,12.507997440818936,0.1163682864450127,0.2570332480818414,0.0,0.0,0.0,0.0,0.0,0.0,1.0,1.0,0.0,0.0,0.0,0.0,1.0,0.0,0.0,0.0,1.0,1.0,1.0,1.0,0.0,0.0,1.0,1.0,23.0,26.0,,41.12387354027226,Medium
161294,Barji,1303,237,181,411,0,152.47,8.545943464288056,0.1389102072141212,0.3154259401381427,0.0,0.0,0.0,0.0,0.0,0.0,0.0,1.0,,,,0.0,1.0,0.0,0.0,0.0,1.0,1.0,1.0,0.0,0.0,1.0,1.0,1.0,25.0,35.0,,47.7625094002787,Medium
161295,Sisae Sipah,4455,724,687,1079,0,370.94,12.010028576050034,0.1542087542087542,0.2421997755331088,0.0,0.0,0.0,0.0,0.0,0.0,0.0,1.0,1.0,,1.0,0.0,1.0,0.0,0.0,0.0,1.0,1.0,1.0,1.0,0.0,1.0,1.0,1.0,20.0,30.0,,42.16444386933063,Medium
161296,Nasratpur,877,142,140,399,0,141.47,6.199194175443557,0.1596351197263397,0.4549600912200684,0.0,0.0,0.0,0.0,,,1.0,1.0,0.0,0.0,0.0,0.0,1.0,0.0,0.0,0.0,1.0,1.0,1.0,1.0,0.0,0.0,1.0,1.0,22.0,25.0,,43.15209652017932,Medium
161297,Buapur,2131,352,398,740,0,162.74,13.094506574904756,0.1867667761614265,0.347254809948381,0.0,0.0,0.0,0.0,0.0,0.0,0.0,1.0,1.0,0.0,0.0,0.0,1.0,0.0,0.0,1.0,1.0,1.0,1.0,1.0,0.0,1.0,1.0,1.0,17.0,25.0,17.0,43.71105313343682,Medium
161298,Trilokpur,625,100,122,94,0,67.12,9.311680572109651,0.1952,0.1504,0.0,0.0,0.0,0.0,0.0,0.0,0.0,1.0,1.0,0.0,0.0,0.0,1.0,0.0,0.0,0.0,1.0,0.0,1.0,1.0,0.0,1.0,0.0,1.0,16.0,31.0,16.0,47.82422704656258,Medium
161299,Bhane Mau,1273,220,176,54,0,48.3,26.35610766045549,0.1382560879811468,0.04241948153967,0.0,0.0,0.0,0.0,0.0,0.0,0.0,1.0,0.0,0.0,0.0,0.0,1.0,0.0,0.0,0.0,1.0,1.0,1.0,1.0,0.0,1.0,1.0,1.0,16.0,29.0,16.0,44.61020252460417,Medium
161300,Chaq Nooruddin Urf Nagdilpur,1182,162,176,184,0,108.43,10.901042147007283,0.1489001692047377,0.155668358714044,0.0,0.0,0.0,0.0,0.0,0.0,0.0,1.0,0.0,0.0,0.0,0.0,1.0,0.0,0.0,0.0,1.0,1.0,1.0,1.0,0.0,0.0,1.0,1.0,16.0,28.0,16.0,44.86026135517103,Medium
161301,Nari,1049,175,167,519,0,79.59,13.180047744691544,0.1591992373689227,0.4947569113441373,0.0,0.0,0.0,0.0,0.0,0.0,0.0,1.0,0.0,0.0,0.0,0.0,1.0,0.0,0.0,0.0,1.0,0.0,1.0,1.0,0.0,0.0,1.0,1.0,15.0,28.0,15.0,51.95838823906516,Medium
161302,Jugunideeh,5619,832,904,1604,0,341.72,16.443286901556828,0.1608827193450792,0.2854600462715785,0.0,0.0,0.0,0.0,0.0,0.0,0.0,1.0,0.0,0.0,0.0,0.0,1.0,0.0,0.0,0.0,1.0,0.0,1.0,1.0,0.0,0.0,1.0,1.0,15.0,30.0,,51.09659185879837,Medium
161303,Padumpur,660,113,155,40,0,40.91,16.132974822781716,0.2348484848484848,0.0606060606060606,0.0,0.0,0.0,0.0,0.0,0.0,0.0,1.0,1.0,0.0,0.0,0.0,0.0,0.0,0.0,0.0,1.0,1.0,1.0,1.0,0.0,1.0,0.0,1.0,24.0,21.0,21.0,33.845201615935416,Medium
161304,Sarai Lili Urf Berchanpur,1844,325,270,816,0,172.43,10.694194745693904,0.1464208242950108,0.4425162689804772,0.0,0.0,0.0,0.0,0.0,0.0,0.0,1.0,1.0,0.0,1.0,0.0,0.0,0.0,0.0,0.0,1.0,1.0,1.0,1.0,0.0,1.0,1.0,1.0,23.0,20.0,20.0,32.8782817183118,Low
161305,Noorpur,5280,797,790,1143,0,343.25,15.382374362709395,0.1496212121212121,0.2164772727272727,0.0,0.0,0.0,0.0,0.0,0.0,0.0,1.0,1.0,0.0,1.0,1.0,0.0,0.0,0.0,0.0,1.0,1.0,1.0,1.0,0.0,1.0,1.0,1.0,20.0,18.0,18.0,32.03687501273392,Low
161306,Chaq Keshaw,91,17,16,81,0,9.15,9.94535519125683,0.1758241758241758,0.8901098901098901,0.0,0.0,0.0,0.0,0.0,0.0,0.0,1.0,1.0,0.0,0.0,0.0,0.0,0.0,0.0,0.0,1.0,1.0,1.0,1.0,0.0,0.0,1.0,1.0,22.0,19.0,19.0,35.967558295794014,Medium
161307,Poore Gopi Urf Lahti,1358,170,196,161,0,55.59,24.42885411045152,0.1443298969072164,0.1185567010309278,0.0,0.0,0.0,0.0,0.0,0.0,1.0,1.0,1.0,0.0,0.0,0.0,1.0,0.0,1.0,0.0,1.0,1.0,1.0,1.0,0.0,1.0,1.0,1.0,19.0,18.0,,38.4271880936486,Medium
161308,Balkaranpur,1964,330,270,575,0,142.54,13.778588466395398,0.1374745417515274,0.2927698574338085,0.0,0.0,0.0,0.0,0.0,0.0,1.0,1.0,1.0,1.0,0.0,0.0,1.0,0.0,1.0,0.0,1.0,1.0,1.0,1.0,0.0,1.0,1.0,1.0,22.0,18.0,,38.65465726219831,Medium
161309,Poore Bagi,607,87,97,95,0,44.64,13.597670250896057,0.1598023064250411,0.1565074135090609,0.0,0.0,0.0,0.0,0.0,0.0,1.0,1.0,1.0,1.0,0.0,0.0,1.0,0.0,0.0,0.0,0.0,1.0,1.0,1.0,0.0,1.0,0.0,1.0,20.0,18.0,,43.63573867611704,Medium
161310,Muradpur Urf Khadirpur,883,126,105,371,0,61.95,14.253430185633574,0.1189127972819932,0.420158550396376,0.0,0.0,0.0,0.0,0.0,0.0,1.0,1.0,1.0,0.0,0.0,0.0,1.0,1.0,0.0,0.0,1.0,1.0,1.0,1.0,0.0,0.0,1.0,1.0,22.0,13.0,,38.75427375224854,Medium
161311,Bankat,1194,192,136,261,0,55.05,21.689373297002724,0.1139028475711892,0.2185929648241206,0.0,0.0,0.0,0.0,0.0,0.0,1.0,1.0,1.0,0.0,0.0,0.0,1.0,0.0,0.0,0.0,1.0,1.0,1.0,1.0,0.0,0.0,1.0,1.0,21.0,18.0,,37.90191124401616,Medium
161312,Beerapur,4013,593,605,1533,0,317.7,12.631413282971357,0.1507600299028158,0.3820084724644904,0.0,0.0,0.0,,0.0,0.0,1.0,1.0,1.0,1.0,0.0,0.0,1.0,0.0,1.0,0.0,1.0,1.0,1.0,1.0,0.0,1.0,1.0,1.0,18.0,16.0,,39.4522434576629,Medium
161313,Poore Bhaiya Ram,208,27,40,0,0,15.54,13.384813384813386,0.1923076923076923,0.0,0.0,0.0,0.0,0.0,0.0,0.0,0.0,1.0,0.0,0.0,0.0,0.0,0.0,0.0,0.0,0.0,1.0,1.0,0.0,1.0,0.0,0.0,0.0,1.0,17.0,20.0,,35.48627723663308,Medium
161314,Tikari,3871,581,623,867,0,247.61,15.633455837809455,0.1609403254972875,0.2239731335572203,0.0,0.0,0.0,0.0,0.0,0.0,0.0,1.0,0.0,1.0,0.0,0.0,0.0,0.0,0.0,0.0,1.0,1.0,0.0,1.0,0.0,1.0,1.0,1.0,17.0,21.0,,35.75758545186712,Medium
161315,Nadiyani,1036,171,155,751,0,109.74,9.440495717149629,0.1496138996138996,0.724903474903475,0.0,0.0,0.0,0.0,0.0,0.0,0.0,1.0,1.0,0.0,1.0,0.0,0.0,0.0,0.0,0.0,1.0,1.0,0.0,1.0,0.0,0.0,1.0,1.0,15.0,20.0,,34.33445825240543,Medium
161316,Aadampur Upraura,2033,279,366,553,0,187.39,10.849031431773309,0.1800295130349237,0.2720118052139695,0.0,0.0,0.0,0.0,0.0,0.0,0.0,1.0,0.0,1.0,0.0,0.0,0.0,0.0,0.0,0.0,1.0,1.0,0.0,1.0,0.0,1.0,1.0,1.0,17.0,20.0,,36.37372023644294,Medium
161317,Sarai Aziz Ta.Harkishun,15,2,2,0,0,15.62,0.9603072983354674,0.1333333333333333,0.0,0.0,0.0,0.0,0.0,0.0,0.0,0.0,0.0,1.0,1.0,1.0,0.0,0.0,0.0,0.0,0.0,0.0,0.0,0.0,0.0,0.0,0.0,0.0,1.0,19.0,22.0,,45.70615423547376,Medium
161318,Raide Pur,1006,174,181,253,0,95.0,10.589473684210526,0.1799204771371769,0.2514910536779324,0.0,0.0,0.0,0.0,0.0,0.0,0.0,1.0,0.0,0.0,0.0,0.0,1.0,0.0,0.0,0.0,1.0,0.0,1.0,1.0,0.0,1.0,1.0,1.0,14.0,28.0,,51.25717245949818,Medium
161319,Ahirai,1569,235,245,535,0,83.09,18.883138765194367,0.1561504142766093,0.3409815168897387,0.0,0.0,0.0,0.0,0.0,0.0,1.0,1.0,1.0,1.0,1.0,0.0,1.0,0.0,0.0,,1.0,1.0,0.0,0.0,0.0,1.0,1.0,1.0,16.0,23.0,,42.16588942267115,Medium
161320,Garapur,532,88,77,234,0,79.55,6.687617850408548,0.1447368421052631,0.4398496240601504,0.0,0.0,1.0,0.0,0.0,0.0,1.0,1.0,1.0,1.0,1.0,0.0,1.0,0.0,0.0,0.0,1.0,1.0,0.0,0.0,0.0,0.0,1.0,1.0,17.0,22.0,,38.483013034643136,Medium
161321,Madhopur,1423,227,245,718,0,103.99,13.68400807769978,0.1721714687280393,0.5045678144764582,0.0,0.0,0.0,0.0,0.0,0.0,1.0,1.0,1.0,1.0,1.0,0.0,1.0,0.0,1.0,0.0,1.0,1.0,1.0,1.0,1.0,1.0,1.0,1.0,15.0,20.0,,38.2506657374501,Medium
161322,Bajahi,2309,347,393,537,0,216.78,10.651351600701172,0.1702035513209181,0.2325682113469034,0.0,0.0,0.0,0.0,0.0,0.0,0.0,1.0,0.0,0.0,1.0,0.0,0.0,0.0,1.0,1.0,1.0,1.0,0.0,1.0,0.0,1.0,1.0,1.0,15.0,20.0,,35.87359487605772,Medium
161323,Arazi Dehigair Abad,0,0,0,0,0,29.35,0.0,,,,,,,,,,,,,,,,,,,,,,,,,,,15.0,20.0,,45.0,Medium
161324,Bir Bhaderpur Urf Kalipur,390,68,78,137,0,29.35,13.287904599659283,0.2,0.3512820512820512,0.0,0.0,0.0,0.0,0.0,0.0,0.0,1.0,0.0,0.0,0.0,0.0,1.0,0.0,0.0,0.0,1.0,1.0,0.0,1.0,0.0,0.0,0.0,0.0,15.0,20.0,,47.46947186154148,Medium
161325,Gorapur,1323,223,192,617,0,70.24,18.835421412300686,0.1451247165532879,0.4663643235071806,0.0,0.0,0.0,0.0,0.0,0.0,0.0,1.0,0.0,1.0,1.0,1.0,0.0,0.0,0.0,0.0,1.0,1.0,1.0,1.0,0.0,1.0,1.0,1.0,14.0,20.0,,36.62673706645647,Medium
161326,Baksera,1574,253,248,337,0,157.17,10.014633835973788,0.1575603557814485,0.2141041931385006,0.0,0.0,0.0,,0.0,0.0,1.0,1.0,1.0,1.0,1.0,0.0,1.0,0.0,1.0,,1.0,1.0,1.0,1.0,0.0,1.0,1.0,1.0,15.0,22.0,,38.70913059490905,Medium
161327,Dhanpalpur,634,107,96,445,0,24.79,25.57482855990319,0.1514195583596214,0.7018927444794952,0.0,,0.0,0.0,0.0,0.0,0.0,1.0,1.0,1.0,0.0,0.0,0.0,0.0,0.0,0.0,0.0,0.0,1.0,0.0,0.0,0.0,1.0,1.0,13.0,25.0,25.0,47.43701363817765,Medium
161328,Malipur,1044,161,171,62,0,47.25,22.09523809523809,0.1637931034482758,0.0593869731800766,0.0,0.0,0.0,0.0,0.0,0.0,0.0,1.0,1.0,0.0,1.0,0.0,1.0,0.0,0.0,1.0,1.0,0.0,1.0,1.0,0.0,1.0,0.0,1.0,13.0,25.0,25.0,46.9526113429733,Medium
161329,Dalipur,817,139,148,220,3,41.95,19.475566150178786,0.1811505507955936,0.2692778457772338,0.003671970624235,0.0,0.0,0.0,0.0,0.0,0.0,1.0,1.0,0.0,1.0,0.0,1.0,0.0,0.0,0.0,1.0,1.0,0.0,1.0,0.0,0.0,1.0,1.0,13.0,25.0,25.0,43.50274661110616,Medium
161330,Chaq Payagi,393,55,70,75,0,50.8,7.736220472440945,0.178117048346056,0.1908396946564885,0.0,0.0,0.0,0.0,0.0,0.0,0.0,1.0,1.0,0.0,1.0,0.0,1.0,1.0,0.0,1.0,0.0,0.0,1.0,0.0,0.0,0.0,0.0,1.0,13.0,25.0,25.0,54.949154489455886,Medium
161331,Chaimalpur,2065,338,334,650,0,235.97,8.75111242954613,0.1617433414043583,0.3147699757869249,0.0,0.0,0.0,0.0,0.0,0.0,0.0,1.0,1.0,1.0,0.0,0.0,1.0,1.0,1.0,1.0,1.0,0.0,0.0,0.0,0.0,1.0,1.0,1.0,10.0,30.0,30.0,50.11932676163925,Medium
161332,Tulapur,1497,245,197,221,0,186.0,8.048387096774194,0.1315965263861055,0.147628590514362,0.0,0.0,0.0,0.0,0.0,0.0,1.0,1.0,1.0,0.0,1.0,0.0,1.0,1.0,1.0,1.0,1.0,0.0,0.0,0.0,0.0,1.0,1.0,1.0,13.0,25.0,25.0,45.01698618131476,Medium
161333,Sikandra,4102,578,619,226,0,97.74,41.96848782484142,0.1509019990248659,0.0550950755728912,0.0,0.0,0.0,0.0,0.0,0.0,1.0,1.0,1.0,0.0,0.0,1.0,0.0,1.0,1.0,1.0,1.0,0.0,1.0,0.0,0.0,1.0,1.0,1.0,13.0,25.0,25.0,36.52826788608612,Medium
161334,Sarai Herkishun,361,35,59,93,0,51.58,6.998836758433502,0.1634349030470914,0.2576177285318559,0.0,0.0,0.0,0.0,0.0,0.0,0.0,1.0,1.0,1.0,1.0,0.0,1.0,1.0,1.0,1.0,1.0,0.0,1.0,0.0,0.0,0.0,0.0,1.0,13.0,25.0,25.0,49.812259286793726,Medium
161335,Shefkhanpur Urf Chilharai,422,81,75,312,0,53.97,7.819158791921438,0.1777251184834123,0.7393364928909952,0.0,0.0,0.0,0.0,0.0,0.0,0.0,1.0,0.0,0.0,0.0,0.0,0.0,0.0,0.0,0.0,1.0,1.0,1.0,1.0,0.0,0.0,1.0,1.0,15.0,23.0,,38.516624318693694,Medium
161336,Mustafabad,49,6,7,0,0,53.4,0.9176029962546816,0.1428571428571428,0.0,0.0,0.0,0.0,0.0,0.0,0.0,0.0,1.0,1.0,0.0,0.0,0.0,1.0,0.0,0.0,1.0,1.0,0.0,0.0,0.0,0.0,0.0,0.0,0.0,13.0,25.0,25.0,47.65677919883984,Medium
161337,Ruhera,704,128,139,268,0,95.0,7.410526315789474,0.1974431818181818,0.3806818181818182,0.0,0.0,0.0,0.0,0.0,0.0,0.0,1.0,1.0,0.0,0.0,0.0,1.0,0.0,0.0,0.0,1.0,1.0,0.0,0.0,0.0,1.0,1.0,1.0,13.0,25.0,25.0,46.4647566581814,Medium
161338,Balipur,1804,333,275,671,0,111.06,16.243471997118675,0.1524390243902439,0.3719512195121951,0.0,0.0,0.0,0.0,0.0,0.0,0.0,1.0,1.0,0.0,1.0,0.0,0.0,0.0,0.0,0.0,1.0,1.0,0.0,1.0,0.0,1.0,1.0,1.0,15.0,20.0,,32.934187209770826,Low
161339,Khewrajpur,814,148,114,241,0,145.67,5.587972815267386,0.14004914004914,0.296068796068796,0.0,0.0,0.0,0.0,0.0,0.0,1.0,1.0,1.0,0.0,1.0,0.0,0.0,0.0,0.0,0.0,1.0,1.0,1.0,1.0,0.0,1.0,1.0,1.0,11.0,31.0,,28.41159406857597,Low
161340,Bharatpur,444,79,63,165,0,31.35,14.16267942583732,0.1418918918918918,0.3716216216216216,0.0,0.0,0.0,0.0,0.0,0.0,1.0,1.0,1.0,0.0,0.0,0.0,0.0,0.0,0.0,0.0,1.0,1.0,1.0,1.0,0.0,1.0,1.0,1.0,11.0,31.0,,29.19723030068927,Low
161341,Raghunathpur,1178,201,174,425,0,145.82,8.07845288712111,0.1477079796264855,0.3607809847198642,0.0,0.0,0.0,0.0,0.0,0.0,1.0,1.0,1.0,0.0,1.0,0.0,0.0,0.0,0.0,0.0,1.0,1.0,1.0,1.0,0.0,1.0,1.0,1.0,11.0,31.0,,29.067328046483954,Low
161342,Wazirpur,678,92,100,123,0,68.57,9.887705993874873,0.1474926253687315,0.1814159292035398,0.0,0.0,0.0,0.0,0.0,0.0,0.0,1.0,1.0,0.0,0.0,0.0,1.0,0.0,0.0,1.0,1.0,0.0,1.0,1.0,0.0,1.0,1.0,1.0,12.0,25.0,,46.57177145864917,Medium
161343,Sirkindiya Gair Abad,19,3,1,5,0,97.15,0.1955738548636129,0.0526315789473684,0.2631578947368421,0.0,0.0,0.0,0.0,0.0,0.0,0.0,1.0,0.0,0.0,0.0,0.0,1.0,0.0,0.0,0.0,0.0,0.0,0.0,1.0,0.0,0.0,0.0,0.0,14.0,22.0,,52.06944545124615,Medium
161344,Katiyahi,1240,194,191,441,0,155.76,7.960965588084233,0.1540322580645161,0.3556451612903226,0.0,0.0,0.0,0.0,0.0,0.0,0.0,1.0,1.0,0.0,0.0,0.0,1.0,0.0,0.0,0.0,1.0,0.0,1.0,0.0,0.0,1.0,1.0,1.0,15.0,24.0,,50.05987957077656,Medium
161345,Mohammadpur Maichaq Shah Moham,1075,186,138,510,0,91.9,11.697497279651795,0.1283720930232558,0.4744186046511628,0.0,0.0,0.0,0.0,0.0,0.0,0.0,1.0,1.0,0.0,0.0,0.0,1.0,0.0,0.0,0.0,1.0,0.0,1.0,1.0,0.0,1.0,1.0,1.0,15.0,20.0,,47.537586979440775,Medium
161346,Baijpur,1141,169,157,72,0,58.41,19.53432631398733,0.1375985977212971,0.0631025416301489,0.0,0.0,0.0,0.0,0.0,0.0,0.0,1.0,1.0,0.0,0.0,0.0,1.0,0.0,0.0,0.0,1.0,0.0,1.0,1.0,0.0,1.0,1.0,1.0,15.0,24.0,,46.0800500337962,Medium
161347,Kalleyanpur Urf Lonari,456,83,70,254,0,71.26,6.399101880437833,0.1535087719298245,0.5570175438596491,0.0,0.0,0.0,0.0,0.0,0.0,0.0,1.0,1.0,0.0,0.0,0.0,1.0,0.0,0.0,0.0,1.0,1.0,1.0,1.0,0.0,1.0,1.0,1.0,15.0,20.0,,43.48681349866704,Medium
161348,Hasanpur Korari,1203,186,163,527,0,117.49,10.23916929100349,0.1354945968412302,0.4380714879467997,0.0,0.0,0.0,0.0,0.0,0.0,0.0,1.0,1.0,0.0,0.0,0.0,1.0,0.0,0.0,1.0,1.0,0.0,1.0,1.0,0.0,1.0,1.0,1.0,12.0,24.0,,47.50956046948895,Medium
161349,Kumbhauna,886,149,91,14,0,59.32,14.935940660822656,0.1027088036117381,0.0158013544018058,0.0,0.0,0.0,0.0,0.0,0.0,1.0,1.0,1.0,0.0,1.0,0.0,0.0,0.0,0.0,0.0,1.0,1.0,1.0,1.0,0.0,1.0,1.0,1.0,12.0,,30.0,26.27443260293177,Low
161350,Dewapur,1054,184,151,223,0,45.42,23.205636283575515,0.1432637571157495,0.2115749525616698,0.0,0.0,0.0,0.0,0.0,0.0,1.0,1.0,1.0,0.0,1.0,0.0,0.0,0.0,0.0,0.0,1.0,1.0,1.0,1.0,0.0,1.0,1.0,1.0,12.0,31.0,,28.809996780998475,Low
161351,Chaq Masaud,104,19,12,0,0,33.63,3.092476955099613,0.1153846153846153,0.0,0.0,0.0,0.0,0.0,0.0,0.0,1.0,1.0,1.0,0.0,1.0,0.0,0.0,0.0,0.0,0.0,0.0,1.0,1.0,1.0,0.0,0.0,1.0,1.0,13.0,,29.0,31.088700253144648,Low
161352,Chaq Kasiram,426,77,59,142,0,41.63,10.233005044439103,0.1384976525821596,0.3333333333333333,0.0,0.0,0.0,0.0,0.0,0.0,0.0,1.0,1.0,0.0,0.0,0.0,1.0,0.0,0.0,0.0,1.0,1.0,1.0,1.0,0.0,1.0,1.0,1.0,12.0,24.0,,42.075707896546575,Medium
161353,Chaq Jayanti,740,102,78,15,0,30.21,24.495200264812976,0.1054054054054054,0.0202702702702702,0.0,0.0,0.0,0.0,0.0,0.0,0.0,1.0,1.0,0.0,0.0,0.0,1.0,0.0,0.0,1.0,1.0,0.0,1.0,1.0,0.0,1.0,1.0,1.0,,,,45.104082663524274,Medium
161354,Chaqsaban,283,48,36,103,0,11.24,25.177935943060497,0.127208480565371,0.3639575971731448,0.0,0.0,0.0,0.0,0.0,0.0,1.0,1.0,1.0,0.0,0.0,0.0,0.0,0.0,0.0,0.0,1.0,1.0,1.0,1.0,0.0,0.0,1.0,1.0,15.0,26.0,,29.171352120555103,Low
161355,Sarai Chandi,294,45,61,170,0,58.76,5.003403675970048,0.2074829931972789,0.5782312925170068,0.0,0.0,0.0,0.0,0.0,0.0,1.0,1.0,1.0,0.0,1.0,0.0,0.0,0.0,0.0,0.0,1.0,1.0,1.0,1.0,0.0,0.0,1.0,1.0,0.15,30.0,,31.82138482496746,Low
161356,Dewarya,1158,173,201,334,0,129.29,8.956609173176581,0.1735751295336787,0.2884283246977547,0.0,0.0,0.0,0.0,2.0,2.0,1.0,1.0,1.0,1.0,1.0,0.0,0.0,1.0,0.0,1.0,1.0,1.0,1.0,1.0,0.0,1.0,1.0,1.0,20.0,22.0,22.0,16.184355452304647,Low
161357,Lakhrawan,1547,247,243,391,0,180.11,8.589195491643995,0.1570782159017453,0.2527472527472527,0.0,0.0,0.0,0.0,0.0,,1.0,1.0,1.0,0.0,0.0,0.0,0.0,1.0,0.0,1.0,1.0,1.0,,1.0,0.0,1.0,1.0,1.0,20.0,23.0,23.0,28.829268068612038,Low
161358,Kusungur,3893,622,541,880,0,136.6,28.49926793557833,0.1389673773439506,0.2260467505779604,0.0,0.0,0.0,0.0,2.0,2.0,1.0,1.0,1.0,1.0,1.0,0.0,0.0,0.0,1.0,1.0,1.0,1.0,1.0,1.0,0.0,1.0,1.0,1.0,22.0,20.0,20.0,15.637803704646512,Low
161359,Paigamberpur,3360,510,480,386,0,347.94,9.656837385756164,0.1428571428571428,0.1148809523809523,0.0,0.0,0.0,0.0,0.0,0.0,0.0,1.0,1.0,0.0,0.0,0.0,0.0,0.0,0.0,0.0,1.0,1.0,1.0,0.0,0.0,1.0,0.0,1.0,19.0,17.0,17.0,33.59053884628475,Medium
161360,Nimi Khurd,810,111,87,0,0,48.74,16.61879359868691,0.1074074074074074,0.0,0.0,0.0,0.0,0.0,0.0,0.0,0.0,1.0,1.0,0.0,0.0,0.0,1.0,0.0,0.0,0.0,1.0,1.0,1.0,0.0,0.0,1.0,1.0,1.0,17.0,27.0,27.0,42.23891572251089,Medium
161361,Narayanpur,1027,170,158,426,0,73.78,13.919761452968284,0.1538461538461538,0.4148003894839338,0.0,0.0,0.0,0.0,0.0,0.0,0.0,1.0,1.0,0.0,1.0,0.0,1.0,0.0,0.0,0.0,1.0,1.0,1.0,0.0,0.0,0.0,1.0,1.0,18.0,24.0,24.0,45.59509661253359,Medium
161362,Chaq Kewat Ali Gair Abad,27,5,10,8,0,44.52,0.6064690026954177,0.3703703703703703,0.2962962962962963,0.0,,,,,,0.0,,,,,,,,,,,,,,,1.0,1.0,1.0,18.0,28.0,,57.617530429173456,Medium
161363,Dharampur Urf Dhurwa,2316,315,281,41,0,155.06,14.93615374693667,0.1213298791018998,0.0177029360967184,0.0,,,,,,0.0,1.0,1.0,1.0,0.0,0.0,0.0,0.0,1.0,1.0,0.0,0.0,1.0,1.0,0.0,1.0,1.0,1.0,15.0,20.0,20.0,40.17591487148622,Medium
161364,Bela Shailabi Gair Abad,0,0,0,0,0,1396.16,0.0,,,,,,,,,,,,,,,,,,,,,,,,,,,22.0,8.0,8.0,45.0,Medium
161365,Sihori Kachar Gair Abad,0,0,0,0,0,37.32,0.0,,,,,,,,,,,,,,,,,,,,,,,,,,,15.0,20.0,20.0,45.0,Medium
161366,Awraha Kachar Gair Abad,0,0,0,0,0,22.11,0.0,,,,,,,,,,,,,,,,,,,,,,,,,,,25.0,10.0,4.0,45.0,Medium
161367,Sihori Uperhar,164,20,30,0,0,117.31,1.3980052851419316,0.1829268292682926,0.0,0.0,0.0,0.0,,2.0,2.0,0.0,1.0,,1.0,0.0,0.0,0.0,0.0,0.0,0.0,1.0,0.0,1.0,1.0,0.0,1.0,1.0,1.0,15.0,20.0,,26.37862379957394,Low
161368,Awrahauperhar Gair Abad,452,74,101,0,0,107.7,4.1968430826369545,0.2234513274336283,0.0,0.0,,,,,,0.0,1.0,1.0,1.0,0.0,1.0,0.0,0.0,0.0,1.0,0.0,0.0,1.0,1.0,0.0,1.0,1.0,1.0,20.0,20.0,20.0,42.70944617571363,Medium
161369,Hetapatti,2898,459,484,538,0,66.25,43.74339622641509,0.1670117322291235,0.1856452726017943,0.0,0.0,0.0,,2.0,2.0,1.0,1.0,,1.0,0.0,1.0,1.0,0.0,0.0,0.0,1.0,0.0,1.0,1.0,0.0,1.0,1.0,1.0,15.0,20.0,,35.2372946067873,Medium
161370,Sakra,1491,251,232,976,0,82.26,18.12545587162655,0.1556002682763246,0.6545942320590208,0.0,,,,,,0.0,1.0,1.0,1.0,0.0,0.0,1.0,0.0,0.0,1.0,0.0,0.0,1.0,1.0,0.0,1.0,1.0,1.0,20.0,20.0,20.0,54.51962624215903,Medium
161371,Madarpur,1378,208,228,128,0,107.28,12.84489187173751,0.1654571843251088,0.09288824383164,0.0,0.0,0.0,,2.0,2.0,1.0,1.0,1.0,0.0,0.0,0.0,0.0,0.0,0.0,0.0,1.0,0.0,1.0,1.0,0.0,1.0,1.0,1.0,20.0,20.0,20.0,20.123001793982645,Low
161372,Purusottampur Urf Garapur,3263,546,514,728,0,169.56,19.243925454116532,0.1575237511492491,0.2231075697211155,0.0,0.0,,,,,1.0,1.0,1.0,0.0,1.0,0.0,1.0,0.0,1.0,1.0,1.0,1.0,,1.0,0.0,1.0,1.0,1.0,20.0,21.0,21.0,39.13255524123112,Medium
161373,Malaka Mai Bhai Sahi,2721,432,391,771,0,159.55,17.05421497963021,0.1436971701580301,0.2833517089305402,0.0,0.0,0.0,0.0,0.0,0.0,0.0,1.0,0.0,0.0,0.0,0.0,0.0,1.0,1.0,1.0,1.0,1.0,1.0,1.0,0.0,1.0,1.0,1.0,15.0,30.0,30.0,35.595604889000946,Medium
161374,Mathura Urf Parandeeh,2426,377,350,661,0,225.64,10.75163978018082,0.1442704039571311,0.2724649629018961,0.0,0.0,0.0,0.0,0.0,0.0,0.0,1.0,1.0,0.0,0.0,0.0,0.0,0.0,1.0,1.0,0.0,0.0,1.0,1.0,0.0,1.0,1.0,1.0,13.0,35.0,35.0,41.96587470161084,Medium
161375,Shukulpur,21,3,0,21,0,13.5,1.5555555555555556,0.0,1.0,0.0,0.0,0.0,0.0,0.0,,0.0,1.0,0.0,0.0,0.0,0.0,0.0,0.0,1.0,1.0,0.0,0.0,1.0,1.0,0.0,0.0,1.0,1.0,12.0,35.0,,44.23063067812396,Medium
161376,Partappur,1156,209,161,581,0,56.69,20.391603457399896,0.139273356401384,0.5025951557093425,0.0,0.0,0.0,0.0,0.0,,1.0,1.0,1.0,,,0.0,1.0,0.0,0.0,1.0,0.0,0.0,1.0,0.0,0.0,0.0,0.0,0.0,18.0,18.0,,52.52967352877644,Medium
161377,Jiwnarayanpur,614,110,107,386,0,14.42,42.57975034674064,0.1742671009771987,0.6286644951140065,0.0,0.0,0.0,0.0,0.0,0.0,1.0,1.0,1.0,,,0.0,1.0,0.0,0.0,0.0,0.0,0.0,1.0,0.0,0.0,0.0,0.0,0.0,16.0,18.0,18.0,55.12220298711794,Medium
161378,Chaq Julekha,214,39,48,214,0,14.42,14.840499306518725,0.2242990654205607,1.0,0.0,0.0,0.0,0.0,0.0,0.0,0.0,1.0,1.0,0.0,0.0,0.0,1.0,0.0,0.0,0.0,1.0,1.0,1.0,0.0,0.0,0.0,0.0,0.0,18.0,18.0,18.0,50.67254249659777,Medium
161379,Suprawari,1100,168,190,113,0,107.99,10.186128345217153,0.1727272727272727,0.1027272727272727,0.0,0.0,0.0,0.0,0.0,0.0,0.0,1.0,0.0,0.0,0.0,0.0,1.0,0.0,0.0,1.0,0.0,1.0,1.0,0.0,0.0,0.0,1.0,0.0,16.0,18.0,18.0,52.78097197437906,Medium
161380,Damoderpur Urf Tiwaripur,1771,246,228,277,0,110.5,16.02714932126697,0.1287408243929983,0.1564088085827216,0.0,0.0,0.0,0.0,0.0,0.0,0.0,1.0,0.0,0.0,0.0,0.0,1.0,0.0,0.0,1.0,0.0,0.0,1.0,0.0,0.0,0.0,0.0,0.0,18.0,18.0,18.0,56.96996736032158,Medium
161381,Kadipur,1027,183,148,393,0,102.7,10.0,0.1441090555014605,0.3826679649464459,0.0,0.0,0.0,0.0,0.0,0.0,0.0,0.0,0.0,0.0,0.0,0.0,1.0,0.0,0.0,0.0,1.0,1.0,1.0,0.0,0.0,0.0,1.0,0.0,16.0,18.0,18.0,51.6478087062872,Medium
161382,Berue,3584,633,537,1356,3,313.0,11.450479233226837,0.1498325892857142,0.3783482142857143,0.0008370535714285,0.0,0.0,0.0,0.0,0.0,0.0,1.0,1.0,0.0,0.0,0.0,1.0,1.0,1.0,1.0,1.0,1.0,0.0,1.0,0.0,1.0,1.0,1.0,16.0,20.0,20.0,42.71087939153409,Medium
161383,Chanderpur Urf Busmahua,3606,612,556,1253,0,235.0,15.34468085106383,0.1541874653355518,0.3474764281752635,0.0,0.0,0.0,0.0,0.0,0.0,0.0,1.0,0.0,0.0,0.0,0.0,1.0,1.0,1.0,1.0,1.0,0.0,0.0,0.0,0.0,1.0,1.0,1.0,15.0,20.0,20.0,53.66064177303047,Medium
161384,Chaq Ali Pur,1577,228,275,337,0,194.23,8.119240076198322,0.1743817374762206,0.2136968928344959,0.0,0.0,0.0,0.0,0.0,0.0,1.0,1.0,1.0,0.0,1.0,0.0,1.0,0.0,0.0,0.0,1.0,1.0,1.0,1.0,0.0,1.0,1.0,1.0,22.0,57.0,57.0,39.13379748041095,Medium
161385,Hansrajpur,1690,260,246,723,0,198.71,8.504856323285189,0.1455621301775148,0.427810650887574,0.0,0.0,0.0,0.0,0.0,0.0,1.0,1.0,0.0,0.0,1.0,0.0,1.0,0.0,0.0,0.0,1.0,1.0,1.0,1.0,0.0,1.0,1.0,1.0,22.0,57.0,57.0,42.688967817792864,Medium
161386,Chamrupur Urf Nandout,2028,322,318,412,0,258.08,7.858028518288903,0.1568047337278106,0.2031558185404339,0.0,0.0,0.0,0.0,0.0,0.0,1.0,1.0,1.0,0.0,0.0,0.0,1.0,0.0,0.0,0.0,1.0,1.0,1.0,1.0,0.0,0.0,1.0,0.0,18.0,50.0,50.0,38.543041049935056,Medium
161387,Dariyapur Nandaut,338,32,64,56,0,30.84,10.959792477302203,0.1893491124260355,0.165680473372781,0.0,0.0,0.0,0.0,0.0,0.0,1.0,1.0,1.0,0.0,0.0,0.0,1.0,0.0,0.0,0.0,1.0,1.0,1.0,1.0,0.0,0.0,1.0,1.0,18.0,50.0,50.0,39.45953935566562,Medium
161388,Chaq Afrad Urf Mubarakpur,1662,242,232,293,0,85.72,19.38870741950537,0.1395908543922984,0.1762936221419976,0.0,0.0,0.0,0.0,0.0,0.0,1.0,1.0,1.0,0.0,0.0,0.0,1.0,0.0,0.0,0.0,1.0,1.0,1.0,1.0,0.0,0.0,0.0,0.0,18.0,50.0,50.0,38.36645199474391,Medium
161389,Chaq Ali Urf Poore Gopali,1017,150,158,451,0,163.92,6.204245973645682,0.1553588987217306,0.4434611602753195,0.0,0.0,0.0,0.0,0.0,0.0,1.0,1.0,1.0,0.0,0.0,0.0,1.0,0.0,0.0,0.0,1.0,1.0,1.0,0.0,0.0,0.0,1.0,0.0,18.0,50.0,50.0,42.13318963051988,Medium
161390,Chaq Sekh Ahmed Urf Kusehta,2542,374,373,670,0,243.7,10.430857611817808,0.1467348544453186,0.2635719905586152,0.0,0.0,0.0,,0.0,0.0,0.0,1.0,0.0,0.0,0.0,0.0,1.0,0.0,0.0,0.0,1.0,1.0,1.0,1.0,0.0,1.0,1.0,1.0,12.0,45.0,,45.31548621439967,Medium
161391,Dhelha,767,123,138,135,0,38.14,20.110120608285264,0.1799217731421121,0.1760104302477184,0.0,0.0,0.0,0.0,0.0,0.0,0.0,1.0,0.0,0.0,0.0,0.0,1.0,0.0,0.0,1.0,1.0,1.0,1.0,1.0,0.0,1.0,1.0,1.0,12.0,44.0,,46.27129457395166,Medium
161392,Pahsi,686,103,134,183,0,70.61,9.715337770853989,0.19533527696793,0.2667638483965014,0.0,0.0,0.0,0.0,0.0,0.0,0.0,1.0,0.0,0.0,0.0,0.0,1.0,0.0,0.0,1.0,1.0,1.0,1.0,1.0,0.0,1.0,1.0,1.0,11.0,43.0,,46.76003620257115,Medium
161393,Batwansi Urf Poore Bihari,464,57,61,58,0,71.52,6.487695749440716,0.1314655172413793,0.125,0.0,0.0,0.0,0.0,0.0,0.0,0.0,1.0,0.0,0.0,0.0,1.0,1.0,0.0,0.0,1.0,1.0,1.0,1.0,1.0,0.0,1.0,1.0,1.0,11.0,43.0,,44.00240442728217,Medium
161394,Khansar,1587,259,272,455,0,166.55,9.528670069048331,0.1713925645872716,0.2867044738500315,0.0,0.0,0.0,0.0,0.0,1.0,0.0,1.0,0.0,0.0,0.0,0.0,1.0,0.0,1.0,1.0,1.0,1.0,0.0,0.0,0.0,0.0,1.0,1.0,9.0,45.0,9.0,45.30044890114621,Medium
161395,Chaq Abdul Shakoor Urf Hatia G,7,1,2,0,0,70.0,0.1,0.2857142857142857,0.0,0.0,0.0,0.0,0.0,0.0,0.0,0.0,1.0,0.0,0.0,0.0,0.0,1.0,0.0,0.0,1.0,1.0,1.0,1.0,1.0,0.0,0.0,0.0,0.0,13.0,46.0,,47.74220721026035,Medium
161396,Amiliya,2132,318,337,335,0,209.79,10.162543495876829,0.1580675422138836,0.1571294559099437,0.0,0.0,0.0,0.0,0.0,0.0,0.0,1.0,1.0,1.0,1.0,0.0,1.0,0.0,1.0,0.0,1.0,1.0,1.0,1.0,0.0,1.0,0.0,1.0,12.0,48.0,12.0,41.77888783911736,Medium
161397,Mohamadabad Urf Mialwan,1970,291,363,538,0,467.74,4.211741565827169,0.1842639593908629,0.2730964467005076,0.0,0.0,0.0,0.0,0.0,0.0,0.0,1.0,0.0,1.0,1.0,0.0,0.0,0.0,0.0,0.0,1.0,1.0,1.0,1.0,0.0,1.0,1.0,1.0,12.0,39.0,12.0,36.23325332274834,Medium
161398,Chaq Hafiz Badruddin Urf Konar,1222,183,193,176,0,35.38,34.53928773318259,0.1579378068739771,0.144026186579378,0.0,0.0,0.0,0.0,0.0,0.0,0.0,1.0,1.0,1.0,1.0,0.0,1.0,0.0,1.0,0.0,1.0,1.0,1.0,1.0,0.0,1.0,1.0,1.0,10.0,45.0,10.0,42.711844370065776,Medium
161399,Sarai Wirindawan Urfchaq Jani,306,39,52,49,0,17.88,17.114093959731544,0.1699346405228758,0.1601307189542483,0.0,0.0,0.0,0.0,0.0,0.0,0.0,1.0,1.0,0.0,0.0,0.0,1.0,0.0,1.0,0.0,1.0,1.0,1.0,1.0,0.0,1.0,1.0,1.0,10.0,44.0,10.0,42.43575292372604,Medium
161400,Agahua,1425,239,208,206,0,128.4,11.098130841121495,0.1459649122807017,0.1445614035087719,0.0,0.0,0.0,0.0,0.0,0.0,0.0,1.0,1.0,1.0,1.0,0.0,1.0,0.0,1.0,0.0,1.0,1.0,1.0,1.0,0.0,1.0,1.0,1.0,10.0,45.0,10.0,41.391439770332816,Medium
161401,Sarai Khundmir,870,121,142,227,0,67.36,12.915676959619953,0.1632183908045977,0.260919540229885,0.0,0.0,0.0,0.0,0.0,0.0,0.0,1.0,0.0,0.0,0.0,0.0,1.0,0.0,0.0,1.0,1.0,1.0,1.0,1.0,0.0,1.0,1.0,1.0,11.0,43.0,,45.89890513346931,Medium
161402,Mubrakpur,2601,430,376,818,0,300.49,8.655862091916536,0.144559784698193,0.3144944252210688,0.0,,0.0,0.0,0.0,2.0,0.0,1.0,0.0,0.0,0.0,0.0,1.0,0.0,1.0,1.0,1.0,1.0,0.0,0.0,0.0,0.0,1.0,1.0,12.0,48.0,12.0,41.26519230692118,Medium
161403,Kapsa,5166,786,847,1236,0,526.73,9.807681354773791,0.1639566395663956,0.2392566782810685,0.0,0.0,0.0,,0.0,0.0,0.0,1.0,1.0,1.0,1.0,0.0,1.0,0.0,0.0,0.0,1.0,1.0,1.0,0.0,0.0,1.0,1.0,1.0,14.0,50.0,,44.85160503908167,Medium
161404,Rajepur,1848,245,309,413,0,231.05,7.998268772992858,0.1672077922077922,0.2234848484848484,0.0,0.0,0.0,0.0,0.0,1.0,0.0,1.0,0.0,0.0,0.0,0.0,1.0,0.0,0.0,1.0,1.0,1.0,0.0,0.0,0.0,0.0,1.0,1.0,13.0,32.0,,44.79587792762761,Medium
161405,Rajepur Mai Sarai Aerjani,792,131,174,350,0,141.86,5.582969124488932,0.2196969696969697,0.4419191919191919,0.0,0.0,0.0,0.0,0.0,1.0,0.0,1.0,0.0,0.0,0.0,0.0,1.0,0.0,0.0,1.0,1.0,1.0,0.0,0.0,0.0,0.0,1.0,1.0,12.0,30.0,,47.36340852022413,Medium
161406,Sarai Aerjani,512,85,92,0,0,31.97,16.015014075695966,0.1796875,0.0,0.0,0.0,0.0,0.0,0.0,0.0,0.0,1.0,0.0,0.0,0.0,0.0,1.0,0.0,0.0,1.0,1.0,1.0,0.0,0.0,0.0,0.0,1.0,1.0,11.0,30.0,,47.715824587697966,Medium
161407,Sarai Aziz Urf Azizpur,1200,175,187,295,0,74.82,16.03849238171612,0.1558333333333333,0.2458333333333333,0.0,0.0,0.0,0.0,0.0,1.0,0.0,1.0,0.0,1.0,0.0,0.0,1.0,0.0,0.0,1.0,1.0,1.0,0.0,0.0,0.0,0.0,1.0,1.0,12.0,30.0,12.0,44.896998342439694,Medium
161408,Sehunadeeh,2765,418,525,580,0,382.74,7.224225322673355,0.189873417721519,0.2097649186256781,0.0,0.0,0.0,0.0,0.0,0.0,0.0,1.0,1.0,1.0,1.0,0.0,0.0,0.0,0.0,0.0,1.0,1.0,1.0,0.0,0.0,0.0,1.0,1.0,10.0,45.0,10.0,35.37541859252056,Medium
161409,Sarai Jaina,89,15,11,0,0,12.2,7.2950819672131155,0.1235955056179775,0.0,0.0,0.0,0.0,0.0,0.0,0.0,0.0,1.0,1.0,0.0,0.0,0.0,0.0,0.0,0.0,0.0,0.0,0.0,1.0,0.0,0.0,0.0,0.0,0.0,13.0,50.0,13.0,42.341170241786536,Medium
161410,Raini,2191,348,366,1098,0,241.42,9.07547013503438,0.1670470104974897,0.5011410314924692,0.0,,0.0,0.0,0.0,1.0,0.0,1.0,0.0,0.0,0.0,0.0,1.0,0.0,1.0,1.0,1.0,1.0,0.0,0.0,0.0,0.0,1.0,1.0,11.0,47.0,11.0,46.22362961152599,Medium
161411,Sarai Daud Urf Dhaqpura,1040,169,155,495,0,90.13,11.538888272495283,0.1490384615384615,0.4759615384615384,0.0,0.0,0.0,0.0,0.0,0.0,1.0,1.0,1.0,0.0,0.0,0.0,0.0,0.0,0.0,1.0,1.0,0.0,1.0,1.0,0.0,1.0,1.0,1.0,9.0,39.0,,34.82543741238986,Medium
161412,Aalemau,652,103,114,271,0,146.56,4.448689956331878,0.1748466257668711,0.4156441717791411,0.0,0.0,0.0,,0.0,,1.0,1.0,1.0,0.0,1.0,0.0,0.0,0.0,1.0,1.0,1.0,0.0,1.0,1.0,0.0,1.0,1.0,1.0,8.0,38.0,,35.00654852461832,Medium
161413,Chaq Sultan Mohammad Urf Nusar,523,83,81,37,0,126.35,4.139295607439652,0.1548757170172084,0.0707456978967495,0.0,0.0,0.0,0.0,0.0,0.0,0.0,1.0,0.0,1.0,1.0,0.0,0.0,0.0,0.0,1.0,1.0,1.0,1.0,1.0,0.0,0.0,1.0,1.0,10.0,37.0,10.0,34.33687334987627,Medium
161414,Mehdipur Urf Poore Indra,569,93,106,307,0,50.19,11.336919705120543,0.1862917398945518,0.539543057996485,0.0,0.0,0.0,0.0,0.0,0.0,0.0,1.0,0.0,0.0,1.0,0.0,0.0,0.0,0.0,0.0,1.0,1.0,1.0,1.0,0.0,0.0,1.0,1.0,,,,37.91930513614125,Medium
161415,Sonkhari,287,40,46,89,0,21.6,13.287037037037036,0.1602787456445993,0.3101045296167247,0.0,0.0,0.0,0.0,0.0,0.0,0.0,1.0,0.0,0.0,1.0,0.0,0.0,0.0,0.0,0.0,1.0,1.0,1.0,1.0,0.0,0.0,0.0,0.0,9.0,37.0,9.0,36.07191094861929,Medium
161416,Chaq Shahabuddin Urf Chitha,141,15,19,0,0,56.68,2.4876499647141848,0.1347517730496454,0.0,0.0,0.0,0.0,,0.0,0.0,1.0,1.0,0.0,0.0,0.0,0.0,1.0,0.0,0.0,1.0,1.0,0.0,1.0,1.0,0.0,0.0,1.0,1.0,9.0,39.0,,44.97817799893715,Medium
161417,Mailhan,2941,439,486,759,0,203.58,14.44640927399548,0.1652499149948997,0.2580754845290717,0.0,1.0,1.0,,,4.0,1.0,1.0,1.0,0.0,1.0,0.0,1.0,0.0,0.0,1.0,1.0,0.0,1.0,1.0,0.0,1.0,1.0,1.0,8.0,38.0,,24.34190720069713,Low
161418,Rasulpur,742,112,144,111,0,44.21,16.783533137299255,0.1940700808625337,0.1495956873315364,0.0,0.0,0.0,0.0,0.0,0.0,1.0,1.0,0.0,0.0,0.0,0.0,1.0,0.0,0.0,1.0,1.0,0.0,1.0,1.0,0.0,0.0,0.0,0.0,9.0,39.0,,48.09354840679504,Medium
161419,Kutubpur,1262,211,226,0,0,103.53,12.189703467593937,0.179080824088748,0.0,0.0,0.0,0.0,0.0,0.0,1.0,0.0,1.0,0.0,1.0,1.0,0.0,1.0,0.0,1.0,1.0,1.0,1.0,0.0,0.0,0.0,0.0,0.0,0.0,7.0,45.0,,44.20699526959287,Medium
161420,Atraura,1805,267,290,549,0,176.96,10.2000452079566,0.1606648199445983,0.3041551246537396,0.0,0.0,0.0,0.0,0.0,0.0,0.0,1.0,0.0,1.0,1.0,0.0,0.0,0.0,0.0,0.0,1.0,1.0,0.0,1.0,0.0,1.0,1.0,1.0,15.0,48.0,48.0,35.92680990805328,Medium
161421,Sarai Saiydbare Urf Yaseenpur,0,0,0,0,0,114.84,0.0,,,,,,,,,,,,,,,,,,,,,,,,,,,18.0,49.0,49.0,45.0,Medium
161422,Khanpur,743,107,115,129,0,110.99,6.694296783494009,0.1547779273216689,0.1736204576043068,0.0,0.0,0.0,0.0,0.0,0.0,0.0,1.0,0.0,1.0,1.0,0.0,0.0,0.0,0.0,0.0,1.0,1.0,0.0,1.0,0.0,1.0,1.0,1.0,17.0,50.0,50.0,34.9533743947255,Medium
161423,Rasoolpur Dehmafi,731,120,121,316,0,66.82,10.939838371744989,0.1655266757865937,0.4322845417236662,0.0,0.0,0.0,0.0,0.0,0.0,0.0,1.0,0.0,0.0,1.0,0.0,0.0,0.0,0.0,0.0,1.0,1.0,0.0,1.0,0.0,1.0,1.0,1.0,17.0,50.0,50.0,36.74373275763715,Medium
161424,Jalaluddinpur,249,34,46,0,0,151.37,1.6449758868996498,0.1847389558232931,0.0,0.0,0.0,0.0,0.0,0.0,0.0,0.0,1.0,0.0,1.0,1.0,0.0,1.0,0.0,1.0,1.0,1.0,1.0,0.0,0.0,0.0,0.0,0.0,0.0,7.0,48.0,48.0,47.276476291957565,Medium
161425,Bhamae Husamganj,3900,604,643,955,0,210.28,18.54669963857713,0.1648717948717948,0.2448717948717948,0.0,0.0,0.0,0.0,0.0,0.0,1.0,1.0,0.0,0.0,0.0,0.0,0.0,0.0,1.0,1.0,1.0,1.0,0.0,0.0,0.0,0.0,1.0,1.0,5.0,42.0,5.0,35.26648128053127,Medium
161426,Serwadeeh,2356,339,395,377,0,318.77,7.390908805721994,0.1676570458404074,0.1600169779286927,0.0,0.0,0.0,0.0,0.0,0.0,0.0,1.0,1.0,0.0,1.0,0.0,1.0,0.0,0.0,0.0,1.0,1.0,1.0,1.0,0.0,1.0,0.0,1.0,13.0,48.0,48.0,41.96704171102908,Medium
161427,Agra Patti,1880,266,294,652,0,166.77,11.273010733345323,0.1563829787234042,0.3468085106382979,0.0,0.0,0.0,0.0,0.0,0.0,0.0,1.0,0.0,1.0,1.0,0.0,1.0,0.0,1.0,0.0,1.0,1.0,1.0,1.0,0.0,1.0,1.0,1.0,10.0,45.0,10.0,46.05574164508548,Medium
161428,Arwansimai Bahadurgarh,3880,672,611,812,0,495.9,7.824158096390402,0.1574742268041237,0.2092783505154639,0.0,0.0,0.0,0.0,0.0,0.0,0.0,1.0,1.0,0.0,1.0,0.0,1.0,0.0,1.0,0.0,1.0,1.0,1.0,0.0,0.0,1.0,1.0,1.0,8.0,40.0,40.0,44.42567909311225,Medium
161429,Herbhanpur,1365,235,191,342,0,167.39,8.154608996953224,0.1399267399267399,0.2505494505494505,0.0,0.0,0.0,0.0,0.0,0.0,1.0,1.0,1.0,0.0,0.0,0.0,0.0,0.0,1.0,0.0,1.0,0.0,1.0,0.0,0.0,1.0,1.0,1.0,6.0,41.0,86.0,35.78586470267784,Medium
161430,Latifpur,3052,487,496,376,0,241.72,12.626179050140658,0.1625163826998689,0.1231979030144167,0.0,0.0,0.0,0.0,0.0,0.0,1.0,1.0,1.0,0.0,1.0,0.0,0.0,0.0,0.0,0.0,1.0,0.0,1.0,0.0,0.0,1.0,1.0,1.0,6.0,41.0,6.0,36.01066596412708,Medium
161431,Saoraha,3501,582,560,1062,0,395.86,8.844035770221796,0.1599542987717795,0.3033419023136247,0.0,0.0,0.0,0.0,0.0,0.0,1.0,1.0,1.0,0.0,1.0,0.0,0.0,0.0,0.0,0.0,1.0,0.0,1.0,0.0,0.0,1.0,1.0,1.0,5.0,40.0,5.0,36.67900276386553,Medium
161432,Mugara,517,83,87,49,0,43.58,11.863240018357043,0.1682785299806576,0.0947775628626692,0.0,0.0,0.0,0.0,0.0,0.0,1.0,1.0,1.0,0.0,0.0,0.0,1.0,0.0,0.0,0.0,0.0,1.0,1.0,1.0,0.0,0.0,1.0,1.0,41.0,36.0,4.0,43.51005684116828,Medium
161433,Junedpatti Gairabad,0,0,0,0,0,52.51,0.0,,,,,,,,,,,,,,,,,,,,,,,,,,,5.0,40.0,5.0,45.0,Medium
161434,Chak Bikhari Urf Parsadih,1074,147,186,219,0,64.53,16.643421664342167,0.1731843575418994,0.2039106145251396,0.0,0.0,0.0,0.0,0.0,0.0,1.0,1.0,1.0,0.0,0.0,0.0,0.0,0.0,1.0,1.0,1.0,0.0,1.0,1.0,0.0,0.0,1.0,1.0,5.0,40.0,5.0,34.399456665042564,Medium
161435,Chak Kajiolia Urf Khojapur,1155,176,195,579,0,92.99,12.420690396816862,0.1688311688311688,0.5012987012987012,0.0,0.0,0.0,0.0,0.0,0.0,1.0,1.0,1.0,1.0,0.0,0.0,0.0,0.0,0.0,0.0,0.0,0.0,1.0,0.0,0.0,0.0,1.0,1.0,6.0,41.0,6.0,43.08216390326036,Medium
161436,Saray Smael Urf Madhpur,228,33,39,52,0,35.65,6.395511921458626,0.1710526315789473,0.2280701754385964,0.0,0.0,0.0,0.0,0.0,0.0,1.0,1.0,1.0,1.0,0.0,0.0,0.0,0.0,0.0,0.0,0.0,0.0,1.0,0.0,0.0,0.0,0.0,0.0,7.0,42.0,7.0,41.53491149458816,Medium
161437,Rajapur May Kajioliya,89,4,15,0,0,16.9,5.266272189349113,0.1685393258426966,0.0,0.0,0.0,0.0,0.0,0.0,0.0,0.0,0.0,1.0,0.0,0.0,0.0,1.0,0.0,0.0,0.0,0.0,0.0,1.0,0.0,0.0,0.0,0.0,0.0,5.0,40.0,5.0,56.93939408851261,Medium
161438,Khwajgipatti Urf Belahabandh,1609,256,252,238,0,119.87,13.422874781012764,0.1566190180236171,0.1479179614667495,0.0,0.0,0.0,0.0,0.0,0.0,1.0,1.0,1.0,1.0,1.0,0.0,0.0,0.0,1.0,1.0,1.0,0.0,1.0,0.0,0.0,1.0,1.0,1.0,5.0,40.0,5.0,35.99010522279528,Medium
161439,Atamadpur Urf Mishrapur,1185,191,186,211,0,101.17,11.71295838687358,0.1569620253164557,0.1780590717299578,0.0,0.0,0.0,0.0,0.0,0.0,0.0,1.0,0.0,0.0,0.0,0.0,1.0,0.0,0.0,0.0,1.0,1.0,0.0,0.0,0.0,0.0,1.0,1.0,7.0,43.0,43.0,47.747456373389454,Medium
161440,Gagawr,1304,210,243,392,0,55.52,23.487031700288185,0.1863496932515337,0.3006134969325153,0.0,0.0,0.0,0.0,0.0,0.0,1.0,1.0,1.0,0.0,0.0,0.0,1.0,0.0,0.0,0.0,0.0,1.0,1.0,1.0,0.0,0.0,1.0,1.0,31.0,35.0,3.0,45.55933848813535,Medium
161441,Gagoor,1703,275,271,443,0,138.72,12.276528258362168,0.1591309453904874,0.2601291837933059,0.0,0.0,0.0,0.0,0.0,0.0,1.0,1.0,1.0,1.0,1.0,0.0,0.0,0.0,0.0,0.0,0.0,0.0,1.0,0.0,0.0,1.0,1.0,0.0,3.0,35.0,3.0,41.57938170550705,Medium
161442,Sawdih,6233,983,1119,1740,0,587.47,10.609903484433246,0.1795283170223006,0.2791593133322637,0.0,0.0,0.0,0.0,0.0,0.0,1.0,1.0,1.0,1.0,1.0,0.0,0.0,1.0,1.0,1.0,1.0,0.0,1.0,1.0,0.0,1.0,1.0,1.0,3.0,35.0,3.0,34.71792235535543,Medium
161443,Chak Kashim Urf Phoolpur Bahar,705,125,127,220,0,23.25,30.32258064516129,0.1801418439716312,0.3120567375886525,0.0,0.0,0.0,0.0,0.0,0.0,1.0,1.0,1.0,0.0,0.0,0.0,1.0,0.0,0.0,0.0,1.0,1.0,1.0,1.0,0.0,0.0,1.0,1.0,1.0,33.0,1.0,40.71139508296472,Medium
161444,Saray Manohar Urf Barjibara,644,86,131,10,0,83.57,7.706114634438195,0.2034161490683229,0.015527950310559,0.0,0.0,0.0,0.0,0.0,0.0,0.0,1.0,1.0,1.0,0.0,0.0,1.0,0.0,1.0,1.0,1.0,0.0,1.0,1.0,0.0,1.0,0.0,1.0,3.0,40.0,5.0,47.3303308457155,Medium
161445,Boodae,3864,621,765,1056,0,477.46,8.092824529803543,0.1979813664596273,0.2732919254658385,0.0,0.0,0.0,0.0,0.0,0.0,1.0,1.0,1.0,1.0,0.0,0.0,0.0,0.0,0.0,0.0,1.0,1.0,1.0,1.0,0.0,1.0,1.0,1.0,3.0,38.0,38.0,30.13867531315485,Low
161446,Chak Alabksh Gair Awad,0,0,0,0,0,26.57,0.0,,,,,,,,,,,,,,,,,,,,,,,,,,,2.0,38.0,5.0,45.0,Medium
161447,Chak Abusaed Urf Pooremiya,520,84,144,118,0,210.177,2.4741051589850462,0.2769230769230769,0.2269230769230769,0.0,0.0,0.0,0.0,0.0,0.0,0.0,1.0,0.0,1.0,1.0,0.0,1.0,0.0,0.0,0.0,1.0,1.0,1.0,1.0,0.0,1.0,1.0,1.0,2.0,35.0,35.0,48.710708874447405,Medium
161448,Parasinpur,1506,255,225,741,0,131.87,11.42033821187533,0.149402390438247,0.4920318725099601,0.0,0.0,0.0,0.0,0.0,0.0,1.0,1.0,1.0,0.0,,0.0,0.0,0.0,0.0,0.0,1.0,1.0,1.0,1.0,0.0,0.0,1.0,1.0,3.0,38.0,38.0,29.91183220413112,Low
161449,Chak Mohamd Urf Pooresood,1782,273,302,401,0,189.3,9.41362916006339,0.1694725028058361,0.2250280583613917,0.0,0.0,0.0,0.0,0.0,0.0,0.0,1.0,1.0,1.0,0.0,0.0,1.0,0.0,1.0,1.0,1.0,1.0,1.0,1.0,0.0,1.0,1.0,1.0,3.0,40.0,3.0,42.429734520104,Medium
161450,Rampur Maya Keshawrampur Urf M,609,102,110,185,0,127.14,4.7899952807928265,0.180623973727422,0.3037766830870279,0.0,0.0,0.0,0.0,0.0,0.0,0.0,1.0,0.0,0.0,0.0,0.0,1.0,0.0,0.0,0.0,1.0,0.0,1.0,1.0,0.0,1.0,1.0,1.0,3.0,40.0,5.0,51.301232566580815,Medium
161451,Saray Ghurdas Urf Mahajudwa,2361,352,354,573,0,179.32,13.166406424269464,0.1499364675984752,0.2426937738246505,0.0,0.0,0.0,0.0,0.0,0.0,0.0,1.0,0.0,0.0,0.0,0.0,1.0,0.0,1.0,1.0,1.0,1.0,1.0,1.0,0.0,1.0,1.0,1.0,4.0,41.0,5.0,45.41962853105559,Medium
161452,Bhanewara,1660,254,219,154,0,102.78,16.15100214049426,0.1319277108433734,0.0927710843373494,0.0,0.0,0.0,0.0,0.0,0.0,0.0,1.0,0.0,1.0,1.0,0.0,0.0,0.0,0.0,0.0,1.0,1.0,1.0,1.0,0.0,1.0,1.0,1.0,10.0,40.0,40.0,34.25247812605831,Medium
161453,Saray Kutubddin Urf Shekhpur J,1611,244,257,235,0,66.04,24.39430648092065,0.159528243327126,0.1458721291123526,0.0,0.0,0.0,0.0,0.0,0.0,0.0,1.0,0.0,0.0,0.0,0.0,0.0,1.0,1.0,1.0,1.0,1.0,1.0,0.0,0.0,1.0,1.0,1.0,7.0,38.0,8.0,38.18496170440965,Medium
161454,Kasarawe May Chakoliya,1161,169,183,303,0,108.26,10.724182523554406,0.1576227390180878,0.2609819121447028,0.0,0.0,0.0,0.0,0.0,0.0,0.0,1.0,1.0,0.0,0.0,0.0,1.0,0.0,1.0,1.0,1.0,1.0,1.0,0.0,0.0,0.0,1.0,1.0,6.0,36.0,36.0,44.80790046490379,Medium
161455,Chaq Kutubujjama Urf Jalalpur,688,100,110,364,0,57.17,12.034283715235263,0.1598837209302325,0.5290697674418605,0.0,0.0,0.0,0.0,0.0,0.0,0.0,1.0,1.0,0.0,0.0,0.0,0.0,0.0,0.0,0.0,1.0,0.0,1.0,0.0,0.0,0.0,0.0,1.0,8.0,38.0,8.0,41.27004019509063,Medium
161456,Chak Miya Urf Chakesha(Gairaba,0,0,0,0,0,6.24,0.0,,,,,,,,,,,,,,,,,,,,,,,,,,,5.0,38.0,,45.0,Medium
161457,Chaq Dostmohammad Urfmohammadp,0,0,0,0,0,43.09,0.0,,,,,,,,,,,,,,,,,,,,,,,,,,,7.0,33.0,,45.0,Medium
161458,Balkranpur Mai Kasrawe,1876,272,252,440,0,86.07,21.796212385267808,0.1343283582089552,0.2345415778251599,0.0,0.0,0.0,0.0,0.0,0.0,0.0,1.0,1.0,0.0,0.0,0.0,1.0,0.0,0.0,1.0,1.0,1.0,1.0,0.0,0.0,1.0,1.0,1.0,7.0,37.0,7.0,44.43214615505859,Medium
161459,Shrai Shekhpeer Urf Salmapur,2964,417,448,516,0,93.26,31.782114518550287,0.1511470985155195,0.1740890688259109,0.0,0.0,0.0,0.0,0.0,0.0,0.0,1.0,0.0,0.0,1.0,0.0,1.0,0.0,0.0,1.0,1.0,0.0,1.0,0.0,0.0,1.0,1.0,1.0,7.0,37.0,37.0,53.37839666874845,Medium
161460,Makhdoompur,566,65,105,91,0,28.07,20.16387602422515,0.1855123674911661,0.1607773851590106,0.0,0.0,0.0,0.0,0.0,0.0,0.0,1.0,0.0,0.0,1.0,0.0,1.0,0.0,0.0,1.0,1.0,1.0,1.0,0.0,0.0,0.0,1.0,0.0,7.0,35.0,35.0,48.86505758672043,Medium
161461,Saraisultan Urf Alipur,661,104,100,190,0,12.36,53.4789644012945,0.151285930408472,0.2874432677760968,0.0,0.0,0.0,0.0,,,1.0,1.0,1.0,1.0,1.0,0.0,0.0,0.0,0.0,0.0,1.0,1.0,1.0,0.0,0.0,0.0,1.0,1.0,7.0,37.0,7.0,33.17483438150576,Medium
161462,Shivgarh,653,99,106,244,0,61.02,10.701409373975745,0.1623277182235834,0.3736600306278713,0.0,0.0,0.0,0.0,0.0,0.0,0.0,1.0,0.0,0.0,0.0,0.0,1.0,0.0,0.0,1.0,1.0,1.0,1.0,0.0,0.0,0.0,1.0,1.0,8.0,38.0,38.0,48.844837341246034,Medium
161463,Shahapur,1404,246,238,544,0,139.2,10.086206896551724,0.1695156695156695,0.3874643874643874,0.0,0.0,0.0,0.0,0.0,0.0,0.0,1.0,0.0,0.0,0.0,0.0,1.0,0.0,0.0,0.0,1.0,1.0,1.0,1.0,0.0,0.0,1.0,1.0,5.0,40.0,5.0,46.60420070956045,Medium
161464,Hemapur,1639,224,300,342,0,172.16,9.52021375464684,0.1830384380719951,0.2086638194020744,0.0,0.0,0.0,0.0,0.0,0.0,0.0,1.0,0.0,1.0,0.0,0.0,1.0,0.0,0.0,0.0,1.0,1.0,1.0,1.0,0.0,1.0,1.0,1.0,5.0,40.0,5.0,46.09260744548709,Medium
161465,Shefkhanpur Mai Chaqsalik,2284,350,356,193,0,144.38,15.819365563097383,0.1558669001751313,0.0845008756567425,0.0,0.0,0.0,0.0,0.0,0.0,,1.0,,,,0.0,1.0,0.0,0.0,0.0,1.0,0.0,1.0,0.0,0.0,1.0,1.0,1.0,3.0,38.0,38.0,52.41566595885612,Medium
161466,Korapur,2438,386,414,725,1,113.1,21.556145004420863,0.1698113207547169,0.2973748974569319,0.0004101722723543,0.0,0.0,0.0,0.0,0.0,1.0,1.0,1.0,1.0,1.0,0.0,0.0,0.0,0.0,0.0,1.0,0.0,1.0,0.0,0.0,1.0,1.0,0.0,3.0,35.0,3.0,37.47739070173933,Medium
161467,Chorhae,331,54,32,71,0,29.0,11.413793103448276,0.0966767371601208,0.2145015105740181,0.0,0.0,0.0,0.0,0.0,0.0,1.0,1.0,0.0,0.0,0.0,0.0,0.0,0.0,0.0,0.0,1.0,0.0,1.0,0.0,0.0,0.0,0.0,1.0,3.0,35.0,3.0,37.775474996404256,Medium
161468,Malkapur,876,135,127,201,0,41.61,21.05263157894737,0.1449771689497717,0.2294520547945205,0.0,0.0,0.0,0.0,0.0,0.0,1.0,1.0,0.0,0.0,1.0,0.0,0.0,0.0,0.0,0.0,1.0,0.0,1.0,0.0,0.0,1.0,1.0,0.0,3.0,35.0,3.0,39.69558702634888,Medium
161469,Saraikhowaja Klan,200,34,40,0,0,21.01,9.51927653498334,0.2,0.0,0.0,0.0,0.0,0.0,0.0,0.0,1.0,1.0,0.0,0.0,0.0,0.0,0.0,0.0,0.0,0.0,1.0,0.0,1.0,0.0,0.0,0.0,0.0,0.0,2.0,34.0,2.0,39.72476333477184,Medium
161470,Dariyapur,985,142,135,110,0,91.75,10.735694822888284,0.1370558375634517,0.1116751269035533,0.0,0.0,0.0,0.0,0.0,0.0,1.0,1.0,0.0,1.0,1.0,0.0,0.0,0.0,0.0,0.0,0.0,0.0,1.0,0.0,0.0,1.0,1.0,0.0,2.0,35.0,3.0,43.444832877603126,Medium
161471,Lilhat,1163,190,153,251,0,90.46,12.85651116515587,0.1315563198624247,0.2158211521926053,0.0,0.0,0.0,0.0,0.0,0.0,1.0,1.0,1.0,0.0,0.0,0.0,1.0,0.0,1.0,1.0,1.0,1.0,1.0,1.0,0.0,1.0,1.0,1.0,2.0,34.0,2.0,38.05445151735143,Medium
161472,Sarai Abhaichand Urf Chandauki,1522,244,160,156,0,328.93,4.627124312163682,0.1051248357424441,0.102496714848883,0.0,0.0,0.0,0.0,0.0,0.0,1.0,1.0,1.0,0.0,1.0,0.0,1.0,0.0,0.0,0.0,1.0,1.0,1.0,1.0,0.0,0.0,1.0,1.0,6.0,32.0,32.0,36.35649471027902,Medium
161473,Tisaura,1952,285,291,335,0,244.81,7.973530493035415,0.149077868852459,0.1716188524590164,0.0,0.0,0.0,0.0,0.0,0.0,0.0,1.0,1.0,1.0,1.0,0.0,0.0,0.0,0.0,0.0,1.0,1.0,1.0,1.0,0.0,1.0,1.0,1.0,5.0,33.0,33.0,31.49163301565248,Low
161474,Dhokari,2614,391,327,716,0,267.86,9.758829239154782,0.1250956388676358,0.2739097169089518,0.0,0.0,0.0,0.0,0.0,0.0,,1.0,,,,0.0,1.0,0.0,0.0,0.0,1.0,0.0,1.0,0.0,0.0,1.0,1.0,1.0,2.0,38.0,38.0,52.190364759195305,Medium
161475,Kutubpatti Urf Ahiapur,2051,319,359,386,0,124.54,16.4686044644291,0.1750365675280351,0.1882008776206728,0.0,0.0,0.0,0.0,0.0,0.0,,1.0,,,,0.0,1.0,0.0,0.0,0.0,1.0,0.0,1.0,1.0,0.0,1.0,1.0,1.0,2.0,38.0,38.0,51.03595251217071,Medium
161476,Sarai Lili Urf Khojapur,2338,383,345,926,0,155.27,15.057641527661492,0.1475620188195038,0.3960650128314799,0.0,0.0,0.0,0.0,0.0,0.0,1.0,1.0,1.0,1.0,1.0,0.0,0.0,0.0,1.0,1.0,1.0,1.0,1.0,1.0,0.0,1.0,1.0,1.0,1.0,34.0,34.0,29.526351657082227,Low
161477,Firojpur Urf Shekhpur,1908,331,301,576,0,141.99,13.437566025776462,0.1577568134171907,0.3018867924528302,0.0,0.0,0.0,0.0,0.0,0.0,1.0,1.0,1.0,1.0,1.0,1.0,0.0,0.0,1.0,1.0,1.0,1.0,1.0,1.0,0.0,1.0,1.0,1.0,0.5,33.0,33.0,29.294687339428283,Low
161478,Beer Kaji,4662,776,673,1353,0,947.04,4.922706538266599,0.1443586443586443,0.2902187902187902,0.0,0.0,0.0,0.0,0.0,0.0,0.0,1.0,0.0,0.0,1.0,0.0,1.0,0.0,1.0,1.0,1.0,1.0,1.0,1.0,0.0,1.0,1.0,1.0,2.0,35.0,35.0,45.15094027114359,Medium
161479,Chaq Abdul Krim Urf Pure Mulai,2173,348,308,224,0,123.53,17.590868614911358,0.1417395306028532,0.1030832949838932,0.0,0.0,0.0,0.0,0.0,0.0,0.0,1.0,0.0,0.0,1.0,0.0,0.0,1.0,1.0,1.0,1.0,1.0,1.0,1.0,0.0,1.0,1.0,1.0,5.0,32.0,32.0,34.657600680718225,Medium
161480,Jaferpur Urf Babuganj,2240,339,355,187,0,73.24,30.584380120152925,0.1584821428571428,0.0834821428571428,0.0,0.0,0.0,0.0,0.0,0.0,0.0,1.0,1.0,0.0,1.0,0.0,0.0,1.0,1.0,1.0,1.0,1.0,1.0,1.0,1.0,1.0,1.0,1.0,5.0,32.0,32.0,29.762829530745915,Low
161481,Kanauja Kla,1009,172,159,181,0,66.4,15.19578313253012,0.1575817641228939,0.1793855302279484,0.0,0.0,0.0,0.0,0.0,0.0,0.0,1.0,0.0,0.0,1.0,0.0,0.0,1.0,1.0,1.0,1.0,1.0,1.0,0.0,0.0,1.0,1.0,0.0,5.0,28.0,28.0,37.91589361417358,Medium
161482,Chaqpeer Mohammd,29,5,4,0,0,12.83,2.260327357755261,0.1379310344827586,0.0,0.0,0.0,0.0,0.0,0.0,0.0,0.0,1.0,0.0,0.0,0.0,0.0,1.0,0.0,1.0,1.0,1.0,1.0,1.0,1.0,0.0,0.0,0.0,0.0,9.0,28.0,28.0,43.39754173294072,Medium
161483,Chintamanpur,572,92,77,45,0,80.32,7.121513944223108,0.1346153846153846,0.0786713286713286,0.0,0.0,0.0,0.0,0.0,0.0,0.0,1.0,1.0,1.0,1.0,0.0,1.0,0.0,0.0,0.0,0.0,1.0,1.0,1.0,0.0,1.0,1.0,1.0,9.0,29.0,29.0,45.55798618627251,Medium
161484,Chitraha,653,96,118,139,0,92.27,7.077056464723095,0.1807044410413476,0.2128637059724349,0.0,0.0,0.0,0.0,0.0,0.0,0.0,1.0,0.0,0.0,1.0,0.0,1.0,0.0,0.0,0.0,0.0,1.0,1.0,0.0,0.0,0.0,0.0,1.0,10.0,30.0,30.0,53.44312501970791,Medium
161485,Pooranpur,577,90,110,106,0,54.07,10.671351951174405,0.1906412478336221,0.1837088388214904,0.0,0.0,0.0,0.0,0.0,0.0,0.0,1.0,0.0,0.0,1.0,0.0,1.0,0.0,0.0,1.0,1.0,1.0,1.0,0.0,0.0,0.0,1.0,1.0,10.0,30.0,30.0,48.74325131765615,Medium
161486,Benipur,434,74,63,33,0,38.25,11.34640522875817,0.1451612903225806,0.076036866359447,0.0,0.0,0.0,0.0,0.0,0.0,0.0,1.0,0.0,0.0,1.0,0.0,1.0,0.0,0.0,1.0,1.0,1.0,1.0,0.0,0.0,0.0,0.0,1.0,10.0,30.0,30.0,46.86825073288861,Medium
161487,Udaepur,1516,200,278,276,0,182.6,8.302300109529025,0.183377308707124,0.1820580474934037,0.0,0.0,0.0,0.0,0.0,0.0,0.0,1.0,0.0,1.0,0.0,0.0,1.0,0.0,0.0,0.0,1.0,1.0,1.0,1.0,0.0,1.0,1.0,1.0,5.0,38.0,5.0,45.91966443491526,Medium
161488,Patulki,3292,505,603,592,0,598.82,5.4974783741358,0.1831713244228432,0.1798298906439854,0.0,0.0,0.0,0.0,0.0,0.0,1.0,1.0,0.0,1.0,1.0,0.0,1.0,0.0,1.0,1.0,1.0,1.0,1.0,0.0,0.0,1.0,1.0,1.0,8.0,28.0,28.0,44.95367729976604,Medium
161489,Narayanpur,659,84,92,76,0,86.03,7.660118563291875,0.1396054628224582,0.1153262518968133,0.0,0.0,0.0,0.0,0.0,0.0,0.0,1.0,1.0,0.0,1.0,0.0,1.0,0.0,1.0,1.0,1.0,1.0,1.0,1.0,0.0,0.0,0.0,0.0,9.0,28.0,9.0,40.91311042062825,Medium
161490,Beerbhanpur,1959,296,291,487,0,195.08,10.042034037318023,0.1485451761102603,0.2485962225625319,0.0,0.0,0.0,0.0,0.0,2.0,0.0,1.0,1.0,1.0,0.0,0.0,1.0,0.0,1.0,1.0,1.0,1.0,1.0,1.0,0.0,1.0,1.0,1.0,8.0,29.0,29.0,35.27892870721268,Medium
161491,Silokhra,2532,389,422,635,0,171.55,14.759545322063538,0.1666666666666666,0.2507898894154818,0.0,0.0,0.0,0.0,0.0,0.0,0.0,1.0,1.0,0.0,1.0,0.0,1.0,0.0,1.0,1.0,1.0,1.0,1.0,1.0,0.0,1.0,1.0,1.0,10.0,28.0,28.0,42.69419117575101,Medium
161492,Dayalpur,731,131,106,207,0,80.34,9.09882997261638,0.1450068399452804,0.2831737346101231,0.0,0.0,0.0,0.0,0.0,0.0,0.0,1.0,1.0,0.0,0.0,0.0,1.0,0.0,1.0,1.0,1.0,1.0,1.0,1.0,0.0,0.0,1.0,1.0,12.0,26.0,26.0,41.97354856056717,Medium
161493,Tulsipatti,507,84,95,246,0,35.21,14.399318375461515,0.1873767258382643,0.4852071005917159,0.0,0.0,0.0,0.0,0.0,0.0,0.0,1.0,1.0,0.0,1.0,0.0,1.0,0.0,1.0,1.0,1.0,1.0,1.0,1.0,0.0,0.0,0.0,0.0,12.0,26.0,26.0,44.472766575004606,Medium
161494,Basaudha,953,131,127,78,0,155.53,6.127435221500675,0.1332633788037775,0.0818467995802728,0.0,0.0,0.0,0.0,0.0,0.0,0.0,1.0,1.0,0.0,0.0,0.0,1.0,0.0,0.0,0.0,0.0,1.0,1.0,1.0,0.0,1.0,1.0,1.0,13.0,26.0,26.0,45.49242712609136,Medium
161495,Tardeeh,5691,866,806,1558,0,658.22,8.646045395156634,0.1416271305570198,0.2737655947988051,0.0,0.0,0.0,0.0,0.0,0.0,1.0,1.0,1.0,0.0,1.0,0.0,0.0,0.0,0.0,0.0,1.0,1.0,0.0,1.0,0.0,1.0,1.0,1.0,10.0,25.0,25.0,28.47316487073637,Low
161496,Kanehti,3954,667,625,698,0,352.66,11.211932172630862,0.1580677794638341,0.1765300961052099,0.0,0.0,1.0,,0.0,0.0,1.0,1.0,1.0,1.0,1.0,0.0,1.0,0.0,0.0,0.0,1.0,1.0,1.0,1.0,0.0,1.0,1.0,1.0,7.0,28.0,28.0,35.2523820612175,Medium
161497,Manethu,1697,267,239,321,0,165.1,10.2786190187765,0.1408367707719505,0.1891573364761343,0.0,0.0,0.0,0.0,0.0,0.0,1.0,1.0,1.0,1.0,1.0,0.0,0.0,0.0,0.0,0.0,1.0,0.0,1.0,0.0,0.0,1.0,0.0,1.0,10.0,27.0,27.0,35.59354375854913,Medium
161498,Girdherpur,797,134,137,452,0,8.38,95.10739856801908,0.1718946047678795,0.5671267252195734,0.0,0.0,0.0,0.0,0.0,0.0,0.0,1.0,0.0,0.0,1.0,0.0,0.0,0.0,0.0,1.0,1.0,1.0,1.0,0.0,0.0,0.0,1.0,1.0,5.0,28.0,28.0,43.56992819187951,Medium
161499,Fazilapur,509,65,75,28,0,28.12,18.10099573257468,0.1473477406679764,0.0550098231827112,0.0,0.0,0.0,0.0,0.0,0.0,0.0,1.0,0.0,0.0,,0.0,0.0,0.0,0.0,0.0,1.0,1.0,1.0,1.0,0.0,0.0,1.0,1.0,8.0,28.0,28.0,34.60645590875101,Medium
161500,Mansi Bujurg,160,23,17,80,0,16.16,9.9009900990099,0.10625,0.5,0.0,0.0,0.0,0.0,0.0,0.0,0.0,1.0,1.0,0.0,0.0,0.0,0.0,0.0,0.0,0.0,0.0,1.0,1.0,1.0,1.0,1.0,1.0,1.0,5.0,27.0,27.0,34.42795929027507,Medium
161501,Pali,2323,324,331,821,0,166.19,13.977977014260786,0.1424881618596642,0.3534222987516143,0.0,0.0,0.0,,0.0,0.0,0.0,1.0,1.0,0.0,0.0,0.0,0.0,1.0,1.0,1.0,1.0,1.0,1.0,1.0,0.0,1.0,1.0,1.0,5.0,28.0,28.0,32.44986020695342,Low
161502,Sarai Gopi Urf Jhanjhari,705,92,134,205,0,63.92,11.029411764705882,0.1900709219858156,0.2907801418439716,0.0,0.0,0.0,0.0,0.0,0.0,0.0,1.0,1.0,0.0,1.0,0.0,0.0,0.0,0.0,1.0,1.0,1.0,1.0,1.0,0.0,0.0,1.0,1.0,7.0,29.0,29.0,33.4428880438679,Medium
161503,Bigahiya,1181,168,171,98,0,103.96,11.360138514813393,0.1447925486875529,0.0829805249788315,0.0,0.0,0.0,0.0,0.0,0.0,1.0,1.0,0.0,0.0,0.0,0.0,0.0,0.0,0.0,0.0,1.0,0.0,1.0,0.0,0.0,0.0,0.0,1.0,10.0,27.0,27.0,38.55913815250132,Medium
161504,Umari Maitatehra,2390,348,333,0,0,96.19,24.846657656721074,0.1393305439330543,0.0,0.0,0.0,0.0,0.0,0.0,0.0,1.0,1.0,1.0,0.0,1.0,0.0,0.0,0.0,0.0,0.0,1.0,0.0,1.0,0.0,0.0,1.0,0.0,1.0,10.0,27.0,27.0,35.20160396479655,Medium
161505,Umer Pur,832,130,126,5,0,51.58,16.130283055447848,0.1514423076923076,0.0060096153846153,0.0,0.0,0.0,0.0,0.0,0.0,1.0,1.0,0.0,0.0,0.0,0.0,0.0,0.0,0.0,0.0,1.0,0.0,1.0,0.0,0.0,0.0,0.0,1.0,10.0,27.0,27.0,38.56992339041935,Medium
161506,Belwa,2849,488,424,877,0,319.41,8.919570458031997,0.1488241488241488,0.3078273078273078,0.0,0.0,0.0,0.0,0.0,0.0,1.0,1.0,0.0,1.0,1.0,0.0,0.0,0.0,0.0,0.0,1.0,0.0,1.0,0.0,0.0,1.0,0.0,1.0,10.0,27.0,27.0,39.70396459167612,Medium
161507,Jagdev Urf Barethi,885,178,111,132,0,104.05,8.505526189332052,0.1254237288135593,0.1491525423728813,0.0,0.0,0.0,0.0,0.0,0.0,0.0,1.0,0.0,0.0,1.0,0.0,0.0,0.0,0.0,0.0,1.0,0.0,1.0,0.0,0.0,1.0,0.0,1.0,12.0,27.0,27.0,41.52488611233945,Medium
161508,Roodapur,1884,284,284,400,0,184.64,10.20363951473137,0.1507430997876857,0.2123142250530785,0.0,0.0,0.0,0.0,0.0,0.0,0.0,1.0,1.0,0.0,0.0,0.0,1.0,1.0,1.0,1.0,1.0,0.0,0.0,1.0,0.0,0.0,1.0,1.0,16.0,16.0,16.0,46.83676826890337,Medium
161509,Chaq Mali,502,67,96,99,0,33.45,15.00747384155456,0.1912350597609561,0.197211155378486,0.0,0.0,0.0,0.0,0.0,0.0,0.0,1.0,1.0,1.0,1.0,0.0,0.0,1.0,1.0,1.0,1.0,1.0,1.0,1.0,0.0,1.0,1.0,0.0,7.0,27.0,27.0,33.17354405010556,Medium
161510,Mansi Khurd,659,105,117,149,0,48.24,13.660862354892204,0.1775417298937784,0.2261001517450682,0.0,0.0,0.0,0.0,0.0,0.0,0.0,1.0,1.0,0.0,1.0,0.0,0.0,1.0,1.0,1.0,0.0,1.0,1.0,0.0,0.0,0.0,0.0,0.0,5.0,28.0,28.0,40.35181684641939,Medium
161511,Devnahri,1066,139,141,302,0,96.7,11.023784901758017,0.1322701688555347,0.2833020637898686,0.0,0.0,0.0,0.0,0.0,0.0,0.0,1.0,1.0,,,0.0,1.0,1.0,1.0,0.0,1.0,1.0,1.0,1.0,0.0,0.0,1.0,1.0,14.0,18.0,18.0,41.67124368465077,Medium
161512,Ram Nath Patti,584,99,62,101,0,18.59,31.4147391070468,0.1061643835616438,0.172945205479452,0.0,0.0,0.0,0.0,0.0,0.0,0.0,1.0,1.0,0.0,0.0,0.0,1.0,1.0,1.0,0.0,1.0,0.0,0.0,0.0,0.0,0.0,1.0,1.0,12.0,16.0,16.0,48.67475619540407,Medium
161513,Semari,1184,180,194,481,0,121.31,9.760118704146402,0.1638513513513513,0.40625,0.0,0.0,0.0,0.0,0.0,0.0,0.0,1.0,1.0,0.0,0.0,0.0,1.0,1.0,1.0,0.0,1.0,0.0,0.0,0.0,0.0,0.0,1.0,1.0,12.0,16.0,16.0,50.68145723827021,Medium
161514,Khudaypur Kasganw,474,67,51,13,0,67.48,7.024303497332543,0.1075949367088607,0.0274261603375527,0.0,0.0,0.0,0.0,0.0,0.0,0.0,1.0,0.0,1.0,1.0,0.0,1.0,1.0,1.0,1.0,0.0,1.0,1.0,1.0,0.0,0.0,1.0,1.0,11.0,23.0,23.0,47.82048297422352,Medium
161515,Thanapur,1161,165,139,124,0,194.0,5.984536082474227,0.119724375538329,0.1068044788975021,0.0,0.0,0.0,0.0,0.0,0.0,0.0,1.0,1.0,1.0,0.0,0.0,0.0,1.0,1.0,0.0,1.0,0.0,0.0,1.0,0.0,0.0,1.0,1.0,12.0,16.0,16.0,35.205169451893106,Medium
161516,Chilauri,991,140,168,181,0,227.14,4.3629479616095805,0.1695257315842583,0.1826437941473259,0.0,0.0,0.0,0.0,0.0,0.0,0.0,1.0,0.0,1.0,0.0,0.0,0.0,1.0,1.0,1.0,0.0,0.0,1.0,1.0,0.0,0.0,1.0,1.0,6.0,28.0,10.0,45.34506079069073,Medium
161517,Narae,1277,192,236,238,0,100.89,12.657349588660916,0.1848081440877055,0.1863743148003132,0.0,0.0,0.0,,0.0,0.0,0.0,1.0,0.0,0.0,1.0,0.0,0.0,0.0,0.0,1.0,0.0,1.0,1.0,1.0,0.0,0.0,1.0,1.0,6.0,30.0,6.0,41.16324925522599,Medium
161518,Aata,1571,280,260,137,0,53.51,29.35899831807139,0.1654996817313813,0.0872056015276893,0.0,0.0,0.0,,0.0,0.0,0.0,1.0,0.0,0.0,0.0,0.0,1.0,0.0,0.0,0.0,1.0,1.0,0.0,0.0,0.0,1.0,1.0,1.0,6.0,30.0,6.0,48.2749189650412,Medium
161519,Kanauja Khurd,1319,226,219,355,0,121.35,10.869386073341577,0.1660348749052312,0.2691432903714935,0.0,0.0,0.0,,0.0,0.0,0.0,1.0,0.0,0.0,1.0,0.0,1.0,0.0,1.0,0.0,1.0,0.0,1.0,1.0,0.0,1.0,1.0,1.0,6.0,30.0,6.0,50.94037549553537,Medium
161520,Chilaura,3658,557,598,928,0,465.16,7.863960787685957,0.1634773100054674,0.2536905412793876,0.0,,0.0,0.0,0.0,0.0,0.0,1.0,1.0,1.0,1.0,1.0,1.0,0.0,1.0,0.0,1.0,1.0,1.0,1.0,1.0,0.0,1.0,0.0,10.0,30.0,10.0,39.82946921855922,Medium
161521,Chaq Husaina Urf Chor Kariya,1334,211,251,83,0,94.04,14.185452998723946,0.1881559220389805,0.0622188905547226,0.0,0.0,0.0,0.0,0.0,0.0,1.0,1.0,0.0,1.0,1.0,0.0,0.0,0.0,1.0,1.0,1.0,1.0,1.0,0.0,0.0,0.0,1.0,1.0,8.0,28.0,28.0,34.872407326078864,Medium
161522,Sarai Husena,1260,190,214,263,0,102.99,12.234197494902418,0.1698412698412698,0.2087301587301587,0.0,0.0,0.0,0.0,0.0,0.0,1.0,1.0,0.0,1.0,1.0,0.0,0.0,0.0,1.0,1.0,1.0,1.0,1.0,0.0,0.0,1.0,1.0,1.0,8.0,28.0,26.0,34.975289017837376,Medium
161523,Khudaypur,3336,481,549,1082,0,243.31,13.71090378529448,0.164568345323741,0.3243405275779376,0.0,0.0,0.0,0.0,0.0,0.0,0.0,1.0,1.0,1.0,1.0,1.0,0.0,1.0,1.0,1.0,1.0,1.0,1.0,1.0,0.0,1.0,1.0,1.0,10.0,27.0,27.0,32.955874878171784,Low
161524,Manapur Urf Bagae Kla,2590,417,349,904,0,238.08,10.87869623655914,0.1347490347490347,0.349034749034749,0.0,0.0,0.0,0.0,0.0,0.0,1.0,1.0,0.0,0.0,1.0,0.0,0.0,0.0,0.0,0.0,1.0,1.0,1.0,1.0,0.0,1.0,0.0,1.0,14.0,30.0,30.0,32.06830708215247,Low
161525,Badnama,524,96,30,213,0,37.42,14.003206841261356,0.0572519083969465,0.4064885496183206,0.0,0.0,0.0,0.0,0.0,0.0,1.0,1.0,0.0,0.0,1.0,,,0.0,0.0,0.0,1.0,1.0,1.0,0.0,0.0,0.0,0.0,0.0,14.0,30.0,30.0,32.65914130086899,Low
161526,Bagae Khurd,3467,606,557,1099,0,286.33,12.10840638424196,0.1606576290741274,0.3169887510816268,0.0,0.0,0.0,,0.0,0.0,1.0,1.0,1.0,0.0,1.0,1.0,0.0,1.0,1.0,1.0,1.0,1.0,1.0,0.0,0.0,1.0,1.0,1.0,10.0,26.0,26.0,31.90256692779057,Low
161527,Baro,2541,345,399,381,0,201.51,12.609796039898765,0.1570247933884297,0.1499409681227863,0.0,0.0,0.0,0.0,0.0,0.0,0.0,1.0,1.0,1.0,1.0,0.0,0.0,0.0,0.0,0.0,1.0,1.0,1.0,0.0,0.0,1.0,1.0,1.0,9.0,32.0,32.0,34.312293278838126,Medium
161528,Firozpur Ta.Bharahri,558,89,81,78,0,63.18,8.831908831908832,0.1451612903225806,0.1397849462365591,0.0,,,,,,0.0,1.0,0.0,1.0,1.0,0.0,1.0,1.0,0.0,0.0,1.0,1.0,1.0,0.0,0.0,0.0,1.0,1.0,9.0,32.0,32.0,47.08359574034299,Medium
161529,Akdala,1866,266,317,15,0,71.82,25.981620718462825,0.1698821007502679,0.0080385852090032,0.0,0.0,0.0,0.0,0.0,0.0,0.0,1.0,0.0,1.0,1.0,0.0,0.0,1.0,0.0,0.0,1.0,1.0,1.0,0.0,0.0,1.0,1.0,1.0,19.0,33.0,33.0,37.87167962720775,Medium
161530,Bharahri,378,71,60,242,0,24.9,15.180722891566266,0.1587301587301587,0.6402116402116402,0.0,0.0,0.0,0.0,0.0,0.0,0.0,1.0,0.0,0.0,1.0,0.0,0.0,0.0,0.0,0.0,1.0,1.0,1.0,0.0,0.0,0.0,1.0,1.0,9.0,32.0,32.0,40.25385672939354,Medium
161531,Perwezabad,1131,167,180,107,0,83.61,13.52709006099749,0.1591511936339522,0.0946065428824049,0.0,0.0,0.0,0.0,0.0,0.0,0.0,1.0,0.0,1.0,0.0,0.0,1.0,0.0,0.0,0.0,1.0,1.0,1.0,0.0,0.0,1.0,1.0,1.0,10.0,32.0,32.0,47.47046536815504,Medium
161532,Rasulpur,885,136,124,384,0,99.65,8.881083793276467,0.1401129943502825,0.4338983050847457,0.0,0.0,0.0,0.0,0.0,0.0,0.0,1.0,0.0,1.0,1.0,0.0,1.0,0.0,0.0,0.0,1.0,1.0,1.0,0.0,0.0,0.0,1.0,1.0,10.0,32.0,32.0,48.40473571613862,Medium
161533,Chandauhan,5605,886,893,2164,0,307.39,18.234165067178505,0.159322033898305,0.3860838537020517,0.0,0.0,0.0,,0.0,0.0,1.0,1.0,1.0,0.0,1.0,,,0.0,0.0,0.0,1.0,1.0,1.0,1.0,0.0,1.0,0.0,1.0,14.0,30.0,30.0,29.95986407756228,Low
161534,Chikhari,1039,158,139,262,0,137.53,7.554715334836036,0.1337824831568816,0.2521655437921078,0.0,0.0,0.0,0.0,0.0,0.0,0.0,1.0,0.0,0.0,1.0,0.0,1.0,0.0,0.0,0.0,1.0,1.0,1.0,0.0,0.0,0.0,0.0,1.0,11.0,30.0,30.0,47.251616672055526,Medium
161535,Ibrahimpur Kachar Gair Abad,0,0,0,0,0,28.47,0.0,,,,,,,,,,,,,,,,,,,,,,,,,,,22.0,15.0,8.0,45.0,Medium
161536,Ibrahimpur Uperhar,670,106,133,226,0,66.54,10.06913134956417,0.1985074626865671,0.3373134328358209,0.0,0.0,0.0,0.0,0.0,0.0,0.0,1.0,1.0,0.0,0.0,0.0,0.0,0.0,0.0,0.0,1.0,0.0,1.0,1.0,0.0,0.0,0.0,1.0,22.0,15.0,8.0,38.88916425647205,Medium
161537,Bahadurpur Ta.Ibrahimpur,2266,347,344,614,0,203.69,11.124748392164564,0.1518093556928508,0.2709620476610768,0.0,0.0,0.0,0.0,0.0,0.0,0.0,1.0,1.0,0.0,0.0,0.0,1.0,0.0,0.0,0.0,1.0,1.0,1.0,1.0,0.0,1.0,1.0,1.0,20.0,15.0,7.0,42.19987079974874,Medium
161538,Faizullapur,1619,244,251,354,0,55.42,29.21328040418621,0.1550339715873996,0.2186534898085237,0.0,0.0,0.0,0.0,0.0,0.0,1.0,1.0,0.0,0.0,0.0,0.0,1.0,0.0,0.0,1.0,1.0,1.0,1.0,1.0,1.0,1.0,1.0,1.0,16.0,18.0,8.0,40.27886188873405,Medium
161539,Firozpur Ta. Ibrahimpur,1074,168,188,295,0,54.31,19.77536365310256,0.1750465549348231,0.2746741154562384,0.0,0.0,0.0,0.0,0.0,0.0,1.0,1.0,1.0,0.0,0.0,1.0,1.0,0.0,0.0,0.0,1.0,1.0,1.0,1.0,0.0,1.0,1.0,1.0,16.0,18.0,8.0,39.93792467429104,Medium
161540,Fatehpur Gair Abad,59,5,6,0,0,33.82,1.7445298639858071,0.1016949152542373,0.0,0.0,0.0,0.0,0.0,0.0,0.0,0.0,0.0,1.0,0.0,0.0,0.0,1.0,0.0,0.0,0.0,1.0,0.0,1.0,1.0,0.0,0.0,0.0,0.0,25.0,14.0,7.0,47.28924870671295,Medium
161541,Aklaspur Gair Abad,0,0,0,0,0,42.96,0.0,,,,,,,,,,,,,,,,,,,,,,,,,,,24.0,18.0,8.0,45.0,Medium
161542,Rasulpur Kachar Gair Abad,0,0,0,0,0,48.21,0.0,,,,,,,,,,,,,,,,,,,,,,,,,,,25.0,16.0,8.0,45.0,Medium
161543,Rasulpur Uperhar Gair Abad,37,6,10,0,0,16.13,2.2938623682579045,0.2702702702702703,0.0,0.0,0.0,0.0,0.0,0.0,0.0,0.0,1.0,0.0,0.0,0.0,0.0,1.0,0.0,0.0,0.0,0.0,0.0,1.0,1.0,0.0,0.0,0.0,0.0,25.0,15.0,7.0,57.36909775686351,Medium
161544,Chaq Jamal Gair Abad,0,0,0,0,0,17.86,0.0,,,,,,,,,,,,,,,,,,,,,,,,,,,25.0,18.0,8.0,45.0,Medium
161545,Sonauti,2167,363,356,468,0,192.72,11.244292237442922,0.1642824180895246,0.2159667743424088,0.0,0.0,0.0,0.0,0.0,0.0,0.0,1.0,1.0,0.0,0.0,0.0,0.0,0.0,0.0,0.0,1.0,1.0,1.0,1.0,0.0,1.0,1.0,1.0,25.0,13.0,6.0,32.30400191469857,Low
161546,Badra,1415,269,294,465,0,140.62,10.062580002844545,0.207773851590106,0.3286219081272085,0.0,0.0,0.0,0.0,0.0,0.0,1.0,1.0,1.0,0.0,0.0,0.0,0.0,0.0,0.0,1.0,1.0,1.0,1.0,1.0,0.0,1.0,1.0,1.0,25.0,10.0,2.0,30.790095577148268,Low
161547,Aswan Mazra Soni,0,0,0,0,0,9.42,0.0,,,,,,,,,,,,,,,,,,,,,,,,,,,24.0,11.0,5.0,45.0,Medium
161548,Chaq Fatma Jaminsher Deeh,740,135,98,219,0,39.04,18.954918032786885,0.1324324324324324,0.2959459459459459,0.0,0.0,0.0,0.0,0.0,0.0,0.0,1.0,1.0,0.0,0.0,1.0,1.0,0.0,1.0,1.0,1.0,1.0,1.0,1.0,0.0,1.0,0.0,1.0,20.0,18.0,1.0,42.06545698946393,Medium
161549,Sherdeeh,4471,697,711,648,0,514.77,8.685432329001301,0.1590248266607023,0.1449340192350704,0.0,0.0,0.0,0.0,0.0,0.0,0.0,1.0,1.0,0.0,0.0,0.0,0.0,1.0,1.0,1.0,1.0,1.0,1.0,1.0,0.0,1.0,1.0,1.0,20.0,18.0,,31.685890789117888,Low
161550,Samaepur,73,7,17,0,0,35.05,2.0827389443651927,0.2328767123287671,0.0,0.0,0.0,0.0,0.0,0.0,0.0,0.0,1.0,0.0,0.0,0.0,0.0,0.0,0.0,0.0,0.0,0.0,0.0,1.0,,0.0,0.0,0.0,0.0,16.0,19.0,8.0,48.7386096821939,Medium
161551,Medua,2276,334,366,547,0,178.71,12.73571708354317,0.1608084358523726,0.2403339191564147,0.0,0.0,0.0,0.0,0.0,0.0,0.0,1.0,1.0,0.0,1.0,0.0,0.0,0.0,0.0,0.0,1.0,0.0,1.0,,0.0,0.0,1.0,1.0,16.0,19.0,8.0,39.88294514618923,Medium
161552,Ramnager,1572,227,250,376,0,51.06,30.787309048178614,0.1590330788804071,0.2391857506361323,0.0,0.0,0.0,0.0,0.0,0.0,0.0,1.0,0.0,0.0,1.0,0.0,0.0,0.0,0.0,0.0,1.0,0.0,1.0,,0.0,0.0,1.0,1.0,15.0,18.0,8.0,43.8995533647075,Medium
161553,Driyapur Gulalpur,2009,360,303,670,0,118.86,16.90223792697291,0.1508213041314086,0.3334992533598805,0.0,0.0,0.0,0.0,0.0,0.0,0.0,1.0,1.0,0.0,1.0,0.0,0.0,0.0,0.0,0.0,1.0,0.0,1.0,,0.0,0.0,1.0,1.0,17.0,18.0,8.0,40.22048404291304,Medium
161554,Kandi,2577,457,373,764,0,188.09,13.700887872826838,0.1447419480015521,0.2964687621265037,0.0,0.0,0.0,0.0,0.0,0.0,0.0,1.0,1.0,0.0,0.0,0.0,0.0,0.0,0.0,0.0,1.0,1.0,1.0,1.0,0.0,1.0,1.0,1.0,13.0,20.0,,32.221312279716194,Low
161555,Kotari,2383,440,402,666,0,158.79,15.007242269664337,0.1686949223667646,0.2794796475031473,0.0,0.0,0.0,0.0,0.0,0.0,1.0,1.0,1.0,0.0,0.0,1.0,1.0,0.0,0.0,0.0,1.0,1.0,1.0,1.0,0.0,1.0,1.0,1.0,15.0,18.0,8.0,39.57533953339812,Medium
161556,Kaserua Khurd,2315,359,383,116,0,158.0,14.651898734177216,0.1654427645788337,0.0501079913606911,0.0,0.0,0.0,,0.0,0.0,1.0,1.0,1.0,0.0,1.0,0.0,0.0,1.0,1.0,1.0,1.0,1.0,1.0,1.0,0.0,1.0,1.0,1.0,13.0,21.0,11.0,28.31630489177816,Low
161557,Sadmapur Gair Abad,0,0,0,0,0,9.66,0.0,,,,,,,,,,,,,,,,,,,,,,,,,,,12.0,20.0,,45.0,Medium
161558,Malawan Bujurg,5679,912,1006,1631,0,320.86,17.69930810945584,0.1771438633562247,0.2871984504314139,0.0,0.0,0.0,0.0,0.0,0.0,1.0,1.0,0.0,1.0,1.0,0.0,1.0,1.0,1.0,1.0,1.0,1.0,1.0,1.0,0.0,1.0,1.0,1.0,14.0,20.0,10.0,43.31143210905529,Medium
161559,Malawan Khurd,4962,838,747,1250,0,251.29,19.746110072028333,0.1505441354292624,0.2519145505844417,0.0,0.0,0.0,0.0,0.0,0.0,0.0,1.0,0.0,0.0,0.0,0.0,0.0,0.0,1.0,1.0,1.0,0.0,1.0,1.0,0.0,1.0,0.0,1.0,16.0,25.0,8.0,40.75451803232084,Medium
161560,Chaq Jalal,216,38,33,143,0,12.57,17.18377088305489,0.1527777777777778,0.6620370370370371,0.0,0.0,0.0,0.0,0.0,0.0,0.0,1.0,0.0,0.0,0.0,0.0,1.0,0.0,1.0,1.0,1.0,0.0,1.0,1.0,0.0,0.0,0.0,0.0,16.0,15.0,8.0,52.76677706081294,Medium
161561,Amersapur,1142,177,190,337,0,28.97,39.42008974801519,0.1663747810858143,0.2950963222416812,0.0,0.0,0.0,0.0,0.0,0.0,0.0,1.0,0.0,,,0.0,1.0,0.0,0.0,1.0,1.0,1.0,1.0,1.0,0.0,0.0,1.0,1.0,13.0,22.0,13.0,47.25433482834986,Medium
161562,Sultanpur,648,103,91,85,0,36.12,17.940199335548176,0.1404320987654321,0.1311728395061728,0.0,0.0,0.0,0.0,0.0,0.0,0.0,1.0,0.0,,,0.0,1.0,0.0,1.0,1.0,1.0,1.0,1.0,0.0,0.0,1.0,1.0,1.0,12.0,22.0,11.0,47.27318983020375,Medium
161563,Chaq Raghunath,665,118,110,410,0,28.63,23.22738386308069,0.1654135338345864,0.6165413533834586,0.0,0.0,0.0,0.0,0.0,0.0,0.0,1.0,0.0,,,0.0,1.0,0.0,1.0,1.0,1.0,0.0,1.0,0.0,0.0,0.0,1.0,1.0,15.0,22.0,15.0,55.66688300775504,Medium
161564,Chaq Fatma Jamin Amersapur,84,16,13,2,0,12.67,6.629834254143646,0.1547619047619047,0.0238095238095238,0.0,0.0,0.0,0.0,0.0,0.0,0.0,1.0,0.0,,,0.0,1.0,0.0,1.0,1.0,1.0,1.0,1.0,0.0,0.0,0.0,1.0,1.0,15.0,22.0,15.0,46.70118836769484,Medium
161565,Sarai Shanker,1292,217,227,229,0,38.18,33.83970665269775,0.1756965944272445,0.1772445820433436,0.0,0.0,0.0,0.0,0.0,0.0,0.0,1.0,0.0,,,0.0,1.0,0.0,1.0,1.0,1.0,1.0,1.0,0.0,0.0,0.0,1.0,1.0,15.0,22.0,15.0,49.21526672801503,Medium
161566,Habibpur,1256,174,188,107,0,63.73,19.708143731366704,0.1496815286624203,0.0851910828025477,0.0,0.0,0.0,0.0,0.0,0.0,0.0,1.0,1.0,1.0,1.0,0.0,0.0,0.0,1.0,1.0,1.0,1.0,1.0,1.0,0.0,0.0,1.0,1.0,20.0,18.0,6.0,31.56012799171265,Low
161567,Chaq Churawan Ta.Sarai Shanker,0,0,0,0,0,7.74,0.0,,,,,,,,,,,,,,,,,,,,,,,,,,,20.0,17.0,5.0,45.0,Medium
161568,Chaq Churawan Ta.Habibpur Gair,0,0,0,0,0,10.11,0.0,,,,,,,,,,,,,,,,,,,,,,,,,,,20.0,17.0,5.0,45.0,Medium
161569,Rahimapur,1445,227,193,208,0,86.85,16.637881404720783,0.1335640138408304,0.1439446366782007,0.0,0.0,0.0,0.0,0.0,0.0,0.0,1.0,1.0,0.0,1.0,0.0,0.0,0.0,1.0,1.0,1.0,1.0,1.0,1.0,0.0,1.0,1.0,1.0,19.0,17.0,6.0,31.24412198417563,Low
161570,Singra Mau,2141,320,315,638,0,151.47,14.13481217402786,0.1471275105091078,0.2979915927136852,0.0,0.0,0.0,0.0,0.0,0.0,0.0,1.0,1.0,0.0,1.0,0.0,0.0,1.0,0.0,1.0,1.0,1.0,1.0,1.0,0.0,1.0,1.0,1.0,14.0,22.0,22.0,32.318336154361816,Low
161571,Bhopat Pur,2634,357,424,458,0,180.05,14.629269647320188,0.1609719058466211,0.1738800303720577,0.0,0.0,0.0,0.0,0.0,0.0,1.0,1.0,1.0,1.0,1.0,0.0,1.0,1.0,1.0,1.0,1.0,1.0,1.0,1.0,0.0,1.0,1.0,1.0,11.0,21.0,21.0,38.80010882311583,Medium
161572,Mirapur,1161,161,173,318,0,40.48,28.68083003952569,0.1490094745908699,0.2739018087855297,0.0,0.0,0.0,0.0,0.0,0.0,0.0,1.0,0.0,0.0,0.0,0.0,0.0,0.0,0.0,1.0,1.0,1.0,1.0,1.0,0.0,0.0,1.0,1.0,13.0,21.0,21.0,36.18580769626865,Medium
161573,Sekh Ahmedpur,498,82,81,140,0,30.51,16.32251720747296,0.1626506024096385,0.2811244979919678,0.0,0.0,0.0,0.0,0.0,0.0,0.0,1.0,1.0,0.0,0.0,0.0,0.0,0.0,0.0,0.0,0.0,1.0,1.0,1.0,0.0,0.0,1.0,1.0,12.0,20.0,,37.78965125979915,Medium
161574,Sahson,4745,821,652,1076,0,106.29,44.64201712296547,0.1374077976817702,0.2267650158061117,0.0,0.0,1.0,,,,0.0,1.0,1.0,0.0,1.0,0.0,0.0,0.0,1.0,1.0,1.0,0.0,1.0,1.0,1.0,1.0,1.0,1.0,12.0,20.0,,32.09172632752432,Low
161575,Kaseruakla,2705,435,440,502,0,144.34,18.740473881114035,0.1626617375231053,0.1855822550831793,0.0,0.0,0.0,,,,0.0,1.0,1.0,1.0,1.0,0.0,,0.0,1.0,1.0,1.0,1.0,1.0,1.0,0.0,1.0,1.0,1.0,12.0,20.0,,32.41169980404379,Low
161576,Mahrauda,1603,282,276,479,0,325.17,4.9297290647968754,0.1721771678103555,0.2988147223955084,0.0,0.0,0.0,0.0,0.0,0.0,1.0,1.0,1.0,0.0,1.0,0.0,0.0,0.0,0.0,0.0,1.0,0.0,1.0,1.0,0.0,1.0,1.0,1.0,20.0,20.0,10.0,34.36209773324807,Medium
161577,Jag Bandhanpur,1618,253,249,505,0,129.3,12.51353441608662,0.15389369592089,0.3121137206427689,0.0,0.0,0.0,0.0,0.0,0.0,1.0,1.0,1.0,1.0,1.0,0.0,1.0,1.0,1.0,1.0,1.0,1.0,1.0,1.0,0.0,1.0,1.0,1.0,11.0,21.0,21.0,39.19193253290168,Medium
161578,Babahan Kueyan,2536,410,418,769,0,84.25,30.10089020771513,0.1648264984227129,0.3032334384858044,0.0,0.0,0.0,0.0,0.0,0.0,0.0,1.0,1.0,0.0,1.0,0.0,1.0,0.0,0.0,1.0,1.0,1.0,1.0,1.0,0.0,1.0,1.0,1.0,12.0,23.0,23.0,43.53203570523576,Medium
161579,Dharahra Chakiya,3910,640,590,1503,0,318.17,12.28902787817833,0.1508951406649616,0.3843989769820972,0.0,0.0,0.0,0.0,0.0,0.0,1.0,1.0,1.0,0.0,1.0,0.0,0.0,0.0,0.0,0.0,1.0,0.0,1.0,1.0,0.0,1.0,1.0,1.0,20.0,20.0,10.0,34.454170510572816,Medium
161580,Manikapur,1229,209,153,422,0,90.06,13.64645791694426,0.1244914564686737,0.3433685923515053,0.0,0.0,0.0,0.0,0.0,0.0,0.0,1.0,1.0,0.0,0.0,0.0,1.0,0.0,1.0,1.0,1.0,1.0,1.0,0.0,0.0,1.0,1.0,1.0,12.0,22.0,11.0,44.346058540219474,Medium
161581,Gotawan,3082,552,455,1016,0,272.0,11.330882352941176,0.1476314081765087,0.3296560674886437,0.0,0.0,0.0,0.0,0.0,1.0,0.0,1.0,0.0,0.0,0.0,0.0,0.0,0.0,1.0,1.0,1.0,1.0,1.0,1.0,0.0,1.0,1.0,1.0,13.0,20.0,20.0,32.37647864448629,Low
161582,Lodipur,433,68,55,64,0,39.68,10.912298387096774,0.1270207852193995,0.1478060046189376,0.0,0.0,0.0,0.0,0.0,0.0,0.0,1.0,0.0,1.0,1.0,0.0,0.0,0.0,0.0,1.0,1.0,1.0,1.0,1.0,0.0,1.0,1.0,1.0,20.0,18.0,5.0,34.165030918594674,Medium
161583,Bariyari,2073,335,321,969,130,142.69,14.52799775737613,0.1548480463096961,0.467438494934877,0.0627110467920887,0.0,0.0,0.0,0.0,0.0,0.0,1.0,1.0,1.0,1.0,0.0,0.0,0.0,0.0,1.0,1.0,1.0,1.0,1.0,0.0,1.0,1.0,1.0,20.0,18.0,5.0,34.91074064055123,Medium
161584,Tendue,3934,606,636,860,0,274.6,14.326292789512015,0.1616675139806812,0.2186070157600406,0.0,0.0,0.0,0.0,0.0,0.0,0.0,1.0,1.0,0.0,1.0,0.0,0.0,0.0,0.0,1.0,1.0,1.0,1.0,1.0,0.0,1.0,1.0,1.0,20.0,18.0,6.0,32.365487003351085,Low
161585,Abusa,789,145,144,235,0,84.94,9.28890981869555,0.182509505703422,0.2978453738910012,0.0,0.0,0.0,0.0,0.0,0.0,0.0,1.0,1.0,0.0,1.0,0.0,0.0,1.0,1.0,0.0,0.0,1.0,1.0,1.0,0.0,0.0,1.0,1.0,22.0,16.0,,38.17980276007807,Medium
161586,Bahadurpur,1689,280,258,838,0,144.88,11.657923799006074,0.152753108348135,0.4961515689757252,0.0,0.0,0.0,0.0,0.0,0.0,0.0,1.0,1.0,0.0,1.0,0.0,1.0,0.0,1.0,1.0,1.0,1.0,1.0,1.0,0.0,1.0,1.0,1.0,20.0,16.0,,43.37605501030105,Medium
161587,Bani,2744,497,432,1208,0,211.62,12.966638313958985,0.1574344023323615,0.4402332361516035,0.0,0.0,0.0,0.0,0.0,0.0,1.0,1.0,1.0,0.0,1.0,0.0,1.0,0.0,0.0,0.0,1.0,1.0,1.0,0.0,0.0,1.0,1.0,1.0,18.0,20.0,10.0,42.45738280894953,Medium
161588,Wari,2501,446,425,804,0,211.5,11.825059101654846,0.1699320271891243,0.3214714114354258,0.0,0.0,0.0,0.0,0.0,0.0,0.0,1.0,1.0,0.0,1.0,0.0,1.0,0.0,0.0,0.0,1.0,1.0,1.0,1.0,0.0,1.0,1.0,1.0,18.0,21.0,12.0,43.02489434495222,Medium
161589,Semra,2208,348,367,1111,0,178.91,12.341400704264714,0.166213768115942,0.5031702898550725,0.0,0.0,0.0,,,,0.0,1.0,1.0,0.0,1.0,0.0,0.0,0.0,0.0,0.0,1.0,0.0,1.0,1.0,0.0,1.0,1.0,1.0,20.0,25.0,5.0,38.8430727878312,Medium
161590,Pattichit,498,89,76,378,0,29.92,16.644385026737968,0.1526104417670682,0.7590361445783133,0.0,0.0,0.0,0.0,0.0,0.0,1.0,1.0,1.0,0.0,1.0,0.0,1.0,0.0,0.0,0.0,1.0,1.0,1.0,0.0,0.0,1.0,1.0,1.0,18.0,25.0,13.0,44.05790645525706,Medium
161591,Dodapur,987,180,161,589,0,69.0,14.304347826086955,0.1631205673758865,0.596757852077001,0.0,0.0,0.0,0.0,0.0,0.0,0.0,1.0,1.0,0.0,1.0,0.0,1.0,0.0,0.0,1.0,1.0,1.0,1.0,1.0,0.0,0.0,0.0,0.0,20.0,17.0,,44.29893041600437,Medium
161592,Sarai Rahiya,1546,265,219,546,0,120.93,12.78425535433722,0.1416558861578266,0.353169469598965,0.0,0.0,0.0,0.0,0.0,0.0,1.0,1.0,1.0,1.0,1.0,0.0,1.0,0.0,0.0,0.0,1.0,1.0,1.0,0.0,0.0,1.0,1.0,1.0,18.0,20.0,10.0,41.541208954416746,Medium
161593,Umari,1646,201,209,495,0,201.6,8.16468253968254,0.1269744835965978,0.3007290400972053,0.0,0.0,0.0,0.0,0.0,0.0,1.0,1.0,1.0,0.0,1.0,1.0,0.0,0.0,0.0,0.0,1.0,1.0,1.0,1.0,0.0,1.0,1.0,1.0,10.0,24.0,10.0,28.148609181785428,Low
161594,Kaudru,1770,278,263,554,0,184.8,9.577922077922077,0.1485875706214689,0.3129943502824859,0.0,0.0,0.0,0.0,0.0,0.0,0.0,1.0,1.0,0.0,1.0,0.0,0.0,0.0,0.0,0.0,1.0,0.0,1.0,0.0,0.0,1.0,1.0,1.0,20.0,25.0,,39.74977369323005,Medium
161595,Mustafabad,1357,205,209,517,0,63.41,21.40041002996373,0.1540162122328666,0.3809874723655121,0.0,0.0,0.0,,0.0,0.0,0.0,1.0,1.0,0.0,1.0,1.0,0.0,0.0,0.0,0.0,1.0,1.0,1.0,1.0,0.0,1.0,1.0,1.0,12.0,22.0,12.0,33.23873596579873,Medium
161596,Birna,633,99,80,207,0,47.92,13.209515859766276,0.1263823064770932,0.3270142180094786,0.0,0.0,0.0,0.0,0.0,0.0,0.0,1.0,1.0,0.0,1.0,1.0,0.0,0.0,0.0,0.0,1.0,1.0,1.0,1.0,0.0,0.0,1.0,1.0,12.0,22.0,12.0,31.803045232993103,Low
161597,Dewariya,2576,397,352,632,0,213.3,12.076887013595874,0.1366459627329192,0.2453416149068323,0.0,0.0,0.0,0.0,1.0,1.0,0.0,1.0,1.0,0.0,1.0,0.0,0.0,0.0,0.0,0.0,1.0,0.0,1.0,0.0,0.0,0.0,1.0,1.0,20.0,22.0,,32.48935185559943,Low
161598,Sadrepur,909,167,187,229,0,103.83,8.75469517480497,0.2057205720572057,0.2519251925192519,0.0,0.0,0.0,0.0,1.0,1.0,0.0,1.0,1.0,0.0,1.0,0.0,0.0,0.0,0.0,0.0,1.0,0.0,1.0,0.0,0.0,0.0,0.0,0.0,20.0,23.0,,34.457900419707435,Medium
161599,Chaq Mohammad Panah,83,16,16,0,0,5.52,15.036231884057973,0.1927710843373494,0.0,0.0,0.0,0.0,0.0,1.0,1.0,0.0,1.0,1.0,0.0,0.0,0.0,0.0,0.0,0.0,1.0,1.0,0.0,1.0,0.0,0.0,0.0,0.0,0.0,20.0,22.0,,33.068084866541234,Medium
161600,Yarna,1499,292,252,1107,0,166.3,9.013830426939268,0.1681120747164776,0.7384923282188125,0.0,0.0,0.0,0.0,0.0,0.0,0.0,1.0,1.0,0.0,1.0,1.0,0.0,0.0,0.0,0.0,1.0,1.0,1.0,1.0,0.0,1.0,1.0,1.0,12.0,22.0,12.0,34.93980341408782,Medium
161601,Lorhwa,2306,346,341,679,0,73.71,31.284764618097952,0.147875108412836,0.2944492627927146,0.0,0.0,0.0,0.0,0.0,0.0,0.0,1.0,1.0,0.0,1.0,0.0,0.0,0.0,0.0,0.0,1.0,0.0,1.0,0.0,0.0,1.0,1.0,1.0,,,,40.52825371269883,Medium
161602,Bikapur,1401,223,218,202,0,77.35,18.112475759534583,0.1556031406138472,0.1441827266238401,0.0,0.0,0.0,0.0,0.0,0.0,0.0,1.0,0.0,0.0,1.0,0.0,0.0,1.0,1.0,1.0,1.0,0.0,1.0,,0.0,1.0,1.0,1.0,20.0,20.0,,42.80045447984592,Medium
161603,Badruddinpur,1074,160,141,373,0,86.44,12.424803331790836,0.1312849162011173,0.3472998137802607,0.0,0.0,0.0,0.0,0.0,0.0,1.0,1.0,1.0,0.0,1.0,1.0,0.0,0.0,0.0,0.0,1.0,1.0,1.0,1.0,0.0,1.0,1.0,1.0,12.0,22.0,12.0,28.68595100950791,Low
161604,Junedpur,1508,226,286,520,0,72.08,20.921198668146506,0.1896551724137931,0.3448275862068966,0.0,0.0,0.0,0.0,0.0,0.0,0.0,1.0,1.0,0.0,1.0,0.0,0.0,1.0,0.0,1.0,1.0,1.0,1.0,1.0,0.0,1.0,0.0,1.0,22.0,17.0,,34.107400302623475,Medium
161605,Dharauli,990,163,171,8,0,43.08,22.98050139275766,0.1727272727272727,0.008080808080808,0.0,0.0,0.0,0.0,0.0,0.0,0.0,1.0,0.0,0.0,1.0,0.0,0.0,0.0,0.0,1.0,1.0,1.0,1.0,1.0,0.0,0.0,1.0,1.0,22.0,16.0,,35.333840709562146,Medium
161606,Dulhapur,765,144,101,0,0,79.69,9.59969883297779,0.1320261437908496,0.0,0.0,0.0,1.0,0.0,0.0,0.0,0.0,1.0,1.0,0.0,1.0,0.0,0.0,1.0,1.0,1.0,1.0,1.0,1.0,1.0,0.0,1.0,0.0,1.0,22.0,16.0,,26.85552125767207,Low
161607,Kunadeeh,3834,603,606,809,1,201.58,19.019744022224423,0.1580594679186228,0.2110067814293166,0.0002608242044861,0.0,0.0,0.0,0.0,0.0,0.0,1.0,1.0,0.0,1.0,1.0,1.0,1.0,1.0,1.0,1.0,1.0,1.0,0.0,0.0,1.0,1.0,1.0,10.0,10.0,,44.918465701357896,Medium
161608,Sarfuddinpur,2455,416,440,351,0,201.58,12.17878757813275,0.1792260692464358,0.1429735234215886,0.0,0.0,0.0,0.0,0.0,0.0,0.0,1.0,1.0,0.0,1.0,1.0,1.0,1.0,1.0,1.0,1.0,1.0,1.0,0.0,0.0,1.0,1.0,1.0,20.0,15.0,,44.92577138309522,Medium
161609,Sihipur,1623,286,248,509,0,84.25,19.26409495548961,0.1528034504004929,0.3136167590881084,0.0,0.0,0.0,0.0,0.0,0.0,0.0,1.0,1.0,0.0,1.0,0.0,0.0,0.0,0.0,1.0,1.0,1.0,1.0,0.0,0.0,1.0,1.0,0.0,22.0,16.0,,35.27765486321904,Medium
161610,Kamalpur,300,66,21,145,0,52.67,5.695842035314221,0.07,0.4833333333333333,0.0,0.0,0.0,0.0,0.0,0.0,0.0,1.0,1.0,0.0,1.0,0.0,0.0,0.0,0.0,1.0,1.0,1.0,1.0,0.0,0.0,0.0,1.0,1.0,22.0,16.0,,33.08421143906084,Medium
161611,Dhamoeya,1918,320,310,671,0,158.26,12.119297358776697,0.1616266944734098,0.3498435870698644,0.0,0.0,0.0,0.0,0.0,0.0,0.0,1.0,1.0,0.0,0.0,0.0,0.0,0.0,0.0,1.0,1.0,0.0,1.0,0.0,0.0,1.0,1.0,1.0,20.0,15.0,,40.42969423688494,Medium
161612,Aarazi Rataura Gairabad,0,0,0,0,0,3.41,0.0,,,,,,,,,,,,,,,,,,,,,,,,,,,25.0,20.0,,45.0,Medium
161613,Rataura,1306,214,186,323,0,103.58,12.6086117011006,0.1424196018376722,0.2473200612557427,0.0,0.0,0.0,0.0,0.0,0.0,0.0,1.0,1.0,0.0,0.0,0.0,0.0,0.0,0.0,1.0,1.0,0.0,1.0,0.0,0.0,1.0,1.0,1.0,15.0,15.0,,39.360984298298455,Medium
161614,Chak Kutubuddin,182,36,18,0,0,26.32,6.914893617021277,0.0989010989010989,0.0,0.0,0.0,0.0,0.0,0.0,0.0,0.0,1.0,1.0,0.0,0.0,0.0,0.0,0.0,0.0,1.0,1.0,0.0,1.0,0.0,0.0,0.0,0.0,1.0,27.0,20.0,,36.584704801145286,Medium
161615,Katiyari Urf Chakiya,1257,222,182,412,0,120.92,10.395302679457492,0.1447891805887032,0.3277645186953062,0.0,0.0,0.0,0.0,0.0,0.0,0.0,1.0,1.0,0.0,1.0,0.0,0.0,0.0,0.0,1.0,1.0,0.0,1.0,0.0,0.0,1.0,1.0,1.0,26.0,20.0,,39.74328329712934,Medium
161616,Dalapur,2961,445,485,749,0,302.31,9.794581720750225,0.1637960148598446,0.2529550827423167,0.0,0.0,0.0,0.0,0.0,0.0,0.0,1.0,1.0,0.0,1.0,0.0,0.0,0.0,0.0,1.0,1.0,0.0,1.0,0.0,0.0,1.0,1.0,1.0,26.0,20.0,,39.91473966688661,Medium
161617,Rampur,2609,408,396,594,0,49.83,52.35801725867951,0.1517822920659256,0.2276734380988884,0.0,0.0,0.0,0.0,0.0,0.0,0.0,1.0,1.0,1.0,1.0,0.0,0.0,0.0,0.0,1.0,1.0,1.0,1.0,1.0,0.0,1.0,1.0,1.0,20.0,17.0,,33.67811638168672,Medium
161618,Bhojpur,538,87,90,133,0,85.31,6.306411909506505,0.1672862453531598,0.2472118959107806,0.0,0.0,0.0,0.0,0.0,0.0,0.0,1.0,1.0,0.0,1.0,0.0,0.0,0.0,0.0,1.0,1.0,1.0,1.0,1.0,0.0,1.0,1.0,1.0,20.0,18.0,6.0,32.34729807581822,Low
161619,Chak Johara,77,15,11,73,0,32.53,2.3670458038733475,0.1428571428571428,0.948051948051948,0.0,0.0,0.0,0.0,0.0,0.0,0.0,1.0,1.0,0.0,0.0,0.0,0.0,0.0,0.0,1.0,1.0,1.0,1.0,1.0,0.0,0.0,1.0,1.0,20.0,17.0,5.0,34.95663962389807,Medium
161620,Shah Mohamdpur,379,61,74,63,0,82.65,4.585601935874168,0.1952506596306068,0.1662269129287599,0.0,,,,0.0,0.0,0.0,1.0,1.0,1.0,1.0,0.0,0.0,0.0,0.0,0.0,1.0,1.0,1.0,1.0,0.0,0.0,1.0,1.0,17.0,14.0,4.0,32.7105463621013,Low
161621,Gopal Patti Gairabad,32,6,5,17,0,7.44,4.301075268817204,0.15625,0.53125,0.0,0.0,0.0,0.0,0.0,0.0,0.0,1.0,0.0,0.0,0.0,0.0,1.0,1.0,1.0,1.0,0.0,0.0,0.0,1.0,0.0,0.0,0.0,0.0,20.0,10.0,3.0,56.68727568452092,Medium
161622,Maheshpur,1142,181,193,100,0,41.87,27.27489849534273,0.1690017513134851,0.0875656742556917,0.0,0.0,0.0,0.0,0.0,0.0,0.0,1.0,1.0,0.0,1.0,0.0,0.0,0.0,1.0,1.0,1.0,1.0,1.0,1.0,0.0,0.0,1.0,1.0,18.0,15.0,3.0,32.462750478207255,Low
161623,Durjanpur,1784,304,254,1454,0,64.97,27.458827150992768,0.1423766816143497,0.8150224215246636,0.0,0.0,0.0,0.0,0.0,0.0,1.0,1.0,1.0,0.0,0.0,0.0,0.0,0.0,1.0,1.0,1.0,1.0,1.0,1.0,0.0,1.0,1.0,1.0,20.0,12.0,3.0,31.97551188536871,Low
161624,Andawa,4105,726,567,1072,0,368.33,11.14489723888904,0.1381242387332521,0.2611449451887941,0.0,0.0,1.0,0.0,0.0,0.0,0.0,1.0,1.0,0.0,1.0,1.0,0.0,1.0,1.0,1.0,1.0,1.0,1.0,1.0,0.0,1.0,1.0,1.0,20.0,10.0,5.0,28.407726960234932,Low
161625,Nasirapur,872,127,129,96,0,43.02,20.269642026964203,0.1479357798165137,0.110091743119266,0.0,0.0,0.0,0.0,0.0,0.0,0.0,1.0,1.0,0.0,0.0,0.0,1.0,1.0,1.0,1.0,1.0,1.0,0.0,1.0,0.0,0.0,1.0,1.0,18.0,15.0,3.0,41.65534748154158,Medium
161626,Bhagipur,2704,436,403,722,0,75.75,35.696369636963695,0.1490384615384615,0.2670118343195266,0.0,0.0,0.0,0.0,0.0,0.0,0.0,1.0,1.0,0.0,0.0,0.0,1.0,1.0,1.0,1.0,1.0,1.0,0.0,1.0,0.0,0.0,1.0,1.0,22.0,15.0,5.0,43.10737113451207,Medium
161627,Duduhi,2699,441,399,1167,0,119.22,22.638818990102333,0.1478325305668766,0.4323823638384587,0.0,0.0,0.0,,,,0.0,1.0,1.0,0.0,1.0,0.0,0.0,0.0,0.0,0.0,1.0,1.0,1.0,1.0,0.0,1.0,1.0,1.0,22.0,13.0,5.0,33.36112300491491,Medium
161628,Poore Suradas,2213,320,364,532,0,210.84,10.496110794915577,0.1644826028016267,0.2403976502485314,0.0,0.0,0.0,0.0,0.0,0.0,1.0,1.0,1.0,0.0,0.0,0.0,0.0,0.0,0.0,1.0,1.0,1.0,1.0,1.0,0.0,1.0,1.0,1.0,25.0,10.0,1.0,29.06806348959765,Low
161629,Lekhrajpur,672,114,104,0,0,24.69,27.217496962332927,0.1547619047619047,0.0,0.0,0.0,0.0,0.0,,,1.0,1.0,1.0,0.0,0.0,0.0,0.0,0.0,0.0,0.0,1.0,1.0,1.0,1.0,0.0,0.0,0.0,0.0,25.0,10.0,1.0,28.262033041988342,Low
161630,Chak Kashaw Urf Lapetuwa,0,0,0,0,0,68.06,0.0,,,,,,,,,,,,,,,,,,,,,,,,,,,25.0,10.0,1.0,45.0,Medium
161631,Tulapur,1161,176,186,217,0,37.74,30.763116057233702,0.1602067183462532,0.1869078380706287,0.0,0.0,0.0,0.0,0.0,0.0,1.0,1.0,1.0,0.0,0.0,0.0,0.0,0.0,0.0,0.0,1.0,1.0,1.0,1.0,0.0,1.0,1.0,1.0,23.0,12.0,2.0,29.505711510135136,Low
161632,Kataka,4896,732,754,1384,0,120.93,40.48623170429174,0.1540032679738562,0.2826797385620915,0.0,0.0,0.0,0.0,0.0,0.0,1.0,1.0,1.0,0.0,1.0,0.0,1.0,1.0,1.0,1.0,1.0,1.0,1.0,1.0,0.0,1.0,1.0,1.0,22.0,9.0,11.0,40.19827931040917,Medium
161633,Chak Hariharban,3728,621,432,862,0,33.41,111.5833582759653,0.1158798283261802,0.2312231759656652,0.0,0.0,0.0,0.0,0.0,0.0,0.0,1.0,1.0,0.0,1.0,0.0,1.0,1.0,1.0,1.0,1.0,1.0,1.0,1.0,0.0,1.0,1.0,1.0,21.0,8.0,12.0,45.0541206961514,Medium
161634,Habeliya,5714,1018,708,548,0,138.75,41.181981981981984,0.1239061953097654,0.0959047952397619,0.0,0.0,0.0,0.0,0.0,0.0,1.0,1.0,1.0,1.0,1.0,0.0,1.0,0.0,0.0,0.0,1.0,1.0,1.0,1.0,0.0,1.0,1.0,1.0,24.0,10.0,10.0,38.39010147163211,Medium
161635,Saray Taki,1189,201,83,32,0,31.52,37.72208121827411,0.0698065601345668,0.0269133725820016,0.0,0.0,0.0,0.0,0.0,0.0,0.0,1.0,1.0,0.0,0.0,0.0,1.0,0.0,0.0,0.0,1.0,1.0,1.0,1.0,0.0,0.0,0.0,0.0,21.0,12.0,,39.613218480076526,Medium
161636,Khanupur,1398,274,144,115,0,42.77,32.686462473696515,0.1030042918454935,0.0822603719599427,0.0,0.0,0.0,0.0,0.0,0.0,1.0,1.0,1.0,0.0,0.0,0.0,1.0,0.0,0.0,1.0,1.0,1.0,1.0,1.0,0.0,0.0,0.0,0.0,21.0,8.0,12.0,37.34548885384253,Medium
161637,Ibrahimpur Majara Kataka Gaira,49,10,9,0,0,7.23,6.77731673582296,0.1836734693877551,0.0,0.0,0.0,0.0,0.0,0.0,0.0,0.0,0.0,1.0,0.0,0.0,0.0,1.0,0.0,0.0,0.0,1.0,1.0,1.0,1.0,0.0,0.0,0.0,0.0,22.0,8.0,12.0,44.95555212601781,Medium
161638,Chhatanag Uperhar,3011,484,526,80,0,214.07,14.065492595879851,0.174692793091996,0.0265692460976419,0.0,0.0,0.0,0.0,0.0,0.0,0.0,1.0,1.0,0.0,1.0,0.0,1.0,0.0,0.0,0.0,1.0,1.0,0.0,0.0,0.0,1.0,1.0,1.0,22.0,10.0,4.0,44.28533249700982,Medium
161639,Naika,4433,723,504,1165,0,142.78,31.047765793528505,0.1136927588540491,0.2628017144146176,0.0,0.0,0.0,,0.0,0.0,0.0,1.0,0.0,0.0,1.0,0.0,0.0,0.0,1.0,1.0,1.0,1.0,1.0,1.0,0.0,1.0,1.0,1.0,16.0,14.0,14.0,35.16813349168013,Medium
161640,Jirat Matan,1333,232,199,208,0,61.26,21.759712699967352,0.1492873218304576,0.1560390097524381,0.0,0.0,0.0,0.0,0.0,0.0,0.0,1.0,0.0,0.0,0.0,0.0,1.0,0.0,1.0,1.0,1.0,1.0,1.0,1.0,0.0,1.0,1.0,1.0,15.0,14.0,14.0,45.32023469977348,Medium
161641,Badhawa Tahir,1067,168,183,344,0,65.65,16.25285605483625,0.1715089034676663,0.3223992502343017,0.0,0.0,0.0,0.0,0.0,0.0,0.0,1.0,0.0,0.0,0.0,0.0,0.0,0.0,1.0,1.0,1.0,1.0,1.0,1.0,0.0,1.0,1.0,1.0,25.0,14.0,14.0,36.59224293887867,Medium
161642,Kanihar,7053,1096,1168,1539,0,427.38,16.50287800084234,0.1656032893804055,0.2182050191407911,0.0,0.0,0.0,,,,0.0,1.0,1.0,0.0,1.0,0.0,0.0,0.0,1.0,0.0,1.0,1.0,1.0,1.0,,1.0,1.0,1.0,25.0,13.0,3.0,32.5710508602864,Low
161643,Ustapur Mahmoodabad Uperhar,4200,685,547,1208,0,308.08,13.632822643469227,0.1302380952380952,0.2876190476190476,0.0,0.0,0.0,0.0,0.0,0.0,0.0,1.0,0.0,1.0,0.0,0.0,0.0,0.0,1.0,1.0,1.0,1.0,1.0,1.0,0.0,1.0,1.0,1.0,30.0,10.0,,35.07248263432323,Medium
161644,Chatnag Kachar Gair Abad,0,0,0,0,0,166.42,0.0,,,,,,,,,,,,,,,,,,,,,,,,,,,24.0,12.0,5.0,45.0,Medium
161645,Ustapur Mahmoodabad Kachar Gai,0,0,0,0,0,170.65,0.0,,,,,,,,,,,,,,,,,,,,,,,,,,,30.0,14.0,14.0,45.0,Medium
161646,Chaq Churawan Ta. Kanihar,2079,316,362,928,0,141.98,14.64290745175377,0.1741221741221741,0.4463684463684463,0.0,0.0,0.0,0.0,0.0,0.0,0.0,1.0,1.0,0.0,1.0,0.0,0.0,0.0,1.0,1.0,1.0,1.0,1.0,1.0,0.0,1.0,1.0,1.0,25.0,14.0,3.0,33.89095306741994,Medium
161647,Rajoopur,592,90,93,303,0,50.46,11.732065001981768,0.1570945945945946,0.5118243243243243,0.0,0.0,0.0,0.0,0.0,0.0,0.0,1.0,1.0,0.0,1.0,0.0,0.0,0.0,1.0,0.0,1.0,1.0,1.0,1.0,0.0,1.0,0.0,1.0,25.0,14.0,,33.587712040067075,Medium
161648,Mukundpur,436,52,78,0,0,33.33,13.08130813081308,0.1788990825688073,0.0,0.0,0.0,0.0,0.0,0.0,0.0,0.0,1.0,1.0,0.0,1.0,0.0,0.0,0.0,0.0,1.0,1.0,0.0,1.0,0.0,0.0,0.0,1.0,1.0,30.0,20.0,,39.23820555956905,Medium
161649,Chakiya Hinauta,1423,242,220,110,0,111.41,12.77264159411184,0.1546029515108924,0.0773014757554462,0.0,0.0,0.0,0.0,0.0,0.0,0.0,1.0,1.0,0.0,0.0,0.0,1.0,0.0,0.0,0.0,1.0,1.0,1.0,0.0,0.0,1.0,1.0,1.0,28.0,15.0,,43.88313672453667,Medium
161650,Rithaiya,2338,402,402,784,0,117.17,19.95391311769224,0.1719418306244653,0.3353293413173652,0.0,0.0,0.0,0.0,0.0,0.0,0.0,1.0,1.0,0.0,1.0,0.0,0.0,0.0,0.0,1.0,1.0,0.0,1.0,0.0,0.0,1.0,1.0,1.0,27.0,20.0,,40.98873431190415,Medium
161651,Chaq Hinauta,819,128,100,251,0,96.51,8.486167236555797,0.1221001221001221,0.3064713064713065,0.0,0.0,0.0,0.0,0.0,0.0,0.0,1.0,1.0,0.0,0.0,0.0,1.0,0.0,0.0,0.0,1.0,1.0,1.0,0.0,0.0,0.0,0.0,1.0,28.0,15.0,15.0,43.87764236334551,Medium
161652,Bajhan,2934,449,460,1060,0,120.38,24.372819405216813,0.1567825494205862,0.3612815269256987,0.0,0.0,0.0,0.0,0.0,0.0,1.0,1.0,1.0,0.0,1.0,0.0,1.0,0.0,0.0,0.0,0.0,0.0,1.0,0.0,0.0,1.0,1.0,1.0,29.0,16.0,16.0,52.5120876670415,Medium
161653,Daulatpur,743,130,147,186,0,46.75,15.893048128342246,0.1978465679676985,0.2503364737550471,0.0,0.0,0.0,0.0,0.0,0.0,0.0,1.0,0.0,0.0,0.0,0.0,1.0,0.0,0.0,0.0,1.0,1.0,1.0,0.0,0.0,0.0,1.0,1.0,28.0,15.0,15.0,49.50726378969806,Medium
161654,Nawawa Urf Nimikla Uperhar,3590,573,543,362,0,208.22,17.24137931034483,0.1512534818941504,0.1008356545961002,0.0,0.0,0.0,0.0,0.0,0.0,0.0,1.0,1.0,0.0,1.0,0.0,1.0,0.0,0.0,0.0,1.0,1.0,1.0,0.0,0.0,1.0,1.0,1.0,22.0,11.0,8.0,44.08407678126103,Medium
161655,Bhadkar Uperhar,4186,647,784,19,0,123.11,34.00211193241816,0.1872909698996655,0.004538939321548,0.0,0.0,0.0,0.0,0.0,0.0,0.0,1.0,1.0,0.0,1.0,0.0,1.0,0.0,0.0,0.0,1.0,1.0,0.0,0.0,0.0,1.0,1.0,1.0,23.0,12.0,8.0,45.37291450514213,Medium
161656,Nawawa Urf Nimikla Kachar Gair,0,0,0,0,0,146.48,0.0,,,,,,,,,,,,,,,,,,,,,,,,,,,25.0,15.0,8.0,45.0,Medium
161657,Bhadkar Kachar Gairabad,0,0,0,0,0,108.92,0.0,,,,,,,,,,,,,,,,,,,,,,,,,,,25.0,15.0,8.0,45.0,Medium
161658,Bhadni Uperhar,300,49,51,2,0,156.54,1.9164430816404756,0.17,0.0066666666666666,0.0,0.0,0.0,0.0,0.0,0.0,0.0,1.0,0.0,0.0,0.0,0.0,0.0,0.0,0.0,0.0,1.0,,,0.0,0.0,0.0,1.0,1.0,30.0,16.0,16.0,41.87880360607726,Medium
161659,Bhadni Kachar Gairabad,0,0,0,0,0,108.92,0.0,,,,,,,,,,,,,,,,,,,,,,,,,,,29.0,16.0,16.0,45.0,Medium
161660,Sarai Nooruddin,1201,241,212,212,0,52.4,22.91984732824428,0.1765195670274771,0.1765195670274771,0.0,0.0,0.0,0.0,0.0,0.0,0.0,1.0,1.0,0.0,1.0,0.0,0.0,0.0,0.0,1.0,1.0,0.0,1.0,0.0,0.0,1.0,1.0,1.0,27.0,20.0,,40.45397592171849,Medium
161661,Sudanipur Khurd,1312,225,219,252,0,118.39,11.08201706225188,0.166920731707317,0.1920731707317073,0.0,0.0,0.0,0.0,0.0,0.0,0.0,1.0,1.0,0.0,1.0,0.0,0.0,0.0,0.0,1.0,1.0,0.0,1.0,0.0,0.0,0.0,1.0,1.0,30.0,21.0,,39.75701059514408,Medium
161662,Nibaiyan,825,117,136,0,0,11.95,69.0376569037657,0.1648484848484848,0.0,0.0,0.0,0.0,0.0,0.0,0.0,0.0,1.0,1.0,0.0,0.0,0.0,0.0,0.0,0.0,1.0,1.0,0.0,1.0,0.0,0.0,0.0,1.0,0.0,29.0,20.0,,41.1175971141159,Medium
161663,Murarpatti,2232,322,352,394,0,56.4,39.57446808510638,0.1577060931899641,0.1765232974910394,0.0,0.0,0.0,0.0,0.0,0.0,0.0,1.0,1.0,0.0,1.0,0.0,0.0,0.0,0.0,1.0,1.0,0.0,1.0,0.0,0.0,1.0,1.0,0.0,30.0,21.0,,40.57442372863796,Medium
161664,Chibaiyan Uperhar,4084,568,596,505,0,141.14,28.93580841717444,0.1459353574926542,0.1236532810969637,0.0,0.0,0.0,,0.0,0.0,1.0,1.0,1.0,0.0,1.0,0.0,0.0,0.0,0.0,1.0,1.0,0.0,1.0,1.0,0.0,1.0,1.0,1.0,30.0,20.0,,33.68615951812865,Medium
161665,Palikaranpur Kachar Gairabad,0,0,0,0,0,56.97,0.0,,,,,,,,,,,,,,,,,,,,,,,,,,,33.0,23.0,23.0,45.0,Medium
161666,Patti Bairishal Uperhar,1460,245,208,174,0,67.89,21.50537634408602,0.1424657534246575,0.1191780821917808,0.0,0.0,0.0,0.0,0.0,0.0,0.0,1.0,1.0,0.0,1.0,0.0,0.0,0.0,0.0,1.0,1.0,0.0,1.0,,,1.0,1.0,1.0,30.0,25.0,,39.08749143630325,Medium
161667,Palikaranpur Uperhar,2270,347,378,366,0,88.21,25.734043759210977,0.1665198237885462,0.1612334801762114,0.0,0.0,0.0,0.0,0.0,0.0,0.0,1.0,1.0,0.0,1.0,0.0,0.0,0.0,0.0,1.0,1.0,0.0,1.0,1.0,0.0,1.0,1.0,1.0,32.0,22.0,,37.69327216420714,Medium
161668,Chibaiyan Kachar Gair Abad,0,0,0,0,0,153.48,0.0,,,,,,,,,,,,,,,,,,,,,,,,,,,31.0,21.0,,45.0,Medium
161669,Patti Bairishal Kachar Gairaba,0,0,0,0,0,56.97,0.0,,,,,,,,,,,,,,,,,,,,,,,,,,,33.0,23.0,,45.0,Medium
161670,Dubawal Uperhar,5965,974,887,431,0,111.62,53.44024368392761,0.1487007544006705,0.072254819782062,0.0,0.0,0.0,0.0,0.0,0.0,0.0,1.0,1.0,0.0,1.0,0.0,0.0,0.0,0.0,1.0,1.0,0.0,1.0,,,0.0,1.0,1.0,30.0,25.0,7.0,40.35307800951461,Medium
161671,Jamunipur,2982,458,450,189,0,95.33,31.280814014476032,0.1509054325955734,0.0633802816901408,0.0,0.0,0.0,0.0,0.0,0.0,1.0,1.0,1.0,0.0,0.0,0.0,1.0,0.0,0.0,0.0,1.0,1.0,1.0,1.0,0.0,1.0,1.0,1.0,25.0,25.0,12.0,38.630322751613456,Medium
161672,Naukacha Gairabad,0,0,0,0,0,68.34,0.0,,,,,,,,,,,,,,,,,,,,,,,,,,,25.0,25.0,18.0,45.0,Medium
161673,Jirat Jamuni Gairabad,0,0,0,0,0,217.77,0.0,,,,,,,,,,,,,,,,,,,,,,,,,,,25.0,25.0,15.0,45.0,Medium
161674,Jirat Kakrabelwar,992,161,114,171,0,230.59,4.3020078927967385,0.1149193548387096,0.1723790322580645,0.0,0.0,0.0,0.0,0.0,0.0,0.0,1.0,,,,0.0,1.0,0.0,0.0,0.0,1.0,1.0,1.0,0.0,0.0,0.0,1.0,1.0,24.0,24.0,,46.15303984021098,Medium
161675,Dubawal Kachar Gairabad,0,0,0,0,0,120.61,0.0,,,,,,,,,,,,,,,,,,,,,,,,,,,30.0,25.0,,45.0,Medium
161676,Kakra Uperhar,2665,418,404,596,0,92.03,28.95794849505596,0.1515947467166979,0.223639774859287,0.0,0.0,0.0,0.0,0.0,0.0,0.0,1.0,0.0,0.0,1.0,0.0,0.0,0.0,0.0,1.0,1.0,0.0,1.0,,,1.0,1.0,1.0,30.0,25.0,,43.52345072416807,Medium
161677,Kakra Kachar Gairabad,0,0,0,0,0,44.31,0.0,,,,,,,,,,,,,,,,,,,,,,,,,,,30.0,25.0,,45.0,Medium
161678,Jirat Lawaen Gairabad,0,0,0,0,0,3221.86,0.0,,,,,,,,,,,,,,,,,,,,,,,,,,,25.0,20.0,15.0,45.0,Medium
161679,Soni,1172,190,147,485,0,86.31,13.578959564361025,0.1254266211604095,0.4138225255972696,0.0,0.0,0.0,0.0,0.0,0.0,1.0,1.0,0.0,0.0,1.0,0.0,1.0,0.0,0.0,1.0,1.0,0.0,1.0,0.0,0.0,1.0,1.0,1.0,25.0,20.0,,49.72360763373024,Medium
161680,Toderpur,206,33,27,19,0,38.58,5.339554173146708,0.1310679611650485,0.0922330097087378,0.0,0.0,0.0,0.0,0.0,0.0,0.0,1.0,0.0,0.0,0.0,0.0,1.0,0.0,0.0,1.0,1.0,0.0,1.0,,0.0,0.0,0.0,0.0,21.0,21.0,,51.27943153150265,Medium
161681,Bakkhopur,734,119,123,212,0,75.13,9.769732463729536,0.167574931880109,0.2888283378746594,0.0,0.0,0.0,0.0,0.0,0.0,0.0,1.0,1.0,0.0,1.0,0.0,0.0,0.0,0.0,1.0,1.0,0.0,1.0,0.0,0.0,0.0,0.0,0.0,25.0,20.0,,40.20645165862432,Medium
161682,Karanpur,1763,259,244,856,0,60.08,29.344207723035957,0.1384004537719795,0.4855360181508791,0.0,0.0,0.0,0.0,0.0,0.0,0.0,1.0,0.0,0.0,1.0,0.0,1.0,0.0,0.0,1.0,1.0,0.0,1.0,,,1.0,1.0,1.0,25.0,20.0,,54.45298602422418,Medium
161683,Ramaepur,1319,203,206,231,0,131.04,10.065628815628816,0.1561789234268385,0.1751326762699014,0.0,,0.0,0.0,0.0,0.0,0.0,1.0,1.0,0.0,1.0,0.0,0.0,0.0,0.0,1.0,1.0,0.0,1.0,0.0,0.0,1.0,1.0,1.0,25.0,20.0,,39.30826027263009,Medium
161684,Baraepur,1591,240,200,685,0,151.47,10.50373011157325,0.1257071024512885,0.4305468258956631,0.0,0.0,0.0,0.0,0.0,0.0,1.0,1.0,1.0,0.0,1.0,0.0,1.0,0.0,0.0,1.0,1.0,0.0,1.0,1.0,0.0,1.0,1.0,1.0,20.0,20.0,,43.8558576615033,Medium
161685,Kotwa,9100,1426,1277,922,0,279.63,32.543003254300324,0.1403296703296703,0.1013186813186813,0.0,1.0,,1.0,0.0,0.0,1.0,1.0,1.0,0.0,0.0,0.0,0.0,0.0,0.0,0.0,1.0,1.0,1.0,1.0,0.0,1.0,1.0,1.0,24.0,24.0,15.0,21.887976085325008,Low
161686,Kolahi,56,8,8,0,0,124.73,0.4489697747133809,0.1428571428571428,0.0,0.0,,,,,,0.0,,,,,,,,,,,,,,,1.0,1.0,1.0,25.0,25.0,15.0,49.30417579788026,Medium
161687,Ramnathpur,1698,264,252,483,0,117.31,14.47446935470122,0.1484098939929328,0.284452296819788,0.0,0.0,0.0,0.0,0.0,0.0,1.0,1.0,1.0,0.0,1.0,0.0,1.0,1.0,1.0,1.0,1.0,0.0,1.0,0.0,0.0,0.0,1.0,1.0,20.0,20.0,,46.46974445479983,Medium
161688,Jaitpur,2739,436,423,551,0,66.77,41.02141680395388,0.1544359255202628,0.2011683096020445,0.0,0.0,1.0,0.0,0.0,0.0,0.0,1.0,1.0,0.0,1.0,1.0,0.0,0.0,0.0,1.0,1.0,0.0,1.0,1.0,0.0,1.0,1.0,1.0,20.0,20.0,,34.825708554331065,Medium
161689,Laher Pater,856,133,135,218,0,57.06,15.001752541184718,0.1577102803738317,0.2546728971962617,0.0,0.0,0.0,0.0,0.0,0.0,1.0,1.0,0.0,0.0,0.0,0.0,1.0,1.0,1.0,1.0,1.0,1.0,1.0,1.0,0.0,0.0,1.0,1.0,20.0,20.0,15.0,42.45487411930202,Medium
161690,Patti Dheena Urf Lalapur,1004,152,155,62,6,133.16,7.539801742264944,0.1543824701195219,0.0617529880478087,0.0059760956175298,0.0,0.0,0.0,0.0,0.0,0.0,1.0,1.0,0.0,0.0,0.0,1.0,1.0,1.0,1.0,1.0,1.0,1.0,0.0,0.0,0.0,1.0,1.0,22.0,20.0,10.0,43.72630145411496,Medium
161691,Patti Krisna Urf Kathar,489,59,61,21,0,38.43,12.724434035909448,0.1247443762781186,0.0429447852760736,0.0,0.0,0.0,0.0,0.0,0.0,0.0,1.0,1.0,0.0,0.0,0.0,1.0,0.0,0.0,0.0,0.0,0.0,1.0,0.0,0.0,0.0,1.0,1.0,,,,52.81361373378184,Medium
161692,Sudanipur Kala,4432,717,625,681,2,313.37,14.1430258161279,0.1410198555956678,0.1536552346570397,0.0004512635379061,,0.0,0.0,,,1.0,1.0,1.0,0.0,0.0,0.0,1.0,1.0,0.0,1.0,1.0,0.0,1.0,0.0,0.0,1.0,1.0,1.0,20.0,20.0,20.0,45.59120419416895,Medium
161693,Devkali,1132,176,183,298,0,103.44,10.94354215003867,0.161660777385159,0.2632508833922261,0.0,,0.0,0.0,,,0.0,1.0,0.0,0.0,0.0,0.0,1.0,0.0,0.0,1.0,1.0,0.0,1.0,0.0,0.0,1.0,1.0,1.0,20.0,20.0,20.0,53.2827398122694,Medium
161694,Sarai Chachaq,312,60,32,23,0,48.67,6.4105198274090816,0.1025641025641025,0.0737179487179487,0.0,,0.0,0.0,0.0,0.0,,1.0,0.0,0.0,0.0,0.0,1.0,1.0,1.0,1.0,1.0,1.0,1.0,1.0,0.0,0.0,1.0,0.0,23.0,23.0,13.0,42.8757782781215,Medium
161695,Mai,434,66,54,0,0,99.72,4.35218612113919,0.1244239631336405,0.0,0.0,,0.0,,,,0.0,1.0,1.0,0.0,0.0,0.0,1.0,1.0,0.0,1.0,1.0,0.0,1.0,0.0,0.0,0.0,0.0,1.0,20.0,20.0,20.0,47.24501290921764,Medium
161696,Kaithwal,2016,308,277,437,0,120.04,16.79440186604465,0.1374007936507936,0.216765873015873,0.0,0.0,0.0,0.0,0.0,0.0,1.0,1.0,1.0,,1.0,1.0,0.0,0.0,0.0,0.0,1.0,1.0,1.0,0.0,,1.0,1.0,1.0,121.0,22.0,22.0,30.8964343046319,Low
161697,Birgapur,2661,382,354,604,0,109.59,24.281412537640296,0.133032694475761,0.2269823374671176,0.0,0.0,0.0,,,,0.0,1.0,1.0,0.0,0.0,0.0,1.0,0.0,0.0,0.0,1.0,0.0,1.0,0.0,0.0,0.0,1.0,1.0,18.0,25.0,25.0,49.45767077978541,Medium
161698,Chaq Karim Urf Khanoopur,315,54,47,309,0,44.88,7.018716577540107,0.1492063492063492,0.9809523809523808,0.0,,0.0,,,,0.0,1.0,1.0,0.0,0.0,0.0,1.0,0.0,0.0,0.0,1.0,0.0,1.0,0.0,0.0,0.0,1.0,1.0,20.0,23.0,23.0,53.00289338630223,Medium
161699,Mahngupur,554,66,61,0,0,42.57,13.013859525487431,0.1101083032490974,0.0,0.0,,0.0,,,,0.0,1.0,1.0,0.0,0.0,0.0,1.0,0.0,0.0,0.0,1.0,0.0,1.0,0.0,0.0,1.0,1.0,1.0,20.0,23.0,23.0,47.171708712101015,Medium
161700,Mandaur,3823,667,563,1604,0,174.92,21.855705465355594,0.1472665445984828,0.4195657860319121,0.0,,0.0,,,,0.0,1.0,1.0,0.0,0.0,0.0,1.0,0.0,0.0,1.0,1.0,0.0,1.0,0.0,0.0,1.0,1.0,1.0,20.0,23.0,23.0,50.74785912667154,Medium
161701,Rampur Urf Balrampur,1833,280,248,233,0,35.08,52.25199543899658,0.1352973267866885,0.127114020731042,0.0,0.0,0.0,0.0,0.0,0.0,1.0,1.0,,,1.0,1.0,1.0,0.0,1.0,1.0,1.0,1.0,1.0,1.0,1.0,1.0,1.0,1.0,20.0,28.0,,40.17641074875606,Medium
161702,Gopalpur,617,106,100,307,0,53.55,11.521942110177404,0.1620745542949757,0.4975688816855753,0.0,0.0,1.0,0.0,0.0,0.0,1.0,1.0,,,1.0,0.0,0.0,0.0,0.0,0.0,1.0,1.0,1.0,0.0,0.0,0.0,1.0,1.0,20.0,28.0,28.0,32.8238600897279,Low
161703,Paharpur,1882,246,240,106,0,111.73,16.844177928935828,0.1275239107332625,0.0563230605738576,0.0,0.0,0.0,0.0,0.0,1.0,1.0,1.0,1.0,,1.0,,,0.0,1.0,1.0,1.0,,1.0,0.0,0.0,1.0,1.0,1.0,20.0,28.0,28.0,31.466627199413526,Low
161704,Rampur Urf Rudapur,661,100,94,0,0,26.0,25.423076923076923,0.1422087745839637,0.0,0.0,0.0,0.0,0.0,0.0,1.0,1.0,1.0,1.0,,1.0,0.0,0.0,1.0,1.0,1.0,1.0,1.0,1.0,1.0,1.0,1.0,1.0,1.0,20.0,26.0,26.0,21.978319750777388,Low
161705,Jhudallepur,67,12,9,0,0,30.82,2.1739130434782608,0.1343283582089552,0.0,0.0,0.0,0.0,0.0,0.0,0.0,0.0,1.0,0.0,0.0,0.0,0.0,0.0,0.0,0.0,0.0,1.0,1.0,1.0,0.0,0.0,0.0,0.0,1.0,21.0,22.0,22.0,35.78590811217688,Medium
161706,Mudallepur,360,58,74,199,0,56.3,6.394316163410302,0.2055555555555555,0.5527777777777778,0.0,0.0,0.0,0.0,0.0,0.0,1.0,1.0,0.0,0.0,0.0,0.0,0.0,0.0,0.0,0.0,1.0,1.0,1.0,0.0,0.0,0.0,0.0,1.0,20.0,26.0,26.0,37.52682138967754,Medium
161707,Katwarupur,4771,743,689,1045,0,282.15,16.909445330497963,0.1444141689373297,0.2190316495493607,0.0,0.0,0.0,0.0,0.0,0.0,1.0,1.0,1.0,0.0,0.0,1.0,0.0,0.0,0.0,1.0,1.0,1.0,1.0,1.0,0.0,1.0,1.0,1.0,20.0,25.0,,28.62289500113152,Low
161708,Herju Patti Gair Abad,0,0,0,0,0,22.02,0.0,,,,,,,,,,,,,,,,,,,,,,,,,,,20.0,25.0,,45.0,Medium
161709,Chand Gair Abad,0,0,0,0,0,229.97,0.0,,,,,,,,,,,,,,,,,,,,,,,,,,,20.0,25.0,,45.0,Medium
161710,Dhanaechaatter Sueya Malkhanpu,4508,638,703,1266,0,239.67,18.80919597780281,0.1559449866903283,0.2808340727595386,0.0,0.0,0.0,0.0,0.0,0.0,0.0,1.0,0.0,0.0,0.0,0.0,1.0,1.0,0.0,1.0,1.0,0.0,1.0,0.0,0.0,1.0,1.0,1.0,25.0,25.0,,53.52261553426273,Medium
161711,Lilapur Khurd,1345,230,168,175,0,45.74,29.40533449934412,0.124907063197026,0.1301115241635687,0.0,0.0,0.0,0.0,0.0,0.0,1.0,1.0,1.0,1.0,0.0,0.0,1.0,0.0,0.0,1.0,1.0,1.0,1.0,1.0,0.0,1.0,1.0,1.0,23.0,28.0,,38.10690868639959,Medium
161712,Lilapur Kla,2434,354,392,677,0,61.17,39.790747098250776,0.1610517666392769,0.2781429745275267,0.0,0.0,0.0,,0.0,0.0,1.0,1.0,1.0,1.0,0.0,0.0,1.0,0.0,0.0,1.0,1.0,1.0,1.0,1.0,0.0,1.0,1.0,1.0,25.0,30.0,,40.35845231678593,Medium
161713,Dasu Patti,599,74,98,122,0,100.35,5.9691081215744894,0.1636060100166945,0.2036727879799666,0.0,,,0.0,,,0.0,1.0,0.0,0.0,0.0,0.0,1.0,0.0,0.0,0.0,0.0,0.0,1.0,0.0,0.0,1.0,1.0,1.0,25.0,25.0,15.0,57.838658971531885,Medium
161714,Bhoja Patti,163,27,34,0,0,99.92,1.631305044035228,0.2085889570552147,0.0,0.0,0.0,0.0,0.0,0.0,0.0,,1.0,1.0,1.0,0.0,0.0,1.0,0.0,0.0,1.0,1.0,1.0,1.0,1.0,0.0,0.0,0.0,1.0,25.0,32.0,,42.15808085432856,Medium
161715,Samda Gair Abad,0,0,0,0,0,29.42,0.0,,,,,,,,,,,,,,,,,,,,,,,,,,,25.0,30.0,,45.0,Medium
161716,Makari Khoh Gair Abad,0,0,0,0,0,315.5,0.0,,,,,,,,,,,,,,,,,,,,,,,,,,,25.0,25.0,,45.0,Medium
161717,Gosammal Patti Gair Abad,0,0,0,0,0,285.38,0.0,,,,,,,,,,,,,,,,,,,,,,,,,,,25.0,25.0,,45.0,Medium
161718,Jait Patti Gair Abad,0,0,0,0,0,135.79,0.0,,,,,,,,,,,,,,,,,,,,,,,,,,,2.0,25.0,,45.0,Medium
161719,Lotar Gair Abad,58,9,11,58,0,39.78,1.4580191050779283,0.1896551724137931,1.0,0.0,0.0,0.0,0.0,0.0,0.0,0.0,1.0,0.0,1.0,0.0,0.0,1.0,0.0,0.0,1.0,1.0,1.0,1.0,1.0,0.0,0.0,0.0,0.0,22.0,,28.0,49.91627517884327,Medium
161720,Kabra Gair Abad,0,0,0,0,0,121.23,0.0,,,,,,,,,,,,,,,,,,,,,,,,,,,24.0,24.0,18.0,45.0,Medium
161721,Jirat Suthan Gair Abad,0,0,0,0,0,61.07,0.0,,,,,,,,,,,,,,,,,,,,,,,,,,,27.0,28.0,,45.0,Medium
161722,Tala Gair Abad,0,0,0,0,0,93.92,0.0,,,,,,,,,,,,,,,,,,,,,,,,,,,25.0,25.0,15.0,45.0,Medium
161723,Chaura Kachar Gair Abad,0,0,0,0,0,47.2,0.0,,,,,,,,,,,,,,,,,,,,,,,,,,,25.0,25.0,0.15,45.0,Medium
161724,Taranpur Gair Abad,0,0,0,0,0,83.71,0.0,,,,,,,,,,,,,,,,,,,,,,,,,,,25.0,25.0,15.0,45.0,Medium
161725,Hindupur Gair Abad,0,0,0,0,0,84.34,0.0,,,,,,,,,,,,,,,,,,,,,,,,,,,25.0,25.0,15.0,45.0,Medium
161726,Chauka Kachar Gair Abad,0,0,0,0,0,189.56,0.0,,,,,,,,,,,,,,,,,,,,,,,,,,,25.0,25.0,18.0,45.0,Medium
161727,Shahbaz Gair Abad,0,0,0,0,0,469.22,0.0,,,,,,,,,,,,,,,,,,,,,,,,,,,25.0,26.0,,45.0,Medium
161728,Jirat Mungari Gair Abad,0,0,0,0,0,451.15,0.0,,,,,,,,,,,,,,,,,,,,,,,,,,,24.0,29.0,,45.0,Medium
161729,Gadraha Gair Abad,0,0,0,0,0,29.34,0.0,,,,,,,,,,,,,,,,,,,,,,,,,,,25.0,25.0,15.0,45.0,Medium
161730,Dhokariuperhar,6582,1043,1067,2067,0,205.39,32.04635084473441,0.1621087815253722,0.3140382862351868,0.0,,,,,,0.0,1.0,0.0,0.0,0.0,0.0,1.0,1.0,1.0,1.0,1.0,1.0,1.0,1.0,1.0,1.0,1.0,1.0,25.0,25.0,20.0,44.41785857027322,Medium
161731,Gangapur Gair Abad,0,0,0,0,0,90.75,0.0,,,,,,,,,,,,,,,,,,,,,,,,,,,25.0,30.0,20.0,45.0,Medium
161732,Nawa Kachar Gair Abad,0,0,0,0,0,80.36,0.0,,,,,,,,,,,,,,,,,,,,,,,,,,,25.0,25.0,25.0,45.0,Medium
161733,Dhokari Kachar Gair Abad,0,0,0,0,0,319.65,0.0,,,,,,,,,,,,,,,,,,,,,,,,,,,25.0,25.0,20.0,45.0,Medium
161737,Hasimpur Chhabilepur,1243,253,183,452,0,48.0,25.89583333333333,0.1472244569589702,0.3636363636363636,0.0,0.0,0.0,0.0,0.0,0.0,0.0,1.0,1.0,0.0,1.0,0.0,1.0,0.0,0.0,0.0,0.0,1.0,1.0,1.0,0.0,1.0,1.0,1.0,20.0,20.0,,48.1330783188746,Medium
161738,Mirapur Taluka Ahmadpur,1942,333,296,541,0,119.66,16.22931639645663,0.1524201853759011,0.2785787847579815,0.0,0.0,0.0,0.0,0.0,0.0,0.0,1.0,0.0,1.0,1.0,0.0,1.0,0.0,0.0,0.0,1.0,1.0,1.0,1.0,0.0,1.0,1.0,1.0,20.0,20.0,20.0,45.79951112454378,Medium
161739,Madpur,2893,492,429,908,0,102.62,28.19138569479633,0.1482889733840304,0.3138610438990667,0.0,0.0,0.0,0.0,0.0,0.0,0.0,1.0,1.0,0.0,1.0,0.0,0.0,0.0,1.0,1.0,0.0,0.0,1.0,1.0,0.0,1.0,1.0,1.0,20.0,20.0,20.0,43.01052968707884,Medium
161740,Manori,5235,1081,877,1724,0,125.95,41.564112743152045,0.1675262655205348,0.3293218720152817,0.0,,,0.0,,,,1.0,,,,0.0,1.0,0.0,1.0,0.0,1.0,1.0,1.0,,0.0,1.0,1.0,1.0,25.0,25.0,25.0,50.048168739033095,Medium
161741,Ujihiniima,1612,241,279,1098,0,142.88,11.282194848824188,0.173076923076923,0.6811414392059554,0.0,0.0,0.0,0.0,0.0,0.0,1.0,1.0,1.0,0.0,1.0,0.0,0.0,0.0,0.0,0.0,1.0,1.0,0.0,1.0,0.0,1.0,1.0,1.0,23.0,20.0,23.0,31.56193560013476,Low
161742,Ujihni Patti Urf Fatehpur Uprh,3360,595,626,1053,1,247.94,13.551665725578768,0.1863095238095238,0.3133928571428571,0.000297619047619,0.0,0.0,0.0,0.0,0.0,0.0,1.0,0.0,1.0,1.0,0.0,1.0,1.0,1.0,1.0,1.0,1.0,1.0,0.0,0.0,1.0,0.0,1.0,20.0,20.0,20.0,49.38726380320559,Medium
161743,Gopalpur Tikari,1042,159,169,0,0,30.92,33.69987063389392,0.1621880998080614,0.0,0.0,,,,,,,1.0,1.0,,,0.0,1.0,1.0,1.0,,1.0,1.0,,1.0,0.0,1.0,1.0,1.0,20.0,20.0,4.0,42.08470562771948,Medium
161744,Ujihni Patti Urf Fatehpur Kach,0,0,0,0,0,1308.903,0.0,,,,,,,,,,,,,,,,,,,,,,,,,,,,,,45.0,Medium
161745,Tikri Kachhar,0,0,0,0,0,50.0,0.0,,,,,,,,,,,,,,,,,,,,,,,,,,,,,,45.0,Medium
161746,Hatwa Kachhar,0,0,0,0,0,608.0,0.0,,,,,,,,,,,,,,,,,,,,,,,,,,,,,,45.0,Medium
161747,Tikri Uparhar,4038,635,717,1037,0,200.48,20.14166001596169,0.1775631500742942,0.2568103021297672,0.0,0.0,0.0,0.0,0.0,0.0,0.0,1.0,1.0,0.0,1.0,0.0,1.0,0.0,0.0,0.0,1.0,1.0,1.0,1.0,0.0,1.0,1.0,1.0,,,,43.272498799658734,Medium
161748,Hatwa Uparhar,2791,411,517,304,0,84.55,33.010053222945004,0.1852382658545324,0.1089215335005374,0.0,0.0,0.0,0.0,0.0,0.0,0.0,1.0,0.0,0.0,0.0,0.0,0.0,0.0,0.0,0.0,1.0,1.0,1.0,0.0,0.0,1.0,1.0,1.0,20.0,20.0,,39.125786510021314,Medium
161749,Akbarpur Sallahpur,5559,1057,803,1621,0,201.8,27.547076313181368,0.1444504407267494,0.2915992084907357,0.0,0.0,0.0,,0.0,0.0,0.0,1.0,1.0,0.0,0.0,0.0,1.0,1.0,1.0,1.0,1.0,1.0,1.0,1.0,0.0,1.0,0.0,1.0,18.0,18.0,10.0,42.757570707889535,Medium
161750,Ahmadpur Pawan,7092,1151,1173,3086,0,524.91,13.510887580728124,0.1653976311336717,0.4351381838691483,0.0,0.0,0.0,0.0,0.0,0.0,0.0,1.0,1.0,0.0,1.0,0.0,0.0,0.0,0.0,1.0,1.0,,1.0,0.0,0.0,1.0,1.0,1.0,25.0,25.0,,41.02651712326827,Medium
161751,Sarai Kamal,0,0,0,0,0,6.674,0.0,,,,,,,,,,,,,,,,,,,,,,,,,,,,,,45.0,Medium
161752,Harirampur,850,219,198,602,0,60.57,14.033349843156678,0.2329411764705882,0.7082352941176471,0.0,0.0,0.0,0.0,0.0,0.0,0.0,0.0,0.0,0.0,0.0,0.0,1.0,0.0,0.0,0.0,0.0,0.0,1.0,0.0,0.0,1.0,1.0,1.0,26.0,26.0,26.0,66.1064592040892,High
161753,Mardanpur,1781,335,278,1091,0,124.17,14.34323910767496,0.1560920830993823,0.6125772038180798,0.0,0.0,0.0,,0.0,0.0,0.0,1.0,1.0,0.0,0.0,,1.0,0.0,0.0,1.0,1.0,0.0,1.0,1.0,0.0,1.0,1.0,1.0,25.0,25.0,25.0,49.16877184508818,Medium
161754,Kuswan,1774,312,315,648,0,129.48,13.700957676861291,0.177564825253664,0.3652762119503946,0.0,0.0,0.0,0.0,0.0,0.0,0.0,1.0,1.0,0.0,1.0,0.0,1.0,0.0,0.0,0.0,1.0,1.0,1.0,1.0,0.0,1.0,1.0,1.0,20.0,20.0,,43.550038716721474,Medium
161755,Ismailpur Kotwa,1242,214,190,275,0,57.31,21.67161053917292,0.1529790660225443,0.2214170692431562,0.0,0.0,0.0,0.0,0.0,0.0,0.0,1.0,1.0,0.0,1.0,0.0,1.0,0.0,0.0,1.0,1.0,0.0,1.0,1.0,0.0,1.0,0.0,1.0,18.0,18.0,18.0,47.420921253327606,Medium
161756,Ashrafpur Khas,927,182,218,920,0,83.01,11.16732923744127,0.2351672060409924,0.9924487594390508,0.0,0.0,0.0,0.0,0.0,0.0,0.0,1.0,1.0,0.0,0.0,0.0,1.0,0.0,0.0,0.0,1.0,0.0,1.0,0.0,0.0,1.0,1.0,0.0,25.0,25.0,25.0,55.80979078158831,Medium
161757,Keshopur,861,125,158,660,0,129.47,6.650189233026956,0.1835075493612079,0.7665505226480837,0.0,0.0,0.0,0.0,0.0,0.0,0.0,1.0,1.0,0.0,1.0,0.0,1.0,0.0,0.0,0.0,1.0,1.0,1.0,1.0,0.0,1.0,1.0,1.0,20.0,20.0,,45.4447663575993,Medium
161758,Janka,2404,404,427,1034,0,208.93,11.5062461111377,0.1776206322795341,0.4301164725457571,0.0,0.0,0.0,0.0,0.0,0.0,0.0,1.0,1.0,0.0,0.0,0.0,0.0,0.0,0.0,0.0,1.0,0.0,0.0,0.0,0.0,1.0,1.0,1.0,27.0,27.0,27.0,41.28566830178735,Medium
161759,Chak Pyagpur,0,0,0,0,0,9.58,0.0,,,,,,,,,,,,,,,,,,,,,,,,,,,20.0,20.0,20.0,45.0,Medium
161760,Chak Rsoolpur Pyagpur,0,0,0,0,0,8.802,0.0,,,,,,,,,,,,,,,,,,,,,,,,,,,20.0,20.0,20.0,45.0,Medium
161761,Taiwara,2072,371,430,780,0,146.42,14.151072257888268,0.2075289575289575,0.3764478764478765,0.0,0.0,0.0,0.0,0.0,0.0,0.0,1.0,1.0,0.0,0.0,0.0,1.0,0.0,0.0,0.0,1.0,1.0,1.0,0.0,0.0,1.0,1.0,1.0,25.0,25.0,25.0,47.023329593750624,Medium
161762,Bhikhampur Maidwara,2475,492,489,1114,0,219.59,11.271005054874994,0.1975757575757575,0.4501010101010101,0.0,0.0,0.0,0.0,0.0,0.0,0.0,1.0,1.0,0.0,0.0,0.0,0.0,0.0,0.0,0.0,1.0,1.0,1.0,1.0,0.0,1.0,1.0,1.0,25.0,25.0,25.0,34.47457170169588,Medium
161763,Govindpur Lokipur,491,86,74,250,0,37.41,13.124832932371024,0.1507128309572301,0.5091649694501018,0.0,0.0,0.0,0.0,0.0,0.0,0.0,1.0,1.0,0.0,0.0,0.0,1.0,0.0,0.0,0.0,0.0,0.0,1.0,0.0,0.0,1.0,1.0,1.0,25.0,25.0,25.0,55.94023258619723,Medium
161764,Kundanpur,352,63,65,251,0,45.88,7.672188317349607,0.1846590909090909,0.7130681818181818,0.0,0.0,0.0,0.0,0.0,0.0,0.0,1.0,1.0,0.0,0.0,0.0,1.0,0.0,0.0,0.0,1.0,0.0,0.0,0.0,0.0,0.0,1.0,1.0,25.0,25.0,25.0,52.75392521776132,Medium
161765,Saikh Alipur,0,0,0,0,0,18.81,0.0,,,,,,,,,,,,,,,,,,,,,,,,,,,25.0,25.0,25.0,45.0,Medium
161766,Akbarpur Mirzapur,2475,472,454,926,0,165.23,14.979120014525208,0.1834343434343434,0.3741414141414141,0.0,0.0,0.0,0.0,0.0,0.0,0.0,1.0,1.0,0.0,0.0,0.0,0.0,0.0,1.0,1.0,1.0,0.0,1.0,1.0,0.0,0.0,1.0,1.0,25.0,25.0,,38.82300795264664,Medium
161767,Iguwa Urf Kathgawan,2598,765,483,900,0,501.52,5.180252033817196,0.1859122401847575,0.3464203233256351,0.0,0.0,0.0,0.0,0.0,0.0,0.0,1.0,0.0,0.0,1.0,0.0,0.0,0.0,0.0,0.0,1.0,0.0,1.0,0.0,0.0,0.0,1.0,1.0,28.0,28.0,28.0,44.18914601055075,Medium
161768,Tiyara,1230,283,200,169,3,157.53,7.808036564463912,0.1626016260162601,0.1373983739837398,0.0024390243902439,0.0,0.0,0.0,0.0,0.0,0.0,1.0,1.0,0.0,1.0,0.0,0.0,0.0,0.0,0.0,1.0,1.0,1.0,1.0,0.0,0.0,0.0,1.0,25.0,,,31.777676203230392,Low
161769,Chandrsain,853,208,116,194,0,87.43,9.756376529795263,0.1359906213364595,0.227432590855803,0.0,0.0,0.0,0.0,0.0,0.0,0.0,1.0,1.0,0.0,0.0,0.0,1.0,0.0,0.0,0.0,1.0,1.0,1.0,0.0,0.0,0.0,1.0,1.0,26.0,26.0,26.0,43.95139441493478,Medium
161770,Baigampur,1089,274,204,598,0,194.74,5.592071479921947,0.18732782369146,0.549127640036731,0.0,0.0,0.0,0.0,0.0,0.0,0.0,1.0,0.0,0.0,0.0,0.0,1.0,0.0,0.0,1.0,0.0,0.0,1.0,1.0,0.0,0.0,1.0,1.0,24.0,24.0,,57.76208400030165,Medium
161771,Kadirpur Taluka Adampur Bisuna,3017,793,558,1230,0,194.73,15.49324706003184,0.1849519390122638,0.4076897580377859,0.0,0.0,0.0,0.0,0.0,0.0,0.0,0.0,0.0,0.0,0.0,0.0,1.0,0.0,1.0,1.0,1.0,1.0,0.0,1.0,0.0,0.0,1.0,1.0,24.0,24.0,,50.72408496713731,Medium
161772,Mandari,1487,384,302,1292,0,223.9,6.641357748995087,0.203093476798924,0.8688634835238735,0.0,0.0,,0.0,0.0,0.0,1.0,1.0,1.0,0.0,1.0,,1.0,0.0,0.0,1.0,1.0,0.0,1.0,0.0,0.0,1.0,1.0,1.0,22.0,22.0,22.0,50.71021250361124,Medium
161773,Mandar Daih Mafi,3630,1054,613,1756,0,203.01,17.880892566868628,0.1688705234159779,0.4837465564738292,0.0,0.0,0.0,,0.0,0.0,1.0,1.0,1.0,0.0,1.0,0.0,0.0,0.0,0.0,1.0,1.0,0.0,1.0,0.0,0.0,1.0,1.0,1.0,21.0,21.0,21.0,38.220105810071615,Medium
161774,Abdul Wahabpur,1011,339,168,28,0,81.2,12.450738916256157,0.1661721068249258,0.0276953511374876,0.0,0.0,0.0,0.0,0.0,0.0,0.0,1.0,1.0,0.0,1.0,,1.0,0.0,0.0,1.0,0.0,0.0,1.0,0.0,0.0,1.0,1.0,1.0,20.0,20.0,20.0,53.96894421235571,Medium
161775,Bhagwatpur,3026,635,538,1113,0,144.83,20.893461299454533,0.177792465300727,0.3678122934567085,0.0,0.0,0.0,,0.0,0.0,0.0,1.0,1.0,0.0,0.0,0.0,1.0,0.0,0.0,1.0,0.0,0.0,1.0,0.0,0.0,1.0,1.0,1.0,20.0,20.0,20.0,56.3653020726006,Medium
161776,Patti Ahmad Kachhar,0,0,0,0,0,226.23,0.0,,,,,,,,,,,,,,,,,,,,,,,,,,,15.0,15.0,15.0,45.0,Medium
161777,Bamrouli Kachhar,0,0,0,0,0,831.0,0.0,,,,,,,,,,,,,,,,,,,,,,,,,,,15.0,15.0,15.0,45.0,Medium
161778,Ahmadpur Asrouli Kachhar,0,0,0,0,0,165.56,0.0,,,,,,,,,,,,,,,,,,,,,,,,,,,15.0,15.0,15.0,45.0,Medium
161779,Ahmadpur Asrouli Uparhar,3815,863,644,722,4,113.77,33.532565702733585,0.1688073394495413,0.1892529488859764,0.001048492791612,0.0,0.0,,0.0,0.0,0.0,1.0,1.0,0.0,1.0,0.0,1.0,1.0,1.0,1.0,1.0,1.0,1.0,1.0,1.0,1.0,1.0,1.0,18.0,18.0,10.0,40.74770346931983,Medium
161780,Wazidpur,618,104,50,312,0,47.42,13.03247574862927,0.0809061488673139,0.5048543689320388,0.0,0.0,0.0,0.0,0.0,0.0,0.0,0.0,0.0,0.0,0.0,0.0,1.0,0.0,0.0,0.0,1.0,1.0,1.0,1.0,0.0,0.0,1.0,1.0,16.0,16.0,16.0,47.98734808588816,Medium
161781,Muhibuddinpur Bharetha,1784,634,245,704,5,70.46,25.31933011637809,0.1373318385650224,0.3946188340807174,0.0028026905829596,0.0,0.0,0.0,0.0,0.0,0.0,0.0,0.0,0.0,0.0,0.0,1.0,0.0,0.0,0.0,1.0,1.0,1.0,1.0,0.0,0.0,0.0,0.0,3.0,44.0,44.0,49.70109452152145,Medium
161782,Kutubanpur,389,169,51,11,0,32.16,12.095771144278608,0.1311053984575835,0.0282776349614395,0.0,0.0,0.0,0.0,0.0,0.0,0.0,0.0,0.0,0.0,0.0,0.0,1.0,1.0,1.0,1.0,1.0,1.0,1.0,1.0,0.0,0.0,0.0,1.0,12.0,12.0,12.0,47.07192487114303,Medium
161783,Ibrahimpur Bamrouli,1234,271,189,739,0,63.64,19.39032055311125,0.153160453808752,0.5988654781199352,0.0,0.0,0.0,0.0,0.0,0.0,0.0,1.0,0.0,0.0,0.0,0.0,1.0,0.0,1.0,1.0,1.0,1.0,1.0,1.0,0.0,0.0,1.0,1.0,15.0,15.0,15.0,47.55313225539874,Medium
161784,Shaikh Sarwa,840,138,124,525,0,118.39,7.095193850831996,0.1476190476190476,0.625,0.0,0.0,0.0,0.0,0.0,0.0,0.0,1.0,1.0,0.0,0.0,0.0,1.0,0.0,0.0,0.0,1.0,0.0,1.0,0.0,0.0,1.0,1.0,1.0,15.0,15.0,15.0,51.17865715811168,Medium
161785,Bamrouli Uparhar,14376,4007,2261,4771,0,413.68,34.75149874298975,0.1572760155815247,0.3318725653867557,0.0,,,,,,0.0,1.0,1.0,0.0,0.0,0.0,1.0,1.0,1.0,1.0,1.0,1.0,1.0,1.0,1.0,1.0,1.0,1.0,15.0,15.0,15.0,41.13994858298366,Medium
161786,Rasoolpur Kashipur Uparhar,1348,164,279,27,0,45.97,29.323471829453997,0.206973293768546,0.0200296735905044,0.0,,,,,,0.0,1.0,1.0,0.0,0.0,0.0,0.0,0.0,0.0,0.0,1.0,1.0,1.0,0.0,0.0,1.0,1.0,1.0,15.0,15.0,15.0,35.848453513813695,Medium
161787,Rasoolpur Kashipur Kachhar,0,0,0,0,0,225.0,0.0,,,,,,,,,,,,,,,,,,,,,,,,,,,15.0,15.0,15.0,45.0,Medium
161788,Bharetha,2144,344,343,698,0,114.61,18.706919117005494,0.1599813432835821,0.3255597014925373,0.0,0.0,0.0,0.0,0.0,0.0,0.0,0.0,0.0,0.0,0.0,0.0,1.0,0.0,0.0,0.0,1.0,0.0,1.0,0.0,0.0,1.0,1.0,1.0,15.0,15.0,15.0,57.19646211301135,Medium
161789,Rasoolpur Madiyadeeh Kachhar,0,0,0,0,0,125.0,0.0,,,,,,,,,,,,,,,,,,,,,,,,,,,,,,45.0,Medium
161790,Rasoolpur Madiyadeeh Uparhar,1092,125,243,0,0,93.74,11.649242585875829,0.2225274725274725,0.0,0.0,0.0,0.0,0.0,0.0,0.0,0.0,1.0,1.0,0.0,0.0,0.0,1.0,1.0,1.0,1.0,1.0,1.0,1.0,1.0,0.0,1.0,1.0,1.0,15.0,15.0,,42.98817112173504,Medium
161791,Gayasddinpur Uprhar,610,94,94,0,0,206.14,2.959153973028039,0.1540983606557377,0.0,0.0,0.0,0.0,0.0,0.0,0.0,,,,,,,,1.0,0.0,1.0,1.0,1.0,1.0,1.0,0.0,1.0,1.0,1.0,7.0,7.0,7.0,37.24463040736584,Medium
161792,Umarpurniwa Uprhar,6124,1015,770,993,0,328.27,18.655375148505804,0.1257348138471587,0.1621489222730241,0.0,,,,,,1.0,1.0,0.0,,,,,1.0,1.0,,,,,,,1.0,1.0,1.0,7.0,,,43.68322619351691,Medium
161793,Dadanpur,453,74,68,220,0,8.63,52.49130938586326,0.1501103752759381,0.4856512141280353,0.0,0.0,0.0,0.0,0.0,0.0,0.0,1.0,1.0,1.0,1.0,1.0,0.0,0.0,0.0,0.0,1.0,1.0,1.0,1.0,0.0,1.0,1.0,1.0,3.0,44.0,,34.92332869330092,Medium
161794,Jhalwa,6711,1164,766,1109,12,77.91,86.13785136696188,0.1141409625987185,0.1652510803158992,0.0017881090746535,0.0,0.0,0.0,0.0,0.0,1.0,1.0,1.0,0.0,0.0,0.0,1.0,0.0,0.0,1.0,1.0,0.0,1.0,1.0,0.0,1.0,0.0,0.0,10.0,10.0,10.0,45.335144417035735,Medium
161795,Chak Dadanpur,228,43,25,116,0,14.08,16.193181818181817,0.1096491228070175,0.5087719298245614,0.0,0.0,0.0,0.0,0.0,0.0,0.0,1.0,1.0,0.0,0.0,0.0,0.0,0.0,0.0,0.0,1.0,0.0,1.0,0.0,0.0,0.0,0.0,0.0,10.0,10.0,10.0,39.8325257956762,Medium
161796,Daiwghat,797,140,136,88,0,179.6,4.437639198218263,0.1706398996235884,0.110414052697616,0.0,0.0,0.0,0.0,0.0,0.0,1.0,1.0,1.0,0.0,0.0,1.0,1.0,0.0,0.0,1.0,1.0,0.0,1.0,1.0,1.0,1.0,0.0,1.0,10.0,10.0,,40.85374174081455,Medium
161797,Damupur,1454,228,261,107,0,259.47,5.603730681774386,0.1795048143053645,0.0735900962861072,0.0,0.0,0.0,0.0,0.0,0.0,0.0,1.0,1.0,0.0,1.0,0.0,,0.0,0.0,0.0,1.0,0.0,1.0,0.0,0.0,1.0,1.0,1.0,7.0,10.0,0.0,39.31685208976718,Medium
161798,Jhapiya,980,172,102,81,0,91.88,10.66608619939051,0.1040816326530612,0.0826530612244898,0.0,0.0,0.0,0.0,0.0,0.0,1.0,1.0,0.0,0.0,1.0,0.0,0.0,1.0,1.0,1.0,0.0,0.0,1.0,1.0,0.0,1.0,1.0,1.0,15.0,15.0,,39.80763411467336,Medium
161799,Umari,847,121,161,111,0,36.98,22.90427257977285,0.1900826446280991,0.1310507674144037,0.0,0.0,0.0,0.0,0.0,0.0,0.0,1.0,1.0,0.0,0.0,0.0,1.0,1.0,1.0,1.0,0.0,0.0,1.0,0.0,1.0,1.0,1.0,1.0,,,,53.132883822349854,Medium
161800,Rahimabad,626,116,114,257,0,50.72,12.342271293375395,0.182108626198083,0.4105431309904153,0.0,0.0,0.0,0.0,0.0,0.0,1.0,1.0,1.0,0.0,0.0,,1.0,0.0,0.0,0.0,1.0,1.0,1.0,1.0,0.0,1.0,1.0,1.0,8.0,8.0,,40.52348520102071,Medium
161801,Mudaira Taluka Ibrahimpur,822,114,137,0,0,38.93,21.114821474441307,0.1666666666666666,0.0,0.0,0.0,0.0,0.0,0.0,0.0,0.0,0.0,1.0,0.0,0.0,0.0,1.0,1.0,1.0,1.0,1.0,1.0,1.0,1.0,0.0,1.0,1.0,1.0,,,,45.034902248408684,Medium
161802,Mubarkpur Kotwa,1463,253,178,902,0,72.17,20.271580989330747,0.1216678058783321,0.6165413533834586,0.0,0.0,0.0,0.0,0.0,0.0,0.0,0.0,1.0,0.0,0.0,0.0,1.0,0.0,0.0,0.0,1.0,0.0,1.0,0.0,0.0,0.0,1.0,1.0,15.0,,,54.23296937764324,Medium
161803,Chandrabhanpur,305,47,47,219,0,12.43,24.537409493161707,0.1540983606557377,0.7180327868852459,0.0,0.0,0.0,0.0,0.0,0.0,1.0,1.0,1.0,0.0,1.0,1.0,0.0,0.0,0.0,0.0,1.0,1.0,1.0,1.0,0.0,0.0,1.0,1.0,8.0,8.0,,31.7220862024966,Low
161804,Khatangi,1320,253,209,923,0,213.47,6.1835386705391855,0.1583333333333333,0.6992424242424242,0.0,0.0,0.0,0.0,0.0,0.0,0.0,1.0,0.0,0.0,0.0,0.0,1.0,0.0,0.0,0.0,1.0,0.0,1.0,0.0,0.0,1.0,1.0,1.0,27.0,27.0,27.0,55.16714417683028,Medium
161805,Chirla Munjapta,1681,350,238,459,0,360.46,4.663485546246463,0.1415823914336704,0.273051754907793,0.0,0.0,0.0,0.0,0.0,0.0,0.0,0.0,0.0,0.0,0.0,,0.0,0.0,0.0,0.0,1.0,0.0,1.0,0.0,0.0,0.0,1.0,1.0,23.0,23.0,23.0,45.804491745134726,Medium
161806,Kathula Gospur,7179,1246,1254,2273,0,844.85,8.497366396401729,0.1746761387379858,0.3166179133584064,0.0,0.0,0.0,0.0,0.0,0.0,0.0,1.0,1.0,0.0,1.0,,,0.0,0.0,1.0,1.0,1.0,1.0,1.0,0.0,1.0,1.0,1.0,15.0,15.0,,33.00611640325252,Medium
161807,Ganja,2409,424,300,780,10,215.06,11.201525155770485,0.12453300124533,0.323785803237858,0.004151100041511,0.0,0.0,0.0,0.0,0.0,1.0,0.0,1.0,1.0,0.0,,1.0,0.0,0.0,,,,,,,0.0,0.0,1.0,10.0,19.0,19.0,54.24797408638777,Medium
161808,Sairpur,2566,448,425,872,0,206.06,12.452683684363777,0.1656274356975837,0.3398285268901013,0.0,0.0,0.0,0.0,0.0,0.0,1.0,0.0,0.0,0.0,0.0,1.0,1.0,0.0,0.0,1.0,1.0,1.0,1.0,0.0,1.0,1.0,1.0,1.0,,15.0,15.0,46.3466832589551,Medium
161809,Bajha,634,107,96,219,0,104.17,6.086205241432274,0.1514195583596214,0.3454258675078864,0.0,0.0,0.0,0.0,0.0,0.0,0.0,1.0,1.0,0.0,0.0,0.0,0.0,0.0,0.0,0.0,1.0,0.0,1.0,0.0,0.0,1.0,0.0,0.0,15.0,15.0,15.0,39.85331248710066,Medium
161810,Nasirpur Silna,888,134,140,100,1,174.11,5.1002239963241625,0.1576576576576576,0.1126126126126126,0.0011261261261261,0.0,0.0,0.0,0.0,0.0,0.0,0.0,0.0,0.0,0.0,0.0,1.0,0.0,0.0,1.0,1.0,1.0,1.0,0.0,0.0,1.0,1.0,1.0,14.0,14.0,5.0,50.52940171791197,Medium
161811,Bhiti Taluka Asdullapur,1044,149,215,23,0,160.22,6.516040444388965,0.2059386973180076,0.0220306513409961,0.0,0.0,0.0,0.0,0.0,0.0,0.0,1.0,1.0,0.0,0.0,0.0,1.0,0.0,0.0,0.0,1.0,0.0,1.0,1.0,0.0,0.0,1.0,1.0,12.0,12.0,2.0,47.38958527891923,Medium
161812,Jalalpur Ghosi,1728,279,283,255,2,190.0,9.094736842105265,0.1637731481481481,0.1475694444444444,0.0011574074074074,0.0,0.0,0.0,0.0,0.0,1.0,1.0,1.0,0.0,0.0,1.0,,0.0,0.0,1.0,1.0,1.0,1.0,1.0,,1.0,1.0,1.0,12.0,12.0,,28.552650768525943,Low
161813,Rawatpur,587,111,108,328,0,264.66,2.2179399984886268,0.1839863713798978,0.5587734241908007,0.0,0.0,0.0,0.0,0.0,0.0,0.0,,,,,,,0.0,0.0,0.0,1.0,0.0,1.0,0.0,0.0,0.0,0.0,0.0,18.0,18.0,18.0,48.40465933772767,Medium
161814,Lakhanpur,1979,289,371,0,0,202.76,9.760307753008483,0.1874684183931278,0.0,0.0,0.0,0.0,0.0,0.0,0.0,0.0,0.0,0.0,0.0,0.0,,0.0,0.0,0.0,0.0,1.0,0.0,1.0,0.0,0.0,1.0,1.0,1.0,12.0,12.0,12.0,46.02539368982677,Medium
161815,Chak Lakhanpur,45,8,13,25,0,33.82,1.3305736250739209,0.2888888888888888,0.5555555555555556,0.0,,,,,,0.0,,,,,,,0.0,0.0,0.0,1.0,0.0,,1.0,0.0,0.0,0.0,1.0,12.0,12.0,12.0,48.99915726154379,Medium
161816,Virampur,27,7,6,0,0,72.76,0.37108301264431,0.2222222222222222,0.0,0.0,,,,,,0.0,0.0,0.0,0.0,0.0,0.0,1.0,0.0,0.0,0.0,0.0,0.0,1.0,0.0,0.0,0.0,1.0,0.0,8.0,8.0,,61.68192549685606,Medium
161817,Mohiuddinpur Amrain,487,59,100,9,0,138.41,3.51853189798425,0.2053388090349076,0.0184804928131416,0.0,0.0,0.0,0.0,0.0,0.0,0.0,0.0,0.0,0.0,0.0,0.0,1.0,0.0,0.0,0.0,0.0,0.0,1.0,0.0,0.0,1.0,1.0,1.0,28.0,28.0,28.0,61.39724778737862,Medium
161818,Mainapur,1522,228,281,364,0,237.99,6.395226690197067,0.1846254927726675,0.2391590013140604,0.0,0.0,0.0,0.0,0.0,0.0,0.0,1.0,1.0,0.0,0.0,0.0,1.0,0.0,0.0,0.0,0.0,0.0,1.0,0.0,1.0,0.0,1.0,1.0,28.0,28.0,28.0,52.83086306448035,Medium
161819,Asrawe Khurd,3984,718,714,935,0,392.92,10.13946859411585,0.1792168674698795,0.2346887550200803,0.0,0.0,0.0,0.0,0.0,0.0,0.0,0.0,0.0,1.0,1.0,,0.0,0.0,0.0,0.0,0.0,0.0,1.0,0.0,0.0,1.0,1.0,1.0,22.0,22.0,,51.96688192547706,Medium
161820,Asrawe Kalan,7387,1199,1146,1763,0,881.48,8.38022416844398,0.1551374035467713,0.2386625152294571,0.0,0.0,,0.0,0.0,0.0,0.0,1.0,1.0,1.0,1.0,0.0,1.0,0.0,1.0,1.0,1.0,1.0,1.0,1.0,0.0,1.0,1.0,1.0,22.0,22.0,22.0,42.02536050106412,Medium
161821,Kherwa,999,159,160,310,0,190.57,5.242168232145668,0.1601601601601601,0.3103103103103103,0.0,0.0,0.0,0.0,0.0,0.0,0.0,1.0,1.0,0.0,1.0,0.0,0.0,0.0,0.0,0.0,1.0,0.0,1.0,0.0,0.0,1.0,1.0,1.0,18.0,18.0,18.0,39.90524618824383,Medium
161822,Dewari,501,78,95,431,0,197.79,2.5329895343546185,0.1896207584830339,0.8602794411177644,0.0,0.0,0.0,0.0,0.0,0.0,0.0,1.0,0.0,0.0,0.0,0.0,0.0,0.0,0.0,1.0,1.0,1.0,1.0,0.0,0.0,1.0,1.0,1.0,27.0,27.0,,41.76084245134435,Medium
161823,Fulwa,2074,356,397,823,0,89.13,23.269381801862448,0.1914175506268081,0.396817743490839,0.0,0.0,0.0,0.0,0.0,0.0,0.0,0.0,0.0,0.0,0.0,0.0,0.0,0.0,0.0,0.0,0.0,0.0,1.0,0.0,0.0,1.0,1.0,1.0,18.0,18.0,18.0,53.68344573894455,Medium
161824,Barawan,1173,198,242,665,0,225.66,5.198085615527785,0.206308610400682,0.56692242114237,0.0,0.0,0.0,0.0,0.0,0.0,0.0,1.0,1.0,0.0,0.0,0.0,1.0,0.0,0.0,1.0,1.0,0.0,1.0,0.0,0.0,1.0,0.0,1.0,15.0,15.0,15.0,52.57094758469481,Medium
161825,Dahi,1295,195,226,154,0,233.26,5.551744834090714,0.1745173745173745,0.1189189189189189,0.0,0.0,0.0,0.0,0.0,0.0,0.0,1.0,1.0,0.0,0.0,0.0,0.0,0.0,0.0,0.0,1.0,0.0,1.0,0.0,0.0,1.0,1.0,1.0,18.0,18.0,18.0,39.39173536570499,Medium
161826,Bisouna,2363,352,448,576,8,345.03,6.848679824942759,0.1895895048666948,0.2437579348286077,0.0033855268726195,,0.0,,,1.0,,1.0,1.0,,,,1.0,0.0,0.0,1.0,1.0,1.0,1.0,1.0,0.0,1.0,1.0,1.0,0.0,27.0,27.0,39.76892871885508,Medium
161827,Numaiya,1685,212,318,467,0,184.56,9.129822280017338,0.1887240356083086,0.2771513353115727,0.0,0.0,0.0,0.0,0.0,0.0,,1.0,1.0,,,0.0,0.0,0.0,0.0,0.0,1.0,0.0,1.0,0.0,0.0,1.0,0.0,1.0,18.0,18.0,18.0,40.756226829018914,Medium
161828,Saeedpur Khas,2225,367,368,472,0,272.85,8.15466373465274,0.1653932584269662,0.2121348314606741,0.0,0.0,0.0,0.0,,,,1.0,,,,0.0,,0.0,0.0,0.0,1.0,0.0,,0.0,0.0,1.0,1.0,1.0,13.0,13.0,13.0,43.02445607970638,Medium
161829,Baksi Moda,3784,553,741,484,0,333.29,11.353475951873742,0.1958245243128964,0.127906976744186,0.0,0.0,0.0,0.0,0.0,0.0,,,,1.0,,0.0,,0.0,0.0,0.0,1.0,0.0,1.0,1.0,0.0,1.0,1.0,1.0,10.0,10.0,10.0,44.4811223840215,Medium
161830,Karehada Uparhar,4727,787,919,1619,0,957.96,4.934444026890476,0.1944150624074465,0.342500528876666,0.0,0.0,0.0,0.0,0.0,0.0,0.0,1.0,0.0,1.0,0.0,0.0,0.0,0.0,0.0,1.0,1.0,1.0,1.0,1.0,0.0,1.0,1.0,1.0,18.0,18.0,18.0,36.914524148162144,Medium
161831,Karehada Kachhar,0,0,0,0,0,50.0,0.0,,,,,,,,,,,,,,,,,,,,,,,,,,,18.0,18.0,18.0,45.0,Medium
161832,Gohti Kachhar,0,0,0,0,0,7.0,0.0,,,,,,,,,,,,,,,,,,,,,,,,,,,18.0,18.0,18.0,45.0,Medium
161833,Gohti Uparhar,750,112,185,26,0,46.56,16.10824742268041,0.2466666666666666,0.0346666666666666,0.0,0.0,0.0,0.0,0.0,0.0,0.0,1.0,0.0,1.0,0.0,0.0,0.0,0.0,0.0,0.0,1.0,1.0,1.0,1.0,0.0,1.0,1.0,1.0,18.0,18.0,18.0,37.402366650307904,Medium
161834,Jodhwal,210,26,32,0,0,75.18,2.793296089385475,0.1523809523809524,0.0,0.0,0.0,0.0,0.0,0.0,0.0,0.0,1.0,0.0,0.0,0.0,0.0,1.0,0.0,0.0,0.0,0.0,0.0,1.0,0.0,0.0,1.0,0.0,1.0,16.0,16.0,16.0,56.35295479577992,Medium
161835,Adampur Urf Madaripur,2631,402,539,339,0,198.74,13.238401932172687,0.2048650703154694,0.1288483466362599,0.0,0.0,0.0,0.0,0.0,0.0,0.0,1.0,1.0,0.0,0.0,0.0,1.0,0.0,0.0,0.0,1.0,0.0,1.0,0.0,0.0,1.0,1.0,1.0,17.0,17.0,17.0,50.66788657853524,Medium
161855,Majhiari Amad Chail,1285,210,207,167,0,1521.64,0.8444835835020109,0.1610894941634241,0.1299610894941634,0.0,0.0,0.0,0.0,0.0,0.0,0.0,1.0,1.0,1.0,0.0,1.0,1.0,0.0,0.0,1.0,1.0,1.0,1.0,1.0,0.0,1.0,1.0,1.0,20.0,35.0,35.0,41.350548535599415,Medium
161856,Bhamaur,916,148,208,7,0,125.01,7.327413806895448,0.2270742358078602,0.0076419213973799,0.0,0.0,0.0,0.0,0.0,0.0,0.0,1.0,0.0,0.0,0.0,0.0,0.0,0.0,0.0,0.0,1.0,1.0,1.0,1.0,0.0,0.0,0.0,0.0,17.0,28.0,28.0,36.318404564051455,Medium
161857,Manpur,1199,182,112,84,0,108.03,11.098768860501712,0.0934111759799833,0.0700583819849874,0.0,0.0,0.0,0.0,0.0,0.0,1.0,1.0,1.0,1.0,0.0,0.0,0.0,0.0,0.0,1.0,1.0,1.0,1.0,1.0,0.0,1.0,1.0,1.0,16.0,28.0,28.0,26.10900547553833,Low
161858,Ojhapatti,530,102,77,137,0,57.8,9.16955017301038,0.1452830188679245,0.2584905660377358,0.0,0.0,0.0,0.0,0.0,0.0,0.0,1.0,1.0,1.0,0.0,0.0,0.0,0.0,1.0,0.0,0.0,0.0,1.0,1.0,0.0,1.0,0.0,1.0,17.0,35.0,35.0,41.861326080339865,Medium
161859,Barhula,566,114,130,317,0,134.19,4.21789999254788,0.2296819787985865,0.5600706713780919,0.0,0.0,0.0,0.0,0.0,0.0,0.0,1.0,1.0,1.0,0.0,0.0,0.0,0.0,1.0,0.0,0.0,0.0,1.0,1.0,0.0,1.0,1.0,1.0,16.0,34.0,34.0,45.6975849278272,Medium
161860,Belamundi,2448,406,448,1276,0,458.83,5.335309373842164,0.1830065359477124,0.5212418300653595,0.0,0.0,0.0,0.0,0.0,0.0,0.0,1.0,1.0,0.0,1.0,0.0,0.0,0.0,0.0,0.0,1.0,1.0,1.0,1.0,0.0,1.0,1.0,1.0,16.0,28.0,28.0,34.14912499846648,Medium
161861,Pachwar,1385,182,245,260,0,164.97,8.395465842274353,0.1768953068592057,0.187725631768953,0.0,0.0,0.0,0.0,0.0,0.0,0.0,1.0,1.0,1.0,0.0,0.0,0.0,0.0,0.0,1.0,1.0,1.0,1.0,1.0,0.0,1.0,1.0,1.0,17.0,28.0,28.0,32.42403991652004,Low
161862,Chak Antri Pachwar,0,0,0,0,0,14.32,0.0,,,,,,,,,,,,,,,,,,,,,,,,,,,16.0,36.0,36.0,45.0,Medium
161863,Gojhwar,755,143,130,114,0,97.09,7.776290040168915,0.1721854304635761,0.1509933774834437,0.0,0.0,0.0,0.0,0.0,0.0,0.0,1.0,1.0,0.0,1.0,0.0,0.0,0.0,0.0,1.0,1.0,1.0,1.0,1.0,0.0,0.0,0.0,0.0,16.0,28.0,28.0,32.07362201658792,Low
161864,Naganpur,277,38,36,35,0,104.05,2.6621816434406536,0.1299638989169675,0.1263537906137184,0.0,0.0,0.0,0.0,0.0,0.0,0.0,1.0,1.0,0.0,1.0,0.0,0.0,0.0,0.0,1.0,1.0,1.0,0.0,1.0,0.0,0.0,0.0,0.0,15.0,28.0,28.0,30.47348742207394,Low
161865,Mahera,1549,264,254,649,0,208.06,7.444967797750649,0.1639767591994835,0.4189799870884441,0.0,0.0,0.0,0.0,0.0,0.0,0.0,1.0,1.0,1.0,0.0,0.0,0.0,0.0,0.0,1.0,1.0,1.0,1.0,1.0,0.0,1.0,1.0,1.0,18.0,,33.0,33.153671048305085,Medium
161866,Majra Chaube,0,0,0,0,0,58.3,0.0,,,,,,,,,,,,,,,,,,,,,,,,,,,15.0,35.0,35.0,45.0,Medium
161867,Ghuri,1130,193,183,578,0,201.97,5.5948903302470665,0.1619469026548672,0.511504424778761,0.0,0.0,0.0,0.0,0.0,0.0,0.0,1.0,1.0,0.0,1.0,0.0,0.0,0.0,0.0,0.0,1.0,1.0,1.0,1.0,0.0,0.0,0.0,0.0,16.0,28.0,28.0,33.47932286992143,Medium
161868,Gowra Tarhar,1389,271,200,356,0,159.9,8.686679174484052,0.1439884809215262,0.2562994960403167,0.0,0.0,0.0,0.0,0.0,0.0,1.0,1.0,1.0,1.0,0.0,0.0,0.0,0.0,0.0,1.0,0.0,0.0,1.0,0.0,0.0,1.0,1.0,1.0,20.0,36.0,36.0,40.95834573757469,Medium
161869,Sonauri,895,160,200,513,0,78.45,11.408540471637986,0.2234636871508379,0.5731843575418994,0.0,0.0,0.0,0.0,0.0,0.0,1.0,1.0,0.0,1.0,1.0,0.0,1.0,0.0,0.0,1.0,0.0,0.0,1.0,1.0,0.0,0.0,1.0,1.0,20.0,35.0,35.0,55.8722817442072,Medium
161870,Chhatahara Ghureha,3652,696,694,2499,0,504.03,7.2456004602900625,0.1900328587075575,0.6842825848849945,0.0,0.0,0.0,0.0,0.0,0.0,1.0,1.0,1.0,0.0,1.0,0.0,0.0,0.0,0.0,1.0,0.0,0.0,1.0,1.0,0.0,1.0,1.0,1.0,18.0,34.0,34.0,41.92033575977402,Medium
161871,Basahara Tarhar,3477,648,551,440,0,436.34,7.9685566301508,0.1584699453551912,0.1265458728789186,0.0,0.0,0.0,0.0,0.0,0.0,0.0,1.0,1.0,0.0,0.0,0.0,0.0,0.0,0.0,1.0,1.0,0.0,1.0,1.0,1.0,1.0,1.0,1.0,15.0,34.0,34.0,34.047825888976604,Medium
161872,Aswan,874,135,175,272,0,450.5,1.9400665926748055,0.200228832951945,0.3112128146453089,0.0,0.0,0.0,0.0,0.0,0.0,0.0,1.0,1.0,0.0,1.0,0.0,1.0,0.0,0.0,0.0,1.0,1.0,1.0,0.0,0.0,1.0,1.0,1.0,7.0,30.0,30.0,45.97603739339364,Medium
161873,Perwezabad,957,167,196,456,0,436.23,2.1937968502854,0.2048066875653082,0.4764890282131661,0.0,0.0,0.0,0.0,0.0,0.0,0.0,1.0,0.0,0.0,1.0,0.0,1.0,0.0,0.0,1.0,1.0,0.0,1.0,1.0,0.0,1.0,1.0,1.0,8.0,35.0,35.0,52.78352075053457,Medium
161874,Chhiri,4035,675,764,1436,9,631.59,6.38863819883152,0.1893432465923172,0.3558859975216852,0.0022304832713754,0.0,0.0,0.0,0.0,0.0,0.0,1.0,0.0,1.0,1.0,0.0,0.0,0.0,0.0,1.0,1.0,0.0,0.0,1.0,0.0,1.0,1.0,1.0,3.0,35.0,35.0,41.94235155462268,Medium
161875,Tikari Kalan,2145,334,376,564,0,374.65,5.725343654077139,0.1752913752913752,0.2629370629370629,0.0,,,,,,0.0,1.0,0.0,1.0,1.0,0.0,1.0,0.0,0.0,1.0,1.0,1.0,1.0,0.0,0.0,1.0,1.0,1.0,10.0,33.0,33.0,48.47551777750586,Medium
161876,Khandesar,615,102,111,75,0,132.08,4.656268927922471,0.1804878048780487,0.1219512195121951,0.0,0.0,0.0,0.0,0.0,0.0,0.0,1.0,0.0,1.0,1.0,0.0,1.0,0.0,0.0,0.0,1.0,1.0,1.0,0.0,0.0,1.0,1.0,1.0,3.0,28.0,28.0,47.882521392818006,Medium
161877,Sehunda,1836,294,323,379,8,361.36,5.080805844587116,0.1759259259259259,0.2064270152505446,0.0043572984749455,0.0,0.0,0.0,0.0,0.0,0.0,1.0,0.0,1.0,1.0,1.0,1.0,1.0,1.0,1.0,1.0,1.0,1.0,0.0,0.0,1.0,1.0,1.0,2.0,30.0,30.0,48.2895424594366,Medium
161878,Gambhirpur,246,51,61,120,0,75.42,3.261734287987271,0.2479674796747967,0.4878048780487805,0.0,0.0,0.0,0.0,0.0,0.0,0.0,0.0,0.0,0.0,0.0,0.0,1.0,1.0,0.0,0.0,1.0,0.0,1.0,0.0,0.0,1.0,1.0,1.0,30.0,30.0,30.0,60.012170386509744,Medium
161879,Bara Khas,3277,564,573,660,1,381.5,8.589777195281782,0.1748550503509307,0.2014037229173024,0.0003051571559353,0.0,,0.0,0.0,0.0,0.0,1.0,0.0,0.0,1.0,1.0,0.0,1.0,1.0,1.0,1.0,0.0,1.0,0.0,0.0,1.0,1.0,1.0,0.0,28.0,28.0,43.27983244465627,Medium
161880,Rigwan,918,153,175,6,0,374.65,2.450286934472174,0.1906318082788671,0.0065359477124183,0.0,,,,,,0.0,1.0,0.0,1.0,1.0,0.0,1.0,1.0,1.0,1.0,1.0,0.0,1.0,0.0,0.0,1.0,1.0,1.0,7.0,30.0,30.0,52.51905577030562,Medium
161881,Hardi,995,187,217,0,0,180.7,5.506364139457665,0.2180904522613065,0.0,0.0,0.0,0.0,0.0,0.0,0.0,1.0,1.0,0.0,1.0,0.0,0.0,1.0,1.0,1.0,1.0,1.0,0.0,1.0,0.0,0.0,1.0,1.0,1.0,8.0,30.0,30.0,50.102467061896704,Medium
161882,Kachara,824,128,121,100,0,320.82,2.5684184277788167,0.1468446601941747,0.1213592233009708,0.0,0.0,0.0,0.0,0.0,0.0,0.0,1.0,1.0,1.0,0.0,0.0,0.0,0.0,1.0,0.0,0.0,0.0,1.0,1.0,0.0,1.0,1.0,1.0,15.0,34.0,34.0,40.951081906497286,Medium
161883,Misirpur,0,0,0,0,0,45.44,0.0,,,,,,,,,,,,,,,,,,,,,,,,,,,14.0,33.0,33.0,45.0,Medium
161884,Nagarwar,442,72,58,5,0,164.93,2.679924816588856,0.1312217194570135,0.0113122171945701,0.0,0.0,0.0,0.0,0.0,0.0,0.0,1.0,1.0,1.0,0.0,0.0,0.0,0.0,1.0,0.0,0.0,0.0,1.0,1.0,0.0,1.0,0.0,1.0,14.0,33.0,33.0,39.936743765520646,Medium
161885,Jagdishpur,2020,336,386,271,0,261.56,7.7228934087781,0.1910891089108911,0.1341584158415841,0.0,0.0,0.0,0.0,0.0,0.0,0.0,1.0,1.0,1.0,1.0,0.0,0.0,0.0,0.0,1.0,1.0,1.0,1.0,1.0,0.0,1.0,1.0,1.0,14.0,25.0,25.0,32.554361907178176,Low
161886,Birwal,2263,378,422,510,0,425.59,5.317324185248713,0.1864781263809103,0.2253645603181617,0.0,0.0,0.0,0.0,0.0,0.0,0.0,1.0,0.0,0.0,0.0,1.0,1.0,0.0,0.0,1.0,1.0,0.0,1.0,1.0,0.0,1.0,1.0,1.0,18.0,30.0,30.0,51.10648015011095,Medium
161887,Pura Kinner,307,48,56,0,0,88.14,3.48309507601543,0.1824104234527687,0.0,0.0,0.0,0.0,0.0,0.0,0.0,0.0,1.0,1.0,1.0,1.0,0.0,0.0,0.0,0.0,1.0,1.0,1.0,1.0,1.0,0.0,0.0,1.0,1.0,12.0,27.0,27.0,31.44886993692652,Low
161888,Chilla Gauhani,5567,862,1004,992,1,990.15,5.622380447406958,0.1803484821268187,0.1781929225794862,0.0001796299622777,0.0,0.0,0.0,0.0,0.0,0.0,1.0,1.0,0.0,1.0,0.0,0.0,0.0,0.0,0.0,1.0,1.0,1.0,1.0,0.0,1.0,1.0,1.0,7.0,20.0,5.0,32.37023225263845,Low
161889,Sujauna,1880,316,301,412,0,273.29,6.879139375754693,0.1601063829787234,0.2191489361702127,0.0,0.0,0.0,0.0,0.0,0.0,0.0,1.0,1.0,1.0,1.0,0.0,0.0,0.0,0.0,1.0,1.0,1.0,0.0,1.0,0.0,1.0,1.0,1.0,14.0,25.0,25.0,32.01513779987636,Low
161890,Parsara,2179,329,347,552,0,304.79,7.149184684536894,0.1592473611748508,0.2533272143184947,0.0,0.0,0.0,0.0,0.0,0.0,1.0,1.0,1.0,0.0,0.0,0.0,0.0,0.0,0.0,0.0,1.0,1.0,1.0,1.0,0.0,1.0,1.0,1.0,3.0,30.0,30.0,28.838029391098573,Low
161891,Tatarganj,1881,314,288,576,0,137.37,13.692946058091286,0.1531100478468899,0.3062200956937799,0.0,0.0,0.0,0.0,0.0,0.0,1.0,1.0,1.0,1.0,1.0,0.0,1.0,0.0,0.0,1.0,1.0,1.0,1.0,1.0,0.0,1.0,1.0,1.0,4.0,25.0,25.0,39.18745204436805,Medium
161892,Sarsendi,2174,371,407,390,0,371.37,5.854000053854646,0.18721251149954,0.1793928242870285,0.0,0.0,0.0,0.0,0.0,0.0,1.0,1.0,1.0,1.0,1.0,1.0,0.0,0.0,0.0,0.0,1.0,1.0,1.0,1.0,0.0,1.0,1.0,1.0,3.0,28.0,28.0,29.25405431918146,Low
161893,Umapur,890,149,170,492,0,223.37,3.984420468281327,0.1910112359550561,0.5528089887640449,0.0,0.0,0.0,0.0,0.0,0.0,0.0,1.0,1.0,1.0,1.0,0.0,1.0,1.0,1.0,1.0,1.0,0.0,1.0,0.0,0.0,0.0,1.0,1.0,5.0,28.0,28.0,51.99155361640197,Medium
161894,Kainaun Kachhar,0,0,0,0,0,31.71,0.0,,,,,,,,,,,,,,,,,,,,,,,,,,,15.0,23.0,23.0,45.0,Medium
161895,Kanjasa Kachhar,0,0,0,0,0,45.82,0.0,,,,,,,,,,,,,,,,,,,,,,,,,,,15.0,27.0,27.0,45.0,Medium
161896,Kainaun Uparhar,909,134,119,211,1,118.02,7.702084392475852,0.1309130913091309,0.2321232123212321,0.0011001100110011,0.0,0.0,0.0,0.0,0.0,0.0,1.0,1.0,1.0,0.0,0.0,1.0,0.0,0.0,0.0,0.0,1.0,1.0,1.0,0.0,1.0,1.0,1.0,13.0,25.0,25.0,46.26431763348117,Medium
161897,Kanjasa Uparhar,5082,863,1098,398,0,249.79,20.345089875495415,0.2160566706021251,0.0783156237701692,0.0,0.0,0.0,,0.0,0.0,0.0,1.0,1.0,1.0,0.0,0.0,0.0,0.0,0.0,0.0,1.0,0.0,1.0,1.0,0.0,1.0,1.0,1.0,15.0,21.0,21.0,38.54319600289522,Medium
161898,Sendhuwar,2174,342,366,549,0,448.14,4.851162583121346,0.1683532658693652,0.2525298988040478,0.0,0.0,0.0,0.0,0.0,0.0,0.0,1.0,1.0,0.0,0.0,0.0,1.0,0.0,0.0,0.0,1.0,0.0,1.0,1.0,0.0,1.0,1.0,0.0,7.0,25.0,25.0,47.34605925853678,Medium
161899,Leoda,451,74,90,44,0,27.35,16.489945155393052,0.1995565410199556,0.0975609756097561,0.0,0.0,0.0,0.0,0.0,0.0,0.0,1.0,1.0,0.0,1.0,0.0,1.0,0.0,0.0,0.0,1.0,1.0,1.0,1.0,0.0,0.0,0.0,0.0,6.0,21.0,21.0,42.98589639681269,Medium
161900,Leodi,623,79,76,4,0,101.19,6.156734855222848,0.1219903691813804,0.0064205457463884,0.0,0.0,0.0,0.0,0.0,0.0,0.0,1.0,0.0,0.0,0.0,0.0,1.0,0.0,0.0,0.0,1.0,0.0,1.0,1.0,0.0,0.0,1.0,1.0,7.0,22.0,22.0,48.11164369436651,Medium
161901,Chitauri,2314,346,374,231,0,247.73,9.340814596536552,0.1616248919619706,0.0998271391529818,0.0,0.0,0.0,0.0,0.0,0.0,1.0,1.0,1.0,0.0,0.0,0.0,1.0,0.0,0.0,1.0,1.0,1.0,1.0,0.0,0.0,1.0,1.0,1.0,8.0,22.0,22.0,40.73197415082828,Medium
161902,Dauna,1977,340,329,503,0,176.6,11.194790486976215,0.1664137582195245,0.2544258978249873,0.0,0.0,0.0,0.0,0.0,0.0,0.0,1.0,1.0,0.0,1.0,0.0,1.0,0.0,0.0,0.0,1.0,1.0,1.0,1.0,0.0,1.0,1.0,1.0,8.0,22.0,22.0,42.55820223781102,Medium
161903,Marua,676,98,127,0,0,62.43,10.82812750280314,0.1878698224852071,0.0,0.0,0.0,0.0,0.0,0.0,0.0,1.0,1.0,1.0,0.0,0.0,0.0,1.0,0.0,0.0,0.0,1.0,1.0,1.0,1.0,0.0,0.0,0.0,0.0,6.0,23.0,23.0,38.58134426347426,Medium
161904,Pachkhara,1723,280,325,659,0,259.11,6.649685461772992,0.1886244921648288,0.3824724318049913,0.0,0.0,0.0,0.0,0.0,0.0,1.0,1.0,1.0,0.0,1.0,0.0,1.0,0.0,1.0,1.0,1.0,1.0,1.0,0.0,0.0,1.0,1.0,1.0,6.0,22.0,22.0,42.8445301392254,Medium
161905,Khatagia,2250,371,336,741,0,232.63,9.672011348493315,0.1493333333333333,0.3293333333333333,0.0,0.0,0.0,0.0,0.0,0.0,0.0,1.0,1.0,1.0,0.0,0.0,0.0,0.0,0.0,0.0,1.0,0.0,1.0,0.0,0.0,1.0,1.0,1.0,6.0,26.0,26.0,39.85771041445646,Medium
161906,Amreha,2647,412,361,380,0,182.28,14.521615097651964,0.1363808084624102,0.1435587457499055,0.0,0.0,0.0,0.0,0.0,0.0,0.0,1.0,1.0,1.0,1.0,1.0,1.0,1.0,1.0,1.0,1.0,0.0,1.0,0.0,0.0,1.0,1.0,1.0,7.0,24.0,24.0,48.73967608669524,Medium
161907,Iradatganj,3479,566,568,361,0,359.57,9.6754456712184,0.1632653061224489,0.1037654498419086,0.0,0.0,0.0,0.0,0.0,0.0,1.0,1.0,1.0,1.0,1.0,0.0,1.0,1.0,1.0,1.0,1.0,1.0,1.0,1.0,1.0,1.0,1.0,1.0,12.0,10.0,10.0,35.814638065733995,Medium
161908,Chak Saripur,241,32,29,10,0,51.38,4.690541066562865,0.1203319502074688,0.0414937759336099,0.0,0.0,0.0,0.0,0.0,0.0,1.0,1.0,0.0,1.0,0.0,0.0,1.0,0.0,0.0,0.0,1.0,1.0,1.0,0.0,0.0,0.0,1.0,1.0,12.0,15.0,15.0,42.343634462275645,Medium
161909,Ghurpur,2566,418,401,377,0,42.38,60.54742803209061,0.1562743569758378,0.1469212782540919,0.0,0.0,1.0,,0.0,0.0,1.0,1.0,1.0,0.0,0.0,0.0,1.0,0.0,1.0,1.0,1.0,1.0,1.0,1.0,0.0,1.0,1.0,1.0,10.0,17.0,17.0,37.07919715458274,Medium
161910,Bikar,2642,393,503,141,0,205.75,12.8408262454435,0.1903860711582135,0.0533686601059803,0.0,0.0,0.0,0.0,0.0,0.0,1.0,1.0,0.0,1.0,0.0,0.0,1.0,0.0,0.0,0.0,1.0,1.0,1.0,0.0,0.0,1.0,1.0,1.0,12.0,15.0,15.0,44.83976996959261,Medium
161911,Deoria,1501,211,257,58,0,274.43,5.4695186386328025,0.1712191872085276,0.0386409060626249,0.0,0.0,0.0,0.0,0.0,0.0,1.0,1.0,1.0,1.0,0.0,0.0,1.0,0.0,0.0,0.0,1.0,1.0,1.0,0.0,0.0,0.0,0.0,1.0,19.0,15.0,15.0,40.55468523055512,Medium
161912,Bhita,2680,459,387,855,0,267.91,10.003359337090814,0.1444029850746268,0.3190298507462686,0.0,0.0,0.0,0.0,0.0,0.0,1.0,1.0,1.0,1.0,1.0,0.0,1.0,0.0,0.0,1.0,1.0,1.0,1.0,1.0,0.0,1.0,1.0,1.0,18.0,18.0,10.0,38.83857415748741,Medium
161913,Bhaidpur,919,181,189,75,0,99.11,9.272525476743011,0.2056583242655059,0.0816104461371055,0.0,0.0,0.0,0.0,0.0,0.0,1.0,1.0,1.0,1.0,1.0,0.0,1.0,0.0,0.0,0.0,0.0,0.0,1.0,0.0,0.0,0.0,1.0,1.0,10.0,20.0,20.0,51.95908562525725,Medium
161914,Manakwar,1902,293,298,247,0,95.21,19.97689318348913,0.1566771819137749,0.129863301787592,0.0,0.0,0.0,0.0,0.0,0.0,1.0,1.0,1.0,1.0,1.0,0.0,1.0,0.0,0.0,0.0,1.0,1.0,1.0,0.0,0.0,1.0,1.0,1.0,9.0,20.0,20.0,41.171076253510336,Medium
161915,Semra Kalbana,4509,892,753,1615,0,208.75,21.6,0.1669993346640053,0.3581725438012863,0.0,0.0,0.0,0.0,0.0,0.0,1.0,1.0,1.0,0.0,1.0,0.0,1.0,1.0,0.0,0.0,1.0,1.0,1.0,1.0,0.0,1.0,1.0,1.0,15.0,15.0,15.0,40.18902874659068,Medium
161916,Gauhania,2990,469,427,188,22,150.11,19.9187262674039,0.142809364548495,0.062876254180602,0.0073578595317725,0.0,0.0,0.0,0.0,0.0,1.0,1.0,1.0,1.0,1.0,0.0,0.0,1.0,1.0,1.0,1.0,1.0,1.0,1.0,1.0,1.0,1.0,1.0,10.0,22.0,22.0,25.59340235348916,Low
161917,Bundwan,5380,1191,1026,1150,0,342.57,15.70481945295852,0.1907063197026022,0.2137546468401487,0.0,,,,1.0,1.0,0.0,1.0,0.0,1.0,1.0,1.0,1.0,1.0,1.0,0.0,1.0,1.0,1.0,1.0,1.0,1.0,1.0,1.0,9.0,22.0,22.0,37.43574062976548,Medium
161918,Mauharia,652,119,105,112,0,58.94,11.062097047845269,0.161042944785276,0.1717791411042944,0.0,0.0,0.0,0.0,0.0,0.0,0.0,1.0,0.0,1.0,1.0,0.0,0.0,0.0,0.0,0.0,1.0,0.0,1.0,1.0,0.0,0.0,0.0,0.0,11.0,24.0,24.0,40.31172106723144,Medium
161919,Tikari Taluka Kanjasa,1308,211,211,252,0,189.4,6.906019007391763,0.1613149847094801,0.1926605504587156,0.0,0.0,0.0,0.0,0.0,0.0,0.0,1.0,0.0,0.0,1.0,0.0,0.0,0.0,0.0,0.0,1.0,0.0,1.0,1.0,0.0,1.0,1.0,1.0,10.0,25.0,25.0,40.25339253954592,Medium
161920,Kanti,6555,1153,1265,1676,32,813.98,8.053023415808742,0.1929824561403508,0.2556826849733028,0.004881769641495,0.0,0.0,0.0,0.0,0.0,0.0,1.0,0.0,1.0,1.0,0.0,0.0,1.0,1.0,1.0,1.0,1.0,1.0,1.0,0.0,1.0,1.0,1.0,15.0,22.0,22.0,36.68225656073635,Medium
161921,Khutaria,1246,224,238,129,0,201.08,6.196538691068231,0.1910112359550561,0.1035313001605136,0.0,0.0,0.0,0.0,0.0,0.0,0.0,1.0,0.0,1.0,1.0,0.0,1.0,1.0,1.0,1.0,1.0,1.0,1.0,0.0,0.0,1.0,1.0,1.0,10.0,24.0,24.0,48.169460192298,Medium
161922,Rehi Taluka Baijala,2576,445,430,633,0,380.55,6.7691499145972935,0.1669254658385093,0.2457298136645962,0.0,0.0,0.0,0.0,0.0,0.0,0.0,1.0,0.0,1.0,1.0,0.0,1.0,0.0,0.0,0.0,0.0,0.0,1.0,0.0,0.0,1.0,1.0,1.0,10.0,26.0,26.0,58.18142527044784,Medium
161923,Sandwa Khurd,898,150,154,220,0,209.81,4.280062914065106,0.1714922048997773,0.2449888641425389,0.0,0.0,0.0,0.0,0.0,0.0,0.0,1.0,0.0,1.0,1.0,0.0,0.0,1.0,1.0,1.0,1.0,0.0,1.0,1.0,0.0,1.0,1.0,1.0,12.0,22.0,22.0,40.71237213004829,Medium
161924,Chhiria,996,151,164,233,0,110.22,9.0364725095264,0.1646586345381526,0.2339357429718875,0.0,0.0,0.0,0.0,0.0,0.0,0.0,1.0,1.0,1.0,1.0,0.0,0.0,0.0,0.0,1.0,1.0,0.0,1.0,0.0,0.0,0.0,1.0,1.0,8.0,28.0,28.0,39.81434831863703,Medium
161925,Pandar,3131,504,444,850,2,301.36,10.389567294929652,0.1418077291600127,0.2714787607793037,0.0006387735547748,0.0,0.0,0.0,0.0,0.0,0.0,1.0,1.0,1.0,1.0,0.0,0.0,1.0,1.0,1.0,1.0,0.0,1.0,0.0,0.0,1.0,1.0,1.0,5.0,25.0,25.0,39.38742747541789,Medium
161926,Gadra,655,105,109,367,0,83.3,7.863145258103241,0.166412213740458,0.5603053435114503,0.0,0.0,0.0,0.0,0.0,0.0,0.0,1.0,0.0,0.0,0.0,0.0,1.0,0.0,0.0,0.0,1.0,1.0,1.0,1.0,0.0,0.0,1.0,1.0,8.0,25.0,25.0,47.28389014075315,Medium
161927,Rera,2362,415,340,273,0,493.36,4.787579049781093,0.1439458086367485,0.115580016934801,0.0,0.0,0.0,0.0,0.0,0.0,0.0,1.0,1.0,1.0,1.0,1.0,0.0,0.0,0.0,0.0,1.0,1.0,1.0,1.0,0.0,1.0,1.0,1.0,10.0,27.0,27.0,30.926471595019507,Low
161928,Mundehra,953,170,189,317,0,125.43,7.597863350075739,0.198321091290661,0.3326337880377754,0.0,0.0,0.0,0.0,0.0,0.0,0.0,1.0,1.0,0.0,1.0,0.0,1.0,0.0,0.0,0.0,1.0,1.0,1.0,0.0,0.0,1.0,1.0,1.0,14.0,29.0,29.0,46.25855703834036,Medium
161929,Barna,565,97,102,108,0,136.64,4.134953161592506,0.1805309734513274,0.1911504424778761,0.0,0.0,0.0,0.0,0.0,0.0,0.0,1.0,1.0,0.0,1.0,0.0,0.0,0.0,0.0,0.0,1.0,1.0,1.0,1.0,0.0,0.0,1.0,1.0,16.0,31.0,31.0,32.37504287230762,Low
161930,Asarwai,2617,464,487,398,0,452.94,5.777807215083676,0.1860909438288116,0.1520825372564004,0.0,0.0,0.0,0.0,0.0,0.0,0.0,1.0,0.0,1.0,1.0,0.0,0.0,0.0,0.0,0.0,1.0,1.0,0.0,0.0,0.0,1.0,1.0,1.0,6.0,37.0,37.0,38.24738949225107,Medium
161931,Ghurmi,833,148,139,105,0,97.26,8.5646720131606,0.1668667466986794,0.1260504201680672,0.0,0.0,0.0,0.0,0.0,0.0,0.0,1.0,0.0,1.0,1.0,0.0,0.0,0.0,0.0,0.0,1.0,1.0,0.0,0.0,0.0,1.0,1.0,1.0,1.0,35.0,35.0,37.655098097681645,Medium
161932,Piprawan,1153,220,134,162,0,309.9,3.7205550177476607,0.1162185602775368,0.1405030355594102,0.0,0.0,0.0,0.0,0.0,0.0,1.0,1.0,0.0,1.0,1.0,0.0,1.0,0.0,0.0,0.0,1.0,0.0,1.0,1.0,0.0,0.0,1.0,1.0,5.0,30.0,30.0,45.17539350617394,Medium
161933,Ram Nagar,284,52,49,45,0,71.18,3.989884799100871,0.1725352112676056,0.1584507042253521,0.0,0.0,0.0,0.0,0.0,0.0,0.0,1.0,0.0,1.0,1.0,0.0,1.0,0.0,0.0,0.0,1.0,1.0,0.0,0.0,0.0,0.0,1.0,1.0,4.0,35.0,35.0,47.79903947818063,Medium
161934,Chamu,2686,460,530,471,0,600.1,4.475920679886685,0.197319434102755,0.1753536857781087,0.0,0.0,0.0,0.0,0.0,0.0,0.0,1.0,0.0,1.0,1.0,0.0,0.0,0.0,0.0,0.0,1.0,1.0,1.0,0.0,0.0,1.0,1.0,1.0,6.0,30.0,30.0,38.64706673112927,Medium
161935,Baijala,1849,336,346,502,0,453.3,4.078976395323186,0.1871281773931855,0.2714981070849108,0.0,0.0,0.0,0.0,0.0,0.0,1.0,1.0,0.0,1.0,1.0,1.0,0.0,0.0,0.0,0.0,0.0,0.0,1.0,0.0,0.0,1.0,1.0,1.0,9.0,27.0,27.0,45.47239556455061,Medium
161936,Dagwan,969,164,135,61,17,142.06,6.821061523300014,0.1393188854489164,0.0629514963880289,0.0175438596491228,0.0,0.0,0.0,0.0,0.0,0.0,1.0,0.0,1.0,1.0,0.0,1.0,1.0,1.0,1.0,1.0,1.0,1.0,0.0,0.0,1.0,1.0,1.0,15.0,30.0,30.0,46.860375267144335,Medium
161937,Barathia,474,80,69,65,0,100.68,4.707985697258641,0.1455696202531645,0.1371308016877637,0.0,0.0,0.0,0.0,0.0,0.0,0.0,1.0,0.0,1.0,1.0,0.0,1.0,1.0,1.0,1.0,1.0,1.0,1.0,0.0,0.0,1.0,1.0,1.0,15.0,30.0,30.0,46.91300034410913,Medium
161938,Jari,6831,1143,1218,726,0,660.22,10.346551149616792,0.1783047870004391,0.1062801932367149,0.0,0.0,1.0,,0.0,0.0,0.0,1.0,1.0,1.0,1.0,0.0,1.0,1.0,1.0,1.0,1.0,1.0,1.0,1.0,0.0,1.0,1.0,1.0,13.0,29.0,29.0,38.80599187951802,Medium
161939,Pura Lotarh,734,114,137,128,0,105.11,6.983160498525354,0.1866485013623978,0.1743869209809264,0.0,0.0,0.0,0.0,0.0,0.0,0.0,1.0,1.0,1.0,1.0,0.0,0.0,0.0,0.0,0.0,1.0,0.0,0.0,0.0,0.0,0.0,0.0,1.0,19.0,31.0,31.0,40.09186859505432,Medium
161940,Gadaiya Khurd,2433,465,358,772,23,212.92,11.426826977268458,0.1471434443074393,0.3173037402383888,0.0094533497739416,0.0,0.0,0.0,0.0,0.0,1.0,1.0,0.0,1.0,1.0,0.0,1.0,0.0,1.0,1.0,1.0,1.0,1.0,1.0,0.0,1.0,1.0,1.0,20.0,40.0,40.0,42.52974614995024,Medium
161941,Lotarh,1250,185,144,454,2,212.89,5.871576870684391,0.1152,0.3632,0.0016,0.0,0.0,0.0,0.0,0.0,0.0,1.0,1.0,1.0,1.0,0.0,0.0,0.0,0.0,0.0,1.0,0.0,0.0,0.0,0.0,1.0,1.0,1.0,18.0,32.0,32.0,38.88497502154165,Medium
161942,Jariha Antri,355,77,67,129,0,182.67,1.9433951935183664,0.1887323943661971,0.3633802816901408,0.0,0.0,0.0,0.0,0.0,0.0,0.0,1.0,1.0,0.0,0.0,0.0,1.0,0.0,0.0,0.0,0.0,0.0,0.0,0.0,0.0,0.0,0.0,1.0,21.0,35.0,35.0,55.89211844218555,Medium
161943,Dadura,35,6,5,0,0,40.77,0.8584743684081432,0.1428571428571428,0.0,0.0,0.0,0.0,0.0,0.0,0.0,0.0,1.0,1.0,1.0,0.0,0.0,1.0,0.0,0.0,0.0,0.0,0.0,0.0,0.0,0.0,0.0,0.0,1.0,21.0,34.0,34.0,52.65434784612118,Medium
161944,Biskuri,1499,297,257,451,0,124.4,12.04983922829582,0.171447631754503,0.3008672448298866,0.0,0.0,0.0,0.0,0.0,0.0,0.0,1.0,1.0,1.0,0.0,0.0,0.0,0.0,0.0,0.0,1.0,0.0,0.0,0.0,0.0,1.0,1.0,1.0,20.0,34.0,34.0,40.47658454512607,Medium
161945,Rampatti,305,54,58,80,0,31.34,9.7319719208679,0.1901639344262295,0.2622950819672131,0.0,0.0,0.0,0.0,0.0,0.0,0.0,1.0,1.0,1.0,0.0,0.0,1.0,0.0,0.0,0.0,1.0,0.0,0.0,0.0,0.0,0.0,0.0,1.0,19.0,33.0,33.0,50.74990275245885,Medium
161946,Kubri Kolhuadih,112,20,16,0,0,44.33,2.526505752312204,0.1428571428571428,0.0,0.0,0.0,0.0,0.0,0.0,0.0,0.0,1.0,1.0,1.0,0.0,0.0,1.0,0.0,0.0,0.0,1.0,0.0,0.0,0.0,0.0,0.0,0.0,1.0,20.0,34.0,34.0,47.72293683233264,Medium
161947,Raipura Kalan,1004,240,208,461,0,140.21,7.160687540118394,0.2071713147410358,0.4591633466135458,0.0,0.0,0.0,0.0,0.0,0.0,0.0,0.0,0.0,1.0,1.0,0.0,1.0,0.0,0.0,0.0,1.0,0.0,0.0,0.0,0.0,1.0,1.0,1.0,24.0,35.0,35.0,58.805401653779086,Medium
161948,Khujhi,1209,172,235,249,0,488.1,2.4769514443761524,0.1943755169561621,0.205955334987593,0.0,0.0,0.0,0.0,0.0,0.0,0.0,1.0,0.0,1.0,0.0,0.0,0.0,0.0,0.0,0.0,1.0,0.0,0.0,0.0,0.0,1.0,1.0,1.0,25.0,36.0,36.0,43.629560404225565,Medium
161949,Khonpa,138,26,20,0,0,106.39,1.2971143904502302,0.144927536231884,0.0,0.0,0.0,0.0,0.0,0.0,0.0,0.0,1.0,0.0,1.0,0.0,0.0,1.0,0.0,0.0,0.0,0.0,0.0,1.0,0.0,0.0,0.0,0.0,1.0,,38.0,38.0,56.06782973630816,Medium
161950,Koludih,8,1,2,0,0,43.89,0.1822738664843928,0.25,0.0,0.0,0.0,0.0,0.0,0.0,0.0,0.0,0.0,0.0,1.0,0.0,0.0,1.0,0.0,0.0,0.0,0.0,0.0,0.0,0.0,0.0,0.0,0.0,0.0,25.0,35.0,35.0,62.507495050654114,Medium
161951,Pura Baijnath,262,56,60,5,0,32.26,8.121512709237447,0.2290076335877862,0.0190839694656488,0.0,0.0,0.0,0.0,0.0,0.0,0.0,1.0,0.0,1.0,1.0,0.0,1.0,0.0,0.0,1.0,1.0,0.0,1.0,0.0,0.0,0.0,1.0,1.0,3.0,30.0,30.0,53.96626986361833,Medium
161952,Ginj,2246,429,460,665,0,106.22,21.14479382413858,0.2048085485307212,0.2960819234194123,0.0,0.0,0.0,0.0,0.0,0.0,0.0,1.0,0.0,1.0,1.0,0.0,1.0,0.0,1.0,1.0,1.0,0.0,1.0,0.0,0.0,1.0,1.0,1.0,3.0,30.0,30.0,55.16080077610417,Medium
161953,Pahari Amadarail,312,53,45,35,0,143.14,2.1796842252340367,0.1442307692307692,0.1121794871794871,0.0,0.0,0.0,0.0,0.0,0.0,1.0,1.0,0.0,1.0,1.0,0.0,1.0,0.0,0.0,0.0,1.0,0.0,1.0,0.0,0.0,0.0,1.0,1.0,10.0,35.0,35.0,48.31078185478279,Medium
161954,Bhav Dilawan,569,82,106,60,0,176.27,3.2280024961706477,0.1862917398945518,0.1054481546572935,0.0,0.0,0.0,0.0,0.0,0.0,0.0,1.0,0.0,1.0,1.0,1.0,0.0,0.0,0.0,0.0,1.0,1.0,1.0,0.0,0.0,0.0,1.0,1.0,12.0,32.0,20.0,37.91539420092133,Medium
161955,Antarsuiya,1164,160,171,212,0,191.62,6.07452249243294,0.1469072164948453,0.1821305841924398,0.0,0.0,0.0,0.0,0.0,0.0,0.0,1.0,0.0,1.0,1.0,0.0,0.0,0.0,1.0,0.0,1.0,0.0,1.0,0.0,0.0,1.0,1.0,1.0,11.0,32.0,32.0,42.2343187565265,Medium
161956,Gadaiya Kalan,2913,470,460,844,0,286.32,10.17393126571668,0.1579128046687264,0.2897356676965328,0.0,0.0,0.0,0.0,0.0,1.0,0.0,1.0,0.0,1.0,1.0,0.0,1.0,0.0,1.0,1.0,1.0,1.0,1.0,0.0,0.0,1.0,1.0,1.0,20.0,40.0,40.0,44.93774503362164,Medium
161957,Kundi,1265,222,148,380,4,258.34,4.896647828443138,0.11699604743083,0.300395256916996,0.0031620553359683,0.0,,,,,1.0,1.0,0.0,0.0,0.0,0.0,0.0,0.0,0.0,0.0,1.0,1.0,1.0,0.0,0.0,1.0,1.0,1.0,13.0,35.0,35.0,33.62204197418627,Medium
161958,Gauhani,995,174,134,389,0,149.6,6.651069518716578,0.1346733668341708,0.3909547738693467,0.0,0.0,0.0,0.0,0.0,0.0,1.0,1.0,1.0,1.0,1.0,0.0,0.0,1.0,1.0,1.0,1.0,0.0,1.0,0.0,0.0,1.0,1.0,1.0,7.0,23.0,23.0,36.2684650016637,Medium
161959,Maida,1179,298,152,412,0,223.55,5.273987922165063,0.1289228159457167,0.3494486853265479,0.0,0.0,0.0,0.0,0.0,0.0,0.0,1.0,1.0,0.0,1.0,0.0,1.0,0.0,0.0,0.0,1.0,1.0,1.0,0.0,0.0,1.0,1.0,1.0,23.0,33.0,33.0,44.16512615368834,Medium
161960,Chandi,442,71,61,103,0,176.63,2.502406159769009,0.1380090497737556,0.2330316742081448,0.0,0.0,0.0,0.0,0.0,0.0,0.0,1.0,0.0,1.0,1.0,1.0,0.0,0.0,0.0,0.0,1.0,0.0,1.0,0.0,0.0,1.0,1.0,1.0,25.0,34.0,34.0,42.0749947756678,Medium
161961,Antri Alaph,0,0,0,0,0,12.31,0.0,,,,,,,,,,,,,,,,,,,,,,,,,,,26.0,35.0,35.0,45.0,Medium
161962,Majhiari Kalan,559,95,87,30,0,193.54,2.8882918259791257,0.1556350626118068,0.0536672629695885,0.0,0.0,0.0,0.0,0.0,0.0,0.0,1.0,0.0,1.0,1.0,0.0,1.0,1.0,1.0,0.0,1.0,1.0,1.0,0.0,0.0,1.0,1.0,1.0,25.0,35.0,35.0,46.72282061580026,Medium
161963,Kherhat Khurd,467,80,68,78,0,148.96,3.135069817400644,0.145610278372591,0.1670235546038544,0.0,0.0,0.0,0.0,0.0,0.0,0.0,1.0,0.0,1.0,0.0,0.0,1.0,0.0,0.0,0.0,0.0,1.0,1.0,1.0,0.0,0.0,1.0,1.0,28.0,27.0,8.0,49.49900598911199,Medium
161964,Dando,308,51,53,47,1,86.5,3.560693641618497,0.172077922077922,0.1525974025974026,0.0032467532467532,0.0,0.0,0.0,0.0,0.0,0.0,1.0,0.0,1.0,1.0,0.0,0.0,1.0,0.0,0.0,1.0,1.0,1.0,1.0,0.0,0.0,1.0,1.0,26.0,35.0,5.0,35.31593058971961,Medium
161965,Baghola,721,139,121,288,0,129.65,5.561126108754339,0.1678224687933426,0.3994452149791955,0.0,0.0,0.0,0.0,0.0,0.0,0.0,1.0,1.0,1.0,0.0,0.0,1.0,0.0,0.0,0.0,1.0,1.0,1.0,0.0,0.0,1.0,1.0,1.0,28.0,35.0,35.0,45.59390542968831,Medium
161966,Khauria,1028,141,117,378,0,313.2,3.2822477650063857,0.1138132295719844,0.367704280155642,0.0,0.0,0.0,0.0,0.0,0.0,0.0,1.0,0.0,1.0,1.0,0.0,1.0,0.0,0.0,0.0,1.0,0.0,1.0,1.0,0.0,1.0,1.0,1.0,16.0,44.0,44.0,49.55455006909147,Medium
161967,Rampur,1184,189,155,414,0,211.14,5.607653689495122,0.1309121621621621,0.3496621621621621,0.0,0.0,0.0,0.0,0.0,0.0,0.0,1.0,0.0,1.0,0.0,0.0,1.0,0.0,0.0,0.0,1.0,1.0,1.0,0.0,0.0,1.0,1.0,1.0,27.0,36.0,36.0,47.57292750117022,Medium
161968,Semri Tarhar,1470,238,321,544,0,204.36,7.193188490898415,0.2183673469387755,0.3700680272108843,0.0,0.0,0.0,0.0,0.0,0.0,0.0,1.0,1.0,1.0,1.0,0.0,1.0,0.0,0.0,0.0,1.0,0.0,0.0,0.0,0.0,0.0,1.0,1.0,18.0,40.0,40.0,52.03047578608077,Medium
161969,Nauriha Tarhar,1921,307,262,813,0,215.03,8.933637166906943,0.1363872982821447,0.4232170744403956,0.0,0.0,0.0,0.0,0.0,0.0,0.0,1.0,0.0,1.0,1.0,0.0,0.0,0.0,0.0,0.0,1.0,1.0,1.0,1.0,0.0,1.0,1.0,1.0,22.0,37.0,37.0,35.741719660968265,Medium
161970,Amilia Tarhar,2927,477,543,900,0,381.03,7.681809831246884,0.1855141783395968,0.3074820635462931,0.0,0.0,0.0,0.0,0.0,0.0,1.0,1.0,0.0,1.0,1.0,0.0,0.0,0.0,0.0,1.0,1.0,1.0,1.0,1.0,0.0,1.0,1.0,1.0,20.0,35.0,35.0,33.25204288329038,Medium
161971,Chak Sonai,0,0,0,0,0,17.04,0.0,,,,,,,,,,,,,,,,,,,,,,,,,,,15.0,28.0,28.0,45.0,Medium
161972,Goisara,2036,297,354,616,0,330.78,6.155148437027632,0.1738703339882122,0.3025540275049116,0.0,0.0,0.0,0.0,0.0,0.0,0.0,1.0,1.0,1.0,0.0,0.0,0.0,0.0,0.0,0.0,1.0,0.0,1.0,0.0,0.0,1.0,1.0,1.0,13.0,36.0,36.0,40.315311480956126,Medium
161973,Kanpura,0,0,0,0,0,58.03,0.0,,,,,,,,,,,,,,,,,,,,,,,,,,,15.0,28.0,28.0,45.0,Medium
161974,Bhatpura,1070,165,168,107,0,214.82,4.980914253793874,0.1570093457943925,0.1,0.0,0.0,0.0,0.0,0.0,0.0,0.0,1.0,0.0,1.0,1.0,0.0,0.0,0.0,0.0,0.0,1.0,0.0,0.0,0.0,0.0,0.0,1.0,0.0,20.0,45.0,45.0,42.08176084818251,Medium
161975,Chak Sucher,891,147,124,381,0,21.56,41.3265306122449,0.1391694725028058,0.4276094276094276,0.0,0.0,0.0,0.0,0.0,0.0,0.0,1.0,0.0,1.0,1.0,0.0,0.0,0.0,0.0,0.0,1.0,0.0,1.0,0.0,0.0,1.0,0.0,1.0,15.0,35.0,20.0,44.679133415379766,Medium
161976,Supari,0,0,0,0,0,128.67,0.0,,,,,,,,,,,,,,,,,,,,,,,,,,,18.0,35.0,35.0,45.0,Medium
161977,Maduri,1095,179,238,690,0,867.13,1.2627864334067556,0.217351598173516,0.6301369863013698,0.0,0.0,0.0,0.0,0.0,0.0,0.0,1.0,0.0,1.0,1.0,0.0,0.0,0.0,0.0,0.0,1.0,0.0,1.0,0.0,0.0,0.0,1.0,1.0,15.0,35.0,20.0,46.38982497002549,Medium
161978,Kolhai,0,0,0,0,0,317.02,0.0,,,,,,,,,,,,,,,,,,,,,,,,,,,12.0,35.0,35.0,45.0,Medium
161979,Sonaur,19,3,5,19,0,47.69,0.398406374501992,0.2631578947368421,1.0,0.0,0.0,0.0,0.0,0.0,0.0,0.0,1.0,0.0,1.0,1.0,0.0,1.0,0.0,0.0,0.0,1.0,0.0,0.0,0.0,0.0,0.0,0.0,0.0,20.0,45.0,45.0,59.577785867995495,Medium
161980,Lalapur,927,150,120,106,0,47.1,19.68152866242038,0.1294498381877022,0.1143473570658036,0.0,0.0,1.0,0.0,0.0,0.0,0.0,1.0,0.0,1.0,0.0,0.0,0.0,0.0,0.0,0.0,1.0,0.0,0.0,0.0,0.0,1.0,1.0,1.0,18.0,45.0,45.0,38.59786424456059,Medium
161981,Chintapur,147,26,32,62,0,16.45,8.936170212765958,0.2176870748299319,0.4217687074829932,0.0,0.0,0.0,0.0,0.0,0.0,0.0,1.0,0.0,0.0,0.0,0.0,1.0,0.0,0.0,0.0,1.0,0.0,0.0,0.0,0.0,0.0,0.0,0.0,12.0,35.0,35.0,55.67357528075552,Medium
161982,Gopipur,0,0,0,0,0,19.72,0.0,,,,,,,,,,,,,,,,,,,,,,,,,,,12.0,35.0,35.0,45.0,Medium
161983,Nagra,0,0,0,0,0,13.89,0.0,,,,,,,,,,,,,,,,,,,,,,,,,,,13.0,36.0,36.0,45.0,Medium
161984,Basahai,237,40,46,147,0,102.0,2.323529411764706,0.1940928270042194,0.620253164556962,0.0,0.0,0.0,0.0,0.0,0.0,,,,,,,,,,,,,,,,1.0,1.0,1.0,15.0,40.0,40.0,54.01959351557134,Medium
161985,Gidhar,316,36,56,71,0,93.51,3.379317720029943,0.1772151898734177,0.2246835443037974,0.0,0.0,0.0,0.0,0.0,0.0,0.0,1.0,0.0,1.0,1.0,0.0,1.0,0.0,0.0,0.0,1.0,0.0,0.0,0.0,0.0,0.0,1.0,0.0,10.0,40.0,40.0,53.24549668840649,Medium
161986,Othgi Tarhar,2215,371,389,568,0,137.97,16.05421468435167,0.1756207674943566,0.2564334085778781,0.0,0.0,0.0,0.0,0.0,0.0,0.0,1.0,1.0,1.0,1.0,0.0,0.0,0.0,0.0,0.0,1.0,0.0,0.0,0.0,0.0,1.0,1.0,1.0,12.0,35.0,35.0,40.544268240201205,Medium
161987,Jodhi Majhiari,951,159,183,530,0,152.36,6.241795746915201,0.1924290220820189,0.5573080967402734,0.0,0.0,0.0,0.0,0.0,0.0,0.0,1.0,0.0,1.0,1.0,0.0,1.0,0.0,0.0,0.0,1.0,0.0,1.0,0.0,0.0,1.0,1.0,1.0,11.0,35.0,35.0,55.48273871654488,Medium
161988,Ichhaura,749,118,108,5,0,207.91,3.602520321292867,0.144192256341789,0.0066755674232309,0.0,0.0,0.0,0.0,0.0,0.0,0.0,1.0,1.0,0.0,0.0,0.0,1.0,0.0,0.0,0.0,1.0,0.0,1.0,0.0,0.0,0.0,1.0,1.0,12.0,35.0,35.0,47.84061349355721,Medium
161989,Bichhia,50,12,12,50,0,74.8,0.6684491978609626,0.24,1.0,0.0,0.0,0.0,0.0,0.0,0.0,0.0,1.0,0.0,1.0,0.0,1.0,0.0,0.0,0.0,0.0,0.0,0.0,1.0,0.0,0.0,0.0,0.0,0.0,7.0,45.0,45.0,53.89415311162063,Medium
161990,Bankipur,697,103,105,277,0,160.77,4.335385955091124,0.1506456241032998,0.3974175035868005,0.0,0.0,0.0,0.0,0.0,0.0,1.0,1.0,0.0,0.0,0.0,0.0,1.0,0.0,0.0,0.0,0.0,0.0,1.0,0.0,0.0,1.0,1.0,1.0,7.0,45.0,45.0,55.01805943808983,Medium
161991,Sonbai,1449,218,223,401,4,202.17,7.167235494880546,0.1538992408557626,0.2767425810904071,0.0027605244996549,0.0,0.0,0.0,0.0,0.0,1.0,1.0,0.0,1.0,1.0,1.0,1.0,0.0,0.0,0.0,1.0,1.0,1.0,0.0,0.0,1.0,1.0,1.0,7.0,45.0,45.0,44.69465275759932,Medium
161992,Kachhgawan,0,0,0,0,0,46.28,0.0,,,,,,,,,,,,,,,,,,,,,,,,,,,7.0,39.0,39.0,45.0,Medium
161993,Dhara,1860,315,350,996,2,255.18,7.288972490007054,0.1881720430107527,0.535483870967742,0.0010752688172043,0.0,0.0,0.0,0.0,0.0,1.0,1.0,0.0,1.0,0.0,1.0,1.0,0.0,0.0,0.0,1.0,1.0,1.0,0.0,0.0,1.0,1.0,0.0,6.0,38.0,38.0,46.98130928444979,Medium
161994,Dubha,1055,201,162,318,0,209.267,5.04140643293018,0.1535545023696682,0.3014218009478673,0.0,0.0,0.0,0.0,0.0,0.0,0.0,1.0,0.0,1.0,0.0,1.0,0.0,0.0,0.0,0.0,1.0,0.0,1.0,0.0,0.0,1.0,1.0,1.0,8.0,40.0,40.0,42.98771197174828,Medium
161995,Babandhara,1054,191,181,461,0,198.32,5.3146430012101655,0.1717267552182163,0.437381404174573,0.0,0.0,0.0,0.0,0.0,0.0,0.0,1.0,0.0,1.0,1.0,1.0,0.0,1.0,1.0,0.0,1.0,0.0,1.0,0.0,0.0,1.0,1.0,1.0,7.0,35.0,35.0,44.22391298497082,Medium
161996,Bhamai,246,38,46,193,0,142.12,1.7309316070925975,0.1869918699186991,0.7845528455284553,0.0,0.0,0.0,0.0,0.0,0.0,0.0,1.0,0.0,1.0,1.0,0.0,1.0,0.0,0.0,0.0,0.0,1.0,1.0,0.0,0.0,1.0,1.0,1.0,4.0,26.0,26.0,56.27036241775068,Medium
161997,Korari,775,113,136,0,0,64.95,11.93225558121632,0.1754838709677419,0.0,0.0,0.0,0.0,0.0,0.0,0.0,0.0,1.0,1.0,1.0,1.0,0.0,1.0,0.0,0.0,0.0,1.0,1.0,1.0,0.0,1.0,1.0,1.0,1.0,4.0,30.0,30.0,41.588500490535175,Medium
161998,Hinauti Sangram,128,22,17,75,0,65.68,1.94884287454324,0.1328125,0.5859375,0.0,0.0,0.0,0.0,0.0,0.0,0.0,1.0,0.0,1.0,1.0,0.0,1.0,0.0,0.0,0.0,1.0,1.0,1.0,0.0,0.0,1.0,1.0,1.0,4.0,30.0,30.0,48.66086504320964,Medium
161999,Benauri,764,128,124,216,0,224.28,3.40645621544498,0.1623036649214659,0.2827225130890052,0.0,0.0,0.0,0.0,0.0,0.0,0.0,1.0,0.0,1.0,1.0,0.0,1.0,1.0,1.0,0.0,1.0,0.0,1.0,0.0,0.0,1.0,1.0,1.0,10.0,35.0,35.0,53.08946171115147,Medium
162000,Tikri Khurd,35,9,5,21,0,57.08,0.6131744919411353,0.1428571428571428,0.6,0.0,0.0,0.0,0.0,0.0,0.0,0.0,0.0,0.0,0.0,0.0,0.0,1.0,0.0,0.0,0.0,0.0,0.0,1.0,0.0,0.0,1.0,1.0,1.0,10.0,40.0,40.0,62.31092785014647,Medium
162001,Laund Kalan,2274,447,431,1154,0,201.0,11.313432835820896,0.1895338610378188,0.5074758135444152,0.0,0.0,0.0,0.0,0.0,0.0,0.0,1.0,0.0,0.0,0.0,1.0,0.0,0.0,0.0,0.0,0.0,0.0,1.0,0.0,0.0,1.0,1.0,1.0,9.0,26.0,26.0,50.35526677465085,Medium
162002,Chak Sarban,0,0,0,0,0,1.98,0.0,,,,,,,,,,,,,,,,,,,,,,,,,,,8.0,36.0,36.0,45.0,Medium
162003,Hinauti Balraj,0,0,0,0,0,68.67,0.0,,,,,,,,,,,,,,,,,,,,,,,,,,,9.0,35.0,35.0,45.0,Medium
162004,Hinauti Duniyapat,0,0,0,0,0,70.65,0.0,,,,,,,,,,,,,,,,,,,,,,,,,,,9.0,35.0,35.0,45.0,Medium
162005,Sunderpur,1404,231,218,598,51,147.97,9.488409812799892,0.1552706552706552,0.4259259259259259,0.0363247863247863,0.0,0.0,0.0,0.0,0.0,1.0,0.0,1.0,0.0,0.0,0.0,1.0,0.0,0.0,0.0,0.0,0.0,1.0,0.0,0.0,1.0,1.0,1.0,7.0,34.0,34.0,56.378590330272175,Medium
162006,Bhondi,1252,244,246,530,0,494.43,2.532208806099953,0.1964856230031949,0.4233226837060703,0.0,0.0,0.0,0.0,0.0,0.0,0.0,1.0,0.0,1.0,0.0,0.0,1.0,0.0,0.0,0.0,0.0,0.0,1.0,1.0,0.0,1.0,1.0,1.0,9.0,37.0,37.0,57.2819724965622,Medium
162007,Kanchanpur,647,120,106,340,0,138.58,4.668783374224274,0.1638330757341576,0.5255023183925811,0.0,0.0,0.0,0.0,0.0,0.0,0.0,1.0,0.0,0.0,0.0,0.0,0.0,0.0,0.0,0.0,0.0,0.0,1.0,0.0,0.0,1.0,1.0,1.0,8.0,35.0,35.0,49.40114960345175,Medium
162008,Charhari,0,0,0,0,0,96.68,0.0,,,,,,,,,,,,,,,,,,,,,,,,,,,9.0,34.0,34.0,45.0,Medium
162009,Chandra,1058,151,181,162,0,230.833,4.583400120433387,0.1710775047258979,0.1531190926275992,0.0,0.0,0.0,0.0,0.0,0.0,0.0,1.0,0.0,1.0,1.0,0.0,0.0,0.0,0.0,0.0,1.0,0.0,1.0,0.0,0.0,1.0,0.0,1.0,6.0,40.0,40.0,42.75305540874951,Medium
162010,Lohgara,4213,778,792,1385,4,1006.04,4.1877062542244845,0.1879895561357702,0.3287443626869214,0.0009494422027059,0.0,0.0,0.0,0.0,0.0,0.0,1.0,0.0,1.0,1.0,0.0,0.0,0.0,0.0,0.0,0.0,0.0,1.0,0.0,0.0,1.0,1.0,1.0,6.0,34.0,34.0,49.14494283434076,Medium
162011,Pura Bais,329,51,42,141,0,69.38,4.742000576535025,0.1276595744680851,0.4285714285714285,0.0,0.0,0.0,0.0,0.0,0.0,0.0,1.0,0.0,0.0,1.0,0.0,0.0,0.0,0.0,0.0,1.0,0.0,1.0,0.0,0.0,0.0,1.0,1.0,5.0,35.0,35.0,42.8343007873429,Medium
162012,Bhelaon,1420,225,244,552,0,154.74,9.17668346904485,0.1718309859154929,0.3887323943661971,0.0,0.0,0.0,0.0,0.0,0.0,0.0,1.0,0.0,0.0,0.0,0.0,0.0,0.0,1.0,0.0,1.0,0.0,1.0,0.0,0.0,0.0,1.0,1.0,5.0,36.0,36.0,44.14260088588995,Medium
162013,Amilihai,0,0,0,0,0,66.13,0.0,,,,,,,,,,,,,,,,,,,,,,,,,,,5.0,35.0,35.0,45.0,Medium
162014,Lalai,1870,340,425,663,0,679.6,2.751618599175986,0.2272727272727272,0.3545454545454545,0.0,,,,,,,,,,,,,,,,,,,,,1.0,1.0,1.0,5.0,36.0,36.0,53.704054881797234,Medium
162015,Bhilore,428,73,103,53,0,199.24,2.148163019474001,0.2406542056074766,0.1238317757009345,0.0,0.0,0.0,0.0,0.0,0.0,0.0,1.0,0.0,1.0,0.0,0.0,0.0,0.0,0.0,0.0,0.0,0.0,0.0,0.0,1.0,0.0,0.0,1.0,18.0,40.0,40.0,47.09378357881763,Medium
162016,Pandua,2087,329,353,373,1,277.5,7.52072072072072,0.169142309535218,0.1787254432199329,0.0004791566842357,0.0,0.0,0.0,0.0,0.0,0.0,1.0,0.0,1.0,0.0,0.0,0.0,0.0,0.0,0.0,1.0,0.0,0.0,0.0,0.0,1.0,1.0,1.0,21.0,45.0,45.0,42.95525419964928,Medium
162017,Pratappur,1464,233,345,182,0,754.94,1.939226958433783,0.235655737704918,0.1243169398907103,0.0,1.0,0.0,1.0,0.0,0.0,0.0,1.0,0.0,1.0,1.0,0.0,0.0,0.0,0.0,0.0,1.0,0.0,1.0,0.0,0.0,0.0,1.0,1.0,18.0,45.0,45.0,37.77099730335023,Medium
162018,Derawari,1346,340,247,422,0,565.23,2.3813314933743785,0.1835066864784546,0.3135215453194651,0.0,0.0,0.0,0.0,0.0,0.0,0.0,1.0,0.0,1.0,1.0,0.0,0.0,0.0,0.0,1.0,1.0,0.0,1.0,0.0,0.0,1.0,1.0,1.0,18.0,42.0,42.0,43.83739467578421,Medium
162019,Kachari,224,40,68,148,0,398.39,0.5622631090137805,0.3035714285714285,0.6607142857142857,0.0,0.0,0.0,0.0,0.0,0.0,0.0,1.0,0.0,0.0,0.0,0.0,1.0,0.0,0.0,0.0,1.0,0.0,1.0,1.0,0.0,0.0,0.0,0.0,20.0,48.0,48.0,56.6005010549183,Medium
162020,Bhaisahi,699,96,131,508,0,297.71,2.347922474891673,0.1874105865522174,0.7267525035765379,0.0,0.0,0.0,0.0,0.0,0.0,0.0,1.0,0.0,0.0,1.0,0.0,0.0,0.0,0.0,0.0,1.0,0.0,1.0,0.0,0.0,1.0,1.0,1.0,17.0,40.0,40.0,46.01929269974182,Medium
162021,Lakhnauti,399,78,84,263,0,272.83,1.4624491441557017,0.2105263157894736,0.6591478696741855,0.0,,0.0,0.0,0.0,0.0,0.0,1.0,0.0,0.0,0.0,0.0,0.0,0.0,0.0,0.0,1.0,0.0,1.0,1.0,0.0,0.0,1.0,0.0,22.0,48.0,48.0,43.8383309904584,Medium
162022,Bargari,1090,158,217,627,0,816.68,1.334672086986335,0.1990825688073394,0.5752293577981651,0.0,0.0,0.0,0.0,0.0,0.0,0.0,1.0,0.0,0.0,0.0,0.0,0.0,0.0,0.0,0.0,1.0,0.0,1.0,1.0,0.0,0.0,1.0,1.0,18.0,46.0,20.0,43.07017186459007,Medium
162023,Pura Baldo,1137,205,231,468,0,487.46,2.332499076847331,0.2031662269129287,0.4116094986807387,0.0,0.0,0.0,0.0,0.0,0.0,0.0,1.0,0.0,1.0,1.0,0.0,1.0,0.0,0.0,0.0,1.0,0.0,1.0,1.0,0.0,1.0,0.0,1.0,9.0,35.0,35.0,52.41561268024966,Medium
162024,Golhaiya,1476,240,324,1042,0,396.97,3.7181651006373273,0.2195121951219512,0.7059620596205962,0.0,0.0,0.0,0.0,0.0,0.0,0.0,1.0,1.0,0.0,0.0,0.0,1.0,0.0,0.0,0.0,1.0,1.0,1.0,1.0,0.0,1.0,1.0,1.0,10.0,40.0,40.0,46.10139939908595,Medium
162025,Kolhuwa,148,17,31,0,0,57.2,2.5874125874125875,0.2094594594594594,0.0,0.0,0.0,0.0,0.0,0.0,0.0,0.0,1.0,0.0,1.0,1.0,0.0,0.0,0.0,0.0,0.0,1.0,1.0,1.0,1.0,0.0,0.0,0.0,0.0,15.0,40.0,10.0,35.556844135841445,Medium
162026,Kota,344,123,29,0,0,335.12,1.0264979708761042,0.0843023255813953,0.0,0.0,0.0,0.0,0.0,0.0,0.0,0.0,1.0,0.0,1.0,1.0,0.0,0.0,0.0,0.0,0.0,1.0,1.0,1.0,1.0,0.0,0.0,1.0,1.0,15.0,40.0,10.0,31.737945744946398,Low
162027,Baghla,706,187,99,91,0,58.67,12.033407192773138,0.1402266288951841,0.1288951841359773,0.0,0.0,0.0,0.0,0.0,0.0,0.0,1.0,0.0,1.0,1.0,0.0,0.0,0.0,0.0,0.0,1.0,0.0,1.0,0.0,0.0,1.0,1.0,1.0,11.0,37.0,37.0,42.01275180848343,Medium
162028,Ghoghar,406,129,70,35,0,148.0,2.7432432432432434,0.1724137931034483,0.0862068965517241,0.0,0.0,0.0,0.0,0.0,0.0,0.0,1.0,0.0,1.0,1.0,0.0,1.0,0.0,0.0,0.0,0.0,0.0,1.0,1.0,0.0,0.0,1.0,1.0,15.0,42.0,7.0,54.8829163411122,Medium
162029,Madanpur,1288,221,151,496,0,318.68,4.041671896573365,0.1172360248447205,0.3850931677018633,0.0,0.0,0.0,0.0,0.0,0.0,0.0,1.0,0.0,1.0,0.0,0.0,0.0,0.0,0.0,0.0,1.0,0.0,1.0,0.0,0.0,1.0,1.0,1.0,12.0,30.0,10.0,42.27540567390983,Medium
162030,Chak Antri Dubha,25,4,6,0,0,103.0,0.2427184466019417,0.24,0.0,0.0,0.0,0.0,0.0,0.0,0.0,0.0,0.0,0.0,0.0,0.0,0.0,1.0,0.0,0.0,0.0,0.0,0.0,1.0,0.0,0.0,0.0,0.0,0.0,12.0,40.0,6.0,62.20998051496386,Medium
162031,Laund Khurd,1122,230,209,400,2,283.85,3.9527919675885146,0.1862745098039215,0.35650623885918,0.0017825311942959,0.0,0.0,0.0,0.0,0.0,0.0,1.0,0.0,1.0,0.0,0.0,0.0,0.0,1.0,0.0,1.0,0.0,1.0,0.0,0.0,1.0,1.0,1.0,10.0,345.0,34.0,44.24253334006948,Medium
162032,Biharia,2191,382,407,912,0,958.86,2.285005110235071,0.1857599269739844,0.4162482884527613,0.0,0.0,0.0,1.0,0.0,0.0,0.0,1.0,0.0,0.0,1.0,0.0,0.0,0.0,0.0,1.0,1.0,0.0,0.0,0.0,0.0,1.0,1.0,1.0,20.0,65.0,10.0,41.08133135892091,Medium
162033,Janwan,1552,282,341,745,0,642.78,2.414511963657861,0.2197164948453608,0.4800257731958763,0.0,0.0,0.0,0.0,0.0,0.0,0.0,1.0,1.0,0.0,0.0,0.0,1.0,1.0,1.0,1.0,1.0,1.0,1.0,0.0,0.0,0.0,1.0,1.0,19.0,49.0,49.0,47.42424110454244,Medium
162034,Amgodar,486,85,96,251,0,141.74,3.42881332016368,0.1975308641975308,0.5164609053497943,0.0,0.0,0.0,0.0,0.0,0.0,0.0,1.0,1.0,0.0,0.0,0.0,0.0,1.0,1.0,1.0,0.0,1.0,1.0,0.0,0.0,0.0,1.0,0.0,18.0,48.0,48.0,41.98255563532699,Medium
162035,Abhaipur,1142,267,197,858,0,276.25,4.133936651583711,0.1725043782837128,0.7513134851138353,0.0,0.0,0.0,0.0,0.0,0.0,0.0,0.0,0.0,0.0,0.0,0.0,0.0,0.0,0.0,1.0,1.0,1.0,0.0,0.0,0.0,0.0,1.0,1.0,18.0,42.0,42.0,44.101685098517024,Medium
162036,Ledar,766,108,28,5,0,488.75,1.5672634271099743,0.0365535248041775,0.0065274151436031,0.0,0.0,0.0,0.0,0.0,0.0,0.0,1.0,1.0,0.0,0.0,0.0,1.0,1.0,1.0,1.0,1.0,1.0,1.0,0.0,0.0,1.0,1.0,1.0,18.0,48.0,48.0,39.527021589053405,Medium
162037,Chak Arazi Garhwa,997,231,264,959,0,115.24,8.651509892398472,0.2647943831494483,0.9618856569709128,0.0,0.0,0.0,0.0,0.0,0.0,0.0,1.0,0.0,0.0,0.0,0.0,1.0,0.0,1.0,1.0,1.0,1.0,0.0,1.0,0.0,0.0,1.0,1.0,15.0,55.0,55.0,52.27567412464197,Medium
162038,Ghivdoda,17,6,3,9,0,160.66,0.1058135192331632,0.1764705882352941,0.5294117647058824,0.0,0.0,0.0,0.0,0.0,0.0,0.0,0.0,0.0,1.0,0.0,0.0,1.0,0.0,0.0,0.0,0.0,0.0,1.0,1.0,0.0,0.0,0.0,0.0,15.0,55.0,55.0,60.44552749304602,Medium
162039,Baisa,143,23,17,0,0,229.0,0.6244541484716157,0.1188811188811188,0.0,0.0,0.0,0.0,0.0,0.0,0.0,1.0,1.0,1.0,0.0,1.0,0.0,1.0,0.0,0.0,0.0,0.0,1.0,1.0,1.0,0.0,0.0,0.0,0.0,14.0,44.0,3.0,41.092110947202606,Medium
162040,Sheorajpur,2564,446,513,1199,0,719.1,3.565568071200111,0.2000780031201248,0.4676287051482059,0.0,0.0,0.0,0.0,0.0,0.0,1.0,1.0,1.0,0.0,0.0,0.0,1.0,1.0,1.0,1.0,1.0,1.0,1.0,1.0,0.0,1.0,1.0,1.0,12.0,40.0,40.0,40.98709878596063,Medium
162041,Benipur,2232,366,405,723,0,696.0,3.206896551724138,0.1814516129032258,0.3239247311827957,0.0,0.0,0.0,0.0,0.0,0.0,0.0,1.0,1.0,1.0,0.0,1.0,0.0,1.0,1.0,1.0,1.0,1.0,1.0,1.0,1.0,1.0,1.0,1.0,14.0,44.0,3.0,30.5283720699149,Low
162042,Garha,2680,494,538,2218,0,503.06,5.327396334433268,0.2007462686567164,0.8276119402985075,0.0,0.0,0.0,0.0,0.0,0.0,0.0,1.0,0.0,0.0,0.0,0.0,1.0,1.0,0.0,1.0,1.0,1.0,0.0,1.0,0.0,1.0,1.0,1.0,13.0,50.0,50.0,49.54617548225776,Medium
162043,Kaotha,181,55,30,119,0,63.57,2.8472549944942585,0.1657458563535911,0.6574585635359116,0.0,,,,,,,,,,,,,,,,,,,,,1.0,1.0,1.0,10.0,40.0,40.0,53.37674684113064,Medium
162044,Lakhanpur,1517,281,213,323,242,358.2,4.235064209938582,0.1404087013843111,0.2129202373104812,0.1595253790375741,0.0,0.0,0.0,0.0,0.0,0.0,1.0,0.0,0.0,0.0,0.0,0.0,0.0,0.0,1.0,0.0,0.0,0.0,0.0,0.0,1.0,1.0,1.0,10.0,45.0,45.0,50.9267489332553,Medium
162045,Hinauti Pandey,925,131,148,458,0,298.6,3.097789685197589,0.16,0.4951351351351351,0.0,0.0,0.0,0.0,0.0,0.0,0.0,1.0,0.0,0.0,0.0,0.0,1.0,0.0,0.0,0.0,0.0,0.0,1.0,0.0,0.0,1.0,1.0,1.0,15.0,46.0,46.0,59.06972259193136,Medium
162046,Malapur,644,105,103,62,0,170.2,3.783783783783784,0.1599378881987577,0.0962732919254658,0.0,0.0,0.0,0.0,0.0,0.0,1.0,1.0,1.0,0.0,1.0,0.0,1.0,0.0,0.0,0.0,0.0,0.0,1.0,0.0,0.0,1.0,1.0,1.0,15.0,45.0,45.0,50.43509124156726,Medium
162047,Kapsu Antri,456,76,108,52,0,374.32,1.2182090190211583,0.2368421052631578,0.1140350877192982,0.0,0.0,0.0,0.0,0.0,0.0,1.0,1.0,1.0,0.0,1.0,0.0,0.0,0.0,0.0,0.0,0.0,0.0,1.0,0.0,0.0,0.0,0.0,0.0,15.0,40.0,40.0,42.72553101226625,Medium
162048,Kapari,1990,358,367,858,0,513.3,3.8768751217611537,0.1844221105527638,0.4311557788944724,0.0,0.0,0.0,0.0,0.0,0.0,0.0,1.0,0.0,0.0,0.0,0.0,0.0,1.0,1.0,1.0,1.0,0.0,1.0,0.0,0.0,1.0,1.0,1.0,8.0,35.0,35.0,44.514524903604894,Medium
162049,Khan Semra,842,140,195,578,0,413.99,2.033865552308027,0.2315914489311163,0.6864608076009501,0.0,0.0,0.0,0.0,0.0,0.0,0.0,1.0,0.0,1.0,1.0,0.0,0.0,1.0,1.0,1.0,1.0,0.0,0.0,1.0,0.0,0.0,1.0,1.0,10.0,40.0,40.0,44.6303461579916,Medium
162050,Berui,645,100,121,152,0,156.39,4.124304623057741,0.1875968992248062,0.2356589147286821,0.0,0.0,0.0,0.0,0.0,0.0,0.0,1.0,0.0,0.0,0.0,0.0,1.0,0.0,0.0,0.0,1.0,0.0,1.0,0.0,0.0,1.0,1.0,1.0,9.0,38.0,38.0,53.6424584751588,Medium
162051,Lakhar,427,65,70,38,0,61.2,6.977124183006536,0.1639344262295081,0.0889929742388758,0.0,0.0,0.0,0.0,0.0,0.0,1.0,1.0,0.0,1.0,0.0,0.0,0.0,0.0,0.0,1.0,1.0,0.0,1.0,0.0,0.0,0.0,0.0,0.0,15.0,40.0,40.0,38.983228395743446,Medium
162052,Jorwat,1079,204,166,410,40,194.02,5.561282342026595,0.1538461538461538,0.3799814643188137,0.0370713623725671,0.0,0.0,0.0,0.0,0.0,0.0,1.0,0.0,1.0,1.0,0.0,0.0,0.0,1.0,0.0,1.0,1.0,1.0,0.0,0.0,1.0,1.0,1.0,12.0,47.0,47.0,39.29581033201975,Medium
162053,Tala,791,134,86,439,0,98.45,8.03453529710513,0.1087231352718078,0.5549936788874842,0.0,0.0,0.0,0.0,0.0,0.0,0.0,1.0,0.0,0.0,0.0,0.0,1.0,0.0,0.0,0.0,1.0,0.0,1.0,0.0,0.0,0.0,1.0,1.0,15.0,45.0,45.0,53.03370697427135,Medium
162054,Chundwa,1032,186,133,155,0,123.92,8.327953518398967,0.128875968992248,0.1501937984496124,0.0,0.0,0.0,0.0,0.0,0.0,0.0,1.0,0.0,0.0,0.0,0.0,1.0,0.0,0.0,0.0,1.0,0.0,1.0,0.0,0.0,1.0,1.0,1.0,15.0,47.0,47.0,51.62635785928216,Medium
162055,Majhiari Bahelia,298,54,49,23,0,33.46,8.906156604901375,0.1644295302013423,0.0771812080536912,0.0,0.0,0.0,0.0,0.0,0.0,0.0,1.0,0.0,0.0,0.0,0.0,1.0,0.0,0.0,0.0,0.0,0.0,1.0,0.0,0.0,1.0,1.0,1.0,15.0,47.0,47.0,57.351677293550175,Medium
162056,Pagwar,1623,321,286,841,0,175.0,9.274285714285714,0.1762168823166974,0.5181762168823167,0.0,0.0,0.0,0.0,0.0,0.0,1.0,1.0,0.0,1.0,1.0,0.0,0.0,0.0,1.0,1.0,1.0,1.0,1.0,0.0,0.0,1.0,1.0,1.0,12.0,47.0,47.0,36.59207693433018,Medium
162057,Bakuliha,209,31,26,76,0,65.12,3.209459459459459,0.124401913875598,0.3636363636363636,0.0,0.0,0.0,0.0,0.0,0.0,0.0,1.0,0.0,1.0,0.0,0.0,1.0,0.0,0.0,0.0,1.0,1.0,1.0,0.0,0.0,0.0,0.0,1.0,13.0,48.0,48.0,47.34887798073994,Medium
162058,Matarwar,76,12,12,0,0,92.45,0.822065981611682,0.1578947368421052,0.0,0.0,0.0,0.0,0.0,0.0,0.0,0.0,1.0,0.0,1.0,0.0,0.0,1.0,0.0,0.0,0.0,1.0,1.0,1.0,0.0,0.0,0.0,0.0,1.0,14.0,49.0,49.0,46.43731189627254,Medium
162059,Gorkha,433,78,76,109,0,104.12,4.158663081060315,0.1755196304849884,0.2517321016166282,0.0,0.0,0.0,0.0,0.0,0.0,0.0,1.0,0.0,1.0,0.0,0.0,1.0,0.0,0.0,0.0,1.0,1.0,1.0,0.0,0.0,0.0,1.0,1.0,16.0,50.0,50.0,48.36191915763342,Medium
162060,Bushra,1460,271,195,499,0,605.69,2.410474004853968,0.1335616438356164,0.3417808219178082,0.0,0.0,0.0,0.0,0.0,0.0,0.0,1.0,0.0,1.0,1.0,0.0,0.0,0.0,0.0,0.0,1.0,1.0,0.0,1.0,0.0,1.0,1.0,1.0,18.0,58.0,10.0,34.98153811145105,Medium
162061,Rai Patna,234,47,43,60,0,250.0,0.936,0.1837606837606837,0.2564102564102564,0.0,0.0,0.0,0.0,0.0,0.0,0.0,1.0,0.0,0.0,0.0,0.0,1.0,0.0,0.0,0.0,0.0,0.0,1.0,0.0,0.0,0.0,1.0,1.0,14.0,44.0,44.0,58.5000265210039,Medium
162062,Bandhwa,1256,198,241,535,0,178.28,7.045097599282029,0.1918789808917197,0.4259554140127388,0.0,0.0,0.0,0.0,0.0,0.0,0.0,1.0,0.0,1.0,1.0,0.0,1.0,0.0,0.0,0.0,1.0,0.0,1.0,0.0,0.0,0.0,1.0,1.0,10.0,34.0,34.0,54.84250561576937,Medium
162063,Osa,1254,191,196,426,0,334.92,3.7441777140809744,0.1562998405103668,0.3397129186602871,0.0,0.0,0.0,0.0,0.0,0.0,0.0,1.0,1.0,1.0,1.0,0.0,0.0,0.0,0.0,0.0,1.0,1.0,1.0,1.0,0.0,1.0,1.0,1.0,9.0,40.0,40.0,32.37485268736109,Low
162064,Telghana,1073,166,155,139,2,369.61,2.9030599821433403,0.1444547996272134,0.1295433364398881,0.0018639328984156,0.0,0.0,0.0,0.0,0.0,0.0,1.0,0.0,0.0,0.0,0.0,1.0,0.0,0.0,0.0,1.0,1.0,1.0,0.0,0.0,1.0,1.0,1.0,12.0,36.0,36.0,46.81190650896527,Medium
162065,Sonbarsa,1671,558,236,782,1,736.56,2.268654284783317,0.1412327947336924,0.4679832435667265,0.0005984440454817,0.0,0.0,0.0,0.0,0.0,0.0,1.0,0.0,1.0,1.0,0.0,1.0,0.0,0.0,0.0,1.0,0.0,1.0,1.0,0.0,1.0,1.0,1.0,15.0,40.0,40.0,50.85114253745281,Medium
162066,Pura Gaja,324,47,52,35,0,181.29,1.787191792156214,0.1604938271604938,0.1080246913580246,0.0,0.0,0.0,0.0,0.0,0.0,0.0,1.0,0.0,1.0,1.0,0.0,0.0,0.0,0.0,0.0,1.0,0.0,1.0,1.0,0.0,0.0,1.0,1.0,15.0,40.0,40.0,39.59509376730223,Medium
162067,Sidh Tikar,2244,650,333,683,13,591.73,3.79227012319808,0.1483957219251337,0.3043672014260249,0.0057932263814616,0.0,0.0,0.0,0.0,0.0,0.0,1.0,0.0,1.0,1.0,0.0,1.0,0.0,0.0,0.0,1.0,1.0,1.0,1.0,0.0,1.0,1.0,1.0,18.0,38.0,38.0,45.43463948193868,Medium
162068,Kherhar Kalan,863,194,75,317,0,203.71,4.23641451082421,0.0869061413673232,0.3673232908458864,0.0,0.0,0.0,0.0,0.0,0.0,0.0,1.0,0.0,1.0,1.0,0.0,1.0,1.0,1.0,0.0,1.0,0.0,1.0,0.0,0.0,1.0,1.0,1.0,25.0,35.0,35.0,51.28466754739963,Medium
162069,Room,1301,458,190,231,0,352.63,3.689419504863455,0.1460415065334358,0.1775557263643351,0.0,0.0,0.0,0.0,0.0,0.0,0.0,1.0,0.0,1.0,1.0,0.0,0.0,0.0,0.0,0.0,1.0,1.0,1.0,1.0,0.0,0.0,1.0,1.0,30.0,42.0,42.0,34.5873983975856,Medium
162070,Othgi Uperhar,284,47,54,35,0,151.2,1.8783068783068784,0.1901408450704225,0.1232394366197183,0.0,0.0,0.0,0.0,0.0,0.0,0.0,1.0,0.0,0.0,0.0,0.0,0.0,0.0,0.0,0.0,0.0,0.0,1.0,1.0,0.0,0.0,1.0,1.0,32.0,40.0,40.0,45.56432465788929,Medium
162071,Bansi,1209,303,197,612,0,355.75,3.398453970484891,0.162944582299421,0.5062034739454094,0.0,0.0,0.0,0.0,0.0,0.0,0.0,1.0,0.0,1.0,1.0,0.0,0.0,0.0,0.0,0.0,1.0,0.0,1.0,1.0,0.0,1.0,1.0,1.0,23.0,40.0,20.0,41.72576498668681,Medium
162072,Juhi,2078,557,254,530,0,862.04,2.410560994849427,0.12223291626564,0.2550529355149182,0.0,0.0,0.0,0.0,0.0,0.0,0.0,1.0,0.0,1.0,1.0,0.0,0.0,0.0,0.0,0.0,0.0,0.0,1.0,0.0,0.0,1.0,1.0,1.0,28.0,48.0,48.0,46.70804042934169,Medium
162073,Kohandia,2236,340,368,730,0,736.97,3.034044805080261,0.1645796064400715,0.3264758497316636,0.0,0.0,0.0,0.0,0.0,0.0,0.0,1.0,0.0,1.0,1.0,0.0,1.0,0.0,0.0,0.0,1.0,1.0,0.0,0.0,0.0,1.0,1.0,1.0,35.0,45.0,18.0,48.36119318638904,Medium
162074,Jamohara Brahman,0,0,0,0,0,25.4,0.0,,,,,,,,,,,,,,,,,,,,,,,,,,,35.0,45.0,45.0,45.0,Medium
162075,Jamohara Bhat,487,90,93,236,0,81.69,5.961562002693109,0.190965092402464,0.4845995893223819,0.0,0.0,0.0,0.0,0.0,0.0,0.0,1.0,0.0,0.0,0.0,0.0,1.0,0.0,0.0,0.0,1.0,1.0,0.0,0.0,0.0,0.0,1.0,1.0,35.0,45.0,45.0,50.06375515550911,Medium
162076,Dihwa,215,33,44,0,0,115.8,1.8566493955094991,0.2046511627906976,0.0,0.0,0.0,0.0,0.0,0.0,0.0,0.0,1.0,0.0,1.0,0.0,0.0,0.0,1.0,0.0,0.0,1.0,1.0,1.0,1.0,0.0,0.0,1.0,1.0,19.0,39.0,39.0,35.382546456734666,Medium
162077,Harro,2603,465,444,1053,91,369.74,7.040082219938335,0.1705724164425662,0.4045332308874376,0.0349596619285439,0.0,0.0,0.0,0.0,0.0,0.0,1.0,0.0,1.0,1.0,0.0,1.0,1.0,0.0,0.0,1.0,1.0,0.0,0.0,0.0,1.0,1.0,1.0,15.0,42.0,42.0,49.93074264702069,Medium
162078,Batpara,69,11,5,0,0,40.3,1.7121588089330029,0.072463768115942,0.0,0.0,0.0,0.0,0.0,0.0,0.0,0.0,1.0,0.0,1.0,1.0,0.0,1.0,0.0,0.0,0.0,0.0,0.0,0.0,0.0,0.0,0.0,1.0,1.0,32.0,42.0,42.0,53.91098320379077,Medium
162079,Banbeharia,678,113,85,68,0,159.29,4.256387720509762,0.1253687315634218,0.1002949852507374,0.0,0.0,0.0,0.0,0.0,0.0,0.0,1.0,0.0,1.0,1.0,0.0,0.0,0.0,0.0,0.0,1.0,0.0,0.0,0.0,0.0,0.0,1.0,1.0,32.0,43.0,43.0,41.10422501812959,Medium
162080,Dera,1637,326,286,639,0,406.48,4.027258413698091,0.1747098350641417,0.3903481979230299,0.0,0.0,0.0,0.0,0.0,0.0,1.0,1.0,0.0,1.0,1.0,0.0,0.0,0.0,0.0,0.0,1.0,0.0,0.0,1.0,0.0,1.0,1.0,1.0,15.0,45.0,45.0,38.19196911986111,Medium
162081,Bajaddi,1175,183,214,276,0,396.77,2.9614134133124987,0.182127659574468,0.2348936170212766,0.0,0.0,0.0,0.0,0.0,0.0,0.0,1.0,0.0,1.0,0.0,0.0,0.0,0.0,0.0,1.0,1.0,0.0,0.0,1.0,0.0,1.0,1.0,1.0,25.0,45.0,45.0,40.926737034256384,Medium
162082,Surwal Sahini,1703,295,308,534,47,286.16,5.951216102879507,0.180857310628303,0.3135642982971227,0.0275983558426306,0.0,0.0,0.0,0.0,0.0,1.0,1.0,0.0,0.0,1.0,0.0,0.0,0.0,1.0,1.0,1.0,0.0,1.0,1.0,0.0,1.0,1.0,1.0,20.0,40.0,40.0,38.73056764301587,Medium
162083,Surwalchand Puriya,259,43,38,0,0,113.59,2.280130293159609,0.1467181467181467,0.0,0.0,0.0,0.0,0.0,0.0,0.0,0.0,1.0,0.0,0.0,0.0,0.0,1.0,0.0,0.0,0.0,0.0,0.0,0.0,0.0,0.0,1.0,1.0,1.0,20.0,42.0,42.0,56.16196939119406,Medium
162084,Deori Bargahi,18,5,3,0,0,60.97,0.2952271608988027,0.1666666666666666,0.0,0.0,,,,,,0.0,0.0,0.0,0.0,0.0,0.0,1.0,1.0,1.0,1.0,0.0,0.0,1.0,,,1.0,1.0,1.0,23.0,40.0,40.0,60.012139658680006,Medium
162085,Mawaiya Kalan,2276,428,422,485,4,523.89,4.344423447670312,0.1854130052724077,0.2130931458699472,0.0017574692442882,0.0,0.0,0.0,0.0,0.0,0.0,1.0,0.0,1.0,1.0,0.0,1.0,0.0,1.0,1.0,1.0,1.0,1.0,0.0,0.0,1.0,1.0,1.0,25.0,45.0,45.0,48.5151280986387,Medium
162086,Phultara,1577,345,250,450,1,414.23,3.807063708567704,0.1585288522511097,0.2853519340519975,0.0006341154090044,0.0,0.0,0.0,0.0,0.0,0.0,1.0,0.0,1.0,1.0,0.0,1.0,0.0,0.0,0.0,1.0,0.0,1.0,0.0,0.0,1.0,1.0,1.0,25.0,45.0,45.0,53.02097842749564,Medium
162087,Salaiya Paniyari,374,73,59,230,0,167.18,2.237109702117478,0.1577540106951871,0.6149732620320856,0.0,0.0,0.0,0.0,0.0,0.0,0.0,1.0,0.0,1.0,0.0,0.0,1.0,0.0,0.0,0.0,0.0,0.0,1.0,0.0,0.0,1.0,1.0,1.0,20.0,40.0,40.0,59.56614262593679,Medium
162088,Salaiya Khurd,650,121,111,33,0,117.54,5.530032329419772,0.1707692307692307,0.0507692307692307,0.0,0.0,0.0,0.0,0.0,0.0,0.0,1.0,0.0,0.0,0.0,0.0,1.0,0.0,0.0,0.0,0.0,0.0,0.0,0.0,0.0,1.0,1.0,1.0,20.0,40.0,40.0,57.27098313369715,Medium
162089,Dihar Salaiya,307,56,41,0,0,58.07,5.2867229206130535,0.1335504885993485,0.0,0.0,0.0,0.0,0.0,0.0,0.0,0.0,1.0,0.0,1.0,0.0,0.0,1.0,0.0,0.0,0.0,0.0,0.0,1.0,0.0,0.0,0.0,1.0,1.0,20.0,40.0,40.0,55.8905698995893,Medium
162090,Biharia Salaiya,889,192,122,12,0,69.58,12.776659959758552,0.1372328458942632,0.0134983127109111,0.0,0.0,0.0,0.0,0.0,0.0,0.0,1.0,0.0,1.0,0.0,0.0,1.0,0.0,0.0,0.0,0.0,0.0,0.0,0.0,0.0,0.0,1.0,1.0,20.0,40.0,40.0,56.37651630822534,Medium
162091,Chhatar Garh,1183,256,230,0,0,160.47,7.37209447248707,0.1944209636517329,0.0,0.0,0.0,0.0,0.0,0.0,0.0,0.0,1.0,0.0,1.0,0.0,0.0,1.0,0.0,0.0,0.0,0.0,0.0,0.0,0.0,0.0,0.0,1.0,1.0,28.0,45.0,45.0,57.80243404891304,Medium
162092,Jar Khori,1346,299,247,44,0,249.65,5.391548167434408,0.1835066864784546,0.0326894502228826,0.0,0.0,0.0,0.0,0.0,0.0,0.0,1.0,0.0,1.0,0.0,0.0,1.0,0.0,0.0,0.0,0.0,0.0,0.0,0.0,0.0,0.0,1.0,1.0,20.0,40.0,40.0,57.557013472048205,Medium
162093,Gobar Hewar,436,145,43,31,0,84.22,5.176917596770363,0.0986238532110091,0.0711009174311926,0.0,0.0,0.0,0.0,0.0,0.0,0.0,1.0,0.0,1.0,1.0,0.0,1.0,0.0,0.0,0.0,1.0,1.0,1.0,0.0,0.0,0.0,1.0,1.0,15.0,48.0,48.0,45.19376026074286,Medium
162094,Deo Khariya,151,30,30,80,0,47.96,3.1484570475396163,0.1986754966887417,0.5298013245033113,0.0,0.0,0.0,0.0,0.0,0.0,0.0,1.0,0.0,0.0,0.0,0.0,1.0,0.0,0.0,0.0,0.0,0.0,1.0,0.0,0.0,0.0,1.0,1.0,18.0,51.0,51.0,60.40540186727079,Medium
162095,Naika,197,32,42,0,0,87.35,2.255294791070406,0.2131979695431472,0.0,0.0,0.0,0.0,0.0,0.0,0.0,0.0,1.0,0.0,0.0,0.0,0.0,1.0,0.0,0.0,0.0,0.0,0.0,1.0,0.0,0.0,0.0,1.0,1.0,26.0,56.0,56.0,58.15534284701111,Medium
162096,Magha,220,35,29,109,0,64.1,3.43213728549142,0.1318181818181818,0.4954545454545455,0.0,0.0,0.0,0.0,0.0,0.0,0.0,1.0,0.0,0.0,0.0,0.0,1.0,0.0,0.0,0.0,0.0,0.0,0.0,0.0,0.0,0.0,1.0,1.0,25.0,55.0,55.0,58.23961337833266,Medium
162097,Kalyanpur,1359,279,226,586,0,282.75,4.806366047745359,0.166298749080206,0.4311994113318617,0.0,0.0,0.0,0.0,0.0,0.0,0.0,1.0,0.0,0.0,1.0,0.0,0.0,0.0,0.0,0.0,1.0,0.0,1.0,0.0,0.0,1.0,1.0,1.0,15.0,45.0,45.0,44.009262629768806,Medium
162098,Gobra Sangram,96,19,14,0,0,61.42,1.5630087919244546,0.1458333333333333,0.0,0.0,0.0,0.0,0.0,0.0,0.0,0.0,1.0,0.0,0.0,0.0,0.0,1.0,0.0,0.0,0.0,0.0,0.0,1.0,0.0,0.0,0.0,0.0,1.0,18.0,47.0,47.0,56.10593715312885,Medium
162099,Badhaiya,527,175,60,138,0,105.08,5.015226494099734,0.1138519924098671,0.2618595825426945,0.0,0.0,0.0,0.0,0.0,0.0,0.0,1.0,0.0,1.0,0.0,1.0,0.0,1.0,0.0,0.0,1.0,0.0,1.0,0.0,0.0,1.0,1.0,1.0,15.0,47.0,47.0,41.59774906913083,Medium
162100,Beohari,195,44,42,148,0,81.22,2.400886481162275,0.2153846153846154,0.7589743589743589,0.0,0.0,0.0,0.0,0.0,0.0,0.0,1.0,0.0,1.0,1.0,0.0,0.0,0.0,0.0,0.0,1.0,0.0,1.0,0.0,0.0,0.0,0.0,0.0,15.0,45.0,5.0,47.02180070689824,Medium
162101,Gadamar,535,93,91,190,0,152.47,3.5088869941627863,0.1700934579439252,0.3551401869158878,0.0,0.0,0.0,0.0,0.0,0.0,0.0,1.0,0.0,1.0,1.0,0.0,0.0,0.0,0.0,0.0,1.0,0.0,1.0,0.0,0.0,0.0,1.0,1.0,15.0,45.0,45.0,43.689455796069055,Medium
162102,Tikrohini Khurd,96,13,7,0,0,26.21,3.662724151087371,0.0729166666666666,0.0,0.0,0.0,0.0,0.0,0.0,0.0,0.0,1.0,0.0,0.0,1.0,0.0,0.0,0.0,0.0,0.0,1.0,1.0,1.0,0.0,0.0,0.0,0.0,0.0,24.0,45.0,45.0,34.0047768642442,Medium
162103,Tikrohini Hari,0,0,0,0,0,31.64,0.0,,,,,,,,,,,,,,,,,,,,,,,,,,,24.0,45.0,45.0,45.0,Medium
162104,Karia Khurd,1443,257,194,402,0,273.69,5.272388468705469,0.1344421344421344,0.2785862785862786,0.0,0.0,0.0,0.0,0.0,0.0,0.0,1.0,0.0,1.0,1.0,0.0,0.0,0.0,0.0,1.0,1.0,1.0,1.0,1.0,0.0,1.0,1.0,1.0,25.0,48.0,48.0,34.80966123913182,Medium
162105,Mohini,0,0,0,0,0,9.55,0.0,,,,,,,,,,,,,,,,,,,,,,,,,,,16.0,45.0,45.0,45.0,Medium
162106,Ghorha Beonri,0,0,0,0,0,15.44,0.0,,,,,,,,,,,,,,,,,,,,,,,,,,,15.0,45.0,45.0,45.0,Medium
162107,Dhorha Kalyanpur,179,28,11,1,0,51.62,3.467648198372724,0.0614525139664804,0.0055865921787709,0.0,0.0,0.0,0.0,0.0,0.0,0.0,1.0,0.0,0.0,1.0,0.0,0.0,0.0,0.0,0.0,1.0,0.0,1.0,0.0,0.0,0.0,0.0,0.0,16.0,45.0,7.0,38.68076377525601,Medium
162108,Behariya Kalyanpur,124,23,15,0,0,110.55,1.1216644052464948,0.1209677419354838,0.0,0.0,0.0,0.0,0.0,0.0,0.0,0.0,1.0,0.0,0.0,0.0,0.0,0.0,0.0,0.0,0.0,1.0,0.0,1.0,0.0,0.0,0.0,1.0,0.0,16.0,45.0,45.0,40.34182145286088,Medium
162109,Mawaiya Pahalwan,1030,173,204,443,0,168.1,6.12730517549078,0.1980582524271844,0.4300970873786408,0.0,0.0,0.0,0.0,0.0,0.0,0.0,1.0,0.0,0.0,1.0,0.0,0.0,0.0,0.0,0.0,1.0,0.0,1.0,0.0,0.0,0.0,1.0,1.0,16.0,45.0,45.0,45.010852759663024,Medium
162110,Mawaiya Raksel,263,53,58,190,0,97.3,2.7029804727646454,0.2205323193916349,0.7224334600760456,0.0,0.0,0.0,0.0,0.0,0.0,0.0,1.0,1.0,1.0,1.0,0.0,1.0,0.0,0.0,1.0,1.0,1.0,1.0,1.0,0.0,0.0,0.0,0.0,25.0,45.0,45.0,46.172616020131095,Medium
162111,Bairi,120,16,18,8,0,72.86,1.6469942355201757,0.15,0.0666666666666666,0.0,0.0,0.0,0.0,0.0,0.0,0.0,1.0,1.0,1.0,1.0,0.0,1.0,0.0,0.0,0.0,1.0,0.0,1.0,0.0,0.0,1.0,1.0,1.0,25.0,50.0,50.0,48.23439061119225,Medium
162112,Bashara Uperhar,1650,291,262,556,0,609.16,2.7086479742596365,0.1587878787878787,0.336969696969697,0.0,0.0,0.0,0.0,0.0,0.0,0.0,1.0,0.0,1.0,1.0,0.0,1.0,0.0,0.0,0.0,1.0,1.0,0.0,0.0,0.0,1.0,1.0,1.0,22.0,51.0,51.0,48.226530365903926,Medium
162113,Ankoria,988,172,143,318,0,228.8,4.318181818181818,0.1447368421052631,0.3218623481781376,0.0,0.0,0.0,0.0,0.0,0.0,0.0,1.0,0.0,1.0,1.0,0.0,0.0,0.0,0.0,0.0,1.0,1.0,1.0,1.0,0.0,1.0,1.0,1.0,22.0,50.0,50.0,35.2956461051178,Medium
162114,Antari Bashar,0,0,0,0,0,19.4,0.0,,,,,,,,,,,,,,,,,,,,,,,,,,,20.0,47.0,47.0,45.0,Medium
162115,Pura Gangachh,599,114,115,242,6,303.37,1.974486600520816,0.1919866444073455,0.4040066777963272,0.010016694490818,0.0,0.0,0.0,0.0,0.0,0.0,1.0,0.0,1.0,1.0,0.0,0.0,0.0,0.0,0.0,1.0,1.0,1.0,1.0,0.0,0.0,1.0,1.0,24.0,53.0,53.0,37.26666386104629,Medium
162116,Pura Baghel,977,164,119,238,0,222.08,4.399315561959654,0.1218014329580348,0.2436028659160696,0.0,0.0,0.0,0.0,0.0,0.0,0.0,1.0,0.0,1.0,1.0,1.0,0.0,0.0,0.0,0.0,1.0,1.0,1.0,1.0,0.0,0.0,1.0,1.0,24.0,53.0,53.0,34.219622616351266,Medium
162117,Antari Samdaria,311,49,35,28,0,15.03,20.691949434464405,0.112540192926045,0.090032154340836,0.0,0.0,0.0,0.0,0.0,0.0,0.0,1.0,0.0,1.0,1.0,0.0,0.0,0.0,0.0,0.0,1.0,1.0,1.0,1.0,0.0,0.0,1.0,0.0,25.0,55.0,55.0,33.84388042731632,Medium
162118,Kasauta,199,29,38,92,0,178.73,1.113411290773793,0.1909547738693467,0.4623115577889447,0.0,0.0,0.0,0.0,0.0,0.0,0.0,1.0,0.0,1.0,1.0,0.0,0.0,0.0,0.0,1.0,1.0,1.0,1.0,1.0,0.0,1.0,1.0,1.0,25.0,55.0,55.0,37.25265083405163,Medium
162119,Belkharia,573,88,93,213,0,73.88,7.755820249052518,0.1623036649214659,0.3717277486910995,0.0,0.0,0.0,0.0,0.0,0.0,0.0,1.0,0.0,1.0,1.0,0.0,0.0,0.0,0.0,1.0,1.0,0.0,0.0,0.0,0.0,1.0,1.0,1.0,23.0,52.0,52.0,43.71333252758326,Medium
162120,Tikrohin Kalan,661,116,101,345,0,357.69,1.8479689116273867,0.1527987897125567,0.5219364599092284,0.0,0.0,0.0,0.0,0.0,0.0,0.0,1.0,0.0,0.0,1.0,1.0,0.0,0.0,0.0,0.0,0.0,0.0,0.0,0.0,0.0,1.0,1.0,1.0,23.0,52.0,52.0,48.93630062485554,Medium
162121,Pohpa Khurd,0,0,0,0,0,34.81,0.0,,,,,,,,,,,,,,,,,,,,,,,,,,,25.0,50.0,50.0,45.0,Medium
162122,Pohpa Kalan,0,0,0,0,0,64.7,0.0,,,,,,,,,,,,,,,,,,,,,,,,,,,23.0,49.0,49.0,45.0,Medium
162123,Baridhari,2,1,0,0,0,64.71,0.0309071240921032,0.0,0.0,0.0,0.0,0.0,0.0,0.0,0.0,0.0,0.0,0.0,0.0,0.0,0.0,1.0,0.0,0.0,0.0,0.0,0.0,0.0,0.0,0.0,0.0,0.0,0.0,25.0,60.0,60.0,55.0012708923397,Medium
162124,Sonpura,652,115,88,11,0,136.57,4.774108515779454,0.1349693251533742,0.0168711656441717,0.0,0.0,0.0,0.0,0.0,0.0,0.0,1.0,0.0,0.0,1.0,0.0,1.0,0.0,0.0,0.0,1.0,0.0,1.0,0.0,0.0,0.0,1.0,1.0,22.0,50.0,50.0,50.99641226278982,Medium
162125,Dhari,130,14,24,0,0,80.56,1.6137040714995037,0.1846153846153846,0.0,0.0,0.0,0.0,0.0,0.0,0.0,0.0,1.0,0.0,1.0,1.0,0.0,1.0,0.0,0.0,0.0,0.0,0.0,1.0,0.0,0.0,0.0,0.0,1.0,20.0,48.0,48.0,57.27148326737554,Medium
162126,Ramapur,224,44,36,43,0,166.06,1.348910032518367,0.1607142857142857,0.1919642857142857,0.0,0.0,0.0,0.0,0.0,0.0,0.0,1.0,1.0,1.0,1.0,0.0,1.0,0.0,0.0,1.0,1.0,0.0,0.0,1.0,0.0,1.0,1.0,1.0,20.0,50.0,25.0,46.67005013840289,Medium
162127,Pahari Khurd,530,103,95,379,0,103.65,5.113362276893391,0.1792452830188679,0.7150943396226415,0.0,0.0,0.0,0.0,0.0,0.0,0.0,1.0,0.0,1.0,1.0,0.0,0.0,0.0,0.0,1.0,1.0,1.0,1.0,1.0,0.0,1.0,1.0,1.0,25.0,50.0,50.0,38.32975688887308,Medium
162128,Fariha Gosain,0,0,0,0,0,31.87,0.0,,,,,,,,,,,,,,,,,,,,,,,,,,,25.0,50.0,50.0,45.0,Medium
162129,Fariha Ojha,68,14,11,11,0,86.68,0.7844946931241347,0.1617647058823529,0.1617647058823529,0.0,0.0,0.0,0.0,0.0,0.0,0.0,0.0,1.0,0.0,0.0,0.0,1.0,0.0,0.0,1.0,1.0,1.0,1.0,1.0,0.0,0.0,0.0,0.0,25.0,50.0,50.0,44.86068957596706,Medium
162130,Kaithi,29,6,6,26,0,158.43,0.183046140251215,0.2068965517241379,0.896551724137931,0.0,0.0,0.0,0.0,0.0,0.0,0.0,1.0,1.0,0.0,0.0,0.0,0.0,0.0,0.0,0.0,1.0,1.0,0.0,0.0,0.0,0.0,1.0,1.0,30.0,55.0,55.0,39.030515312083566,Medium
162131,Bhandiwar,1763,496,338,1011,1,496.09,3.5537906428269066,0.1917186613726602,0.5734543391945547,0.0005672149744753,0.0,0.0,0.0,0.0,0.0,0.0,1.0,0.0,1.0,1.0,0.0,0.0,0.0,1.0,0.0,1.0,1.0,1.0,0.0,0.0,1.0,1.0,1.0,25.0,45.0,45.0,40.4451727903512,Medium
162132,Tendua,603,97,78,85,0,89.76,6.717914438502674,0.1293532338308457,0.1409618573797678,0.0,0.0,0.0,0.0,0.0,0.0,0.0,1.0,0.0,1.0,1.0,0.0,1.0,0.0,0.0,0.0,1.0,1.0,1.0,0.0,0.0,1.0,1.0,1.0,24.0,46.0,46.0,46.52831174027811,Medium
162133,Kuwari Bhandwar,730,246,98,148,0,123.34,5.918598994648938,0.1342465753424657,0.2027397260273972,0.0,0.0,0.0,0.0,0.0,0.0,0.0,1.0,0.0,1.0,1.0,0.0,0.0,0.0,1.0,0.0,1.0,1.0,1.0,0.0,0.0,1.0,1.0,1.0,24.0,46.0,46.0,36.95113370030216,Medium
162134,Raipura Dixit,125,27,18,94,0,12.36,10.11326860841424,0.144,0.752,0.0,0.0,0.0,0.0,0.0,0.0,0.0,1.0,0.0,1.0,1.0,1.0,0.0,0.0,0.0,1.0,1.0,1.0,1.0,1.0,0.0,0.0,0.0,0.0,25.0,48.0,48.0,37.662521456827626,Medium
162135,Karia Kalan,1121,194,138,138,0,261.75,4.282712511938873,0.1231043710972346,0.1231043710972346,0.0,0.0,0.0,0.0,0.0,0.0,0.0,1.0,0.0,1.0,1.0,0.0,1.0,0.0,0.0,1.0,1.0,1.0,1.0,1.0,0.0,1.0,1.0,1.0,23.0,50.0,50.0,43.65142360147255,Medium
162136,Kulharia,0,0,0,0,0,50.89,0.0,,,,,,,,,,,,,,,,,,,,,,,,,,,25.0,45.0,45.0,45.0,Medium
162137,Deori Beni,1006,223,131,293,0,183.49,5.482587606954057,0.1302186878727634,0.2912524850894632,0.0,0.0,0.0,0.0,0.0,0.0,0.0,1.0,0.0,1.0,1.0,0.0,0.0,0.0,0.0,1.0,1.0,1.0,1.0,1.0,0.0,1.0,1.0,1.0,25.0,50.0,50.0,34.75493220462269,Medium
162138,Pura Bhattu,887,168,114,584,0,135.56,6.543228090882266,0.1285231116121758,0.6583990980834273,0.0,0.0,0.0,0.0,0.0,0.0,0.0,1.0,0.0,1.0,1.0,1.0,0.0,0.0,0.0,1.0,1.0,1.0,1.0,1.0,0.0,1.0,1.0,1.0,25.0,48.0,48.0,36.58341122324592,Medium
162139,Newaria,681,284,68,62,16,353.91,1.9242180215308973,0.0998531571218795,0.0910425844346549,0.0234948604992657,0.0,0.0,0.0,0.0,0.0,0.0,1.0,0.0,1.0,1.0,1.0,0.0,0.0,0.0,0.0,1.0,0.0,1.0,0.0,0.0,0.0,1.0,1.0,32.0,65.0,65.0,40.757597342226326,Medium
162140,Harkhoria Khurd,215,115,27,10,0,46.84,4.590093936806149,0.1255813953488372,0.0465116279069767,0.0,0.0,0.0,0.0,0.0,0.0,0.0,1.0,0.0,1.0,0.0,0.0,0.0,0.0,0.0,0.0,1.0,0.0,1.0,0.0,0.0,0.0,1.0,1.0,33.0,66.0,66.0,40.8554100517006,Medium
162141,Harkhoria Kalan,160,36,23,10,0,54.1,2.957486136783734,0.14375,0.0625,0.0,0.0,0.0,0.0,0.0,0.0,0.0,1.0,0.0,1.0,0.0,0.0,0.0,0.0,0.0,0.0,1.0,0.0,1.0,0.0,0.0,0.0,0.0,1.0,32.0,65.0,65.0,41.41327767339824,Medium
162142,Pahari Kalan,1154,235,206,454,0,323.68,3.56524962926347,0.1785095320623916,0.3934142114384749,0.0,0.0,0.0,0.0,0.0,0.0,0.0,1.0,0.0,1.0,1.0,0.0,1.0,0.0,0.0,0.0,1.0,0.0,1.0,0.0,0.0,1.0,1.0,1.0,30.0,62.0,62.0,54.13562575810285,Medium
162143,Nauriha Uperhar,1766,355,272,492,0,727.24,2.4283592761674275,0.1540203850509626,0.2785956964892412,0.0,0.0,0.0,0.0,0.0,0.0,0.0,1.0,0.0,1.0,0.0,0.0,0.0,0.0,0.0,0.0,1.0,0.0,1.0,0.0,0.0,1.0,1.0,1.0,29.0,56.0,56.0,42.780110158146655,Medium
162144,Naubasta,144,32,33,5,0,54.13,2.6602623314243488,0.2291666666666666,0.0347222222222222,0.0,0.0,0.0,0.0,0.0,0.0,0.0,1.0,0.0,0.0,0.0,0.0,1.0,0.0,0.0,0.0,0.0,1.0,1.0,0.0,0.0,0.0,1.0,1.0,32.0,59.0,59.0,53.82466702436489,Medium
162145,Singhpur,515,94,93,118,0,141.44,3.641119909502263,0.1805825242718446,0.229126213592233,0.0,0.0,0.0,0.0,0.0,0.0,0.0,1.0,0.0,1.0,0.0,0.0,1.0,0.0,0.0,0.0,1.0,1.0,1.0,1.0,0.0,0.0,0.0,1.0,25.0,50.0,50.0,45.87949529996024,Medium
162146,Basidewa,185,32,22,13,0,81.51,2.2696601643970062,0.1189189189189189,0.0702702702702702,0.0,0.0,0.0,0.0,0.0,0.0,0.0,1.0,0.0,1.0,0.0,0.0,1.0,0.0,0.0,1.0,1.0,1.0,1.0,1.0,0.0,0.0,0.0,1.0,25.0,50.0,50.0,43.17891337978822,Medium
162147,Jigna,721,133,81,231,0,105.21,6.852960745176315,0.1123439667128987,0.3203883495145631,0.0,0.0,0.0,0.0,0.0,0.0,0.0,1.0,0.0,1.0,1.0,0.0,1.0,0.0,0.0,1.0,1.0,1.0,1.0,1.0,0.0,0.0,1.0,1.0,25.0,50.0,50.0,44.42071925395411,Medium
162148,Mando,265,44,56,177,0,199.89,1.3257291510330682,0.2113207547169811,0.6679245283018868,0.0,0.0,0.0,0.0,0.0,0.0,0.0,1.0,0.0,1.0,0.0,0.0,1.0,0.0,0.0,1.0,1.0,1.0,1.0,1.0,0.0,0.0,0.0,1.0,21.0,50.0,50.0,48.900425563360784,Medium
162149,Bhagdewa,691,214,70,225,0,76.03,9.088517690385371,0.1013024602026049,0.3256150506512301,0.0,0.0,0.0,0.0,0.0,0.0,0.0,1.0,0.0,1.0,1.0,0.0,0.0,0.0,0.0,0.0,1.0,1.0,1.0,0.0,0.0,1.0,1.0,1.0,30.0,55.0,55.0,36.70753304365085,Medium
162150,Kapdaura,883,147,143,337,0,427.3,2.0664638427334423,0.1619479048697621,0.3816534541336353,0.0,0.0,0.0,0.0,0.0,0.0,0.0,1.0,0.0,1.0,1.0,0.0,0.0,0.0,0.0,1.0,1.0,0.0,1.0,0.0,0.0,0.0,1.0,1.0,29.0,50.0,50.0,43.518343501443,Medium
162151,Baradih,315,64,64,196,0,166.16,1.895763119884449,0.2031746031746031,0.6222222222222222,0.0,0.0,0.0,0.0,0.0,0.0,0.0,1.0,1.0,0.0,0.0,0.0,0.0,0.0,0.0,0.0,1.0,0.0,0.0,0.0,0.0,0.0,1.0,1.0,34.0,54.0,54.0,42.61763579148863,Medium
162152,Lonipar,964,232,172,51,0,178.93,5.387581735874364,0.1784232365145228,0.0529045643153526,0.0,0.0,0.0,0.0,0.0,0.0,0.0,1.0,0.0,1.0,1.0,0.0,1.0,0.0,0.0,0.0,0.0,0.0,1.0,0.0,0.0,0.0,1.0,1.0,35.0,56.0,56.0,57.505422445030895,Medium
162153,Itwan,198,33,37,79,0,30.02,6.595602931379081,0.1868686868686868,0.398989898989899,0.0,0.0,0.0,0.0,0.0,0.0,0.0,1.0,0.0,1.0,0.0,0.0,1.0,0.0,0.0,0.0,1.0,0.0,1.0,0.0,0.0,0.0,0.0,1.0,33.0,54.0,54.0,54.53888612433635,Medium
162154,Deora,4597,839,692,1323,102,1464.44,3.13908388189342,0.150532956275832,0.2877963889493147,0.0221883837285186,0.0,0.0,0.0,0.0,0.0,0.0,1.0,1.0,1.0,1.0,0.0,1.0,0.0,1.0,1.0,1.0,1.0,1.0,1.0,0.0,1.0,1.0,1.0,25.0,50.0,50.0,42.447186486355925,Medium
162155,Pandiwar,322,60,38,55,0,19.45,16.555269922879177,0.1180124223602484,0.170807453416149,0.0,0.0,0.0,0.0,0.0,0.0,0.0,1.0,0.0,1.0,0.0,0.0,1.0,0.0,0.0,0.0,1.0,0.0,1.0,0.0,0.0,1.0,1.0,1.0,34.0,51.0,51.0,51.74182469564273,Medium
162156,Pura Binjhoo,7,1,2,0,0,16.46,0.425273390036452,0.2857142857142857,0.0,0.0,0.0,0.0,0.0,0.0,0.0,0.0,1.0,0.0,1.0,0.0,0.0,1.0,0.0,0.0,0.0,0.0,0.0,1.0,1.0,0.0,1.0,1.0,1.0,33.0,51.0,51.0,57.75558236151917,Medium
162157,Patti Rithaiya,0,0,0,0,0,39.98,0.0,,,,,,,,,,,,,,,,,,,,,,,,,,,33.0,50.0,50.0,45.0,Medium
162158,Satpura,1283,218,235,177,50,134.37,9.548262260921335,0.1831644583008573,0.1379579111457521,0.0389711613406079,0.0,0.0,0.0,0.0,0.0,0.0,1.0,0.0,1.0,1.0,0.0,1.0,0.0,0.0,1.0,1.0,1.0,1.0,0.0,0.0,1.0,1.0,1.0,33.0,50.0,50.0,49.174547751077,Medium
162159,Patwar,284,37,35,87,0,83.09,3.417980503068961,0.1232394366197183,0.306338028169014,0.0,0.0,0.0,0.0,0.0,0.0,0.0,1.0,0.0,1.0,0.0,0.0,0.0,0.0,0.0,0.0,1.0,1.0,1.0,0.0,0.0,0.0,1.0,1.0,32.0,50.0,50.0,37.03608631299842,Medium
162160,Chaukhata,996,169,143,513,0,140.81,7.073361266955472,0.143574297188755,0.5150602409638554,0.0,0.0,0.0,0.0,0.0,0.0,0.0,1.0,0.0,1.0,1.0,0.0,1.0,1.0,1.0,1.0,1.0,1.0,1.0,1.0,0.0,0.0,1.0,1.0,30.0,48.0,48.0,46.34005143358358,Medium
162161,Jhajhara Chaube,1061,217,159,139,56,326.25,3.2521072796934867,0.1498586239396795,0.1310084825636192,0.0527803958529689,0.0,0.0,0.0,0.0,0.0,0.0,1.0,0.0,0.0,1.0,0.0,0.0,0.0,0.0,0.0,1.0,1.0,1.0,1.0,0.0,1.0,1.0,1.0,30.0,47.0,47.0,35.71146013865232,Medium
162162,Jhajhara Pandey,465,89,68,104,0,162.21,2.8666543369705937,0.1462365591397849,0.2236559139784946,0.0,0.0,0.0,0.0,0.0,0.0,1.0,1.0,1.0,1.0,1.0,1.0,0.0,1.0,1.0,1.0,1.0,1.0,1.0,0.0,0.0,1.0,1.0,1.0,11.0,50.0,50.0,30.62325237249221,Low
162163,Gadaiya Lonipar,536,87,68,149,0,131.12,4.087858450274558,0.126865671641791,0.2779850746268656,0.0,0.0,0.0,0.0,0.0,0.0,1.0,1.0,1.0,1.0,1.0,1.0,0.0,1.0,1.0,1.0,1.0,1.0,1.0,0.0,0.0,1.0,1.0,0.0,11.0,50.0,50.0,30.36398712401251,Low
162164,Majhiyari Lakosa,154,24,18,16,0,66.04,2.331920048455481,0.1168831168831168,0.1038961038961039,0.0,0.0,0.0,0.0,0.0,0.0,0.0,1.0,0.0,1.0,0.0,0.0,1.0,1.0,1.0,1.0,1.0,1.0,1.0,0.0,0.0,0.0,0.0,1.0,30.0,50.0,50.0,45.78852859594584,Medium
162165,Dhawaiya,344,53,62,111,0,91.22,3.771102828327121,0.1802325581395348,0.3226744186046512,0.0,0.0,0.0,0.0,0.0,0.0,0.0,1.0,0.0,0.0,1.0,1.0,0.0,0.0,0.0,1.0,1.0,1.0,1.0,0.0,0.0,0.0,0.0,1.0,25.0,45.0,45.0,38.84208220249452,Medium
162166,Lakosa Majhiyari,60,10,11,60,0,77.28,0.7763975155279503,0.1833333333333333,1.0,0.0,0.0,0.0,0.0,0.0,0.0,0.0,1.0,0.0,0.0,1.0,0.0,0.0,1.0,1.0,1.0,1.0,0.0,1.0,0.0,0.0,0.0,0.0,0.0,16.0,50.0,17.0,47.19859191639579,Medium
162167,Chak Dhawaiya,10,2,0,10,0,10.54,0.94876660341556,0.0,1.0,0.0,0.0,0.0,0.0,0.0,0.0,0.0,1.0,0.0,0.0,0.0,0.0,0.0,0.0,0.0,1.0,0.0,1.0,1.0,0.0,0.0,0.0,0.0,1.0,30.0,45.0,45.0,41.70567968531099,Medium
162168,Chak Gariba,167,34,22,18,0,22.72,7.350352112676057,0.1317365269461078,0.1077844311377245,0.0,0.0,0.0,0.0,0.0,0.0,0.0,1.0,0.0,0.0,0.0,0.0,1.0,0.0,1.0,1.0,1.0,1.0,1.0,0.0,0.0,1.0,0.0,0.0,17.0,45.0,45.0,46.45992906364945,Medium
162169,Hinauti Lunder,667,114,108,71,0,97.45,6.844535659312467,0.1619190404797601,0.1064467766116941,0.0,0.0,0.0,0.0,0.0,0.0,0.0,1.0,0.0,0.0,0.0,0.0,1.0,0.0,0.0,1.0,1.0,1.0,1.0,0.0,0.0,1.0,1.0,1.0,18.0,47.0,47.0,47.33791716526,Medium
162170,Hinauti Chandail,20,3,3,0,0,60.22,0.3321155762205247,0.15,0.0,0.0,0.0,0.0,0.0,0.0,0.0,0.0,1.0,0.0,1.0,1.0,0.0,1.0,0.0,0.0,1.0,1.0,0.0,1.0,0.0,0.0,1.0,1.0,1.0,20.0,45.0,45.0,51.18032316671686,Medium
162171,Surwal Chandail,1839,292,261,244,0,367.77,5.000407863610409,0.1419249592169657,0.1326808047852093,0.0,,,0.0,1.0,0.0,1.0,1.0,0.0,1.0,1.0,0.0,1.0,1.0,0.0,0.0,1.0,1.0,1.0,1.0,0.0,1.0,1.0,1.0,18.0,45.0,45.0,37.626768179928725,Medium
162172,Khojwa Baid,385,88,68,225,0,58.96,6.529850746268656,0.1766233766233766,0.5844155844155844,0.0,0.0,0.0,0.0,0.0,0.0,0.0,1.0,0.0,0.0,1.0,0.0,1.0,0.0,0.0,1.0,1.0,1.0,1.0,0.0,0.0,0.0,1.0,1.0,20.0,46.0,46.0,50.15595153255579,Medium
162173,Khojhwa Sawar,160,25,20,0,0,43.16,3.70713623725672,0.125,0.0,0.0,0.0,0.0,0.0,0.0,0.0,0.0,1.0,0.0,0.0,0.0,0.0,1.0,0.0,0.0,1.0,0.0,0.0,1.0,0.0,0.0,1.0,1.0,1.0,20.0,45.0,45.0,55.569103076865424,Medium
162174,Nari Bari,688,97,94,283,0,119.88,5.739072405739073,0.1366279069767441,0.4113372093023256,0.0,0.0,1.0,0.0,0.0,0.0,1.0,1.0,0.0,1.0,1.0,0.0,0.0,1.0,0.0,0.0,1.0,1.0,1.0,1.0,0.0,1.0,1.0,1.0,18.0,45.0,45.0,28.89151231567354,Low
162175,Katra,0,0,0,0,0,16.75,0.0,,,,,,,,,,,,,,,,,,,,,,,,,,,25.0,47.0,47.0,45.0,Medium
162176,Lohra,2607,507,396,737,0,604.48,4.312797776601376,0.1518987341772152,0.2827004219409282,0.0,0.0,0.0,0.0,0.0,0.0,1.0,1.0,0.0,1.0,1.0,0.0,0.0,1.0,1.0,1.0,1.0,1.0,1.0,1.0,0.0,1.0,1.0,1.0,25.0,47.0,47.0,31.98113851246583,Low
162177,Gaura,391,65,28,104,0,124.84,3.132008971483499,0.0716112531969309,0.2659846547314578,0.0,0.0,0.0,0.0,0.0,0.0,1.0,1.0,0.0,1.0,0.0,0.0,0.0,0.0,0.0,0.0,1.0,1.0,1.0,1.0,0.0,0.0,0.0,1.0,25.0,47.0,47.0,29.440381540014748,Low
162180,Mohabatganj Kachhar,0,0,0,0,0,101.0,0.0,,,,,,,,,,,,,,,,,,,,,,,,,,,20.0,24.0,0.0,45.0,Medium
162181,Madauka Kachhar,0,0,0,0,0,70.52,0.0,,,,,,,,,,,,,,,,,,,,,,,,,,,0.0,0.0,0.0,45.0,Medium
162182,Mirakhpur Kachhar,0,0,0,0,0,69.27,0.0,,,,,,,,,,,,,,,,,,,,,,,,,,,0.0,0.0,0.0,45.0,Medium
162183,Mahewa Patti Pashchim Kachhar,0,0,0,0,0,48.94,0.0,,,,,,,,,,,,,,,,,,,,,,,,,,,0.0,0.0,0.0,45.0,Medium
162184,Mahewa Patti Purab Uparhar,2941,523,332,1299,0,30.18,97.44864148442676,0.1128867732063923,0.4416865011900714,0.0,0.0,0.0,0.0,0.0,0.0,1.0,1.0,1.0,1.0,0.0,0.0,0.0,1.0,1.0,1.0,1.0,1.0,1.0,1.0,1.0,1.0,1.0,1.0,12.0,6.0,6.0,29.60209671526105,Low
162185,Mahewa Patti Purab Kachhar,43,9,5,36,0,64.96,0.6619458128078818,0.1162790697674418,0.8372093023255814,0.0,0.0,0.0,0.0,0.0,0.0,0.0,1.0,0.0,0.0,0.0,0.0,1.0,0.0,0.0,0.0,0.0,0.0,1.0,0.0,0.0,1.0,1.0,1.0,12.0,6.0,6.0,59.36830429888861,Medium
162186,Dandi,4185,723,723,2125,0,116.81,35.827412036640695,0.1727598566308243,0.5077658303464755,0.0,0.0,0.0,0.0,0.0,0.0,1.0,1.0,1.0,0.0,0.0,0.0,0.0,1.0,1.0,1.0,1.0,1.0,1.0,0.0,1.0,1.0,1.0,1.0,17.0,7.0,73.0,31.69483806108358,Low
162187,Tignauta,4268,705,594,583,0,50.16,85.08771929824562,0.1391752577319587,0.1365979381443298,0.0,0.0,0.0,0.0,0.0,0.0,1.0,1.0,1.0,1.0,1.0,0.0,1.0,1.0,1.0,1.0,1.0,1.0,1.0,0.0,0.0,1.0,1.0,1.0,17.0,7.0,3.0,43.35703075615248,Medium
162188,Mirakhpur Uparhar,67,10,4,0,0,37.57,1.783337769496939,0.0597014925373134,0.0,0.0,0.0,0.0,0.0,0.0,0.0,0.0,1.0,1.0,0.0,0.0,0.0,0.0,0.0,0.0,0.0,1.0,1.0,1.0,1.0,0.0,0.0,0.0,0.0,4.0,6.0,5.0,27.697708462144373,Low
162189,Marauka Uparhar,3382,578,528,699,0,1006.97,3.358590623355214,0.15612063867534,0.206682436428149,0.0,0.0,0.0,0.0,0.0,0.0,1.0,1.0,1.0,0.0,0.0,0.0,1.0,0.0,0.0,0.0,1.0,1.0,1.0,1.0,0.0,1.0,1.0,1.0,4.0,6.0,5.0,38.35513565397336,Medium
162190,Mohabatganj Uparhar,4511,715,823,372,0,300.0,15.036666666666669,0.1824429173132343,0.0824650853469297,0.0,0.0,0.0,0.0,0.0,0.0,1.0,1.0,1.0,0.0,0.0,0.0,0.0,0.0,1.0,0.0,1.0,1.0,1.0,1.0,0.0,1.0,1.0,1.0,22.0,12.0,12.0,29.003916494025617,Low
162191,Dabhaon,3649,647,623,1538,0,163.37,22.3358021668605,0.1707317073170731,0.4214853384488901,0.0,,0.0,0.0,0.0,0.0,1.0,1.0,1.0,1.0,0.0,0.0,1.0,0.0,0.0,0.0,0.0,0.0,1.0,1.0,0.0,1.0,1.0,1.0,18.0,8.0,4.0,50.64781987971232,Medium
162192,Dadari Ta. Naugawan,1759,292,290,415,0,119.72,14.692616104243234,0.1648664013644116,0.2359295054007959,0.0,0.0,0.0,0.0,0.0,0.0,1.0,1.0,1.0,0.0,1.0,0.0,0.0,0.0,1.0,1.0,1.0,0.0,1.0,0.0,0.0,1.0,1.0,1.0,0.0,0.0,0.0,36.7297958524695,Medium
162193,Chak Mohiuddin,1531,267,226,1093,0,25.03,61.166600079904114,0.147615937295885,0.7139124755062051,0.0,0.0,0.0,0.0,0.0,0.0,1.0,1.0,1.0,0.0,1.0,0.0,0.0,0.0,1.0,1.0,1.0,1.0,1.0,1.0,0.0,0.0,1.0,1.0,17.0,8.0,50.0,33.0131940660383,Medium
162194,Chaka,4940,842,644,1703,0,234.67,21.050837346060423,0.1303643724696356,0.3447368421052632,0.0,1.0,0.0,1.0,0.0,0.0,1.0,1.0,1.0,0.0,0.0,0.0,1.0,0.0,1.0,1.0,1.0,1.0,1.0,1.0,0.0,1.0,1.0,1.0,17.0,8.0,50.0,32.33355329014162,Low
162195,Chak Rana Tiwari,2279,403,266,491,24,25.6,89.0234375,0.1167178587099605,0.2154453707766564,0.0105309346204475,0.0,0.0,0.0,0.0,0.0,1.0,1.0,1.0,0.0,0.0,0.0,1.0,0.0,1.0,0.0,0.0,0.0,1.0,0.0,0.0,1.0,1.0,1.0,16.0,8.0,4.0,53.49083451429985,Medium
162196,Chak Ausan Tiwari,77,11,7,0,0,19.78,3.8928210313447926,0.0909090909090909,0.0,0.0,0.0,0.0,0.0,0.0,0.0,0.0,1.0,1.0,1.0,1.0,0.0,0.0,0.0,0.0,0.0,0.0,0.0,1.0,0.0,0.0,1.0,1.0,1.0,16.0,8.0,4.0,41.22067777785256,Medium
162197,Dhanuha,2821,536,461,861,0,205.84,13.704819277108433,0.1634172279333569,0.3052109181141439,0.0,0.0,0.0,0.0,0.0,0.0,1.0,1.0,1.0,0.0,1.0,0.0,0.0,0.0,1.0,1.0,1.0,1.0,1.0,1.0,0.0,1.0,1.0,1.0,17.0,15.0,0.0,29.492109782524967,Low
162198,Chak Kriparam,709,104,115,265,0,25.82,27.459333849728893,0.1622002820874471,0.3737658674188998,0.0,0.0,0.0,0.0,0.0,0.0,1.0,1.0,1.0,1.0,1.0,0.0,1.0,0.0,0.0,0.0,1.0,1.0,1.0,1.0,0.0,1.0,1.0,1.0,4.0,16.0,0.0,40.36395796434381,Medium
162199,Chak Devanand,250,32,46,175,0,7.91,31.605562579013903,0.184,0.7,0.0,0.0,0.0,0.0,0.0,0.0,1.0,1.0,1.0,0.0,0.0,0.0,1.0,0.0,0.0,0.0,0.0,0.0,1.0,0.0,0.0,1.0,1.0,1.0,17.0,9.0,5.0,55.31961193587595,Medium
162200,Chak Garibdas,1852,318,240,466,10,42.0,44.095238095238095,0.1295896328293736,0.2516198704103671,0.0053995680345572,0.0,0.0,0.0,0.0,0.0,1.0,1.0,1.0,1.0,0.0,0.0,1.0,1.0,1.0,1.0,1.0,1.0,1.0,1.0,0.0,1.0,1.0,1.0,17.0,16.0,0.0,39.58790071478219,Medium
162201,Chak Abhaydas,1517,255,252,586,0,108.12,14.03070662227155,0.1661173368490441,0.3862887277521424,0.0,0.0,0.0,,0.0,0.0,1.0,1.0,1.0,0.0,0.0,0.0,0.0,0.0,0.0,1.0,1.0,1.0,1.0,0.0,0.0,0.0,1.0,1.0,16.0,17.0,0.0,32.4919024951083,Low
162202,Arail Kachhar,0,0,0,0,0,230.22,0.0,,,,,,,,,,,,,,,,,,,,,,,,,,,0.0,0.0,0.0,45.0,Medium
162203,Chak Sayad Arab Darvesh,117,19,16,0,0,7.04,16.619318181818183,0.1367521367521367,0.0,0.0,0.0,0.0,0.0,0.0,0.0,1.0,1.0,1.0,0.0,1.0,0.0,1.0,0.0,0.0,0.0,1.0,1.0,1.0,0.0,0.0,0.0,0.0,0.0,15.0,10.0,40.0,39.785945840231776,Medium
162204,Chak Hiranand,441,74,36,9,0,8.71,50.631458094144655,0.0816326530612244,0.0204081632653061,0.0,0.0,0.0,0.0,0.0,0.0,1.0,1.0,1.0,1.0,1.0,0.0,0.0,0.0,0.0,0.0,0.0,1.0,0.0,0.0,0.0,0.0,0.0,0.0,15.0,10.0,4.0,34.632971871784584,Medium
162205,Chak Beniram,0,0,0,0,0,0.0,,,,,,,,,,,,,,,,,,,,,,,,,,,,0.0,0.0,0.0,45.0,Medium
162206,Chak Bhawar Vaish,0,0,0,0,0,0.0,,,,,,,,,,,,,,,,,,,,,,,,,,,,0.0,0.0,0.0,45.0,Medium
162207,Dewrakh Uparhar,2320,370,345,914,0,200.75,11.556662515566623,0.1487068965517241,0.3939655172413793,0.0,0.0,0.0,0.0,0.0,0.0,1.0,1.0,1.0,0.0,0.0,0.0,0.0,0.0,0.0,0.0,1.0,0.0,1.0,1.0,0.0,1.0,1.0,1.0,15.0,10.0,3.0,34.40624122861459,Medium
162208,Dewrakh Kachhar,0,0,0,0,0,100.76,0.0,,,,,,,,,,,,,,,,,,,,,,,,,,,15.0,10.0,3.0,45.0,Medium
162209,Mawaiya Ta. Javthan Kachhar,0,0,0,0,0,28.48,0.0,,,,,,,,,,,,,,,,,,,,,,,,,,,5.0,12.0,3.0,45.0,Medium
162210,Chak Satai Mishir,655,105,81,0,0,11.31,57.91335101679929,0.1236641221374045,0.0,0.0,0.0,0.0,0.0,0.0,0.0,1.0,1.0,1.0,0.0,0.0,0.0,0.0,0.0,1.0,1.0,1.0,1.0,1.0,1.0,0.0,0.0,0.0,0.0,15.0,10.0,40.0,28.59130453781624,Low
162211,Dadari Taluka Naini Dadari,805,154,118,51,0,22.4,35.9375,0.146583850931677,0.0633540372670807,0.0,0.0,0.0,0.0,0.0,0.0,1.0,1.0,1.0,0.0,0.0,0.0,0.0,0.0,1.0,0.0,1.0,1.0,1.0,1.0,0.0,0.0,1.0,1.0,17.0,8.0,50.0,28.69202571112266,Low
162212,Chak Daud Nagar,509,90,51,19,0,31.59,16.112693890471668,0.1001964636542239,0.037328094302554,0.0,0.0,0.0,0.0,0.0,0.0,1.0,1.0,1.0,0.0,0.0,0.0,0.0,0.0,0.0,0.0,1.0,1.0,0.0,1.0,0.0,1.0,1.0,0.0,15.0,10.0,40.0,26.355083868965306,Low
162213,Kajipur,2328,370,271,413,0,32.0,72.75,0.1164089347079037,0.1774054982817869,0.0,0.0,0.0,0.0,0.0,0.0,1.0,1.0,1.0,1.0,1.0,0.0,1.0,0.0,1.0,1.0,1.0,0.0,1.0,1.0,0.0,0.0,0.0,0.0,10.0,8.0,8.0,44.870755282764655,Medium
162214,Naini Taluka Naini Dadari,4991,792,620,900,0,207.0,24.11111111111111,0.124223602484472,0.180324584251653,0.0,0.0,0.0,0.0,0.0,0.0,1.0,1.0,1.0,0.0,1.0,0.0,0.0,0.0,1.0,1.0,1.0,0.0,1.0,1.0,1.0,1.0,1.0,1.0,10.0,10.0,10.0,30.61977317338042,Low
162215,Cheonki,1600,274,193,570,0,34.53,46.33651896901245,0.120625,0.35625,0.0,0.0,0.0,0.0,0.0,0.0,1.0,1.0,1.0,0.0,1.0,0.0,1.0,0.0,1.0,1.0,1.0,1.0,1.0,1.0,0.0,1.0,1.0,1.0,17.0,8.0,20.0,39.80534476228741,Medium
162216,Chak Jograj,601,128,60,78,0,32.0,18.78125,0.0998336106489184,0.129783693843594,0.0,0.0,0.0,0.0,0.0,0.0,1.0,1.0,1.0,0.0,0.0,0.0,0.0,0.0,0.0,0.0,0.0,0.0,1.0,0.0,0.0,0.0,1.0,1.0,10.0,8.0,1.0,39.416206560945525,Medium
162217,Chak Durgadatt,0,0,0,0,0,29.0,0.0,,,,,,,,,,,,,,,,,,,,,,,,,,,10.0,8.0,0.0,45.0,Medium
162218,Chak Gulam Mohmmad,663,97,71,8,0,18.0,36.833333333333336,0.1070889894419306,0.0120663650075414,0.0,0.0,0.0,0.0,0.0,0.0,1.0,1.0,0.0,0.0,0.0,0.0,0.0,0.0,1.0,1.0,1.0,0.0,1.0,1.0,0.0,1.0,1.0,1.0,10.0,8.0,0.0,35.62091125577837,Medium
162219,Chak Nauniya,831,120,122,28,0,22.0,37.77272727272727,0.1468110709987966,0.0336943441636582,0.0,0.0,0.0,0.0,0.0,0.0,1.0,1.0,1.0,0.0,0.0,0.0,1.0,0.0,0.0,0.0,1.0,0.0,1.0,1.0,0.0,0.0,0.0,0.0,10.0,8.0,1.0,43.626007882240216,Medium
162220,Chak Kabara,151,27,23,40,0,10.0,15.1,0.152317880794702,0.2649006622516556,0.0,0.0,0.0,0.0,0.0,0.0,1.0,1.0,1.0,0.0,1.0,0.0,1.0,0.0,0.0,0.0,0.0,0.0,1.0,1.0,0.0,0.0,0.0,0.0,10.0,8.0,0.0,49.01494753203117,Medium
162221,Chak Madho Dixit,218,38,35,0,0,14.0,15.571428571428571,0.1605504587155963,0.0,0.0,0.0,0.0,0.0,0.0,0.0,1.0,1.0,1.0,1.0,1.0,0.0,1.0,0.0,0.0,0.0,1.0,1.0,1.0,1.0,0.0,1.0,1.0,1.0,10.0,8.0,2.0,37.95680657003525,Medium
162222,Mawaiya Uparhar,4332,699,649,86,0,259.49,16.694284943543103,0.1498153277931671,0.0198522622345337,0.0,0.0,0.0,0.0,0.0,0.0,1.0,1.0,1.0,0.0,1.0,0.0,1.0,0.0,1.0,0.0,1.0,0.0,1.0,1.0,0.0,1.0,1.0,1.0,15.0,10.0,0.0,42.78018549501058,Medium
162223,Gangapur Kachhar,0,0,0,0,0,305.09,0.0,,,,,,,,,,,,,,,,,,,,,,,,,,,14.0,12.0,0.0,45.0,Medium
162224,Tendua,2038,319,265,618,0,207.17,9.83733165998938,0.1300294406280667,0.3032384690873405,0.0,0.0,0.0,0.0,0.0,0.0,1.0,1.0,1.0,0.0,1.0,0.0,1.0,0.0,0.0,0.0,1.0,1.0,0.0,1.0,0.0,1.0,1.0,1.0,15.0,5.0,22.0,38.32158390392717,Medium
162225,Bharauha,1302,241,213,627,0,120.82,10.776361529548089,0.1635944700460829,0.4815668202764977,0.0,0.0,0.0,0.0,0.0,0.0,1.0,1.0,0.0,0.0,0.0,0.0,0.0,0.0,0.0,0.0,1.0,1.0,1.0,1.0,0.0,0.0,1.0,1.0,15.0,18.0,5.0,33.59212252260511,Medium
162226,Gobardhanpura,0,0,0,0,0,34.99,0.0,,,,,,,,,,,,,,,,,,,,,,,,,,,12.0,10.0,7.0,45.0,Medium
162227,Sadwa Kalan,3332,556,441,329,0,221.44,15.046965317919076,0.1323529411764706,0.0987394957983193,0.0,,0.0,0.0,0.0,0.0,1.0,1.0,0.0,0.0,1.0,0.0,0.0,0.0,0.0,1.0,1.0,1.0,1.0,1.0,0.0,1.0,1.0,1.0,12.0,8.0,3.0,30.916346073185863,Low
162228,Madanuwa Uperhar,54,9,7,0,0,104.13,0.5185825410544512,0.1296296296296296,0.0,0.0,0.0,0.0,0.0,0.0,0.0,0.0,1.0,1.0,0.0,0.0,0.0,0.0,0.0,1.0,0.0,0.0,1.0,1.0,1.0,0.0,0.0,0.0,0.0,12.0,14.0,0.0,34.74354619196351,Medium
162229,Madanuwa Kachar,0,0,0,0,0,33.45,0.0,,,,,,,,,,,,,,,,,,,,,,,,,,,14.0,12.0,0.0,45.0,Medium
162230,Lawayan Kalan Kachar,0,0,0,0,0,14.84,0.0,,,,,,,,,,,,,,,,,,,,,,,,,,,10.0,10.0,0.0,45.0,Medium
162231,Belwat,1710,269,277,578,4,100.85,16.955875061973227,0.1619883040935672,0.3380116959064327,0.0023391812865497,0.0,0.0,0.0,1.0,0.0,1.0,1.0,1.0,0.0,1.0,0.0,0.0,0.0,0.0,0.0,1.0,1.0,1.0,1.0,0.0,0.0,1.0,1.0,12.0,15.0,0.0,26.469449052420845,Low
162232,Barika,477,74,42,442,0,62.02,7.691067397613673,0.0880503144654088,0.9266247379454928,0.0,0.0,0.0,0.0,0.0,0.0,1.0,1.0,1.0,0.0,0.0,0.0,0.0,0.0,0.0,1.0,1.0,1.0,1.0,1.0,0.0,0.0,1.0,1.0,6.0,12.0,6.0,30.09088767427957,Low
162233,Mahuwari,3289,533,417,593,0,237.03,13.87588069020799,0.1267862572210398,0.1802979629066585,0.0,0.0,0.0,0.0,0.0,0.0,1.0,1.0,1.0,,,0.0,0.0,0.0,1.0,1.0,1.0,1.0,1.0,1.0,0.0,0.0,1.0,1.0,5.0,16.0,6.0,27.775649882809923,Low
162234,Lawayan Kalan Uparhar,6815,1121,1253,475,126,331.25,20.57358490566038,0.1838591342626559,0.0696991929567131,0.0184886280264123,0.0,0.0,0.0,0.0,0.0,1.0,1.0,0.0,0.0,0.0,0.0,0.0,0.0,0.0,1.0,1.0,1.0,1.0,1.0,0.0,1.0,1.0,1.0,10.0,10.0,0.0,32.98504656968092,Low
162235,Duhipur Kachar,0,0,0,0,0,792.82,0.0,,,,,,,,,,,,,,,,,,,,,,,,,,,12.0,11.0,0.0,45.0,Medium
162236,Mohiuddinpur,1394,238,221,856,0,116.5,11.9656652360515,0.1585365853658536,0.6140602582496413,0.0,0.0,0.0,0.0,0.0,0.0,1.0,1.0,1.0,0.0,0.0,0.0,1.0,0.0,1.0,0.0,1.0,1.0,1.0,1.0,0.0,1.0,1.0,1.0,0.0,0.0,0.0,40.81842367610068,Medium
162237,Babupur,463,57,76,91,0,31.15,14.863563402889246,0.1641468682505399,0.1965442764578833,0.0,0.0,0.0,0.0,0.0,0.0,1.0,1.0,1.0,1.0,0.0,0.0,1.0,0.0,0.0,0.0,1.0,0.0,1.0,0.0,0.0,0.0,1.0,1.0,4.0,7.0,4.0,46.518313019676114,Medium
162238,Bhandra Umar Ganj,4148,602,655,177,0,212.47,19.52275615380995,0.157907425265188,0.0426711668273866,0.0,0.0,0.0,0.0,0.0,0.0,1.0,1.0,1.0,1.0,1.0,1.0,1.0,1.0,1.0,1.0,1.0,1.0,1.0,1.0,0.0,1.0,1.0,1.0,3.0,18.0,0.0,38.25334889099984,Medium
162239,Dandupur,1787,293,256,325,0,76.43,23.38087138558157,0.1432568550643536,0.1818690542809177,0.0,0.0,0.0,0.0,0.0,0.0,1.0,1.0,0.0,0.0,1.0,0.0,1.0,1.0,1.0,1.0,0.0,0.0,1.0,1.0,0.0,1.0,1.0,1.0,15.0,16.0,6.0,52.00179918000416,Medium
162240,Sarangapur,2419,407,323,6,0,88.76,27.253267237494367,0.1335262505167424,0.0024803637866887,0.0,0.0,0.0,0.0,0.0,0.0,1.0,1.0,1.0,0.0,0.0,0.0,1.0,0.0,0.0,1.0,1.0,1.0,1.0,1.0,0.0,1.0,1.0,1.0,15.0,10.0,6.0,37.63883609732493,Medium
162241,Amiliya,2210,365,383,746,0,826.15,2.675059008654603,0.1733031674208144,0.3375565610859729,0.0,0.0,0.0,0.0,0.0,0.0,1.0,1.0,0.0,1.0,1.0,0.0,0.0,0.0,0.0,0.0,1.0,0.0,1.0,1.0,0.0,1.0,1.0,1.0,3.0,7.0,3.0,37.830208843223815,Medium
162242,Palpur,3432,583,616,465,0,222.78,15.40533261513601,0.1794871794871795,0.1354895104895105,0.0,0.0,0.0,0.0,0.0,0.0,1.0,1.0,1.0,0.0,1.0,0.0,1.0,0.0,1.0,1.0,1.0,1.0,1.0,1.0,0.0,1.0,1.0,1.0,3.0,6.0,3.0,39.19552592614017,Medium
162243,Chakpure Kala,235,29,19,0,0,68.4,3.4356725146198825,0.0808510638297872,0.0,0.0,0.0,0.0,0.0,0.0,0.0,1.0,1.0,1.0,0.0,1.0,0.0,1.0,1.0,1.0,1.0,1.0,0.0,1.0,1.0,0.0,0.0,1.0,1.0,3.0,7.0,3.0,40.06680581237917,Medium
162244,Kalinjara Urf Badalganj,745,106,112,66,11,158.51,4.70001892625071,0.1503355704697986,0.0885906040268456,0.0147651006711409,0.0,0.0,0.0,0.0,0.0,1.0,1.0,1.0,0.0,1.0,0.0,1.0,0.0,1.0,1.0,1.0,1.0,1.0,0.0,0.0,0.0,1.0,1.0,5.0,15.0,5.0,40.49883804882722,Medium
162245,Champatpur,1868,323,248,566,27,85.31,21.896612354940803,0.1327623126338329,0.3029978586723769,0.0144539614561027,0.0,0.0,0.0,0.0,0.0,1.0,1.0,0.0,0.0,0.0,0.0,1.0,0.0,0.0,0.0,1.0,1.0,1.0,1.0,0.0,1.0,1.0,1.0,15.0,20.0,15.0,42.57669981296285,Medium
162246,Jamoli,787,122,136,480,0,113.42,6.93881149709046,0.1728081321473951,0.6099110546378653,0.0,0.0,0.0,0.0,0.0,0.0,1.0,1.0,0.0,0.0,0.0,0.0,1.0,0.0,0.0,0.0,1.0,1.0,0.0,1.0,0.0,1.0,1.0,1.0,165.0,0.0,20.0,44.352454568294434,Medium
162247,Pipirasa,1329,205,212,339,0,152.09,8.738247090538497,0.1595184349134688,0.255079006772009,0.0,0.0,0.0,0.0,0.0,0.0,1.0,1.0,1.0,0.0,1.0,0.0,0.0,0.0,0.0,0.0,1.0,1.0,1.0,1.0,0.0,1.0,1.0,1.0,12.0,20.0,10.0,28.92026236934572,Low
162248,Pura Khagan,1230,235,180,459,0,63.35,19.41594317284925,0.1463414634146341,0.373170731707317,0.0,0.0,0.0,0.0,0.0,0.0,1.0,1.0,0.0,0.0,1.0,0.0,0.0,0.0,0.0,0.0,1.0,1.0,1.0,1.0,0.0,1.0,1.0,1.0,15.0,18.0,8.0,32.887809073170374,Low
162249,Chak Shobharam,109,18,14,0,0,14.32,7.611731843575419,0.128440366972477,0.0,0.0,0.0,0.0,0.0,0.0,0.0,1.0,1.0,0.0,0.0,0.0,0.0,1.0,0.0,0.0,0.0,1.0,1.0,1.0,1.0,0.0,0.0,0.0,1.0,5.0,15.0,8.0,39.9995366371984,Medium
162250,Chakmir Fazal Ali,276,51,45,275,0,14.38,19.193324061196105,0.1630434782608695,0.9963768115942028,0.0,0.0,0.0,0.0,0.0,0.0,1.0,1.0,1.0,0.0,0.0,0.0,1.0,0.0,0.0,0.0,0.0,1.0,1.0,1.0,0.0,0.0,1.0,1.0,5.0,18.0,8.0,48.16241254875314,Medium
162251,Chakman,0,0,0,0,0,6.99,0.0,,,,,,,,,,,,,,,,,,,,,,,,,,,5.0,15.0,8.0,45.0,Medium
162252,Bagbana,2606,418,426,890,0,153.78,16.94628690336845,0.1634689178818112,0.3415195702225633,0.0,0.0,1.0,,0.0,0.0,1.0,1.0,1.0,0.0,0.0,0.0,0.0,0.0,0.0,0.0,1.0,1.0,1.0,1.0,0.0,1.0,1.0,1.0,5.0,15.0,8.0,26.475158654720264,Low
162253,Chakautha,1008,170,175,189,0,42.9,23.496503496503497,0.1736111111111111,0.1875,0.0,0.0,0.0,0.0,0.0,0.0,1.0,1.0,1.0,1.0,0.0,0.0,1.0,0.0,0.0,0.0,1.0,1.0,1.0,1.0,0.0,0.0,1.0,1.0,15.0,18.0,8.0,39.61200301688401,Medium
162254,Chak Mohammad Rafi,20,5,3,0,0,8.79,2.275312855517634,0.15,0.0,0.0,0.0,0.0,0.0,0.0,0.0,0.0,1.0,1.0,0.0,0.0,0.0,1.0,0.0,0.0,0.0,1.0,1.0,1.0,1.0,0.0,0.0,0.0,0.0,15.0,18.0,8.0,40.42689356462142,Medium
162255,Bongi,4095,691,721,689,0,238.95,17.13747645951036,0.176068376068376,0.1682539682539682,0.0,0.0,0.0,0.0,0.0,0.0,1.0,1.0,1.0,0.0,1.0,0.0,1.0,1.0,0.0,0.0,1.0,1.0,1.0,1.0,0.0,0.0,1.0,1.0,10.0,20.0,8.0,39.32800938513873,Medium
162256,Hariharpur,1180,197,200,112,6,47.47,24.857804929429115,0.1694915254237288,0.0949152542372881,0.0050847457627118,0.0,0.0,0.0,0.0,0.0,1.0,1.0,1.0,0.0,1.0,0.0,1.0,0.0,0.0,0.0,1.0,1.0,1.0,1.0,0.0,0.0,1.0,1.0,16.0,20.0,9.0,39.2028793298291,Medium
162257,Ubhari,6182,954,1163,1258,17,232.7,26.566394499355397,0.1881268197994176,0.2034940148819152,0.0027499191200258,0.0,0.0,0.0,0.0,0.0,1.0,1.0,1.0,0.0,1.0,0.0,0.0,1.0,0.0,0.0,1.0,1.0,1.0,1.0,0.0,0.0,1.0,1.0,15.0,20.0,5.0,30.319338749569724,Low
162258,Muradpur,1184,174,219,171,0,34.22,34.59964932787843,0.1849662162162162,0.1444256756756756,0.0,0.0,0.0,0.0,0.0,0.0,1.0,1.0,1.0,0.0,0.0,0.0,1.0,0.0,0.0,0.0,1.0,1.0,1.0,1.0,0.0,1.0,1.0,1.0,7.0,17.0,8.0,40.19384281445342,Medium
162259,Chak Ramjan Ali,0,0,0,0,0,11.43,0.0,,,,,,,,,,,,,,,,,,,,,,,,,,,5.0,15.0,8.0,45.0,Medium
162260,Itraura,64,10,9,13,0,31.77,2.014479068303431,0.140625,0.203125,0.0,0.0,0.0,0.0,0.0,0.0,0.0,1.0,1.0,1.0,1.0,0.0,1.0,0.0,0.0,0.0,0.0,0.0,1.0,1.0,0.0,0.0,0.0,0.0,16.0,20.0,0.0,51.15054315189397,Medium
162261,Balapur,4676,799,797,2211,0,253.83,18.421778355592323,0.1704448246364414,0.4728400342172797,0.0,0.0,0.0,0.0,0.0,0.0,1.0,1.0,1.0,1.0,1.0,,1.0,0.0,1.0,0.0,0.0,0.0,0.0,0.0,0.0,1.0,1.0,1.0,13.0,16.0,0.0,53.23504330848014,Medium
162262,Baramar,1728,306,255,785,0,77.63,22.259435785134613,0.1475694444444444,0.4542824074074074,0.0,0.0,0.0,0.0,0.0,0.0,1.0,1.0,1.0,1.0,1.0,0.0,1.0,0.0,0.0,0.0,1.0,1.0,1.0,1.0,0.0,1.0,1.0,1.0,15.0,18.0,8.0,40.11379717396597,Medium
162263,Chak Vishnath,260,36,26,0,0,7.01,37.089871611982886,0.1,0.0,0.0,0.0,0.0,0.0,0.0,0.0,1.0,1.0,1.0,0.0,0.0,0.0,0.0,0.0,0.0,0.0,1.0,0.0,1.0,1.0,0.0,0.0,1.0,1.0,3.0,12.0,3.0,32.02512519676033,Low
162264,Chak Tejau Dixit,458,59,70,0,0,25.79,17.75882124854595,0.1528384279475982,0.0,0.0,0.0,0.0,0.0,0.0,0.0,1.0,1.0,1.0,0.0,0.0,0.0,0.0,0.0,0.0,0.0,1.0,0.0,1.0,1.0,0.0,0.0,1.0,1.0,15.0,10.0,0.0,32.815390625020065,Low
162265,Chak Ghinahu,0,0,0,0,0,6.0,0.0,,,,,,,,,,,,,,,,,,,,,,,,,,,15.0,20.0,8.0,45.0,Medium
162266,Chak Bisuni,5,1,0,5,0,5.85,0.8547008547008548,0.0,1.0,0.0,0.0,0.0,0.0,0.0,0.0,0.0,1.0,1.0,0.0,0.0,0.0,0.0,0.0,0.0,0.0,0.0,1.0,1.0,1.0,0.0,0.0,0.0,0.0,15.0,20.0,10.0,35.86847839457361,Medium
162267,Antari Taluka Nibi,0,0,0,0,0,5.52,0.0,,,,,,,,,,,,,,,,,,,,,,,,,,,12.0,20.0,8.0,45.0,Medium
162268,Chak Chandupur,745,120,118,327,0,29.43,25.31430513081889,0.1583892617449664,0.4389261744966443,0.0,0.0,0.0,0.0,0.0,0.0,1.0,1.0,1.0,1.0,1.0,0.0,1.0,0.0,0.0,0.0,0.0,1.0,1.0,1.0,0.0,0.0,1.0,1.0,15.0,20.0,8.0,45.48722590560288,Medium
162269,Chak Vidyagiri,25,3,6,0,0,6.05,4.132231404958678,0.24,0.0,0.0,0.0,0.0,0.0,0.0,0.0,0.0,1.0,1.0,0.0,0.0,0.0,0.0,0.0,0.0,0.0,1.0,1.0,1.0,0.0,0.0,0.0,0.0,0.0,15.0,20.0,8.0,35.70324953850323,Medium
162270,Rehi Taluka Purwa Khurd,616,94,107,0,0,32.88,18.73479318734793,0.1737012987012987,0.0,0.0,0.0,0.0,0.0,0.0,0.0,1.0,1.0,0.0,0.0,0.0,0.0,0.0,0.0,0.0,0.0,1.0,1.0,1.0,1.0,0.0,0.0,1.0,1.0,12.0,20.0,8.0,31.814741775427247,Low
162271,Chak Noor,278,49,44,0,0,16.44,16.909975669099754,0.158273381294964,0.0,0.0,0.0,0.0,0.0,0.0,0.0,1.0,1.0,1.0,0.0,0.0,0.0,0.0,0.0,0.0,0.0,0.0,1.0,1.0,1.0,0.0,0.0,0.0,0.0,15.0,20.0,8.0,32.94353493148943,Low
162272,Rehi Taluka Panwar Kalan,1062,180,149,575,0,52.82,20.106020446800454,0.1403013182674199,0.5414312617702448,0.0,0.0,0.0,0.0,0.0,0.0,1.0,1.0,1.0,0.0,0.0,0.0,0.0,0.0,0.0,0.0,1.0,1.0,1.0,1.0,0.0,0.0,1.0,1.0,12.0,20.0,8.0,30.24294982115788,Low
162273,Chak Puremian Khurd,835,133,161,132,18,45.45,18.37183718371837,0.192814371257485,0.1580838323353293,0.0215568862275449,0.0,0.0,0.0,0.0,0.0,1.0,1.0,1.0,0.0,0.0,0.0,0.0,0.0,0.0,0.0,1.0,1.0,1.0,1.0,0.0,1.0,1.0,1.0,12.0,20.0,8.0,30.34502078135464,Low
162274,Chak Prem Giri,122,20,22,10,0,9.11,13.391877058177828,0.180327868852459,0.081967213114754,0.0,0.0,0.0,0.0,0.0,0.0,1.0,1.0,1.0,0.0,0.0,0.0,1.0,0.0,0.0,0.0,0.0,1.0,1.0,0.0,0.0,0.0,0.0,0.0,12.0,15.0,8.0,46.37034238816577,Medium
162275,Chak Gauri Shankar,535,77,68,25,0,27.89,19.18250268913589,0.1271028037383177,0.0467289719626168,0.0,0.0,0.0,0.0,0.0,0.0,1.0,1.0,0.0,0.0,0.0,0.0,0.0,0.0,0.0,0.0,1.0,1.0,1.0,1.0,0.0,0.0,1.0,1.0,15.0,20.0,8.0,30.668841476444985,Low
162276,Nibi Taluka Khurd,3360,591,518,2082,0,227.43,14.773776546629731,0.1541666666666666,0.6196428571428572,0.0,0.0,0.0,0.0,0.0,0.0,1.0,1.0,1.0,1.0,1.0,0.0,0.0,0.0,0.0,0.0,1.0,1.0,1.0,1.0,0.0,1.0,1.0,1.0,15.0,20.0,10.0,30.83070786504748,Low
162277,Narsinghpur,1073,165,192,729,0,119.63,8.969322076402241,0.178937558247903,0.679403541472507,0.0,0.0,0.0,0.0,0.0,0.0,1.0,1.0,0.0,0.0,0.0,0.0,1.0,0.0,1.0,0.0,1.0,1.0,1.0,1.0,0.0,0.0,1.0,1.0,10.0,20.0,0.0,44.96729381531382,Medium
162278,Chak Khwajaah Ali,274,46,29,0,0,17.07,16.05155243116579,0.1058394160583941,0.0,0.0,0.0,0.0,0.0,0.0,0.0,1.0,1.0,1.0,0.0,1.0,0.0,1.0,0.0,0.0,0.0,1.0,1.0,0.0,1.0,0.0,1.0,1.0,1.0,13.0,22.0,0.0,36.33521784978964,Medium
162279,Chak Mohammad Sadiq,640,102,117,0,0,11.8,54.23728813559322,0.1828125,0.0,0.0,0.0,0.0,0.0,0.0,0.0,1.0,1.0,0.0,1.0,1.0,0.0,1.0,0.0,0.0,0.0,1.0,1.0,1.0,1.0,0.0,1.0,0.0,0.0,12.0,22.0,0.0,43.547930524580245,Medium
162280,Chak Shah Gulam Ali,292,49,34,68,0,12.15,24.032921810699587,0.1164383561643835,0.2328767123287671,0.0,0.0,0.0,0.0,0.0,0.0,1.0,1.0,1.0,0.0,0.0,0.0,0.0,0.0,0.0,0.0,1.0,1.0,1.0,1.0,0.0,1.0,1.0,1.0,13.0,22.0,0.0,28.145761301894325,Low
162281,Ghongapur,1708,285,268,426,0,105.69,16.160469297000663,0.1569086651053864,0.2494145199063231,0.0,0.0,0.0,0.0,0.0,0.0,1.0,1.0,1.0,0.0,1.0,0.0,0.0,0.0,0.0,0.0,1.0,1.0,1.0,1.0,0.0,1.0,1.0,1.0,12.0,15.0,0.0,29.118846551937267,Low
162282,Chak Ataullah,268,51,45,61,0,27.66,9.689081706435283,0.167910447761194,0.2276119402985074,0.0,0.0,0.0,0.0,0.0,0.0,1.0,1.0,1.0,1.0,0.0,0.0,0.0,0.0,1.0,0.0,1.0,1.0,1.0,1.0,0.0,1.0,0.0,0.0,12.0,15.0,0.0,29.07378547715189,Low
162283,Chak Hidayatullah,553,63,85,135,0,26.78,20.649738610903658,0.1537070524412296,0.244122965641953,0.0,0.0,0.0,0.0,0.0,0.0,1.0,1.0,1.0,1.0,0.0,0.0,1.0,0.0,0.0,0.0,0.0,0.0,1.0,1.0,0.0,0.0,0.0,0.0,0.0,22.0,10.0,49.180937905295295,Medium
162284,Deori Taluka Nibi Dadari,714,94,108,306,0,34.79,20.52313883299799,0.1512605042016806,0.4285714285714285,0.0,0.0,0.0,0.0,0.0,0.0,1.0,1.0,1.0,0.0,0.0,0.0,1.0,0.0,0.0,0.0,1.0,0.0,0.0,1.0,0.0,0.0,1.0,1.0,0.0,22.0,10.0,45.02457802512763,Medium
162285,Chak Peer Mohammad,0,0,0,0,0,4.5,0.0,,,,,,,,,,,,,,,,,,,,,,,,,,,0.0,22.0,10.0,45.0,Medium
162286,Masika,1565,285,227,295,0,166.91,9.376310586543646,0.1450479233226837,0.1884984025559105,0.0,0.0,0.0,0.0,0.0,0.0,1.0,1.0,1.0,0.0,0.0,0.0,0.0,0.0,0.0,0.0,0.0,0.0,1.0,1.0,0.0,0.0,1.0,1.0,0.0,22.0,10.0,38.17948099389314,Medium
162287,Chak Semra,513,94,60,14,0,19.87,25.817815802717664,0.1169590643274853,0.0272904483430799,0.0,0.0,0.0,0.0,0.0,0.0,1.0,1.0,1.0,1.0,0.0,0.0,1.0,0.0,0.0,0.0,0.0,0.0,1.0,1.0,0.0,0.0,1.0,1.0,10.0,20.0,8.0,47.20684557098747,Medium
162288,Bali Pur,414,74,73,57,0,33.87,12.223206377325068,0.1763285024154589,0.1376811594202898,0.0,0.0,0.0,0.0,0.0,0.0,1.0,1.0,1.0,0.0,1.0,0.0,0.0,0.0,0.0,0.0,1.0,1.0,1.0,0.0,0.0,0.0,1.0,1.0,8.0,20.0,10.0,31.48087571348496,Low
162289,Chilli,1371,236,211,247,0,129.65,10.574623987659082,0.1539022611232677,0.1801604668125455,0.0,0.0,0.0,0.0,0.0,0.0,1.0,1.0,1.0,0.0,0.0,0.0,0.0,0.0,0.0,0.0,1.0,1.0,1.0,1.0,0.0,0.0,1.0,1.0,14.0,20.0,10.0,28.452695762698504,Low
162290,Rajapur,1392,213,214,290,0,129.0,10.790697674418604,0.153735632183908,0.2083333333333333,0.0,0.0,0.0,0.0,0.0,0.0,1.0,1.0,0.0,0.0,0.0,0.0,1.0,0.0,1.0,1.0,1.0,1.0,1.0,1.0,0.0,1.0,1.0,1.0,12.0,22.0,22.0,41.93077945031067,Medium
162291,Chak Ghashyamdas,3125,531,537,333,0,35.24,88.67763904653802,0.17184,0.10656,0.0,0.0,0.0,0.0,0.0,0.0,1.0,1.0,1.0,0.0,1.0,0.0,1.0,0.0,0.0,0.0,1.0,1.0,1.0,1.0,0.0,1.0,1.0,1.0,10.0,22.0,22.0,41.83439983427169,Medium
162292,Karma,10963,1718,1792,1988,0,302.18,36.27970084055861,0.1634589072334215,0.1813372252120769,0.0,,,0.0,0.0,0.0,1.0,1.0,0.0,0.0,0.0,0.0,1.0,0.0,1.0,1.0,1.0,1.0,1.0,1.0,1.0,1.0,1.0,1.0,10.0,25.0,80.0,40.63559787654586,Medium
162293,Chitupur,346,82,54,37,0,51.82,6.676958703203396,0.1560693641618497,0.1069364161849711,0.0,0.0,0.0,0.0,0.0,0.0,1.0,1.0,1.0,0.0,0.0,0.0,0.0,0.0,0.0,0.0,1.0,1.0,1.0,1.0,0.0,0.0,0.0,1.0,7.0,18.0,80.0,27.99131768913206,Low
162294,Hanthi Gani,2958,477,552,1785,0,250.45,11.81074066679976,0.1866125760649087,0.603448275862069,0.0,0.0,0.0,0.0,0.0,0.0,1.0,1.0,1.0,1.0,1.0,0.0,0.0,0.0,0.0,0.0,1.0,1.0,1.0,1.0,0.0,1.0,1.0,1.0,9.0,25.0,20.0,31.601273029969924,Low
162295,Umri Ta. Purva,1812,286,286,903,0,235.62,7.690348866819455,0.1578366445916114,0.4983443708609271,0.0,0.0,0.0,0.0,0.0,0.0,1.0,1.0,0.0,0.0,1.0,0.0,1.0,0.0,0.0,0.0,1.0,1.0,0.0,0.0,0.0,1.0,1.0,1.0,8.0,23.0,23.0,45.8763795301899,Medium
162296,Tiwari Kala,894,151,152,216,0,98.45,9.080751650584052,0.1700223713646532,0.2416107382550335,0.0,0.0,0.0,0.0,0.0,0.0,1.0,1.0,1.0,0.0,1.0,0.0,0.0,0.0,0.0,0.0,0.0,1.0,0.0,0.0,1.0,0.0,0.0,0.0,10.0,22.0,22.0,34.182122812469686,Medium
162297,Panwari,4199,684,921,1658,0,374.0,11.227272727272728,0.2193379376041914,0.3948559180757323,0.0,0.0,0.0,0.0,0.0,0.0,1.0,1.0,1.0,0.0,0.0,0.0,0.0,0.0,0.0,0.0,1.0,1.0,1.0,1.0,0.0,1.0,1.0,1.0,15.0,20.0,1.0,31.51608004795101,Low
162298,Danpur,1308,251,223,430,23,220.69,5.926865739272283,0.1704892966360856,0.3287461773700306,0.0175840978593272,0.0,0.0,0.0,0.0,0.0,1.0,1.0,1.0,0.0,0.0,0.0,0.0,0.0,0.0,0.0,0.0,1.0,1.0,0.0,0.0,0.0,0.0,0.0,0.0,10.0,10.0,37.42198604917906,Medium
162299,Barauli,2945,464,527,1039,0,286.08,10.29432326621924,0.1789473684210526,0.3528013582342954,0.0,0.0,0.0,0.0,0.0,0.0,1.0,1.0,1.0,0.0,0.0,0.0,1.0,0.0,0.0,0.0,1.0,1.0,1.0,1.0,0.0,1.0,1.0,1.0,13.0,278.0,0.0,40.05572755109659,Medium
162300,Chak Sangatdas,910,169,170,343,0,37.68,24.15074309978769,0.1868131868131868,0.3769230769230769,0.0,0.0,0.0,0.0,0.0,0.0,1.0,1.0,1.0,0.0,0.0,0.0,1.0,1.0,1.0,1.0,1.0,1.0,1.0,1.0,0.0,1.0,1.0,1.0,10.0,20.0,20.0,40.98208282294185,Medium
162301,Pawar,3394,598,683,562,0,540.09,6.284137828880372,0.2012374779021803,0.1655863288155568,0.0,0.0,0.0,0.0,0.0,0.0,1.0,1.0,1.0,0.0,0.0,0.0,0.0,0.0,0.0,0.0,1.0,0.0,1.0,0.0,0.0,1.0,1.0,1.0,15.0,23.0,0.0,37.123457979484,Medium
162302,Bari Bajahiya,2877,500,495,85,0,337.15,8.5332937861486,0.1720542231491136,0.0295446645811609,0.0,0.0,0.0,0.0,0.0,0.0,1.0,1.0,1.0,0.0,0.0,0.0,0.0,0.0,1.0,1.0,1.0,1.0,1.0,1.0,0.0,1.0,1.0,1.0,12.0,25.0,25.0,28.160236682632835,Low
162303,Bargohana Khurd,2212,361,423,476,0,187.91,11.77159278377947,0.1912296564195298,0.2151898734177215,0.0,0.0,0.0,0.0,0.0,0.0,1.0,1.0,1.0,0.0,0.0,0.0,0.0,0.0,0.0,0.0,1.0,1.0,1.0,0.0,0.0,1.0,1.0,1.0,12.0,30.0,25.0,32.296883678333785,Low
162304,Bargohna Kala,3020,557,552,145,0,403.81,7.478764765607588,0.1827814569536424,0.0480132450331125,0.0,0.0,0.0,0.0,0.0,0.0,1.0,1.0,1.0,0.0,0.0,0.0,1.0,0.0,0.0,0.0,0.0,1.0,0.0,0.0,0.0,1.0,1.0,0.0,10.0,25.0,25.0,46.031034659230784,Medium
162305,Bhanaori,1517,234,295,288,0,172.98,8.76979997687594,0.1944627554383652,0.1898483849703361,0.0,0.0,0.0,0.0,0.0,0.0,1.0,1.0,1.0,1.0,1.0,0.0,1.0,0.0,0.0,0.0,0.0,0.0,1.0,0.0,0.0,1.0,1.0,1.0,14.0,15.0,23.0,52.14373632198773,Medium
162306,Bakrawan,1102,158,244,116,0,137.0,8.043795620437956,0.2214156079854809,0.1052631578947368,0.0,0.0,0.0,0.0,0.0,0.0,1.0,1.0,1.0,0.0,0.0,0.0,0.0,0.0,0.0,0.0,1.0,1.0,1.0,0.0,0.0,1.0,1.0,1.0,15.0,30.0,25.0,32.49954266596898,Low
162307,Belsara,2386,407,421,522,0,453.52,5.261068971599929,0.1764459346186085,0.2187761944677284,0.0,0.0,0.0,0.0,0.0,0.0,1.0,1.0,1.0,1.0,0.0,0.0,0.0,1.0,1.0,1.0,1.0,1.0,1.0,1.0,0.0,1.0,1.0,1.0,15.0,25.0,25.0,29.103592702596405,Low
162308,Naogawa,4940,785,946,982,0,551.0,8.96551724137931,0.191497975708502,0.1987854251012145,0.0,0.0,0.0,0.0,0.0,0.0,1.0,1.0,1.0,1.0,1.0,1.0,1.0,0.0,0.0,0.0,1.0,1.0,1.0,1.0,0.0,1.0,1.0,1.0,12.0,25.0,25.0,39.60752597018492,Medium
162309,Semri Ta. Purva,5141,801,844,1265,3,586.09,8.771690354723678,0.1641703948648123,0.2460610776113596,0.0005835440575763,0.0,0.0,0.0,0.0,0.0,1.0,1.0,1.0,0.0,1.0,0.0,0.0,0.0,0.0,1.0,1.0,1.0,1.0,0.0,0.0,1.0,1.0,1.0,7.0,27.0,27.0,31.530040302804608,Low
162310,Akodha,7205,1201,1176,1510,1,487.194,14.788769976641747,0.1632199861207494,0.2095766828591256,0.0001387925052047,0.0,0.0,,0.0,3.0,1.0,1.0,1.0,0.0,1.0,1.0,0.0,0.0,0.0,0.0,1.0,1.0,1.0,1.0,1.0,1.0,1.0,1.0,7.0,30.0,30.0,16.55590712804426,Low
162311,Maghigawa,1901,294,284,190,0,225.7,8.42268498006203,0.1493950552340873,0.0999473961073119,0.0,0.0,0.0,0.0,0.0,0.0,1.0,1.0,1.0,0.0,0.0,0.0,0.0,0.0,0.0,0.0,1.0,1.0,1.0,1.0,0.0,1.0,1.0,1.0,8.0,20.0,20.0,27.82792709949436,Low
162312,Gaura Ta. Purva,2297,369,393,449,0,216.71,10.599418577822895,0.1710927296473661,0.195472355245973,0.0,0.0,0.0,0.0,0.0,0.0,1.0,1.0,1.0,0.0,1.0,0.0,1.0,0.0,0.0,0.0,1.0,0.0,1.0,1.0,0.0,1.0,1.0,1.0,10.0,22.0,22.0,44.045988807234586,Medium
162313,Deweri Ta. Levai,740,107,127,133,0,113.99,6.491797526098781,0.1716216216216216,0.1797297297297297,0.0,0.0,0.0,0.0,0.0,0.0,1.0,1.0,1.0,1.0,0.0,0.0,1.0,0.0,0.0,1.0,1.0,1.0,1.0,1.0,0.0,1.0,1.0,1.0,13.0,28.0,27.0,38.81423820458589,Medium
162314,Sehra,1188,194,204,265,146,195.14,6.08793686583991,0.1717171717171717,0.223063973063973,0.1228956228956228,0.0,0.0,0.0,0.0,0.0,1.0,1.0,1.0,0.0,0.0,0.0,0.0,0.0,0.0,1.0,1.0,1.0,1.0,1.0,0.0,1.0,1.0,1.0,13.0,25.0,26.0,31.95161579206299,Low
162315,Gidhaura,1096,123,160,263,0,171.96,6.373575250058153,0.145985401459854,0.239963503649635,0.0,0.0,0.0,0.0,0.0,0.0,1.0,1.0,0.0,0.0,0.0,0.0,1.0,0.0,0.0,0.0,1.0,0.0,1.0,1.0,0.0,1.0,0.0,1.0,9.0,21.0,21.0,46.67479253558196,Medium
162316,Ramgadva,323,52,62,68,0,192.57,1.6773121462325389,0.1919504643962848,0.2105263157894736,0.0,0.0,0.0,0.0,0.0,0.0,1.0,1.0,1.0,0.0,0.0,0.0,1.0,0.0,1.0,1.0,1.0,1.0,1.0,1.0,0.0,1.0,1.0,1.0,7.0,28.0,28.0,39.38011611941104,Medium
162317,Tikri Ta.Kalmai,2545,394,413,924,0,299.47,8.498347079841052,0.162278978388998,0.3630648330058939,0.0,0.0,0.0,0.0,0.0,0.0,1.0,1.0,1.0,1.0,0.0,0.0,0.0,0.0,1.0,1.0,1.0,1.0,1.0,0.0,0.0,1.0,1.0,1.0,7.0,28.0,28.0,32.03314318311704,Low
162318,Labraha Choilaha,2564,462,446,960,0,184.74,13.878965031936776,0.1739469578783151,0.374414976599064,0.0,0.0,0.0,0.0,0.0,0.0,1.0,1.0,1.0,0.0,0.0,0.0,1.0,0.0,0.0,0.0,1.0,1.0,1.0,1.0,0.0,1.0,1.0,1.0,7.0,27.0,27.0,40.161182798263575,Medium
162319,Nachna,1222,202,207,546,0,133.15,9.177619226436349,0.1693944353518821,0.4468085106382978,0.0,0.0,0.0,0.0,0.0,0.0,1.0,1.0,1.0,1.0,1.0,0.0,1.0,0.0,0.0,0.0,1.0,1.0,1.0,1.0,0.0,1.0,1.0,1.0,10.0,25.0,25.0,40.19325676175893,Medium
162320,Dhari,1889,302,349,999,0,186.48,10.12977262977263,0.1847538380095288,0.5288512440444679,0.0,0.0,0.0,0.0,0.0,0.0,1.0,1.0,1.0,0.0,1.0,0.0,0.0,0.0,0.0,0.0,1.0,1.0,1.0,1.0,0.0,1.0,1.0,1.0,10.0,25.0,25.0,31.10340479143354,Low
162321,Gadhwa Khurd Ta. Kulmai,523,86,106,343,0,76.42,6.843758178487307,0.2026768642447418,0.655831739961759,0.0,0.0,0.0,0.0,0.0,0.0,1.0,1.0,0.0,0.0,1.0,0.0,1.0,0.0,0.0,0.0,1.0,1.0,1.0,0.0,0.0,1.0,1.0,1.0,10.0,25.0,25.0,47.97421139183132,Medium
162322,Baraswal,1263,222,220,230,0,376.1,3.3581494283435256,0.1741884402216943,0.1821060965954077,0.0,0.0,0.0,0.0,0.0,0.0,1.0,1.0,1.0,0.0,0.0,0.0,0.0,0.0,0.0,0.0,1.0,1.0,1.0,1.0,0.0,1.0,1.0,1.0,15.0,25.0,25.0,28.774269859384205,Low
162323,Kuin,781,115,141,245,0,36.02,21.682398667406996,0.1805377720870678,0.3137003841229193,0.0,0.0,0.0,0.0,0.0,0.0,1.0,1.0,1.0,0.0,0.0,0.0,0.0,0.0,0.0,0.0,1.0,1.0,1.0,1.0,0.0,1.0,1.0,1.0,15.0,25.0,25.0,30.37620928115892,Low
162324,Baheri,605,98,110,299,0,62.19,9.728252130567617,0.1818181818181818,0.4942148760330578,0.0,0.0,0.0,0.0,0.0,0.0,1.0,1.0,1.0,0.0,0.0,0.0,0.0,0.0,0.0,0.0,1.0,1.0,1.0,1.0,0.0,1.0,1.0,1.0,15.0,25.0,25.0,30.825642854471557,Low
162325,Gadhawa Kala,1229,168,191,216,0,90.47,13.584613684094174,0.1554109031733116,0.1757526444263629,0.0,0.0,0.0,0.0,0.0,0.0,1.0,1.0,1.0,1.0,1.0,0.0,1.0,0.0,0.0,0.0,1.0,1.0,1.0,1.0,0.0,1.0,1.0,1.0,10.0,25.0,25.0,38.599685850759045,Medium
162326,Belawa,1668,272,319,424,0,137.74,12.10977203426746,0.1912470023980815,0.2541966426858513,0.0,0.0,0.0,0.0,0.0,0.0,1.0,1.0,1.0,1.0,1.0,0.0,1.0,0.0,1.0,1.0,1.0,1.0,1.0,0.0,0.0,1.0,1.0,1.0,15.0,30.0,25.0,42.50634374067924,Medium
162327,Gothi Ta. Lawain,1163,181,173,196,0,267.18,4.352870723856576,0.1487532244196044,0.1685296646603611,0.0,0.0,0.0,0.0,0.0,0.0,1.0,1.0,1.0,0.0,0.0,0.0,0.0,0.0,0.0,1.0,1.0,1.0,1.0,0.0,0.0,0.0,0.0,1.0,15.0,30.0,25.0,30.484233888438204,Low
162328,Mawaia Ta. Balapur,1270,208,224,504,0,119.5,10.627615062761508,0.1763779527559055,0.3968503937007874,0.0,0.0,,0.0,0.0,0.0,1.0,1.0,1.0,0.0,0.0,0.0,0.0,1.0,1.0,1.0,1.0,1.0,1.0,1.0,0.0,0.0,1.0,1.0,25.0,30.0,30.0,30.212595124377057,Low
162329,Bhabhikhar,1628,315,304,511,0,257.58,6.3203664880813735,0.1867321867321867,0.3138820638820638,0.0,0.0,0.0,0.0,0.0,0.0,1.0,1.0,1.0,0.0,1.0,0.0,0.0,1.0,1.0,1.0,1.0,1.0,1.0,1.0,0.0,1.0,1.0,1.0,25.0,30.0,30.0,29.931267632098866,Low
162330,Kaundhiyara,2473,413,376,707,0,259.62,9.525460288113395,0.1520420541852001,0.2858875859280226,0.0,1.0,1.0,1.0,0.0,0.0,1.0,1.0,1.0,0.0,0.0,0.0,0.0,0.0,0.0,1.0,1.0,1.0,1.0,1.0,0.0,1.0,1.0,1.0,10.0,35.0,30.0,18.88238383084209,Low
162331,Kaitha,446,77,73,155,0,149.0,2.9932885906040267,0.163677130044843,0.3475336322869955,0.0,0.0,0.0,0.0,0.0,0.0,1.0,1.0,1.0,0.0,1.0,0.0,1.0,0.0,0.0,0.0,0.0,1.0,1.0,1.0,0.0,0.0,1.0,1.0,13.0,27.0,27.0,44.271065256447365,Medium
162332,Ikauni,3471,627,627,1253,0,340.23,10.201922229080328,0.1806395851339671,0.3609910688562374,0.0,,,0.0,0.0,0.0,1.0,1.0,1.0,1.0,1.0,1.0,1.0,0.0,1.0,1.0,1.0,1.0,1.0,0.0,0.0,1.0,1.0,1.0,15.0,35.0,30.0,42.6436431006663,Medium
162333,Dhondhari,1671,291,342,207,0,190.66,8.764292457778245,0.2046678635547576,0.1238779174147217,0.0,0.0,0.0,0.0,0.0,0.0,1.0,1.0,1.0,0.0,0.0,0.0,0.0,0.0,0.0,0.0,1.0,1.0,1.0,1.0,0.0,1.0,1.0,1.0,14.0,27.0,27.0,29.61981076004915,Low
162334,Tendui Ta. Kulmai,1166,190,150,426,0,209.07,5.577079447075143,0.1286449399656946,0.3653516295025729,0.0,0.0,0.0,0.0,0.0,0.0,1.0,1.0,1.0,1.0,0.0,0.0,0.0,0.0,0.0,0.0,1.0,1.0,1.0,0.0,0.0,1.0,1.0,1.0,15.0,365.0,0.0,30.915434300973587,Low
162335,Umari Ta. Kanti,2286,372,430,537,0,195.06,11.719470932020917,0.1881014873140857,0.2349081364829396,0.0,0.0,0.0,0.0,0.0,0.0,1.0,1.0,0.0,0.0,0.0,0.0,0.0,1.0,1.0,1.0,1.0,1.0,1.0,1.0,0.0,1.0,1.0,1.0,20.0,38.0,38.0,33.13282001779364,Medium
162336,Kulhariya,1148,183,194,254,0,289.6,3.964088397790055,0.1689895470383275,0.2212543554006968,0.0,0.0,0.0,0.0,0.0,0.0,1.0,1.0,1.0,1.0,0.0,0.0,1.0,1.0,1.0,1.0,1.0,1.0,1.0,1.0,0.0,1.0,1.0,1.0,0.0,0.0,0.0,38.83896039967085,Medium
162337,Niraundha,1491,214,219,127,23,393.35,3.7905173509597048,0.1468812877263581,0.085177733065057,0.0154258886653252,0.0,0.0,0.0,0.0,0.0,1.0,1.0,1.0,0.0,0.0,0.0,0.0,0.0,0.0,0.0,0.0,0.0,1.0,0.0,0.0,1.0,1.0,1.0,18.0,30.0,5.0,40.35652475914265,Medium
162338,Semari Ta. Mawaiya,2111,392,411,232,0,344.49,6.12789921332985,0.1946944576030317,0.1099005210800568,0.0,0.0,0.0,0.0,0.0,0.0,1.0,1.0,0.0,0.0,1.0,0.0,0.0,0.0,0.0,0.0,1.0,1.0,1.0,0.0,0.0,1.0,1.0,1.0,20.0,32.0,3.0,34.97564717678278,Medium
162339,Baraha,2349,311,419,917,0,256.07,9.173272933182334,0.1783737760749255,0.3903788846317582,0.0,0.0,0.0,0.0,0.0,0.0,1.0,1.0,1.0,0.0,0.0,0.0,1.0,0.0,0.0,1.0,1.0,1.0,1.0,1.0,0.0,0.0,1.0,1.0,20.0,34.0,34.0,40.18031013504873,Medium
162340,Dahi,648,107,111,101,0,153.23,4.228936892253476,0.1712962962962963,0.1558641975308642,0.0,0.0,0.0,0.0,0.0,0.0,1.0,1.0,1.0,1.0,1.0,0.0,1.0,0.0,0.0,0.0,1.0,1.0,1.0,0.0,0.0,1.0,0.0,1.0,21.0,32.0,6.0,41.0921025844328,Medium
162341,Bharhara,1123,139,199,442,0,104.7,10.725883476599808,0.1772039180765806,0.3935886019590383,0.0,0.0,0.0,0.0,0.0,0.0,1.0,1.0,1.0,0.0,0.0,0.0,0.0,0.0,0.0,0.0,1.0,1.0,1.0,0.0,0.0,1.0,1.0,1.0,20.0,32.0,6.0,32.72510589511269,Low
162342,Amba,3832,565,597,476,37,791.84,4.839361487169125,0.1557933194154488,0.1242171189979123,0.0096555323590814,0.0,0.0,0.0,0.0,0.0,1.0,1.0,1.0,0.0,1.0,0.0,0.0,0.0,1.0,1.0,1.0,1.0,1.0,0.0,0.0,1.0,1.0,1.0,18.0,37.0,32.0,30.72442884130771,Low
162343,Nechuna,456,70,68,187,0,92.71,4.918563261784058,0.1491228070175438,0.4100877192982456,0.0,0.0,0.0,0.0,0.0,0.0,1.0,1.0,1.0,0.0,1.0,0.0,0.0,0.0,0.0,1.0,0.0,1.0,1.0,0.0,0.0,0.0,1.0,1.0,18.0,40.0,35.0,36.7263727592655,Medium
162344,Khiri,1072,148,186,151,0,205.93,5.205652406157432,0.1735074626865671,0.1408582089552238,0.0,0.0,1.0,0.0,0.0,0.0,1.0,1.0,0.0,1.0,1.0,0.0,0.0,1.0,1.0,1.0,1.0,1.0,1.0,1.0,0.0,1.0,1.0,1.0,25.0,38.0,38.0,28.623569903326786,Low
162345,Khaptiha,1968,268,283,103,0,420.9,4.675694939415538,0.14380081300813,0.0523373983739837,0.0,0.0,0.0,0.0,0.0,0.0,1.0,1.0,1.0,0.0,1.0,0.0,0.0,1.0,0.0,1.0,1.0,1.0,1.0,1.0,0.0,1.0,1.0,1.0,21.0,35.0,35.0,27.26797465654812,Low
162346,Antari Samdariya,14,2,1,0,0,56.0,0.25,0.0714285714285714,0.0,0.0,0.0,0.0,0.0,0.0,0.0,0.0,1.0,1.0,0.0,1.0,0.0,1.0,1.0,1.0,1.0,1.0,1.0,1.0,1.0,0.0,1.0,1.0,1.0,25.0,38.0,38.0,37.98647040660326,Medium
162347,Piparhatta,2172,313,395,578,2,388.79,5.586563440417706,0.1818600368324125,0.2661141804788213,0.0009208103130755,0.0,0.0,0.0,0.0,0.0,1.0,1.0,1.0,1.0,1.0,0.0,1.0,1.0,1.0,1.0,1.0,1.0,1.0,1.0,0.0,1.0,1.0,1.0,25.0,38.0,38.0,39.53807663625334,Medium
162348,Chipaundha,639,85,124,522,0,80.69,7.919196926508861,0.1940532081377151,0.8169014084507042,0.0,0.0,0.0,0.0,0.0,0.0,1.0,1.0,1.0,0.0,0.0,0.0,1.0,0.0,0.0,0.0,1.0,1.0,1.0,0.0,0.0,0.0,0.0,1.0,16.0,36.0,36.0,45.23173845970338,Medium
162349,Antari Kalan,206,28,33,26,0,62.77,3.2818225266847216,0.1601941747572815,0.1262135922330097,0.0,0.0,0.0,0.0,0.0,0.0,1.0,1.0,1.0,0.0,0.0,0.0,0.0,0.0,0.0,0.0,1.0,1.0,0.0,0.0,0.0,0.0,0.0,1.0,16.0,35.0,35.0,30.57184083268913,Low
162350,Ossa,1160,170,178,280,0,231.9,5.002156101768003,0.1534482758620689,0.2413793103448276,0.0,0.0,0.0,0.0,0.0,0.0,1.0,1.0,1.0,0.0,0.0,0.0,1.0,0.0,0.0,0.0,1.0,1.0,0.0,0.0,0.0,0.0,1.0,1.0,15.0,35.0,35.0,41.01603209414633,Medium
162351,Kukudhi,3260,507,583,1362,0,351.02,9.287220101418724,0.1788343558282208,0.4177914110429447,0.0,0.0,0.0,0.0,0.0,0.0,1.0,1.0,1.0,0.0,0.0,0.0,0.0,0.0,0.0,0.0,1.0,1.0,1.0,1.0,0.0,1.0,1.0,1.0,5.0,35.0,35.0,30.33587563554433,Low
162352,Khulli,515,80,95,196,0,90.23,5.707636041227973,0.1844660194174757,0.3805825242718446,0.0,0.0,0.0,0.0,0.0,0.0,1.0,1.0,1.0,0.0,0.0,0.0,1.0,0.0,0.0,0.0,1.0,1.0,1.0,0.0,0.0,0.0,1.0,0.0,20.0,45.0,0.0,42.67158960918466,Medium
162353,Bairi,530,84,83,173,0,171.31,3.0938065495300915,0.1566037735849056,0.3264150943396226,0.0,0.0,0.0,0.0,0.0,0.0,1.0,1.0,1.0,0.0,1.0,0.0,1.0,0.0,0.0,0.0,1.0,1.0,0.0,0.0,0.0,0.0,0.0,1.0,16.0,37.0,37.0,41.45740514340435,Medium
162354,Dewara,4836,733,792,1479,0,506.48,9.548254620123204,0.1637717121588089,0.3058312655086849,0.0,0.0,0.0,,0.0,0.0,1.0,1.0,1.0,0.0,0.0,0.0,0.0,0.0,0.0,0.0,1.0,0.0,1.0,1.0,1.0,1.0,1.0,1.0,20.0,40.0,0.0,31.834929264541127,Low
162355,Piparawan Urf Kathauli,1762,260,318,578,0,581.63,3.0294173271667555,0.1804767309875141,0.3280363223609535,0.0,0.0,0.0,0.0,0.0,0.0,1.0,1.0,0.0,0.0,0.0,0.0,1.0,0.0,0.0,0.0,1.0,1.0,1.0,0.0,0.0,1.0,1.0,1.0,18.0,43.0,43.0,45.512385672021686,Medium
162356,Itar,462,64,87,90,0,159.48,2.8969149736644093,0.1883116883116883,0.1948051948051948,0.0,0.0,0.0,0.0,0.0,0.0,1.0,1.0,1.0,,1.0,0.0,0.0,0.0,0.0,0.0,1.0,1.0,1.0,0.0,0.0,0.0,1.0,0.0,18.0,43.0,0.0,31.74249696074065,Low
162357,Jethupur,1199,188,178,27,0,133.8,8.961136023916293,0.1484570475396163,0.0225187656380316,0.0,0.0,0.0,0.0,0.0,0.0,1.0,1.0,1.0,0.0,0.0,0.0,0.0,0.0,0.0,0.0,1.0,1.0,1.0,0.0,0.0,1.0,1.0,1.0,15.0,27.0,0.0,29.934784673359864,Low
162358,Kolhuwa,671,82,79,145,0,324.01,2.0709237369217,0.1177347242921013,0.2160953800298062,0.0,0.0,0.0,0.0,0.0,0.0,1.0,1.0,1.0,1.0,0.0,0.0,1.0,0.0,0.0,0.0,1.0,1.0,1.0,0.0,0.0,1.0,1.0,1.0,18.0,43.0,43.0,39.697674436534975,Medium
162359,Bhiskuri,432,69,79,154,0,136.12,3.1736702909197767,0.1828703703703703,0.3564814814814814,0.0,0.0,0.0,0.0,0.0,0.0,1.0,1.0,0.0,0.0,0.0,0.0,0.0,0.0,0.0,1.0,1.0,1.0,1.0,0.0,0.0,0.0,1.0,1.0,15.0,35.0,30.0,35.73235229082688,Medium
162360,Kuaan,1393,216,213,265,0,189.62,7.346271490349119,0.1529073941134242,0.1902368987796123,0.0,0.0,0.0,0.0,0.0,0.0,1.0,1.0,1.0,0.0,1.0,0.0,1.0,0.0,0.0,0.0,1.0,1.0,1.0,0.0,0.0,1.0,1.0,1.0,15.0,35.0,30.0,40.84048295615747,Medium
162361,Thadhbilar,402,61,39,2,0,65.77,6.112209213927323,0.0970149253731343,0.0049751243781094,0.0,0.0,0.0,0.0,0.0,0.0,1.0,1.0,1.0,0.0,1.0,0.0,0.0,0.0,0.0,1.0,1.0,1.0,1.0,0.0,0.0,1.0,1.0,1.0,16.0,36.0,32.0,28.18665572463465,Low
162362,Antari Khurd,666,108,142,356,0,42.97,15.499185478240634,0.2132132132132132,0.5345345345345346,0.0,0.0,0.0,0.0,0.0,0.0,1.0,1.0,1.0,1.0,0.0,0.0,0.0,0.0,0.0,1.0,1.0,1.0,1.0,0.0,0.0,1.0,1.0,1.0,15.0,36.0,30.0,34.706391261753325,Medium
162363,Jokanai,2822,409,497,423,0,456.09,6.187375298734899,0.1761162296243798,0.1498936924167257,0.0,0.0,0.0,0.0,0.0,0.0,1.0,1.0,0.0,1.0,1.0,0.0,0.0,0.0,0.0,0.0,1.0,1.0,1.0,0.0,0.0,1.0,1.0,1.0,9.0,40.0,0.0,34.62071183418332,Medium
162364,Mahi,2019,395,308,972,0,188.32,10.721112999150384,0.1525507677067855,0.4814264487369985,0.0,0.0,0.0,0.0,0.0,0.0,1.0,1.0,1.0,0.0,0.0,0.0,0.0,0.0,0.0,1.0,1.0,1.0,1.0,0.0,0.0,1.0,1.0,1.0,15.0,38.0,30.0,32.424504457203774,Low
162365,Padhokhara,1464,212,292,233,0,164.11,8.920845774175858,0.1994535519125683,0.1591530054644808,0.0,0.0,0.0,0.0,0.0,0.0,1.0,1.0,1.0,1.0,1.0,0.0,1.0,0.0,0.0,0.0,1.0,1.0,1.0,1.0,0.0,0.0,1.0,1.0,13.0,32.0,32.0,39.6461942798261,Medium
162366,Kulmai,4868,741,844,800,0,613.22,7.938423404324712,0.1733771569433032,0.1643385373870172,0.0,0.0,0.0,0.0,0.0,0.0,1.0,1.0,1.0,,,0.0,0.0,0.0,0.0,1.0,1.0,1.0,1.0,1.0,0.0,0.0,1.0,1.0,13.0,32.0,32.0,28.84943315596871,Low
162367,Benipur Arail,2542,358,434,697,0,393.03,6.46769966669211,0.1707317073170731,0.2741935483870967,0.0,0.0,0.0,0.0,0.0,0.0,1.0,1.0,1.0,0.0,0.0,0.0,1.0,0.0,0.0,0.0,1.0,0.0,1.0,0.0,0.0,1.0,1.0,1.0,18.0,35.0,0.0,46.75886897146506,Medium
162368,Peeri,2457,369,416,757,0,121.11,20.28734208570721,0.1693121693121693,0.3080993080993081,0.0,0.0,0.0,,0.0,0.0,1.0,1.0,0.0,0.0,1.0,0.0,0.0,0.0,0.0,0.0,1.0,0.0,1.0,1.0,1.0,1.0,1.0,1.0,15.0,35.0,0.0,35.78740481280018,Medium
162369,Sodhiya,3586,525,604,939,0,658.44,5.446206184314439,0.1684327941996653,0.2618516452872281,0.0,0.0,0.0,0.0,0.0,0.0,1.0,1.0,1.0,0.0,0.0,0.0,0.0,0.0,0.0,0.0,1.0,1.0,1.0,1.0,0.0,1.0,1.0,1.0,12.0,25.0,25.0,29.08618853477969,Low
162370,Newada Samogar,3301,524,458,671,0,340.03,9.707966944093169,0.1387458345955771,0.2032717358376249,0.0,0.0,0.0,0.0,0.0,0.0,1.0,1.0,0.0,0.0,0.0,0.0,1.0,1.0,1.0,1.0,1.0,1.0,1.0,1.0,0.0,1.0,1.0,1.0,10.0,10.0,7.0,41.41125594892811,Medium
162371,Bajaha,1081,161,197,545,0,127.06,8.507791594522272,0.1822386679000925,0.5041628122109159,0.0,0.0,0.0,0.0,0.0,0.0,1.0,1.0,1.0,1.0,0.0,0.0,0.0,0.0,0.0,0.0,1.0,1.0,1.0,1.0,0.0,1.0,1.0,1.0,0.0,22.0,10.0,30.837812120289808,Low
162372,Gaothi Taluka Purwa,1347,169,181,0,0,119.09,11.310773364682174,0.1343726800296956,0.0,0.0,0.0,0.0,0.0,0.0,0.0,1.0,1.0,1.0,0.0,1.0,1.0,0.0,0.0,0.0,0.0,1.0,1.0,1.0,1.0,0.0,1.0,1.0,1.0,0.0,22.0,10.0,26.99627625330545,Low
162373,Patewara,1281,245,200,992,74,175.9,7.282546901648664,0.156128024980484,0.7743950039032006,0.057767369242779,0.0,0.0,0.0,0.0,0.0,1.0,1.0,1.0,0.0,0.0,0.0,0.0,0.0,0.0,0.0,1.0,1.0,1.0,0.0,0.0,0.0,1.0,1.0,8.0,20.0,8.0,35.23461537684672,Medium
162374,Hatigan,5563,842,925,1258,0,517.84,10.74270044801483,0.1662771885673198,0.2261369764515549,0.0,0.0,1.0,0.0,0.0,0.0,1.0,1.0,1.0,0.0,0.0,0.0,1.0,0.0,0.0,0.0,1.0,1.0,1.0,0.0,0.0,1.0,1.0,1.0,3.0,20.0,85.0,38.22740405814771,Medium
162375,Purawa Khas,3910,640,609,1121,0,283.22,13.805522208883552,0.1557544757033248,0.2867007672634271,0.0,,0.0,0.0,0.0,0.0,1.0,1.0,1.0,1.0,1.0,0.0,1.0,0.0,0.0,0.0,1.0,1.0,1.0,0.0,0.0,1.0,1.0,1.0,5.0,25.0,12.0,41.673817337894455,Medium
162376,Tilakhwar,3728,680,581,1195,0,261.52,14.255123891098195,0.1558476394849785,0.3205472103004292,0.0,0.0,0.0,0.0,0.0,0.0,1.0,1.0,1.0,0.0,0.0,0.0,0.0,0.0,0.0,0.0,1.0,0.0,1.0,0.0,0.0,1.0,1.0,1.0,5.0,15.0,0.0,36.86433196255562,Medium
162377,Charibana,3091,445,446,658,0,238.88,12.939551239115874,0.1442898738272403,0.2128760918796506,0.0,0.0,0.0,0.0,0.0,0.0,1.0,1.0,1.0,0.0,1.0,0.0,1.0,0.0,0.0,0.0,1.0,0.0,1.0,0.0,0.0,1.0,1.0,1.0,5.0,12.0,0.0,45.92514741945825,Medium
162378,Bayohara,2174,335,295,584,0,144.65,15.029381265122709,0.1356945722171113,0.2686292548298068,0.0,0.0,0.0,0.0,0.0,0.0,1.0,1.0,1.0,0.0,0.0,0.0,0.0,0.0,1.0,0.0,0.0,0.0,0.0,1.0,0.0,0.0,1.0,1.0,20.0,20.0,20.0,38.5319874148727,Medium
162379,Piparaon Taluka Karchana,2103,350,300,279,1,263.73,7.97406438402912,0.1426533523537803,0.1326676176890157,0.0004755111745126,0.0,0.0,0.0,0.0,0.0,1.0,1.0,1.0,0.0,0.0,0.0,0.0,0.0,0.0,0.0,1.0,1.0,1.0,0.0,0.0,0.0,1.0,1.0,4.0,16.0,8.0,30.28218400928803,Low
162380,Lawayan Khurd,2560,428,365,895,4,238.87,10.717126470465104,0.142578125,0.349609375,0.0015625,0.0,0.0,0.0,0.0,0.0,1.0,1.0,1.0,0.0,0.0,0.0,0.0,0.0,0.0,0.0,1.0,1.0,1.0,0.0,0.0,1.0,1.0,1.0,5.0,16.0,5.0,31.503384555834707,Low
162381,Chandi,1333,240,227,151,0,104.66,12.736480030575196,0.1702925731432858,0.1132783195798949,0.0,0.0,0.0,0.0,0.0,0.0,1.0,1.0,1.0,0.0,1.0,0.0,0.0,0.0,0.0,0.0,1.0,1.0,1.0,0.0,0.0,0.0,1.0,1.0,5.0,16.0,8.0,31.198889305870285,Low
162382,Kharesar,544,115,81,53,0,91.64,5.936272370144042,0.1488970588235294,0.0974264705882353,0.0,0.0,0.0,0.0,0.0,0.0,1.0,1.0,1.0,0.0,0.0,0.0,0.0,0.0,0.0,0.0,1.0,1.0,1.0,1.0,0.0,0.0,1.0,1.0,6.0,16.0,5.0,27.698141985152592,Low
162383,Rampur Taluka Mungari,3111,530,444,613,5,149.84,20.76214628937533,0.1427193828351012,0.1970427515268402,0.001607200257152,0.0,0.0,0.0,0.0,0.0,1.0,1.0,1.0,0.0,0.0,0.0,0.0,0.0,1.0,1.0,1.0,1.0,1.0,0.0,0.0,1.0,1.0,1.0,3.0,14.0,10.0,31.15890492512624,Low
162384,Mungari,9671,1410,1594,2357,272,919.9,10.51309924991847,0.164822665701582,0.2437183331609967,0.0281253231310102,0.0,0.0,0.0,0.0,0.0,1.0,1.0,1.0,1.0,1.0,0.0,0.0,1.0,1.0,1.0,1.0,1.0,1.0,1.0,0.0,1.0,1.0,1.0,4.0,20.0,8.0,29.7671311897258,Low
162385,Basariya,1574,235,246,119,0,112.09,14.04228744758676,0.156289707750953,0.0756035578144853,0.0,0.0,0.0,0.0,0.0,0.0,1.0,1.0,1.0,1.0,1.0,0.0,1.0,0.0,0.0,0.0,1.0,1.0,1.0,1.0,0.0,0.0,1.0,1.0,1.0,20.0,20.0,38.14412397279073,Medium
162386,Hindupur,2475,389,268,371,0,90.09,27.47252747252747,0.1082828282828282,0.1498989898989899,0.0,0.0,0.0,0.0,0.0,0.0,1.0,1.0,1.0,1.0,0.0,0.0,0.0,0.0,1.0,1.0,1.0,1.0,1.0,1.0,1.0,1.0,1.0,1.0,0.0,20.0,20.0,25.12764248070274,Low
162387,Fattepur,1000,178,168,179,0,156.75,6.379585326953748,0.168,0.179,0.0,0.0,0.0,0.0,0.0,0.0,1.0,1.0,1.0,0.0,0.0,0.0,0.0,0.0,1.0,1.0,1.0,1.0,1.0,0.0,0.0,1.0,1.0,1.0,3.0,23.0,0.0,31.197326772893877,Low
162388,Karchana,3775,546,564,1117,3,225.72,16.724260145312776,0.1494039735099337,0.2958940397350993,0.0007947019867549,1.0,0.0,1.0,0.0,0.0,1.0,1.0,1.0,1.0,1.0,0.0,1.0,0.0,1.0,1.0,1.0,0.0,1.0,1.0,1.0,1.0,1.0,1.0,0.0,20.0,20.0,35.0015951965377,Medium
162389,Bharaha,1915,328,301,487,0,170.0,11.264705882352942,0.1571801566579634,0.254308093994778,0.0,0.0,0.0,0.0,0.0,0.0,1.0,1.0,1.0,0.0,0.0,0.0,0.0,0.0,0.0,0.0,1.0,1.0,0.0,1.0,0.0,1.0,0.0,1.0,2.0,22.0,10.0,28.950146740076825,Low
162390,Thari,1141,200,202,199,0,98.08,11.63336052202284,0.1770376862401402,0.1744084136722173,0.0,0.0,0.0,0.0,0.0,0.0,1.0,1.0,1.0,0.0,1.0,0.0,0.0,0.0,0.0,0.0,1.0,1.0,0.0,0.0,0.0,1.0,1.0,1.0,25.0,25.0,22.0,31.661533202097942,Low
162391,Mahoridiwan,3011,478,509,287,144,274.05,10.987046159459952,0.1690468282962471,0.0953171703752906,0.0478246429757555,0.0,0.0,0.0,0.0,0.0,1.0,1.0,1.0,0.0,0.0,0.0,0.0,0.0,0.0,0.0,1.0,1.0,0.0,0.0,0.0,1.0,1.0,1.0,51.0,25.0,25.0,32.14171033329522,Low
162392,Harduwa,605,94,80,6,16,51.7,11.702127659574469,0.1322314049586777,0.0099173553719008,0.0264462809917355,0.0,0.0,0.0,0.0,0.0,1.0,1.0,1.0,1.0,1.0,0.0,1.0,0.0,0.0,0.0,1.0,0.0,1.0,0.0,0.0,1.0,1.0,1.0,2.0,18.0,0.0,45.12918958138757,Medium
162393,Kathuwa,1701,297,240,590,0,100.37,16.947295008468664,0.1410934744268077,0.3468547912992357,0.0,0.0,0.0,0.0,0.0,0.0,1.0,1.0,1.0,0.0,1.0,0.0,0.0,0.0,0.0,0.0,1.0,1.0,1.0,0.0,0.0,1.0,1.0,1.0,2.0,21.0,2.0,31.66394624278797,Low
162394,Kareha,5335,822,820,561,0,270.63,19.71326164874552,0.1537019681349578,0.1051546391752577,0.0,0.0,0.0,0.0,0.0,0.0,1.0,1.0,0.0,0.0,0.0,0.0,0.0,0.0,0.0,0.0,1.0,1.0,1.0,0.0,0.0,1.0,1.0,1.0,2.0,22.0,2.0,34.280769405090375,Medium
162395,Pura Ghisan,1533,230,249,97,0,109.73,13.970655244691516,0.162426614481409,0.0632746249184605,0.0,0.0,0.0,0.0,0.0,0.0,1.0,1.0,0.0,0.0,0.0,0.0,0.0,0.0,0.0,0.0,1.0,1.0,1.0,1.0,0.0,1.0,1.0,1.0,3.0,20.0,15.0,31.59697434731331,Low
162396,Tiwariya Khurd,1166,142,197,24,0,87.45,13.333333333333332,0.1689536878216123,0.0205831903945111,0.0,0.0,0.0,0.0,0.0,0.0,1.0,1.0,1.0,0.0,0.0,0.0,0.0,0.0,0.0,0.0,1.0,1.0,1.0,1.0,0.0,1.0,1.0,1.0,6.0,25.0,15.0,28.219789541969124,Low
162397,Taroila,2343,356,407,569,0,153.81,15.23307977374683,0.1737089201877934,0.242851045667947,0.0,0.0,0.0,0.0,0.0,0.0,1.0,1.0,1.0,0.0,0.0,0.0,0.0,0.0,0.0,0.0,1.0,0.0,1.0,1.0,0.0,1.0,1.0,1.0,6.0,25.0,15.0,34.55190283415924,Medium
162398,Ghatwa,2616,453,378,1007,0,260.66,10.036062303383718,0.1444954128440367,0.3849388379204893,0.0,0.0,0.0,0.0,0.0,0.0,1.0,1.0,1.0,0.0,1.0,0.0,1.0,0.0,0.0,0.0,1.0,1.0,1.0,1.0,0.0,1.0,1.0,1.0,31.0,25.0,15.0,39.172236663311935,Medium
162399,Chanaini,1325,214,181,190,0,62.67,21.142492420615923,0.1366037735849056,0.1433962264150943,0.0,0.0,0.0,0.0,0.0,0.0,1.0,1.0,1.0,0.0,0.0,0.0,0.0,0.0,0.0,1.0,1.0,1.0,1.0,0.0,0.0,1.0,1.0,1.0,1.0,18.0,12.0,30.68446774296917,Low
162400,Sahlilhwa,562,109,95,165,0,80.93,6.944272828370196,0.1690391459074733,0.293594306049822,0.0,0.0,0.0,0.0,0.0,0.0,1.0,1.0,0.0,0.0,1.0,0.0,1.0,0.0,0.0,0.0,1.0,0.0,1.0,1.0,0.0,0.0,1.0,1.0,6.0,30.0,25.0,47.65802580657862,Medium
162401,Sonai,3330,581,518,1200,0,298.99,11.137496237332352,0.1555555555555555,0.3603603603603603,0.0,0.0,0.0,0.0,0.0,0.0,1.0,1.0,1.0,0.0,0.0,0.0,0.0,0.0,0.0,1.0,1.0,1.0,1.0,1.0,1.0,1.0,1.0,1.0,4.0,28.0,23.0,26.92643921363792,Low
162402,Ligadahiya,1427,244,187,282,0,82.75,17.244712990936556,0.1310441485634197,0.1976173791170287,0.0,0.0,0.0,0.0,0.0,0.0,1.0,1.0,1.0,0.0,0.0,0.0,0.0,0.0,0.0,0.0,0.0,0.0,1.0,0.0,0.0,1.0,1.0,1.0,30.0,0.0,0.0,40.62850915062842,Medium
162403,Bardaha,3680,565,529,1022,0,190.83,19.28417963632553,0.14375,0.2777173913043478,0.0,0.0,0.0,0.0,0.0,0.0,1.0,1.0,1.0,1.0,1.0,,1.0,0.0,1.0,1.0,1.0,0.0,1.0,0.0,0.0,1.0,1.0,1.0,3.0,25.0,25.0,46.49404705543755,Medium
162404,Jagaut,1001,151,189,61,0,61.31,16.326863480671996,0.1888111888111888,0.0609390609390609,0.0,0.0,0.0,0.0,0.0,0.0,1.0,1.0,1.0,1.0,1.0,0.0,1.0,0.0,1.0,1.0,1.0,0.0,1.0,0.0,0.0,1.0,1.0,1.0,3.0,25.0,25.0,46.64038705079195,Medium
162405,Bhaterawa,1047,145,169,349,0,97.54,10.734057822431822,0.1614135625596943,0.3333333333333333,0.0,0.0,0.0,0.0,0.0,0.0,1.0,1.0,1.0,0.0,0.0,0.0,0.0,0.0,0.0,1.0,1.0,0.0,1.0,0.0,0.0,1.0,1.0,1.0,3.0,25.0,25.0,36.950455013302864,Medium
162406,Lakhrawan,1564,234,264,719,0,137.93,11.339085043137825,0.1687979539641943,0.4597186700767263,0.0,0.0,0.0,0.0,0.0,0.0,1.0,1.0,1.0,0.0,1.0,0.0,1.0,0.0,0.0,0.0,1.0,1.0,1.0,1.0,0.0,1.0,1.0,1.0,8.0,32.0,25.0,40.32879199006161,Medium
162407,Kaithi,3941,555,704,699,28,262.97,14.986500361257937,0.1786348642476528,0.1773661507231667,0.0071047957371225,0.0,0.0,0.0,0.0,0.0,1.0,1.0,1.0,0.0,1.0,0.0,1.0,0.0,0.0,0.0,0.0,0.0,1.0,0.0,0.0,1.0,1.0,1.0,4.0,24.0,0.0,52.0317625271274,Medium
162408,Kaowa,2167,359,362,383,0,108.4,19.99077490774908,0.1670512228887863,0.1767420396862021,0.0,0.0,0.0,0.0,0.0,0.0,1.0,1.0,1.0,1.0,1.0,0.0,1.0,0.0,1.0,1.0,1.0,1.0,1.0,1.0,0.0,1.0,1.0,1.0,5.0,23.0,0.0,39.21726198489134,Medium
162409,Naiwa,844,146,131,218,0,70.064,12.046129253254168,0.1552132701421801,0.2582938388625592,0.0,0.0,0.0,0.0,0.0,0.0,1.0,1.0,1.0,0.0,1.0,0.0,0.0,0.0,0.0,0.0,1.0,1.0,1.0,0.0,0.0,1.0,1.0,1.0,5.0,27.0,0.0,31.443200780445363,Low
162410,Hasimpur,880,144,124,16,0,34.02,25.867136978248087,0.1409090909090909,0.0181818181818181,0.0,0.0,0.0,0.0,0.0,0.0,1.0,1.0,1.0,0.0,0.0,0.0,0.0,0.0,0.0,0.0,1.0,1.0,0.0,0.0,0.0,0.0,1.0,1.0,6.0,25.0,25.0,30.381831290638644,Low
162411,Nibi Ta. Khaivi,412,81,62,69,0,103.38,3.985296962662024,0.1504854368932038,0.1674757281553398,0.0,0.0,0.0,0.0,0.0,0.0,1.0,1.0,1.0,0.0,0.0,0.0,0.0,0.0,0.0,0.0,0.0,1.0,1.0,0.0,0.0,0.0,1.0,1.0,8.0,40.0,40.0,35.51581604937451,Medium
162412,Gadhawa Khurd Ta. Khain,0,0,0,0,0,32.57,0.0,,,,,,,,,,,,,,,,,,,,,,,,,,,8.0,40.0,40.0,45.0,Medium
162413,Bilui,545,70,98,0,0,32.57,16.733190052195273,0.1798165137614679,0.0,0.0,0.0,0.0,0.0,0.0,0.0,1.0,1.0,1.0,,,0.0,0.0,0.0,0.0,0.0,1.0,1.0,1.0,0.0,0.0,0.0,1.0,1.0,8.0,40.0,40.0,31.082559530125515,Low
162414,Dharahara,693,104,134,207,0,55.18,12.558898151504168,0.1933621933621933,0.2987012987012987,0.0,0.0,0.0,0.0,0.0,0.0,1.0,1.0,1.0,0.0,1.0,1.0,0.0,0.0,0.0,0.0,1.0,1.0,1.0,0.0,0.0,0.0,1.0,1.0,8.0,40.0,40.0,32.810790690606844,Low
162415,Chaukht,115,20,36,110,0,55.36,2.0773121387283235,0.3130434782608696,0.9565217391304348,0.0,0.0,0.0,0.0,0.0,0.0,1.0,1.0,1.0,0.0,0.0,0.0,0.0,0.0,0.0,0.0,1.0,1.0,1.0,0.0,0.0,0.0,0.0,0.0,8.0,40.0,40.0,39.25933154040525,Medium
162416,Dewri Khurd,1137,170,200,284,0,70.06,16.22894661718527,0.1759014951627089,0.2497801231310466,0.0,0.0,0.0,0.0,0.0,0.0,1.0,1.0,1.0,0.0,0.0,0.0,0.0,0.0,0.0,0.0,1.0,1.0,0.0,0.0,0.0,1.0,1.0,1.0,6.0,25.0,25.0,32.19327523812596,Low
162417,Sanjhi,907,171,125,103,0,92.85,9.768443726440497,0.1378169790518192,0.113561190738699,0.0,0.0,0.0,0.0,0.0,0.0,1.0,1.0,1.0,0.0,0.0,0.0,0.0,0.0,0.0,0.0,1.0,1.0,0.0,1.0,0.0,0.0,1.0,1.0,10.0,30.0,30.0,27.60399101224389,Low
162418,Khain,6131,798,1012,1341,0,456.16,13.440459487898982,0.1650627956287718,0.2187245147610504,0.0,0.0,0.0,0.0,0.0,0.0,1.0,1.0,1.0,0.0,0.0,0.0,0.0,0.0,0.0,0.0,1.0,0.0,1.0,0.0,0.0,1.0,1.0,1.0,10.0,30.0,30.0,36.5981743956739,Medium
162419,Bastar,2562,359,463,547,0,296.75,8.633529907329402,0.1807181889149102,0.2135050741608118,0.0,0.0,0.0,0.0,0.0,0.0,1.0,1.0,1.0,1.0,0.0,0.0,1.0,0.0,1.0,0.0,1.0,1.0,1.0,0.0,0.0,1.0,1.0,1.0,10.0,40.0,40.0,41.844079384907324,Medium
162420,Gadhwakala Ta.Khain,383,44,59,0,0,136.92,2.797253870873503,0.1540469973890339,0.0,0.0,0.0,0.0,0.0,0.0,0.0,1.0,1.0,1.0,1.0,1.0,0.0,1.0,1.0,0.0,0.0,0.0,1.0,1.0,1.0,0.0,0.0,1.0,1.0,11.0,36.0,36.0,42.23643222222884,Medium
162421,Dewri Kala,2312,380,336,608,7,186.73,12.381513415091309,0.1453287197231834,0.2629757785467128,0.0030276816608996,0.0,0.0,0.0,0.0,0.0,1.0,1.0,1.0,0.0,0.0,0.0,0.0,0.0,0.0,1.0,1.0,0.0,1.0,0.0,0.0,1.0,1.0,1.0,10.0,30.0,30.0,36.25615849300885,Medium
162422,Kachari,1329,170,190,31,0,75.54,17.593328038125495,0.1429646350639578,0.0233258088788562,0.0,0.0,0.0,0.0,0.0,0.0,1.0,1.0,1.0,0.0,0.0,0.0,1.0,0.0,0.0,1.0,0.0,0.0,1.0,0.0,0.0,1.0,1.0,1.0,10.0,30.0,30.0,50.12900084815749,Medium
162423,Antahiya,2602,355,406,381,0,266.94,9.747508803476435,0.1560338201383551,0.1464258262874711,0.0,0.0,0.0,0.0,0.0,0.0,1.0,1.0,1.0,0.0,0.0,0.0,0.0,0.0,0.0,0.0,1.0,0.0,0.0,1.0,0.0,1.0,1.0,1.0,11.0,36.0,0.0,33.31395858437875,Medium
162424,Baikunthpur,212,17,30,0,0,64.69,3.2771680321533467,0.1415094339622641,0.0,0.0,0.0,0.0,0.0,0.0,0.0,1.0,1.0,1.0,,1.0,0.0,0.0,0.0,0.0,0.0,0.0,0.0,1.0,1.0,0.0,0.0,1.0,0.0,11.0,36.0,0.0,36.88003925615401,Medium
162425,Mandawa,1917,284,336,517,0,278.26,6.889240278875872,0.1752738654147105,0.2696922274387063,0.0,0.0,1.0,0.0,0.0,0.0,1.0,1.0,1.0,0.0,0.0,0.0,0.0,0.0,0.0,0.0,1.0,0.0,0.0,0.0,0.0,1.0,1.0,1.0,20.0,45.0,45.0,33.556627408956544,Medium
162426,Mandauli,931,146,138,0,0,91.29,10.19826925183481,0.1482277121374865,0.0,0.0,0.0,0.0,0.0,0.0,0.0,1.0,1.0,1.0,0.0,0.0,0.0,0.0,0.0,0.0,0.0,0.0,0.0,0.0,0.0,0.0,1.0,1.0,0.0,15.0,40.0,40.0,39.86618135708317,Medium
162427,Gandhiyawa,2352,345,407,349,6,193.61,12.148132844377873,0.1730442176870748,0.1483843537414966,0.0025510204081632,0.0,0.0,0.0,0.0,0.0,1.0,1.0,1.0,0.0,1.0,0.0,0.0,0.0,0.0,1.0,0.0,0.0,1.0,0.0,0.0,1.0,1.0,1.0,13.0,30.0,30.0,41.493688260411325,Medium
162428,Purani,1849,299,260,851,0,206.03,8.974421200796,0.1406165494862087,0.4602487831260141,0.0,0.0,0.0,0.0,0.0,0.0,1.0,1.0,1.0,0.0,0.0,0.0,0.0,0.0,1.0,1.0,1.0,1.0,0.0,1.0,0.0,1.0,1.0,1.0,5.0,25.0,13.0,29.38876610197293,Low
162429,Tendui Ta. Khurd,121,15,19,14,0,76.92,1.5730629225169006,0.1570247933884297,0.1157024793388429,0.0,0.0,0.0,0.0,0.0,0.0,1.0,1.0,1.0,1.0,1.0,0.0,0.0,0.0,0.0,0.0,0.0,1.0,1.0,0.0,0.0,1.0,1.0,1.0,13.0,33.0,33.0,35.35394010786069,Medium
162430,Harrai,3001,479,475,690,0,194.37,15.439625456603386,0.1582805731422859,0.2299233588803732,0.0,0.0,0.0,0.0,0.0,0.0,1.0,1.0,1.0,0.0,1.0,0.0,1.0,0.0,0.0,0.0,1.0,0.0,1.0,0.0,0.0,1.0,1.0,1.0,15.0,35.0,35.0,46.53290708984345,Medium
162431,Gaura Ta. Panasa,67,7,15,15,0,52.29,1.2813157391470644,0.2238805970149253,0.2238805970149253,0.0,0.0,0.0,0.0,0.0,0.0,0.0,1.0,1.0,0.0,0.0,0.0,0.0,0.0,0.0,0.0,0.0,0.0,1.0,0.0,0.0,1.0,1.0,1.0,14.0,34.0,34.0,46.22184157539663,Medium
162432,Maghuwa,2004,287,351,129,0,122.73,16.328526032754827,0.1751497005988024,0.0643712574850299,0.0,0.0,0.0,0.0,0.0,0.0,1.0,1.0,1.0,1.0,0.0,0.0,1.0,0.0,0.0,0.0,1.0,1.0,1.0,1.0,1.0,1.0,1.0,1.0,15.0,30.0,0.0,36.24777175082908,Medium
162433,Beerpur Ta. Panasa,297,30,41,0,0,64.21,4.625447749571718,0.138047138047138,0.0,0.0,0.0,0.0,0.0,0.0,0.0,1.0,1.0,1.0,0.0,0.0,0.0,0.0,0.0,0.0,0.0,0.0,0.0,1.0,0.0,0.0,1.0,1.0,1.0,10.0,26.0,0.0,39.331611265388304,Medium
162434,Dholipur,583,80,120,59,0,146.84,3.970307818033233,0.2058319039451115,0.1012006861063464,0.0,0.0,0.0,0.0,0.0,0.0,1.0,1.0,1.0,0.0,1.0,0.0,0.0,0.0,0.0,0.0,0.0,0.0,1.0,0.0,0.0,1.0,0.0,1.0,0.0,0.0,0.0,41.84421850123185,Medium
162435,Piparawan Ta. Panasa,803,107,139,453,0,58.36,13.759424263193967,0.1731008717310087,0.564134495641345,0.0,0.0,0.0,0.0,0.0,0.0,1.0,1.0,1.0,0.0,1.0,0.0,0.0,0.0,0.0,0.0,0.0,0.0,1.0,0.0,0.0,1.0,1.0,1.0,1.0,26.0,0.0,43.57948232591912,Medium
162436,Bhitaria,524,57,81,121,0,38.27,13.692187091716749,0.1545801526717557,0.2309160305343511,0.0,0.0,0.0,0.0,0.0,0.0,1.0,1.0,1.0,0.0,0.0,0.0,0.0,0.0,0.0,0.0,1.0,0.0,1.0,0.0,0.0,1.0,1.0,1.0,2.0,25.0,0.0,36.35500365483081,Medium
162437,Sar Ta  Panasa,200,29,35,0,0,20.11,9.945300845350571,0.175,0.0,0.0,0.0,0.0,0.0,0.0,0.0,1.0,1.0,1.0,0.0,0.0,0.0,0.0,0.0,0.0,0.0,1.0,1.0,1.0,0.0,0.0,1.0,1.0,1.0,15.0,30.0,0.0,30.65894800249741,Low
162438,Ghonedeeh Ta. Panasa,1810,264,267,611,8,176.74,10.241032024442683,0.1475138121546961,0.3375690607734806,0.0044198895027624,0.0,0.0,0.0,0.0,0.0,1.0,1.0,1.0,0.0,0.0,0.0,0.0,1.0,1.0,1.0,1.0,1.0,1.0,0.0,0.0,1.0,1.0,1.0,8.0,24.0,0.0,31.6399041918803,Low
162439,Bhatauli,785,115,114,180,0,27.71,28.32912306026705,0.1452229299363057,0.2292993630573248,0.0,0.0,0.0,0.0,0.0,0.0,1.0,1.0,1.0,0.0,0.0,0.0,0.0,0.0,0.0,0.0,0.0,0.0,1.0,0.0,0.0,1.0,1.0,1.0,15.0,28.0,23.0,41.66807036823416,Medium
162440,Basadila,671,94,101,49,0,73.2,9.166666666666666,0.1505216095380029,0.0730253353204172,0.0,0.0,0.0,0.0,0.0,0.0,1.0,1.0,1.0,0.0,0.0,0.0,0.0,0.0,0.0,0.0,1.0,0.0,1.0,0.0,0.0,1.0,1.0,1.0,10.0,26.0,0.0,35.25770574454406,Medium
162441,Bhitar,739,111,146,141,0,640.25,1.1542366263178443,0.1975642760487145,0.1907983761840324,0.0,0.0,0.0,0.0,0.0,0.0,1.0,1.0,1.0,0.0,0.0,0.0,0.0,0.0,0.0,0.0,0.0,0.0,1.0,0.0,0.0,1.0,1.0,1.0,15.0,30.0,27.0,41.92838205117531,Medium
162442,Kachra,247,31,34,52,0,120.79,2.044871264177498,0.1376518218623481,0.2105263157894736,0.0,0.0,0.0,0.0,0.0,0.0,1.0,1.0,1.0,0.0,0.0,0.0,0.0,0.0,0.0,0.0,0.0,0.0,1.0,0.0,0.0,0.0,1.0,0.0,15.0,31.0,26.0,40.26627077201315,Medium
162443,Manaiya Kachar,0,0,0,0,0,62.0,0.0,,,,,,,,,,,,,,,,,,,,,,,,,,,8.0,23.0,12.0,45.0,Medium
162444,Manaiya Uperhar,1790,263,276,161,35,158.75,11.275590551181102,0.1541899441340782,0.0899441340782122,0.0195530726256983,0.0,0.0,0.0,0.0,0.0,1.0,1.0,1.0,1.0,0.0,0.0,1.0,0.0,0.0,1.0,1.0,1.0,1.0,0.0,0.0,1.0,1.0,1.0,8.0,24.0,10.0,41.00594762855578,Medium
162445,Khanika Kachar,0,0,0,0,0,101.96,0.0,,,,,,,,,,,,,,,,,,,,,,,,,,,8.0,23.0,25.0,45.0,Medium
162446,Khanika Uperhar,1269,159,249,316,0,164.4,7.718978102189781,0.1962174940898345,0.2490149724192277,0.0,0.0,0.0,0.0,0.0,0.0,1.0,1.0,1.0,0.0,0.0,0.0,0.0,0.0,0.0,0.0,1.0,0.0,1.0,0.0,0.0,1.0,1.0,1.0,8.0,24.0,12.0,37.44900191578427,Medium
162447,Kabra,914,161,124,170,0,223.66,4.086559957077707,0.1356673960612691,0.1859956236323851,0.0,0.0,0.0,0.0,0.0,0.0,1.0,1.0,0.0,0.0,0.0,0.0,0.0,0.0,0.0,0.0,1.0,0.0,1.0,0.0,0.0,1.0,1.0,1.0,8.0,0.0,0.0,38.50137154127896,Medium
162448,Diha Kachar,0,0,0,0,0,80.84,0.0,,,,,,,,,,,,,,,,,,,,,,,,,,,10.0,29.0,0.0,45.0,Medium
162449,Chak Ausan Chaube,42,5,10,23,0,13.21,3.1794095382286143,0.238095238095238,0.5476190476190477,0.0,0.0,0.0,0.0,0.0,0.0,0.0,1.0,1.0,1.0,0.0,0.0,0.0,0.0,0.0,0.0,0.0,0.0,1.0,0.0,0.0,1.0,1.0,1.0,15.0,30.0,30.0,48.345022149512566,Medium
162450,Semraha Kachar,0,0,0,0,0,96.73,0.0,,,,,,,,,,,,,,,,,,,,,,,,,,,15.0,20.0,0.0,45.0,Medium
162451,Rampur Kachar,0,0,0,0,0,118.89,0.0,,,,,,,,,,,,,,,,,,,,,,,,,,,13.0,80.0,0.0,45.0,Medium
162452,Rampur Uperhar,1357,208,205,111,0,83.1,16.329723225030087,0.1510685335298452,0.081798084008843,0.0,0.0,0.0,0.0,0.0,0.0,1.0,1.0,1.0,0.0,1.0,0.0,0.0,0.0,0.0,1.0,1.0,0.0,1.0,0.0,0.0,1.0,1.0,1.0,15.0,32.0,0.0,35.61252009959255,Medium
162453,Semraha Uperhar,1438,248,246,113,0,62.71,22.930952001275717,0.1710709318497913,0.0785813630041724,0.0,,0.0,0.0,0.0,0.0,1.0,1.0,0.0,0.0,0.0,0.0,0.0,0.0,0.0,0.0,0.0,0.0,1.0,0.0,0.0,1.0,0.0,0.0,15.0,30.0,30.0,44.80128246733548,Medium
162454,Diha Uperhar,10411,1549,1724,2199,0,744.08,13.991775077948606,0.1655940831812506,0.2112189030832773,0.0,0.0,0.0,0.0,0.0,0.0,1.0,1.0,0.0,1.0,1.0,0.0,0.0,0.0,0.0,0.0,1.0,0.0,1.0,0.0,0.0,1.0,1.0,1.0,9.0,20.0,0.0,39.93258824079749,Medium
162455,Bendo,4490,673,764,229,0,460.03,9.760233028280766,0.1701559020044543,0.0510022271714922,0.0,0.0,0.0,0.0,0.0,0.0,1.0,1.0,1.0,0.0,0.0,0.0,1.0,1.0,0.0,1.0,1.0,0.0,1.0,0.0,0.0,1.0,1.0,1.0,7.0,23.0,0.0,45.761026261364016,Medium
162456,Pach Dewra,2041,297,358,237,0,153.01,13.338997451146984,0.1754042136207741,0.1161195492405683,0.0,0.0,0.0,0.0,0.0,0.0,1.0,1.0,1.0,0.0,0.0,0.0,0.0,0.0,1.0,1.0,1.0,1.0,1.0,1.0,0.0,1.0,1.0,1.0,3.0,22.0,10.0,28.89122001712217,Low
162457,Jagdishpur,970,140,152,90,0,116.11,8.354146929635691,0.156701030927835,0.0927835051546391,0.0,0.0,0.0,0.0,0.0,0.0,1.0,1.0,1.0,0.0,1.0,0.0,0.0,0.0,0.0,0.0,0.0,1.0,1.0,0.0,0.0,1.0,1.0,1.0,14.0,31.0,31.0,35.50846864998738,Medium
162458,Amilo,1922,229,258,333,0,223.31,8.606869374412252,0.1342351716961498,0.1732570239334027,0.0,0.0,0.0,0.0,0.0,0.0,1.0,1.0,0.0,0.0,0.0,0.0,0.0,0.0,0.0,0.0,1.0,1.0,1.0,1.0,1.0,1.0,1.0,1.0,15.0,30.0,0.0,28.58058567684818,Low
162459,Ganala Kachar,0,0,0,0,0,538.52,0.0,,,,,,,,,,,,,,,,,,,,,,,,,,,25.0,34.0,0.0,45.0,Medium
162460,Khjoraul Kachar,0,0,0,0,0,350.3,0.0,,,,,,,,,,,,,,,,,,,,,,,,,,,16.0,30.0,0.0,45.0,Medium
162461,Lakitaha Kachar,0,0,0,0,0,171.36,0.0,,,,,,,,,,,,,,,,,,,,,,,,,,,16.0,36.0,36.0,45.0,Medium
162462,Khajoraul Uperhar,1125,147,175,155,0,140.55,8.004268943436498,0.1555555555555555,0.1377777777777777,0.0,0.0,0.0,0.0,0.0,0.0,1.0,1.0,1.0,1.0,0.0,0.0,0.0,0.0,0.0,0.0,0.0,0.0,1.0,0.0,0.0,1.0,1.0,1.0,15.0,32.0,0.0,40.68468886653032,Medium
162463,Gandaila Uperhar,1405,192,221,174,0,237.71,5.910563291405494,0.1572953736654804,0.1238434163701067,0.0,0.0,0.0,0.0,0.0,0.0,1.0,1.0,1.0,0.0,0.0,0.0,0.0,0.0,0.0,0.0,0.0,0.0,1.0,0.0,0.0,1.0,1.0,1.0,25.0,34.0,0.0,40.58111900915883,Medium
162464,Chaak Diharam,0,0,0,0,0,14.42,0.0,,,,,,,,,,,,,,,,,,,,,,,,,,,15.0,30.0,30.0,45.0,Medium
162465,Taktahiya,1362,206,191,220,0,129.76,10.496300863131935,0.1402349486049926,0.1615271659324522,0.0,0.0,0.0,0.0,0.0,0.0,1.0,1.0,1.0,1.0,1.0,1.0,1.0,0.0,0.0,0.0,1.0,0.0,1.0,0.0,0.0,1.0,1.0,1.0,14.0,0.0,0.0,45.44628925767038,Medium
162466,Ramgadha,3022,445,530,1077,0,156.33,19.330902577880124,0.1753805426869622,0.3563864990072799,0.0,0.0,,0.0,0.0,0.0,1.0,1.0,1.0,0.0,1.0,0.0,1.0,0.0,0.0,0.0,0.0,1.0,1.0,0.0,0.0,1.0,1.0,1.0,12.0,32.0,0.0,47.83823010891252,Medium
162467,Antahi,360,56,55,0,0,55.68,6.465517241379311,0.1527777777777778,0.0,0.0,0.0,0.0,0.0,0.0,0.0,1.0,1.0,1.0,0.0,1.0,0.0,0.0,0.0,0.0,0.0,0.0,0.0,1.0,0.0,0.0,1.0,1.0,1.0,12.0,30.0,0.0,39.849193602629335,Medium
162468,Kolaahi,664,78,80,0,0,56.4,11.77304964539007,0.1204819277108433,0.0,0.0,0.0,0.0,0.0,0.0,0.0,1.0,1.0,1.0,0.0,0.0,0.0,0.0,0.0,0.0,0.0,1.0,0.0,1.0,0.0,0.0,1.0,1.0,1.0,12.0,30.0,0.0,34.0985623557285,Medium
162469,Tikariya,987,138,138,1,0,49.83,19.807344972907888,0.1398176291793313,0.0010131712259371,0.0,0.0,0.0,0.0,0.0,0.0,1.0,1.0,1.0,1.0,1.0,0.0,1.0,0.0,0.0,0.0,1.0,0.0,1.0,0.0,0.0,0.0,1.0,1.0,15.0,30.0,0.0,45.014067243443215,Medium
162470,Basahi,4475,641,633,868,0,308.9,14.486888960828749,0.1414525139664804,0.1939664804469273,0.0,0.0,0.0,0.0,0.0,0.0,1.0,1.0,1.0,1.0,0.0,0.0,1.0,0.0,0.0,0.0,1.0,0.0,1.0,0.0,0.0,1.0,1.0,1.0,25.0,34.0,0.0,45.80910466288893,Medium
162471,Babura,5148,632,702,149,0,245.62,20.959205276443285,0.1363636363636363,0.0289432789432789,0.0,0.0,0.0,0.0,0.0,0.0,1.0,1.0,1.0,0.0,0.0,0.0,0.0,0.0,0.0,0.0,1.0,1.0,1.0,0.0,0.0,1.0,1.0,1.0,25.0,34.0,0.0,30.09746217262141,Low
162472,Lohari,675,67,95,10,0,91.52,7.375437062937063,0.1407407407407407,0.0148148148148148,0.0,0.0,0.0,0.0,0.0,0.0,1.0,1.0,1.0,0.0,0.0,0.0,0.0,0.0,0.0,1.0,1.0,1.0,1.0,1.0,0.0,1.0,1.0,1.0,15.0,32.0,0.0,27.099572215379585,Low
162473,Panasa Uperhar,9124,1218,1354,967,0,929.04,9.820890381469043,0.1483998246383165,0.1059842174484875,0.0,0.0,0.0,0.0,0.0,0.0,1.0,1.0,0.0,0.0,1.0,0.0,1.0,0.0,0.0,0.0,1.0,1.0,0.0,0.0,0.0,1.0,1.0,1.0,20.0,35.0,35.0,43.71908143857738,Medium
162474,Patulaki,489,69,66,5,0,52.35,9.340974212034384,0.1349693251533742,0.0102249488752556,0.0,0.0,0.0,0.0,0.0,0.0,1.0,1.0,1.0,0.0,0.0,0.0,1.0,0.0,0.0,1.0,1.0,0.0,1.0,0.0,0.0,1.0,0.0,1.0,14.0,34.0,0.0,44.4843027585266,Medium
162475,Kachar Panasa,4,2,0,0,0,1087.17,0.0036792773899206,0.0,0.0,0.0,0.0,0.0,0.0,0.0,0.0,0.0,1.0,1.0,0.0,0.0,0.0,0.0,0.0,0.0,0.0,0.0,0.0,1.0,0.0,0.0,1.0,1.0,1.0,15.0,30.0,0.0,38.333484624195485,Medium
162476,Bhagesar Dehli,1822,226,378,276,0,245.34,7.426428629656803,0.2074643249176729,0.1514818880351262,0.0,0.0,0.0,0.0,0.0,0.0,1.0,1.0,1.0,1.0,0.0,0.0,0.0,0.0,0.0,0.0,0.0,0.0,1.0,0.0,0.0,1.0,1.0,1.0,13.0,33.0,0.0,42.28671186581918,Medium
162477,Menara,1735,252,251,460,0,224.25,7.736900780379041,0.1446685878962536,0.2651296829971181,0.0,0.0,,0.0,0.0,0.0,1.0,1.0,1.0,0.0,0.0,0.0,0.0,0.0,0.0,1.0,0.0,0.0,1.0,0.0,0.0,0.0,1.0,1.0,15.0,32.0,0.0,40.98384525840468,Medium
162478,Kataka,2341,309,444,300,0,104.19,22.46856704098282,0.1896625373771892,0.1281503630926954,0.0,0.0,0.0,0.0,0.0,0.0,1.0,1.0,0.0,0.0,0.0,0.0,1.0,1.0,1.0,1.0,1.0,1.0,1.0,1.0,0.0,1.0,1.0,1.0,15.0,31.0,26.0,43.08786249273712,Medium
162479,Biraha,892,153,134,9,0,79.43,11.230013848671785,0.1502242152466367,0.0100896860986547,0.0,0.0,0.0,0.0,0.0,0.0,1.0,1.0,1.0,0.0,1.0,0.0,0.0,0.0,0.0,0.0,1.0,0.0,1.0,0.0,0.0,0.0,0.0,0.0,20.0,40.0,40.0,35.018949931487924,Medium
162480,Beerpur Ta. Bhunda,2996,483,569,801,0,279.14,10.73296553700652,0.1899198931909212,0.2673564753004005,0.0,0.0,0.0,0.0,0.0,0.0,1.0,1.0,1.0,0.0,0.0,0.0,0.0,0.0,0.0,0.0,1.0,0.0,1.0,0.0,0.0,1.0,0.0,1.0,150.0,40.0,0.0,37.47571572760236,Medium
162481,Mahewa Ta. Bhunda,2182,318,345,313,0,395.38,5.518741463908139,0.1581118240146654,0.1434463794683776,0.0,0.0,0.0,0.0,0.0,0.0,1.0,1.0,1.0,0.0,0.0,0.0,0.0,0.0,0.0,0.0,1.0,0.0,1.0,0.0,0.0,1.0,1.0,1.0,13.0,35.0,35.0,35.68751573064222,Medium
162482,Ghirilakshipur,2159,357,371,612,1,268.6,8.037974683544304,0.1718388142658638,0.2834645669291338,0.000463177396943,0.0,0.0,0.0,0.0,0.0,1.0,1.0,0.0,0.0,0.0,0.0,1.0,0.0,0.0,0.0,1.0,0.0,0.0,0.0,0.0,1.0,1.0,1.0,25.0,50.0,50.0,50.24739941950798,Medium
162483,Saraha,541,104,92,21,0,174.11,3.107231060823617,0.1700554528650646,0.0388170055452865,0.0,0.0,0.0,0.0,0.0,0.0,1.0,1.0,1.0,1.0,1.0,0.0,1.0,0.0,0.0,0.0,0.0,0.0,1.0,0.0,0.0,0.0,1.0,0.0,20.0,40.0,40.0,50.42351709000514,Medium
162484,Chandauli,2143,323,404,479,15,253.28,8.460991787744788,0.1885207652823145,0.2235184321045263,0.0069995333644423,0.0,0.0,0.0,0.0,0.0,1.0,1.0,1.0,0.0,0.0,0.0,1.0,0.0,0.0,0.0,0.0,0.0,0.0,0.0,0.0,0.0,1.0,0.0,15.0,45.0,45.0,52.28826046122502,Medium
162485,Majhiyari,799,96,120,136,0,107.68,7.420133729569093,0.1501877346683354,0.1702127659574468,0.0,0.0,0.0,0.0,0.0,0.0,1.0,1.0,1.0,0.0,0.0,0.0,0.0,0.0,0.0,0.0,1.0,0.0,0.0,0.0,0.0,1.0,1.0,0.0,15.0,45.0,45.0,35.66180970341122,Medium
162486,Lohandi,2622,360,415,117,0,304.44,8.612534489554593,0.158276125095347,0.0446224256292906,0.0,0.0,0.0,0.0,0.0,0.0,1.0,1.0,1.0,0.0,0.0,0.0,0.0,0.0,0.0,0.0,1.0,0.0,0.0,0.0,0.0,1.0,1.0,1.0,30.0,60.0,60.0,35.32554090192798,Medium
162487,Raipura,1011,126,184,0,0,147.92,6.834775554353706,0.181998021760633,0.0,0.0,0.0,0.0,0.0,0.0,0.0,1.0,1.0,1.0,0.0,0.0,0.0,0.0,0.0,0.0,0.0,1.0,1.0,1.0,1.0,0.0,0.0,1.0,1.0,16.0,35.0,35.0,28.240984721161865,Low
162488,Madara,843,133,165,0,0,109.29,7.713423003019489,0.195729537366548,0.0,0.0,0.0,0.0,0.0,0.0,0.0,1.0,1.0,1.0,1.0,1.0,0.0,1.0,0.0,0.0,0.0,0.0,0.0,0.0,0.0,0.0,0.0,1.0,1.0,25.0,52.0,52.0,51.18905992785792,Medium
162489,Hathsara,2778,357,511,19,0,283.48,9.799633131085084,0.1839452843772498,0.0068394528437724,0.0,0.0,0.0,0.0,0.0,0.0,1.0,1.0,1.0,1.0,1.0,0.0,1.0,0.0,0.0,0.0,1.0,0.0,0.0,0.0,0.0,1.0,1.0,1.0,25.0,52.0,52.0,45.95551398216961,Medium
162490,Ghorhat,1456,198,265,206,0,90.74,16.045845272206304,0.1820054945054945,0.1414835164835164,0.0,0.0,0.0,0.0,0.0,0.0,1.0,1.0,1.0,1.0,1.0,0.0,0.0,0.0,1.0,0.0,1.0,1.0,1.0,1.0,0.0,1.0,1.0,1.0,16.0,35.0,35.0,29.327383108832407,Low
162491,Jaima,218,37,47,44,0,59.88,3.6406145624582495,0.2155963302752293,0.2018348623853211,0.0,0.0,0.0,0.0,0.0,0.0,1.0,1.0,1.0,0.0,0.0,0.0,0.0,0.0,0.0,0.0,0.0,0.0,1.0,1.0,0.0,0.0,1.0,1.0,18.0,37.0,37.0,40.12676527763077,Medium
162492,Bhaganpur,791,112,147,78,0,112.51,7.03048617900631,0.1858407079646017,0.0986093552465234,0.0,0.0,0.0,0.0,0.0,0.0,1.0,1.0,1.0,1.0,0.0,0.0,0.0,0.0,0.0,0.0,1.0,1.0,1.0,0.0,0.0,0.0,1.0,1.0,18.0,37.0,37.0,31.357359649923417,Low
162493,Khajuri,2472,390,423,798,0,164.36,15.04015575565831,0.1711165048543689,0.3228155339805825,0.0,0.0,0.0,0.0,0.0,0.0,1.0,1.0,1.0,1.0,1.0,0.0,1.0,0.0,0.0,0.0,1.0,1.0,1.0,0.0,0.0,1.0,1.0,1.0,23.0,32.0,53.0,42.36601983379606,Medium
162494,Barawan,5162,725,852,1071,6,405.93,12.716478210528908,0.1650523053080201,0.2074777218132506,0.0011623401782254,0.0,0.0,0.0,0.0,0.0,1.0,1.0,1.0,1.0,1.0,1.0,1.0,0.0,0.0,0.0,1.0,1.0,1.0,0.0,0.0,1.0,1.0,1.0,25.0,35.0,58.0,41.53960964961493,Medium
162495,Nidauri,1085,138,137,62,0,103.11,10.522742701968772,0.1262672811059907,0.0571428571428571,0.0,0.0,0.0,0.0,0.0,0.0,1.0,1.0,1.0,0.0,0.0,0.0,1.0,0.0,0.0,0.0,1.0,0.0,1.0,1.0,0.0,1.0,1.0,1.0,7.0,35.0,60.0,42.00642496980527,Medium
162496,Machahar Urf Purwa,2312,355,490,1145,0,327.62,7.056956229778402,0.2119377162629757,0.495242214532872,0.0,0.0,0.0,0.0,0.0,0.0,1.0,1.0,1.0,0.0,1.0,,1.0,0.0,0.0,0.0,1.0,0.0,1.0,1.0,0.0,1.0,1.0,1.0,10.0,35.0,60.0,46.62452263642622,Medium
162497,Kokasand,773,110,122,179,0,134.7,5.738678544914626,0.1578266494178525,0.2315653298835705,0.0,0.0,0.0,0.0,0.0,0.0,1.0,1.0,0.0,0.0,0.0,0.0,0.0,0.0,0.0,1.0,1.0,0.0,1.0,1.0,0.0,0.0,1.0,1.0,8.0,35.0,60.0,36.96193232969888,Medium
162498,Naraina,1654,193,318,466,4,255.68,6.469023779724656,0.1922611850060459,0.2817412333736396,0.0024183796856106,0.0,0.0,0.0,0.0,0.0,1.0,1.0,0.0,1.0,1.0,0.0,1.0,0.0,0.0,1.0,0.0,0.0,0.0,1.0,0.0,0.0,1.0,1.0,10.0,30.0,0.0,53.33362449188952,Medium
162499,Dando,2368,340,436,369,0,266.58,8.882886938254934,0.1841216216216216,0.1558277027027027,0.0,0.0,0.0,0.0,0.0,0.0,1.0,1.0,1.0,1.0,1.0,0.0,1.0,0.0,0.0,0.0,1.0,0.0,1.0,0.0,0.0,1.0,1.0,1.0,18.0,48.0,58.0,46.66804900052153,Medium
162500,Rokari,1946,307,321,0,0,124.42,15.640572255264429,0.1649537512846865,0.0,0.0,0.0,0.0,0.0,0.0,0.0,1.0,1.0,1.0,1.0,1.0,0.0,1.0,0.0,0.0,0.0,1.0,1.0,1.0,0.0,0.0,1.0,1.0,1.0,15.0,45.0,55.0,40.591748516141216,Medium
162501,Newada Ta. Bhunda,748,93,120,0,0,97.32,7.685984381422113,0.160427807486631,0.0,0.0,0.0,0.0,0.0,0.0,0.0,1.0,1.0,1.0,1.0,1.0,0.0,1.0,0.0,0.0,0.0,0.0,0.0,1.0,1.0,0.0,0.0,1.0,1.0,10.0,30.0,30.0,47.628879762977824,Medium
162502,Bhunda,4330,627,731,1322,1,563.01,7.690804781442603,0.1688221709006928,0.3053117782909931,0.000230946882217,0.0,0.0,0.0,0.0,0.0,1.0,1.0,1.0,1.0,0.0,0.0,0.0,0.0,0.0,0.0,0.0,0.0,1.0,1.0,0.0,1.0,1.0,1.0,15.0,35.0,25.0,39.41298221632488,Medium
162503,Kechuha,1872,224,301,80,21,287.16,6.519013790221479,0.1607905982905983,0.0427350427350427,0.0112179487179487,0.0,0.0,0.0,0.0,0.0,1.0,1.0,1.0,0.0,1.0,0.0,0.0,0.0,0.0,0.0,1.0,1.0,1.0,0.0,0.0,1.0,1.0,1.0,18.0,48.0,58.0,30.57331033774399,Low
162504,Bhandewara,1844,269,268,223,0,152.9,12.060170045781556,0.1453362255965292,0.1209327548806941,0.0,0.0,0.0,0.0,0.0,0.0,1.0,1.0,1.0,0.0,0.0,0.0,0.0,0.0,0.0,1.0,1.0,0.0,1.0,1.0,1.0,1.0,1.0,1.0,12.0,31.0,23.0,30.460661377647,Low
162505,Kakaram,2711,410,446,1109,0,199.38,13.59715116862273,0.1645149391368498,0.4090741423828845,0.0,0.0,0.0,0.0,0.0,0.0,1.0,1.0,0.0,0.0,0.0,0.0,1.0,0.0,0.0,0.0,1.0,0.0,1.0,0.0,0.0,1.0,1.0,1.0,15.0,35.0,0.0,50.873263290655146,Medium
162506,Sulamai,2733,435,483,198,0,261.25,10.461244019138755,0.1767288693743139,0.0724478594950603,0.0,0.0,0.0,0.0,0.0,0.0,1.0,1.0,1.0,0.0,0.0,0.0,1.0,0.0,0.0,0.0,0.0,0.0,1.0,0.0,0.0,1.0,1.0,1.0,0.0,15.0,32.0,51.09426882089609,Medium
162507,Dharawara,6576,968,1040,1181,0,846.02,7.77286588969528,0.1581508515815085,0.1795924574209245,0.0,0.0,1.0,0.0,0.0,0.0,1.0,1.0,1.0,0.0,0.0,0.0,1.0,0.0,0.0,1.0,1.0,1.0,1.0,1.0,0.0,1.0,1.0,1.0,20.0,42.0,34.0,35.128772583032266,Medium
162508,Rithaiya,1218,151,200,0,0,126.58,9.622373202717649,0.1642036124794745,0.0,0.0,0.0,0.0,0.0,0.0,0.0,1.0,1.0,1.0,0.0,0.0,0.0,0.0,0.0,0.0,0.0,1.0,1.0,1.0,1.0,0.0,1.0,1.0,1.0,22.0,45.0,0.0,27.82177768210313,Low
162509,Niriya,2075,298,352,495,0,171.37,12.108303670420726,0.1696385542168674,0.2385542168674699,0.0,0.0,0.0,0.0,0.0,0.0,1.0,1.0,1.0,0.0,1.0,0.0,0.0,0.0,0.0,0.0,1.0,0.0,0.0,0.0,0.0,1.0,1.0,1.0,30.0,60.0,60.0,36.77981778743825,Medium
162510,Isauta,1202,180,228,597,0,89.7,13.400222965440356,0.1896838602329451,0.4966722129783694,0.0,0.0,0.0,0.0,0.0,0.0,1.0,1.0,1.0,0.0,0.0,0.0,0.0,0.0,0.0,0.0,1.0,0.0,0.0,0.0,0.0,1.0,1.0,1.0,30.0,60.0,60.0,38.72489031028199,Medium
162511,Arai,4648,581,800,394,0,757.09,6.139296516926653,0.1721170395869191,0.0847676419965576,0.0,0.0,0.0,0.0,0.0,0.0,1.0,1.0,1.0,0.0,1.0,0.0,0.0,0.0,0.0,0.0,1.0,1.0,1.0,0.0,0.0,1.0,1.0,1.0,20.0,42.0,34.0,30.839795561500043,Low
162512,Baghera,2102,309,301,161,0,342.4,6.139018691588785,0.143196955280685,0.0765937202664129,0.0,0.0,0.0,0.0,0.0,0.0,1.0,1.0,1.0,0.0,0.0,0.0,1.0,0.0,0.0,0.0,1.0,1.0,1.0,1.0,0.0,1.0,1.0,1.0,20.0,45.0,0.0,37.43131199956174,Medium
162519,Sarai Hariram,2703,427,434,450,0,326.38,8.281757460628715,0.1605623381428043,0.1664816870144284,0.0,0.0,0.0,0.0,0.0,0.0,1.0,1.0,1.0,1.0,1.0,0.0,0.0,0.0,0.0,0.0,1.0,1.0,0.0,1.0,1.0,1.0,1.0,1.0,45.0,45.0,45.0,25.98982214091937,Low
162520,Pindauna,3627,556,643,660,0,308.21,11.767950423412609,0.177281499862145,0.1819685690653432,0.0,0.0,0.0,0.0,0.0,0.0,1.0,1.0,1.0,0.0,0.0,0.0,0.0,0.0,0.0,0.0,1.0,1.0,1.0,1.0,0.0,1.0,1.0,1.0,50.0,50.0,50.0,29.21218268700592,Low
162521,Ugrsenpur Urf Bibipur,3190,483,481,511,0,384.7,8.292175721341305,0.1507836990595611,0.1601880877742946,0.0,0.0,0.0,0.0,0.0,0.0,1.0,1.0,1.0,0.0,1.0,0.0,1.0,0.0,0.0,1.0,1.0,1.0,1.0,1.0,1.0,1.0,1.0,1.0,45.0,45.0,45.0,35.665423368202,Medium
162522,Kandharpur,340,45,39,38,0,37.57,9.049773755656108,0.1147058823529411,0.1117647058823529,0.0,0.0,0.0,0.0,0.0,0.0,1.0,1.0,1.0,0.0,0.0,0.0,0.0,0.0,0.0,0.0,1.0,1.0,0.0,1.0,1.0,0.0,1.0,1.0,10.0,45.0,45.0,24.372124177838145,Low
162523,Purethakurain,444,117,54,104,0,87.12,5.096418732782369,0.1216216216216216,0.2342342342342342,0.0,0.0,0.0,0.0,0.0,0.0,1.0,1.0,1.0,0.0,0.0,0.0,0.0,0.0,0.0,0.0,1.0,0.0,1.0,1.0,0.0,0.0,0.0,0.0,37.0,40.0,5.0,32.52938313952936,Low
162524,Bhogawara,3011,480,468,520,0,421.48,7.143873967922558,0.1554300896712055,0.1727000996346728,0.0,0.0,0.0,0.0,0.0,0.0,1.0,1.0,1.0,0.0,0.0,0.0,1.0,0.0,0.0,0.0,1.0,0.0,1.0,1.0,0.0,1.0,1.0,1.0,35.0,421.0,7.0,43.32015729738115,Medium
162525,Januwa Dih Khurd,620,224,73,175,0,101.94,6.082009024916617,0.1177419354838709,0.282258064516129,0.0,0.0,0.0,0.0,0.0,0.0,1.0,1.0,1.0,1.0,1.0,0.0,1.0,0.0,0.0,0.0,1.0,1.0,0.0,1.0,0.0,0.0,1.0,1.0,14.0,45.0,45.0,37.69363890528091,Medium
162526,Raypur,1874,296,275,621,0,148.98,12.578869646932477,0.1467449306296691,0.3313767342582711,0.0,0.0,0.0,0.0,0.0,0.0,1.0,1.0,0.0,1.0,1.0,0.0,1.0,0.0,0.0,0.0,1.0,1.0,1.0,1.0,1.0,1.0,0.0,0.0,35.0,44.0,9.0,39.90980454208229,Medium
162527,Sarai Sultanpur Urf Loredih,2511,346,364,486,0,244.92,10.252327290543851,0.1449621664675428,0.1935483870967742,0.0,0.0,0.0,0.0,0.0,0.0,1.0,1.0,1.0,0.0,0.0,0.0,1.0,0.0,0.0,1.0,1.0,1.0,1.0,1.0,0.0,1.0,1.0,1.0,35.0,42.0,12.0,38.23817977397345,Medium
162528,Sarai Sultanpur Urf Sarpoasbir,1327,206,253,238,0,69.13,19.19571821206423,0.1906556141672946,0.1793519216277317,0.0,0.0,0.0,0.0,0.0,0.0,1.0,1.0,1.0,0.0,0.0,0.0,1.0,0.0,0.0,0.0,1.0,1.0,0.0,1.0,1.0,1.0,1.0,1.0,15.0,50.0,50.0,37.40575062293081,Medium
162529,Gora Dauli,1791,283,261,598,0,164.17,10.909423158920632,0.1457286432160804,0.3338916806253489,0.0,0.0,0.0,0.0,0.0,0.0,1.0,1.0,1.0,0.0,0.0,0.0,0.0,0.0,0.0,1.0,1.0,1.0,1.0,1.0,0.0,1.0,0.0,0.0,35.0,45.0,9.0,28.9899101432782,Low
162530,Mirzapur,1381,224,198,524,0,135.07,10.224328126156808,0.1433743664011585,0.3794351918899348,0.0,0.0,0.0,0.0,0.0,0.0,1.0,1.0,1.0,0.0,0.0,0.0,0.0,0.0,0.0,0.0,1.0,1.0,1.0,1.0,0.0,1.0,0.0,0.0,35.0,47.0,12.0,29.118828478101666,Low
162531,Khanpur Danri,4536,577,683,1074,0,323.57,14.018604938653151,0.1505731922398589,0.2367724867724867,0.0,0.0,0.0,0.0,0.0,0.0,1.0,1.0,1.0,0.0,0.0,0.0,0.0,0.0,0.0,1.0,1.0,1.0,1.0,1.0,0.0,1.0,1.0,1.0,35.0,45.0,14.0,28.77749933407257,Low
162532,Thanapur,2024,307,341,308,0,112.63,17.970345378673535,0.1684782608695652,0.1521739130434782,0.0,0.0,0.0,0.0,0.0,0.0,1.0,1.0,1.0,0.0,0.0,0.0,1.0,0.0,0.0,1.0,1.0,1.0,0.0,0.0,0.0,0.0,1.0,1.0,10.0,50.0,50.0,41.5541529912498,Medium
162533,Thata,1275,199,168,98,0,118.65,10.745891276864729,0.1317647058823529,0.0768627450980392,0.0,0.0,0.0,0.0,0.0,0.0,1.0,1.0,1.0,1.0,1.0,0.0,1.0,0.0,1.0,0.0,1.0,1.0,1.0,1.0,1.0,1.0,1.0,1.0,0.0,13.0,50.0,34.7791229601586,Medium
162534,Malhipur,671,87,111,73,0,97.04,6.914674361088211,0.1654247391952309,0.1087928464977645,0.0,0.0,0.0,0.0,0.0,0.0,1.0,1.0,1.0,1.0,1.0,0.0,0.0,1.0,1.0,1.0,1.0,0.0,1.0,1.0,0.0,0.0,1.0,1.0,40.0,60.0,0.0,33.2910358933818,Medium
162535,Soraon,6171,1048,966,1625,0,699.63,8.820376484713348,0.1565386485172581,0.2633284718846216,0.0,1.0,1.0,1.0,0.0,0.0,1.0,1.0,1.0,0.0,0.0,0.0,1.0,0.0,0.0,1.0,1.0,1.0,1.0,1.0,1.0,1.0,1.0,1.0,32.0,50.0,50.0,26.3754932408503,Low
162536,Mirpur,1340,202,264,305,0,161.8,8.281829419035846,0.1970149253731343,0.2276119402985074,0.0,0.0,0.0,0.0,0.0,0.0,1.0,1.0,1.0,0.0,1.0,0.0,1.0,0.0,0.0,0.0,1.0,1.0,1.0,1.0,0.0,0.0,1.0,1.0,35.0,55.0,0.0,39.88905398315934,Medium
162537,Sindhaura Sorao,1533,243,210,599,0,135.74,11.293649624281716,0.136986301369863,0.390737116764514,0.0,0.0,0.0,0.0,0.0,0.0,1.0,1.0,0.0,0.0,0.0,0.0,0.0,0.0,0.0,0.0,1.0,1.0,1.0,0.0,0.0,0.0,1.0,1.0,30.0,55.0,55.0,34.86099968722748,Medium
162538,Hasanpur Soraon,651,181,99,208,0,176.96,3.6787974683544302,0.152073732718894,0.3195084485407066,0.0,0.0,0.0,0.0,0.0,0.0,1.0,1.0,1.0,0.0,0.0,0.0,0.0,0.0,0.0,0.0,1.0,0.0,1.0,1.0,0.0,0.0,1.0,1.0,30.0,55.0,0.0,33.81102535217992,Medium
162539,Nawada Wasana,637,93,116,237,0,171.07,3.723621909159993,0.1821036106750392,0.3720565149136577,0.0,0.0,0.0,0.0,0.0,0.0,1.0,1.0,1.0,0.0,1.0,,1.0,0.0,0.0,0.0,0.0,0.0,1.0,1.0,0.0,0.0,1.0,1.0,30.0,30.0,0.0,49.97650519125811,Medium
162540,Udagi,1854,356,275,179,0,61.32,30.234833659491198,0.1483279395900755,0.0965480043149946,0.0,0.0,0.0,0.0,0.0,0.0,1.0,1.0,1.0,0.0,0.0,0.0,1.0,0.0,0.0,0.0,1.0,1.0,1.0,1.0,0.0,1.0,1.0,1.0,28.0,28.0,28.0,38.67582615352328,Medium
162541,Bagadaha Urf Pure Vikramshah,1448,227,220,157,0,103.0,14.058252427184469,0.1519337016574585,0.1084254143646408,0.0,0.0,0.0,0.0,0.0,0.0,1.0,1.0,1.0,0.0,0.0,0.0,1.0,0.0,0.0,0.0,0.0,0.0,1.0,1.0,0.0,1.0,1.0,1.0,28.0,30.0,30.0,48.1782095482539,Medium
162542,Haripur Wasana,374,49,65,262,0,52.22,7.162006893910379,0.1737967914438502,0.7005347593582888,0.0,0.0,0.0,0.0,0.0,0.0,1.0,1.0,1.0,0.0,0.0,0.0,1.0,0.0,0.0,0.0,0.0,0.0,0.0,0.0,0.0,1.0,0.0,1.0,30.0,45.0,10.0,54.01107727004791,Medium
162543,Bagdaha Hawasabad,1229,188,202,345,0,119.69,10.268192831481327,0.1643612693246542,0.2807160292921074,0.0,0.0,0.0,0.0,0.0,0.0,1.0,1.0,0.0,0.0,0.0,0.0,0.0,0.0,0.0,0.0,1.0,1.0,1.0,1.0,0.0,1.0,1.0,1.0,27.0,27.0,27.0,32.589976790623986,Low
162544,Pure Thakurain Ta.Barista,747,233,110,348,0,110.81,6.741268838552477,0.1472556894243641,0.465863453815261,0.0,0.0,0.0,0.0,0.0,0.0,1.0,1.0,1.0,0.0,0.0,0.0,1.0,0.0,0.0,0.0,0.0,0.0,1.0,0.0,0.0,1.0,0.0,1.0,30.0,45.0,10.0,52.02418705002384,Medium
162545,Saripur,1400,182,185,457,0,88.91,15.746260263187494,0.1321428571428571,0.3264285714285714,0.0,0.0,0.0,0.0,0.0,0.0,1.0,1.0,1.0,1.0,1.0,0.0,0.0,0.0,0.0,0.0,0.0,0.0,1.0,0.0,0.0,1.0,1.0,1.0,25.0,35.0,35.0,41.243910410496845,Medium
162546,Soirai,2095,325,305,682,0,194.36,10.778966865610206,0.1455847255369928,0.3255369928400954,0.0,0.0,0.0,0.0,0.0,0.0,1.0,1.0,1.0,0.0,0.0,0.0,0.0,0.0,0.0,0.0,1.0,1.0,0.0,0.0,0.0,1.0,1.0,1.0,30.0,45.0,45.0,31.438454847510744,Low
162547,Barista Kala,3198,474,532,1136,0,248.2,12.884770346494763,0.16635397123202,0.3552220137585991,0.0,0.0,0.0,0.0,0.0,0.0,1.0,1.0,1.0,0.0,0.0,0.0,0.0,0.0,0.0,0.0,1.0,1.0,0.0,0.0,0.0,1.0,1.0,1.0,30.0,45.0,45.0,32.29654737594,Low
162548,Birapur,716,159,98,146,0,91.36,7.837127845884414,0.1368715083798882,0.2039106145251396,0.0,0.0,1.0,0.0,0.0,0.0,0.0,1.0,1.0,0.0,0.0,0.0,1.0,0.0,0.0,0.0,1.0,1.0,0.0,0.0,0.0,1.0,0.0,1.0,36.0,57.0,57.0,40.44795883958931,Medium
162549,Gosaisipur,617,69,91,63,0,98.65,6.254434870755195,0.1474878444084278,0.1021069692058346,0.0,0.0,0.0,0.0,0.0,0.0,1.0,1.0,1.0,0.0,0.0,0.0,0.0,0.0,0.0,0.0,1.0,1.0,0.0,0.0,0.0,1.0,1.0,1.0,36.0,55.0,0.0,30.192350799252488,Low
162550,Bhempur,530,67,64,51,0,38.19,13.87797852841058,0.120754716981132,0.0962264150943396,0.0,0.0,0.0,0.0,0.0,0.0,1.0,1.0,0.0,0.0,0.0,0.0,1.0,0.0,0.0,0.0,1.0,1.0,0.0,0.0,0.0,1.0,1.0,1.0,30.0,45.0,10.0,43.00776553240739,Medium
162551,Baresta Khurd,1196,162,128,92,0,99.53,12.016477443986735,0.1070234113712374,0.0769230769230769,0.0,0.0,0.0,0.0,0.0,0.0,1.0,1.0,0.0,0.0,0.0,0.0,0.0,0.0,0.0,0.0,0.0,0.0,0.0,0.0,0.0,1.0,1.0,1.0,30.0,45.0,10.0,42.42276526680948,Medium
162552,Ugapur,1388,224,228,497,0,101.27,13.705934630196506,0.1642651296829971,0.3580691642651297,0.0,0.0,0.0,0.0,0.0,0.0,1.0,1.0,1.0,1.0,0.0,0.0,1.0,0.0,0.0,0.0,1.0,1.0,0.0,0.0,0.0,1.0,1.0,1.0,35.0,56.0,0.0,42.28188392877762,Medium
162553,Baboopur Belo,2146,342,349,777,0,242.47,8.850579453128223,0.162628145386766,0.3620689655172414,0.0,0.0,0.0,0.0,0.0,0.0,1.0,1.0,1.0,0.0,0.0,0.0,1.0,0.0,0.0,0.0,1.0,1.0,1.0,1.0,0.0,1.0,1.0,1.0,35.0,55.0,0.0,39.553122552752896,Medium
162554,Basana Khas,1945,380,289,608,0,191.6,10.151356993736952,0.148586118251928,0.3125964010282776,0.0,0.0,0.0,0.0,0.0,0.0,1.0,1.0,0.0,0.0,1.0,0.0,1.0,0.0,0.0,0.0,1.0,1.0,1.0,0.0,0.0,1.0,0.0,1.0,30.0,45.0,10.0,44.771319859996126,Medium
162555,Jamuwa,1189,193,175,0,0,77.66,15.310327066701005,0.1471825063078217,0.0,0.0,0.0,0.0,0.0,0.0,0.0,1.0,1.0,1.0,0.0,0.0,0.0,0.0,0.0,0.0,0.0,1.0,1.0,0.0,0.0,0.0,1.0,1.0,1.0,30.0,45.0,10.0,30.045031576604924,Low
162556,Basanehata,2337,359,377,604,0,411.17,5.68378043145171,0.1613179289687633,0.2584510055626872,0.0,0.0,0.0,0.0,0.0,0.0,1.0,1.0,1.0,0.0,1.0,0.0,1.0,0.0,0.0,1.0,1.0,1.0,1.0,1.0,0.0,1.0,1.0,1.0,25.0,25.0,0.0,38.865508366143686,Medium
162557,Molawa Kalan,774,125,109,26,0,60.08,12.882822902796272,0.1408268733850129,0.0335917312661498,0.0,0.0,0.0,0.0,0.0,0.0,1.0,1.0,1.0,0.0,1.0,0.0,0.0,0.0,1.0,1.0,1.0,1.0,1.0,1.0,0.0,1.0,1.0,1.0,25.0,25.0,0.0,27.42250294972473,Low
162558,Molawa Khurd,554,97,91,321,0,62.91,8.806231123827692,0.1642599277978339,0.5794223826714802,0.0,0.0,0.0,0.0,0.0,0.0,1.0,1.0,0.0,0.0,0.0,0.0,0.0,0.0,0.0,0.0,1.0,1.0,1.0,1.0,0.0,1.0,1.0,1.0,24.0,25.0,0.0,34.020352853232936,Medium
162559,Karuwa Dih,4128,614,684,782,0,392.06,10.5290006631638,0.1656976744186046,0.189437984496124,0.0,0.0,0.0,0.0,0.0,0.0,1.0,1.0,1.0,0.0,0.0,0.0,1.0,0.0,0.0,0.0,1.0,1.0,1.0,0.0,0.0,1.0,0.0,1.0,25.0,35.0,35.0,41.35106973157246,Medium
162560,Shri Rampur,555,77,90,207,0,30.03,18.48151848151848,0.1621621621621621,0.372972972972973,0.0,0.0,0.0,0.0,0.0,0.0,1.0,1.0,1.0,0.0,0.0,0.0,0.0,0.0,0.0,0.0,1.0,1.0,1.0,0.0,0.0,1.0,1.0,1.0,25.0,35.0,35.0,32.4896846253797,Low
162561,Atar Suiya,938,137,105,471,0,80.02,11.722069482629344,0.1119402985074626,0.502132196162047,0.0,0.0,0.0,0.0,0.0,0.0,1.0,1.0,1.0,1.0,1.0,1.0,1.0,0.0,0.0,0.0,1.0,1.0,1.0,0.0,0.0,1.0,1.0,1.0,25.0,35.0,35.0,41.35087817033487,Medium
162562,Rampur,1126,180,194,236,0,224.55,5.014473391226898,0.172291296625222,0.2095914742451154,0.0,0.0,0.0,0.0,0.0,0.0,1.0,1.0,1.0,0.0,0.0,0.0,1.0,0.0,0.0,0.0,1.0,1.0,0.0,1.0,0.0,1.0,1.0,1.0,28.0,45.0,45.0,38.922890020056414,Medium
162563,Devali,2946,511,482,496,0,291.48,10.10703993412927,0.163611676849966,0.1683638832315003,0.0,0.0,0.0,0.0,0.0,0.0,1.0,1.0,1.0,0.0,1.0,0.0,1.0,0.0,0.0,0.0,1.0,1.0,0.0,1.0,0.0,1.0,1.0,1.0,28.0,42.0,42.0,38.665768390464585,Medium
162564,Bariyari,1641,257,207,162,0,147.36,11.135993485342018,0.1261425959780621,0.0987202925045703,0.0,0.0,0.0,0.0,0.0,0.0,1.0,1.0,1.0,0.0,1.0,0.0,1.0,0.0,0.0,0.0,0.0,0.0,1.0,0.0,0.0,1.0,1.0,1.0,21.0,46.0,46.0,49.73578829429061,Medium
162565,Dalapatpur,2059,259,268,265,0,69.26,29.728559052844357,0.1301602719766877,0.1287032540067994,0.0,0.0,0.0,0.0,0.0,0.0,1.0,1.0,1.0,0.0,0.0,0.0,0.0,0.0,0.0,0.0,1.0,1.0,1.0,0.0,0.0,1.0,1.0,1.0,21.0,45.0,45.0,30.77075450267632,Low
162566,Januwadih,1398,218,264,673,0,109.55,12.761296211775443,0.1888412017167382,0.4814020028612303,0.0,0.0,0.0,0.0,0.0,0.0,1.0,1.0,0.0,0.0,1.0,0.0,1.0,0.0,0.0,0.0,1.0,1.0,0.0,0.0,0.0,1.0,0.0,1.0,20.0,50.0,50.0,46.93032034727726,Medium
162567,Fatehpur Maphi,2480,386,411,672,0,194.36,12.759827124922822,0.1657258064516129,0.2709677419354839,0.0,0.0,0.0,0.0,0.0,0.0,1.0,1.0,1.0,1.0,0.0,0.0,1.0,1.0,1.0,1.0,1.0,1.0,1.0,1.0,0.0,1.0,1.0,1.0,21.0,45.0,45.0,39.35129344291898,Medium
162568,Ara Khurd,2395,379,375,394,0,163.33,14.663564562542092,0.1565762004175365,0.164509394572025,0.0,0.0,0.0,0.0,0.0,0.0,1.0,1.0,1.0,0.0,0.0,0.0,1.0,0.0,0.0,0.0,1.0,1.0,1.0,1.0,0.0,1.0,1.0,1.0,20.0,45.0,45.0,38.62279467861111,Medium
162569,Pratappur Khurd,2060,328,363,333,0,100.47,20.50363292525132,0.1762135922330097,0.1616504854368932,0.0,0.0,0.0,0.0,0.0,0.0,1.0,1.0,1.0,1.0,1.0,0.0,1.0,,,,,,1.0,,,1.0,1.0,1.0,22.0,46.0,46.0,51.93776387289773,Medium
162570,Pratappur Kalan,806,135,132,386,0,96.62,8.341958186710826,0.1637717121588089,0.4789081885856079,0.0,0.0,0.0,0.0,0.0,0.0,1.0,1.0,1.0,0.0,1.0,0.0,0.0,0.0,0.0,0.0,1.0,1.0,0.0,0.0,0.0,1.0,0.0,1.0,22.0,47.0,47.0,32.6507113063551,Low
162571,Semari,3294,585,504,365,0,326.0,10.104294478527608,0.1530054644808743,0.1108075288403157,0.0,0.0,0.0,0.0,0.0,0.0,1.0,1.0,0.0,1.0,1.0,0.0,1.0,0.0,0.0,0.0,0.0,0.0,1.0,0.0,0.0,1.0,1.0,1.0,26.0,51.0,51.0,53.8930206883991,Medium
162572,Chhatauna,6743,1017,1188,1178,0,557.62,12.092464402281124,0.1761827079934747,0.1746996885659202,0.0,0.0,0.0,0.0,0.0,0.0,1.0,1.0,1.0,0.0,0.0,0.0,0.0,,,,,,1.0,,,1.0,1.0,1.0,24.0,42.0,42.0,41.65621845293165,Medium
162573,Chak Shah Isarar Ali,358,61,69,150,0,34.01,10.526315789473683,0.1927374301675977,0.4189944134078212,0.0,0.0,0.0,0.0,0.0,0.0,1.0,1.0,1.0,0.0,1.0,0.0,1.0,0.0,0.0,0.0,1.0,1.0,1.0,1.0,0.0,0.0,0.0,0.0,24.0,42.0,42.0,40.809934147341934,Medium
162574,Chak Puremiyan,1308,229,193,194,0,22.4,58.392857142857146,0.1475535168195718,0.1483180428134556,0.0,0.0,0.0,0.0,0.0,0.0,1.0,1.0,1.0,0.0,0.0,0.0,0.0,0.0,0.0,0.0,1.0,1.0,1.0,0.0,0.0,1.0,1.0,1.0,25.0,49.0,49.0,32.569293750782045,Low
162575,Muhiddinpur,6803,1046,1181,1005,0,437.12,15.563232064421667,0.1735998824048214,0.1477289431133323,0.0,0.0,0.0,0.0,0.0,0.0,1.0,1.0,1.0,0.0,0.0,0.0,0.0,,,,,,1.0,,,1.0,1.0,1.0,25.0,48.0,48.0,41.58659695819203,Medium
162576,Hiramanpur,2678,433,423,861,0,209.1,12.80726924916308,0.1579536967886482,0.3215085884988797,0.0,0.0,0.0,0.0,0.0,0.0,1.0,1.0,1.0,0.0,0.0,0.0,0.0,0.0,0.0,0.0,1.0,1.0,1.0,1.0,0.0,1.0,1.0,1.0,26.0,51.0,51.0,29.37278519279032,Low
162577,Gurgoan,1426,224,238,169,0,124.41,11.462101117273532,0.1669004207573632,0.1185133239831697,0.0,0.0,0.0,0.0,0.0,0.0,1.0,1.0,1.0,0.0,0.0,0.0,1.0,,,,,,1.0,,,0.0,1.0,0.0,20.0,50.0,50.0,51.07089765011597,Medium
162578,Varendra,2007,300,269,426,0,148.14,13.547995139732686,0.1340308918784255,0.2122571001494768,0.0,0.0,0.0,0.0,0.0,0.0,1.0,1.0,1.0,0.0,0.0,0.0,0.0,0.0,0.0,0.0,1.0,1.0,0.0,0.0,0.0,1.0,1.0,1.0,22.0,50.0,50.0,30.639302046176613,Low
162579,Nasirpatti,2162,310,322,200,0,126.99,17.02496259547996,0.1489361702127659,0.0925069380203515,0.0,0.0,0.0,0.0,0.0,0.0,1.0,1.0,1.0,0.0,1.0,0.0,1.0,0.0,0.0,0.0,1.0,1.0,0.0,0.0,0.0,1.0,0.0,1.0,22.0,50.0,50.0,40.63068151953152,Medium
162580,Alawalpur,544,83,108,87,0,98.75,5.508860759493671,0.1985294117647058,0.1599264705882352,0.0,0.0,0.0,0.0,0.0,0.0,1.0,1.0,1.0,0.0,0.0,0.0,0.0,0.0,0.0,0.0,0.0,0.0,1.0,0.0,0.0,1.0,1.0,1.0,24.0,49.0,49.0,41.98203752692748,Medium
162581,Katehari,2704,470,455,562,0,277.21,9.75433786659933,0.1682692307692307,0.2078402366863905,0.0,0.0,1.0,0.0,0.0,0.0,1.0,1.0,0.0,0.0,0.0,0.0,0.0,0.0,1.0,0.0,1.0,1.0,1.0,0.0,1.0,1.0,0.0,1.0,25.0,53.0,53.0,28.98837376447437,Low
162582,Rasulaha Mohammadpur,606,84,108,139,0,87.56,6.920968478757423,0.1782178217821782,0.2293729372937293,0.0,0.0,0.0,0.0,0.0,0.0,1.0,1.0,1.0,0.0,1.0,0.0,0.0,0.0,1.0,1.0,1.0,1.0,1.0,1.0,1.0,1.0,1.0,1.0,25.0,40.0,40.0,26.777987637336643,Low
162583,Sadarepur,966,155,155,421,0,117.9,8.193384223918574,0.160455486542443,0.4358178053830228,0.0,0.0,0.0,0.0,0.0,0.0,1.0,1.0,1.0,0.0,0.0,0.0,1.0,0.0,1.0,1.0,1.0,1.0,1.0,1.0,1.0,1.0,1.0,1.0,25.0,40.0,40.0,37.32966330185658,Medium
162584,Bela Khas,3436,799,518,592,0,471.99,7.2798152503231,0.1507566938300349,0.1722933643771827,0.0,0.0,0.0,0.0,0.0,0.0,1.0,1.0,0.0,0.0,0.0,0.0,0.0,,,,,,1.0,,,1.0,0.0,1.0,18.0,50.0,50.0,44.01684494688512,Medium
162585,Newada Bela,1593,325,271,430,0,103.25,15.428571428571429,0.170119271814187,0.2699309478970496,0.0,0.0,0.0,0.0,0.0,0.0,1.0,1.0,1.0,0.0,1.0,0.0,1.0,0.0,0.0,0.0,1.0,1.0,1.0,0.0,1.0,1.0,1.0,1.0,21.0,46.0,46.0,39.587651456528064,Medium
162586,Samaruwa,926,137,163,54,0,42.83,21.62035956105533,0.1760259179265658,0.0583153347732181,0.0,0.0,0.0,0.0,0.0,0.0,1.0,1.0,0.0,0.0,1.0,0.0,1.0,0.0,0.0,0.0,1.0,1.0,1.0,0.0,1.0,1.0,1.0,1.0,21.0,46.0,46.0,42.29471071214402,Medium
162587,Gaoharpur Ta.Masari,1531,234,244,244,0,93.4,16.39186295503212,0.1593729588504245,0.1593729588504245,0.0,0.0,0.0,0.0,0.0,0.0,1.0,1.0,1.0,1.0,0.0,0.0,1.0,0.0,1.0,1.0,1.0,1.0,1.0,1.0,1.0,1.0,1.0,1.0,18.0,43.0,43.0,36.252082401819,Medium
162588,Sarai Mamarej,3579,624,483,987,0,179.76,19.909879839786385,0.134953897736798,0.2757753562447611,0.0,0.0,0.0,,1.0,0.0,1.0,1.0,1.0,0.0,0.0,0.0,0.0,0.0,0.0,0.0,0.0,0.0,1.0,0.0,0.0,1.0,1.0,1.0,21.0,45.0,45.0,37.91284909711357,Medium
162589,Sahabpur,1053,154,179,426,0,69.29,15.19699812382739,0.1699905033238366,0.4045584045584046,0.0,0.0,0.0,0.0,0.0,0.0,1.0,1.0,1.0,0.0,1.0,0.0,0.0,0.0,1.0,1.0,1.0,1.0,1.0,1.0,1.0,0.0,1.0,1.0,20.0,44.0,44.0,27.74740345529142,Low
162590,Sathar,2066,544,363,252,0,135.11,15.29124417141588,0.1757018393030009,0.121974830590513,0.0,0.0,0.0,0.0,0.0,0.0,1.0,1.0,1.0,0.0,0.0,0.0,1.0,0.0,0.0,0.0,1.0,1.0,1.0,0.0,0.0,1.0,1.0,1.0,17.0,52.0,52.0,41.50970103607045,Medium
162591,Chaka Kathar,249,31,32,14,0,13.6,18.308823529411764,0.1285140562248996,0.0562248995983935,0.0,0.0,0.0,0.0,0.0,0.0,1.0,1.0,1.0,0.0,0.0,0.0,1.0,0.0,0.0,0.0,0.0,0.0,1.0,0.0,0.0,0.0,1.0,1.0,18.0,54.0,54.0,49.88939991202775,Medium
162592,Vaksapur,645,82,119,57,0,46.26,13.942931258106356,0.1844961240310077,0.0883720930232558,0.0,0.0,0.0,0.0,0.0,0.0,1.0,1.0,1.0,0.0,1.0,0.0,0.0,0.0,0.0,0.0,0.0,1.0,1.0,0.0,0.0,0.0,1.0,1.0,17.0,53.0,53.0,36.55007363838048,Medium
162593,Kajipur Sather,375,60,80,374,0,27.01,13.883746760459088,0.2133333333333333,0.9973333333333332,0.0,0.0,0.0,0.0,0.0,0.0,1.0,1.0,1.0,1.0,1.0,0.0,0.0,0.0,0.0,0.0,0.0,0.0,1.0,0.0,0.0,0.0,1.0,1.0,16.0,53.0,16.0,46.95756246893131,Medium
162594,Bhadari,1505,236,246,375,0,121.04,12.433906146728354,0.1634551495016611,0.2491694352159468,0.0,0.0,0.0,0.0,0.0,0.0,1.0,1.0,1.0,1.0,1.0,,1.0,0.0,0.0,0.0,0.0,0.0,1.0,0.0,0.0,1.0,1.0,1.0,17.0,52.0,17.0,51.66078042091912,Medium
162595,Dhaurhara,352,53,49,0,0,34.97,10.0657706605662,0.1392045454545454,0.0,0.0,0.0,0.0,0.0,0.0,0.0,1.0,1.0,1.0,0.0,1.0,0.0,1.0,0.0,0.0,0.0,0.0,0.0,1.0,0.0,0.0,0.0,0.0,0.0,16.0,53.0,16.0,49.5900380514028,Medium
162596,Chetara,906,115,144,32,0,44.13,20.53025152957172,0.1589403973509933,0.0353200883002207,0.0,0.0,0.0,0.0,0.0,0.0,1.0,1.0,0.0,0.0,0.0,0.0,1.0,0.0,0.0,0.0,1.0,0.0,1.0,0.0,0.0,0.0,1.0,1.0,17.0,54.0,17.0,49.12234392368761,Medium
162597,Pataila,920,146,129,57,0,60.24,15.272244355909692,0.1402173913043478,0.0619565217391304,0.0,0.0,0.0,0.0,0.0,0.0,1.0,1.0,1.0,0.0,0.0,0.0,0.0,0.0,0.0,0.0,0.0,0.0,1.0,0.0,0.0,0.0,1.0,1.0,15.0,54.0,10.0,40.1442947847289,Medium
162598,Rastipur,3322,475,547,898,0,426.08,7.7966579046188516,0.1646598434677905,0.2703190848886213,0.0,0.0,0.0,0.0,0.0,0.0,1.0,1.0,1.0,0.0,1.0,0.0,0.0,0.0,0.0,0.0,0.0,1.0,1.0,0.0,0.0,1.0,1.0,1.0,30.0,55.0,0.0,36.61198713132372,Medium
162599,Nadula,5969,856,939,1688,0,645.37,9.24895796209926,0.1573127827106718,0.2827944379293013,0.0,0.0,0.0,0.0,0.0,0.0,1.0,1.0,1.0,0.0,0.0,0.0,0.0,0.0,1.0,1.0,1.0,0.0,1.0,0.0,0.0,1.0,1.0,1.0,24.0,60.0,0.0,36.513670247931046,Medium
162600,Pataya,2565,363,426,567,0,218.96,11.714468396054071,0.1660818713450292,0.2210526315789473,0.0,0.0,0.0,0.0,0.0,0.0,1.0,1.0,0.0,0.0,0.0,0.0,0.0,0.0,0.0,0.0,0.0,0.0,1.0,0.0,0.0,1.0,0.0,0.0,24.0,64.0,0.0,44.90274831131547,Medium
162601,Zalalpur Mutfarka,2093,285,363,854,0,204.9,10.214738897022938,0.1734352603917821,0.4080267558528428,0.0,0.0,0.0,0.0,0.0,0.0,1.0,1.0,1.0,0.0,0.0,0.0,0.0,0.0,0.0,0.0,0.0,0.0,1.0,0.0,0.0,0.0,1.0,0.0,23.0,65.0,0.0,42.66321881120208,Medium
162602,Kewlapur,516,81,96,43,0,34.31,15.039347129116877,0.1860465116279069,0.0833333333333333,0.0,0.0,0.0,0.0,0.0,0.0,1.0,1.0,1.0,0.0,0.0,0.0,0.0,0.0,0.0,0.0,0.0,1.0,1.0,0.0,0.0,0.0,1.0,1.0,20.0,60.0,0.0,36.61647578326765,Medium
162603,Bazati,4801,710,770,850,0,491.68,9.764480963228117,0.1603832534888565,0.1770464486565298,0.0,0.0,0.0,0.0,0.0,0.0,1.0,1.0,0.0,0.0,0.0,0.0,0.0,0.0,0.0,0.0,1.0,0.0,1.0,0.0,0.0,1.0,1.0,1.0,30.0,65.0,0.0,39.43157592055723,Medium
162604,Khakhaicha,3667,572,571,1104,0,371.8,9.862829478214094,0.1557131169893646,0.3010635396782111,0.0,0.0,0.0,0.0,0.0,0.0,1.0,1.0,1.0,0.0,0.0,0.0,1.0,0.0,0.0,0.0,1.0,0.0,1.0,0.0,1.0,1.0,1.0,1.0,29.0,55.0,4.0,44.08226801090857,Medium
162605,Suraju Patti,1755,264,362,468,0,1102.46,1.5918944905030568,0.2062678062678062,0.2666666666666666,0.0,0.0,0.0,0.0,0.0,0.0,1.0,1.0,1.0,1.0,1.0,0.0,1.0,0.0,0.0,0.0,1.0,0.0,1.0,0.0,0.0,1.0,1.0,1.0,25.0,50.0,25.0,47.58682577971495,Medium
162606,Newada Janghai,1118,182,165,131,0,210.7,5.306122448979592,0.1475849731663685,0.1171735241502683,0.0,0.0,0.0,0.0,0.0,0.0,1.0,1.0,1.0,1.0,0.0,0.0,1.0,0.0,0.0,0.0,0.0,0.0,1.0,0.0,0.0,1.0,1.0,1.0,20.0,20.0,60.0,50.23160309389117,Medium
162607,Newada Barauna,524,75,67,136,0,48.4,10.826446280991735,0.1278625954198473,0.2595419847328244,0.0,0.0,0.0,0.0,0.0,0.0,1.0,1.0,0.0,0.0,1.0,0.0,1.0,0.0,0.0,0.0,1.0,1.0,0.0,1.0,0.0,0.0,0.0,1.0,28.0,73.0,73.0,41.412101577138,Medium
162608,Patwa Mutfarka,1217,185,153,242,0,124.45,9.779027721976698,0.1257189811010682,0.1988496302382909,0.0,0.0,0.0,0.0,0.0,0.0,0.0,1.0,0.0,0.0,0.0,0.0,0.0,0.0,0.0,0.0,1.0,0.0,1.0,0.0,0.0,1.0,1.0,1.0,20.0,58.0,5.0,41.83459514883639,Medium
162609,Savar Jaraiyar,10,1,1,0,0,24.31,0.4113533525298231,0.1,0.0,0.0,0.0,0.0,0.0,0.0,0.0,0.0,1.0,1.0,0.0,0.0,0.0,0.0,0.0,0.0,0.0,1.0,0.0,1.0,0.0,0.0,1.0,0.0,1.0,30.0,60.0,0.0,36.35024806868961,Medium
162610,Mathoe,1289,231,240,466,0,175.66,7.338039394284413,0.1861908456167571,0.3615205585725368,0.0,0.0,0.0,0.0,0.0,0.0,0.0,1.0,0.0,0.0,0.0,0.0,1.0,0.0,0.0,0.0,0.0,1.0,1.0,0.0,0.0,1.0,1.0,1.0,30.0,60.0,0.0,54.36173296538996,Medium
162611,Chauka,1639,223,278,638,0,107.26,15.280626515010256,0.1696156192800488,0.3892617449664429,0.0,0.0,0.0,0.0,0.0,0.0,0.0,1.0,1.0,1.0,1.0,0.0,0.0,0.0,0.0,1.0,1.0,1.0,1.0,1.0,0.0,1.0,1.0,1.0,25.0,55.0,25.0,33.49644574551888,Medium
162612,Janghai,6781,958,1099,1753,0,266.87,25.40937535129464,0.162070491078012,0.258516443002507,0.0,0.0,1.0,0.0,0.0,0.0,0.0,1.0,0.0,0.0,0.0,0.0,1.0,0.0,0.0,0.0,1.0,1.0,1.0,1.0,0.0,1.0,1.0,1.0,24.0,55.0,24.0,43.03285672246017,Medium
162613,Bhoolend,2321,328,393,416,0,197.67,11.741791875347802,0.1693235674278328,0.1792330891856958,0.0,0.0,0.0,0.0,0.0,0.0,0.0,1.0,1.0,0.0,0.0,0.0,0.0,0.0,0.0,0.0,1.0,1.0,0.0,0.0,0.0,1.0,1.0,1.0,25.0,59.0,0.0,34.79202501569642,Medium
162614,Pilakhini,1516,278,230,618,0,184.01,8.238682680289115,0.1517150395778364,0.4076517150395778,0.0,0.0,0.0,0.0,0.0,0.0,0.0,1.0,1.0,0.0,0.0,0.0,1.0,0.0,0.0,1.0,1.0,0.0,1.0,1.0,0.0,1.0,1.0,1.0,29.0,60.0,29.0,47.76181543445166,Medium
162615,Pure Jaysingh,202,32,31,0,0,24.09,8.38522208385222,0.1534653465346534,0.0,0.0,0.0,0.0,0.0,0.0,0.0,0.0,1.0,0.0,0.0,0.0,0.0,0.0,0.0,0.0,0.0,1.0,1.0,0.0,1.0,0.0,0.0,1.0,1.0,25.0,60.0,0.0,34.11542506077706,Medium
162616,Jhari,889,120,161,92,0,55.3,16.075949367088608,0.1811023622047244,0.1034870641169853,0.0,0.0,0.0,0.0,0.0,0.0,0.0,1.0,1.0,0.0,1.0,0.0,0.0,0.0,0.0,0.0,1.0,1.0,1.0,1.0,0.0,0.0,1.0,1.0,26.0,60.0,0.0,32.4448780833121,Low
162617,Chak Gahari,115,20,17,0,0,18.09,6.357103372028745,0.1478260869565217,0.0,0.0,0.0,0.0,0.0,0.0,0.0,0.0,1.0,0.0,0.0,0.0,0.0,0.0,0.0,0.0,0.0,0.0,1.0,0.0,1.0,0.0,0.0,0.0,0.0,26.0,61.0,0.0,38.86285159652751,Medium
162618,Chak Parwal,0,0,0,0,0,14.05,0.0,,,,,,,,,,,,,,,,,,,,,,,,,,,27.0,62.0,0.0,45.0,Medium
162619,Chak Hanuman,23,3,1,0,0,25.96,0.8859784283513097,0.0434782608695652,0.0,0.0,0.0,0.0,0.0,0.0,0.0,0.0,1.0,1.0,0.0,1.0,0.0,0.0,0.0,0.0,0.0,0.0,0.0,0.0,0.0,0.0,0.0,0.0,1.0,27.0,62.0,0.0,39.674112345782994,Medium
162620,Chak Thakuraen,92,15,10,59,0,20.72,4.440154440154441,0.108695652173913,0.6413043478260869,0.0,0.0,0.0,0.0,0.0,0.0,0.0,1.0,0.0,0.0,1.0,0.0,0.0,0.0,0.0,0.0,0.0,0.0,0.0,0.0,0.0,0.0,1.0,0.0,27.0,62.0,0.0,48.3166358856816,Medium
162621,Barana,804,147,125,248,0,165.89,4.846585086503105,0.1554726368159203,0.308457711442786,0.0,0.0,0.0,0.0,0.0,0.0,0.0,1.0,1.0,1.0,0.0,0.0,0.0,0.0,0.0,0.0,1.0,1.0,1.0,1.0,0.0,0.0,1.0,0.0,26.0,61.0,0.0,32.23909122474033,Low
162622,Bagheri,2340,344,412,507,0,274.73,8.517453499799803,0.176068376068376,0.2166666666666666,0.0,0.0,0.0,0.0,0.0,0.0,0.0,1.0,0.0,0.0,0.0,0.0,0.0,0.0,0.0,0.0,1.0,1.0,1.0,1.0,0.0,1.0,0.0,1.0,21.0,61.0,21.0,35.88228659913937,Medium
162623,Haripur Patti,1916,432,315,524,0,209.72,9.135990844936105,0.1644050104384133,0.2734864300626304,0.0,0.0,0.0,0.0,0.0,0.0,0.0,1.0,0.0,1.0,0.0,0.0,0.0,0.0,0.0,0.0,0.0,0.0,1.0,0.0,0.0,1.0,1.0,1.0,20.0,60.0,0.0,48.34191853068312,Medium
162624,Champapur,1943,273,259,340,0,291.7,6.660953033938979,0.1332990221307256,0.1749871332990221,0.0,0.0,0.0,0.0,0.0,0.0,0.0,1.0,1.0,0.0,1.0,0.0,1.0,0.0,0.0,0.0,1.0,1.0,0.0,1.0,0.0,0.0,0.0,0.0,25.0,70.0,70.0,40.98113619843693,Medium
162625,Anuva,2458,353,390,799,0,294.84,8.33672500339167,0.1586655817737998,0.3250610252237592,0.0,0.0,0.0,0.0,0.0,0.0,0.0,1.0,1.0,0.0,0.0,0.0,0.0,0.0,0.0,0.0,1.0,1.0,1.0,1.0,1.0,1.0,1.0,1.0,20.0,60.0,20.0,30.06140972428748,Low
162626,Bhaelakha,2353,312,413,833,0,218.23,10.782202263666774,0.1755206119847003,0.3540161495962601,0.0,0.0,0.0,0.0,0.0,0.0,0.0,1.0,0.0,1.0,0.0,0.0,1.0,0.0,0.0,0.0,1.0,1.0,1.0,1.0,0.0,1.0,1.0,1.0,20.0,53.0,20.0,46.64572693005697,Medium
162627,Bindrawan,721,97,110,93,0,332.61,2.167703917500977,0.1525658807212205,0.1289875173370319,0.0,0.0,0.0,0.0,0.0,0.0,0.0,1.0,1.0,0.0,0.0,0.0,0.0,0.0,0.0,1.0,1.0,0.0,1.0,0.0,0.0,0.0,1.0,1.0,18.0,52.0,0.0,38.64438272336478,Medium
162628,Pure Rudae,256,32,37,16,0,30.33,8.440487965710519,0.14453125,0.0625,0.0,0.0,0.0,0.0,0.0,0.0,0.0,1.0,1.0,1.0,0.0,0.0,1.0,0.0,0.0,0.0,0.0,0.0,1.0,0.0,0.0,1.0,1.0,1.0,17.0,42.0,17.0,53.32884134908294,Medium
162629,Bariyanwa,1109,159,142,166,0,70.53,15.723805472848433,0.1280432822362488,0.1496844003606853,0.0,0.0,0.0,0.0,0.0,0.0,0.0,1.0,1.0,0.0,1.0,0.0,1.0,0.0,0.0,0.0,1.0,0.0,1.0,0.0,0.0,0.0,1.0,1.0,0.0,0.0,0.0,48.569612306564025,Medium
162630,Nimiwari,767,125,120,292,0,150.15,5.108225108225108,0.1564537157757496,0.3807040417209908,0.0,0.0,0.0,0.0,0.0,0.0,0.0,1.0,1.0,1.0,0.0,0.0,0.0,0.0,0.0,0.0,0.0,1.0,1.0,1.0,0.0,0.0,1.0,1.0,19.0,49.0,19.0,37.64051380979223,Medium
162631,Chanethu,3932,535,564,852,5,325.59,12.076537977210604,0.143438453713123,0.2166836215666327,0.0012716174974567,0.0,0.0,0.0,0.0,0.0,0.0,1.0,0.0,0.0,0.0,0.0,0.0,0.0,0.0,0.0,0.0,0.0,0.0,0.0,0.0,0.0,0.0,0.0,21.0,61.0,21.0,47.58018537769951,Medium
162632,Maharachha,2120,364,309,726,0,249.16,8.508588858564778,0.145754716981132,0.3424528301886792,0.0,0.0,0.0,0.0,0.0,0.0,0.0,1.0,0.0,0.0,0.0,0.0,0.0,0.0,0.0,0.0,0.0,1.0,0.0,1.0,0.0,0.0,0.0,1.0,22.0,62.0,0.0,40.60144313255199,Medium
162633,Majhiyari Ta. Chhatauna,428,53,77,21,0,80.84,5.294408708560119,0.1799065420560747,0.0490654205607476,0.0,0.0,0.0,0.0,0.0,0.0,0.0,1.0,1.0,1.0,1.0,0.0,1.0,0.0,0.0,0.0,0.0,0.0,1.0,0.0,0.0,0.0,1.0,1.0,16.0,53.0,0.0,54.19356131022255,Medium
162634,Wari,4078,751,639,1247,7,432.5,9.428901734104048,0.1566944580676802,0.3057871505640019,0.0017165277096615,0.0,0.0,0.0,0.0,0.0,0.0,1.0,0.0,0.0,0.0,0.0,0.0,0.0,1.0,1.0,1.0,0.0,1.0,1.0,0.0,1.0,1.0,1.0,16.0,56.0,16.0,40.82513645426455,Medium
162635,Saidaha Sathar,1333,181,205,482,0,154.7,8.616677440206853,0.1537884471117779,0.3615903975993998,0.0,0.0,0.0,0.0,0.0,0.0,0.0,1.0,1.0,1.0,0.0,0.0,0.0,0.0,0.0,0.0,0.0,0.0,1.0,0.0,0.0,1.0,1.0,1.0,16.0,53.0,16.0,45.10925411258241,Medium
162636,Marawa,2183,326,316,663,0,99.6,21.917670682730925,0.1447549244159413,0.3037104901511681,0.0,0.0,0.0,0.0,0.0,0.0,0.0,1.0,1.0,0.0,0.0,0.0,1.0,0.0,1.0,1.0,1.0,0.0,1.0,1.0,0.0,1.0,1.0,1.0,14.0,51.0,14.0,47.59578203428212,Medium
162637,Majhayar Wari,116,17,24,0,0,35.49,3.268526345449422,0.2068965517241379,0.0,0.0,0.0,0.0,0.0,0.0,0.0,0.0,1.0,0.0,0.0,0.0,0.0,1.0,0.0,0.0,0.0,1.0,1.0,1.0,0.0,0.0,0.0,1.0,1.0,16.0,52.0,16.0,48.00796411192502,Medium
162638,Pure Misir,597,95,108,147,0,35.05,17.03281027104137,0.1809045226130653,0.2462311557788944,0.0,0.0,0.0,0.0,0.0,0.0,0.0,1.0,0.0,0.0,0.0,0.0,1.0,0.0,0.0,0.0,0.0,1.0,1.0,0.0,0.0,0.0,0.0,0.0,16.0,53.0,16.0,54.025342541234565,Medium
162639,Bhoja Raja,366,50,45,79,0,52.32,6.995412844036697,0.1229508196721311,0.2158469945355191,0.0,0.0,0.0,0.0,0.0,0.0,0.0,1.0,1.0,0.0,0.0,0.0,0.0,0.0,0.0,0.0,0.0,0.0,1.0,0.0,0.0,0.0,1.0,1.0,17.0,54.0,17.0,43.38874232515629,Medium
162640,Baghapur,226,40,48,173,0,66.14,3.4169942546114305,0.2123893805309734,0.7654867256637168,0.0,0.0,0.0,0.0,0.0,0.0,0.0,1.0,0.0,0.0,0.0,0.0,1.0,0.0,0.0,0.0,0.0,0.0,1.0,0.0,0.0,0.0,1.0,1.0,17.0,53.0,17.0,62.00628756354754,Medium
162641,Chakiya Urf Chak Todar,386,53,61,131,0,33.23,11.616009629852543,0.1580310880829015,0.3393782383419689,0.0,0.0,0.0,0.0,0.0,0.0,0.0,1.0,1.0,1.0,1.0,0.0,1.0,0.0,0.0,0.0,0.0,0.0,1.0,0.0,0.0,0.0,1.0,1.0,16.0,53.0,0.0,55.248804250206426,Medium
162642,Pure Dih,667,86,91,22,0,42.4,15.7311320754717,0.136431784107946,0.032983508245877,0.0,0.0,0.0,0.0,0.0,0.0,0.0,0.0,0.0,0.0,0.0,0.0,1.0,0.0,0.0,1.0,0.0,0.0,1.0,0.0,0.0,1.0,1.0,1.0,15.0,52.0,15.0,59.904730836668094,Medium
162643,Kishunipur,1029,156,131,192,0,50.19,20.502092050209207,0.1273080660835762,0.1865889212827988,0.0,0.0,0.0,0.0,0.0,0.0,0.0,1.0,0.0,0.0,0.0,0.0,,0.0,0.0,0.0,0.0,0.0,1.0,0.0,0.0,0.0,1.0,1.0,15.0,51.0,15.0,47.26189357395808,Medium
162644,Rithuwa,2358,373,419,1160,0,229.12,10.29155027932961,0.1776929601357082,0.4919423240033927,0.0,0.0,0.0,0.0,0.0,0.0,0.0,1.0,1.0,0.0,0.0,0.0,,0.0,0.0,0.0,0.0,0.0,1.0,0.0,0.0,1.0,1.0,1.0,20.0,20.0,60.0,46.54701944026603,Medium
162645,Chakiya Sathar,1815,285,357,761,0,117.94,15.389180939460744,0.196694214876033,0.4192837465564738,0.0,0.0,0.0,0.0,0.0,0.0,0.0,1.0,1.0,0.0,0.0,0.0,1.0,0.0,1.0,1.0,1.0,0.0,1.0,0.0,0.0,1.0,1.0,1.0,15.0,50.0,15.0,51.963377349065965,Medium
162646,Golawa,407,73,59,144,0,59.91,6.793523618761476,0.1449631449631449,0.3538083538083538,0.0,0.0,0.0,0.0,0.0,0.0,0.0,1.0,0.0,0.0,0.0,0.0,0.0,0.0,0.0,0.0,0.0,1.0,1.0,0.0,0.0,1.0,1.0,1.0,14.0,60.0,60.0,43.06395058483653,Medium
162647,Sirasa,1760,275,292,534,0,203.9,8.631682197155468,0.1659090909090909,0.3034090909090909,0.0,0.0,1.0,0.0,0.0,0.0,0.0,1.0,1.0,1.0,1.0,0.0,1.0,0.0,0.0,0.0,0.0,0.0,1.0,0.0,0.0,1.0,1.0,1.0,12.0,55.0,0.0,51.849250551146106,Medium
162648,Gothawa,1822,279,291,648,0,103.7,17.569913211186112,0.1597145993413831,0.3556531284302964,0.0,0.0,0.0,0.0,0.0,0.0,0.0,1.0,1.0,0.0,0.0,0.0,0.0,0.0,0.0,0.0,1.0,0.0,1.0,0.0,0.0,1.0,1.0,1.0,20.0,20.0,60.0,40.62550689640453,Medium
162649,Sevana,1354,199,231,707,0,210.19,6.4417907607402825,0.1706056129985229,0.5221565731166913,0.0,0.0,0.0,0.0,0.0,0.0,0.0,1.0,1.0,0.0,0.0,0.0,0.0,0.0,0.0,0.0,1.0,0.0,1.0,0.0,0.0,1.0,1.0,1.0,18.0,18.0,60.0,41.32716923188884,Medium
162650,Bahupur,963,176,213,337,0,101.28,9.50829383886256,0.2211838006230529,0.3499480789200415,0.0,0.0,0.0,0.0,0.0,0.0,0.0,1.0,1.0,0.0,0.0,0.0,0.0,0.0,0.0,0.0,1.0,1.0,1.0,0.0,0.0,0.0,1.0,1.0,18.0,48.0,0.0,37.10956614265616,Medium
162651,Dubhara Ta Sather,710,108,167,120,0,114.55,6.198166739415103,0.2352112676056338,0.1690140845070422,0.0,0.0,0.0,0.0,0.0,0.0,0.0,1.0,1.0,0.0,0.0,0.0,1.0,0.0,0.0,0.0,1.0,1.0,1.0,0.0,0.0,1.0,1.0,1.0,19.0,47.0,0.0,46.4896086751095,Medium
162652,Pure Lutae,1299,221,195,506,0,230.0,5.647826086956521,0.1501154734411085,0.3895304080061585,0.0,0.0,0.0,0.0,0.0,0.0,0.0,1.0,1.0,0.0,0.0,0.0,0.0,0.0,0.0,0.0,1.0,1.0,1.0,0.0,0.0,1.0,1.0,1.0,20.0,45.0,0.0,35.01668661322694,Medium
162653,Kasaunjha Urf Pure Raghai,1575,254,242,449,0,115.0,13.695652173913045,0.1536507936507936,0.2850793650793651,0.0,0.0,0.0,0.0,0.0,0.0,0.0,1.0,1.0,0.0,0.0,0.0,1.0,0.0,0.0,0.0,1.0,1.0,1.0,0.0,0.0,1.0,1.0,1.0,18.0,43.0,0.0,44.93141537347575,Medium
162654,Mavaiya Hindubani,799,114,124,158,0,60.76,13.15009874917709,0.1551939924906132,0.1977471839799749,0.0,0.0,0.0,0.0,0.0,0.0,0.0,1.0,1.0,0.0,0.0,0.0,0.0,0.0,0.0,0.0,0.0,1.0,0.0,0.0,0.0,0.0,0.0,1.0,17.0,44.0,0.0,39.51861742820244,Medium
162655,Mavaiya Turkani,643,87,100,87,0,42.52,15.122295390404515,0.1555209953343701,0.135303265940902,0.0,0.0,0.0,0.0,0.0,0.0,0.0,1.0,1.0,0.0,1.0,0.0,1.0,0.0,0.0,0.0,0.0,1.0,0.0,0.0,0.0,1.0,1.0,1.0,17.0,42.0,0.0,49.29730410024832,Medium
162656,Bhagipur,705,94,121,193,0,55.82,12.62988176280903,0.1716312056737588,0.2737588652482269,0.0,0.0,0.0,0.0,0.0,0.0,0.0,1.0,1.0,0.0,0.0,0.0,1.0,0.0,0.0,0.0,0.0,1.0,0.0,0.0,0.0,0.0,0.0,1.0,19.0,44.0,0.0,50.37040105236044,Medium
162657,Makadumpur,815,159,106,302,0,97.35,8.371854134566,0.1300613496932515,0.3705521472392638,0.0,0.0,0.0,0.0,0.0,0.0,0.0,1.0,1.0,0.0,1.0,0.0,1.0,0.0,0.0,0.0,1.0,1.0,1.0,0.0,0.0,1.0,1.0,1.0,19.0,44.0,0.0,44.43218287204429,Medium
162658,Sonabarsa,520,68,88,140,0,41.81,12.437215977038983,0.1692307692307692,0.2692307692307692,0.0,0.0,0.0,0.0,0.0,0.0,0.0,1.0,0.0,0.0,1.0,0.0,0.0,1.0,0.0,0.0,1.0,1.0,1.0,0.0,0.0,0.0,0.0,1.0,20.0,45.0,0.0,38.60115844883424,Medium
162659,Khijirpur,1157,173,220,192,0,124.96,9.258962868117798,0.1901469317199654,0.1659464131374243,0.0,0.0,0.0,0.0,0.0,0.0,0.0,1.0,1.0,0.0,0.0,0.0,1.0,0.0,0.0,0.0,1.0,1.0,1.0,0.0,0.0,1.0,1.0,1.0,17.0,49.0,0.0,45.248199326534426,Medium
162660,Chafala,1127,147,213,71,0,102.01,11.047936476815998,0.188997338065661,0.0629991126885536,0.0,0.0,0.0,0.0,0.0,0.0,0.0,1.0,0.0,0.0,0.0,0.0,1.0,1.0,0.0,0.0,1.0,1.0,1.0,0.0,0.0,1.0,1.0,1.0,18.0,40.0,0.0,48.105870444825136,Medium
162661,Ishwarpur,1654,222,287,328,0,105.89,15.61998300122769,0.1735187424425635,0.1983071342200725,0.0,0.0,0.0,0.0,0.0,0.0,0.0,1.0,1.0,0.0,1.0,0.0,0.0,1.0,0.0,0.0,1.0,1.0,1.0,1.0,0.0,1.0,1.0,0.0,15.0,50.0,0.0,32.67272063091623,Low
162662,Daser,1583,250,222,314,0,91.28,17.342243645924626,0.1402400505369551,0.1983575489576753,0.0,0.0,1.0,0.0,0.0,0.0,0.0,1.0,1.0,0.0,0.0,0.0,0.0,0.0,0.0,0.0,1.0,1.0,0.0,1.0,0.0,1.0,1.0,1.0,15.0,50.0,0.0,28.41209749242327,Low
162663,Bibipur,993,146,138,332,0,74.92,13.25413774693006,0.1389728096676737,0.3343403826787512,0.0,0.0,0.0,0.0,0.0,0.0,0.0,1.0,1.0,0.0,0.0,0.0,1.0,0.0,0.0,0.0,0.0,1.0,0.0,0.0,0.0,0.0,0.0,1.0,13.0,42.0,0.0,49.7192259916366,Medium
162664,Muhammadabad,2947,470,511,1037,0,115.89,25.42928639226853,0.173396674584323,0.3518832711231761,0.0,0.0,0.0,0.0,0.0,0.0,0.0,1.0,0.0,0.0,0.0,0.0,0.0,0.0,0.0,0.0,1.0,1.0,1.0,1.0,0.0,1.0,1.0,1.0,0.0,0.0,0.0,37.17362843804881,Medium
162665,Haivat Patti,281,46,41,153,0,33.31,8.435905133593515,0.1459074733096085,0.5444839857651246,0.0,0.0,0.0,0.0,0.0,0.0,0.0,1.0,0.0,0.0,0.0,0.0,0.0,0.0,0.0,0.0,0.0,0.0,0.0,1.0,0.0,0.0,0.0,0.0,16.0,36.0,16.0,46.61319286574912,Medium
162666,Rauni,168,23,30,0,0,24.79,6.776926179911254,0.1785714285714285,0.0,0.0,0.0,0.0,0.0,0.0,0.0,0.0,1.0,1.0,0.0,0.0,0.0,1.0,0.0,0.0,0.0,1.0,1.0,1.0,1.0,0.0,0.0,0.0,0.0,16.0,35.0,16.0,41.46914150864429,Medium
162667,Chak Hafiz,762,107,116,191,0,37.88,20.116156282998944,0.1522309711286089,0.2506561679790026,0.0,0.0,0.0,0.0,0.0,0.0,0.0,1.0,0.0,0.0,0.0,0.0,0.0,0.0,0.0,0.0,1.0,1.0,1.0,1.0,0.0,1.0,0.0,0.0,15.0,35.0,15.0,35.8140473874672,Medium
162668,Faridpur,880,122,184,398,0,27.33,32.19904866447128,0.209090909090909,0.4522727272727272,0.0,0.0,0.0,0.0,0.0,0.0,0.0,1.0,0.0,0.0,0.0,0.0,0.0,0.0,0.0,0.0,1.0,1.0,1.0,1.0,0.0,1.0,1.0,1.0,15.0,35.0,15.0,39.02477349427134,Medium
162669,Salempur Basgit,408,47,74,8,0,68.72,5.937136204889407,0.1813725490196078,0.0196078431372549,0.0,0.0,0.0,0.0,0.0,0.0,0.0,1.0,1.0,0.0,0.0,0.0,1.0,0.0,0.0,0.0,0.0,0.0,1.0,0.0,0.0,0.0,1.0,1.0,14.0,34.0,14.0,54.11668240775766,Medium
162670,Chak Mohammad Ameen,558,86,74,240,0,51.84,10.763888888888888,0.1326164874551971,0.4301075268817204,0.0,0.0,0.0,0.0,0.0,0.0,0.0,1.0,1.0,0.0,1.0,0.0,0.0,0.0,0.0,0.0,0.0,0.0,0.0,0.0,0.0,0.0,1.0,1.0,14.0,34.0,14.0,44.90497370639249,Medium
162671,Yasinpur,1474,210,244,274,0,93.49,15.766392127500268,0.1655359565807327,0.185888738127544,0.0,0.0,0.0,0.0,0.0,0.0,0.0,0.0,1.0,0.0,,0.0,1.0,0.0,0.0,0.0,1.0,1.0,0.0,0.0,0.0,0.0,1.0,0.0,15.0,35.0,15.0,48.2104987104515,Medium
162672,Hasanpur Utrawan,1019,152,182,436,0,64.38,15.827896862379625,0.1786064769381747,0.4278704612365064,0.0,0.0,0.0,0.0,0.0,0.0,0.0,0.0,0.0,0.0,0.0,0.0,1.0,0.0,0.0,0.0,0.0,0.0,1.0,1.0,0.0,0.0,1.0,1.0,14.0,36.0,14.0,60.64838532763138,Medium
162673,Barua Bojh,700,95,104,112,0,60.3,11.608623548922058,0.1485714285714285,0.16,0.0,0.0,0.0,0.0,0.0,0.0,0.0,1.0,1.0,0.0,0.0,0.0,0.0,0.0,0.0,0.0,0.0,0.0,1.0,0.0,0.0,1.0,0.0,0.0,14.0,36.0,14.0,44.06781955956045,Medium
162674,Kajipur Ta. Utraon,1438,203,186,460,0,113.18,12.705424986746774,0.129346314325452,0.3198887343532684,0.0,0.0,0.0,0.0,0.0,0.0,0.0,1.0,1.0,1.0,0.0,0.0,0.0,0.0,0.0,0.0,1.0,1.0,0.0,0.0,1.0,1.0,1.0,1.0,15.0,60.0,0.0,31.835609973777384,Low
162675,Sarayan Baksa,1122,151,170,265,0,58.68,19.120654396728018,0.1515151515151515,0.2361853832442067,0.0,0.0,0.0,0.0,0.0,0.0,0.0,1.0,1.0,0.0,0.0,0.0,1.0,0.0,0.0,0.0,0.0,1.0,1.0,0.0,0.0,1.0,1.0,1.0,15.0,60.0,0.0,49.84595078158953,Medium
162676,Sarayan Mohammad Jia,914,133,147,169,0,38.93,23.47803750321089,0.1608315098468271,0.1849015317286652,0.0,0.0,0.0,0.0,0.0,0.0,0.0,1.0,1.0,0.0,0.0,0.0,1.0,0.0,0.0,0.0,0.0,0.0,1.0,1.0,0.0,0.0,0.0,1.0,15.0,60.0,0.0,52.54819665442794,Medium
162677,Bhopatpur,1167,171,198,244,0,21.75,53.6551724137931,0.1696658097686375,0.209083119108826,0.0,0.0,0.0,0.0,0.0,0.0,0.0,1.0,1.0,0.0,0.0,0.0,1.0,0.0,0.0,0.0,0.0,0.0,0.0,1.0,0.0,1.0,1.0,1.0,15.0,60.0,0.0,54.17500897673434,Medium
162678,Chak Madhukar,13,4,1,9,0,26.31,0.4941087039148613,0.0769230769230769,0.6923076923076923,0.0,0.0,0.0,0.0,0.0,0.0,0.0,1.0,1.0,0.0,0.0,0.0,1.0,0.0,0.0,0.0,0.0,0.0,0.0,0.0,0.0,0.0,1.0,0.0,15.0,60.0,0.0,54.12288171493448,Medium
162679,Sarayan Baki,347,40,67,119,0,25.71,13.496693893426682,0.1930835734870317,0.3429394812680115,0.0,0.0,0.0,0.0,0.0,0.0,0.0,1.0,1.0,0.0,0.0,0.0,1.0,0.0,1.0,1.0,0.0,1.0,1.0,0.0,0.0,0.0,1.0,0.0,12.0,45.0,12.0,51.39551824039235,Medium
162680,Chak Barh,110,19,12,80,0,35.18,3.1267765776009098,0.109090909090909,0.7272727272727273,0.0,0.0,0.0,0.0,0.0,0.0,0.0,1.0,0.0,0.0,0.0,0.0,0.0,1.0,0.0,0.0,1.0,1.0,1.0,1.0,0.0,0.0,1.0,0.0,15.0,35.0,15.0,36.20432975829375,Medium
162681,Mira Patti,27,4,3,0,0,17.47,1.5455065827132228,0.1111111111111111,0.0,0.0,0.0,0.0,0.0,0.0,0.0,0.0,1.0,1.0,0.0,0.0,0.0,0.0,0.0,1.0,1.0,1.0,1.0,1.0,0.0,0.0,1.0,1.0,1.0,11.0,44.0,11.0,31.7302174671578,Low
162682,Mairadan,983,142,154,495,0,90.11,10.908889135501054,0.1566632756866734,0.503560528992879,0.0,0.0,0.0,0.0,0.0,0.0,0.0,1.0,0.0,0.0,0.0,0.0,1.0,0.0,0.0,1.0,1.0,1.0,1.0,0.0,1.0,1.0,1.0,1.0,12.0,44.0,12.0,46.832938067005934,Medium
162683,Ghatoopur,1143,153,173,216,0,66.32,17.234620024125455,0.1513560804899387,0.1889763779527559,0.0,0.0,0.0,0.0,0.0,0.0,0.0,1.0,1.0,0.0,0.0,0.0,1.0,0.0,0.0,0.0,1.0,1.0,1.0,0.0,1.0,1.0,1.0,1.0,13.0,42.0,13.0,42.02758041595005,Medium
162684,Mulanapur,1731,250,225,303,0,120.14,14.408190444481438,0.1299826689774696,0.1750433275563258,0.0,0.0,0.0,0.0,0.0,0.0,0.0,1.0,1.0,1.0,0.0,0.0,0.0,0.0,1.0,1.0,1.0,1.0,1.0,0.0,0.0,1.0,1.0,0.0,10.0,45.0,10.0,33.70049082101238,Medium
162685,Thariya,1799,283,283,188,0,49.69,36.20446769973838,0.1573096164535853,0.1045025013896609,0.0,0.0,0.0,0.0,0.0,0.0,0.0,1.0,1.0,0.0,0.0,0.0,0.0,0.0,0.0,0.0,1.0,0.0,1.0,1.0,0.0,0.0,1.0,1.0,0.0,0.0,0.0,37.56385196822922,Medium
162686,Neemi Ta. Utraon,1278,196,179,500,0,83.8,15.250596658711215,0.1400625978090766,0.3912363067292644,0.0,0.0,0.0,0.0,0.0,0.0,0.0,1.0,0.0,0.0,0.0,0.0,0.0,0.0,0.0,0.0,0.0,1.0,1.0,1.0,0.0,1.0,1.0,1.0,0.0,0.0,0.0,40.95182642420493,Medium
162687,Varibhit,70,12,10,21,0,24.85,2.816901408450704,0.1428571428571428,0.3,0.0,0.0,0.0,0.0,0.0,0.0,0.0,1.0,1.0,0.0,0.0,0.0,0.0,0.0,0.0,0.0,1.0,1.0,1.0,1.0,0.0,0.0,1.0,1.0,0.0,0.0,0.0,31.734877820881746,Low
162688,Kanakpur Ta. Utraon,2,2,1,0,0,10.27,0.1947419668938656,0.5,0.0,0.0,0.0,0.0,0.0,0.0,0.0,0.0,1.0,1.0,0.0,0.0,0.0,1.0,0.0,0.0,0.0,0.0,0.0,1.0,0.0,0.0,1.0,1.0,1.0,10.0,40.0,0.0,63.34134106880581,Medium
162689,Bhoosandpur,892,133,149,101,0,86.11,10.358843339914063,0.1670403587443946,0.1132286995515695,0.0,0.0,0.0,0.0,0.0,0.0,0.0,1.0,0.0,0.0,0.0,0.0,0.0,0.0,0.0,0.0,1.0,0.0,1.0,1.0,0.0,0.0,1.0,1.0,0.0,0.0,0.0,40.16997368152113,Medium
162690,Sarai Alam Ta. Utraon,967,163,154,251,0,81.2,11.908866995073891,0.1592554291623578,0.2595656670113754,0.0,0.0,0.0,0.0,0.0,0.0,0.0,1.0,0.0,0.0,0.0,0.0,0.0,0.0,0.0,0.0,1.0,1.0,1.0,1.0,0.0,0.0,1.0,1.0,0.0,0.0,0.0,35.73184717261187,Medium
162691,Madaripur,614,87,117,270,0,43.45,14.131185270425776,0.1905537459283387,0.4397394136807817,0.0,0.0,0.0,0.0,0.0,0.0,0.0,1.0,0.0,0.0,0.0,0.0,0.0,0.0,0.0,0.0,1.0,1.0,1.0,1.0,0.0,1.0,1.0,1.0,0.0,0.0,0.0,37.66304651784098,Medium
162692,Damagarha,3932,576,667,636,0,139.37,28.21267130659396,0.1696337741607324,0.1617497456765005,0.0,0.0,0.0,0.0,0.0,0.0,0.0,1.0,1.0,0.0,0.0,0.0,1.0,0.0,0.0,0.0,1.0,1.0,1.0,1.0,0.0,1.0,1.0,1.0,9.0,45.0,0.0,42.89119247769935,Medium
162693,Sarai Hoosay,1385,188,236,135,0,139.37,9.937576235918778,0.1703971119133574,0.0974729241877256,0.0,0.0,0.0,0.0,0.0,0.0,0.0,1.0,1.0,0.0,1.0,0.0,1.0,0.0,0.0,0.0,1.0,1.0,1.0,1.0,0.0,1.0,1.0,1.0,7.0,41.0,0.0,41.841241680380406,Medium
162694,Saifabad,257,42,55,79,0,36.65,7.012278308321965,0.2140077821011673,0.3073929961089494,0.0,0.0,0.0,0.0,0.0,0.0,0.0,1.0,1.0,0.0,0.0,0.0,1.0,0.0,0.0,0.0,0.0,0.0,1.0,0.0,0.0,0.0,0.0,0.0,6.0,40.0,0.0,56.57887470909145,Medium
162695,Marro,43,9,9,19,0,35.74,1.2031337437045326,0.2093023255813953,0.4418604651162791,0.0,0.0,0.0,0.0,0.0,0.0,0.0,1.0,1.0,0.0,0.0,0.0,0.0,0.0,0.0,0.0,0.0,0.0,1.0,0.0,0.0,0.0,0.0,0.0,6.0,40.0,0.0,46.87117795100678,Medium
162696,Khamariya,794,114,120,141,0,67.58,11.749038176975438,0.1511335012594458,0.1775818639798488,0.0,0.0,0.0,0.0,0.0,0.0,0.0,1.0,1.0,0.0,0.0,0.0,0.0,0.0,0.0,0.0,1.0,1.0,1.0,1.0,0.0,1.0,1.0,1.0,9.0,45.0,0.0,31.738364870521508,Low
162697,Shripur Ta. Utraon,504,77,113,30,0,38.04,13.249211356466878,0.2242063492063492,0.0595238095238095,0.0,0.0,0.0,0.0,0.0,0.0,0.0,1.0,1.0,0.0,0.0,1.0,0.0,0.0,0.0,0.0,0.0,0.0,1.0,0.0,0.0,0.0,1.0,1.0,11.0,47.0,0.0,45.90194674021756,Medium
162698,Darogapur,871,128,154,9,0,57.31,15.19804571627988,0.1768082663605051,0.010332950631458,0.0,0.0,0.0,0.0,0.0,0.0,0.0,1.0,1.0,0.0,0.0,0.0,1.0,0.0,0.0,0.0,1.0,1.0,1.0,0.0,0.0,0.0,1.0,0.0,11.0,47.0,0.0,44.31418548680012,Medium
162699,Kabiruddeenpur,1468,213,211,154,0,77.81,18.86646960544917,0.1437329700272479,0.1049046321525885,0.0,0.0,0.0,0.0,0.0,0.0,0.0,1.0,1.0,1.0,1.0,0.0,0.0,0.0,0.0,0.0,1.0,1.0,1.0,0.0,0.0,0.0,1.0,1.0,0.0,0.0,0.0,33.945629573629006,Medium
162700,Dighauta,1569,265,229,471,0,115.67,13.564450592201954,0.1459528362014021,0.3001912045889101,0.0,0.0,0.0,0.0,0.0,0.0,0.0,1.0,1.0,0.0,0.0,0.0,0.0,0.0,0.0,0.0,1.0,1.0,1.0,0.0,0.0,1.0,1.0,1.0,10.0,40.0,40.0,34.77064087502159,Medium
162701,Koripur,407,55,44,96,0,35.63,11.422958181307886,0.1081081081081081,0.2358722358722358,0.0,0.0,0.0,0.0,0.0,0.0,0.0,1.0,1.0,0.0,0.0,0.0,1.0,0.0,0.0,1.0,0.0,0.0,1.0,0.0,0.0,0.0,0.0,0.0,10.0,46.0,0.0,53.22564661678547,Medium
162702,Revathoo,2695,369,498,824,0,265.88,10.13615164735971,0.184786641929499,0.3057513914656772,0.0,0.0,0.0,0.0,0.0,0.0,0.0,1.0,0.0,0.0,0.0,0.0,0.0,0.0,0.0,0.0,0.0,1.0,1.0,0.0,0.0,1.0,1.0,0.0,9.0,40.0,40.0,44.15581861623294,Medium
162703,Chak Hauda,702,102,95,82,0,25.96,27.04160246533128,0.1353276353276353,0.1168091168091168,0.0,0.0,0.0,0.0,0.0,0.0,0.0,1.0,1.0,0.0,0.0,0.0,1.0,0.0,0.0,0.0,0.0,0.0,1.0,1.0,0.0,1.0,1.0,1.0,12.0,50.0,0.0,51.5891511435825,Medium
162704,Chak Sanda,196,38,29,140,0,12.21,16.052416052416053,0.1479591836734693,0.7142857142857143,0.0,0.0,0.0,0.0,0.0,0.0,0.0,1.0,1.0,0.0,0.0,0.0,0.0,0.0,0.0,0.0,1.0,1.0,1.0,1.0,0.0,0.0,1.0,1.0,11.0,50.0,0.0,34.503608294869224,Medium
162705,Kamalaha Urf Kamalpur,357,66,50,210,0,39.56,9.024266936299291,0.1400560224089636,0.5882352941176471,0.0,0.0,0.0,0.0,0.0,0.0,0.0,1.0,0.0,0.0,0.0,0.0,1.0,0.0,0.0,0.0,0.0,0.0,1.0,1.0,0.0,1.0,1.0,1.0,13.0,50.0,20.0,56.680599154049794,Medium
162706,Firojpur,303,48,38,88,0,33.59,9.020541827924976,0.1254125412541254,0.2904290429042904,0.0,0.0,0.0,0.0,0.0,0.0,0.0,1.0,1.0,1.0,0.0,0.0,1.0,0.0,0.0,0.0,0.0,0.0,1.0,1.0,0.0,1.0,1.0,1.0,0.0,0.0,0.0,51.41877695458506,Medium
162707,Kunvarpur,181,29,32,58,0,22.88,7.910839160839161,0.1767955801104972,0.3204419889502762,0.0,0.0,0.0,0.0,0.0,0.0,0.0,1.0,0.0,0.0,0.0,,1.0,0.0,0.0,0.0,0.0,0.0,1.0,0.0,0.0,0.0,0.0,0.0,0.0,0.0,0.0,58.898035519053415,Medium
162708,Devadahana,1380,180,223,401,0,73.2,18.852459016393443,0.1615942028985507,0.2905797101449275,0.0,0.0,0.0,0.0,0.0,0.0,0.0,1.0,0.0,0.0,0.0,0.0,0.0,0.0,0.0,0.0,1.0,0.0,1.0,0.0,0.0,1.0,1.0,1.0,0.0,0.0,0.0,43.742599171540974,Medium
162709,Hakimpur,424,80,69,90,1,63.18,6.710984488762267,0.1627358490566037,0.2122641509433962,0.0023584905660377,0.0,0.0,0.0,0.0,0.0,0.0,1.0,1.0,0.0,0.0,0.0,0.0,0.0,0.0,0.0,1.0,1.0,1.0,1.0,0.0,1.0,1.0,0.0,0.0,0.0,0.0,32.108998352753,Low
162710,Kamanapur,340,57,40,88,0,49.27,6.900750964075502,0.1176470588235294,0.2588235294117647,0.0,0.0,0.0,0.0,0.0,0.0,0.0,1.0,1.0,0.0,0.0,0.0,0.0,0.0,0.0,0.0,1.0,1.0,1.0,1.0,0.0,0.0,1.0,1.0,0.0,0.0,0.0,30.940619703924487,Low
162711,Gopalipur,3352,482,563,391,0,179.0,18.726256983240223,0.1679594272076372,0.1166467780429594,0.0,0.0,0.0,0.0,0.0,0.0,0.0,1.0,1.0,0.0,0.0,0.0,0.0,0.0,0.0,0.0,0.0,0.0,1.0,1.0,0.0,1.0,1.0,1.0,10.0,48.0,0.0,42.22536851449533,Medium
162712,Sanda,1008,129,211,36,0,71.0,14.19718309859155,0.2093253968253968,0.0357142857142857,0.0,0.0,0.0,0.0,0.0,0.0,0.0,1.0,0.0,0.0,0.0,0.0,1.0,0.0,0.0,0.0,1.0,1.0,1.0,0.0,0.0,0.0,0.0,1.0,12.0,50.0,50.0,48.708784217244,Medium
162713,Paharpur,1136,184,214,86,0,92.0,12.347826086956522,0.1883802816901408,0.0757042253521126,0.0,0.0,0.0,0.0,0.0,0.0,0.0,1.0,1.0,1.0,0.0,0.0,1.0,0.0,0.0,0.0,1.0,1.0,1.0,1.0,0.0,1.0,1.0,1.0,12.0,50.0,25.0,42.37100208249015,Medium
162714,Sari,828,92,141,58,0,60.0,13.8,0.1702898550724637,0.0700483091787439,0.0,0.0,0.0,0.0,0.0,0.0,0.0,1.0,1.0,0.0,0.0,0.0,0.0,0.0,0.0,0.0,0.0,0.0,1.0,0.0,0.0,0.0,1.0,1.0,12.0,50.0,50.0,44.359722690186345,Medium
162715,Saray Alam,1767,300,307,489,0,76.26,23.17073170731707,0.1737408036219581,0.2767402376910017,0.0,0.0,0.0,0.0,0.0,0.0,0.0,1.0,1.0,0.0,0.0,0.0,0.0,0.0,0.0,0.0,1.0,1.0,1.0,0.0,0.0,1.0,0.0,1.0,11.0,48.0,48.0,35.882032668704625,Medium
162716,Ranipur,2166,272,386,61,0,102.62,21.10699668680569,0.1782086795937211,0.0281625115420129,0.0,0.0,0.0,0.0,0.0,0.0,0.0,1.0,1.0,0.0,0.0,0.0,0.0,0.0,0.0,0.0,0.0,1.0,1.0,0.0,0.0,1.0,1.0,1.0,12.0,50.0,50.0,39.68832010750749,Medium
162717,Kailai,218,48,55,9,0,61.94,3.519535033903778,0.2522935779816513,0.0412844036697247,0.0,0.0,0.0,0.0,0.0,0.0,0.0,1.0,1.0,0.0,1.0,0.0,1.0,0.0,0.0,0.0,0.0,0.0,1.0,0.0,0.0,0.0,0.0,1.0,11.0,49.0,49.0,56.253284992066966,Medium
162718,Babupur Sathar,1181,142,135,120,0,109.64,10.771616198467711,0.1143099068585944,0.1016088060965283,0.0,0.0,0.0,0.0,0.0,0.0,0.0,1.0,0.0,0.0,0.0,0.0,1.0,0.0,0.0,0.0,0.0,0.0,1.0,0.0,0.0,1.0,1.0,1.0,13.0,50.0,50.0,56.046933762720776,Medium
162719,Shahari Bojh,1804,299,284,748,9,170.14,10.603032796520514,0.1574279379157428,0.4146341463414634,0.0049889135254988,0.0,0.0,0.0,0.0,0.0,0.0,1.0,0.0,0.0,0.0,0.0,1.0,0.0,0.0,0.0,0.0,0.0,1.0,0.0,0.0,1.0,1.0,1.0,15.0,55.0,0.0,59.01779233033834,Medium
162720,Dayalapur,1507,256,205,487,0,138.69,10.865960054798473,0.1360318513603185,0.3231585932315859,0.0,0.0,0.0,0.0,0.0,0.0,0.0,1.0,0.0,0.0,0.0,0.0,0.0,0.0,0.0,0.0,1.0,0.0,1.0,0.0,0.0,1.0,1.0,1.0,104.0,7.0,7.0,42.8102204265596,Medium
162721,Kundanpur,999,151,145,236,0,130.19,7.673400414778401,0.1451451451451451,0.2362362362362362,0.0,0.0,0.0,0.0,0.0,0.0,0.0,1.0,0.0,0.0,0.0,0.0,0.0,0.0,0.0,0.0,0.0,1.0,1.0,0.0,0.0,1.0,1.0,1.0,11.0,48.0,48.0,42.51773029137544,Medium
162722,Sinki Masarhi,0,0,0,0,0,34.12,0.0,,,,,,,,,,,,,,,,,,,,,,,,,,,0.0,0.0,0.0,45.0,Medium
162723,Masarhi,4539,675,746,1368,0,223.08,20.346960731576115,0.164353381802159,0.3013879709187045,0.0,0.0,0.0,0.0,0.0,0.0,0.0,1.0,0.0,0.0,0.0,0.0,1.0,0.0,0.0,0.0,1.0,1.0,1.0,0.0,0.0,1.0,0.0,1.0,10.0,47.0,47.0,48.940869337053535,Medium
162724,Meethupur,2346,304,369,213,0,103.92,22.575057736720552,0.1572890025575447,0.0907928388746803,0.0,0.0,0.0,0.0,0.0,0.0,0.0,1.0,0.0,0.0,0.0,0.0,1.0,0.0,0.0,0.0,1.0,1.0,1.0,0.0,0.0,1.0,1.0,1.0,10.0,47.0,47.0,47.767581028158205,Medium
162725,Paiguwa,1153,142,184,219,0,44.28,26.03884372177055,0.1595836947094536,0.1899392888117953,0.0,0.0,0.0,0.0,0.0,0.0,0.0,1.0,1.0,1.0,1.0,0.0,0.0,0.0,0.0,0.0,1.0,1.0,1.0,0.0,0.0,1.0,1.0,1.0,9.0,46.0,46.0,35.141250624632,Medium
162726,Veere Saon,935,120,159,192,0,78.56,11.90173116089613,0.1700534759358288,0.2053475935828877,0.0,0.0,0.0,0.0,0.0,0.0,0.0,1.0,0.0,0.0,0.0,0.0,0.0,0.0,0.0,0.0,1.0,0.0,1.0,0.0,0.0,1.0,1.0,1.0,11.0,51.0,0.0,43.284404785158415,Medium
162727,Ajabaiga,0,0,0,0,0,20.75,0.0,,,,,,,,,,,,,,,,,,,,,,,,,,,10.0,50.0,0.0,45.0,Medium
162728,Chak Lal Man,119,25,21,21,0,16.43,7.242848447961047,0.1764705882352941,0.1764705882352941,0.0,0.0,0.0,0.0,0.0,0.0,0.0,1.0,1.0,1.0,1.0,0.0,1.0,0.0,0.0,0.0,1.0,0.0,1.0,0.0,0.0,0.0,1.0,1.0,10.0,50.0,0.0,49.80762783370999,Medium
162729,Naikipur,1721,256,276,434,0,117.09,14.69809548210778,0.1603718768158047,0.252178965717606,0.0,0.0,0.0,0.0,0.0,0.0,0.0,1.0,1.0,0.0,0.0,0.0,0.0,0.0,0.0,0.0,1.0,0.0,1.0,1.0,0.0,1.0,1.0,1.0,9.0,49.0,0.0,37.50976606142128,Medium
162730,Ghamaha,791,86,90,0,0,30.1,26.27906976744186,0.11378002528445,0.0,0.0,0.0,0.0,0.0,0.0,0.0,0.0,0.0,0.0,0.0,0.0,0.0,1.0,0.0,0.0,1.0,0.0,0.0,1.0,0.0,1.0,1.0,1.0,1.0,10.0,50.0,0.0,56.99398879262094,Medium
162731,Lokapur,192,28,42,32,0,22.26,8.625336927223719,0.21875,0.1666666666666666,0.0,0.0,0.0,0.0,0.0,0.0,0.0,1.0,0.0,0.0,0.0,0.0,0.0,0.0,0.0,0.0,0.0,0.0,1.0,0.0,0.0,1.0,1.0,1.0,15.0,5.0,54.0,49.41717145359451,Medium
162732,Jaguwa Saray Pitha,1106,158,191,177,0,62.04,17.827208252740167,0.1726943942133815,0.1600361663652802,0.0,0.0,0.0,0.0,0.0,0.0,0.0,1.0,0.0,0.0,0.0,0.0,1.0,0.0,0.0,0.0,0.0,0.0,1.0,1.0,0.0,0.0,0.0,1.0,13.0,51.0,51.0,55.880729166063645,Medium
162733,Deva,1573,336,254,287,0,148.39,10.6004447739066,0.161474888747616,0.182453909726637,0.0,0.0,0.0,0.0,0.0,0.0,0.0,1.0,1.0,0.0,0.0,0.0,0.0,0.0,0.0,1.0,1.0,1.0,1.0,0.0,0.0,1.0,1.0,1.0,10.0,55.0,10.0,34.52573688287605,Medium
162734,Parawa,1032,162,178,541,0,127.04,8.123425692695214,0.1724806201550387,0.5242248062015504,0.0,0.0,0.0,0.0,0.0,0.0,0.0,1.0,1.0,0.0,0.0,0.0,0.0,0.0,0.0,1.0,0.0,0.0,1.0,0.0,1.0,1.0,1.0,1.0,9.0,53.0,0.0,43.962908972329394,Medium
162735,Dharupur,715,124,106,237,0,51.3,13.937621832358674,0.1482517482517482,0.3314685314685314,0.0,0.0,0.0,0.0,0.0,0.0,0.0,1.0,1.0,1.0,0.0,0.0,0.0,0.0,0.0,0.0,0.0,1.0,1.0,0.0,0.0,0.0,1.0,1.0,8.0,52.0,0.0,40.01133956845352,Medium
162736,Shahipur,2527,364,453,662,0,178.9,14.12520961430967,0.1792639493470518,0.2619707162643451,0.0,0.0,0.0,0.0,0.0,0.0,0.0,1.0,0.0,0.0,0.0,0.0,1.0,0.0,0.0,1.0,1.0,0.0,1.0,0.0,0.0,1.0,1.0,1.0,8.0,48.0,0.0,53.935263416004005,Medium
162737,Midiura,1584,234,259,111,0,79.79,19.852111793457823,0.163510101010101,0.0700757575757575,0.0,0.0,0.0,0.0,0.0,0.0,0.0,1.0,1.0,0.0,0.0,0.0,0.0,0.0,0.0,0.0,0.0,0.0,1.0,1.0,0.0,1.0,1.0,1.0,13.0,51.0,51.0,41.90532846264896,Medium
162738,Tiwaripur,369,43,58,14,0,34.87,10.58216231717809,0.1571815718157181,0.037940379403794,0.0,0.0,0.0,0.0,0.0,0.0,0.0,1.0,1.0,0.0,0.0,0.0,1.0,0.0,0.0,0.0,1.0,0.0,1.0,0.0,1.0,1.0,1.0,1.0,13.0,13.0,13.0,46.17361795377313,Medium
162739,Sarai Pitha,2988,481,474,421,0,158.27,18.879130599608263,0.1586345381526104,0.1408969210174029,0.0,0.0,0.0,0.0,0.0,0.0,0.0,1.0,1.0,0.0,0.0,0.0,1.0,0.0,0.0,0.0,1.0,0.0,1.0,1.0,1.0,1.0,1.0,1.0,12.0,50.0,50.0,44.5731586782696,Medium
162740,Chak Doulat,404,37,59,146,0,18.84,21.443736730360936,0.146039603960396,0.3613861386138614,0.0,0.0,0.0,0.0,0.0,0.0,0.0,1.0,1.0,0.0,1.0,0.0,0.0,0.0,0.0,0.0,0.0,0.0,1.0,0.0,0.0,1.0,1.0,1.0,12.0,50.0,50.0,45.40321263072675,Medium
162741,Kukurha,3538,498,568,624,0,205.33,17.230799201285734,0.1605426794799321,0.1763708309779536,0.0,0.0,0.0,0.0,0.0,0.0,0.0,1.0,1.0,1.0,0.0,0.0,1.0,0.0,0.0,0.0,1.0,0.0,1.0,1.0,1.0,1.0,1.0,1.0,14.0,52.0,52.0,44.73999353960419,Medium
162742,Hardaspur,116,15,24,0,0,13.78,8.417997097242381,0.2068965517241379,0.0,0.0,0.0,0.0,0.0,0.0,0.0,0.0,1.0,0.0,0.0,0.0,0.0,0.0,0.0,0.0,0.0,0.0,0.0,1.0,0.0,0.0,0.0,1.0,1.0,10.0,47.0,0.0,48.2197089158893,Medium
162743,Shankerpur,2197,302,394,600,0,141.6,15.515536723163844,0.1793354574419663,0.273099681383705,0.0,1.0,0.0,1.0,0.0,0.0,0.0,1.0,1.0,1.0,1.0,0.0,1.0,0.0,0.0,0.0,1.0,0.0,1.0,0.0,0.0,1.0,1.0,1.0,10.0,47.0,0.0,44.05022334816833,Medium
162744,Sadarepur,3318,482,527,380,0,273.85,12.116121964579149,0.1588306208559373,0.1145268233875828,0.0,0.0,0.0,0.0,0.0,0.0,0.0,1.0,0.0,0.0,0.0,1.0,0.0,0.0,0.0,0.0,0.0,0.0,1.0,0.0,0.0,1.0,1.0,1.0,12.0,50.0,0.0,47.502430971957146,Medium
162745,Kharahara,1143,337,142,362,0,111.2,10.278776978417266,0.1242344706911636,0.3167104111986001,0.0,0.0,0.0,0.0,0.0,0.0,0.0,1.0,1.0,0.0,0.0,0.0,1.0,0.0,0.0,0.0,1.0,1.0,1.0,0.0,0.0,1.0,1.0,1.0,15.0,55.0,0.0,44.06657995832765,Medium
162746,Govindpur Dubay,354,59,58,98,0,40.66,8.706345302508609,0.1638418079096045,0.2768361581920904,0.0,0.0,0.0,0.0,0.0,0.0,0.0,1.0,1.0,0.0,0.0,0.0,0.0,0.0,1.0,0.0,1.0,1.0,1.0,0.0,0.0,1.0,1.0,0.0,16.0,56.0,16.0,34.99077085701956,Medium
162747,Arhani,1477,227,233,457,0,107.47,13.743370242858472,0.1577522004062288,0.3094109681787407,0.0,0.0,0.0,0.0,0.0,0.0,0.0,1.0,0.0,0.0,0.0,0.0,0.0,0.0,0.0,0.0,0.0,0.0,1.0,0.0,1.0,1.0,1.0,1.0,15.0,55.0,0.0,46.0114110786818,Medium
162748,Vikrampur,1348,182,204,406,0,140.93,9.565032285531824,0.1513353115727003,0.301186943620178,0.0,0.0,0.0,0.0,0.0,0.0,0.0,1.0,1.0,0.0,0.0,0.0,0.0,0.0,0.0,0.0,1.0,0.0,1.0,1.0,0.0,1.0,0.0,1.0,12.0,50.0,50.0,37.27263886378023,Medium
162749,Kalana,1819,261,290,683,0,174.75,10.409155937052931,0.1594282572842221,0.3754810335349093,0.0,0.0,0.0,0.0,0.0,0.0,0.0,1.0,1.0,0.0,0.0,0.0,0.0,0.0,0.0,1.0,1.0,0.0,1.0,1.0,0.0,1.0,1.0,1.0,13.0,51.0,51.0,37.92160781428921,Medium
162750,Bhawar Garh,470,63,93,2,0,41.73,11.262880421758927,0.1978723404255319,0.0042553191489361,0.0,0.0,0.0,0.0,0.0,0.0,0.0,1.0,0.0,0.0,1.0,0.0,0.0,0.0,0.0,0.0,0.0,0.0,1.0,1.0,0.0,1.0,0.0,1.0,15.0,53.0,53.0,45.58723998310983,Medium
162751,Dattepur,786,113,139,81,0,59.06,13.308499830680663,0.1768447837150127,0.1030534351145038,0.0,0.0,0.0,0.0,0.0,0.0,0.0,1.0,0.0,0.0,1.0,0.0,0.0,0.0,1.0,1.0,1.0,1.0,1.0,1.0,0.0,1.0,1.0,1.0,15.0,55.0,15.0,35.53451916232107,Medium
162752,Kundaura,1078,144,230,368,0,88.63,12.16292451765768,0.2133580705009276,0.3413729128014842,0.0,0.0,0.0,0.0,0.0,0.0,0.0,1.0,0.0,0.0,1.0,0.0,1.0,1.0,1.0,1.0,1.0,1.0,1.0,0.0,0.0,1.0,1.0,1.0,15.0,55.0,15.0,50.27440941633152,Medium
162753,Bandi Patti,2871,388,532,240,0,140.93,20.37181579507557,0.1853012887495646,0.083594566353187,0.0,0.0,0.0,0.0,0.0,0.0,0.0,1.0,1.0,0.0,0.0,0.0,0.0,0.0,0.0,0.0,0.0,0.0,1.0,1.0,0.0,1.0,1.0,1.0,15.0,53.0,53.0,42.6480282226075,Medium
162754,Jagadishpur,5344,957,897,1221,0,381.31,14.01484356560279,0.1678517964071856,0.2284805389221557,0.0,0.0,0.0,0.0,0.0,0.0,0.0,1.0,1.0,0.0,1.0,0.0,1.0,0.0,0.0,0.0,1.0,1.0,1.0,1.0,0.0,1.0,1.0,1.0,13.0,53.0,0.0,42.58757638656119,Medium
162755,Paretipur,412,59,66,119,0,22.83,18.04643013578625,0.1601941747572815,0.2888349514563106,0.0,0.0,0.0,0.0,0.0,0.0,0.0,1.0,1.0,0.0,0.0,0.0,0.0,0.0,0.0,0.0,0.0,1.0,1.0,0.0,1.0,0.0,1.0,1.0,13.0,53.0,0.0,37.82539751731316,Medium
162756,Banpurawa Saraipitha,2027,247,391,410,0,164.43,12.327434166514626,0.192895905278737,0.2022693635915145,0.0,0.0,0.0,0.0,0.0,0.0,0.0,1.0,1.0,0.0,0.0,0.0,0.0,0.0,0.0,1.0,1.0,1.0,1.0,1.0,1.0,1.0,0.0,1.0,12.0,56.0,0.0,30.638457971252546,Low
162757,Chak Shudarshan,683,80,107,31,0,12.77,53.48472983555207,0.1566617862371888,0.0453879941434846,0.0,0.0,0.0,0.0,0.0,0.0,0.0,1.0,1.0,0.0,0.0,0.0,1.0,0.0,0.0,0.0,1.0,1.0,1.0,1.0,1.0,0.0,1.0,1.0,9.0,53.0,0.0,40.4594040945894,Medium
162758,Dhanupur,1440,161,189,519,0,75.12,19.169329073482427,0.13125,0.3604166666666666,0.0,1.0,,1.0,0.0,0.0,0.0,1.0,1.0,0.0,1.0,0.0,1.0,0.0,0.0,0.0,1.0,1.0,1.0,1.0,0.0,1.0,1.0,1.0,10.0,54.0,10.0,35.69448747574023,Medium
162759,Kiraon,6707,1122,1181,2153,0,552.59,12.137389384534645,0.1760846876397793,0.3210079021917399,0.0,1.0,0.0,1.0,0.0,0.0,0.0,1.0,1.0,0.0,0.0,0.0,0.0,0.0,0.0,0.0,1.0,1.0,1.0,1.0,0.0,1.0,1.0,1.0,9.0,49.0,0.0,26.553332879882014,Low
162760,Jaraon,4255,620,701,905,0,379.37,11.215963307588895,0.1647473560517038,0.2126909518213866,0.0,0.0,0.0,0.0,0.0,0.0,0.0,1.0,1.0,0.0,1.0,0.0,1.0,0.0,0.0,0.0,0.0,0.0,0.0,1.0,0.0,1.0,1.0,1.0,15.0,55.0,0.0,52.30040606324855,Medium
162761,Mamarkha,2315,376,397,710,0,189.22,12.23443610611986,0.1714902807775378,0.3066954643628509,0.0,0.0,0.0,0.0,0.0,0.0,0.0,1.0,1.0,1.0,0.0,1.0,,0.0,0.0,0.0,1.0,0.0,1.0,1.0,0.0,1.0,1.0,1.0,16.0,56.0,56.0,38.014595685715726,Medium
162762,Basegit,486,69,66,105,0,76.52,6.3512807109252485,0.1358024691358024,0.2160493827160493,0.0,0.0,0.0,0.0,0.0,0.0,0.0,1.0,1.0,0.0,1.0,0.0,1.0,0.0,1.0,0.0,0.0,0.0,1.0,1.0,0.0,1.0,1.0,0.0,16.0,65.0,16.0,51.248817215949,Medium
162763,Deobara,354,139,65,72,0,33.15,10.67873303167421,0.1836158192090395,0.2033898305084746,0.0,0.0,0.0,0.0,0.0,0.0,0.0,1.0,1.0,0.0,0.0,0.0,1.0,0.0,0.0,0.0,1.0,1.0,1.0,0.0,0.0,1.0,1.0,1.0,16.0,65.0,16.0,45.2978635919959,Medium
162764,Pure Sada Bhala,943,152,136,279,0,109.99,8.573506682425675,0.144220572640509,0.295864262990456,0.0,0.0,0.0,0.0,0.0,0.0,0.0,1.0,1.0,0.0,0.0,0.0,1.0,0.0,0.0,0.0,1.0,1.0,1.0,1.0,0.0,1.0,1.0,1.0,20.0,70.0,16.0,41.9918120358562,Medium
162765,Chak Mnohar,108,19,20,107,0,10.8,10.0,0.1851851851851851,0.9907407407407408,0.0,0.0,0.0,0.0,0.0,0.0,0.0,1.0,1.0,1.0,0.0,0.0,1.0,0.0,0.0,0.0,1.0,0.0,1.0,0.0,0.0,1.0,1.0,1.0,15.0,55.0,15.0,54.253789809103736,Medium
162766,Gobindapur,168,25,23,0,0,24.03,6.991260923845193,0.1369047619047619,0.0,0.0,0.0,0.0,0.0,0.0,0.0,0.0,1.0,1.0,0.0,0.0,0.0,0.0,0.0,0.0,0.0,0.0,0.0,1.0,1.0,0.0,0.0,0.0,0.0,15.0,53.0,53.0,40.227954893655024,Medium
162767,Maharajpur,777,147,122,365,0,112.35,6.91588785046729,0.157014157014157,0.4697554697554698,0.0,0.0,0.0,0.0,0.0,0.0,0.0,1.0,1.0,0.0,0.0,0.0,1.0,0.0,0.0,1.0,0.0,0.0,1.0,0.0,0.0,1.0,1.0,1.0,16.0,56.0,16.0,55.67691477591694,Medium
162768,Koet Dakchin,1281,249,217,435,0,200.28,6.396045536249251,0.1693989071038251,0.3395784543325527,0.0,0.0,0.0,0.0,0.0,0.0,0.0,0.0,0.0,0.0,0.0,0.0,1.0,0.0,0.0,0.0,0.0,1.0,1.0,0.0,0.0,0.0,0.0,0.0,12.0,70.0,0.0,57.04286309689594,Medium
162769,Pipri Ahamad Bhadohi,2129,404,354,493,21,124.69,17.074344374047637,0.1662752465946453,0.231564114607797,0.0098637858149365,0.0,0.0,0.0,0.0,0.0,0.0,1.0,1.0,1.0,1.0,0.0,0.0,0.0,1.0,0.0,1.0,0.0,1.0,1.0,0.0,1.0,1.0,1.0,15.0,55.0,15.0,37.91702664129832,Medium
162770,Couri,1860,287,317,542,0,224.56,8.282864267901674,0.1704301075268817,0.2913978494623656,0.0,0.0,0.0,0.0,0.0,0.0,0.0,1.0,1.0,0.0,1.0,0.0,1.0,0.0,0.0,0.0,1.0,1.0,1.0,0.0,0.0,0.0,1.0,1.0,10.0,68.0,0.0,45.243814879621695,Medium
162771,Haripur Mishrpur,1212,185,149,88,0,75.26,16.104172203029496,0.1229372937293729,0.0726072607260726,0.0,0.0,0.0,0.0,0.0,0.0,0.0,1.0,1.0,1.0,0.0,0.0,0.0,0.0,0.0,0.0,0.0,0.0,1.0,1.0,0.0,1.0,1.0,1.0,15.0,55.0,0.0,40.54668752725509,Medium
162772,Marro,2111,276,380,438,0,61.63,34.2527989615447,0.1800094741828517,0.2074846044528659,0.0,0.0,1.0,0.0,0.0,0.0,0.0,1.0,0.0,0.0,0.0,0.0,0.0,0.0,1.0,1.0,1.0,1.0,1.0,1.0,0.0,1.0,1.0,1.0,15.0,55.0,15.0,33.679506140153535,Medium
162773,Chatpur Patti,1352,190,227,635,0,86.31,15.664465299501796,0.1678994082840236,0.4696745562130177,0.0,0.0,0.0,0.0,0.0,0.0,0.0,1.0,1.0,0.0,0.0,0.0,0.0,0.0,1.0,1.0,1.0,1.0,1.0,1.0,0.0,1.0,1.0,1.0,15.0,55.0,15.0,33.862806815848195,Medium
162774,Tilakath,955,130,177,183,0,60.05,15.903413821815157,0.1853403141361256,0.1916230366492146,0.0,0.0,0.0,0.0,0.0,0.0,0.0,1.0,1.0,1.0,0.0,0.0,0.0,0.0,0.0,0.0,1.0,1.0,1.0,0.0,0.0,1.0,0.0,1.0,12.0,70.0,0.0,35.50560189031871,Medium
162775,Sevar Rahai,0,0,0,0,0,10.76,0.0,,,,,,,,,,,,,,,,,,,,,,,,,,,15.0,55.0,15.0,45.0,Medium
162776,Bhusalpur,1115,162,170,198,0,86.56,12.881238447319776,0.1524663677130044,0.1775784753363228,0.0,0.0,0.0,0.0,0.0,0.0,0.0,1.0,1.0,0.0,1.0,0.0,0.0,0.0,1.0,0.0,1.0,0.0,1.0,0.0,0.0,1.0,1.0,1.0,20.0,55.0,20.0,39.32488968088051,Medium
162777,Himmat Bahar,770,118,122,195,0,24.32,31.661184210526315,0.1584415584415584,0.2532467532467532,0.0,0.0,0.0,0.0,0.0,0.0,0.0,1.0,1.0,0.0,0.0,0.0,1.0,0.0,1.0,1.0,1.0,1.0,1.0,0.0,0.0,1.0,0.0,1.0,15.0,55.0,15.0,45.65471293469537,Medium
162778,Chak Sarag,531,67,99,0,0,12.86,41.29082426127528,0.1864406779661017,0.0,0.0,0.0,0.0,0.0,0.0,0.0,0.0,1.0,0.0,0.0,1.0,0.0,0.0,0.0,1.0,0.0,0.0,1.0,1.0,0.0,0.0,1.0,1.0,1.0,15.0,55.0,15.0,43.957754206018464,Medium
162779,Khuram Sahapur,2447,352,454,424,0,221.27,11.058887332218555,0.1855333060890887,0.173273395995096,0.0,0.0,0.0,0.0,0.0,0.0,0.0,1.0,1.0,0.0,0.0,0.0,1.0,0.0,1.0,0.0,1.0,1.0,1.0,1.0,0.0,1.0,1.0,1.0,18.0,55.0,20.0,42.72043786485335,Medium
162780,Rampur,910,135,149,174,0,78.25,11.629392971246006,0.1637362637362637,0.1912087912087912,0.0,0.0,0.0,0.0,0.0,0.0,0.0,1.0,1.0,1.0,1.0,0.0,0.0,0.0,0.0,0.0,0.0,1.0,1.0,0.0,0.0,1.0,1.0,1.0,13.0,53.0,0.0,39.679662603414265,Medium
162781,Samala Patti,576,80,60,0,0,30.08,19.148936170212767,0.1041666666666666,0.0,0.0,0.0,0.0,0.0,0.0,0.0,0.0,1.0,1.0,0.0,0.0,0.0,0.0,0.0,0.0,0.0,1.0,1.0,1.0,1.0,0.0,1.0,1.0,1.0,13.0,53.0,0.0,29.74573225856745,Low
162782,Sansaripur,1468,222,280,120,0,221.24,6.635328150424877,0.1907356948228883,0.0817438692098092,0.0,0.0,0.0,0.0,0.0,0.0,0.0,1.0,1.0,1.0,0.0,0.0,0.0,0.0,0.0,0.0,0.0,1.0,1.0,0.0,0.0,0.0,1.0,1.0,12.0,70.0,0.0,39.7369663706783,Medium
162783,Khiji Raha,1315,181,222,403,0,124.4,10.570739549839228,0.1688212927756654,0.3064638783269962,0.0,0.0,0.0,0.0,0.0,0.0,0.0,1.0,1.0,0.0,0.0,0.0,0.0,0.0,0.0,0.0,0.0,1.0,1.0,0.0,0.0,0.0,1.0,1.0,9.0,60.0,0.0,40.36495737617409,Medium
162784,Vithalpur Varamadpur,1153,155,196,193,0,156.06,7.388184031782647,0.1699913269731136,0.1673894189071986,0.0,0.0,0.0,0.0,0.0,0.0,0.0,1.0,1.0,0.0,0.0,0.0,0.0,0.0,1.0,1.0,1.0,0.0,1.0,0.0,0.0,1.0,1.0,1.0,22.0,65.0,0.0,39.57382030795685,Medium
162785,Mishri,3069,429,576,210,0,260.11,11.79885433086002,0.187683284457478,0.0684261974584555,0.0,0.0,0.0,0.0,0.0,0.0,0.0,1.0,1.0,0.0,0.0,0.0,0.0,0.0,1.0,1.0,1.0,0.0,1.0,0.0,0.0,1.0,1.0,1.0,21.0,64.0,64.0,39.79112846023697,Medium
162786,Ataraora Girdh Kot,94,12,11,0,0,52.02,1.8069973087274125,0.1170212765957446,0.0,0.0,0.0,0.0,0.0,0.0,0.0,0.0,1.0,0.0,0.0,0.0,0.0,0.0,0.0,0.0,0.0,0.0,1.0,1.0,0.0,0.0,0.0,1.0,1.0,13.0,72.0,0.0,40.25160819089819,Medium
162787,Ataraura Sansaripur,0,0,0,0,0,56.49,0.0,,,,,,,,,,,,,,,,,,,,,,,,,,,13.0,72.0,0.0,45.0,Medium
162788,Bibipur,2393,312,339,269,0,126.47,18.921483355736537,0.1416631842875052,0.1124111993313832,0.0,0.0,1.0,0.0,0.0,0.0,0.0,1.0,0.0,0.0,0.0,0.0,0.0,0.0,0.0,0.0,1.0,0.0,1.0,1.0,0.0,1.0,1.0,1.0,9.0,59.0,0.0,36.423330987429495,Medium
162789,Khojhva,0,0,0,0,0,7.83,0.0,,,,,,,,,,,,,,,,,,,,,,,,,,,15.0,55.0,0.0,45.0,Medium
162790,Dubepur,127,21,18,17,0,11.04,11.5036231884058,0.1417322834645669,0.1338582677165354,0.0,0.0,0.0,0.0,0.0,0.0,0.0,1.0,1.0,0.0,0.0,0.0,0.0,0.0,0.0,0.0,0.0,0.0,1.0,0.0,0.0,1.0,1.0,1.0,14.0,15.0,4.0,43.72761895933957,Medium
162791,Kharagpur,575,93,87,253,0,65.17,8.82307810342182,0.1513043478260869,0.44,0.0,0.0,0.0,0.0,0.0,0.0,0.0,1.0,1.0,1.0,0.0,0.0,0.0,0.0,0.0,0.0,1.0,0.0,1.0,0.0,0.0,0.0,1.0,1.0,8.0,58.0,0.0,40.43526628383469,Medium
162792,Mahajana,1217,141,176,291,0,139.02,8.754136095525823,0.1446179129005751,0.2391125718981101,0.0,0.0,0.0,0.0,0.0,0.0,0.0,1.0,1.0,0.0,0.0,0.0,0.0,0.0,1.0,0.0,1.0,1.0,1.0,1.0,0.0,1.0,1.0,1.0,22.0,55.0,0.0,31.727401219385143,Low
162793,Chakiya Girdh Kot,1811,330,288,0,0,37.78,47.935415563790365,0.1590281612368857,0.0,0.0,0.0,0.0,0.0,0.0,0.0,0.0,1.0,0.0,0.0,0.0,0.0,1.0,0.0,0.0,0.0,1.0,1.0,1.0,1.0,0.0,1.0,1.0,1.0,22.0,55.0,0.0,45.90860244898683,Medium
162794,Nonara,291,37,32,0,0,11.58,25.12953367875648,0.1099656357388316,0.0,0.0,0.0,0.0,0.0,0.0,0.0,0.0,1.0,1.0,0.0,0.0,0.0,1.0,0.0,0.0,0.0,1.0,1.0,1.0,1.0,0.0,1.0,1.0,1.0,16.0,56.0,0.0,40.16562183559107,Medium
162795,Vanpurava Paratipur,828,100,131,427,0,15.69,52.77246653919694,0.1582125603864734,0.5157004830917874,0.0,0.0,0.0,0.0,0.0,0.0,0.0,1.0,0.0,0.0,1.0,0.0,0.0,0.0,0.0,0.0,0.0,1.0,1.0,0.0,1.0,1.0,1.0,1.0,15.0,55.0,0.0,43.66153502865437,Medium
162796,Bag Krishna,5,1,0,0,0,3.92,1.2755102040816326,0.0,0.0,0.0,0.0,0.0,0.0,0.0,0.0,0.0,1.0,1.0,1.0,1.0,0.0,1.0,0.0,0.0,0.0,0.0,0.0,1.0,0.0,0.0,1.0,1.0,1.0,14.0,54.0,0.0,48.38578195788833,Medium
162797,Vithalpur Jagadispur,26,7,2,0,0,6.59,3.945371775417299,0.0769230769230769,0.0,0.0,0.0,0.0,0.0,0.0,0.0,0.0,1.0,1.0,1.0,0.0,0.0,0.0,0.0,0.0,0.0,0.0,0.0,1.0,0.0,0.0,1.0,1.0,1.0,14.0,53.0,0.0,40.80325823024096,Medium
162798,Bansi Patti,253,38,42,50,0,7.98,31.70426065162907,0.1660079051383399,0.1976284584980237,0.0,0.0,0.0,0.0,0.0,0.0,0.0,0.0,0.0,0.0,0.0,0.0,1.0,0.0,0.0,0.0,0.0,1.0,1.0,1.0,0.0,1.0,1.0,1.0,14.0,54.0,0.0,54.7720498197897,Medium
162799,Girda Kot,3085,478,450,421,0,161.81,19.06557073110438,0.1458670988654781,0.1364667747163695,0.0,0.0,0.0,0.0,0.0,0.0,0.0,1.0,0.0,0.0,1.0,0.0,0.0,0.0,1.0,0.0,1.0,1.0,1.0,1.0,0.0,1.0,1.0,1.0,22.0,55.0,0.0,35.00898446779552,Medium
162800,Chak Jivan Dih,319,47,39,0,0,11.08,28.790613718411556,0.122257053291536,0.0,0.0,0.0,0.0,0.0,0.0,0.0,0.0,0.0,0.0,0.0,0.0,0.0,1.0,0.0,1.0,0.0,1.0,0.0,1.0,0.0,0.0,1.0,0.0,1.0,22.0,55.0,0.0,54.85157362101193,Medium
162801,Kaviraha,300,46,38,0,0,35.13,8.539709649871904,0.1266666666666666,0.0,0.0,0.0,0.0,0.0,0.0,0.0,0.0,1.0,0.0,0.0,1.0,0.0,0.0,0.0,1.0,0.0,0.0,1.0,1.0,1.0,0.0,1.0,1.0,1.0,22.0,55.0,0.0,38.31781715045074,Medium
162802,Kevai Bujurg,1118,161,177,257,0,142.43,7.8494699150459875,0.1583184257602862,0.2298747763864043,0.0,0.0,0.0,0.0,0.0,0.0,0.0,1.0,1.0,0.0,0.0,0.0,0.0,0.0,0.0,1.0,0.0,1.0,1.0,1.0,1.0,1.0,1.0,1.0,22.0,55.0,0.0,34.55502800608944,Medium
162803,Kalipur,62,9,9,0,0,22.05,2.8117913832199544,0.1451612903225806,0.0,0.0,0.0,0.0,0.0,0.0,0.0,0.0,1.0,1.0,1.0,0.0,0.0,0.0,0.0,0.0,1.0,0.0,1.0,1.0,1.0,0.0,1.0,1.0,1.0,22.0,55.0,0.0,35.30379212202976,Medium
162804,Bhupatti,485,58,60,155,0,25.77,18.82033372138145,0.1237113402061855,0.3195876288659793,0.0,0.0,0.0,0.0,0.0,0.0,0.0,1.0,1.0,0.0,0.0,0.0,0.0,0.0,1.0,1.0,1.0,0.0,1.0,0.0,0.0,1.0,1.0,1.0,21.0,60.0,60.0,39.41649856785309,Medium
162805,Vithauli,1795,238,298,221,0,110.11,16.301879938243573,0.166016713091922,0.1231197771587743,0.0,0.0,0.0,0.0,0.0,0.0,0.0,1.0,1.0,0.0,0.0,0.0,1.0,1.0,1.0,1.0,1.0,0.0,1.0,0.0,1.0,1.0,1.0,1.0,21.0,60.0,0.0,47.09976237733534,Medium
162806,Vajpur,1298,197,195,429,0,95.55,13.58451072736787,0.150231124807396,0.3305084745762712,0.0,0.0,0.0,0.0,0.0,0.0,0.0,1.0,0.0,0.0,0.0,0.0,1.0,0.0,0.0,0.0,0.0,0.0,1.0,0.0,0.0,0.0,1.0,1.0,20.0,70.0,0.0,58.38473408364586,Medium
162807,Amepur,1965,273,305,673,0,123.99,15.848052262279216,0.1552162849872773,0.3424936386768448,0.0,0.0,1.0,0.0,0.0,0.0,0.0,1.0,1.0,0.0,0.0,0.0,0.0,0.0,1.0,0.0,0.0,1.0,1.0,0.0,1.0,1.0,1.0,1.0,20.0,60.0,0.0,34.52062424073979,Medium
162808,Pratappur,499,71,76,0,0,35.64,14.001122334455667,0.1523046092184369,0.0,0.0,0.0,0.0,0.0,0.0,0.0,0.0,1.0,1.0,1.0,0.0,0.0,0.0,0.0,1.0,0.0,0.0,1.0,1.0,1.0,1.0,1.0,1.0,1.0,20.0,56.0,0.0,33.47819386308247,Medium
162809,Valipur,1053,124,171,0,0,53.2,19.793233082706767,0.1623931623931624,0.0,0.0,0.0,0.0,0.0,0.0,0.0,0.0,1.0,1.0,0.0,0.0,0.0,0.0,0.0,0.0,0.0,0.0,0.0,1.0,0.0,0.0,1.0,1.0,1.0,70.0,70.0,0.0,44.01902044006474,Medium
162810,Badha Sujan Shah,0,0,0,0,0,42.81,0.0,,,,,,,,,,,,,,,,,,,,,,,,,,,25.0,70.0,0.0,45.0,Medium
162811,Darhi,1070,160,190,15,0,48.96,21.85457516339869,0.1775700934579439,0.014018691588785,0.0,0.0,0.0,0.0,0.0,0.0,0.0,1.0,0.0,1.0,0.0,0.0,1.0,0.0,0.0,0.0,0.0,0.0,1.0,1.0,0.0,0.0,0.0,1.0,20.0,60.0,0.0,55.46251697587123,Medium
162812,Hariram Patti,1712,225,306,207,0,144.0,11.88888888888889,0.1787383177570093,0.120911214953271,0.0,0.0,0.0,0.0,0.0,0.0,0.0,1.0,0.0,0.0,0.0,0.0,0.0,0.0,0.0,0.0,0.0,1.0,1.0,1.0,1.0,1.0,1.0,1.0,16.0,56.0,0.0,38.12224007599544,Medium
162813,Jigna,0,0,0,0,0,37.35,0.0,,,,,,,,,,,,,,,,,,,,,,,,,,,15.0,65.0,0.0,45.0,Medium
162814,Gaharpur Dhobaha,2027,349,304,133,0,106.74,18.99006932733745,0.14997533300444,0.0656142081894425,0.0,0.0,0.0,0.0,0.0,0.0,0.0,1.0,1.0,0.0,0.0,0.0,0.0,0.0,1.0,0.0,1.0,0.0,1.0,1.0,0.0,0.0,1.0,1.0,15.0,66.0,0.0,36.44153072928924,Medium
162815,Shripur,3212,477,572,382,129,151.97,21.13575047706784,0.1780821917808219,0.1189290161892901,0.0401618929016189,0.0,0.0,0.0,0.0,0.0,0.0,1.0,1.0,0.0,0.0,0.0,0.0,0.0,0.0,0.0,1.0,1.0,1.0,1.0,0.0,1.0,1.0,1.0,16.0,66.0,0.0,33.59850799104347,Medium
162816,Valipur,1242,191,203,263,0,54.42,22.822491730981252,0.1634460547504025,0.2117552334943639,0.0,0.0,0.0,0.0,0.0,0.0,0.0,1.0,1.0,0.0,0.0,0.0,1.0,0.0,0.0,0.0,1.0,1.0,1.0,0.0,0.0,0.0,1.0,1.0,19.0,69.0,0.0,45.23394565068005,Medium
162817,Madhopur Jagdispur,836,157,139,229,0,42.05,19.881093935790727,0.166267942583732,0.2739234449760765,0.0,0.0,0.0,0.0,0.0,0.0,0.0,1.0,1.0,0.0,1.0,0.0,0.0,0.0,0.0,0.0,1.0,1.0,1.0,1.0,0.0,1.0,1.0,1.0,18.0,68.0,18.0,33.00849388448506,Medium
162818,Shukulpur,1000,113,176,386,0,50.96,19.623233908948198,0.176,0.386,0.0,0.0,1.0,0.0,0.0,0.0,0.0,1.0,1.0,0.0,0.0,0.0,1.0,0.0,1.0,0.0,1.0,1.0,1.0,1.0,0.0,1.0,1.0,1.0,17.0,67.0,67.0,40.51690191623067,Medium
162819,Shahpur,1403,213,279,96,0,65.93,21.28014560897922,0.1988595866001425,0.0684248039914469,0.0,0.0,0.0,0.0,0.0,0.0,0.0,1.0,1.0,1.0,1.0,0.0,0.0,0.0,0.0,0.0,0.0,0.0,1.0,0.0,0.0,1.0,1.0,1.0,22.0,70.0,0.0,45.51627861543127,Medium
162820,Chilara,859,262,142,168,0,54.63,15.723961193483431,0.1653084982537834,0.1955762514551804,0.0,0.0,0.0,0.0,0.0,0.0,0.0,1.0,1.0,1.0,1.0,0.0,0.0,0.0,1.0,0.0,1.0,1.0,1.0,1.0,0.0,0.0,1.0,1.0,18.0,68.0,0.0,32.41703444575171,Low
162821,Prabhopur,260,47,43,0,0,8.02,32.418952618453865,0.1653846153846153,0.0,0.0,0.0,0.0,0.0,0.0,0.0,0.0,1.0,1.0,1.0,1.0,0.0,1.0,0.0,1.0,0.0,1.0,1.0,1.0,1.0,0.0,0.0,0.0,1.0,18.0,67.0,18.0,42.1279301027633,Medium
162822,Keshaw Rampur,1687,260,290,559,0,37.0,45.5945945945946,0.1719027860106698,0.3313574392412566,0.0,0.0,0.0,0.0,0.0,0.0,0.0,1.0,1.0,0.0,1.0,0.0,1.0,0.0,0.0,0.0,1.0,1.0,1.0,1.0,0.0,0.0,1.0,1.0,16.0,66.0,0.0,44.52204114838487,Medium
162823,Ramaduttapur,884,143,159,296,0,39.3,22.493638676844785,0.1798642533936651,0.334841628959276,0.0,0.0,0.0,0.0,0.0,0.0,0.0,1.0,1.0,0.0,1.0,0.0,0.0,0.0,0.0,0.0,1.0,1.0,1.0,1.0,0.0,1.0,1.0,1.0,15.0,65.0,15.0,33.82840124125228,Medium
162824,Dhowaha,4641,643,785,365,0,159.47,29.10265253652725,0.1691445809092868,0.0786468433527257,0.0,0.0,0.0,0.0,0.0,0.0,0.0,1.0,1.0,0.0,1.0,0.0,0.0,0.0,1.0,0.0,0.0,1.0,1.0,1.0,0.0,1.0,1.0,1.0,15.0,52.0,0.0,37.49759794898668,Medium
162825,Sarai,313,39,41,0,0,41.48,7.545805207328834,0.1309904153354632,0.0,0.0,0.0,0.0,0.0,0.0,0.0,0.0,1.0,1.0,1.0,0.0,0.0,1.0,0.0,0.0,0.0,1.0,0.0,1.0,1.0,0.0,0.0,0.0,1.0,16.0,56.0,56.0,45.073327203156126,Medium
162826,Gaila,0,0,0,0,0,6.55,0.0,,,,,,,,,,,,,,,,,,,,,,,,,,,16.0,56.0,56.0,45.0,Medium
162827,Chak Shubansh,253,29,54,0,0,26.55,9.529190207156308,0.2134387351778656,0.0,0.0,0.0,0.0,0.0,0.0,0.0,0.0,1.0,1.0,1.0,1.0,0.0,1.0,0.0,0.0,0.0,0.0,0.0,1.0,0.0,0.0,0.0,0.0,1.0,16.0,61.0,0.0,55.1283330375481,Medium
162828,Virapur Dhowaha,1341,250,180,127,0,62.52,21.449136276391556,0.1342281879194631,0.0947054436987323,0.0,0.0,0.0,0.0,0.0,0.0,0.0,1.0,1.0,0.0,0.0,0.0,0.0,0.0,1.0,1.0,1.0,0.0,1.0,0.0,0.0,1.0,1.0,1.0,15.0,60.0,0.0,38.715688702752935,Medium
162829,Kagapur,1727,260,275,207,0,100.28,17.221779018747508,0.1592356687898089,0.1198610306890561,0.0,0.0,0.0,0.0,0.0,0.0,0.0,1.0,1.0,1.0,0.0,0.0,0.0,1.0,1.0,1.0,1.0,0.0,1.0,1.0,0.0,1.0,1.0,1.0,13.0,58.0,0.0,36.9178633100608,Medium
162830,Dhana Gaiya,1470,168,277,46,0,148.53,9.896990506968288,0.1884353741496598,0.0312925170068027,0.0,0.0,0.0,0.0,0.0,0.0,0.0,1.0,0.0,1.0,1.0,1.0,1.0,0.0,1.0,1.0,0.0,1.0,1.0,1.0,0.0,1.0,1.0,1.0,15.0,52.0,0.0,50.38315197102074,Medium
162831,Bhagauttipur,2672,345,550,95,0,147.33,18.136156926627297,0.2058383233532934,0.0355538922155688,0.0,0.0,0.0,0.0,0.0,0.0,0.0,1.0,0.0,0.0,0.0,0.0,0.0,0.0,1.0,0.0,0.0,0.0,1.0,1.0,1.0,1.0,1.0,1.0,15.0,52.0,0.0,43.76533955298717,Medium
162832,Purai,0,0,0,0,0,55.07,0.0,,,,,,,,,,,,,,,,,,,,,,,,,,,10.0,50.0,0.0,45.0,Medium
162833,Karari Bhadaili,2532,422,418,462,0,267.02,9.482435772601304,0.165086887835703,0.1824644549763033,0.0,0.0,0.0,0.0,0.0,0.0,0.0,1.0,1.0,0.0,1.0,0.0,1.0,0.0,0.0,0.0,1.0,0.0,1.0,0.0,0.0,0.0,1.0,1.0,7.0,44.0,0.0,49.58817736282988,Medium
162834,Bhawapur,367,73,52,161,0,24.07,15.2471956792688,0.1416893732970027,0.438692098092643,0.0,0.0,0.0,0.0,0.0,0.0,0.0,1.0,1.0,0.0,0.0,0.0,1.0,0.0,0.0,0.0,0.0,1.0,1.0,0.0,0.0,1.0,1.0,1.0,12.0,50.0,0.0,50.40443546499824,Medium
162835,Lokamanpur,1002,101,179,88,0,107.78,9.296715531638522,0.1786427145708582,0.0878243512974051,0.0,0.0,0.0,0.0,0.0,0.0,0.0,1.0,1.0,0.0,1.0,0.0,1.0,0.0,0.0,0.0,0.0,0.0,1.0,0.0,0.0,1.0,1.0,1.0,10.0,47.0,0.0,54.51401488187668,Medium
162836,Bakhtiyara,1419,208,198,450,0,148.1,9.581363943281566,0.1395348837209302,0.3171247357293869,0.0,0.0,0.0,0.0,0.0,0.0,0.0,1.0,1.0,1.0,1.0,0.0,1.0,0.0,0.0,0.0,0.0,0.0,1.0,0.0,0.0,1.0,1.0,1.0,13.0,51.0,0.0,54.49898654199394,Medium
162837,Madhopur Siya Dih,1144,129,177,171,0,360.0,3.1777777777777776,0.1547202797202797,0.1494755244755244,0.0,0.0,0.0,0.0,0.0,0.0,0.0,1.0,1.0,0.0,1.0,0.0,1.0,0.0,0.0,0.0,0.0,0.0,1.0,0.0,0.0,1.0,1.0,1.0,13.0,51.0,11.0,53.85298868501067,Medium
162838,Shakhraura,723,120,109,153,0,360.0,2.0083333333333333,0.1507607192254495,0.2116182572614107,0.0,0.0,0.0,0.0,0.0,0.0,0.0,1.0,1.0,0.0,0.0,0.0,0.0,0.0,0.0,0.0,0.0,0.0,1.0,0.0,0.0,1.0,1.0,1.0,14.0,51.0,51.0,43.9968283040532,Medium
162839,Pure Sukhaw,150,27,20,0,0,8.92,16.816143497757846,0.1333333333333333,0.0,0.0,0.0,0.0,0.0,0.0,0.0,0.0,1.0,1.0,0.0,0.0,0.0,1.0,0.0,0.0,0.0,1.0,0.0,1.0,1.0,0.0,0.0,1.0,0.0,13.0,51.0,51.0,45.52480847320634,Medium
162840,Bhui,2974,411,580,317,0,138.57,21.46207692862813,0.19502353732347,0.1065904505716207,0.0,0.0,,0.0,0.0,0.0,0.0,1.0,0.0,0.0,0.0,0.0,1.0,0.0,1.0,1.0,1.0,1.0,1.0,0.0,0.0,1.0,1.0,1.0,14.0,51.0,0.0,48.93283966858888,Medium
162841,Jalalpur,1603,381,276,605,0,5.5,291.45454545454544,0.1721771678103555,0.3774173424828446,0.0,0.0,0.0,0.0,0.0,0.0,0.0,1.0,1.0,0.0,0.0,0.0,1.0,0.0,0.0,1.0,1.0,1.0,1.0,0.0,0.0,1.0,1.0,1.0,14.0,53.0,53.0,57.37026486310137,Medium
162842,Gaharpur Siya Dih,491,82,100,0,0,73.05,6.721423682409309,0.2036659877800407,0.0,0.0,0.0,0.0,0.0,0.0,0.0,0.0,1.0,1.0,0.0,1.0,0.0,1.0,0.0,1.0,1.0,1.0,1.0,1.0,0.0,0.0,1.0,1.0,1.0,16.0,61.0,61.0,44.71969603765444,Medium
162843,Pure Kanta,1247,182,187,202,0,49.2,25.34552845528455,0.1499599037690457,0.1619887730553328,0.0,0.0,0.0,0.0,0.0,0.0,0.0,1.0,1.0,0.0,1.0,0.0,0.0,0.0,1.0,0.0,0.0,1.0,0.0,0.0,0.0,1.0,1.0,1.0,12.0,54.0,0.0,39.684275386863085,Medium
162844,Malla,49,7,8,31,0,20.11,2.4365987071108903,0.1632653061224489,0.6326530612244898,0.0,0.0,0.0,0.0,0.0,0.0,0.0,1.0,1.0,0.0,0.0,0.0,0.0,0.0,0.0,0.0,1.0,1.0,0.0,1.0,0.0,0.0,1.0,0.0,12.0,54.0,0.0,33.994750083741124,Medium
162845,Pure Upadyay,196,24,39,10,0,28.15,6.962699822380107,0.1989795918367347,0.0510204081632653,0.0,0.0,0.0,0.0,0.0,0.0,0.0,1.0,1.0,1.0,1.0,0.0,0.0,0.0,0.0,0.0,1.0,1.0,0.0,0.0,0.0,1.0,0.0,0.0,12.0,54.0,0.0,34.84412740788824,Medium
162846,Arav,1109,153,214,390,0,83.47,13.286210614592068,0.1929666366095581,0.3516681695220919,0.0,0.0,0.0,0.0,0.0,0.0,0.0,1.0,1.0,0.0,0.0,0.0,0.0,0.0,1.0,1.0,1.0,1.0,1.0,0.0,0.0,1.0,1.0,1.0,12.0,57.0,0.0,36.42699856150065,Medium
162847,Devataiya,840,88,135,307,0,42.51,19.760056457304163,0.1607142857142857,0.3654761904761904,0.0,0.0,1.0,0.0,0.0,0.0,0.0,1.0,1.0,0.0,0.0,0.0,0.0,0.0,0.0,1.0,1.0,1.0,1.0,0.0,0.0,1.0,1.0,1.0,13.0,58.0,0.0,32.46133754514419,Low
162848,Uanakat,1353,220,201,213,0,145.01,9.330391007516724,0.1485587583148558,0.1574279379157428,0.0,0.0,0.0,0.0,0.0,0.0,0.0,1.0,1.0,1.0,1.0,0.0,0.0,0.0,0.0,1.0,1.0,1.0,0.0,1.0,0.0,0.0,1.0,1.0,11.0,53.0,0.0,31.46089885348288,Low
162849,Kushaha,39,5,8,0,0,4.5,8.666666666666666,0.2051282051282051,0.0,0.0,0.0,0.0,0.0,0.0,0.0,0.0,1.0,1.0,0.0,1.0,0.0,0.0,0.0,0.0,0.0,1.0,0.0,1.0,0.0,0.0,1.0,1.0,1.0,13.0,51.0,51.0,39.84355040815581,Medium
162850,Bharauti,901,130,132,118,0,94.06,9.578992132681266,0.146503884572697,0.1309655937846837,0.0,0.0,0.0,0.0,0.0,0.0,0.0,1.0,0.0,0.0,0.0,0.0,0.0,0.0,0.0,0.0,1.0,1.0,1.0,0.0,0.0,1.0,0.0,1.0,26.0,35.0,0.0,37.11049666296507,Medium
162851,Haibatpur,829,145,136,171,0,98.89,8.38305187582162,0.1640530759951749,0.2062726176115802,0.0,0.0,0.0,0.0,0.0,0.0,0.0,1.0,0.0,0.0,1.0,0.0,0.0,0.0,0.0,0.0,1.0,1.0,1.0,1.0,0.0,1.0,1.0,1.0,25.0,35.0,0.0,35.46433079430046,Medium
162852,Saraya Mand,457,65,66,17,0,78.33,5.834290820885995,0.1444201312910284,0.037199124726477,0.0,0.0,0.0,0.0,0.0,0.0,0.0,1.0,0.0,0.0,1.0,0.0,0.0,0.0,0.0,0.0,1.0,1.0,0.0,1.0,0.0,0.0,1.0,0.0,25.0,35.0,0.0,33.9251706436164,Medium
162853,Ajehara,981,164,182,121,0,71.72,13.6781929726715,0.1855249745158002,0.1233435270132517,0.0,0.0,0.0,0.0,0.0,0.0,0.0,1.0,1.0,1.0,1.0,0.0,0.0,0.0,0.0,0.0,0.0,1.0,1.0,0.0,0.0,1.0,1.0,1.0,30.0,42.0,0.0,40.078243691600086,Medium
162854,Malethuwa,4664,777,815,1478,0,658.33,7.084592833381435,0.1747427101200686,0.3168953687821612,0.0,0.0,0.0,0.0,0.0,0.0,0.0,1.0,1.0,0.0,1.0,1.0,0.0,0.0,0.0,0.0,1.0,1.0,1.0,1.0,0.0,0.0,0.0,1.0,25.0,35.0,0.0,32.95140796616633,Low
162855,Sithauli,4903,717,769,670,15,409.75,11.965832824893228,0.1568427493371405,0.1366510299816438,0.0030593514174994,0.0,0.0,0.0,0.0,0.0,0.0,1.0,1.0,0.0,1.0,0.0,1.0,0.0,0.0,0.0,1.0,1.0,1.0,1.0,0.0,1.0,1.0,1.0,25.0,40.0,5.0,41.78695249799985,Medium
162856,Akabarpur Miyanpatti,30,4,3,0,0,13.97,2.147458840372226,0.1,0.0,0.0,0.0,0.0,0.0,0.0,0.0,0.0,1.0,1.0,0.0,0.0,0.0,1.0,0.0,0.0,0.0,0.0,0.0,1.0,0.0,0.0,0.0,1.0,1.0,25.0,41.0,6.0,51.42163624310668,Medium
162857,Salehpur,280,38,48,8,0,32.0,8.75,0.1714285714285714,0.0285714285714285,0.0,0.0,0.0,0.0,0.0,0.0,0.0,1.0,1.0,0.0,1.0,0.0,1.0,0.0,0.0,0.0,0.0,1.0,0.0,1.0,1.0,0.0,1.0,1.0,45.0,45.0,45.0,43.97884518349487,Medium
162858,Sarkuddinpur,460,75,69,107,0,45.98,10.004349717268378,0.15,0.2326086956521739,0.0,0.0,0.0,0.0,0.0,0.0,0.0,1.0,1.0,1.0,0.0,0.0,0.0,0.0,0.0,0.0,1.0,0.0,1.0,0.0,0.0,1.0,0.0,1.0,40.0,34.0,40.0,39.407752887268686,Medium
162859,Jayantipur,6,1,0,0,0,22.41,0.2677376171352075,0.0,0.0,0.0,0.0,0.0,0.0,0.0,0.0,0.0,1.0,0.0,0.0,1.0,0.0,0.0,0.0,0.0,0.0,0.0,1.0,1.0,1.0,0.0,0.0,0.0,0.0,25.0,27.0,0.0,34.1776759629588,Medium
162860,Shekhpur,122,20,27,41,0,52.84,2.30885692657078,0.221311475409836,0.3360655737704918,0.0,0.0,0.0,0.0,0.0,0.0,0.0,1.0,1.0,0.0,1.0,0.0,0.0,0.0,0.0,0.0,0.0,0.0,1.0,0.0,0.0,1.0,0.0,1.0,40.0,34.0,40.0,46.74794501863372,Medium
162861,Sawaran,1654,257,274,323,0,127.98,12.923894358493516,0.1656590084643289,0.1952841596130592,0.0,0.0,0.0,0.0,0.0,0.0,0.0,1.0,0.0,0.0,1.0,0.0,0.0,0.0,0.0,0.0,1.0,0.0,1.0,0.0,0.0,1.0,1.0,1.0,40.0,6.0,40.0,43.1442846573315,Medium
162862,Jalalpur Kasba,5986,1230,985,496,0,445.2,13.44564240790656,0.1645506181089208,0.0828600066822586,0.0,0.0,0.0,0.0,0.0,0.0,0.0,0.0,0.0,0.0,0.0,0.0,1.0,0.0,0.0,0.0,1.0,1.0,0.0,1.0,1.0,1.0,1.0,1.0,45.0,45.0,45.0,45.90369964991247,Medium
162863,Babuwapur,524,78,83,68,0,6.58,79.63525835866261,0.1583969465648854,0.1297709923664122,0.0,0.0,0.0,0.0,0.0,0.0,0.0,1.0,1.0,0.0,1.0,0.0,0.0,0.0,0.0,0.0,1.0,1.0,1.0,1.0,1.0,1.0,1.0,1.0,45.0,45.0,45.0,32.008676349434786,Low
162864,Manipur,1003,136,170,340,0,225.06,4.456589353950058,0.1694915254237288,0.3389830508474576,0.0,0.0,0.0,0.0,0.0,0.0,0.0,1.0,1.0,0.0,1.0,0.0,0.0,0.0,0.0,0.0,1.0,1.0,0.0,1.0,1.0,0.0,1.0,1.0,45.0,45.0,45.0,30.296248064030237,Low
162865,Nekanamepur,881,150,179,73,0,128.89,6.835285902707736,0.2031782065834279,0.0828603859250851,0.0,0.0,0.0,0.0,0.0,0.0,0.0,1.0,1.0,1.0,0.0,0.0,1.0,0.0,0.0,0.0,1.0,1.0,0.0,1.0,1.0,1.0,1.0,1.0,45.0,45.0,45.0,40.12404651418673,Medium
162866,Muhiuddinpur,645,104,152,450,0,84.1,7.669441141498217,0.2356589147286821,0.6976744186046512,0.0,0.0,0.0,0.0,0.0,0.0,0.0,1.0,0.0,0.0,0.0,0.0,1.0,0.0,0.0,0.0,1.0,0.0,1.0,0.0,0.0,0.0,1.0,1.0,40.0,34.0,40.0,57.540171486508406,Medium
162867,Bargaon,1246,200,195,639,0,112.44,11.081465670579863,0.1565008025682183,0.5128410914927769,0.0,0.0,0.0,0.0,0.0,0.0,0.0,1.0,1.0,0.0,0.0,0.0,1.0,0.0,0.0,0.0,1.0,1.0,1.0,0.0,0.0,1.0,1.0,1.0,13.0,30.0,1.0,46.04822965170439,Medium
162868,Naraharpur,964,215,174,273,0,59.68,16.152815013404826,0.1804979253112033,0.2831950207468879,0.0,0.0,0.0,0.0,0.0,0.0,0.0,1.0,1.0,0.0,0.0,0.0,1.0,0.0,0.0,0.0,1.0,1.0,1.0,1.0,0.0,1.0,1.0,1.0,15.0,30.0,0.0,43.32844545363703,Medium
162869,Hasanpur Mutafarka,1181,194,199,181,0,322.68,3.659972728399653,0.1685012701100762,0.1532599491955969,0.0,0.0,0.0,0.0,0.0,0.0,0.0,1.0,1.0,1.0,0.0,0.0,1.0,0.0,0.0,0.0,1.0,1.0,0.0,1.0,1.0,1.0,1.0,1.0,45.0,45.0,45.0,39.30516824245607,Medium
162870,Khairuddinpur,142,25,28,78,0,31.51,4.506505871152015,0.1971830985915492,0.5492957746478874,0.0,0.0,0.0,0.0,0.0,0.0,0.0,1.0,1.0,1.0,1.0,0.0,1.0,0.0,0.0,0.0,1.0,1.0,1.0,0.0,0.0,1.0,1.0,1.0,25.0,50.0,25.0,47.18061143136013,Medium
162871,Sarai Ismail,3889,581,679,956,0,758.63,5.126346176660559,0.1745950115710979,0.2458215479557726,0.0,0.0,0.0,0.0,0.0,0.0,0.0,1.0,1.0,0.0,0.0,0.0,1.0,0.0,0.0,0.0,1.0,1.0,1.0,1.0,0.0,1.0,1.0,1.0,14.0,0.0,0.0,42.51108534811667,Medium
162872,Miyan Patti,1975,304,322,400,0,108.35,18.227964928472545,0.1630379746835443,0.2025316455696202,0.0,0.0,0.0,0.0,0.0,0.0,0.0,1.0,1.0,0.0,0.0,0.0,1.0,0.0,0.0,0.0,1.0,1.0,1.0,0.0,0.0,1.0,1.0,1.0,27.0,38.0,3.0,44.98665964581284,Medium
162873,Dhurrwan,1565,255,279,328,0,193.52,8.087019429516328,0.1782747603833865,0.2095846645367412,0.0,0.0,0.0,0.0,0.0,0.0,0.0,1.0,0.0,0.0,0.0,0.0,0.0,0.0,0.0,0.0,1.0,1.0,1.0,0.0,0.0,1.0,1.0,1.0,14.0,35.0,0.0,38.39536878878084,Medium
162874,Gulchapa,2026,327,373,665,0,293.52,6.902425729081494,0.184106614017769,0.3282329713721619,0.0,0.0,0.0,0.0,0.0,0.0,0.0,1.0,1.0,1.0,1.0,1.0,1.0,0.0,0.0,0.0,1.0,1.0,1.0,0.0,0.0,1.0,1.0,1.0,14.0,35.0,0.0,45.78152243542453,Medium
162875,Chandopara,2629,360,393,533,0,865.56,3.037339987984657,0.1494864967668314,0.202738683910232,0.0,0.0,0.0,0.0,0.0,0.0,0.0,1.0,0.0,0.0,1.0,0.0,0.0,0.0,0.0,0.0,1.0,1.0,1.0,0.0,0.0,1.0,1.0,0.0,13.0,37.0,0.0,37.2898495640885,Medium
162876,Chaturbhojpoor,1747,279,214,389,0,94.79,18.43021415761156,0.1224957069261591,0.2226674298797939,0.0,0.0,0.0,0.0,0.0,0.0,0.0,1.0,1.0,0.0,0.0,0.0,0.0,0.0,0.0,0.0,1.0,1.0,0.0,0.0,0.0,1.0,1.0,1.0,14.0,35.0,0.0,33.879386966648504,Medium
162877,Jalalpur Chandopara,1212,173,184,406,0,115.69,10.47627279799464,0.1518151815181518,0.334983498349835,0.0,0.0,0.0,0.0,0.0,0.0,0.0,1.0,1.0,1.0,1.0,0.0,0.0,0.0,0.0,0.0,1.0,1.0,1.0,0.0,0.0,0.0,1.0,1.0,13.0,34.0,0.0,34.993487692021745,Medium
162878,Yakoobpur,914,144,155,213,0,79.54,11.491073673623331,0.1695842450765864,0.2330415754923413,0.0,0.0,0.0,0.0,0.0,0.0,0.0,1.0,1.0,0.0,1.0,0.0,1.0,0.0,0.0,0.0,1.0,1.0,1.0,0.0,1.0,1.0,1.0,1.0,12.0,38.0,0.0,42.55857831402447,Medium
162879,Mahuwa Kothi,1720,308,243,380,0,92.52,18.590575010808475,0.1412790697674418,0.2209302325581395,0.0,0.0,0.0,0.0,0.0,0.0,0.0,1.0,1.0,0.0,1.0,0.0,0.0,0.0,0.0,0.0,1.0,1.0,1.0,0.0,0.0,1.0,1.0,1.0,12.0,38.0,0.0,34.4407958589259,Medium
162880,Chakiya Chandopara,751,96,138,90,0,37.42,20.069481560662748,0.1837549933422103,0.1198402130492676,0.0,0.0,0.0,0.0,0.0,0.0,0.0,1.0,1.0,1.0,1.0,0.0,1.0,0.0,0.0,0.0,1.0,1.0,1.0,0.0,0.0,1.0,1.0,1.0,13.0,37.0,0.0,45.27043569430262,Medium
162881,Bhawanipur,1697,268,271,225,0,76.18,22.27618797584668,0.1596935769004125,0.1325869180907483,0.0,0.0,0.0,0.0,0.0,0.0,0.0,1.0,1.0,0.0,0.0,0.0,1.0,0.0,0.0,0.0,1.0,1.0,1.0,0.0,0.0,0.0,1.0,1.0,8.0,40.0,0.0,44.70306587981418,Medium
162882,Pattiram,1109,191,178,494,0,47.23,23.480838450137625,0.1605049594229035,0.4454463480613165,0.0,0.0,0.0,0.0,0.0,0.0,0.0,1.0,1.0,0.0,1.0,0.0,1.0,0.0,0.0,0.0,1.0,1.0,1.0,0.0,0.0,0.0,1.0,0.0,8.0,40.0,0.0,46.34123939753148,Medium
162883,Sanda Barauna,1291,211,215,345,0,175.76,7.345243513882568,0.1665375677769171,0.2672347017815646,0.0,0.0,0.0,0.0,0.0,0.0,0.0,1.0,1.0,1.0,1.0,0.0,0.0,0.0,0.0,0.0,1.0,1.0,1.0,0.0,0.0,0.0,1.0,0.0,8.0,41.0,0.0,34.967668244299176,Medium
162884,Ara Kalan,5804,904,950,1260,0,990.62,5.85895701681775,0.1636802205375603,0.217091660923501,0.0,0.0,0.0,0.0,0.0,0.0,0.0,1.0,1.0,1.0,0.0,1.0,1.0,1.0,0.0,0.0,1.0,1.0,1.0,0.0,0.0,1.0,1.0,1.0,16.0,35.0,35.0,44.57011693577503,Medium
162885,Bibiwari,195,26,41,0,0,35.3,5.524079320113315,0.2102564102564102,0.0,0.0,0.0,0.0,0.0,0.0,0.0,0.0,1.0,0.0,0.0,1.0,0.0,0.0,0.0,0.0,0.0,1.0,1.0,1.0,1.0,0.0,0.0,1.0,1.0,13.0,30.0,0.0,35.70150757838072,Medium
162886,Mahatikar,826,110,140,0,0,41.69,19.812904773326935,0.1694915254237288,0.0,0.0,0.0,0.0,0.0,0.0,0.0,0.0,1.0,1.0,1.0,0.0,0.0,0.0,0.0,0.0,0.0,1.0,1.0,1.0,0.0,0.0,0.0,1.0,1.0,8.0,40.0,0.0,34.23278022542445,Medium
162887,Nanda Patti,284,50,46,104,0,32.42,8.760024676125848,0.1619718309859155,0.3661971830985915,0.0,0.0,0.0,0.0,0.0,0.0,0.0,1.0,0.0,0.0,1.0,0.0,0.0,0.0,0.0,0.0,1.0,1.0,1.0,0.0,0.0,0.0,1.0,0.0,8.0,41.0,0.0,38.71701728807629,Medium
162888,Balipur,818,130,132,184,0,33.91,24.122677676201715,0.1613691931540342,0.2249388753056234,0.0,0.0,0.0,0.0,0.0,0.0,0.0,1.0,1.0,0.0,0.0,0.0,1.0,0.0,0.0,0.0,0.0,0.0,1.0,0.0,0.0,1.0,1.0,1.0,12.0,30.0,0.0,55.29102129600746,Medium
162889,Usmapur,585,81,131,65,0,47.65,12.277019937040924,0.2239316239316239,0.1111111111111111,0.0,0.0,0.0,0.0,0.0,0.0,0.0,1.0,1.0,0.0,0.0,0.0,1.0,0.0,0.0,0.0,1.0,1.0,1.0,1.0,0.0,1.0,1.0,1.0,13.0,30.0,0.0,43.61166524935391,Medium
162890,Nagnathpur,402,52,58,0,0,37.57,10.700026616981637,0.1442786069651741,0.0,0.0,0.0,0.0,0.0,0.0,0.0,0.0,1.0,1.0,1.0,0.0,0.0,1.0,0.0,0.0,0.0,0.0,0.0,0.0,0.0,0.0,1.0,1.0,1.0,12.0,30.0,0.0,53.101673658438365,Medium
162891,Ghurepur,352,49,70,79,0,35.17,10.008529997156668,0.1988636363636363,0.2244318181818181,0.0,0.0,0.0,0.0,0.0,0.0,0.0,1.0,1.0,0.0,1.0,0.0,0.0,0.0,0.0,0.0,0.0,0.0,1.0,0.0,0.0,1.0,1.0,1.0,12.0,30.0,0.0,45.83294948277143,Medium
162892,Basgit,3159,506,500,816,0,170.96,18.478006551240057,0.1582779360557138,0.258309591642925,0.0,0.0,0.0,0.0,0.0,0.0,0.0,1.0,1.0,0.0,0.0,0.0,0.0,0.0,0.0,0.0,0.0,0.0,1.0,0.0,0.0,1.0,1.0,1.0,13.0,30.0,0.0,45.13302985927384,Medium
162893,Raniyadih,867,126,133,182,0,46.6,18.605150214592275,0.1534025374855824,0.209919261822376,0.0,0.0,0.0,0.0,0.0,0.0,0.0,1.0,1.0,0.0,0.0,0.0,1.0,0.0,0.0,0.0,1.0,0.0,1.0,0.0,0.0,0.0,1.0,1.0,15.0,3.0,0.0,49.7500443651139,Medium
162894,Antaraura Ta. Basagit,2400,352,367,658,0,168.32,14.258555133079849,0.1529166666666666,0.2741666666666666,0.0,0.0,0.0,0.0,0.0,0.0,0.0,1.0,1.0,1.0,0.0,0.0,1.0,0.0,0.0,0.0,1.0,1.0,1.0,1.0,0.0,1.0,1.0,1.0,15.0,35.0,0.0,42.37797448488598,Medium
162895,Maharupur,1431,193,283,101,0,61.05,23.43980343980344,0.1977638015373864,0.0705800139762403,0.0,0.0,0.0,0.0,0.0,0.0,0.0,1.0,1.0,0.0,0.0,0.0,1.0,0.0,0.0,0.0,0.0,0.0,1.0,1.0,0.0,0.0,1.0,1.0,15.0,36.0,0.0,53.08298564233769,Medium
162896,Inayat Patti,2425,348,365,354,0,143.74,16.87073883400584,0.1505154639175257,0.1459793814432989,0.0,0.0,0.0,0.0,0.0,0.0,0.0,0.0,0.0,0.0,0.0,0.0,1.0,0.0,0.0,1.0,1.0,1.0,0.0,1.0,1.0,1.0,1.0,1.0,14.0,35.0,0.0,45.939080909645234,Medium
162897,Dhoraha,831,146,150,171,0,67.43,12.3238914429779,0.1805054151624548,0.2057761732851985,0.0,0.0,0.0,0.0,0.0,0.0,0.0,1.0,1.0,1.0,1.0,0.0,1.0,0.0,0.0,0.0,1.0,1.0,1.0,1.0,0.0,0.0,1.0,1.0,14.0,35.0,0.0,42.78413164042678,Medium
162898,Nau Bazar,855,149,158,0,0,29.9,28.59531772575251,0.1847953216374269,0.0,0.0,0.0,0.0,0.0,0.0,0.0,0.0,1.0,0.0,0.0,0.0,0.0,0.0,0.0,0.0,0.0,1.0,1.0,1.0,0.0,0.0,1.0,1.0,0.0,9.0,38.0,0.0,38.386357821197606,Medium
162899,Saidaha Ta. Utaraw,699,106,102,214,0,71.34,9.798149705634987,0.1459227467811159,0.3061516452074392,0.0,0.0,0.0,0.0,0.0,0.0,0.0,1.0,1.0,0.0,0.0,0.0,0.0,0.0,0.0,0.0,0.0,1.0,1.0,0.0,0.0,0.0,0.0,1.0,15.0,38.0,0.0,39.64467115139567,Medium
162900,Dughara Ta. Utaraw,627,89,102,72,0,57.61,10.88352716542267,0.1626794258373205,0.1148325358851674,0.0,0.0,0.0,0.0,0.0,0.0,0.0,1.0,1.0,0.0,0.0,0.0,1.0,0.0,0.0,0.0,0.0,0.0,1.0,1.0,1.0,1.0,0.0,0.0,15.0,36.0,0.0,49.23540639550331,Medium
162901,Muohammadpur Ta. Utaraw,461,65,71,113,0,40.9,11.271393643031786,0.1540130151843818,0.2451193058568329,0.0,0.0,0.0,0.0,0.0,0.0,0.0,1.0,1.0,0.0,0.0,0.0,1.0,0.0,0.0,0.0,1.0,1.0,1.0,0.0,0.0,1.0,1.0,1.0,9.0,38.0,0.0,44.642796887370565,Medium
162902,Karauha,997,176,186,579,0,40.9,24.376528117359413,0.1865596790371113,0.5807422266800402,0.0,0.0,0.0,0.0,0.0,0.0,0.0,1.0,1.0,0.0,0.0,0.0,0.0,0.0,0.0,0.0,1.0,1.0,1.0,0.0,0.0,1.0,1.0,1.0,8.0,37.0,0.0,37.83619088885328,Medium
162903,Navali,461,79,82,104,0,223.68,2.0609799713876966,0.1778741865509761,0.2255965292841648,0.0,0.0,0.0,0.0,0.0,0.0,0.0,1.0,1.0,0.0,1.0,0.0,1.0,0.0,0.0,0.0,1.0,1.0,0.0,0.0,0.0,0.0,1.0,1.0,45.0,45.0,45.0,44.88228849903543,Medium
162904,Chak Jalil,359,60,63,37,0,229.9,1.5615484993475424,0.1754874651810584,0.1030640668523676,0.0,0.0,0.0,0.0,0.0,0.0,0.0,1.0,1.0,0.0,0.0,0.0,0.0,0.0,0.0,0.0,0.0,0.0,0.0,1.0,0.0,1.0,0.0,0.0,45.0,45.0,45.0,41.677488062664814,Medium
162905,Dholi,767,128,121,109,0,119.58,6.414116072921893,0.1577574967405476,0.1421121251629726,0.0,0.0,0.0,0.0,0.0,0.0,0.0,1.0,1.0,0.0,0.0,0.0,0.0,1.0,1.0,1.0,1.0,1.0,1.0,0.0,0.0,0.0,1.0,0.0,40.0,34.0,40.0,34.040365528921114,Medium
162906,Goaharpur Ta. Jalalpur,477,82,112,88,0,82.585,5.775867288248472,0.2348008385744235,0.1844863731656184,0.0,0.0,0.0,0.0,0.0,0.0,0.0,1.0,1.0,0.0,0.0,0.0,0.0,0.0,0.0,0.0,1.0,0.0,1.0,0.0,0.0,1.0,0.0,0.0,40.0,34.0,40.0,41.53729241158069,Medium
162907,Saidaha Jalalpur,718,118,104,422,0,427.77,1.6784720761156695,0.1448467966573816,0.5877437325905293,0.0,0.0,0.0,0.0,0.0,0.0,0.0,1.0,1.0,0.0,0.0,0.0,0.0,0.0,0.0,0.0,0.0,0.0,0.0,1.0,1.0,1.0,1.0,1.0,45.0,45.0,45.0,40.68647420057647,Medium
162908,Akabarpur Mugarason,588,90,87,433,0,305.06,1.92748967416246,0.1479591836734693,0.7363945578231292,0.0,0.0,0.0,0.0,0.0,0.0,0.0,1.0,1.0,0.0,0.0,0.0,0.0,0.0,0.0,0.0,1.0,1.0,0.0,0.0,0.0,0.0,1.0,0.0,45.0,45.0,45.0,36.53333947154002,Medium
162909,Sindhora Parsottam,838,148,109,412,0,326.4,2.5674019607843137,0.130071599045346,0.4916467780429594,0.0,0.0,0.0,0.0,0.0,0.0,0.0,1.0,0.0,0.0,0.0,0.0,0.0,0.0,0.0,0.0,0.0,0.0,0.0,0.0,0.0,1.0,1.0,1.0,45.0,45.0,45.0,48.132619382235816,Medium
162910,Chinitamanpur,306,54,43,59,0,339.04,0.9025483718735252,0.1405228758169934,0.1928104575163398,0.0,0.0,0.0,0.0,0.0,0.0,0.0,1.0,1.0,0.0,0.0,0.0,0.0,0.0,0.0,0.0,0.0,0.0,0.0,0.0,0.0,0.0,1.0,1.0,45.0,45.0,45.0,43.550184433252944,Medium
162911,Mugarson,2917,459,457,467,0,302.68,9.637240650191622,0.1566678093932122,0.1600959890298251,0.0,0.0,1.0,0.0,0.0,0.0,0.0,1.0,1.0,1.0,1.0,0.0,0.0,0.0,0.0,0.0,0.0,0.0,0.0,0.0,0.0,1.0,1.0,1.0,45.0,45.0,45.0,40.89679487996619,Medium
162912,Baranpur,952,165,153,155,0,302.68,3.145235892691952,0.1607142857142857,0.1628151260504201,0.0,0.0,0.0,0.0,0.0,0.0,0.0,1.0,1.0,1.0,0.0,0.0,0.0,0.0,0.0,0.0,1.0,1.0,0.0,0.0,0.0,1.0,1.0,1.0,45.0,45.0,45.0,34.09816875944859,Medium
162913,Shahpur,197,36,37,0,0,272.72,0.7223525960692284,0.1878172588832487,0.0,0.0,0.0,0.0,0.0,0.0,0.0,0.0,1.0,1.0,1.0,1.0,0.0,0.0,0.0,0.0,0.0,0.0,0.0,0.0,0.0,0.0,1.0,1.0,1.0,45.0,45.0,45.0,43.99755403751512,Medium
162914,Pyareypur,1622,219,321,410,0,332.68,4.875556089936275,0.1979038224414303,0.2527743526510481,0.0,0.0,0.0,0.0,0.0,0.0,0.0,1.0,1.0,0.0,0.0,0.0,1.0,0.0,0.0,0.0,0.0,0.0,0.0,0.0,0.0,1.0,1.0,1.0,45.0,45.0,45.0,55.73480127914407,Medium
162915,Salimpur Fatuha,602,116,87,315,0,60.04,10.026648900732845,0.1445182724252491,0.5232558139534884,0.0,0.0,0.0,0.0,0.0,0.0,0.0,1.0,1.0,0.0,0.0,0.0,0.0,0.0,0.0,0.0,0.0,0.0,1.0,1.0,0.0,1.0,1.0,1.0,20.0,19.0,20.0,43.19745358774985,Medium
162916,Miraipur,459,76,49,49,0,23.54,19.498725573491928,0.1067538126361655,0.1067538126361655,0.0,0.0,0.0,0.0,0.0,0.0,0.0,1.0,1.0,0.0,0.0,0.0,0.0,0.0,0.0,0.0,0.0,0.0,1.0,0.0,0.0,1.0,0.0,0.0,20.0,19.0,20.0,42.8714989437326,Medium
162917,Rasulpur Fatuha,296,39,41,0,0,35.89,8.24742268041237,0.1385135135135135,0.0,0.0,0.0,0.0,0.0,0.0,0.0,0.0,1.0,0.0,0.0,0.0,0.0,1.0,0.0,0.0,0.0,0.0,0.0,1.0,0.0,0.0,0.0,1.0,1.0,25.0,25.0,0.0,56.16120379702972,Medium
162918,Fatuha,7311,1064,1354,1686,0,143.66,50.89099262146736,0.1852003829845438,0.2306114074681986,0.0,,0.0,0.0,0.0,0.0,0.0,1.0,0.0,0.0,0.0,0.0,0.0,0.0,0.0,0.0,0.0,0.0,1.0,0.0,0.0,1.0,1.0,1.0,25.0,25.0,0.0,50.46835864468766,Medium
162919,Kajipur Fatuha,206,33,28,0,0,36.85,5.59023066485753,0.1359223300970873,0.0,0.0,0.0,0.0,0.0,0.0,0.0,0.0,1.0,1.0,0.0,0.0,0.0,0.0,0.0,0.0,1.0,1.0,0.0,1.0,0.0,0.0,0.0,1.0,1.0,25.0,25.0,0.0,37.64087196515042,Medium
162920,Foolaha Urf Rasulaha,422,61,65,215,0,24.14,17.48135874067937,0.1540284360189573,0.509478672985782,0.0,0.0,0.0,0.0,0.0,0.0,0.0,1.0,1.0,1.0,1.0,0.0,1.0,0.0,0.0,0.0,0.0,0.0,0.0,0.0,0.0,0.0,1.0,1.0,25.0,25.0,0.0,56.22040838433099,Medium
162921,Chak Azam,366,63,78,286,0,11.21,32.64942016057092,0.2131147540983606,0.7814207650273224,0.0,0.0,0.0,0.0,0.0,0.0,0.0,1.0,1.0,1.0,1.0,0.0,1.0,0.0,0.0,0.0,0.0,0.0,1.0,0.0,1.0,1.0,0.0,1.0,19.0,19.0,1.0,57.47641485049374,Medium
162922,Kahara,4733,700,899,1518,0,129.27,36.61329001315077,0.1899429537291358,0.3207268117473061,0.0,0.0,0.0,0.0,0.0,0.0,0.0,1.0,1.0,1.0,1.0,0.0,0.0,0.0,0.0,0.0,0.0,1.0,0.0,0.0,0.0,1.0,1.0,1.0,20.0,19.0,20.0,42.14078429801624,Medium
162923,Chak Sikandara,886,145,105,461,0,136.01,6.5142268950812445,0.118510158013544,0.5203160270880361,0.0,0.0,0.0,0.0,0.0,0.0,0.0,1.0,1.0,0.0,1.0,0.0,0.0,0.0,0.0,0.0,1.0,1.0,0.0,1.0,1.0,1.0,1.0,0.0,45.0,45.0,45.0,29.75808140587778,Low
162924,Parsottampur,1932,308,277,750,0,145.75,13.25557461406518,0.1433747412008281,0.3881987577639751,0.0,0.0,0.0,0.0,0.0,0.0,0.0,1.0,1.0,0.0,1.0,0.0,0.0,0.0,0.0,0.0,1.0,1.0,1.0,0.0,0.0,1.0,1.0,1.0,19.0,20.0,19.0,35.120634896633995,Medium
162925,Muinuddinpur,1064,219,130,117,0,104.03,10.227818898394691,0.1221804511278195,0.1099624060150376,0.0,0.0,0.0,0.0,0.0,0.0,0.0,1.0,1.0,0.0,1.0,0.0,0.0,0.0,0.0,0.0,0.0,0.0,1.0,0.0,0.0,1.0,1.0,1.0,20.0,20.0,20.0,42.96912396344311,Medium
162926,Tikari,1652,262,250,217,0,55.36,29.841040462427745,0.1513317191283293,0.1313559322033898,0.0,0.0,0.0,0.0,0.0,0.0,0.0,1.0,0.0,1.0,0.0,0.0,1.0,0.0,0.0,0.0,1.0,1.0,1.0,0.0,0.0,1.0,1.0,1.0,20.0,20.0,20.0,48.09045317912818,Medium
162927,Sahabajpur Khas,1203,194,180,151,0,82.17,14.640379700620665,0.1496259351620947,0.1255195344970906,0.0,0.0,0.0,0.0,0.0,0.0,0.0,1.0,1.0,0.0,1.0,0.0,0.0,0.0,0.0,0.0,1.0,1.0,1.0,1.0,0.0,1.0,1.0,1.0,16.0,31.0,0.0,31.551717398837788,Low
162928,Saryan Yusuf,1438,240,282,601,0,124.72,11.529826812059012,0.1961057023643949,0.4179415855354659,0.0,0.0,0.0,0.0,0.0,0.0,0.0,1.0,1.0,1.0,0.0,0.0,0.0,0.0,0.0,0.0,0.0,0.0,1.0,0.0,0.0,0.0,1.0,1.0,16.0,31.0,0.0,46.78031560113994,Medium
162929,Motiha,2894,453,555,790,0,193.34,14.96844936381504,0.1917760884588804,0.2729785763648928,0.0,0.0,1.0,0.0,0.0,0.0,0.0,1.0,1.0,0.0,0.0,0.0,0.0,0.0,0.0,0.0,0.0,0.0,1.0,0.0,0.0,1.0,1.0,1.0,15.0,35.0,0.0,42.73367400697977,Medium
162930,Birahimpur,203,27,33,0,0,45.97,4.415923428322819,0.1625615763546798,0.0,0.0,0.0,0.0,0.0,0.0,0.0,0.0,1.0,1.0,0.0,0.0,0.0,0.0,0.0,0.0,0.0,1.0,0.0,1.0,0.0,0.0,1.0,1.0,1.0,15.0,35.0,0.0,38.391762166179,Medium
162931,Pakari,1872,260,301,63,0,91.46,20.467964137327797,0.1607905982905983,0.0336538461538461,0.0,0.0,0.0,0.0,0.0,0.0,0.0,1.0,1.0,0.0,1.0,0.0,0.0,0.0,0.0,0.0,0.0,0.0,1.0,1.0,0.0,1.0,0.0,1.0,0.0,0.0,0.0,41.66695750091244,Medium
162932,Barauna,2586,517,499,1152,0,211.82,12.208478897176848,0.1929621036349574,0.445475638051044,0.0,0.0,0.0,0.0,0.0,0.0,0.0,1.0,1.0,0.0,1.0,0.0,0.0,0.0,0.0,0.0,0.0,0.0,1.0,0.0,0.0,1.0,1.0,1.0,19.0,23.0,19.0,46.85158388667269,Medium
162933,Barethi,6487,1163,951,1583,0,276.63,23.450095795828364,0.1466008940958841,0.2440265145675967,0.0,0.0,0.0,0.0,0.0,0.0,0.0,1.0,1.0,0.0,0.0,0.0,0.0,0.0,0.0,0.0,0.0,0.0,1.0,0.0,0.0,1.0,1.0,1.0,15.0,30.0,0.0,44.91575414086428,Medium
162934,Saidupur,411,73,91,88,0,91.1,4.51152579582876,0.2214111922141119,0.2141119221411192,0.0,0.0,0.0,0.0,0.0,0.0,0.0,1.0,0.0,0.0,1.0,,0.0,0.0,0.0,0.0,0.0,0.0,1.0,0.0,0.0,1.0,1.0,1.0,25.0,25.0,25.0,49.565074728741926,Medium
162935,Muntjibpur,1208,182,182,243,0,64.39,18.760677123776983,0.1506622516556291,0.201158940397351,0.0,0.0,0.0,0.0,0.0,0.0,0.0,1.0,1.0,1.0,0.0,0.0,0.0,0.0,0.0,0.0,1.0,0.0,1.0,0.0,0.0,1.0,1.0,0.0,25.0,25.0,0.0,39.63042940630511,Medium
162936,Chak Mujamil,597,98,91,491,0,38.53,15.494419932520112,0.152428810720268,0.8224455611390284,0.0,0.0,0.0,0.0,0.0,0.0,0.0,1.0,1.0,1.0,1.0,0.0,1.0,0.0,0.0,0.0,0.0,0.0,0.0,0.0,0.0,0.0,1.0,1.0,25.0,25.0,0.0,57.65555169540724,Medium
162937,Dadupur,1044,170,223,579,0,122.73,8.50647763383036,0.2136015325670498,0.5545977011494253,0.0,,0.0,0.0,0.0,0.0,0.0,1.0,1.0,0.0,1.0,0.0,0.0,0.0,0.0,0.0,1.0,1.0,0.0,1.0,0.0,1.0,1.0,1.0,20.0,22.0,20.0,35.364151808626495,Medium
162938,Doadhuya,1081,169,196,288,0,75.62,14.295160010579211,0.1813135985198889,0.2664199814986124,0.0,0.0,0.0,0.0,0.0,0.0,0.0,1.0,1.0,1.0,1.0,1.0,1.0,0.0,0.0,0.0,1.0,1.0,1.0,1.0,0.0,0.0,1.0,1.0,19.0,22.0,19.0,43.19265419701623,Medium
162939,Saray Bansi,1011,215,152,343,0,93.68,10.792058070025618,0.1503461918892186,0.3392680514342235,0.0,0.0,0.0,0.0,0.0,0.0,0.0,1.0,1.0,1.0,1.0,0.0,0.0,0.0,0.0,0.0,0.0,0.0,0.0,0.0,0.0,1.0,1.0,1.0,8.0,37.0,0.0,44.98382577106313,Medium
162940,Utarava,3440,682,513,499,0,33.8,101.77514792899407,0.1491279069767442,0.1450581395348837,0.0,0.0,0.0,0.0,0.0,0.0,0.0,1.0,1.0,0.0,0.0,0.0,1.0,0.0,0.0,0.0,0.0,0.0,1.0,0.0,0.0,1.0,1.0,1.0,9.0,38.0,0.0,57.71742699415137,Medium
162941,Poadan,1596,238,293,542,0,41.98,38.01810385898047,0.1835839598997493,0.3395989974937343,0.0,0.0,0.0,0.0,0.0,0.0,0.0,1.0,1.0,0.0,1.0,0.0,0.0,0.0,0.0,0.0,1.0,1.0,1.0,0.0,0.0,1.0,1.0,1.0,9.0,38.0,0.0,37.102140966178936,Medium
162942,Chabilaha,638,84,86,122,0,52.84,12.074186222558668,0.1347962382445141,0.1912225705329153,0.0,0.0,0.0,0.0,0.0,0.0,0.0,1.0,1.0,0.0,1.0,0.0,0.0,0.0,0.0,0.0,1.0,1.0,1.0,0.0,0.0,1.0,1.0,1.0,9.0,38.0,0.0,33.82982050996867,Medium
162943,Samodhipur,3764,529,618,637,0,240.8,15.631229235880395,0.1641870350690754,0.1692348565356004,0.0,0.0,0.0,0.0,0.0,0.0,0.0,1.0,1.0,0.0,0.0,0.0,0.0,0.0,0.0,0.0,0.0,0.0,1.0,0.0,0.0,1.0,1.0,1.0,9.0,38.0,0.0,44.74787046332777,Medium
162944,Pyagipur,1692,294,225,669,0,93.68,18.06148590947908,0.1329787234042553,0.3953900709219858,0.0,0.0,0.0,0.0,0.0,0.0,0.0,1.0,1.0,1.0,0.0,0.0,0.0,0.0,0.0,0.0,0.0,0.0,0.0,0.0,0.0,1.0,1.0,1.0,8.0,37.0,0.0,45.04232866327424,Medium
162945,Bhura,776,121,107,106,0,101.11,7.674809613292454,0.1378865979381443,0.1365979381443298,0.0,0.0,0.0,0.0,0.0,0.0,0.0,1.0,1.0,1.0,0.0,0.0,1.0,0.0,1.0,0.0,0.0,1.0,1.0,0.0,0.0,0.0,1.0,1.0,12.0,36.0,0.0,48.4685069972232,Medium
162946,Baldiha,1095,159,153,411,0,55.89,19.59205582393988,0.1397260273972602,0.3753424657534246,0.0,0.0,0.0,0.0,0.0,0.0,0.0,1.0,1.0,1.0,1.0,0.0,1.0,0.0,0.0,0.0,0.0,0.0,0.0,1.0,0.0,1.0,1.0,1.0,12.0,34.0,0.0,52.70744636607178,Medium
162947,Maksudna,1576,250,273,258,0,109.92,14.337700145560408,0.1732233502538071,0.1637055837563451,0.0,0.0,0.0,0.0,0.0,0.0,0.0,1.0,1.0,0.0,1.0,0.0,1.0,0.0,0.0,0.0,0.0,0.0,1.0,1.0,0.0,0.0,1.0,1.0,10.0,34.0,0.0,52.43812399883186,Medium
162948,Chaka,2399,354,380,596,0,115.84,20.70959944751381,0.1583993330554397,0.2484368486869529,0.0,0.0,0.0,0.0,0.0,0.0,0.0,1.0,1.0,1.0,0.0,0.0,1.0,0.0,0.0,0.0,0.0,0.0,1.0,1.0,0.0,1.0,0.0,1.0,8.0,35.0,0.0,52.67907053321914,Medium
162949,Dhansipur,1217,163,206,571,1,68.07,17.878654326428677,0.1692686935086277,0.4691865242399343,0.000821692686935,0.0,0.0,0.0,0.0,0.0,0.0,1.0,1.0,0.0,0.0,0.0,1.0,0.0,0.0,0.0,0.0,0.0,1.0,0.0,0.0,1.0,0.0,1.0,11.0,38.0,38.0,56.51211205824648,Medium
162950,Rehimpatti,1221,188,229,89,0,89.75,13.604456824512535,0.1875511875511875,0.0728910728910729,0.0,0.0,0.0,0.0,0.0,0.0,0.0,1.0,0.0,0.0,0.0,0.0,1.0,0.0,0.0,0.0,0.0,0.0,1.0,0.0,0.0,0.0,1.0,1.0,12.0,39.0,39.0,58.217069135496224,Medium
162951,Mardapur,2972,457,580,929,0,229.71,12.938052326846892,0.1951547779273216,0.3125841184387617,0.0,0.0,0.0,0.0,0.0,0.0,0.0,1.0,1.0,0.0,0.0,0.0,0.0,0.0,0.0,0.0,0.0,0.0,1.0,0.0,0.0,0.0,1.0,1.0,10.0,37.0,37.0,46.28290637373429,Medium
162952,Dewanipur,988,137,188,71,0,83.57,11.822424314945556,0.1902834008097166,0.0718623481781376,0.0,0.0,0.0,0.0,0.0,0.0,0.0,1.0,0.0,1.0,0.0,0.0,0.0,0.0,0.0,0.0,0.0,0.0,1.0,0.0,0.0,0.0,1.0,1.0,12.0,39.0,39.0,48.22061522892079,Medium
162953,Sujoala,849,123,136,48,0,78.32,10.840143003064352,0.160188457008245,0.0565371024734982,0.0,0.0,0.0,0.0,0.0,0.0,0.0,1.0,1.0,0.0,0.0,0.0,0.0,0.0,0.0,0.0,0.0,0.0,1.0,0.0,0.0,1.0,1.0,1.0,10.0,39.0,35.0,43.86741621889246,Medium
162954,Badhaya,718,118,111,0,0,190.25,3.773981603153745,0.1545961002785515,0.0,0.0,0.0,0.0,0.0,0.0,0.0,0.0,1.0,1.0,0.0,0.0,0.0,1.0,0.0,0.0,0.0,0.0,0.0,1.0,0.0,0.0,1.0,1.0,1.0,12.0,25.0,25.0,53.126401414728,Medium
162955,Thulama,1211,212,154,351,0,110.91,10.918762960959336,0.1271676300578034,0.2898431048720066,0.0,0.0,1.0,0.0,0.0,0.0,0.0,1.0,1.0,0.0,0.0,0.0,1.0,0.0,0.0,0.0,1.0,0.0,1.0,0.0,0.0,0.0,0.0,0.0,5.0,30.0,30.0,45.713220919823286,Medium
162956,Dhudehri,964,122,136,53,0,61.46,15.68499837292548,0.1410788381742738,0.0549792531120331,0.0,0.0,0.0,0.0,0.0,0.0,0.0,1.0,1.0,0.0,0.0,0.0,0.0,0.0,0.0,0.0,1.0,0.0,1.0,0.0,0.0,0.0,0.0,0.0,5.0,30.0,30.0,38.4855575113146,Medium
162957,Benipur,1350,261,174,211,0,45.77,29.4953025999563,0.1288888888888889,0.1562962962962963,0.0,0.0,0.0,0.0,0.0,0.0,0.0,1.0,1.0,1.0,0.0,0.0,1.0,0.0,0.0,0.0,0.0,0.0,1.0,0.0,0.0,0.0,0.0,0.0,5.0,30.0,30.0,54.19432011440709,Medium
162958,Lilvar Asepur,184,28,25,6,0,31.72,5.800756620428752,0.1358695652173913,0.0326086956521739,0.0,0.0,0.0,0.0,0.0,0.0,0.0,1.0,1.0,0.0,1.0,,1.0,0.0,0.0,0.0,1.0,0.0,1.0,0.0,0.0,0.0,0.0,0.0,5.0,30.0,30.0,47.81098926571383,Medium
162959,Lilvar Bida,831,130,152,173,0,46.2,17.987012987012985,0.1829121540312876,0.2081829121540312,0.0,0.0,0.0,0.0,0.0,0.0,0.0,1.0,1.0,0.0,0.0,0.0,0.0,0.0,0.0,0.0,1.0,0.0,1.0,0.0,0.0,0.0,1.0,0.0,5.0,30.0,30.0,40.60123348240308,Medium
162960,Dhankeshra,699,131,99,301,0,56.79,12.308505018489171,0.1416309012875536,0.4306151645207439,0.0,0.0,0.0,0.0,0.0,0.0,0.0,1.0,1.0,0.0,0.0,1.0,0.0,0.0,0.0,0.0,1.0,0.0,1.0,0.0,0.0,0.0,0.0,0.0,5.0,30.0,30.0,40.24145849486528,Medium
162961,Oasepur,3259,486,477,831,0,119.59,27.25144242829668,0.1463639153114452,0.2549861920834612,0.0,0.0,0.0,0.0,0.0,0.0,0.0,0.0,0.0,0.0,0.0,0.0,1.0,0.0,0.0,0.0,0.0,0.0,1.0,0.0,0.0,0.0,1.0,0.0,12.0,25.0,25.0,61.7864201470036,Medium
162962,Jiratrameswhr,390,64,59,57,0,138.29,2.820160532214911,0.1512820512820512,0.1461538461538461,0.0,0.0,0.0,0.0,0.0,0.0,0.0,1.0,0.0,0.0,0.0,,1.0,1.0,1.0,1.0,1.0,1.0,1.0,0.0,0.0,0.0,0.0,1.0,12.0,25.0,25.0,47.05186165199357,Medium
162963,Chak Budh Bharati,349,54,41,0,0,22.02,15.849227974568574,0.1174785100286533,0.0,0.0,0.0,0.0,0.0,0.0,0.0,0.0,1.0,0.0,0.0,0.0,0.0,0.0,1.0,1.0,1.0,1.0,1.0,1.0,0.0,0.0,1.0,0.0,0.0,12.0,25.0,25.0,35.84273781022559,Medium
162964,Jamshedpur Urf Lalapur,2481,345,354,115,0,234.54,10.578152980301867,0.1426844014510278,0.0463522773075372,0.0,0.0,0.0,0.0,0.0,0.0,0.0,1.0,0.0,0.0,0.0,,1.0,0.0,0.0,0.0,1.0,1.0,1.0,1.0,0.0,1.0,1.0,0.0,20.0,25.0,25.0,44.11393080286812,Medium
162965,Patti Pawart,863,116,100,0,0,55.72,15.488155061019382,0.115874855156431,0.0,0.0,0.0,0.0,0.0,0.0,0.0,0.0,1.0,1.0,1.0,1.0,0.0,1.0,0.0,0.0,0.0,0.0,1.0,1.0,1.0,0.0,1.0,1.0,1.0,25.0,16.0,16.0,44.946447613024695,Medium
162966,Sangram Patti,1587,259,242,422,0,68.29,23.23912725142773,0.1524889729048519,0.2659105229993699,0.0,0.0,0.0,0.0,0.0,0.0,0.0,1.0,1.0,0.0,0.0,0.0,1.0,0.0,0.0,1.0,1.0,0.0,1.0,1.0,0.0,1.0,1.0,1.0,14.0,25.0,25.0,47.6931415794693,Medium
162967,Sanraydasu Urf Haripur,2670,412,366,827,6,125.72,21.237671014953865,0.1370786516853932,0.3097378277153558,0.0022471910112359,0.0,0.0,0.0,0.0,0.0,0.0,1.0,0.0,0.0,0.0,0.0,0.0,1.0,1.0,1.0,1.0,0.0,1.0,1.0,0.0,1.0,1.0,1.0,14.0,25.0,25.0,40.754659894481485,Medium
162968,Binda Chak Mukim,4185,613,563,757,0,146.32,28.60169491525424,0.1345280764635603,0.1808841099163679,0.0,0.0,0.0,0.0,0.0,0.0,0.0,1.0,1.0,0.0,0.0,0.0,1.0,1.0,1.0,0.0,1.0,1.0,1.0,0.0,0.0,1.0,1.0,1.0,10.0,30.0,0.0,44.44968991048735,Medium
162969,Bizhawaniya,1675,276,237,947,0,114.59,14.617331355266602,0.1414925373134328,0.5653731343283582,0.0,0.0,0.0,0.0,0.0,0.0,0.0,1.0,1.0,0.0,1.0,,1.0,0.0,0.0,0.0,1.0,1.0,1.0,0.0,0.0,0.0,0.0,1.0,13.0,30.0,0.0,46.006035720988784,Medium
162970,Bhadwan,2498,414,414,874,0,902.68,2.7673151061284176,0.165732586068855,0.3498799039231385,0.0,0.0,0.0,0.0,0.0,0.0,0.0,1.0,1.0,0.0,1.0,0.0,0.0,0.0,0.0,0.0,0.0,1.0,0.0,1.0,0.0,0.0,0.0,0.0,10.0,55.0,0.0,37.6685016618996,Medium
162971,Anjana,4042,554,704,495,0,173.87,23.247253695289583,0.1741712023750618,0.1224641266699653,0.0,0.0,0.0,0.0,0.0,0.0,0.0,1.0,0.0,0.0,0.0,,1.0,0.0,0.0,0.0,0.0,0.0,1.0,1.0,0.0,1.0,0.0,1.0,8.0,32.0,0.0,55.96004397237151,Medium
162972,Hakim Patty,935,153,140,249,1,115.34,8.106467834229235,0.1497326203208556,0.2663101604278075,0.0010695187165775,0.0,0.0,0.0,0.0,0.0,0.0,1.0,0.0,0.0,0.0,1.0,1.0,1.0,1.0,1.0,1.0,1.0,1.0,0.0,0.0,1.0,1.0,1.0,10.0,32.0,0.0,47.84906926707096,Medium
162973,Chak Bida Urf Saidabad,3279,472,470,195,0,97.69,33.565359811649095,0.1433363830436108,0.0594693504117108,0.0,1.0,,1.0,1.0,1.0,0.0,1.0,1.0,0.0,0.0,1.0,1.0,1.0,1.0,1.0,1.0,1.0,1.0,1.0,1.0,1.0,1.0,1.0,9.0,30.0,0.0,25.97763649594141,Low
162974,Sarai Mansoor,1454,224,271,906,0,262.85,5.531672056305878,0.186382393397524,0.6231086657496562,0.0,0.0,0.0,0.0,0.0,0.0,0.0,1.0,1.0,1.0,0.0,0.0,0.0,0.0,0.0,0.0,1.0,1.0,1.0,0.0,0.0,0.0,0.0,1.0,10.0,32.0,0.0,37.26780927922788,Medium
162975,Bajaha Mishran,4554,674,617,1111,0,228.4,19.93870402802101,0.1354852876592007,0.2439613526570048,0.0,0.0,0.0,0.0,0.0,0.0,0.0,1.0,1.0,1.0,0.0,0.0,0.0,0.0,0.0,0.0,1.0,1.0,1.0,0.0,0.0,1.0,0.0,1.0,12.0,34.0,0.0,34.43757268611057,Medium
162976,Badika,293,47,48,0,0,105.95,2.765455403492213,0.1638225255972696,0.0,0.0,0.0,0.0,0.0,0.0,0.0,0.0,1.0,0.0,0.0,0.0,0.0,0.0,0.0,0.0,0.0,1.0,1.0,1.0,1.0,0.0,1.0,1.0,1.0,15.0,42.0,0.0,34.19505719101493,Medium
162977,Ramipur,433,41,87,0,0,126.85,3.4134804887662598,0.2009237875288683,0.0,0.0,0.0,0.0,0.0,0.0,0.0,0.0,1.0,1.0,1.0,0.0,0.0,0.0,0.0,0.0,0.0,1.0,1.0,0.0,0.0,0.0,1.0,1.0,1.0,15.0,40.0,0.0,34.50140832675896,Medium
162978,Sarai Civil Urf Khapriya,2845,509,392,600,120,186.94,15.218786776505832,0.1377855887521968,0.210896309314587,0.0421792618629174,0.0,0.0,0.0,0.0,0.0,0.0,1.0,1.0,0.0,0.0,0.0,1.0,0.0,0.0,0.0,1.0,1.0,1.0,1.0,0.0,1.0,1.0,1.0,10.0,38.0,0.0,42.65431229572473,Medium
162979,Bigahiya,3402,459,479,447,0,144.74,23.504214453502836,0.1407995296884185,0.1313932980599647,0.0,0.0,1.0,0.0,0.0,0.0,0.0,1.0,1.0,0.0,0.0,0.0,1.0,0.0,0.0,0.0,1.0,1.0,1.0,1.0,0.0,1.0,1.0,1.0,12.0,42.0,0.0,38.34743913690853,Medium
162980,Dusaotii,4006,740,610,1514,0,100.21,39.9760502943818,0.1522715926110833,0.3779331003494758,0.0,0.0,0.0,0.0,0.0,0.0,0.0,0.0,0.0,0.0,0.0,0.0,1.0,1.0,1.0,1.0,1.0,1.0,1.0,0.0,1.0,1.0,1.0,1.0,81.0,32.0,0.0,50.60161734089584,Medium
162981,Mahuwa Diha,2936,428,437,680,2,229.51,12.792470916299944,0.148841961852861,0.2316076294277929,0.0006811989100817,0.0,0.0,0.0,0.0,0.0,0.0,1.0,1.0,0.0,0.0,0.0,1.0,0.0,1.0,1.0,1.0,1.0,0.0,0.0,0.0,1.0,1.0,1.0,9.0,33.0,0.0,44.49891854109688,Medium
162982,Paharpur,1300,212,209,244,0,79.94,16.262196647485613,0.1607692307692307,0.1876923076923076,0.0,0.0,0.0,0.0,0.0,0.0,0.0,1.0,1.0,0.0,0.0,1.0,1.0,0.0,0.0,1.0,1.0,1.0,1.0,0.0,0.0,0.0,0.0,1.0,10.0,35.0,0.0,44.7635687944521,Medium
162983,Avarata,1732,354,311,471,4,69.27,25.003609065973727,0.1795612009237875,0.2719399538106236,0.0023094688221709,0.0,0.0,0.0,0.0,0.0,0.0,1.0,1.0,0.0,0.0,,1.0,0.0,0.0,1.0,1.0,1.0,1.0,0.0,0.0,0.0,0.0,1.0,11.0,33.0,0.0,46.16315503479764,Medium
162984,Amora,1990,327,337,767,0,137.05,14.520248084640642,0.1693467336683417,0.385427135678392,0.0,0.0,0.0,0.0,0.0,0.0,0.0,1.0,1.0,1.0,0.0,0.0,1.0,0.0,0.0,1.0,0.0,1.0,1.0,0.0,0.0,1.0,1.0,1.0,9.0,34.0,0.0,50.9379395813211,Medium
162985,Naga,144,20,20,0,0,83.4,1.7266187050359711,0.1388888888888889,0.0,0.0,0.0,0.0,0.0,0.0,0.0,0.0,1.0,1.0,1.0,0.0,0.0,0.0,0.0,0.0,0.0,0.0,1.0,0.0,0.0,0.0,1.0,0.0,0.0,9.0,34.0,0.0,37.57099808054869,Medium
162986,Raghupur,2009,316,319,692,0,110.91,18.11378595257416,0.1587854654056744,0.344449975111996,0.0,0.0,0.0,0.0,0.0,0.0,0.0,1.0,1.0,0.0,0.0,0.0,1.0,0.0,0.0,0.0,1.0,1.0,1.0,0.0,0.0,1.0,1.0,0.0,4.0,33.0,0.0,45.56398100748128,Medium
162987,Bhiski,3228,454,511,1153,0,329.15,9.807078839434908,0.1583023543990086,0.3571871127633209,0.0,0.0,0.0,0.0,0.0,0.0,0.0,1.0,1.0,1.0,0.0,0.0,1.0,1.0,1.0,1.0,0.0,1.0,1.0,0.0,0.0,1.0,1.0,1.0,6.0,34.0,0.0,50.27160388120829,Medium
162988,Jalalpur Mardapur,1744,344,268,233,0,128.12,13.612238526381518,0.1536697247706422,0.1336009174311926,0.0,0.0,0.0,0.0,0.0,0.0,0.0,0.0,0.0,0.0,0.0,0.0,1.0,0.0,0.0,0.0,0.0,0.0,1.0,1.0,0.0,1.0,0.0,1.0,6.0,35.0,0.0,58.33782778952862,Medium
162989,Jogapur,1705,255,284,311,0,132.14,12.902981686090513,0.1665689149560117,0.1824046920821114,0.0,0.0,0.0,0.0,0.0,0.0,0.0,1.0,1.0,0.0,0.0,0.0,1.0,1.0,1.0,1.0,1.0,1.0,1.0,0.0,0.0,1.0,0.0,1.0,3.0,37.0,0.0,44.77299125782572,Medium
162990,Kusari,1031,164,140,161,0,134.83,7.646666172216865,0.1357904946653734,0.1561590688651794,0.0,0.0,0.0,0.0,0.0,0.0,0.0,1.0,1.0,0.0,0.0,0.0,1.0,1.0,1.0,1.0,1.0,1.0,1.0,1.0,0.0,1.0,1.0,1.0,4.0,36.0,0.0,41.00227230218098,Medium
162991,Ganeshipur Kachhar,0,0,0,0,0,549.93,0.0,,,,,,,,,,,,,,,,,,,,,,,,,,,14.0,37.0,0.0,45.0,Medium
162992,Ganeshipur Uperhar,4742,762,750,722,0,281.98,16.816795517412583,0.1581611134542387,0.1522564318852804,0.0,0.0,0.0,0.0,0.0,0.0,0.0,1.0,1.0,1.0,1.0,1.0,1.0,0.0,0.0,0.0,0.0,0.0,1.0,1.0,0.0,1.0,1.0,1.0,14.0,37.0,0.0,52.03095084712663,Medium
162993,Biyour,2604,502,426,196,0,228.96,11.373165618448636,0.1635944700460829,0.075268817204301,0.0,0.0,0.0,0.0,0.0,0.0,0.0,1.0,1.0,0.0,0.0,0.0,0.0,0.0,0.0,1.0,1.0,0.0,1.0,0.0,0.0,1.0,1.0,1.0,15.0,40.0,0.0,39.08517292525996,Medium
162994,Kanakpur Mavaiya,1927,293,287,35,0,77.21,24.9579070068644,0.1489361702127659,0.0181629475869226,0.0,0.0,0.0,0.0,0.0,0.0,0.0,1.0,1.0,,,0.0,0.0,0.0,1.0,1.0,1.0,0.0,1.0,0.0,0.0,1.0,1.0,1.0,12.0,36.0,0.0,38.9184953667676,Medium
162995,Kheruya,1700,271,257,764,0,83.66,20.320344250537893,0.1511764705882353,0.4494117647058823,0.0,0.0,0.0,0.0,0.0,0.0,0.0,1.0,0.0,0.0,0.0,,,0.0,0.0,1.0,0.0,0.0,1.0,0.0,0.0,1.0,1.0,1.0,12.0,39.0,0.0,49.28458650728009,Medium
162996,Garaghanpur,1243,355,223,0,0,89.95,13.818788215675374,0.1794046661303298,0.0,0.0,0.0,0.0,0.0,0.0,0.0,0.0,1.0,0.0,0.0,0.0,0.0,0.0,0.0,0.0,1.0,0.0,0.0,1.0,0.0,0.0,1.0,1.0,1.0,16.0,37.0,0.0,47.61703137556084,Medium
162997,Garhawa,1222,160,197,59,0,83.43,14.64700946901594,0.1612111292962356,0.0482815057283142,0.0,0.0,0.0,0.0,0.0,0.0,0.0,1.0,1.0,0.0,1.0,0.0,1.0,0.0,0.0,1.0,1.0,0.0,1.0,0.0,0.0,0.0,1.0,1.0,18.0,45.0,0.0,49.01335569324915,Medium
162998,Pura Khudi,1287,186,221,333,0,484.73,2.655086336723537,0.1717171717171717,0.2587412587412587,0.0,0.0,0.0,0.0,0.0,0.0,0.0,1.0,1.0,1.0,0.0,0.0,1.0,0.0,0.0,0.0,0.0,0.0,1.0,1.0,0.0,0.0,1.0,0.0,0.0,0.0,0.0,52.38773118968053,Medium
162999,Duma Duma,5447,940,900,650,0,306.0,17.80065359477124,0.1652285661832201,0.1193317422434367,0.0,0.0,0.0,0.0,0.0,0.0,0.0,1.0,1.0,0.0,1.0,0.0,0.0,0.0,0.0,1.0,0.0,0.0,1.0,0.0,0.0,1.0,1.0,1.0,10.0,19.0,42.0,44.61880695107202,Medium
163000,Rasulpur Mawaiya,2056,291,286,184,0,239.41,8.587778288292052,0.1391050583657587,0.0894941634241245,0.0,0.0,0.0,0.0,0.0,0.0,0.0,1.0,1.0,1.0,,0.0,0.0,1.0,0.0,0.0,0.0,0.0,1.0,0.0,0.0,1.0,1.0,1.0,20.0,50.0,0.0,43.30708295424277,Medium
163001,Teliya Tara,2003,439,327,179,0,63.0,31.793650793650794,0.163255117324014,0.0893659510733899,0.0,0.0,0.0,0.0,0.0,0.0,0.0,1.0,0.0,0.0,0.0,0.0,1.0,0.0,0.0,0.0,0.0,0.0,1.0,0.0,1.0,1.0,1.0,1.0,18.0,35.0,35.0,55.81849601266171,Medium
163002,Usmapur Uperhar,2414,365,453,358,0,255.08,9.463697663478124,0.1876553438276719,0.148301574150787,0.0,0.0,0.0,0.0,0.0,0.0,0.0,1.0,1.0,0.0,1.0,0.0,0.0,0.0,0.0,0.0,1.0,0.0,1.0,0.0,0.0,1.0,1.0,1.0,23.0,35.0,35.0,40.09364613262995,Medium
163003,Usmapur Kachhar,0,0,0,0,0,163.17,0.0,,,,,,,,,,,,,,,,,,,,,,,,,,,23.0,35.0,35.0,45.0,Medium
163004,Hariharpur Kachhar,0,0,0,0,0,204.21,0.0,,,,,,,,,,,,,,,,,,,,,,,,,,,23.0,35.0,35.0,45.0,Medium
163005,Hariharpur Uperhar,1059,153,181,99,0,141.42,7.488332626219772,0.1709159584513692,0.093484419263456,0.0,0.0,0.0,0.0,0.0,0.0,0.0,1.0,1.0,0.0,0.0,0.0,0.0,0.0,0.0,0.0,0.0,0.0,1.0,0.0,0.0,1.0,1.0,1.0,20.0,45.0,45.0,44.23615233641281,Medium
163006,Indravar,211,31,49,0,0,41.89,5.037001671043209,0.2322274881516587,0.0,0.0,0.0,0.0,0.0,0.0,0.0,0.0,1.0,0.0,0.0,0.0,0.0,1.0,0.0,0.0,1.0,0.0,0.0,0.0,1.0,0.0,0.0,1.0,1.0,38.0,38.0,0.0,56.34061141788592,Medium
163007,Barhauli,3487,743,543,536,0,381.99,9.12851121757114,0.1557212503584743,0.1537137940923429,0.0,0.0,0.0,0.0,0.0,0.0,0.0,1.0,0.0,0.0,0.0,0.0,0.0,0.0,0.0,1.0,1.0,0.0,1.0,1.0,0.0,0.0,0.0,0.0,0.0,0.0,0.0,39.98223498823823,Medium
163008,Pure Tiwari,294,47,30,40,0,121.12,2.427344782034346,0.1020408163265306,0.1360544217687075,0.0,0.0,0.0,0.0,0.0,0.0,0.0,1.0,1.0,0.0,0.0,0.0,1.0,0.0,0.0,0.0,0.0,0.0,1.0,0.0,0.0,1.0,0.0,0.0,0.0,0.0,0.0,52.174641673761336,Medium
163009,Baharpur,1026,123,128,5,0,280.49,3.65788441655674,0.124756335282651,0.0048732943469785,0.0,0.0,0.0,0.0,0.0,0.0,0.0,1.0,1.0,0.0,0.0,0.0,1.0,0.0,0.0,1.0,1.0,0.0,1.0,0.0,0.0,0.0,0.0,0.0,0.0,0.0,0.0,47.25080105258852,Medium
163010,Mavaiya,677,110,100,27,0,92.78,7.2968312136236255,0.1477104874446085,0.0398818316100443,0.0,0.0,0.0,0.0,0.0,0.0,0.0,1.0,1.0,0.0,1.0,0.0,0.0,0.0,1.0,1.0,1.0,1.0,1.0,0.0,0.0,0.0,0.0,1.0,0.0,0.0,0.0,33.26410078316118,Medium
163011,Shiki Khurdh,1086,170,183,161,0,138.92,7.817448891448317,0.1685082872928177,0.1482504604051565,0.0,0.0,0.0,0.0,0.0,0.0,0.0,1.0,1.0,0.0,1.0,1.0,0.0,0.0,0.0,0.0,1.0,0.0,1.0,0.0,0.0,0.0,0.0,0.0,8.0,40.0,8.0,39.45128557658182,Medium
163012,Shiki Kala,578,97,96,178,0,62.35,9.270248596631916,0.1660899653979238,0.3079584775086505,0.0,0.0,0.0,0.0,0.0,0.0,0.0,1.0,1.0,1.0,0.0,0.0,1.0,0.0,0.0,0.0,1.0,0.0,1.0,1.0,0.0,0.0,0.0,0.0,8.0,40.0,8.0,47.73701472474445,Medium
163013,Chak Nandu,1997,384,367,134,0,259.92,7.68313327177593,0.1837756634952428,0.0671006509764647,0.0,0.0,0.0,0.0,0.0,0.0,0.0,1.0,1.0,0.0,1.0,1.0,0.0,1.0,1.0,1.0,1.0,1.0,1.0,0.0,0.0,0.0,1.0,1.0,7.0,40.0,7.0,34.498034794616785,Medium
163014,Ghatampur,1841,241,295,384,0,123.07,14.958966441862357,0.160239000543183,0.2085822922324823,0.0,0.0,0.0,0.0,0.0,0.0,0.0,1.0,1.0,0.0,1.0,1.0,0.0,1.0,0.0,0.0,1.0,1.0,1.0,1.0,0.0,1.0,1.0,1.0,7.0,45.0,0.0,32.298523347068986,Low
163015,Katahara,3524,625,528,627,28,286.82,12.286451432954468,0.1498297389330306,0.1779228149829738,0.0079455164585698,0.0,0.0,0.0,0.0,0.0,0.0,1.0,1.0,0.0,0.0,0.0,0.0,0.0,0.0,0.0,1.0,1.0,1.0,1.0,1.0,1.0,1.0,0.0,8.0,45.0,0.0,29.41277451386514,Low
163016,Rasulpur Siya Dih,546,62,82,3,0,69.16,7.894736842105264,0.1501831501831501,0.0054945054945054,0.0,0.0,0.0,0.0,0.0,0.0,0.0,0.0,0.0,0.0,0.0,0.0,1.0,0.0,0.0,0.0,1.0,1.0,1.0,0.0,0.0,1.0,0.0,1.0,8.0,46.0,0.0,49.85759641442319,Medium
163017,Masoidiya,32,7,3,24,0,6.38,5.015673981191223,0.09375,0.75,0.0,0.0,0.0,0.0,0.0,0.0,0.0,1.0,1.0,0.0,0.0,0.0,0.0,0.0,0.0,1.0,1.0,1.0,1.0,0.0,0.0,0.0,1.0,1.0,9.0,49.0,0.0,35.10207645133266,Medium
163018,Sadulaha,822,112,96,196,0,58.91,13.953488372093023,0.1167883211678832,0.2384428223844282,0.0,0.0,0.0,0.0,0.0,0.0,0.0,1.0,1.0,0.0,0.0,0.0,1.0,1.0,0.0,0.0,1.0,0.0,1.0,1.0,0.0,1.0,1.0,1.0,10.0,50.0,0.0,46.102960638214505,Medium
163019,Rampur Saray Pitha,666,108,118,229,0,46.36,14.365832614322692,0.1771771771771771,0.3438438438438438,0.0,0.0,0.0,0.0,0.0,0.0,0.0,1.0,1.0,1.0,0.0,0.0,0.0,0.0,0.0,1.0,1.0,0.0,1.0,0.0,1.0,1.0,1.0,1.0,10.0,50.0,0.0,38.45858690625533,Medium
163020,Dhoura Hara,2738,423,476,980,0,153.62,17.823200104153106,0.1738495252008765,0.3579254930606282,0.0,0.0,0.0,0.0,0.0,0.0,0.0,1.0,1.0,0.0,0.0,0.0,1.0,1.0,0.0,0.0,1.0,0.0,1.0,0.0,0.0,1.0,0.0,1.0,6.0,45.0,45.0,51.07133158187767,Medium
163021,Annaw,676,131,110,225,0,96.11,7.0336073249401725,0.1627218934911242,0.3328402366863905,0.0,0.0,0.0,0.0,0.0,0.0,0.0,1.0,1.0,0.0,0.0,0.0,1.0,0.0,0.0,0.0,1.0,0.0,1.0,1.0,0.0,0.0,0.0,0.0,7.0,44.0,0.0,47.6684112969038,Medium
163022,Siya Dih,4200,588,688,924,0,258.91,16.221853153605498,0.1638095238095238,0.22,0.0,0.0,0.0,0.0,0.0,0.0,0.0,1.0,0.0,0.0,0.0,0.0,0.0,0.0,0.0,1.0,1.0,0.0,1.0,1.0,0.0,1.0,0.0,0.0,5.0,44.0,44.0,40.8479904672939,Medium
163023,Arjun Patti,2539,340,490,356,0,176.36,14.39668859151735,0.1929893658920835,0.14021268215833,0.0,0.0,0.0,0.0,0.0,0.0,0.0,1.0,1.0,0.0,0.0,0.0,0.0,0.0,0.0,0.0,0.0,1.0,1.0,1.0,0.0,1.0,1.0,1.0,5.0,45.0,5.0,37.91606554846847,Medium
163024,Khanapur,1342,186,238,63,0,160.53,8.359808135550987,0.1773472429210134,0.0469448584202682,0.0,0.0,0.0,0.0,0.0,0.0,0.0,1.0,1.0,0.0,1.0,0.0,1.0,0.0,0.0,0.0,0.0,1.0,0.0,1.0,0.0,0.0,1.0,1.0,5.0,45.0,5.0,46.73222789665566,Medium
163025,Saripur,725,118,138,455,0,91.43,7.92956360056874,0.1903448275862068,0.6275862068965518,0.0,0.0,0.0,0.0,0.0,0.0,0.0,1.0,0.0,0.0,0.0,0.0,0.0,0.0,0.0,0.0,0.0,0.0,0.0,0.0,0.0,1.0,1.0,1.0,5.0,45.0,5.0,50.84100397680583,Medium
163026,Govindapur Ratipur,115,14,19,0,0,9.5,12.105263157894736,0.1652173913043478,0.0,0.0,0.0,0.0,0.0,0.0,0.0,0.0,1.0,0.0,0.0,0.0,0.0,1.0,0.0,0.0,1.0,1.0,0.0,1.0,1.0,0.0,1.0,0.0,1.0,7.0,47.0,47.0,49.62095345736323,Medium
163027,Ratipur,300,40,49,0,0,16.78,17.878426698450536,0.1633333333333333,0.0,0.0,0.0,0.0,0.0,0.0,0.0,0.0,0.0,0.0,0.0,0.0,0.0,1.0,0.0,0.0,1.0,0.0,0.0,1.0,1.0,0.0,1.0,0.0,1.0,7.0,47.0,47.0,58.13515592940015,Medium
163028,Kisunipur,939,107,130,145,0,67.55,13.90081421169504,0.1384451544195953,0.154419595314164,0.0,0.0,0.0,0.0,0.0,0.0,0.0,1.0,0.0,0.0,0.0,0.0,1.0,0.0,0.0,1.0,0.0,1.0,1.0,1.0,0.0,1.0,0.0,1.0,7.0,46.0,46.0,49.66371688693411,Medium
163029,Bathupur,519,75,73,138,0,44.05,11.782065834279228,0.140655105973025,0.2658959537572254,0.0,0.0,0.0,0.0,0.0,0.0,0.0,1.0,0.0,0.0,0.0,0.0,1.0,0.0,0.0,1.0,0.0,0.0,1.0,1.0,0.0,1.0,0.0,1.0,6.0,44.0,44.0,55.20027488222422,Medium
163030,Jatapur,1635,262,255,435,0,116.31,14.057260768635542,0.1559633027522936,0.2660550458715596,0.0,0.0,0.0,0.0,0.0,0.0,0.0,1.0,1.0,0.0,0.0,0.0,1.0,0.0,0.0,0.0,1.0,1.0,1.0,0.0,0.0,1.0,1.0,1.0,5.0,45.0,5.0,44.92053829524337,Medium
163031,Kichakila,887,113,178,342,0,142.75,6.213660245183888,0.2006764374295377,0.3855693348365276,0.0,0.0,0.0,0.0,0.0,0.0,0.0,1.0,0.0,0.0,0.0,0.0,1.0,0.0,0.0,1.0,1.0,1.0,0.0,0.0,0.0,0.0,0.0,0.0,4.0,45.0,45.0,49.870310443452,Medium
163032,Rikhipur,1362,181,203,64,0,76.03,17.91398132316191,0.1490455212922173,0.0469897209985315,0.0,0.0,0.0,0.0,0.0,0.0,0.0,1.0,0.0,0.0,0.0,0.0,1.0,0.0,1.0,0.0,1.0,0.0,1.0,0.0,0.0,0.0,0.0,1.0,4.0,45.0,45.0,52.109598836097526,Medium
163033,Mandar,2147,305,370,847,0,210.68,10.190810708183026,0.1723334885887284,0.3945039590125757,0.0,0.0,0.0,0.0,0.0,0.0,0.0,1.0,0.0,0.0,0.0,0.0,1.0,0.0,0.0,0.0,1.0,0.0,1.0,0.0,0.0,1.0,1.0,1.0,6.0,46.0,0.0,54.22823441911109,Medium
163034,Arai,2546,374,415,458,0,154.76,16.45127940036185,0.1630007855459544,0.1798900235663786,0.0,0.0,0.0,0.0,0.0,0.0,0.0,1.0,1.0,0.0,0.0,0.0,1.0,0.0,0.0,0.0,1.0,0.0,1.0,0.0,0.0,1.0,1.0,1.0,5.0,45.0,0.0,49.799279047291456,Medium
163035,Dighari,714,100,113,7,0,83.11,8.591023944170377,0.1582633053221288,0.0098039215686274,0.0,0.0,0.0,0.0,0.0,0.0,0.0,1.0,0.0,0.0,0.0,0.0,1.0,0.0,0.0,0.0,1.0,0.0,1.0,0.0,0.0,1.0,1.0,1.0,7.0,47.0,0.0,51.81684594745602,Medium
163036,Paramanandapur,349,50,51,0,0,43.33,8.054465728132934,0.1461318051575931,0.0,0.0,0.0,0.0,0.0,0.0,0.0,0.0,1.0,1.0,1.0,0.0,0.0,1.0,0.0,0.0,0.0,0.0,0.0,1.0,0.0,0.0,0.0,1.0,0.0,4.0,45.0,45.0,53.0484848768504,Medium
163037,Chak  Ajij Urph Birapur,1202,195,157,243,0,130.36,9.220619822031296,0.1306156405990016,0.2021630615640599,0.0,0.0,0.0,0.0,0.0,0.0,0.0,1.0,0.0,0.0,0.0,0.0,0.0,0.0,0.0,0.0,0.0,0.0,1.0,0.0,0.0,1.0,1.0,1.0,5.0,45.0,0.0,46.97510051298969,Medium
163038,Chak Mada,1910,280,328,343,0,194.31,9.829653646235396,0.1717277486910994,0.1795811518324607,0.0,0.0,0.0,0.0,0.0,0.0,0.0,1.0,0.0,0.0,0.0,0.0,1.0,0.0,1.0,1.0,1.0,1.0,0.0,0.0,0.0,1.0,1.0,1.0,3.0,48.0,0.0,48.12059750842202,Medium
163039,Upardaha,7596,1125,1233,776,0,651.5,11.6592478894858,0.1623222748815166,0.1021590310689836,0.0,0.0,0.0,0.0,0.0,0.0,0.0,1.0,0.0,0.0,0.0,0.0,0.0,0.0,1.0,1.0,1.0,1.0,0.0,0.0,0.0,1.0,1.0,1.0,5.0,50.0,0.0,37.526555096334086,Medium
163040,Bharopur,175,38,34,5,0,28.82,6.072172102706454,0.1942857142857142,0.0285714285714285,0.0,0.0,0.0,0.0,0.0,0.0,0.0,1.0,1.0,0.0,0.0,0.0,1.0,0.0,0.0,0.0,0.0,1.0,0.0,1.0,0.0,0.0,1.0,0.0,1.0,41.0,1.0,47.05444793144286,Medium
163041,Tara Gav,2980,409,513,286,0,241.93,12.317612532550738,0.1721476510067114,0.0959731543624161,0.0,0.0,0.0,0.0,0.0,0.0,0.0,1.0,0.0,0.0,0.0,0.0,0.0,0.0,0.0,0.0,0.0,0.0,0.0,0.0,0.0,1.0,1.0,1.0,1.0,41.0,1.0,47.81745876742487,Medium
163042,Bala,1659,245,312,609,0,92.51,17.93319641119879,0.1880650994575045,0.3670886075949367,0.0,0.0,0.0,0.0,0.0,0.0,0.0,1.0,0.0,0.0,0.0,0.0,0.0,0.0,0.0,0.0,0.0,1.0,0.0,1.0,0.0,1.0,1.0,1.0,2.0,42.0,4.0,42.38147073310976,Medium
163043,Basupur,2377,372,372,279,0,111.69,21.282120153997678,0.1564997896508203,0.1173748422381152,0.0,0.0,0.0,0.0,0.0,0.0,0.0,1.0,1.0,0.0,0.0,0.0,1.0,1.0,1.0,1.0,1.0,1.0,0.0,0.0,0.0,0.0,1.0,0.0,2.0,47.0,0.0,44.49031609092649,Medium
163044,Benipur Makharut,0,0,0,0,0,19.2,0.0,,,,,,,,,,,,,,,,,,,,,,,,,,,5.0,45.0,5.0,45.0,Medium
163045,Jauara Dih,2017,295,313,314,0,1797.9,1.121864397352467,0.1551809618244918,0.1556767476450173,0.0,0.0,0.0,0.0,0.0,0.0,0.0,1.0,1.0,0.0,0.0,0.0,0.0,0.0,1.0,1.0,1.0,1.0,0.0,1.0,0.0,1.0,1.0,1.0,5.0,45.0,0.0,31.313276678042605,Low
163046,Jagua Sodha,5559,750,885,760,0,1818.28,3.0572849066150427,0.1592012951969778,0.1367152365533369,0.0,0.0,0.0,0.0,0.0,0.0,0.0,1.0,1.0,1.0,1.0,1.0,0.0,0.0,0.0,1.0,0.0,1.0,1.0,1.0,0.0,1.0,1.0,1.0,5.0,45.0,5.0,36.41866307637752,Medium
163047,Chakamada Riha,23,4,4,20,0,39.33,0.584795321637427,0.1739130434782608,0.8695652173913043,0.0,0.0,0.0,0.0,0.0,0.0,0.0,1.0,0.0,0.0,0.0,0.0,1.0,0.0,0.0,0.0,0.0,0.0,1.0,0.0,0.0,0.0,1.0,0.0,7.0,40.0,7.0,61.25593067881962,Medium
163048,Bhavanipur,768,104,117,98,0,53.44,14.37125748502994,0.15234375,0.1276041666666666,0.0,0.0,0.0,0.0,0.0,0.0,0.0,1.0,1.0,0.0,1.0,0.0,0.0,0.0,0.0,0.0,1.0,0.0,1.0,0.0,0.0,0.0,0.0,0.0,7.0,40.0,7.0,39.13260877422759,Medium
163049,Sarifpur,2188,305,350,207,0,226.79,9.647691697164776,0.159963436928702,0.0946069469835466,0.0,0.0,0.0,0.0,0.0,0.0,0.0,1.0,0.0,0.0,0.0,0.0,0.0,0.0,0.0,0.0,1.0,0.0,1.0,0.0,0.0,0.0,1.0,1.0,7.0,40.0,7.0,42.33531490660864,Medium
163050,Tatrapur,358,67,61,0,0,55.86,6.408879341210168,0.1703910614525139,0.0,0.0,0.0,0.0,0.0,0.0,0.0,0.0,1.0,1.0,0.0,0.0,0.0,0.0,0.0,0.0,0.0,0.0,1.0,1.0,0.0,0.0,0.0,1.0,1.0,7.0,40.0,7.0,38.70859651151489,Medium
163051,Asawa Dautapur,4506,769,859,753,0,284.19,15.85558957035786,0.1906347092765202,0.1671105193075898,0.0,0.0,0.0,0.0,0.0,0.0,0.0,1.0,0.0,0.0,0.0,0.0,0.0,0.0,0.0,1.0,0.0,1.0,1.0,0.0,0.0,1.0,1.0,0.0,3.0,40.0,0.0,43.87323797124766,Medium
163052,Ghiri Rihi,1882,291,327,255,0,118.96,15.82044384667115,0.1737513283740701,0.1354941551540913,0.0,0.0,0.0,0.0,0.0,0.0,0.0,1.0,0.0,0.0,1.0,0.0,0.0,0.0,0.0,0.0,0.0,1.0,0.0,0.0,0.0,0.0,1.0,1.0,4.0,40.0,4.0,43.20720954103143,Medium
163053,Umari Manoharpur,1007,134,201,46,0,118.96,8.465030262273034,0.1996027805362462,0.0456802383316782,0.0,0.0,0.0,0.0,0.0,0.0,0.0,1.0,0.0,0.0,1.0,0.0,0.0,0.0,0.0,0.0,0.0,1.0,1.0,1.0,0.0,0.0,0.0,0.0,3.0,39.0,3.0,40.73123096256538,Medium
163054,Bagaha,1006,135,190,63,0,102.85,9.781234807972776,0.1888667992047713,0.062624254473161,0.0,0.0,0.0,0.0,0.0,0.0,0.0,1.0,1.0,0.0,1.0,0.0,0.0,1.0,1.0,1.0,1.0,1.0,1.0,1.0,0.0,0.0,1.0,0.0,2.0,34.0,0.0,32.214660234550315,Low
163055,Makanpur,99,17,17,79,0,36.18,2.736318407960199,0.1717171717171717,0.797979797979798,0.0,0.0,0.0,0.0,0.0,0.0,0.0,1.0,1.0,1.0,0.0,0.0,0.0,0.0,1.0,1.0,1.0,1.0,1.0,0.0,0.0,0.0,1.0,0.0,1.0,35.0,0.0,37.58726412603162,Medium
163056,Chak Abdula,1486,199,261,278,0,111.02,13.384975680057648,0.1756393001345895,0.1870794078061911,0.0,0.0,0.0,0.0,0.0,0.0,0.0,1.0,1.0,0.0,1.0,0.0,1.0,1.0,1.0,1.0,1.0,1.0,0.0,0.0,0.0,1.0,1.0,1.0,2.0,47.0,0.0,45.088295850672885,Medium
163057,Kurakath,1247,194,204,309,0,189.11,6.594045793453545,0.1635926222935044,0.247794707297514,0.0,0.0,0.0,0.0,0.0,0.0,0.0,1.0,1.0,1.0,1.0,0.0,1.0,0.0,0.0,0.0,1.0,1.0,0.0,0.0,0.0,0.0,0.0,1.0,35.0,40.0,40.0,44.75123086620755,Medium
163058,Kisora,2079,264,323,240,0,136.21,15.263196534762498,0.1553631553631553,0.1154401154401154,0.0,0.0,0.0,0.0,0.0,0.0,0.0,1.0,0.0,0.0,1.0,0.0,1.0,0.0,0.0,1.0,1.0,1.0,0.0,0.0,0.0,1.0,0.0,0.0,61.0,41.0,0.0,47.53238029777759,Medium
163059,Kanakpur,854,142,119,329,0,88.35,9.666100735710245,0.1393442622950819,0.3852459016393442,0.0,0.0,0.0,0.0,0.0,0.0,0.0,1.0,1.0,0.0,0.0,0.0,0.0,0.0,0.0,0.0,1.0,1.0,1.0,0.0,0.0,0.0,1.0,0.0,2.0,40.0,0.0,34.83735808208655,Medium
163060,Muga Raw,3866,596,605,752,0,328.52,11.76792889321807,0.1564924987066735,0.1945162959130884,0.0,0.0,0.0,0.0,0.0,0.0,0.0,1.0,1.0,0.0,1.0,0.0,0.0,0.0,1.0,1.0,1.0,1.0,1.0,1.0,1.0,1.0,1.0,1.0,3.0,35.0,0.0,29.484583734598225,Low
163061,Chakiy Saray Pitha,247,38,29,0,0,37.51,6.5849106904825385,0.117408906882591,0.0,0.0,0.0,0.0,0.0,0.0,0.0,0.0,1.0,1.0,0.0,0.0,0.0,0.0,0.0,0.0,0.0,0.0,1.0,0.0,1.0,0.0,0.0,1.0,1.0,4.0,40.0,40.0,34.62637023450116,Medium
163062,Dubaki Kala,2304,360,295,710,0,95.29,24.17882254171476,0.1280381944444444,0.3081597222222222,0.0,0.0,0.0,0.0,0.0,0.0,0.0,1.0,1.0,0.0,0.0,0.0,0.0,0.0,0.0,1.0,1.0,1.0,0.0,1.0,0.0,1.0,1.0,1.0,4.0,40.0,40.0,32.209504230544795,Low
163063,Dubaki Kurd,2044,272,308,73,0,71.25,28.68771929824561,0.1506849315068493,0.0357142857142857,0.0,0.0,0.0,0.0,0.0,0.0,0.0,1.0,1.0,0.0,0.0,0.0,0.0,0.0,0.0,1.0,0.0,0.0,1.0,0.0,0.0,1.0,1.0,0.0,7.0,46.0,0.0,44.21208373945942,Medium
163064,Bamaila,4433,688,633,1258,0,261.71,16.938596156050593,0.1427926911797879,0.2837807353936386,0.0,0.0,1.0,0.0,0.0,0.0,0.0,1.0,1.0,0.0,1.0,0.0,1.0,0.0,0.0,0.0,0.0,1.0,1.0,1.0,0.0,1.0,1.0,1.0,12.0,55.0,12.0,43.89919477145928,Medium
163065,Kasaiyauar,1489,188,217,279,0,149.23,9.977886483950948,0.1457353928811282,0.1873740765614506,0.0,0.0,0.0,0.0,0.0,0.0,0.0,1.0,1.0,0.0,1.0,1.0,0.0,0.0,0.0,0.0,1.0,0.0,1.0,0.0,0.0,1.0,1.0,1.0,7.0,45.0,0.0,39.05255341746091,Medium
163066,Chak Adiha Ram,0,0,0,0,0,8.29,0.0,,,,,,,,,,,,,,,,,,,,,,,,,,,0.0,0.0,0.0,45.0,Medium
163067,Rampur Mavaiya,19,3,3,0,0,40.53,0.4687885516901061,0.1578947368421052,0.0,0.0,0.0,0.0,0.0,0.0,0.0,0.0,1.0,1.0,0.0,0.0,0.0,0.0,0.0,0.0,0.0,1.0,0.0,1.0,0.0,0.0,0.0,0.0,0.0,12.0,55.0,12.0,38.08945189335521,Medium
163068,Chanda Naha,1175,133,200,117,0,180.66,6.50393003431861,0.1702127659574468,0.0995744680851063,0.0,0.0,0.0,0.0,0.0,0.0,0.0,1.0,1.0,0.0,0.0,0.0,0.0,0.0,0.0,0.0,0.0,1.0,1.0,0.0,0.0,0.0,0.0,0.0,10.0,45.0,10.0,39.205028445131774,Medium
163069,Chhiyalis Urf Bahatter,59,9,8,0,0,21.07,2.8001898433792123,0.135593220338983,0.0,0.0,0.0,0.0,0.0,0.0,0.0,0.0,1.0,1.0,0.0,0.0,0.0,0.0,0.0,0.0,0.0,0.0,0.0,1.0,1.0,0.0,0.0,0.0,1.0,9.0,50.0,9.0,40.01627297043287,Medium
163070,Dulapur,3298,461,474,682,0,216.73,15.217090388963229,0.1437234687689508,0.2067919951485748,0.0,0.0,0.0,0.0,0.0,0.0,0.0,1.0,1.0,0.0,0.0,0.0,0.0,0.0,0.0,0.0,0.0,0.0,1.0,0.0,0.0,1.0,1.0,1.0,43.0,13.0,45.0,44.30471989327876,Medium
163071,Baboori Ban,201,35,50,15,0,87.92,2.286169244767971,0.2487562189054726,0.0746268656716417,0.0,0.0,0.0,0.0,0.0,0.0,0.0,1.0,1.0,0.0,0.0,0.0,0.0,0.0,0.0,1.0,1.0,0.0,1.0,0.0,0.0,1.0,1.0,1.0,9.0,45.0,0.0,41.26316087184792,Medium
163072,Chhappan Chhiyalis,40,16,11,7,0,14.67,2.7266530334015,0.275,0.175,0.0,0.0,0.0,0.0,0.0,0.0,0.0,1.0,1.0,0.0,0.0,0.0,1.0,0.0,0.0,0.0,0.0,0.0,1.0,0.0,0.0,1.0,1.0,1.0,7.0,45.0,0.0,57.57045254710598,Medium
163073,Pipari,908,108,140,49,0,30.16,30.106100795755967,0.1541850220264317,0.0539647577092511,0.0,0.0,0.0,0.0,0.0,0.0,0.0,1.0,1.0,0.0,0.0,,,0.0,0.0,1.0,0.0,0.0,1.0,0.0,0.0,1.0,1.0,1.0,5.0,40.0,0.0,44.46666226739443,Medium
163074,Ranka,902,130,166,98,0,125.85,7.167262614223282,0.1840354767184035,0.1086474501108647,0.0,0.0,0.0,0.0,0.0,0.0,0.0,1.0,1.0,0.0,0.0,0.0,0.0,0.0,0.0,0.0,1.0,0.0,0.0,1.0,0.0,1.0,1.0,1.0,10.0,43.0,10.0,37.19235072913707,Medium
163075,Amilaouti,731,80,128,1,0,110.61,6.608805713769098,0.1751025991792065,0.0013679890560875,0.0,0.0,0.0,0.0,0.0,0.0,0.0,1.0,1.0,0.0,0.0,0.0,0.0,0.0,0.0,1.0,1.0,1.0,1.0,0.0,0.0,1.0,1.0,1.0,7.0,47.0,0.0,33.86500350538645,Medium
163076,Itiha Ibrahimpur,2655,362,408,514,0,198.94,13.3457323816226,0.1536723163841808,0.1935969868173258,0.0,0.0,0.0,0.0,0.0,0.0,0.0,1.0,1.0,0.0,1.0,0.0,0.0,0.0,0.0,1.0,1.0,1.0,1.0,0.0,0.0,1.0,1.0,1.0,40.0,40.0,40.0,34.460260559707976,Medium
163077,Manikpur,1531,336,261,369,0,163.01,9.392061836697136,0.170476812540823,0.24101894186806,0.0,0.0,0.0,0.0,0.0,0.0,0.0,1.0,1.0,0.0,1.0,0.0,0.0,0.0,0.0,0.0,0.0,0.0,0.0,0.0,0.0,1.0,1.0,1.0,3.0,43.0,3.0,45.03893138735337,Medium
163078,Pure Chandel,34,6,2,0,0,7.87,4.320203303684879,0.0588235294117647,0.0,0.0,0.0,0.0,0.0,0.0,0.0,0.0,1.0,1.0,0.0,0.0,0.0,1.0,0.0,0.0,0.0,0.0,1.0,0.0,1.0,1.0,1.0,1.0,1.0,0.0,0.0,0.0,40.27568477301003,Medium
163079,Rawatpur,655,85,120,380,0,20.75,31.56626506024097,0.183206106870229,0.5801526717557252,0.0,0.0,0.0,0.0,0.0,0.0,0.0,1.0,1.0,0.0,0.0,0.0,0.0,0.0,0.0,0.0,0.0,0.0,1.0,0.0,0.0,1.0,1.0,1.0,0.0,0.0,0.0,48.02827593106125,Medium
163080,Hasanpur Kasaudhan,146,20,17,0,0,60.37,2.4184197449064104,0.1164383561643835,0.0,0.0,0.0,0.0,0.0,0.0,0.0,0.0,1.0,1.0,0.0,1.0,1.0,0.0,0.0,0.0,0.0,0.0,0.0,1.0,0.0,0.0,1.0,0.0,1.0,0.0,0.0,0.0,41.92592876501095,Medium
163081,Prithvipur,2487,297,417,335,0,481.39,5.166289287272274,0.1676718938480096,0.1347004422999597,0.0,0.0,0.0,0.0,0.0,0.0,0.0,1.0,1.0,0.0,0.0,0.0,0.0,0.0,0.0,0.0,0.0,0.0,1.0,0.0,0.0,0.0,0.0,0.0,0.0,0.0,0.0,44.2494287377352,Medium
163082,Kandala Mavaia,773,103,120,318,0,221.49,3.489999548512348,0.1552393272962483,0.4113842173350582,0.0,0.0,0.0,0.0,0.0,0.0,0.0,1.0,0.0,0.0,0.0,0.0,0.0,0.0,0.0,0.0,0.0,0.0,1.0,0.0,0.0,1.0,1.0,1.0,0.0,0.0,0.0,48.52427538222675,Medium
163083,Kandala Kasaudhan,533,88,99,29,0,80.98,6.5818720671770805,0.1857410881801125,0.0544090056285178,0.0,0.0,0.0,0.0,0.0,0.0,0.0,1.0,1.0,0.0,1.0,0.0,0.0,0.0,0.0,0.0,0.0,0.0,1.0,0.0,0.0,1.0,0.0,1.0,0.0,0.0,0.0,44.44825575422487,Medium
163084,Mal Pakhi,87,7,19,0,0,70.88,1.2274266365688489,0.2183908045977011,0.0,0.0,0.0,0.0,0.0,0.0,0.0,0.0,1.0,1.0,0.0,1.0,0.0,1.0,0.0,0.0,0.0,0.0,0.0,1.0,0.0,0.0,1.0,1.0,1.0,0.0,0.0,0.0,54.93552891290724,Medium
163085,Hasahpur Sarayan Pitha,580,81,91,200,0,481.29,1.2050946414843442,0.1568965517241379,0.3448275862068966,0.0,0.0,0.0,0.0,0.0,0.0,0.0,1.0,0.0,0.0,0.0,0.0,1.0,0.0,0.0,0.0,0.0,0.0,1.0,0.0,0.0,0.0,0.0,0.0,0.0,0.0,0.0,58.14725430564638,Medium
163086,Chak Dasha Ram,0,0,0,0,0,10.0,0.0,,,,,,,,,,,,,,,,,,,,,,,,,,,0.0,0.0,0.0,45.0,Medium
163087,Tandhar,104,14,11,36,0,124.0,0.8387096774193549,0.1057692307692307,0.3461538461538461,0.0,0.0,0.0,0.0,0.0,0.0,0.0,1.0,0.0,0.0,0.0,0.0,1.0,0.0,0.0,0.0,0.0,0.0,0.0,0.0,0.0,0.0,0.0,0.0,0.0,0.0,0.0,56.60500032899441,Medium
163088,Chak Kaswodhan,46,7,3,0,0,8.0,5.75,0.0652173913043478,0.0,0.0,0.0,0.0,0.0,0.0,0.0,0.0,1.0,1.0,0.0,0.0,0.0,0.0,0.0,0.0,0.0,0.0,0.0,1.0,0.0,0.0,0.0,0.0,0.0,0.0,0.0,0.0,40.52629347195768,Medium
163089,Kasodhan Urf Lakchha Grah,5432,775,912,1332,0,32.08,169.3266832917706,0.1678939617083946,0.2452135493372606,0.0,0.0,1.0,0.0,0.0,0.0,0.0,1.0,1.0,0.0,0.0,0.0,0.0,0.0,0.0,0.0,0.0,0.0,1.0,0.0,1.0,1.0,1.0,1.0,0.0,0.0,0.0,45.725552683002256,Medium
163090,Kajipur,954,126,139,420,0,60.08,15.878828229027963,0.1457023060796645,0.440251572327044,0.0,0.0,0.0,0.0,0.0,0.0,0.0,1.0,0.0,1.0,0.0,0.0,1.0,0.0,0.0,0.0,0.0,1.0,1.0,0.0,0.0,1.0,0.0,1.0,5.0,45.0,5.0,53.89192670761531,Medium
163091,Belaha Singha Maun,2278,327,338,318,0,97.49,23.366499128115706,0.1483757682177348,0.1395961369622476,0.0,0.0,0.0,0.0,0.0,0.0,0.0,1.0,0.0,1.0,0.0,0.0,1.0,0.0,0.0,0.0,0.0,1.0,1.0,1.0,0.0,1.0,1.0,1.0,4.0,44.0,44.0,50.27674433811909,Medium
163092,Ramdaspur,486,92,92,343,0,38.0,12.789473684210526,0.1893004115226337,0.7057613168724279,0.0,0.0,0.0,0.0,0.0,0.0,0.0,1.0,1.0,0.0,0.0,0.0,1.0,0.0,0.0,0.0,1.0,0.0,1.0,0.0,1.0,0.0,1.0,1.0,0.0,0.0,0.0,50.56705186133348,Medium
163093,Pure Ganderia,403,70,85,172,0,2.62,153.81679389312976,0.2109181141439206,0.4267990074441687,0.0,0.0,0.0,0.0,0.0,0.0,0.0,1.0,1.0,0.0,0.0,0.0,0.0,0.0,1.0,0.0,0.0,1.0,0.0,0.0,1.0,1.0,1.0,1.0,0.0,0.0,0.0,45.61977554502422,Medium
163094,Naharpur,1440,238,240,498,0,127.03,11.335904904353304,0.1666666666666666,0.3458333333333333,0.0,0.0,0.0,0.0,0.0,0.0,0.0,1.0,1.0,0.0,1.0,0.0,1.0,0.0,0.0,0.0,0.0,1.0,0.0,0.0,0.0,1.0,1.0,0.0,7.0,52.0,0.0,50.52862925433052,Medium
163095,Toderpur,449,74,87,365,0,71.6,6.270949720670392,0.1937639198218262,0.8129175946547884,0.0,0.0,0.0,0.0,0.0,0.0,0.0,1.0,1.0,0.0,0.0,0.0,1.0,0.0,0.0,0.0,0.0,1.0,0.0,0.0,0.0,0.0,0.0,1.0,6.0,51.0,0.0,53.46869860826416,Medium
163096,Harsaranpur,497,79,95,378,0,35.33,14.067364845740164,0.1911468812877263,0.7605633802816901,0.0,0.0,0.0,0.0,0.0,0.0,0.0,1.0,1.0,1.0,1.0,0.0,1.0,0.0,0.0,0.0,0.0,1.0,0.0,0.0,0.0,1.0,0.0,1.0,6.0,51.0,0.0,53.44900280019509,Medium
163097,Ahiri,2282,364,355,777,0,276.09,8.265420696149807,0.1555652936021034,0.3404907975460122,0.0,0.0,0.0,0.0,0.0,0.0,0.0,1.0,1.0,0.0,0.0,0.0,0.0,0.0,0.0,0.0,0.0,1.0,0.0,0.0,0.0,1.0,1.0,1.0,6.0,51.0,0.0,40.04261792748154,Medium
163098,Jarahi,2290,296,316,689,0,8.77,261.1174458380844,0.1379912663755458,0.3008733624454148,0.0,0.0,0.0,0.0,0.0,0.0,0.0,1.0,1.0,0.0,0.0,0.0,0.0,0.0,0.0,0.0,0.0,1.0,1.0,0.0,0.0,1.0,1.0,1.0,0.0,0.0,0.0,49.714514827938906,Medium
163099,Gondari,1029,109,146,85,0,134.0,7.67910447761194,0.1418853255587949,0.0826044703595724,0.0,0.0,0.0,0.0,0.0,0.0,0.0,1.0,1.0,0.0,0.0,0.0,0.0,0.0,0.0,0.0,0.0,0.0,1.0,1.0,0.0,1.0,1.0,1.0,0.0,0.0,0.0,40.81867809054428,Medium
163100,Bijhauli,2153,246,387,208,0,208.0,10.350961538461538,0.1797491871806781,0.0966093822573153,0.0,0.0,0.0,0.0,0.0,0.0,0.0,1.0,1.0,1.0,0.0,0.0,0.0,0.0,0.0,0.0,0.0,1.0,1.0,0.0,0.0,1.0,1.0,1.0,0.0,0.0,0.0,39.63448451732319,Medium
163101,Gondaura,1236,165,191,594,0,7.16,172.62569832402235,0.1545307443365695,0.4805825242718446,0.0,0.0,0.0,0.0,0.0,0.0,0.0,1.0,1.0,0.0,0.0,0.0,0.0,0.0,0.0,0.0,0.0,1.0,0.0,0.0,0.0,1.0,1.0,1.0,7.0,52.0,0.0,47.47048894970278,Medium
163102,Chakia Urf Rampur,17,2,5,10,0,40.0,0.425,0.2941176470588235,0.5882352941176471,0.0,0.0,0.0,0.0,0.0,0.0,0.0,1.0,0.0,0.0,0.0,0.0,0.0,1.0,1.0,1.0,1.0,1.0,1.0,0.0,1.0,1.0,1.0,1.0,10.0,55.0,0.0,40.94884843072133,Medium
163103,Bilari,2577,349,410,945,0,98.31,26.212999694842843,0.1590997283663174,0.3667054714784633,0.0,0.0,0.0,0.0,0.0,0.0,0.0,1.0,1.0,0.0,0.0,0.0,0.0,0.0,0.0,0.0,0.0,1.0,0.0,0.0,0.0,1.0,1.0,1.0,10.0,55.0,0.0,41.01772379280787,Medium
163104,Sidhawar Haripur,2591,363,453,650,0,24.2,107.06611570247934,0.1748359706676958,0.2508683905827866,0.0,0.0,0.0,0.0,0.0,0.0,0.0,1.0,1.0,1.0,0.0,0.0,0.0,0.0,0.0,0.0,1.0,1.0,0.0,0.0,0.0,1.0,1.0,1.0,13.0,58.0,0.0,39.23528328223016,Medium
163105,Raypur,656,93,119,20,0,55.57,11.804930718013315,0.1814024390243902,0.0304878048780487,0.0,0.0,0.0,0.0,0.0,0.0,0.0,1.0,0.0,0.0,0.0,0.0,0.0,0.0,0.0,0.0,0.0,1.0,0.0,0.0,0.0,0.0,0.0,1.0,14.0,59.0,0.0,42.74659432702402,Medium
163106,Samaha,1377,185,205,93,0,205.83,6.689986882378662,0.148874364560639,0.0675381263616557,0.0,0.0,0.0,0.0,0.0,0.0,0.0,1.0,1.0,1.0,0.0,0.0,0.0,0.0,0.0,0.0,1.0,1.0,0.0,0.0,0.0,1.0,1.0,1.0,15.0,60.0,0.0,33.412345300413804,Medium
163107,Kihuni,1497,200,267,281,0,78.74,19.01193802387605,0.1783567134268537,0.1877087508350033,0.0,0.0,0.0,0.0,0.0,0.0,0.0,1.0,1.0,0.0,0.0,0.0,1.0,0.0,0.0,0.0,1.0,1.0,1.0,0.0,0.0,1.0,0.0,1.0,17.0,60.0,8.0,45.40434408990399,Medium
163108,Tela Khas,7274,1038,1380,909,0,533.89,13.62452939744142,0.1897167995600769,0.1249656310145724,0.0,0.0,1.0,0.0,0.0,0.0,0.0,1.0,1.0,0.0,0.0,0.0,1.0,0.0,0.0,0.0,1.0,1.0,1.0,0.0,0.0,1.0,0.0,1.0,17.0,60.0,8.0,41.8765689983254,Medium
163109,Bhelasi,2893,364,501,509,0,131.23,22.045264040234706,0.1731766332526788,0.1759419287936398,0.0,0.0,0.0,0.0,0.0,0.0,0.0,1.0,1.0,0.0,0.0,0.0,0.0,0.0,0.0,0.0,1.0,1.0,0.0,1.0,0.0,1.0,1.0,1.0,13.0,53.0,0.0,32.814837095941684,Low
163110,Bahoranpur,223,35,51,99,0,53.83,4.142671372840423,0.2286995515695067,0.4439461883408072,0.0,0.0,0.0,0.0,0.0,0.0,0.0,1.0,0.0,0.0,0.0,0.0,1.0,0.0,0.0,0.0,1.0,1.0,0.0,1.0,0.0,1.0,1.0,0.0,13.0,53.0,0.0,48.417729649199146,Medium
163111,Lamahi,1784,269,286,391,0,86.95,20.517538815411157,0.1603139013452914,0.2191704035874439,0.0,0.0,0.0,0.0,0.0,0.0,0.0,1.0,1.0,1.0,0.0,0.0,1.0,0.0,0.0,0.0,0.0,1.0,1.0,1.0,0.0,1.0,1.0,1.0,13.0,53.0,13.0,47.58227787668495,Medium
163112,Suara,1894,276,302,962,0,104.44,18.134814247414784,0.1594508975712777,0.5079197465681098,0.0,0.0,0.0,0.0,0.0,0.0,0.0,1.0,0.0,0.0,0.0,0.0,0.0,0.0,0.0,0.0,1.0,1.0,0.0,1.0,0.0,1.0,1.0,1.0,14.0,54.0,0.0,37.23549084069392,Medium
163113,Paigaha,1154,176,184,0,0,106.0,10.88679245283019,0.1594454072790294,0.0,0.0,0.0,0.0,0.0,0.0,0.0,0.0,0.0,1.0,0.0,0.0,0.0,0.0,1.0,1.0,1.0,1.0,1.0,1.0,0.0,0.0,1.0,1.0,1.0,14.0,54.0,0.0,36.89769076037139,Medium
163114,Mahakhara,1314,177,213,414,0,106.44,12.344983089064264,0.1621004566210045,0.3150684931506849,0.0,0.0,0.0,0.0,0.0,0.0,0.0,1.0,1.0,0.0,0.0,0.0,0.0,0.0,0.0,0.0,0.0,1.0,0.0,1.0,0.0,0.0,1.0,1.0,15.0,55.0,0.0,37.77931176612694,Medium
163115,Birapur Kasaudhan,1981,246,330,822,0,190.95,10.374443571615608,0.1665825340737001,0.4149419485108531,0.0,0.0,0.0,0.0,0.0,0.0,0.0,1.0,1.0,0.0,0.0,0.0,1.0,1.0,0.0,0.0,0.0,1.0,0.0,1.0,0.0,1.0,1.0,1.0,10.0,55.0,0.0,48.33211333004864,Medium
163116,Baraut,8508,1152,1402,750,1,329.28,25.838192419825077,0.1647860836859426,0.0881523272214386,0.0001175364362952,0.0,0.0,0.0,0.0,0.0,0.0,1.0,1.0,0.0,0.0,0.0,0.0,0.0,1.0,1.0,1.0,1.0,1.0,1.0,1.0,1.0,1.0,1.0,8.0,45.0,8.0,29.78294324254436,Low
163117,Rasar,2322,292,452,494,0,142.0,16.35211267605634,0.1946597760551248,0.2127476313522825,0.0,0.0,0.0,0.0,0.0,0.0,0.0,1.0,1.0,0.0,0.0,0.0,0.0,1.0,1.0,1.0,1.0,1.0,1.0,0.0,0.0,0.0,1.0,1.0,0.0,0.0,0.0,35.9092590933956,Medium
163118,Chhini,1810,287,301,278,0,133.12,13.596754807692308,0.1662983425414364,0.1535911602209944,0.0,0.0,0.0,0.0,0.0,0.0,0.0,1.0,1.0,0.0,1.0,0.0,1.0,0.0,0.0,0.0,0.0,0.0,0.0,0.0,1.0,1.0,1.0,1.0,10.0,50.0,0.0,52.149334183732165,Medium
163119,Pure Gobai,1548,239,244,266,0,157.81,9.809264305177113,0.1576227390180878,0.1718346253229974,0.0,0.0,0.0,0.0,0.0,0.0,0.0,1.0,1.0,0.0,0.0,0.0,1.0,0.0,1.0,0.0,0.0,1.0,1.0,0.0,0.0,0.0,1.0,1.0,9.0,46.0,9.0,49.32454284832205,Medium
163120,Jasawan,3220,463,570,683,0,249.11,12.926016619164225,0.1770186335403726,0.212111801242236,0.0,0.0,0.0,0.0,0.0,0.0,0.0,1.0,1.0,0.0,1.0,0.0,1.0,0.0,0.0,0.0,1.0,0.0,0.0,0.0,1.0,1.0,1.0,1.0,12.0,52.0,0.0,47.73596555119341,Medium
163121,Manoharpur,209,23,46,0,0,49.37,4.233340085071906,0.2200956937799043,0.0,0.0,0.0,0.0,0.0,0.0,0.0,0.0,1.0,1.0,0.0,0.0,0.0,0.0,0.0,0.0,0.0,1.0,0.0,0.0,1.0,0.0,0.0,0.0,0.0,12.0,52.0,0.0,37.61027791268312,Medium
163122,Sewa,755,99,70,204,0,96.75,7.803617571059432,0.0927152317880794,0.2701986754966887,0.0,0.0,0.0,0.0,0.0,0.0,0.0,1.0,1.0,0.0,0.0,0.0,0.0,0.0,0.0,0.0,1.0,1.0,1.0,0.0,0.0,1.0,0.0,1.0,15.0,56.0,3.0,32.786666246852874,Low
163123,Avran,3050,438,484,511,0,236.05,12.92099131539928,0.1586885245901639,0.1675409836065573,0.0,0.0,0.0,0.0,0.0,0.0,0.0,1.0,1.0,0.0,0.0,0.0,0.0,0.0,0.0,0.0,1.0,1.0,1.0,0.0,0.0,1.0,1.0,1.0,16.0,66.0,6.0,34.463001555416724,Medium
163124,Sahila,1321,196,220,233,0,68.81,19.197791018747274,0.1665404996214988,0.1763815291445874,0.0,0.0,0.0,0.0,0.0,0.0,0.0,1.0,1.0,0.0,0.0,0.0,0.0,0.0,0.0,0.0,1.0,0.0,1.0,1.0,0.0,1.0,0.0,1.0,12.0,52.0,0.0,37.5008637907084,Medium
163125,Pure Mathuradas,1780,289,335,752,0,102.06,17.44072114442485,0.1882022471910112,0.4224719101123595,0.0,0.0,0.0,0.0,0.0,0.0,0.0,1.0,1.0,0.0,0.0,0.0,0.0,0.0,0.0,0.0,1.0,1.0,1.0,0.0,0.0,1.0,1.0,1.0,12.0,51.0,12.0,36.80891789847893,Medium
163126,Ramnagar,2930,417,452,675,0,264.07,11.095542848487144,0.1542662116040955,0.2303754266211604,0.0,0.0,0.0,0.0,0.0,0.0,0.0,1.0,1.0,0.0,0.0,0.0,0.0,0.0,0.0,0.0,0.0,1.0,0.0,1.0,0.0,1.0,0.0,1.0,13.0,52.0,13.0,37.06944244805982,Medium
163127,Tarachandpur,516,58,86,0,0,42.7,12.08430913348946,0.1666666666666666,0.0,0.0,0.0,0.0,0.0,0.0,0.0,0.0,1.0,1.0,0.0,0.0,0.0,0.0,0.0,0.0,0.0,1.0,0.0,1.0,1.0,0.0,0.0,1.0,0.0,10.0,52.0,0.0,36.33023676124844,Medium
163128,Pure Bhanai,1254,176,215,542,0,45.69,27.445830597504926,0.1714513556618819,0.4322169059011164,0.0,0.0,0.0,0.0,0.0,0.0,0.0,1.0,0.0,0.0,0.0,0.0,0.0,0.0,0.0,0.0,0.0,0.0,1.0,0.0,0.0,1.0,1.0,1.0,0.0,0.0,0.0,50.09985678068176,Medium
163129,Sarayn Kasturia,1671,189,255,389,0,58.54,28.54458489921421,0.1526032315978456,0.2327947336923997,0.0,0.0,0.0,0.0,0.0,0.0,0.0,1.0,0.0,0.0,0.0,0.0,0.0,0.0,0.0,1.0,0.0,0.0,1.0,1.0,0.0,1.0,1.0,1.0,8.0,52.0,0.0,46.082482668766346,Medium
163130,Dilipchandpur,904,144,165,0,0,55.71,16.226889247890863,0.1825221238938053,0.0,0.0,0.0,0.0,0.0,0.0,0.0,0.0,1.0,1.0,0.0,0.0,,0.0,0.0,0.0,0.0,0.0,0.0,1.0,1.0,0.0,1.0,1.0,1.0,10.0,58.0,0.0,41.97624221928423,Medium
163131,Kashinathpur,389,58,57,64,0,35.92,10.829621380846325,0.1465295629820051,0.1645244215938303,0.0,0.0,0.0,0.0,0.0,0.0,0.0,1.0,0.0,0.0,0.0,0.0,0.0,0.0,0.0,0.0,0.0,0.0,1.0,1.0,0.0,0.0,0.0,1.0,10.0,58.0,0.0,44.83048668086334,Medium
163132,Hemapur,382,44,66,20,0,45.72,8.355205599300088,0.1727748691099476,0.0523560209424083,0.0,0.0,0.0,0.0,0.0,0.0,0.0,1.0,1.0,0.0,0.0,0.0,0.0,0.0,0.0,1.0,1.0,0.0,1.0,1.0,0.0,1.0,1.0,1.0,10.0,58.0,0.0,36.62192323992486,Medium
163133,Holapur,1384,162,245,338,0,68.32,20.2576112412178,0.1770231213872832,0.2442196531791907,0.0,0.0,0.0,1.0,0.0,0.0,0.0,1.0,1.0,0.0,1.0,0.0,1.0,0.0,0.0,0.0,1.0,0.0,1.0,1.0,0.0,1.0,1.0,1.0,10.0,58.0,0.0,44.86477924306983,Medium
163134,Awasanpur,2746,446,424,967,0,151.33,18.145774135994184,0.1544064093226511,0.3521485797523671,0.0,0.0,0.0,0.0,0.0,0.0,0.0,1.0,1.0,1.0,0.0,0.0,1.0,0.0,0.0,0.0,1.0,0.0,1.0,1.0,0.0,1.0,1.0,1.0,10.0,58.0,0.0,47.97241769339078,Medium
163135,Dihakhas,280,41,42,60,0,35.72,7.838745800671893,0.15,0.2142857142857142,0.0,0.0,0.0,0.0,0.0,0.0,0.0,1.0,1.0,0.0,0.0,0.0,0.0,0.0,0.0,0.0,1.0,0.0,1.0,1.0,0.0,1.0,1.0,1.0,5.0,58.0,0.0,36.72708895017938,Medium
163136,Ramnathi,2755,357,377,45,0,108.14,25.476234510819307,0.1368421052631579,0.0163339382940108,0.0,0.0,0.0,0.0,0.0,0.0,0.0,1.0,0.0,0.0,0.0,0.0,0.0,0.0,0.0,0.0,0.0,0.0,1.0,0.0,0.0,1.0,1.0,1.0,0.0,0.0,0.0,46.90117518783487,Medium
163137,Harchandpur,1576,220,225,188,0,72.81,21.64537838209037,0.1427664974619289,0.1192893401015228,0.0,0.0,0.0,0.0,0.0,0.0,0.0,1.0,0.0,0.0,1.0,0.0,0.0,0.0,0.0,0.0,1.0,0.0,1.0,1.0,0.0,1.0,1.0,1.0,12.0,60.0,0.0,39.93616022513677,Medium
163138,Chak Masooma,716,87,119,307,0,61.86,11.574523116715165,0.1662011173184357,0.4287709497206703,0.0,0.0,0.0,0.0,0.0,0.0,0.0,1.0,0.0,0.0,0.0,0.0,0.0,0.0,0.0,0.0,0.0,0.0,1.0,1.0,0.0,1.0,1.0,1.0,15.0,60.0,0.0,46.772496103626814,Medium
163139,Bhiti,6946,996,1211,94,0,308.39,22.523428126722656,0.174344946731932,0.0135329686150302,0.0,0.0,0.0,0.0,0.0,0.0,0.0,1.0,0.0,0.0,0.0,0.0,0.0,0.0,1.0,1.0,1.0,0.0,0.0,1.0,0.0,1.0,0.0,1.0,12.0,50.0,0.0,40.39083700689951,Medium
163140,Paklur,2441,322,475,538,2,216.16,11.292561065877129,0.1945923801720606,0.2204014748054076,0.0008193363375665,0.0,0.0,0.0,0.0,0.0,0.0,1.0,0.0,0.0,0.0,0.0,0.0,0.0,0.0,0.0,0.0,0.0,1.0,0.0,0.0,1.0,1.0,1.0,0.0,0.0,0.0,49.09035615881572,Medium
163141,Ataraura,2125,328,335,262,0,163.21,13.02003553703817,0.1576470588235294,0.1232941176470588,0.0,0.0,0.0,0.0,0.0,0.0,0.0,1.0,0.0,0.0,0.0,0.0,0.0,0.0,0.0,0.0,1.0,0.0,0.0,1.0,0.0,1.0,1.0,1.0,12.0,50.0,0.0,40.04792925677848,Medium
163142,Chak Pali,647,86,129,203,0,62.88,10.28944020356234,0.1993817619783616,0.3137557959814528,0.0,0.0,0.0,0.0,0.0,0.0,0.0,1.0,1.0,0.0,1.0,0.0,1.0,0.0,0.0,0.0,0.0,1.0,1.0,0.0,0.0,0.0,1.0,1.0,16.0,60.0,5.0,51.30666408970772,Medium
163143,Sikaraha,1069,143,145,262,0,65.5,16.3206106870229,0.1356407857811038,0.245088868101029,0.0,0.0,0.0,0.0,0.0,0.0,0.0,1.0,1.0,0.0,0.0,0.0,0.0,0.0,0.0,0.0,1.0,1.0,1.0,0.0,0.0,1.0,1.0,1.0,15.0,58.0,3.0,34.299100215898186,Medium
163144,Nartir,80,12,12,0,0,45.51,1.757855416392002,0.15,0.0,0.0,0.0,0.0,0.0,0.0,0.0,0.0,0.0,0.0,1.0,1.0,1.0,1.0,0.0,0.0,0.0,1.0,1.0,1.0,1.0,0.0,0.0,0.0,1.0,37.0,46.0,46.0,47.07228252542495,Medium
163145,Gopalpur,332,46,63,0,26,53.22,6.238256294626081,0.1897590361445783,0.0,0.0783132530120482,0.0,0.0,0.0,0.0,0.0,0.0,1.0,1.0,1.0,1.0,0.0,1.0,0.0,0.0,0.0,1.0,0.0,1.0,0.0,1.0,0.0,0.0,1.0,42.0,57.0,57.0,48.65254847446334,Medium
163146,Harbari Lakhapur,779,115,131,100,1,207.83,3.748255785978925,0.1681643132220796,0.128369704749679,0.0012836970474967,0.0,0.0,0.0,0.0,0.0,0.0,1.0,1.0,1.0,1.0,0.0,0.0,0.0,0.0,0.0,1.0,0.0,1.0,0.0,1.0,1.0,1.0,1.0,41.0,56.0,56.0,36.7048900300871,Medium
163147,Pirhata Bisaura,1368,206,276,192,0,477.37,2.865701656995622,0.2017543859649122,0.1403508771929824,0.0,0.0,0.0,0.0,0.0,0.0,0.0,1.0,1.0,0.0,0.0,0.0,0.0,0.0,0.0,0.0,0.0,0.0,1.0,0.0,0.0,1.0,1.0,1.0,50.0,75.0,75.0,45.2055561527164,Medium
163148,Bajaji,0,0,0,0,0,7.64,0.0,,,,,,,,,,,,,,,,,,,,,,,,,,,40.0,82.0,82.0,45.0,Medium
163149,Majhiyari,234,45,38,1,49,86.34,2.710215427380125,0.1623931623931624,0.0042735042735042,0.2094017094017094,0.0,0.0,0.0,0.0,0.0,0.0,1.0,0.0,1.0,0.0,0.0,0.0,0.0,0.0,1.0,1.0,1.0,1.0,0.0,1.0,0.0,0.0,1.0,15.0,50.0,50.0,39.17127236381749,Medium
163150,Khatauni,96,19,6,0,8,82.35,1.1657559198542806,0.0625,0.0,0.0833333333333333,0.0,0.0,0.0,0.0,0.0,0.0,1.0,1.0,1.0,1.0,0.0,1.0,0.0,0.0,0.0,1.0,1.0,1.0,1.0,0.0,0.0,1.0,1.0,41.0,85.0,85.0,39.746064810638224,Medium
163151,Pal Patti,1205,175,183,323,0,300.09,4.015462028058249,0.1518672199170124,0.2680497925311203,0.0,0.0,0.0,0.0,0.0,0.0,0.0,1.0,1.0,1.0,0.0,0.0,0.0,0.0,0.0,0.0,0.0,0.0,1.0,0.0,0.0,1.0,1.0,1.0,40.0,84.0,84.0,44.39471357439368,Medium
163152,Udhrenga,21,2,2,0,0,36.99,0.5677210056772101,0.0952380952380952,0.0,0.0,0.0,0.0,0.0,0.0,0.0,0.0,1.0,1.0,1.0,0.0,0.0,0.0,1.0,1.0,1.0,1.0,1.0,1.0,0.0,0.0,0.0,1.0,1.0,39.0,83.0,83.0,31.213820720205128,Low
163153,Chandra Udaya,144,22,21,0,0,23.13,6.22568093385214,0.1458333333333333,0.0,0.0,0.0,0.0,0.0,0.0,0.0,0.0,1.0,1.0,1.0,1.0,0.0,0.0,0.0,0.0,0.0,1.0,1.0,1.0,0.0,0.0,0.0,1.0,1.0,38.0,82.0,82.0,32.964331600421986,Low
163154,Renga,270,46,45,0,0,103.13,2.6180548821875305,0.1666666666666666,0.0,0.0,0.0,0.0,0.0,0.0,0.0,0.0,1.0,0.0,0.0,0.0,0.0,1.0,0.0,0.0,0.0,0.0,0.0,1.0,0.0,0.0,1.0,1.0,1.0,37.0,79.0,79.0,56.77432035468956,Medium
163155,Kotar,417,65,70,18,5,124.03,3.362089816979763,0.1678657074340527,0.0431654676258992,0.0119904076738609,0.0,0.0,0.0,0.0,0.0,0.0,1.0,0.0,0.0,0.0,0.0,0.0,0.0,0.0,0.0,1.0,1.0,1.0,0.0,1.0,0.0,0.0,1.0,36.0,78.0,78.0,34.84301499624611,Medium
163156,Atkaiya Salaiya,2,1,0,2,0,18.0,0.1111111111111111,0.0,1.0,0.0,0.0,0.0,0.0,0.0,0.0,0.0,1.0,1.0,0.0,0.0,0.0,0.0,,,,,,1.0,,,1.0,1.0,1.0,37.0,81.0,81.0,43.33790219129457,Medium
163157,Lohara,715,127,107,49,123,168.68,4.238795352146076,0.1496503496503496,0.0685314685314685,0.172027972027972,0.0,0.0,0.0,0.0,0.0,0.0,1.0,0.0,0.0,1.0,,0.0,1.0,0.0,0.0,1.0,1.0,1.0,0.0,1.0,0.0,1.0,1.0,35.0,77.0,77.0,38.28073926288603,Medium
163158,Jora,135,24,25,108,0,173.15,0.7796708056598325,0.1851851851851851,0.8,0.0,0.0,0.0,0.0,0.0,0.0,0.0,1.0,1.0,0.0,0.0,0.0,0.0,1.0,1.0,1.0,1.0,1.0,1.0,1.0,1.0,0.0,1.0,1.0,0.0,0.0,0.0,32.92094873539712,Low
163159,Baddiha,1582,283,270,383,0,639.35,2.4743880503636504,0.1706700379266751,0.2420986093552465,0.0,0.0,0.0,0.0,0.0,0.0,0.0,1.0,1.0,1.0,0.0,0.0,1.0,0.0,0.0,0.0,0.0,0.0,1.0,0.0,0.0,1.0,1.0,1.0,45.0,75.0,75.0,54.76567366579762,Medium
163160,Sujani Samodha,2381,377,375,636,0,644.82,3.692503334263826,0.1574968500629987,0.2671146577068458,0.0,0.0,0.0,0.0,0.0,0.0,0.0,1.0,1.0,1.0,1.0,0.0,0.0,0.0,0.0,0.0,0.0,1.0,1.0,0.0,0.0,1.0,1.0,0.0,38.0,88.0,88.0,39.54564683305826,Medium
163161,Kauhat,1472,248,228,360,0,432.88,3.4004805026797267,0.154891304347826,0.2445652173913043,0.0,0.0,0.0,0.0,0.0,0.0,0.0,1.0,1.0,0.0,1.0,0.0,0.0,0.0,0.0,0.0,0.0,0.0,1.0,0.0,0.0,1.0,1.0,0.0,40.0,88.0,0.0,44.34272536247487,Medium
163162,Pachauha,657,154,114,137,0,236.66,2.7761345390010987,0.1735159817351598,0.2085235920852359,0.0,0.0,0.0,0.0,0.0,0.0,0.0,1.0,1.0,0.0,1.0,0.0,0.0,0.0,0.0,0.0,1.0,1.0,1.0,0.0,0.0,0.0,1.0,1.0,0.0,0.0,0.0,34.69558462532408,Medium
163163,Sukulvan,1,1,0,0,0,76.21,0.01312163758037,0.0,0.0,0.0,0.0,0.0,0.0,0.0,0.0,0.0,1.0,0.0,1.0,0.0,0.0,1.0,0.0,0.0,0.0,0.0,0.0,1.0,0.0,0.0,0.0,0.0,0.0,30.0,42.0,42.0,51.66720622475158,Medium
163164,Gulalpur,196,43,34,0,0,76.21,2.5718409657525263,0.173469387755102,0.0,0.0,0.0,0.0,0.0,0.0,0.0,0.0,1.0,1.0,0.0,1.0,0.0,0.0,0.0,0.0,0.0,1.0,0.0,1.0,0.0,0.0,0.0,0.0,1.0,38.0,88.0,88.0,38.64316835062907,Medium
163165,Dihi Khurd,565,104,92,26,0,182.3,3.099286889742183,0.1628318584070796,0.0460176991150442,0.0,0.0,0.0,0.0,0.0,0.0,0.0,1.0,1.0,1.0,0.0,0.0,0.0,0.0,0.0,0.0,0.0,0.0,1.0,0.0,0.0,1.0,1.0,1.0,37.0,80.0,80.0,43.57581939534409,Medium
163166,Gaderiya,559,97,42,133,0,967.0,0.578076525336091,0.0751341681574239,0.2379248658318425,0.0,0.0,0.0,0.0,0.0,0.0,0.0,0.0,0.0,0.0,0.0,0.0,1.0,1.0,1.0,1.0,1.0,1.0,1.0,1.0,1.0,1.0,1.0,1.0,40.0,27.0,27.0,43.4674197196968,Medium
163167,Kakrahi,840,118,153,0,0,237.71,3.5337175550039963,0.1821428571428571,0.0,0.0,0.0,0.0,0.0,0.0,0.0,0.0,1.0,1.0,0.0,0.0,0.0,0.0,1.0,1.0,1.0,1.0,1.0,1.0,1.0,1.0,1.0,1.0,1.0,37.0,67.0,67.0,28.94292452987447,Low
163168,Dhadhuva,1592,228,279,454,9,299.16,5.32156705441904,0.175251256281407,0.2851758793969849,0.0056532663316582,0.0,0.0,0.0,0.0,0.0,0.0,1.0,1.0,0.0,0.0,0.0,0.0,1.0,1.0,1.0,1.0,1.0,1.0,1.0,1.0,1.0,1.0,1.0,35.0,65.0,65.0,30.370557930052044,Low
163169,Piparau,1935,314,403,687,0,765.42,2.5280238300540883,0.2082687338501292,0.3550387596899225,0.0,0.0,0.0,0.0,0.0,0.0,0.0,1.0,1.0,0.0,0.0,0.0,1.0,1.0,1.0,1.0,1.0,1.0,1.0,1.0,1.0,1.0,1.0,1.0,30.0,50.0,50.0,41.460540783506026,Medium
163170,Jhadiyahi,2063,315,427,28,0,347.14,5.942847266232644,0.2069801260300533,0.0135724672806592,0.0,0.0,0.0,0.0,0.0,0.0,0.0,1.0,1.0,1.0,1.0,0.0,1.0,0.0,1.0,1.0,1.0,1.0,1.0,1.0,1.0,1.0,1.0,1.0,30.0,50.0,50.0,39.85496767604081,Medium
163171,Salaiya Kala,1677,257,304,63,0,1023.55,1.6384153192320845,0.1812760882528324,0.0375670840787119,0.0,0.0,0.0,0.0,0.0,0.0,0.0,1.0,1.0,0.0,0.0,0.0,1.0,0.0,1.0,1.0,1.0,1.0,1.0,0.0,1.0,1.0,1.0,1.0,25.0,65.0,65.0,41.52682258318762,Medium
163172,Mai Khurd,491,86,66,5,0,482.58,1.0174478842886154,0.1344195519348268,0.010183299389002,0.0,0.0,0.0,0.0,0.0,0.0,0.0,1.0,0.0,0.0,0.0,0.0,1.0,0.0,0.0,0.0,1.0,1.0,1.0,1.0,0.0,0.0,1.0,0.0,20.0,56.0,56.0,43.29200689545295,Medium
163173,Mai Kala,862,157,159,111,0,265.36,3.2484172444980404,0.1844547563805104,0.1287703016241299,0.0,0.0,0.0,0.0,0.0,0.0,0.0,1.0,1.0,0.0,0.0,0.0,0.0,0.0,0.0,0.0,1.0,1.0,1.0,1.0,0.0,0.0,0.0,0.0,0.0,0.0,0.0,32.14440154576974,Low
163174,Shahpur Kala,2374,404,507,19,0,275.87,8.605502591800485,0.2135636057287278,0.0080033698399326,0.0,0.0,0.0,,0.0,0.0,0.0,1.0,0.0,0.0,1.0,0.0,0.0,0.0,0.0,0.0,0.0,0.0,1.0,0.0,0.0,1.0,1.0,1.0,22.0,58.0,58.0,48.46744755897095,Medium
163175,Kathar,0,0,0,0,0,13.61,0.0,,,,,,,,,,,,,,,,,,,,,,,,,,,9.0,40.0,40.0,45.0,Medium
163176,Salaiya Khurd,2511,459,509,1062,130,771.37,3.2552471576545625,0.2027080844285145,0.4229390681003584,0.0517722023098367,0.0,0.0,0.0,0.0,0.0,0.0,1.0,1.0,0.0,0.0,0.0,0.0,1.0,1.0,1.0,1.0,1.0,1.0,1.0,1.0,0.0,1.0,1.0,25.0,47.0,47.0,32.89931946581092,Low
163177,Dighalo,1306,198,249,364,0,993.56,1.3144651556020774,0.1906584992343032,0.2787136294027565,0.0,0.0,0.0,0.0,0.0,0.0,0.0,1.0,1.0,0.0,0.0,0.0,1.0,1.0,1.0,1.0,1.0,1.0,1.0,0.0,0.0,1.0,1.0,0.0,30.0,58.0,58.0,45.50070689869466,Medium
163178,Singhpur Khurd,438,112,17,136,0,384.33,1.1396456170478495,0.0388127853881278,0.3105022831050228,0.0,0.0,0.0,0.0,0.0,0.0,0.0,1.0,1.0,0.0,1.0,0.0,1.0,1.0,1.0,1.0,1.0,1.0,1.0,0.0,1.0,1.0,1.0,1.0,35.0,60.0,60.0,38.597090221056206,Medium
163179,Dasauti,1154,189,202,358,0,258.38,4.466289960523261,0.1750433275563258,0.3102253032928942,0.0,,0.0,0.0,0.0,0.0,0.0,1.0,1.0,0.0,1.0,0.0,0.0,1.0,1.0,1.0,1.0,1.0,1.0,1.0,1.0,1.0,1.0,1.0,25.0,47.0,0.0,30.319412276477465,Low
163180,Jore,248,64,35,66,0,40.6,6.108374384236453,0.1411290322580645,0.2661290322580645,0.0,0.0,0.0,0.0,0.0,0.0,0.0,1.0,1.0,0.0,1.0,0.0,1.0,0.0,0.0,0.0,1.0,1.0,1.0,0.0,1.0,0.0,0.0,1.0,38.0,53.0,53.0,41.649024116786194,Medium
163181,Tala,0,0,0,0,0,9.24,0.0,,,,,,,,,,,,,,,,,,,,,,,,,,,0.0,0.0,0.0,45.0,Medium
163182,Siki Khurd,233,77,20,41,0,247.35,0.941985041439256,0.0858369098712446,0.1759656652360515,0.0,0.0,0.0,0.0,0.0,0.0,0.0,1.0,1.0,0.0,0.0,0.0,0.0,1.0,1.0,0.0,1.0,1.0,1.0,1.0,1.0,1.0,1.0,1.0,10.0,55.0,55.0,26.827003118354423,Low
163183,Khoota,1402,228,237,476,0,230.59,6.080055509779262,0.1690442225392296,0.3395149786019971,0.0,0.0,0.0,0.0,0.0,0.0,0.0,1.0,0.0,0.0,0.0,0.0,0.0,1.0,1.0,1.0,1.0,1.0,1.0,1.0,1.0,1.0,1.0,1.0,30.0,45.0,45.0,33.685578426039,Medium
163184,Hanokhar,243,37,37,0,0,91.42,2.658061693283745,0.1522633744855967,0.0,0.0,0.0,0.0,0.0,0.0,0.0,0.0,1.0,1.0,0.0,0.0,0.0,0.0,0.0,0.0,0.0,0.0,1.0,1.0,1.0,0.0,0.0,0.0,1.0,30.0,55.0,55.0,35.51053332486055,Medium
163185,Dharehatha,732,111,154,120,0,295.1,2.480515079634022,0.2103825136612022,0.1639344262295081,0.0,0.0,1.0,0.0,0.0,0.0,0.0,1.0,1.0,1.0,0.0,0.0,0.0,0.0,0.0,0.0,1.0,1.0,1.0,1.0,0.0,0.0,0.0,1.0,30.0,55.0,55.0,29.733145630609556,Low
163186,Ghoraha,400,72,53,189,0,67.67,5.911038865080537,0.1325,0.4725,0.0,0.0,0.0,0.0,0.0,0.0,0.0,1.0,1.0,1.0,1.0,0.0,1.0,0.0,0.0,0.0,1.0,1.0,1.0,1.0,0.0,1.0,1.0,1.0,30.0,55.0,55.0,42.413893606134366,Medium
163187,Karah,322,54,53,209,0,109.68,2.935813274981765,0.1645962732919254,0.6490683229813664,0.0,0.0,0.0,0.0,0.0,0.0,0.0,1.0,1.0,0.0,1.0,0.0,0.0,0.0,0.0,0.0,1.0,1.0,1.0,1.0,0.0,0.0,0.0,1.0,33.0,58.0,58.0,34.137282971684826,Medium
163188,Chamaripur,68,11,11,0,0,150.76,0.4510480233483683,0.1617647058823529,0.0,0.0,0.0,0.0,0.0,0.0,0.0,0.0,1.0,1.0,1.0,1.0,1.0,1.0,0.0,0.0,0.0,1.0,1.0,1.0,1.0,0.0,0.0,0.0,1.0,32.0,56.0,56.0,40.7048214789753,Medium
163189,Chandkhamarihia,3781,544,682,1067,0,1823.11,2.0739286164850177,0.1803755620206294,0.2822004760645332,0.0,0.0,0.0,0.0,0.0,0.0,0.0,1.0,1.0,1.0,1.0,0.0,0.0,0.0,0.0,0.0,0.0,0.0,1.0,0.0,0.0,1.0,1.0,1.0,24.0,55.0,0.0,45.24088194170903,Medium
163190,Bagariha,0,0,0,0,0,13.98,0.0,,,,,,,,,,,,,,,,,,,,,,,,,,,34.0,44.0,44.0,45.0,Medium
163191,Patehara,1315,233,273,786,0,390.62,3.366443090471558,0.2076045627376425,0.5977186311787073,0.0,0.0,0.0,0.0,0.0,0.0,0.0,1.0,1.0,0.0,0.0,0.0,0.0,0.0,0.0,0.0,0.0,0.0,1.0,0.0,0.0,0.0,1.0,1.0,30.0,40.0,40.0,47.68849057419065,Medium
163192,Mojara,891,131,197,0,0,188.9,4.716781365802012,0.2210998877665544,0.0,0.0,0.0,0.0,0.0,0.0,0.0,0.0,1.0,1.0,0.0,1.0,0.0,0.0,1.0,0.0,0.0,1.0,1.0,1.0,0.0,1.0,0.0,0.0,0.0,31.0,40.0,40.0,32.66028270318091,Low
163193,Sirhir,2316,404,417,644,0,637.44,3.63328313253012,0.1800518134715026,0.2780656303972366,0.0,0.0,0.0,0.0,0.0,0.0,0.0,1.0,1.0,0.0,1.0,0.0,0.0,0.0,0.0,0.0,0.0,0.0,1.0,0.0,0.0,1.0,1.0,1.0,225.0,0.0,0.0,45.27461548055392,Medium
163194,Dhobkhara,0,0,0,0,0,195.52,0.0,,,,,,,,,,,,,,,,,,,,,,,,,,,21.0,46.0,46.0,45.0,Medium
163195,Kulbhasa,1373,181,220,463,0,142.93,9.60610088854684,0.1602330662782228,0.3372177713037145,0.0,0.0,0.0,,0.0,0.0,0.0,1.0,1.0,1.0,1.0,0.0,1.0,0.0,0.0,0.0,0.0,0.0,1.0,0.0,0.0,0.0,1.0,1.0,20.0,48.0,48.0,55.22141437288817,Medium
163196,Marar,132,26,28,88,0,232.99,0.56654792051161,0.2121212121212121,0.6666666666666666,0.0,0.0,0.0,0.0,0.0,0.0,0.0,1.0,1.0,1.0,0.0,0.0,1.0,0.0,0.0,0.0,0.0,0.0,1.0,0.0,0.0,0.0,0.0,0.0,20.0,45.0,45.0,58.053599323096485,Medium
163197,Son Barsi,365,70,68,193,0,206.44,1.768068203836466,0.1863013698630137,0.5287671232876713,0.0,0.0,0.0,0.0,0.0,0.0,0.0,1.0,1.0,0.0,0.0,0.0,0.0,0.0,0.0,0.0,0.0,1.0,0.0,1.0,0.0,0.0,0.0,1.0,21.0,46.0,46.0,39.138912518064046,Medium
163198,Silaudhi Khurd,4,1,0,0,0,174.78,0.0228859137201052,0.0,0.0,0.0,0.0,0.0,0.0,0.0,0.0,0.0,1.0,0.0,0.0,0.0,0.0,0.0,,,,,,1.0,,,1.0,1.0,1.0,24.0,52.0,52.0,41.66760772906857,Medium
163199,Silaudhi Kala,3683,593,707,906,0,664.54,5.542179552773347,0.1919630735813196,0.2459951126798805,0.0,0.0,0.0,0.0,0.0,0.0,0.0,1.0,0.0,1.0,0.0,0.0,1.0,0.0,0.0,0.0,1.0,1.0,1.0,1.0,1.0,1.0,1.0,1.0,25.0,55.0,55.0,43.8834273180562,Medium
163200,Itava Kala,2981,443,650,699,0,712.33,4.184858141591678,0.2180476350218047,0.2344850721234485,0.0,0.0,1.0,0.0,0.0,0.0,0.0,1.0,0.0,0.0,0.0,0.0,0.0,0.0,0.0,0.0,1.0,1.0,1.0,1.0,0.0,1.0,1.0,1.0,30.0,55.0,55.0,33.71926794653638,Medium
163201,Mahuli Kala,1444,234,253,369,0,945.46,1.5272988809679944,0.1752077562326869,0.2555401662049861,0.0,0.0,0.0,0.0,0.0,0.0,0.0,1.0,1.0,0.0,0.0,0.0,1.0,0.0,0.0,0.0,1.0,1.0,1.0,1.0,0.0,1.0,1.0,1.0,35.0,60.0,60.0,42.43006895620234,Medium
163202,Patai Dandi,1423,182,219,283,0,517.22,2.751247051544797,0.1539002108222066,0.1988756148981026,0.0,0.0,0.0,0.0,0.0,0.0,0.0,1.0,0.0,0.0,0.0,0.0,0.0,0.0,0.0,0.0,0.0,0.0,1.0,0.0,0.0,1.0,1.0,1.0,18.0,54.0,54.0,47.39118157877635,Medium
163203,Isawta,2303,383,500,22,0,235.93,9.761369897851058,0.2171081198436821,0.009552757273122,0.0,0.0,0.0,0.0,0.0,0.0,0.0,1.0,0.0,0.0,0.0,0.0,0.0,0.0,0.0,0.0,1.0,1.0,1.0,1.0,0.0,1.0,1.0,1.0,17.0,53.0,53.0,36.12905886147595,Medium
163204,Bhagdeva,0,0,0,0,0,130.47,0.0,,,,,,,,,,,,,,,,,,,,,,,,,,,16.0,40.0,40.0,45.0,Medium
163205,Kohrar,5904,956,1179,814,0,1061.42,5.56235985754932,0.1996951219512195,0.1378726287262872,0.0,0.0,0.0,,0.0,0.0,0.0,1.0,1.0,0.0,0.0,0.0,0.0,0.0,0.0,1.0,1.0,1.0,1.0,1.0,0.0,1.0,1.0,1.0,15.0,40.0,40.0,32.742272824567124,Low
163206,Beri,719,125,128,245,111,37.39,19.22974057234555,0.1780250347705146,0.3407510431154381,0.1543810848400556,0.0,0.0,0.0,0.0,0.0,0.0,1.0,1.0,0.0,0.0,0.0,1.0,1.0,1.0,1.0,1.0,1.0,1.0,1.0,0.0,1.0,1.0,1.0,15.0,40.0,40.0,47.35480340163836,Medium
163207,Mudpela,1254,202,212,204,0,417.09,3.006545349924477,0.1690590111642743,0.1626794258373205,0.0,0.0,0.0,0.0,0.0,0.0,0.0,1.0,0.0,0.0,0.0,0.0,1.0,0.0,0.0,0.0,0.0,0.0,1.0,0.0,0.0,1.0,1.0,1.0,15.0,40.0,40.0,57.67546243870185,Medium
163208,Mamoli,2027,287,362,268,26,387.0,5.237726098191215,0.1785890478539714,0.1322150962012827,0.0128268376911692,0.0,0.0,0.0,0.0,0.0,0.0,1.0,1.0,1.0,0.0,0.0,0.0,0.0,0.0,0.0,0.0,0.0,1.0,0.0,0.0,1.0,1.0,1.0,15.0,45.0,45.0,44.873727560602674,Medium
163209,Madaraha,1674,327,296,364,0,349.01,4.796424171227185,0.1768219832735962,0.2174432497013142,0.0,0.0,0.0,0.0,0.0,0.0,0.0,1.0,1.0,0.0,0.0,0.0,1.0,0.0,0.0,0.0,1.0,1.0,1.0,0.0,0.0,1.0,1.0,1.0,10.0,50.0,50.0,44.92243670688933,Medium
163210,Bhatauti,5126,792,956,337,0,1244.68,4.118327602275284,0.186500195083886,0.0657432696059305,0.0,0.0,0.0,0.0,0.0,0.0,0.0,1.0,1.0,0.0,1.0,0.0,0.0,0.0,1.0,1.0,1.0,1.0,1.0,1.0,0.0,1.0,1.0,1.0,0.0,0.0,0.0,31.92640001855323,Low
163211,Gadevara,1303,199,237,558,0,314.56,4.142293997965412,0.1818879508825786,0.4282425172678434,0.0,0.0,0.0,0.0,0.0,0.0,0.0,1.0,0.0,0.0,0.0,0.0,1.0,0.0,0.0,1.0,1.0,1.0,1.0,1.0,0.0,1.0,1.0,1.0,15.0,40.0,40.0,46.93484775567667,Medium
163212,Hargarh,1760,254,297,668,0,685.52,2.5673940949935816,0.16875,0.3795454545454545,0.0,0.0,0.0,0.0,0.0,0.0,0.0,1.0,0.0,0.0,1.0,0.0,0.0,0.0,0.0,0.0,1.0,1.0,1.0,0.0,0.0,1.0,1.0,1.0,15.0,42.0,42.0,38.7324644699488,Medium
163213,Kharka Dabar,484,73,81,45,0,421.44,1.148443432042521,0.1673553719008264,0.0929752066115702,0.0,0.0,0.0,0.0,0.0,0.0,0.0,1.0,1.0,0.0,0.0,0.0,1.0,0.0,1.0,1.0,1.0,1.0,1.0,1.0,0.0,0.0,0.0,0.0,18.0,40.0,40.0,41.36609419767362,Medium
163214,Hardihan,2516,414,514,1005,0,1041.76,2.4151436031331595,0.2042925278219395,0.3994435612082671,0.0,0.0,0.0,0.0,0.0,0.0,0.0,1.0,1.0,1.0,1.0,0.0,0.0,0.0,0.0,0.0,0.0,0.0,1.0,0.0,0.0,1.0,1.0,1.0,20.0,44.0,44.0,46.55863700674116,Medium
163215,Gat,266,38,54,171,0,152.3,1.746552856204859,0.2030075187969924,0.6428571428571429,0.0,0.0,0.0,0.0,0.0,0.0,0.0,1.0,0.0,0.0,0.0,0.0,1.0,0.0,0.0,0.0,1.0,1.0,1.0,0.0,0.0,0.0,0.0,0.0,22.0,48.0,48.0,51.04299571215826,Medium
163216,Samada,0,0,0,0,0,30.54,0.0,,,,,,,,,,,,,,,,,,,,,,,,,,,24.0,52.0,52.0,45.0,Medium
163217,Suraicha,567,69,101,188,0,199.37,2.8439584691779105,0.1781305114638448,0.3315696649029982,0.0,0.0,0.0,0.0,0.0,0.0,0.0,1.0,1.0,0.0,1.0,0.0,1.0,0.0,0.0,0.0,1.0,1.0,1.0,0.0,0.0,1.0,0.0,1.0,22.0,50.0,50.0,45.45203978240359,Medium
163218,Tenduva Khurd,978,144,157,302,0,207.29,4.718027883641276,0.1605316973415133,0.3087934560327198,0.0,0.0,0.0,0.0,0.0,0.0,0.0,1.0,1.0,0.0,0.0,0.0,1.0,0.0,0.0,0.0,0.0,0.0,1.0,0.0,0.0,0.0,1.0,0.0,22.0,48.0,48.0,54.88725552705986,Medium
163219,Badhava,2531,418,356,413,0,205.77,12.300140934052582,0.1406558672461477,0.163176610035559,0.0,0.0,0.0,0.0,0.0,0.0,0.0,1.0,1.0,0.0,0.0,0.0,1.0,0.0,0.0,0.0,0.0,0.0,1.0,0.0,0.0,0.0,0.0,0.0,0.0,0.0,0.0,53.87467077237329,Medium
163220,Delaunha,2797,426,434,197,0,129.89,21.53360535838017,0.1551662495530926,0.0704326063639613,0.0,0.0,0.0,0.0,0.0,0.0,0.0,1.0,1.0,0.0,0.0,0.0,0.0,0.0,0.0,0.0,0.0,0.0,1.0,0.0,0.0,1.0,1.0,1.0,8.0,41.0,41.0,44.225939710227465,Medium
163221,Pausiya Jamaniya,772,121,124,106,0,89.4,8.635346756152124,0.160621761658031,0.1373056994818652,0.0,0.0,0.0,0.0,0.0,0.0,0.0,1.0,1.0,0.0,0.0,0.0,0.0,0.0,0.0,0.0,0.0,0.0,1.0,0.0,0.0,0.0,1.0,1.0,8.0,39.0,39.0,44.193597735457416,Medium
163222,Panti,1568,276,205,456,0,36.13,43.39883753113756,0.1307397959183673,0.2908163265306122,0.0,0.0,0.0,0.0,0.0,0.0,0.0,1.0,1.0,0.0,0.0,0.0,0.0,0.0,0.0,0.0,0.0,0.0,1.0,0.0,0.0,1.0,1.0,1.0,9.0,40.0,40.0,45.49415696279976,Medium
163223,Lakhanpur,1007,145,145,155,0,48.43,20.79289696469131,0.1439920556107249,0.153922542204568,0.0,0.0,0.0,0.0,0.0,0.0,0.0,1.0,1.0,0.0,0.0,0.0,0.0,0.0,0.0,0.0,0.0,0.0,1.0,1.0,0.0,0.0,0.0,1.0,10.0,41.0,41.0,41.77770584818634,Medium
163224,Viswanathpur,170,29,24,41,0,25.92,6.558641975308642,0.1411764705882353,0.2411764705882353,0.0,0.0,0.0,0.0,0.0,0.0,0.0,1.0,1.0,0.0,0.0,1.0,0.0,0.0,0.0,0.0,0.0,0.0,1.0,0.0,0.0,0.0,0.0,1.0,9.0,40.0,40.0,44.044199336355575,Medium
163225,Bisahijan Kala,2237,335,336,637,0,145.87,15.335572770274904,0.1502011622708985,0.2847563701385784,0.0,0.0,0.0,0.0,0.0,0.0,0.0,1.0,1.0,0.0,0.0,0.0,0.0,0.0,0.0,0.0,1.0,1.0,1.0,1.0,0.0,1.0,1.0,1.0,0.0,40.0,40.0,32.39374453582731,Low
163226,Bihiyan Khurd,1619,273,285,228,0,121.19,13.359188051819457,0.176034589252625,0.1408276714021,0.0,0.0,0.0,0.0,0.0,0.0,0.0,1.0,0.0,0.0,0.0,0.0,1.0,0.0,0.0,0.0,0.0,0.0,1.0,0.0,0.0,1.0,1.0,1.0,10.0,40.0,40.0,58.201168795431634,Medium
163227,Lotad,4265,757,708,940,0,255.3,16.705836271053663,0.1660023446658851,0.2203985932004689,0.0,0.0,0.0,0.0,0.0,0.0,0.0,1.0,1.0,0.0,0.0,0.0,0.0,0.0,0.0,0.0,0.0,0.0,1.0,0.0,0.0,1.0,1.0,1.0,0.0,48.0,48.0,45.102335976727055,Medium
163228,Amora,1753,269,253,860,0,140.99,12.433505922405844,0.1443240159726183,0.4905875641756988,0.0,0.0,0.0,0.0,0.0,0.0,0.0,1.0,0.0,0.0,0.0,0.0,0.0,0.0,0.0,0.0,0.0,0.0,1.0,0.0,0.0,1.0,1.0,1.0,9.0,40.0,40.0,48.96058726940053,Medium
163229,Gaura,700,101,97,0,0,66.42,10.538994278831677,0.1385714285714285,0.0,0.0,0.0,0.0,0.0,0.0,0.0,0.0,1.0,1.0,0.0,0.0,0.0,0.0,,,,,,1.0,,,0.0,0.0,0.0,0.0,0.0,0.0,42.92383670170444,Medium
163230,Pausiya Dube,1493,233,242,394,18,86.45,17.2700983227299,0.1620897521768252,0.2638981915606162,0.0120562625586068,0.0,0.0,0.0,0.0,0.0,0.0,1.0,0.0,0.0,0.0,0.0,0.0,,,,,,1.0,,,1.0,1.0,1.0,6.0,40.0,4.0,48.84686585005112,Medium
163231,Khara,1029,181,175,0,0,168.04,6.123542013806237,0.1700680272108843,0.0,0.0,0.0,0.0,0.0,0.0,0.0,0.0,1.0,1.0,0.0,0.0,0.0,0.0,1.0,0.0,0.0,0.0,1.0,1.0,1.0,1.0,1.0,1.0,1.0,5.0,46.0,46.0,33.68717249278648,Medium
163232,Lutar,2434,342,437,429,0,186.32,13.06354658651782,0.1795398520953163,0.176253081347576,0.0,0.0,0.0,0.0,0.0,0.0,0.0,1.0,1.0,0.0,0.0,0.0,1.0,,,,,,1.0,,,1.0,1.0,1.0,6.0,40.0,40.0,55.13796370234469,Medium
163233,Barsaita,2598,398,503,161,0,333.57,7.788470186167821,0.1936104695919938,0.0619707467282525,0.0,0.0,0.0,0.0,0.0,0.0,0.0,1.0,1.0,0.0,0.0,0.0,0.0,0.0,0.0,0.0,0.0,0.0,1.0,0.0,0.0,1.0,1.0,1.0,5.0,41.0,41.0,44.77176088087764,Medium
163234,Tendua Kalan,2247,343,420,1191,0,135.8,16.546391752577318,0.1869158878504672,0.5300400534045394,0.0,0.0,0.0,0.0,0.0,0.0,0.0,1.0,0.0,0.0,0.0,0.0,0.0,,,,,,1.0,,,1.0,1.0,1.0,0.0,0.0,0.0,50.60472659239967,Medium
163235,Jarar,2633,426,448,850,0,193.14,13.632598115356735,0.1701481200151918,0.3228256741359666,0.0,0.0,0.0,0.0,0.0,0.0,0.0,1.0,1.0,0.0,0.0,0.0,0.0,0.0,0.0,1.0,1.0,1.0,1.0,0.0,0.0,1.0,1.0,1.0,5.0,40.0,40.0,35.6124739443539,Medium
163236,Usaki,1418,220,210,941,0,30.14,47.04711347047113,0.1480959097320169,0.6636107193229901,0.0,0.0,0.0,0.0,0.0,0.0,0.0,1.0,1.0,1.0,0.0,0.0,0.0,0.0,0.0,0.0,0.0,1.0,1.0,0.0,0.0,0.0,0.0,1.0,4.0,48.0,48.0,43.02882843230299,Medium
163237,Akhari Shahpur,2607,481,455,506,0,141.99,18.360447918867525,0.174530111238972,0.1940928270042194,0.0,0.0,0.0,0.0,0.0,0.0,0.0,1.0,1.0,0.0,0.0,0.0,1.0,1.0,0.0,1.0,1.0,1.0,1.0,1.0,1.0,1.0,1.0,1.0,6.0,50.0,50.0,40.29467731333721,Medium
163238,Busaka,1143,156,192,148,0,76.9,14.863459037711312,0.1679790026246719,0.1294838145231846,0.0,0.0,0.0,0.0,0.0,0.0,0.0,1.0,1.0,0.0,0.0,0.0,1.0,0.0,0.0,0.0,0.0,0.0,1.0,0.0,0.0,1.0,1.0,1.0,7.0,42.0,42.0,54.63130378309285,Medium
163239,Bhadevara,2001,404,359,898,0,131.77,15.18555058055703,0.1794102948525737,0.448775612193903,0.0,0.0,0.0,0.0,0.0,0.0,0.0,1.0,0.0,0.0,0.0,0.0,0.0,1.0,1.0,1.0,1.0,1.0,1.0,1.0,0.0,0.0,1.0,1.0,7.0,41.0,41.0,37.41727918620483,Medium
163240,Gosauvara Khurd,567,99,90,4,0,64.03,8.855224113696705,0.1587301587301587,0.0070546737213403,0.0,0.0,0.0,0.0,0.0,0.0,0.0,1.0,1.0,1.0,1.0,0.0,1.0,0.0,0.0,0.0,0.0,0.0,1.0,0.0,0.0,0.0,0.0,1.0,7.0,41.0,41.0,53.49463581455824,Medium
163241,Chapartala Tappa Chaurasi,1235,207,193,578,0,106.28,11.620248400451636,0.1562753036437247,0.4680161943319838,0.0,0.0,0.0,0.0,0.0,0.0,0.0,1.0,0.0,0.0,0.0,0.0,0.0,1.0,1.0,1.0,1.0,1.0,1.0,1.0,0.0,1.0,1.0,1.0,6.0,41.0,41.0,36.67282812738172,Medium
163242,Nevariya,6600,1000,1127,1676,0,799.76,8.252475742722817,0.1707575757575757,0.2539393939393939,0.0,0.0,0.0,0.0,0.0,0.0,0.0,1.0,1.0,0.0,0.0,0.0,0.0,0.0,0.0,0.0,0.0,0.0,1.0,0.0,0.0,1.0,1.0,1.0,5.0,45.0,45.0,45.06509708123092,Medium
163243,Kunchi,684,104,125,5,49,69.69,9.814894532931554,0.1827485380116959,0.0073099415204678,0.0716374269005847,0.0,0.0,0.0,0.0,0.0,0.0,1.0,1.0,0.0,0.0,0.0,0.0,1.0,0.0,1.0,1.0,1.0,1.0,1.0,1.0,0.0,0.0,1.0,4.0,54.0,54.0,30.96645122830521,Low
163244,Jamua,1966,321,313,180,0,261.62,7.514716000305786,0.1592065106815869,0.091556459816887,0.0,0.0,0.0,0.0,0.0,0.0,0.0,1.0,1.0,0.0,0.0,0.0,1.0,0.0,0.0,0.0,1.0,1.0,1.0,0.0,0.0,1.0,1.0,1.0,3.0,53.0,0.0,43.87631398308513,Medium
163245,Merara,2323,333,437,68,44,329.48,7.050503824207842,0.1881188118811881,0.0292724924666379,0.0189410245372363,0.0,0.0,0.0,0.0,0.0,0.0,1.0,1.0,0.0,0.0,0.0,1.0,0.0,0.0,0.0,0.0,1.0,1.0,0.0,0.0,1.0,1.0,1.0,5.0,55.0,0.0,49.86544018662037,Medium
163246,Atari Amiliya,1860,298,324,84,0,220.51,8.434991610357807,0.1741935483870967,0.0451612903225806,0.0,0.0,0.0,0.0,0.0,0.0,0.0,1.0,0.0,0.0,0.0,0.0,0.0,0.0,0.0,1.0,0.0,0.0,1.0,1.0,0.0,1.0,1.0,1.0,6.0,52.0,52.0,44.965124077039874,Medium
163247,Amkachha,277,40,42,0,0,57.89,4.784936949386768,0.151624548736462,0.0,0.0,0.0,0.0,0.0,0.0,0.0,0.0,1.0,1.0,0.0,0.0,0.0,0.0,0.0,0.0,1.0,1.0,1.0,1.0,1.0,0.0,0.0,1.0,0.0,7.0,53.0,53.0,30.578825070904117,Low
163248,Kurki Kalan,2832,477,485,252,0,783.15,3.616165485539169,0.1712570621468926,0.0889830508474576,0.0,0.0,0.0,0.0,0.0,0.0,0.0,1.0,1.0,0.0,0.0,0.0,1.0,0.0,0.0,1.0,1.0,0.0,1.0,1.0,0.0,1.0,1.0,0.0,7.0,55.0,55.0,46.56465617018714,Medium
163249,Kurki Khurd,28,4,3,0,0,63.28,0.4424778761061946,0.1071428571428571,0.0,0.0,0.0,0.0,0.0,0.0,0.0,0.0,1.0,1.0,0.0,0.0,0.0,0.0,0.0,0.0,1.0,1.0,1.0,1.0,0.0,1.0,0.0,0.0,0.0,8.0,54.0,54.0,29.065813614721318,Low
163250,Misrapur,645,94,100,141,0,91.18,7.073919719236674,0.1550387596899224,0.2186046511627907,0.0,0.0,0.0,0.0,0.0,0.0,0.0,1.0,0.0,0.0,1.0,0.0,1.0,0.0,0.0,1.0,1.0,1.0,1.0,0.0,0.0,0.0,1.0,1.0,8.0,55.0,0.0,47.70173032301564,Medium
163251,Kona,1980,279,288,501,0,184.63,10.724151004712128,0.1454545454545454,0.253030303030303,0.0,0.0,0.0,0.0,0.0,0.0,0.0,1.0,0.0,0.0,1.0,0.0,1.0,0.0,0.0,0.0,1.0,0.0,1.0,0.0,0.0,1.0,1.0,1.0,9.0,55.0,0.0,52.73642864971283,Medium
163252,Singhpur Kala,1495,230,229,113,0,231.13,6.468221347293731,0.1531772575250836,0.0755852842809364,0.0,0.0,0.0,0.0,0.0,0.0,0.0,1.0,0.0,0.0,1.0,0.0,1.0,0.0,0.0,1.0,0.0,0.0,1.0,0.0,0.0,1.0,1.0,1.0,0.0,0.0,0.0,56.90588227520238,Medium
163253,Bhasundar Khurd,1253,200,220,251,93,111.61,11.22659259922946,0.1755786113328012,0.2003192338387869,0.0742218675179569,0.0,0.0,0.0,0.0,0.0,0.0,1.0,1.0,0.0,0.0,0.0,1.0,0.0,0.0,0.0,0.0,0.0,1.0,0.0,0.0,1.0,1.0,1.0,5.0,45.0,0.0,56.83615863377208,Medium
163254,Bhasunder Kala,780,122,162,5,0,92.29,8.45161989381298,0.2076923076923077,0.0064102564102564,0.0,0.0,0.0,0.0,0.0,0.0,0.0,1.0,0.0,0.0,0.0,0.0,0.0,0.0,0.0,0.0,0.0,0.0,1.0,0.0,0.0,1.0,1.0,1.0,5.0,45.0,0.0,48.2770154370218,Medium
163255,Bhasunder Mijhali,586,100,95,119,0,60.79,9.639743378845203,0.1621160409556314,0.2030716723549488,0.0,0.0,0.0,0.0,0.0,0.0,0.0,1.0,0.0,0.0,0.0,0.0,0.0,0.0,0.0,0.0,0.0,0.0,1.0,0.0,0.0,1.0,1.0,1.0,5.0,45.0,0.0,47.94188982163664,Medium
163256,Sukath,957,146,160,86,0,180.48,5.302526595744681,0.1671891327063741,0.089864158829676,0.0,0.0,0.0,0.0,0.0,0.0,0.0,1.0,0.0,0.0,0.0,0.0,0.0,0.0,0.0,0.0,0.0,0.0,1.0,0.0,0.0,0.0,1.0,1.0,5.0,46.0,0.0,47.34969985967092,Medium
163257,Dharaval,1255,194,256,509,0,323.7,3.8770466481309858,0.2039840637450199,0.4055776892430279,0.0,0.0,0.0,0.0,0.0,0.0,0.0,1.0,0.0,0.0,0.0,0.0,1.0,0.0,0.0,0.0,0.0,0.0,1.0,0.0,0.0,1.0,1.0,1.0,0.0,0.0,0.0,59.97350010423194,Medium
163258,Pura Lachchan,1215,188,189,394,0,92.08,13.195047784535188,0.1555555555555555,0.3242798353909465,0.0,0.0,0.0,0.0,0.0,0.0,0.0,1.0,1.0,0.0,0.0,0.0,0.0,0.0,0.0,0.0,1.0,0.0,1.0,1.0,0.0,1.0,1.0,1.0,41.0,46.0,0.0,37.66397586902798,Medium
163259,Dari,2262,329,370,523,0,870.79,2.5976412223383365,0.1635720601237842,0.2312113174182139,0.0,0.0,0.0,0.0,0.0,0.0,0.0,1.0,0.0,0.0,0.0,0.0,0.0,0.0,0.0,1.0,1.0,0.0,1.0,0.0,0.0,1.0,1.0,1.0,5.0,46.0,0.0,42.83669934148328,Medium
163260,Kardaha,568,70,112,70,0,93.82,6.054146237476019,0.1971830985915492,0.1232394366197183,0.0,0.0,0.0,0.0,0.0,0.0,0.0,1.0,0.0,0.0,0.0,0.0,0.0,0.0,0.0,1.0,1.0,0.0,1.0,1.0,0.0,1.0,1.0,1.0,1.0,45.0,14.0,40.9473016156319,Medium
163261,Tigja,1759,253,320,229,0,170.43,10.320952883881946,0.1819215463331438,0.130187606594656,0.0,0.0,0.0,0.0,0.0,0.0,0.0,1.0,0.0,0.0,0.0,0.0,0.0,0.0,0.0,0.0,1.0,1.0,1.0,1.0,0.0,1.0,1.0,1.0,4.0,45.0,13.0,35.699645799393764,Medium
163262,Khaur,1018,157,198,115,0,231.7,4.393612429866207,0.1944990176817289,0.1129666011787819,0.0,0.0,0.0,0.0,0.0,0.0,0.0,1.0,0.0,0.0,0.0,0.0,0.0,0.0,0.0,1.0,1.0,1.0,1.0,0.0,0.0,1.0,1.0,1.0,5.0,44.0,44.0,38.24713432317142,Medium
163263,Sirkhiri,1037,152,141,82,0,129.52,8.006485484867202,0.1359691417550627,0.0790742526518804,0.0,0.0,0.0,0.0,0.0,0.0,0.0,1.0,0.0,0.0,0.0,0.0,0.0,0.0,1.0,1.0,1.0,1.0,1.0,0.0,0.0,1.0,1.0,1.0,2.0,45.0,14.0,36.47033663711938,Medium
163264,Gadurahi,1631,215,262,505,0,208.14,7.836071874699722,0.1606376456161863,0.3096259963212753,0.0,0.0,0.0,0.0,0.0,0.0,0.0,1.0,1.0,0.0,1.0,0.0,0.0,0.0,0.0,1.0,1.0,0.0,1.0,0.0,0.0,0.0,1.0,1.0,3.0,45.0,0.0,40.02280977775108,Medium
163265,Mejiya,650,95,103,91,0,66.35,9.796533534287867,0.1584615384615384,0.14,0.0,0.0,0.0,0.0,0.0,0.0,0.0,1.0,1.0,0.0,0.0,0.0,0.0,0.0,0.0,0.0,1.0,1.0,1.0,0.0,0.0,1.0,0.0,1.0,5.0,56.0,0.0,34.19001021925522,Medium
163266,Maraha,1202,141,215,426,0,102.39,11.739427678484226,0.1788685524126456,0.3544093178036606,0.0,0.0,0.0,0.0,0.0,0.0,0.0,1.0,0.0,0.0,0.0,0.0,0.0,0.0,0.0,0.0,0.0,1.0,1.0,0.0,0.0,1.0,0.0,1.0,3.0,56.0,0.0,44.287491826547,Medium
163267,Gaharpur Khurd,186,35,25,186,0,34.91,5.327986250358064,0.1344086021505376,1.0,0.0,0.0,0.0,0.0,0.0,0.0,0.0,1.0,0.0,0.0,0.0,0.0,0.0,0.0,0.0,0.0,1.0,1.0,1.0,0.0,0.0,1.0,1.0,1.0,2.0,56.0,0.0,40.91801004275848,Medium
163268,Udhrenga,599,99,75,215,0,78.69,7.612148938874063,0.1252086811352253,0.3589315525876461,0.0,0.0,0.0,0.0,0.0,0.0,0.0,1.0,0.0,0.0,0.0,0.0,0.0,0.0,0.0,0.0,0.0,1.0,0.0,0.0,0.0,1.0,1.0,1.0,2.0,56.0,0.0,42.53059430919499,Medium
163269,Gunai Gaharpur,2692,407,436,501,0,271.1,9.929915160457394,0.1619613670133729,0.1861069836552749,0.0,0.0,0.0,0.0,0.0,0.0,0.0,1.0,1.0,1.0,0.0,0.0,0.0,0.0,0.0,0.0,1.0,1.0,1.0,1.0,1.0,1.0,1.0,1.0,1.0,56.0,0.0,29.53102460942809,Low
163270,Meja Khas,7782,1222,1269,1421,41,1233.37,6.30954214874693,0.1630686198920586,0.1826008738113595,0.0052685684913903,1.0,0.0,1.0,1.0,0.0,0.0,1.0,1.0,0.0,0.0,0.0,1.0,0.0,0.0,1.0,0.0,1.0,1.0,1.0,1.0,1.0,1.0,1.0,0.0,45.0,14.0,34.523643429012026,Medium
163271,Narir,636,79,166,216,0,94.02,6.764518187619656,0.2610062893081761,0.3396226415094339,0.0,0.0,0.0,0.0,0.0,0.0,0.0,1.0,0.0,0.0,0.0,0.0,0.0,0.0,0.0,1.0,1.0,1.0,1.0,0.0,0.0,1.0,0.0,1.0,13.0,48.0,13.0,41.47312365843794,Medium
163272,Rauuni,367,57,86,144,0,77.29,4.748350368741105,0.2343324250681198,0.3923705722070845,0.0,0.0,0.0,0.0,0.0,0.0,0.0,1.0,1.0,0.0,0.0,0.0,0.0,0.0,0.0,0.0,1.0,1.0,1.0,1.0,0.0,0.0,1.0,1.0,14.0,48.0,14.0,35.02040979187696,Medium
163273,Shahpur Khurd,633,90,119,398,0,224.54,2.8190968201656723,0.1879936808846761,0.6287519747235387,0.0,0.0,0.0,0.0,0.0,0.0,0.0,1.0,1.0,0.0,0.0,0.0,0.0,0.0,0.0,0.0,0.0,1.0,1.0,1.0,0.0,0.0,1.0,1.0,13.0,48.0,14.0,39.73282411004407,Medium
163274,Chak Uchehra,0,0,0,0,0,33.59,0.0,,,,,,,,,,,,,,,,,,,,,,,,,,,0.0,0.0,0.0,45.0,Medium
163275,Bhaiya,1551,232,257,544,0,552.24,2.808561495002173,0.165699548678272,0.3507414571244358,0.0,0.0,0.0,0.0,0.0,0.0,0.0,1.0,1.0,0.0,0.0,0.0,0.0,0.0,0.0,0.0,0.0,0.0,1.0,1.0,0.0,1.0,1.0,1.0,12.0,40.0,15.0,42.6735143462182,Medium
163276,Chandhash,841,123,165,323,0,317.53,2.6485686391837,0.1961950059453032,0.3840665873959571,0.0,0.0,0.0,0.0,0.0,0.0,0.0,1.0,1.0,0.0,0.0,0.0,0.0,0.0,0.0,0.0,0.0,1.0,0.0,1.0,0.0,1.0,1.0,1.0,12.0,50.0,20.0,38.748424853889325,Medium
163277,Siki Khurd,705,77,132,158,0,173.87,4.054753551503997,0.1872340425531914,0.2241134751773049,0.0,0.0,0.0,0.0,0.0,0.0,0.0,1.0,1.0,0.0,0.0,0.0,0.0,0.0,0.0,1.0,0.0,1.0,1.0,0.0,0.0,0.0,0.0,1.0,0.0,0.0,0.0,40.23765232321731,Medium
163278,Dhauhan Chehra,108,18,13,0,0,163.9,0.6589383770591825,0.1203703703703703,0.0,0.0,0.0,0.0,0.0,0.0,0.0,0.0,0.0,0.0,0.0,0.0,0.0,1.0,0.0,0.0,0.0,0.0,1.0,1.0,1.0,0.0,0.0,1.0,1.0,14.0,50.0,14.0,51.13820647376102,Medium
163279,Bhoj Purva,1636,238,349,519,0,333.95,4.898936966611768,0.2133251833740831,0.3172371638141809,0.0,0.0,0.0,0.0,0.0,0.0,0.0,1.0,1.0,0.0,0.0,0.0,0.0,0.0,0.0,0.0,0.0,1.0,0.0,1.0,0.0,1.0,1.0,1.0,12.0,45.0,12.0,39.020717578080166,Medium
163280,Pathara,1493,227,286,703,6,51.43,29.029749173634062,0.1915606162089752,0.4708640321500335,0.0040187541862022,0.0,0.0,0.0,0.0,0.0,0.0,0.0,1.0,0.0,0.0,0.0,1.0,0.0,1.0,1.0,1.0,0.0,1.0,1.0,0.0,1.0,1.0,1.0,0.0,0.0,0.0,53.55745852742714,Medium
163281,Suhas,1669,255,326,388,1,53.66,31.103242638837123,0.1953265428400239,0.2324745356500898,0.0005991611743559,0.0,0.0,0.0,0.0,0.0,0.0,1.0,1.0,0.0,1.0,0.0,1.0,0.0,1.0,1.0,1.0,1.0,1.0,1.0,0.0,1.0,1.0,1.0,15.0,55.0,0.0,44.14876547805071,Medium
163282,Majhila,174,34,20,0,0,156.57,1.111324008430734,0.1149425287356321,0.0,0.0,0.0,0.0,0.0,0.0,0.0,0.0,1.0,0.0,0.0,0.0,0.0,0.0,0.0,0.0,1.0,1.0,1.0,1.0,0.0,0.0,0.0,0.0,0.0,23.0,57.0,0.0,35.1606398626265,Medium
163283,Fachkari,293,34,66,14,0,110.32,2.655910079767948,0.2252559726962457,0.0477815699658703,0.0,0.0,0.0,0.0,0.0,0.0,0.0,1.0,1.0,0.0,0.0,0.0,0.0,0.0,0.0,0.0,1.0,1.0,1.0,0.0,0.0,0.0,1.0,1.0,14.0,50.0,14.0,35.439130647260505,Medium
163284,Nevada,1446,244,266,535,0,381.09,3.794379280484925,0.1839557399723375,0.3699861687413555,0.0,0.0,0.0,0.0,0.0,0.0,0.0,1.0,0.0,0.0,0.0,0.0,0.0,0.0,0.0,0.0,1.0,1.0,0.0,1.0,0.0,0.0,1.0,1.0,13.0,48.0,13.0,36.69129352939587,Medium
163285,Jathara,448,75,63,178,0,144.46,3.101204485670774,0.140625,0.3973214285714285,0.0,1.0,0.0,1.0,0.0,0.0,0.0,1.0,1.0,0.0,0.0,0.0,0.0,0.0,0.0,0.0,0.0,1.0,0.0,1.0,0.0,0.0,1.0,1.0,14.0,49.0,0.0,30.499544474757784,Low
163286,Bisari,710,130,100,282,0,207.85,3.415924945874429,0.1408450704225352,0.3971830985915493,0.0,0.0,0.0,0.0,0.0,0.0,0.0,1.0,0.0,0.0,0.0,0.0,0.0,0.0,0.0,0.0,0.0,1.0,0.0,0.0,0.0,0.0,0.0,0.0,20.0,60.0,9.0,43.01839615525592,Medium
163287,Bhabhaur,815,132,150,222,0,189.99,4.289699457866203,0.1840490797546012,0.2723926380368098,0.0,0.0,0.0,0.0,0.0,0.0,0.0,1.0,1.0,0.0,1.0,0.0,0.0,0.0,0.0,0.0,0.0,1.0,0.0,0.0,0.0,1.0,0.0,0.0,25.0,63.0,8.0,40.39316016382981,Medium
163288,Siki Kalan,4391,666,768,1441,0,1217.24,3.607341198120338,0.1749032111136415,0.3281712593942154,0.0,0.0,0.0,0.0,0.0,0.0,0.0,1.0,0.0,0.0,0.0,0.0,0.0,0.0,0.0,1.0,0.0,0.0,1.0,1.0,0.0,1.0,1.0,1.0,10.0,55.0,16.0,46.2029521630143,Medium
163289,Bashara,4788,751,889,1522,0,2492.0,1.9213483146067416,0.185672514619883,0.3178780284043442,0.0,0.0,0.0,0.0,0.0,0.0,0.0,1.0,1.0,0.0,0.0,0.0,1.0,0.0,0.0,0.0,0.0,0.0,1.0,1.0,0.0,1.0,0.0,1.0,0.0,0.0,0.0,53.07190422184301,Medium
163290,Akbar Shahpur,1855,232,367,273,0,260.56,7.119281547436291,0.197843665768194,0.1471698113207547,0.0,0.0,0.0,0.0,0.0,0.0,0.0,1.0,1.0,0.0,0.0,0.0,0.0,0.0,0.0,1.0,0.0,0.0,1.0,0.0,0.0,1.0,1.0,1.0,9.0,54.0,12.0,45.29723523856943,Medium
163291,Dudhara,984,134,165,390,0,188.59,5.217667956943634,0.1676829268292683,0.3963414634146341,0.0,0.0,0.0,0.0,0.0,0.0,0.0,1.0,1.0,1.0,0.0,0.0,0.0,0.0,0.0,0.0,1.0,1.0,1.0,0.0,1.0,1.0,0.0,1.0,12.0,56.0,0.0,33.06007750934202,Medium
163292,Jokahai,1668,228,309,376,10,276.19,6.039320757449582,0.185251798561151,0.2254196642685851,0.0059952038369304,0.0,0.0,0.0,0.0,0.0,0.0,1.0,0.0,0.0,0.0,0.0,0.0,0.0,0.0,0.0,1.0,1.0,1.0,1.0,0.0,1.0,1.0,1.0,13.0,58.0,58.0,36.2428049188463,Medium
163293,Kharehara,284,36,29,87,0,88.87,3.1956790818048835,0.102112676056338,0.306338028169014,0.0,0.0,0.0,0.0,0.0,0.0,0.0,1.0,0.0,0.0,0.0,0.0,1.0,0.0,0.0,0.0,0.0,1.0,1.0,1.0,0.0,0.0,0.0,0.0,13.0,59.0,59.0,48.89314252353199,Medium
163294,Badhiyari Khurd,1053,178,189,301,0,337.76,3.117598294647087,0.1794871794871795,0.2858499525166192,0.0,0.0,0.0,0.0,0.0,0.0,0.0,1.0,1.0,0.0,0.0,0.0,0.0,0.0,0.0,0.0,1.0,1.0,1.0,1.0,0.0,1.0,1.0,1.0,13.0,58.0,58.0,32.775393254627694,Low
163295,Badhiyari Kalan,1773,245,292,285,0,386.71,4.584831010317809,0.164692611393119,0.1607445008460236,0.0,0.0,0.0,0.0,0.0,0.0,0.0,1.0,1.0,0.0,0.0,0.0,0.0,0.0,0.0,0.0,1.0,1.0,1.0,1.0,0.0,0.0,0.0,1.0,13.0,58.0,58.0,31.76636115431869,Low
163296,Sirokhar,1672,255,295,389,0,481.02,3.4759469460729284,0.1764354066985645,0.2326555023923445,0.0,0.0,0.0,0.0,0.0,0.0,0.0,1.0,1.0,0.0,0.0,0.0,0.0,0.0,0.0,0.0,0.0,1.0,0.0,0.0,0.0,1.0,1.0,1.0,12.0,56.0,0.0,39.93260301714855,Medium
163297,Kapuri Bhraiya,2057,308,301,324,0,210.92,9.752512801062014,0.1463296062226543,0.1575109382596013,0.0,0.0,0.0,0.0,0.0,0.0,0.0,1.0,0.0,1.0,1.0,0.0,0.0,0.0,1.0,1.0,1.0,1.0,1.0,1.0,0.0,0.0,1.0,1.0,8.0,45.0,10.0,34.74513015642291,Medium
163298,Siriyari,883,121,162,212,0,356.2,2.4789444132509826,0.1834654586636466,0.2400906002265005,0.0,0.0,0.0,0.0,0.0,0.0,0.0,1.0,0.0,0.0,0.0,0.0,1.0,0.0,1.0,0.0,0.0,0.0,1.0,0.0,0.0,1.0,1.0,1.0,8.0,53.0,9.0,58.47301693197004,Medium
163299,Chauki Mai Arazi Panasa Uparha,3246,471,528,307,0,115.76,28.04077401520387,0.1626617375231053,0.0945779420825631,0.0,0.0,0.0,0.0,0.0,0.0,0.0,1.0,1.0,0.0,0.0,0.0,0.0,0.0,1.0,1.0,1.0,1.0,1.0,0.0,0.0,1.0,1.0,1.0,20.0,45.0,0.0,34.839103991826306,Medium
163300,Arazi Panasa Uparhar,0,0,0,0,0,6.86,0.0,,,,,,,,,,,,,,,,,,,,,,,,,,,0.0,0.0,0.0,45.0,Medium
163301,Chauki Mai Arazi Panasa Kachha,0,0,0,0,0,232.48,0.0,,,,,,,,,,,,,,,,,,,,,,,,,,,0.0,0.0,0.0,45.0,Medium
163302,Arazi Panasa Kachhar,0,0,0,0,0,9.99,0.0,,,,,,,,,,,,,,,,,,,,,,,,,,,0.0,0.0,0.0,45.0,Medium
163303,Uparaura Kachhar,0,0,0,0,0,205.01,0.0,,,,,,,,,,,,,,,,,,,,,,,,,,,0.0,0.0,0.0,45.0,Medium
163304,Arazi Fatehbara,0,0,0,0,0,4.24,0.0,,,,,,,,,,,,,,,,,,,,,,,,,,,0.0,0.0,0.0,45.0,Medium
163305,Uparaura Uparhar,7898,1138,1261,486,9,296.7,26.619480957195822,0.1596606735882502,0.0615345657128386,0.0011395289946821,0.0,0.0,0.0,0.0,0.0,0.0,1.0,1.0,0.0,0.0,0.0,0.0,0.0,1.0,1.0,1.0,1.0,1.0,0.0,0.0,1.0,1.0,1.0,15.0,42.0,2.0,34.55262117871183,Medium
163306,Bagaha,1907,280,280,64,20,412.39,4.624263439947622,0.1468274777136864,0.0335605663345568,0.010487676979549,0.0,0.0,0.0,0.0,0.0,0.0,1.0,1.0,0.0,1.0,0.0,1.0,0.0,1.0,1.0,1.0,1.0,1.0,0.0,0.0,1.0,1.0,1.0,20.0,40.0,40.0,43.34652896407352,Medium
163307,Amiliya Khurd,637,115,77,0,0,154.68,4.118179467287303,0.1208791208791208,0.0,0.0,0.0,0.0,0.0,0.0,0.0,0.0,1.0,1.0,0.0,0.0,0.0,0.0,0.0,0.0,0.0,1.0,1.0,1.0,0.0,0.0,1.0,1.0,1.0,0.0,0.0,0.0,32.129045353111145,Low
163308,Samahan,5490,813,798,636,29,528.87,10.38062283737024,0.1453551912568306,0.1158469945355191,0.0052823315118397,0.0,0.0,0.0,0.0,0.0,0.0,1.0,0.0,0.0,0.0,0.0,0.0,0.0,1.0,1.0,1.0,1.0,1.0,0.0,0.0,1.0,1.0,1.0,13.0,35.0,9.0,37.15953483886772,Medium
163309,Kathauli,6323,951,965,1768,0,13.0,486.38461538461536,0.152617428435869,0.2796141072275818,0.0,0.0,0.0,0.0,0.0,0.0,0.0,1.0,1.0,0.0,0.0,0.0,0.0,0.0,1.0,1.0,1.0,1.0,1.0,1.0,0.0,0.0,1.0,1.0,6.0,41.0,4.0,51.80992672254732,Medium
163310,Kathar,62,12,7,0,0,13.58,4.565537555228277,0.1129032258064516,0.0,0.0,0.0,0.0,0.0,0.0,0.0,0.0,0.0,0.0,0.0,0.0,0.0,1.0,1.0,1.0,0.0,0.0,0.0,1.0,1.0,0.0,0.0,0.0,0.0,45.0,40.0,8.0,56.07483040765224,Medium
163311,Bedauli Tappa Chaurasi,1920,259,282,271,0,140.69,13.647025374937806,0.146875,0.1411458333333333,0.0,0.0,0.0,0.0,0.0,0.0,0.0,1.0,1.0,0.0,0.0,0.0,1.0,0.0,1.0,0.0,1.0,1.0,1.0,0.0,0.0,1.0,0.0,1.0,13.0,38.0,0.0,44.00647438478314,Medium
163312,Bari,1200,157,187,385,0,107.11,11.203435720287557,0.1558333333333333,0.3208333333333333,0.0,0.0,0.0,0.0,0.0,0.0,0.0,1.0,1.0,0.0,0.0,0.0,0.0,0.0,1.0,1.0,1.0,1.0,1.0,1.0,0.0,1.0,1.0,1.0,12.0,45.0,2.0,32.573182158354385,Low
163313,Khanpur,2966,465,387,558,0,160.47,18.48320558359818,0.1304787592717464,0.1881321645313553,0.0,0.0,0.0,0.0,0.0,0.0,0.0,1.0,1.0,1.0,0.0,0.0,0.0,0.0,0.0,0.0,1.0,1.0,1.0,0.0,0.0,1.0,0.0,1.0,11.0,35.0,0.0,33.94838120296039,Medium
163314,Soranv Pati,4377,625,603,961,0,472.73,9.258985044317052,0.13776559287183,0.2195567740461503,0.0,0.0,0.0,0.0,0.0,0.0,0.0,1.0,1.0,0.0,0.0,0.0,0.0,0.0,1.0,1.0,1.0,0.0,1.0,0.0,0.0,0.0,1.0,1.0,9.0,40.0,0.0,38.94481187751314,Medium
163315,Sirsa Kachhar,0,0,0,0,0,23.26,0.0,,,,,,,,,,,,,,,,,,,,,,,,,,,7.0,40.0,0.0,45.0,Medium
163316,Chhatava Kachhar,0,0,0,0,0,31.4,0.0,,,,,,,,,,,,,,,,,,,,,,,,,,,15.0,40.0,0.0,45.0,Medium
163317,Chhatava Uparhar,6253,897,1010,1458,0,191.5,32.652741514360315,0.1615224692147769,0.2331680793219255,0.0,0.0,0.0,0.0,0.0,0.0,0.0,1.0,0.0,0.0,0.0,0.0,1.0,0.0,0.0,0.0,1.0,1.0,1.0,0.0,0.0,1.0,1.0,1.0,15.0,40.0,1.0,49.0208527819359,Medium
163318,Bajaha,720,111,40,17,0,47.52,15.15151515151515,0.0555555555555555,0.0236111111111111,0.0,0.0,0.0,0.0,0.0,0.0,0.0,1.0,1.0,0.0,0.0,0.0,1.0,0.0,0.0,1.0,1.0,1.0,1.0,0.0,0.0,1.0,0.0,0.0,16.0,46.0,2.0,40.7410816411785,Medium
163319,Dorava,623,95,70,0,0,93.9,6.6347177848775285,0.1123595505617977,0.0,0.0,0.0,0.0,0.0,0.0,0.0,0.0,1.0,1.0,0.0,0.0,0.0,0.0,0.0,0.0,0.0,1.0,1.0,1.0,0.0,0.0,1.0,0.0,0.0,13.0,39.0,3.0,31.976937598735127,Low
163320,Gondaura,733,110,99,0,0,52.03,14.088026138766097,0.1350613915416098,0.0,0.0,0.0,0.0,0.0,0.0,0.0,0.0,1.0,1.0,0.0,0.0,0.0,1.0,0.0,1.0,0.0,1.0,0.0,1.0,0.0,0.0,1.0,0.0,0.0,14.0,49.0,0.0,47.96447079302132,Medium
163321,Gosourra Kala,1062,187,126,278,0,83.5,12.718562874251496,0.1186440677966101,0.2617702448210923,0.0,0.0,0.0,0.0,0.0,0.0,0.0,0.0,1.0,0.0,0.0,0.0,1.0,0.0,0.0,0.0,0.0,0.0,1.0,0.0,0.0,1.0,1.0,1.0,13.0,38.0,0.0,57.05782368986186,Medium
163322,Mavaiya,903,95,113,40,0,81.75,11.045871559633028,0.1251384274640088,0.044296788482835,0.0,0.0,0.0,0.0,0.0,0.0,0.0,1.0,1.0,0.0,0.0,0.0,0.0,0.0,0.0,0.0,1.0,1.0,1.0,1.0,1.0,0.0,0.0,1.0,0.0,0.0,0.0,27.76317326359385,Low
163323,Bakchunda,3021,409,479,1018,107,426.25,7.087390029325513,0.1585567692816948,0.3369745117510758,0.0354187355180403,0.0,0.0,0.0,0.0,0.0,0.0,1.0,1.0,0.0,0.0,0.0,0.0,0.0,0.0,0.0,0.0,0.0,1.0,0.0,0.0,1.0,1.0,1.0,0.0,40.0,6.0,45.912053140188654,Medium
163324,Nivauya,3292,507,573,1105,10,619.69,5.312333586147912,0.1740583232077764,0.3356622114216281,0.0030376670716889,0.0,0.0,0.0,0.0,0.0,0.0,1.0,0.0,0.0,0.0,0.0,0.0,0.0,1.0,1.0,1.0,1.0,1.0,1.0,0.0,1.0,1.0,1.0,6.0,41.0,0.0,36.35770114887564,Medium
163325,Ram Nagar,11860,1808,1658,2282,0,541.18,21.91507446690565,0.1397976391231028,0.1924114671163575,0.0,1.0,,1.0,0.0,1.0,0.0,1.0,0.0,0.0,0.0,0.0,0.0,0.0,1.0,1.0,1.0,1.0,1.0,1.0,1.0,1.0,1.0,1.0,14.0,45.0,5.0,22.72379493798416,Low
163326,Patti Nath Rai,2210,358,314,1111,0,152.43,14.498458308731877,0.1420814479638009,0.5027149321266968,0.0,0.0,0.0,0.0,0.0,0.0,0.0,1.0,1.0,1.0,0.0,0.0,0.0,0.0,0.0,0.0,0.0,0.0,0.0,0.0,0.0,0.0,1.0,0.0,15.0,49.0,0.0,45.70552400290619,Medium
163327,Araji Akora,324,53,41,205,0,2.58,125.5813953488372,0.1265432098765432,0.6327160493827161,0.0,0.0,0.0,0.0,0.0,0.0,0.0,1.0,0.0,1.0,0.0,,,0.0,0.0,0.0,0.0,0.0,1.0,0.0,0.0,0.0,0.0,0.0,14.0,48.0,0.0,53.79041523117935,Medium
163328,Uchadih,6389,915,985,1955,0,419.4,15.233667143538389,0.1541712318046642,0.3059946783534199,0.0,0.0,0.0,0.0,0.0,0.0,0.0,1.0,0.0,0.0,0.0,0.0,0.0,0.0,0.0,0.0,1.0,0.0,1.0,1.0,0.0,1.0,1.0,1.0,13.0,53.0,1.0,40.948181165241735,Medium
163329,Bijaura,2556,347,395,358,0,263.31,9.707189244616613,0.1545383411580594,0.1400625978090766,0.0,0.0,0.0,0.0,0.0,0.0,0.0,1.0,0.0,0.0,0.0,0.0,0.0,0.0,0.0,1.0,1.0,1.0,1.0,0.0,0.0,0.0,1.0,1.0,17.0,42.0,3.0,37.40228681020717,Medium
163330,Devhatta Kachhar,0,0,0,0,0,24.58,0.0,,,,,,,,,,,,,,,,,,,,,,,,,,,0.0,0.0,0.0,45.0,Medium
163331,Devhatta Uparhar,1498,228,244,424,0,179.42,8.34912495819864,0.1628838451268358,0.2830440587449933,0.0,0.0,0.0,0.0,0.0,0.0,0.0,1.0,0.0,0.0,1.0,,,0.0,0.0,0.0,1.0,1.0,1.0,1.0,0.0,1.0,1.0,1.0,20.0,50.0,0.0,35.81171600850822,Medium
163332,Misirpur,2480,373,334,1125,0,137.4,18.049490538573508,0.1346774193548387,0.4536290322580645,0.0,0.0,0.0,0.0,0.0,0.0,0.0,1.0,0.0,0.0,0.0,0.0,0.0,0.0,0.0,0.0,0.0,0.0,1.0,1.0,0.0,1.0,1.0,1.0,20.0,50.0,0.0,46.21732443549272,Medium
163333,Tarvai,2168,387,311,600,1,121.19,17.889264790824324,0.143450184501845,0.2767527675276753,0.0004612546125461,0.0,0.0,0.0,0.0,0.0,0.0,1.0,1.0,0.0,0.0,0.0,0.0,0.0,0.0,0.0,1.0,1.0,1.0,0.0,0.0,0.0,1.0,0.0,15.0,50.0,0.0,34.76721792531332,Medium
163334,Samogara,2331,386,365,1332,0,120.45,19.352428393524285,0.1565851565851566,0.5714285714285714,0.0,0.0,0.0,0.0,0.0,0.0,0.0,1.0,1.0,0.0,0.0,0.0,0.0,0.0,0.0,0.0,1.0,1.0,1.0,0.0,0.0,0.0,0.0,1.0,15.0,50.0,0.0,36.683797356845744,Medium
163335,Bigahani,1276,185,151,401,0,94.54,13.496932515337422,0.1183385579937304,0.3142633228840125,0.0,0.0,0.0,0.0,0.0,0.0,0.0,1.0,1.0,0.0,0.0,0.0,0.0,0.0,0.0,0.0,0.0,0.0,1.0,0.0,0.0,0.0,1.0,1.0,25.0,50.0,20.0,44.00979679573987,Medium
163336,Sigati,1223,204,142,449,0,107.82,11.342979039139308,0.116107931316435,0.3671300081766149,0.0,0.0,0.0,0.0,0.0,0.0,1.0,1.0,1.0,1.0,1.0,0.0,0.0,0.0,0.0,0.0,1.0,1.0,1.0,1.0,0.0,0.0,1.0,1.0,17.0,55.0,8.0,28.285308121159968,Low
163337,Bigahana,1023,145,88,237,0,152.63,6.7024831291358185,0.086021505376344,0.2316715542521994,0.0,0.0,0.0,0.0,0.0,0.0,0.0,1.0,0.0,0.0,1.0,0.0,0.0,0.0,0.0,0.0,1.0,0.0,1.0,0.0,0.0,0.0,1.0,1.0,25.0,50.0,0.0,40.681273839859344,Medium
163338,Dubepur Kachhar,0,0,0,0,0,11.0,0.0,,,,,,,,,,,,,,,,,,,,,,,,,,,20.0,50.0,0.0,45.0,Medium
163339,Pakari Sevar Kachhar,0,0,0,0,0,120.83,0.0,,,,,,,,,,,,,,,,,,,,,,,,,,,20.0,50.0,0.0,45.0,Medium
163340,Paranipur Kachhar,0,0,0,0,0,406.62,0.0,,,,,,,,,,,,,,,,,,,,,,,,,,,20.0,65.0,0.0,45.0,Medium
163341,Paranipur Uparhar,7773,1063,1200,1078,1,616.0,12.618506493506494,0.1543805480509456,0.1386851923324328,0.0001286504567091,0.0,0.0,0.0,0.0,0.0,0.0,1.0,1.0,0.0,0.0,0.0,0.0,0.0,1.0,1.0,1.0,1.0,1.0,0.0,0.0,1.0,1.0,1.0,20.0,65.0,0.0,34.18011706903351,Medium
163342,Pakari Sevar Uparhar,3581,508,551,616,0,345.45,10.36618902880301,0.1538676347388997,0.1720189891091873,0.0,0.0,0.0,0.0,0.0,0.0,0.0,1.0,1.0,0.0,0.0,0.0,0.0,0.0,0.0,0.0,1.0,0.0,1.0,1.0,0.0,1.0,0.0,1.0,20.0,50.0,0.0,36.73571212849349,Medium
163343,Dubepur Uparhar,798,110,120,171,0,38.73,20.60418280402789,0.150375939849624,0.2142857142857142,0.0,0.0,0.0,0.0,0.0,0.0,0.0,1.0,1.0,0.0,1.0,0.0,0.0,0.0,0.0,0.0,1.0,1.0,1.0,1.0,0.0,0.0,1.0,1.0,20.0,45.0,0.0,32.263278362000946,Low
163344,Dohariya,3426,478,408,628,0,305.95,11.197908154927276,0.1190893169877408,0.1833041447752481,0.0,0.0,0.0,0.0,0.0,0.0,0.0,1.0,1.0,0.0,0.0,0.0,0.0,0.0,0.0,0.0,1.0,1.0,1.0,0.0,0.0,0.0,0.0,1.0,15.0,50.0,0.0,33.282988433247155,Medium
163345,Bhigari,774,105,109,18,0,52.18,14.833269451897278,0.1408268733850129,0.0232558139534883,0.0,0.0,0.0,0.0,0.0,0.0,0.0,0.0,0.0,0.0,0.0,0.0,1.0,0.0,0.0,0.0,0.0,0.0,1.0,0.0,0.0,1.0,0.0,0.0,20.0,52.0,0.0,59.95102518235584,Medium
163346,Anantapur,800,110,118,362,0,46.53,17.193208682570383,0.1475,0.4525,0.0,0.0,0.0,0.0,0.0,0.0,0.0,1.0,1.0,0.0,0.0,0.0,0.0,0.0,0.0,0.0,0.0,0.0,1.0,0.0,0.0,0.0,1.0,0.0,21.0,53.0,0.0,45.72781328865016,Medium
163347,Uranah,1276,173,148,179,0,180.03,7.087707604288174,0.115987460815047,0.140282131661442,0.0,0.0,0.0,0.0,0.0,0.0,0.0,1.0,1.0,0.0,0.0,0.0,0.0,0.0,0.0,0.0,1.0,0.0,0.0,0.0,0.0,0.0,1.0,0.0,22.0,54.0,0.0,37.80581237992477,Medium
163348,Mudkari,0,0,0,0,0,12.8,0.0,,,,,,,,,,,,,,,,,,,,,,,,,,,19.0,14.0,49.0,45.0,Medium
163349,Chak Vishun Dutt,0,0,0,0,0,20.43,0.0,,,,,,,,,,,,,,,,,,,,,,,,,,,19.0,14.0,19.0,45.0,Medium
163350,Satan Patti,0,0,0,0,0,20.99,0.0,,,,,,,,,,,,,,,,,,,,,,,,,,,19.0,19.0,49.0,45.0,Medium
163351,Paisath,0,0,0,0,0,12.81,0.0,,,,,,,,,,,,,,,,,,,,,,,,,,,19.0,14.0,48.0,45.0,Medium
163352,Birpur Tappa Chaurasi,850,118,133,86,0,31.6,26.89873417721519,0.1564705882352941,0.1011764705882353,0.0,0.0,0.0,0.0,0.0,0.0,0.0,1.0,1.0,0.0,0.0,,1.0,0.0,0.0,0.0,0.0,0.0,0.0,0.0,0.0,0.0,0.0,0.0,19.0,48.0,48.0,54.63940179546776,Medium
163353,Rasauli,538,64,98,0,0,90.12,5.969818020417221,0.1821561338289963,0.0,0.0,0.0,0.0,0.0,0.0,0.0,0.0,1.0,1.0,1.0,0.0,0.0,1.0,0.0,0.0,0.0,0.0,0.0,0.0,0.0,0.0,0.0,0.0,0.0,18.0,12.0,46.0,54.04349460351059,Medium
163354,Parsi Patti,0,0,0,0,0,19.15,0.0,,,,,,,,,,,,,,,,,,,,,,,,,,,19.0,14.0,49.0,45.0,Medium
163355,Bhuipara Kachhar,0,0,0,0,0,80.6,0.0,,,,,,,,,,,,,,,,,,,,,,,,,,,23.0,60.0,0.0,45.0,Medium
163356,Bhuipara Uparhar,1926,297,280,858,0,146.23,13.171031935991248,0.1453790238836967,0.4454828660436137,0.0,0.0,0.0,0.0,0.0,0.0,0.0,1.0,0.0,0.0,0.0,0.0,0.0,0.0,0.0,0.0,0.0,0.0,0.0,0.0,0.0,1.0,1.0,1.0,20.0,57.0,0.0,48.797040880461545,Medium
163357,Tanariya Uparhar,961,130,103,0,0,87.45,10.989136649514007,0.1071800208116545,0.0,0.0,0.0,0.0,0.0,0.0,0.0,0.0,1.0,1.0,1.0,0.0,0.0,1.0,0.0,0.0,0.0,0.0,0.0,0.0,0.0,0.0,1.0,1.0,0.0,24.0,61.0,0.0,52.00060419789705,Medium
163358,Tanariya Kachhar,0,0,0,0,0,27.3,0.0,,,,,,,,,,,,,,,,,,,,,,,,,,,24.0,6.0,0.0,45.0,Medium
163359,Raipura Kachhar,0,0,0,0,0,26.97,0.0,,,,,,,,,,,,,,,,,,,,,,,,,,,25.0,62.0,0.0,45.0,Medium
163360,Raipura Uparhar,1156,133,132,177,0,121.08,9.54740667327387,0.1141868512110726,0.153114186851211,0.0,0.0,0.0,0.0,0.0,0.0,0.0,1.0,1.0,0.0,0.0,0.0,1.0,0.0,0.0,0.0,0.0,0.0,1.0,0.0,0.0,0.0,1.0,0.0,29.0,61.0,0.0,52.91709650881658,Medium
163361,Kanjauli Uparhar,1705,287,270,532,0,176.77,9.645301804604854,0.158357771260997,0.3120234604105572,0.0,0.0,0.0,0.0,0.0,0.0,0.0,1.0,1.0,1.0,1.0,0.0,0.0,0.0,0.0,0.0,0.0,0.0,0.0,0.0,0.0,1.0,0.0,0.0,21.0,15.0,49.0,45.04079589866237,Medium
163362,Kanjauli Kachhar,0,0,0,0,0,50.98,0.0,,,,,,,,,,,,,,,,,,,,,,,,,,,21.0,15.0,49.0,45.0,Medium
163363,Madar Mukundpur Kachhar,0,0,0,0,0,105.43,0.0,,,,,,,,,,,,,,,,,,,,,,,,,,,0.0,0.0,0.0,45.0,Medium
163364,Madara Mukundpur Uparhar,3803,505,554,464,0,488.07,7.791915094146332,0.1456744675256376,0.1220089403102813,0.0,0.0,0.0,0.0,0.0,0.0,0.0,1.0,1.0,0.0,0.0,0.0,0.0,0.0,0.0,0.0,1.0,0.0,1.0,0.0,0.0,1.0,1.0,0.0,21.0,15.0,49.0,38.63401344045428,Medium
163365,Kunwar Patti,982,111,151,0,0,27.87,35.23501973448152,0.1537678207739307,0.0,0.0,0.0,0.0,0.0,0.0,0.0,0.0,1.0,1.0,0.0,0.0,0.0,0.0,0.0,0.0,0.0,1.0,0.0,0.0,0.0,0.0,0.0,0.0,0.0,18.0,12.0,46.0,39.39522216040467,Medium
163366,Keshav Patti,439,54,78,113,0,74.85,5.865063460253841,0.1776765375854214,0.2574031890660592,0.0,0.0,0.0,0.0,0.0,0.0,0.0,1.0,1.0,0.0,0.0,1.0,0.0,0.0,0.0,0.0,0.0,0.0,0.0,0.0,0.0,0.0,0.0,0.0,18.0,12.0,46.0,45.19181518317804,Medium
163367,Parva Uparhar,1898,298,349,364,0,100.0,18.98,0.1838777660695469,0.1917808219178082,0.0,0.0,,0.0,0.0,0.0,0.0,1.0,1.0,0.0,1.0,0.0,1.0,0.0,0.0,0.0,1.0,1.0,1.0,0.0,0.0,1.0,1.0,1.0,20.0,70.0,0.0,45.58902274194694,Medium
163368,Parva Kachhar,0,0,0,0,0,200.0,0.0,,,,,,,,,,,,,,,,,,,,,,,,,,,20.0,70.0,0.0,45.0,Medium
163369,Bhabhaura Uparhar,2108,271,310,322,18,1971.0,1.069507864028412,0.1470588235294117,0.1527514231499051,0.00853889943074,0.0,0.0,0.0,0.0,0.0,0.0,1.0,0.0,0.0,0.0,,1.0,0.0,0.0,0.0,1.0,0.0,1.0,0.0,0.0,1.0,1.0,1.0,20.0,70.0,0.0,52.090054360786695,Medium
163370,Bhabhaura Kachhar,0,0,0,0,0,60.0,0.0,,,,,,,,,,,,,,,,,,,,,,,,,,,0.0,0.0,0.0,45.0,Medium
163371,Patkhauli,588,76,105,215,0,30.47,19.297669839186085,0.1785714285714285,0.3656462585034014,0.0,0.0,0.0,0.0,0.0,0.0,0.0,1.0,1.0,0.0,0.0,0.0,1.0,0.0,0.0,0.0,0.0,0.0,0.0,0.0,0.0,1.0,0.0,1.0,30.0,60.0,0.0,56.31222229529564,Medium
163372,Chaukatha Tivariyan,867,134,132,423,0,49.93,17.364310034047666,0.1522491349480969,0.4878892733564013,0.0,0.0,0.0,0.0,0.0,0.0,0.0,1.0,0.0,0.0,1.0,0.0,1.0,0.0,0.0,0.0,0.0,0.0,0.0,0.0,0.0,1.0,1.0,1.0,28.0,65.0,0.0,59.387602677155286,Medium
163373,Javaniya,4848,576,796,1443,0,275.36,17.606042998256825,0.1641914191419141,0.2976485148514851,0.0,0.0,,0.0,0.0,0.0,0.0,1.0,1.0,1.0,1.0,0.0,0.0,0.0,0.0,1.0,1.0,1.0,1.0,1.0,0.0,1.0,1.0,1.0,15.0,50.0,0.0,32.97127406931406,Low
163374,Atarvriya,1237,166,162,93,0,103.0,12.009708737864075,0.1309620048504446,0.0751818916734033,0.0,0.0,0.0,0.0,0.0,0.0,0.0,1.0,1.0,1.0,0.0,0.0,0.0,0.0,0.0,0.0,0.0,0.0,0.0,0.0,0.0,1.0,1.0,0.0,25.0,60.0,0.0,43.13193881762562,Medium
163375,Chilvila,2019,312,298,644,0,143.1,14.10901467505241,0.1475978207033184,0.3189697870232788,0.0,0.0,1.0,0.0,0.0,0.0,0.0,1.0,0.0,0.0,0.0,0.0,0.0,0.0,0.0,0.0,0.0,0.0,0.0,0.0,0.0,0.0,1.0,1.0,0.0,0.0,0.0,44.93627564575893,Medium
163376,Bisenpur,915,147,102,590,0,79.13,11.563250347529385,0.1114754098360655,0.644808743169399,0.0,0.0,0.0,0.0,0.0,0.0,0.0,1.0,0.0,0.0,0.0,0.0,0.0,0.0,0.0,0.0,0.0,0.0,0.0,0.0,0.0,1.0,1.0,1.0,25.0,65.0,0.0,48.71045031326819,Medium
163377,Barva,2733,395,405,668,0,242.96,11.248765228844254,0.1481888035126234,0.2444200512257592,0.0,0.0,0.0,0.0,0.0,0.0,0.0,1.0,0.0,0.0,0.0,0.0,0.0,0.0,0.0,0.0,1.0,0.0,1.0,0.0,0.0,1.0,1.0,1.0,25.0,50.0,20.0,42.79697712330298,Medium
163378,Sukulpur,1878,198,268,0,0,51.96,36.1431870669746,0.1427050053248136,0.0,0.0,0.0,0.0,,0.0,0.0,0.0,1.0,1.0,0.0,0.0,0.0,0.0,0.0,0.0,0.0,1.0,1.0,1.0,0.0,0.0,1.0,1.0,1.0,20.0,55.0,0.0,34.10068128485592,Medium
163379,Bhelpur,401,36,61,54,0,100.23,4.000798164222289,0.1521197007481296,0.1346633416458852,0.0,0.0,0.0,0.0,0.0,0.0,0.0,0.0,0.0,0.0,0.0,0.0,1.0,0.0,0.0,1.0,1.0,1.0,1.0,0.0,0.0,1.0,0.0,1.0,25.0,65.0,0.0,50.40141943756843,Medium
163380,Kaneda Uparhar,1517,194,227,499,0,133.0,11.406015037593985,0.1496374423203691,0.3289386947923533,0.0,0.0,0.0,0.0,0.0,0.0,0.0,1.0,1.0,0.0,1.0,0.0,1.0,0.0,0.0,0.0,1.0,1.0,1.0,0.0,0.0,1.0,1.0,1.0,20.0,70.0,0.0,44.93616224040047,Medium
163381,Dharampur,789,115,136,82,0,56.4,13.98936170212766,0.1723700887198986,0.1039290240811153,0.0,0.0,0.0,0.0,0.0,0.0,0.0,1.0,1.0,0.0,0.0,0.0,0.0,0.0,0.0,0.0,1.0,1.0,1.0,1.0,0.0,0.0,1.0,1.0,18.0,50.0,0.0,32.099319774604126,Low
163382,Chapaur,693,97,130,37,0,36.08,19.20731707317073,0.1875901875901875,0.0533910533910533,0.0,0.0,0.0,0.0,0.0,0.0,0.0,1.0,1.0,1.0,0.0,0.0,1.0,0.0,0.0,0.0,1.0,1.0,1.0,1.0,0.0,0.0,1.0,0.0,20.0,55.0,0.0,42.51779375970772,Medium
163383,Onaur Uparhar,4686,630,809,871,0,28.67,163.44611091733518,0.1726419120785318,0.185872812633376,0.0,0.0,0.0,0.0,0.0,0.0,0.0,1.0,1.0,1.0,0.0,0.0,0.0,0.0,0.0,0.0,1.0,0.0,1.0,0.0,0.0,1.0,1.0,1.0,10.0,60.0,60.0,46.16281334473425,Medium
163384,Kaneda Kachhar,0,0,0,0,0,111.0,0.0,,,,,,,,,,,,,,,,,,,,,,,,,,,20.0,70.0,0.0,45.0,Medium
163385,Onaur Kachhar,0,0,0,0,0,34.11,0.0,,,,,,,,,,,,,,,,,,,,,,,,,,,20.0,55.0,0.0,45.0,Medium
163386,Kukur Katva,885,130,174,59,0,49.28,17.958603896103895,0.1966101694915254,0.0666666666666666,0.0,0.0,0.0,0.0,0.0,0.0,0.0,1.0,1.0,1.0,0.0,0.0,0.0,0.0,0.0,0.0,1.0,1.0,1.0,0.0,0.0,1.0,1.0,1.0,15.0,55.0,3.0,35.30342454486285,Medium
163387,Nibi,1415,186,171,306,0,101.67,13.917576472902528,0.1208480565371024,0.2162544169611307,0.0,0.0,0.0,0.0,0.0,0.0,0.0,1.0,1.0,0.0,1.0,,1.0,0.0,0.0,0.0,0.0,0.0,1.0,0.0,0.0,1.0,0.0,0.0,14.0,54.0,2.0,53.61233398487592,Medium
163388,Jera,2254,281,310,831,0,127.32,17.703424442349984,0.1375332741792369,0.3686779059449867,0.0,0.0,0.0,0.0,0.0,0.0,0.0,1.0,1.0,1.0,0.0,0.0,0.0,0.0,0.0,0.0,1.0,0.0,1.0,0.0,0.0,1.0,1.0,1.0,10.0,60.0,60.0,40.03068097377634,Medium
163389,Kevatahi,877,110,183,800,0,59.01,14.86188781562447,0.2086659064994298,0.9122006841505133,0.0,0.0,0.0,0.0,0.0,0.0,0.0,1.0,1.0,0.0,0.0,0.0,1.0,0.0,0.0,0.0,1.0,0.0,1.0,0.0,0.0,0.0,1.0,1.0,10.0,60.0,60.0,54.76543063925736,Medium
163390,Chaukatha Gaura,1329,157,170,1,0,110.75,12.0,0.127915726109857,0.000752445447705,0.0,0.0,0.0,0.0,0.0,0.0,0.0,1.0,1.0,0.0,0.0,0.0,1.0,0.0,0.0,0.0,1.0,0.0,1.0,0.0,0.0,1.0,1.0,1.0,10.0,60.0,60.0,47.66800400368096,Medium
163391,Khaminiya,1204,164,213,73,0,225.35,5.342800088750832,0.1769102990033222,0.0606312292358804,0.0,0.0,0.0,0.0,0.0,0.0,0.0,1.0,0.0,0.0,0.0,0.0,1.0,0.0,0.0,0.0,0.0,0.0,1.0,0.0,0.0,1.0,1.0,1.0,10.0,55.0,0.0,57.49682623543272,Medium
163392,Saray Kala,481,75,78,150,0,66.01,7.286774731101348,0.1621621621621621,0.3118503118503118,0.0,0.0,0.0,0.0,0.0,0.0,0.0,1.0,0.0,0.0,0.0,0.0,1.0,0.0,0.0,0.0,1.0,0.0,1.0,0.0,0.0,0.0,0.0,1.0,10.0,60.0,60.0,53.39041323946036,Medium
163393,Baunta,0,0,0,0,0,30.98,0.0,,,,,,,,,,,,,,,,,,,,,,,,,,,10.0,55.0,55.0,45.0,Medium
163394,Kothri,556,68,86,226,0,80.21,6.931804014462037,0.1546762589928057,0.4064748201438849,0.0,0.0,0.0,0.0,0.0,0.0,0.0,1.0,0.0,0.0,0.0,0.0,0.0,0.0,0.0,0.0,1.0,0.0,1.0,0.0,0.0,0.0,1.0,1.0,12.0,60.0,60.0,43.62436238878502,Medium
163395,Saray Khurd,764,86,115,407,0,32.68,23.378212974296204,0.1505235602094241,0.5327225130890052,0.0,0.0,0.0,0.0,0.0,0.0,0.0,1.0,0.0,0.0,0.0,0.0,0.0,0.0,0.0,0.0,0.0,0.0,0.0,0.0,0.0,1.0,1.0,1.0,10.0,44.0,55.0,49.80729164859795,Medium
163396,Auta,7179,1104,1057,2432,13,559.34,12.83476954982658,0.1472349909458142,0.3387658448251845,0.0018108371639504,0.0,0.0,0.0,0.0,0.0,0.0,1.0,1.0,0.0,0.0,0.0,0.0,0.0,1.0,1.0,1.0,0.0,1.0,1.0,1.0,1.0,1.0,1.0,15.0,50.0,0.0,35.01521279395063,Medium
163397,Sonai,3502,508,590,831,0,216.24,16.19496855345912,0.1684751570531125,0.2372929754426042,0.0,0.0,0.0,0.0,0.0,0.0,0.0,1.0,1.0,0.0,0.0,0.0,1.0,0.0,1.0,1.0,1.0,0.0,1.0,1.0,0.0,1.0,1.0,0.0,15.0,45.0,0.0,47.739985521206535,Medium
163398,Monai,4208,544,646,1828,18,269.98,15.586339728868804,0.1535171102661597,0.4344106463878327,0.0042775665399239,0.0,0.0,0.0,0.0,0.0,0.0,1.0,1.0,0.0,0.0,0.0,0.0,0.0,1.0,1.0,1.0,1.0,1.0,1.0,0.0,1.0,1.0,1.0,16.0,55.0,16.0,33.35394363776831,Medium
163399,Achhola Uparhar,2466,277,358,512,0,213.97,11.52498013740244,0.1451743714517437,0.2076236820762368,0.0,0.0,0.0,0.0,0.0,0.0,0.0,1.0,1.0,0.0,0.0,1.0,1.0,0.0,0.0,0.0,1.0,1.0,1.0,1.0,0.0,0.0,0.0,1.0,18.0,58.0,18.0,41.70058686255145,Medium
163400,Achhola Kachhar,0,0,0,0,0,54.45,0.0,,,,,,,,,,,,,,,,,,,,,,,,,,,18.0,60.0,10.0,45.0,Medium
163401,Chaukatha Narvar Kachhar,0,0,0,0,0,44.5,0.0,,,,,,,,,,,,,,,,,,,,,,,,,,,20.0,60.0,10.0,45.0,Medium
163402,Chaukatha Narvar Uparhar,1759,256,249,477,0,93.95,18.722724853645555,0.1415577032404775,0.2711768050028425,0.0,0.0,0.0,0.0,0.0,0.0,0.0,1.0,0.0,0.0,0.0,0.0,0.0,0.0,0.0,0.0,1.0,1.0,0.0,1.0,1.0,1.0,0.0,0.0,20.0,60.0,10.0,33.039155023427526,Medium
163403,Narvar Uparhar,373,48,66,0,0,24.89,14.985938127762154,0.1769436997319035,0.0,0.0,0.0,0.0,0.0,0.0,0.0,0.0,1.0,1.0,0.0,0.0,0.0,0.0,0.0,0.0,0.0,0.0,0.0,1.0,1.0,0.0,0.0,0.0,1.0,20.0,60.0,15.0,41.75786192978486,Medium
163404,Narvar Kachhar,0,0,0,0,0,10.0,0.0,,,,,,,,,,,,,,,,,,,,,,,,,,,5.0,60.0,0.0,45.0,Medium
163405,Son Barsa,1322,176,199,288,0,78.18,16.90969557431568,0.1505295007564296,0.2178517397881997,0.0,0.0,0.0,0.0,0.0,0.0,0.0,1.0,0.0,0.0,1.0,0.0,0.0,1.0,1.0,1.0,1.0,0.0,1.0,1.0,0.0,0.0,1.0,1.0,6.0,41.0,7.0,40.4671323635215,Medium
163406,Sikara,1123,164,221,252,0,60.66,18.513023409165843,0.1967943009795191,0.2243989314336598,0.0,0.0,0.0,0.0,0.0,0.0,0.0,1.0,0.0,0.0,0.0,0.0,1.0,0.0,0.0,0.0,1.0,0.0,1.0,0.0,0.0,1.0,1.0,0.0,14.0,48.0,0.0,54.45374072272601,Medium
163407,Akora,2473,371,395,851,0,208.08,11.884851980007689,0.1597250303275374,0.3441164577436312,0.0,0.0,0.0,0.0,0.0,0.0,0.0,1.0,0.0,0.0,0.0,0.0,0.0,0.0,0.0,0.0,1.0,0.0,1.0,0.0,0.0,0.0,0.0,0.0,15.0,50.0,0.0,43.66770167049357,Medium
163408,Lehari,3323,506,504,553,0,283.15,11.735829065866149,0.1516701775504062,0.1664158892566957,0.0,0.0,0.0,0.0,0.0,0.0,0.0,1.0,1.0,0.0,1.0,0.0,0.0,0.0,1.0,1.0,1.0,1.0,1.0,0.0,0.0,1.0,1.0,1.0,6.0,41.0,7.0,34.19809213066248,Medium
163409,Jagepur,714,96,123,51,0,63.74,11.201757138374647,0.1722689075630252,0.0714285714285714,0.0,0.0,0.0,0.0,0.0,0.0,0.0,1.0,1.0,0.0,1.0,1.0,0.0,0.0,1.0,0.0,0.0,0.0,1.0,0.0,0.0,1.0,0.0,1.0,3.0,37.0,8.0,44.3191565529003,Medium
163410,Kotaha,2416,350,432,283,0,111.04,21.75792507204611,0.1788079470198675,0.1171357615894039,0.0,0.0,0.0,0.0,0.0,0.0,0.0,1.0,0.0,0.0,0.0,0.0,0.0,1.0,0.0,0.0,0.0,0.0,1.0,0.0,0.0,1.0,1.0,1.0,3.0,37.0,3.0,48.51126370787807,Medium
163411,Uruva,3145,454,499,879,0,181.93,17.286868575825867,0.158664546899841,0.2794912559618442,0.0,0.0,0.0,0.0,0.0,0.0,0.0,1.0,1.0,0.0,1.0,1.0,0.0,0.0,0.0,0.0,1.0,1.0,1.0,0.0,0.0,0.0,1.0,0.0,15.0,50.0,0.0,35.20155724419515,Medium
163412,Amiliya Kala,6577,963,1130,2101,2,476.14,13.813164195404712,0.1718108560133799,0.3194465561806294,0.0003040900106431,0.0,0.0,0.0,0.0,0.0,0.0,1.0,0.0,0.0,0.0,0.0,0.0,1.0,1.0,1.0,1.0,1.0,0.0,0.0,0.0,1.0,1.0,1.0,8.0,45.0,0.0,38.99347951955133,Medium
163413,Dhudha,1487,233,260,497,0,127.21,11.689332599638394,0.1748486886348352,0.3342299932750504,0.0,0.0,0.0,0.0,0.0,0.0,0.0,0.0,0.0,0.0,0.0,0.0,1.0,0.0,0.0,0.0,0.0,0.0,1.0,0.0,0.0,0.0,0.0,0.0,16.0,51.0,0.0,62.39727272820475,Medium
163414,Chorbana,1410,162,214,175,0,116.18,12.136340161817868,0.15177304964539,0.1241134751773049,0.0,0.0,0.0,0.0,0.0,0.0,0.0,1.0,1.0,0.0,0.0,0.0,1.0,0.0,0.0,1.0,1.0,1.0,1.0,0.0,0.0,1.0,1.0,1.0,0.0,0.0,0.0,44.00613512789875,Medium
163415,Tudihar,3009,406,492,1013,0,196.24,15.3332653893192,0.1635094715852442,0.3366566965769358,0.0,0.0,0.0,0.0,0.0,0.0,0.0,0.0,0.0,0.0,0.0,0.0,1.0,0.0,0.0,1.0,1.0,1.0,1.0,1.0,0.0,1.0,1.0,1.0,20.0,45.0,0.0,49.71906723525349,Medium
163416,Korhniya,1440,226,240,673,0,41.63,34.59043958683641,0.1666666666666666,0.4673611111111111,0.0,0.0,0.0,0.0,0.0,0.0,0.0,1.0,1.0,0.0,1.0,0.0,1.0,0.0,1.0,1.0,1.0,1.0,0.0,1.0,0.0,1.0,1.0,0.0,12.0,45.0,45.0,44.59248813648932,Medium
163417,Nahavai,0,0,0,0,0,59.42,0.0,,,,,,,,,,,,,,,,,,,,,,,,,,,10.0,45.0,45.0,45.0,Medium
163418,Chaukhata Lachhan,1037,139,200,325,0,86.419,11.999675997176547,0.1928640308582449,0.313404050144648,0.0,0.0,0.0,0.0,0.0,0.0,0.0,1.0,0.0,0.0,0.0,0.0,0.0,0.0,1.0,1.0,1.0,1.0,1.0,0.0,0.0,0.0,1.0,1.0,1.0,2.0,3.0,39.51303118004471,Medium
163419,Andhi,1507,205,216,142,0,89.07,16.91927697316717,0.1433311214333112,0.0942269409422694,0.0,0.0,0.0,0.0,0.0,0.0,0.0,1.0,1.0,0.0,1.0,0.0,1.0,1.0,1.0,1.0,1.0,1.0,1.0,1.0,0.0,0.0,1.0,0.0,0.0,0.0,0.0,41.30011764071877,Medium
163420,Bharari,536,88,92,111,0,65.58,8.173223543763342,0.1716417910447761,0.2070895522388059,0.0,0.0,0.0,0.0,0.0,0.0,0.0,1.0,0.0,0.0,0.0,0.0,1.0,0.0,0.0,0.0,0.0,0.0,1.0,0.0,0.0,1.0,1.0,1.0,0.0,0.0,0.0,58.187448836315866,Medium
163421,Kapuri,1006,180,184,206,0,210.92,4.769580883747393,0.1829025844930417,0.2047713717693837,0.0,0.0,0.0,0.0,0.0,0.0,0.0,1.0,1.0,0.0,1.0,0.0,0.0,0.0,1.0,1.0,0.0,0.0,1.0,0.0,0.0,1.0,1.0,1.0,10.0,55.0,7.0,45.04039156530368,Medium
163422,Bharuhi,694,121,91,210,0,59.74,11.61700703046535,0.1311239193083573,0.3025936599423631,0.0,0.0,0.0,0.0,0.0,0.0,0.0,1.0,1.0,0.0,1.0,0.0,0.0,0.0,1.0,1.0,1.0,1.0,1.0,0.0,0.0,1.0,1.0,1.0,0.0,0.0,0.0,34.25770730780765,Medium
163423,Baraha Kalan,6566,977,1257,1073,5,676.95,9.699386956200604,0.1914407554066402,0.1634176058483094,0.0007614986293024,0.0,0.0,0.0,0.0,0.0,0.0,1.0,1.0,0.0,1.0,1.0,0.0,0.0,0.0,0.0,1.0,1.0,1.0,1.0,0.0,1.0,1.0,0.0,15.0,15.0,55.0,32.81066283897265,Low
163424,Garetha,1543,226,255,175,0,127.16,12.134318968229003,0.1652624756966947,0.1134154244977316,0.0,0.0,0.0,0.0,0.0,0.0,0.0,1.0,1.0,0.0,0.0,0.0,1.0,0.0,1.0,1.0,1.0,1.0,1.0,0.0,0.0,1.0,1.0,0.0,10.0,40.0,1.0,44.35724454512225,Medium
163425,Dighiya,5097,757,895,1637,0,336.5,15.147102526002971,0.1755934863645281,0.3211693152835001,0.0,0.0,0.0,0.0,0.0,0.0,0.0,1.0,1.0,0.0,1.0,,1.0,0.0,0.0,1.0,1.0,1.0,1.0,0.0,0.0,1.0,1.0,0.0,23.0,52.0,9.0,45.829829140376816,Medium
163426,Araji Umapur Kalan,195,32,35,119,0,18.55,10.512129380053908,0.1794871794871795,0.6102564102564103,0.0,0.0,0.0,0.0,0.0,0.0,0.0,1.0,0.0,0.0,0.0,1.0,1.0,1.0,1.0,1.0,1.0,1.0,0.0,0.0,0.0,1.0,0.0,1.0,20.0,55.0,0.0,50.53481993663244,Medium
163427,Kusmaha Uperhar,261,41,52,242,0,44.97,5.803869246164109,0.1992337164750957,0.9272030651340996,0.0,0.0,0.0,0.0,0.0,0.0,0.0,1.0,0.0,0.0,0.0,0.0,1.0,0.0,0.0,0.0,1.0,1.0,1.0,1.0,1.0,1.0,1.0,1.0,25.0,55.0,13.0,47.51834697449176,Medium
163428,Kushmaha Kachhar,0,0,0,0,0,38.11,0.0,,,,,,,,,,,,,,,,,,,,,,,,,,,25.0,55.0,12.0,45.0,Medium
163429,Babhani Hethar,2700,416,465,646,0,149.41,18.071079579680077,0.1722222222222222,0.2392592592592592,0.0,0.0,0.0,0.0,0.0,0.0,0.0,1.0,1.0,0.0,0.0,1.0,1.0,1.0,1.0,1.0,1.0,1.0,1.0,1.0,0.0,1.0,1.0,1.0,20.0,55.0,0.0,42.93937405854789,Medium
163430,Ahopur,751,118,124,27,0,59.09,12.709426298866136,0.1651131824234354,0.0359520639147802,0.0,0.0,0.0,0.0,0.0,0.0,0.0,1.0,1.0,1.0,0.0,0.0,0.0,0.0,1.0,1.0,0.0,0.0,1.0,0.0,0.0,1.0,1.0,1.0,9.0,60.0,43.0,43.98909719736503,Medium
163431,Newadhiya Kalan,359,81,61,0,0,90.05,3.9866740699611327,0.1699164345403899,0.0,0.0,0.0,0.0,0.0,0.0,0.0,0.0,1.0,1.0,0.0,0.0,0.0,0.0,0.0,0.0,0.0,1.0,1.0,0.0,0.0,0.0,0.0,0.0,0.0,25.0,55.0,12.0,33.594757297615544,Medium
163432,Dharaw Gajpati,566,122,104,0,0,69.73,8.1170228022372,0.1837455830388692,0.0,0.0,0.0,0.0,0.0,0.0,0.0,0.0,1.0,0.0,0.0,0.0,0.0,0.0,0.0,0.0,0.0,1.0,1.0,1.0,0.0,0.0,0.0,0.0,0.0,15.0,60.0,0.0,37.5128038760965,Medium
163433,Sabesa,1474,236,277,677,0,128.1,11.506635441061672,0.1879240162822252,0.4592944369063772,0.0,0.0,0.0,0.0,0.0,0.0,0.0,1.0,0.0,0.0,0.0,0.0,0.0,0.0,0.0,0.0,1.0,0.0,1.0,0.0,0.0,1.0,1.0,1.0,12.0,50.0,50.0,45.07400898614262,Medium
163434,Dharawa Nara,1161,229,213,248,0,79.85,14.539762053850971,0.1834625322997416,0.2136089577950043,0.0,0.0,0.0,0.0,0.0,0.0,0.0,1.0,0.0,0.0,0.0,0.0,0.0,0.0,0.0,0.0,1.0,1.0,1.0,0.0,0.0,1.0,0.0,1.0,15.0,55.0,0.0,38.836458393161735,Medium
163435,Dharaon Lundan,543,95,90,0,0,54.19,10.020298948145417,0.1657458563535911,0.0,0.0,0.0,0.0,0.0,0.0,0.0,0.0,1.0,0.0,0.0,0.0,0.0,1.0,0.0,0.0,0.0,1.0,1.0,1.0,0.0,0.0,0.0,1.0,1.0,15.0,60.0,0.0,47.05107426088311,Medium
163436,Dhedhra,1203,184,193,680,0,194.995,6.169388958691249,0.1604322527015793,0.5652535328345802,0.0,0.0,0.0,0.0,0.0,0.0,0.0,1.0,1.0,1.0,0.0,0.0,0.0,0.0,0.0,0.0,1.0,1.0,1.0,0.0,0.0,0.0,0.0,1.0,15.0,55.0,0.0,36.226252135292455,Medium
163437,Chorbana,8,5,0,0,0,123.11,0.0649825359434651,0.0,0.0,0.0,0.0,0.0,0.0,0.0,0.0,0.0,1.0,1.0,0.0,0.0,0.0,0.0,0.0,1.0,0.0,1.0,1.0,1.0,0.0,1.0,1.0,0.0,1.0,0.0,0.0,0.0,25.83600539712352,Low
163438,Masauli,993,135,149,364,0,135.5,7.328413284132841,0.1500503524672709,0.3665659617321248,0.0,0.0,0.0,0.0,0.0,0.0,0.0,1.0,1.0,0.0,0.0,0.0,0.0,0.0,0.0,0.0,1.0,1.0,1.0,1.0,0.0,0.0,0.0,1.0,45.0,45.0,0.0,32.46901603039996,Low
163439,Diliya,1064,154,189,39,0,115.4,9.220103986135182,0.1776315789473684,0.0366541353383458,0.0,0.0,0.0,0.0,0.0,0.0,0.0,1.0,1.0,0.0,0.0,0.0,0.0,0.0,0.0,0.0,1.0,1.0,1.0,0.0,0.0,0.0,0.0,1.0,15.0,55.0,0.0,34.224679487950326,Medium
163440,Uman,1218,191,225,55,0,393.93,3.091919884243393,0.1847290640394088,0.0451559934318555,0.0,0.0,0.0,0.0,0.0,0.0,0.0,1.0,0.0,0.0,0.0,0.0,1.0,0.0,0.0,0.0,1.0,1.0,1.0,0.0,1.0,0.0,1.0,0.0,10.0,60.0,12.0,45.06145744001585,Medium
163441,Gauraiya Kalan,1337,189,233,157,0,653.36,2.046345047140933,0.1742707554225878,0.1174270755422587,0.0,0.0,0.0,0.0,0.0,0.0,0.0,1.0,0.0,0.0,0.0,0.0,1.0,0.0,0.0,0.0,1.0,0.0,1.0,0.0,0.0,1.0,1.0,1.0,13.0,63.0,12.0,52.56606984579616,Medium
163442,Khurma,2632,386,434,444,0,674.12,3.9043493739986954,0.1648936170212765,0.168693009118541,0.0,0.0,0.0,0.0,0.0,0.0,0.0,1.0,0.0,0.0,0.0,0.0,1.0,1.0,0.0,0.0,1.0,1.0,1.0,0.0,0.0,1.0,1.0,0.0,12.0,60.0,0.0,47.61748598238519,Medium
163443,Thandhar,442,58,80,280,0,33.78,13.084665482534044,0.1809954751131221,0.6334841628959276,0.0,0.0,0.0,0.0,0.0,0.0,0.0,1.0,0.0,0.0,0.0,0.0,1.0,0.0,0.0,0.0,0.0,1.0,1.0,1.0,1.0,0.0,1.0,1.0,9.0,59.0,10.0,50.80198953707973,Medium
163444,Sandi,864,115,157,242,0,85.55,10.099357101110462,0.1817129629629629,0.2800925925925926,0.0,0.0,0.0,0.0,0.0,0.0,0.0,1.0,0.0,0.0,0.0,0.0,0.0,0.0,0.0,0.0,1.0,0.0,1.0,0.0,0.0,1.0,1.0,1.0,10.0,60.0,12.0,43.93380127137139,Medium
163445,Jafra,774,123,125,130,0,263.6,2.9362670713201817,0.1614987080103359,0.1679586563307493,0.0,0.0,0.0,0.0,0.0,0.0,0.0,1.0,0.0,0.0,0.0,0.0,0.0,1.0,1.0,1.0,1.0,1.0,1.0,0.0,0.0,1.0,1.0,1.0,10.0,55.0,0.0,37.47215967329651,Medium
163446,Chapartala,479,67,81,55,0,107.29,4.464535371423245,0.1691022964509394,0.1148225469728601,0.0,0.0,0.0,0.0,0.0,0.0,0.0,1.0,0.0,0.0,0.0,0.0,0.0,0.0,0.0,0.0,0.0,0.0,1.0,0.0,0.0,0.0,0.0,0.0,10.0,60.0,60.0,47.497428746833634,Medium
163447,Uooti,1427,226,231,51,0,123.05,11.596911824461602,0.1618780658724597,0.035739313244569,0.0,0.0,0.0,0.0,0.0,0.0,0.0,1.0,0.0,0.0,0.0,0.0,1.0,0.0,0.0,0.0,0.0,1.0,1.0,0.0,0.0,1.0,1.0,1.0,12.0,55.0,55.0,52.17856699529768,Medium
163448,Malauda,818,155,142,244,0,113.09,7.233177115571668,0.1735941320293398,0.2982885085574572,0.0,0.0,0.0,0.0,0.0,0.0,0.0,1.0,0.0,0.0,0.0,0.0,0.0,0.0,0.0,0.0,1.0,1.0,1.0,0.0,0.0,1.0,0.0,1.0,9.0,56.0,0.0,38.66335939997968,Medium
163449,Mauhari Kalan,1066,162,154,337,0,34.0,31.352941176470587,0.1444652908067542,0.3161350844277673,0.0,0.0,0.0,0.0,0.0,0.0,0.0,1.0,1.0,0.0,1.0,0.0,1.0,0.0,1.0,0.0,1.0,0.0,1.0,0.0,0.0,1.0,1.0,1.0,9.0,60.0,0.0,50.537191693795045,Medium
163450,Rampur,812,150,125,138,0,124.38,6.528380768612317,0.1539408866995074,0.1699507389162561,0.0,0.0,0.0,0.0,0.0,0.0,0.0,1.0,0.0,0.0,0.0,0.0,0.0,0.0,0.0,0.0,0.0,1.0,1.0,0.0,0.0,0.0,0.0,1.0,12.0,60.0,0.0,42.403092162270994,Medium
163451,Surwa Dalapur,2845,415,482,513,0,273.17,10.41476003953582,0.1694200351493849,0.1803163444639718,0.0,0.0,0.0,0.0,0.0,0.0,0.0,1.0,1.0,1.0,1.0,0.0,0.0,0.0,1.0,1.0,1.0,0.0,1.0,0.0,0.0,1.0,0.0,0.0,10.0,55.0,55.0,39.74576814402361,Medium
163452,Adarupur,129,22,24,0,0,46.41,2.7795733678086623,0.1860465116279069,0.0,0.0,0.0,0.0,0.0,0.0,0.0,0.0,1.0,1.0,1.0,1.0,0.0,1.0,0.0,1.0,1.0,1.0,1.0,1.0,0.0,0.0,1.0,1.0,1.0,12.0,60.0,0.0,44.029023965363685,Medium
163453,Mahuao Khurd,266,35,49,0,0,34.21,7.775504238526746,0.1842105263157894,0.0,0.0,0.0,0.0,0.0,0.0,0.0,0.0,1.0,1.0,0.0,1.0,0.0,1.0,0.0,1.0,0.0,0.0,1.0,1.0,0.0,0.0,1.0,1.0,1.0,12.0,65.0,0.0,49.17937569279229,Medium
163454,Marar,1551,231,250,10,0,155.23,9.991625330155252,0.1611863313990973,0.0064474532559638,0.0,0.0,0.0,0.0,0.0,0.0,0.0,1.0,1.0,0.0,1.0,0.0,0.0,0.0,0.0,0.0,1.0,0.0,1.0,0.0,0.0,1.0,1.0,1.0,13.0,60.0,0.0,38.612013394004286,Medium
163455,Dandapanpur,1139,169,143,331,0,24.38,46.71862182116489,0.1255487269534679,0.2906057945566286,0.0,0.0,0.0,0.0,0.0,0.0,0.0,1.0,1.0,0.0,1.0,0.0,0.0,0.0,1.0,0.0,1.0,0.0,1.0,0.0,0.0,1.0,0.0,1.0,13.0,65.0,6.0,40.47388083993052,Medium
163456,Tisentulapur,3469,502,564,683,12,341.59,10.15544951550104,0.1625828769097722,0.1968867108676852,0.0034592101470164,0.0,0.0,0.0,0.0,0.0,0.0,1.0,1.0,0.0,1.0,0.0,0.0,0.0,0.0,0.0,1.0,1.0,1.0,0.0,0.0,1.0,1.0,1.0,13.0,65.0,6.0,34.69543991905997,Medium
163457,Bakuliya Jagir,951,130,136,165,0,174.36,5.4542326221610455,0.1430073606729758,0.1735015772870662,0.0,0.0,0.0,0.0,0.0,0.0,0.0,1.0,0.0,1.0,1.0,1.0,1.0,0.0,0.0,0.0,0.0,0.0,1.0,0.0,0.0,1.0,1.0,1.0,0.0,0.0,0.0,57.04867190053496,Medium
163458,Khairua,689,92,120,98,0,64.56,10.672242874845104,0.1741654571843251,0.1422351233671988,0.0,0.0,0.0,0.0,0.0,0.0,0.0,1.0,0.0,0.0,0.0,0.0,0.0,0.0,0.0,0.0,1.0,1.0,1.0,0.0,0.0,0.0,0.0,1.0,11.0,6.0,11.0,38.04164565543914,Medium
163459,Tikapur,796,88,129,0,0,65.88,12.082574377656346,0.1620603015075377,0.0,0.0,0.0,0.0,0.0,0.0,0.0,0.0,1.0,1.0,0.0,1.0,0.0,0.0,0.0,0.0,0.0,0.0,1.0,1.0,0.0,0.0,1.0,0.0,1.0,10.0,60.0,10.0,38.69197447379759,Medium
163460,Bhawanipur,1130,125,151,0,0,88.89,12.712341095736305,0.1336283185840708,0.0,0.0,0.0,0.0,0.0,0.0,0.0,0.0,1.0,1.0,0.0,0.0,0.0,1.0,0.0,0.0,0.0,1.0,0.0,1.0,0.0,0.0,0.0,0.0,1.0,61.0,61.0,11.0,47.864910818246166,Medium
163461,Dewri,765,107,166,554,0,1413.47,0.5412212498319738,0.2169934640522876,0.7241830065359477,0.0,0.0,0.0,0.0,0.0,0.0,0.0,1.0,1.0,0.0,0.0,0.0,0.0,0.0,0.0,0.0,1.0,1.0,1.0,0.0,0.0,0.0,0.0,1.0,66.0,66.0,16.0,38.48630715472645,Medium
163462,Kosada Kalan,5910,825,1134,1137,1,1318.37,4.482808316330014,0.1918781725888325,0.1923857868020304,0.0001692047377326,0.0,0.0,0.0,0.0,0.0,0.0,1.0,1.0,0.0,0.0,0.0,0.0,0.0,0.0,0.0,1.0,1.0,1.0,0.0,1.0,1.0,1.0,1.0,17.0,72.0,14.0,32.73997946994936,Low
163463,Sikra,1795,317,294,620,0,145.17,12.364813666735552,0.1637883008356546,0.3454038997214484,0.0,0.0,0.0,0.0,0.0,0.0,0.0,1.0,1.0,1.0,1.0,0.0,1.0,0.0,0.0,0.0,0.0,0.0,1.0,0.0,0.0,1.0,1.0,1.0,14.0,65.0,8.0,55.48243955325428,Medium
163464,Badhora Ghawasan,2171,354,402,579,0,84.24,25.771604938271608,0.1851681252878857,0.2666973744818056,0.0,0.0,0.0,0.0,0.0,0.0,0.0,1.0,1.0,0.0,1.0,0.0,1.0,0.0,0.0,0.0,1.0,0.0,1.0,0.0,0.0,1.0,1.0,1.0,4.0,65.0,0.0,51.28158518594316,Medium
163465,Baghora Patti,114,19,31,68,0,71.07,1.6040523427606586,0.2719298245614035,0.5964912280701754,0.0,0.0,0.0,0.0,0.0,0.0,0.0,1.0,1.0,0.0,0.0,0.0,0.0,0.0,0.0,1.0,1.0,0.0,1.0,0.0,0.0,1.0,1.0,1.0,1.0,65.0,0.0,44.53964239637445,Medium
163466,Umapur Kalan,1089,184,154,106,0,157.67,6.906830722394876,0.1414141414141414,0.0973370064279155,0.0,0.0,0.0,0.0,0.0,0.0,0.0,1.0,1.0,0.0,0.0,1.0,1.0,0.0,0.0,0.0,1.0,1.0,1.0,0.0,1.0,1.0,1.0,0.0,15.0,60.0,0.0,40.8464495646934,Medium
163467,Mahewa Khurd,507,81,75,176,0,52.61,9.63695114997149,0.1479289940828402,0.3471400394477317,0.0,0.0,0.0,0.0,0.0,0.0,0.0,0.0,0.0,1.0,1.0,1.0,1.0,1.0,1.0,0.0,1.0,0.0,1.0,0.0,0.0,1.0,1.0,1.0,10.0,72.0,54.0,56.56983876857608,Medium
163468,Berua,74,14,11,0,0,77.79,0.9512790847152588,0.1486486486486486,0.0,0.0,0.0,0.0,0.0,0.0,0.0,0.0,1.0,1.0,0.0,1.0,0.0,0.0,0.0,0.0,0.0,1.0,0.0,1.0,0.0,0.0,0.0,1.0,1.0,11.0,73.0,55.0,37.83190912396881,Medium
163469,Umapur Khurd,87,12,11,0,0,7.47,11.646586345381529,0.1264367816091954,0.0,0.0,0.0,0.0,0.0,0.0,0.0,0.0,1.0,1.0,0.0,1.0,0.0,0.0,0.0,0.0,0.0,0.0,0.0,1.0,0.0,0.0,1.0,1.0,1.0,20.0,55.0,0.0,42.60534117031696,Medium
163470,Dengurpur,601,91,86,80,0,42.86,14.022398506766216,0.1430948419301164,0.1331114808652246,0.0,0.0,0.0,0.0,0.0,0.0,0.0,1.0,1.0,0.0,1.0,1.0,0.0,0.0,0.0,0.0,1.0,0.0,1.0,0.0,0.0,1.0,1.0,1.0,9.0,70.0,53.0,38.86833311904218,Medium
163471,Mahewa Kalan Kachhar,0,0,0,0,0,41.53,0.0,,,,,,,,,,,,,,,,,,,,,,,,,,,25.0,6.0,6.0,45.0,Medium
163472,Vedpur Kachhar,0,0,0,0,0,86.47,0.0,,,,,,,,,,,,,,,,,,,,,,,,,,,26.0,61.0,61.0,45.0,Medium
163473,Bampur Kachhar,0,0,0,0,0,75.99,0.0,,,,,,,,,,,,,,,,,,,,,,,,,,,40.0,70.0,0.0,45.0,Medium
163474,Bampur Uparhar,1935,330,285,407,0,69.01,28.039414577597448,0.1472868217054263,0.2103359173126615,0.0,0.0,0.0,0.0,0.0,0.0,0.0,1.0,1.0,0.0,0.0,0.0,1.0,0.0,0.0,0.0,1.0,0.0,1.0,1.0,1.0,1.0,1.0,1.0,0.0,0.0,0.0,44.95659049375045,Medium
163475,Kewtahi Kachhar,0,0,0,0,0,3.08,0.0,,,,,,,,,,,,,,,,,,,,,,,,,,,40.0,70.0,0.0,45.0,Medium
163476,Kewtahi Uparhar,1194,244,138,343,0,11.66,102.40137221269296,0.1155778894472361,0.2872696817420435,0.0,0.0,0.0,0.0,0.0,0.0,0.0,1.0,1.0,0.0,0.0,0.0,0.0,0.0,0.0,0.0,0.0,0.0,1.0,1.0,0.0,1.0,1.0,1.0,40.0,70.0,0.0,44.94773434753879,Medium
163477,Vedpur Uparhar,2618,465,423,831,0,148.79,17.5952684992271,0.1615737203972498,0.3174178762414056,0.0,0.0,0.0,0.0,0.0,0.0,0.0,1.0,1.0,0.0,0.0,0.0,0.0,0.0,0.0,0.0,1.0,1.0,1.0,0.0,0.0,1.0,1.0,1.0,26.0,61.0,61.0,35.49114686952271,Medium
163478,Mahewa Kala Uparhar,3661,642,646,1154,0,139.39,26.26443790802784,0.1764545206227806,0.3152144222889921,0.0,0.0,1.0,0.0,0.0,0.0,0.0,1.0,1.0,0.0,0.0,0.0,0.0,0.0,0.0,0.0,1.0,1.0,1.0,0.0,0.0,1.0,0.0,1.0,25.0,60.0,60.0,32.94969410622948,Low
163479,Salia,313,48,57,39,0,770.5,0.4062297209604153,0.182108626198083,0.1246006389776357,0.0,0.0,0.0,0.0,0.0,0.0,0.0,1.0,0.0,0.0,1.0,0.0,1.0,1.0,1.0,1.0,0.0,0.0,1.0,1.0,0.0,1.0,1.0,1.0,26.0,38.0,30.0,55.26963270054963,Medium
163480,Tikri,3268,462,500,1339,0,175.27,18.645518343127744,0.1529987760097919,0.4097307221542228,0.0,0.0,0.0,0.0,0.0,0.0,0.0,1.0,0.0,0.0,0.0,0.0,0.0,1.0,1.0,1.0,1.0,0.0,1.0,0.0,0.0,1.0,1.0,1.0,7.0,65.0,45.0,44.07198208204171,Medium
163481,Payagpur,2357,305,414,497,0,131.43,17.93350072281823,0.1756470089096309,0.2108612643190496,0.0,0.0,0.0,0.0,0.0,0.0,0.0,1.0,0.0,0.0,0.0,0.0,0.0,1.0,1.0,0.0,1.0,0.0,1.0,0.0,0.0,1.0,1.0,1.0,25.0,55.0,0.0,43.72780381350319,Medium
163482,Chilbila,2562,463,346,528,7,106.85,23.97753860552176,0.1350507416081186,0.2060889929742388,0.0027322404371584,0.0,0.0,0.0,0.0,0.0,0.0,1.0,0.0,0.0,0.0,0.0,1.0,0.0,1.0,1.0,1.0,1.0,1.0,1.0,0.0,1.0,1.0,1.0,22.0,55.0,55.0,45.29982280355761,Medium
163483,Nahvai,2869,404,451,309,0,89.92,31.906138790035588,0.1571976298361798,0.1077030324154757,0.0,0.0,0.0,0.0,0.0,0.0,0.0,1.0,1.0,0.0,0.0,0.0,0.0,1.0,1.0,1.0,0.0,1.0,1.0,1.0,1.0,1.0,1.0,1.0,56.0,56.0,56.0,34.89974893650421,Medium
163484,Chak Musahi,366,51,66,32,0,16.8,21.785714285714285,0.180327868852459,0.087431693989071,0.0,0.0,0.0,0.0,0.0,0.0,0.0,1.0,1.0,1.0,1.0,0.0,0.0,1.0,1.0,1.0,1.0,1.0,1.0,0.0,0.0,0.0,0.0,0.0,25.0,60.0,10.0,35.076150376251746,Medium
163485,Manpur,920,126,143,0,0,397.05,2.3170885278932123,0.1554347826086956,0.0,0.0,0.0,0.0,0.0,0.0,0.0,0.0,1.0,0.0,1.0,1.0,0.0,0.0,0.0,0.0,0.0,1.0,0.0,0.0,0.0,0.0,0.0,0.0,1.0,23.0,57.0,3.0,41.424988180235495,Medium
163486,Sarwanpur,220,34,50,54,0,18.72,11.752136752136751,0.2272727272727272,0.2454545454545454,0.0,0.0,0.0,0.0,0.0,0.0,0.0,1.0,1.0,1.0,1.0,0.0,0.0,0.0,0.0,0.0,0.0,0.0,0.0,0.0,0.0,0.0,0.0,0.0,25.0,60.0,60.0,46.862032470841584,Medium
163487,Kanewra,1073,132,163,144,0,85.01,12.622044465357016,0.151910531220876,0.1342031686859273,0.0,0.0,0.0,0.0,0.0,0.0,0.0,1.0,1.0,1.0,1.0,0.0,0.0,0.0,0.0,0.0,1.0,0.0,0.0,0.0,0.0,1.0,1.0,0.0,20.0,60.0,7.0,39.08068006847272,Medium
163488,Chaukiha,2327,330,391,529,1,121.8,19.105090311986864,0.1680275032230339,0.2273313278899871,0.0004297378599054,0.0,0.0,0.0,0.0,0.0,0.0,1.0,1.0,0.0,1.0,0.0,0.0,0.0,0.0,1.0,1.0,1.0,0.0,1.0,0.0,1.0,1.0,1.0,20.0,60.0,5.0,32.80667215289789,Low
163489,Kukurhi,2063,336,291,489,0,135.32,15.24534436890334,0.1410567135239941,0.2370334464372273,0.0,0.0,0.0,0.0,0.0,0.0,0.0,1.0,0.0,1.0,0.0,0.0,0.0,0.0,1.0,1.0,0.0,0.0,1.0,0.0,0.0,1.0,0.0,1.0,20.0,60.0,0.0,47.71041962149732,Medium
163490,Hempur,696,118,122,183,0,21.75,32.0,0.1752873563218391,0.2629310344827586,0.0,0.0,0.0,0.0,0.0,0.0,0.0,1.0,1.0,0.0,0.0,0.0,1.0,0.0,1.0,1.0,1.0,1.0,1.0,1.0,0.0,1.0,1.0,1.0,25.0,65.0,7.0,43.72244028823798,Medium
163491,Baksandi,1157,177,202,130,0,78.32,14.772727272727272,0.1745894554883318,0.1123595505617977,0.0,0.0,0.0,0.0,0.0,0.0,0.0,1.0,1.0,0.0,1.0,0.0,1.0,0.0,1.0,1.0,1.0,1.0,1.0,1.0,0.0,1.0,1.0,1.0,30.0,65.0,4.0,42.24026518427466,Medium
163492,Bhairopur,516,86,105,164,0,18.25,28.273972602739725,0.2034883720930232,0.3178294573643411,0.0,0.0,0.0,0.0,0.0,0.0,0.0,1.0,1.0,0.0,0.0,0.0,0.0,0.0,0.0,0.0,1.0,1.0,0.0,1.0,0.0,0.0,1.0,1.0,25.0,60.0,5.0,34.68974966634165,Medium
163493,Sakri,1104,152,218,81,0,72.0,15.333333333333334,0.197463768115942,0.0733695652173913,0.0,0.0,0.0,0.0,0.0,0.0,0.0,1.0,0.0,0.0,0.0,0.0,1.0,0.0,0.0,0.0,0.0,1.0,0.0,0.0,0.0,1.0,1.0,1.0,25.0,60.0,3.0,53.587929934882304,Medium
163494,Sauswa Narottam,1499,211,290,312,0,72.66,20.630333058078723,0.1934623082054703,0.2081387591727818,0.0,0.0,0.0,0.0,0.0,0.0,0.0,1.0,1.0,1.0,1.0,0.0,0.0,0.0,0.0,0.0,1.0,1.0,0.0,0.0,0.0,1.0,1.0,1.0,25.0,60.0,3.0,36.02620992827934,Medium
163495,Fachkhara,1042,153,213,234,0,30.1,34.61794019933555,0.2044145873320537,0.2245681381957773,0.0,0.0,0.0,0.0,0.0,0.0,0.0,1.0,1.0,0.0,1.0,1.0,0.0,0.0,0.0,0.0,1.0,0.0,0.0,1.0,0.0,1.0,1.0,1.0,25.0,65.0,8.0,39.51209170940545,Medium
163496,Dharwaspur,188,22,20,0,0,41.78,4.4997606510292005,0.1063829787234042,0.0,0.0,0.0,0.0,0.0,0.0,0.0,0.0,1.0,1.0,0.0,1.0,0.0,1.0,0.0,0.0,0.0,1.0,1.0,0.0,1.0,0.0,1.0,0.0,1.0,25.0,65.0,5.0,39.20985160050242,Medium
163497,Bela Chauhan,699,74,113,144,0,80.0,8.7375,0.161659513590844,0.2060085836909871,0.0,0.0,0.0,0.0,0.0,0.0,0.0,1.0,1.0,0.0,0.0,0.0,1.0,0.0,0.0,0.0,0.0,1.0,1.0,0.0,0.0,1.0,1.0,1.0,25.0,65.0,65.0,49.57244522744021,Medium
163498,Bela Matiram,1468,214,228,180,0,44.24,33.18264014466546,0.1553133514986376,0.1226158038147139,0.0,0.0,0.0,0.0,0.0,0.0,1.0,1.0,0.0,1.0,1.0,0.0,0.0,1.0,1.0,1.0,1.0,1.0,1.0,0.0,0.0,1.0,0.0,1.0,26.0,60.0,5.0,34.97027382376379,Medium
163499,Bhausariya Khurd,610,74,102,207,0,15.84,38.51010101010101,0.1672131147540983,0.3393442622950819,0.0,0.0,0.0,0.0,0.0,0.0,0.0,1.0,1.0,0.0,0.0,0.0,1.0,0.0,0.0,0.0,1.0,0.0,1.0,1.0,0.0,1.0,1.0,1.0,20.0,60.0,5.0,49.12997272172336,Medium
163500,Bhausariya Kalan,721,89,134,42,0,40.61,17.754247722235903,0.1858529819694868,0.058252427184466,0.0,0.0,0.0,0.0,0.0,0.0,0.0,1.0,1.0,0.0,0.0,0.0,1.0,1.0,0.0,0.0,0.0,0.0,0.0,1.0,0.0,1.0,1.0,1.0,20.0,60.0,0.0,52.43023465280356,Medium
163501,Newdhia Khurd,205,23,48,0,0,54.0,3.796296296296296,0.2341463414634146,0.0,0.0,0.0,0.0,0.0,0.0,0.0,0.0,1.0,1.0,0.0,0.0,0.0,1.0,0.0,0.0,1.0,1.0,0.0,1.0,1.0,0.0,0.0,0.0,1.0,25.0,59.0,53.0,48.01382622424463,Medium
163502,Rajapur,5148,769,863,744,0,362.0,14.220994475138122,0.1676379176379176,0.1445221445221445,0.0,0.0,0.0,0.0,0.0,0.0,0.0,1.0,1.0,0.0,1.0,0.0,0.0,0.0,0.0,1.0,0.0,1.0,1.0,1.0,0.0,1.0,1.0,1.0,28.0,50.0,50.0,37.16984491950131,Medium
163503,Bangaliya,381,70,68,5,0,66.0,5.7727272727272725,0.1784776902887139,0.0131233595800524,0.0,0.0,0.0,0.0,0.0,0.0,0.0,1.0,1.0,0.0,0.0,0.0,1.0,0.0,0.0,0.0,1.0,0.0,1.0,0.0,0.0,0.0,1.0,1.0,25.0,55.0,0.0,48.99065377851736,Medium
163504,Kewalpur,112,20,24,1,0,35.89,3.120646419615492,0.2142857142857142,0.0089285714285714,0.0,0.0,0.0,0.0,0.0,0.0,0.0,1.0,1.0,0.0,0.0,0.0,1.0,0.0,1.0,1.0,1.0,1.0,0.0,0.0,0.0,0.0,0.0,0.0,25.0,60.0,2.0,44.93486773119376,Medium
163505,Gurgaon,596,98,119,0,0,54.48,10.939794419970632,0.1996644295302013,0.0,0.0,0.0,0.0,0.0,0.0,0.0,0.0,1.0,1.0,0.0,0.0,0.0,0.0,0.0,0.0,0.0,0.0,1.0,0.0,0.0,0.0,1.0,1.0,1.0,25.0,60.0,3.0,39.77310752070898,Medium
163506,Beerpur Tappa Manda,155,32,37,81,0,76.57,2.0242914979757085,0.2387096774193548,0.5225806451612903,0.0,0.0,0.0,0.0,0.0,0.0,0.0,1.0,1.0,0.0,0.0,0.0,0.0,0.0,0.0,0.0,0.0,0.0,0.0,0.0,0.0,1.0,1.0,1.0,25.0,60.0,3.0,48.19076518465791,Medium
163507,Koilari,679,88,110,211,0,136.31,4.981292641772431,0.1620029455081001,0.3107511045655375,0.0,0.0,0.0,0.0,0.0,0.0,0.0,1.0,0.0,0.0,1.0,0.0,0.0,0.0,0.0,0.0,1.0,0.0,0.0,0.0,0.0,0.0,0.0,0.0,22.0,65.0,4.0,43.28533992162978,Medium
163508,Kulpatpur,0,0,0,0,0,26.08,0.0,,,,,,,,,,,,,,,,,,,,,,,,,,,25.0,60.0,3.0,45.0,Medium
163509,Payagpur Ramgarhwa,1471,214,275,382,0,209.27,7.0291967314951975,0.1869476546566961,0.2596872875594833,0.0,0.0,0.0,0.0,0.0,0.0,0.0,1.0,1.0,0.0,0.0,0.0,0.0,0.0,0.0,0.0,0.0,0.0,0.0,0.0,0.0,0.0,0.0,0.0,22.0,68.0,5.0,45.529238023861645,Medium
163510,Pura Bhajan,438,69,67,19,0,12.5,35.04,0.1529680365296803,0.0433789954337899,0.0,0.0,0.0,0.0,0.0,0.0,0.0,1.0,1.0,0.0,0.0,0.0,0.0,0.0,0.0,0.0,0.0,0.0,0.0,0.0,0.0,0.0,0.0,0.0,22.0,68.0,0.0,44.58010445304776,Medium
163511,Ulda,825,112,153,74,0,116.22,7.098606091894682,0.1854545454545454,0.0896969696969696,0.0,0.0,0.0,0.0,0.0,0.0,0.0,1.0,0.0,0.0,1.0,0.0,0.0,0.0,0.0,0.0,0.0,0.0,0.0,1.0,0.0,1.0,1.0,1.0,20.0,60.0,5.0,45.470680585397496,Medium
163512,Mahuaon Kalan,1215,165,194,12,0,132.95,9.13877397517864,0.1596707818930041,0.0098765432098765,0.0,0.0,0.0,0.0,0.0,0.0,0.0,1.0,1.0,0.0,0.0,0.0,0.0,0.0,0.0,0.0,0.0,0.0,0.0,0.0,0.0,0.0,0.0,0.0,17.0,65.0,5.0,43.54862334826464,Medium
163513,Gudanpur,285,44,47,0,0,62.19,4.582730342498794,0.1649122807017544,0.0,0.0,0.0,0.0,0.0,0.0,0.0,0.0,1.0,1.0,0.0,0.0,0.0,0.0,0.0,0.0,0.0,1.0,0.0,0.0,1.0,0.0,0.0,1.0,0.0,20.0,60.0,8.0,35.969142350471635,Medium
163514,Ghees,854,157,139,322,16,57.15,14.94313210848644,0.1627634660421545,0.3770491803278688,0.018735362997658,0.0,0.0,0.0,0.0,0.0,0.0,1.0,1.0,0.0,1.0,0.0,1.0,0.0,0.0,0.0,1.0,0.0,0.0,1.0,0.0,1.0,1.0,1.0,20.0,60.0,5.0,48.66329523499655,Medium
163515,Bedauri Tappa Manda,2350,363,361,286,0,270.75,8.679593721144968,0.1536170212765957,0.1217021276595744,0.0,0.0,0.0,0.0,0.0,0.0,0.0,1.0,1.0,0.0,0.0,0.0,0.0,0.0,1.0,1.0,1.0,1.0,1.0,0.0,0.0,1.0,1.0,1.0,0.0,0.0,0.0,33.90725708778732,Medium
163516,Fanki,39,7,5,0,0,13.48,2.893175074183976,0.1282051282051282,0.0,0.0,0.0,0.0,0.0,0.0,0.0,0.0,1.0,1.0,0.0,0.0,0.0,0.0,0.0,0.0,1.0,0.0,0.0,1.0,0.0,0.0,1.0,1.0,1.0,3.0,65.0,0.0,42.29845373322557,Medium
163517,Barbaspur,483,68,84,93,0,62.57,7.719354323158063,0.1739130434782608,0.1925465838509316,0.0,0.0,0.0,0.0,0.0,0.0,0.0,1.0,1.0,0.0,0.0,0.0,0.0,0.0,1.0,1.0,1.0,0.0,1.0,0.0,0.0,1.0,1.0,1.0,16.0,55.0,0.0,39.83087525803041,Medium
163518,Katka,587,119,109,20,0,48.55,12.090628218331618,0.1856899488926746,0.0340715502555366,0.0,0.0,0.0,0.0,0.0,0.0,0.0,1.0,1.0,0.0,0.0,0.0,0.0,0.0,0.0,0.0,0.0,0.0,1.0,0.0,0.0,1.0,1.0,1.0,16.0,60.0,0.0,44.57155281831617,Medium
163519,Roop Patti,417,69,65,171,1,25.41,16.41086186540732,0.1558752997601918,0.4100719424460431,0.0023980815347721,0.0,0.0,0.0,0.0,0.0,0.0,1.0,1.0,0.0,0.0,0.0,0.0,0.0,0.0,0.0,0.0,0.0,0.0,0.0,0.0,0.0,0.0,0.0,17.0,65.0,7.0,45.79202242452736,Medium
163520,Handia,3452,563,571,1052,0,200.15,17.247064701473896,0.1654113557358053,0.3047508690614137,0.0,0.0,0.0,0.0,0.0,0.0,0.0,1.0,1.0,0.0,0.0,0.0,0.0,0.0,0.0,0.0,1.0,1.0,1.0,0.0,0.0,1.0,0.0,0.0,17.0,17.0,65.0,35.528622850537936,Medium
163521,Mauhari Khurd,2741,435,508,188,0,64.04,42.80137414116177,0.1853338197738051,0.0685881065304633,0.0,0.0,0.0,0.0,0.0,0.0,0.0,1.0,1.0,0.0,0.0,0.0,0.0,1.0,1.0,1.0,1.0,1.0,1.0,1.0,0.0,0.0,1.0,1.0,20.0,58.0,10.0,33.49626905016961,Medium
163522,Pipraon,88,12,11,0,0,42.36,2.077431539187913,0.125,0.0,0.0,0.0,0.0,0.0,0.0,0.0,0.0,1.0,1.0,0.0,0.0,0.0,0.0,0.0,0.0,0.0,1.0,1.0,1.0,1.0,0.0,0.0,1.0,1.0,23.0,60.0,1.0,29.66875673997399,Low
163523,Pura Ramchera,36,4,4,0,0,10.59,3.39943342776204,0.1111111111111111,0.0,0.0,0.0,0.0,0.0,0.0,0.0,0.0,1.0,0.0,0.0,1.0,0.0,1.0,0.0,1.0,0.0,1.0,1.0,1.0,1.0,0.0,0.0,0.0,1.0,25.0,60.0,3.0,42.63978375632107,Medium
163524,Pura Bariyar,140,28,21,63,0,40.72,3.43811394891945,0.15,0.45,0.0,0.0,0.0,0.0,0.0,0.0,0.0,1.0,1.0,0.0,0.0,0.0,0.0,0.0,0.0,0.0,1.0,0.0,1.0,0.0,1.0,0.0,0.0,0.0,20.0,62.0,0.0,37.72470762191772,Medium
163525,Pura Misan,0,0,0,0,0,10.59,0.0,,,,,,,,,,,,,,,,,,,,,,,,,,,23.0,58.0,1.0,45.0,Medium
163526,Pura Diwan,373,61,53,244,0,21.28,17.528195488721803,0.1420911528150134,0.6541554959785523,0.0,0.0,0.0,0.0,0.0,0.0,0.0,1.0,1.0,0.0,0.0,0.0,0.0,0.0,0.0,0.0,1.0,0.0,1.0,0.0,1.0,0.0,1.0,1.0,21.0,58.0,1.0,39.087599917219066,Medium
163527,Bharari,1209,168,192,244,0,142.25,8.499121265377855,0.1588089330024814,0.2018196856906534,0.0,0.0,0.0,0.0,0.0,0.0,0.0,1.0,1.0,0.0,1.0,0.0,0.0,0.0,1.0,1.0,1.0,0.0,1.0,0.0,0.0,1.0,1.0,1.0,18.0,68.0,2.0,39.45618125257245,Medium
163528,Gauraiya Khurd,250,38,34,0,0,8.16,30.637254901960784,0.136,0.0,0.0,0.0,0.0,0.0,0.0,0.0,0.0,1.0,1.0,0.0,0.0,0.0,0.0,0.0,0.0,0.0,0.0,0.0,0.0,0.0,0.0,0.0,0.0,0.0,17.0,65.0,4.0,43.673128727056216,Medium
163529,Girdhar Patti,24,5,1,0,0,6.37,3.767660910518053,0.0416666666666666,0.0,0.0,0.0,0.0,0.0,0.0,0.0,0.0,1.0,1.0,0.0,1.0,0.0,1.0,0.0,0.0,0.0,0.0,1.0,1.0,0.0,0.0,1.0,1.0,1.0,16.0,65.0,0.0,44.73825850124962,Medium
163530,Mugalha,429,68,80,178,0,43.38,9.889349930843704,0.1864801864801865,0.4149184149184149,0.0,0.0,0.0,0.0,0.0,0.0,0.0,1.0,1.0,0.0,0.0,0.0,0.0,0.0,0.0,0.0,0.0,0.0,1.0,0.0,0.0,1.0,1.0,1.0,16.0,65.0,0.0,46.40897831879777,Medium
163531,Bharthipur,381,58,83,295,0,13.29,28.66817155756208,0.2178477690288714,0.7742782152230971,0.0,0.0,0.0,0.0,0.0,0.0,0.0,1.0,0.0,1.0,1.0,0.0,0.0,0.0,0.0,0.0,0.0,0.0,1.0,0.0,0.0,1.0,1.0,1.0,17.0,65.0,0.0,53.252318048341664,Medium
163532,Khamhanpur,187,21,19,0,0,9.84,19.004065040650406,0.1016042780748663,0.0,0.0,0.0,0.0,0.0,0.0,0.0,0.0,1.0,0.0,0.0,0.0,0.0,0.0,0.0,0.0,0.0,1.0,0.0,1.0,0.0,0.0,1.0,1.0,1.0,16.0,65.0,0.0,40.49623687362388,Medium
163533,Mokhar,0,0,0,0,0,13.45,0.0,,,,,,,,,,,,,,,,,,,,,,,,,,,16.0,65.0,0.0,45.0,Medium
163534,Pura Baksh,98,10,24,0,0,6.714,14.596365802800118,0.2448979591836734,0.0,0.0,0.0,0.0,0.0,0.0,0.0,0.0,1.0,0.0,0.0,0.0,0.0,0.0,0.0,0.0,0.0,0.0,0.0,1.0,0.0,0.0,1.0,1.0,1.0,16.0,65.0,0.0,49.61380394110586,Medium
163535,Girdharpur,1809,294,279,582,0,298.5,6.060301507537688,0.154228855721393,0.3217247097844112,0.0,0.0,0.0,0.0,0.0,0.0,0.0,1.0,1.0,1.0,0.0,0.0,1.0,0.0,0.0,0.0,0.0,0.0,1.0,0.0,0.0,1.0,1.0,1.0,17.0,65.0,0.0,54.81802046500896,Medium
163536,Manda Khas,10537,1825,1745,2431,0,3319.44,3.1743306099824067,0.1656069089873778,0.2307108285090633,0.0,1.0,,1.0,1.0,0.0,0.0,1.0,0.0,0.0,0.0,0.0,0.0,0.0,0.0,0.0,1.0,1.0,1.0,1.0,0.0,1.0,1.0,1.0,65.0,65.0,4.0,25.41895566994441,Low
163537,Kharka Khas,2121,409,477,444,76,660.04,3.2134416095994185,0.2248939179632249,0.2093352192362093,0.0358321546440358,0.0,0.0,0.0,0.0,0.0,0.0,1.0,0.0,0.0,0.0,0.0,0.0,0.0,0.0,0.0,0.0,1.0,1.0,0.0,0.0,1.0,1.0,1.0,30.0,55.0,30.0,45.447880226957416,Medium
163538,Ghori,968,152,134,498,0,237.11,4.08249335751339,0.1384297520661157,0.5144628099173554,0.0,0.0,0.0,0.0,0.0,0.0,0.0,1.0,0.0,0.0,0.0,0.0,0.0,0.0,0.0,0.0,0.0,1.0,1.0,0.0,0.0,1.0,1.0,0.0,35.0,65.0,35.0,43.55974426874039,Medium
163539,Bairghat,78,15,13,0,0,25.11,3.106332138590203,0.1666666666666666,0.0,0.0,0.0,0.0,0.0,0.0,0.0,0.0,1.0,1.0,0.0,0.0,0.0,1.0,0.0,0.0,0.0,1.0,1.0,1.0,0.0,0.0,1.0,0.0,1.0,30.0,60.0,30.0,43.46106484622808,Medium
163540,Derhan,2072,312,361,473,8,533.48,3.883931918722351,0.1742277992277992,0.2282818532818532,0.0038610038610038,0.0,0.0,0.0,0.0,0.0,0.0,1.0,1.0,0.0,1.0,0.0,1.0,0.0,0.0,0.0,1.0,1.0,1.0,0.0,0.0,1.0,1.0,1.0,30.0,60.0,30.0,44.95347409266743,Medium
163541,Kanchanpur,912,148,174,418,0,272.8,3.3431085043988267,0.1907894736842105,0.4583333333333333,0.0,0.0,0.0,0.0,0.0,0.0,0.0,1.0,1.0,0.0,0.0,0.0,0.0,1.0,0.0,0.0,0.0,0.0,1.0,0.0,0.0,1.0,1.0,1.0,30.0,55.0,30.0,46.48615190167667,Medium
163542,Ratehara,0,0,0,0,0,10.85,0.0,,,,,,,,,,,,,,,,,,,,,,,,,,,30.0,55.0,30.0,45.0,Medium
163543,Belahan,684,125,127,246,27,150.3,4.550898203592814,0.185672514619883,0.3596491228070175,0.0394736842105263,0.0,0.0,0.0,0.0,0.0,0.0,1.0,1.0,0.0,1.0,0.0,1.0,0.0,0.0,0.0,1.0,1.0,1.0,0.0,0.0,0.0,1.0,1.0,28.0,57.0,28.0,46.831420962059525,Medium
163544,Etawa Khurd,1962,287,365,223,0,254.46,7.71044564961094,0.1860346585117227,0.1136595310907237,0.0,0.0,0.0,0.0,0.0,0.0,0.0,1.0,0.0,0.0,0.0,0.0,1.0,0.0,0.0,0.0,0.0,1.0,1.0,0.0,0.0,1.0,1.0,1.0,28.0,58.0,28.0,53.133055456390025,Medium
163545,Sohagi,272,45,55,176,0,122.53,2.2198645229739657,0.2022058823529411,0.6470588235294118,0.0,0.0,0.0,0.0,0.0,0.0,0.0,1.0,1.0,0.0,1.0,0.0,1.0,0.0,0.0,0.0,0.0,0.0,1.0,1.0,0.0,0.0,1.0,1.0,27.0,63.0,27.0,55.2260841328565,Medium
163546,Kalyanpur,1195,174,208,27,0,320.43,3.7293636675717,0.1740585774058577,0.0225941422594142,0.0,0.0,0.0,0.0,0.0,0.0,0.0,1.0,0.0,0.0,1.0,0.0,0.0,0.0,0.0,0.0,0.0,0.0,1.0,1.0,0.0,1.0,1.0,1.0,26.0,62.0,26.0,44.65474509608581,Medium
163547,Chapro,1583,263,288,468,1,546.82,2.8949197176401738,0.1819330385344283,0.295641187618446,0.0006317119393556,0.0,0.0,0.0,0.0,0.0,0.0,1.0,0.0,0.0,1.0,0.0,1.0,0.0,0.0,0.0,1.0,0.0,0.0,1.0,0.0,1.0,1.0,1.0,12.0,65.0,12.0,51.23698578784559,Medium
163548,Pura Chandel,246,42,47,168,0,85.73,2.86947392977954,0.1910569105691057,0.6829268292682927,0.0,0.0,0.0,0.0,0.0,0.0,0.0,1.0,1.0,0.0,0.0,0.0,0.0,0.0,0.0,1.0,1.0,1.0,1.0,0.0,0.0,1.0,0.0,1.0,8.0,60.0,8.0,37.59766676602563,Medium
163549,Ghosala,396,64,85,226,0,63.69,6.217616580310881,0.2146464646464646,0.5707070707070707,0.0,0.0,0.0,0.0,0.0,0.0,0.0,1.0,1.0,0.0,1.0,0.0,0.0,0.0,0.0,0.0,1.0,1.0,1.0,0.0,0.0,0.0,0.0,0.0,8.0,68.0,8.0,37.88192928937836,Medium
163550,Gaura,814,115,135,114,0,264.31,3.0797169989784723,0.1658476658476658,0.14004914004914,0.0,0.0,0.0,0.0,0.0,0.0,0.0,1.0,1.0,0.0,0.0,0.0,0.0,0.0,0.0,0.0,0.0,1.0,0.0,0.0,1.0,1.0,1.0,1.0,7.0,67.0,7.0,36.635646114771205,Medium
163551,Shamlipur,621,95,118,315,0,199.11,3.118879011601627,0.1900161030595813,0.5072463768115942,0.0,0.0,0.0,0.0,0.0,0.0,0.0,1.0,1.0,0.0,0.0,0.0,0.0,0.0,0.0,1.0,1.0,1.0,0.0,1.0,0.0,0.0,1.0,0.0,6.0,66.0,6.0,34.19829574599931,Medium
163552,Mahuli Khurd,627,104,99,185,0,190.42,3.292721352799076,0.1578947368421052,0.2950558213716108,0.0,0.0,0.0,0.0,0.0,0.0,0.0,1.0,1.0,0.0,1.0,0.0,1.0,0.0,1.0,1.0,1.0,1.0,1.0,0.0,0.0,0.0,1.0,1.0,31.0,50.0,31.0,44.68085033095633,Medium
163553,Tounga Khurd,491,86,92,411,0,64.15,7.653936087295401,0.1873727087576374,0.8370672097759674,0.0,0.0,0.0,0.0,0.0,0.0,0.0,1.0,0.0,0.0,1.0,0.0,0.0,0.0,0.0,0.0,0.0,1.0,1.0,0.0,0.0,0.0,1.0,1.0,30.0,15.0,30.0,46.78791169972063,Medium
163554,Tounga Kala,1513,252,331,422,0,144.85,10.445288229202625,0.2187706543291473,0.278916060806345,0.0,0.0,0.0,0.0,0.0,0.0,0.0,1.0,1.0,0.0,1.0,0.0,1.0,0.0,1.0,1.0,1.0,1.0,1.0,0.0,0.0,1.0,1.0,1.0,30.0,51.0,30.0,46.72054061178996,Medium
163555,Jokhat,1758,280,325,347,10,117.04,15.020505809979491,0.1848691695108077,0.1973833902161547,0.005688282138794,0.0,0.0,0.0,0.0,0.0,0.0,1.0,0.0,0.0,1.0,0.0,0.0,0.0,0.0,1.0,0.0,0.0,1.0,0.0,0.0,1.0,1.0,1.0,29.0,52.0,29.0,48.95311996802451,Medium
163556,Deehar,827,146,181,161,0,116.93,7.072607542974429,0.218863361547763,0.1946795646916566,0.0,0.0,0.0,0.0,0.0,0.0,0.0,1.0,1.0,0.0,0.0,0.0,0.0,0.0,0.0,0.0,0.0,1.0,1.0,1.0,0.0,0.0,1.0,1.0,28.0,55.0,28.0,38.6634556567392,Medium
163557,Khaptiha,1263,220,218,525,0,82.07,15.389301815523336,0.1726049089469517,0.4156769596199525,0.0,0.0,0.0,0.0,0.0,0.0,0.0,1.0,1.0,0.0,0.0,0.0,0.0,0.0,1.0,1.0,1.0,1.0,1.0,1.0,0.0,1.0,1.0,1.0,27.0,55.0,27.0,33.72266920690097,Medium
163558,Magara,0,0,0,0,0,6.72,0.0,,,,,,,,,,,,,,,,,,,,,,,,,,,0.0,0.0,0.0,45.0,Medium
163559,Pathakpur,771,137,138,360,0,207.1,3.722839208112023,0.178988326848249,0.4669260700389105,0.0,0.0,0.0,0.0,0.0,0.0,0.0,1.0,1.0,1.0,0.0,0.0,1.0,0.0,0.0,0.0,0.0,0.0,1.0,1.0,0.0,0.0,1.0,1.0,27.0,55.0,27.0,53.69069560096478,Medium
163560,Pandiya,118,19,29,0,0,21.55,5.475638051044084,0.2457627118644068,0.0,0.0,0.0,0.0,0.0,0.0,0.0,0.0,1.0,0.0,1.0,0.0,0.0,1.0,0.0,0.0,0.0,1.0,1.0,1.0,0.0,0.0,0.0,0.0,1.0,25.0,55.0,55.0,49.26470473512005,Medium
163561,Mojara Mishra,187,32,34,133,0,27.49,6.802473626773373,0.1818181818181818,0.7112299465240641,0.0,0.0,0.0,0.0,0.0,0.0,0.0,1.0,0.0,1.0,0.0,0.0,0.0,0.0,1.0,1.0,1.0,1.0,1.0,0.0,0.0,0.0,0.0,0.0,31.0,56.0,0.0,40.957077675904415,Medium
163562,Koundi,2776,456,533,847,154,537.78,5.161962140652312,0.1920028818443804,0.3051152737752161,0.0554755043227665,0.0,0.0,0.0,0.0,0.0,0.0,1.0,0.0,1.0,0.0,0.0,0.0,0.0,0.0,1.0,1.0,1.0,1.0,0.0,0.0,0.0,1.0,1.0,30.0,55.0,0.0,40.48920712212112,Medium
163563,Gargata,497,60,76,188,0,60.45,8.221670802315963,0.1529175050301811,0.3782696177062374,0.0,0.0,0.0,0.0,0.0,0.0,0.0,1.0,0.0,0.0,0.0,0.0,0.0,0.0,0.0,1.0,1.0,1.0,1.0,0.0,0.0,0.0,0.0,0.0,30.0,56.0,0.0,38.48361272100162,Medium
163564,Chhapar,734,129,106,293,0,137.09,5.354146910788533,0.1444141689373297,0.3991825613079019,0.0,0.0,0.0,0.0,0.0,0.0,0.0,1.0,1.0,1.0,0.0,0.0,0.0,0.0,1.0,1.0,1.0,1.0,1.0,0.0,0.0,0.0,0.0,0.0,31.0,57.0,0.0,34.88183223864353,Medium
163565,Kundwa Urf Unch Gaon,2084,332,431,150,0,322.08,6.470442126179831,0.2068138195777351,0.0719769673704414,0.0,0.0,0.0,0.0,0.0,0.0,0.0,1.0,1.0,0.0,0.0,0.0,0.0,0.0,0.0,0.0,1.0,1.0,0.0,0.0,0.0,0.0,1.0,1.0,25.0,55.0,25.0,35.16369553670576,Medium
163566,Bashgarhi,807,148,125,302,69,92.66,8.709259658968271,0.1548946716232961,0.3742255266418835,0.0855018587360594,0.0,0.0,0.0,0.0,0.0,0.0,1.0,1.0,1.0,1.0,0.0,1.0,0.0,0.0,0.0,1.0,1.0,1.0,1.0,0.0,0.0,1.0,1.0,33.0,60.0,33.0,44.75099844251569,Medium
163567,Nidoura,453,80,49,0,1,134.49,3.3682801695293327,0.108167770419426,0.0,0.0022075055187637,0.0,0.0,0.0,0.0,0.0,0.0,1.0,1.0,0.0,0.0,0.0,1.0,0.0,0.0,0.0,0.0,0.0,1.0,0.0,0.0,0.0,0.0,1.0,30.0,55.0,30.0,51.76957901458225,Medium
163568,Deehee Patka,881,160,145,91,0,221.21,3.9826409294335696,0.1645856980703745,0.1032917139614074,0.0,0.0,0.0,0.0,0.0,0.0,0.0,1.0,1.0,1.0,0.0,0.0,0.0,0.0,0.0,0.0,1.0,1.0,1.0,0.0,0.0,1.0,1.0,1.0,30.0,60.0,30.0,33.951127931706246,Medium
163569,Kheri,7031,1200,1272,1552,22,592.69,11.862862541969662,0.1809130991324136,0.2207367373062153,0.0031290001422272,0.0,0.0,0.0,0.0,0.0,0.0,1.0,0.0,0.0,0.0,0.0,0.0,0.0,1.0,1.0,1.0,1.0,1.0,1.0,1.0,1.0,1.0,1.0,27.0,52.0,27.0,33.76025379342028,Medium
163570,Mojara Tiwari Tara,0,0,0,0,0,14.16,0.0,,,,,,,,,,,,,,,,,,,,,,,,,,,26.0,57.0,57.0,45.0,Medium
163571,Khouriya,1084,210,198,589,0,133.16,8.14058275758486,0.1826568265682656,0.5433579335793358,0.0,0.0,0.0,0.0,0.0,0.0,0.0,1.0,1.0,0.0,0.0,0.0,1.0,0.0,0.0,0.0,0.0,1.0,0.0,1.0,0.0,0.0,1.0,1.0,25.0,56.0,25.0,49.36456629534774,Medium
163572,Pura Dattu,1579,282,323,570,0,236.92,6.664696944116158,0.2045598480050665,0.3609879670677644,0.0,0.0,0.0,0.0,0.0,0.0,0.0,1.0,1.0,0.0,0.0,0.0,1.0,0.0,1.0,1.0,1.0,1.0,0.0,1.0,0.0,1.0,1.0,1.0,24.0,55.0,24.0,44.04911909205524,Medium
163573,Baghol,2102,372,365,1084,0,587.73,3.576472189610876,0.1736441484300666,0.5156993339676499,0.0,0.0,0.0,0.0,0.0,0.0,0.0,1.0,1.0,0.0,0.0,0.0,0.0,0.0,1.0,1.0,1.0,1.0,1.0,1.0,0.0,1.0,0.0,1.0,21.0,61.0,12.0,33.76821799700333,Medium
163574,Behraicha,3322,496,690,743,0,781.46,4.251017326542625,0.2077062010836845,0.2236604455147501,0.0,0.0,0.0,0.0,0.0,0.0,0.0,1.0,1.0,0.0,0.0,0.0,1.0,0.0,1.0,1.0,1.0,1.0,1.0,1.0,1.0,1.0,0.0,1.0,20.0,62.0,20.0,40.85762224261912,Medium
163575,Baijala,292,37,61,98,0,139.01,2.10056830443853,0.2089041095890411,0.3356164383561644,0.0,0.0,0.0,0.0,0.0,0.0,0.0,1.0,1.0,0.0,0.0,0.0,1.0,0.0,0.0,0.0,0.0,0.0,1.0,1.0,0.0,1.0,0.0,1.0,20.0,62.0,20.0,53.86491359677306,Medium
163576,Kaithwal,2276,409,451,1002,0,275.36,8.26554328878559,0.1981546572934973,0.4402460456942003,0.0,0.0,0.0,0.0,0.0,0.0,0.0,1.0,1.0,0.0,0.0,0.0,1.0,0.0,1.0,1.0,1.0,1.0,1.0,0.0,0.0,1.0,1.0,1.0,17.0,65.0,17.0,46.81908011993936,Medium
163577,Kundari,76,13,16,38,0,117.74,0.6454900628503483,0.2105263157894736,0.5,0.0,0.0,0.0,0.0,0.0,0.0,0.0,1.0,1.0,0.0,1.0,0.0,0.0,0.0,0.0,0.0,0.0,0.0,0.0,0.0,0.0,0.0,0.0,1.0,19.0,64.0,19.0,47.175665178730505,Medium
163578,Katghar,71,9,10,0,0,33.89,2.095013278253172,0.1408450704225352,0.0,0.0,0.0,0.0,0.0,0.0,0.0,0.0,1.0,0.0,0.0,0.0,0.0,0.0,0.0,0.0,0.0,0.0,0.0,1.0,0.0,0.0,0.0,0.0,0.0,19.0,63.0,19.0,45.978165142199884,Medium
163579,Kihuni Kala,1144,213,201,467,0,469.06,2.438920393979448,0.1756993006993007,0.4082167832167832,0.0,0.0,0.0,0.0,0.0,0.0,0.0,1.0,1.0,0.0,0.0,0.0,1.0,0.0,0.0,0.0,1.0,1.0,1.0,0.0,0.0,1.0,1.0,0.0,23.0,68.0,0.0,45.745683998125934,Medium
163580,Pawari,3716,622,703,592,71,770.13,4.825159388674639,0.1891819160387513,0.1593110871905274,0.0191065662002152,0.0,0.0,0.0,0.0,0.0,0.0,1.0,0.0,0.0,0.0,0.0,1.0,0.0,0.0,0.0,1.0,0.0,0.0,0.0,0.0,1.0,1.0,0.0,22.0,72.0,22.0,53.79330680403685,Medium
163581,Kihuni Khurd,1709,270,303,741,0,563.32,3.033799616558972,0.1772966647162083,0.4335868929198361,0.0,0.0,0.0,0.0,0.0,0.0,0.0,1.0,0.0,0.0,0.0,0.0,1.0,0.0,0.0,0.0,0.0,0.0,1.0,0.0,0.0,1.0,1.0,1.0,20.0,65.0,20.0,59.278250068530255,Medium
163582,Ghoghat,561,130,112,9,0,99.62,5.631399317406143,0.1996434937611408,0.0160427807486631,0.0,0.0,0.0,0.0,0.0,0.0,0.0,1.0,1.0,0.0,0.0,0.0,1.0,1.0,0.0,0.0,0.0,0.0,1.0,1.0,0.0,0.0,0.0,0.0,18.0,66.0,18.0,52.134413622348895,Medium
163583,Chaulari,722,131,154,318,0,147.85,4.883327696990193,0.2132963988919667,0.4404432132963989,0.0,0.0,0.0,0.0,0.0,0.0,0.0,1.0,0.0,0.0,0.0,1.0,1.0,0.0,0.0,0.0,0.0,1.0,1.0,0.0,0.0,1.0,1.0,1.0,19.0,67.0,19.0,55.46857577553909,Medium
163584,Khouncha Khas,755,118,154,38,0,237.77,3.1753375110400808,0.2039735099337748,0.0503311258278145,0.0,0.0,0.0,0.0,0.0,0.0,0.0,1.0,0.0,1.0,0.0,,,0.0,0.0,0.0,0.0,1.0,1.0,0.0,0.0,0.0,0.0,0.0,19.0,69.0,19.0,43.16809658842129,Medium
163585,Jamsot,402,77,49,173,0,171.93,2.338160879427674,0.1218905472636815,0.4303482587064676,0.0,0.0,0.0,0.0,0.0,0.0,0.0,1.0,0.0,0.0,0.0,0.0,0.0,0.0,0.0,0.0,0.0,0.0,0.0,0.0,0.0,1.0,0.0,0.0,20.0,71.0,20.0,47.57126890264704,Medium
163586,Overi,821,94,145,130,0,375.15,2.188457950153272,0.1766138855054811,0.1583434835566382,0.0,0.0,0.0,0.0,0.0,0.0,0.0,1.0,1.0,0.0,0.0,0.0,1.0,0.0,0.0,0.0,0.0,0.0,1.0,0.0,0.0,0.0,1.0,1.0,161.0,70.0,70.0,54.51345609803643,Medium
163587,Jamua,846,120,132,88,0,449.0,1.8841870824053453,0.1560283687943262,0.1040189125295508,0.0,0.0,0.0,0.0,0.0,0.0,0.0,1.0,1.0,0.0,0.0,0.0,1.0,0.0,0.0,0.0,0.0,0.0,1.0,0.0,0.0,0.0,0.0,1.0,16.0,73.0,16.0,53.61175620817801,Medium
163588,Semari Lauhari,57,8,13,0,0,97.71,0.5833589192508444,0.2280701754385964,0.0,0.0,0.0,0.0,0.0,0.0,0.0,0.0,1.0,1.0,0.0,0.0,0.0,1.0,0.0,0.0,0.0,0.0,0.0,1.0,1.0,0.0,0.0,0.0,0.0,20.0,70.0,20.0,52.69942615287352,Medium
163589,Deel,865,133,145,308,0,164.6,5.255164034021871,0.1676300578034682,0.3560693641618497,0.0,0.0,0.0,0.0,0.0,0.0,0.0,1.0,1.0,0.0,0.0,0.0,0.0,0.0,0.0,0.0,1.0,1.0,1.0,1.0,0.0,0.0,1.0,1.0,19.0,70.0,19.0,32.858672770556566,Low
163590,Usari,973,147,164,233,0,211.3,4.60482725982016,0.1685508735868448,0.2394655704008222,0.0,0.0,0.0,0.0,0.0,0.0,0.0,1.0,0.0,0.0,0.0,0.0,1.0,0.0,0.0,0.0,1.0,0.0,1.0,1.0,0.0,1.0,1.0,0.0,15.0,65.0,15.0,50.60986994145139,Medium
163591,Semari Jirauha,1590,207,258,276,0,482.76,3.2935620183942333,0.1622641509433962,0.1735849056603773,0.0,0.0,0.0,0.0,0.0,0.0,0.0,1.0,1.0,0.0,0.0,0.0,0.0,0.0,0.0,0.0,0.0,1.0,0.0,0.0,0.0,1.0,0.0,1.0,15.0,62.0,15.0,39.20461274337416,Medium
163592,Majhigava,2518,419,483,1162,0,979.01,2.5719859858428413,0.1918189038919777,0.4614773629864972,0.0,0.0,0.0,0.0,0.0,0.0,0.0,1.0,0.0,0.0,0.0,0.0,0.0,0.0,0.0,0.0,0.0,0.0,1.0,0.0,0.0,1.0,1.0,1.0,13.0,70.0,13.0,49.83437994618691,Medium
163593,Nibi,4184,716,808,593,0,664.25,6.298833270605947,0.1931166347992352,0.1417304015296367,0.0,0.0,0.0,0.0,0.0,0.0,0.0,1.0,1.0,0.0,0.0,0.0,1.0,0.0,0.0,0.0,1.0,1.0,1.0,0.0,0.0,1.0,1.0,1.0,15.0,67.0,15.0,45.094490655772674,Medium
163594,Gondaha,0,0,0,0,0,385.92,0.0,,,,,,,,,,,,,,,,,,,,,,,,,,,10.0,64.0,0.0,45.0,Medium
163595,Dei Bandh,2449,396,435,1107,0,31.65,77.37756714060032,0.1776235198040016,0.4520212331563903,0.0,0.0,0.0,0.0,0.0,0.0,0.0,1.0,0.0,0.0,1.0,0.0,0.0,0.0,0.0,0.0,1.0,1.0,0.0,0.0,0.0,1.0,1.0,1.0,10.0,64.0,0.0,42.43722244943061,Medium
163596,Barokhara,1880,311,321,473,0,459.32,4.093007053905774,0.1707446808510638,0.251595744680851,0.0,0.0,0.0,0.0,0.0,0.0,0.0,1.0,0.0,0.0,0.0,0.0,1.0,0.0,0.0,0.0,1.0,1.0,1.0,0.0,0.0,1.0,1.0,1.0,12.0,60.0,12.0,48.21528912637549,Medium
163597,Dihi Khurd,1909,304,373,740,0,307.32,6.211766237146948,0.1953902566788894,0.3876375065479308,0.0,0.0,0.0,0.0,0.0,0.0,0.0,1.0,0.0,0.0,1.0,0.0,0.0,0.0,0.0,1.0,1.0,1.0,1.0,0.0,0.0,1.0,1.0,0.0,16.0,75.0,16.0,39.72198799840628,Medium
163598,Leriyari,6427,1073,1158,1281,0,611.38,10.512283686087212,0.1801773766920802,0.1993153882060059,0.0,0.0,1.0,0.0,0.0,0.0,0.0,1.0,1.0,1.0,1.0,0.0,0.0,1.0,1.0,1.0,1.0,1.0,1.0,1.0,1.0,1.0,1.0,1.0,15.0,67.0,15.0,26.834160420881904,Low
163599,Kolasara,1802,343,328,591,0,235.92,7.638182434723635,0.1820199778024417,0.327968923418424,0.0,0.0,0.0,0.0,0.0,0.0,0.0,1.0,1.0,1.0,0.0,0.0,0.0,0.0,0.0,0.0,1.0,1.0,1.0,0.0,0.0,1.0,0.0,1.0,19.0,66.0,19.0,35.747857220134975,Medium
163600,Thathaha,0,0,0,0,0,69.26,0.0,,,,,,,,,,,,,,,,,,,,,,,,,,,20.0,67.0,20.0,45.0,Medium
163601,Patharpura Kalan,970,146,168,281,0,173.71,5.584019342582465,0.1731958762886598,0.2896907216494845,0.0,0.0,0.0,0.0,0.0,0.0,0.0,1.0,1.0,0.0,0.0,0.0,0.0,0.0,0.0,0.0,1.0,1.0,1.0,0.0,0.0,1.0,1.0,1.0,23.0,70.0,23.0,35.20727655130198,Medium
163602,Patharpur Khurd,281,52,37,62,0,151.87,1.8502666754461048,0.1316725978647686,0.2206405693950178,0.0,0.0,0.0,0.0,0.0,0.0,0.0,1.0,1.0,1.0,0.0,0.0,0.0,0.0,0.0,0.0,1.0,0.0,1.0,0.0,0.0,1.0,0.0,0.0,22.0,70.0,22.0,38.46279656692616,Medium
163603,Baraha,1590,291,297,884,0,170.27,9.33811006049216,0.1867924528301886,0.5559748427672956,0.0,0.0,0.0,0.0,0.0,0.0,0.0,1.0,0.0,1.0,0.0,0.0,0.0,0.0,0.0,0.0,0.0,0.0,1.0,1.0,0.0,1.0,1.0,1.0,22.0,72.0,22.0,47.93429495184371,Medium
163604,Devari,1389,233,248,412,0,170.27,8.157631996241264,0.1785457163426926,0.2966162706983441,0.0,0.0,0.0,0.0,0.0,0.0,0.0,1.0,1.0,0.0,1.0,0.0,0.0,0.0,0.0,0.0,1.0,1.0,1.0,0.0,0.0,0.0,1.0,1.0,20.0,70.0,20.0,35.5082257341235,Medium
163605,Aruvari,1599,229,276,480,0,183.84,8.697780678851174,0.1726078799249531,0.300187617260788,0.0,0.0,0.0,0.0,0.0,0.0,0.0,1.0,1.0,0.0,0.0,0.0,0.0,0.0,0.0,1.0,1.0,1.0,1.0,0.0,0.0,1.0,1.0,1.0,15.0,65.0,15.0,35.37015813788268,Medium
163606,Mahilaha,1345,221,275,312,0,223.47,6.018704971584553,0.2044609665427509,0.2319702602230483,0.0,0.0,0.0,0.0,0.0,0.0,0.0,1.0,1.0,1.0,1.0,1.0,0.0,0.0,0.0,1.0,1.0,1.0,1.0,0.0,0.0,1.0,1.0,1.0,14.0,75.0,14.0,35.87450110386284,Medium
163607,Khivali Kala,2067,374,412,961,0,361.2,5.722591362126246,0.1993226898887276,0.4649250120948234,0.0,0.0,0.0,0.0,0.0,0.0,0.0,1.0,1.0,0.0,0.0,0.0,1.0,0.0,0.0,0.0,1.0,1.0,1.0,0.0,0.0,1.0,1.0,0.0,15.0,65.0,15.0,46.872950454402975,Medium
163608,Bhagatpur,580,90,91,286,0,222.27,2.609438970621316,0.1568965517241379,0.493103448275862,0.0,0.0,0.0,0.0,0.0,0.0,0.0,1.0,0.0,0.0,0.0,0.0,0.0,0.0,0.0,0.0,1.0,0.0,1.0,0.0,0.0,0.0,1.0,0.0,17.0,17.0,0.0,43.94637986390764,Medium
163609,Nahari Laper,652,89,109,145,0,163.05,3.998773382398037,0.1671779141104294,0.2223926380368098,0.0,0.0,0.0,0.0,0.0,0.0,0.0,1.0,0.0,0.0,0.0,0.0,0.0,0.0,1.0,1.0,1.0,1.0,1.0,0.0,0.0,0.0,1.0,1.0,12.0,55.0,12.0,37.95839572859369,Medium
163610,Lavariya,682,124,120,286,0,156.45,4.359220198146373,0.1759530791788856,0.4193548387096774,0.0,0.0,0.0,0.0,0.0,0.0,0.0,1.0,0.0,0.0,0.0,0.0,0.0,0.0,0.0,0.0,0.0,0.0,1.0,0.0,0.0,1.0,0.0,1.0,8.0,78.0,8.0,49.22128315674532,Medium
163611,Karpiya,1141,194,253,524,0,170.93,6.675247177207043,0.221735319894829,0.4592462751971954,0.0,0.0,0.0,0.0,0.0,0.0,0.0,1.0,1.0,0.0,0.0,0.0,1.0,0.0,1.0,1.0,0.0,0.0,1.0,0.0,0.0,1.0,1.0,0.0,7.0,75.0,7.0,57.556108612043325,Medium
163612,Chandi,3083,489,640,958,0,507.31,6.077152037215903,0.2075900097307817,0.3107362958157638,0.0,0.0,0.0,0.0,0.0,0.0,0.0,1.0,1.0,0.0,0.0,0.0,0.0,0.0,0.0,0.0,1.0,0.0,1.0,1.0,0.0,1.0,1.0,1.0,5.0,70.0,5.0,38.86460590453743,Medium
163613,Semariya,1431,203,255,192,0,365.2,3.9184008762322016,0.1781970649895178,0.1341719077568134,0.0,0.0,0.0,0.0,0.0,0.0,0.0,1.0,0.0,0.0,0.0,0.0,0.0,0.0,1.0,1.0,1.0,1.0,1.0,0.0,0.0,1.0,1.0,1.0,4.0,62.0,4.0,37.84456170848442,Medium
163614,Sikaro,4036,669,714,1059,0,755.003,5.34567412314918,0.1769078295341922,0.2623885034687809,0.0,0.0,0.0,0.0,0.0,0.0,0.0,1.0,1.0,0.0,1.0,0.0,1.0,0.0,1.0,1.0,1.0,1.0,1.0,0.0,0.0,1.0,1.0,1.0,10.0,66.0,10.0,45.17232336868447,Medium
163615,Pura Monai,576,93,92,190,0,117.36,4.9079754601227,0.1597222222222222,0.3298611111111111,0.0,0.0,0.0,0.0,0.0,0.0,0.0,1.0,1.0,0.0,0.0,0.0,1.0,0.0,0.0,0.0,1.0,1.0,1.0,0.0,0.0,0.0,1.0,0.0,2.0,63.0,2.0,44.9761201403463,Medium
163616,Baranpur,1557,267,262,602,0,413.07,3.7693369162611674,0.1682723185613359,0.3866409762363519,0.0,0.0,0.0,0.0,0.0,0.0,0.0,1.0,1.0,0.0,0.0,1.0,1.0,0.0,0.0,0.0,1.0,1.0,1.0,0.0,0.0,1.0,1.0,0.0,3.0,64.0,3.0,45.4697018561611,Medium
163617,Biraha,1671,276,254,575,0,387.14,4.316268016738131,0.1520047875523638,0.3441053261520048,0.0,0.0,0.0,0.0,0.0,0.0,0.0,1.0,1.0,0.0,0.0,0.0,0.0,0.0,0.0,0.0,0.0,0.0,1.0,0.0,0.0,0.0,0.0,0.0,8.0,70.0,8.0,44.79148733008415,Medium
163618,Tikar,2674,437,460,325,264,654.63,4.0847501642149,0.1720269259536275,0.1215407629020194,0.0987284966342558,0.0,0.0,0.0,0.0,0.0,0.0,1.0,1.0,1.0,1.0,1.0,1.0,0.0,0.0,1.0,0.0,0.0,1.0,1.0,0.0,1.0,1.0,1.0,10.0,55.0,10.0,54.12720343177176,Medium
163619,Devara Karpiya,3288,528,638,634,0,586.5,5.60613810741688,0.1940389294403893,0.1928223844282238,0.0,0.0,1.0,0.0,0.0,0.0,0.0,0.0,1.0,0.0,0.0,0.0,0.0,0.0,1.0,1.0,1.0,1.0,1.0,1.0,0.0,1.0,1.0,1.0,10.0,73.0,10.0,32.84913597720083,Low
163620,Saimaha,1477,245,252,366,0,330.97,4.4626401184397375,0.1706161137440758,0.2477995937711577,0.0,0.0,0.0,0.0,0.0,0.0,0.0,1.0,0.0,0.0,0.0,0.0,0.0,0.0,0.0,0.0,1.0,1.0,0.0,0.0,0.0,1.0,1.0,0.0,14.0,70.0,14.0,38.20765056734407,Medium
163621,Darshani,1808,318,348,409,0,373.34,4.842770664809557,0.1924778761061946,0.226216814159292,0.0,0.0,0.0,0.0,0.0,0.0,0.0,1.0,1.0,0.0,0.0,0.0,0.0,0.0,0.0,0.0,1.0,1.0,0.0,0.0,0.0,1.0,1.0,1.0,15.0,71.0,15.0,35.43788706907279,Medium
163622,Gheghasahi,585,111,112,236,0,160.86,3.6367027228646025,0.1914529914529914,0.4034188034188034,0.0,0.0,0.0,0.0,0.0,0.0,0.0,1.0,1.0,0.0,0.0,0.0,0.0,0.0,0.0,0.0,1.0,0.0,0.0,0.0,0.0,0.0,0.0,0.0,10.0,52.0,10.0,41.24355729770913,Medium
163623,Basuhi,489,83,90,379,0,175.33,2.7890264073461477,0.1840490797546012,0.7750511247443763,0.0,0.0,0.0,0.0,0.0,0.0,0.0,1.0,0.0,0.0,0.0,0.0,1.0,0.0,0.0,0.0,1.0,1.0,1.0,1.0,0.0,0.0,1.0,1.0,9.0,70.0,9.0,48.678078672574266,Medium
163624,Badva Khurd,247,41,49,59,0,28.57,8.645432271613581,0.1983805668016194,0.2388663967611336,0.0,0.0,0.0,0.0,0.0,0.0,0.0,1.0,0.0,0.0,0.0,0.0,0.0,0.0,0.0,0.0,0.0,0.0,0.0,0.0,0.0,0.0,0.0,0.0,5.0,65.0,5.0,49.16791342308323,Medium
163625,Badava Kalan(Laper),375,80,57,272,0,150.72,2.4880573248407645,0.152,0.7253333333333334,0.0,0.0,0.0,0.0,0.0,0.0,0.0,1.0,1.0,0.0,0.0,0.0,0.0,0.0,0.0,0.0,0.0,0.0,0.0,0.0,0.0,1.0,1.0,0.0,5.0,65.0,5.0,46.62230822464947,Medium
163626,Piparavn,378,48,56,119,0,86.17,4.3866774979691305,0.1481481481481481,0.3148148148148148,0.0,0.0,0.0,0.0,0.0,0.0,0.0,1.0,0.0,0.0,0.0,0.0,0.0,0.0,0.0,0.0,0.0,0.0,0.0,0.0,0.0,0.0,0.0,0.0,4.0,64.0,4.0,47.86556414287488,Medium
163627,Badaur,1788,236,299,579,0,311.32,5.74328665039188,0.1672259507829977,0.3238255033557047,0.0,0.0,0.0,0.0,0.0,0.0,0.0,1.0,1.0,0.0,0.0,0.0,0.0,0.0,0.0,0.0,1.0,1.0,1.0,0.0,0.0,1.0,1.0,0.0,5.0,67.0,5.0,35.20540172202847,Medium
163628,Javain,867,134,150,232,0,198.39,4.370179948586118,0.1730103806228373,0.2675893886966551,0.0,0.0,0.0,0.0,0.0,0.0,0.0,1.0,1.0,0.0,0.0,0.0,0.0,0.0,0.0,0.0,0.0,0.0,1.0,0.0,0.0,1.0,1.0,1.0,4.0,65.0,4.0,45.04129227855287,Medium
163629,Atari Sikki Tarav,0,0,0,0,0,37.81,0.0,,,,,,,,,,,,,,,,,,,,,,,,,,,3.0,66.0,3.0,45.0,Medium
163630,Kosbhara Kala,3595,591,639,803,0,359.262,10.006624691729156,0.1777468706536856,0.22336578581363,0.0,0.0,0.0,0.0,0.0,0.0,0.0,1.0,1.0,0.0,0.0,,1.0,0.0,0.0,0.0,1.0,1.0,1.0,0.0,0.0,0.0,1.0,1.0,3.0,72.0,3.0,45.194038004003126,Medium
163631,Tarav,5400,848,1076,1885,0,732.14,7.375638539077226,0.1992592592592592,0.3490740740740741,0.0,,0.0,0.0,0.0,0.0,0.0,1.0,1.0,0.0,0.0,0.0,1.0,0.0,1.0,1.0,0.0,1.0,1.0,0.0,0.0,1.0,1.0,1.0,2.0,62.0,0.0,51.35976568520757,Medium
163632,Padariya,1428,214,194,204,0,103.74,13.76518218623482,0.1358543417366946,0.1428571428571428,0.0,0.0,0.0,0.0,0.0,0.0,0.0,1.0,1.0,0.0,0.0,0.0,1.0,0.0,1.0,1.0,1.0,1.0,1.0,1.0,0.0,0.0,1.0,0.0,2.0,67.0,2.0,41.189269759694746,Medium
163633,Kosbhara Khurd,1295,182,214,87,0,105.91,12.227362855254462,0.1652509652509652,0.0671814671814671,0.0,0.0,0.0,0.0,0.0,0.0,0.0,1.0,0.0,0.0,0.0,0.0,1.0,0.0,0.0,1.0,1.0,1.0,1.0,0.0,0.0,1.0,1.0,1.0,3.0,72.0,3.0,47.4628887172382,Medium
163634,Baidvar Kalan,3253,537,610,935,2,350.1,9.29163096258212,0.1875192130341223,0.2874269904703351,0.0006148170919151,0.0,0.0,0.0,0.0,0.0,0.0,1.0,1.0,0.0,0.0,0.0,1.0,0.0,1.0,1.0,1.0,1.0,1.0,1.0,0.0,1.0,0.0,1.0,1.0,68.0,1.0,43.29279428205536,Medium
163635,Baidvar Khurd,28,7,2,0,0,14.95,1.872909698996656,0.0714285714285714,0.0,0.0,0.0,0.0,0.0,0.0,0.0,0.0,1.0,0.0,0.0,0.0,0.0,1.0,0.0,0.0,0.0,0.0,1.0,1.0,0.0,0.0,1.0,0.0,0.0,1.0,68.0,1.0,48.88653733502423,Medium
163636,Atari Sikari Korav,348,68,78,147,0,115.2,3.020833333333333,0.2241379310344827,0.4224137931034483,0.0,0.0,0.0,0.0,0.0,0.0,0.0,1.0,1.0,1.0,0.0,0.0,0.0,0.0,0.0,0.0,0.0,0.0,1.0,0.0,1.0,0.0,1.0,1.0,3.0,68.0,3.0,44.79375605570613,Medium
163637,Pathertal,2688,502,515,1088,0,682.24,3.9399624765478425,0.1915922619047619,0.4047619047619047,0.0,0.0,0.0,,0.0,0.0,0.0,1.0,0.0,0.0,0.0,,1.0,0.0,0.0,0.0,0.0,0.0,1.0,0.0,0.0,1.0,1.0,1.0,2.0,65.0,0.0,59.600254207970536,Medium
163638,Baran,484,71,71,35,0,90.12,5.370616955170883,0.146694214876033,0.0723140495867768,0.0,0.0,0.0,0.0,0.0,0.0,0.0,1.0,1.0,1.0,1.0,0.0,1.0,0.0,0.0,0.0,1.0,1.0,1.0,0.0,0.0,0.0,1.0,1.0,5.0,72.0,5.0,43.3165683018396,Medium
163639,Chak Kharihani,166,26,33,8,0,28.66,5.792044661549197,0.1987951807228915,0.0481927710843373,0.0,0.0,0.0,0.0,0.0,0.0,0.0,1.0,0.0,0.0,0.0,,1.0,0.0,0.0,0.0,1.0,1.0,1.0,0.0,1.0,0.0,1.0,1.0,4.0,71.0,4.0,45.609653208048826,Medium
163640,Dhanapur,457,68,83,5,0,76.14,6.002101392172314,0.1816192560175054,0.0109409190371991,0.0,0.0,0.0,0.0,0.0,0.0,0.0,1.0,0.0,0.0,0.0,0.0,0.0,0.0,1.0,1.0,1.0,1.0,1.0,1.0,0.0,1.0,1.0,1.0,4.0,7.0,4.0,34.916753680945725,Medium
163641,Uruva,856,169,132,66,0,123.77,6.916053971075382,0.1542056074766355,0.0771028037383177,0.0,0.0,0.0,0.0,0.0,0.0,0.0,1.0,1.0,0.0,0.0,0.0,0.0,0.0,1.0,1.0,1.0,1.0,1.0,0.0,0.0,1.0,1.0,1.0,3.0,70.0,3.0,33.629401790538694,Medium
163642,Misirpur,980,157,168,405,0,84.27,11.629286816186069,0.1714285714285714,0.413265306122449,0.0,0.0,0.0,0.0,0.0,0.0,0.0,1.0,0.0,0.0,0.0,0.0,0.0,0.0,0.0,0.0,0.0,0.0,1.0,0.0,1.0,1.0,1.0,1.0,5.0,70.0,5.0,46.854043377018606,Medium
163643,Barvari Kalan,2043,325,344,685,0,634.09,3.2219401031399326,0.1683798335780714,0.3352912383749388,0.0,0.0,0.0,0.0,0.0,0.0,0.0,1.0,1.0,1.0,1.0,0.0,1.0,0.0,0.0,0.0,1.0,1.0,1.0,0.0,0.0,1.0,1.0,1.0,5.0,70.0,5.0,45.19366981276785,Medium
163644,Pasana,3352,545,511,1514,0,854.02,3.924966628416197,0.1524463007159904,0.4516706443914081,0.0,0.0,0.0,0.0,0.0,0.0,0.0,1.0,1.0,0.0,1.0,0.0,0.0,0.0,0.0,1.0,1.0,1.0,1.0,1.0,0.0,1.0,1.0,1.0,8.0,60.0,8.0,32.82646911202048,Low
163645,Pura Ruchai,112,20,9,18,0,28.43,3.9395005276116777,0.0803571428571428,0.1607142857142857,0.0,0.0,0.0,0.0,0.0,0.0,0.0,1.0,1.0,0.0,1.0,0.0,0.0,0.0,0.0,0.0,0.0,0.0,1.0,0.0,0.0,1.0,1.0,1.0,10.0,55.0,10.0,41.70961021275886,Medium
163646,Babhan Patti,1139,135,189,325,0,300.33,3.792494922252189,0.1659350307287093,0.2853380158033363,0.0,0.0,0.0,0.0,0.0,0.0,0.0,1.0,0.0,0.0,0.0,0.0,1.0,0.0,0.0,0.0,0.0,1.0,1.0,0.0,0.0,0.0,1.0,0.0,10.0,55.0,10.0,53.2273540031109,Medium
163647,Bauraha,753,106,143,411,0,316.8,2.3768939393939394,0.1899070385126162,0.545816733067729,0.0,0.0,0.0,0.0,0.0,0.0,0.0,1.0,1.0,1.0,,0.0,0.0,0.0,0.0,0.0,0.0,0.0,1.0,0.0,0.0,0.0,0.0,1.0,8.0,58.0,8.0,46.85736537123257,Medium
163648,Khamberiya,348,49,64,62,0,84.2,4.133016627078384,0.1839080459770115,0.1781609195402299,0.0,0.0,0.0,0.0,0.0,0.0,0.0,1.0,1.0,0.0,1.0,0.0,0.0,0.0,0.0,0.0,1.0,0.0,1.0,0.0,0.0,0.0,0.0,0.0,9.0,77.0,9.0,39.91132780362972,Medium
163649,Belhat,2360,346,484,1412,14,1199.88,1.9668633530019664,0.2050847457627118,0.5983050847457627,0.0059322033898305,0.0,0.0,0.0,0.0,0.0,0.0,1.0,0.0,0.0,0.0,0.0,0.0,0.0,0.0,0.0,0.0,0.0,0.0,0.0,0.0,0.0,1.0,1.0,12.0,60.0,12.0,51.03325782598217,Medium
163650,Bara,1592,275,316,876,0,335.35,4.747278962278217,0.1984924623115578,0.550251256281407,0.0,0.0,1.0,0.0,0.0,0.0,0.0,1.0,0.0,0.0,0.0,0.0,0.0,0.0,0.0,0.0,0.0,1.0,1.0,0.0,0.0,1.0,1.0,1.0,13.0,60.0,13.0,42.23457027361618,Medium
163651,Belvaniya,2975,439,517,767,0,1182.11,2.516686264391639,0.173781512605042,0.2578151260504202,0.0,0.0,0.0,0.0,0.0,0.0,0.0,1.0,0.0,0.0,0.0,,,1.0,0.0,0.0,0.0,0.0,1.0,0.0,0.0,1.0,1.0,1.0,10.0,60.0,10.0,48.27267311374499,Medium
163652,Bhavriya,351,52,73,33,0,53.64,6.543624161073826,0.2079772079772079,0.094017094017094,0.0,0.0,0.0,0.0,0.0,0.0,0.0,1.0,1.0,,,0.0,0.0,0.0,0.0,0.0,0.0,1.0,1.0,0.0,0.0,0.0,0.0,0.0,12.0,75.0,12.0,40.31180704682791,Medium
163653,Umari,828,102,159,230,0,175.57,4.716067665318676,0.1920289855072463,0.2777777777777778,0.0,0.0,0.0,0.0,0.0,0.0,0.0,1.0,0.0,0.0,0.0,0.0,0.0,0.0,0.0,0.0,1.0,1.0,1.0,1.0,0.0,0.0,0.0,0.0,8.0,76.0,8.0,36.51034851045868,Medium
163654,Semari Baghrai,4268,639,776,1025,178,565.13,7.552244616282979,0.1818181818181818,0.2401593252108716,0.0417057169634489,0.0,0.0,0.0,0.0,0.0,0.0,1.0,1.0,0.0,1.0,0.0,0.0,0.0,1.0,1.0,1.0,1.0,1.0,1.0,0.0,1.0,1.0,1.0,4.0,69.0,4.0,33.79505199503329,Medium
163655,Bhalua,1331,203,211,356,0,204.35,6.513334964521654,0.1585274229902329,0.2674680691209616,0.0,0.0,0.0,0.0,0.0,0.0,0.0,1.0,0.0,0.0,0.0,0.0,0.0,0.0,1.0,1.0,1.0,1.0,1.0,1.0,0.0,0.0,0.0,1.0,7.0,75.0,7.0,35.52765622274007,Medium
163656,Dhav,2220,399,461,828,66,506.13,4.386224882935214,0.2076576576576576,0.372972972972973,0.0297297297297297,0.0,0.0,0.0,0.0,0.0,0.0,1.0,0.0,0.0,0.0,0.0,1.0,0.0,0.0,0.0,1.0,1.0,1.0,0.0,1.0,1.0,1.0,1.0,7.0,82.0,7.0,48.15149474599132,Medium
163657,Saji,2774,523,531,998,0,421.26,6.585006884109577,0.1914203316510454,0.3597692862292718,0.0,0.0,0.0,0.0,0.0,0.0,0.0,1.0,1.0,0.0,0.0,0.0,0.0,0.0,0.0,0.0,0.0,0.0,1.0,0.0,0.0,1.0,1.0,1.0,7.0,80.0,7.0,46.14556336415631,Medium
163658,Ghoghi Dia,265,36,38,74,0,79.51,3.3329140988554897,0.1433962264150943,0.2792452830188679,0.0,0.0,0.0,0.0,0.0,0.0,0.0,1.0,1.0,0.0,0.0,0.0,0.0,0.0,0.0,0.0,0.0,0.0,1.0,0.0,0.0,1.0,0.0,0.0,10.0,77.0,10.0,44.16849504091252,Medium
163659,Ghoghi Manda,317,46,42,146,0,410.5,0.7722289890377588,0.1324921135646687,0.4605678233438486,0.0,0.0,0.0,0.0,0.0,0.0,0.0,1.0,1.0,1.0,0.0,0.0,0.0,0.0,0.0,0.0,0.0,0.0,1.0,0.0,1.0,0.0,0.0,0.0,11.0,77.0,11.0,42.1426896980728,Medium
163660,Dedi Patti,232,32,52,75,0,119.75,1.9373695198329852,0.2241379310344827,0.3232758620689655,0.0,0.0,0.0,0.0,0.0,0.0,0.0,1.0,1.0,1.0,0.0,0.0,1.0,0.0,0.0,0.0,0.0,1.0,1.0,0.0,0.0,0.0,0.0,0.0,12.0,77.0,12.0,51.75351467010353,Medium
163661,Retaura,2191,340,420,826,0,441.83,4.958920851911369,0.1916932907348242,0.3769968051118211,0.0,0.0,0.0,0.0,0.0,0.0,0.0,0.0,0.0,0.0,0.0,0.0,1.0,0.0,0.0,0.0,1.0,1.0,1.0,0.0,0.0,1.0,1.0,1.0,10.0,7.0,10.0,52.83969219272434,Medium
163662,Girgotha,1113,140,183,211,0,146.69,7.58742927261572,0.1644204851752021,0.1895777178796046,0.0,0.0,0.0,0.0,0.0,0.0,0.0,1.0,1.0,1.0,0.0,0.0,1.0,0.0,0.0,0.0,0.0,0.0,1.0,0.0,0.0,0.0,1.0,0.0,10.0,75.0,10.0,54.5258294577249,Medium
163663,Samohara,289,58,63,266,0,197.2,1.4655172413793105,0.2179930795847751,0.9204152249134948,0.0,0.0,0.0,0.0,0.0,0.0,0.0,1.0,1.0,0.0,0.0,0.0,1.0,0.0,0.0,0.0,1.0,1.0,1.0,0.0,0.0,1.0,1.0,1.0,13.0,78.0,13.0,49.53546350648448,Medium
163664,Kathar,106,15,24,12,0,139.46,0.7600745733543668,0.2264150943396226,0.1132075471698113,0.0,0.0,0.0,0.0,0.0,0.0,0.0,1.0,1.0,1.0,0.0,0.0,1.0,0.0,1.0,0.0,0.0,0.0,1.0,0.0,0.0,0.0,1.0,0.0,11.0,76.0,11.0,55.72307795426149,Medium
163665,Latifpur,509,96,98,460,0,475.65,1.070114580048355,0.1925343811394892,0.9037328094302554,0.0,0.0,0.0,0.0,0.0,0.0,0.0,1.0,1.0,0.0,0.0,0.0,0.0,0.0,0.0,1.0,1.0,1.0,1.0,1.0,0.0,0.0,1.0,1.0,12.0,78.0,12.0,36.17203162833568,Medium
163666,Rampur Tulapur,625,89,115,148,0,0.0,,0.184,0.2368,0.0,0.0,0.0,0.0,0.0,0.0,0.0,1.0,0.0,0.0,0.0,0.0,0.0,0.0,0.0,0.0,1.0,1.0,1.0,0.0,0.0,0.0,1.0,1.0,67.0,67.0,12.0,38.37066666666667,Medium
163667,Khurhara,1730,252,335,662,0,491.63,3.5189064947216404,0.1936416184971098,0.3826589595375722,0.0,0.0,0.0,0.0,0.0,0.0,0.0,1.0,0.0,0.0,0.0,0.0,0.0,0.0,0.0,0.0,0.0,0.0,1.0,0.0,0.0,1.0,1.0,1.0,17.0,74.0,0.0,49.53390647484707,Medium
163668,Kudar,1899,318,293,456,0,173.79,10.926980838943551,0.1542917324907846,0.2401263823064771,0.0,0.0,0.0,0.0,0.0,0.0,0.0,1.0,0.0,0.0,0.0,0.0,0.0,0.0,0.0,1.0,1.0,1.0,1.0,0.0,0.0,1.0,1.0,0.0,19.0,75.0,19.0,37.94536496350702,Medium
163669,Dihiya,1393,210,297,600,0,230.63,6.039977453063348,0.2132089016511127,0.4307250538406317,0.0,0.0,0.0,0.0,0.0,0.0,0.0,1.0,1.0,0.0,0.0,0.0,0.0,0.0,0.0,0.0,0.0,0.0,1.0,0.0,0.0,1.0,0.0,1.0,8.0,70.0,8.0,47.13158784371884,Medium
163670,Bhagesar,6359,1046,1245,1990,0,1308.38,4.860208807838701,0.1957855008649158,0.3129422865230382,0.0,0.0,0.0,0.0,0.0,0.0,0.0,1.0,0.0,0.0,0.0,0.0,0.0,0.0,0.0,0.0,1.0,1.0,1.0,0.0,0.0,1.0,1.0,1.0,13.0,78.0,13.0,39.30479355857396,Medium
163671,Sipauva,2128,351,406,793,0,684.77,3.1076127750923668,0.1907894736842105,0.3726503759398496,0.0,0.0,0.0,0.0,0.0,0.0,0.0,1.0,1.0,0.0,1.0,0.0,1.0,0.0,0.0,0.0,1.0,1.0,1.0,1.0,0.0,1.0,1.0,1.0,10.0,80.0,10.0,43.54805359587015,Medium
163672,Kukurhata,3322,492,664,1394,0,565.73,5.872059109469181,0.1998795906080674,0.419626730885009,0.0,0.0,0.0,0.0,0.0,0.0,0.0,1.0,1.0,0.0,0.0,0.0,0.0,0.0,0.0,0.0,0.0,0.0,1.0,0.0,0.0,0.0,0.0,0.0,9.0,68.0,8.0,46.669312142100665,Medium
163673,Khajuri Kalan,1298,196,252,249,0,213.56,6.077917212961228,0.1941448382126348,0.1918335901386748,0.0,0.0,0.0,0.0,0.0,0.0,0.0,1.0,1.0,0.0,0.0,0.0,1.0,0.0,0.0,0.0,1.0,1.0,1.0,0.0,0.0,0.0,0.0,1.0,8.0,80.0,8.0,45.36676869442124,Medium
163674,Chak Dadar,43,7,5,0,0,22.77,1.888449714536671,0.1162790697674418,0.0,0.0,0.0,0.0,0.0,0.0,0.0,0.0,1.0,1.0,0.0,0.0,0.0,0.0,0.0,0.0,1.0,1.0,1.0,1.0,0.0,0.0,1.0,1.0,1.0,10.0,75.0,0.0,31.899357952970465,Low
163675,Patka Bodaha,39,5,6,0,0,133.34,0.2924853757312134,0.1538461538461538,0.0,0.0,0.0,0.0,0.0,0.0,0.0,0.0,1.0,1.0,0.0,0.0,0.0,1.0,0.0,0.0,0.0,1.0,1.0,1.0,0.0,0.0,1.0,0.0,1.0,8.0,73.0,0.0,42.96074486595504,Medium
163676,Khajuri Khurd,2679,445,528,760,0,484.3,5.531695230229197,0.1970884658454647,0.2836879432624113,0.0,0.0,0.0,,0.0,0.0,0.0,1.0,0.0,0.0,0.0,0.0,1.0,0.0,0.0,0.0,1.0,1.0,1.0,1.0,0.0,1.0,1.0,1.0,8.0,73.0,0.0,46.72522212646849,Medium
163677,Koilariha,1025,189,217,262,0,115.22,8.896024995660476,0.2117073170731707,0.255609756097561,0.0,0.0,0.0,0.0,0.0,0.0,0.0,1.0,1.0,0.0,0.0,0.0,0.0,0.0,0.0,1.0,1.0,1.0,1.0,0.0,0.0,0.0,1.0,0.0,10.0,75.0,0.0,36.328403697639175,Medium
163678,Pachauha,1206,205,178,224,0,303.57,3.972724577527424,0.1475953565505804,0.1857379767827529,0.0,0.0,0.0,0.0,0.0,0.0,0.0,0.0,0.0,0.0,0.0,0.0,1.0,0.0,0.0,1.0,1.0,1.0,1.0,1.0,0.0,0.0,0.0,1.0,9.0,74.0,0.0,48.01990790925564,Medium
163679,Kotiya Kundali,650,139,115,0,0,194.36,3.3443095287096107,0.1769230769230769,0.0,0.0,0.0,0.0,0.0,0.0,0.0,0.0,1.0,1.0,0.0,0.0,0.0,1.0,0.0,0.0,1.0,1.0,1.0,1.0,0.0,0.0,1.0,1.0,1.0,10.0,75.0,0.0,43.77854271796135,Medium
163680,Gobari,1430,261,252,86,0,264.68,5.402750491159136,0.1762237762237762,0.0601398601398601,0.0,0.0,0.0,0.0,0.0,0.0,0.0,1.0,0.0,0.0,0.0,0.0,0.0,0.0,0.0,1.0,1.0,1.0,1.0,0.0,0.0,1.0,1.0,1.0,8.0,74.0,0.0,37.47623885042614,Medium
163681,Jadipur,820,130,172,351,0,368.28,2.226566742695775,0.2097560975609756,0.4280487804878048,0.0,0.0,0.0,0.0,0.0,0.0,0.0,1.0,1.0,0.0,0.0,0.0,0.0,0.0,0.0,0.0,1.0,1.0,1.0,1.0,0.0,1.0,1.0,1.0,8.0,70.0,8.0,34.35781596729891,Medium
163682,Kapasi Khurd,644,107,110,293,0,84.83,7.591653896027349,0.170807453416149,0.4549689440993789,0.0,0.0,0.0,0.0,0.0,0.0,0.0,1.0,1.0,0.0,0.0,0.0,0.0,0.0,1.0,1.0,1.0,1.0,1.0,1.0,0.0,0.0,1.0,1.0,41.0,71.0,41.0,33.54456835139095,Medium
163683,Kapasi Kalan,1242,225,233,256,0,192.67,6.446255255099393,0.1876006441223832,0.2061191626409017,0.0,0.0,0.0,0.0,0.0,0.0,0.0,1.0,1.0,0.0,0.0,0.0,0.0,0.0,1.0,1.0,1.0,1.0,1.0,0.0,1.0,1.0,1.0,1.0,4.0,72.0,4.0,32.75701669199106,Low
163684,Lonmati,540,108,121,134,0,141.95,3.804156393096161,0.224074074074074,0.2481481481481481,0.0,0.0,0.0,0.0,0.0,0.0,0.0,1.0,1.0,0.0,0.0,0.0,0.0,0.0,0.0,1.0,1.0,1.0,0.0,1.0,0.0,0.0,1.0,1.0,5.0,75.0,5.0,33.952722148297724,Medium
163685,Nathupur,1060,192,243,725,1,161.17,6.576906372153627,0.2292452830188679,0.6839622641509434,0.000943396226415,0.0,0.0,0.0,0.0,0.0,0.0,1.0,1.0,1.0,0.0,0.0,1.0,0.0,0.0,0.0,1.0,1.0,1.0,0.0,0.0,1.0,1.0,1.0,86.0,70.0,86.0,48.92346969553117,Medium
163686,Dulahipur,57,10,13,0,0,12.55,4.541832669322709,0.2280701754385964,0.0,0.0,0.0,0.0,0.0,0.0,0.0,0.0,1.0,1.0,0.0,0.0,0.0,0.0,0.0,0.0,0.0,0.0,0.0,0.0,0.0,0.0,0.0,1.0,0.0,8.0,70.0,8.0,45.36219749163972,Medium
163687,Mandav,1963,338,371,814,0,681.11,2.8820601664929306,0.1889964340295466,0.4146714212939378,0.0,0.0,,0.0,0.0,0.0,0.0,1.0,1.0,0.0,0.0,0.0,0.0,0.0,1.0,1.0,1.0,1.0,0.0,0.0,0.0,1.0,1.0,1.0,10.0,8.0,10.0,36.19509297251738,Medium
163688,Tudihar,2259,409,373,410,60,594.0,3.803030303030303,0.1651173085436033,0.1814962372731297,0.0265604249667994,0.0,0.0,0.0,0.0,0.0,0.0,1.0,1.0,0.0,0.0,0.0,0.0,1.0,0.0,1.0,1.0,1.0,1.0,0.0,0.0,1.0,0.0,1.0,25.0,80.0,25.0,34.984911225766915,Medium
163689,Khivali Khurd,399,82,78,250,0,126.29,3.159395043154644,0.1954887218045112,0.6265664160401002,0.0,0.0,0.0,0.0,0.0,0.0,0.0,1.0,1.0,0.0,0.0,0.0,0.0,0.0,0.0,0.0,1.0,1.0,1.0,0.0,0.0,0.0,1.0,1.0,18.0,75.0,18.0,37.4607405124296,Medium
163690,Bhogan,1307,211,276,236,0,308.97,4.23018416027446,0.2111706197398623,0.180566182096404,0.0,0.0,0.0,0.0,0.0,0.0,0.0,1.0,0.0,0.0,0.0,0.0,0.0,0.0,1.0,1.0,1.0,0.0,1.0,0.0,0.0,1.0,1.0,1.0,18.0,75.0,18.0,44.078560164548,Medium
163691,Malipur,474,91,66,164,0,137.54,3.4462701759488152,0.1392405063291139,0.3459915611814346,0.0,0.0,0.0,0.0,0.0,0.0,0.0,1.0,1.0,0.0,0.0,0.0,1.0,0.0,1.0,0.0,1.0,0.0,1.0,0.0,0.0,0.0,0.0,0.0,18.0,76.0,0.0,49.38221599948348,Medium
163692,Lauvakon,962,166,171,399,0,189.02,5.089408528198074,0.1777546777546777,0.4147609147609147,0.0,0.0,0.0,0.0,0.0,0.0,0.0,1.0,0.0,0.0,0.0,0.0,0.0,0.0,0.0,0.0,0.0,0.0,1.0,0.0,1.0,0.0,0.0,0.0,26.0,100.0,26.0,46.78238663515989,Medium
163693,Barauha,1485,208,250,321,0,304.36,4.879090550663688,0.1683501683501683,0.2161616161616161,0.0,0.0,0.0,0.0,0.0,0.0,0.0,1.0,1.0,1.0,0.0,0.0,1.0,0.0,1.0,1.0,1.0,0.0,1.0,0.0,0.0,1.0,1.0,1.0,20.0,82.0,20.0,49.66527331000034,Medium
163694,Bans,680,132,133,224,0,213.49,3.185160897465923,0.1955882352941176,0.3294117647058823,0.0,0.0,0.0,0.0,0.0,0.0,0.0,1.0,0.0,0.0,0.0,0.0,0.0,0.0,1.0,1.0,1.0,1.0,1.0,0.0,0.0,1.0,1.0,0.0,20.0,82.0,20.0,39.31234547853742,Medium
163695,Lakhanpur,1090,150,162,409,0,125.26,8.701900047900367,0.1486238532110091,0.3752293577981651,0.0,0.0,0.0,0.0,0.0,0.0,0.0,1.0,1.0,0.0,0.0,0.0,0.0,0.0,1.0,1.0,1.0,1.0,1.0,0.0,0.0,1.0,1.0,1.0,18.0,80.0,18.0,35.026015426459914,Medium
163696,Pura Ramnath,150,25,5,32,0,30.84,4.863813229571984,0.0333333333333333,0.2133333333333333,0.0,0.0,0.0,0.0,0.0,0.0,0.0,1.0,1.0,0.0,0.0,0.0,0.0,0.0,0.0,0.0,0.0,1.0,1.0,0.0,0.0,1.0,1.0,1.0,20.0,83.0,20.0,35.59999864616301,Medium
163697,Hardiya,1125,138,142,52,0,203.1,5.539143279172821,0.1262222222222222,0.0462222222222222,0.0,1.0,0.0,1.0,0.0,0.0,0.0,1.0,1.0,1.0,0.0,0.0,1.0,0.0,0.0,0.0,0.0,0.0,1.0,0.0,0.0,1.0,1.0,0.0,20.0,100.0,0.0,45.91221247426967,Medium
163698,Khedupur,254,44,41,130,0,72.94,3.4823142308746915,0.1614173228346456,0.5118110236220472,0.0,0.0,0.0,0.0,0.0,0.0,0.0,1.0,0.0,0.0,0.0,0.0,0.0,0.0,0.0,0.0,0.0,0.0,0.0,0.0,0.0,0.0,0.0,0.0,0.0,0.0,0.0,49.21143326169155,Medium
163699,Bhagvanpur,258,41,39,59,0,39.329,6.560044750692873,0.1511627906976744,0.2286821705426356,0.0,0.0,0.0,0.0,0.0,0.0,0.0,1.0,0.0,0.0,0.0,0.0,0.0,0.0,0.0,0.0,0.0,0.0,1.0,0.0,0.0,0.0,0.0,1.0,20.0,100.0,0.0,47.61470845447742,Medium
163700,Khurindaha,0,0,0,0,0,8.469,0.0,,,,,,,,,,,,,,,,,,,,,,,,,,,20.0,82.0,20.0,45.0,Medium
163701,Gara,3336,563,583,1079,0,586.82,5.684877816025357,0.1747601918465227,0.323441247002398,0.0,0.0,0.0,0.0,0.0,0.0,0.0,1.0,0.0,0.0,0.0,0.0,0.0,0.0,1.0,1.0,1.0,1.0,1.0,1.0,0.0,1.0,1.0,1.0,16.0,80.0,16.0,36.26043925048991,Medium
163702,Barokhar,11815,2002,1949,2310,47,2999.44,3.9390686261435466,0.1649597968683876,0.1955141768937791,0.0039779940753279,0.0,1.0,0.0,0.0,0.0,0.0,1.0,0.0,0.0,0.0,0.0,0.0,0.0,1.0,1.0,1.0,1.0,1.0,1.0,0.0,1.0,1.0,1.0,22.0,75.0,0.0,32.016656285818044,Low
163703,Dadar,423,56,78,103,0,114.2,3.7040280210157617,0.1843971631205673,0.243498817966903,0.0,0.0,0.0,0.0,0.0,0.0,0.0,1.0,0.0,0.0,0.0,0.0,0.0,0.0,0.0,0.0,0.0,1.0,1.0,0.0,0.0,1.0,1.0,1.0,67.0,67.0,23.0,43.56838425133029,Medium
163704,Pokkhraod,358,54,62,94,0,42.39,8.445388063222458,0.1731843575418994,0.2625698324022346,0.0,0.0,0.0,0.0,0.0,0.0,0.0,1.0,0.0,0.0,0.0,0.0,0.0,1.0,1.0,1.0,0.0,0.0,1.0,0.0,0.0,1.0,1.0,1.0,23.0,67.0,23.0,48.522318561330174,Medium
163705,Chirav,1861,298,278,594,0,311.87,5.967229935550069,0.1493820526598603,0.3191832348199892,0.0,0.0,,0.0,0.0,0.0,0.0,1.0,1.0,0.0,0.0,0.0,0.0,0.0,0.0,1.0,1.0,0.0,1.0,0.0,0.0,1.0,1.0,1.0,67.0,67.0,0.0,39.65608192120711,Medium
163706,Amiliya,635,116,118,258,0,274.13,2.316419217159742,0.1858267716535433,0.4062992125984252,0.0,0.0,0.0,0.0,0.0,0.0,0.0,1.0,1.0,1.0,1.0,0.0,1.0,0.0,0.0,0.0,0.0,0.0,1.0,0.0,0.0,0.0,1.0,1.0,28.0,88.0,0.0,56.03488305936867,Medium
163707,Chandapur,1549,264,296,661,0,177.03,8.749929390498785,0.1910910264686894,0.4267269205939316,0.0,0.0,0.0,0.0,0.0,0.0,0.0,1.0,1.0,0.0,1.0,0.0,1.0,0.0,0.0,0.0,0.0,1.0,1.0,1.0,0.0,1.0,1.0,1.0,27.0,85.0,0.0,49.05949339136789,Medium
163708,Bharathipur,490,88,81,69,0,58.28,8.407687028140014,0.1653061224489796,0.1408163265306122,0.0,0.0,0.0,0.0,0.0,0.0,0.0,0.0,1.0,0.0,,0.0,1.0,0.0,0.0,0.0,1.0,0.0,1.0,0.0,1.0,1.0,1.0,1.0,25.0,80.0,0.0,50.17565372311592,Medium
163709,Chhanana,288,50,35,7,0,33.98,8.475573866980577,0.1215277777777777,0.0243055555555555,0.0,0.0,0.0,0.0,0.0,0.0,0.0,1.0,0.0,0.0,1.0,,,0.0,0.0,0.0,0.0,1.0,0.0,1.0,0.0,1.0,1.0,1.0,24.0,80.0,0.0,38.28254101602148,Medium
163710,Bhavanipur,1856,355,352,222,0,240.0,7.733333333333333,0.1896551724137931,0.1196120689655172,0.0,0.0,0.0,0.0,0.0,0.0,0.0,1.0,0.0,0.0,0.0,0.0,1.0,1.0,0.0,0.0,0.0,0.0,0.0,0.0,0.0,1.0,0.0,1.0,24.0,78.0,24.0,58.27237469801,Medium
163711,Manpur,1162,179,215,160,0,226.0,5.141592920353983,0.185025817555938,0.1376936316695352,0.0,0.0,0.0,0.0,0.0,0.0,0.0,1.0,1.0,1.0,1.0,0.0,1.0,0.0,0.0,0.0,0.0,0.0,0.0,0.0,0.0,1.0,1.0,1.0,24.0,78.0,24.0,54.78399688808745,Medium
163712,Jaipur,193,28,16,0,0,25.61,7.536118703631394,0.082901554404145,0.0,0.0,0.0,0.0,0.0,0.0,0.0,0.0,1.0,1.0,1.0,0.0,0.0,1.0,0.0,0.0,0.0,1.0,0.0,1.0,0.0,0.0,1.0,1.0,1.0,56.0,85.0,0.0,46.13026306888077,Medium
163713,Handiya,1573,286,287,526,0,390.0,4.033333333333333,0.182453909726637,0.3343928798474253,0.0,0.0,0.0,0.0,0.0,0.0,0.0,1.0,0.0,0.0,0.0,0.0,1.0,0.0,0.0,1.0,1.0,1.0,1.0,0.0,0.0,1.0,0.0,1.0,25.0,82.0,25.0,48.97809790169573,Medium
163714,Pura Kurmi,55,13,9,2,0,27.0,2.037037037037037,0.1636363636363636,0.0363636363636363,0.0,0.0,0.0,0.0,0.0,0.0,0.0,1.0,1.0,1.0,0.0,1.0,,1.0,0.0,0.0,1.0,1.0,1.0,0.0,0.0,0.0,0.0,1.0,24.0,8.0,24.0,33.508004820198394,Medium
163715,Amiliyapal,2647,444,534,1167,0,396.36,6.678272277727318,0.2017378163959199,0.4408764639214205,0.0,0.0,0.0,0.0,0.0,0.0,0.0,1.0,0.0,0.0,0.0,0.0,0.0,0.0,1.0,1.0,1.0,1.0,1.0,0.0,0.0,1.0,1.0,1.0,17.0,80.0,17.0,40.19779217532187,Medium
163716,Jamuva,543,87,58,5,0,141.28,3.843431483578709,0.1068139963167587,0.009208103130755,0.0,0.0,0.0,0.0,0.0,0.0,0.0,1.0,1.0,0.0,1.0,0.0,0.0,0.0,1.0,1.0,1.0,1.0,1.0,0.0,0.0,1.0,1.0,1.0,13.0,76.0,13.0,31.74183457127976,Low
163717,Dhus,1367,229,270,647,0,24.19,56.51095494005787,0.1975128017556693,0.473299195318215,0.0,0.0,0.0,0.0,0.0,0.0,0.0,1.0,0.0,0.0,0.0,0.0,1.0,0.0,0.0,0.0,0.0,0.0,1.0,0.0,0.0,0.0,1.0,1.0,13.0,75.0,13.0,62.2822614333017,Medium
163718,Balapur,908,132,170,180,0,41.13,22.076343301726236,0.1872246696035242,0.198237885462555,0.0,0.0,0.0,0.0,0.0,0.0,0.0,1.0,1.0,0.0,0.0,0.0,,0.0,0.0,0.0,0.0,0.0,1.0,0.0,0.0,0.0,0.0,0.0,12.0,62.0,12.0,45.84903594039327,Medium
163719,Paitiha,4989,804,928,1567,42,973.76,5.123439040420638,0.1860092202846262,0.3140910002004409,0.0084185207456404,0.0,0.0,0.0,0.0,0.0,0.0,1.0,1.0,1.0,1.0,0.0,0.0,0.0,0.0,0.0,0.0,0.0,1.0,0.0,0.0,1.0,1.0,1.0,18.0,87.0,18.0,45.89575298873327,Medium
163720,Chhaper,908,169,168,484,0,114.32,7.94261721483555,0.185022026431718,0.5330396475770925,0.0,0.0,0.0,0.0,0.0,0.0,0.0,1.0,0.0,0.0,0.0,0.0,0.0,0.0,0.0,0.0,1.0,1.0,1.0,0.0,0.0,1.0,1.0,1.0,24.0,93.0,24.0,40.20912390655906,Medium
163721,Hardaun,1294,246,175,632,0,449.17,2.8808691586704365,0.1352395672333848,0.4884080370942813,0.0,0.0,0.0,0.0,0.0,0.0,0.0,1.0,0.0,0.0,0.0,1.0,0.0,0.0,0.0,0.0,1.0,1.0,1.0,1.0,0.0,1.0,1.0,1.0,25.0,94.0,25.0,35.78435440705743,Medium
163722,Gariya Muralipur,2016,300,347,715,4,620.32,3.249935517152437,0.1721230158730158,0.3546626984126984,0.0019841269841269,0.0,0.0,0.0,0.0,0.0,0.0,1.0,0.0,0.0,0.0,0.0,1.0,0.0,0.0,1.0,1.0,1.0,0.0,1.0,0.0,1.0,1.0,1.0,20.0,80.0,20.0,46.28468317206448,Medium
163723,Sundarpur,307,65,65,154,0,19.92,15.41164658634538,0.2117263843648208,0.501628664495114,0.0,0.0,0.0,0.0,0.0,0.0,0.0,1.0,0.0,0.0,0.0,0.0,1.0,0.0,0.0,1.0,1.0,1.0,1.0,0.0,0.0,0.0,0.0,0.0,12.0,62.0,12.0,51.16032413790275,Medium
163724,Banshipur,1141,172,218,528,0,291.93,3.908471208851437,0.1910604732690622,0.4627519719544259,0.0,0.0,0.0,0.0,0.0,0.0,0.0,1.0,0.0,0.0,0.0,0.0,1.0,0.0,0.0,0.0,1.0,1.0,1.0,0.0,0.0,0.0,1.0,0.0,16.0,76.0,16.0,49.87295597270002,Medium
163725,Allava,1353,226,201,430,0,191.72,7.057166701439599,0.1485587583148558,0.3178122690317812,0.0,0.0,0.0,0.0,0.0,0.0,0.0,1.0,0.0,0.0,0.0,0.0,0.0,0.0,0.0,1.0,1.0,1.0,1.0,0.0,0.0,1.0,1.0,1.0,11.0,73.0,11.0,38.00267949167996,Medium
163726,Bansghat,136,15,13,0,0,187.86,0.7239433620781432,0.0955882352941176,0.0,0.0,0.0,0.0,0.0,0.0,0.0,0.0,1.0,0.0,0.0,0.0,,1.0,0.0,0.0,0.0,0.0,0.0,1.0,0.0,0.0,0.0,0.0,1.0,16.0,79.0,16.0,54.56408207503003,Medium
163727,Devghat,4537,802,839,1643,1,2789.32,1.6265613124345717,0.184923958562927,0.3621335684372934,0.0002204099625303,0.0,0.0,0.0,0.0,0.0,0.0,1.0,1.0,1.0,0.0,0.0,1.0,0.0,0.0,1.0,1.0,0.0,1.0,0.0,0.0,1.0,1.0,1.0,10.0,73.0,10.0,50.76386653094911,Medium
163728,Mahuli,7103,1232,1368,986,11,887.98,7.999054032748485,0.1925946783049415,0.1388145853864564,0.0015486414191186,0.0,0.0,0.0,0.0,0.0,0.0,1.0,0.0,0.0,0.0,0.0,0.0,0.0,0.0,0.0,1.0,0.0,1.0,0.0,0.0,1.0,1.0,1.0,15.0,78.0,15.0,43.50447658254336,Medium
163729,Pipari,2822,463,397,733,1,241.9,11.66597767672592,0.1406803685329553,0.2597448618001417,0.0003543586109142,0.0,0.0,0.0,0.0,0.0,0.0,1.0,1.0,0.0,1.0,0.0,1.0,0.0,1.0,0.0,1.0,1.0,1.0,0.0,0.0,0.0,0.0,1.0,12.0,62.0,12.0,44.34063166898941,Medium
163730,Baduva Khurd,700,101,113,143,0,36.2,19.337016574585636,0.1614285714285714,0.2042857142857143,0.0,0.0,0.0,0.0,0.0,0.0,0.0,1.0,1.0,0.0,0.0,0.0,1.0,0.0,0.0,0.0,0.0,0.0,1.0,0.0,0.0,0.0,0.0,0.0,12.0,62.0,12.0,54.99275178672901,Medium
163731,Baduva Kalanpar,1460,240,317,739,0,414.15,3.5252927683206567,0.2171232876712328,0.5061643835616438,0.0,0.0,0.0,0.0,0.0,0.0,0.0,1.0,1.0,1.0,0.0,0.0,1.0,0.0,0.0,1.0,1.0,1.0,1.0,0.0,0.0,0.0,1.0,1.0,20.0,80.0,20.0,47.52281293865057,Medium
163732,Nautiyapal,2502,408,426,1032,6,309.22,8.091326563611668,0.1702637889688249,0.4124700239808153,0.0023980815347721,0.0,0.0,0.0,0.0,0.0,0.0,1.0,1.0,1.0,0.0,0.0,1.0,0.0,0.0,0.0,0.0,0.0,1.0,0.0,0.0,1.0,1.0,1.0,20.0,30.0,20.0,55.89357053258376,Medium
163733,Sansarpur,3867,676,641,1071,0,1966.59,1.966347840678535,0.1657615722782518,0.2769588828549263,0.0,0.0,0.0,0.0,0.0,0.0,0.0,1.0,1.0,1.0,0.0,0.0,0.0,0.0,0.0,1.0,1.0,1.0,1.0,0.0,0.0,1.0,1.0,1.0,16.0,80.0,16.0,34.77183059183349,Medium
163734,Bhawani Patti,0,0,0,0,0,0.0,,,,,,,,,,,,,,,,,,,,,,,,,,,,0.0,0.0,0.0,45.0,Medium
163735,Tirsath,0,0,0,0,0,0.0,,,,,,,,,,,,,,,,,,,,,,,,,,,,0.0,0.0,0.0,45.0,Medium
163736,Birtiya,52,7,6,0,0,0.0,,0.1153846153846153,0.0,0.0,0.0,0.0,0.0,0.0,0.0,0.0,1.0,1.0,0.0,0.0,0.0,1.0,0.0,0.0,0.0,1.0,1.0,1.0,0.0,1.0,0.0,0.0,0.0,0.0,0.0,0.0,39.2948717948718,Medium
163737,Bakhar,792,106,114,294,0,0.0,,0.1439393939393939,0.3712121212121212,0.0,0.0,0.0,0.0,0.0,0.0,0.0,1.0,1.0,1.0,1.0,0.0,0.0,0.0,0.0,0.0,0.0,0.0,1.0,0.0,0.0,1.0,1.0,1.0,67.0,67.0,15.0,44.50757575757575,Medium
163738,Sugahiya,0,0,0,0,0,62.39,0.0,,,,,,,,,,,,,,,,,,,,,,,,,,,0.0,0.0,0.0,45.0,Medium
163739,Dalaipura,478,73,74,165,0,50.98,9.376225970969008,0.1548117154811715,0.3451882845188284,0.0,0.0,0.0,0.0,0.0,0.0,0.0,1.0,0.0,0.0,0.0,0.0,1.0,0.0,0.0,0.0,0.0,1.0,1.0,0.0,0.0,0.0,1.0,1.0,24.0,85.0,0.0,53.42250735576015,Medium
163740,Unch Dih,2080,309,364,747,0,1301.61,1.5980209125621347,0.175,0.3591346153846154,0.0,0.0,0.0,0.0,0.0,0.0,0.0,1.0,0.0,0.0,0.0,0.0,0.0,0.0,0.0,0.0,1.0,0.0,1.0,0.0,0.0,1.0,1.0,1.0,24.0,85.0,0.0,43.77804991870696,Medium
163741,Babhani Uparochha,222,37,51,61,0,58.77,3.7774374680959673,0.2297297297297297,0.2747747747747748,0.0,0.0,0.0,0.0,0.0,0.0,0.0,1.0,0.0,0.0,0.0,0.0,0.0,0.0,0.0,0.0,1.0,1.0,1.0,0.0,0.0,0.0,0.0,1.0,20.0,75.0,15.0,40.08775960967503,Medium
163742,Parsiddhi,479,67,83,181,0,176.75,2.71004243281471,0.1732776617954071,0.3778705636743215,0.0,0.0,0.0,0.0,0.0,0.0,0.0,1.0,1.0,1.0,1.0,0.0,1.0,0.0,0.0,0.0,1.0,1.0,1.0,0.0,0.0,0.0,1.0,1.0,21.0,70.0,15.0,45.5324521960672,Medium
163743,Daswar,2898,408,468,882,0,430.08,6.73828125,0.1614906832298136,0.3043478260869565,0.0,0.0,0.0,0.0,0.0,0.0,0.0,1.0,0.0,0.0,0.0,0.0,0.0,0.0,1.0,0.0,1.0,1.0,1.0,0.0,0.0,1.0,1.0,1.0,23.0,71.0,23.0,38.31020254340279,Medium
163744,Udaymala,0,0,0,0,0,101.64,0.0,,,,,,,,,,,,,,,,,,,,,,,,,,,24.0,70.0,24.0,45.0,Medium
163745,Goruha Dih,1643,242,299,890,0,351.39,4.675716440422323,0.1819841752891053,0.54169202678028,0.0,0.0,0.0,0.0,0.0,0.0,0.0,1.0,1.0,0.0,1.0,0.0,1.0,0.0,0.0,0.0,0.0,1.0,1.0,0.0,0.0,0.0,1.0,1.0,25.0,85.0,15.0,51.6935828844576,Medium
163746,Dhari,705,102,141,170,0,246.43,2.860852980562432,0.2,0.2411347517730496,0.0,0.0,0.0,0.0,0.0,0.0,0.0,1.0,0.0,0.0,0.0,0.0,0.0,0.0,0.0,0.0,1.0,1.0,1.0,0.0,0.0,1.0,0.0,0.0,35.0,67.0,17.0,38.9899779037774,Medium
163747,Sukulpur,827,91,151,35,0,73.2,11.297814207650273,0.1825876662636034,0.0423216444981862,0.0,0.0,0.0,0.0,0.0,0.0,0.0,1.0,1.0,0.0,0.0,0.0,1.0,0.0,0.0,0.0,1.0,1.0,1.0,0.0,0.0,0.0,1.0,0.0,22.0,80.0,15.0,44.48713451921696,Medium
163748,Mudaguda,59,7,9,0,0,134.68,0.438075438075438,0.1525423728813559,0.0,0.0,0.0,0.0,0.0,0.0,0.0,0.0,1.0,1.0,0.0,0.0,0.0,0.0,0.0,0.0,0.0,1.0,1.0,1.0,0.0,0.0,0.0,0.0,0.0,22.0,80.0,10.0,32.92761805984986,Low
163749,Sivrajpur,619,85,91,212,0,136.98,4.5189078697620095,0.1470113085621971,0.3424878836833602,0.0,0.0,0.0,0.0,0.0,0.0,0.0,1.0,1.0,0.0,0.0,0.0,0.0,0.0,0.0,0.0,0.0,0.0,1.0,0.0,1.0,1.0,0.0,1.0,22.0,70.0,15.0,42.14192824238769,Medium
163750,Banwari Khas,1626,238,315,908,0,277.9,5.851025548758547,0.1937269372693727,0.5584255842558425,0.0,0.0,0.0,0.0,0.0,0.0,0.0,1.0,1.0,0.0,0.0,0.0,0.0,0.0,0.0,0.0,0.0,1.0,1.0,1.0,0.0,1.0,1.0,1.0,33.0,70.0,70.0,39.677861914632246,Medium
163751,Banwari Khurd Kalan,528,100,90,141,0,232.84,2.2676516062532213,0.1704545454545454,0.2670454545454545,0.0,0.0,0.0,0.0,0.0,0.0,0.0,1.0,1.0,0.0,0.0,0.0,0.0,0.0,0.0,0.0,1.0,1.0,1.0,0.0,0.0,1.0,0.0,0.0,25.0,75.0,75.0,34.87544217254781,Medium
163752,Dewa,512,109,98,172,0,148.72,3.4427111350188278,0.19140625,0.3359375,0.0,0.0,0.0,0.0,0.0,0.0,0.0,1.0,1.0,0.0,0.0,0.0,0.0,0.0,0.0,0.0,1.0,0.0,1.0,1.0,0.0,0.0,0.0,0.0,21.0,71.0,13.0,38.3967716569305,Medium
163753,Bhosara Jagir,852,134,182,390,0,129.83,6.562427790187167,0.2136150234741784,0.4577464788732394,0.0,0.0,0.0,0.0,0.0,0.0,0.0,1.0,1.0,0.0,0.0,0.0,0.0,0.0,0.0,0.0,1.0,1.0,1.0,1.0,0.0,0.0,1.0,1.0,20.0,72.0,12.0,34.80036163601292,Medium
163754,Patakholi,7,1,1,0,0,9.45,0.7407407407407408,0.1428571428571428,0.0,0.0,0.0,0.0,0.0,0.0,0.0,0.0,1.0,0.0,0.0,0.0,0.0,0.0,0.0,0.0,0.0,0.0,0.0,1.0,0.0,0.0,0.0,1.0,0.0,23.0,72.0,22.0,45.982840005455856,Medium
163755,Sirouthi,821,106,126,262,0,266.35,3.082410362305237,0.1534713763702801,0.3191230207064555,0.0,0.0,0.0,0.0,0.0,0.0,0.0,1.0,0.0,0.0,0.0,0.0,0.0,0.0,0.0,0.0,1.0,1.0,1.0,0.0,0.0,0.0,0.0,1.0,20.0,70.0,15.0,37.99317091741985,Medium
163756,Semri,356,60,51,22,0,79.32,4.48814926878467,0.1432584269662921,0.0617977528089887,0.0,0.0,0.0,0.0,0.0,0.0,0.0,1.0,1.0,0.0,0.0,0.0,1.0,0.0,0.0,0.0,1.0,1.0,1.0,0.0,0.0,0.0,1.0,1.0,18.0,70.0,12.0,43.12462635502812,Medium
163757,Newada,185,27,32,0,0,103.12,1.7940263770364624,0.1729729729729729,0.0,0.0,0.0,0.0,0.0,0.0,0.0,0.0,1.0,1.0,0.0,0.0,0.0,1.0,0.0,0.0,0.0,1.0,1.0,1.0,0.0,0.0,0.0,0.0,1.0,17.0,75.0,2.0,43.59629238778101,Medium
163758,Usari Khurd,448,58,83,70,0,88.62,5.055292259083728,0.1852678571428571,0.15625,0.0,0.0,0.0,0.0,0.0,0.0,0.0,1.0,0.0,0.0,0.0,0.0,0.0,0.0,0.0,0.0,0.0,1.0,1.0,0.0,0.0,0.0,1.0,1.0,22.0,70.0,15.0,43.21382459151094,Medium
163759,Jamokhar,155,24,6,87,0,27.43,5.650747356908495,0.0387096774193548,0.5612903225806452,0.0,0.0,0.0,0.0,0.0,0.0,0.0,1.0,1.0,0.0,0.0,0.0,1.0,1.0,0.0,0.0,0.0,1.0,1.0,0.0,0.0,0.0,0.0,0.0,23.0,70.0,15.0,47.533432427254056,Medium
163760,Tangaha,433,69,44,90,0,141.02,3.070486455821869,0.1016166281755196,0.207852193995381,0.0,0.0,0.0,0.0,0.0,0.0,0.0,1.0,0.0,0.0,0.0,0.0,1.0,0.0,0.0,0.0,1.0,1.0,1.0,0.0,0.0,0.0,0.0,0.0,20.0,70.0,12.0,45.88068403030608,Medium
163761,Meha Jagir,1187,192,183,371,0,199.57,5.9477877436488455,0.1541701769165964,0.3125526537489469,0.0,0.0,0.0,0.0,0.0,0.0,0.0,1.0,1.0,1.0,0.0,0.0,1.0,0.0,0.0,0.0,0.0,1.0,1.0,0.0,0.0,0.0,0.0,1.0,25.0,75.0,20.0,49.76577328603471,Medium
163762,Bhagoti,116,22,19,65,0,114.29,1.01496193892729,0.1637931034482758,0.5603448275862069,0.0,0.0,0.0,0.0,0.0,0.0,0.0,1.0,1.0,0.0,0.0,0.0,0.0,0.0,0.0,0.0,0.0,0.0,1.0,0.0,0.0,0.0,0.0,0.0,25.0,75.0,21.0,46.09058552712781,Medium
163763,Hata Jagir,2111,332,362,520,0,399.22,5.287811231902209,0.1714827096162955,0.246328754144955,0.0,0.0,0.0,0.0,0.0,0.0,0.0,1.0,1.0,0.0,0.0,0.0,1.0,0.0,1.0,1.0,1.0,1.0,1.0,1.0,0.0,1.0,1.0,1.0,20.0,70.0,15.0,42.42689171854644,Medium
163764,Usari Kalan,445,73,52,188,0,205.89,2.161348292777697,0.1168539325842696,0.4224719101123595,0.0,0.0,0.0,0.0,0.0,0.0,0.0,1.0,1.0,0.0,0.0,0.0,0.0,0.0,0.0,0.0,0.0,0.0,1.0,0.0,0.0,0.0,1.0,0.0,19.0,70.0,16.0,44.04018490161335,Medium
163765,Dhoheya,1563,263,302,498,0,197.8,7.901921132457026,0.1932181701855406,0.3186180422264875,0.0,0.0,0.0,0.0,0.0,0.0,0.0,1.0,1.0,1.0,1.0,0.0,0.0,0.0,1.0,1.0,1.0,1.0,1.0,1.0,0.0,1.0,1.0,1.0,17.0,67.0,0.0,33.54789344750769,Medium
163766,Parohni,454,82,71,160,0,81.5,5.570552147239264,0.1563876651982378,0.3524229074889868,0.0,0.0,0.0,0.0,0.0,0.0,0.0,1.0,1.0,0.0,0.0,0.0,1.0,0.0,0.0,0.0,1.0,1.0,1.0,0.0,0.0,0.0,0.0,1.0,20.0,28.0,0.0,45.0161373804629,Medium
163767,Mangrol,229,47,55,186,0,28.8,7.951388888888888,0.2401746724890829,0.8122270742358079,0.0,0.0,0.0,0.0,0.0,0.0,0.0,1.0,1.0,0.0,0.0,0.0,1.0,0.0,0.0,1.0,1.0,1.0,1.0,0.0,0.0,1.0,1.0,1.0,17.0,67.0,0.0,49.92666777703573,Medium
163768,Badaua,825,148,147,236,0,366.65,2.2501022773762447,0.1781818181818182,0.286060606060606,0.0,0.0,0.0,0.0,0.0,0.0,0.0,1.0,1.0,1.0,0.0,0.0,1.0,0.0,0.0,0.0,1.0,1.0,1.0,0.0,0.0,0.0,0.0,1.0,25.0,80.0,15.0,45.20161448842316,Medium
163769,Belha Kalan,827,129,144,353,0,102.2,8.09197651663405,0.1741233373639661,0.4268440145102781,0.0,0.0,0.0,0.0,0.0,0.0,0.0,1.0,1.0,1.0,0.0,0.0,1.0,0.0,0.0,0.0,1.0,1.0,1.0,1.0,0.0,0.0,1.0,1.0,18.0,68.0,0.0,43.52399334877506,Medium
163770,Son Barsa,1176,177,205,412,0,331.06,3.552226182565094,0.1743197278911564,0.3503401360544217,0.0,0.0,0.0,0.0,0.0,0.0,0.0,1.0,1.0,1.0,1.0,0.0,1.0,0.0,0.0,0.0,1.0,0.0,1.0,0.0,0.0,1.0,1.0,1.0,25.0,95.0,17.0,50.460692402209006,Medium
163771,Tikhuri,682,138,126,132,0,224.36,3.039757532536994,0.1847507331378299,0.1935483870967742,0.0,0.0,0.0,0.0,0.0,0.0,0.0,1.0,1.0,1.0,0.0,0.0,1.0,0.0,0.0,0.0,1.0,0.0,1.0,1.0,0.0,0.0,1.0,1.0,26.0,96.0,17.0,47.4685912465769,Medium
163772,Pura Pande,662,89,130,289,0,218.2,3.0339138405132906,0.1963746223564954,0.4365558912386706,0.0,0.0,0.0,0.0,0.0,0.0,0.0,1.0,1.0,0.0,0.0,0.0,1.0,0.0,0.0,0.0,0.0,0.0,1.0,0.0,0.0,0.0,0.0,0.0,27.0,76.0,18.0,56.53210515285693,Medium
163773,Kosda Khurd,850,135,138,330,0,189.79,4.478634279993678,0.1623529411764706,0.388235294117647,0.0,0.0,0.0,0.0,0.0,0.0,0.0,1.0,1.0,0.0,0.0,0.0,1.0,0.0,0.0,0.0,1.0,1.0,1.0,0.0,0.0,1.0,0.0,1.0,26.0,75.0,17.0,45.32925823418617,Medium
163774,Pipari,1211,198,228,564,0,440.69,2.747963420998888,0.1882741535920726,0.4657308009909165,0.0,0.0,0.0,0.0,0.0,0.0,0.0,1.0,0.0,0.0,0.0,0.0,0.0,0.0,0.0,0.0,1.0,1.0,1.0,0.0,0.0,1.0,1.0,1.0,16.0,75.0,16.0,39.75654077036236,Medium
163775,Newari,286,58,51,280,0,200.68,1.4251544747857283,0.1783216783216783,0.9790209790209792,0.0,0.0,0.0,0.0,0.0,0.0,0.0,1.0,1.0,1.0,0.0,0.0,0.0,0.0,0.0,0.0,0.0,1.0,1.0,0.0,0.0,0.0,0.0,1.0,17.0,75.0,17.0,43.636690533401605,Medium
163776,Majhigawan,4879,693,749,1169,0,1138.21,4.286555205102749,0.1535150645624103,0.2395982783357245,0.0,0.0,0.0,0.0,0.0,0.0,0.0,1.0,1.0,1.0,0.0,0.0,0.0,0.0,0.0,0.0,0.0,1.0,1.0,0.0,0.0,1.0,1.0,1.0,18.0,80.0,18.0,39.313038618760224,Medium
163777,Pura Lakchhan,1388,225,294,959,0,571.13,2.430269815978849,0.2118155619596541,0.6909221902017291,0.0,0.0,0.0,0.0,0.0,0.0,0.0,1.0,1.0,0.0,0.0,0.0,0.0,0.0,0.0,0.0,1.0,0.0,1.0,1.0,0.0,0.0,1.0,1.0,12.0,74.0,12.0,40.74234316150176,Medium
163778,Nischintpur,644,101,100,31,11,117.23,5.493474366629702,0.15527950310559,0.0481366459627329,0.0170807453416149,0.0,0.0,0.0,0.0,0.0,0.0,1.0,1.0,1.0,0.0,0.0,0.0,0.0,0.0,0.0,1.0,1.0,1.0,0.0,0.0,1.0,0.0,0.0,14.0,78.0,78.0,33.86613816152905,Medium
163779,Pacheda,2904,460,501,1041,0,936.24,3.101768777236606,0.1725206611570248,0.3584710743801653,0.0,0.0,0.0,0.0,0.0,0.0,0.0,1.0,0.0,0.0,0.0,0.0,1.0,0.0,0.0,0.0,0.0,0.0,1.0,1.0,0.0,1.0,1.0,1.0,12.0,78.0,12.0,56.26218574202433,Medium
163780,Dhokhar,517,88,117,440,0,199.45,2.5921283529706693,0.2263056092843327,0.851063829787234,0.0,0.0,0.0,0.0,0.0,0.0,0.0,1.0,1.0,0.0,0.0,0.0,0.0,0.0,0.0,0.0,0.0,0.0,0.0,0.0,0.0,0.0,1.0,0.0,8.0,70.0,8.0,49.4844083571576,Medium
163781,Badhhawari Khurd,300,61,55,81,0,52.64,5.699088145896656,0.1833333333333333,0.27,0.0,0.0,0.0,0.0,0.0,0.0,0.0,1.0,1.0,0.0,0.0,0.0,1.0,0.0,0.0,1.0,1.0,1.0,0.0,0.0,0.0,0.0,0.0,1.0,6.0,68.0,6.0,45.417678251557774,Medium
163782,Paliya,0,0,0,0,0,23.95,0.0,,,,,,,,,,,,,,,,,,,,,,,,,,,8.0,70.0,8.0,45.0,Medium
163783,Gajadharpur,1784,323,395,688,0,394.09,4.526884721764064,0.2214125560538116,0.3856502242152466,0.0,0.0,0.0,0.0,0.0,0.0,0.0,1.0,1.0,0.0,0.0,0.0,1.0,0.0,0.0,0.0,0.0,0.0,0.0,0.0,0.0,1.0,1.0,1.0,8.0,70.0,8.0,57.090105375729536,Medium
163784,Pura Chayan,422,76,70,271,0,52.59,8.024339227990112,0.1658767772511848,0.6421800947867299,0.0,0.0,0.0,0.0,0.0,0.0,0.0,1.0,1.0,0.0,0.0,0.0,0.0,0.0,0.0,0.0,0.0,0.0,1.0,0.0,0.0,0.0,1.0,1.0,10.0,80.0,10.0,46.850495720291605,Medium
163785,Newadhhiya Bayalish,1642,289,333,581,0,544.82,3.013839433207297,0.2028014616321559,0.353836784409257,0.0,0.0,0.0,0.0,0.0,0.0,0.0,1.0,1.0,0.0,0.0,0.0,0.0,0.0,0.0,0.0,0.0,0.0,1.0,1.0,1.0,1.0,1.0,0.0,13.0,78.0,78.0,41.31048934293893,Medium
163786,Pandepur,792,137,125,399,0,134.16,5.903398926654741,0.1578282828282828,0.5037878787878788,0.0,0.0,0.0,0.0,0.0,0.0,0.0,1.0,0.0,0.0,0.0,0.0,1.0,0.0,0.0,0.0,1.0,1.0,1.0,0.0,0.0,1.0,0.0,0.0,19.0,89.0,19.0,49.16320066611408,Medium
163787,Ghorhai,184,34,27,95,0,62.75,2.9322709163346614,0.1467391304347826,0.5163043478260869,0.0,0.0,0.0,0.0,0.0,0.0,0.0,1.0,1.0,0.0,0.0,0.0,1.0,0.0,1.0,1.0,1.0,1.0,1.0,0.0,0.0,1.0,0.0,1.0,200.0,0.0,80.0,45.43760314939259,Medium
163788,Beri Tappa Daiya,1766,280,331,264,0,473.01,3.7335362888733856,0.1874292185730464,0.1494903737259343,0.0,0.0,0.0,0.0,0.0,0.0,0.0,1.0,0.0,0.0,0.0,0.0,0.0,0.0,1.0,1.0,1.0,1.0,1.0,0.0,0.0,1.0,0.0,1.0,20.0,80.0,20.0,38.19051706546055,Medium
163789,Kedwar,1395,185,239,748,0,386.21,3.612024546231325,0.1713261648745519,0.5362007168458781,0.0,0.0,1.0,0.0,0.0,0.0,0.0,1.0,1.0,1.0,0.0,0.0,1.0,0.0,0.0,1.0,1.0,1.0,1.0,1.0,0.0,0.0,1.0,1.0,15.0,80.0,15.0,40.46931397440397,Medium
163790,Chharbaniya,805,112,125,208,0,163.23,4.931691478282179,0.15527950310559,0.2583850931677018,0.0,0.0,0.0,0.0,0.0,0.0,0.0,1.0,0.0,0.0,0.0,0.0,0.0,0.0,0.0,1.0,1.0,1.0,1.0,0.0,1.0,0.0,1.0,1.0,16.0,8.0,16.0,35.31976700652903,Medium
163791,Sirawal,2977,515,496,941,0,1018.13,2.923988095822734,0.1666106818945247,0.3160900235136043,0.0,0.0,0.0,0.0,0.0,0.0,0.0,1.0,1.0,0.0,1.0,0.0,1.0,0.0,0.0,0.0,1.0,1.0,1.0,1.0,1.0,1.0,1.0,1.0,28.0,85.0,28.0,40.0323374843485,Medium
163792,Dhanawal,1633,310,350,922,0,538.16,3.0344135573063773,0.2143294549908144,0.5646050214329456,0.0,0.0,0.0,0.0,0.0,0.0,0.0,1.0,0.0,0.0,0.0,0.0,0.0,0.0,0.0,0.0,0.0,0.0,0.0,0.0,0.0,1.0,1.0,1.0,16.0,20.0,74.0,51.04434966440664,Medium
163793,Tiwaripur,0,0,0,0,0,38.34,0.0,,,,,,,,,,,,,,,,,,,,,,,,,,,27.0,97.0,15.0,45.0,Medium
163794,Chakrawanpur,315,57,23,89,0,108.16,2.9123520710059174,0.073015873015873,0.2825396825396825,0.0,0.0,0.0,0.0,0.0,0.0,0.0,1.0,0.0,0.0,1.0,0.0,1.0,0.0,0.0,0.0,1.0,1.0,1.0,0.0,0.0,0.0,0.0,0.0,26.0,75.0,17.0,45.38959637635108,Medium
163795,Kapurepur,94,17,12,52,0,39.48,2.380952380952381,0.1276595744680851,0.5531914893617021,0.0,0.0,0.0,0.0,0.0,0.0,0.0,1.0,1.0,0.0,1.0,0.0,1.0,0.0,0.0,0.0,0.0,0.0,1.0,0.0,0.0,0.0,0.0,1.0,28.0,98.0,18.0,55.02698211335372,Medium
163796,Jadopur,926,194,177,555,0,225.99,4.097526439222975,0.1911447084233261,0.5993520518358532,0.0,0.0,0.0,0.0,0.0,0.0,0.0,1.0,1.0,0.0,0.0,0.0,0.0,0.0,0.0,1.0,1.0,1.0,0.0,0.0,0.0,1.0,1.0,1.0,15.0,2.0,73.0,37.23292399185132,Medium
163797,Khiri,872,117,111,115,8,162.93,5.351991652857055,0.1272935779816513,0.1318807339449541,0.0091743119266055,0.0,0.0,0.0,0.0,0.0,0.0,1.0,1.0,0.0,0.0,0.0,1.0,0.0,0.0,0.0,1.0,0.0,1.0,0.0,0.0,1.0,1.0,1.0,12.0,7.0,12.0,48.25067685065688,Medium
163798,Rampur Urf Ramgarh,870,171,139,626,0,150.21,5.79189135210705,0.1597701149425287,0.7195402298850575,0.0,0.0,1.0,0.0,0.0,0.0,0.0,1.0,1.0,1.0,0.0,0.0,1.0,0.0,0.0,0.0,1.0,0.0,1.0,0.0,0.0,1.0,1.0,1.0,12.0,77.0,12.0,48.62896555793329,Medium
163799,Rajapur,1881,305,315,784,0,312.78,6.013811624784194,0.1674641148325359,0.4167995746943115,0.0,0.0,0.0,0.0,0.0,0.0,0.0,1.0,0.0,0.0,0.0,0.0,0.0,0.0,0.0,0.0,0.0,0.0,1.0,0.0,1.0,1.0,1.0,1.0,12.0,75.0,12.0,46.52187424518767,Medium
163800,Ayodhaya,2100,308,326,449,0,261.88,8.018939972506491,0.1552380952380952,0.2138095238095238,0.0,0.0,0.0,0.0,0.0,0.0,0.0,1.0,0.0,0.0,0.0,0.0,1.0,0.0,0.0,1.0,1.0,0.0,1.0,0.0,0.0,1.0,1.0,1.0,10.0,73.0,10.0,52.72259372246361,Medium
163801,Barhula Khurd,582,111,116,291,0,159.01,3.66014716055594,0.1993127147766323,0.5,0.0,0.0,0.0,0.0,0.0,0.0,0.0,1.0,0.0,0.0,0.0,0.0,0.0,0.0,0.0,0.0,0.0,0.0,1.0,0.0,0.0,1.0,1.0,1.0,12.0,77.0,12.0,50.29655234240982,Medium
163802,Gohani,1133,193,233,475,0,358.4,3.161272321428572,0.205648720211827,0.4192409532215357,0.0,0.0,0.0,0.0,0.0,0.0,0.0,1.0,1.0,1.0,0.0,1.0,1.0,0.0,0.0,0.0,0.0,0.0,1.0,0.0,0.0,1.0,0.0,1.0,10.0,75.0,10.0,56.72899034371635,Medium
163803,Patehri,2497,375,453,1143,0,590.84,4.226186446415273,0.1814177012414898,0.4577492991589907,0.0,0.0,0.0,0.0,0.0,0.0,0.0,1.0,1.0,1.0,1.0,0.0,1.0,0.0,0.0,0.0,0.0,1.0,0.0,1.0,0.0,1.0,1.0,0.0,13.0,82.0,13.0,48.73839047669529,Medium
163804,Daiya Baburhiya,106,14,26,0,0,308.46,0.3436426116838488,0.2452830188679245,0.0,0.0,0.0,0.0,0.0,0.0,0.0,0.0,1.0,1.0,0.0,0.0,0.0,1.0,0.0,0.0,0.0,0.0,0.0,1.0,0.0,0.0,1.0,1.0,1.0,13.0,78.0,13.0,55.70595438791097,Medium
163805,Semri Sikmi Gohani,341,52,55,327,0,107.87,3.161212570686938,0.1612903225806451,0.9589442815249268,0.0,0.0,0.0,0.0,0.0,0.0,0.0,1.0,1.0,1.0,1.0,0.0,0.0,0.0,0.0,0.0,1.0,1.0,1.0,0.0,1.0,0.0,1.0,0.0,12.0,81.0,12.0,35.59675259936398,Medium
163806,Rampur Kalan,2431,401,462,737,0,512.55,4.742951907131012,0.1900452488687782,0.3031674208144796,0.0,0.0,0.0,0.0,0.0,0.0,0.0,1.0,0.0,0.0,1.0,0.0,1.0,1.0,0.0,1.0,1.0,1.0,1.0,0.0,1.0,1.0,1.0,1.0,16.0,86.0,16.0,46.57889009902827,Medium
163807,Barhula Kalan,3037,486,561,1256,0,628.54,4.8318325007159455,0.1847217648995719,0.4135660190977939,0.0,0.0,0.0,0.0,0.0,0.0,0.0,1.0,1.0,1.0,1.0,0.0,0.0,0.0,0.0,0.0,1.0,1.0,1.0,0.0,0.0,1.0,1.0,1.0,12.0,80.0,12.0,36.14149998330371,Medium
163808,Salaya,1018,169,196,383,0,314.25,3.2394590294351637,0.1925343811394892,0.3762278978388998,0.0,0.0,0.0,0.0,0.0,0.0,0.0,1.0,0.0,0.0,0.0,0.0,0.0,0.0,0.0,0.0,0.0,0.0,1.0,0.0,0.0,1.0,1.0,1.0,15.0,83.0,15.0,49.457043243636406,Medium
163809,Madafa Khurd,7,1,1,0,0,69.04,0.1013904982618771,0.1428571428571428,0.0,0.0,0.0,0.0,0.0,0.0,0.0,0.0,1.0,1.0,0.0,1.0,0.0,1.0,1.0,1.0,1.0,1.0,1.0,1.0,1.0,0.0,0.0,0.0,1.0,18.0,78.0,18.0,40.12321676811423,Medium
163810,Dhundha,1186,260,202,378,0,268.39,4.418942583553784,0.1703204047217538,0.3187183811129848,0.0,0.0,0.0,0.0,0.0,0.0,0.0,1.0,0.0,0.0,0.0,0.0,0.0,0.0,0.0,0.0,0.0,0.0,1.0,0.0,0.0,1.0,1.0,1.0,17.0,87.0,17.0,48.5515764029122,Medium
163811,Madafa Kalan,3215,510,565,1316,0,640.43,5.020064644067268,0.1757387247278382,0.4093312597200622,0.0,0.0,0.0,0.0,0.0,0.0,0.0,1.0,0.0,0.0,0.0,0.0,0.0,0.0,0.0,0.0,1.0,1.0,1.0,1.0,0.0,1.0,1.0,0.0,16.0,81.0,16.0,36.691908367936776,Medium
163812,Rajpur,1557,269,307,525,0,405.73,3.837527419712617,0.1971740526653821,0.3371868978805395,0.0,0.0,0.0,0.0,0.0,0.0,0.0,1.0,0.0,0.0,0.0,0.0,1.0,0.0,0.0,0.0,0.0,0.0,1.0,0.0,0.0,1.0,1.0,1.0,16.0,81.0,16.0,59.425620795357936,Medium
163813,Chhadgada,3682,591,725,1319,0,1455.93,2.5289677388335976,0.196903856599674,0.3582292232482346,0.0,0.0,0.0,0.0,0.0,0.0,0.0,1.0,0.0,0.0,0.0,0.0,0.0,0.0,0.0,0.0,0.0,0.0,1.0,0.0,0.0,1.0,1.0,1.0,15.0,80.0,15.0,49.46891893038355,Medium
