village_code,village_name,population,households,children_0_6,sc_population,st_population,area_hectares,population_density,children_ratio,sc_ratio,st_ratio,chc,phc,sub_health_centre,allopathic_hospital,dispensary,treated_tap_water,hand_pump,tube_well,river_canal,pond_lake,closed_drainage,no_drainage,national_highway,state_highway,major_district_road,black_topped_road,all_weather_road,footpath,mobile_coverage,internet_csc,pds_shop,anganwadi,asha,subdistrict_hq_distance_km,district_hq_distance_km,nearest_town_distance_km
160730,Kamalapur,2239,378,311,424,0,91.77,24.39795140023973,0.13890129522108083,0.18937025457793658,0.0,0.0,1.0,0.0,0.0,0.0,0.0,1.0,1.0,1.0,1.0,0.0,1.0,0.0,0.0,0.0,1.0,1.0,1.0,1.0,0.0,1.0,1.0,1.0,30.0,35.0,35.0
160731,Daharpurjapti urf Bandhpur,950,158,154,220,0,39.52,24.038461538461537,0.16210526315789472,0.23157894736842105,0.0,0.0,0.0,0.0,0.0,0.0,0.0,1.0,1.0,0.0,0.0,0.0,0.0,0.0,0.0,1.0,1.0,1.0,1.0,0.0,0.0,0.0,0.0,1.0,30.0,39.0,30.0
160732,Daherpur Singrour,0,0,0,0,0,33.59,0.0,,,,,,,,,,,,,,,,,,,,,,,,,,,30.0,40.0,30.0
160733,Madhapur,6,2,0,0,0,27.68,0.21676300578034682,0.0,0.0,0.0,,,,,,0.0,1.0,1.0,1.0,0.0,0.0,1.0,0.0,0.0,1.0,1.0,1.0,1.0,0.0,0.0,1.0,1.0,1.0,30.0,38.0,30.0
160734,Andiyari,3036,507,453,1024,0,217.55,13.955412548839346,0.1492094861660079,0.3372859025032938,0.0,0.0,0.0,0.0,0.0,0.0,1.0,1.0,0.0,1.0,1.0,0.0,0.0,1.0,1.0,1.0,1.0,1.0,1.0,0.0,0.0,1.0,1.0,1.0,23.0,36.0,36.0
160735,Chaksah Hamid Taluka Sigraur,0,0,0,0,0,8.51,0.0,,,,,,,,,,,,,,,,,,,,,,,,,,,24.0,37.0,37.0
160736,Araji Chak Raghubir Pathak,0,0,0,0,0,4.46,0.0,,,,,,,,,,,,,,,,,,,,,,,,,,,30.0,38.0,38.0
160737,Bhikhampur,0,0,0,0,0,4.13,0.0,,,,,,,,,,,,,,,,,,,,,,,,,,,28.0,38.0,38.0
160738,Chak Motiram Ojha,665,101,91,204,0,30.5,21.80327868852459,0.1368421052631579,0.3067669172932331,0.0,0.0,0.0,0.0,0.0,0.0,0.0,1.0,1.0,0.0,0.0,0.0,1.0,0.0,0.0,1.0,1.0,1.0,1.0,0.0,0.0,0.0,0.0,1.0,40.0,42.0,42.0
160739,Piyri Urf Bijalipur,4119,631,560,1084,1,224.48,18.349073414112617,0.13595532896334062,0.2631706724933236,0.00024277737314882253,0.0,0.0,0.0,0.0,0.0,0.0,1.0,1.0,1.0,1.0,0.0,1.0,0.0,0.0,0.0,1.0,1.0,1.0,1.0,0.0,1.0,1.0,1.0,31.0,36.0,36.0
160740,Chak Ragubir Pathak,254,41,35,159,0,13.71,18.526622902990518,0.1377952755905512,0.6259842519685039,0.0,0.0,0.0,0.0,0.0,0.0,0.0,1.0,1.0,0.0,0.0,0.0,1.0,0.0,0.0,1.0,1.0,1.0,1.0,0.0,0.0,0.0,1.0,1.0,28.0,39.0,39.0
160741,Kasimpur Jharha,311,50,44,30,0,22.63,13.742819266460451,0.1414790996784566,0.09646302250803858,0.0,0.0,0.0,0.0,0.0,0.0,0.0,1.0,1.0,1.0,1.0,1.0,0.0,0.0,1.0,1.0,1.0,1.0,1.0,0.0,0.0,1.0,1.0,1.0,25.0,40.0,40.0
160742,Patana Uparhar,1168,201,216,458,0,132.41,8.8210860206933,0.18493150684931506,0.3921232876712329,0.0,0.0,0.0,0.0,0.0,0.0,0.0,1.0,1.0,1.0,1.0,0.0,1.0,1.0,0.0,1.0,1.0,1.0,1.0,0.0,0.0,1.0,0.0,1.0,30.0,39.0,39.0
160743,Syampur,280,55,32,20,0,38.42,7.287870900572618,0.11428571428571428,0.07142857142857142,0.0,0.0,0.0,0.0,0.0,0.0,0.0,1.0,1.0,1.0,1.0,0.0,1.0,1.0,0.0,1.0,1.0,1.0,1.0,0.0,0.0,0.0,0.0,1.0,30.0,39.0,39.0
160744,Akhayrajpur Uprhar,956,184,187,372,0,72.5,13.186206896551724,0.19560669456066945,0.3891213389121339,0.0,0.0,0.0,0.0,0.0,0.0,0.0,1.0,1.0,0.0,1.0,0.0,1.0,1.0,0.0,1.0,1.0,1.0,1.0,0.0,0.0,0.0,0.0,0.0,30.0,40.0,40.0
160745,Akhayrajpur Kachhar,0,0,0,0,0,45.73,0.0,,,,,,,,,,,,,,,,,,,,,,,,,,,30.0,40.0,40.0
160746,Patana Kachhar,0,0,0,0,0,30.37,0.0,,,,,,,,,,,,,,,,,,,,,,,,,,,30.0,42.0,42.0
160747,Meerjahapur Kachhar,0,0,0,0,0,11.74,0.0,,,,,,,,,,,,,,,,,,,,,,,,,,,30.0,40.0,40.0
160748,Khandrauli,1030,187,116,145,0,61.04,16.874180865006554,0.11262135922330097,0.1407766990291262,0.0,0.0,0.0,0.0,0.0,0.0,0.0,1.0,0.0,0.0,1.0,0.0,0.0,0.0,0.0,0.0,1.0,1.0,1.0,0.0,0.0,1.0,1.0,1.0,24.0,37.0,37.0
160749,Jagdishpur Purabnara,568,103,90,169,0,48.74,11.653672548215019,0.15845070422535212,0.2975352112676056,0.0,0.0,0.0,0.0,0.0,0.0,0.0,1.0,0.0,1.0,1.0,1.0,0.0,0.0,0.0,0.0,1.0,1.0,1.0,0.0,0.0,1.0,1.0,1.0,23.0,36.0,36.0
160750,Kutubuddinpur,478,83,72,238,0,33.63,14.213499851323222,0.1506276150627615,0.497907949790795,0.0,0.0,0.0,0.0,0.0,0.0,0.0,1.0,0.0,1.0,1.0,1.0,0.0,0.0,1.0,0.0,1.0,1.0,1.0,0.0,0.0,0.0,1.0,1.0,22.0,35.0,35.0
160751,Chak Motvi Vaker,0,0,0,0,0,38.18,0.0,,,,,,,,,,,,,,,,,,,,,,,,,,,21.0,34.0,34.0
160752,Bhagawtipur,2035,323,246,363,0,93.81,21.692783285364033,0.12088452088452088,0.1783783783783784,0.0,0.0,0.0,,0.0,0.0,1.0,1.0,0.0,1.0,1.0,1.0,0.0,1.0,1.0,1.0,1.0,0.0,1.0,0.0,0.0,1.0,1.0,1.0,21.0,34.0,34.0
160753,Singraur Uprhar,5928,976,874,1853,0,615.68,9.628378378378379,0.14743589743589744,0.3125843454790823,0.0,0.0,0.0,,0.0,0.0,0.0,1.0,1.0,1.0,0.0,0.0,0.0,0.0,0.0,1.0,0.0,0.0,0.0,0.0,0.0,1.0,1.0,1.0,25.0,32.0,32.0
160754,Meerjahapur,208,39,22,0,0,85.63,2.4290552376503562,0.10576923076923077,0.0,0.0,0.0,0.0,0.0,0.0,0.0,0.0,1.0,1.0,1.0,0.0,1.0,1.0,1.0,0.0,1.0,1.0,1.0,1.0,0.0,0.0,0.0,0.0,1.0,30.0,39.0,39.0
160755,Singraur Kachhar,0,0,0,0,0,28.88,0.0,,,,,,,,,,,,,,,,,,,,,,,,,,,25.0,32.0,32.0
160756,Buripur Ramnager Kachhar,0,0,0,0,0,68.58,0.0,,,,,,,,,,,,,,,,,,,,,,,,,,,24.5,32.5,32.5
160757,Baripur Ramnager Uprhar,2883,467,460,314,0,159.51,18.074101937182622,0.15955601803676725,0.10891432535553243,0.0,0.0,0.0,0.0,0.0,0.0,0.0,1.0,0.0,0.0,0.0,0.0,0.0,0.0,0.0,0.0,1.0,1.0,1.0,0.0,0.0,1.0,1.0,1.0,24.0,32.0,32.0
160758,Saraidadan Kachhar,0,0,0,0,0,184.28,0.0,,,,,,,,,,,,,,,,,,,,,,,,,,,25.5,33.5,33.5
160759,Saraidadan Uprhar,2175,336,319,807,0,145.06,14.993795670756928,0.14666666666666667,0.37103448275862067,0.0,0.0,0.0,,0.0,0.0,0.0,1.0,0.0,0.0,0.0,0.0,0.0,0.0,0.0,0.0,1.0,1.0,1.0,1.0,0.0,0.0,1.0,1.0,25.0,33.0,33.0
160760,Ganipur,1530,284,276,302,0,460.46,3.32276419232941,0.1803921568627451,0.19738562091503267,0.0,0.0,0.0,0.0,0.0,0.0,1.0,1.0,1.0,1.0,1.0,0.0,1.0,1.0,1.0,1.0,1.0,1.0,1.0,1.0,0.0,0.0,0.0,0.0,26.0,38.0,38.0
160761,Mansurabad,3386,524,553,586,0,43.02,78.70757787075779,0.1633195510927348,0.17306556408741877,0.0,0.0,0.0,0.0,0.0,0.0,0.0,1.0,0.0,0.0,0.0,0.0,0.0,0.0,1.0,1.0,1.0,1.0,1.0,1.0,1.0,1.0,1.0,1.0,22.0,30.0,30.0
160762,Mohiuddinpur,1267,214,196,291,0,123.05,10.296627387240958,0.15469613259668508,0.2296764009471192,0.0,0.0,0.0,0.0,0.0,0.0,0.0,1.0,0.0,0.0,0.0,0.0,0.0,0.0,0.0,0.0,1.0,1.0,1.0,1.0,0.0,1.0,1.0,1.0,23.0,31.0,31.0
160763,Mendara,4960,809,719,1477,0,299.0,16.588628762541806,0.14495967741935484,0.29778225806451614,0.0,0.0,0.0,0.0,0.0,0.0,0.0,1.0,1.0,0.0,0.0,0.0,1.0,1.0,0.0,0.0,1.0,0.0,1.0,0.0,0.0,1.0,0.0,1.0,18.0,23.0,23.0
160764,Munourpur,1305,191,164,238,0,71.0,18.380281690140844,0.12567049808429118,0.18237547892720307,0.0,0.0,0.0,0.0,0.0,0.0,0.0,1.0,1.0,0.0,0.0,0.0,1.0,0.0,0.0,0.0,0.0,0.0,1.0,0.0,0.0,1.0,1.0,1.0,15.0,20.0,20.0
160765,Ebrahimpurtaluka Mendara,1354,197,219,185,0,42.96,31.517690875232773,0.16174298375184637,0.13663220088626293,0.0,0.0,0.0,0.0,0.0,0.0,0.0,1.0,1.0,0.0,0.0,0.0,1.0,0.0,0.0,0.0,1.0,0.0,1.0,0.0,0.0,1.0,1.0,1.0,15.0,20.0,20.0
160766,Pure Nanku,473,85,81,35,0,79.1,5.979772439949431,0.17124735729386892,0.07399577167019028,0.0,0.0,0.0,0.0,0.0,0.0,0.0,1.0,0.0,0.0,0.0,0.0,1.0,1.0,1.0,1.0,1.0,1.0,1.0,1.0,0.0,1.0,1.0,1.0,17.0,30.0,30.0
160767,Belha,1252,222,175,155,0,112.6,11.119005328596803,0.13977635782747605,0.12380191693290735,0.0,0.0,0.0,0.0,0.0,0.0,0.0,1.0,1.0,0.0,0.0,0.0,1.0,0.0,0.0,0.0,0.0,0.0,1.0,0.0,0.0,1.0,1.0,1.0,15.0,20.0,20.0
160768,Pure Udhou,347,66,36,67,0,14.57,23.816060398078243,0.1037463976945245,0.1930835734870317,0.0,0.0,0.0,0.0,0.0,0.0,0.0,1.0,1.0,0.0,0.0,0.0,1.0,0.0,0.0,0.0,0.0,0.0,1.0,0.0,0.0,1.0,1.0,1.0,15.0,20.0,20.0
160769,Sivrajpur,0,0,0,0,0,5.26,0.0,,,,,,,,,,,,,,,,,,,,,,,,,,,16.0,21.0,21.0
160770,Chaksaha Majhar Ali,0,0,0,0,0,8.32,0.0,,,,,,,,,,,,,,,,,,,,,,,,,,,15.0,20.0,20.0
160771,Mohrub,1768,300,274,840,0,154.36,11.453744493392069,0.15497737556561086,0.4751131221719457,0.0,0.0,0.0,0.0,0.0,0.0,0.0,1.0,0.0,1.0,1.0,0.0,0.0,0.0,0.0,1.0,1.0,0.0,1.0,0.0,0.0,1.0,1.0,1.0,21.0,35.0,35.0
160772,Bhitipattibisniurf Bhagawanpur,382,72,64,22,0,44.85,8.517279821627648,0.16753926701570682,0.05759162303664921,0.0,0.0,0.0,0.0,0.0,0.0,0.0,1.0,0.0,0.0,0.0,0.0,0.0,0.0,1.0,0.0,1.0,0.0,1.0,1.0,0.0,1.0,0.0,1.0,25.0,25.0,25.0
160773,Goshpur,372,75,55,184,0,20.54,18.111002921129504,0.1478494623655914,0.4946236559139785,0.0,0.0,0.0,0.0,0.0,0.0,0.0,1.0,0.0,0.0,0.0,0.0,0.0,0.0,0.0,0.0,1.0,0.0,1.0,1.0,0.0,1.0,1.0,1.0,25.0,25.0,25.0
160774,Bhitipatti Rajai,1325,251,201,337,0,55.57,23.843800611840923,0.15169811320754717,0.25433962264150944,0.0,0.0,0.0,0.0,0.0,0.0,0.0,1.0,0.0,1.0,1.0,0.0,0.0,0.0,0.0,0.0,1.0,1.0,1.0,0.0,0.0,1.0,0.0,1.0,20.0,34.0,34.0
160775,Chandpur,259,51,44,239,0,17.81,14.54239191465469,0.16988416988416988,0.9227799227799228,0.0,0.0,0.0,0.0,0.0,0.0,0.0,1.0,0.0,0.0,0.0,0.0,0.0,0.0,0.0,0.0,1.0,1.0,1.0,0.0,0.0,0.0,1.0,1.0,25.0,25.0,25.0
160776,Gariyava,586,93,83,0,0,13.82,42.40231548480463,0.1416382252559727,0.0,0.0,0.0,0.0,0.0,0.0,0.0,0.0,1.0,0.0,0.0,0.0,0.0,1.0,0.0,0.0,0.0,1.0,1.0,1.0,0.0,0.0,0.0,1.0,1.0,25.0,25.0,25.0
160777,Abdullapur,837,141,111,301,0,45.18,18.52589641434263,0.13261648745519714,0.35961768219832735,0.0,0.0,0.0,0.0,0.0,0.0,0.0,1.0,0.0,0.0,0.0,0.0,0.0,0.0,1.0,0.0,1.0,1.0,1.0,1.0,0.0,0.0,1.0,1.0,25.0,25.0,25.0
160778,Fatehpur Kayasthan,1509,287,252,713,0,82.07,18.386743024247593,0.16699801192842942,0.47249834327369117,0.0,0.0,0.0,0.0,0.0,0.0,0.0,1.0,0.0,0.0,0.0,0.0,0.0,0.0,0.0,0.0,1.0,1.0,1.0,1.0,0.0,1.0,1.0,1.0,25.0,25.0,25.0
160779,Ganeshpur,353,79,72,306,0,33.51,10.534168904804536,0.20396600566572237,0.8668555240793201,0.0,0.0,0.0,0.0,0.0,0.0,0.0,1.0,0.0,0.0,0.0,0.0,0.0,0.0,0.0,0.0,1.0,1.0,1.0,1.0,0.0,0.0,1.0,1.0,25.0,25.0,25.0
160780,Samhai,4904,830,748,1958,0,350.83,13.978280078670581,0.15252854812398042,0.39926590538336054,0.0,0.0,0.0,0.0,0.0,0.0,0.0,1.0,0.0,0.0,0.0,0.0,0.0,0.0,1.0,1.0,1.0,1.0,1.0,1.0,0.0,1.0,1.0,1.0,22.0,22.0,22.0
160781,Phulpur Urf Jagapur,1316,229,168,154,0,102.51,12.837771924690273,0.1276595744680851,0.11702127659574468,0.0,0.0,0.0,0.0,0.0,0.0,0.0,1.0,1.0,1.0,0.0,0.0,0.0,0.0,0.0,0.0,1.0,0.0,1.0,0.0,0.0,1.0,0.0,1.0,25.0,40.0,25.0
160782,Aladadpur,1050,165,149,300,0,69.74,15.055921995985088,0.1419047619047619,0.2857142857142857,0.0,0.0,0.0,0.0,0.0,0.0,0.0,1.0,0.0,0.0,1.0,0.0,0.0,0.0,0.0,0.0,1.0,1.0,1.0,0.0,0.0,0.0,1.0,1.0,23.0,38.0,23.0
160783,Sarai Padmauat,687,117,88,158,0,43.94,15.634956759217115,0.12809315866084425,0.22998544395924309,0.0,0.0,0.0,0.0,0.0,0.0,0.0,1.0,0.0,1.0,1.0,0.0,0.0,0.0,0.0,0.0,1.0,0.0,1.0,0.0,0.0,0.0,1.0,1.0,23.0,38.0,23.0
160784,Pipraund,1094,170,161,320,0,71.46,15.309263923873496,0.14716636197440586,0.29250457038391225,0.0,0.0,0.0,0.0,0.0,0.0,0.0,1.0,0.0,1.0,1.0,0.0,1.0,0.0,0.0,0.0,1.0,0.0,1.0,0.0,0.0,0.0,1.0,1.0,23.0,38.0,23.0
160785,Marufpur,1535,294,219,651,0,120.62,12.72591610014923,0.14267100977198696,0.4241042345276873,0.0,0.0,0.0,0.0,0.0,0.0,0.0,1.0,1.0,1.0,1.0,0.0,1.0,0.0,0.0,0.0,1.0,0.0,1.0,0.0,0.0,1.0,1.0,1.0,25.0,35.0,35.0
160786,Anapur,3778,589,514,453,0,244.62,15.444362684980787,0.13605082053996823,0.11990471148755956,0.0,,1.0,,0.0,0.0,0.0,1.0,1.0,1.0,1.0,1.0,0.0,0.0,0.0,1.0,1.0,1.0,1.0,0.0,0.0,1.0,1.0,1.0,20.0,35.0,20.0
160787,Pannupur,1685,292,290,544,0,139.07,12.116200474581147,0.17210682492581603,0.3228486646884273,0.0,0.0,0.0,0.0,0.0,0.0,0.0,1.0,1.0,1.0,1.0,0.0,1.0,0.0,0.0,0.0,1.0,0.0,1.0,0.0,0.0,1.0,1.0,1.0,12.0,35.0,12.0
160788,Korari,2212,341,305,411,0,142.01,15.57636786141821,0.13788426763110306,0.18580470162748644,0.0,0.0,0.0,0.0,0.0,0.0,0.0,1.0,1.0,1.0,1.0,0.0,1.0,0.0,0.0,0.0,0.0,0.0,1.0,0.0,0.0,1.0,1.0,1.0,21.0,35.0,21.0
160789,Nasirpur Dargahi,1911,393,229,701,0,144.23,13.249670664910214,0.11983254840397697,0.36682365253793825,0.0,0.0,0.0,0.0,0.0,0.0,0.0,1.0,0.0,0.0,0.0,0.0,1.0,0.0,0.0,0.0,1.0,1.0,1.0,1.0,0.0,1.0,1.0,1.0,25.0,35.0,25.0
160790,Sarairah Urf Korari,2009,330,281,738,0,110.15,18.238765320018157,0.13987058237929317,0.3673469387755102,0.0,0.0,0.0,0.0,0.0,0.0,0.0,1.0,1.0,1.0,1.0,0.0,1.0,0.0,0.0,0.0,1.0,0.0,1.0,0.0,0.0,1.0,0.0,1.0,21.0,35.0,21.0
160791,Lai,2869,485,499,930,0,246.22,11.652180976362603,0.17392819797838968,0.32415475775531544,0.0,0.0,0.0,0.0,0.0,0.0,0.0,1.0,1.0,1.0,0.0,0.0,0.0,0.0,0.0,0.0,1.0,0.0,1.0,0.0,0.0,1.0,0.0,1.0,20.0,38.0,20.0
160792,Raghubanshpur Urf Rerua,2453,400,410,869,0,122.11,20.088444844812056,0.16714227476559315,0.3542600896860987,0.0,0.0,0.0,0.0,0.0,0.0,0.0,1.0,0.0,0.0,0.0,0.0,1.0,1.0,1.0,1.0,1.0,1.0,1.0,1.0,0.0,1.0,1.0,1.0,16.0,29.0,16.0
160793,Parathpur Bhagdeora,1344,239,208,654,0,19.69,68.25799898425596,0.15476190476190477,0.48660714285714285,0.0,0.0,0.0,0.0,0.0,0.0,0.0,1.0,1.0,1.0,1.0,0.0,1.0,0.0,0.0,0.0,1.0,0.0,1.0,0.0,0.0,1.0,1.0,1.0,20.0,35.0,20.0
160794,Jamua Urf Bhawanipur,1418,224,166,165,0,21.82,64.98625114573785,0.11706629055007052,0.11636107193229901,0.0,0.0,0.0,0.0,0.0,0.0,0.0,1.0,1.0,1.0,0.0,0.0,0.0,0.0,0.0,0.0,1.0,0.0,1.0,0.0,0.0,1.0,0.0,1.0,20.0,30.0,20.0
160795,Kutha,2419,445,347,394,0,175.75,13.763869132290186,0.14344770566349732,0.1628772219925589,0.0,0.0,0.0,0.0,0.0,0.0,0.0,1.0,1.0,1.0,1.0,0.0,1.0,0.0,0.0,0.0,1.0,0.0,1.0,0.0,0.0,0.0,1.0,1.0,18.0,28.0,18.0
160796,Muzaffarpur Urf Bichhia,939,154,139,172,0,78.22,12.00460240347737,0.14802981895633652,0.18317358892438765,0.0,0.0,0.0,0.0,0.0,0.0,0.0,1.0,1.0,1.0,0.0,0.0,1.0,0.0,1.0,0.0,0.0,0.0,1.0,0.0,0.0,1.0,1.0,1.0,14.5,25.0,14.5
160797,Ulda,4681,824,692,1010,0,377.42,12.402628371575434,0.1478316599017304,0.21576586199530015,0.0,0.0,0.0,0.0,0.0,0.0,0.0,1.0,0.0,0.0,0.0,0.0,1.0,1.0,1.0,1.0,1.0,1.0,1.0,1.0,0.0,1.0,1.0,1.0,15.0,28.0,15.0
160798,Malak Balau,2688,456,348,656,0,224.02,11.998928667083296,0.12946428571428573,0.24404761904761904,0.0,0.0,0.0,0.0,0.0,0.0,0.0,1.0,1.0,1.0,1.0,0.0,1.0,1.0,1.0,1.0,1.0,0.0,1.0,0.0,0.0,1.0,1.0,1.0,14.0,25.0,14.0
160799,Pure Ghasi,1037,158,197,123,0,14.11,73.49397590361446,0.18997107039537126,0.11861137897782063,0.0,0.0,0.0,0.0,0.0,0.0,1.0,1.0,1.0,1.0,1.0,0.0,1.0,1.0,1.0,1.0,1.0,1.0,1.0,0.0,0.0,1.0,0.0,0.0,26.0,38.0,26.0
160800,Pure Shobhai,542,81,84,35,0,13.25,40.905660377358494,0.15498154981549817,0.06457564575645756,0.0,0.0,0.0,0.0,0.0,0.0,1.0,1.0,1.0,1.0,1.0,0.0,1.0,1.0,1.0,1.0,1.0,1.0,1.0,1.0,0.0,1.0,0.0,0.0,26.0,30.0,26.0
160801,Bhikhpur Urf Bhikharipur,1138,194,174,509,0,107.7,10.566388115134632,0.15289982425307558,0.44727592267135324,0.0,,,,,,,,,,,,,,,,,,,,,1.0,1.0,1.0,,,
160802,Sahjadpur,370,63,56,9,0,70.0,5.285714285714286,0.15135135135135136,0.024324324324324326,0.0,,,,,,,,,,,,,,,,,,,,,1.0,1.0,1.0,,,
160803,Peer Dallu,1420,230,221,339,0,233.7,6.076166024818143,0.1556338028169014,0.23873239436619717,0.0,,,,,,,,,,,,,,,,,,,,,1.0,1.0,1.0,,,
160804,Husenpur,603,95,77,54,0,65.56,9.197681513117754,0.12769485903814262,0.08955223880597014,0.0,,,,,,,,,,,,,,,,,,,,,1.0,1.0,1.0,,,
160805,Amrich Lalpur,710,112,113,139,0,84.43,8.409333175411582,0.1591549295774648,0.19577464788732393,0.0,0.0,0.0,0.0,0.0,0.0,1.0,1.0,1.0,1.0,1.0,0.0,1.0,0.0,0.0,0.0,0.0,1.0,1.0,1.0,0.0,0.0,0.0,0.0,26.0,30.0,26.0
160806,Yusufpur,0,0,0,0,0,97.01,0.0,,,,,,,,,,,,,,,,,,,,,,,,,,,7.0,24.0,7.0
160807,Sultanpur,969,170,96,171,0,48.54,19.96291718170581,0.09907120743034056,0.17647058823529413,0.0,,,,,,,,,,,,,,,,,,,,,1.0,1.0,1.0,,,
160808,Singhapur,1534,229,210,263,0,41.54,36.928261916225324,0.13689700130378096,0.1714471968709257,0.0,0.0,0.0,0.0,0.0,0.0,0.0,1.0,1.0,0.0,1.0,0.0,0.0,0.0,0.0,0.0,1.0,1.0,1.0,0.0,0.0,1.0,1.0,1.0,22.0,32.0,22.0
160809,Dadanpur,1850,295,204,253,0,163.14,11.339953414245434,0.11027027027027027,0.13675675675675675,0.0,0.0,0.0,0.0,0.0,0.0,0.0,1.0,0.0,0.0,0.0,0.0,1.0,0.0,0.0,0.0,0.0,1.0,1.0,0.0,0.0,1.0,1.0,1.0,16.0,30.0,16.0
160810,Mubarakpur Kachhar,0,0,0,0,0,641.87,0.0,,,,,,,,,,,,,,,,,,,,,,,,,,,20.0,30.0,20.0
160811,Kallyanpur Kachhar,0,0,0,0,0,119.58,0.0,,,,,,,,,,,,,,,,,,,,,,,,,,,,,
160812,Jamilabad Kachhar,0,0,0,0,0,76.46,0.0,,,,,,,,,,,,,,,,,,,,,,,,,,,,,
160813,Makhdumpur Kachhar,0,0,0,0,0,56.17,0.0,,,,,,,,,,,,,,,,,,,,,,,,,,,,,
160814,Kaodhpur Jhinhar,0,0,0,0,0,491.13,0.0,,,,,,,,,,,,,,,,,,,,,,,,,,,,,
160815,Mohiuddenpur Kachhar,0,0,0,0,0,456.65,0.0,,,,,,,,,,,,,,,,,,,,,,,,,,,,,
160816,Mubarakpur Puran Kachar,1805,457,299,146,0,458.49,3.9368361360116904,0.16565096952908587,0.08088642659279778,0.0,0.0,0.0,0.0,0.0,0.0,0.0,1.0,1.0,0.0,1.0,0.0,0.0,0.0,0.0,0.0,1.0,1.0,1.0,0.0,0.0,0.0,1.0,1.0,20.0,30.0,20.0
160817,Judapur Jhinher Urfbaribojh,2794,493,319,664,0,232.45,12.01978920197892,0.1141732283464567,0.2376521116678597,0.0,0.0,0.0,0.0,0.0,0.0,0.0,1.0,1.0,1.0,0.0,0.0,1.0,0.0,0.0,0.0,1.0,0.0,1.0,0.0,0.0,1.0,1.0,1.0,15.0,25.0,15.0
160818,Arazi Judapur Jhinha,98,17,11,0,0,12.8,7.65625,0.11224489795918367,0.0,0.0,0.0,0.0,0.0,0.0,0.0,0.0,1.0,1.0,1.0,0.0,0.0,1.0,0.0,0.0,0.0,0.0,0.0,1.0,0.0,0.0,1.0,1.0,1.0,15.0,25.0,15.0
160819,Saraismail Urf Khagalpur,732,131,91,280,0,58.06,12.607647261453668,0.12431693989071038,0.3825136612021858,0.0,0.0,0.0,0.0,0.0,0.0,0.0,1.0,1.0,0.0,0.0,0.0,1.0,0.0,1.0,1.0,0.0,0.0,1.0,0.0,0.0,1.0,1.0,1.0,13.0,24.0,13.0
160820,Gopalpur Urf Laludih,1184,184,197,295,0,131.85,8.979901403109595,0.16638513513513514,0.2491554054054054,0.0,0.0,0.0,0.0,0.0,0.0,0.0,1.0,1.0,1.0,0.0,0.0,1.0,1.0,0.0,0.0,1.0,0.0,1.0,0.0,0.0,1.0,1.0,1.0,14.0,24.5,14.0
160821,Atrampur Urf Nawabganj,4847,829,651,1073,0,307.95,15.739568111706447,0.13430988240148545,0.22137404580152673,0.0,0.0,0.0,0.0,0.0,0.0,1.0,1.0,1.0,1.0,1.0,0.0,1.0,1.0,1.0,1.0,1.0,1.0,1.0,1.0,0.0,1.0,1.0,1.0,16.0,21.0,16.0
160822,Sherandazpur,0,0,0,0,0,56.83,0.0,,,,,,,,,,,,,,,,,,,,,,,,,,,20.0,30.0,20.0
160823,Ahmadpur,875,134,110,68,0,75.75,11.551155115511552,0.12571428571428572,0.07771428571428571,0.0,0.0,0.0,0.0,0.0,0.0,1.0,1.0,1.0,1.0,1.0,0.0,1.0,0.0,0.0,0.0,1.0,1.0,1.0,1.0,0.0,1.0,1.0,1.0,18.0,22.0,18.0
160824,Madhopur Chandhan Urfghatampur,2520,412,324,700,0,134.4,18.75,0.12857142857142856,0.2777777777777778,0.0,0.0,0.0,0.0,0.0,0.0,1.0,1.0,1.0,0.0,1.0,0.0,0.0,0.0,0.0,0.0,1.0,1.0,1.0,1.0,0.0,1.0,1.0,1.0,16.0,21.0,16.0
160825,Udhopur,59,11,17,0,0,97.77,0.6034570931778664,0.288135593220339,0.0,0.0,0.0,0.0,0.0,0.0,0.0,0.0,1.0,1.0,0.0,0.0,0.0,1.0,0.0,0.0,0.0,1.0,0.0,1.0,0.0,0.0,1.0,0.0,0.0,20.0,30.0,20.0
160826,Karimuddinpur,2691,461,418,936,0,131.58,20.45143638850889,0.15533259011519882,0.34782608695652173,0.0,0.0,0.0,0.0,0.0,0.0,1.0,1.0,1.0,0.0,1.0,1.0,1.0,0.0,0.0,1.0,1.0,1.0,1.0,1.0,0.0,1.0,0.0,1.0,12.0,25.0,12.0
160827,Shaikhpur Sahab,140,18,18,0,0,39.64,3.5317860746720484,0.12857142857142856,0.0,0.0,0.0,0.0,0.0,0.0,0.0,1.0,1.0,1.0,0.0,0.0,1.0,1.0,0.0,0.0,0.0,0.0,0.0,1.0,1.0,0.0,1.0,0.0,1.0,12.0,25.0,12.0
160828,Sarai Jairam,1956,424,320,650,0,211.77,9.236435755772773,0.16359918200409,0.3323108384458078,0.0,0.0,0.0,0.0,0.0,0.0,0.0,1.0,1.0,0.0,1.0,1.0,0.0,0.0,0.0,0.0,1.0,1.0,1.0,0.0,0.0,0.0,1.0,1.0,15.0,30.0,15.0
160829,Mubarakpur Uperhar,2816,427,532,98,0,113.64,24.780007039774727,0.18892045454545456,0.03480113636363636,0.0,0.0,0.0,0.0,0.0,0.0,0.0,1.0,1.0,1.0,1.0,0.0,0.0,0.0,0.0,0.0,1.0,1.0,1.0,0.0,0.0,1.0,1.0,1.0,20.0,30.0,20.0
160830,Adampur,5144,866,695,1007,0,342.34,15.025997546299003,0.13510886469673405,0.1957620528771384,0.0,0.0,0.0,0.0,0.0,0.0,0.0,1.0,0.0,1.0,1.0,0.0,1.0,0.0,1.0,0.0,0.0,0.0,1.0,0.0,0.0,1.0,1.0,1.0,10.0,25.0,10.0
160831,Pabnah,1463,246,182,325,0,96.32,15.188953488372094,0.12440191387559808,0.22214627477785373,0.0,0.0,0.0,0.0,0.0,0.0,0.0,1.0,1.0,1.0,1.0,0.0,0.0,0.0,0.0,1.0,1.0,0.0,1.0,1.0,0.0,1.0,1.0,1.0,,,
160832,Kanjia,4338,747,640,646,0,39.97,108.53139854891168,0.1475334255417243,0.14891655140617796,0.0,0.0,0.0,0.0,0.0,0.0,0.0,1.0,1.0,0.0,1.0,1.0,1.0,0.0,0.0,0.0,0.0,0.0,1.0,0.0,0.0,1.0,1.0,1.0,9.0,25.0,9.0
160833,Madhesa,949,186,154,449,1,48.19,19.69288234073459,0.16227608008429925,0.4731296101159115,0.001053740779768177,0.0,0.0,0.0,0.0,0.0,0.0,1.0,1.0,1.0,1.0,0.0,1.0,1.0,0.0,0.0,1.0,1.0,1.0,1.0,0.0,1.0,1.0,1.0,10.0,20.0,10.0
160834,Madhopur,840,141,117,60,0,67.15,12.509307520476543,0.1392857142857143,0.07142857142857142,0.0,0.0,0.0,0.0,0.0,0.0,0.0,1.0,1.0,0.0,1.0,0.0,1.0,0.0,0.0,0.0,1.0,1.0,1.0,1.0,1.0,1.0,1.0,1.0,9.0,18.0,9.0
160835,Saraswatipur Urf Kaudihar,4956,854,715,736,16,205.89,24.07110593035116,0.14426957223567394,0.14850686037126715,0.003228410008071025,1.0,,1.0,0.0,1.0,1.0,1.0,1.0,1.0,1.0,0.0,0.0,1.0,1.0,1.0,1.0,0.0,1.0,1.0,1.0,1.0,1.0,1.0,12.0,21.0,12.0
160836,Kasari,1314,214,135,329,1,107.64,12.207357859531772,0.10273972602739725,0.2503805175038052,0.00076103500761035,0.0,0.0,0.0,0.0,0.0,0.0,1.0,1.0,1.0,1.0,0.0,0.0,1.0,1.0,0.0,0.0,0.0,1.0,1.0,0.0,0.0,0.0,1.0,,,
160837,Faridpur,1211,225,157,555,0,124.55,9.72300281011642,0.129644921552436,0.458298926507019,0.0,0.0,0.0,0.0,0.0,0.0,1.0,1.0,1.0,1.0,1.0,0.0,0.0,0.0,0.0,0.0,0.0,1.0,1.0,0.0,0.0,1.0,1.0,1.0,15.0,18.0,15.0
160838,Jalalpur Chandhan Urfpirthipur,2457,373,349,279,0,119.27,20.600318604846148,0.14204314204314206,0.11355311355311355,0.0,0.0,,0.0,0.0,1.0,0.0,1.0,1.0,1.0,1.0,0.0,1.0,1.0,1.0,1.0,1.0,0.0,1.0,1.0,0.0,1.0,1.0,1.0,,,
160839,Jagdishpur Chandhan,2142,419,293,208,0,193.38,11.076636673906298,0.13678804855275445,0.09710550887021475,0.0,0.0,0.0,0.0,0.0,0.0,1.0,1.0,1.0,1.0,0.0,1.0,1.0,0.0,0.0,1.0,1.0,1.0,1.0,1.0,0.0,1.0,1.0,1.0,12.0,25.0,12.0
160840,Dasapur,1076,186,164,320,0,48.29,22.282045972250984,0.1524163568773234,0.29739776951672864,0.0,0.0,0.0,0.0,0.0,0.0,1.0,1.0,1.0,1.0,1.0,1.0,1.0,0.0,0.0,0.0,1.0,1.0,1.0,0.0,1.0,1.0,1.0,1.0,15.0,22.0,15.0
160841,Duara Jagdishpur,1960,352,310,665,0,128.54,15.248171775322858,0.15816326530612246,0.3392857142857143,0.0,0.0,0.0,0.0,0.0,0.0,1.0,1.0,1.0,1.0,1.0,0.0,1.0,0.0,1.0,1.0,1.0,1.0,1.0,0.0,0.0,1.0,1.0,1.0,14.0,18.0,
160842,Dharwandpur,578,90,103,56,0,52.14,11.0855389336402,0.1782006920415225,0.09688581314878893,0.0,0.0,0.0,0.0,0.0,0.0,1.0,1.0,0.0,0.0,0.0,0.0,0.0,0.0,0.0,0.0,1.0,1.0,1.0,1.0,0.0,0.0,1.0,1.0,16.0,28.0,16.0
160843,Uthgi,2317,385,279,657,0,189.14,12.25018504811251,0.12041432887354338,0.2835563228312473,0.0,0.0,0.0,0.0,0.0,0.0,1.0,1.0,1.0,0.0,0.0,0.0,0.0,0.0,0.0,1.0,1.0,1.0,1.0,0.0,0.0,0.0,1.0,1.0,17.0,25.0,17.0
160844,Budauna,2558,437,341,412,0,251.68,10.163699936427209,0.13330727130570758,0.16106333072713058,0.0,0.0,0.0,0.0,0.0,0.0,1.0,1.0,1.0,1.0,1.0,0.0,1.0,0.0,0.0,0.0,1.0,1.0,1.0,1.0,0.0,1.0,1.0,1.0,14.0,24.0,14.0
160845,Sarai Kesho,179,31,34,0,0,44.93,3.983975072334743,0.18994413407821228,0.0,0.0,0.0,0.0,0.0,0.0,0.0,1.0,1.0,1.0,1.0,1.0,1.0,1.0,0.0,0.0,0.0,1.0,1.0,1.0,0.0,0.0,1.0,1.0,1.0,16.0,23.0,16.0
160846,Kasimpurjuda Urf Musepur,980,175,167,269,0,14.98,65.42056074766354,0.1704081632653061,0.27448979591836736,0.0,0.0,0.0,0.0,0.0,0.0,1.0,1.0,1.0,0.0,1.0,0.0,0.0,0.0,0.0,0.0,1.0,1.0,1.0,0.0,0.0,1.0,1.0,1.0,17.0,23.0,17.0
160847,Tajpur Urf Bhikhampur,1074,147,161,244,0,131.81,8.14809195053486,0.14990689013035383,0.2271880819366853,0.0,0.0,0.0,0.0,0.0,0.0,1.0,1.0,1.0,0.0,0.0,0.0,0.0,0.0,1.0,1.0,1.0,1.0,1.0,1.0,0.0,1.0,1.0,0.0,14.0,26.0,14.0
160848,Khizirpur Uperhar,1959,273,302,433,0,198.31,9.878473097675357,0.15416028586013272,0.22103113833588567,0.0,0.0,0.0,0.0,0.0,0.0,1.0,1.0,1.0,0.0,0.0,0.0,0.0,0.0,1.0,1.0,1.0,1.0,1.0,1.0,0.0,1.0,1.0,1.0,14.0,27.0,14.0
160849,Sarai Shah,72,14,11,72,0,27.99,2.572347266881029,0.1527777777777778,1.0,0.0,,,,,,0.0,,,,,,,,,,,,,,,1.0,1.0,1.0,,,
160850,Ziyauddinpur,264,50,41,0,0,28.14,9.381663113006397,0.1553030303030303,0.0,0.0,,,,,,,,,,,,,,,,,,,,,1.0,1.0,1.0,,,
160851,Fatehpur Budauna,192,36,22,16,0,57.23,3.3548838022016425,0.11458333333333333,0.08333333333333333,0.0,0.0,0.0,0.0,0.0,0.0,1.0,1.0,0.0,0.0,0.0,0.0,0.0,0.0,0.0,0.0,0.0,1.0,1.0,0.0,0.0,0.0,1.0,1.0,17.0,24.0,17.0
160852,Tekari,1122,135,211,0,0,126.0,8.904761904761905,0.18805704099821746,0.0,0.0,,,,,,,,,,,,,,,,,,,,,1.0,1.0,1.0,,,
160853,Dilshadpur,37,6,7,37,0,69.0,0.5362318840579711,0.1891891891891892,1.0,0.0,,,,,,0.0,,,,,,,,,,,,,,,1.0,1.0,1.0,,,
160854,Nasiranpur,0,0,0,0,0,7.69,0.0,,,,,,,,,,,,,,,,,,,,,,,,,,,,,
160855,Rasulpur Chandi,931,145,121,74,0,43.03,21.636067859632814,0.12996777658431793,0.079484425349087,0.0,0.0,0.0,0.0,0.0,0.0,0.0,1.0,1.0,0.0,1.0,0.0,0.0,0.0,0.0,0.0,0.0,1.0,1.0,0.0,0.0,0.0,1.0,1.0,13.0,15.0,13.0
160856,Kureser Uperhar,2810,467,397,589,0,264.43,10.626630866391862,0.1412811387900356,0.2096085409252669,0.0,0.0,0.0,0.0,0.0,0.0,0.0,1.0,1.0,0.0,0.0,0.0,0.0,0.0,0.0,0.0,1.0,0.0,1.0,0.0,0.0,0.0,0.0,1.0,7.0,,7.0
160857,Kaizirpur Kachar,0,0,0,0,0,104.75,0.0,,,,,,,,,,,,,,,,,,,,,,,,,,,14.0,27.0,14.0
160858,Kureser Kachhar,0,0,0,0,0,264.43,0.0,,,,,,,,,,,,,,,,,,,,,,,,,,,20.0,35.0,20.0
160859,Jalalpur Juda,212,41,36,110,0,59.0,3.593220338983051,0.16981132075471697,0.5188679245283019,0.0,,,,,,,,,,,,,,,,,,,,,1.0,1.0,1.0,,,
160860,Kakra,1032,150,184,74,0,90.0,11.466666666666667,0.17829457364341086,0.07170542635658915,0.0,,,,,,,,,,,,,,,,,,,,,1.0,1.0,1.0,,,
160861,Chaphri Kachhar,0,0,0,0,0,548.23,0.0,,,,,,,,,,,,,,,,,,,,,,,,,,,23.0,25.0,23.0
160862,Chaphri Uperhar,2474,365,382,537,0,215.0,11.506976744186046,0.1544058205335489,0.21705739692805173,0.0,,,,,,,,,,,,,,,,,,,,,1.0,1.0,1.0,,,
160863,Sarai Jado,1065,189,155,118,0,61.67,17.269336792605806,0.14553990610328638,0.1107981220657277,0.0,0.0,0.0,,0.0,0.0,0.0,1.0,1.0,1.0,0.0,0.0,0.0,0.0,0.0,0.0,1.0,1.0,1.0,0.0,0.0,1.0,1.0,1.0,12.0,19.0,12.0
160864,Rampur,1446,233,179,279,0,121.76,11.875821287779237,0.12378976486860305,0.19294605809128632,0.0,0.0,0.0,0.0,0.0,0.0,0.0,1.0,1.0,1.0,0.0,0.0,0.0,0.0,0.0,0.0,1.0,1.0,1.0,0.0,0.0,1.0,1.0,0.0,13.0,19.0,13.0
160865,Rasulpur Chandhan,545,93,90,78,0,43.03,12.665582151986985,0.1651376146788991,0.14311926605504588,0.0,0.0,0.0,0.0,0.0,0.0,0.0,1.0,1.0,0.0,1.0,0.0,0.0,0.0,0.0,0.0,0.0,1.0,1.0,0.0,0.0,0.0,1.0,1.0,13.0,15.0,13.0
160866,Tikri,3161,564,368,1470,0,177.39,17.81949377078753,0.11641885479278709,0.46504270800379627,0.0,0.0,0.0,,0.0,0.0,1.0,1.0,1.0,1.0,1.0,0.0,1.0,1.0,1.0,1.0,1.0,1.0,1.0,1.0,0.0,1.0,1.0,1.0,11.0,12.0,11.0
160867,Hathga,5967,1050,847,1106,0,311.98,19.126226040130778,0.1419473772414949,0.1853527735880677,0.0,0.0,0.0,0.0,0.0,0.0,1.0,1.0,1.0,1.0,1.0,0.0,0.0,1.0,1.0,1.0,1.0,1.0,1.0,1.0,1.0,1.0,1.0,1.0,10.0,11.0,10.0
160868,Mahru Dih,1198,198,147,146,0,90.85,13.186571271326363,0.12270450751252086,0.12186978297161936,0.0,0.0,0.0,0.0,0.0,0.0,0.0,1.0,1.0,0.0,0.0,0.0,0.0,0.0,1.0,1.0,1.0,1.0,1.0,0.0,0.0,0.0,1.0,1.0,10.0,16.0,10.0
160869,Malak Herher Uperhar,6227,1035,918,972,0,302.15,20.60896905510508,0.14742251485466518,0.15609442749317487,0.0,0.0,0.0,0.0,0.0,0.0,1.0,,,,,1.0,1.0,1.0,1.0,1.0,1.0,1.0,1.0,1.0,1.0,1.0,1.0,1.0,8.0,10.0,8.0
160870,Malakherher Kachhar,0,0,0,0,0,319.86,0.0,,,,,,,,,,,,,,,,,,,,,,,,,,,,,
160871,Mohammdpur Hathga,4862,825,627,700,0,210.21,23.12925170068027,0.12895927601809956,0.1439736733854381,0.0,0.0,0.0,0.0,0.0,0.0,0.0,1.0,0.0,0.0,0.0,0.0,1.0,0.0,0.0,0.0,1.0,1.0,1.0,0.0,0.0,1.0,1.0,1.0,12.0,17.0,12.0
160872,Mazra Chack Shahzainuddin,0,0,0,0,0,30.92,0.0,,,,,,,,,,,,,,,,,,,,,,,,,,,13.0,18.0,13.0
160873,Arazi Chack Hamid,0,0,0,0,0,14.9,0.0,,,,,,,,,,,,,,,,,,,,,,,,,,,,,
160874,Akbarpur Urf Gangaganj,2913,456,516,281,0,188.9,15.420857596611963,0.17713697219361482,0.09646412633024373,0.0,0.0,0.0,0.0,0.0,0.0,0.0,1.0,1.0,1.0,1.0,0.0,1.0,0.0,0.0,1.0,1.0,0.0,1.0,0.0,0.0,0.0,1.0,1.0,12.0,18.0,12.0
160875,Fatoohpur Uperhar,1510,260,244,406,0,96.42,15.660651317154118,0.16158940397350993,0.26887417218543047,0.0,0.0,0.0,0.0,0.0,0.0,1.0,1.0,0.0,0.0,0.0,0.0,1.0,0.0,0.0,0.0,1.0,1.0,0.0,1.0,0.0,1.0,1.0,1.0,13.0,20.0,13.0
160876,Chack Shah Hamid,376,65,41,281,0,35.21,10.678784436239704,0.10904255319148937,0.7473404255319149,0.0,0.0,0.0,0.0,0.0,0.0,0.0,1.0,0.0,0.0,0.0,0.0,1.0,0.0,0.0,1.0,0.0,0.0,1.0,0.0,0.0,1.0,0.0,1.0,13.0,21.0,13.0
160877,Chack Shah Zainuddin,0,0,0,0,0,6.44,0.0,,,,,,,,,,,,,,,,,,,,,,,,,,,13.0,18.0,13.0
160878,Fatoohpur Kachar,0,0,0,0,0,405.34,0.0,,,,,,,,,,,,,,,,,,,,,,,,,,,13.0,20.0,13.0
160879,Malikpur,749,119,164,188,0,4.22,177.48815165876778,0.21895861148197596,0.25100133511348466,0.0,0.0,0.0,0.0,0.0,0.0,1.0,1.0,0.0,0.0,0.0,0.0,0.0,0.0,0.0,0.0,1.0,1.0,1.0,0.0,1.0,1.0,1.0,1.0,17.0,25.0,17.0
160880,Akodhi,1280,210,134,481,0,135.39,9.45416943644287,0.1046875,0.37578125,0.0,0.0,0.0,0.0,0.0,0.0,0.0,1.0,1.0,1.0,1.0,0.0,1.0,0.0,0.0,0.0,1.0,1.0,1.0,0.0,0.0,0.0,1.0,1.0,28.0,53.0,28.0
160881,Chetpur Lakhni,459,80,56,91,0,49.93,9.192870018025236,0.12200435729847495,0.19825708061002179,0.0,0.0,0.0,0.0,0.0,0.0,0.0,1.0,1.0,1.0,1.0,0.0,1.0,0.0,0.0,0.0,1.0,1.0,1.0,1.0,0.0,0.0,1.0,1.0,22.0,54.0,22.0
160882,Achlupur,1313,232,146,263,0,130.01,10.099223136681795,0.11119573495811119,0.2003046458492003,0.0,0.0,0.0,0.0,0.0,0.0,0.0,1.0,1.0,1.0,1.0,0.0,1.0,0.0,0.0,0.0,1.0,1.0,1.0,1.0,0.0,0.0,1.0,1.0,29.0,54.0,29.0
160883,Dewapur,2678,452,331,702,0,175.32,15.274925849874515,0.12359970126960418,0.2621359223300971,0.0,0.0,0.0,0.0,0.0,0.0,0.0,1.0,0.0,1.0,1.0,0.0,1.0,0.0,0.0,0.0,1.0,1.0,1.0,0.0,0.0,0.0,1.0,1.0,26.0,46.0,26.0
160884,Aruwahw,3496,603,536,1174,0,350.25,9.981441827266238,0.15331807780320367,0.33581235697940504,0.0,0.0,0.0,0.0,0.0,0.0,0.0,1.0,1.0,1.0,1.0,0.0,1.0,0.0,0.0,0.0,1.0,1.0,1.0,1.0,0.0,1.0,1.0,1.0,20.0,42.0,20.0
160885,Bahadurpur,1607,300,244,422,0,145.25,11.06368330464716,0.15183571873055382,0.26260112009956443,0.0,0.0,0.0,0.0,0.0,0.0,0.0,1.0,1.0,1.0,1.0,0.0,1.0,0.0,0.0,0.0,1.0,1.0,1.0,1.0,0.0,0.0,1.0,1.0,27.0,52.0,27.0
160886,Mukundpur,5150,993,693,1009,0,519.45,9.914332467032438,0.1345631067961165,0.19592233009708737,0.0,,1.0,0.0,0.0,0.0,1.0,1.0,1.0,1.0,1.0,0.0,1.0,0.0,0.0,1.0,1.0,1.0,1.0,1.0,0.0,1.0,1.0,1.0,20.0,45.0,20.0
160887,Kalyanpur,7184,1118,917,2200,0,515.897,13.925260274822298,0.12764476614699333,0.3062360801781737,0.0,,,,,,,,,,,,,,,,,,,,,1.0,1.0,1.0,,,
160888,Unchdih,2595,445,344,573,0,197.02,13.171251649578723,0.1325626204238921,0.2208092485549133,0.0,0.0,0.0,0.0,0.0,0.0,0.0,1.0,1.0,1.0,1.0,0.0,1.0,0.0,0.0,0.0,1.0,1.0,0.0,1.0,0.0,1.0,1.0,1.0,18.0,38.0,18.0
160889,Madipur,598,90,73,248,0,74.605,8.015548555726827,0.12207357859531773,0.41471571906354515,0.0,0.0,0.0,0.0,0.0,0.0,0.0,1.0,0.0,0.0,1.0,0.0,1.0,0.0,1.0,1.0,1.0,0.0,1.0,0.0,0.0,0.0,1.0,1.0,27.0,48.0,27.0
160890,Umariasari,2272,384,304,554,0,198.378,11.452882880158082,0.13380281690140844,0.2438380281690141,0.0,0.0,0.0,0.0,0.0,0.0,0.0,1.0,0.0,1.0,1.0,0.0,1.0,0.0,0.0,0.0,1.0,1.0,1.0,1.0,0.0,0.0,1.0,1.0,,,
160891,Baladih,1961,353,261,427,0,206.92,9.477092596172435,0.13309535951045384,0.21774604793472718,0.0,0.0,0.0,0.0,0.0,0.0,0.0,1.0,1.0,1.0,1.0,0.0,1.0,0.0,0.0,0.0,1.0,1.0,0.0,1.0,0.0,1.0,1.0,1.0,18.0,38.0,18.0
160892,Jajapur,595,99,84,141,0,58.96,10.09158751696065,0.1411764705882353,0.23697478991596638,0.0,0.0,0.0,0.0,0.0,0.0,0.0,1.0,1.0,1.0,1.0,0.0,1.0,0.0,0.0,0.0,1.0,1.0,0.0,1.0,0.0,1.0,1.0,1.0,18.0,38.0,18.0
160893,Umaria Badal Urf Gainda,3706,594,567,772,0,467.7,7.923882830874493,0.15299514301133296,0.20831084727468968,0.0,0.0,0.0,0.0,0.0,0.0,0.0,1.0,0.0,1.0,1.0,0.0,0.0,0.0,0.0,0.0,1.0,1.0,1.0,0.0,0.0,0.0,1.0,1.0,14.0,40.0,14.0
160894,Babhanpur Urf Kalyanpur,2146,360,263,683,0,159.35,13.467210542830248,0.12255358807082944,0.31826654240447344,0.0,0.0,0.0,0.0,0.0,0.0,0.0,1.0,1.0,1.0,1.0,1.0,1.0,0.0,0.0,0.0,1.0,1.0,0.0,1.0,0.0,1.0,1.0,1.0,22.0,40.0,22.0
160895,Sarwagauhan Urfsinghgarh,2411,394,350,702,0,385.01,6.262175008441339,0.14516798009124846,0.29116549149730403,0.0,0.0,0.0,0.0,0.0,0.0,1.0,1.0,1.0,1.0,1.0,1.0,1.0,0.0,0.0,0.0,1.0,1.0,0.0,1.0,0.0,1.0,1.0,1.0,20.0,38.0,20.0
160896,Tulapur Khargapur,805,132,111,165,0,113.81,7.073192162375889,0.13788819875776398,0.20496894409937888,0.0,0.0,0.0,0.0,0.0,0.0,0.0,1.0,1.0,0.0,1.0,0.0,1.0,0.0,0.0,0.0,1.0,1.0,1.0,1.0,0.0,1.0,1.0,1.0,20.0,42.0,20.0
160897,Hasanpur,1152,190,152,358,0,175.68,6.557377049180328,0.13194444444444445,0.3107638888888889,0.0,0.0,0.0,0.0,0.0,0.0,0.0,1.0,1.0,1.0,1.0,0.0,1.0,0.0,0.0,0.0,1.0,0.0,1.0,0.0,0.0,1.0,1.0,1.0,17.0,32.0,17.0
160898,Niyaipur,1335,204,174,233,0,97.34,13.71481405383193,0.1303370786516854,0.1745318352059925,0.0,0.0,0.0,0.0,0.0,0.0,0.0,1.0,1.0,0.0,1.0,0.0,1.0,0.0,0.0,0.0,1.0,0.0,1.0,1.0,0.0,1.0,1.0,1.0,17.0,32.0,17.0
160899,Chaubara,4220,719,640,1126,0,244.24,17.278087127415656,0.15165876777251186,0.266824644549763,0.0,0.0,0.0,0.0,0.0,0.0,0.0,1.0,1.0,1.0,1.0,0.0,1.0,0.0,0.0,0.0,1.0,0.0,1.0,1.0,0.0,1.0,1.0,1.0,16.0,32.0,16.0
160900,Bardani,954,167,145,309,0,156.7,6.088066368857691,0.1519916142557652,0.3238993710691824,0.0,0.0,0.0,0.0,0.0,0.0,0.0,1.0,1.0,1.0,1.0,0.0,0.0,0.0,0.0,1.0,1.0,1.0,1.0,0.0,0.0,1.0,1.0,1.0,12.0,32.0,12.0
160901,Birsinghpur Ramgarh,3024,501,483,670,0,484.81,6.237495101173655,0.1597222222222222,0.22156084656084657,0.0,0.0,0.0,0.0,0.0,0.0,0.0,1.0,1.0,1.0,1.0,1.0,0.0,0.0,0.0,1.0,1.0,1.0,1.0,0.0,0.0,1.0,1.0,1.0,9.0,25.0,9.0
160902,Shahpur Kalyan Urf Newada,2386,394,364,577,0,174.49,13.674136053642043,0.15255658005029338,0.24182732606873428,0.0,0.0,0.0,0.0,0.0,0.0,0.0,1.0,1.0,1.0,1.0,0.0,0.0,0.0,0.0,1.0,1.0,1.0,1.0,0.0,0.0,1.0,1.0,1.0,12.0,32.0,12.0
160903,Jeetpur Dayal,1284,207,201,118,0,152.03,8.445701506281655,0.15654205607476634,0.09190031152647975,0.0,0.0,0.0,0.0,0.0,0.0,0.0,1.0,1.0,1.0,1.0,0.0,0.0,0.0,0.0,1.0,1.0,1.0,1.0,0.0,0.0,1.0,1.0,1.0,13.0,33.0,13.0
160904,Baherpur,1724,297,216,449,0,122.09,14.12073060856745,0.12529002320185614,0.2604408352668213,0.0,0.0,0.0,0.0,0.0,0.0,0.0,1.0,1.0,1.0,1.0,0.0,0.0,0.0,0.0,1.0,1.0,1.0,1.0,0.0,0.0,1.0,1.0,1.0,12.0,30.0,12.0
160905,Mairi,1389,228,164,273,0,202.73,6.8514773343856366,0.11807055435565154,0.19654427645788336,0.0,0.0,0.0,0.0,0.0,0.0,0.0,1.0,1.0,0.0,1.0,0.0,0.0,0.0,0.0,1.0,1.0,1.0,1.0,0.0,0.0,1.0,1.0,1.0,11.0,31.0,11.0
160906,Jamunipur,1298,230,221,362,0,82.69,15.697182246946427,0.17026194144838214,0.27889060092449924,0.0,0.0,0.0,0.0,0.0,0.0,0.0,1.0,1.0,0.0,1.0,0.0,1.0,0.0,0.0,1.0,1.0,0.0,0.0,0.0,0.0,0.0,1.0,1.0,10.0,34.0,10.0
160907,Kasturipur Kasturi,1588,297,254,687,0,97.99,16.205735279110115,0.15994962216624686,0.43261964735516373,0.0,0.0,0.0,0.0,0.0,0.0,0.0,1.0,1.0,1.0,1.0,0.0,1.0,0.0,0.0,1.0,1.0,1.0,1.0,0.0,0.0,1.0,1.0,1.0,10.0,34.0,10.0
160908,Sarai Bharat Urf Holagarh,3705,622,571,681,0,235.0,15.76595744680851,0.15411605937921727,0.18380566801619433,0.0,,,,,,,,,,,,,,,,,,,,,1.0,1.0,1.0,,,
160909,Sarai Hariram,1729,309,277,600,0,205.0,8.434146341463414,0.16020821283979178,0.3470213996529786,0.0,,,,,,,,,,,,,,,,,,,,,1.0,1.0,1.0,,,
160910,Rajapur Chaubara,2426,385,350,667,0,174.0,13.942528735632184,0.1442704039571311,0.2749381698268755,0.0,0.0,0.0,0.0,0.0,0.0,0.0,1.0,1.0,1.0,1.0,0.0,0.0,0.0,0.0,0.0,1.0,1.0,0.0,0.0,0.0,1.0,1.0,1.0,17.0,38.0,17.0
160911,Sarai Ganga Rampur,409,78,46,302,0,41.41,9.876841342670854,0.11246943765281174,0.7383863080684596,0.0,0.0,0.0,0.0,0.0,0.0,0.0,1.0,0.0,0.0,0.0,0.0,1.0,0.0,0.0,0.0,1.0,0.0,1.0,1.0,0.0,1.0,1.0,1.0,14.0,33.0,14.0
160912,Sultanpur Jaisingh,1032,170,161,101,0,79.25,13.022082018927446,0.1560077519379845,0.09786821705426356,0.0,0.0,0.0,0.0,0.0,0.0,0.0,1.0,1.0,0.0,1.0,0.0,0.0,0.0,0.0,0.0,1.0,0.0,1.0,0.0,0.0,1.0,1.0,1.0,15.0,32.0,15.0
160913,Sufipur Urf Dhusurpur,265,50,37,96,0,48.0,5.520833333333333,0.13962264150943396,0.3622641509433962,0.0,0.0,0.0,0.0,0.0,0.0,0.0,1.0,0.0,0.0,0.0,0.0,0.0,0.0,0.0,0.0,1.0,0.0,1.0,0.0,0.0,1.0,1.0,1.0,,,
160914,Sarai Madansingh Urf Chanti,3738,638,516,883,0,268.754,13.908630197131949,0.13804173354735153,0.23622257891920814,0.0,0.0,0.0,0.0,0.0,0.0,0.0,1.0,1.0,1.0,1.0,0.0,0.0,0.0,0.0,0.0,1.0,0.0,1.0,0.0,0.0,1.0,1.0,1.0,15.0,32.0,15.0
160915,Jaliasai,1216,209,193,603,0,117.0,10.393162393162394,0.15871710526315788,0.49588815789473684,0.0,0.0,0.0,0.0,0.0,0.0,0.0,1.0,0.0,0.0,0.0,0.0,0.0,0.0,0.0,0.0,1.0,0.0,1.0,0.0,0.0,1.0,1.0,1.0,15.0,30.0,15.0
160916,Dahiawan,5689,999,826,1643,0,231.56,24.568146484712386,0.14519247670943927,0.2888029530673229,0.0,0.0,0.0,0.0,0.0,0.0,0.0,1.0,1.0,1.0,0.0,0.0,0.0,0.0,0.0,0.0,1.0,0.0,1.0,0.0,0.0,1.0,1.0,1.0,15.0,40.0,15.0
160917,Sarai Chandrabhan Urf Odhra,1307,200,183,179,0,63.25,20.66403162055336,0.14001530221882172,0.1369548584544759,0.0,0.0,0.0,0.0,0.0,0.0,0.0,1.0,0.0,0.0,0.0,0.0,0.0,0.0,0.0,0.0,1.0,0.0,1.0,1.0,0.0,1.0,1.0,1.0,13.0,30.0,13.0
160918,Hansrajpur,2276,334,344,629,0,113.79,20.001757623692765,0.15114235500878734,0.27636203866432335,0.0,0.0,0.0,0.0,0.0,0.0,0.0,1.0,0.0,0.0,0.0,0.0,0.0,0.0,0.0,0.0,1.0,0.0,1.0,0.0,0.0,1.0,1.0,1.0,12.0,30.0,12.0
160919,Tarti,1325,241,173,231,0,84.26,15.725136482316637,0.13056603773584904,0.17433962264150943,0.0,0.0,0.0,0.0,0.0,0.0,0.0,1.0,0.0,0.0,0.0,0.0,0.0,0.0,0.0,0.0,1.0,0.0,1.0,0.0,0.0,1.0,1.0,1.0,15.0,33.0,15.0
160920,Gidharpur Gondwa,2792,497,419,1483,2,139.0,20.086330935251798,0.15007163323782235,0.5311604584527221,0.0007163323782234957,0.0,0.0,0.0,0.0,0.0,0.0,1.0,1.0,1.0,1.0,0.0,1.0,0.0,0.0,0.0,1.0,1.0,0.0,0.0,0.0,1.0,1.0,1.0,10.0,34.0,10.0
160921,Madupur Ramnagar,3051,529,389,932,0,249.15,12.245635159542443,0.12749918059652574,0.3054736152081285,0.0,0.0,0.0,0.0,0.0,0.0,0.0,1.0,1.0,1.0,0.0,0.0,0.0,0.0,0.0,0.0,1.0,1.0,1.0,0.0,0.0,1.0,0.0,1.0,18.0,43.0,18.0
160922,Pachim Nara,2925,477,503,505,0,1009.602,2.897181265488777,0.17196581196581195,0.17264957264957265,0.0,0.0,0.0,0.0,0.0,0.0,0.0,1.0,1.0,1.0,1.0,0.0,1.0,0.0,0.0,0.0,1.0,0.0,1.0,0.0,0.0,1.0,1.0,1.0,18.0,42.0,18.0
160923,Purab Nara,7957,1267,1209,1980,0,560.0,14.208928571428572,0.15194168656528842,0.24883750157094384,0.0,,,,,,,,,,,,,,,,,,,,,1.0,1.0,1.0,,,
160924,Kashipur,3158,573,443,745,0,192.14,16.43593213281982,0.1402786573780874,0.23590880303989867,0.0,0.0,0.0,0.0,0.0,0.0,0.0,1.0,1.0,0.0,0.0,0.0,0.0,0.0,0.0,0.0,1.0,0.0,1.0,0.0,0.0,1.0,1.0,1.0,18.0,40.0,18.0
160925,Ramdaspur,1952,318,297,783,8,118.4,16.486486486486484,0.1521516393442623,0.4011270491803279,0.004098360655737705,0.0,0.0,0.0,0.0,0.0,0.0,1.0,1.0,1.0,1.0,0.0,0.0,0.0,0.0,1.0,1.0,0.0,1.0,0.0,0.0,1.0,1.0,1.0,20.0,35.0,20.0
160926,Sarai Saheb,1606,259,205,211,0,72.66,22.102945224332508,0.12764632627646327,0.13138231631382316,0.0,0.0,0.0,0.0,0.0,0.0,0.0,1.0,1.0,0.0,0.0,0.0,0.0,0.0,0.0,0.0,0.0,0.0,1.0,0.0,0.0,1.0,1.0,1.0,15.0,37.0,15.0
160927,Jurapur Biher,3305,576,517,611,47,251.26,13.153705325161187,0.15642965204236006,0.1848714069591528,0.01422087745839637,0.0,0.0,0.0,0.0,0.0,0.0,1.0,1.0,1.0,1.0,0.0,0.0,0.0,0.0,1.0,1.0,1.0,1.0,0.0,0.0,1.0,1.0,1.0,17.0,32.0,17.0
160928,Kasturipur,2236,374,276,139,0,161.57,13.839202822306122,0.12343470483005367,0.06216457960644007,0.0,0.0,0.0,0.0,0.0,0.0,0.0,1.0,0.0,0.0,0.0,0.0,1.0,0.0,0.0,0.0,1.0,1.0,1.0,1.0,0.0,1.0,1.0,1.0,20.0,37.0,20.0
160929,Dewapur,730,123,92,18,0,73.96,9.870200108166577,0.12602739726027398,0.024657534246575342,0.0,0.0,0.0,0.0,0.0,0.0,0.0,1.0,1.0,1.0,1.0,0.0,0.0,1.0,1.0,1.0,1.0,1.0,1.0,0.0,0.0,0.0,1.0,1.0,14.0,30.0,14.0
160930,Barai Harakh,5549,894,758,598,0,349.11,15.894703675059436,0.13660118940349614,0.10776716525500091,0.0,0.0,0.0,0.0,0.0,0.0,0.0,1.0,1.0,1.0,1.0,0.0,0.0,0.0,0.0,1.0,1.0,0.0,1.0,1.0,0.0,1.0,1.0,1.0,15.0,35.0,15.0
160931,Berawan,3345,608,432,613,0,180.59,18.52262030012736,0.12914798206278028,0.18325859491778773,0.0,0.0,0.0,0.0,0.0,0.0,0.0,1.0,0.0,0.0,0.0,0.0,0.0,0.0,0.0,0.0,1.0,1.0,1.0,1.0,0.0,1.0,1.0,1.0,25.0,30.0,25.0
160932,Khergapur,1037,172,131,58,0,79.12,13.106673407482305,0.12632594021215043,0.055930568948891035,0.0,0.0,0.0,0.0,0.0,0.0,0.0,1.0,1.0,1.0,0.0,0.0,0.0,0.0,0.0,0.0,1.0,0.0,1.0,0.0,0.0,1.0,1.0,1.0,20.0,40.0,20.0
160933,Serawan,5815,919,883,1636,0,390.13,14.905287980929433,0.15184866723989682,0.28134135855546,0.0,0.0,0.0,0.0,0.0,0.0,0.0,1.0,0.0,1.0,1.0,0.0,0.0,0.0,0.0,0.0,1.0,0.0,1.0,1.0,0.0,1.0,1.0,1.0,12.0,25.0,12.0
160934,Arjunpur,1174,215,137,612,0,56.84,20.654468684025332,0.11669505962521294,0.5212947189097104,0.0,0.0,0.0,0.0,0.0,0.0,0.0,1.0,0.0,1.0,1.0,0.0,0.0,0.0,0.0,0.0,1.0,0.0,1.0,0.0,0.0,1.0,1.0,1.0,12.0,25.0,12.0
160935,Sarai Chndrabhan Urf Nansnsai,1541,279,220,800,0,147.73,10.43119203953158,0.1427644386761843,0.5191434133679429,0.0,0.0,0.0,0.0,0.0,0.0,0.0,1.0,1.0,1.0,1.0,0.0,0.0,0.0,0.0,0.0,1.0,1.0,1.0,0.0,0.0,1.0,1.0,1.0,15.0,32.0,15.0
160936,Bajha,2086,354,261,367,0,156.07,13.365797398603192,0.12511984659635667,0.17593480345158197,0.0,0.0,0.0,0.0,0.0,0.0,0.0,1.0,0.0,1.0,1.0,0.0,0.0,0.0,0.0,0.0,1.0,0.0,1.0,1.0,0.0,1.0,1.0,1.0,10.0,25.0,10.0
160937,Chack Gangagir,0,0,0,0,0,5.72,0.0,,,,,,,,,,,,,,,,,,,,,,,,,,,12.0,25.0,12.0
160938,Jagdishpur Sukali,606,104,79,69,0,39.68,15.272177419354838,0.13036303630363036,0.11386138613861387,0.0,0.0,0.0,0.0,0.0,0.0,0.0,1.0,1.0,1.0,1.0,0.0,0.0,0.0,0.0,0.0,1.0,0.0,1.0,0.0,0.0,1.0,1.0,1.0,15.0,34.0,15.0
160939,Mahespur,519,90,71,104,0,72.09,7.1993341656263,0.13680154142581888,0.2003853564547206,0.0,0.0,0.0,0.0,0.0,0.0,0.0,1.0,1.0,1.0,1.0,0.0,0.0,0.0,0.0,0.0,1.0,1.0,1.0,1.0,0.0,1.0,1.0,1.0,15.0,35.0,15.0
160940,Sulempur Urf Kamaipur,3179,513,460,818,0,173.15,18.35980363846376,0.14469959106637306,0.25731362063541996,0.0,0.0,0.0,0.0,0.0,0.0,0.0,1.0,1.0,1.0,1.0,0.0,0.0,0.0,0.0,0.0,1.0,0.0,1.0,0.0,0.0,1.0,1.0,1.0,15.0,32.0,15.0
160941,Fatehpur Ta. Shahabpur,670,111,81,177,0,78.74,8.509017018034037,0.1208955223880597,0.26417910447761195,0.0,0.0,0.0,0.0,0.0,0.0,0.0,1.0,1.0,0.0,1.0,0.0,0.0,0.0,0.0,0.0,1.0,0.0,1.0,0.0,0.0,0.0,1.0,1.0,14.0,32.0,14.0
160942,Jagdishpur Masni,2249,405,374,586,0,144.42,15.572635369062459,0.16629613161405069,0.2605602489995554,0.0,0.0,0.0,0.0,0.0,0.0,0.0,1.0,0.0,1.0,1.0,0.0,0.0,0.0,0.0,0.0,1.0,1.0,1.0,0.0,0.0,1.0,1.0,1.0,9.0,22.0,9.0
160943,Sarai Ramdaspur Urf Newada,1091,202,152,550,0,72.09,15.133860452212511,0.13932172318973418,0.5041246562786434,0.0,0.0,0.0,0.0,0.0,0.0,0.0,1.0,1.0,1.0,1.0,0.0,0.0,0.0,0.0,0.0,1.0,0.0,1.0,0.0,0.0,1.0,1.0,1.0,15.0,35.0,15.0
160944,Nigdilpur,2558,470,402,1008,0,236.01,10.838523791364773,0.15715402658326819,0.3940578577013292,0.0,0.0,0.0,0.0,0.0,0.0,0.0,1.0,0.0,1.0,1.0,0.0,0.0,0.0,0.0,0.0,1.0,1.0,1.0,1.0,0.0,1.0,1.0,1.0,9.0,22.0,9.0
160945,Pach Deora,3775,653,524,1155,0,230.17,16.400921058348178,0.13880794701986754,0.30596026490066225,0.0,0.0,0.0,0.0,0.0,0.0,0.0,1.0,0.0,1.0,1.0,0.0,0.0,0.0,0.0,0.0,1.0,0.0,1.0,0.0,0.0,1.0,1.0,1.0,7.0,25.0,7.0
160946,Judapur Karnai,88,15,9,42,0,19.9,4.42211055276382,0.10227272727272728,0.4772727272727273,0.0,0.0,0.0,0.0,0.0,0.0,0.0,1.0,0.0,1.0,0.0,0.0,0.0,0.0,0.0,0.0,1.0,1.0,1.0,1.0,0.0,0.0,1.0,1.0,9.0,22.0,9.0
160947,Sultanpur Akbar,4207,749,608,576,0,228.978,18.372944125636522,0.14452103636795816,0.13691466603280247,0.0,0.0,0.0,0.0,0.0,0.0,0.0,1.0,1.0,1.0,1.0,0.0,0.0,0.0,0.0,0.0,1.0,0.0,0.0,0.0,0.0,1.0,1.0,1.0,9.0,33.0,9.0
160948,Jamalpur,528,101,81,297,0,58.12,9.084652443220923,0.1534090909090909,0.5625,0.0,0.0,0.0,0.0,0.0,0.0,0.0,1.0,1.0,1.0,0.0,0.0,1.0,0.0,0.0,0.0,1.0,0.0,1.0,0.0,0.0,0.0,1.0,1.0,8.0,35.0,8.0
160949,Shri Rampur,0,0,0,0,0,30.84,0.0,,,,,,,,,,,,,,,,,,,,,,,,,,,8.0,38.0,8.0
160950,Jadopur,2118,340,295,496,0,151.55,13.975585615308479,0.1392823418319169,0.23418319169027385,0.0,0.0,0.0,0.0,0.0,0.0,0.0,1.0,1.0,1.0,0.0,0.0,1.0,0.0,0.0,0.0,1.0,0.0,1.0,0.0,0.0,1.0,1.0,1.0,5.0,30.0,5.0
160951,Sangipur,812,158,124,404,0,83.75,9.695522388059702,0.15270935960591134,0.4975369458128079,0.0,0.0,0.0,0.0,0.0,0.0,0.0,1.0,0.0,1.0,1.0,0.0,0.0,0.0,0.0,1.0,1.0,0.0,1.0,1.0,0.0,1.0,1.0,1.0,7.0,27.0,7.0
160952,Jagdishpur Sarai Bharat,227,47,38,116,0,33.7,6.735905044510385,0.16740088105726872,0.5110132158590308,0.0,0.0,0.0,0.0,0.0,0.0,0.0,1.0,1.0,1.0,0.0,0.0,0.0,0.0,0.0,0.0,1.0,0.0,1.0,0.0,0.0,1.0,1.0,1.0,8.0,30.0,8.0
160953,Durgapur,568,86,75,110,0,39.12,14.519427402862986,0.13204225352112675,0.1936619718309859,0.0,0.0,0.0,0.0,0.0,0.0,0.0,1.0,1.0,0.0,0.0,0.0,0.0,0.0,0.0,0.0,1.0,0.0,1.0,0.0,0.0,0.0,1.0,1.0,9.0,28.0,9.0
160954,Birsinghpur Saraibharat,532,93,78,120,0,29.0,18.344827586206897,0.14661654135338345,0.22556390977443608,0.0,0.0,0.0,0.0,0.0,0.0,0.0,1.0,1.0,0.0,0.0,0.0,0.0,0.0,0.0,1.0,1.0,0.0,1.0,0.0,0.0,0.0,1.0,1.0,10.0,30.0,10.0
160955,Garabpur,1119,194,162,514,0,103.32,10.830429732868758,0.1447721179624665,0.45933869526362825,0.0,0.0,0.0,0.0,0.0,0.0,0.0,1.0,1.0,0.0,0.0,0.0,1.0,0.0,0.0,0.0,1.0,0.0,1.0,0.0,0.0,1.0,1.0,1.0,11.0,32.0,11.0
160956,Persupur Nari,432,82,62,84,0,59.71,7.234969016915089,0.14351851851851852,0.19444444444444445,0.0,0.0,0.0,0.0,0.0,0.0,0.0,1.0,1.0,0.0,1.0,0.0,0.0,0.0,0.0,1.0,1.0,0.0,1.0,0.0,0.0,1.0,1.0,1.0,15.0,33.0,15.0
160957,Malapur,1629,305,228,649,0,194.0,8.396907216494846,0.13996316758747698,0.3984039287906691,0.0,,,,,,,,,,,,,,,,,,,,,1.0,1.0,1.0,,,
160958,Bhuwanpur,355,54,46,66,0,28.95,12.26252158894646,0.1295774647887324,0.18591549295774648,0.0,0.0,0.0,0.0,0.0,0.0,0.0,1.0,1.0,1.0,0.0,0.0,1.0,0.0,0.0,0.0,1.0,0.0,1.0,0.0,0.0,0.0,1.0,1.0,9.0,29.0,9.0
160959,Kamalpur,2104,319,339,373,0,139.0,15.136690647482014,0.16112167300380228,0.17728136882129278,0.0,,,,,,,,,,,,,,,,,,,,,1.0,1.0,1.0,,,
160960,Pershotampur,1671,291,271,599,0,135.59,12.32391769304521,0.16217833632555356,0.3584679832435667,0.0,0.0,0.0,0.0,0.0,0.0,0.0,1.0,1.0,1.0,0.0,0.0,0.0,0.0,0.0,0.0,1.0,0.0,1.0,0.0,0.0,1.0,1.0,1.0,,,
160961,Balaimau,953,183,135,201,0,81.46,11.698993370979624,0.1416579223504722,0.21091290661070305,0.0,0.0,0.0,0.0,0.0,0.0,0.0,1.0,1.0,1.0,1.0,0.0,1.0,0.0,0.0,0.0,1.0,0.0,1.0,0.0,0.0,0.0,1.0,1.0,7.0,30.0,7.0
160962,Chandpur Sarai Bharat,2604,424,349,447,0,265.44,9.810126582278482,0.13402457757296468,0.1716589861751152,0.0,0.0,0.0,0.0,0.0,0.0,0.0,1.0,1.0,1.0,1.0,0.0,1.0,0.0,0.0,0.0,1.0,0.0,1.0,1.0,0.0,1.0,1.0,1.0,5.0,25.0,5.0
160963,Dalaipur,215,40,25,108,0,33.24,6.468110709987966,0.11627906976744186,0.5023255813953489,0.0,0.0,0.0,0.0,0.0,0.0,0.0,1.0,1.0,1.0,1.0,0.0,1.0,0.0,0.0,0.0,1.0,0.0,1.0,1.0,0.0,0.0,1.0,1.0,5.0,25.0,5.0
160964,Haridih,1398,234,220,236,0,115.33,12.121737622474638,0.15736766809728184,0.1688125894134478,0.0,0.0,0.0,0.0,0.0,0.0,0.0,1.0,1.0,1.0,1.0,0.0,0.0,0.0,0.0,0.0,1.0,0.0,1.0,1.0,0.0,0.0,1.0,1.0,6.0,26.0,6.0
160965,Imam Kulipur,718,120,119,297,0,68.83,10.431497893360454,0.16573816155988857,0.4136490250696379,0.0,0.0,0.0,0.0,0.0,0.0,0.0,1.0,1.0,1.0,1.0,0.0,0.0,0.0,0.0,0.0,1.0,0.0,1.0,1.0,0.0,1.0,1.0,1.0,7.0,27.0,7.0
160966,Bhagautipur Khuranna,1792,296,280,254,0,129.62,13.825027002005863,0.15625,0.14174107142857142,0.0,0.0,0.0,0.0,0.0,0.0,0.0,1.0,1.0,1.0,1.0,0.0,1.0,0.0,0.0,0.0,1.0,0.0,1.0,1.0,0.0,1.0,1.0,1.0,5.0,25.0,5.0
160967,Usmanpur,403,83,66,47,0,41.91,9.615843474111191,0.16377171215880892,0.11662531017369727,0.0,0.0,0.0,0.0,0.0,0.0,0.0,1.0,1.0,1.0,1.0,0.0,1.0,0.0,0.0,0.0,1.0,1.0,1.0,0.0,0.0,0.0,1.0,1.0,5.0,25.0,5.0
160968,Krishnapur,1200,203,194,349,0,49.22,24.380333197887037,0.16166666666666665,0.29083333333333333,0.0,0.0,0.0,0.0,0.0,0.0,0.0,1.0,1.0,1.0,1.0,0.0,0.0,0.0,0.0,0.0,1.0,0.0,1.0,1.0,0.0,1.0,1.0,1.0,5.0,25.0,5.0
160969,Tawakkalpur,617,86,97,16,0,121.91,5.061110655401526,0.15721231766612642,0.02593192868719611,0.0,0.0,0.0,0.0,0.0,0.0,0.0,1.0,1.0,1.0,1.0,0.0,0.0,0.0,0.0,0.0,0.0,0.0,1.0,0.0,0.0,0.0,1.0,1.0,5.0,25.0,5.0
160970,Raiya,3177,525,478,874,0,336.04,9.454231639090583,0.1504564054139125,0.2751022977651873,0.0,0.0,0.0,0.0,0.0,0.0,0.0,1.0,1.0,1.0,1.0,0.0,1.0,0.0,1.0,0.0,1.0,1.0,1.0,1.0,0.0,1.0,1.0,1.0,2.0,22.0,2.0
160971,Sarai Baju,2603,498,437,1265,0,188.3,13.823685608072225,0.1678832116788321,0.4859777180176719,0.0,0.0,0.0,0.0,0.0,0.0,0.0,1.0,1.0,1.0,1.0,0.0,0.0,0.0,0.0,0.0,1.0,1.0,1.0,1.0,0.0,1.0,1.0,1.0,1.0,21.0,1.0
160972,Phulpurbam Urf Bhikhu,493,69,61,2,0,36.0,13.694444444444445,0.12373225152129817,0.004056795131845842,0.0,,,,,,,,,,,,,,,,,,,,,1.0,1.0,1.0,,,
160973,Phulpurbikram Urf Gopalpur,309,34,79,0,0,19.0,16.263157894736842,0.255663430420712,0.0,0.0,1.0,,1.0,,,,,,,,,,,,,,,,,,1.0,1.0,1.0,,,
160974,Siswan,3484,568,515,684,0,344.57,10.111153031314393,0.1478185993111366,0.19632606199770378,0.0,0.0,0.0,0.0,0.0,0.0,0.0,1.0,1.0,1.0,0.0,0.0,0.0,0.0,0.0,0.0,1.0,0.0,1.0,0.0,0.0,1.0,1.0,1.0,12.0,37.0,12.0
160975,Jogipur,2003,339,334,758,0,416.11,4.813631011030737,0.16674987518721918,0.3784323514727908,0.0,0.0,0.0,0.0,0.0,0.0,0.0,1.0,0.0,1.0,0.0,0.0,0.0,0.0,0.0,0.0,1.0,0.0,1.0,1.0,0.0,0.0,1.0,1.0,13.0,36.0,13.0
160976,Sulempur,869,171,166,183,0,168.26,5.164626173778676,0.19102416570771003,0.21058688147295743,0.0,0.0,0.0,0.0,0.0,0.0,0.0,1.0,0.0,1.0,0.0,0.0,0.0,0.0,0.0,0.0,0.0,0.0,1.0,1.0,0.0,1.0,1.0,1.0,13.0,36.0,13.0
160977,Sarai Badshan Kuli,2401,375,420,528,0,249.81,9.611304591489532,0.1749271137026239,0.21990837151187007,0.0,0.0,0.0,0.0,0.0,0.0,0.0,1.0,0.0,1.0,0.0,0.0,0.0,0.0,0.0,0.0,1.0,1.0,1.0,1.0,0.0,1.0,1.0,1.0,12.0,30.0,12.0
160978,Madari,1745,291,301,496,0,169.38,10.302278899515882,0.17249283667621776,0.2842406876790831,0.0,0.0,0.0,0.0,0.0,0.0,0.0,1.0,1.0,1.0,0.0,0.0,0.0,0.0,0.0,0.0,1.0,0.0,1.0,0.0,0.0,1.0,1.0,1.0,12.0,37.0,12.0
160979,Banka Jalalpur,5683,882,896,1174,0,132.363,42.93495916532566,0.15766320605314094,0.20658103114552173,0.0,0.0,0.0,0.0,0.0,0.0,1.0,1.0,1.0,1.0,1.0,1.0,0.0,0.0,1.0,1.0,1.0,0.0,1.0,1.0,0.0,0.0,1.0,1.0,10.0,24.0,10.0
160980,Alawalpur,4345,663,675,890,0,369.787,11.750007436713569,0.15535097813578827,0.2048331415420023,0.0,,,,,,,,,,,,,,,,,,,,,1.0,1.0,1.0,,,
160981,Markhamau,3475,554,594,619,0,269.37,12.90047147046813,0.17093525179856114,0.1781294964028777,0.0,0.0,0.0,0.0,0.0,0.0,0.0,1.0,1.0,0.0,1.0,0.0,1.0,0.0,0.0,0.0,1.0,1.0,1.0,0.0,0.0,1.0,1.0,1.0,13.0,36.0,13.0
160982,Sultanpur Khas,4700,701,741,735,0,266.8,17.616191904047977,0.1576595744680851,0.15638297872340426,0.0,0.0,0.0,0.0,0.0,0.0,0.0,1.0,1.0,0.0,1.0,0.0,1.0,1.0,1.0,1.0,1.0,1.0,1.0,1.0,1.0,1.0,1.0,1.0,12.0,35.0,12.0
160983,Sarai Alauddin Urf Jogapur,826,128,120,52,0,41.58,19.865319865319865,0.14527845036319612,0.06295399515738499,0.0,0.0,0.0,,0.0,1.0,0.0,1.0,1.0,0.0,1.0,0.0,1.0,0.0,1.0,1.0,1.0,1.0,1.0,1.0,0.0,0.0,1.0,1.0,11.0,34.0,11.0
160984,Mohammadpur Sarai Ali,2768,401,458,718,0,151.2,18.306878306878307,0.16546242774566475,0.25939306358381503,0.0,0.0,0.0,0.0,0.0,0.0,1.0,1.0,0.0,1.0,0.0,0.0,0.0,0.0,1.0,1.0,1.0,1.0,1.0,1.0,1.0,1.0,1.0,1.0,12.0,32.0,12.0
160985,Mohammadpur Maganpur,966,153,174,169,0,77.8,12.416452442159384,0.18012422360248448,0.17494824016563146,0.0,0.0,0.0,0.0,0.0,0.0,1.0,1.0,0.0,1.0,0.0,0.0,1.0,0.0,1.0,1.0,1.0,1.0,1.0,1.0,0.0,0.0,1.0,1.0,12.0,31.0,12.0
160986,Ramnager Gansiari,4858,765,773,1251,0,351.9,13.805058255186132,0.15911897900370522,0.25751337999176616,0.0,0.0,0.0,0.0,0.0,0.0,1.0,1.0,1.0,0.0,1.0,0.0,0.0,0.0,1.0,1.0,1.0,1.0,1.0,0.0,0.0,1.0,1.0,1.0,17.0,47.0,17.0
160987,Dubahi,2102,308,358,76,0,151.92,13.836229594523434,0.170313986679353,0.03615604186489058,0.0,0.0,0.0,0.0,0.0,0.0,1.0,1.0,1.0,0.0,1.0,1.0,0.0,0.0,1.0,1.0,1.0,1.0,1.0,0.0,0.0,1.0,1.0,1.0,17.0,37.0,17.0
160988,Misir Patti,243,48,37,93,0,24.65,9.858012170385397,0.1522633744855967,0.38271604938271603,0.0,0.0,0.0,0.0,0.0,0.0,0.0,1.0,0.0,0.0,0.0,0.0,0.0,0.0,0.0,0.0,0.0,0.0,0.0,0.0,0.0,0.0,1.0,1.0,18.0,40.0,18.0
160989,Malkhanpur,1352,194,236,378,0,183.92,7.35102218355807,0.17455621301775148,0.27958579881656803,0.0,0.0,0.0,0.0,0.0,0.0,0.0,1.0,0.0,0.0,0.0,0.0,1.0,0.0,0.0,0.0,0.0,0.0,1.0,0.0,0.0,1.0,1.0,1.0,18.0,40.0,18.0
160990,Gadh Champa,1886,307,316,481,0,185.19,10.184135212484476,0.16755037115588547,0.2550371155885472,0.0,0.0,0.0,0.0,0.0,0.0,0.0,1.0,1.0,1.0,1.0,0.0,0.0,0.0,0.0,1.0,0.0,0.0,1.0,0.0,0.0,1.0,1.0,1.0,26.0,43.0,26.0
160991,Basdaiya,1463,220,227,284,0,373.62,3.91574326856164,0.15516062884483936,0.19412166780587833,0.0,0.0,0.0,0.0,0.0,0.0,0.0,1.0,0.0,0.0,0.0,0.0,1.0,0.0,0.0,0.0,0.0,0.0,0.0,0.0,0.0,1.0,1.0,1.0,18.0,40.0,18.0
160992,Baraepur,797,127,86,131,0,100.28,7.947746310331073,0.10790464240903387,0.164366373902133,0.0,0.0,0.0,0.0,0.0,0.0,1.0,1.0,1.0,0.0,1.0,0.0,0.0,0.0,0.0,1.0,0.0,1.0,1.0,1.0,0.0,1.0,1.0,1.0,20.0,50.0,20.0
160993,Deogalpur,2529,396,381,901,0,347.42,7.279373668758275,0.1506524317912218,0.35626729932779755,0.0,0.0,0.0,0.0,0.0,0.0,0.0,1.0,1.0,1.0,1.0,0.0,0.0,0.0,1.0,1.0,1.0,0.0,1.0,1.0,0.0,1.0,1.0,1.0,27.0,44.0,27.0
160994,Dharauta,2968,495,437,1391,0,59.6,49.79865771812081,0.14723719676549865,0.4686657681940701,0.0,0.0,1.0,0.0,0.0,0.0,1.0,1.0,1.0,0.0,1.0,0.0,0.0,0.0,0.0,1.0,1.0,0.0,1.0,1.0,0.0,1.0,1.0,1.0,22.0,52.0,22.0
160995,Gheenpur,8104,1319,1289,1529,2,516.66,15.685363682112028,0.1590572556762093,0.18867226061204342,0.00024679170779861795,0.0,0.0,0.0,0.0,0.0,0.0,1.0,1.0,1.0,1.0,0.0,0.0,0.0,1.0,1.0,1.0,0.0,1.0,1.0,0.0,1.0,1.0,1.0,28.0,45.0,28.0
160996,Anedhi,638,122,128,494,0,115.07,5.544451203615191,0.2006269592476489,0.774294670846395,0.0,0.0,0.0,0.0,0.0,0.0,1.0,1.0,0.0,0.0,0.0,0.0,0.0,0.0,1.0,1.0,1.0,1.0,1.0,0.0,0.0,1.0,1.0,1.0,16.0,46.0,16.0
160997,Kathwer Perwaizpur,3576,574,550,1282,0,17.04,209.85915492957747,0.15380313199105144,0.35850111856823264,0.0,0.0,0.0,0.0,0.0,0.0,1.0,1.0,1.0,0.0,1.0,0.0,0.0,0.0,0.0,0.0,1.0,1.0,1.0,1.0,0.0,1.0,1.0,1.0,16.0,40.0,16.0
160998,Birsinghpur Urf Allipur,1845,326,210,744,0,117.27,15.732924021488872,0.11382113821138211,0.4032520325203252,0.0,0.0,0.0,0.0,0.0,0.0,0.0,1.0,0.0,1.0,1.0,0.0,0.0,0.0,0.0,0.0,1.0,0.0,1.0,1.0,0.0,1.0,1.0,1.0,16.0,38.0,16.0
160999,Chack Baher,287,34,53,0,0,22.6,12.699115044247787,0.18466898954703834,0.0,0.0,0.0,0.0,0.0,0.0,0.0,0.0,1.0,0.0,0.0,1.0,0.0,0.0,0.0,0.0,0.0,1.0,0.0,1.0,0.0,0.0,1.0,1.0,1.0,17.0,39.0,17.0
161000,Sarai Atan Urf Naugira,1845,284,333,491,0,97.36,18.95028759244043,0.18048780487804877,0.2661246612466125,0.0,0.0,0.0,0.0,0.0,0.0,0.0,1.0,0.0,0.0,1.0,0.0,0.0,0.0,0.0,0.0,1.0,,1.0,1.0,0.0,1.0,0.0,1.0,16.0,38.0,38.0
161001,Mau Aima,13878,2247,2228,3045,0,1145.455,12.115709477893065,0.16054186482202046,0.21941201902291396,0.0,0.0,0.0,1.0,0.0,0.0,0.0,1.0,0.0,1.0,1.0,0.0,0.0,1.0,1.0,1.0,1.0,0.0,1.0,1.0,1.0,1.0,1.0,1.0,12.0,36.0,36.0
161002,Rasoolpur,659,107,91,53,0,92.76,7.104355325571366,0.13808801213960548,0.08042488619119878,0.0,0.0,0.0,0.0,0.0,0.0,0.0,1.0,0.0,0.0,0.0,0.0,0.0,0.0,0.0,0.0,1.0,0.0,1.0,0.0,0.0,0.0,0.0,1.0,16.0,,
161003,Bishambherpur,1182,197,169,313,0,86.38,13.683723084047234,0.14297800338409475,0.26480541455160744,0.0,0.0,0.0,0.0,0.0,0.0,0.0,1.0,0.0,1.0,1.0,0.0,,0.0,0.0,0.0,1.0,0.0,1.0,1.0,0.0,1.0,0.0,1.0,14.0,39.0,39.0
161004,Jalalpur Katata,730,106,108,159,0,59.97,12.17275304318826,0.14794520547945206,0.21780821917808219,0.0,0.0,0.0,0.0,0.0,0.0,0.0,1.0,0.0,0.0,0.0,,1.0,0.0,0.0,0.0,1.0,0.0,1.0,1.0,0.0,0.0,0.0,1.0,17.0,39.0,39.0
161005,Sakra Mau,4315,771,675,1093,0,383.0,11.266318537859007,0.1564310544611819,0.2533024333719583,0.0,0.0,0.0,0.0,0.0,0.0,1.0,1.0,1.0,1.0,1.0,0.0,0.0,1.0,0.0,1.0,1.0,1.0,1.0,1.0,0.0,1.0,1.0,1.0,7.0,29.0,29.0
161006,Sarai Lalu,887,152,133,472,0,53.0,16.735849056603772,0.14994363021420518,0.532130777903044,0.0,0.0,0.0,0.0,0.0,0.0,1.0,1.0,1.0,1.0,1.0,0.0,0.0,0.0,0.0,1.0,1.0,1.0,1.0,0.0,0.0,1.0,1.0,1.0,7.0,29.0,29.0
161007,Pil Khuwa,2239,378,333,503,0,204.56,10.945443879546342,0.14872711031710584,0.22465386333184456,0.0,0.0,0.0,0.0,0.0,0.0,0.0,1.0,0.0,0.0,1.0,0.0,0.0,0.0,0.0,0.0,1.0,1.0,1.0,1.0,0.0,0.0,1.0,1.0,10.0,30.0,30.0
161008,Katra Dayaram,2487,414,368,812,0,224.0,11.102678571428571,0.14796944109368718,0.32649778850020106,0.0,0.0,0.0,0.0,0.0,0.0,0.0,1.0,0.0,0.0,0.0,0.0,1.0,0.0,0.0,1.0,1.0,1.0,1.0,1.0,0.0,1.0,0.0,1.0,10.0,30.0,30.0
161009,Saraikesho Urf Bagi,3051,471,507,363,0,118.28,25.794724382820426,0.16617502458210423,0.11897738446411013,0.0,0.0,0.0,0.0,0.0,0.0,0.0,1.0,1.0,1.0,1.0,1.0,1.0,0.0,0.0,1.0,1.0,1.0,1.0,1.0,0.0,1.0,1.0,1.0,9.0,29.0,29.0
161010,Bisani Urf Shikohabad,1518,265,208,382,0,194.0,7.824742268041237,0.1370223978919631,0.2516469038208169,0.0,0.0,0.0,0.0,0.0,0.0,1.0,1.0,1.0,1.0,1.0,0.0,0.0,0.0,0.0,1.0,1.0,1.0,1.0,0.0,0.0,1.0,1.0,1.0,9.0,29.0,29.0
161011,Ratansainpur,2181,357,280,185,0,88.0,24.78409090909091,0.12838147638697844,0.08482347546996791,0.0,0.0,0.0,0.0,0.0,0.0,1.0,1.0,1.0,0.0,1.0,1.0,0.0,1.0,0.0,1.0,1.0,1.0,1.0,1.0,0.0,1.0,1.0,1.0,7.0,29.0,29.0
161012,Tikari Taluka Abdalpur,2706,495,374,884,0,227.44,11.897643334505803,0.13821138211382114,0.3266814486326681,0.0,0.0,0.0,0.0,0.0,0.0,0.0,1.0,1.0,1.0,0.0,0.0,1.0,0.0,1.0,1.0,0.0,0.0,1.0,1.0,0.0,1.0,1.0,1.0,8.0,33.0,33.0
161013,Nazarpur,291,42,54,48,0,60.09,4.842735896155766,0.18556701030927836,0.16494845360824742,0.0,0.0,0.0,0.0,0.0,0.0,0.0,1.0,1.0,0.0,0.0,0.0,0.0,0.0,0.0,0.0,0.0,1.0,1.0,1.0,0.0,0.0,1.0,0.0,10.0,30.0,30.0
161014,Ramaipur,862,142,137,170,0,130.93,6.583670663713434,0.15893271461716937,0.19721577726218098,0.0,0.0,0.0,0.0,0.0,0.0,0.0,1.0,1.0,0.0,0.0,0.0,1.0,0.0,0.0,1.0,0.0,1.0,1.0,1.0,0.0,1.0,1.0,1.0,7.0,27.0,27.0
161015,Raghunathpur Herduwa,610,96,74,119,0,23.74,25.69502948609941,0.12131147540983607,0.19508196721311474,0.0,0.0,0.0,0.0,0.0,0.0,0.0,1.0,1.0,0.0,1.0,0.0,1.0,0.0,0.0,1.0,1.0,1.0,1.0,0.0,0.0,1.0,1.0,0.0,7.0,28.0,28.0
161016,Harakhpur,1554,238,239,300,0,249.05,6.239710901425417,0.1537966537966538,0.19305019305019305,0.0,1.0,0.0,,0.0,0.0,0.0,1.0,1.0,1.0,1.0,0.0,1.0,0.0,0.0,0.0,1.0,1.0,1.0,1.0,0.0,0.0,1.0,1.0,9.0,30.0,30.0
161017,Mahraunda,5264,843,818,1674,0,238.79,22.044474224213744,0.1553951367781155,0.3180091185410334,0.0,0.0,0.0,0.0,0.0,0.0,1.0,1.0,,1.0,1.0,0.0,1.0,0.0,0.0,0.0,1.0,1.0,1.0,0.0,0.0,0.0,0.0,1.0,10.0,40.0,10.0
161018,Cheete Mau,4547,723,680,953,0,341.74,13.305436881839995,0.14954915328788213,0.20958873982845833,0.0,0.0,0.0,0.0,0.0,0.0,0.0,1.0,0.0,1.0,0.0,0.0,0.0,0.0,0.0,0.0,1.0,1.0,1.0,1.0,0.0,1.0,1.0,0.0,12.0,30.0,30.0
161019,Mani Umarpur,3890,594,514,989,2,273.84,14.205375401694422,0.13213367609254498,0.25424164524421594,0.0005141388174807198,0.0,0.0,0.0,0.0,0.0,1.0,1.0,1.0,1.0,1.0,1.0,0.0,0.0,0.0,0.0,1.0,1.0,,1.0,0.0,1.0,1.0,1.0,13.0,33.0,
161020,Mirzapur Abubakarpur,99,15,14,0,0,16.27,6.084818684695759,0.1414141414141414,0.0,0.0,0.0,0.0,0.0,0.0,0.0,0.0,1.0,1.0,1.0,1.0,0.0,1.0,0.0,1.0,1.0,1.0,1.0,1.0,1.0,0.0,0.0,0.0,1.0,11.0,30.0,
161021,Shahbazpur,2098,350,320,453,0,266.05,7.885735763954144,0.15252621544327932,0.21591992373689228,0.0,0.0,0.0,0.0,0.0,0.0,0.0,1.0,0.0,1.0,0.0,0.0,0.0,0.0,0.0,0.0,1.0,1.0,1.0,1.0,0.0,1.0,1.0,1.0,10.0,30.0,30.0
161022,Jamkhuri,3267,543,490,1247,0,312.95,10.439367311072056,0.1499846954392409,0.381695745332109,0.0,0.0,0.0,0.0,0.0,0.0,0.0,1.0,0.0,1.0,0.0,0.0,0.0,0.0,0.0,0.0,1.0,1.0,1.0,1.0,0.0,1.0,1.0,1.0,8.0,30.0,30.0
161023,Gadiyani,4202,653,740,953,0,258.91,16.229577845583407,0.17610661589719181,0.2267967634459781,0.0,0.0,0.0,0.0,0.0,0.0,0.0,1.0,1.0,1.0,1.0,0.0,0.0,0.0,0.0,0.0,1.0,1.0,1.0,0.0,0.0,1.0,0.0,1.0,7.0,30.0,30.0
161024,Sikandarpur,2269,356,367,604,0,268.71,8.444047486137473,0.1617452622300573,0.2661965623622741,0.0,0.0,0.0,0.0,0.0,0.0,1.0,1.0,0.0,1.0,1.0,1.0,1.0,0.0,0.0,0.0,0.0,1.0,1.0,0.0,0.0,1.0,1.0,1.0,10.0,40.0,8.0
161025,Yasinpur,2774,465,481,576,0,178.9,15.505869200670766,0.17339581831290554,0.2076423936553713,0.0,0.0,0.0,0.0,0.0,0.0,0.0,1.0,0.0,0.0,0.0,0.0,0.0,0.0,0.0,0.0,1.0,1.0,1.0,1.0,0.0,1.0,1.0,1.0,7.0,28.0,28.0
161026,Dewaria,1405,221,241,295,0,105.45,13.32385016595543,0.17153024911032028,0.2099644128113879,0.0,0.0,0.0,0.0,0.0,0.0,0.0,1.0,0.0,1.0,1.0,0.0,0.0,0.0,0.0,1.0,1.0,1.0,1.0,0.0,0.0,0.0,1.0,1.0,5.0,27.0,27.0
161027,Gadhina,3966,588,578,709,0,220.78,17.96358365794003,0.14573877962682805,0.17876954109934443,0.0,0.0,0.0,0.0,0.0,0.0,0.0,1.0,1.0,1.0,1.0,0.0,1.0,0.0,0.0,0.0,1.0,1.0,1.0,1.0,0.0,1.0,1.0,1.0,6.0,30.0,30.0
161028,Semra Birbhanpur,2373,404,473,415,0,212.2,11.182846371347786,0.19932574799831437,0.1748841129372103,0.0,0.0,0.0,0.0,0.0,0.0,0.0,1.0,1.0,0.0,1.0,0.0,0.0,0.0,0.0,0.0,1.0,0.0,1.0,0.0,0.0,1.0,1.0,1.0,9.0,30.0,30.0
161029,Malak Payagi,2106,376,331,729,0,181.69,11.591171776102152,0.15716999050332384,0.34615384615384615,0.0,0.0,0.0,0.0,0.0,0.0,0.0,1.0,1.0,1.0,1.0,0.0,1.0,0.0,0.0,0.0,1.0,0.0,1.0,0.0,0.0,1.0,1.0,1.0,9.0,32.0,32.0
161030,Purkhipur,2003,334,309,299,0,167.81,11.936118228949407,0.15426859710434349,0.1492760858711932,0.0,0.0,0.0,0.0,0.0,0.0,0.0,1.0,1.0,1.0,1.0,0.0,1.0,0.0,0.0,0.0,0.0,1.0,1.0,0.0,0.0,0.0,1.0,1.0,9.0,30.0,30.0
161031,Khargapur,2144,357,363,706,0,207.25,10.344993968636912,0.16930970149253732,0.3292910447761194,0.0,0.0,0.0,0.0,0.0,0.0,0.0,1.0,1.0,1.0,1.0,0.0,0.0,0.0,0.0,1.0,1.0,1.0,1.0,0.0,0.0,1.0,0.0,1.0,10.0,30.0,30.0
161032,Tawakkalpur,605,76,78,39,0,10.13,59.723593287265544,0.12892561983471074,0.06446280991735537,0.0,0.0,0.0,0.0,0.0,0.0,0.0,1.0,0.0,0.0,0.0,0.0,1.0,0.0,0.0,0.0,0.0,0.0,1.0,0.0,0.0,1.0,1.0,1.0,10.0,32.0,10.0
161033,Ismailpur,1350,219,185,399,0,79.0,17.088607594936708,0.13703703703703704,0.29555555555555557,0.0,,,,,,,,,,,,,,,,,,,,,1.0,1.0,1.0,,,
161034,Birbhanpur,711,121,105,0,0,70.11,10.141206675224646,0.14767932489451477,0.0,0.0,0.0,0.0,0.0,0.0,0.0,0.0,1.0,1.0,0.0,1.0,0.0,0.0,0.0,0.0,0.0,1.0,0.0,1.0,0.0,0.0,1.0,1.0,1.0,15.0,32.0,32.0
161035,Puranpur,1073,187,154,181,0,79.0,13.582278481012658,0.1435228331780056,0.16868592730661697,0.0,0.0,0.0,0.0,0.0,0.0,0.0,1.0,1.0,1.0,1.0,0.0,0.0,0.0,0.0,0.0,1.0,0.0,1.0,0.0,0.0,1.0,1.0,1.0,8.0,31.0,31.0
161036,Persupur Gopal,373,65,73,137,0,59.51,6.2678541421609815,0.19571045576407506,0.3672922252010724,0.0,0.0,0.0,0.0,0.0,0.0,0.0,1.0,1.0,0.0,1.0,0.0,1.0,0.0,0.0,0.0,1.0,0.0,,,,0.0,1.0,1.0,8.0,31.0,31.0
161037,Baramau,1424,221,180,389,0,155.0,9.187096774193549,0.12640449438202248,0.2731741573033708,0.0,0.0,0.0,0.0,0.0,0.0,0.0,1.0,1.0,0.0,1.0,0.0,0.0,0.0,0.0,0.0,1.0,0.0,1.0,,,1.0,1.0,1.0,8.0,31.0,31.0
161038,Surajbhanpur,764,125,119,200,0,60.93,12.538979156408994,0.15575916230366493,0.2617801047120419,0.0,0.0,0.0,0.0,0.0,0.0,0.0,1.0,0.0,0.0,0.0,0.0,0.0,0.0,0.0,0.0,1.0,1.0,1.0,1.0,0.0,1.0,1.0,1.0,6.0,28.0,
161039,Kasturipur Herkishun,428,59,81,139,0,88.03,4.861978870839486,0.18925233644859812,0.3247663551401869,0.0,0.0,0.0,0.0,0.0,0.0,0.0,1.0,0.0,0.0,0.0,0.0,1.0,0.0,0.0,0.0,1.0,1.0,1.0,1.0,0.0,0.0,0.0,1.0,6.0,28.0,
161040,Khaninar,627,87,115,250,0,124.58,5.032910579547279,0.18341307814992025,0.39872408293460926,0.0,0.0,0.0,0.0,0.0,0.0,0.0,1.0,1.0,1.0,1.0,0.0,0.0,1.0,1.0,0.0,1.0,1.0,1.0,1.0,0.0,0.0,1.0,1.0,5.0,30.0,30.0
161041,Chack Qazi,634,89,88,109,0,31.64,20.037926675094816,0.138801261829653,0.1719242902208202,0.0,0.0,0.0,0.0,0.0,0.0,0.0,1.0,1.0,1.0,1.0,0.0,,0.0,0.0,0.0,,0.0,1.0,0.0,0.0,1.0,1.0,0.0,6.0,30.0,30.0
161042,Ramnagar Umrinizampur,1181,206,148,275,0,171.03,6.90522130620359,0.12531752751905165,0.23285351397121085,0.0,0.0,0.0,0.0,0.0,0.0,0.0,1.0,1.0,1.0,1.0,0.0,0.0,1.0,1.0,1.0,1.0,,1.0,1.0,0.0,1.0,1.0,1.0,6.0,30.0,30.0
161043,Akhaipur,236,38,38,43,0,47.0,5.0212765957446805,0.16101694915254236,0.18220338983050846,0.0,0.0,0.0,0.0,0.0,0.0,0.0,1.0,1.0,0.0,0.0,0.0,1.0,0.0,1.0,1.0,1.0,0.0,1.0,1.0,0.0,1.0,1.0,1.0,7.0,32.0,32.0
161044,Rampur Urf Kalyanshah,603,100,100,108,0,31.0,19.451612903225808,0.16583747927031509,0.1791044776119403,0.0,0.0,0.0,0.0,0.0,0.0,0.0,1.0,1.0,0.0,0.0,0.0,0.0,0.0,1.0,1.0,0.0,0.0,1.0,1.0,0.0,1.0,1.0,1.0,6.0,31.0,31.0
161045,Dadauli,1988,319,311,363,0,149.0,13.342281879194632,0.15643863179074446,0.18259557344064387,0.0,0.0,0.0,0.0,0.0,0.0,0.0,1.0,1.0,1.0,0.0,0.0,1.0,0.0,1.0,1.0,1.0,1.0,1.0,1.0,0.0,1.0,1.0,1.0,5.0,30.0,30.0
161046,Abdalpur,5054,838,762,1438,0,481.6,10.494186046511627,0.15077166600712308,0.2845271072417887,0.0,0.0,0.0,0.0,0.0,0.0,0.0,1.0,0.0,0.0,0.0,0.0,0.0,0.0,1.0,1.0,1.0,0.0,1.0,0.0,0.0,1.0,1.0,1.0,3.0,25.0,25.0
161047,Jagdishpur Dayal,758,124,103,38,0,36.98,20.497566252028125,0.1358839050131926,0.05013192612137203,0.0,0.0,0.0,0.0,0.0,0.0,0.0,1.0,0.0,0.0,0.0,0.0,0.0,0.0,0.0,0.0,0.0,0.0,1.0,0.0,0.0,1.0,1.0,1.0,6.0,28.0,
161048,Jagdishpur Medi,638,100,77,33,0,39.69,16.074577979339885,0.1206896551724138,0.05172413793103448,0.0,0.0,0.0,0.0,0.0,0.0,0.0,1.0,1.0,0.0,0.0,0.0,1.0,0.0,0.0,1.0,1.0,1.0,1.0,1.0,0.0,1.0,1.0,1.0,8.0,28.0,28.0
161049,Tejopur,1067,164,131,256,0,104.14,10.245822930670252,0.12277413308341144,0.23992502343017807,0.0,0.0,0.0,0.0,0.0,0.0,0.0,1.0,1.0,1.0,1.0,0.0,1.0,0.0,0.0,0.0,0.0,1.0,1.0,0.0,0.0,0.0,1.0,1.0,5.0,27.0,27.0
161050,Saidaha,414,74,29,0,0,30.45,13.596059113300493,0.07004830917874397,0.0,0.0,0.0,0.0,0.0,0.0,0.0,0.0,1.0,1.0,0.0,0.0,0.0,1.0,0.0,0.0,0.0,1.0,1.0,1.0,0.0,0.0,0.0,1.0,0.0,6.0,28.0,28.0
161051,Ismailpur Ta.Abdalpur,1371,195,227,384,0,93.94,14.594421971471153,0.16557257476294676,0.2800875273522976,0.0,0.0,0.0,0.0,0.0,0.0,0.0,1.0,1.0,1.0,0.0,0.0,0.0,0.0,0.0,0.0,0.0,0.0,1.0,0.0,0.0,0.0,1.0,1.0,6.0,28.0,28.0
161052,Ramapur,425,84,73,274,0,31.96,13.297872340425531,0.17176470588235293,0.6447058823529411,0.0,0.0,0.0,0.0,0.0,0.0,0.0,1.0,1.0,0.0,0.0,0.0,0.0,0.0,0.0,0.0,1.0,0.0,1.0,1.0,0.0,0.0,0.0,0.0,3.0,25.0,
161053,Saraidina,1603,296,263,796,0,237.16,6.759149940968123,0.16406737367436058,0.49656893325015594,0.0,0.0,0.0,,0.0,0.0,0.0,1.0,1.0,0.0,1.0,0.0,1.0,0.0,0.0,1.0,1.0,1.0,1.0,1.0,0.0,1.0,1.0,1.0,9.0,29.0,29.0
161054,Akberpur Saraidina,1134,170,174,175,0,123.33,9.194843103867672,0.15343915343915343,0.15432098765432098,0.0,0.0,0.0,0.0,0.0,0.0,0.0,1.0,1.0,1.0,1.0,0.0,1.0,0.0,,0.0,0.0,0.0,1.0,0.0,0.0,0.0,1.0,1.0,10.0,32.0,32.0
161055,Malakbela,1956,341,297,599,0,160.39,12.195274019577282,0.15184049079754602,0.3062372188139059,0.0,0.0,0.0,0.0,0.0,0.0,0.0,1.0,1.0,1.0,1.0,0.0,1.0,0.0,,0.0,1.0,1.0,1.0,0.0,0.0,1.0,1.0,1.0,8.0,29.0,29.0
161056,Daudpurnewada,676,101,94,187,0,44.86,15.06910387873384,0.1390532544378698,0.27662721893491127,0.0,0.0,0.0,0.0,0.0,0.0,0.0,1.0,1.0,0.0,0.0,0.0,1.0,0.0,0.0,0.0,1.0,1.0,1.0,1.0,0.0,1.0,1.0,1.0,5.0,25.0,25.0
161057,Yasinpur,234,34,37,0,0,58.1,4.027538726333907,0.1581196581196581,0.0,0.0,0.0,0.0,0.0,0.0,0.0,0.0,1.0,1.0,1.0,1.0,0.0,1.0,0.0,0.0,0.0,0.0,1.0,1.0,0.0,0.0,1.0,1.0,1.0,5.0,25.0,25.0
161058,Jamui,2284,346,384,479,0,144.37,15.820461314677564,0.1681260945709282,0.2097197898423818,0.0,0.0,0.0,0.0,0.0,0.0,,1.0,1.0,0.0,1.0,0.0,1.0,0.0,0.0,0.0,1.0,0.0,1.0,0.0,0.0,1.0,1.0,1.0,9.0,30.0,30.0
161059,Badgaon,5091,878,736,1343,0,300.33,16.95135351113775,0.14456884698487527,0.2637988607346297,0.0,0.0,1.0,0.0,0.0,0.0,0.0,1.0,1.0,1.0,1.0,0.0,0.0,0.0,0.0,0.0,1.0,1.0,1.0,1.0,0.0,1.0,1.0,1.0,5.0,25.0,
161060,Pipari,193,35,17,0,0,30.74,6.278464541314249,0.08808290155440414,0.0,0.0,0.0,0.0,0.0,0.0,0.0,0.0,1.0,1.0,,,0.0,1.0,0.0,0.0,0.0,0.0,0.0,0.0,0.0,0.0,0.0,1.0,1.0,7.0,30.0,
161061,Shaikhpur Sarai Bharat,839,141,133,180,0,66.71,12.57682506370859,0.15852205005959474,0.21454112038140644,0.0,0.0,0.0,0.0,0.0,0.0,0.0,1.0,1.0,0.0,0.0,0.0,1.0,0.0,0.0,0.0,1.0,1.0,1.0,1.0,0.0,1.0,1.0,1.0,7.0,25.0,
161062,Chackmanmohan Das,405,78,77,310,0,24.02,16.860949208992505,0.19012345679012346,0.7654320987654321,0.0,0.0,0.0,0.0,0.0,0.0,0.0,1.0,1.0,1.0,0.0,0.0,1.0,0.0,0.0,0.0,1.0,1.0,1.0,1.0,0.0,1.0,1.0,1.0,5.0,28.0,26.0
161063,Nasirpur Dayan,828,135,126,348,0,23.8,34.78991596638655,0.15217391304347827,0.42028985507246375,0.0,0.0,0.0,0.0,0.0,0.0,0.0,1.0,1.0,1.0,1.0,0.0,1.0,0.0,0.0,0.0,0.0,0.0,1.0,1.0,0.0,0.0,1.0,1.0,2.0,20.0,20.0
161064,Mohammadpurnaugawan,3562,609,490,806,1,158.86,22.422258592471355,0.13756316676024705,0.22627737226277372,0.00028074115665356543,0.0,0.0,0.0,0.0,0.0,0.0,1.0,1.0,1.0,1.0,0.0,1.0,0.0,0.0,0.0,1.0,1.0,1.0,0.0,0.0,1.0,1.0,1.0,3.0,20.0,20.0
161065,Khemkaranpur,0,0,0,0,0,9.84,0.0,,,,,,,,,,,,,,,,,,,,,,,,,,,7.0,26.0,
161066,Balkaranpur,1448,250,242,450,0,63.0,22.984126984126984,0.1671270718232044,0.31077348066298344,0.0,,,,,,,,,,,,,,,,,,,,,1.0,1.0,1.0,,,
161067,Tulsipur,882,135,130,275,0,57.0,15.473684210526315,0.1473922902494331,0.31179138321995464,0.0,,,,,,,,,,,,,,,,,,,,,1.0,1.0,1.0,,,
161068,Manhgupur,436,63,65,216,0,43.0,10.13953488372093,0.14908256880733944,0.4954128440366973,0.0,,,,,,,,,,,,,,,,,,,,,1.0,1.0,1.0,,,
161069,Saraiarjun Urf Hermadila,837,142,122,130,0,44.16,18.95380434782609,0.14575866188769415,0.15531660692951016,0.0,0.0,0.0,0.0,0.0,0.0,1.0,1.0,1.0,1.0,1.0,0.0,1.0,0.0,0.0,0.0,1.0,,1.0,,0.0,1.0,1.0,1.0,5.0,25.0,
161070,Narainpur,944,187,127,214,0,64.0,14.75,0.13453389830508475,0.2266949152542373,0.0,,,,,,,,,,,,,,,,,,,,,1.0,1.0,1.0,,,
161071,Khemanandpur,685,119,85,398,0,77.28,8.863871635610765,0.12408759124087591,0.581021897810219,0.0,0.0,0.0,0.0,0.0,0.0,0.0,1.0,1.0,1.0,1.0,0.0,1.0,0.0,0.0,0.0,1.0,1.0,1.0,1.0,0.0,1.0,1.0,1.0,4.0,24.0,
161072,Mohammad Pur Barboli,118,20,17,0,0,14.95,7.892976588628763,0.1440677966101695,0.0,0.0,0.0,0.0,0.0,0.0,0.0,0.0,1.0,1.0,0.0,0.0,0.0,1.0,0.0,0.0,0.0,0.0,0.0,1.0,0.0,0.0,0.0,0.0,0.0,7.0,20.0,
161073,Rohi,588,104,86,202,0,41.51,14.165261382799326,0.14625850340136054,0.3435374149659864,0.0,0.0,0.0,0.0,0.0,0.0,0.0,1.0,1.0,0.0,1.0,0.0,,0.0,0.0,0.0,1.0,0.0,1.0,,0.0,1.0,1.0,1.0,5.0,44.0,
161074,Gopalpur,0,0,0,0,0,11.38,0.0,,,,,,,,,,,,,,,,,,,,,,,,,,,6.0,25.0,
161075,Madhopurmalakchaturi,242,45,42,0,0,32.74,7.39156994502138,0.17355371900826447,0.0,0.0,0.0,0.0,0.0,0.0,0.0,0.0,1.0,1.0,0.0,1.0,0.0,0.0,1.0,0.0,0.0,0.0,0.0,1.0,0.0,0.0,0.0,0.0,0.0,6.0,25.0,
161076,Judapur Dandu,1706,285,248,408,0,119.75,14.24634655532359,0.14536928487690504,0.2391559202813599,0.0,0.0,0.0,0.0,0.0,0.0,1.0,1.0,1.0,0.0,1.0,0.0,1.0,1.0,0.0,0.0,1.0,0.0,1.0,0.0,0.0,1.0,1.0,1.0,5.0,25.0,
161077,Alipur,556,93,86,43,0,37.0,15.027027027027026,0.15467625899280577,0.07733812949640288,0.0,,,,,,,,,,,,,,,,,,,,,1.0,1.0,1.0,,,
161078,Krishnapur,856,148,146,463,0,33.43,25.605743344301526,0.1705607476635514,0.5408878504672897,0.0,0.0,0.0,0.0,0.0,0.0,0.0,1.0,1.0,1.0,1.0,0.0,1.0,0.0,0.0,0.0,1.0,0.0,1.0,0.0,0.0,0.0,1.0,1.0,6.0,25.0,
161079,Sarailalkhatoon Urf Sheogarh,4442,693,667,929,0,171.0,25.976608187134502,0.15015758667266996,0.20914002701485818,0.0,,,,,,,,,,,,,,,,,,,,,1.0,1.0,1.0,,,
161080,Dhamapur Balkaranpur,541,84,97,0,0,70.88,7.632618510158014,0.17929759704251386,0.0,0.0,0.0,0.0,0.0,0.0,0.0,0.0,1.0,1.0,1.0,1.0,0.0,1.0,0.0,0.0,0.0,0.0,0.0,1.0,1.0,0.0,0.0,1.0,0.0,,25.0,25.0
161081,Rajapurmalhua,953,150,134,276,0,240.09,3.96934482902245,0.14060860440713535,0.28961175236096537,0.0,0.0,0.0,,0.0,0.0,0.0,1.0,1.0,0.0,1.0,0.0,0.0,0.0,0.0,0.0,1.0,0.0,1.0,1.0,0.0,0.0,0.0,1.0,3.0,24.0,24.0
161082,Raghopur Jangalpur,266,54,35,51,0,24.78,10.734463276836157,0.13157894736842105,0.19172932330827067,0.0,0.0,0.0,0.0,0.0,0.0,0.0,1.0,1.0,0.0,1.0,0.0,1.0,0.0,0.0,0.0,0.0,0.0,1.0,0.0,0.0,0.0,0.0,0.0,1.5,23.0,23.0
161083,Dhamapur Abdalpur,1369,235,222,308,0,132.36,10.343003928679359,0.16216216216216217,0.22498173849525202,0.0,0.0,0.0,0.0,0.0,0.0,1.0,1.0,1.0,1.0,1.0,1.0,1.0,0.0,1.0,1.0,1.0,0.0,1.0,1.0,0.0,0.0,0.0,1.0,1.0,24.0,24.0
161084,Akaripur,1258,207,178,153,0,67.28,18.69797859690844,0.14149443561208266,0.12162162162162163,0.0,0.0,0.0,0.0,0.0,0.0,1.0,1.0,1.0,1.0,1.0,1.0,,0.0,0.0,0.0,1.0,0.0,1.0,1.0,0.0,0.0,1.0,1.0,1.0,25.0,25.0
161085,Rajapurpersuram,1225,206,154,175,0,98.41,12.447921959150493,0.12571428571428572,0.14285714285714285,0.0,0.0,0.0,0.0,0.0,0.0,0.0,1.0,1.0,0.0,0.0,0.0,0.0,0.0,0.0,0.0,1.0,0.0,0.0,1.0,0.0,1.0,1.0,1.0,4.0,22.0,
161086,Ahbipur,1677,262,247,237,0,117.37,14.288148589929284,0.14728682170542637,0.1413237924865832,0.0,0.0,0.0,0.0,0.0,0.0,0.0,1.0,1.0,0.0,0.0,0.0,0.0,0.0,0.0,0.0,1.0,0.0,0.0,1.0,0.0,1.0,1.0,1.0,4.0,26.0,
161087,Padaraiya,2097,354,335,544,0,129.85,16.149403157489413,0.1597520267048164,0.25941821649976154,0.0,0.0,0.0,0.0,0.0,0.0,1.0,1.0,1.0,1.0,1.0,0.0,1.0,0.0,,1.0,1.0,1.0,1.0,0.0,0.0,1.0,1.0,1.0,2.0,22.0,22.0
161088,Deoberpur,544,91,88,292,0,15.51,35.07414571244359,0.16176470588235295,0.5367647058823529,0.0,0.0,0.0,0.0,0.0,0.0,1.0,1.0,1.0,0.0,1.0,1.0,,0.0,0.0,0.0,1.0,0.0,1.0,1.0,0.0,0.0,1.0,1.0,1.0,23.0,23.0
161089,Dandoopur,1951,367,263,1074,0,129.13,15.108805080151786,0.13480266529984622,0.5504869297796002,0.0,0.0,0.0,0.0,0.0,0.0,1.0,1.0,1.0,1.0,1.0,1.0,1.0,1.0,0.0,0.0,1.0,0.0,1.0,1.0,0.0,0.0,1.0,1.0,1.5,23.0,23.0
161090,Jagdishpur Balakaranpur,717,100,114,34,0,23.68,30.278716216216218,0.1589958158995816,0.04741980474198047,0.0,0.0,0.0,0.0,0.0,0.0,0.0,1.0,1.0,0.0,1.0,0.0,0.0,0.0,0.0,0.0,1.0,0.0,1.0,0.0,0.0,1.0,1.0,1.0,2.0,23.0,23.0
161091,Rajapurmaqsudan,381,81,50,242,0,111.18,3.4268753372908796,0.13123359580052493,0.6351706036745407,0.0,0.0,0.0,0.0,0.0,0.0,1.0,1.0,0.0,0.0,0.0,1.0,,1.0,1.0,1.0,1.0,0.0,1.0,1.0,0.0,0.0,1.0,1.0,1.0,22.0,22.0
161092,Mirzapurbaraisheo,1181,181,210,287,0,27.78,42.51259899208063,0.17781541066892464,0.24301439458086369,0.0,0.0,0.0,0.0,0.0,0.0,0.0,1.0,1.0,0.0,1.0,1.0,1.0,0.0,1.0,1.0,1.0,1.0,0.0,1.0,0.0,0.0,1.0,1.0,3.0,24.0,22.0
161093,Rajapurquasba,500,91,59,171,0,53.16,9.405568096313019,0.118,0.342,0.0,0.0,0.0,0.0,0.0,0.0,1.0,1.0,1.0,1.0,1.0,1.0,,1.0,0.0,0.0,0.0,0.0,1.0,0.0,0.0,0.0,1.0,1.0,1.5,23.0,23.0
161094,Badhaiya,1102,191,146,297,0,83.0,13.27710843373494,0.132486388384755,0.2695099818511797,0.0,0.0,0.0,0.0,0.0,0.0,1.0,1.0,1.0,0.0,1.0,0.0,1.0,0.0,,0.0,1.0,1.0,1.0,0.0,0.0,1.0,1.0,1.0,2.0,19.0,19.0
161095,Phulpur Urf Lusanpur,1228,216,207,355,0,71.24,17.237507018528916,0.16856677524429967,0.2890879478827362,0.0,0.0,0.0,0.0,0.0,0.0,1.0,1.0,1.0,1.0,1.0,0.0,1.0,1.0,0.0,0.0,1.0,1.0,1.0,0.0,0.0,1.0,1.0,1.0,40.0,13.0,
161096,Sersa,2742,476,394,642,0,147.15,18.634046890927625,0.1436907366885485,0.23413566739606126,0.0,0.0,0.0,0.0,0.0,0.0,1.0,1.0,1.0,1.0,1.0,0.0,0.0,1.0,0.0,0.0,1.0,1.0,1.0,1.0,0.0,0.0,1.0,1.0,2.0,22.0,22.0
161097,Tulapur Ta. Abdalpur,856,98,152,0,0,111.76,7.659269863994273,0.17757009345794392,0.0,0.0,0.0,0.0,0.0,0.0,0.0,1.0,1.0,1.0,0.0,0.0,0.0,1.0,0.0,,1.0,1.0,1.0,1.0,0.0,0.0,0.0,1.0,1.0,4.0,19.0,19.0
161098,Madhopur Urf Sadhanganj,3470,587,531,567,0,149.41,23.224683756107357,0.15302593659942362,0.1634005763688761,0.0,0.0,0.0,0.0,0.0,0.0,0.0,1.0,1.0,1.0,0.0,0.0,0.0,0.0,0.0,0.0,1.0,0.0,1.0,1.0,0.0,1.0,1.0,1.0,5.0,27.0,
161099,Shaikhpursathwa,707,124,112,383,0,75.86,9.319799630899025,0.15841584158415842,0.5417256011315418,0.0,0.0,0.0,0.0,0.0,0.0,0.0,1.0,0.0,1.0,1.0,0.0,1.0,1.0,1.0,0.0,1.0,1.0,1.0,0.0,0.0,0.0,0.0,0.0,,,
161100,Yusufpur,1616,267,260,793,0,95.8,16.86847599164927,0.1608910891089109,0.4907178217821782,0.0,0.0,0.0,0.0,0.0,0.0,0.0,1.0,0.0,1.0,1.0,0.0,1.0,1.0,1.0,0.0,1.0,1.0,1.0,0.0,0.0,0.0,0.0,0.0,6.0,24.0,
161101,Sewaith,7875,1410,1140,2064,20,238.1,33.07433851322973,0.14476190476190476,0.2620952380952381,0.0025396825396825397,0.0,0.0,0.0,0.0,0.0,0.0,1.0,0.0,1.0,1.0,0.0,1.0,1.0,0.0,0.0,1.0,1.0,1.0,1.0,0.0,0.0,0.0,1.0,7.0,24.0,
161102,Badalpur,1075,184,137,202,0,82.37,13.050868034478572,0.12744186046511627,0.18790697674418605,0.0,0.0,0.0,0.0,0.0,0.0,1.0,1.0,1.0,1.0,1.0,0.0,1.0,0.0,0.0,0.0,1.0,1.0,1.0,1.0,0.0,1.0,1.0,1.0,5.0,13.0,
161103,Aswan Urf Hajiganj,1079,162,163,410,0,60.24,17.91168658698539,0.15106580166821132,0.3799814643188137,0.0,0.0,0.0,0.0,0.0,0.0,1.0,1.0,1.0,1.0,1.0,0.0,1.0,0.0,0.0,0.0,1.0,1.0,1.0,1.0,0.0,1.0,0.0,1.0,5.0,13.0,
161104,Bhawapur,1110,203,142,329,0,54.0,20.555555555555557,0.12792792792792793,0.2963963963963964,0.0,,,,,,,,,,,,,,,,,,,,,1.0,1.0,1.0,,,
161105,Diha,1260,193,180,0,0,54.53,23.106546854942234,0.14285714285714285,0.0,0.0,0.0,0.0,0.0,0.0,0.0,1.0,1.0,1.0,0.0,1.0,0.0,0.0,1.0,1.0,1.0,1.0,1.0,1.0,0.0,0.0,1.0,1.0,0.0,,15.0,
161106,Gohri,10207,1692,1570,3279,0,563.44,18.11550475649581,0.15381600862153424,0.32125012246497503,0.0,0.0,0.0,,0.0,0.0,0.0,1.0,1.0,1.0,1.0,1.0,0.0,0.0,0.0,1.0,1.0,1.0,1.0,1.0,0.0,1.0,1.0,1.0,5.0,15.0,15.0
161107,Saraichandra Bhankhas,511,116,65,175,0,52.0,9.826923076923077,0.12720156555772993,0.3424657534246575,0.0,,,,,,,,,,,,,,,,,,,,,1.0,1.0,1.0,,,
161108,Saraichandrabhan Urf Samaspur,1270,170,203,33,0,57.83,21.960919937748574,0.15984251968503937,0.025984251968503937,0.0,0.0,0.0,0.0,0.0,0.0,0.0,1.0,0.0,1.0,1.0,0.0,0.0,0.0,0.0,0.0,1.0,0.0,1.0,0.0,0.0,1.0,1.0,1.0,6.0,27.0,27.0
161109,Ratulasai,69,13,3,0,0,87.0,0.7931034482758621,0.043478260869565216,0.0,0.0,,,,,,0.0,,,,,,,,,,,,,,,1.0,1.0,1.0,,,
161110,Akberpur Bhatpurwa,6,1,0,0,0,35.4,0.16949152542372883,0.0,0.0,0.0,0.0,0.0,0.0,0.0,0.0,0.0,1.0,0.0,0.0,0.0,0.0,1.0,0.0,0.0,0.0,1.0,0.0,1.0,0.0,0.0,0.0,0.0,0.0,5.0,25.0,
161111,Lakhanpur Karan,1173,231,175,480,0,144.4,8.123268698060942,0.14919011082693948,0.4092071611253197,0.0,0.0,0.0,0.0,0.0,0.0,0.0,1.0,0.0,1.0,1.0,0.0,0.0,0.0,0.0,0.0,1.0,0.0,1.0,0.0,0.0,1.0,1.0,1.0,7.0,28.0,28.0
161112,Lakhanpur Kandu,923,162,127,112,0,72.0,12.819444444444445,0.13759479956663057,0.12134344528710726,0.0,0.0,0.0,0.0,0.0,0.0,0.0,1.0,1.0,1.0,1.0,0.0,0.0,0.0,0.0,0.0,1.0,1.0,1.0,0.0,0.0,1.0,1.0,1.0,7.0,27.0,27.0
161113,Shahabpur,5160,901,767,1643,0,294.28,17.534321054777763,0.14864341085271318,0.3184108527131783,0.0,0.0,0.0,0.0,0.0,0.0,0.0,1.0,1.0,1.0,1.0,0.0,0.0,1.0,0.0,0.0,1.0,1.0,1.0,0.0,0.0,1.0,1.0,1.0,9.0,27.0,27.0
161114,Saraiphatte,1648,277,214,474,0,89.03,18.51061439964057,0.12985436893203883,0.28762135922330095,0.0,,0.0,0.0,0.0,0.0,0.0,1.0,1.0,1.0,1.0,0.0,1.0,1.0,0.0,0.0,1.0,1.0,1.0,1.0,1.0,1.0,1.0,1.0,12.0,20.0,20.0
161115,Wari,2891,496,416,875,0,240.25,12.033298647242455,0.14389484607402284,0.3026634382566586,0.0,0.0,0.0,0.0,0.0,0.0,1.0,1.0,1.0,1.0,1.0,0.0,1.0,1.0,1.0,0.0,1.0,0.0,1.0,1.0,0.0,1.0,1.0,1.0,7.0,16.0,16.0
161116,Lakhanipur,682,127,97,289,0,45.63,14.94630725399956,0.14222873900293256,0.4237536656891496,0.0,0.0,0.0,0.0,0.0,0.0,0.0,1.0,1.0,0.0,1.0,0.0,1.0,0.0,0.0,0.0,1.0,0.0,1.0,1.0,0.0,1.0,1.0,1.0,6.0,10.0,10.0
161117,Usrahi,1716,300,225,293,0,102.61,16.723516226488645,0.13111888111888112,0.17074592074592074,0.0,0.0,0.0,0.0,0.0,0.0,1.0,1.0,1.0,1.0,1.0,0.0,1.0,0.0,1.0,1.0,1.0,1.0,1.0,0.0,0.0,1.0,1.0,1.0,5.0,18.0,
161118,Saraibhogi,562,96,72,113,0,24.0,23.416666666666668,0.12811387900355872,0.20106761565836298,0.0,,,,,,,,,,,,,,,,,,,,,1.0,1.0,1.0,,,
161119,Saraibirsingh,3023,532,441,1164,0,54.43,55.53922469226529,0.1458815745947734,0.385047965597089,0.0,0.0,0.0,0.0,0.0,0.0,1.0,1.0,1.0,1.0,1.0,0.0,0.0,0.0,0.0,0.0,1.0,1.0,1.0,0.0,0.0,1.0,0.0,1.0,5.0,13.0,
161120,Parsadpur,849,146,156,147,0,42.65,19.906213364595544,0.18374558303886926,0.17314487632508835,0.0,0.0,0.0,0.0,0.0,0.0,1.0,1.0,1.0,1.0,1.0,0.0,1.0,0.0,0.0,0.0,1.0,1.0,1.0,1.0,0.0,1.0,1.0,1.0,5.0,13.0,
161121,Berboli,1133,204,151,701,0,133.58,8.481808653990118,0.13327449249779347,0.6187113857016769,0.0,0.0,0.0,0.0,0.0,0.0,0.0,1.0,1.0,1.0,0.0,0.0,0.0,0.0,0.0,0.0,1.0,1.0,1.0,0.0,0.0,1.0,1.0,1.0,8.0,19.0,
161122,Bahorikpur,1486,231,240,332,0,78.64,18.896236012207527,0.16150740242261102,0.2234185733512786,0.0,0.0,0.0,0.0,0.0,0.0,0.0,1.0,1.0,1.0,1.0,0.0,0.0,0.0,0.0,0.0,1.0,1.0,1.0,1.0,0.0,1.0,1.0,1.0,9.0,19.0,19.0
161123,Birsinghpur Urf Araispur,849,158,144,548,0,76.85,11.047495120364347,0.1696113074204947,0.6454652532391049,0.0,0.0,0.0,0.0,0.0,0.0,0.0,1.0,1.0,1.0,0.0,0.0,0.0,0.0,0.0,0.0,1.0,1.0,1.0,0.0,0.0,1.0,1.0,1.0,9.0,18.0,
161124,Saraigopal,1006,179,101,344,0,103.07,9.7603570389056,0.10039761431411531,0.341948310139165,0.0,0.0,0.0,0.0,0.0,0.0,0.0,1.0,1.0,1.0,1.0,0.0,0.0,0.0,0.0,0.0,1.0,1.0,1.0,0.0,0.0,0.0,1.0,1.0,9.0,16.0,
161125,Gaura,2118,367,338,587,0,167.69,12.630449042876737,0.15958451369216242,0.277148253068933,0.0,0.0,0.0,0.0,0.0,0.0,0.0,1.0,1.0,0.0,1.0,0.0,0.0,0.0,0.0,0.0,1.0,,,,0.0,1.0,1.0,1.0,7.0,10.0,10.0
161126,Malak Chaturi,2104,359,275,896,0,108.76,19.345347554247883,0.13070342205323193,0.42585551330798477,0.0,0.0,0.0,0.0,0.0,0.0,1.0,1.0,1.0,,1.0,0.0,0.0,0.0,0.0,1.0,1.0,,,1.0,0.0,1.0,1.0,1.0,5.0,16.0,16.0
161127,Kalyanpur Urf Jangalpur,0,0,0,0,0,40.12,0.0,,,,,,,,,,,,,,,,,,,,,,,,,,,5.0,15.0,15.0
161128,Malak Chaudhari,2606,437,312,1029,0,127.11,20.501927464400914,0.11972371450498849,0.3948580199539524,0.0,0.0,,0.0,0.0,0.0,1.0,1.0,0.0,1.0,1.0,0.0,1.0,0.0,1.0,1.0,1.0,1.0,0.0,1.0,0.0,1.0,1.0,1.0,6.0,14.0,14.0
161129,Bhadri,2828,460,367,527,0,108.77,25.999816125769975,0.12977369165487979,0.18635077793493635,0.0,0.0,1.0,,0.0,0.0,1.0,1.0,0.0,1.0,1.0,1.0,1.0,0.0,1.0,1.0,1.0,1.0,1.0,0.0,0.0,1.0,1.0,1.0,7.0,13.0,13.0
161130,Lehra,2528,482,319,273,0,211.3,11.964032181732133,0.1261867088607595,0.10799050632911393,0.0,0.0,0.0,0.0,0.0,0.0,1.0,1.0,0.0,1.0,1.0,0.0,1.0,0.0,0.0,0.0,1.0,1.0,1.0,1.0,0.0,1.0,1.0,1.0,7.0,12.0,12.0
161131,Singarpur,1158,203,179,202,0,47.54,24.35843500210349,0.15457685664939552,0.17443868739205526,0.0,0.0,0.0,0.0,0.0,0.0,1.0,1.0,1.0,0.0,0.0,0.0,0.0,0.0,0.0,0.0,1.0,0.0,1.0,0.0,0.0,1.0,1.0,1.0,12.0,25.0,
161132,Gaddopur,2954,512,495,553,1,199.68,14.79366987179487,0.16756939742721733,0.1872037914691943,0.00033852403520649965,0.0,0.0,0.0,0.0,0.0,1.0,1.0,1.0,0.0,0.0,1.0,0.0,1.0,1.0,1.0,1.0,,,1.0,0.0,1.0,1.0,1.0,10.0,10.0,2.0
161133,Rudapur,2442,393,380,516,0,65.88,37.06739526411658,0.15561015561015562,0.2113022113022113,0.0,0.0,0.0,0.0,0.0,0.0,1.0,1.0,1.0,0.0,0.0,0.0,0.0,1.0,1.0,1.0,1.0,0.0,1.0,0.0,0.0,1.0,1.0,1.0,8.0,8.0,3.0
161134,Morahun Uperhar,6213,902,971,1302,0,154.86,40.1201084850833,0.15628520843392885,0.20956059874456784,0.0,0.0,0.0,,0.0,0.0,0.0,1.0,0.0,1.0,1.0,1.0,0.0,0.0,1.0,1.0,1.0,1.0,1.0,0.0,0.0,1.0,1.0,1.0,10.0,10.0,10.0
161135,Morahu Kachhar,0,0,0,0,0,1302.92,0.0,,,,,,,,,,,,,,,,,,,,,,,,,,,11.0,12.0,3.0
161136,Bela Kachhar Phaphamau,0,0,0,0,0,0.0,,,,,,,,,,,,,,,,,,,,,,,,,,,,15.0,10.0,10.0
161137,Rangpura,3770,672,542,1364,0,215.0,17.53488372093023,0.14376657824933686,0.36180371352785146,0.0,,,,,,,,,,,,,,,,,,,,,1.0,1.0,1.0,,,
161138,Rampur,913,165,165,338,0,37.47,24.36615959434214,0.18072289156626506,0.3702081051478642,0.0,0.0,0.0,0.0,0.0,0.0,0.0,1.0,0.0,0.0,0.0,0.0,1.0,0.0,0.0,0.0,0.0,1.0,1.0,1.0,0.0,1.0,1.0,1.0,13.0,15.0,
161139,Duari,977,172,147,512,0,116.05,8.418785006462732,0.150460593654043,0.5240532241555783,0.0,0.0,0.0,0.0,0.0,0.0,0.0,1.0,0.0,0.0,1.0,0.0,1.0,0.0,0.0,0.0,0.0,0.0,1.0,1.0,0.0,0.0,0.0,1.0,13.0,16.0,16.0
161140,Korsand,4720,843,708,1593,5,429.0,11.002331002331003,0.15,0.3375,0.001059322033898305,,,,,,,,,,,,,,,,,,,,,1.0,1.0,1.0,,,
161141,Harirampur,274,51,39,10,0,7.35,37.27891156462585,0.14233576642335766,0.0364963503649635,0.0,0.0,0.0,0.0,0.0,0.0,0.0,1.0,0.0,0.0,0.0,0.0,0.0,0.0,0.0,1.0,1.0,1.0,1.0,1.0,0.0,0.0,0.0,0.0,13.0,16.0,
161142,Bahmalpur,6569,1073,977,1391,0,318.49,20.625451348550975,0.14872887806363222,0.21175216927995127,0.0,0.0,0.0,0.0,0.0,0.0,0.0,1.0,0.0,0.0,0.0,0.0,1.0,0.0,0.0,1.0,1.0,1.0,1.0,1.0,0.0,1.0,1.0,1.0,14.0,15.0,
161143,Bela Kachhar Barudkhana,0,0,0,0,0,213.0,0.0,,,,,,,,,,,,,,,,,,,,,,,,,,,14.0,15.0,
161144,Jaitwardih,5114,883,790,1264,0,344.24,14.855914478270973,0.154477903793508,0.24716464606961283,0.0,0.0,0.0,0.0,0.0,0.0,0.0,1.0,0.0,0.0,0.0,0.0,1.0,0.0,0.0,1.0,1.0,1.0,1.0,1.0,0.0,1.0,1.0,1.0,13.0,16.0,16.0
161145,Pandila,8235,1415,1040,1334,43,464.84,17.715773169262544,0.12629022465088038,0.16199149969641774,0.005221615057680632,0.0,0.0,,0.0,0.0,0.0,1.0,1.0,1.0,1.0,0.0,0.0,1.0,1.0,0.0,1.0,1.0,1.0,0.0,0.0,1.0,1.0,1.0,10.0,22.0,22.0
161146,Kurgaon,3532,600,532,1106,0,216.12,16.34277253377753,0.1506228765571914,0.3131370328425821,0.0,0.0,0.0,0.0,0.0,0.0,0.0,1.0,1.0,1.0,1.0,0.0,1.0,1.0,0.0,1.0,1.0,1.0,1.0,1.0,0.0,1.0,1.0,1.0,6.0,20.0,20.0
161147,Chandpur Bigahia,625,115,108,261,0,31.06,20.12234385061172,0.1728,0.4176,0.0,0.0,0.0,0.0,0.0,0.0,0.0,1.0,1.0,1.0,1.0,0.0,1.0,1.0,0.0,0.0,1.0,1.0,1.0,0.0,0.0,1.0,1.0,1.0,5.0,25.0,25.0
161148,Jallupur,681,120,110,217,0,28.93,23.539578292430004,0.16152716593245228,0.3186490455212922,0.0,0.0,0.0,0.0,0.0,0.0,0.0,1.0,0.0,1.0,0.0,0.0,1.0,0.0,0.0,0.0,0.0,1.0,,0.0,0.0,0.0,0.0,0.0,7.0,24.0,
161149,Wazirabad,909,156,135,23,0,55.2,16.467391304347824,0.1485148514851485,0.025302530253025302,0.0,0.0,0.0,0.0,0.0,0.0,0.0,1.0,0.0,1.0,0.0,0.0,1.0,0.0,0.0,0.0,0.0,1.0,1.0,0.0,0.0,0.0,0.0,0.0,7.0,24.0,
161150,Chack Jhakhrram,206,30,29,82,0,14.47,14.236351071181755,0.1407766990291262,0.39805825242718446,0.0,0.0,0.0,0.0,0.0,0.0,1.0,1.0,0.0,0.0,0.0,0.0,0.0,0.0,0.0,0.0,1.0,1.0,1.0,1.0,0.0,0.0,0.0,0.0,8.0,17.0,
161151,Udaichandpur,1809,327,257,586,0,85.33,21.200046876831127,0.14206744057490325,0.32393587617468217,0.0,0.0,0.0,0.0,0.0,0.0,1.0,1.0,0.0,0.0,0.0,0.0,0.0,0.0,0.0,0.0,1.0,1.0,1.0,1.0,0.0,1.0,1.0,1.0,8.0,16.0,
161152,Adhanpur,681,109,87,28,0,82.74,8.230601885424221,0.1277533039647577,0.041116005873715125,0.0,0.0,0.0,0.0,0.0,0.0,1.0,1.0,0.0,0.0,0.0,0.0,1.0,0.0,0.0,0.0,1.0,1.0,1.0,1.0,0.0,0.0,1.0,1.0,13.0,17.0,
161153,Tikrita Padila,3617,587,502,993,0,70.89,51.02271124277049,0.13878905170030412,0.27453690904064143,0.0,0.0,0.0,,0.0,0.0,1.0,1.0,0.0,0.0,0.0,1.0,1.0,0.0,0.0,1.0,1.0,1.0,1.0,1.0,1.0,1.0,1.0,1.0,13.0,17.0,
161154,Matiyara,1794,296,269,718,0,146.09,12.280101307413238,0.14994425863991082,0.40022296544035674,0.0,0.0,0.0,0.0,0.0,0.0,0.0,1.0,1.0,1.0,0.0,0.0,1.0,0.0,0.0,0.0,1.0,1.0,1.0,1.0,0.0,1.0,1.0,1.0,7.0,20.0,20.0
161155,Karaundi,1243,204,220,283,0,211.24,5.88430221548949,0.17699115044247787,0.22767497988736926,0.0,0.0,0.0,0.0,0.0,0.0,1.0,1.0,1.0,0.0,0.0,,,1.0,0.0,0.0,1.0,0.0,1.0,1.0,0.0,0.0,0.0,1.0,6.0,22.0,22.0
161156,Chakdera Gadai,0,0,0,0,0,4.43,0.0,,,,,,,,,,,,,,,,,,,,,,,,,,,12.0,20.0,20.0
161157,Bigahiya,2228,413,313,742,0,121.23,18.378289202342653,0.14048473967684022,0.33303411131059246,0.0,0.0,0.0,,0.0,0.0,1.0,1.0,1.0,1.0,1.0,1.0,0.0,1.0,0.0,0.0,1.0,1.0,1.0,1.0,1.0,1.0,1.0,1.0,10.0,20.0,20.0
161158,Bankesar,1076,179,140,494,0,96.18,11.187357038885422,0.13011152416356878,0.4591078066914498,0.0,0.0,1.0,0.0,0.0,0.0,1.0,1.0,1.0,1.0,1.0,1.0,0.0,0.0,0.0,0.0,1.0,1.0,1.0,1.0,0.0,1.0,1.0,1.0,12.0,20.0,20.0
161159,Bankat,1358,206,194,308,0,87.56,15.509365006852443,0.14285714285714285,0.2268041237113402,0.0,0.0,0.0,0.0,0.0,0.0,0.0,1.0,1.0,1.0,1.0,1.0,0.0,1.0,0.0,0.0,1.0,1.0,1.0,1.0,0.0,1.0,1.0,1.0,12.0,20.0,20.0
161160,Mariyampur,118,21,25,104,0,47.88,2.4644945697577274,0.211864406779661,0.8813559322033898,0.0,0.0,0.0,0.0,0.0,0.0,0.0,1.0,0.0,0.0,0.0,0.0,1.0,0.0,0.0,0.0,1.0,1.0,1.0,1.0,0.0,0.0,1.0,0.0,11.0,17.0,
161161,Tilhapur Naherpur,1280,233,179,880,0,72.17,17.735901344048774,0.13984375,0.6875,0.0,0.0,0.0,0.0,0.0,0.0,1.0,1.0,0.0,0.0,0.0,0.0,1.0,0.0,0.0,1.0,1.0,1.0,1.0,1.0,0.0,1.0,1.0,0.0,11.0,17.0,
161162,Badanpur,1973,333,275,543,0,110.51,17.853587910596325,0.13938165230613278,0.27521540800810945,0.0,0.0,0.0,0.0,0.0,0.0,0.0,1.0,1.0,1.0,1.0,0.0,1.0,0.0,0.0,0.0,1.0,1.0,1.0,0.0,0.0,1.0,1.0,1.0,13.0,20.0,5.0
161163,Babhanpur Dera Gadai,68,7,3,0,0,9.09,7.480748074807481,0.04411764705882353,0.0,0.0,0.0,0.0,0.0,0.0,0.0,0.0,1.0,0.0,0.0,0.0,0.0,1.0,0.0,0.0,0.0,0.0,0.0,1.0,1.0,0.0,1.0,0.0,0.0,12.0,20.0,20.0
161164,Tajuddinpur,1460,195,220,468,0,153.0,9.542483660130719,0.1506849315068493,0.32054794520547947,0.0,,,,,,,,,,,,,,,,,,,,,1.0,1.0,1.0,,,
161165,Nasirpur Naherpur,792,136,134,284,0,80.56,9.831181727904667,0.1691919191919192,0.35858585858585856,0.0,0.0,0.0,0.0,0.0,0.0,0.0,1.0,0.0,0.0,0.0,0.0,1.0,1.0,0.0,0.0,1.0,1.0,1.0,0.0,0.0,0.0,1.0,1.0,15.0,20.0,20.0
161166,Mideora,3469,527,503,1089,3,194.02,17.879600041232862,0.14499855866243874,0.3139233208417411,0.0008648025367541078,0.0,0.0,0.0,0.0,0.0,0.0,1.0,0.0,0.0,0.0,0.0,0.0,1.0,0.0,0.0,1.0,1.0,1.0,0.0,0.0,1.0,1.0,1.0,16.0,22.0,
161167,Tharwai,5535,856,818,1652,0,316.63,17.480971480908316,0.14778681120144535,0.29846431797651307,0.0,0.0,0.0,0.0,0.0,0.0,0.0,1.0,1.0,1.0,1.0,1.0,1.0,0.0,0.0,0.0,1.0,1.0,1.0,1.0,0.0,1.0,1.0,1.0,15.0,25.0,10.0
161168,Sahjipur,1373,212,167,1151,0,23.3,58.92703862660944,0.12163146394756008,0.8383102694828842,0.0,0.0,0.0,,0.0,0.0,0.0,1.0,0.0,0.0,1.0,0.0,1.0,0.0,1.0,0.0,1.0,0.0,1.0,0.0,0.0,1.0,1.0,1.0,12.0,15.0,15.0
161169,Jagdishpur Purechanda,3666,647,464,734,0,185.59,19.753219462255508,0.1265684669939989,0.20021822149481724,0.0,0.0,0.0,0.0,0.0,0.0,0.0,1.0,1.0,1.0,1.0,,1.0,1.0,1.0,1.0,1.0,1.0,1.0,1.0,0.0,1.0,1.0,1.0,12.0,22.0,22.0
161170,Chack Thakuram,535,75,43,97,0,58.12,9.20509291121817,0.08037383177570094,0.18130841121495328,0.0,0.0,0.0,0.0,0.0,0.0,0.0,1.0,1.0,0.0,0.0,0.0,0.0,1.0,1.0,1.0,1.0,1.0,1.0,0.0,0.0,0.0,1.0,1.0,15.0,25.0,25.0
161171,Mansaita,3466,632,534,728,0,331.41,10.458344648622552,0.15406809001731103,0.21004039238315061,0.0,0.0,0.0,0.0,0.0,0.0,0.0,1.0,1.0,1.0,1.0,0.0,1.0,1.0,1.0,1.0,1.0,1.0,1.0,0.0,0.0,1.0,1.0,1.0,15.0,22.0,22.0
161172,Deragadai,1687,294,259,571,0,275.99,6.112540309431501,0.15352697095435686,0.3384706579727327,0.0,0.0,0.0,0.0,0.0,0.0,0.0,1.0,0.0,0.0,0.0,0.0,0.0,1.0,0.0,0.0,1.0,1.0,1.0,0.0,0.0,1.0,1.0,1.0,17.0,22.0,
161174,Saraijeetrai Urf Pure Bhawa,1622,221,181,349,0,125.37,12.937704394990826,0.11159062885326756,0.21516646115906288,0.0,0.0,0.0,0.0,0.0,0.0,0.0,1.0,0.0,0.0,0.0,0.0,0.0,0.0,0.0,0.0,1.0,0.0,1.0,1.0,0.0,1.0,1.0,1.0,30.0,40.0,12.0
161175,Sarai Jodhrai,1250,172,198,196,0,103.62,12.06330824165219,0.1584,0.1568,0.0,0.0,0.0,0.0,0.0,0.0,0.0,1.0,0.0,0.0,0.0,0.0,0.0,0.0,0.0,0.0,1.0,0.0,1.0,1.0,0.0,1.0,1.0,1.0,30.0,40.0,12.0
161176,Sarai Todermal Urf Dandupur,1803,260,317,260,0,139.86,12.89146289146289,0.17581808097615087,0.14420410427066002,0.0,0.0,0.0,0.0,0.0,0.0,0.0,1.0,0.0,1.0,1.0,0.0,0.0,0.0,0.0,0.0,1.0,1.0,1.0,0.0,0.0,1.0,0.0,1.0,32.0,40.0,40.0
161177,Teliyabeer,706,107,113,273,0,80.36,8.785465405674465,0.16005665722379603,0.386685552407932,0.0,0.0,0.0,0.0,0.0,0.0,0.0,1.0,0.0,0.0,0.0,0.0,0.0,0.0,0.0,0.0,0.0,0.0,1.0,1.0,0.0,1.0,1.0,1.0,30.0,40.0,12.0
161178,Goberdhanpur,1173,194,217,235,0,65.21,17.9880386443797,0.18499573742540495,0.20034100596760443,0.0,0.0,0.0,0.0,0.0,0.0,0.0,1.0,0.0,0.0,0.0,0.0,0.0,0.0,0.0,0.0,1.0,,,1.0,0.0,1.0,1.0,1.0,30.0,40.0,12.0
161179,Permanandpur,1455,215,204,280,0,140.7,10.341151385927507,0.1402061855670103,0.19243986254295534,0.0,0.0,0.0,0.0,0.0,0.0,0.0,1.0,0.0,0.0,0.0,0.0,0.0,0.0,0.0,0.0,1.0,0.0,1.0,1.0,0.0,1.0,1.0,1.0,30.0,40.0,12.0
161180,Hatiya,1098,164,134,357,0,76.36,14.379256155055003,0.122040072859745,0.3251366120218579,0.0,0.0,0.0,0.0,0.0,0.0,0.0,1.0,0.0,0.0,0.0,0.0,0.0,0.0,0.0,0.0,1.0,1.0,1.0,1.0,0.0,0.0,0.0,1.0,28.0,48.0,15.0
161181,Bhawanigarh,674,105,127,133,0,48.65,13.854059609455293,0.1884272997032641,0.19732937685459942,0.0,0.0,0.0,0.0,0.0,0.0,0.0,1.0,0.0,0.0,0.0,0.0,1.0,0.0,0.0,0.0,1.0,0.0,1.0,1.0,0.0,0.0,1.0,1.0,30.0,47.0,15.0
161182,Poore Rudrashah,634,119,74,84,0,74.65,8.492967180174146,0.1167192429022082,0.13249211356466878,0.0,0.0,0.0,0.0,0.0,0.0,0.0,1.0,0.0,0.0,0.0,0.0,0.0,0.0,1.0,1.0,1.0,0.0,1.0,1.0,0.0,1.0,1.0,1.0,32.0,47.0,15.0
161183,Pure Fauzshah,826,112,128,208,0,101.84,8.110761979575805,0.1549636803874092,0.25181598062953997,0.0,0.0,0.0,0.0,0.0,0.0,0.0,1.0,0.0,0.0,0.0,0.0,0.0,0.0,1.0,1.0,1.0,0.0,1.0,1.0,0.0,1.0,1.0,1.0,32.0,48.0,17.0
161184,Sarai Khwaza Urf Baghola,1457,209,259,433,0,269.8,5.400296515937732,0.17776252573781742,0.29718599862731643,0.0,0.0,0.0,0.0,0.0,0.0,0.0,1.0,0.0,1.0,1.0,0.0,0.0,0.0,0.0,0.0,0.0,0.0,0.0,0.0,0.0,1.0,1.0,1.0,32.0,40.0,40.0
161185,Dhuripur,902,118,149,307,0,48.98,18.415679869334422,0.16518847006651885,0.34035476718403546,0.0,0.0,0.0,0.0,0.0,0.0,0.0,1.0,0.0,0.0,0.0,0.0,0.0,0.0,0.0,0.0,1.0,0.0,1.0,0.0,0.0,1.0,1.0,1.0,31.0,41.0,17.0
161186,Sarai Raijot,773,115,142,462,0,163.95,4.714852089051541,0.18369987063389392,0.5976714100905562,0.0,0.0,0.0,0.0,0.0,0.0,0.0,1.0,0.0,0.0,0.0,0.0,0.0,0.0,0.0,1.0,1.0,0.0,1.0,0.0,0.0,1.0,1.0,1.0,30.0,45.0,17.0
161187,Chata,6639,1159,968,1754,0,797.11,8.328837927011328,0.14580509112818196,0.26419641512275943,0.0,0.0,0.0,0.0,0.0,0.0,0.0,1.0,1.0,0.0,1.0,0.0,1.0,0.0,0.0,0.0,1.0,0.0,1.0,1.0,0.0,1.0,1.0,1.0,35.0,45.0,10.0
161188,Sarai Khandev,1902,276,265,397,0,137.38,13.844810016013977,0.13932702418506834,0.20872765509989485,0.0,0.0,0.0,0.0,0.0,0.0,0.0,1.0,0.0,0.0,0.0,1.0,0.0,0.0,0.0,0.0,1.0,1.0,1.0,1.0,0.0,0.0,1.0,1.0,27.0,45.0,12.0
161189,Poore Pandey,376,56,48,14,0,42.31,8.886787993382178,0.1276595744680851,0.03723404255319149,0.0,0.0,0.0,0.0,0.0,0.0,0.0,1.0,0.0,0.0,0.0,0.0,0.0,0.0,0.0,0.0,1.0,0.0,1.0,0.0,0.0,0.0,1.0,1.0,25.0,40.0,12.0
161190,Sarai Jhanjha Urf Jhaliya,733,107,118,223,0,64.68,11.332714904143474,0.16098226466575716,0.3042291950886767,0.0,0.0,0.0,0.0,0.0,0.0,0.0,1.0,0.0,0.0,0.0,0.0,0.0,0.0,0.0,0.0,1.0,0.0,0.0,1.0,0.0,0.0,0.0,1.0,25.0,40.0,12.0
161191,Baraura,1851,305,262,546,0,162.97,11.357918635331655,0.14154511075094545,0.29497568881685576,0.0,0.0,0.0,0.0,0.0,0.0,0.0,1.0,0.0,0.0,0.0,0.0,0.0,0.0,0.0,0.0,1.0,1.0,1.0,1.0,0.0,1.0,1.0,1.0,25.0,40.0,12.0
161192,Chandi Patti,821,134,144,224,0,76.09,10.789854120120909,0.1753958587088916,0.2728380024360536,0.0,0.0,0.0,0.0,0.0,0.0,0.0,1.0,0.0,0.0,0.0,0.0,1.0,0.0,0.0,0.0,1.0,0.0,1.0,1.0,0.0,0.0,1.0,1.0,26.0,45.0,12.0
161193,Basrahi,1604,263,248,528,0,143.21,11.20033517212485,0.1546134663341646,0.32917705735660846,0.0,0.0,0.0,0.0,0.0,0.0,0.0,1.0,1.0,1.0,1.0,0.0,0.0,0.0,0.0,0.0,1.0,,1.0,1.0,0.0,1.0,1.0,1.0,22.0,40.0,40.0
161194,Gamrahta,3650,549,518,978,0,440.26,8.290555580793168,0.14191780821917807,0.26794520547945205,0.0,0.0,0.0,0.0,0.0,0.0,,1.0,1.0,1.0,1.0,,,0.0,0.0,0.0,1.0,1.0,1.0,1.0,0.0,1.0,1.0,1.0,33.0,41.0,
161195,Chamarupur,752,103,129,102,0,149.52,5.029427501337613,0.17154255319148937,0.1356382978723404,0.0,0.0,0.0,0.0,0.0,0.0,0.0,1.0,0.0,0.0,0.0,0.0,1.0,0.0,0.0,0.0,0.0,1.0,,1.0,0.0,0.0,1.0,1.0,25.0,42.0,14.0
161196,Kerkatepur,1088,171,220,357,0,177.12,6.142728093947606,0.20220588235294118,0.328125,0.0,0.0,0.0,0.0,0.0,0.0,0.0,1.0,0.0,0.0,0.0,0.0,0.0,0.0,0.0,0.0,1.0,0.0,1.0,1.0,0.0,1.0,1.0,1.0,25.0,40.0,13.0
161197,Yasinpur Urf Karnayeepur,3042,487,507,300,0,187.39,16.2335236672181,0.16666666666666666,0.09861932938856016,0.0,0.0,0.0,0.0,0.0,0.0,0.0,1.0,0.0,1.0,0.0,1.0,,0.0,0.0,1.0,1.0,0.0,1.0,1.0,0.0,1.0,1.0,1.0,20.0,35.0,
161198,Chaq Piyaran Urf Paritapur,59,12,7,0,0,28.24,2.0892351274787537,0.11864406779661017,0.0,0.0,0.0,0.0,0.0,0.0,0.0,0.0,1.0,0.0,1.0,0.0,0.0,0.0,0.0,0.0,0.0,0.0,0.0,1.0,0.0,0.0,0.0,0.0,0.0,20.0,35.0,
161199,Lokapur,458,83,94,17,0,49.84,9.18940609951846,0.2052401746724891,0.03711790393013101,0.0,0.0,0.0,0.0,0.0,0.0,0.0,1.0,0.0,1.0,0.0,1.0,0.0,0.0,0.0,0.0,0.0,1.0,1.0,0.0,0.0,0.0,0.0,0.0,20.0,35.0,
161200,Satanpur,1196,207,181,28,0,116.25,10.288172043010753,0.15133779264214048,0.023411371237458192,0.0,0.0,0.0,0.0,0.0,0.0,,1.0,1.0,,,0.0,1.0,0.0,0.0,0.0,1.0,1.0,1.0,0.0,0.0,0.0,1.0,1.0,22.0,36.0,
161201,Mohammadbad Urf Gopalpur,995,170,188,711,0,197.47,5.038740061781536,0.18894472361809045,0.714572864321608,0.0,0.0,0.0,0.0,0.0,0.0,0.0,1.0,1.0,1.0,0.0,0.0,0.0,0.0,0.0,0.0,1.0,1.0,1.0,0.0,0.0,0.0,1.0,1.0,25.0,38.0,
161202,Sari Patti,1494,238,192,602,0,153.79,9.714545809220366,0.1285140562248996,0.4029451137884873,0.0,0.0,0.0,0.0,0.0,0.0,0.0,1.0,1.0,0.0,0.0,0.0,1.0,0.0,0.0,0.0,1.0,0.0,1.0,0.0,0.0,1.0,1.0,1.0,18.0,38.0,
161203,Singaldeep,469,78,65,0,0,59.16,7.927653820148749,0.13859275053304904,0.0,0.0,0.0,0.0,0.0,0.0,0.0,0.0,1.0,0.0,1.0,0.0,0.0,1.0,0.0,0.0,0.0,0.0,1.0,1.0,1.0,0.0,1.0,1.0,1.0,16.0,35.0,16.0
161204,Chandoopur,431,64,48,0,0,60.47,7.127501240284439,0.11136890951276102,0.0,0.0,0.0,0.0,0.0,0.0,0.0,0.0,1.0,0.0,0.0,0.0,0.0,0.0,0.0,0.0,0.0,0.0,0.0,1.0,0.0,0.0,0.0,0.0,0.0,16.0,35.0,16.0
161205,Mahuli,1263,186,177,415,0,165.7,7.622208811104406,0.14014251781472684,0.3285827395091053,0.0,0.0,0.0,,0.0,0.0,0.0,1.0,0.0,0.0,0.0,,0.0,0.0,0.0,0.0,1.0,1.0,1.0,1.0,0.0,1.0,1.0,1.0,17.0,35.0,17.0
161206,Sarai Darashikoh Urf Mijhura,1380,240,252,273,0,148.9,9.267965077233042,0.1826086956521739,0.19782608695652174,0.0,0.0,0.0,0.0,0.0,0.0,0.0,1.0,0.0,0.0,1.0,0.0,0.0,0.0,0.0,1.0,1.0,0.0,1.0,0.0,0.0,0.0,1.0,1.0,22.0,37.0,
161207,Shivpur,323,45,57,152,0,60.11,5.373481949758776,0.17647058823529413,0.47058823529411764,0.0,0.0,0.0,0.0,0.0,0.0,0.0,1.0,1.0,0.0,1.0,0.0,1.0,0.0,0.0,0.0,1.0,0.0,1.0,0.0,0.0,0.0,1.0,1.0,12.0,45.0,
161208,Sarai Gambhirdas Urf Bibipur,2767,395,524,1006,0,174.39,15.86673547795172,0.18937477412359957,0.36357065413805567,0.0,0.0,0.0,0.0,0.0,0.0,0.0,1.0,1.0,0.0,1.0,0.0,1.0,0.0,0.0,0.0,1.0,1.0,1.0,0.0,0.0,1.0,1.0,1.0,16.0,10.0,
161209,Sarai Danshah,222,33,35,0,0,29.97,7.407407407407407,0.15765765765765766,0.0,0.0,0.0,0.0,0.0,0.0,0.0,0.0,1.0,1.0,0.0,1.0,0.0,0.0,0.0,0.0,0.0,1.0,1.0,1.0,0.0,0.0,0.0,0.0,1.0,20.0,45.0,
161210,Poore Durgi,802,127,135,4,0,116.44,6.887667468223978,0.16832917705735662,0.004987531172069825,0.0,0.0,0.0,0.0,0.0,0.0,0.0,1.0,1.0,0.0,1.0,0.0,0.0,0.0,0.0,0.0,1.0,1.0,1.0,0.0,0.0,0.0,1.0,1.0,20.0,45.0,
161211,Khalsa,883,117,164,0,0,100.25,8.807980049875312,0.1857304643261608,0.0,0.0,0.0,0.0,0.0,0.0,0.0,0.0,1.0,0.0,0.0,0.0,0.0,0.0,0.0,0.0,0.0,0.0,1.0,,1.0,0.0,0.0,1.0,1.0,20.0,40.0,20.0
161212,Chaturpur,492,75,80,64,0,37.82,13.008989952406134,0.16260162601626016,0.13008130081300814,0.0,0.0,0.0,0.0,0.0,0.0,0.0,1.0,0.0,0.0,0.0,0.0,1.0,0.0,0.0,0.0,0.0,1.0,1.0,1.0,0.0,0.0,0.0,0.0,20.0,40.0,20.0
161213,Chaq Piyaran,18,1,2,0,0,14.94,1.2048192771084338,0.1111111111111111,0.0,0.0,0.0,0.0,0.0,0.0,0.0,0.0,0.0,0.0,1.0,0.0,0.0,1.0,0.0,0.0,0.0,0.0,1.0,1.0,0.0,0.0,1.0,1.0,1.0,15.0,35.0,
161214,Chaq Bhikhauna,118,19,17,2,0,13.84,8.526011560693641,0.1440677966101695,0.01694915254237288,0.0,0.0,0.0,0.0,0.0,0.0,0.0,0.0,0.0,1.0,0.0,0.0,1.0,0.0,0.0,1.0,0.0,1.0,1.0,0.0,0.0,1.0,1.0,1.0,15.0,35.0,
161215,Bhawanapur,1095,199,160,201,0,210.67,5.197702567997342,0.1461187214611872,0.18356164383561643,0.0,0.0,0.0,0.0,0.0,0.0,0.0,1.0,0.0,0.0,0.0,0.0,0.0,0.0,0.0,1.0,1.0,1.0,1.0,1.0,0.0,0.0,1.0,1.0,16.0,30.0,16.0
161216,Rajepursani Urf Rajjupur,789,117,170,225,0,29.68,26.58355795148248,0.21546261089987326,0.28517110266159695,0.0,0.0,0.0,0.0,0.0,0.0,0.0,1.0,1.0,1.0,0.0,0.0,0.0,0.0,0.0,0.0,0.0,0.0,1.0,0.0,0.0,0.0,1.0,1.0,15.0,38.0,38.0
161217,Chaq Shekhlal Urf Sadhopur,769,100,117,0,0,98.72,7.789708265802269,0.15214564369310793,0.0,0.0,0.0,0.0,0.0,0.0,0.0,0.0,1.0,0.0,0.0,0.0,0.0,0.0,0.0,0.0,0.0,1.0,0.0,1.0,0.0,0.0,1.0,1.0,1.0,15.0,38.0,38.0
161218,Hariram Patti Urf Katnae,2786,445,462,1114,0,421.79,6.6051826738424335,0.1658291457286432,0.39985642498205315,0.0,0.0,0.0,0.0,0.0,0.0,0.0,1.0,1.0,1.0,1.0,0.0,0.0,0.0,0.0,1.0,1.0,1.0,1.0,0.0,0.0,1.0,1.0,1.0,15.0,35.0,
161219,Newada,2198,340,390,463,0,239.45,9.179369388181248,0.17743403093721566,0.21064604185623295,0.0,0.0,0.0,0.0,0.0,0.0,0.0,1.0,1.0,1.0,1.0,0.0,0.0,0.0,0.0,0.0,1.0,1.0,1.0,0.0,0.0,1.0,1.0,1.0,17.0,45.0,
161220,Chak Esa Urf Shiwgarh,0,0,0,0,0,6.33,0.0,,,,,,,,,,,,,,,,,,,,,,,,,,,14.0,38.0,38.0
161221,Sarai Madan,1923,285,313,520,0,187.94,10.231988932638076,0.1627665106604264,0.2704108164326573,0.0,0.0,0.0,0.0,0.0,0.0,0.0,1.0,1.0,0.0,,,,0.0,0.0,0.0,1.0,0.0,1.0,0.0,0.0,1.0,1.0,1.0,16.0,36.0,36.0
161222,Sarai Mohiuddin,629,90,127,114,0,101.52,6.195823483057526,0.20190779014308427,0.18124006359300476,0.0,0.0,0.0,0.0,0.0,0.0,0.0,1.0,1.0,1.0,0.0,0.0,1.0,0.0,0.0,0.0,1.0,0.0,1.0,0.0,0.0,1.0,1.0,1.0,15.0,35.0,35.0
161223,Sarai Sultan,475,81,62,47,0,32.66,14.543784445805269,0.13052631578947368,0.09894736842105263,0.0,0.0,0.0,0.0,0.0,0.0,0.0,1.0,1.0,0.0,0.0,0.0,1.0,0.0,0.0,0.0,1.0,0.0,1.0,0.0,0.0,0.0,0.0,0.0,13.0,36.0,36.0
161224,Mansoorpur,972,169,128,357,0,50.0,19.44,0.13168724279835392,0.36728395061728397,0.0,0.0,0.0,0.0,0.0,0.0,0.0,1.0,1.0,0.0,1.0,1.0,1.0,0.0,0.0,0.0,1.0,0.0,1.0,0.0,0.0,1.0,1.0,1.0,12.0,35.0,35.0
161225,Jalal Uddinpur Urf Mahpoora,1409,251,202,341,0,112.83,12.48781352477178,0.1433640880056778,0.24201561391057488,0.0,0.0,0.0,0.0,0.0,0.0,0.0,1.0,1.0,1.0,1.0,0.0,0.0,0.0,0.0,0.0,1.0,1.0,1.0,0.0,0.0,0.0,1.0,1.0,12.0,35.0,35.0
161226,Fajlabad Urf Kaloopur,4745,699,814,413,0,217.77,21.789043486246957,0.17154899894625922,0.08703898840885142,0.0,0.0,0.0,0.0,0.0,0.0,0.0,1.0,1.0,1.0,1.0,1.0,1.0,0.0,0.0,1.0,1.0,1.0,1.0,1.0,0.0,1.0,1.0,1.0,13.0,28.0,28.0
161227,Mailha,2057,298,285,348,0,150.7,13.64963503649635,0.1385512882839086,0.16917841516771998,0.0,0.0,0.0,0.0,0.0,0.0,0.0,1.0,1.0,1.0,1.0,0.0,0.0,0.0,0.0,1.0,1.0,1.0,1.0,1.0,0.0,0.0,1.0,1.0,16.0,25.0,16.0
161228,Meerakpur,1635,256,300,284,0,155.55,10.511089681774349,0.1834862385321101,0.17370030581039755,0.0,0.0,0.0,0.0,0.0,0.0,0.0,1.0,1.0,1.0,1.0,0.0,1.0,0.0,0.0,0.0,1.0,,1.0,1.0,0.0,0.0,1.0,1.0,12.0,30.0,30.0
161229,Abhae Pur,3148,514,510,877,0,292.59,10.759082675416112,0.16200762388818296,0.2785895806861499,0.0,0.0,0.0,0.0,0.0,0.0,0.0,1.0,1.0,1.0,1.0,0.0,1.0,0.0,0.0,0.0,1.0,,1.0,1.0,0.0,1.0,1.0,1.0,12.0,30.0,30.0
161230,Gauhani,1081,164,189,487,0,95.38,11.333612916754037,0.17483811285846437,0.45050878815911194,0.0,0.0,0.0,0.0,0.0,0.0,0.0,1.0,0.0,0.0,0.0,0.0,1.0,0.0,0.0,0.0,1.0,1.0,1.0,1.0,0.0,0.0,1.0,1.0,12.0,33.0,
161231,Atanpur,2751,347,469,854,0,231.8,11.867989646246764,0.17048346055979643,0.3104325699745547,0.0,0.0,0.0,0.0,0.0,0.0,0.0,1.0,0.0,0.0,0.0,0.0,0.0,0.0,0.0,0.0,1.0,1.0,1.0,1.0,0.0,1.0,1.0,1.0,11.0,35.0,
161232,Sultanpur,665,94,117,169,0,63.18,10.52548274770497,0.17593984962406015,0.25413533834586466,0.0,0.0,0.0,0.0,0.0,0.0,0.0,1.0,0.0,0.0,0.0,0.0,1.0,0.0,0.0,0.0,,1.0,1.0,1.0,0.0,0.0,1.0,1.0,11.0,34.0,
161233,Chak Yarmohammad Urf Rampur,441,58,90,77,0,44.59,9.890109890109889,0.20408163265306123,0.1746031746031746,0.0,0.0,0.0,0.0,0.0,0.0,0.0,1.0,0.0,0.0,0.0,0.0,1.0,0.0,0.0,0.0,1.0,1.0,1.0,1.0,0.0,0.0,1.0,1.0,10.0,36.0,
161234,Chaq Mohamid,288,38,38,20,0,31.33,9.192467283753592,0.13194444444444445,0.06944444444444445,0.0,0.0,0.0,0.0,0.0,0.0,0.0,1.0,1.0,1.0,0.0,0.0,1.0,0.0,0.0,0.0,1.0,0.0,1.0,0.0,0.0,0.0,0.0,0.0,12.0,35.0,35.0
161235,Ramgarh Kothari,3783,560,558,868,0,498.6,7.587244283995187,0.14750198255352895,0.22944752841660057,0.0,0.0,0.0,0.0,0.0,0.0,0.0,1.0,1.0,1.0,1.0,0.0,0.0,0.0,0.0,0.0,1.0,1.0,1.0,1.0,0.0,1.0,1.0,1.0,8.0,35.0,35.0
161236,Bhaderpur Urf Deenapur,1158,197,170,463,0,82.22,14.084164436876673,0.14680483592400692,0.3998272884283247,0.0,0.0,0.0,0.0,0.0,0.0,0.0,1.0,1.0,0.0,0.0,0.0,1.0,0.0,0.0,0.0,1.0,0.0,1.0,1.0,0.0,1.0,0.0,1.0,25.0,30.0,
161237,Bomapur,965,136,106,255,0,46.72,20.65496575342466,0.10984455958549223,0.26424870466321243,0.0,0.0,0.0,0.0,,,0.0,1.0,1.0,0.0,1.0,0.0,0.0,0.0,0.0,0.0,1.0,1.0,1.0,1.0,0.0,1.0,1.0,1.0,20.0,35.0,35.0
161238,Jagdeeshpur Urf Jalalpur,462,67,44,10,0,65.86,7.014880048587914,0.09523809523809523,0.021645021645021644,0.0,0.0,0.0,0.0,,,0.0,1.0,1.0,0.0,1.0,0.0,0.0,0.0,0.0,0.0,1.0,1.0,1.0,1.0,0.0,1.0,1.0,1.0,25.0,30.0,
161239,Deura,1481,217,225,551,0,67.87,21.821128628259906,0.15192437542201215,0.3720459149223498,0.0,0.0,0.0,0.0,0.0,0.0,0.0,1.0,1.0,0.0,1.0,0.0,0.0,0.0,0.0,0.0,1.0,1.0,1.0,1.0,0.0,1.0,1.0,0.0,25.0,30.0,30.0
161240,Husenpur,289,48,29,196,0,21.33,13.548992030004689,0.10034602076124567,0.6782006920415224,0.0,0.0,0.0,0.0,0.0,,0.0,1.0,1.0,0.0,1.0,0.0,0.0,0.0,0.0,0.0,1.0,1.0,1.0,1.0,0.0,1.0,1.0,1.0,25.0,30.0,
161241,Sadhopur Urf Sulemanpur,551,79,86,271,0,45.37,12.14458893541988,0.1560798548094374,0.49183303085299457,0.0,0.0,0.0,0.0,,,0.0,1.0,1.0,0.0,0.0,0.0,0.0,0.0,0.0,0.0,1.0,1.0,1.0,1.0,0.0,1.0,1.0,1.0,25.0,30.0,
161242,Rampur Urf Doulatpur,1360,191,199,144,0,93.76,14.505119453924914,0.1463235294117647,0.10588235294117647,0.0,0.0,0.0,0.0,0.0,0.0,0.0,1.0,0.0,1.0,0.0,0.0,0.0,0.0,0.0,0.0,1.0,1.0,1.0,1.0,0.0,0.0,1.0,1.0,16.0,25.0,16.0
161243,Chak Amanullah Urf Chaqmoodan,377,57,38,80,0,37.38,10.085607276618513,0.10079575596816977,0.21220159151193635,0.0,0.0,0.0,0.0,0.0,0.0,0.0,1.0,1.0,1.0,0.0,0.0,1.0,0.0,0.0,0.0,1.0,0.0,1.0,0.0,0.0,0.0,0.0,0.0,,,
161244,Dhamaur,4096,642,619,942,0,208.12,19.680953296175282,0.151123046875,0.22998046875,0.0,0.0,0.0,0.0,0.0,0.0,0.0,1.0,1.0,1.0,1.0,0.0,0.0,0.0,0.0,0.0,1.0,1.0,1.0,1.0,0.0,1.0,1.0,1.0,20.0,35.0,
161245,Sarai Gani,2516,393,394,547,0,121.19,20.760788843964026,0.15659777424483307,0.21740858505564387,0.0,0.0,0.0,0.0,0.0,2.0,0.0,1.0,0.0,0.0,0.0,0.0,1.0,0.0,0.0,1.0,1.0,1.0,0.0,1.0,0.0,1.0,1.0,1.0,16.0,25.0,16.0
161246,Sarai Youdhisthir,181,21,24,0,0,21.39,8.461898083216456,0.13259668508287292,0.0,0.0,0.0,0.0,0.0,,,0.0,1.0,1.0,0.0,1.0,0.0,0.0,0.0,0.0,0.0,1.0,1.0,1.0,1.0,0.0,1.0,1.0,1.0,25.0,30.0,
161247,Sarai Pargair Abad,0,0,0,0,0,5.01,0.0,,,,,,,,,,,,,,,,,,,,,,,,,,,,,
161248,Chak Sulatan Urf Newada,676,94,101,179,0,32.8,20.60975609756098,0.14940828402366865,0.26479289940828404,0.0,0.0,0.0,0.0,0.0,0.0,0.0,1.0,1.0,1.0,0.0,0.0,1.0,0.0,0.0,0.0,1.0,1.0,1.0,1.0,0.0,0.0,1.0,1.0,18.0,25.0,18.0
161249,Hasanpur Mai Chak Mansoor,2373,353,377,421,0,115.62,20.524130773222627,0.15887062789717657,0.1774125579435314,0.0,0.0,0.0,0.0,0.0,0.0,0.0,1.0,0.0,1.0,1.0,0.0,0.0,0.0,0.0,0.0,1.0,1.0,1.0,,,1.0,1.0,1.0,15.0,25.0,16.0
161250,Chamarupur Urf Beerganj,967,181,147,395,0,35.26,27.42484401588202,0.15201654601861428,0.40847983453981385,0.0,0.0,0.0,0.0,0.0,0.0,0.0,1.0,1.0,1.0,1.0,0.0,1.0,0.0,0.0,1.0,1.0,0.0,1.0,0.0,0.0,0.0,1.0,1.0,14.0,26.0,26.0
161251,Sarai Abdul Ganigair Abad,0,0,0,0,0,9.89,0.0,,,,,,,,,,,,,,,,,,,,,,,,,,,,,
161252,Bharehta,885,140,150,287,0,93.56,9.459170585720393,0.1694915254237288,0.32429378531073444,0.0,0.0,0.0,0.0,0.0,0.0,0.0,1.0,1.0,0.0,1.0,0.0,1.0,1.0,0.0,1.0,1.0,0.0,0.0,0.0,0.0,0.0,1.0,1.0,13.0,27.0,27.0
161253,Sarangpur Taluka Belwa,644,84,74,128,0,54.15,11.892890120036935,0.11490683229813664,0.19875776397515527,0.0,0.0,0.0,0.0,0.0,0.0,0.0,1.0,1.0,0.0,0.0,0.0,1.0,1.0,1.0,1.0,1.0,0.0,0.0,0.0,0.0,1.0,1.0,1.0,14.0,27.0,27.0
161254,Chaq Moahammad Urf Risal,306,45,41,60,0,27.83,10.995328781890047,0.13398692810457516,0.19607843137254902,0.0,0.0,0.0,0.0,0.0,0.0,0.0,1.0,1.0,0.0,0.0,0.0,1.0,0.0,0.0,0.0,1.0,1.0,1.0,1.0,0.0,0.0,1.0,1.0,26.0,36.0,9.0
161255,Hasimpur Urf Benipur,1162,193,191,234,0,86.71,13.400991811786415,0.16437177280550774,0.20137693631669534,0.0,0.0,0.0,0.0,0.0,0.0,0.0,1.0,1.0,1.0,0.0,0.0,1.0,0.0,0.0,0.0,1.0,1.0,1.0,1.0,0.0,1.0,1.0,1.0,25.0,34.0,9.0
161256,Tejpur,2438,381,404,496,0,137.09,17.783937559267635,0.1657095980311731,0.20344544708777687,0.0,0.0,0.0,,,,0.0,1.0,1.0,1.0,1.0,,,0.0,0.0,0.0,1.0,0.0,1.0,1.0,0.0,1.0,1.0,1.0,33.0,41.0,
161257,Chaq Sekhahmed Urf Pooredudi,317,41,56,113,0,45.83,6.91686668121318,0.17665615141955837,0.35646687697160884,0.0,0.0,0.0,,,,0.0,1.0,1.0,,,,,0.0,0.0,0.0,1.0,0.0,1.0,1.0,0.0,1.0,1.0,1.0,34.0,40.0,
161258,Jamha,2043,340,354,864,0,97.63,20.925944893987506,0.17327459618208516,0.42290748898678415,0.0,0.0,0.0,0.0,0.0,0.0,0.0,1.0,1.0,0.0,0.0,0.0,1.0,0.0,0.0,0.0,1.0,0.0,1.0,1.0,0.0,1.0,1.0,1.0,24.0,34.0,9.0
161259,Chandrawat Urf Poore Matadin,1181,171,186,183,0,141.57,8.342162887617434,0.15749364944961897,0.15495342929720576,0.0,0.0,0.0,0.0,0.0,0.0,0.0,1.0,1.0,0.0,0.0,0.0,1.0,0.0,0.0,0.0,0.0,1.0,1.0,1.0,0.0,1.0,1.0,1.0,25.0,33.0,10.0
161260,Chaq Kafa,88,11,21,5,0,17.42,5.05166475315729,0.23863636363636365,0.056818181818181816,0.0,0.0,0.0,0.0,0.0,0.0,0.0,1.0,0.0,0.0,0.0,0.0,0.0,0.0,0.0,0.0,1.0,1.0,1.0,1.0,0.0,0.0,0.0,0.0,20.0,30.0,6.0
161261,Sarai Sultan Urf Poore Makhdoo,1392,215,228,305,0,118.52,11.744853189335133,0.16379310344827586,0.21910919540229884,0.0,0.0,0.0,0.0,0.0,0.0,0.0,1.0,0.0,1.0,1.0,0.0,0.0,0.0,0.0,0.0,1.0,1.0,1.0,1.0,0.0,1.0,1.0,1.0,20.0,30.0,5.0
161262,Udhopurkhagiya,1943,287,319,816,0,98.8,19.66599190283401,0.16417910447761194,0.4199691199176531,0.0,0.0,0.0,0.0,0.0,0.0,0.0,1.0,1.0,,1.0,,,0.0,0.0,0.0,1.0,1.0,1.0,1.0,0.0,1.0,1.0,1.0,20.0,30.0,
161263,Chaq Shahbeg Urframpur Dadi,537,97,76,83,0,39.26,13.678043810494142,0.14152700186219738,0.15456238361266295,0.0,0.0,0.0,0.0,0.0,0.0,0.0,1.0,1.0,0.0,1.0,0.0,1.0,0.0,0.0,0.0,1.0,1.0,1.0,1.0,0.0,0.0,1.0,1.0,20.0,30.0,
161264,Godwa,0,0,0,0,0,11.74,0.0,,,,,,,,,,,,,,,,,,,,,,,,,,,20.0,30.0,
161265,Madra,378,60,63,102,0,76.64,4.932150313152401,0.16666666666666666,0.2698412698412698,0.0,0.0,0.0,0.0,0.0,0.0,0.0,1.0,1.0,0.0,1.0,0.0,1.0,0.0,0.0,0.0,1.0,1.0,1.0,1.0,0.0,0.0,0.0,1.0,20.0,30.0,
161266,Sarangpur Taluka Kahli,0,0,0,0,0,20.24,0.0,,,,,,,,,,,,,,,,,,,,,,,,,,,20.0,30.0,
161267,Karmha,977,149,163,417,0,119.13,8.201124821623436,0.1668372569089048,0.42681678607983625,0.0,0.0,0.0,0.0,0.0,0.0,0.0,1.0,1.0,0.0,0.0,0.0,,0.0,0.0,0.0,1.0,1.0,1.0,1.0,0.0,0.0,1.0,1.0,24.0,38.0,10.0
161268,Kahli,5137,835,820,1260,0,338.61,15.170845515489797,0.15962624099669068,0.24527934592174422,0.0,0.0,0.0,0.0,0.0,0.0,0.0,1.0,1.0,1.0,1.0,0.0,0.0,0.0,0.0,0.0,1.0,1.0,1.0,1.0,0.0,1.0,1.0,1.0,22.0,36.0,12.0
161269,Sadalpur,294,67,56,92,0,29.31,10.030706243602866,0.19047619047619047,0.3129251700680272,0.0,0.0,0.0,0.0,0.0,0.0,0.0,1.0,1.0,0.0,0.0,0.0,0.0,0.0,0.0,0.0,1.0,1.0,1.0,1.0,0.0,1.0,0.0,1.0,21.0,35.0,13.0
161270,Chaq Mohiuddin,0,0,0,0,0,4.51,0.0,,,,,,,,,,,,,,,,,,,,,,,,,,,20.0,35.0,
161271,Nagaepur,503,87,63,0,0,38.15,13.184796854521625,0.12524850894632206,0.0,0.0,0.0,0.0,0.0,0.0,0.0,0.0,1.0,1.0,0.0,0.0,0.0,0.0,0.0,0.0,0.0,1.0,1.0,1.0,0.0,0.0,0.0,0.0,1.0,21.0,35.0,
161272,Khojapur,1791,272,283,327,0,408.51,4.384225600352501,0.15801228364042436,0.18257956448911222,0.0,0.0,0.0,0.0,0.0,0.0,0.0,1.0,1.0,1.0,0.0,0.0,0.0,0.0,0.0,0.0,1.0,1.0,1.0,0.0,0.0,0.0,1.0,1.0,20.0,34.0,
161273,Badalpur,1550,248,258,561,0,131.96,11.745983631403455,0.1664516129032258,0.36193548387096774,0.0,0.0,0.0,0.0,0.0,0.0,0.0,1.0,1.0,1.0,1.0,0.0,0.0,0.0,0.0,0.0,1.0,1.0,1.0,0.0,0.0,1.0,1.0,1.0,20.0,35.0,
161274,Devkipur Urf Bijulipur,924,162,167,302,0,118.81,7.777123137783015,0.18073593073593072,0.3268398268398268,0.0,0.0,0.0,0.0,0.0,0.0,0.0,1.0,1.0,1.0,0.0,0.0,1.0,0.0,0.0,0.0,0.0,0.0,1.0,0.0,0.0,1.0,1.0,1.0,20.0,35.0,
161275,Saraikhowaja,1750,265,321,465,0,230.34,7.597464617521924,0.18342857142857144,0.26571428571428574,0.0,0.0,0.0,0.0,0.0,0.0,0.0,1.0,1.0,0.0,1.0,0.0,0.0,0.0,0.0,0.0,1.0,0.0,1.0,1.0,0.0,1.0,1.0,1.0,26.0,39.0,
161276,Chaq Hafiz Urf Pooresital,756,115,76,250,0,73.67,10.261979095968508,0.10052910052910052,0.3306878306878307,0.0,0.0,0.0,0.0,0.0,0.0,0.0,1.0,1.0,0.0,1.0,0.0,0.0,0.0,0.0,0.0,1.0,0.0,1.0,1.0,0.0,1.0,1.0,1.0,2.0,40.0,40.0
161277,Chaq Faijulla Urf Bhauka,806,118,113,117,0,50.88,15.841194968553458,0.1401985111662531,0.14516129032258066,0.0,0.0,0.0,0.0,0.0,0.0,0.0,1.0,0.0,1.0,0.0,0.0,0.0,0.0,0.0,0.0,1.0,,,0.0,0.0,0.0,0.0,0.0,22.0,35.0,
161278,Chaq Fatima Urf Madhopur,854,128,145,29,0,67.08,12.731067382230174,0.16978922716627634,0.03395784543325527,0.0,0.0,0.0,0.0,0.0,0.0,0.0,1.0,0.0,1.0,0.0,0.0,0.0,0.0,0.0,1.0,1.0,,,0.0,0.0,0.0,1.0,1.0,22.0,35.0,
161279,Chaq Afzal Urf Poorelila,1619,265,236,314,0,80.19,20.18954981917945,0.1457689932056825,0.19394688079061148,0.0,0.0,0.0,0.0,0.0,0.0,0.0,1.0,0.0,1.0,0.0,0.0,0.0,0.0,0.0,1.0,1.0,,,0.0,0.0,0.0,1.0,1.0,22.0,35.0,
161280,Mulhapur,1100,180,167,155,0,90.37,12.172181033528826,0.15181818181818182,0.1409090909090909,0.0,0.0,0.0,0.0,0.0,0.0,0.0,1.0,0.0,1.0,0.0,0.0,0.0,0.0,0.0,0.0,1.0,,,0.0,0.0,1.0,0.0,0.0,22.0,35.0,
161281,Nawab Urf Khanpur,741,110,111,130,0,90.95,8.147333699835073,0.14979757085020243,0.17543859649122806,0.0,0.0,0.0,0.0,0.0,0.0,0.0,1.0,0.0,1.0,0.0,0.0,0.0,0.0,0.0,0.0,1.0,,,0.0,0.0,0.0,0.0,0.0,22.0,35.0,
161282,Bakrabad,1358,218,243,552,0,164.74,8.243292460847396,0.17893961708394698,0.406480117820324,0.0,0.0,0.0,0.0,0.0,0.0,0.0,1.0,0.0,1.0,0.0,0.0,0.0,0.0,0.0,1.0,1.0,,,0.0,0.0,0.0,1.0,1.0,22.0,35.0,
161283,Kiranw,3471,549,568,546,0,203.89,17.023885428417284,0.16364160184384904,0.15730337078651685,0.0,0.0,0.0,0.0,0.0,1.0,0.0,1.0,0.0,1.0,1.0,0.0,0.0,0.0,0.0,1.0,1.0,1.0,1.0,1.0,0.0,1.0,1.0,1.0,20.0,30.0,5.0
161284,Chaq Sheyam Urf Poore Hinchha,2245,377,348,371,0,161.07,13.938039361768176,0.155011135857461,0.16525612472160356,0.0,0.0,0.0,0.0,0.0,1.0,0.0,1.0,0.0,1.0,1.0,0.0,0.0,0.0,0.0,1.0,1.0,1.0,1.0,1.0,0.0,1.0,1.0,1.0,20.0,30.0,4.0
161285,Oharpur,867,145,143,171,0,118.37,7.324491002787869,0.16493656286043828,0.1972318339100346,0.0,0.0,0.0,0.0,0.0,0.0,0.0,1.0,0.0,0.0,0.0,0.0,1.0,0.0,0.0,0.0,1.0,0.0,1.0,1.0,1.0,0.0,1.0,1.0,25.0,35.0,
161286,Malaka,665,108,101,139,0,135.32,4.914277268696424,0.1518796992481203,0.20902255639097744,0.0,0.0,0.0,0.0,0.0,0.0,0.0,1.0,0.0,0.0,0.0,0.0,1.0,0.0,0.0,0.0,1.0,0.0,1.0,1.0,1.0,0.0,1.0,1.0,25.0,35.0,
161287,Gaharpur,1400,210,220,816,0,85.63,16.34941025341586,0.15714285714285714,0.5828571428571429,0.0,0.0,0.0,0.0,0.0,0.0,0.0,1.0,0.0,0.0,0.0,,,0.0,0.0,0.0,1.0,0.0,1.0,1.0,1.0,1.0,1.0,1.0,25.0,35.0,
161288,Sarai Lahuri,805,142,124,248,0,48.01,16.76734013747136,0.15403726708074533,0.30807453416149067,0.0,0.0,0.0,0.0,0.0,0.0,0.0,1.0,0.0,0.0,0.0,0.0,,0.0,0.0,0.0,1.0,1.0,1.0,0.0,0.0,0.0,1.0,1.0,25.0,35.0,
161289,Chaq Saiuddin Urf Pooremati,663,124,141,242,0,57.72,11.486486486486486,0.21266968325791855,0.3650075414781297,0.0,0.0,0.0,0.0,0.0,0.0,0.0,1.0,0.0,0.0,0.0,0.0,,0.0,0.0,0.0,1.0,1.0,1.0,0.0,0.0,1.0,0.0,0.0,25.0,35.0,
161290,Chakerbhanpur Urf Chakiya,1350,215,237,16,0,84.07,16.05804686570715,0.17555555555555555,0.011851851851851851,0.0,0.0,0.0,0.0,0.0,0.0,0.0,1.0,0.0,1.0,0.0,0.0,0.0,0.0,0.0,0.0,0.0,1.0,1.0,0.0,0.0,1.0,1.0,1.0,,,
161291,Jamua,1623,255,226,622,0,106.38,15.256627185561197,0.1392483056069008,0.38324091189155884,0.0,0.0,0.0,0.0,0.0,0.0,0.0,1.0,0.0,0.0,0.0,0.0,1.0,0.0,0.0,0.0,1.0,,,1.0,0.0,1.0,1.0,1.0,24.0,25.0,
161292,Saraidatte,2494,393,377,806,0,167.2,14.916267942583733,0.1511627906976744,0.3231756214915798,0.0,0.0,0.0,0.0,0.0,0.0,0.0,1.0,0.0,0.0,0.0,0.0,1.0,0.0,0.0,0.0,1.0,1.0,1.0,1.0,0.0,1.0,1.0,1.0,23.0,25.0,
161293,Dhosra,782,132,91,201,0,62.52,12.507997440818936,0.11636828644501279,0.2570332480818414,0.0,0.0,0.0,0.0,0.0,0.0,1.0,1.0,0.0,0.0,0.0,0.0,1.0,0.0,0.0,0.0,1.0,1.0,1.0,1.0,0.0,0.0,1.0,1.0,23.0,26.0,
161294,Barji,1303,237,181,411,0,152.47,8.545943464288056,0.13891020721412126,0.31542594013814274,0.0,0.0,0.0,0.0,0.0,0.0,0.0,1.0,,,,0.0,1.0,0.0,0.0,0.0,1.0,1.0,1.0,0.0,0.0,1.0,1.0,1.0,25.0,35.0,
161295,Sisae Sipah,4455,724,687,1079,0,370.94,12.010028576050034,0.1542087542087542,0.24219977553310887,0.0,0.0,0.0,0.0,0.0,0.0,0.0,1.0,1.0,,1.0,0.0,1.0,0.0,0.0,0.0,1.0,1.0,1.0,1.0,0.0,1.0,1.0,1.0,20.0,30.0,
161296,Nasratpur,877,142,140,399,0,141.47,6.199194175443557,0.15963511972633979,0.4549600912200684,0.0,0.0,0.0,0.0,,,1.0,1.0,0.0,0.0,0.0,0.0,1.0,0.0,0.0,0.0,1.0,1.0,1.0,1.0,0.0,0.0,1.0,1.0,22.0,25.0,
161297,Buapur,2131,352,398,740,0,162.74,13.094506574904756,0.18676677616142656,0.34725480994838104,0.0,0.0,0.0,0.0,0.0,0.0,0.0,1.0,1.0,0.0,0.0,0.0,1.0,0.0,0.0,1.0,1.0,1.0,1.0,1.0,0.0,1.0,1.0,1.0,17.0,25.0,17.0
161298,Trilokpur,625,100,122,94,0,67.12,9.311680572109653,0.1952,0.1504,0.0,0.0,0.0,0.0,0.0,0.0,0.0,1.0,1.0,0.0,0.0,0.0,1.0,0.0,0.0,0.0,1.0,0.0,1.0,1.0,0.0,1.0,0.0,1.0,16.0,31.0,16.0
161299,Bhane Mau,1273,220,176,54,0,48.3,26.35610766045549,0.13825608798114689,0.04241948153967007,0.0,0.0,0.0,0.0,0.0,0.0,0.0,1.0,0.0,0.0,0.0,0.0,1.0,0.0,0.0,0.0,1.0,1.0,1.0,1.0,0.0,1.0,1.0,1.0,16.0,29.0,16.0
161300,Chaq Nooruddin Urf Nagdilpur,1182,162,176,184,0,108.43,10.901042147007285,0.14890016920473773,0.155668358714044,0.0,0.0,0.0,0.0,0.0,0.0,0.0,1.0,0.0,0.0,0.0,0.0,1.0,0.0,0.0,0.0,1.0,1.0,1.0,1.0,0.0,0.0,1.0,1.0,16.0,28.0,16.0
161301,Nari,1049,175,167,519,0,79.59,13.180047744691544,0.15919923736892277,0.4947569113441373,0.0,0.0,0.0,0.0,0.0,0.0,0.0,1.0,0.0,0.0,0.0,0.0,1.0,0.0,0.0,0.0,1.0,0.0,1.0,1.0,0.0,0.0,1.0,1.0,15.0,28.0,15.0
161302,Jugunideeh,5619,832,904,1604,0,341.72,16.443286901556828,0.1608827193450792,0.28546004627157856,0.0,0.0,0.0,0.0,0.0,0.0,0.0,1.0,0.0,0.0,0.0,0.0,1.0,0.0,0.0,0.0,1.0,0.0,1.0,1.0,0.0,0.0,1.0,1.0,15.0,30.0,
161303,Padumpur,660,113,155,40,0,40.91,16.132974822781716,0.23484848484848486,0.06060606060606061,0.0,0.0,0.0,0.0,0.0,0.0,0.0,1.0,1.0,0.0,0.0,0.0,0.0,0.0,0.0,0.0,1.0,1.0,1.0,1.0,0.0,1.0,0.0,1.0,24.0,21.0,21.0
161304,Sarai Lili Urf Berchanpur,1844,325,270,816,0,172.43,10.694194745693904,0.14642082429501085,0.44251626898047725,0.0,0.0,0.0,0.0,0.0,0.0,0.0,1.0,1.0,0.0,1.0,0.0,0.0,0.0,0.0,0.0,1.0,1.0,1.0,1.0,0.0,1.0,1.0,1.0,23.0,20.0,20.0
161305,Noorpur,5280,797,790,1143,0,343.25,15.382374362709395,0.14962121212121213,0.21647727272727274,0.0,0.0,0.0,0.0,0.0,0.0,0.0,1.0,1.0,0.0,1.0,1.0,0.0,0.0,0.0,0.0,1.0,1.0,1.0,1.0,0.0,1.0,1.0,1.0,20.0,18.0,18.0
161306,Chaq Keshaw,91,17,16,81,0,9.15,9.94535519125683,0.17582417582417584,0.8901098901098901,0.0,0.0,0.0,0.0,0.0,0.0,0.0,1.0,1.0,0.0,0.0,0.0,0.0,0.0,0.0,0.0,1.0,1.0,1.0,1.0,0.0,0.0,1.0,1.0,22.0,19.0,19.0
161307,Poore Gopi Urf Lahti,1358,170,196,161,0,55.59,24.428854110451518,0.14432989690721648,0.11855670103092783,0.0,0.0,0.0,0.0,0.0,0.0,1.0,1.0,1.0,0.0,0.0,0.0,1.0,0.0,1.0,0.0,1.0,1.0,1.0,1.0,0.0,1.0,1.0,1.0,19.0,18.0,
161308,Balkaranpur,1964,330,270,575,0,142.54,13.778588466395398,0.13747454175152748,0.29276985743380857,0.0,0.0,0.0,0.0,0.0,0.0,1.0,1.0,1.0,1.0,0.0,0.0,1.0,0.0,1.0,0.0,1.0,1.0,1.0,1.0,0.0,1.0,1.0,1.0,22.0,18.0,
161309,Poore Bagi,607,87,97,95,0,44.64,13.597670250896057,0.15980230642504117,0.15650741350906094,0.0,0.0,0.0,0.0,0.0,0.0,1.0,1.0,1.0,1.0,0.0,0.0,1.0,0.0,0.0,0.0,0.0,1.0,1.0,1.0,0.0,1.0,0.0,1.0,20.0,18.0,
161310,Muradpur Urf Khadirpur,883,126,105,371,0,61.95,14.253430185633574,0.11891279728199321,0.420158550396376,0.0,0.0,0.0,0.0,0.0,0.0,1.0,1.0,1.0,0.0,0.0,0.0,1.0,1.0,0.0,0.0,1.0,1.0,1.0,1.0,0.0,0.0,1.0,1.0,22.0,13.0,
161311,Bankat,1194,192,136,261,0,55.05,21.689373297002724,0.11390284757118928,0.2185929648241206,0.0,0.0,0.0,0.0,0.0,0.0,1.0,1.0,1.0,0.0,0.0,0.0,1.0,0.0,0.0,0.0,1.0,1.0,1.0,1.0,0.0,0.0,1.0,1.0,21.0,18.0,
161312,Beerapur,4013,593,605,1533,0,317.7,12.631413282971357,0.15076002990281584,0.38200847246449043,0.0,0.0,0.0,,0.0,0.0,1.0,1.0,1.0,1.0,0.0,0.0,1.0,0.0,1.0,0.0,1.0,1.0,1.0,1.0,0.0,1.0,1.0,1.0,18.0,16.0,
161313,Poore Bhaiya Ram,208,27,40,0,0,15.54,13.384813384813386,0.19230769230769232,0.0,0.0,0.0,0.0,0.0,0.0,0.0,0.0,1.0,0.0,0.0,0.0,0.0,0.0,0.0,0.0,0.0,1.0,1.0,0.0,1.0,0.0,0.0,0.0,1.0,17.0,20.0,
161314,Tikari,3871,581,623,867,0,247.61,15.633455837809457,0.1609403254972875,0.22397313355722034,0.0,0.0,0.0,0.0,0.0,0.0,0.0,1.0,0.0,1.0,0.0,0.0,0.0,0.0,0.0,0.0,1.0,1.0,0.0,1.0,0.0,1.0,1.0,1.0,17.0,21.0,
161315,Nadiyani,1036,171,155,751,0,109.74,9.440495717149627,0.14961389961389962,0.724903474903475,0.0,0.0,0.0,0.0,0.0,0.0,0.0,1.0,1.0,0.0,1.0,0.0,0.0,0.0,0.0,0.0,1.0,1.0,0.0,1.0,0.0,0.0,1.0,1.0,15.0,20.0,
161316,Aadampur Upraura,2033,279,366,553,0,187.39,10.849031431773307,0.18002951303492376,0.2720118052139695,0.0,0.0,0.0,0.0,0.0,0.0,0.0,1.0,0.0,1.0,0.0,0.0,0.0,0.0,0.0,0.0,1.0,1.0,0.0,1.0,0.0,1.0,1.0,1.0,17.0,20.0,
161317,Sarai Aziz Ta.Harkishun,15,2,2,0,0,15.62,0.9603072983354674,0.13333333333333333,0.0,0.0,0.0,0.0,0.0,0.0,0.0,0.0,0.0,1.0,1.0,1.0,0.0,0.0,0.0,0.0,0.0,0.0,0.0,0.0,0.0,0.0,0.0,0.0,1.0,19.0,22.0,
161318,Raide Pur,1006,174,181,253,0,95.0,10.589473684210526,0.17992047713717693,0.2514910536779324,0.0,0.0,0.0,0.0,0.0,0.0,0.0,1.0,0.0,0.0,0.0,0.0,1.0,0.0,0.0,0.0,1.0,0.0,1.0,1.0,0.0,1.0,1.0,1.0,14.0,28.0,
161319,Ahirai,1569,235,245,535,0,83.09,18.883138765194367,0.1561504142766093,0.3409815168897387,0.0,0.0,0.0,0.0,0.0,0.0,1.0,1.0,1.0,1.0,1.0,0.0,1.0,0.0,0.0,,1.0,1.0,0.0,0.0,0.0,1.0,1.0,1.0,16.0,23.0,
161320,Garapur,532,88,77,234,0,79.55,6.687617850408548,0.14473684210526316,0.4398496240601504,0.0,0.0,1.0,0.0,0.0,0.0,1.0,1.0,1.0,1.0,1.0,0.0,1.0,0.0,0.0,0.0,1.0,1.0,0.0,0.0,0.0,0.0,1.0,1.0,17.0,22.0,
161321,Madhopur,1423,227,245,718,0,103.99,13.68400807769978,0.17217146872803935,0.5045678144764582,0.0,0.0,0.0,0.0,0.0,0.0,1.0,1.0,1.0,1.0,1.0,0.0,1.0,0.0,1.0,0.0,1.0,1.0,1.0,1.0,1.0,1.0,1.0,1.0,15.0,20.0,
161322,Bajahi,2309,347,393,537,0,216.78,10.651351600701172,0.17020355132091813,0.23256821134690342,0.0,0.0,0.0,0.0,0.0,0.0,0.0,1.0,0.0,0.0,1.0,0.0,0.0,0.0,1.0,1.0,1.0,1.0,0.0,1.0,0.0,1.0,1.0,1.0,15.0,20.0,
161323,Arazi Dehigair Abad,0,0,0,0,0,29.35,0.0,,,,,,,,,,,,,,,,,,,,,,,,,,,15.0,20.0,
161324,Bir Bhaderpur Urf Kalipur,390,68,78,137,0,29.35,13.287904599659283,0.2,0.35128205128205126,0.0,0.0,0.0,0.0,0.0,0.0,0.0,1.0,0.0,0.0,0.0,0.0,1.0,0.0,0.0,0.0,1.0,1.0,0.0,1.0,0.0,0.0,0.0,0.0,15.0,20.0,
161325,Gorapur,1323,223,192,617,0,70.24,18.835421412300686,0.14512471655328799,0.46636432350718066,0.0,0.0,0.0,0.0,0.0,0.0,0.0,1.0,0.0,1.0,1.0,1.0,0.0,0.0,0.0,0.0,1.0,1.0,1.0,1.0,0.0,1.0,1.0,1.0,14.0,20.0,
161326,Baksera,1574,253,248,337,0,157.17,10.014633835973788,0.15756035578144853,0.21410419313850063,0.0,0.0,0.0,,0.0,0.0,1.0,1.0,1.0,1.0,1.0,0.0,1.0,0.0,1.0,,1.0,1.0,1.0,1.0,0.0,1.0,1.0,1.0,15.0,22.0,
161327,Dhanpalpur,634,107,96,445,0,24.79,25.57482855990319,0.15141955835962145,0.7018927444794952,0.0,,0.0,0.0,0.0,0.0,0.0,1.0,1.0,1.0,0.0,0.0,0.0,0.0,0.0,0.0,0.0,0.0,1.0,0.0,0.0,0.0,1.0,1.0,13.0,25.0,25.0
161328,Malipur,1044,161,171,62,0,47.25,22.095238095238095,0.16379310344827586,0.05938697318007663,0.0,0.0,0.0,0.0,0.0,0.0,0.0,1.0,1.0,0.0,1.0,0.0,1.0,0.0,0.0,1.0,1.0,0.0,1.0,1.0,0.0,1.0,0.0,1.0,13.0,25.0,25.0
161329,Dalipur,817,139,148,220,3,41.95,19.475566150178782,0.18115055079559364,0.2692778457772338,0.0036719706242350062,0.0,0.0,0.0,0.0,0.0,0.0,1.0,1.0,0.0,1.0,0.0,1.0,0.0,0.0,0.0,1.0,1.0,0.0,1.0,0.0,0.0,1.0,1.0,13.0,25.0,25.0
161330,Chaq Payagi,393,55,70,75,0,50.8,7.736220472440945,0.178117048346056,0.19083969465648856,0.0,0.0,0.0,0.0,0.0,0.0,0.0,1.0,1.0,0.0,1.0,0.0,1.0,1.0,0.0,1.0,0.0,0.0,1.0,0.0,0.0,0.0,0.0,1.0,13.0,25.0,25.0
161331,Chaimalpur,2065,338,334,650,0,235.97,8.75111242954613,0.16174334140435837,0.31476997578692495,0.0,0.0,0.0,0.0,0.0,0.0,0.0,1.0,1.0,1.0,0.0,0.0,1.0,1.0,1.0,1.0,1.0,0.0,0.0,0.0,0.0,1.0,1.0,1.0,10.0,30.0,30.0
161332,Tulapur,1497,245,197,221,0,186.0,8.048387096774194,0.13159652638610556,0.14762859051436206,0.0,0.0,0.0,0.0,0.0,0.0,1.0,1.0,1.0,0.0,1.0,0.0,1.0,1.0,1.0,1.0,1.0,0.0,0.0,0.0,0.0,1.0,1.0,1.0,13.0,25.0,25.0
161333,Sikandra,4102,578,619,226,0,97.74,41.96848782484142,0.15090199902486592,0.05509507557289127,0.0,0.0,0.0,0.0,0.0,0.0,1.0,1.0,1.0,0.0,0.0,1.0,0.0,1.0,1.0,1.0,1.0,0.0,1.0,0.0,0.0,1.0,1.0,1.0,13.0,25.0,25.0
161334,Sarai Herkishun,361,35,59,93,0,51.58,6.998836758433502,0.1634349030470914,0.25761772853185594,0.0,0.0,0.0,0.0,0.0,0.0,0.0,1.0,1.0,1.0,1.0,0.0,1.0,1.0,1.0,1.0,1.0,0.0,1.0,0.0,0.0,0.0,0.0,1.0,13.0,25.0,25.0
161335,Shefkhanpur Urf Chilharai,422,81,75,312,0,53.97,7.819158791921438,0.17772511848341233,0.7393364928909952,0.0,0.0,0.0,0.0,0.0,0.0,0.0,1.0,0.0,0.0,0.0,0.0,0.0,0.0,0.0,0.0,1.0,1.0,1.0,1.0,0.0,0.0,1.0,1.0,15.0,23.0,
161336,Mustafabad,49,6,7,0,0,53.4,0.9176029962546817,0.14285714285714285,0.0,0.0,0.0,0.0,0.0,0.0,0.0,0.0,1.0,1.0,0.0,0.0,0.0,1.0,0.0,0.0,1.0,1.0,0.0,0.0,0.0,0.0,0.0,0.0,0.0,13.0,25.0,25.0
161337,Ruhera,704,128,139,268,0,95.0,7.410526315789474,0.19744318181818182,0.3806818181818182,0.0,0.0,0.0,0.0,0.0,0.0,0.0,1.0,1.0,0.0,0.0,0.0,1.0,0.0,0.0,0.0,1.0,1.0,0.0,0.0,0.0,1.0,1.0,1.0,13.0,25.0,25.0
161338,Balipur,1804,333,275,671,0,111.06,16.243471997118675,0.1524390243902439,0.3719512195121951,0.0,0.0,0.0,0.0,0.0,0.0,0.0,1.0,1.0,0.0,1.0,0.0,0.0,0.0,0.0,0.0,1.0,1.0,0.0,1.0,0.0,1.0,1.0,1.0,15.0,20.0,
161339,Khewrajpur,814,148,114,241,0,145.67,5.587972815267386,0.14004914004914004,0.29606879606879605,0.0,0.0,0.0,0.0,0.0,0.0,1.0,1.0,1.0,0.0,1.0,0.0,0.0,0.0,0.0,0.0,1.0,1.0,1.0,1.0,0.0,1.0,1.0,1.0,11.0,31.0,
161340,Bharatpur,444,79,63,165,0,31.35,14.16267942583732,0.14189189189189189,0.3716216216216216,0.0,0.0,0.0,0.0,0.0,0.0,1.0,1.0,1.0,0.0,0.0,0.0,0.0,0.0,0.0,0.0,1.0,1.0,1.0,1.0,0.0,1.0,1.0,1.0,11.0,31.0,
161341,Raghunathpur,1178,201,174,425,0,145.82,8.07845288712111,0.14770797962648557,0.3607809847198642,0.0,0.0,0.0,0.0,0.0,0.0,1.0,1.0,1.0,0.0,1.0,0.0,0.0,0.0,0.0,0.0,1.0,1.0,1.0,1.0,0.0,1.0,1.0,1.0,11.0,31.0,
161342,Wazirpur,678,92,100,123,0,68.57,9.887705993874873,0.14749262536873156,0.18141592920353983,0.0,0.0,0.0,0.0,0.0,0.0,0.0,1.0,1.0,0.0,0.0,0.0,1.0,0.0,0.0,1.0,1.0,0.0,1.0,1.0,0.0,1.0,1.0,1.0,12.0,25.0,
161343,Sirkindiya Gair Abad,19,3,1,5,0,97.15,0.19557385486361295,0.05263157894736842,0.2631578947368421,0.0,0.0,0.0,0.0,0.0,0.0,0.0,1.0,0.0,0.0,0.0,0.0,1.0,0.0,0.0,0.0,0.0,0.0,0.0,1.0,0.0,0.0,0.0,0.0,14.0,22.0,
161344,Katiyahi,1240,194,191,441,0,155.76,7.960965588084233,0.15403225806451612,0.3556451612903226,0.0,0.0,0.0,0.0,0.0,0.0,0.0,1.0,1.0,0.0,0.0,0.0,1.0,0.0,0.0,0.0,1.0,0.0,1.0,0.0,0.0,1.0,1.0,1.0,15.0,24.0,
161345,Mohammadpur Maichaq Shah Moham,1075,186,138,510,0,91.9,11.697497279651795,0.1283720930232558,0.4744186046511628,0.0,0.0,0.0,0.0,0.0,0.0,0.0,1.0,1.0,0.0,0.0,0.0,1.0,0.0,0.0,0.0,1.0,0.0,1.0,1.0,0.0,1.0,1.0,1.0,15.0,20.0,
161346,Baijpur,1141,169,157,72,0,58.41,19.534326313987332,0.1375985977212971,0.06310254163014899,0.0,0.0,0.0,0.0,0.0,0.0,0.0,1.0,1.0,0.0,0.0,0.0,1.0,0.0,0.0,0.0,1.0,0.0,1.0,1.0,0.0,1.0,1.0,1.0,15.0,24.0,
161347,Kalleyanpur Urf Lonari,456,83,70,254,0,71.26,6.399101880437833,0.15350877192982457,0.5570175438596491,0.0,0.0,0.0,0.0,0.0,0.0,0.0,1.0,1.0,0.0,0.0,0.0,1.0,0.0,0.0,0.0,1.0,1.0,1.0,1.0,0.0,1.0,1.0,1.0,15.0,20.0,
161348,Hasanpur Korari,1203,186,163,527,0,117.49,10.23916929100349,0.13549459684123025,0.4380714879467997,0.0,0.0,0.0,0.0,0.0,0.0,0.0,1.0,1.0,0.0,0.0,0.0,1.0,0.0,0.0,1.0,1.0,0.0,1.0,1.0,0.0,1.0,1.0,1.0,12.0,24.0,
161349,Kumbhauna,886,149,91,14,0,59.32,14.935940660822657,0.10270880361173815,0.01580135440180587,0.0,0.0,0.0,0.0,0.0,0.0,1.0,1.0,1.0,0.0,1.0,0.0,0.0,0.0,0.0,0.0,1.0,1.0,1.0,1.0,0.0,1.0,1.0,1.0,12.0,,30.0
161350,Dewapur,1054,184,151,223,0,45.42,23.205636283575515,0.1432637571157495,0.21157495256166983,0.0,0.0,0.0,0.0,0.0,0.0,1.0,1.0,1.0,0.0,1.0,0.0,0.0,0.0,0.0,0.0,1.0,1.0,1.0,1.0,0.0,1.0,1.0,1.0,12.0,31.0,
161351,Chaq Masaud,104,19,12,0,0,33.63,3.092476955099613,0.11538461538461539,0.0,0.0,0.0,0.0,0.0,0.0,0.0,1.0,1.0,1.0,0.0,1.0,0.0,0.0,0.0,0.0,0.0,0.0,1.0,1.0,1.0,0.0,0.0,1.0,1.0,13.0,,29.0
161352,Chaq Kasiram,426,77,59,142,0,41.63,10.233005044439105,0.13849765258215962,0.3333333333333333,0.0,0.0,0.0,0.0,0.0,0.0,0.0,1.0,1.0,0.0,0.0,0.0,1.0,0.0,0.0,0.0,1.0,1.0,1.0,1.0,0.0,1.0,1.0,1.0,12.0,24.0,
161353,Chaq Jayanti,740,102,78,15,0,30.21,24.495200264812976,0.10540540540540541,0.02027027027027027,0.0,0.0,0.0,0.0,0.0,0.0,0.0,1.0,1.0,0.0,0.0,0.0,1.0,0.0,0.0,1.0,1.0,0.0,1.0,1.0,0.0,1.0,1.0,1.0,,,
161354,Chaqsaban,283,48,36,103,0,11.24,25.177935943060497,0.127208480565371,0.36395759717314485,0.0,0.0,0.0,0.0,0.0,0.0,1.0,1.0,1.0,0.0,0.0,0.0,0.0,0.0,0.0,0.0,1.0,1.0,1.0,1.0,0.0,0.0,1.0,1.0,15.0,26.0,
161355,Sarai Chandi,294,45,61,170,0,58.76,5.0034036759700475,0.20748299319727892,0.5782312925170068,0.0,0.0,0.0,0.0,0.0,0.0,1.0,1.0,1.0,0.0,1.0,0.0,0.0,0.0,0.0,0.0,1.0,1.0,1.0,1.0,0.0,0.0,1.0,1.0,0.15,30.0,
161356,Dewarya,1158,173,201,334,0,129.29,8.956609173176581,0.17357512953367876,0.28842832469775476,0.0,0.0,0.0,0.0,2.0,2.0,1.0,1.0,1.0,1.0,1.0,0.0,0.0,1.0,0.0,1.0,1.0,1.0,1.0,1.0,0.0,1.0,1.0,1.0,20.0,22.0,22.0
161357,Lakhrawan,1547,247,243,391,0,180.11,8.589195491643995,0.1570782159017453,0.25274725274725274,0.0,0.0,0.0,0.0,0.0,,1.0,1.0,1.0,0.0,0.0,0.0,0.0,1.0,0.0,1.0,1.0,1.0,,1.0,0.0,1.0,1.0,1.0,20.0,23.0,23.0
161358,Kusungur,3893,622,541,880,0,136.6,28.49926793557833,0.13896737734395068,0.22604675057796045,0.0,0.0,0.0,0.0,2.0,2.0,1.0,1.0,1.0,1.0,1.0,0.0,0.0,0.0,1.0,1.0,1.0,1.0,1.0,1.0,0.0,1.0,1.0,1.0,22.0,20.0,20.0
161359,Paigamberpur,3360,510,480,386,0,347.94,9.656837385756164,0.14285714285714285,0.11488095238095238,0.0,0.0,0.0,0.0,0.0,0.0,0.0,1.0,1.0,0.0,0.0,0.0,0.0,0.0,0.0,0.0,1.0,1.0,1.0,0.0,0.0,1.0,0.0,1.0,19.0,17.0,17.0
161360,Nimi Khurd,810,111,87,0,0,48.74,16.61879359868691,0.10740740740740741,0.0,0.0,0.0,0.0,0.0,0.0,0.0,0.0,1.0,1.0,0.0,0.0,0.0,1.0,0.0,0.0,0.0,1.0,1.0,1.0,0.0,0.0,1.0,1.0,1.0,17.0,27.0,27.0
161361,Narayanpur,1027,170,158,426,0,73.78,13.919761452968284,0.15384615384615385,0.4148003894839338,0.0,0.0,0.0,0.0,0.0,0.0,0.0,1.0,1.0,0.0,1.0,0.0,1.0,0.0,0.0,0.0,1.0,1.0,1.0,0.0,0.0,0.0,1.0,1.0,18.0,24.0,24.0
161362,Chaq Kewat Ali Gair Abad,27,5,10,8,0,44.52,0.6064690026954177,0.37037037037037035,0.2962962962962963,0.0,,,,,,0.0,,,,,,,,,,,,,,,1.0,1.0,1.0,18.0,28.0,
161363,Dharampur Urf Dhurwa,2316,315,281,41,0,155.06,14.93615374693667,0.12132987910189982,0.01770293609671848,0.0,,,,,,0.0,1.0,1.0,1.0,0.0,0.0,0.0,0.0,1.0,1.0,0.0,0.0,1.0,1.0,0.0,1.0,1.0,1.0,15.0,20.0,20.0
161364,Bela Shailabi Gair Abad,0,0,0,0,0,1396.16,0.0,,,,,,,,,,,,,,,,,,,,,,,,,,,22.0,8.0,8.0
161365,Sihori Kachar Gair Abad,0,0,0,0,0,37.32,0.0,,,,,,,,,,,,,,,,,,,,,,,,,,,15.0,20.0,20.0
161366,Awraha Kachar Gair Abad,0,0,0,0,0,22.11,0.0,,,,,,,,,,,,,,,,,,,,,,,,,,,25.0,10.0,4.0
161367,Sihori Uperhar,164,20,30,0,0,117.31,1.3980052851419316,0.18292682926829268,0.0,0.0,0.0,0.0,,2.0,2.0,0.0,1.0,,1.0,0.0,0.0,0.0,0.0,0.0,0.0,1.0,0.0,1.0,1.0,0.0,1.0,1.0,1.0,15.0,20.0,
161368,Awrahauperhar Gair Abad,452,74,101,0,0,107.7,4.1968430826369545,0.2234513274336283,0.0,0.0,,,,,,0.0,1.0,1.0,1.0,0.0,1.0,0.0,0.0,0.0,1.0,0.0,0.0,1.0,1.0,0.0,1.0,1.0,1.0,20.0,20.0,20.0
161369,Hetapatti,2898,459,484,538,0,66.25,43.74339622641509,0.16701173222912352,0.18564527260179434,0.0,0.0,0.0,,2.0,2.0,1.0,1.0,,1.0,0.0,1.0,1.0,0.0,0.0,0.0,1.0,0.0,1.0,1.0,0.0,1.0,1.0,1.0,15.0,20.0,
161370,Sakra,1491,251,232,976,0,82.26,18.12545587162655,0.15560026827632462,0.6545942320590208,0.0,,,,,,0.0,1.0,1.0,1.0,0.0,0.0,1.0,0.0,0.0,1.0,0.0,0.0,1.0,1.0,0.0,1.0,1.0,1.0,20.0,20.0,20.0
161371,Madarpur,1378,208,228,128,0,107.28,12.84489187173751,0.16545718432510886,0.09288824383164006,0.0,0.0,0.0,,2.0,2.0,1.0,1.0,1.0,0.0,0.0,0.0,0.0,0.0,0.0,0.0,1.0,0.0,1.0,1.0,0.0,1.0,1.0,1.0,20.0,20.0,20.0
161372,Purusottampur Urf Garapur,3263,546,514,728,0,169.56,19.243925454116535,0.15752375114924916,0.22310756972111553,0.0,0.0,,,,,1.0,1.0,1.0,0.0,1.0,0.0,1.0,0.0,1.0,1.0,1.0,1.0,,1.0,0.0,1.0,1.0,1.0,20.0,21.0,21.0
161373,Malaka Mai Bhai Sahi,2721,432,391,771,0,159.55,17.05421497963021,0.14369717015803013,0.28335170893054024,0.0,0.0,0.0,0.0,0.0,0.0,0.0,1.0,0.0,0.0,0.0,0.0,0.0,1.0,1.0,1.0,1.0,1.0,1.0,1.0,0.0,1.0,1.0,1.0,15.0,30.0,30.0
161374,Mathura Urf Parandeeh,2426,377,350,661,0,225.64,10.75163978018082,0.1442704039571311,0.27246496290189615,0.0,0.0,0.0,0.0,0.0,0.0,0.0,1.0,1.0,0.0,0.0,0.0,0.0,0.0,1.0,1.0,0.0,0.0,1.0,1.0,0.0,1.0,1.0,1.0,13.0,35.0,35.0
161375,Shukulpur,21,3,0,21,0,13.5,1.5555555555555556,0.0,1.0,0.0,0.0,0.0,0.0,0.0,,0.0,1.0,0.0,0.0,0.0,0.0,0.0,0.0,1.0,1.0,0.0,0.0,1.0,1.0,0.0,0.0,1.0,1.0,12.0,35.0,
161376,Partappur,1156,209,161,581,0,56.69,20.391603457399896,0.13927335640138408,0.5025951557093425,0.0,0.0,0.0,0.0,0.0,,1.0,1.0,1.0,,,0.0,1.0,0.0,0.0,1.0,0.0,0.0,1.0,0.0,0.0,0.0,0.0,0.0,18.0,18.0,
161377,Jiwnarayanpur,614,110,107,386,0,14.42,42.57975034674064,0.1742671009771987,0.6286644951140065,0.0,0.0,0.0,0.0,0.0,0.0,1.0,1.0,1.0,,,0.0,1.0,0.0,0.0,0.0,0.0,0.0,1.0,0.0,0.0,0.0,0.0,0.0,16.0,18.0,18.0
161378,Chaq Julekha,214,39,48,214,0,14.42,14.840499306518725,0.22429906542056074,1.0,0.0,0.0,0.0,0.0,0.0,0.0,0.0,1.0,1.0,0.0,0.0,0.0,1.0,0.0,0.0,0.0,1.0,1.0,1.0,0.0,0.0,0.0,0.0,0.0,18.0,18.0,18.0
161379,Suprawari,1100,168,190,113,0,107.99,10.186128345217151,0.17272727272727273,0.10272727272727272,0.0,0.0,0.0,0.0,0.0,0.0,0.0,1.0,0.0,0.0,0.0,0.0,1.0,0.0,0.0,1.0,0.0,1.0,1.0,0.0,0.0,0.0,1.0,0.0,16.0,18.0,18.0
161380,Damoderpur Urf Tiwaripur,1771,246,228,277,0,110.5,16.02714932126697,0.1287408243929983,0.15640880858272163,0.0,0.0,0.0,0.0,0.0,0.0,0.0,1.0,0.0,0.0,0.0,0.0,1.0,0.0,0.0,1.0,0.0,0.0,1.0,0.0,0.0,0.0,0.0,0.0,18.0,18.0,18.0
161381,Kadipur,1027,183,148,393,0,102.7,10.0,0.14410905550146055,0.38266796494644595,0.0,0.0,0.0,0.0,0.0,0.0,0.0,0.0,0.0,0.0,0.0,0.0,1.0,0.0,0.0,0.0,1.0,1.0,1.0,0.0,0.0,0.0,1.0,0.0,16.0,18.0,18.0
161382,Berue,3584,633,537,1356,3,313.0,11.450479233226837,0.14983258928571427,0.3783482142857143,0.0008370535714285714,0.0,0.0,0.0,0.0,0.0,0.0,1.0,1.0,0.0,0.0,0.0,1.0,1.0,1.0,1.0,1.0,1.0,0.0,1.0,0.0,1.0,1.0,1.0,16.0,20.0,20.0
161383,Chanderpur Urf Busmahua,3606,612,556,1253,0,235.0,15.34468085106383,0.15418746533555186,0.3474764281752635,0.0,0.0,0.0,0.0,0.0,0.0,0.0,1.0,0.0,0.0,0.0,0.0,1.0,1.0,1.0,1.0,1.0,0.0,0.0,0.0,0.0,1.0,1.0,1.0,15.0,20.0,20.0
161384,Chaq Ali Pur,1577,228,275,337,0,194.23,8.119240076198322,0.17438173747622068,0.2136968928344959,0.0,0.0,0.0,0.0,0.0,0.0,1.0,1.0,1.0,0.0,1.0,0.0,1.0,0.0,0.0,0.0,1.0,1.0,1.0,1.0,0.0,1.0,1.0,1.0,22.0,57.0,57.0
161385,Hansrajpur,1690,260,246,723,0,198.71,8.504856323285189,0.1455621301775148,0.427810650887574,0.0,0.0,0.0,0.0,0.0,0.0,1.0,1.0,0.0,0.0,1.0,0.0,1.0,0.0,0.0,0.0,1.0,1.0,1.0,1.0,0.0,1.0,1.0,1.0,22.0,57.0,57.0
161386,Chamrupur Urf Nandout,2028,322,318,412,0,258.08,7.858028518288903,0.15680473372781065,0.20315581854043394,0.0,0.0,0.0,0.0,0.0,0.0,1.0,1.0,1.0,0.0,0.0,0.0,1.0,0.0,0.0,0.0,1.0,1.0,1.0,1.0,0.0,0.0,1.0,0.0,18.0,50.0,50.0
161387,Dariyapur Nandaut,338,32,64,56,0,30.84,10.959792477302205,0.1893491124260355,0.16568047337278108,0.0,0.0,0.0,0.0,0.0,0.0,1.0,1.0,1.0,0.0,0.0,0.0,1.0,0.0,0.0,0.0,1.0,1.0,1.0,1.0,0.0,0.0,1.0,1.0,18.0,50.0,50.0
161388,Chaq Afrad Urf Mubarakpur,1662,242,232,293,0,85.72,19.388707419505366,0.13959085439229843,0.1762936221419976,0.0,0.0,0.0,0.0,0.0,0.0,1.0,1.0,1.0,0.0,0.0,0.0,1.0,0.0,0.0,0.0,1.0,1.0,1.0,1.0,0.0,0.0,0.0,0.0,18.0,50.0,50.0
161389,Chaq Ali Urf Poore Gopali,1017,150,158,451,0,163.92,6.204245973645682,0.1553588987217306,0.44346116027531957,0.0,0.0,0.0,0.0,0.0,0.0,1.0,1.0,1.0,0.0,0.0,0.0,1.0,0.0,0.0,0.0,1.0,1.0,1.0,0.0,0.0,0.0,1.0,0.0,18.0,50.0,50.0
161390,Chaq Sekh Ahmed Urf Kusehta,2542,374,373,670,0,243.7,10.430857611817808,0.14673485444531864,0.26357199055861524,0.0,0.0,0.0,,0.0,0.0,0.0,1.0,0.0,0.0,0.0,0.0,1.0,0.0,0.0,0.0,1.0,1.0,1.0,1.0,0.0,1.0,1.0,1.0,12.0,45.0,
161391,Dhelha,767,123,138,135,0,38.14,20.110120608285264,0.17992177314211213,0.1760104302477184,0.0,0.0,0.0,0.0,0.0,0.0,0.0,1.0,0.0,0.0,0.0,0.0,1.0,0.0,0.0,1.0,1.0,1.0,1.0,1.0,0.0,1.0,1.0,1.0,12.0,44.0,
161392,Pahsi,686,103,134,183,0,70.61,9.715337770853987,0.19533527696793002,0.26676384839650147,0.0,0.0,0.0,0.0,0.0,0.0,0.0,1.0,0.0,0.0,0.0,0.0,1.0,0.0,0.0,1.0,1.0,1.0,1.0,1.0,0.0,1.0,1.0,1.0,11.0,43.0,
161393,Batwansi Urf Poore Bihari,464,57,61,58,0,71.52,6.487695749440716,0.1314655172413793,0.125,0.0,0.0,0.0,0.0,0.0,0.0,0.0,1.0,0.0,0.0,0.0,1.0,1.0,0.0,0.0,1.0,1.0,1.0,1.0,1.0,0.0,1.0,1.0,1.0,11.0,43.0,
161394,Khansar,1587,259,272,455,0,166.55,9.528670069048333,0.1713925645872716,0.2867044738500315,0.0,0.0,0.0,0.0,0.0,1.0,0.0,1.0,0.0,0.0,0.0,0.0,1.0,0.0,1.0,1.0,1.0,1.0,0.0,0.0,0.0,0.0,1.0,1.0,9.0,45.0,9.0
161395,Chaq Abdul Shakoor Urf Hatia G,7,1,2,0,0,70.0,0.1,0.2857142857142857,0.0,0.0,0.0,0.0,0.0,0.0,0.0,0.0,1.0,0.0,0.0,0.0,0.0,1.0,0.0,0.0,1.0,1.0,1.0,1.0,1.0,0.0,0.0,0.0,0.0,13.0,46.0,
161396,Amiliya,2132,318,337,335,0,209.79,10.162543495876829,0.15806754221388367,0.1571294559099437,0.0,0.0,0.0,0.0,0.0,0.0,0.0,1.0,1.0,1.0,1.0,0.0,1.0,0.0,1.0,0.0,1.0,1.0,1.0,1.0,0.0,1.0,0.0,1.0,12.0,48.0,12.0
161397,Mohamadabad Urf Mialwan,1970,291,363,538,0,467.74,4.211741565827169,0.18426395939086293,0.2730964467005076,0.0,0.0,0.0,0.0,0.0,0.0,0.0,1.0,0.0,1.0,1.0,0.0,0.0,0.0,0.0,0.0,1.0,1.0,1.0,1.0,0.0,1.0,1.0,1.0,12.0,39.0,12.0
161398,Chaq Hafiz Badruddin Urf Konar,1222,183,193,176,0,35.38,34.53928773318259,0.1579378068739771,0.14402618657937807,0.0,0.0,0.0,0.0,0.0,0.0,0.0,1.0,1.0,1.0,1.0,0.0,1.0,0.0,1.0,0.0,1.0,1.0,1.0,1.0,0.0,1.0,1.0,1.0,10.0,45.0,10.0
161399,Sarai Wirindawan Urfchaq Jani,306,39,52,49,0,17.88,17.114093959731544,0.16993464052287582,0.16013071895424835,0.0,0.0,0.0,0.0,0.0,0.0,0.0,1.0,1.0,0.0,0.0,0.0,1.0,0.0,1.0,0.0,1.0,1.0,1.0,1.0,0.0,1.0,1.0,1.0,10.0,44.0,10.0
161400,Agahua,1425,239,208,206,0,128.4,11.098130841121495,0.14596491228070174,0.14456140350877192,0.0,0.0,0.0,0.0,0.0,0.0,0.0,1.0,1.0,1.0,1.0,0.0,1.0,0.0,1.0,0.0,1.0,1.0,1.0,1.0,0.0,1.0,1.0,1.0,10.0,45.0,10.0
161401,Sarai Khundmir,870,121,142,227,0,67.36,12.915676959619953,0.1632183908045977,0.26091954022988506,0.0,0.0,0.0,0.0,0.0,0.0,0.0,1.0,0.0,0.0,0.0,0.0,1.0,0.0,0.0,1.0,1.0,1.0,1.0,1.0,0.0,1.0,1.0,1.0,11.0,43.0,
161402,Mubrakpur,2601,430,376,818,0,300.49,8.655862091916536,0.144559784698193,0.3144944252210688,0.0,,0.0,0.0,0.0,2.0,0.0,1.0,0.0,0.0,0.0,0.0,1.0,0.0,1.0,1.0,1.0,1.0,0.0,0.0,0.0,0.0,1.0,1.0,12.0,48.0,12.0
161403,Kapsa,5166,786,847,1236,0,526.73,9.807681354773793,0.16395663956639567,0.23925667828106853,0.0,0.0,0.0,,0.0,0.0,0.0,1.0,1.0,1.0,1.0,0.0,1.0,0.0,0.0,0.0,1.0,1.0,1.0,0.0,0.0,1.0,1.0,1.0,14.0,50.0,
161404,Rajepur,1848,245,309,413,0,231.05,7.9982687729928585,0.1672077922077922,0.22348484848484848,0.0,0.0,0.0,0.0,0.0,1.0,0.0,1.0,0.0,0.0,0.0,0.0,1.0,0.0,0.0,1.0,1.0,1.0,0.0,0.0,0.0,0.0,1.0,1.0,13.0,32.0,
161405,Rajepur Mai Sarai Aerjani,792,131,174,350,0,141.86,5.582969124488932,0.2196969696969697,0.44191919191919193,0.0,0.0,0.0,0.0,0.0,1.0,0.0,1.0,0.0,0.0,0.0,0.0,1.0,0.0,0.0,1.0,1.0,1.0,0.0,0.0,0.0,0.0,1.0,1.0,12.0,30.0,
161406,Sarai Aerjani,512,85,92,0,0,31.97,16.015014075695966,0.1796875,0.0,0.0,0.0,0.0,0.0,0.0,0.0,0.0,1.0,0.0,0.0,0.0,0.0,1.0,0.0,0.0,1.0,1.0,1.0,0.0,0.0,0.0,0.0,1.0,1.0,11.0,30.0,
161407,Sarai Aziz Urf Azizpur,1200,175,187,295,0,74.82,16.03849238171612,0.15583333333333332,0.24583333333333332,0.0,0.0,0.0,0.0,0.0,1.0,0.0,1.0,0.0,1.0,0.0,0.0,1.0,0.0,0.0,1.0,1.0,1.0,0.0,0.0,0.0,0.0,1.0,1.0,12.0,30.0,12.0
161408,Sehunadeeh,2765,418,525,580,0,382.74,7.224225322673355,0.189873417721519,0.20976491862567812,0.0,0.0,0.0,0.0,0.0,0.0,0.0,1.0,1.0,1.0,1.0,0.0,0.0,0.0,0.0,0.0,1.0,1.0,1.0,0.0,0.0,0.0,1.0,1.0,10.0,45.0,10.0
161409,Sarai Jaina,89,15,11,0,0,12.2,7.2950819672131155,0.12359550561797752,0.0,0.0,0.0,0.0,0.0,0.0,0.0,0.0,1.0,1.0,0.0,0.0,0.0,0.0,0.0,0.0,0.0,0.0,0.0,1.0,0.0,0.0,0.0,0.0,0.0,13.0,50.0,13.0
161410,Raini,2191,348,366,1098,0,241.42,9.075470135034381,0.16704701049748974,0.5011410314924692,0.0,,0.0,0.0,0.0,1.0,0.0,1.0,0.0,0.0,0.0,0.0,1.0,0.0,1.0,1.0,1.0,1.0,0.0,0.0,0.0,0.0,1.0,1.0,11.0,47.0,11.0
161411,Sarai Daud Urf Dhaqpura,1040,169,155,495,0,90.13,11.538888272495285,0.14903846153846154,0.47596153846153844,0.0,0.0,0.0,0.0,0.0,0.0,1.0,1.0,1.0,0.0,0.0,0.0,0.0,0.0,0.0,1.0,1.0,0.0,1.0,1.0,0.0,1.0,1.0,1.0,9.0,39.0,
161412,Aalemau,652,103,114,271,0,146.56,4.448689956331878,0.17484662576687116,0.4156441717791411,0.0,0.0,0.0,,0.0,,1.0,1.0,1.0,0.0,1.0,0.0,0.0,0.0,1.0,1.0,1.0,0.0,1.0,1.0,0.0,1.0,1.0,1.0,8.0,38.0,
161413,Chaq Sultan Mohammad Urf Nusar,523,83,81,37,0,126.35,4.139295607439652,0.15487571701720843,0.07074569789674952,0.0,0.0,0.0,0.0,0.0,0.0,0.0,1.0,0.0,1.0,1.0,0.0,0.0,0.0,0.0,1.0,1.0,1.0,1.0,1.0,0.0,0.0,1.0,1.0,10.0,37.0,10.0
161414,Mehdipur Urf Poore Indra,569,93,106,307,0,50.19,11.336919705120543,0.18629173989455183,0.539543057996485,0.0,0.0,0.0,0.0,0.0,0.0,0.0,1.0,0.0,0.0,1.0,0.0,0.0,0.0,0.0,0.0,1.0,1.0,1.0,1.0,0.0,0.0,1.0,1.0,,,
161415,Sonkhari,287,40,46,89,0,21.6,13.287037037037036,0.1602787456445993,0.31010452961672474,0.0,0.0,0.0,0.0,0.0,0.0,0.0,1.0,0.0,0.0,1.0,0.0,0.0,0.0,0.0,0.0,1.0,1.0,1.0,1.0,0.0,0.0,0.0,0.0,9.0,37.0,9.0
161416,Chaq Shahabuddin Urf Chitha,141,15,19,0,0,56.68,2.4876499647141848,0.1347517730496454,0.0,0.0,0.0,0.0,,0.0,0.0,1.0,1.0,0.0,0.0,0.0,0.0,1.0,0.0,0.0,1.0,1.0,0.0,1.0,1.0,0.0,0.0,1.0,1.0,9.0,39.0,
161417,Mailhan,2941,439,486,759,0,203.58,14.44640927399548,0.1652499149948997,0.25807548452907175,0.0,1.0,1.0,,,4.0,1.0,1.0,1.0,0.0,1.0,0.0,1.0,0.0,0.0,1.0,1.0,0.0,1.0,1.0,0.0,1.0,1.0,1.0,8.0,38.0,
161418,Rasulpur,742,112,144,111,0,44.21,16.783533137299255,0.1940700808625337,0.1495956873315364,0.0,0.0,0.0,0.0,0.0,0.0,1.0,1.0,0.0,0.0,0.0,0.0,1.0,0.0,0.0,1.0,1.0,0.0,1.0,1.0,0.0,0.0,0.0,0.0,9.0,39.0,
161419,Kutubpur,1262,211,226,0,0,103.53,12.189703467593935,0.179080824088748,0.0,0.0,0.0,0.0,0.0,0.0,1.0,0.0,1.0,0.0,1.0,1.0,0.0,1.0,0.0,1.0,1.0,1.0,1.0,0.0,0.0,0.0,0.0,0.0,0.0,7.0,45.0,
161420,Atraura,1805,267,290,549,0,176.96,10.2000452079566,0.16066481994459833,0.3041551246537396,0.0,0.0,0.0,0.0,0.0,0.0,0.0,1.0,0.0,1.0,1.0,0.0,0.0,0.0,0.0,0.0,1.0,1.0,0.0,1.0,0.0,1.0,1.0,1.0,15.0,48.0,48.0
161421,Sarai Saiydbare Urf Yaseenpur,0,0,0,0,0,114.84,0.0,,,,,,,,,,,,,,,,,,,,,,,,,,,18.0,49.0,49.0
161422,Khanpur,743,107,115,129,0,110.99,6.694296783494009,0.15477792732166892,0.17362045760430686,0.0,0.0,0.0,0.0,0.0,0.0,0.0,1.0,0.0,1.0,1.0,0.0,0.0,0.0,0.0,0.0,1.0,1.0,0.0,1.0,0.0,1.0,1.0,1.0,17.0,50.0,50.0
161423,Rasoolpur Dehmafi,731,120,121,316,0,66.82,10.939838371744989,0.16552667578659372,0.4322845417236662,0.0,0.0,0.0,0.0,0.0,0.0,0.0,1.0,0.0,0.0,1.0,0.0,0.0,0.0,0.0,0.0,1.0,1.0,0.0,1.0,0.0,1.0,1.0,1.0,17.0,50.0,50.0
161424,Jalaluddinpur,249,34,46,0,0,151.37,1.6449758868996498,0.18473895582329317,0.0,0.0,0.0,0.0,0.0,0.0,0.0,0.0,1.0,0.0,1.0,1.0,0.0,1.0,0.0,1.0,1.0,1.0,1.0,0.0,0.0,0.0,0.0,0.0,0.0,7.0,48.0,48.0
161425,Bhamae Husamganj,3900,604,643,955,0,210.28,18.546699638577135,0.16487179487179487,0.24487179487179486,0.0,0.0,0.0,0.0,0.0,0.0,1.0,1.0,0.0,0.0,0.0,0.0,0.0,0.0,1.0,1.0,1.0,1.0,0.0,0.0,0.0,0.0,1.0,1.0,5.0,42.0,5.0
161426,Serwadeeh,2356,339,395,377,0,318.77,7.3909088057219945,0.16765704584040747,0.1600169779286927,0.0,0.0,0.0,0.0,0.0,0.0,0.0,1.0,1.0,0.0,1.0,0.0,1.0,0.0,0.0,0.0,1.0,1.0,1.0,1.0,0.0,1.0,0.0,1.0,13.0,48.0,48.0
161427,Agra Patti,1880,266,294,652,0,166.77,11.273010733345325,0.15638297872340426,0.3468085106382979,0.0,0.0,0.0,0.0,0.0,0.0,0.0,1.0,0.0,1.0,1.0,0.0,1.0,0.0,1.0,0.0,1.0,1.0,1.0,1.0,0.0,1.0,1.0,1.0,10.0,45.0,10.0
161428,Arwansimai Bahadurgarh,3880,672,611,812,0,495.9,7.824158096390402,0.1574742268041237,0.20927835051546392,0.0,0.0,0.0,0.0,0.0,0.0,0.0,1.0,1.0,0.0,1.0,0.0,1.0,0.0,1.0,0.0,1.0,1.0,1.0,0.0,0.0,1.0,1.0,1.0,8.0,40.0,40.0
161429,Herbhanpur,1365,235,191,342,0,167.39,8.154608996953224,0.13992673992673993,0.25054945054945055,0.0,0.0,0.0,0.0,0.0,0.0,1.0,1.0,1.0,0.0,0.0,0.0,0.0,0.0,1.0,0.0,1.0,0.0,1.0,0.0,0.0,1.0,1.0,1.0,6.0,41.0,86.0
161430,Latifpur,3052,487,496,376,0,241.72,12.626179050140658,0.16251638269986893,0.12319790301441677,0.0,0.0,0.0,0.0,0.0,0.0,1.0,1.0,1.0,0.0,1.0,0.0,0.0,0.0,0.0,0.0,1.0,0.0,1.0,0.0,0.0,1.0,1.0,1.0,6.0,41.0,6.0
161431,Saoraha,3501,582,560,1062,0,395.86,8.844035770221796,0.1599542987717795,0.3033419023136247,0.0,0.0,0.0,0.0,0.0,0.0,1.0,1.0,1.0,0.0,1.0,0.0,0.0,0.0,0.0,0.0,1.0,0.0,1.0,0.0,0.0,1.0,1.0,1.0,5.0,40.0,5.0
161432,Mugara,517,83,87,49,0,43.58,11.863240018357045,0.16827852998065765,0.09477756286266925,0.0,0.0,0.0,0.0,0.0,0.0,1.0,1.0,1.0,0.0,0.0,0.0,1.0,0.0,0.0,0.0,0.0,1.0,1.0,1.0,0.0,0.0,1.0,1.0,41.0,36.0,4.0
161433,Junedpatti Gairabad,0,0,0,0,0,52.51,0.0,,,,,,,,,,,,,,,,,,,,,,,,,,,5.0,40.0,5.0
161434,Chak Bikhari Urf Parsadih,1074,147,186,219,0,64.53,16.643421664342167,0.17318435754189945,0.20391061452513967,0.0,0.0,0.0,0.0,0.0,0.0,1.0,1.0,1.0,0.0,0.0,0.0,0.0,0.0,1.0,1.0,1.0,0.0,1.0,1.0,0.0,0.0,1.0,1.0,5.0,40.0,5.0
161435,Chak Kajiolia Urf Khojapur,1155,176,195,579,0,92.99,12.420690396816862,0.16883116883116883,0.5012987012987012,0.0,0.0,0.0,0.0,0.0,0.0,1.0,1.0,1.0,1.0,0.0,0.0,0.0,0.0,0.0,0.0,0.0,0.0,1.0,0.0,0.0,0.0,1.0,1.0,6.0,41.0,6.0
161436,Saray Smael Urf Madhpur,228,33,39,52,0,35.65,6.395511921458626,0.17105263157894737,0.22807017543859648,0.0,0.0,0.0,0.0,0.0,0.0,1.0,1.0,1.0,1.0,0.0,0.0,0.0,0.0,0.0,0.0,0.0,0.0,1.0,0.0,0.0,0.0,0.0,0.0,7.0,42.0,7.0
161437,Rajapur May Kajioliya,89,4,15,0,0,16.9,5.266272189349113,0.16853932584269662,0.0,0.0,0.0,0.0,0.0,0.0,0.0,0.0,0.0,1.0,0.0,0.0,0.0,1.0,0.0,0.0,0.0,0.0,0.0,1.0,0.0,0.0,0.0,0.0,0.0,5.0,40.0,5.0
161438,Khwajgipatti Urf Belahabandh,1609,256,252,238,0,119.87,13.422874781012764,0.15661901802361716,0.14791796146674954,0.0,0.0,0.0,0.0,0.0,0.0,1.0,1.0,1.0,1.0,1.0,0.0,0.0,0.0,1.0,1.0,1.0,0.0,1.0,0.0,0.0,1.0,1.0,1.0,5.0,40.0,5.0
161439,Atamadpur Urf Mishrapur,1185,191,186,211,0,101.17,11.712958386873579,0.1569620253164557,0.1780590717299578,0.0,0.0,0.0,0.0,0.0,0.0,0.0,1.0,0.0,0.0,0.0,0.0,1.0,0.0,0.0,0.0,1.0,1.0,0.0,0.0,0.0,0.0,1.0,1.0,7.0,43.0,43.0
161440,Gagawr,1304,210,243,392,0,55.52,23.487031700288185,0.18634969325153375,0.3006134969325153,0.0,0.0,0.0,0.0,0.0,0.0,1.0,1.0,1.0,0.0,0.0,0.0,1.0,0.0,0.0,0.0,0.0,1.0,1.0,1.0,0.0,0.0,1.0,1.0,31.0,35.0,3.0
161441,Gagoor,1703,275,271,443,0,138.72,12.276528258362168,0.1591309453904874,0.2601291837933059,0.0,0.0,0.0,0.0,0.0,0.0,1.0,1.0,1.0,1.0,1.0,0.0,0.0,0.0,0.0,0.0,0.0,0.0,1.0,0.0,0.0,1.0,1.0,0.0,3.0,35.0,3.0
161442,Sawdih,6233,983,1119,1740,0,587.47,10.609903484433246,0.17952831702230065,0.27915931333226374,0.0,0.0,0.0,0.0,0.0,0.0,1.0,1.0,1.0,1.0,1.0,0.0,0.0,1.0,1.0,1.0,1.0,0.0,1.0,1.0,0.0,1.0,1.0,1.0,3.0,35.0,3.0
161443,Chak Kashim Urf Phoolpur Bahar,705,125,127,220,0,23.25,30.322580645161292,0.18014184397163122,0.3120567375886525,0.0,0.0,0.0,0.0,0.0,0.0,1.0,1.0,1.0,0.0,0.0,0.0,1.0,0.0,0.0,0.0,1.0,1.0,1.0,1.0,0.0,0.0,1.0,1.0,1.0,33.0,1.0
161444,Saray Manohar Urf Barjibara,644,86,131,10,0,83.57,7.7061146344381966,0.20341614906832298,0.015527950310559006,0.0,0.0,0.0,0.0,0.0,0.0,0.0,1.0,1.0,1.0,0.0,0.0,1.0,0.0,1.0,1.0,1.0,0.0,1.0,1.0,0.0,1.0,0.0,1.0,3.0,40.0,5.0
161445,Boodae,3864,621,765,1056,0,477.46,8.092824529803543,0.19798136645962733,0.2732919254658385,0.0,0.0,0.0,0.0,0.0,0.0,1.0,1.0,1.0,1.0,0.0,0.0,0.0,0.0,0.0,0.0,1.0,1.0,1.0,1.0,0.0,1.0,1.0,1.0,3.0,38.0,38.0
161446,Chak Alabksh Gair Awad,0,0,0,0,0,26.57,0.0,,,,,,,,,,,,,,,,,,,,,,,,,,,2.0,38.0,5.0
161447,Chak Abusaed Urf Pooremiya,520,84,144,118,0,210.177,2.4741051589850462,0.27692307692307694,0.22692307692307692,0.0,0.0,0.0,0.0,0.0,0.0,0.0,1.0,0.0,1.0,1.0,0.0,1.0,0.0,0.0,0.0,1.0,1.0,1.0,1.0,0.0,1.0,1.0,1.0,2.0,35.0,35.0
161448,Parasinpur,1506,255,225,741,0,131.87,11.42033821187533,0.14940239043824702,0.49203187250996017,0.0,0.0,0.0,0.0,0.0,0.0,1.0,1.0,1.0,0.0,,0.0,0.0,0.0,0.0,0.0,1.0,1.0,1.0,1.0,0.0,0.0,1.0,1.0,3.0,38.0,38.0
161449,Chak Mohamd Urf Pooresood,1782,273,302,401,0,189.3,9.41362916006339,0.16947250280583614,0.2250280583613917,0.0,0.0,0.0,0.0,0.0,0.0,0.0,1.0,1.0,1.0,0.0,0.0,1.0,0.0,1.0,1.0,1.0,1.0,1.0,1.0,0.0,1.0,1.0,1.0,3.0,40.0,3.0
161450,Rampur Maya Keshawrampur Urf M,609,102,110,185,0,127.14,4.7899952807928265,0.180623973727422,0.30377668308702793,0.0,0.0,0.0,0.0,0.0,0.0,0.0,1.0,0.0,0.0,0.0,0.0,1.0,0.0,0.0,0.0,1.0,0.0,1.0,1.0,0.0,1.0,1.0,1.0,3.0,40.0,5.0
161451,Saray Ghurdas Urf Mahajudwa,2361,352,354,573,0,179.32,13.166406424269463,0.14993646759847523,0.24269377382465057,0.0,0.0,0.0,0.0,0.0,0.0,0.0,1.0,0.0,0.0,0.0,0.0,1.0,0.0,1.0,1.0,1.0,1.0,1.0,1.0,0.0,1.0,1.0,1.0,4.0,41.0,5.0
161452,Bhanewara,1660,254,219,154,0,102.78,16.15100214049426,0.13192771084337349,0.0927710843373494,0.0,0.0,0.0,0.0,0.0,0.0,0.0,1.0,0.0,1.0,1.0,0.0,0.0,0.0,0.0,0.0,1.0,1.0,1.0,1.0,0.0,1.0,1.0,1.0,10.0,40.0,40.0
161453,Saray Kutubddin Urf Shekhpur J,1611,244,257,235,0,66.04,24.39430648092065,0.159528243327126,0.1458721291123526,0.0,0.0,0.0,0.0,0.0,0.0,0.0,1.0,0.0,0.0,0.0,0.0,0.0,1.0,1.0,1.0,1.0,1.0,1.0,0.0,0.0,1.0,1.0,1.0,7.0,38.0,8.0
161454,Kasarawe May Chakoliya,1161,169,183,303,0,108.26,10.724182523554406,0.15762273901808785,0.26098191214470284,0.0,0.0,0.0,0.0,0.0,0.0,0.0,1.0,1.0,0.0,0.0,0.0,1.0,0.0,1.0,1.0,1.0,1.0,1.0,0.0,0.0,0.0,1.0,1.0,6.0,36.0,36.0
161455,Chaq Kutubujjama Urf Jalalpur,688,100,110,364,0,57.17,12.034283715235263,0.15988372093023256,0.5290697674418605,0.0,0.0,0.0,0.0,0.0,0.0,0.0,1.0,1.0,0.0,0.0,0.0,0.0,0.0,0.0,0.0,1.0,0.0,1.0,0.0,0.0,0.0,0.0,1.0,8.0,38.0,8.0
161456,Chak Miya Urf Chakesha(Gairaba,0,0,0,0,0,6.24,0.0,,,,,,,,,,,,,,,,,,,,,,,,,,,5.0,38.0,
161457,Chaq Dostmohammad Urfmohammadp,0,0,0,0,0,43.09,0.0,,,,,,,,,,,,,,,,,,,,,,,,,,,7.0,33.0,
161458,Balkranpur Mai Kasrawe,1876,272,252,440,0,86.07,21.796212385267808,0.13432835820895522,0.2345415778251599,0.0,0.0,0.0,0.0,0.0,0.0,0.0,1.0,1.0,0.0,0.0,0.0,1.0,0.0,0.0,1.0,1.0,1.0,1.0,0.0,0.0,1.0,1.0,1.0,7.0,37.0,7.0
161459,Shrai Shekhpeer Urf Salmapur,2964,417,448,516,0,93.26,31.782114518550287,0.15114709851551958,0.17408906882591094,0.0,0.0,0.0,0.0,0.0,0.0,0.0,1.0,0.0,0.0,1.0,0.0,1.0,0.0,0.0,1.0,1.0,0.0,1.0,0.0,0.0,1.0,1.0,1.0,7.0,37.0,37.0
161460,Makhdoompur,566,65,105,91,0,28.07,20.16387602422515,0.1855123674911661,0.1607773851590106,0.0,0.0,0.0,0.0,0.0,0.0,0.0,1.0,0.0,0.0,1.0,0.0,1.0,0.0,0.0,1.0,1.0,1.0,1.0,0.0,0.0,0.0,1.0,0.0,7.0,35.0,35.0
161461,Saraisultan Urf Alipur,661,104,100,190,0,12.36,53.4789644012945,0.15128593040847202,0.2874432677760968,0.0,0.0,0.0,0.0,,,1.0,1.0,1.0,1.0,1.0,0.0,0.0,0.0,0.0,0.0,1.0,1.0,1.0,0.0,0.0,0.0,1.0,1.0,7.0,37.0,7.0
161462,Shivgarh,653,99,106,244,0,61.02,10.701409373975745,0.16232771822358347,0.37366003062787134,0.0,0.0,0.0,0.0,0.0,0.0,0.0,1.0,0.0,0.0,0.0,0.0,1.0,0.0,0.0,1.0,1.0,1.0,1.0,0.0,0.0,0.0,1.0,1.0,8.0,38.0,38.0
161463,Shahapur,1404,246,238,544,0,139.2,10.086206896551724,0.16951566951566951,0.38746438746438744,0.0,0.0,0.0,0.0,0.0,0.0,0.0,1.0,0.0,0.0,0.0,0.0,1.0,0.0,0.0,0.0,1.0,1.0,1.0,1.0,0.0,0.0,1.0,1.0,5.0,40.0,5.0
161464,Hemapur,1639,224,300,342,0,172.16,9.520213754646841,0.18303843807199513,0.20866381940207443,0.0,0.0,0.0,0.0,0.0,0.0,0.0,1.0,0.0,1.0,0.0,0.0,1.0,0.0,0.0,0.0,1.0,1.0,1.0,1.0,0.0,1.0,1.0,1.0,5.0,40.0,5.0
161465,Shefkhanpur Mai Chaqsalik,2284,350,356,193,0,144.38,15.819365563097383,0.15586690017513136,0.08450087565674255,0.0,0.0,0.0,0.0,0.0,0.0,,1.0,,,,0.0,1.0,0.0,0.0,0.0,1.0,0.0,1.0,0.0,0.0,1.0,1.0,1.0,3.0,38.0,38.0
161466,Korapur,2438,386,414,725,1,113.1,21.556145004420866,0.16981132075471697,0.2973748974569319,0.00041017227235438887,0.0,0.0,0.0,0.0,0.0,1.0,1.0,1.0,1.0,1.0,0.0,0.0,0.0,0.0,0.0,1.0,0.0,1.0,0.0,0.0,1.0,1.0,0.0,3.0,35.0,3.0
161467,Chorhae,331,54,32,71,0,29.0,11.413793103448276,0.09667673716012085,0.21450151057401812,0.0,0.0,0.0,0.0,0.0,0.0,1.0,1.0,0.0,0.0,0.0,0.0,0.0,0.0,0.0,0.0,1.0,0.0,1.0,0.0,0.0,0.0,0.0,1.0,3.0,35.0,3.0
161468,Malkapur,876,135,127,201,0,41.61,21.05263157894737,0.1449771689497717,0.22945205479452055,0.0,0.0,0.0,0.0,0.0,0.0,1.0,1.0,0.0,0.0,1.0,0.0,0.0,0.0,0.0,0.0,1.0,0.0,1.0,0.0,0.0,1.0,1.0,0.0,3.0,35.0,3.0
161469,Saraikhowaja Klan,200,34,40,0,0,21.01,9.51927653498334,0.2,0.0,0.0,0.0,0.0,0.0,0.0,0.0,1.0,1.0,0.0,0.0,0.0,0.0,0.0,0.0,0.0,0.0,1.0,0.0,1.0,0.0,0.0,0.0,0.0,0.0,2.0,34.0,2.0
161470,Dariyapur,985,142,135,110,0,91.75,10.735694822888284,0.13705583756345177,0.1116751269035533,0.0,0.0,0.0,0.0,0.0,0.0,1.0,1.0,0.0,1.0,1.0,0.0,0.0,0.0,0.0,0.0,0.0,0.0,1.0,0.0,0.0,1.0,1.0,0.0,2.0,35.0,3.0
161471,Lilhat,1163,190,153,251,0,90.46,12.85651116515587,0.13155631986242478,0.21582115219260534,0.0,0.0,0.0,0.0,0.0,0.0,1.0,1.0,1.0,0.0,0.0,0.0,1.0,0.0,1.0,1.0,1.0,1.0,1.0,1.0,0.0,1.0,1.0,1.0,2.0,34.0,2.0
161472,Sarai Abhaichand Urf Chandauki,1522,244,160,156,0,328.93,4.627124312163682,0.10512483574244415,0.10249671484888305,0.0,0.0,0.0,0.0,0.0,0.0,1.0,1.0,1.0,0.0,1.0,0.0,1.0,0.0,0.0,0.0,1.0,1.0,1.0,1.0,0.0,0.0,1.0,1.0,6.0,32.0,32.0
161473,Tisaura,1952,285,291,335,0,244.81,7.973530493035415,0.14907786885245902,0.1716188524590164,0.0,0.0,0.0,0.0,0.0,0.0,0.0,1.0,1.0,1.0,1.0,0.0,0.0,0.0,0.0,0.0,1.0,1.0,1.0,1.0,0.0,1.0,1.0,1.0,5.0,33.0,33.0
161474,Dhokari,2614,391,327,716,0,267.86,9.758829239154782,0.1250956388676358,0.2739097169089518,0.0,0.0,0.0,0.0,0.0,0.0,,1.0,,,,0.0,1.0,0.0,0.0,0.0,1.0,0.0,1.0,0.0,0.0,1.0,1.0,1.0,2.0,38.0,38.0
161475,Kutubpatti Urf Ahiapur,2051,319,359,386,0,124.54,16.4686044644291,0.1750365675280351,0.18820087762067284,0.0,0.0,0.0,0.0,0.0,0.0,,1.0,,,,0.0,1.0,0.0,0.0,0.0,1.0,0.0,1.0,1.0,0.0,1.0,1.0,1.0,2.0,38.0,38.0
161476,Sarai Lili Urf Khojapur,2338,383,345,926,0,155.27,15.057641527661492,0.14756201881950384,0.3960650128314799,0.0,0.0,0.0,0.0,0.0,0.0,1.0,1.0,1.0,1.0,1.0,0.0,0.0,0.0,1.0,1.0,1.0,1.0,1.0,1.0,0.0,1.0,1.0,1.0,1.0,34.0,34.0
161477,Firojpur Urf Shekhpur,1908,331,301,576,0,141.99,13.437566025776462,0.15775681341719078,0.3018867924528302,0.0,0.0,0.0,0.0,0.0,0.0,1.0,1.0,1.0,1.0,1.0,1.0,0.0,0.0,1.0,1.0,1.0,1.0,1.0,1.0,0.0,1.0,1.0,1.0,0.5,33.0,33.0
161478,Beer Kaji,4662,776,673,1353,0,947.04,4.922706538266599,0.14435864435864437,0.2902187902187902,0.0,0.0,0.0,0.0,0.0,0.0,0.0,1.0,0.0,0.0,1.0,0.0,1.0,0.0,1.0,1.0,1.0,1.0,1.0,1.0,0.0,1.0,1.0,1.0,2.0,35.0,35.0
161479,Chaq Abdul Krim Urf Pure Mulai,2173,348,308,224,0,123.53,17.590868614911358,0.1417395306028532,0.10308329498389324,0.0,0.0,0.0,0.0,0.0,0.0,0.0,1.0,0.0,0.0,1.0,0.0,0.0,1.0,1.0,1.0,1.0,1.0,1.0,1.0,0.0,1.0,1.0,1.0,5.0,32.0,32.0
161480,Jaferpur Urf Babuganj,2240,339,355,187,0,73.24,30.584380120152925,0.15848214285714285,0.08348214285714285,0.0,0.0,0.0,0.0,0.0,0.0,0.0,1.0,1.0,0.0,1.0,0.0,0.0,1.0,1.0,1.0,1.0,1.0,1.0,1.0,1.0,1.0,1.0,1.0,5.0,32.0,32.0
161481,Kanauja Kla,1009,172,159,181,0,66.4,15.195783132530119,0.15758176412289396,0.17938553022794845,0.0,0.0,0.0,0.0,0.0,0.0,0.0,1.0,0.0,0.0,1.0,0.0,0.0,1.0,1.0,1.0,1.0,1.0,1.0,0.0,0.0,1.0,1.0,0.0,5.0,28.0,28.0
161482,Chaqpeer Mohammd,29,5,4,0,0,12.83,2.260327357755261,0.13793103448275862,0.0,0.0,0.0,0.0,0.0,0.0,0.0,0.0,1.0,0.0,0.0,0.0,0.0,1.0,0.0,1.0,1.0,1.0,1.0,1.0,1.0,0.0,0.0,0.0,0.0,9.0,28.0,28.0
161483,Chintamanpur,572,92,77,45,0,80.32,7.121513944223108,0.1346153846153846,0.07867132867132867,0.0,0.0,0.0,0.0,0.0,0.0,0.0,1.0,1.0,1.0,1.0,0.0,1.0,0.0,0.0,0.0,0.0,1.0,1.0,1.0,0.0,1.0,1.0,1.0,9.0,29.0,29.0
161484,Chitraha,653,96,118,139,0,92.27,7.077056464723095,0.1807044410413476,0.21286370597243492,0.0,0.0,0.0,0.0,0.0,0.0,0.0,1.0,0.0,0.0,1.0,0.0,1.0,0.0,0.0,0.0,0.0,1.0,1.0,0.0,0.0,0.0,0.0,1.0,10.0,30.0,30.0
161485,Pooranpur,577,90,110,106,0,54.07,10.671351951174403,0.19064124783362218,0.18370883882149047,0.0,0.0,0.0,0.0,0.0,0.0,0.0,1.0,0.0,0.0,1.0,0.0,1.0,0.0,0.0,1.0,1.0,1.0,1.0,0.0,0.0,0.0,1.0,1.0,10.0,30.0,30.0
161486,Benipur,434,74,63,33,0,38.25,11.34640522875817,0.14516129032258066,0.07603686635944701,0.0,0.0,0.0,0.0,0.0,0.0,0.0,1.0,0.0,0.0,1.0,0.0,1.0,0.0,0.0,1.0,1.0,1.0,1.0,0.0,0.0,0.0,0.0,1.0,10.0,30.0,30.0
161487,Udaepur,1516,200,278,276,0,182.6,8.302300109529025,0.18337730870712401,0.1820580474934037,0.0,0.0,0.0,0.0,0.0,0.0,0.0,1.0,0.0,1.0,0.0,0.0,1.0,0.0,0.0,0.0,1.0,1.0,1.0,1.0,0.0,1.0,1.0,1.0,5.0,38.0,5.0
161488,Patulki,3292,505,603,592,0,598.82,5.4974783741358,0.18317132442284326,0.1798298906439854,0.0,0.0,0.0,0.0,0.0,0.0,1.0,1.0,0.0,1.0,1.0,0.0,1.0,0.0,1.0,1.0,1.0,1.0,1.0,0.0,0.0,1.0,1.0,1.0,8.0,28.0,28.0
161489,Narayanpur,659,84,92,76,0,86.03,7.660118563291875,0.13960546282245828,0.11532625189681335,0.0,0.0,0.0,0.0,0.0,0.0,0.0,1.0,1.0,0.0,1.0,0.0,1.0,0.0,1.0,1.0,1.0,1.0,1.0,1.0,0.0,0.0,0.0,0.0,9.0,28.0,9.0
161490,Beerbhanpur,1959,296,291,487,0,195.08,10.042034037318023,0.14854517611026033,0.24859622256253192,0.0,0.0,0.0,0.0,0.0,2.0,0.0,1.0,1.0,1.0,0.0,0.0,1.0,0.0,1.0,1.0,1.0,1.0,1.0,1.0,0.0,1.0,1.0,1.0,8.0,29.0,29.0
161491,Silokhra,2532,389,422,635,0,171.55,14.759545322063538,0.16666666666666666,0.25078988941548186,0.0,0.0,0.0,0.0,0.0,0.0,0.0,1.0,1.0,0.0,1.0,0.0,1.0,0.0,1.0,1.0,1.0,1.0,1.0,1.0,0.0,1.0,1.0,1.0,10.0,28.0,28.0
161492,Dayalpur,731,131,106,207,0,80.34,9.09882997261638,0.14500683994528044,0.28317373461012313,0.0,0.0,0.0,0.0,0.0,0.0,0.0,1.0,1.0,0.0,0.0,0.0,1.0,0.0,1.0,1.0,1.0,1.0,1.0,1.0,0.0,0.0,1.0,1.0,12.0,26.0,26.0
161493,Tulsipatti,507,84,95,246,0,35.21,14.399318375461517,0.1873767258382643,0.48520710059171596,0.0,0.0,0.0,0.0,0.0,0.0,0.0,1.0,1.0,0.0,1.0,0.0,1.0,0.0,1.0,1.0,1.0,1.0,1.0,1.0,0.0,0.0,0.0,0.0,12.0,26.0,26.0
161494,Basaudha,953,131,127,78,0,155.53,6.127435221500675,0.13326337880377753,0.08184679958027283,0.0,0.0,0.0,0.0,0.0,0.0,0.0,1.0,1.0,0.0,0.0,0.0,1.0,0.0,0.0,0.0,0.0,1.0,1.0,1.0,0.0,1.0,1.0,1.0,13.0,26.0,26.0
161495,Tardeeh,5691,866,806,1558,0,658.22,8.646045395156634,0.14162713055701986,0.27376559479880513,0.0,0.0,0.0,0.0,0.0,0.0,1.0,1.0,1.0,0.0,1.0,0.0,0.0,0.0,0.0,0.0,1.0,1.0,0.0,1.0,0.0,1.0,1.0,1.0,10.0,25.0,25.0
161496,Kanehti,3954,667,625,698,0,352.66,11.211932172630862,0.1580677794638341,0.17653009610520992,0.0,0.0,1.0,,0.0,0.0,1.0,1.0,1.0,1.0,1.0,0.0,1.0,0.0,0.0,0.0,1.0,1.0,1.0,1.0,0.0,1.0,1.0,1.0,7.0,28.0,28.0
161497,Manethu,1697,267,239,321,0,165.1,10.2786190187765,0.1408367707719505,0.18915733647613436,0.0,0.0,0.0,0.0,0.0,0.0,1.0,1.0,1.0,1.0,1.0,0.0,0.0,0.0,0.0,0.0,1.0,0.0,1.0,0.0,0.0,1.0,0.0,1.0,10.0,27.0,27.0
161498,Girdherpur,797,134,137,452,0,8.38,95.10739856801908,0.17189460476787954,0.5671267252195734,0.0,0.0,0.0,0.0,0.0,0.0,0.0,1.0,0.0,0.0,1.0,0.0,0.0,0.0,0.0,1.0,1.0,1.0,1.0,0.0,0.0,0.0,1.0,1.0,5.0,28.0,28.0
161499,Fazilapur,509,65,75,28,0,28.12,18.100995732574678,0.14734774066797643,0.0550098231827112,0.0,0.0,0.0,0.0,0.0,0.0,0.0,1.0,0.0,0.0,,0.0,0.0,0.0,0.0,0.0,1.0,1.0,1.0,1.0,0.0,0.0,1.0,1.0,8.0,28.0,28.0
161500,Mansi Bujurg,160,23,17,80,0,16.16,9.900990099009901,0.10625,0.5,0.0,0.0,0.0,0.0,0.0,0.0,0.0,1.0,1.0,0.0,0.0,0.0,0.0,0.0,0.0,0.0,0.0,1.0,1.0,1.0,1.0,1.0,1.0,1.0,5.0,27.0,27.0
161501,Pali,2323,324,331,821,0,166.19,13.977977014260786,0.14248816185966423,0.3534222987516143,0.0,0.0,0.0,,0.0,0.0,0.0,1.0,1.0,0.0,0.0,0.0,0.0,1.0,1.0,1.0,1.0,1.0,1.0,1.0,0.0,1.0,1.0,1.0,5.0,28.0,28.0
161502,Sarai Gopi Urf Jhanjhari,705,92,134,205,0,63.92,11.029411764705882,0.1900709219858156,0.2907801418439716,0.0,0.0,0.0,0.0,0.0,0.0,0.0,1.0,1.0,0.0,1.0,0.0,0.0,0.0,0.0,1.0,1.0,1.0,1.0,1.0,0.0,0.0,1.0,1.0,7.0,29.0,29.0
161503,Bigahiya,1181,168,171,98,0,103.96,11.360138514813391,0.14479254868755292,0.0829805249788315,0.0,0.0,0.0,0.0,0.0,0.0,1.0,1.0,0.0,0.0,0.0,0.0,0.0,0.0,0.0,0.0,1.0,0.0,1.0,0.0,0.0,0.0,0.0,1.0,10.0,27.0,27.0
161504,Umari Maitatehra,2390,348,333,0,0,96.19,24.846657656721074,0.13933054393305438,0.0,0.0,0.0,0.0,0.0,0.0,0.0,1.0,1.0,1.0,0.0,1.0,0.0,0.0,0.0,0.0,0.0,1.0,0.0,1.0,0.0,0.0,1.0,0.0,1.0,10.0,27.0,27.0
161505,Umer Pur,832,130,126,5,0,51.58,16.130283055447848,0.15144230769230768,0.006009615384615385,0.0,0.0,0.0,0.0,0.0,0.0,1.0,1.0,0.0,0.0,0.0,0.0,0.0,0.0,0.0,0.0,1.0,0.0,1.0,0.0,0.0,0.0,0.0,1.0,10.0,27.0,27.0
161506,Belwa,2849,488,424,877,0,319.41,8.919570458031997,0.14882414882414882,0.30782730782730783,0.0,0.0,0.0,0.0,0.0,0.0,1.0,1.0,0.0,1.0,1.0,0.0,0.0,0.0,0.0,0.0,1.0,0.0,1.0,0.0,0.0,1.0,0.0,1.0,10.0,27.0,27.0
161507,Jagdev Urf Barethi,885,178,111,132,0,104.05,8.505526189332052,0.12542372881355932,0.14915254237288136,0.0,0.0,0.0,0.0,0.0,0.0,0.0,1.0,0.0,0.0,1.0,0.0,0.0,0.0,0.0,0.0,1.0,0.0,1.0,0.0,0.0,1.0,0.0,1.0,12.0,27.0,27.0
161508,Roodapur,1884,284,284,400,0,184.64,10.20363951473137,0.15074309978768577,0.21231422505307856,0.0,0.0,0.0,0.0,0.0,0.0,0.0,1.0,1.0,0.0,0.0,0.0,1.0,1.0,1.0,1.0,1.0,0.0,0.0,1.0,0.0,0.0,1.0,1.0,16.0,16.0,16.0
161509,Chaq Mali,502,67,96,99,0,33.45,15.007473841554559,0.19123505976095617,0.19721115537848605,0.0,0.0,0.0,0.0,0.0,0.0,0.0,1.0,1.0,1.0,1.0,0.0,0.0,1.0,1.0,1.0,1.0,1.0,1.0,1.0,0.0,1.0,1.0,0.0,7.0,27.0,27.0
161510,Mansi Khurd,659,105,117,149,0,48.24,13.660862354892204,0.17754172989377845,0.22610015174506828,0.0,0.0,0.0,0.0,0.0,0.0,0.0,1.0,1.0,0.0,1.0,0.0,0.0,1.0,1.0,1.0,0.0,1.0,1.0,0.0,0.0,0.0,0.0,0.0,5.0,28.0,28.0
161511,Devnahri,1066,139,141,302,0,96.7,11.023784901758015,0.13227016885553472,0.28330206378986866,0.0,0.0,0.0,0.0,0.0,0.0,0.0,1.0,1.0,,,0.0,1.0,1.0,1.0,0.0,1.0,1.0,1.0,1.0,0.0,0.0,1.0,1.0,14.0,18.0,18.0
161512,Ram Nath Patti,584,99,62,101,0,18.59,31.4147391070468,0.10616438356164383,0.17294520547945205,0.0,0.0,0.0,0.0,0.0,0.0,0.0,1.0,1.0,0.0,0.0,0.0,1.0,1.0,1.0,0.0,1.0,0.0,0.0,0.0,0.0,0.0,1.0,1.0,12.0,16.0,16.0
161513,Semari,1184,180,194,481,0,121.31,9.760118704146402,0.16385135135135134,0.40625,0.0,0.0,0.0,0.0,0.0,0.0,0.0,1.0,1.0,0.0,0.0,0.0,1.0,1.0,1.0,0.0,1.0,0.0,0.0,0.0,0.0,0.0,1.0,1.0,12.0,16.0,16.0
161514,Khudaypur Kasganw,474,67,51,13,0,67.48,7.024303497332543,0.10759493670886076,0.027426160337552744,0.0,0.0,0.0,0.0,0.0,0.0,0.0,1.0,0.0,1.0,1.0,0.0,1.0,1.0,1.0,1.0,0.0,1.0,1.0,1.0,0.0,0.0,1.0,1.0,11.0,23.0,23.0
161515,Thanapur,1161,165,139,124,0,194.0,5.984536082474227,0.11972437553832903,0.10680447889750215,0.0,0.0,0.0,0.0,0.0,0.0,0.0,1.0,1.0,1.0,0.0,0.0,0.0,1.0,1.0,0.0,1.0,0.0,0.0,1.0,0.0,0.0,1.0,1.0,12.0,16.0,16.0
161516,Chilauri,991,140,168,181,0,227.14,4.3629479616095805,0.16952573158425832,0.18264379414732593,0.0,0.0,0.0,0.0,0.0,0.0,0.0,1.0,0.0,1.0,0.0,0.0,0.0,1.0,1.0,1.0,0.0,0.0,1.0,1.0,0.0,0.0,1.0,1.0,6.0,28.0,10.0
161517,Narae,1277,192,236,238,0,100.89,12.657349588660917,0.18480814408770557,0.18637431480031325,0.0,0.0,0.0,,0.0,0.0,0.0,1.0,0.0,0.0,1.0,0.0,0.0,0.0,0.0,1.0,0.0,1.0,1.0,1.0,0.0,0.0,1.0,1.0,6.0,30.0,6.0
161518,Aata,1571,280,260,137,0,53.51,29.35899831807139,0.1654996817313813,0.08720560152768937,0.0,0.0,0.0,,0.0,0.0,0.0,1.0,0.0,0.0,0.0,0.0,1.0,0.0,0.0,0.0,1.0,1.0,0.0,0.0,0.0,1.0,1.0,1.0,6.0,30.0,6.0
161519,Kanauja Khurd,1319,226,219,355,0,121.35,10.869386073341575,0.16603487490523122,0.26914329037149354,0.0,0.0,0.0,,0.0,0.0,0.0,1.0,0.0,0.0,1.0,0.0,1.0,0.0,1.0,0.0,1.0,0.0,1.0,1.0,0.0,1.0,1.0,1.0,6.0,30.0,6.0
161520,Chilaura,3658,557,598,928,0,465.16,7.863960787685957,0.16347731000546747,0.2536905412793876,0.0,,0.0,0.0,0.0,0.0,0.0,1.0,1.0,1.0,1.0,1.0,1.0,0.0,1.0,0.0,1.0,1.0,1.0,1.0,1.0,0.0,1.0,0.0,10.0,30.0,10.0
161521,Chaq Husaina Urf Chor Kariya,1334,211,251,83,0,94.04,14.185452998723946,0.18815592203898052,0.06221889055472264,0.0,0.0,0.0,0.0,0.0,0.0,1.0,1.0,0.0,1.0,1.0,0.0,0.0,0.0,1.0,1.0,1.0,1.0,1.0,0.0,0.0,0.0,1.0,1.0,8.0,28.0,28.0
161522,Sarai Husena,1260,190,214,263,0,102.99,12.234197494902418,0.16984126984126985,0.20873015873015874,0.0,0.0,0.0,0.0,0.0,0.0,1.0,1.0,0.0,1.0,1.0,0.0,0.0,0.0,1.0,1.0,1.0,1.0,1.0,0.0,0.0,1.0,1.0,1.0,8.0,28.0,26.0
161523,Khudaypur,3336,481,549,1082,0,243.31,13.71090378529448,0.164568345323741,0.32434052757793763,0.0,0.0,0.0,0.0,0.0,0.0,0.0,1.0,1.0,1.0,1.0,1.0,0.0,1.0,1.0,1.0,1.0,1.0,1.0,1.0,0.0,1.0,1.0,1.0,10.0,27.0,27.0
161524,Manapur Urf Bagae Kla,2590,417,349,904,0,238.08,10.87869623655914,0.13474903474903474,0.349034749034749,0.0,0.0,0.0,0.0,0.0,0.0,1.0,1.0,0.0,0.0,1.0,0.0,0.0,0.0,0.0,0.0,1.0,1.0,1.0,1.0,0.0,1.0,0.0,1.0,14.0,30.0,30.0
161525,Badnama,524,96,30,213,0,37.42,14.003206841261356,0.05725190839694656,0.4064885496183206,0.0,0.0,0.0,0.0,0.0,0.0,1.0,1.0,0.0,0.0,1.0,,,0.0,0.0,0.0,1.0,1.0,1.0,0.0,0.0,0.0,0.0,0.0,14.0,30.0,30.0
161526,Bagae Khurd,3467,606,557,1099,0,286.33,12.10840638424196,0.16065762907412748,0.3169887510816268,0.0,0.0,0.0,,0.0,0.0,1.0,1.0,1.0,0.0,1.0,1.0,0.0,1.0,1.0,1.0,1.0,1.0,1.0,0.0,0.0,1.0,1.0,1.0,10.0,26.0,26.0
161527,Baro,2541,345,399,381,0,201.51,12.609796039898765,0.15702479338842976,0.14994096812278632,0.0,0.0,0.0,0.0,0.0,0.0,0.0,1.0,1.0,1.0,1.0,0.0,0.0,0.0,0.0,0.0,1.0,1.0,1.0,0.0,0.0,1.0,1.0,1.0,9.0,32.0,32.0
161528,Firozpur Ta.Bharahri,558,89,81,78,0,63.18,8.831908831908832,0.14516129032258066,0.13978494623655913,0.0,,,,,,0.0,1.0,0.0,1.0,1.0,0.0,1.0,1.0,0.0,0.0,1.0,1.0,1.0,0.0,0.0,0.0,1.0,1.0,9.0,32.0,32.0
161529,Akdala,1866,266,317,15,0,71.82,25.981620718462825,0.16988210075026794,0.008038585209003215,0.0,0.0,0.0,0.0,0.0,0.0,0.0,1.0,0.0,1.0,1.0,0.0,0.0,1.0,0.0,0.0,1.0,1.0,1.0,0.0,0.0,1.0,1.0,1.0,19.0,33.0,33.0
161530,Bharahri,378,71,60,242,0,24.9,15.180722891566266,0.15873015873015872,0.6402116402116402,0.0,0.0,0.0,0.0,0.0,0.0,0.0,1.0,0.0,0.0,1.0,0.0,0.0,0.0,0.0,0.0,1.0,1.0,1.0,0.0,0.0,0.0,1.0,1.0,9.0,32.0,32.0
161531,Perwezabad,1131,167,180,107,0,83.61,13.52709006099749,0.15915119363395225,0.09460654288240496,0.0,0.0,0.0,0.0,0.0,0.0,0.0,1.0,0.0,1.0,0.0,0.0,1.0,0.0,0.0,0.0,1.0,1.0,1.0,0.0,0.0,1.0,1.0,1.0,10.0,32.0,32.0
161532,Rasulpur,885,136,124,384,0,99.65,8.881083793276467,0.1401129943502825,0.43389830508474575,0.0,0.0,0.0,0.0,0.0,0.0,0.0,1.0,0.0,1.0,1.0,0.0,1.0,0.0,0.0,0.0,1.0,1.0,1.0,0.0,0.0,0.0,1.0,1.0,10.0,32.0,32.0
161533,Chandauhan,5605,886,893,2164,0,307.39,18.234165067178505,0.15932203389830507,0.3860838537020517,0.0,0.0,0.0,,0.0,0.0,1.0,1.0,1.0,0.0,1.0,,,0.0,0.0,0.0,1.0,1.0,1.0,1.0,0.0,1.0,0.0,1.0,14.0,30.0,30.0
161534,Chikhari,1039,158,139,262,0,137.53,7.554715334836036,0.13378248315688163,0.2521655437921078,0.0,0.0,0.0,0.0,0.0,0.0,0.0,1.0,0.0,0.0,1.0,0.0,1.0,0.0,0.0,0.0,1.0,1.0,1.0,0.0,0.0,0.0,0.0,1.0,11.0,30.0,30.0
161535,Ibrahimpur Kachar Gair Abad,0,0,0,0,0,28.47,0.0,,,,,,,,,,,,,,,,,,,,,,,,,,,22.0,15.0,8.0
161536,Ibrahimpur Uperhar,670,106,133,226,0,66.54,10.06913134956417,0.19850746268656716,0.3373134328358209,0.0,0.0,0.0,0.0,0.0,0.0,0.0,1.0,1.0,0.0,0.0,0.0,0.0,0.0,0.0,0.0,1.0,0.0,1.0,1.0,0.0,0.0,0.0,1.0,22.0,15.0,8.0
161537,Bahadurpur Ta.Ibrahimpur,2266,347,344,614,0,203.69,11.124748392164564,0.15180935569285084,0.2709620476610768,0.0,0.0,0.0,0.0,0.0,0.0,0.0,1.0,1.0,0.0,0.0,0.0,1.0,0.0,0.0,0.0,1.0,1.0,1.0,1.0,0.0,1.0,1.0,1.0,20.0,15.0,7.0
161538,Faizullapur,1619,244,251,354,0,55.42,29.213280404186214,0.15503397158739962,0.21865348980852378,0.0,0.0,0.0,0.0,0.0,0.0,1.0,1.0,0.0,0.0,0.0,0.0,1.0,0.0,0.0,1.0,1.0,1.0,1.0,1.0,1.0,1.0,1.0,1.0,16.0,18.0,8.0
161539,Firozpur Ta. Ibrahimpur,1074,168,188,295,0,54.31,19.77536365310256,0.1750465549348231,0.2746741154562384,0.0,0.0,0.0,0.0,0.0,0.0,1.0,1.0,1.0,0.0,0.0,1.0,1.0,0.0,0.0,0.0,1.0,1.0,1.0,1.0,0.0,1.0,1.0,1.0,16.0,18.0,8.0
161540,Fatehpur Gair Abad,59,5,6,0,0,33.82,1.7445298639858071,0.1016949152542373,0.0,0.0,0.0,0.0,0.0,0.0,0.0,0.0,0.0,1.0,0.0,0.0,0.0,1.0,0.0,0.0,0.0,1.0,0.0,1.0,1.0,0.0,0.0,0.0,0.0,25.0,14.0,7.0
161541,Aklaspur Gair Abad,0,0,0,0,0,42.96,0.0,,,,,,,,,,,,,,,,,,,,,,,,,,,24.0,18.0,8.0
161542,Rasulpur Kachar Gair Abad,0,0,0,0,0,48.21,0.0,,,,,,,,,,,,,,,,,,,,,,,,,,,25.0,16.0,8.0
161543,Rasulpur Uperhar Gair Abad,37,6,10,0,0,16.13,2.2938623682579045,0.2702702702702703,0.0,0.0,0.0,0.0,0.0,0.0,0.0,0.0,1.0,0.0,0.0,0.0,0.0,1.0,0.0,0.0,0.0,0.0,0.0,1.0,1.0,0.0,0.0,0.0,0.0,25.0,15.0,7.0
161544,Chaq Jamal Gair Abad,0,0,0,0,0,17.86,0.0,,,,,,,,,,,,,,,,,,,,,,,,,,,25.0,18.0,8.0
161545,Sonauti,2167,363,356,468,0,192.72,11.244292237442922,0.16428241808952468,0.21596677434240885,0.0,0.0,0.0,0.0,0.0,0.0,0.0,1.0,1.0,0.0,0.0,0.0,0.0,0.0,0.0,0.0,1.0,1.0,1.0,1.0,0.0,1.0,1.0,1.0,25.0,13.0,6.0
161546,Badra,1415,269,294,465,0,140.62,10.062580002844545,0.207773851590106,0.3286219081272085,0.0,0.0,0.0,0.0,0.0,0.0,1.0,1.0,1.0,0.0,0.0,0.0,0.0,0.0,0.0,1.0,1.0,1.0,1.0,1.0,0.0,1.0,1.0,1.0,25.0,10.0,2.0
161547,Aswan Mazra Soni,0,0,0,0,0,9.42,0.0,,,,,,,,,,,,,,,,,,,,,,,,,,,24.0,11.0,5.0
161548,Chaq Fatma Jaminsher Deeh,740,135,98,219,0,39.04,18.954918032786885,0.13243243243243244,0.2959459459459459,0.0,0.0,0.0,0.0,0.0,0.0,0.0,1.0,1.0,0.0,0.0,1.0,1.0,0.0,1.0,1.0,1.0,1.0,1.0,1.0,0.0,1.0,0.0,1.0,20.0,18.0,1.0
161549,Sherdeeh,4471,697,711,648,0,514.77,8.685432329001301,0.1590248266607023,0.14493401923507046,0.0,0.0,0.0,0.0,0.0,0.0,0.0,1.0,1.0,0.0,0.0,0.0,0.0,1.0,1.0,1.0,1.0,1.0,1.0,1.0,0.0,1.0,1.0,1.0,20.0,18.0,
161550,Samaepur,73,7,17,0,0,35.05,2.0827389443651927,0.2328767123287671,0.0,0.0,0.0,0.0,0.0,0.0,0.0,0.0,1.0,0.0,0.0,0.0,0.0,0.0,0.0,0.0,0.0,0.0,0.0,1.0,,0.0,0.0,0.0,0.0,16.0,19.0,8.0
161551,Medua,2276,334,366,547,0,178.71,12.73571708354317,0.1608084358523726,0.24033391915641475,0.0,0.0,0.0,0.0,0.0,0.0,0.0,1.0,1.0,0.0,1.0,0.0,0.0,0.0,0.0,0.0,1.0,0.0,1.0,,0.0,0.0,1.0,1.0,16.0,19.0,8.0
161552,Ramnager,1572,227,250,376,0,51.06,30.787309048178614,0.15903307888040713,0.23918575063613232,0.0,0.0,0.0,0.0,0.0,0.0,0.0,1.0,0.0,0.0,1.0,0.0,0.0,0.0,0.0,0.0,1.0,0.0,1.0,,0.0,0.0,1.0,1.0,15.0,18.0,8.0
161553,Driyapur Gulalpur,2009,360,303,670,0,118.86,16.90223792697291,0.15082130413140865,0.33349925335988057,0.0,0.0,0.0,0.0,0.0,0.0,0.0,1.0,1.0,0.0,1.0,0.0,0.0,0.0,0.0,0.0,1.0,0.0,1.0,,0.0,0.0,1.0,1.0,17.0,18.0,8.0
161554,Kandi,2577,457,373,764,0,188.09,13.700887872826838,0.14474194800155218,0.2964687621265037,0.0,0.0,0.0,0.0,0.0,0.0,0.0,1.0,1.0,0.0,0.0,0.0,0.0,0.0,0.0,0.0,1.0,1.0,1.0,1.0,0.0,1.0,1.0,1.0,13.0,20.0,
161555,Kotari,2383,440,402,666,0,158.79,15.007242269664337,0.1686949223667646,0.2794796475031473,0.0,0.0,0.0,0.0,0.0,0.0,1.0,1.0,1.0,0.0,0.0,1.0,1.0,0.0,0.0,0.0,1.0,1.0,1.0,1.0,0.0,1.0,1.0,1.0,15.0,18.0,8.0
161556,Kaserua Khurd,2315,359,383,116,0,158.0,14.651898734177216,0.1654427645788337,0.05010799136069115,0.0,0.0,0.0,,0.0,0.0,1.0,1.0,1.0,0.0,1.0,0.0,0.0,1.0,1.0,1.0,1.0,1.0,1.0,1.0,0.0,1.0,1.0,1.0,13.0,21.0,11.0
161557,Sadmapur Gair Abad,0,0,0,0,0,9.66,0.0,,,,,,,,,,,,,,,,,,,,,,,,,,,12.0,20.0,
161558,Malawan Bujurg,5679,912,1006,1631,0,320.86,17.69930810945584,0.1771438633562247,0.28719845043141395,0.0,0.0,0.0,0.0,0.0,0.0,1.0,1.0,0.0,1.0,1.0,0.0,1.0,1.0,1.0,1.0,1.0,1.0,1.0,1.0,0.0,1.0,1.0,1.0,14.0,20.0,10.0
161559,Malawan Khurd,4962,838,747,1250,0,251.29,19.746110072028333,0.1505441354292624,0.25191455058444173,0.0,0.0,0.0,0.0,0.0,0.0,0.0,1.0,0.0,0.0,0.0,0.0,0.0,0.0,1.0,1.0,1.0,0.0,1.0,1.0,0.0,1.0,0.0,1.0,16.0,25.0,8.0
161560,Chaq Jalal,216,38,33,143,0,12.57,17.18377088305489,0.1527777777777778,0.6620370370370371,0.0,0.0,0.0,0.0,0.0,0.0,0.0,1.0,0.0,0.0,0.0,0.0,1.0,0.0,1.0,1.0,1.0,0.0,1.0,1.0,0.0,0.0,0.0,0.0,16.0,15.0,8.0
161561,Amersapur,1142,177,190,337,0,28.97,39.42008974801519,0.16637478108581435,0.29509632224168125,0.0,0.0,0.0,0.0,0.0,0.0,0.0,1.0,0.0,,,0.0,1.0,0.0,0.0,1.0,1.0,1.0,1.0,1.0,0.0,0.0,1.0,1.0,13.0,22.0,13.0
161562,Sultanpur,648,103,91,85,0,36.12,17.940199335548176,0.1404320987654321,0.13117283950617284,0.0,0.0,0.0,0.0,0.0,0.0,0.0,1.0,0.0,,,0.0,1.0,0.0,1.0,1.0,1.0,1.0,1.0,0.0,0.0,1.0,1.0,1.0,12.0,22.0,11.0
161563,Chaq Raghunath,665,118,110,410,0,28.63,23.227383863080686,0.16541353383458646,0.6165413533834586,0.0,0.0,0.0,0.0,0.0,0.0,0.0,1.0,0.0,,,0.0,1.0,0.0,1.0,1.0,1.0,0.0,1.0,0.0,0.0,0.0,1.0,1.0,15.0,22.0,15.0
161564,Chaq Fatma Jamin Amersapur,84,16,13,2,0,12.67,6.629834254143646,0.15476190476190477,0.023809523809523808,0.0,0.0,0.0,0.0,0.0,0.0,0.0,1.0,0.0,,,0.0,1.0,0.0,1.0,1.0,1.0,1.0,1.0,0.0,0.0,0.0,1.0,1.0,15.0,22.0,15.0
161565,Sarai Shanker,1292,217,227,229,0,38.18,33.83970665269775,0.17569659442724458,0.17724458204334365,0.0,0.0,0.0,0.0,0.0,0.0,0.0,1.0,0.0,,,0.0,1.0,0.0,1.0,1.0,1.0,1.0,1.0,0.0,0.0,0.0,1.0,1.0,15.0,22.0,15.0
161566,Habibpur,1256,174,188,107,0,63.73,19.708143731366704,0.14968152866242038,0.08519108280254777,0.0,0.0,0.0,0.0,0.0,0.0,0.0,1.0,1.0,1.0,1.0,0.0,0.0,0.0,1.0,1.0,1.0,1.0,1.0,1.0,0.0,0.0,1.0,1.0,20.0,18.0,6.0
161567,Chaq Churawan Ta.Sarai Shanker,0,0,0,0,0,7.74,0.0,,,,,,,,,,,,,,,,,,,,,,,,,,,20.0,17.0,5.0
161568,Chaq Churawan Ta.Habibpur Gair,0,0,0,0,0,10.11,0.0,,,,,,,,,,,,,,,,,,,,,,,,,,,20.0,17.0,5.0
161569,Rahimapur,1445,227,193,208,0,86.85,16.637881404720783,0.13356401384083044,0.1439446366782007,0.0,0.0,0.0,0.0,0.0,0.0,0.0,1.0,1.0,0.0,1.0,0.0,0.0,0.0,1.0,1.0,1.0,1.0,1.0,1.0,0.0,1.0,1.0,1.0,19.0,17.0,6.0
161570,Singra Mau,2141,320,315,638,0,151.47,14.13481217402786,0.14712751050910788,0.2979915927136852,0.0,0.0,0.0,0.0,0.0,0.0,0.0,1.0,1.0,0.0,1.0,0.0,0.0,1.0,0.0,1.0,1.0,1.0,1.0,1.0,0.0,1.0,1.0,1.0,14.0,22.0,22.0
161571,Bhopat Pur,2634,357,424,458,0,180.05,14.629269647320188,0.1609719058466211,0.1738800303720577,0.0,0.0,0.0,0.0,0.0,0.0,1.0,1.0,1.0,1.0,1.0,0.0,1.0,1.0,1.0,1.0,1.0,1.0,1.0,1.0,0.0,1.0,1.0,1.0,11.0,21.0,21.0
161572,Mirapur,1161,161,173,318,0,40.48,28.680830039525695,0.14900947459086994,0.2739018087855297,0.0,0.0,0.0,0.0,0.0,0.0,0.0,1.0,0.0,0.0,0.0,0.0,0.0,0.0,0.0,1.0,1.0,1.0,1.0,1.0,0.0,0.0,1.0,1.0,13.0,21.0,21.0
161573,Sekh Ahmedpur,498,82,81,140,0,30.51,16.32251720747296,0.16265060240963855,0.28112449799196787,0.0,0.0,0.0,0.0,0.0,0.0,0.0,1.0,1.0,0.0,0.0,0.0,0.0,0.0,0.0,0.0,0.0,1.0,1.0,1.0,0.0,0.0,1.0,1.0,12.0,20.0,
161574,Sahson,4745,821,652,1076,0,106.29,44.64201712296547,0.13740779768177028,0.2267650158061117,0.0,0.0,1.0,,,,0.0,1.0,1.0,0.0,1.0,0.0,0.0,0.0,1.0,1.0,1.0,0.0,1.0,1.0,1.0,1.0,1.0,1.0,12.0,20.0,
161575,Kaseruakla,2705,435,440,502,0,144.34,18.740473881114035,0.16266173752310537,0.1855822550831793,0.0,0.0,0.0,,,,0.0,1.0,1.0,1.0,1.0,0.0,,0.0,1.0,1.0,1.0,1.0,1.0,1.0,0.0,1.0,1.0,1.0,12.0,20.0,
161576,Mahrauda,1603,282,276,479,0,325.17,4.9297290647968754,0.17217716781035558,0.29881472239550844,0.0,0.0,0.0,0.0,0.0,0.0,1.0,1.0,1.0,0.0,1.0,0.0,0.0,0.0,0.0,0.0,1.0,0.0,1.0,1.0,0.0,1.0,1.0,1.0,20.0,20.0,10.0
161577,Jag Bandhanpur,1618,253,249,505,0,129.3,12.51353441608662,0.15389369592089,0.3121137206427689,0.0,0.0,0.0,0.0,0.0,0.0,1.0,1.0,1.0,1.0,1.0,0.0,1.0,1.0,1.0,1.0,1.0,1.0,1.0,1.0,0.0,1.0,1.0,1.0,11.0,21.0,21.0
161578,Babahan Kueyan,2536,410,418,769,0,84.25,30.100890207715132,0.16482649842271294,0.3032334384858044,0.0,0.0,0.0,0.0,0.0,0.0,0.0,1.0,1.0,0.0,1.0,0.0,1.0,0.0,0.0,1.0,1.0,1.0,1.0,1.0,0.0,1.0,1.0,1.0,12.0,23.0,23.0
161579,Dharahra Chakiya,3910,640,590,1503,0,318.17,12.28902787817833,0.15089514066496162,0.3843989769820972,0.0,0.0,0.0,0.0,0.0,0.0,1.0,1.0,1.0,0.0,1.0,0.0,0.0,0.0,0.0,0.0,1.0,0.0,1.0,1.0,0.0,1.0,1.0,1.0,20.0,20.0,10.0
161580,Manikapur,1229,209,153,422,0,90.06,13.646457916944259,0.12449145646867373,0.3433685923515053,0.0,0.0,0.0,0.0,0.0,0.0,0.0,1.0,1.0,0.0,0.0,0.0,1.0,0.0,1.0,1.0,1.0,1.0,1.0,0.0,0.0,1.0,1.0,1.0,12.0,22.0,11.0
161581,Gotawan,3082,552,455,1016,0,272.0,11.330882352941176,0.14763140817650877,0.32965606748864373,0.0,0.0,0.0,0.0,0.0,1.0,0.0,1.0,0.0,0.0,0.0,0.0,0.0,0.0,1.0,1.0,1.0,1.0,1.0,1.0,0.0,1.0,1.0,1.0,13.0,20.0,20.0
161582,Lodipur,433,68,55,64,0,39.68,10.912298387096774,0.12702078521939955,0.14780600461893764,0.0,0.0,0.0,0.0,0.0,0.0,0.0,1.0,0.0,1.0,1.0,0.0,0.0,0.0,0.0,1.0,1.0,1.0,1.0,1.0,0.0,1.0,1.0,1.0,20.0,18.0,5.0
161583,Bariyari,2073,335,321,969,130,142.69,14.52799775737613,0.1548480463096961,0.467438494934877,0.06271104679208876,0.0,0.0,0.0,0.0,0.0,0.0,1.0,1.0,1.0,1.0,0.0,0.0,0.0,0.0,1.0,1.0,1.0,1.0,1.0,0.0,1.0,1.0,1.0,20.0,18.0,5.0
161584,Tendue,3934,606,636,860,0,274.6,14.326292789512017,0.16166751398068124,0.21860701576004068,0.0,0.0,0.0,0.0,0.0,0.0,0.0,1.0,1.0,0.0,1.0,0.0,0.0,0.0,0.0,1.0,1.0,1.0,1.0,1.0,0.0,1.0,1.0,1.0,20.0,18.0,6.0
161585,Abusa,789,145,144,235,0,84.94,9.28890981869555,0.18250950570342206,0.29784537389100124,0.0,0.0,0.0,0.0,0.0,0.0,0.0,1.0,1.0,0.0,1.0,0.0,0.0,1.0,1.0,0.0,0.0,1.0,1.0,1.0,0.0,0.0,1.0,1.0,22.0,16.0,
161586,Bahadurpur,1689,280,258,838,0,144.88,11.657923799006074,0.152753108348135,0.49615156897572527,0.0,0.0,0.0,0.0,0.0,0.0,0.0,1.0,1.0,0.0,1.0,0.0,1.0,0.0,1.0,1.0,1.0,1.0,1.0,1.0,0.0,1.0,1.0,1.0,20.0,16.0,
161587,Bani,2744,497,432,1208,0,211.62,12.966638313958983,0.15743440233236153,0.4402332361516035,0.0,0.0,0.0,0.0,0.0,0.0,1.0,1.0,1.0,0.0,1.0,0.0,1.0,0.0,0.0,0.0,1.0,1.0,1.0,0.0,0.0,1.0,1.0,1.0,18.0,20.0,10.0
161588,Wari,2501,446,425,804,0,211.5,11.825059101654846,0.16993202718912434,0.32147141143542585,0.0,0.0,0.0,0.0,0.0,0.0,0.0,1.0,1.0,0.0,1.0,0.0,1.0,0.0,0.0,0.0,1.0,1.0,1.0,1.0,0.0,1.0,1.0,1.0,18.0,21.0,12.0
161589,Semra,2208,348,367,1111,0,178.91,12.341400704264714,0.16621376811594202,0.5031702898550725,0.0,0.0,0.0,,,,0.0,1.0,1.0,0.0,1.0,0.0,0.0,0.0,0.0,0.0,1.0,0.0,1.0,1.0,0.0,1.0,1.0,1.0,20.0,25.0,5.0
161590,Pattichit,498,89,76,378,0,29.92,16.644385026737968,0.15261044176706828,0.7590361445783133,0.0,0.0,0.0,0.0,0.0,0.0,1.0,1.0,1.0,0.0,1.0,0.0,1.0,0.0,0.0,0.0,1.0,1.0,1.0,0.0,0.0,1.0,1.0,1.0,18.0,25.0,13.0
161591,Dodapur,987,180,161,589,0,69.0,14.304347826086957,0.16312056737588654,0.596757852077001,0.0,0.0,0.0,0.0,0.0,0.0,0.0,1.0,1.0,0.0,1.0,0.0,1.0,0.0,0.0,1.0,1.0,1.0,1.0,1.0,0.0,0.0,0.0,0.0,20.0,17.0,
161592,Sarai Rahiya,1546,265,219,546,0,120.93,12.784255354337219,0.14165588615782665,0.35316946959896506,0.0,0.0,0.0,0.0,0.0,0.0,1.0,1.0,1.0,1.0,1.0,0.0,1.0,0.0,0.0,0.0,1.0,1.0,1.0,0.0,0.0,1.0,1.0,1.0,18.0,20.0,10.0
161593,Umari,1646,201,209,495,0,201.6,8.16468253968254,0.12697448359659783,0.30072904009720536,0.0,0.0,0.0,0.0,0.0,0.0,1.0,1.0,1.0,0.0,1.0,1.0,0.0,0.0,0.0,0.0,1.0,1.0,1.0,1.0,0.0,1.0,1.0,1.0,10.0,24.0,10.0
161594,Kaudru,1770,278,263,554,0,184.8,9.577922077922077,0.14858757062146893,0.3129943502824859,0.0,0.0,0.0,0.0,0.0,0.0,0.0,1.0,1.0,0.0,1.0,0.0,0.0,0.0,0.0,0.0,1.0,0.0,1.0,0.0,0.0,1.0,1.0,1.0,20.0,25.0,
161595,Mustafabad,1357,205,209,517,0,63.41,21.40041002996373,0.15401621223286663,0.38098747236551217,0.0,0.0,0.0,,0.0,0.0,0.0,1.0,1.0,0.0,1.0,1.0,0.0,0.0,0.0,0.0,1.0,1.0,1.0,1.0,0.0,1.0,1.0,1.0,12.0,22.0,12.0
161596,Birna,633,99,80,207,0,47.92,13.209515859766277,0.1263823064770932,0.32701421800947866,0.0,0.0,0.0,0.0,0.0,0.0,0.0,1.0,1.0,0.0,1.0,1.0,0.0,0.0,0.0,0.0,1.0,1.0,1.0,1.0,0.0,0.0,1.0,1.0,12.0,22.0,12.0
161597,Dewariya,2576,397,352,632,0,213.3,12.076887013595874,0.13664596273291926,0.2453416149068323,0.0,0.0,0.0,0.0,1.0,1.0,0.0,1.0,1.0,0.0,1.0,0.0,0.0,0.0,0.0,0.0,1.0,0.0,1.0,0.0,0.0,0.0,1.0,1.0,20.0,22.0,
161598,Sadrepur,909,167,187,229,0,103.83,8.75469517480497,0.20572057205720573,0.25192519251925194,0.0,0.0,0.0,0.0,1.0,1.0,0.0,1.0,1.0,0.0,1.0,0.0,0.0,0.0,0.0,0.0,1.0,0.0,1.0,0.0,0.0,0.0,0.0,0.0,20.0,23.0,
161599,Chaq Mohammad Panah,83,16,16,0,0,5.52,15.036231884057973,0.1927710843373494,0.0,0.0,0.0,0.0,0.0,1.0,1.0,0.0,1.0,1.0,0.0,0.0,0.0,0.0,0.0,0.0,1.0,1.0,0.0,1.0,0.0,0.0,0.0,0.0,0.0,20.0,22.0,
161600,Yarna,1499,292,252,1107,0,166.3,9.013830426939267,0.16811207471647766,0.7384923282188125,0.0,0.0,0.0,0.0,0.0,0.0,0.0,1.0,1.0,0.0,1.0,1.0,0.0,0.0,0.0,0.0,1.0,1.0,1.0,1.0,0.0,1.0,1.0,1.0,12.0,22.0,12.0
161601,Lorhwa,2306,346,341,679,0,73.71,31.284764618097952,0.14787510841283608,0.29444926279271466,0.0,0.0,0.0,0.0,0.0,0.0,0.0,1.0,1.0,0.0,1.0,0.0,0.0,0.0,0.0,0.0,1.0,0.0,1.0,0.0,0.0,1.0,1.0,1.0,,,
161602,Bikapur,1401,223,218,202,0,77.35,18.112475759534583,0.15560314061384725,0.1441827266238401,0.0,0.0,0.0,0.0,0.0,0.0,0.0,1.0,0.0,0.0,1.0,0.0,0.0,1.0,1.0,1.0,1.0,0.0,1.0,,0.0,1.0,1.0,1.0,20.0,20.0,
161603,Badruddinpur,1074,160,141,373,0,86.44,12.424803331790837,0.13128491620111732,0.3472998137802607,0.0,0.0,0.0,0.0,0.0,0.0,1.0,1.0,1.0,0.0,1.0,1.0,0.0,0.0,0.0,0.0,1.0,1.0,1.0,1.0,0.0,1.0,1.0,1.0,12.0,22.0,12.0
161604,Junedpur,1508,226,286,520,0,72.08,20.921198668146506,0.1896551724137931,0.3448275862068966,0.0,0.0,0.0,0.0,0.0,0.0,0.0,1.0,1.0,0.0,1.0,0.0,0.0,1.0,0.0,1.0,1.0,1.0,1.0,1.0,0.0,1.0,0.0,1.0,22.0,17.0,
161605,Dharauli,990,163,171,8,0,43.08,22.98050139275766,0.17272727272727273,0.00808080808080808,0.0,0.0,0.0,0.0,0.0,0.0,0.0,1.0,0.0,0.0,1.0,0.0,0.0,0.0,0.0,1.0,1.0,1.0,1.0,1.0,0.0,0.0,1.0,1.0,22.0,16.0,
161606,Dulhapur,765,144,101,0,0,79.69,9.59969883297779,0.13202614379084968,0.0,0.0,0.0,1.0,0.0,0.0,0.0,0.0,1.0,1.0,0.0,1.0,0.0,0.0,1.0,1.0,1.0,1.0,1.0,1.0,1.0,0.0,1.0,0.0,1.0,22.0,16.0,
161607,Kunadeeh,3834,603,606,809,1,201.58,19.019744022224426,0.15805946791862285,0.21100678142931664,0.0002608242044861763,0.0,0.0,0.0,0.0,0.0,0.0,1.0,1.0,0.0,1.0,1.0,1.0,1.0,1.0,1.0,1.0,1.0,1.0,0.0,0.0,1.0,1.0,1.0,10.0,10.0,
161608,Sarfuddinpur,2455,416,440,351,0,201.58,12.17878757813275,0.17922606924643583,0.1429735234215886,0.0,0.0,0.0,0.0,0.0,0.0,0.0,1.0,1.0,0.0,1.0,1.0,1.0,1.0,1.0,1.0,1.0,1.0,1.0,0.0,0.0,1.0,1.0,1.0,20.0,15.0,
161609,Sihipur,1623,286,248,509,0,84.25,19.264094955489615,0.15280345040049292,0.31361675908810843,0.0,0.0,0.0,0.0,0.0,0.0,0.0,1.0,1.0,0.0,1.0,0.0,0.0,0.0,0.0,1.0,1.0,1.0,1.0,0.0,0.0,1.0,1.0,0.0,22.0,16.0,
161610,Kamalpur,300,66,21,145,0,52.67,5.695842035314221,0.07,0.48333333333333334,0.0,0.0,0.0,0.0,0.0,0.0,0.0,1.0,1.0,0.0,1.0,0.0,0.0,0.0,0.0,1.0,1.0,1.0,1.0,0.0,0.0,0.0,1.0,1.0,22.0,16.0,
161611,Dhamoeya,1918,320,310,671,0,158.26,12.119297358776697,0.1616266944734098,0.34984358706986446,0.0,0.0,0.0,0.0,0.0,0.0,0.0,1.0,1.0,0.0,0.0,0.0,0.0,0.0,0.0,1.0,1.0,0.0,1.0,0.0,0.0,1.0,1.0,1.0,20.0,15.0,
161612,Aarazi Rataura Gairabad,0,0,0,0,0,3.41,0.0,,,,,,,,,,,,,,,,,,,,,,,,,,,25.0,20.0,
161613,Rataura,1306,214,186,323,0,103.58,12.6086117011006,0.14241960183767227,0.2473200612557427,0.0,0.0,0.0,0.0,0.0,0.0,0.0,1.0,1.0,0.0,0.0,0.0,0.0,0.0,0.0,1.0,1.0,0.0,1.0,0.0,0.0,1.0,1.0,1.0,15.0,15.0,
161614,Chak Kutubuddin,182,36,18,0,0,26.32,6.914893617021277,0.0989010989010989,0.0,0.0,0.0,0.0,0.0,0.0,0.0,0.0,1.0,1.0,0.0,0.0,0.0,0.0,0.0,0.0,1.0,1.0,0.0,1.0,0.0,0.0,0.0,0.0,1.0,27.0,20.0,
161615,Katiyari Urf Chakiya,1257,222,182,412,0,120.92,10.395302679457492,0.14478918058870327,0.32776451869530626,0.0,0.0,0.0,0.0,0.0,0.0,0.0,1.0,1.0,0.0,1.0,0.0,0.0,0.0,0.0,1.0,1.0,0.0,1.0,0.0,0.0,1.0,1.0,1.0,26.0,20.0,
161616,Dalapur,2961,445,485,749,0,302.31,9.794581720750223,0.16379601485984466,0.25295508274231676,0.0,0.0,0.0,0.0,0.0,0.0,0.0,1.0,1.0,0.0,1.0,0.0,0.0,0.0,0.0,1.0,1.0,0.0,1.0,0.0,0.0,1.0,1.0,1.0,26.0,20.0,
161617,Rampur,2609,408,396,594,0,49.83,52.35801725867951,0.15178229206592564,0.22767343809888846,0.0,0.0,0.0,0.0,0.0,0.0,0.0,1.0,1.0,1.0,1.0,0.0,0.0,0.0,0.0,1.0,1.0,1.0,1.0,1.0,0.0,1.0,1.0,1.0,20.0,17.0,
161618,Bhojpur,538,87,90,133,0,85.31,6.306411909506505,0.16728624535315986,0.24721189591078066,0.0,0.0,0.0,0.0,0.0,0.0,0.0,1.0,1.0,0.0,1.0,0.0,0.0,0.0,0.0,1.0,1.0,1.0,1.0,1.0,0.0,1.0,1.0,1.0,20.0,18.0,6.0
161619,Chak Johara,77,15,11,73,0,32.53,2.3670458038733475,0.14285714285714285,0.948051948051948,0.0,0.0,0.0,0.0,0.0,0.0,0.0,1.0,1.0,0.0,0.0,0.0,0.0,0.0,0.0,1.0,1.0,1.0,1.0,1.0,0.0,0.0,1.0,1.0,20.0,17.0,5.0
161620,Shah Mohamdpur,379,61,74,63,0,82.65,4.585601935874168,0.19525065963060687,0.1662269129287599,0.0,,,,0.0,0.0,0.0,1.0,1.0,1.0,1.0,0.0,0.0,0.0,0.0,0.0,1.0,1.0,1.0,1.0,0.0,0.0,1.0,1.0,17.0,14.0,4.0
161621,Gopal Patti Gairabad,32,6,5,17,0,7.44,4.301075268817204,0.15625,0.53125,0.0,0.0,0.0,0.0,0.0,0.0,0.0,1.0,0.0,0.0,0.0,0.0,1.0,1.0,1.0,1.0,0.0,0.0,0.0,1.0,0.0,0.0,0.0,0.0,20.0,10.0,3.0
161622,Maheshpur,1142,181,193,100,0,41.87,27.27489849534273,0.1690017513134851,0.08756567425569177,0.0,0.0,0.0,0.0,0.0,0.0,0.0,1.0,1.0,0.0,1.0,0.0,0.0,0.0,1.0,1.0,1.0,1.0,1.0,1.0,0.0,0.0,1.0,1.0,18.0,15.0,3.0
161623,Durjanpur,1784,304,254,1454,0,64.97,27.458827150992768,0.14237668161434977,0.8150224215246636,0.0,0.0,0.0,0.0,0.0,0.0,1.0,1.0,1.0,0.0,0.0,0.0,0.0,0.0,1.0,1.0,1.0,1.0,1.0,1.0,0.0,1.0,1.0,1.0,20.0,12.0,3.0
161624,Andawa,4105,726,567,1072,0,368.33,11.14489723888904,0.13812423873325214,0.26114494518879416,0.0,0.0,1.0,0.0,0.0,0.0,0.0,1.0,1.0,0.0,1.0,1.0,0.0,1.0,1.0,1.0,1.0,1.0,1.0,1.0,0.0,1.0,1.0,1.0,20.0,10.0,5.0
161625,Nasirapur,872,127,129,96,0,43.02,20.269642026964203,0.14793577981651376,0.11009174311926606,0.0,0.0,0.0,0.0,0.0,0.0,0.0,1.0,1.0,0.0,0.0,0.0,1.0,1.0,1.0,1.0,1.0,1.0,0.0,1.0,0.0,0.0,1.0,1.0,18.0,15.0,3.0
161626,Bhagipur,2704,436,403,722,0,75.75,35.696369636963695,0.14903846153846154,0.26701183431952663,0.0,0.0,0.0,0.0,0.0,0.0,0.0,1.0,1.0,0.0,0.0,0.0,1.0,1.0,1.0,1.0,1.0,1.0,0.0,1.0,0.0,0.0,1.0,1.0,22.0,15.0,5.0
161627,Duduhi,2699,441,399,1167,0,119.22,22.638818990102333,0.14783253056687662,0.4323823638384587,0.0,0.0,0.0,,,,0.0,1.0,1.0,0.0,1.0,0.0,0.0,0.0,0.0,0.0,1.0,1.0,1.0,1.0,0.0,1.0,1.0,1.0,22.0,13.0,5.0
161628,Poore Suradas,2213,320,364,532,0,210.84,10.496110794915575,0.16448260280162674,0.2403976502485314,0.0,0.0,0.0,0.0,0.0,0.0,1.0,1.0,1.0,0.0,0.0,0.0,0.0,0.0,0.0,1.0,1.0,1.0,1.0,1.0,0.0,1.0,1.0,1.0,25.0,10.0,1.0
161629,Lekhrajpur,672,114,104,0,0,24.69,27.217496962332927,0.15476190476190477,0.0,0.0,0.0,0.0,0.0,,,1.0,1.0,1.0,0.0,0.0,0.0,0.0,0.0,0.0,0.0,1.0,1.0,1.0,1.0,0.0,0.0,0.0,0.0,25.0,10.0,1.0
161630,Chak Kashaw Urf Lapetuwa,0,0,0,0,0,68.06,0.0,,,,,,,,,,,,,,,,,,,,,,,,,,,25.0,10.0,1.0
161631,Tulapur,1161,176,186,217,0,37.74,30.763116057233702,0.16020671834625322,0.18690783807062877,0.0,0.0,0.0,0.0,0.0,0.0,1.0,1.0,1.0,0.0,0.0,0.0,0.0,0.0,0.0,0.0,1.0,1.0,1.0,1.0,0.0,1.0,1.0,1.0,23.0,12.0,2.0
161632,Kataka,4896,732,754,1384,0,120.93,40.48623170429174,0.15400326797385622,0.2826797385620915,0.0,0.0,0.0,0.0,0.0,0.0,1.0,1.0,1.0,0.0,1.0,0.0,1.0,1.0,1.0,1.0,1.0,1.0,1.0,1.0,0.0,1.0,1.0,1.0,22.0,9.0,11.0
161633,Chak Hariharban,3728,621,432,862,0,33.41,111.5833582759653,0.11587982832618025,0.23122317596566525,0.0,0.0,0.0,0.0,0.0,0.0,0.0,1.0,1.0,0.0,1.0,0.0,1.0,1.0,1.0,1.0,1.0,1.0,1.0,1.0,0.0,1.0,1.0,1.0,21.0,8.0,12.0
161634,Habeliya,5714,1018,708,548,0,138.75,41.181981981981984,0.12390619530976549,0.09590479523976199,0.0,0.0,0.0,0.0,0.0,0.0,1.0,1.0,1.0,1.0,1.0,0.0,1.0,0.0,0.0,0.0,1.0,1.0,1.0,1.0,0.0,1.0,1.0,1.0,24.0,10.0,10.0
161635,Saray Taki,1189,201,83,32,0,31.52,37.72208121827411,0.06980656013456686,0.02691337258200168,0.0,0.0,0.0,0.0,0.0,0.0,0.0,1.0,1.0,0.0,0.0,0.0,1.0,0.0,0.0,0.0,1.0,1.0,1.0,1.0,0.0,0.0,0.0,0.0,21.0,12.0,
161636,Khanupur,1398,274,144,115,0,42.77,32.686462473696515,0.10300429184549356,0.08226037195994278,0.0,0.0,0.0,0.0,0.0,0.0,1.0,1.0,1.0,0.0,0.0,0.0,1.0,0.0,0.0,1.0,1.0,1.0,1.0,1.0,0.0,0.0,0.0,0.0,21.0,8.0,12.0
161637,Ibrahimpur Majara Kataka Gaira,49,10,9,0,0,7.23,6.77731673582296,0.1836734693877551,0.0,0.0,0.0,0.0,0.0,0.0,0.0,0.0,0.0,1.0,0.0,0.0,0.0,1.0,0.0,0.0,0.0,1.0,1.0,1.0,1.0,0.0,0.0,0.0,0.0,22.0,8.0,12.0
161638,Chhatanag Uperhar,3011,484,526,80,0,214.07,14.065492595879853,0.174692793091996,0.02656924609764198,0.0,0.0,0.0,0.0,0.0,0.0,0.0,1.0,1.0,0.0,1.0,0.0,1.0,0.0,0.0,0.0,1.0,1.0,0.0,0.0,0.0,1.0,1.0,1.0,22.0,10.0,4.0
161639,Naika,4433,723,504,1165,0,142.78,31.047765793528505,0.11369275885404918,0.26280171441461764,0.0,0.0,0.0,,0.0,0.0,0.0,1.0,0.0,0.0,1.0,0.0,0.0,0.0,1.0,1.0,1.0,1.0,1.0,1.0,0.0,1.0,1.0,1.0,16.0,14.0,14.0
161640,Jirat Matan,1333,232,199,208,0,61.26,21.759712699967352,0.14928732183045762,0.15603900975243812,0.0,0.0,0.0,0.0,0.0,0.0,0.0,1.0,0.0,0.0,0.0,0.0,1.0,0.0,1.0,1.0,1.0,1.0,1.0,1.0,0.0,1.0,1.0,1.0,15.0,14.0,14.0
161641,Badhawa Tahir,1067,168,183,344,0,65.65,16.25285605483625,0.17150890346766634,0.32239925023430177,0.0,0.0,0.0,0.0,0.0,0.0,0.0,1.0,0.0,0.0,0.0,0.0,0.0,0.0,1.0,1.0,1.0,1.0,1.0,1.0,0.0,1.0,1.0,1.0,25.0,14.0,14.0
161642,Kanihar,7053,1096,1168,1539,0,427.38,16.50287800084234,0.1656032893804055,0.21820501914079116,0.0,0.0,0.0,,,,0.0,1.0,1.0,0.0,1.0,0.0,0.0,0.0,1.0,0.0,1.0,1.0,1.0,1.0,,1.0,1.0,1.0,25.0,13.0,3.0
161643,Ustapur Mahmoodabad Uperhar,4200,685,547,1208,0,308.08,13.632822643469229,0.13023809523809524,0.2876190476190476,0.0,0.0,0.0,0.0,0.0,0.0,0.0,1.0,0.0,1.0,0.0,0.0,0.0,0.0,1.0,1.0,1.0,1.0,1.0,1.0,0.0,1.0,1.0,1.0,30.0,10.0,
161644,Chatnag Kachar Gair Abad,0,0,0,0,0,166.42,0.0,,,,,,,,,,,,,,,,,,,,,,,,,,,24.0,12.0,5.0
161645,Ustapur Mahmoodabad Kachar Gai,0,0,0,0,0,170.65,0.0,,,,,,,,,,,,,,,,,,,,,,,,,,,30.0,14.0,14.0
161646,Chaq Churawan Ta. Kanihar,2079,316,362,928,0,141.98,14.64290745175377,0.17412217412217412,0.44636844636844636,0.0,0.0,0.0,0.0,0.0,0.0,0.0,1.0,1.0,0.0,1.0,0.0,0.0,0.0,1.0,1.0,1.0,1.0,1.0,1.0,0.0,1.0,1.0,1.0,25.0,14.0,3.0
161647,Rajoopur,592,90,93,303,0,50.46,11.732065001981768,0.1570945945945946,0.5118243243243243,0.0,0.0,0.0,0.0,0.0,0.0,0.0,1.0,1.0,0.0,1.0,0.0,0.0,0.0,1.0,0.0,1.0,1.0,1.0,1.0,0.0,1.0,0.0,1.0,25.0,14.0,
161648,Mukundpur,436,52,78,0,0,33.33,13.081308130813081,0.17889908256880735,0.0,0.0,0.0,0.0,0.0,0.0,0.0,0.0,1.0,1.0,0.0,1.0,0.0,0.0,0.0,0.0,1.0,1.0,0.0,1.0,0.0,0.0,0.0,1.0,1.0,30.0,20.0,
161649,Chakiya Hinauta,1423,242,220,110,0,111.41,12.772641594111839,0.15460295151089248,0.07730147575544624,0.0,0.0,0.0,0.0,0.0,0.0,0.0,1.0,1.0,0.0,0.0,0.0,1.0,0.0,0.0,0.0,1.0,1.0,1.0,0.0,0.0,1.0,1.0,1.0,28.0,15.0,
161650,Rithaiya,2338,402,402,784,0,117.17,19.95391311769224,0.17194183062446536,0.33532934131736525,0.0,0.0,0.0,0.0,0.0,0.0,0.0,1.0,1.0,0.0,1.0,0.0,0.0,0.0,0.0,1.0,1.0,0.0,1.0,0.0,0.0,1.0,1.0,1.0,27.0,20.0,
161651,Chaq Hinauta,819,128,100,251,0,96.51,8.486167236555797,0.1221001221001221,0.3064713064713065,0.0,0.0,0.0,0.0,0.0,0.0,0.0,1.0,1.0,0.0,0.0,0.0,1.0,0.0,0.0,0.0,1.0,1.0,1.0,0.0,0.0,0.0,0.0,1.0,28.0,15.0,15.0
161652,Bajhan,2934,449,460,1060,0,120.38,24.372819405216813,0.15678254942058623,0.3612815269256987,0.0,0.0,0.0,0.0,0.0,0.0,1.0,1.0,1.0,0.0,1.0,0.0,1.0,0.0,0.0,0.0,0.0,0.0,1.0,0.0,0.0,1.0,1.0,1.0,29.0,16.0,16.0
161653,Daulatpur,743,130,147,186,0,46.75,15.893048128342246,0.19784656796769853,0.2503364737550471,0.0,0.0,0.0,0.0,0.0,0.0,0.0,1.0,0.0,0.0,0.0,0.0,1.0,0.0,0.0,0.0,1.0,1.0,1.0,0.0,0.0,0.0,1.0,1.0,28.0,15.0,15.0
161654,Nawawa Urf Nimikla Uperhar,3590,573,543,362,0,208.22,17.24137931034483,0.15125348189415042,0.10083565459610028,0.0,0.0,0.0,0.0,0.0,0.0,0.0,1.0,1.0,0.0,1.0,0.0,1.0,0.0,0.0,0.0,1.0,1.0,1.0,0.0,0.0,1.0,1.0,1.0,22.0,11.0,8.0
161655,Bhadkar Uperhar,4186,647,784,19,0,123.11,34.00211193241816,0.18729096989966554,0.004538939321548017,0.0,0.0,0.0,0.0,0.0,0.0,0.0,1.0,1.0,0.0,1.0,0.0,1.0,0.0,0.0,0.0,1.0,1.0,0.0,0.0,0.0,1.0,1.0,1.0,23.0,12.0,8.0
161656,Nawawa Urf Nimikla Kachar Gair,0,0,0,0,0,146.48,0.0,,,,,,,,,,,,,,,,,,,,,,,,,,,25.0,15.0,8.0
161657,Bhadkar Kachar Gairabad,0,0,0,0,0,108.92,0.0,,,,,,,,,,,,,,,,,,,,,,,,,,,25.0,15.0,8.0
161658,Bhadni Uperhar,300,49,51,2,0,156.54,1.9164430816404754,0.17,0.006666666666666667,0.0,0.0,0.0,0.0,0.0,0.0,0.0,1.0,0.0,0.0,0.0,0.0,0.0,0.0,0.0,0.0,1.0,,,0.0,0.0,0.0,1.0,1.0,30.0,16.0,16.0
161659,Bhadni Kachar Gairabad,0,0,0,0,0,108.92,0.0,,,,,,,,,,,,,,,,,,,,,,,,,,,29.0,16.0,16.0
161660,Sarai Nooruddin,1201,241,212,212,0,52.4,22.919847328244277,0.1765195670274771,0.1765195670274771,0.0,0.0,0.0,0.0,0.0,0.0,0.0,1.0,1.0,0.0,1.0,0.0,0.0,0.0,0.0,1.0,1.0,0.0,1.0,0.0,0.0,1.0,1.0,1.0,27.0,20.0,
161661,Sudanipur Khurd,1312,225,219,252,0,118.39,11.082017062251879,0.16692073170731708,0.19207317073170732,0.0,0.0,0.0,0.0,0.0,0.0,0.0,1.0,1.0,0.0,1.0,0.0,0.0,0.0,0.0,1.0,1.0,0.0,1.0,0.0,0.0,0.0,1.0,1.0,30.0,21.0,
161662,Nibaiyan,825,117,136,0,0,11.95,69.0376569037657,0.16484848484848486,0.0,0.0,0.0,0.0,0.0,0.0,0.0,0.0,1.0,1.0,0.0,0.0,0.0,0.0,0.0,0.0,1.0,1.0,0.0,1.0,0.0,0.0,0.0,1.0,0.0,29.0,20.0,
161663,Murarpatti,2232,322,352,394,0,56.4,39.57446808510638,0.15770609318996415,0.17652329749103943,0.0,0.0,0.0,0.0,0.0,0.0,0.0,1.0,1.0,0.0,1.0,0.0,0.0,0.0,0.0,1.0,1.0,0.0,1.0,0.0,0.0,1.0,1.0,0.0,30.0,21.0,
161664,Chibaiyan Uperhar,4084,568,596,505,0,141.14,28.93580841717444,0.14593535749265427,0.12365328109696376,0.0,0.0,0.0,,0.0,0.0,1.0,1.0,1.0,0.0,1.0,0.0,0.0,0.0,0.0,1.0,1.0,0.0,1.0,1.0,0.0,1.0,1.0,1.0,30.0,20.0,
161665,Palikaranpur Kachar Gairabad,0,0,0,0,0,56.97,0.0,,,,,,,,,,,,,,,,,,,,,,,,,,,33.0,23.0,23.0
161666,Patti Bairishal Uperhar,1460,245,208,174,0,67.89,21.50537634408602,0.14246575342465753,0.11917808219178082,0.0,0.0,0.0,0.0,0.0,0.0,0.0,1.0,1.0,0.0,1.0,0.0,0.0,0.0,0.0,1.0,1.0,0.0,1.0,,,1.0,1.0,1.0,30.0,25.0,
161667,Palikaranpur Uperhar,2270,347,378,366,0,88.21,25.734043759210977,0.16651982378854627,0.16123348017621145,0.0,0.0,0.0,0.0,0.0,0.0,0.0,1.0,1.0,0.0,1.0,0.0,0.0,0.0,0.0,1.0,1.0,0.0,1.0,1.0,0.0,1.0,1.0,1.0,32.0,22.0,
161668,Chibaiyan Kachar Gair Abad,0,0,0,0,0,153.48,0.0,,,,,,,,,,,,,,,,,,,,,,,,,,,31.0,21.0,
161669,Patti Bairishal Kachar Gairaba,0,0,0,0,0,56.97,0.0,,,,,,,,,,,,,,,,,,,,,,,,,,,33.0,23.0,
161670,Dubawal Uperhar,5965,974,887,431,0,111.62,53.44024368392761,0.14870075440067057,0.07225481978206202,0.0,0.0,0.0,0.0,0.0,0.0,0.0,1.0,1.0,0.0,1.0,0.0,0.0,0.0,0.0,1.0,1.0,0.0,1.0,,,0.0,1.0,1.0,30.0,25.0,7.0
161671,Jamunipur,2982,458,450,189,0,95.33,31.280814014476032,0.15090543259557343,0.06338028169014084,0.0,0.0,0.0,0.0,0.0,0.0,1.0,1.0,1.0,0.0,0.0,0.0,1.0,0.0,0.0,0.0,1.0,1.0,1.0,1.0,0.0,1.0,1.0,1.0,25.0,25.0,12.0
161672,Naukacha Gairabad,0,0,0,0,0,68.34,0.0,,,,,,,,,,,,,,,,,,,,,,,,,,,25.0,25.0,18.0
161673,Jirat Jamuni Gairabad,0,0,0,0,0,217.77,0.0,,,,,,,,,,,,,,,,,,,,,,,,,,,25.0,25.0,15.0
161674,Jirat Kakrabelwar,992,161,114,171,0,230.59,4.3020078927967385,0.11491935483870967,0.17237903225806453,0.0,0.0,0.0,0.0,0.0,0.0,0.0,1.0,,,,0.0,1.0,0.0,0.0,0.0,1.0,1.0,1.0,0.0,0.0,0.0,1.0,1.0,24.0,24.0,
161675,Dubawal Kachar Gairabad,0,0,0,0,0,120.61,0.0,,,,,,,,,,,,,,,,,,,,,,,,,,,30.0,25.0,
161676,Kakra Uperhar,2665,418,404,596,0,92.03,28.95794849505596,0.15159474671669793,0.22363977485928704,0.0,0.0,0.0,0.0,0.0,0.0,0.0,1.0,0.0,0.0,1.0,0.0,0.0,0.0,0.0,1.0,1.0,0.0,1.0,,,1.0,1.0,1.0,30.0,25.0,
161677,Kakra Kachar Gairabad,0,0,0,0,0,44.31,0.0,,,,,,,,,,,,,,,,,,,,,,,,,,,30.0,25.0,
161678,Jirat Lawaen Gairabad,0,0,0,0,0,3221.86,0.0,,,,,,,,,,,,,,,,,,,,,,,,,,,25.0,20.0,15.0
161679,Soni,1172,190,147,485,0,86.31,13.578959564361023,0.12542662116040956,0.4138225255972696,0.0,0.0,0.0,0.0,0.0,0.0,1.0,1.0,0.0,0.0,1.0,0.0,1.0,0.0,0.0,1.0,1.0,0.0,1.0,0.0,0.0,1.0,1.0,1.0,25.0,20.0,
161680,Toderpur,206,33,27,19,0,38.58,5.339554173146708,0.13106796116504854,0.09223300970873786,0.0,0.0,0.0,0.0,0.0,0.0,0.0,1.0,0.0,0.0,0.0,0.0,1.0,0.0,0.0,1.0,1.0,0.0,1.0,,0.0,0.0,0.0,0.0,21.0,21.0,
161681,Bakkhopur,734,119,123,212,0,75.13,9.769732463729536,0.167574931880109,0.2888283378746594,0.0,0.0,0.0,0.0,0.0,0.0,0.0,1.0,1.0,0.0,1.0,0.0,0.0,0.0,0.0,1.0,1.0,0.0,1.0,0.0,0.0,0.0,0.0,0.0,25.0,20.0,
161682,Karanpur,1763,259,244,856,0,60.08,29.344207723035954,0.13840045377197957,0.48553601815087916,0.0,0.0,0.0,0.0,0.0,0.0,0.0,1.0,0.0,0.0,1.0,0.0,1.0,0.0,0.0,1.0,1.0,0.0,1.0,,,1.0,1.0,1.0,25.0,20.0,
161683,Ramaepur,1319,203,206,231,0,131.04,10.065628815628816,0.1561789234268385,0.17513267626990145,0.0,,0.0,0.0,0.0,0.0,0.0,1.0,1.0,0.0,1.0,0.0,0.0,0.0,0.0,1.0,1.0,0.0,1.0,0.0,0.0,1.0,1.0,1.0,25.0,20.0,
161684,Baraepur,1591,240,200,685,0,151.47,10.50373011157325,0.1257071024512885,0.4305468258956631,0.0,0.0,0.0,0.0,0.0,0.0,1.0,1.0,1.0,0.0,1.0,0.0,1.0,0.0,0.0,1.0,1.0,0.0,1.0,1.0,0.0,1.0,1.0,1.0,20.0,20.0,
161685,Kotwa,9100,1426,1277,922,0,279.63,32.543003254300324,0.14032967032967034,0.10131868131868133,0.0,1.0,,1.0,0.0,0.0,1.0,1.0,1.0,0.0,0.0,0.0,0.0,0.0,0.0,0.0,1.0,1.0,1.0,1.0,0.0,1.0,1.0,1.0,24.0,24.0,15.0
161686,Kolahi,56,8,8,0,0,124.73,0.4489697747133809,0.14285714285714285,0.0,0.0,,,,,,0.0,,,,,,,,,,,,,,,1.0,1.0,1.0,25.0,25.0,15.0
161687,Ramnathpur,1698,264,252,483,0,117.31,14.474469354701219,0.14840989399293286,0.284452296819788,0.0,0.0,0.0,0.0,0.0,0.0,1.0,1.0,1.0,0.0,1.0,0.0,1.0,1.0,1.0,1.0,1.0,0.0,1.0,0.0,0.0,0.0,1.0,1.0,20.0,20.0,
161688,Jaitpur,2739,436,423,551,0,66.77,41.021416803953876,0.15443592552026286,0.20116830960204454,0.0,0.0,1.0,0.0,0.0,0.0,0.0,1.0,1.0,0.0,1.0,1.0,0.0,0.0,0.0,1.0,1.0,0.0,1.0,1.0,0.0,1.0,1.0,1.0,20.0,20.0,
161689,Laher Pater,856,133,135,218,0,57.06,15.001752541184718,0.15771028037383178,0.2546728971962617,0.0,0.0,0.0,0.0,0.0,0.0,1.0,1.0,0.0,0.0,0.0,0.0,1.0,1.0,1.0,1.0,1.0,1.0,1.0,1.0,0.0,0.0,1.0,1.0,20.0,20.0,15.0
161690,Patti Dheena Urf Lalapur,1004,152,155,62,6,133.16,7.539801742264944,0.15438247011952191,0.061752988047808766,0.00597609561752988,0.0,0.0,0.0,0.0,0.0,0.0,1.0,1.0,0.0,0.0,0.0,1.0,1.0,1.0,1.0,1.0,1.0,1.0,0.0,0.0,0.0,1.0,1.0,22.0,20.0,10.0
161691,Patti Krisna Urf Kathar,489,59,61,21,0,38.43,12.724434035909447,0.12474437627811862,0.04294478527607362,0.0,0.0,0.0,0.0,0.0,0.0,0.0,1.0,1.0,0.0,0.0,0.0,1.0,0.0,0.0,0.0,0.0,0.0,1.0,0.0,0.0,0.0,1.0,1.0,,,
161692,Sudanipur Kala,4432,717,625,681,2,313.37,14.1430258161279,0.14101985559566788,0.1536552346570397,0.0004512635379061372,,0.0,0.0,,,1.0,1.0,1.0,0.0,0.0,0.0,1.0,1.0,0.0,1.0,1.0,0.0,1.0,0.0,0.0,1.0,1.0,1.0,20.0,20.0,20.0
161693,Devkali,1132,176,183,298,0,103.44,10.94354215003867,0.16166077738515902,0.26325088339222613,0.0,,0.0,0.0,,,0.0,1.0,0.0,0.0,0.0,0.0,1.0,0.0,0.0,1.0,1.0,0.0,1.0,0.0,0.0,1.0,1.0,1.0,20.0,20.0,20.0
161694,Sarai Chachaq,312,60,32,23,0,48.67,6.4105198274090816,0.10256410256410256,0.07371794871794872,0.0,,0.0,0.0,0.0,0.0,,1.0,0.0,0.0,0.0,0.0,1.0,1.0,1.0,1.0,1.0,1.0,1.0,1.0,0.0,0.0,1.0,0.0,23.0,23.0,13.0
161695,Mai,434,66,54,0,0,99.72,4.35218612113919,0.12442396313364056,0.0,0.0,,0.0,,,,0.0,1.0,1.0,0.0,0.0,0.0,1.0,1.0,0.0,1.0,1.0,0.0,1.0,0.0,0.0,0.0,0.0,1.0,20.0,20.0,20.0
161696,Kaithwal,2016,308,277,437,0,120.04,16.79440186604465,0.13740079365079366,0.21676587301587302,0.0,0.0,0.0,0.0,0.0,0.0,1.0,1.0,1.0,,1.0,1.0,0.0,0.0,0.0,0.0,1.0,1.0,1.0,0.0,,1.0,1.0,1.0,121.0,22.0,22.0
161697,Birgapur,2661,382,354,604,0,109.59,24.281412537640296,0.133032694475761,0.22698233746711763,0.0,0.0,0.0,,,,0.0,1.0,1.0,0.0,0.0,0.0,1.0,0.0,0.0,0.0,1.0,0.0,1.0,0.0,0.0,0.0,1.0,1.0,18.0,25.0,25.0
161698,Chaq Karim Urf Khanoopur,315,54,47,309,0,44.88,7.018716577540107,0.1492063492063492,0.9809523809523809,0.0,,0.0,,,,0.0,1.0,1.0,0.0,0.0,0.0,1.0,0.0,0.0,0.0,1.0,0.0,1.0,0.0,0.0,0.0,1.0,1.0,20.0,23.0,23.0
161699,Mahngupur,554,66,61,0,0,42.57,13.013859525487433,0.11010830324909747,0.0,0.0,,0.0,,,,0.0,1.0,1.0,0.0,0.0,0.0,1.0,0.0,0.0,0.0,1.0,0.0,1.0,0.0,0.0,1.0,1.0,1.0,20.0,23.0,23.0
161700,Mandaur,3823,667,563,1604,0,174.92,21.855705465355594,0.14726654459848287,0.41956578603191214,0.0,,0.0,,,,0.0,1.0,1.0,0.0,0.0,0.0,1.0,0.0,0.0,1.0,1.0,0.0,1.0,0.0,0.0,1.0,1.0,1.0,20.0,23.0,23.0
161701,Rampur Urf Balrampur,1833,280,248,233,0,35.08,52.25199543899658,0.1352973267866885,0.127114020731042,0.0,0.0,0.0,0.0,0.0,0.0,1.0,1.0,,,1.0,1.0,1.0,0.0,1.0,1.0,1.0,1.0,1.0,1.0,1.0,1.0,1.0,1.0,20.0,28.0,
161702,Gopalpur,617,106,100,307,0,53.55,11.521942110177404,0.1620745542949757,0.49756888168557534,0.0,0.0,1.0,0.0,0.0,0.0,1.0,1.0,,,1.0,0.0,0.0,0.0,0.0,0.0,1.0,1.0,1.0,0.0,0.0,0.0,1.0,1.0,20.0,28.0,28.0
161703,Paharpur,1882,246,240,106,0,111.73,16.844177928935828,0.1275239107332625,0.0563230605738576,0.0,0.0,0.0,0.0,0.0,1.0,1.0,1.0,1.0,,1.0,,,0.0,1.0,1.0,1.0,,1.0,0.0,0.0,1.0,1.0,1.0,20.0,28.0,28.0
161704,Rampur Urf Rudapur,661,100,94,0,0,26.0,25.423076923076923,0.1422087745839637,0.0,0.0,0.0,0.0,0.0,0.0,1.0,1.0,1.0,1.0,,1.0,0.0,0.0,1.0,1.0,1.0,1.0,1.0,1.0,1.0,1.0,1.0,1.0,1.0,20.0,26.0,26.0
161705,Jhudallepur,67,12,9,0,0,30.82,2.1739130434782608,0.13432835820895522,0.0,0.0,0.0,0.0,0.0,0.0,0.0,0.0,1.0,0.0,0.0,0.0,0.0,0.0,0.0,0.0,0.0,1.0,1.0,1.0,0.0,0.0,0.0,0.0,1.0,21.0,22.0,22.0
161706,Mudallepur,360,58,74,199,0,56.3,6.394316163410302,0.20555555555555555,0.5527777777777778,0.0,0.0,0.0,0.0,0.0,0.0,1.0,1.0,0.0,0.0,0.0,0.0,0.0,0.0,0.0,0.0,1.0,1.0,1.0,0.0,0.0,0.0,0.0,1.0,20.0,26.0,26.0
161707,Katwarupur,4771,743,689,1045,0,282.15,16.909445330497963,0.1444141689373297,0.21903164954936072,0.0,0.0,0.0,0.0,0.0,0.0,1.0,1.0,1.0,0.0,0.0,1.0,0.0,0.0,0.0,1.0,1.0,1.0,1.0,1.0,0.0,1.0,1.0,1.0,20.0,25.0,
161708,Herju Patti Gair Abad,0,0,0,0,0,22.02,0.0,,,,,,,,,,,,,,,,,,,,,,,,,,,20.0,25.0,
161709,Chand Gair Abad,0,0,0,0,0,229.97,0.0,,,,,,,,,,,,,,,,,,,,,,,,,,,20.0,25.0,
161710,Dhanaechaatter Sueya Malkhanpu,4508,638,703,1266,0,239.67,18.809195977802812,0.1559449866903283,0.2808340727595386,0.0,0.0,0.0,0.0,0.0,0.0,0.0,1.0,0.0,0.0,0.0,0.0,1.0,1.0,0.0,1.0,1.0,0.0,1.0,0.0,0.0,1.0,1.0,1.0,25.0,25.0,
161711,Lilapur Khurd,1345,230,168,175,0,45.74,29.405334499344118,0.12490706319702602,0.13011152416356878,0.0,0.0,0.0,0.0,0.0,0.0,1.0,1.0,1.0,1.0,0.0,0.0,1.0,0.0,0.0,1.0,1.0,1.0,1.0,1.0,0.0,1.0,1.0,1.0,23.0,28.0,
161712,Lilapur Kla,2434,354,392,677,0,61.17,39.790747098250776,0.16105176663927692,0.27814297452752673,0.0,0.0,0.0,,0.0,0.0,1.0,1.0,1.0,1.0,0.0,0.0,1.0,0.0,0.0,1.0,1.0,1.0,1.0,1.0,0.0,1.0,1.0,1.0,25.0,30.0,
161713,Dasu Patti,599,74,98,122,0,100.35,5.9691081215744894,0.1636060100166945,0.2036727879799666,0.0,,,0.0,,,0.0,1.0,0.0,0.0,0.0,0.0,1.0,0.0,0.0,0.0,0.0,0.0,1.0,0.0,0.0,1.0,1.0,1.0,25.0,25.0,15.0
161714,Bhoja Patti,163,27,34,0,0,99.92,1.6313050440352281,0.2085889570552147,0.0,0.0,0.0,0.0,0.0,0.0,0.0,,1.0,1.0,1.0,0.0,0.0,1.0,0.0,0.0,1.0,1.0,1.0,1.0,1.0,0.0,0.0,0.0,1.0,25.0,32.0,
161715,Samda Gair Abad,0,0,0,0,0,29.42,0.0,,,,,,,,,,,,,,,,,,,,,,,,,,,25.0,30.0,
161716,Makari Khoh Gair Abad,0,0,0,0,0,315.5,0.0,,,,,,,,,,,,,,,,,,,,,,,,,,,25.0,25.0,
161717,Gosammal Patti Gair Abad,0,0,0,0,0,285.38,0.0,,,,,,,,,,,,,,,,,,,,,,,,,,,25.0,25.0,
161718,Jait Patti Gair Abad,0,0,0,0,0,135.79,0.0,,,,,,,,,,,,,,,,,,,,,,,,,,,2.0,25.0,
161719,Lotar Gair Abad,58,9,11,58,0,39.78,1.4580191050779285,0.1896551724137931,1.0,0.0,0.0,0.0,0.0,0.0,0.0,0.0,1.0,0.0,1.0,0.0,0.0,1.0,0.0,0.0,1.0,1.0,1.0,1.0,1.0,0.0,0.0,0.0,0.0,22.0,,28.0
161720,Kabra Gair Abad,0,0,0,0,0,121.23,0.0,,,,,,,,,,,,,,,,,,,,,,,,,,,24.0,24.0,18.0
161721,Jirat Suthan Gair Abad,0,0,0,0,0,61.07,0.0,,,,,,,,,,,,,,,,,,,,,,,,,,,27.0,28.0,
161722,Tala Gair Abad,0,0,0,0,0,93.92,0.0,,,,,,,,,,,,,,,,,,,,,,,,,,,25.0,25.0,15.0
161723,Chaura Kachar Gair Abad,0,0,0,0,0,47.2,0.0,,,,,,,,,,,,,,,,,,,,,,,,,,,25.0,25.0,0.15
161724,Taranpur Gair Abad,0,0,0,0,0,83.71,0.0,,,,,,,,,,,,,,,,,,,,,,,,,,,25.0,25.0,15.0
161725,Hindupur Gair Abad,0,0,0,0,0,84.34,0.0,,,,,,,,,,,,,,,,,,,,,,,,,,,25.0,25.0,15.0
161726,Chauka Kachar Gair Abad,0,0,0,0,0,189.56,0.0,,,,,,,,,,,,,,,,,,,,,,,,,,,25.0,25.0,18.0
161727,Shahbaz Gair Abad,0,0,0,0,0,469.22,0.0,,,,,,,,,,,,,,,,,,,,,,,,,,,25.0,26.0,
161728,Jirat Mungari Gair Abad,0,0,0,0,0,451.15,0.0,,,,,,,,,,,,,,,,,,,,,,,,,,,24.0,29.0,
161729,Gadraha Gair Abad,0,0,0,0,0,29.34,0.0,,,,,,,,,,,,,,,,,,,,,,,,,,,25.0,25.0,15.0
161730,Dhokariuperhar,6582,1043,1067,2067,0,205.39,32.04635084473441,0.16210878152537223,0.31403828623518687,0.0,,,,,,0.0,1.0,0.0,0.0,0.0,0.0,1.0,1.0,1.0,1.0,1.0,1.0,1.0,1.0,1.0,1.0,1.0,1.0,25.0,25.0,20.0
161731,Gangapur Gair Abad,0,0,0,0,0,90.75,0.0,,,,,,,,,,,,,,,,,,,,,,,,,,,25.0,30.0,20.0
161732,Nawa Kachar Gair Abad,0,0,0,0,0,80.36,0.0,,,,,,,,,,,,,,,,,,,,,,,,,,,25.0,25.0,25.0
161733,Dhokari Kachar Gair Abad,0,0,0,0,0,319.65,0.0,,,,,,,,,,,,,,,,,,,,,,,,,,,25.0,25.0,20.0
161737,Hasimpur Chhabilepur,1243,253,183,452,0,48.0,25.895833333333332,0.14722445695897024,0.36363636363636365,0.0,0.0,0.0,0.0,0.0,0.0,0.0,1.0,1.0,0.0,1.0,0.0,1.0,0.0,0.0,0.0,0.0,1.0,1.0,1.0,0.0,1.0,1.0,1.0,20.0,20.0,
161738,Mirapur Taluka Ahmadpur,1942,333,296,541,0,119.66,16.22931639645663,0.15242018537590113,0.2785787847579815,0.0,0.0,0.0,0.0,0.0,0.0,0.0,1.0,0.0,1.0,1.0,0.0,1.0,0.0,0.0,0.0,1.0,1.0,1.0,1.0,0.0,1.0,1.0,1.0,20.0,20.0,20.0
161739,Madpur,2893,492,429,908,0,102.62,28.191385694796335,0.1482889733840304,0.3138610438990667,0.0,0.0,0.0,0.0,0.0,0.0,0.0,1.0,1.0,0.0,1.0,0.0,0.0,0.0,1.0,1.0,0.0,0.0,1.0,1.0,0.0,1.0,1.0,1.0,20.0,20.0,20.0
161740,Manori,5235,1081,877,1724,0,125.95,41.564112743152045,0.16752626552053487,0.32932187201528174,0.0,,,0.0,,,,1.0,,,,0.0,1.0,0.0,1.0,0.0,1.0,1.0,1.0,,0.0,1.0,1.0,1.0,25.0,25.0,25.0
161741,Ujihiniima,1612,241,279,1098,0,142.88,11.282194848824188,0.17307692307692307,0.6811414392059554,0.0,0.0,0.0,0.0,0.0,0.0,1.0,1.0,1.0,0.0,1.0,0.0,0.0,0.0,0.0,0.0,1.0,1.0,0.0,1.0,0.0,1.0,1.0,1.0,23.0,20.0,23.0
161742,Ujihni Patti Urf Fatehpur Uprh,3360,595,626,1053,1,247.94,13.551665725578768,0.1863095238095238,0.31339285714285714,0.00029761904761904765,0.0,0.0,0.0,0.0,0.0,0.0,1.0,0.0,1.0,1.0,0.0,1.0,1.0,1.0,1.0,1.0,1.0,1.0,0.0,0.0,1.0,0.0,1.0,20.0,20.0,20.0
161743,Gopalpur Tikari,1042,159,169,0,0,30.92,33.699870633893916,0.16218809980806143,0.0,0.0,,,,,,,1.0,1.0,,,0.0,1.0,1.0,1.0,,1.0,1.0,,1.0,0.0,1.0,1.0,1.0,20.0,20.0,4.0
161744,Ujihni Patti Urf Fatehpur Kach,0,0,0,0,0,1308.903,0.0,,,,,,,,,,,,,,,,,,,,,,,,,,,,,
161745,Tikri Kachhar,0,0,0,0,0,50.0,0.0,,,,,,,,,,,,,,,,,,,,,,,,,,,,,
161746,Hatwa Kachhar,0,0,0,0,0,608.0,0.0,,,,,,,,,,,,,,,,,,,,,,,,,,,,,
161747,Tikri Uparhar,4038,635,717,1037,0,200.48,20.141660015961694,0.1775631500742942,0.2568103021297672,0.0,0.0,0.0,0.0,0.0,0.0,0.0,1.0,1.0,0.0,1.0,0.0,1.0,0.0,0.0,0.0,1.0,1.0,1.0,1.0,0.0,1.0,1.0,1.0,,,
161748,Hatwa Uparhar,2791,411,517,304,0,84.55,33.010053222945004,0.18523826585453243,0.10892153350053745,0.0,0.0,0.0,0.0,0.0,0.0,0.0,1.0,0.0,0.0,0.0,0.0,0.0,0.0,0.0,0.0,1.0,1.0,1.0,0.0,0.0,1.0,1.0,1.0,20.0,20.0,
161749,Akbarpur Sallahpur,5559,1057,803,1621,0,201.8,27.547076313181368,0.14445044072674942,0.29159920849073573,0.0,0.0,0.0,,0.0,0.0,0.0,1.0,1.0,0.0,0.0,0.0,1.0,1.0,1.0,1.0,1.0,1.0,1.0,1.0,0.0,1.0,0.0,1.0,18.0,18.0,10.0
161750,Ahmadpur Pawan,7092,1151,1173,3086,0,524.91,13.510887580728125,0.16539763113367173,0.4351381838691483,0.0,0.0,0.0,0.0,0.0,0.0,0.0,1.0,1.0,0.0,1.0,0.0,0.0,0.0,0.0,1.0,1.0,,1.0,0.0,0.0,1.0,1.0,1.0,25.0,25.0,
161751,Sarai Kamal,0,0,0,0,0,6.674,0.0,,,,,,,,,,,,,,,,,,,,,,,,,,,,,
161752,Harirampur,850,219,198,602,0,60.57,14.033349843156678,0.23294117647058823,0.7082352941176471,0.0,0.0,0.0,0.0,0.0,0.0,0.0,0.0,0.0,0.0,0.0,0.0,1.0,0.0,0.0,0.0,0.0,0.0,1.0,0.0,0.0,1.0,1.0,1.0,26.0,26.0,26.0
161753,Mardanpur,1781,335,278,1091,0,124.17,14.343239107674961,0.15609208309938236,0.6125772038180798,0.0,0.0,0.0,,0.0,0.0,0.0,1.0,1.0,0.0,0.0,,1.0,0.0,0.0,1.0,1.0,0.0,1.0,1.0,0.0,1.0,1.0,1.0,25.0,25.0,25.0
161754,Kuswan,1774,312,315,648,0,129.48,13.700957676861293,0.17756482525366404,0.3652762119503946,0.0,0.0,0.0,0.0,0.0,0.0,0.0,1.0,1.0,0.0,1.0,0.0,1.0,0.0,0.0,0.0,1.0,1.0,1.0,1.0,0.0,1.0,1.0,1.0,20.0,20.0,
161755,Ismailpur Kotwa,1242,214,190,275,0,57.31,21.671610539172917,0.1529790660225443,0.2214170692431562,0.0,0.0,0.0,0.0,0.0,0.0,0.0,1.0,1.0,0.0,1.0,0.0,1.0,0.0,0.0,1.0,1.0,0.0,1.0,1.0,0.0,1.0,0.0,1.0,18.0,18.0,18.0
161756,Ashrafpur Khas,927,182,218,920,0,83.01,11.16732923744127,0.23516720604099245,0.9924487594390508,0.0,0.0,0.0,0.0,0.0,0.0,0.0,1.0,1.0,0.0,0.0,0.0,1.0,0.0,0.0,0.0,1.0,0.0,1.0,0.0,0.0,1.0,1.0,0.0,25.0,25.0,25.0
161757,Keshopur,861,125,158,660,0,129.47,6.650189233026956,0.1835075493612079,0.7665505226480837,0.0,0.0,0.0,0.0,0.0,0.0,0.0,1.0,1.0,0.0,1.0,0.0,1.0,0.0,0.0,0.0,1.0,1.0,1.0,1.0,0.0,1.0,1.0,1.0,20.0,20.0,
161758,Janka,2404,404,427,1034,0,208.93,11.5062461111377,0.17762063227953412,0.4301164725457571,0.0,0.0,0.0,0.0,0.0,0.0,0.0,1.0,1.0,0.0,0.0,0.0,0.0,0.0,0.0,0.0,1.0,0.0,0.0,0.0,0.0,1.0,1.0,1.0,27.0,27.0,27.0
161759,Chak Pyagpur,0,0,0,0,0,9.58,0.0,,,,,,,,,,,,,,,,,,,,,,,,,,,20.0,20.0,20.0
161760,Chak Rsoolpur Pyagpur,0,0,0,0,0,8.802,0.0,,,,,,,,,,,,,,,,,,,,,,,,,,,20.0,20.0,20.0
161761,Taiwara,2072,371,430,780,0,146.42,14.151072257888268,0.20752895752895753,0.3764478764478765,0.0,0.0,0.0,0.0,0.0,0.0,0.0,1.0,1.0,0.0,0.0,0.0,1.0,0.0,0.0,0.0,1.0,1.0,1.0,0.0,0.0,1.0,1.0,1.0,25.0,25.0,25.0
161762,Bhikhampur Maidwara,2475,492,489,1114,0,219.59,11.271005054874994,0.19757575757575757,0.4501010101010101,0.0,0.0,0.0,0.0,0.0,0.0,0.0,1.0,1.0,0.0,0.0,0.0,0.0,0.0,0.0,0.0,1.0,1.0,1.0,1.0,0.0,1.0,1.0,1.0,25.0,25.0,25.0
161763,Govindpur Lokipur,491,86,74,250,0,37.41,13.124832932371024,0.15071283095723015,0.5091649694501018,0.0,0.0,0.0,0.0,0.0,0.0,0.0,1.0,1.0,0.0,0.0,0.0,1.0,0.0,0.0,0.0,0.0,0.0,1.0,0.0,0.0,1.0,1.0,1.0,25.0,25.0,25.0
161764,Kundanpur,352,63,65,251,0,45.88,7.672188317349607,0.1846590909090909,0.7130681818181818,0.0,0.0,0.0,0.0,0.0,0.0,0.0,1.0,1.0,0.0,0.0,0.0,1.0,0.0,0.0,0.0,1.0,0.0,0.0,0.0,0.0,0.0,1.0,1.0,25.0,25.0,25.0
161765,Saikh Alipur,0,0,0,0,0,18.81,0.0,,,,,,,,,,,,,,,,,,,,,,,,,,,25.0,25.0,25.0
161766,Akbarpur Mirzapur,2475,472,454,926,0,165.23,14.979120014525208,0.18343434343434342,0.37414141414141416,0.0,0.0,0.0,0.0,0.0,0.0,0.0,1.0,1.0,0.0,0.0,0.0,0.0,0.0,1.0,1.0,1.0,0.0,1.0,1.0,0.0,0.0,1.0,1.0,25.0,25.0,
161767,Iguwa Urf Kathgawan,2598,765,483,900,0,501.52,5.180252033817196,0.1859122401847575,0.3464203233256351,0.0,0.0,0.0,0.0,0.0,0.0,0.0,1.0,0.0,0.0,1.0,0.0,0.0,0.0,0.0,0.0,1.0,0.0,1.0,0.0,0.0,0.0,1.0,1.0,28.0,28.0,28.0
161768,Tiyara,1230,283,200,169,3,157.53,7.808036564463912,0.16260162601626016,0.13739837398373983,0.0024390243902439024,0.0,0.0,0.0,0.0,0.0,0.0,1.0,1.0,0.0,1.0,0.0,0.0,0.0,0.0,0.0,1.0,1.0,1.0,1.0,0.0,0.0,0.0,1.0,25.0,,
161769,Chandrsain,853,208,116,194,0,87.43,9.756376529795263,0.13599062133645956,0.22743259085580306,0.0,0.0,0.0,0.0,0.0,0.0,0.0,1.0,1.0,0.0,0.0,0.0,1.0,0.0,0.0,0.0,1.0,1.0,1.0,0.0,0.0,0.0,1.0,1.0,26.0,26.0,26.0
161770,Baigampur,1089,274,204,598,0,194.74,5.592071479921947,0.18732782369146006,0.549127640036731,0.0,0.0,0.0,0.0,0.0,0.0,0.0,1.0,0.0,0.0,0.0,0.0,1.0,0.0,0.0,1.0,0.0,0.0,1.0,1.0,0.0,0.0,1.0,1.0,24.0,24.0,
161771,Kadirpur Taluka Adampur Bisuna,3017,793,558,1230,0,194.73,15.49324706003184,0.18495193901226384,0.4076897580377859,0.0,0.0,0.0,0.0,0.0,0.0,0.0,0.0,0.0,0.0,0.0,0.0,1.0,0.0,1.0,1.0,1.0,1.0,0.0,1.0,0.0,0.0,1.0,1.0,24.0,24.0,
161772,Mandari,1487,384,302,1292,0,223.9,6.641357748995087,0.203093476798924,0.8688634835238735,0.0,0.0,,0.0,0.0,0.0,1.0,1.0,1.0,0.0,1.0,,1.0,0.0,0.0,1.0,1.0,0.0,1.0,0.0,0.0,1.0,1.0,1.0,22.0,22.0,22.0
161773,Mandar Daih Mafi,3630,1054,613,1756,0,203.01,17.880892566868628,0.16887052341597797,0.4837465564738292,0.0,0.0,0.0,,0.0,0.0,1.0,1.0,1.0,0.0,1.0,0.0,0.0,0.0,0.0,1.0,1.0,0.0,1.0,0.0,0.0,1.0,1.0,1.0,21.0,21.0,21.0
161774,Abdul Wahabpur,1011,339,168,28,0,81.2,12.450738916256157,0.1661721068249258,0.027695351137487636,0.0,0.0,0.0,0.0,0.0,0.0,0.0,1.0,1.0,0.0,1.0,,1.0,0.0,0.0,1.0,0.0,0.0,1.0,0.0,0.0,1.0,1.0,1.0,20.0,20.0,20.0
161775,Bhagwatpur,3026,635,538,1113,0,144.83,20.893461299454533,0.17779246530072704,0.3678122934567085,0.0,0.0,0.0,,0.0,0.0,0.0,1.0,1.0,0.0,0.0,0.0,1.0,0.0,0.0,1.0,0.0,0.0,1.0,0.0,0.0,1.0,1.0,1.0,20.0,20.0,20.0
161776,Patti Ahmad Kachhar,0,0,0,0,0,226.23,0.0,,,,,,,,,,,,,,,,,,,,,,,,,,,15.0,15.0,15.0
161777,Bamrouli Kachhar,0,0,0,0,0,831.0,0.0,,,,,,,,,,,,,,,,,,,,,,,,,,,15.0,15.0,15.0
161778,Ahmadpur Asrouli Kachhar,0,0,0,0,0,165.56,0.0,,,,,,,,,,,,,,,,,,,,,,,,,,,15.0,15.0,15.0
161779,Ahmadpur Asrouli Uparhar,3815,863,644,722,4,113.77,33.532565702733585,0.1688073394495413,0.1892529488859764,0.0010484927916120576,0.0,0.0,,0.0,0.0,0.0,1.0,1.0,0.0,1.0,0.0,1.0,1.0,1.0,1.0,1.0,1.0,1.0,1.0,1.0,1.0,1.0,1.0,18.0,18.0,10.0
161780,Wazidpur,618,104,50,312,0,47.42,13.03247574862927,0.08090614886731391,0.5048543689320388,0.0,0.0,0.0,0.0,0.0,0.0,0.0,0.0,0.0,0.0,0.0,0.0,1.0,0.0,0.0,0.0,1.0,1.0,1.0,1.0,0.0,0.0,1.0,1.0,16.0,16.0,16.0
161781,Muhibuddinpur Bharetha,1784,634,245,704,5,70.46,25.31933011637809,0.13733183856502243,0.39461883408071746,0.002802690582959641,0.0,0.0,0.0,0.0,0.0,0.0,0.0,0.0,0.0,0.0,0.0,1.0,0.0,0.0,0.0,1.0,1.0,1.0,1.0,0.0,0.0,0.0,0.0,3.0,44.0,44.0
161782,Kutubanpur,389,169,51,11,0,32.16,12.095771144278608,0.13110539845758354,0.028277634961439587,0.0,0.0,0.0,0.0,0.0,0.0,0.0,0.0,0.0,0.0,0.0,0.0,1.0,1.0,1.0,1.0,1.0,1.0,1.0,1.0,0.0,0.0,0.0,1.0,12.0,12.0,12.0
161783,Ibrahimpur Bamrouli,1234,271,189,739,0,63.64,19.390320553111252,0.15316045380875204,0.5988654781199352,0.0,0.0,0.0,0.0,0.0,0.0,0.0,1.0,0.0,0.0,0.0,0.0,1.0,0.0,1.0,1.0,1.0,1.0,1.0,1.0,0.0,0.0,1.0,1.0,15.0,15.0,15.0
161784,Shaikh Sarwa,840,138,124,525,0,118.39,7.095193850831996,0.14761904761904762,0.625,0.0,0.0,0.0,0.0,0.0,0.0,0.0,1.0,1.0,0.0,0.0,0.0,1.0,0.0,0.0,0.0,1.0,0.0,1.0,0.0,0.0,1.0,1.0,1.0,15.0,15.0,15.0
161785,Bamrouli Uparhar,14376,4007,2261,4771,0,413.68,34.75149874298975,0.15727601558152476,0.3318725653867557,0.0,,,,,,0.0,1.0,1.0,0.0,0.0,0.0,1.0,1.0,1.0,1.0,1.0,1.0,1.0,1.0,1.0,1.0,1.0,1.0,15.0,15.0,15.0
161786,Rasoolpur Kashipur Uparhar,1348,164,279,27,0,45.97,29.323471829453993,0.206973293768546,0.020029673590504452,0.0,,,,,,0.0,1.0,1.0,0.0,0.0,0.0,0.0,0.0,0.0,0.0,1.0,1.0,1.0,0.0,0.0,1.0,1.0,1.0,15.0,15.0,15.0
161787,Rasoolpur Kashipur Kachhar,0,0,0,0,0,225.0,0.0,,,,,,,,,,,,,,,,,,,,,,,,,,,15.0,15.0,15.0
161788,Bharetha,2144,344,343,698,0,114.61,18.706919117005498,0.1599813432835821,0.3255597014925373,0.0,0.0,0.0,0.0,0.0,0.0,0.0,0.0,0.0,0.0,0.0,0.0,1.0,0.0,0.0,0.0,1.0,0.0,1.0,0.0,0.0,1.0,1.0,1.0,15.0,15.0,15.0
161789,Rasoolpur Madiyadeeh Kachhar,0,0,0,0,0,125.0,0.0,,,,,,,,,,,,,,,,,,,,,,,,,,,,,
161790,Rasoolpur Madiyadeeh Uparhar,1092,125,243,0,0,93.74,11.649242585875827,0.22252747252747251,0.0,0.0,0.0,0.0,0.0,0.0,0.0,0.0,1.0,1.0,0.0,0.0,0.0,1.0,1.0,1.0,1.0,1.0,1.0,1.0,1.0,0.0,1.0,1.0,1.0,15.0,15.0,
161791,Gayasddinpur Uprhar,610,94,94,0,0,206.14,2.959153973028039,0.1540983606557377,0.0,0.0,0.0,0.0,0.0,0.0,0.0,,,,,,,,1.0,0.0,1.0,1.0,1.0,1.0,1.0,0.0,1.0,1.0,1.0,7.0,7.0,7.0
161792,Umarpurniwa Uprhar,6124,1015,770,993,0,328.27,18.655375148505804,0.12573481384715873,0.16214892227302416,0.0,,,,,,1.0,1.0,0.0,,,,,1.0,1.0,,,,,,,1.0,1.0,1.0,7.0,,
161793,Dadanpur,453,74,68,220,0,8.63,52.49130938586326,0.15011037527593818,0.4856512141280353,0.0,0.0,0.0,0.0,0.0,0.0,0.0,1.0,1.0,1.0,1.0,1.0,0.0,0.0,0.0,0.0,1.0,1.0,1.0,1.0,0.0,1.0,1.0,1.0,3.0,44.0,
161794,Jhalwa,6711,1164,766,1109,12,77.91,86.13785136696188,0.11414096259871852,0.16525108031589927,0.001788109074653554,0.0,0.0,0.0,0.0,0.0,1.0,1.0,1.0,0.0,0.0,0.0,1.0,0.0,0.0,1.0,1.0,0.0,1.0,1.0,0.0,1.0,0.0,0.0,10.0,10.0,10.0
161795,Chak Dadanpur,228,43,25,116,0,14.08,16.193181818181817,0.10964912280701754,0.5087719298245614,0.0,0.0,0.0,0.0,0.0,0.0,0.0,1.0,1.0,0.0,0.0,0.0,0.0,0.0,0.0,0.0,1.0,0.0,1.0,0.0,0.0,0.0,0.0,0.0,10.0,10.0,10.0
161796,Daiwghat,797,140,136,88,0,179.6,4.437639198218263,0.17063989962358847,0.11041405269761606,0.0,0.0,0.0,0.0,0.0,0.0,1.0,1.0,1.0,0.0,0.0,1.0,1.0,0.0,0.0,1.0,1.0,0.0,1.0,1.0,1.0,1.0,0.0,1.0,10.0,10.0,
161797,Damupur,1454,228,261,107,0,259.47,5.603730681774386,0.17950481430536452,0.07359009628610728,0.0,0.0,0.0,0.0,0.0,0.0,0.0,1.0,1.0,0.0,1.0,0.0,,0.0,0.0,0.0,1.0,0.0,1.0,0.0,0.0,1.0,1.0,1.0,7.0,10.0,0.0
161798,Jhapiya,980,172,102,81,0,91.88,10.66608619939051,0.10408163265306122,0.0826530612244898,0.0,0.0,0.0,0.0,0.0,0.0,1.0,1.0,0.0,0.0,1.0,0.0,0.0,1.0,1.0,1.0,0.0,0.0,1.0,1.0,0.0,1.0,1.0,1.0,15.0,15.0,
161799,Umari,847,121,161,111,0,36.98,22.90427257977285,0.19008264462809918,0.13105076741440377,0.0,0.0,0.0,0.0,0.0,0.0,0.0,1.0,1.0,0.0,0.0,0.0,1.0,1.0,1.0,1.0,0.0,0.0,1.0,0.0,1.0,1.0,1.0,1.0,,,
161800,Rahimabad,626,116,114,257,0,50.72,12.342271293375395,0.18210862619808307,0.41054313099041534,0.0,0.0,0.0,0.0,0.0,0.0,1.0,1.0,1.0,0.0,0.0,,1.0,0.0,0.0,0.0,1.0,1.0,1.0,1.0,0.0,1.0,1.0,1.0,8.0,8.0,
161801,Mudaira Taluka Ibrahimpur,822,114,137,0,0,38.93,21.114821474441307,0.16666666666666666,0.0,0.0,0.0,0.0,0.0,0.0,0.0,0.0,0.0,1.0,0.0,0.0,0.0,1.0,1.0,1.0,1.0,1.0,1.0,1.0,1.0,0.0,1.0,1.0,1.0,,,
161802,Mubarkpur Kotwa,1463,253,178,902,0,72.17,20.271580989330747,0.12166780587833219,0.6165413533834586,0.0,0.0,0.0,0.0,0.0,0.0,0.0,0.0,1.0,0.0,0.0,0.0,1.0,0.0,0.0,0.0,1.0,0.0,1.0,0.0,0.0,0.0,1.0,1.0,15.0,,
161803,Chandrabhanpur,305,47,47,219,0,12.43,24.537409493161707,0.1540983606557377,0.7180327868852459,0.0,0.0,0.0,0.0,0.0,0.0,1.0,1.0,1.0,0.0,1.0,1.0,0.0,0.0,0.0,0.0,1.0,1.0,1.0,1.0,0.0,0.0,1.0,1.0,8.0,8.0,
161804,Khatangi,1320,253,209,923,0,213.47,6.1835386705391855,0.15833333333333333,0.6992424242424242,0.0,0.0,0.0,0.0,0.0,0.0,0.0,1.0,0.0,0.0,0.0,0.0,1.0,0.0,0.0,0.0,1.0,0.0,1.0,0.0,0.0,1.0,1.0,1.0,27.0,27.0,27.0
161805,Chirla Munjapta,1681,350,238,459,0,360.46,4.663485546246463,0.14158239143367043,0.273051754907793,0.0,0.0,0.0,0.0,0.0,0.0,0.0,0.0,0.0,0.0,0.0,,0.0,0.0,0.0,0.0,1.0,0.0,1.0,0.0,0.0,0.0,1.0,1.0,23.0,23.0,23.0
161806,Kathula Gospur,7179,1246,1254,2273,0,844.85,8.497366396401729,0.1746761387379858,0.31661791335840644,0.0,0.0,0.0,0.0,0.0,0.0,0.0,1.0,1.0,0.0,1.0,,,0.0,0.0,1.0,1.0,1.0,1.0,1.0,0.0,1.0,1.0,1.0,15.0,15.0,
161807,Ganja,2409,424,300,780,10,215.06,11.201525155770483,0.12453300124533001,0.32378580323785805,0.004151100041511001,0.0,0.0,0.0,0.0,0.0,1.0,0.0,1.0,1.0,0.0,,1.0,0.0,0.0,,,,,,,0.0,0.0,1.0,10.0,19.0,19.0
161808,Sairpur,2566,448,425,872,0,206.06,12.452683684363777,0.16562743569758379,0.33982852689010135,0.0,0.0,0.0,0.0,0.0,0.0,1.0,0.0,0.0,0.0,0.0,1.0,1.0,0.0,0.0,1.0,1.0,1.0,1.0,0.0,1.0,1.0,1.0,1.0,,15.0,15.0
161809,Bajha,634,107,96,219,0,104.17,6.086205241432274,0.15141955835962145,0.34542586750788645,0.0,0.0,0.0,0.0,0.0,0.0,0.0,1.0,1.0,0.0,0.0,0.0,0.0,0.0,0.0,0.0,1.0,0.0,1.0,0.0,0.0,1.0,0.0,0.0,15.0,15.0,15.0
161810,Nasirpur Silna,888,134,140,100,1,174.11,5.1002239963241625,0.15765765765765766,0.11261261261261261,0.0011261261261261261,0.0,0.0,0.0,0.0,0.0,0.0,0.0,0.0,0.0,0.0,0.0,1.0,0.0,0.0,1.0,1.0,1.0,1.0,0.0,0.0,1.0,1.0,1.0,14.0,14.0,5.0
161811,Bhiti Taluka Asdullapur,1044,149,215,23,0,160.22,6.516040444388965,0.20593869731800765,0.022030651340996167,0.0,0.0,0.0,0.0,0.0,0.0,0.0,1.0,1.0,0.0,0.0,0.0,1.0,0.0,0.0,0.0,1.0,0.0,1.0,1.0,0.0,0.0,1.0,1.0,12.0,12.0,2.0
161812,Jalalpur Ghosi,1728,279,283,255,2,190.0,9.094736842105263,0.16377314814814814,0.14756944444444445,0.0011574074074074073,0.0,0.0,0.0,0.0,0.0,1.0,1.0,1.0,0.0,0.0,1.0,,0.0,0.0,1.0,1.0,1.0,1.0,1.0,,1.0,1.0,1.0,12.0,12.0,
161813,Rawatpur,587,111,108,328,0,264.66,2.2179399984886268,0.1839863713798978,0.5587734241908007,0.0,0.0,0.0,0.0,0.0,0.0,0.0,,,,,,,0.0,0.0,0.0,1.0,0.0,1.0,0.0,0.0,0.0,0.0,0.0,18.0,18.0,18.0
161814,Lakhanpur,1979,289,371,0,0,202.76,9.760307753008483,0.18746841839312783,0.0,0.0,0.0,0.0,0.0,0.0,0.0,0.0,0.0,0.0,0.0,0.0,,0.0,0.0,0.0,0.0,1.0,0.0,1.0,0.0,0.0,1.0,1.0,1.0,12.0,12.0,12.0
161815,Chak Lakhanpur,45,8,13,25,0,33.82,1.3305736250739209,0.28888888888888886,0.5555555555555556,0.0,,,,,,0.0,,,,,,,0.0,0.0,0.0,1.0,0.0,,1.0,0.0,0.0,0.0,1.0,12.0,12.0,12.0
161816,Virampur,27,7,6,0,0,72.76,0.37108301264431004,0.2222222222222222,0.0,0.0,,,,,,0.0,0.0,0.0,0.0,0.0,0.0,1.0,0.0,0.0,0.0,0.0,0.0,1.0,0.0,0.0,0.0,1.0,0.0,8.0,8.0,
161817,Mohiuddinpur Amrain,487,59,100,9,0,138.41,3.51853189798425,0.2053388090349076,0.018480492813141684,0.0,0.0,0.0,0.0,0.0,0.0,0.0,0.0,0.0,0.0,0.0,0.0,1.0,0.0,0.0,0.0,0.0,0.0,1.0,0.0,0.0,1.0,1.0,1.0,28.0,28.0,28.0
161818,Mainapur,1522,228,281,364,0,237.99,6.395226690197067,0.18462549277266754,0.23915900131406045,0.0,0.0,0.0,0.0,0.0,0.0,0.0,1.0,1.0,0.0,0.0,0.0,1.0,0.0,0.0,0.0,0.0,0.0,1.0,0.0,1.0,0.0,1.0,1.0,28.0,28.0,28.0
161819,Asrawe Khurd,3984,718,714,935,0,392.92,10.13946859411585,0.17921686746987953,0.23468875502008033,0.0,0.0,0.0,0.0,0.0,0.0,0.0,0.0,0.0,1.0,1.0,,0.0,0.0,0.0,0.0,0.0,0.0,1.0,0.0,0.0,1.0,1.0,1.0,22.0,22.0,
161820,Asrawe Kalan,7387,1199,1146,1763,0,881.48,8.38022416844398,0.15513740354677136,0.23866251522945717,0.0,0.0,,0.0,0.0,0.0,0.0,1.0,1.0,1.0,1.0,0.0,1.0,0.0,1.0,1.0,1.0,1.0,1.0,1.0,0.0,1.0,1.0,1.0,22.0,22.0,22.0
161821,Kherwa,999,159,160,310,0,190.57,5.242168232145668,0.16016016016016016,0.3103103103103103,0.0,0.0,0.0,0.0,0.0,0.0,0.0,1.0,1.0,0.0,1.0,0.0,0.0,0.0,0.0,0.0,1.0,0.0,1.0,0.0,0.0,1.0,1.0,1.0,18.0,18.0,18.0
161822,Dewari,501,78,95,431,0,197.79,2.5329895343546185,0.18962075848303392,0.8602794411177644,0.0,0.0,0.0,0.0,0.0,0.0,0.0,1.0,0.0,0.0,0.0,0.0,0.0,0.0,0.0,1.0,1.0,1.0,1.0,0.0,0.0,1.0,1.0,1.0,27.0,27.0,
161823,Fulwa,2074,356,397,823,0,89.13,23.269381801862448,0.1914175506268081,0.396817743490839,0.0,0.0,0.0,0.0,0.0,0.0,0.0,0.0,0.0,0.0,0.0,0.0,0.0,0.0,0.0,0.0,0.0,0.0,1.0,0.0,0.0,1.0,1.0,1.0,18.0,18.0,18.0
161824,Barawan,1173,198,242,665,0,225.66,5.198085615527785,0.20630861040068202,0.56692242114237,0.0,0.0,0.0,0.0,0.0,0.0,0.0,1.0,1.0,0.0,0.0,0.0,1.0,0.0,0.0,1.0,1.0,0.0,1.0,0.0,0.0,1.0,0.0,1.0,15.0,15.0,15.0
161825,Dahi,1295,195,226,154,0,233.26,5.551744834090714,0.1745173745173745,0.11891891891891893,0.0,0.0,0.0,0.0,0.0,0.0,0.0,1.0,1.0,0.0,0.0,0.0,0.0,0.0,0.0,0.0,1.0,0.0,1.0,0.0,0.0,1.0,1.0,1.0,18.0,18.0,18.0
161826,Bisouna,2363,352,448,576,8,345.03,6.848679824942759,0.18958950486669487,0.2437579348286077,0.0033855268726195515,,0.0,,,1.0,,1.0,1.0,,,,1.0,0.0,0.0,1.0,1.0,1.0,1.0,1.0,0.0,1.0,1.0,1.0,0.0,27.0,27.0
161827,Numaiya,1685,212,318,467,0,184.56,9.129822280017338,0.1887240356083086,0.2771513353115727,0.0,0.0,0.0,0.0,0.0,0.0,,1.0,1.0,,,0.0,0.0,0.0,0.0,0.0,1.0,0.0,1.0,0.0,0.0,1.0,0.0,1.0,18.0,18.0,18.0
161828,Saeedpur Khas,2225,367,368,472,0,272.85,8.15466373465274,0.16539325842696628,0.21213483146067416,0.0,0.0,0.0,0.0,,,,1.0,,,,0.0,,0.0,0.0,0.0,1.0,0.0,,0.0,0.0,1.0,1.0,1.0,13.0,13.0,13.0
161829,Baksi Moda,3784,553,741,484,0,333.29,11.353475951873742,0.1958245243128964,0.12790697674418605,0.0,0.0,0.0,0.0,0.0,0.0,,,,1.0,,0.0,,0.0,0.0,0.0,1.0,0.0,1.0,1.0,0.0,1.0,1.0,1.0,10.0,10.0,10.0
161830,Karehada Uparhar,4727,787,919,1619,0,957.96,4.934444026890476,0.19441506240744658,0.342500528876666,0.0,0.0,0.0,0.0,0.0,0.0,0.0,1.0,0.0,1.0,0.0,0.0,0.0,0.0,0.0,1.0,1.0,1.0,1.0,1.0,0.0,1.0,1.0,1.0,18.0,18.0,18.0
161831,Karehada Kachhar,0,0,0,0,0,50.0,0.0,,,,,,,,,,,,,,,,,,,,,,,,,,,18.0,18.0,18.0
161832,Gohti Kachhar,0,0,0,0,0,7.0,0.0,,,,,,,,,,,,,,,,,,,,,,,,,,,18.0,18.0,18.0
161833,Gohti Uparhar,750,112,185,26,0,46.56,16.10824742268041,0.24666666666666667,0.034666666666666665,0.0,0.0,0.0,0.0,0.0,0.0,0.0,1.0,0.0,1.0,0.0,0.0,0.0,0.0,0.0,0.0,1.0,1.0,1.0,1.0,0.0,1.0,1.0,1.0,18.0,18.0,18.0
161834,Jodhwal,210,26,32,0,0,75.18,2.793296089385475,0.1523809523809524,0.0,0.0,0.0,0.0,0.0,0.0,0.0,0.0,1.0,0.0,0.0,0.0,0.0,1.0,0.0,0.0,0.0,0.0,0.0,1.0,0.0,0.0,1.0,0.0,1.0,16.0,16.0,16.0
161835,Adampur Urf Madaripur,2631,402,539,339,0,198.74,13.238401932172687,0.2048650703154694,0.12884834663625996,0.0,0.0,0.0,0.0,0.0,0.0,0.0,1.0,1.0,0.0,0.0,0.0,1.0,0.0,0.0,0.0,1.0,0.0,1.0,0.0,0.0,1.0,1.0,1.0,17.0,17.0,17.0
161855,Majhiari Amad Chail,1285,210,207,167,0,1521.64,0.8444835835020109,0.16108949416342414,0.12996108949416343,0.0,0.0,0.0,0.0,0.0,0.0,0.0,1.0,1.0,1.0,0.0,1.0,1.0,0.0,0.0,1.0,1.0,1.0,1.0,1.0,0.0,1.0,1.0,1.0,20.0,35.0,35.0
161856,Bhamaur,916,148,208,7,0,125.01,7.327413806895448,0.22707423580786026,0.007641921397379912,0.0,0.0,0.0,0.0,0.0,0.0,0.0,1.0,0.0,0.0,0.0,0.0,0.0,0.0,0.0,0.0,1.0,1.0,1.0,1.0,0.0,0.0,0.0,0.0,17.0,28.0,28.0
161857,Manpur,1199,182,112,84,0,108.03,11.098768860501712,0.09341117597998332,0.07005838198498748,0.0,0.0,0.0,0.0,0.0,0.0,1.0,1.0,1.0,1.0,0.0,0.0,0.0,0.0,0.0,1.0,1.0,1.0,1.0,1.0,0.0,1.0,1.0,1.0,16.0,28.0,28.0
161858,Ojhapatti,530,102,77,137,0,57.8,9.16955017301038,0.14528301886792452,0.25849056603773585,0.0,0.0,0.0,0.0,0.0,0.0,0.0,1.0,1.0,1.0,0.0,0.0,0.0,0.0,1.0,0.0,0.0,0.0,1.0,1.0,0.0,1.0,0.0,1.0,17.0,35.0,35.0
161859,Barhula,566,114,130,317,0,134.19,4.2178999925478795,0.22968197879858657,0.5600706713780919,0.0,0.0,0.0,0.0,0.0,0.0,0.0,1.0,1.0,1.0,0.0,0.0,0.0,0.0,1.0,0.0,0.0,0.0,1.0,1.0,0.0,1.0,1.0,1.0,16.0,34.0,34.0
161860,Belamundi,2448,406,448,1276,0,458.83,5.335309373842164,0.1830065359477124,0.5212418300653595,0.0,0.0,0.0,0.0,0.0,0.0,0.0,1.0,1.0,0.0,1.0,0.0,0.0,0.0,0.0,0.0,1.0,1.0,1.0,1.0,0.0,1.0,1.0,1.0,16.0,28.0,28.0
161861,Pachwar,1385,182,245,260,0,164.97,8.395465842274353,0.17689530685920576,0.18772563176895307,0.0,0.0,0.0,0.0,0.0,0.0,0.0,1.0,1.0,1.0,0.0,0.0,0.0,0.0,0.0,1.0,1.0,1.0,1.0,1.0,0.0,1.0,1.0,1.0,17.0,28.0,28.0
161862,Chak Antri Pachwar,0,0,0,0,0,14.32,0.0,,,,,,,,,,,,,,,,,,,,,,,,,,,16.0,36.0,36.0
161863,Gojhwar,755,143,130,114,0,97.09,7.776290040168915,0.17218543046357615,0.1509933774834437,0.0,0.0,0.0,0.0,0.0,0.0,0.0,1.0,1.0,0.0,1.0,0.0,0.0,0.0,0.0,1.0,1.0,1.0,1.0,1.0,0.0,0.0,0.0,0.0,16.0,28.0,28.0
161864,Naganpur,277,38,36,35,0,104.05,2.6621816434406536,0.1299638989169675,0.1263537906137184,0.0,0.0,0.0,0.0,0.0,0.0,0.0,1.0,1.0,0.0,1.0,0.0,0.0,0.0,0.0,1.0,1.0,1.0,0.0,1.0,0.0,0.0,0.0,0.0,15.0,28.0,28.0
161865,Mahera,1549,264,254,649,0,208.06,7.444967797750649,0.16397675919948354,0.41897998708844414,0.0,0.0,0.0,0.0,0.0,0.0,0.0,1.0,1.0,1.0,0.0,0.0,0.0,0.0,0.0,1.0,1.0,1.0,1.0,1.0,0.0,1.0,1.0,1.0,18.0,,33.0
161866,Majra Chaube,0,0,0,0,0,58.3,0.0,,,,,,,,,,,,,,,,,,,,,,,,,,,15.0,35.0,35.0
161867,Ghuri,1130,193,183,578,0,201.97,5.5948903302470665,0.16194690265486725,0.511504424778761,0.0,0.0,0.0,0.0,0.0,0.0,0.0,1.0,1.0,0.0,1.0,0.0,0.0,0.0,0.0,0.0,1.0,1.0,1.0,1.0,0.0,0.0,0.0,0.0,16.0,28.0,28.0
161868,Gowra Tarhar,1389,271,200,356,0,159.9,8.686679174484052,0.14398848092152627,0.25629949604031677,0.0,0.0,0.0,0.0,0.0,0.0,1.0,1.0,1.0,1.0,0.0,0.0,0.0,0.0,0.0,1.0,0.0,0.0,1.0,0.0,0.0,1.0,1.0,1.0,20.0,36.0,36.0
161869,Sonauri,895,160,200,513,0,78.45,11.408540471637986,0.22346368715083798,0.5731843575418994,0.0,0.0,0.0,0.0,0.0,0.0,1.0,1.0,0.0,1.0,1.0,0.0,1.0,0.0,0.0,1.0,0.0,0.0,1.0,1.0,0.0,0.0,1.0,1.0,20.0,35.0,35.0
161870,Chhatahara Ghureha,3652,696,694,2499,0,504.03,7.2456004602900625,0.1900328587075575,0.6842825848849945,0.0,0.0,0.0,0.0,0.0,0.0,1.0,1.0,1.0,0.0,1.0,0.0,0.0,0.0,0.0,1.0,0.0,0.0,1.0,1.0,0.0,1.0,1.0,1.0,18.0,34.0,34.0
161871,Basahara Tarhar,3477,648,551,440,0,436.34,7.9685566301508,0.15846994535519127,0.1265458728789186,0.0,0.0,0.0,0.0,0.0,0.0,0.0,1.0,1.0,0.0,0.0,0.0,0.0,0.0,0.0,1.0,1.0,0.0,1.0,1.0,1.0,1.0,1.0,1.0,15.0,34.0,34.0
161872,Aswan,874,135,175,272,0,450.5,1.9400665926748057,0.20022883295194507,0.3112128146453089,0.0,0.0,0.0,0.0,0.0,0.0,0.0,1.0,1.0,0.0,1.0,0.0,1.0,0.0,0.0,0.0,1.0,1.0,1.0,0.0,0.0,1.0,1.0,1.0,7.0,30.0,30.0
161873,Perwezabad,957,167,196,456,0,436.23,2.1937968502853997,0.20480668756530826,0.47648902821316613,0.0,0.0,0.0,0.0,0.0,0.0,0.0,1.0,0.0,0.0,1.0,0.0,1.0,0.0,0.0,1.0,1.0,0.0,1.0,1.0,0.0,1.0,1.0,1.0,8.0,35.0,35.0
161874,Chhiri,4035,675,764,1436,9,631.59,6.38863819883152,0.18934324659231722,0.35588599752168526,0.0022304832713754648,0.0,0.0,0.0,0.0,0.0,0.0,1.0,0.0,1.0,1.0,0.0,0.0,0.0,0.0,1.0,1.0,0.0,0.0,1.0,0.0,1.0,1.0,1.0,3.0,35.0,35.0
161875,Tikari Kalan,2145,334,376,564,0,374.65,5.725343654077139,0.17529137529137528,0.2629370629370629,0.0,,,,,,0.0,1.0,0.0,1.0,1.0,0.0,1.0,0.0,0.0,1.0,1.0,1.0,1.0,0.0,0.0,1.0,1.0,1.0,10.0,33.0,33.0
161876,Khandesar,615,102,111,75,0,132.08,4.656268927922471,0.18048780487804877,0.12195121951219512,0.0,0.0,0.0,0.0,0.0,0.0,0.0,1.0,0.0,1.0,1.0,0.0,1.0,0.0,0.0,0.0,1.0,1.0,1.0,0.0,0.0,1.0,1.0,1.0,3.0,28.0,28.0
161877,Sehunda,1836,294,323,379,8,361.36,5.080805844587116,0.17592592592592593,0.20642701525054466,0.004357298474945534,0.0,0.0,0.0,0.0,0.0,0.0,1.0,0.0,1.0,1.0,1.0,1.0,1.0,1.0,1.0,1.0,1.0,1.0,0.0,0.0,1.0,1.0,1.0,2.0,30.0,30.0
161878,Gambhirpur,246,51,61,120,0,75.42,3.261734287987271,0.24796747967479674,0.4878048780487805,0.0,0.0,0.0,0.0,0.0,0.0,0.0,0.0,0.0,0.0,0.0,0.0,1.0,1.0,0.0,0.0,1.0,0.0,1.0,0.0,0.0,1.0,1.0,1.0,30.0,30.0,30.0
161879,Bara Khas,3277,564,573,660,1,381.5,8.589777195281782,0.17485505035093074,0.2014037229173024,0.0003051571559353067,0.0,,0.0,0.0,0.0,0.0,1.0,0.0,0.0,1.0,1.0,0.0,1.0,1.0,1.0,1.0,0.0,1.0,0.0,0.0,1.0,1.0,1.0,0.0,28.0,28.0
161880,Rigwan,918,153,175,6,0,374.65,2.450286934472174,0.1906318082788671,0.006535947712418301,0.0,,,,,,0.0,1.0,0.0,1.0,1.0,0.0,1.0,1.0,1.0,1.0,1.0,0.0,1.0,0.0,0.0,1.0,1.0,1.0,7.0,30.0,30.0
161881,Hardi,995,187,217,0,0,180.7,5.506364139457665,0.21809045226130652,0.0,0.0,0.0,0.0,0.0,0.0,0.0,1.0,1.0,0.0,1.0,0.0,0.0,1.0,1.0,1.0,1.0,1.0,0.0,1.0,0.0,0.0,1.0,1.0,1.0,8.0,30.0,30.0
161882,Kachara,824,128,121,100,0,320.82,2.5684184277788167,0.14684466019417475,0.12135922330097088,0.0,0.0,0.0,0.0,0.0,0.0,0.0,1.0,1.0,1.0,0.0,0.0,0.0,0.0,1.0,0.0,0.0,0.0,1.0,1.0,0.0,1.0,1.0,1.0,15.0,34.0,34.0
161883,Misirpur,0,0,0,0,0,45.44,0.0,,,,,,,,,,,,,,,,,,,,,,,,,,,14.0,33.0,33.0
161884,Nagarwar,442,72,58,5,0,164.93,2.679924816588856,0.13122171945701358,0.011312217194570135,0.0,0.0,0.0,0.0,0.0,0.0,0.0,1.0,1.0,1.0,0.0,0.0,0.0,0.0,1.0,0.0,0.0,0.0,1.0,1.0,0.0,1.0,0.0,1.0,14.0,33.0,33.0
161885,Jagdishpur,2020,336,386,271,0,261.56,7.7228934087781,0.1910891089108911,0.13415841584158417,0.0,0.0,0.0,0.0,0.0,0.0,0.0,1.0,1.0,1.0,1.0,0.0,0.0,0.0,0.0,1.0,1.0,1.0,1.0,1.0,0.0,1.0,1.0,1.0,14.0,25.0,25.0
161886,Birwal,2263,378,422,510,0,425.59,5.317324185248713,0.1864781263809103,0.22536456031816174,0.0,0.0,0.0,0.0,0.0,0.0,0.0,1.0,0.0,0.0,0.0,1.0,1.0,0.0,0.0,1.0,1.0,0.0,1.0,1.0,0.0,1.0,1.0,1.0,18.0,30.0,30.0
161887,Pura Kinner,307,48,56,0,0,88.14,3.48309507601543,0.18241042345276873,0.0,0.0,0.0,0.0,0.0,0.0,0.0,0.0,1.0,1.0,1.0,1.0,0.0,0.0,0.0,0.0,1.0,1.0,1.0,1.0,1.0,0.0,0.0,1.0,1.0,12.0,27.0,27.0
161888,Chilla Gauhani,5567,862,1004,992,1,990.15,5.622380447406958,0.18034848212681875,0.17819292257948627,0.00017962996227770793,0.0,0.0,0.0,0.0,0.0,0.0,1.0,1.0,0.0,1.0,0.0,0.0,0.0,0.0,0.0,1.0,1.0,1.0,1.0,0.0,1.0,1.0,1.0,7.0,20.0,5.0
161889,Sujauna,1880,316,301,412,0,273.29,6.879139375754693,0.1601063829787234,0.21914893617021278,0.0,0.0,0.0,0.0,0.0,0.0,0.0,1.0,1.0,1.0,1.0,0.0,0.0,0.0,0.0,1.0,1.0,1.0,0.0,1.0,0.0,1.0,1.0,1.0,14.0,25.0,25.0
161890,Parsara,2179,329,347,552,0,304.79,7.149184684536894,0.15924736117485086,0.2533272143184947,0.0,0.0,0.0,0.0,0.0,0.0,1.0,1.0,1.0,0.0,0.0,0.0,0.0,0.0,0.0,0.0,1.0,1.0,1.0,1.0,0.0,1.0,1.0,1.0,3.0,30.0,30.0
161891,Tatarganj,1881,314,288,576,0,137.37,13.692946058091286,0.15311004784688995,0.3062200956937799,0.0,0.0,0.0,0.0,0.0,0.0,1.0,1.0,1.0,1.0,1.0,0.0,1.0,0.0,0.0,1.0,1.0,1.0,1.0,1.0,0.0,1.0,1.0,1.0,4.0,25.0,25.0
161892,Sarsendi,2174,371,407,390,0,371.37,5.854000053854646,0.18721251149954002,0.17939282428702852,0.0,0.0,0.0,0.0,0.0,0.0,1.0,1.0,1.0,1.0,1.0,1.0,0.0,0.0,0.0,0.0,1.0,1.0,1.0,1.0,0.0,1.0,1.0,1.0,3.0,28.0,28.0
161893,Umapur,890,149,170,492,0,223.37,3.9844204682813267,0.19101123595505617,0.5528089887640449,0.0,0.0,0.0,0.0,0.0,0.0,0.0,1.0,1.0,1.0,1.0,0.0,1.0,1.0,1.0,1.0,1.0,0.0,1.0,0.0,0.0,0.0,1.0,1.0,5.0,28.0,28.0
161894,Kainaun Kachhar,0,0,0,0,0,31.71,0.0,,,,,,,,,,,,,,,,,,,,,,,,,,,15.0,23.0,23.0
161895,Kanjasa Kachhar,0,0,0,0,0,45.82,0.0,,,,,,,,,,,,,,,,,,,,,,,,,,,15.0,27.0,27.0
161896,Kainaun Uparhar,909,134,119,211,1,118.02,7.702084392475852,0.13091309130913092,0.23212321232123212,0.0011001100110011,0.0,0.0,0.0,0.0,0.0,0.0,1.0,1.0,1.0,0.0,0.0,1.0,0.0,0.0,0.0,0.0,1.0,1.0,1.0,0.0,1.0,1.0,1.0,13.0,25.0,25.0
161897,Kanjasa Uparhar,5082,863,1098,398,0,249.79,20.345089875495418,0.21605667060212513,0.07831562377016922,0.0,0.0,0.0,,0.0,0.0,0.0,1.0,1.0,1.0,0.0,0.0,0.0,0.0,0.0,0.0,1.0,0.0,1.0,1.0,0.0,1.0,1.0,1.0,15.0,21.0,21.0
161898,Sendhuwar,2174,342,366,549,0,448.14,4.851162583121346,0.16835326586936522,0.25252989880404786,0.0,0.0,0.0,0.0,0.0,0.0,0.0,1.0,1.0,0.0,0.0,0.0,1.0,0.0,0.0,0.0,1.0,0.0,1.0,1.0,0.0,1.0,1.0,0.0,7.0,25.0,25.0
161899,Leoda,451,74,90,44,0,27.35,16.489945155393052,0.19955654101995565,0.0975609756097561,0.0,0.0,0.0,0.0,0.0,0.0,0.0,1.0,1.0,0.0,1.0,0.0,1.0,0.0,0.0,0.0,1.0,1.0,1.0,1.0,0.0,0.0,0.0,0.0,6.0,21.0,21.0
161900,Leodi,623,79,76,4,0,101.19,6.156734855222848,0.12199036918138041,0.006420545746388443,0.0,0.0,0.0,0.0,0.0,0.0,0.0,1.0,0.0,0.0,0.0,0.0,1.0,0.0,0.0,0.0,1.0,0.0,1.0,1.0,0.0,0.0,1.0,1.0,7.0,22.0,22.0
161901,Chitauri,2314,346,374,231,0,247.73,9.340814596536552,0.1616248919619706,0.09982713915298184,0.0,0.0,0.0,0.0,0.0,0.0,1.0,1.0,1.0,0.0,0.0,0.0,1.0,0.0,0.0,1.0,1.0,1.0,1.0,0.0,0.0,1.0,1.0,1.0,8.0,22.0,22.0
161902,Dauna,1977,340,329,503,0,176.6,11.194790486976217,0.16641375821952453,0.25442589782498737,0.0,0.0,0.0,0.0,0.0,0.0,0.0,1.0,1.0,0.0,1.0,0.0,1.0,0.0,0.0,0.0,1.0,1.0,1.0,1.0,0.0,1.0,1.0,1.0,8.0,22.0,22.0
161903,Marua,676,98,127,0,0,62.43,10.82812750280314,0.1878698224852071,0.0,0.0,0.0,0.0,0.0,0.0,0.0,1.0,1.0,1.0,0.0,0.0,0.0,1.0,0.0,0.0,0.0,1.0,1.0,1.0,1.0,0.0,0.0,0.0,0.0,6.0,23.0,23.0
161904,Pachkhara,1723,280,325,659,0,259.11,6.649685461772992,0.1886244921648288,0.3824724318049913,0.0,0.0,0.0,0.0,0.0,0.0,1.0,1.0,1.0,0.0,1.0,0.0,1.0,0.0,1.0,1.0,1.0,1.0,1.0,0.0,0.0,1.0,1.0,1.0,6.0,22.0,22.0
161905,Khatagia,2250,371,336,741,0,232.63,9.672011348493315,0.14933333333333335,0.3293333333333333,0.0,0.0,0.0,0.0,0.0,0.0,0.0,1.0,1.0,1.0,0.0,0.0,0.0,0.0,0.0,0.0,1.0,0.0,1.0,0.0,0.0,1.0,1.0,1.0,6.0,26.0,26.0
161906,Amreha,2647,412,361,380,0,182.28,14.521615097651964,0.13638080846241027,0.14355874574990554,0.0,0.0,0.0,0.0,0.0,0.0,0.0,1.0,1.0,1.0,1.0,1.0,1.0,1.0,1.0,1.0,1.0,0.0,1.0,0.0,0.0,1.0,1.0,1.0,7.0,24.0,24.0
161907,Iradatganj,3479,566,568,361,0,359.57,9.6754456712184,0.16326530612244897,0.1037654498419086,0.0,0.0,0.0,0.0,0.0,0.0,1.0,1.0,1.0,1.0,1.0,0.0,1.0,1.0,1.0,1.0,1.0,1.0,1.0,1.0,1.0,1.0,1.0,1.0,12.0,10.0,10.0
161908,Chak Saripur,241,32,29,10,0,51.38,4.690541066562865,0.12033195020746888,0.04149377593360996,0.0,0.0,0.0,0.0,0.0,0.0,1.0,1.0,0.0,1.0,0.0,0.0,1.0,0.0,0.0,0.0,1.0,1.0,1.0,0.0,0.0,0.0,1.0,1.0,12.0,15.0,15.0
161909,Ghurpur,2566,418,401,377,0,42.38,60.54742803209061,0.15627435697583789,0.14692127825409196,0.0,0.0,1.0,,0.0,0.0,1.0,1.0,1.0,0.0,0.0,0.0,1.0,0.0,1.0,1.0,1.0,1.0,1.0,1.0,0.0,1.0,1.0,1.0,10.0,17.0,17.0
161910,Bikar,2642,393,503,141,0,205.75,12.8408262454435,0.1903860711582135,0.05336866010598032,0.0,0.0,0.0,0.0,0.0,0.0,1.0,1.0,0.0,1.0,0.0,0.0,1.0,0.0,0.0,0.0,1.0,1.0,1.0,0.0,0.0,1.0,1.0,1.0,12.0,15.0,15.0
161911,Deoria,1501,211,257,58,0,274.43,5.4695186386328025,0.17121918720852763,0.038640906062624915,0.0,0.0,0.0,0.0,0.0,0.0,1.0,1.0,1.0,1.0,0.0,0.0,1.0,0.0,0.0,0.0,1.0,1.0,1.0,0.0,0.0,0.0,0.0,1.0,19.0,15.0,15.0
161912,Bhita,2680,459,387,855,0,267.91,10.003359337090814,0.14440298507462687,0.31902985074626866,0.0,0.0,0.0,0.0,0.0,0.0,1.0,1.0,1.0,1.0,1.0,0.0,1.0,0.0,0.0,1.0,1.0,1.0,1.0,1.0,0.0,1.0,1.0,1.0,18.0,18.0,10.0
161913,Bhaidpur,919,181,189,75,0,99.11,9.272525476743013,0.20565832426550598,0.08161044613710555,0.0,0.0,0.0,0.0,0.0,0.0,1.0,1.0,1.0,1.0,1.0,0.0,1.0,0.0,0.0,0.0,0.0,0.0,1.0,0.0,0.0,0.0,1.0,1.0,10.0,20.0,20.0
161914,Manakwar,1902,293,298,247,0,95.21,19.976893183489132,0.15667718191377497,0.129863301787592,0.0,0.0,0.0,0.0,0.0,0.0,1.0,1.0,1.0,1.0,1.0,0.0,1.0,0.0,0.0,0.0,1.0,1.0,1.0,0.0,0.0,1.0,1.0,1.0,9.0,20.0,20.0
161915,Semra Kalbana,4509,892,753,1615,0,208.75,21.6,0.16699933466400532,0.3581725438012863,0.0,0.0,0.0,0.0,0.0,0.0,1.0,1.0,1.0,0.0,1.0,0.0,1.0,1.0,0.0,0.0,1.0,1.0,1.0,1.0,0.0,1.0,1.0,1.0,15.0,15.0,15.0
161916,Gauhania,2990,469,427,188,22,150.11,19.9187262674039,0.142809364548495,0.06287625418060201,0.007357859531772575,0.0,0.0,0.0,0.0,0.0,1.0,1.0,1.0,1.0,1.0,0.0,0.0,1.0,1.0,1.0,1.0,1.0,1.0,1.0,1.0,1.0,1.0,1.0,10.0,22.0,22.0
161917,Bundwan,5380,1191,1026,1150,0,342.57,15.70481945295852,0.19070631970260224,0.2137546468401487,0.0,,,,1.0,1.0,0.0,1.0,0.0,1.0,1.0,1.0,1.0,1.0,1.0,0.0,1.0,1.0,1.0,1.0,1.0,1.0,1.0,1.0,9.0,22.0,22.0
161918,Mauharia,652,119,105,112,0,58.94,11.062097047845267,0.16104294478527606,0.17177914110429449,0.0,0.0,0.0,0.0,0.0,0.0,0.0,1.0,0.0,1.0,1.0,0.0,0.0,0.0,0.0,0.0,1.0,0.0,1.0,1.0,0.0,0.0,0.0,0.0,11.0,24.0,24.0
161919,Tikari Taluka Kanjasa,1308,211,211,252,0,189.4,6.906019007391763,0.16131498470948014,0.1926605504587156,0.0,0.0,0.0,0.0,0.0,0.0,0.0,1.0,0.0,0.0,1.0,0.0,0.0,0.0,0.0,0.0,1.0,0.0,1.0,1.0,0.0,1.0,1.0,1.0,10.0,25.0,25.0
161920,Kanti,6555,1153,1265,1676,32,813.98,8.053023415808742,0.19298245614035087,0.2556826849733028,0.004881769641495042,0.0,0.0,0.0,0.0,0.0,0.0,1.0,0.0,1.0,1.0,0.0,0.0,1.0,1.0,1.0,1.0,1.0,1.0,1.0,0.0,1.0,1.0,1.0,15.0,22.0,22.0
161921,Khutaria,1246,224,238,129,0,201.08,6.196538691068231,0.19101123595505617,0.10353130016051364,0.0,0.0,0.0,0.0,0.0,0.0,0.0,1.0,0.0,1.0,1.0,0.0,1.0,1.0,1.0,1.0,1.0,1.0,1.0,0.0,0.0,1.0,1.0,1.0,10.0,24.0,24.0
161922,Rehi Taluka Baijala,2576,445,430,633,0,380.55,6.7691499145972935,0.1669254658385093,0.24572981366459629,0.0,0.0,0.0,0.0,0.0,0.0,0.0,1.0,0.0,1.0,1.0,0.0,1.0,0.0,0.0,0.0,0.0,0.0,1.0,0.0,0.0,1.0,1.0,1.0,10.0,26.0,26.0
161923,Sandwa Khurd,898,150,154,220,0,209.81,4.280062914065106,0.1714922048997773,0.24498886414253898,0.0,0.0,0.0,0.0,0.0,0.0,0.0,1.0,0.0,1.0,1.0,0.0,0.0,1.0,1.0,1.0,1.0,0.0,1.0,1.0,0.0,1.0,1.0,1.0,12.0,22.0,22.0
161924,Chhiria,996,151,164,233,0,110.22,9.036472509526401,0.1646586345381526,0.23393574297188754,0.0,0.0,0.0,0.0,0.0,0.0,0.0,1.0,1.0,1.0,1.0,0.0,0.0,0.0,0.0,1.0,1.0,0.0,1.0,0.0,0.0,0.0,1.0,1.0,8.0,28.0,28.0
161925,Pandar,3131,504,444,850,2,301.36,10.389567294929652,0.14180772916001277,0.2714787607793037,0.0006387735547748323,0.0,0.0,0.0,0.0,0.0,0.0,1.0,1.0,1.0,1.0,0.0,0.0,1.0,1.0,1.0,1.0,0.0,1.0,0.0,0.0,1.0,1.0,1.0,5.0,25.0,25.0
161926,Gadra,655,105,109,367,0,83.3,7.863145258103241,0.166412213740458,0.5603053435114503,0.0,0.0,0.0,0.0,0.0,0.0,0.0,1.0,0.0,0.0,0.0,0.0,1.0,0.0,0.0,0.0,1.0,1.0,1.0,1.0,0.0,0.0,1.0,1.0,8.0,25.0,25.0
161927,Rera,2362,415,340,273,0,493.36,4.787579049781093,0.14394580863674852,0.11558001693480102,0.0,0.0,0.0,0.0,0.0,0.0,0.0,1.0,1.0,1.0,1.0,1.0,0.0,0.0,0.0,0.0,1.0,1.0,1.0,1.0,0.0,1.0,1.0,1.0,10.0,27.0,27.0
161928,Mundehra,953,170,189,317,0,125.43,7.597863350075739,0.19832109129066108,0.33263378803777544,0.0,0.0,0.0,0.0,0.0,0.0,0.0,1.0,1.0,0.0,1.0,0.0,1.0,0.0,0.0,0.0,1.0,1.0,1.0,0.0,0.0,1.0,1.0,1.0,14.0,29.0,29.0
161929,Barna,565,97,102,108,0,136.64,4.134953161592506,0.18053097345132743,0.1911504424778761,0.0,0.0,0.0,0.0,0.0,0.0,0.0,1.0,1.0,0.0,1.0,0.0,0.0,0.0,0.0,0.0,1.0,1.0,1.0,1.0,0.0,0.0,1.0,1.0,16.0,31.0,31.0
161930,Asarwai,2617,464,487,398,0,452.94,5.7778072150836755,0.1860909438288116,0.15208253725640045,0.0,0.0,0.0,0.0,0.0,0.0,0.0,1.0,0.0,1.0,1.0,0.0,0.0,0.0,0.0,0.0,1.0,1.0,0.0,0.0,0.0,1.0,1.0,1.0,6.0,37.0,37.0
161931,Ghurmi,833,148,139,105,0,97.26,8.5646720131606,0.16686674669867949,0.12605042016806722,0.0,0.0,0.0,0.0,0.0,0.0,0.0,1.0,0.0,1.0,1.0,0.0,0.0,0.0,0.0,0.0,1.0,1.0,0.0,0.0,0.0,1.0,1.0,1.0,1.0,35.0,35.0
161932,Piprawan,1153,220,134,162,0,309.9,3.7205550177476607,0.11621856027753687,0.14050303555941024,0.0,0.0,0.0,0.0,0.0,0.0,1.0,1.0,0.0,1.0,1.0,0.0,1.0,0.0,0.0,0.0,1.0,0.0,1.0,1.0,0.0,0.0,1.0,1.0,5.0,30.0,30.0
161933,Ram Nagar,284,52,49,45,0,71.18,3.989884799100871,0.17253521126760563,0.15845070422535212,0.0,0.0,0.0,0.0,0.0,0.0,0.0,1.0,0.0,1.0,1.0,0.0,1.0,0.0,0.0,0.0,1.0,1.0,0.0,0.0,0.0,0.0,1.0,1.0,4.0,35.0,35.0
161934,Chamu,2686,460,530,471,0,600.1,4.475920679886685,0.19731943410275501,0.17535368577810873,0.0,0.0,0.0,0.0,0.0,0.0,0.0,1.0,0.0,1.0,1.0,0.0,0.0,0.0,0.0,0.0,1.0,1.0,1.0,0.0,0.0,1.0,1.0,1.0,6.0,30.0,30.0
161935,Baijala,1849,336,346,502,0,453.3,4.078976395323186,0.18712817739318552,0.2714981070849108,0.0,0.0,0.0,0.0,0.0,0.0,1.0,1.0,0.0,1.0,1.0,1.0,0.0,0.0,0.0,0.0,0.0,0.0,1.0,0.0,0.0,1.0,1.0,1.0,9.0,27.0,27.0
161936,Dagwan,969,164,135,61,17,142.06,6.821061523300014,0.1393188854489164,0.0629514963880289,0.017543859649122806,0.0,0.0,0.0,0.0,0.0,0.0,1.0,0.0,1.0,1.0,0.0,1.0,1.0,1.0,1.0,1.0,1.0,1.0,0.0,0.0,1.0,1.0,1.0,15.0,30.0,30.0
161937,Barathia,474,80,69,65,0,100.68,4.707985697258641,0.14556962025316456,0.1371308016877637,0.0,0.0,0.0,0.0,0.0,0.0,0.0,1.0,0.0,1.0,1.0,0.0,1.0,1.0,1.0,1.0,1.0,1.0,1.0,0.0,0.0,1.0,1.0,1.0,15.0,30.0,30.0
161938,Jari,6831,1143,1218,726,0,660.22,10.346551149616793,0.17830478700043917,0.10628019323671498,0.0,0.0,1.0,,0.0,0.0,0.0,1.0,1.0,1.0,1.0,0.0,1.0,1.0,1.0,1.0,1.0,1.0,1.0,1.0,0.0,1.0,1.0,1.0,13.0,29.0,29.0
161939,Pura Lotarh,734,114,137,128,0,105.11,6.983160498525354,0.18664850136239783,0.17438692098092642,0.0,0.0,0.0,0.0,0.0,0.0,0.0,1.0,1.0,1.0,1.0,0.0,0.0,0.0,0.0,0.0,1.0,0.0,0.0,0.0,0.0,0.0,0.0,1.0,19.0,31.0,31.0
161940,Gadaiya Khurd,2433,465,358,772,23,212.92,11.426826977268458,0.14714344430743936,0.3173037402383888,0.009453349773941636,0.0,0.0,0.0,0.0,0.0,1.0,1.0,0.0,1.0,1.0,0.0,1.0,0.0,1.0,1.0,1.0,1.0,1.0,1.0,0.0,1.0,1.0,1.0,20.0,40.0,40.0
161941,Lotarh,1250,185,144,454,2,212.89,5.871576870684391,0.1152,0.3632,0.0016,0.0,0.0,0.0,0.0,0.0,0.0,1.0,1.0,1.0,1.0,0.0,0.0,0.0,0.0,0.0,1.0,0.0,0.0,0.0,0.0,1.0,1.0,1.0,18.0,32.0,32.0
161942,Jariha Antri,355,77,67,129,0,182.67,1.9433951935183666,0.18873239436619718,0.36338028169014086,0.0,0.0,0.0,0.0,0.0,0.0,0.0,1.0,1.0,0.0,0.0,0.0,1.0,0.0,0.0,0.0,0.0,0.0,0.0,0.0,0.0,0.0,0.0,1.0,21.0,35.0,35.0
161943,Dadura,35,6,5,0,0,40.77,0.8584743684081432,0.14285714285714285,0.0,0.0,0.0,0.0,0.0,0.0,0.0,0.0,1.0,1.0,1.0,0.0,0.0,1.0,0.0,0.0,0.0,0.0,0.0,0.0,0.0,0.0,0.0,0.0,1.0,21.0,34.0,34.0
161944,Biskuri,1499,297,257,451,0,124.4,12.04983922829582,0.171447631754503,0.3008672448298866,0.0,0.0,0.0,0.0,0.0,0.0,0.0,1.0,1.0,1.0,0.0,0.0,0.0,0.0,0.0,0.0,1.0,0.0,0.0,0.0,0.0,1.0,1.0,1.0,20.0,34.0,34.0
161945,Rampatti,305,54,58,80,0,31.34,9.7319719208679,0.1901639344262295,0.26229508196721313,0.0,0.0,0.0,0.0,0.0,0.0,0.0,1.0,1.0,1.0,0.0,0.0,1.0,0.0,0.0,0.0,1.0,0.0,0.0,0.0,0.0,0.0,0.0,1.0,19.0,33.0,33.0
161946,Kubri Kolhuadih,112,20,16,0,0,44.33,2.526505752312204,0.14285714285714285,0.0,0.0,0.0,0.0,0.0,0.0,0.0,0.0,1.0,1.0,1.0,0.0,0.0,1.0,0.0,0.0,0.0,1.0,0.0,0.0,0.0,0.0,0.0,0.0,1.0,20.0,34.0,34.0
161947,Raipura Kalan,1004,240,208,461,0,140.21,7.160687540118394,0.20717131474103587,0.4591633466135458,0.0,0.0,0.0,0.0,0.0,0.0,0.0,0.0,0.0,1.0,1.0,0.0,1.0,0.0,0.0,0.0,1.0,0.0,0.0,0.0,0.0,1.0,1.0,1.0,24.0,35.0,35.0
161948,Khujhi,1209,172,235,249,0,488.1,2.4769514443761524,0.19437551695616212,0.20595533498759305,0.0,0.0,0.0,0.0,0.0,0.0,0.0,1.0,0.0,1.0,0.0,0.0,0.0,0.0,0.0,0.0,1.0,0.0,0.0,0.0,0.0,1.0,1.0,1.0,25.0,36.0,36.0
161949,Khonpa,138,26,20,0,0,106.39,1.2971143904502302,0.14492753623188406,0.0,0.0,0.0,0.0,0.0,0.0,0.0,0.0,1.0,0.0,1.0,0.0,0.0,1.0,0.0,0.0,0.0,0.0,0.0,1.0,0.0,0.0,0.0,0.0,1.0,,38.0,38.0
161950,Koludih,8,1,2,0,0,43.89,0.1822738664843928,0.25,0.0,0.0,0.0,0.0,0.0,0.0,0.0,0.0,0.0,0.0,1.0,0.0,0.0,1.0,0.0,0.0,0.0,0.0,0.0,0.0,0.0,0.0,0.0,0.0,0.0,25.0,35.0,35.0
161951,Pura Baijnath,262,56,60,5,0,32.26,8.121512709237447,0.22900763358778625,0.019083969465648856,0.0,0.0,0.0,0.0,0.0,0.0,0.0,1.0,0.0,1.0,1.0,0.0,1.0,0.0,0.0,1.0,1.0,0.0,1.0,0.0,0.0,0.0,1.0,1.0,3.0,30.0,30.0
161952,Ginj,2246,429,460,665,0,106.22,21.14479382413858,0.20480854853072128,0.2960819234194123,0.0,0.0,0.0,0.0,0.0,0.0,0.0,1.0,0.0,1.0,1.0,0.0,1.0,0.0,1.0,1.0,1.0,0.0,1.0,0.0,0.0,1.0,1.0,1.0,3.0,30.0,30.0
161953,Pahari Amadarail,312,53,45,35,0,143.14,2.1796842252340367,0.14423076923076922,0.11217948717948718,0.0,0.0,0.0,0.0,0.0,0.0,1.0,1.0,0.0,1.0,1.0,0.0,1.0,0.0,0.0,0.0,1.0,0.0,1.0,0.0,0.0,0.0,1.0,1.0,10.0,35.0,35.0
161954,Bhav Dilawan,569,82,106,60,0,176.27,3.2280024961706473,0.18629173989455183,0.1054481546572935,0.0,0.0,0.0,0.0,0.0,0.0,0.0,1.0,0.0,1.0,1.0,1.0,0.0,0.0,0.0,0.0,1.0,1.0,1.0,0.0,0.0,0.0,1.0,1.0,12.0,32.0,20.0
161955,Antarsuiya,1164,160,171,212,0,191.62,6.07452249243294,0.14690721649484537,0.18213058419243985,0.0,0.0,0.0,0.0,0.0,0.0,0.0,1.0,0.0,1.0,1.0,0.0,0.0,0.0,1.0,0.0,1.0,0.0,1.0,0.0,0.0,1.0,1.0,1.0,11.0,32.0,32.0
161956,Gadaiya Kalan,2913,470,460,844,0,286.32,10.17393126571668,0.1579128046687264,0.2897356676965328,0.0,0.0,0.0,0.0,0.0,1.0,0.0,1.0,0.0,1.0,1.0,0.0,1.0,0.0,1.0,1.0,1.0,1.0,1.0,0.0,0.0,1.0,1.0,1.0,20.0,40.0,40.0
161957,Kundi,1265,222,148,380,4,258.34,4.896647828443138,0.11699604743083004,0.30039525691699603,0.0031620553359683794,0.0,,,,,1.0,1.0,0.0,0.0,0.0,0.0,0.0,0.0,0.0,0.0,1.0,1.0,1.0,0.0,0.0,1.0,1.0,1.0,13.0,35.0,35.0
161958,Gauhani,995,174,134,389,0,149.6,6.651069518716578,0.13467336683417086,0.39095477386934674,0.0,0.0,0.0,0.0,0.0,0.0,1.0,1.0,1.0,1.0,1.0,0.0,0.0,1.0,1.0,1.0,1.0,0.0,1.0,0.0,0.0,1.0,1.0,1.0,7.0,23.0,23.0
161959,Maida,1179,298,152,412,0,223.55,5.273987922165063,0.1289228159457167,0.34944868532654794,0.0,0.0,0.0,0.0,0.0,0.0,0.0,1.0,1.0,0.0,1.0,0.0,1.0,0.0,0.0,0.0,1.0,1.0,1.0,0.0,0.0,1.0,1.0,1.0,23.0,33.0,33.0
161960,Chandi,442,71,61,103,0,176.63,2.502406159769009,0.13800904977375567,0.2330316742081448,0.0,0.0,0.0,0.0,0.0,0.0,0.0,1.0,0.0,1.0,1.0,1.0,0.0,0.0,0.0,0.0,1.0,0.0,1.0,0.0,0.0,1.0,1.0,1.0,25.0,34.0,34.0
161961,Antri Alaph,0,0,0,0,0,12.31,0.0,,,,,,,,,,,,,,,,,,,,,,,,,,,26.0,35.0,35.0
161962,Majhiari Kalan,559,95,87,30,0,193.54,2.8882918259791257,0.1556350626118068,0.05366726296958855,0.0,0.0,0.0,0.0,0.0,0.0,0.0,1.0,0.0,1.0,1.0,0.0,1.0,1.0,1.0,0.0,1.0,1.0,1.0,0.0,0.0,1.0,1.0,1.0,25.0,35.0,35.0
161963,Kherhat Khurd,467,80,68,78,0,148.96,3.135069817400644,0.145610278372591,0.1670235546038544,0.0,0.0,0.0,0.0,0.0,0.0,0.0,1.0,0.0,1.0,0.0,0.0,1.0,0.0,0.0,0.0,0.0,1.0,1.0,1.0,0.0,0.0,1.0,1.0,28.0,27.0,8.0
161964,Dando,308,51,53,47,1,86.5,3.560693641618497,0.17207792207792208,0.1525974025974026,0.003246753246753247,0.0,0.0,0.0,0.0,0.0,0.0,1.0,0.0,1.0,1.0,0.0,0.0,1.0,0.0,0.0,1.0,1.0,1.0,1.0,0.0,0.0,1.0,1.0,26.0,35.0,5.0
161965,Baghola,721,139,121,288,0,129.65,5.561126108754339,0.1678224687933426,0.39944521497919555,0.0,0.0,0.0,0.0,0.0,0.0,0.0,1.0,1.0,1.0,0.0,0.0,1.0,0.0,0.0,0.0,1.0,1.0,1.0,0.0,0.0,1.0,1.0,1.0,28.0,35.0,35.0
161966,Khauria,1028,141,117,378,0,313.2,3.2822477650063857,0.11381322957198443,0.36770428015564205,0.0,0.0,0.0,0.0,0.0,0.0,0.0,1.0,0.0,1.0,1.0,0.0,1.0,0.0,0.0,0.0,1.0,0.0,1.0,1.0,0.0,1.0,1.0,1.0,16.0,44.0,44.0
161967,Rampur,1184,189,155,414,0,211.14,5.607653689495122,0.13091216216216217,0.34966216216216217,0.0,0.0,0.0,0.0,0.0,0.0,0.0,1.0,0.0,1.0,0.0,0.0,1.0,0.0,0.0,0.0,1.0,1.0,1.0,0.0,0.0,1.0,1.0,1.0,27.0,36.0,36.0
161968,Semri Tarhar,1470,238,321,544,0,204.36,7.1931884908984145,0.21836734693877552,0.37006802721088433,0.0,0.0,0.0,0.0,0.0,0.0,0.0,1.0,1.0,1.0,1.0,0.0,1.0,0.0,0.0,0.0,1.0,0.0,0.0,0.0,0.0,0.0,1.0,1.0,18.0,40.0,40.0
161969,Nauriha Tarhar,1921,307,262,813,0,215.03,8.933637166906943,0.13638729828214471,0.42321707444039564,0.0,0.0,0.0,0.0,0.0,0.0,0.0,1.0,0.0,1.0,1.0,0.0,0.0,0.0,0.0,0.0,1.0,1.0,1.0,1.0,0.0,1.0,1.0,1.0,22.0,37.0,37.0
161970,Amilia Tarhar,2927,477,543,900,0,381.03,7.681809831246884,0.18551417833959685,0.30748206354629315,0.0,0.0,0.0,0.0,0.0,0.0,1.0,1.0,0.0,1.0,1.0,0.0,0.0,0.0,0.0,1.0,1.0,1.0,1.0,1.0,0.0,1.0,1.0,1.0,20.0,35.0,35.0
161971,Chak Sonai,0,0,0,0,0,17.04,0.0,,,,,,,,,,,,,,,,,,,,,,,,,,,15.0,28.0,28.0
161972,Goisara,2036,297,354,616,0,330.78,6.155148437027632,0.1738703339882122,0.3025540275049116,0.0,0.0,0.0,0.0,0.0,0.0,0.0,1.0,1.0,1.0,0.0,0.0,0.0,0.0,0.0,0.0,1.0,0.0,1.0,0.0,0.0,1.0,1.0,1.0,13.0,36.0,36.0
161973,Kanpura,0,0,0,0,0,58.03,0.0,,,,,,,,,,,,,,,,,,,,,,,,,,,15.0,28.0,28.0
161974,Bhatpura,1070,165,168,107,0,214.82,4.980914253793874,0.15700934579439252,0.1,0.0,0.0,0.0,0.0,0.0,0.0,0.0,1.0,0.0,1.0,1.0,0.0,0.0,0.0,0.0,0.0,1.0,0.0,0.0,0.0,0.0,0.0,1.0,0.0,20.0,45.0,45.0
161975,Chak Sucher,891,147,124,381,0,21.56,41.3265306122449,0.13916947250280584,0.4276094276094276,0.0,0.0,0.0,0.0,0.0,0.0,0.0,1.0,0.0,1.0,1.0,0.0,0.0,0.0,0.0,0.0,1.0,0.0,1.0,0.0,0.0,1.0,0.0,1.0,15.0,35.0,20.0
161976,Supari,0,0,0,0,0,128.67,0.0,,,,,,,,,,,,,,,,,,,,,,,,,,,18.0,35.0,35.0
161977,Maduri,1095,179,238,690,0,867.13,1.2627864334067556,0.217351598173516,0.6301369863013698,0.0,0.0,0.0,0.0,0.0,0.0,0.0,1.0,0.0,1.0,1.0,0.0,0.0,0.0,0.0,0.0,1.0,0.0,1.0,0.0,0.0,0.0,1.0,1.0,15.0,35.0,20.0
161978,Kolhai,0,0,0,0,0,317.02,0.0,,,,,,,,,,,,,,,,,,,,,,,,,,,12.0,35.0,35.0
161979,Sonaur,19,3,5,19,0,47.69,0.39840637450199207,0.2631578947368421,1.0,0.0,0.0,0.0,0.0,0.0,0.0,0.0,1.0,0.0,1.0,1.0,0.0,1.0,0.0,0.0,0.0,1.0,0.0,0.0,0.0,0.0,0.0,0.0,0.0,20.0,45.0,45.0
161980,Lalapur,927,150,120,106,0,47.1,19.68152866242038,0.12944983818770225,0.11434735706580366,0.0,0.0,1.0,0.0,0.0,0.0,0.0,1.0,0.0,1.0,0.0,0.0,0.0,0.0,0.0,0.0,1.0,0.0,0.0,0.0,0.0,1.0,1.0,1.0,18.0,45.0,45.0
161981,Chintapur,147,26,32,62,0,16.45,8.936170212765958,0.21768707482993196,0.4217687074829932,0.0,0.0,0.0,0.0,0.0,0.0,0.0,1.0,0.0,0.0,0.0,0.0,1.0,0.0,0.0,0.0,1.0,0.0,0.0,0.0,0.0,0.0,0.0,0.0,12.0,35.0,35.0
161982,Gopipur,0,0,0,0,0,19.72,0.0,,,,,,,,,,,,,,,,,,,,,,,,,,,12.0,35.0,35.0
161983,Nagra,0,0,0,0,0,13.89,0.0,,,,,,,,,,,,,,,,,,,,,,,,,,,13.0,36.0,36.0
161984,Basahai,237,40,46,147,0,102.0,2.323529411764706,0.1940928270042194,0.620253164556962,0.0,0.0,0.0,0.0,0.0,0.0,,,,,,,,,,,,,,,,1.0,1.0,1.0,15.0,40.0,40.0
161985,Gidhar,316,36,56,71,0,93.51,3.379317720029943,0.17721518987341772,0.22468354430379747,0.0,0.0,0.0,0.0,0.0,0.0,0.0,1.0,0.0,1.0,1.0,0.0,1.0,0.0,0.0,0.0,1.0,0.0,0.0,0.0,0.0,0.0,1.0,0.0,10.0,40.0,40.0
161986,Othgi Tarhar,2215,371,389,568,0,137.97,16.05421468435167,0.17562076749435665,0.2564334085778781,0.0,0.0,0.0,0.0,0.0,0.0,0.0,1.0,1.0,1.0,1.0,0.0,0.0,0.0,0.0,0.0,1.0,0.0,0.0,0.0,0.0,1.0,1.0,1.0,12.0,35.0,35.0
161987,Jodhi Majhiari,951,159,183,530,0,152.36,6.241795746915201,0.19242902208201892,0.5573080967402734,0.0,0.0,0.0,0.0,0.0,0.0,0.0,1.0,0.0,1.0,1.0,0.0,1.0,0.0,0.0,0.0,1.0,0.0,1.0,0.0,0.0,1.0,1.0,1.0,11.0,35.0,35.0
161988,Ichhaura,749,118,108,5,0,207.91,3.602520321292867,0.14419225634178906,0.006675567423230975,0.0,0.0,0.0,0.0,0.0,0.0,0.0,1.0,1.0,0.0,0.0,0.0,1.0,0.0,0.0,0.0,1.0,0.0,1.0,0.0,0.0,0.0,1.0,1.0,12.0,35.0,35.0
161989,Bichhia,50,12,12,50,0,74.8,0.6684491978609626,0.24,1.0,0.0,0.0,0.0,0.0,0.0,0.0,0.0,1.0,0.0,1.0,0.0,1.0,0.0,0.0,0.0,0.0,0.0,0.0,1.0,0.0,0.0,0.0,0.0,0.0,7.0,45.0,45.0
161990,Bankipur,697,103,105,277,0,160.77,4.335385955091124,0.15064562410329985,0.39741750358680056,0.0,0.0,0.0,0.0,0.0,0.0,1.0,1.0,0.0,0.0,0.0,0.0,1.0,0.0,0.0,0.0,0.0,0.0,1.0,0.0,0.0,1.0,1.0,1.0,7.0,45.0,45.0
161991,Sonbai,1449,218,223,401,4,202.17,7.167235494880546,0.1538992408557626,0.27674258109040717,0.0027605244996549345,0.0,0.0,0.0,0.0,0.0,1.0,1.0,0.0,1.0,1.0,1.0,1.0,0.0,0.0,0.0,1.0,1.0,1.0,0.0,0.0,1.0,1.0,1.0,7.0,45.0,45.0
161992,Kachhgawan,0,0,0,0,0,46.28,0.0,,,,,,,,,,,,,,,,,,,,,,,,,,,7.0,39.0,39.0
161993,Dhara,1860,315,350,996,2,255.18,7.288972490007054,0.1881720430107527,0.535483870967742,0.001075268817204301,0.0,0.0,0.0,0.0,0.0,1.0,1.0,0.0,1.0,0.0,1.0,1.0,0.0,0.0,0.0,1.0,1.0,1.0,0.0,0.0,1.0,1.0,0.0,6.0,38.0,38.0
161994,Dubha,1055,201,162,318,0,209.267,5.04140643293018,0.15355450236966825,0.3014218009478673,0.0,0.0,0.0,0.0,0.0,0.0,0.0,1.0,0.0,1.0,0.0,1.0,0.0,0.0,0.0,0.0,1.0,0.0,1.0,0.0,0.0,1.0,1.0,1.0,8.0,40.0,40.0
161995,Babandhara,1054,191,181,461,0,198.32,5.3146430012101655,0.17172675521821631,0.43738140417457305,0.0,0.0,0.0,0.0,0.0,0.0,0.0,1.0,0.0,1.0,1.0,1.0,0.0,1.0,1.0,0.0,1.0,0.0,1.0,0.0,0.0,1.0,1.0,1.0,7.0,35.0,35.0
161996,Bhamai,246,38,46,193,0,142.12,1.7309316070925977,0.18699186991869918,0.7845528455284553,0.0,0.0,0.0,0.0,0.0,0.0,0.0,1.0,0.0,1.0,1.0,0.0,1.0,0.0,0.0,0.0,0.0,1.0,1.0,0.0,0.0,1.0,1.0,1.0,4.0,26.0,26.0
161997,Korari,775,113,136,0,0,64.95,11.93225558121632,0.17548387096774193,0.0,0.0,0.0,0.0,0.0,0.0,0.0,0.0,1.0,1.0,1.0,1.0,0.0,1.0,0.0,0.0,0.0,1.0,1.0,1.0,0.0,1.0,1.0,1.0,1.0,4.0,30.0,30.0
161998,Hinauti Sangram,128,22,17,75,0,65.68,1.9488428745432398,0.1328125,0.5859375,0.0,0.0,0.0,0.0,0.0,0.0,0.0,1.0,0.0,1.0,1.0,0.0,1.0,0.0,0.0,0.0,1.0,1.0,1.0,0.0,0.0,1.0,1.0,1.0,4.0,30.0,30.0
161999,Benauri,764,128,124,216,0,224.28,3.4064562154449796,0.16230366492146597,0.28272251308900526,0.0,0.0,0.0,0.0,0.0,0.0,0.0,1.0,0.0,1.0,1.0,0.0,1.0,1.0,1.0,0.0,1.0,0.0,1.0,0.0,0.0,1.0,1.0,1.0,10.0,35.0,35.0
162000,Tikri Khurd,35,9,5,21,0,57.08,0.6131744919411353,0.14285714285714285,0.6,0.0,0.0,0.0,0.0,0.0,0.0,0.0,0.0,0.0,0.0,0.0,0.0,1.0,0.0,0.0,0.0,0.0,0.0,1.0,0.0,0.0,1.0,1.0,1.0,10.0,40.0,40.0
162001,Laund Kalan,2274,447,431,1154,0,201.0,11.313432835820896,0.18953386103781883,0.5074758135444152,0.0,0.0,0.0,0.0,0.0,0.0,0.0,1.0,0.0,0.0,0.0,1.0,0.0,0.0,0.0,0.0,0.0,0.0,1.0,0.0,0.0,1.0,1.0,1.0,9.0,26.0,26.0
162002,Chak Sarban,0,0,0,0,0,1.98,0.0,,,,,,,,,,,,,,,,,,,,,,,,,,,8.0,36.0,36.0
162003,Hinauti Balraj,0,0,0,0,0,68.67,0.0,,,,,,,,,,,,,,,,,,,,,,,,,,,9.0,35.0,35.0
162004,Hinauti Duniyapat,0,0,0,0,0,70.65,0.0,,,,,,,,,,,,,,,,,,,,,,,,,,,9.0,35.0,35.0
162005,Sunderpur,1404,231,218,598,51,147.97,9.488409812799892,0.15527065527065528,0.42592592592592593,0.03632478632478633,0.0,0.0,0.0,0.0,0.0,1.0,0.0,1.0,0.0,0.0,0.0,1.0,0.0,0.0,0.0,0.0,0.0,1.0,0.0,0.0,1.0,1.0,1.0,7.0,34.0,34.0
162006,Bhondi,1252,244,246,530,0,494.43,2.5322088060999532,0.1964856230031949,0.4233226837060703,0.0,0.0,0.0,0.0,0.0,0.0,0.0,1.0,0.0,1.0,0.0,0.0,1.0,0.0,0.0,0.0,0.0,0.0,1.0,1.0,0.0,1.0,1.0,1.0,9.0,37.0,37.0
162007,Kanchanpur,647,120,106,340,0,138.58,4.668783374224274,0.16383307573415765,0.5255023183925811,0.0,0.0,0.0,0.0,0.0,0.0,0.0,1.0,0.0,0.0,0.0,0.0,0.0,0.0,0.0,0.0,0.0,0.0,1.0,0.0,0.0,1.0,1.0,1.0,8.0,35.0,35.0
162008,Charhari,0,0,0,0,0,96.68,0.0,,,,,,,,,,,,,,,,,,,,,,,,,,,9.0,34.0,34.0
162009,Chandra,1058,151,181,162,0,230.833,4.583400120433387,0.17107750472589792,0.15311909262759923,0.0,0.0,0.0,0.0,0.0,0.0,0.0,1.0,0.0,1.0,1.0,0.0,0.0,0.0,0.0,0.0,1.0,0.0,1.0,0.0,0.0,1.0,0.0,1.0,6.0,40.0,40.0
162010,Lohgara,4213,778,792,1385,4,1006.04,4.1877062542244845,0.18798955613577023,0.3287443626869214,0.0009494422027059103,0.0,0.0,0.0,0.0,0.0,0.0,1.0,0.0,1.0,1.0,0.0,0.0,0.0,0.0,0.0,0.0,0.0,1.0,0.0,0.0,1.0,1.0,1.0,6.0,34.0,34.0
162011,Pura Bais,329,51,42,141,0,69.38,4.742000576535025,0.1276595744680851,0.42857142857142855,0.0,0.0,0.0,0.0,0.0,0.0,0.0,1.0,0.0,0.0,1.0,0.0,0.0,0.0,0.0,0.0,1.0,0.0,1.0,0.0,0.0,0.0,1.0,1.0,5.0,35.0,35.0
162012,Bhelaon,1420,225,244,552,0,154.74,9.17668346904485,0.17183098591549295,0.38873239436619716,0.0,0.0,0.0,0.0,0.0,0.0,0.0,1.0,0.0,0.0,0.0,0.0,0.0,0.0,1.0,0.0,1.0,0.0,1.0,0.0,0.0,0.0,1.0,1.0,5.0,36.0,36.0
162013,Amilihai,0,0,0,0,0,66.13,0.0,,,,,,,,,,,,,,,,,,,,,,,,,,,5.0,35.0,35.0
162014,Lalai,1870,340,425,663,0,679.6,2.751618599175986,0.22727272727272727,0.35454545454545455,0.0,,,,,,,,,,,,,,,,,,,,,1.0,1.0,1.0,5.0,36.0,36.0
162015,Bhilore,428,73,103,53,0,199.24,2.148163019474001,0.24065420560747663,0.12383177570093458,0.0,0.0,0.0,0.0,0.0,0.0,0.0,1.0,0.0,1.0,0.0,0.0,0.0,0.0,0.0,0.0,0.0,0.0,0.0,0.0,1.0,0.0,0.0,1.0,18.0,40.0,40.0
162016,Pandua,2087,329,353,373,1,277.5,7.52072072072072,0.16914230953521803,0.17872544321993292,0.0004791566842357451,0.0,0.0,0.0,0.0,0.0,0.0,1.0,0.0,1.0,0.0,0.0,0.0,0.0,0.0,0.0,1.0,0.0,0.0,0.0,0.0,1.0,1.0,1.0,21.0,45.0,45.0
162017,Pratappur,1464,233,345,182,0,754.94,1.9392269584337827,0.23565573770491804,0.12431693989071038,0.0,1.0,0.0,1.0,0.0,0.0,0.0,1.0,0.0,1.0,1.0,0.0,0.0,0.0,0.0,0.0,1.0,0.0,1.0,0.0,0.0,0.0,1.0,1.0,18.0,45.0,45.0
162018,Derawari,1346,340,247,422,0,565.23,2.3813314933743785,0.18350668647845467,0.3135215453194651,0.0,0.0,0.0,0.0,0.0,0.0,0.0,1.0,0.0,1.0,1.0,0.0,0.0,0.0,0.0,1.0,1.0,0.0,1.0,0.0,0.0,1.0,1.0,1.0,18.0,42.0,42.0
162019,Kachari,224,40,68,148,0,398.39,0.5622631090137805,0.30357142857142855,0.6607142857142857,0.0,0.0,0.0,0.0,0.0,0.0,0.0,1.0,0.0,0.0,0.0,0.0,1.0,0.0,0.0,0.0,1.0,0.0,1.0,1.0,0.0,0.0,0.0,0.0,20.0,48.0,48.0
162020,Bhaisahi,699,96,131,508,0,297.71,2.347922474891673,0.18741058655221746,0.7267525035765379,0.0,0.0,0.0,0.0,0.0,0.0,0.0,1.0,0.0,0.0,1.0,0.0,0.0,0.0,0.0,0.0,1.0,0.0,1.0,0.0,0.0,1.0,1.0,1.0,17.0,40.0,40.0
162021,Lakhnauti,399,78,84,263,0,272.83,1.4624491441557015,0.21052631578947367,0.6591478696741855,0.0,,0.0,0.0,0.0,0.0,0.0,1.0,0.0,0.0,0.0,0.0,0.0,0.0,0.0,0.0,1.0,0.0,1.0,1.0,0.0,0.0,1.0,0.0,22.0,48.0,48.0
162022,Bargari,1090,158,217,627,0,816.68,1.334672086986335,0.19908256880733946,0.5752293577981651,0.0,0.0,0.0,0.0,0.0,0.0,0.0,1.0,0.0,0.0,0.0,0.0,0.0,0.0,0.0,0.0,1.0,0.0,1.0,1.0,0.0,0.0,1.0,1.0,18.0,46.0,20.0
162023,Pura Baldo,1137,205,231,468,0,487.46,2.332499076847331,0.20316622691292877,0.41160949868073876,0.0,0.0,0.0,0.0,0.0,0.0,0.0,1.0,0.0,1.0,1.0,0.0,1.0,0.0,0.0,0.0,1.0,0.0,1.0,1.0,0.0,1.0,0.0,1.0,9.0,35.0,35.0
162024,Golhaiya,1476,240,324,1042,0,396.97,3.7181651006373273,0.21951219512195122,0.7059620596205962,0.0,0.0,0.0,0.0,0.0,0.0,0.0,1.0,1.0,0.0,0.0,0.0,1.0,0.0,0.0,0.0,1.0,1.0,1.0,1.0,0.0,1.0,1.0,1.0,10.0,40.0,40.0
162025,Kolhuwa,148,17,31,0,0,57.2,2.5874125874125875,0.20945945945945946,0.0,0.0,0.0,0.0,0.0,0.0,0.0,0.0,1.0,0.0,1.0,1.0,0.0,0.0,0.0,0.0,0.0,1.0,1.0,1.0,1.0,0.0,0.0,0.0,0.0,15.0,40.0,10.0
162026,Kota,344,123,29,0,0,335.12,1.0264979708761042,0.08430232558139535,0.0,0.0,0.0,0.0,0.0,0.0,0.0,0.0,1.0,0.0,1.0,1.0,0.0,0.0,0.0,0.0,0.0,1.0,1.0,1.0,1.0,0.0,0.0,1.0,1.0,15.0,40.0,10.0
162027,Baghla,706,187,99,91,0,58.67,12.033407192773138,0.14022662889518414,0.12889518413597734,0.0,0.0,0.0,0.0,0.0,0.0,0.0,1.0,0.0,1.0,1.0,0.0,0.0,0.0,0.0,0.0,1.0,0.0,1.0,0.0,0.0,1.0,1.0,1.0,11.0,37.0,37.0
162028,Ghoghar,406,129,70,35,0,148.0,2.7432432432432434,0.1724137931034483,0.08620689655172414,0.0,0.0,0.0,0.0,0.0,0.0,0.0,1.0,0.0,1.0,1.0,0.0,1.0,0.0,0.0,0.0,0.0,0.0,1.0,1.0,0.0,0.0,1.0,1.0,15.0,42.0,7.0
162029,Madanpur,1288,221,151,496,0,318.68,4.041671896573365,0.1172360248447205,0.38509316770186336,0.0,0.0,0.0,0.0,0.0,0.0,0.0,1.0,0.0,1.0,0.0,0.0,0.0,0.0,0.0,0.0,1.0,0.0,1.0,0.0,0.0,1.0,1.0,1.0,12.0,30.0,10.0
162030,Chak Antri Dubha,25,4,6,0,0,103.0,0.24271844660194175,0.24,0.0,0.0,0.0,0.0,0.0,0.0,0.0,0.0,0.0,0.0,0.0,0.0,0.0,1.0,0.0,0.0,0.0,0.0,0.0,1.0,0.0,0.0,0.0,0.0,0.0,12.0,40.0,6.0
162031,Laund Khurd,1122,230,209,400,2,283.85,3.9527919675885146,0.18627450980392157,0.35650623885918004,0.0017825311942959,0.0,0.0,0.0,0.0,0.0,0.0,1.0,0.0,1.0,0.0,0.0,0.0,0.0,1.0,0.0,1.0,0.0,1.0,0.0,0.0,1.0,1.0,1.0,10.0,345.0,34.0
162032,Biharia,2191,382,407,912,0,958.86,2.285005110235071,0.18575992697398447,0.4162482884527613,0.0,0.0,0.0,1.0,0.0,0.0,0.0,1.0,0.0,0.0,1.0,0.0,0.0,0.0,0.0,1.0,1.0,0.0,0.0,0.0,0.0,1.0,1.0,1.0,20.0,65.0,10.0
162033,Janwan,1552,282,341,745,0,642.78,2.414511963657861,0.21971649484536082,0.4800257731958763,0.0,0.0,0.0,0.0,0.0,0.0,0.0,1.0,1.0,0.0,0.0,0.0,1.0,1.0,1.0,1.0,1.0,1.0,1.0,0.0,0.0,0.0,1.0,1.0,19.0,49.0,49.0
162034,Amgodar,486,85,96,251,0,141.74,3.42881332016368,0.19753086419753085,0.5164609053497943,0.0,0.0,0.0,0.0,0.0,0.0,0.0,1.0,1.0,0.0,0.0,0.0,0.0,1.0,1.0,1.0,0.0,1.0,1.0,0.0,0.0,0.0,1.0,0.0,18.0,48.0,48.0
162035,Abhaipur,1142,267,197,858,0,276.25,4.133936651583711,0.1725043782837128,0.7513134851138353,0.0,0.0,0.0,0.0,0.0,0.0,0.0,0.0,0.0,0.0,0.0,0.0,0.0,0.0,0.0,1.0,1.0,1.0,0.0,0.0,0.0,0.0,1.0,1.0,18.0,42.0,42.0
162036,Ledar,766,108,28,5,0,488.75,1.5672634271099743,0.03655352480417755,0.006527415143603133,0.0,0.0,0.0,0.0,0.0,0.0,0.0,1.0,1.0,0.0,0.0,0.0,1.0,1.0,1.0,1.0,1.0,1.0,1.0,0.0,0.0,1.0,1.0,1.0,18.0,48.0,48.0
162037,Chak Arazi Garhwa,997,231,264,959,0,115.24,8.651509892398472,0.26479438314944836,0.9618856569709128,0.0,0.0,0.0,0.0,0.0,0.0,0.0,1.0,0.0,0.0,0.0,0.0,1.0,0.0,1.0,1.0,1.0,1.0,0.0,1.0,0.0,0.0,1.0,1.0,15.0,55.0,55.0
162038,Ghivdoda,17,6,3,9,0,160.66,0.1058135192331632,0.17647058823529413,0.5294117647058824,0.0,0.0,0.0,0.0,0.0,0.0,0.0,0.0,0.0,1.0,0.0,0.0,1.0,0.0,0.0,0.0,0.0,0.0,1.0,1.0,0.0,0.0,0.0,0.0,15.0,55.0,55.0
162039,Baisa,143,23,17,0,0,229.0,0.6244541484716157,0.11888111888111888,0.0,0.0,0.0,0.0,0.0,0.0,0.0,1.0,1.0,1.0,0.0,1.0,0.0,1.0,0.0,0.0,0.0,0.0,1.0,1.0,1.0,0.0,0.0,0.0,0.0,14.0,44.0,3.0
162040,Sheorajpur,2564,446,513,1199,0,719.1,3.565568071200111,0.2000780031201248,0.4676287051482059,0.0,0.0,0.0,0.0,0.0,0.0,1.0,1.0,1.0,0.0,0.0,0.0,1.0,1.0,1.0,1.0,1.0,1.0,1.0,1.0,0.0,1.0,1.0,1.0,12.0,40.0,40.0
162041,Benipur,2232,366,405,723,0,696.0,3.206896551724138,0.1814516129032258,0.3239247311827957,0.0,0.0,0.0,0.0,0.0,0.0,0.0,1.0,1.0,1.0,0.0,1.0,0.0,1.0,1.0,1.0,1.0,1.0,1.0,1.0,1.0,1.0,1.0,1.0,14.0,44.0,3.0
162042,Garha,2680,494,538,2218,0,503.06,5.327396334433268,0.2007462686567164,0.8276119402985075,0.0,0.0,0.0,0.0,0.0,0.0,0.0,1.0,0.0,0.0,0.0,0.0,1.0,1.0,0.0,1.0,1.0,1.0,0.0,1.0,0.0,1.0,1.0,1.0,13.0,50.0,50.0
162043,Kaotha,181,55,30,119,0,63.57,2.8472549944942585,0.16574585635359115,0.6574585635359116,0.0,,,,,,,,,,,,,,,,,,,,,1.0,1.0,1.0,10.0,40.0,40.0
162044,Lakhanpur,1517,281,213,323,242,358.2,4.235064209938582,0.14040870138431114,0.2129202373104812,0.15952537903757416,0.0,0.0,0.0,0.0,0.0,0.0,1.0,0.0,0.0,0.0,0.0,0.0,0.0,0.0,1.0,0.0,0.0,0.0,0.0,0.0,1.0,1.0,1.0,10.0,45.0,45.0
162045,Hinauti Pandey,925,131,148,458,0,298.6,3.0977896851975886,0.16,0.49513513513513513,0.0,0.0,0.0,0.0,0.0,0.0,0.0,1.0,0.0,0.0,0.0,0.0,1.0,0.0,0.0,0.0,0.0,0.0,1.0,0.0,0.0,1.0,1.0,1.0,15.0,46.0,46.0
162046,Malapur,644,105,103,62,0,170.2,3.783783783783784,0.15993788819875776,0.09627329192546584,0.0,0.0,0.0,0.0,0.0,0.0,1.0,1.0,1.0,0.0,1.0,0.0,1.0,0.0,0.0,0.0,0.0,0.0,1.0,0.0,0.0,1.0,1.0,1.0,15.0,45.0,45.0
162047,Kapsu Antri,456,76,108,52,0,374.32,1.2182090190211583,0.23684210526315788,0.11403508771929824,0.0,0.0,0.0,0.0,0.0,0.0,1.0,1.0,1.0,0.0,1.0,0.0,0.0,0.0,0.0,0.0,0.0,0.0,1.0,0.0,0.0,0.0,0.0,0.0,15.0,40.0,40.0
162048,Kapari,1990,358,367,858,0,513.3,3.8768751217611537,0.1844221105527638,0.4311557788944724,0.0,0.0,0.0,0.0,0.0,0.0,0.0,1.0,0.0,0.0,0.0,0.0,0.0,1.0,1.0,1.0,1.0,0.0,1.0,0.0,0.0,1.0,1.0,1.0,8.0,35.0,35.0
162049,Khan Semra,842,140,195,578,0,413.99,2.033865552308027,0.23159144893111638,0.6864608076009501,0.0,0.0,0.0,0.0,0.0,0.0,0.0,1.0,0.0,1.0,1.0,0.0,0.0,1.0,1.0,1.0,1.0,0.0,0.0,1.0,0.0,0.0,1.0,1.0,10.0,40.0,40.0
162050,Berui,645,100,121,152,0,156.39,4.124304623057741,0.1875968992248062,0.23565891472868217,0.0,0.0,0.0,0.0,0.0,0.0,0.0,1.0,0.0,0.0,0.0,0.0,1.0,0.0,0.0,0.0,1.0,0.0,1.0,0.0,0.0,1.0,1.0,1.0,9.0,38.0,38.0
162051,Lakhar,427,65,70,38,0,61.2,6.977124183006536,0.16393442622950818,0.08899297423887588,0.0,0.0,0.0,0.0,0.0,0.0,1.0,1.0,0.0,1.0,0.0,0.0,0.0,0.0,0.0,1.0,1.0,0.0,1.0,0.0,0.0,0.0,0.0,0.0,15.0,40.0,40.0
162052,Jorwat,1079,204,166,410,40,194.02,5.561282342026595,0.15384615384615385,0.3799814643188137,0.03707136237256719,0.0,0.0,0.0,0.0,0.0,0.0,1.0,0.0,1.0,1.0,0.0,0.0,0.0,1.0,0.0,1.0,1.0,1.0,0.0,0.0,1.0,1.0,1.0,12.0,47.0,47.0
162053,Tala,791,134,86,439,0,98.45,8.03453529710513,0.10872313527180784,0.5549936788874842,0.0,0.0,0.0,0.0,0.0,0.0,0.0,1.0,0.0,0.0,0.0,0.0,1.0,0.0,0.0,0.0,1.0,0.0,1.0,0.0,0.0,0.0,1.0,1.0,15.0,45.0,45.0
162054,Chundwa,1032,186,133,155,0,123.92,8.327953518398967,0.12887596899224807,0.1501937984496124,0.0,0.0,0.0,0.0,0.0,0.0,0.0,1.0,0.0,0.0,0.0,0.0,1.0,0.0,0.0,0.0,1.0,0.0,1.0,0.0,0.0,1.0,1.0,1.0,15.0,47.0,47.0
162055,Majhiari Bahelia,298,54,49,23,0,33.46,8.906156604901375,0.1644295302013423,0.07718120805369127,0.0,0.0,0.0,0.0,0.0,0.0,0.0,1.0,0.0,0.0,0.0,0.0,1.0,0.0,0.0,0.0,0.0,0.0,1.0,0.0,0.0,1.0,1.0,1.0,15.0,47.0,47.0
162056,Pagwar,1623,321,286,841,0,175.0,9.274285714285714,0.17621688231669747,0.5181762168823167,0.0,0.0,0.0,0.0,0.0,0.0,1.0,1.0,0.0,1.0,1.0,0.0,0.0,0.0,1.0,1.0,1.0,1.0,1.0,0.0,0.0,1.0,1.0,1.0,12.0,47.0,47.0
162057,Bakuliha,209,31,26,76,0,65.12,3.209459459459459,0.12440191387559808,0.36363636363636365,0.0,0.0,0.0,0.0,0.0,0.0,0.0,1.0,0.0,1.0,0.0,0.0,1.0,0.0,0.0,0.0,1.0,1.0,1.0,0.0,0.0,0.0,0.0,1.0,13.0,48.0,48.0
162058,Matarwar,76,12,12,0,0,92.45,0.822065981611682,0.15789473684210525,0.0,0.0,0.0,0.0,0.0,0.0,0.0,0.0,1.0,0.0,1.0,0.0,0.0,1.0,0.0,0.0,0.0,1.0,1.0,1.0,0.0,0.0,0.0,0.0,1.0,14.0,49.0,49.0
162059,Gorkha,433,78,76,109,0,104.12,4.158663081060315,0.17551963048498845,0.2517321016166282,0.0,0.0,0.0,0.0,0.0,0.0,0.0,1.0,0.0,1.0,0.0,0.0,1.0,0.0,0.0,0.0,1.0,1.0,1.0,0.0,0.0,0.0,1.0,1.0,16.0,50.0,50.0
162060,Bushra,1460,271,195,499,0,605.69,2.410474004853968,0.13356164383561644,0.34178082191780823,0.0,0.0,0.0,0.0,0.0,0.0,0.0,1.0,0.0,1.0,1.0,0.0,0.0,0.0,0.0,0.0,1.0,1.0,0.0,1.0,0.0,1.0,1.0,1.0,18.0,58.0,10.0
162061,Rai Patna,234,47,43,60,0,250.0,0.936,0.18376068376068377,0.2564102564102564,0.0,0.0,0.0,0.0,0.0,0.0,0.0,1.0,0.0,0.0,0.0,0.0,1.0,0.0,0.0,0.0,0.0,0.0,1.0,0.0,0.0,0.0,1.0,1.0,14.0,44.0,44.0
162062,Bandhwa,1256,198,241,535,0,178.28,7.045097599282029,0.19187898089171976,0.42595541401273884,0.0,0.0,0.0,0.0,0.0,0.0,0.0,1.0,0.0,1.0,1.0,0.0,1.0,0.0,0.0,0.0,1.0,0.0,1.0,0.0,0.0,0.0,1.0,1.0,10.0,34.0,34.0
162063,Osa,1254,191,196,426,0,334.92,3.7441777140809744,0.15629984051036683,0.3397129186602871,0.0,0.0,0.0,0.0,0.0,0.0,0.0,1.0,1.0,1.0,1.0,0.0,0.0,0.0,0.0,0.0,1.0,1.0,1.0,1.0,0.0,1.0,1.0,1.0,9.0,40.0,40.0
162064,Telghana,1073,166,155,139,2,369.61,2.9030599821433403,0.14445479962721341,0.12954333643988816,0.001863932898415657,0.0,0.0,0.0,0.0,0.0,0.0,1.0,0.0,0.0,0.0,0.0,1.0,0.0,0.0,0.0,1.0,1.0,1.0,0.0,0.0,1.0,1.0,1.0,12.0,36.0,36.0
162065,Sonbarsa,1671,558,236,782,1,736.56,2.268654284783317,0.1412327947336924,0.4679832435667265,0.0005984440454817474,0.0,0.0,0.0,0.0,0.0,0.0,1.0,0.0,1.0,1.0,0.0,1.0,0.0,0.0,0.0,1.0,0.0,1.0,1.0,0.0,1.0,1.0,1.0,15.0,40.0,40.0
162066,Pura Gaja,324,47,52,35,0,181.29,1.787191792156214,0.16049382716049382,0.10802469135802469,0.0,0.0,0.0,0.0,0.0,0.0,0.0,1.0,0.0,1.0,1.0,0.0,0.0,0.0,0.0,0.0,1.0,0.0,1.0,1.0,0.0,0.0,1.0,1.0,15.0,40.0,40.0
162067,Sidh Tikar,2244,650,333,683,13,591.73,3.79227012319808,0.1483957219251337,0.30436720142602497,0.005793226381461676,0.0,0.0,0.0,0.0,0.0,0.0,1.0,0.0,1.0,1.0,0.0,1.0,0.0,0.0,0.0,1.0,1.0,1.0,1.0,0.0,1.0,1.0,1.0,18.0,38.0,38.0
162068,Kherhar Kalan,863,194,75,317,0,203.71,4.23641451082421,0.08690614136732329,0.36732329084588644,0.0,0.0,0.0,0.0,0.0,0.0,0.0,1.0,0.0,1.0,1.0,0.0,1.0,1.0,1.0,0.0,1.0,0.0,1.0,0.0,0.0,1.0,1.0,1.0,25.0,35.0,35.0
162069,Room,1301,458,190,231,0,352.63,3.6894195048634546,0.1460415065334358,0.17755572636433511,0.0,0.0,0.0,0.0,0.0,0.0,0.0,1.0,0.0,1.0,1.0,0.0,0.0,0.0,0.0,0.0,1.0,1.0,1.0,1.0,0.0,0.0,1.0,1.0,30.0,42.0,42.0
162070,Othgi Uperhar,284,47,54,35,0,151.2,1.8783068783068784,0.19014084507042253,0.12323943661971831,0.0,0.0,0.0,0.0,0.0,0.0,0.0,1.0,0.0,0.0,0.0,0.0,0.0,0.0,0.0,0.0,0.0,0.0,1.0,1.0,0.0,0.0,1.0,1.0,32.0,40.0,40.0
162071,Bansi,1209,303,197,612,0,355.75,3.398453970484891,0.16294458229942102,0.5062034739454094,0.0,0.0,0.0,0.0,0.0,0.0,0.0,1.0,0.0,1.0,1.0,0.0,0.0,0.0,0.0,0.0,1.0,0.0,1.0,1.0,0.0,1.0,1.0,1.0,23.0,40.0,20.0
162072,Juhi,2078,557,254,530,0,862.04,2.410560994849427,0.12223291626564003,0.2550529355149182,0.0,0.0,0.0,0.0,0.0,0.0,0.0,1.0,0.0,1.0,1.0,0.0,0.0,0.0,0.0,0.0,0.0,0.0,1.0,0.0,0.0,1.0,1.0,1.0,28.0,48.0,48.0
162073,Kohandia,2236,340,368,730,0,736.97,3.034044805080261,0.16457960644007155,0.32647584973166366,0.0,0.0,0.0,0.0,0.0,0.0,0.0,1.0,0.0,1.0,1.0,0.0,1.0,0.0,0.0,0.0,1.0,1.0,0.0,0.0,0.0,1.0,1.0,1.0,35.0,45.0,18.0
162074,Jamohara Brahman,0,0,0,0,0,25.4,0.0,,,,,,,,,,,,,,,,,,,,,,,,,,,35.0,45.0,45.0
162075,Jamohara Bhat,487,90,93,236,0,81.69,5.961562002693109,0.19096509240246407,0.48459958932238195,0.0,0.0,0.0,0.0,0.0,0.0,0.0,1.0,0.0,0.0,0.0,0.0,1.0,0.0,0.0,0.0,1.0,1.0,0.0,0.0,0.0,0.0,1.0,1.0,35.0,45.0,45.0
162076,Dihwa,215,33,44,0,0,115.8,1.8566493955094991,0.20465116279069767,0.0,0.0,0.0,0.0,0.0,0.0,0.0,0.0,1.0,0.0,1.0,0.0,0.0,0.0,1.0,0.0,0.0,1.0,1.0,1.0,1.0,0.0,0.0,1.0,1.0,19.0,39.0,39.0
162077,Harro,2603,465,444,1053,91,369.74,7.040082219938335,0.17057241644256627,0.4045332308874376,0.03495966192854399,0.0,0.0,0.0,0.0,0.0,0.0,1.0,0.0,1.0,1.0,0.0,1.0,1.0,0.0,0.0,1.0,1.0,0.0,0.0,0.0,1.0,1.0,1.0,15.0,42.0,42.0
162078,Batpara,69,11,5,0,0,40.3,1.7121588089330027,0.07246376811594203,0.0,0.0,0.0,0.0,0.0,0.0,0.0,0.0,1.0,0.0,1.0,1.0,0.0,1.0,0.0,0.0,0.0,0.0,0.0,0.0,0.0,0.0,0.0,1.0,1.0,32.0,42.0,42.0
162079,Banbeharia,678,113,85,68,0,159.29,4.256387720509762,0.12536873156342182,0.10029498525073746,0.0,0.0,0.0,0.0,0.0,0.0,0.0,1.0,0.0,1.0,1.0,0.0,0.0,0.0,0.0,0.0,1.0,0.0,0.0,0.0,0.0,0.0,1.0,1.0,32.0,43.0,43.0
162080,Dera,1637,326,286,639,0,406.48,4.027258413698091,0.17470983506414173,0.39034819792302994,0.0,0.0,0.0,0.0,0.0,0.0,1.0,1.0,0.0,1.0,1.0,0.0,0.0,0.0,0.0,0.0,1.0,0.0,0.0,1.0,0.0,1.0,1.0,1.0,15.0,45.0,45.0
162081,Bajaddi,1175,183,214,276,0,396.77,2.9614134133124987,0.18212765957446808,0.2348936170212766,0.0,0.0,0.0,0.0,0.0,0.0,0.0,1.0,0.0,1.0,0.0,0.0,0.0,0.0,0.0,1.0,1.0,0.0,0.0,1.0,0.0,1.0,1.0,1.0,25.0,45.0,45.0
162082,Surwal Sahini,1703,295,308,534,47,286.16,5.951216102879507,0.180857310628303,0.31356429829712273,0.02759835584263065,0.0,0.0,0.0,0.0,0.0,1.0,1.0,0.0,0.0,1.0,0.0,0.0,0.0,1.0,1.0,1.0,0.0,1.0,1.0,0.0,1.0,1.0,1.0,20.0,40.0,40.0
162083,Surwalchand Puriya,259,43,38,0,0,113.59,2.2801302931596092,0.14671814671814673,0.0,0.0,0.0,0.0,0.0,0.0,0.0,0.0,1.0,0.0,0.0,0.0,0.0,1.0,0.0,0.0,0.0,0.0,0.0,0.0,0.0,0.0,1.0,1.0,1.0,20.0,42.0,42.0
162084,Deori Bargahi,18,5,3,0,0,60.97,0.2952271608988027,0.16666666666666666,0.0,0.0,,,,,,0.0,0.0,0.0,0.0,0.0,0.0,1.0,1.0,1.0,1.0,0.0,0.0,1.0,,,1.0,1.0,1.0,23.0,40.0,40.0
162085,Mawaiya Kalan,2276,428,422,485,4,523.89,4.344423447670312,0.18541300527240773,0.21309314586994726,0.0017574692442882249,0.0,0.0,0.0,0.0,0.0,0.0,1.0,0.0,1.0,1.0,0.0,1.0,0.0,1.0,1.0,1.0,1.0,1.0,0.0,0.0,1.0,1.0,1.0,25.0,45.0,45.0
162086,Phultara,1577,345,250,450,1,414.23,3.807063708567704,0.15852885225110971,0.2853519340519975,0.0006341154090044388,0.0,0.0,0.0,0.0,0.0,0.0,1.0,0.0,1.0,1.0,0.0,1.0,0.0,0.0,0.0,1.0,0.0,1.0,0.0,0.0,1.0,1.0,1.0,25.0,45.0,45.0
162087,Salaiya Paniyari,374,73,59,230,0,167.18,2.237109702117478,0.15775401069518716,0.6149732620320856,0.0,0.0,0.0,0.0,0.0,0.0,0.0,1.0,0.0,1.0,0.0,0.0,1.0,0.0,0.0,0.0,0.0,0.0,1.0,0.0,0.0,1.0,1.0,1.0,20.0,40.0,40.0
162088,Salaiya Khurd,650,121,111,33,0,117.54,5.530032329419772,0.17076923076923076,0.05076923076923077,0.0,0.0,0.0,0.0,0.0,0.0,0.0,1.0,0.0,0.0,0.0,0.0,1.0,0.0,0.0,0.0,0.0,0.0,0.0,0.0,0.0,1.0,1.0,1.0,20.0,40.0,40.0
162089,Dihar Salaiya,307,56,41,0,0,58.07,5.2867229206130535,0.13355048859934854,0.0,0.0,0.0,0.0,0.0,0.0,0.0,0.0,1.0,0.0,1.0,0.0,0.0,1.0,0.0,0.0,0.0,0.0,0.0,1.0,0.0,0.0,0.0,1.0,1.0,20.0,40.0,40.0
162090,Biharia Salaiya,889,192,122,12,0,69.58,12.776659959758552,0.1372328458942632,0.013498312710911136,0.0,0.0,0.0,0.0,0.0,0.0,0.0,1.0,0.0,1.0,0.0,0.0,1.0,0.0,0.0,0.0,0.0,0.0,0.0,0.0,0.0,0.0,1.0,1.0,20.0,40.0,40.0
162091,Chhatar Garh,1183,256,230,0,0,160.47,7.37209447248707,0.1944209636517329,0.0,0.0,0.0,0.0,0.0,0.0,0.0,0.0,1.0,0.0,1.0,0.0,0.0,1.0,0.0,0.0,0.0,0.0,0.0,0.0,0.0,0.0,0.0,1.0,1.0,28.0,45.0,45.0
162092,Jar Khori,1346,299,247,44,0,249.65,5.391548167434408,0.18350668647845467,0.03268945022288262,0.0,0.0,0.0,0.0,0.0,0.0,0.0,1.0,0.0,1.0,0.0,0.0,1.0,0.0,0.0,0.0,0.0,0.0,0.0,0.0,0.0,0.0,1.0,1.0,20.0,40.0,40.0
162093,Gobar Hewar,436,145,43,31,0,84.22,5.176917596770363,0.09862385321100918,0.07110091743119266,0.0,0.0,0.0,0.0,0.0,0.0,0.0,1.0,0.0,1.0,1.0,0.0,1.0,0.0,0.0,0.0,1.0,1.0,1.0,0.0,0.0,0.0,1.0,1.0,15.0,48.0,48.0
162094,Deo Khariya,151,30,30,80,0,47.96,3.1484570475396163,0.1986754966887417,0.5298013245033113,0.0,0.0,0.0,0.0,0.0,0.0,0.0,1.0,0.0,0.0,0.0,0.0,1.0,0.0,0.0,0.0,0.0,0.0,1.0,0.0,0.0,0.0,1.0,1.0,18.0,51.0,51.0
162095,Naika,197,32,42,0,0,87.35,2.2552947910704066,0.2131979695431472,0.0,0.0,0.0,0.0,0.0,0.0,0.0,0.0,1.0,0.0,0.0,0.0,0.0,1.0,0.0,0.0,0.0,0.0,0.0,1.0,0.0,0.0,0.0,1.0,1.0,26.0,56.0,56.0
162096,Magha,220,35,29,109,0,64.1,3.43213728549142,0.1318181818181818,0.4954545454545455,0.0,0.0,0.0,0.0,0.0,0.0,0.0,1.0,0.0,0.0,0.0,0.0,1.0,0.0,0.0,0.0,0.0,0.0,0.0,0.0,0.0,0.0,1.0,1.0,25.0,55.0,55.0
162097,Kalyanpur,1359,279,226,586,0,282.75,4.8063660477453585,0.16629874908020603,0.4311994113318617,0.0,0.0,0.0,0.0,0.0,0.0,0.0,1.0,0.0,0.0,1.0,0.0,0.0,0.0,0.0,0.0,1.0,0.0,1.0,0.0,0.0,1.0,1.0,1.0,15.0,45.0,45.0
162098,Gobra Sangram,96,19,14,0,0,61.42,1.5630087919244546,0.14583333333333334,0.0,0.0,0.0,0.0,0.0,0.0,0.0,0.0,1.0,0.0,0.0,0.0,0.0,1.0,0.0,0.0,0.0,0.0,0.0,1.0,0.0,0.0,0.0,0.0,1.0,18.0,47.0,47.0
162099,Badhaiya,527,175,60,138,0,105.08,5.015226494099734,0.11385199240986717,0.2618595825426945,0.0,0.0,0.0,0.0,0.0,0.0,0.0,1.0,0.0,1.0,0.0,1.0,0.0,1.0,0.0,0.0,1.0,0.0,1.0,0.0,0.0,1.0,1.0,1.0,15.0,47.0,47.0
162100,Beohari,195,44,42,148,0,81.22,2.400886481162275,0.2153846153846154,0.7589743589743589,0.0,0.0,0.0,0.0,0.0,0.0,0.0,1.0,0.0,1.0,1.0,0.0,0.0,0.0,0.0,0.0,1.0,0.0,1.0,0.0,0.0,0.0,0.0,0.0,15.0,45.0,5.0
162101,Gadamar,535,93,91,190,0,152.47,3.5088869941627863,0.17009345794392525,0.35514018691588783,0.0,0.0,0.0,0.0,0.0,0.0,0.0,1.0,0.0,1.0,1.0,0.0,0.0,0.0,0.0,0.0,1.0,0.0,1.0,0.0,0.0,0.0,1.0,1.0,15.0,45.0,45.0
162102,Tikrohini Khurd,96,13,7,0,0,26.21,3.662724151087371,0.07291666666666667,0.0,0.0,0.0,0.0,0.0,0.0,0.0,0.0,1.0,0.0,0.0,1.0,0.0,0.0,0.0,0.0,0.0,1.0,1.0,1.0,0.0,0.0,0.0,0.0,0.0,24.0,45.0,45.0
162103,Tikrohini Hari,0,0,0,0,0,31.64,0.0,,,,,,,,,,,,,,,,,,,,,,,,,,,24.0,45.0,45.0
162104,Karia Khurd,1443,257,194,402,0,273.69,5.272388468705469,0.13444213444213443,0.2785862785862786,0.0,0.0,0.0,0.0,0.0,0.0,0.0,1.0,0.0,1.0,1.0,0.0,0.0,0.0,0.0,1.0,1.0,1.0,1.0,1.0,0.0,1.0,1.0,1.0,25.0,48.0,48.0
162105,Mohini,0,0,0,0,0,9.55,0.0,,,,,,,,,,,,,,,,,,,,,,,,,,,16.0,45.0,45.0
162106,Ghorha Beonri,0,0,0,0,0,15.44,0.0,,,,,,,,,,,,,,,,,,,,,,,,,,,15.0,45.0,45.0
162107,Dhorha Kalyanpur,179,28,11,1,0,51.62,3.467648198372724,0.061452513966480445,0.00558659217877095,0.0,0.0,0.0,0.0,0.0,0.0,0.0,1.0,0.0,0.0,1.0,0.0,0.0,0.0,0.0,0.0,1.0,0.0,1.0,0.0,0.0,0.0,0.0,0.0,16.0,45.0,7.0
162108,Behariya Kalyanpur,124,23,15,0,0,110.55,1.1216644052464948,0.12096774193548387,0.0,0.0,0.0,0.0,0.0,0.0,0.0,0.0,1.0,0.0,0.0,0.0,0.0,0.0,0.0,0.0,0.0,1.0,0.0,1.0,0.0,0.0,0.0,1.0,0.0,16.0,45.0,45.0
162109,Mawaiya Pahalwan,1030,173,204,443,0,168.1,6.12730517549078,0.19805825242718447,0.4300970873786408,0.0,0.0,0.0,0.0,0.0,0.0,0.0,1.0,0.0,0.0,1.0,0.0,0.0,0.0,0.0,0.0,1.0,0.0,1.0,0.0,0.0,0.0,1.0,1.0,16.0,45.0,45.0
162110,Mawaiya Raksel,263,53,58,190,0,97.3,2.7029804727646454,0.22053231939163498,0.7224334600760456,0.0,0.0,0.0,0.0,0.0,0.0,0.0,1.0,1.0,1.0,1.0,0.0,1.0,0.0,0.0,1.0,1.0,1.0,1.0,1.0,0.0,0.0,0.0,0.0,25.0,45.0,45.0
162111,Bairi,120,16,18,8,0,72.86,1.6469942355201757,0.15,0.06666666666666667,0.0,0.0,0.0,0.0,0.0,0.0,0.0,1.0,1.0,1.0,1.0,0.0,1.0,0.0,0.0,0.0,1.0,0.0,1.0,0.0,0.0,1.0,1.0,1.0,25.0,50.0,50.0
162112,Bashara Uperhar,1650,291,262,556,0,609.16,2.7086479742596365,0.15878787878787878,0.336969696969697,0.0,0.0,0.0,0.0,0.0,0.0,0.0,1.0,0.0,1.0,1.0,0.0,1.0,0.0,0.0,0.0,1.0,1.0,0.0,0.0,0.0,1.0,1.0,1.0,22.0,51.0,51.0
162113,Ankoria,988,172,143,318,0,228.8,4.318181818181818,0.14473684210526316,0.32186234817813764,0.0,0.0,0.0,0.0,0.0,0.0,0.0,1.0,0.0,1.0,1.0,0.0,0.0,0.0,0.0,0.0,1.0,1.0,1.0,1.0,0.0,1.0,1.0,1.0,22.0,50.0,50.0
162114,Antari Bashar,0,0,0,0,0,19.4,0.0,,,,,,,,,,,,,,,,,,,,,,,,,,,20.0,47.0,47.0
162115,Pura Gangachh,599,114,115,242,6,303.37,1.9744866005208161,0.19198664440734559,0.4040066777963272,0.01001669449081803,0.0,0.0,0.0,0.0,0.0,0.0,1.0,0.0,1.0,1.0,0.0,0.0,0.0,0.0,0.0,1.0,1.0,1.0,1.0,0.0,0.0,1.0,1.0,24.0,53.0,53.0
162116,Pura Baghel,977,164,119,238,0,222.08,4.399315561959654,0.1218014329580348,0.2436028659160696,0.0,0.0,0.0,0.0,0.0,0.0,0.0,1.0,0.0,1.0,1.0,1.0,0.0,0.0,0.0,0.0,1.0,1.0,1.0,1.0,0.0,0.0,1.0,1.0,24.0,53.0,53.0
162117,Antari Samdaria,311,49,35,28,0,15.03,20.691949434464405,0.11254019292604502,0.09003215434083602,0.0,0.0,0.0,0.0,0.0,0.0,0.0,1.0,0.0,1.0,1.0,0.0,0.0,0.0,0.0,0.0,1.0,1.0,1.0,1.0,0.0,0.0,1.0,0.0,25.0,55.0,55.0
162118,Kasauta,199,29,38,92,0,178.73,1.113411290773793,0.19095477386934673,0.4623115577889447,0.0,0.0,0.0,0.0,0.0,0.0,0.0,1.0,0.0,1.0,1.0,0.0,0.0,0.0,0.0,1.0,1.0,1.0,1.0,1.0,0.0,1.0,1.0,1.0,25.0,55.0,55.0
162119,Belkharia,573,88,93,213,0,73.88,7.755820249052518,0.16230366492146597,0.3717277486910995,0.0,0.0,0.0,0.0,0.0,0.0,0.0,1.0,0.0,1.0,1.0,0.0,0.0,0.0,0.0,1.0,1.0,0.0,0.0,0.0,0.0,1.0,1.0,1.0,23.0,52.0,52.0
162120,Tikrohin Kalan,661,116,101,345,0,357.69,1.8479689116273867,0.15279878971255673,0.5219364599092284,0.0,0.0,0.0,0.0,0.0,0.0,0.0,1.0,0.0,0.0,1.0,1.0,0.0,0.0,0.0,0.0,0.0,0.0,0.0,0.0,0.0,1.0,1.0,1.0,23.0,52.0,52.0
162121,Pohpa Khurd,0,0,0,0,0,34.81,0.0,,,,,,,,,,,,,,,,,,,,,,,,,,,25.0,50.0,50.0
162122,Pohpa Kalan,0,0,0,0,0,64.7,0.0,,,,,,,,,,,,,,,,,,,,,,,,,,,23.0,49.0,49.0
162123,Baridhari,2,1,0,0,0,64.71,0.030907124092103232,0.0,0.0,0.0,0.0,0.0,0.0,0.0,0.0,0.0,0.0,0.0,0.0,0.0,0.0,1.0,0.0,0.0,0.0,0.0,0.0,0.0,0.0,0.0,0.0,0.0,0.0,25.0,60.0,60.0
162124,Sonpura,652,115,88,11,0,136.57,4.774108515779454,0.13496932515337423,0.01687116564417178,0.0,0.0,0.0,0.0,0.0,0.0,0.0,1.0,0.0,0.0,1.0,0.0,1.0,0.0,0.0,0.0,1.0,0.0,1.0,0.0,0.0,0.0,1.0,1.0,22.0,50.0,50.0
162125,Dhari,130,14,24,0,0,80.56,1.6137040714995035,0.18461538461538463,0.0,0.0,0.0,0.0,0.0,0.0,0.0,0.0,1.0,0.0,1.0,1.0,0.0,1.0,0.0,0.0,0.0,0.0,0.0,1.0,0.0,0.0,0.0,0.0,1.0,20.0,48.0,48.0
162126,Ramapur,224,44,36,43,0,166.06,1.348910032518367,0.16071428571428573,0.19196428571428573,0.0,0.0,0.0,0.0,0.0,0.0,0.0,1.0,1.0,1.0,1.0,0.0,1.0,0.0,0.0,1.0,1.0,0.0,0.0,1.0,0.0,1.0,1.0,1.0,20.0,50.0,25.0
162127,Pahari Khurd,530,103,95,379,0,103.65,5.113362276893391,0.1792452830188679,0.7150943396226415,0.0,0.0,0.0,0.0,0.0,0.0,0.0,1.0,0.0,1.0,1.0,0.0,0.0,0.0,0.0,1.0,1.0,1.0,1.0,1.0,0.0,1.0,1.0,1.0,25.0,50.0,50.0
162128,Fariha Gosain,0,0,0,0,0,31.87,0.0,,,,,,,,,,,,,,,,,,,,,,,,,,,25.0,50.0,50.0
162129,Fariha Ojha,68,14,11,11,0,86.68,0.7844946931241347,0.16176470588235295,0.16176470588235295,0.0,0.0,0.0,0.0,0.0,0.0,0.0,0.0,1.0,0.0,0.0,0.0,1.0,0.0,0.0,1.0,1.0,1.0,1.0,1.0,0.0,0.0,0.0,0.0,25.0,50.0,50.0
162130,Kaithi,29,6,6,26,0,158.43,0.18304614025121504,0.20689655172413793,0.896551724137931,0.0,0.0,0.0,0.0,0.0,0.0,0.0,1.0,1.0,0.0,0.0,0.0,0.0,0.0,0.0,0.0,1.0,1.0,0.0,0.0,0.0,0.0,1.0,1.0,30.0,55.0,55.0
162131,Bhandiwar,1763,496,338,1011,1,496.09,3.5537906428269066,0.19171866137266025,0.5734543391945547,0.0005672149744753262,0.0,0.0,0.0,0.0,0.0,0.0,1.0,0.0,1.0,1.0,0.0,0.0,0.0,1.0,0.0,1.0,1.0,1.0,0.0,0.0,1.0,1.0,1.0,25.0,45.0,45.0
162132,Tendua,603,97,78,85,0,89.76,6.717914438502674,0.12935323383084577,0.14096185737976782,0.0,0.0,0.0,0.0,0.0,0.0,0.0,1.0,0.0,1.0,1.0,0.0,1.0,0.0,0.0,0.0,1.0,1.0,1.0,0.0,0.0,1.0,1.0,1.0,24.0,46.0,46.0
162133,Kuwari Bhandwar,730,246,98,148,0,123.34,5.918598994648938,0.13424657534246576,0.20273972602739726,0.0,0.0,0.0,0.0,0.0,0.0,0.0,1.0,0.0,1.0,1.0,0.0,0.0,0.0,1.0,0.0,1.0,1.0,1.0,0.0,0.0,1.0,1.0,1.0,24.0,46.0,46.0
162134,Raipura Dixit,125,27,18,94,0,12.36,10.11326860841424,0.144,0.752,0.0,0.0,0.0,0.0,0.0,0.0,0.0,1.0,0.0,1.0,1.0,1.0,0.0,0.0,0.0,1.0,1.0,1.0,1.0,1.0,0.0,0.0,0.0,0.0,25.0,48.0,48.0
162135,Karia Kalan,1121,194,138,138,0,261.75,4.282712511938873,0.12310437109723461,0.12310437109723461,0.0,0.0,0.0,0.0,0.0,0.0,0.0,1.0,0.0,1.0,1.0,0.0,1.0,0.0,0.0,1.0,1.0,1.0,1.0,1.0,0.0,1.0,1.0,1.0,23.0,50.0,50.0
162136,Kulharia,0,0,0,0,0,50.89,0.0,,,,,,,,,,,,,,,,,,,,,,,,,,,25.0,45.0,45.0
162137,Deori Beni,1006,223,131,293,0,183.49,5.482587606954057,0.13021868787276342,0.2912524850894632,0.0,0.0,0.0,0.0,0.0,0.0,0.0,1.0,0.0,1.0,1.0,0.0,0.0,0.0,0.0,1.0,1.0,1.0,1.0,1.0,0.0,1.0,1.0,1.0,25.0,50.0,50.0
162138,Pura Bhattu,887,168,114,584,0,135.56,6.543228090882266,0.12852311161217586,0.6583990980834273,0.0,0.0,0.0,0.0,0.0,0.0,0.0,1.0,0.0,1.0,1.0,1.0,0.0,0.0,0.0,1.0,1.0,1.0,1.0,1.0,0.0,1.0,1.0,1.0,25.0,48.0,48.0
162139,Newaria,681,284,68,62,16,353.91,1.9242180215308975,0.09985315712187959,0.09104258443465492,0.023494860499265784,0.0,0.0,0.0,0.0,0.0,0.0,1.0,0.0,1.0,1.0,1.0,0.0,0.0,0.0,0.0,1.0,0.0,1.0,0.0,0.0,0.0,1.0,1.0,32.0,65.0,65.0
162140,Harkhoria Khurd,215,115,27,10,0,46.84,4.590093936806149,0.12558139534883722,0.046511627906976744,0.0,0.0,0.0,0.0,0.0,0.0,0.0,1.0,0.0,1.0,0.0,0.0,0.0,0.0,0.0,0.0,1.0,0.0,1.0,0.0,0.0,0.0,1.0,1.0,33.0,66.0,66.0
162141,Harkhoria Kalan,160,36,23,10,0,54.1,2.957486136783734,0.14375,0.0625,0.0,0.0,0.0,0.0,0.0,0.0,0.0,1.0,0.0,1.0,0.0,0.0,0.0,0.0,0.0,0.0,1.0,0.0,1.0,0.0,0.0,0.0,0.0,1.0,32.0,65.0,65.0
162142,Pahari Kalan,1154,235,206,454,0,323.68,3.56524962926347,0.17850953206239167,0.3934142114384749,0.0,0.0,0.0,0.0,0.0,0.0,0.0,1.0,0.0,1.0,1.0,0.0,1.0,0.0,0.0,0.0,1.0,0.0,1.0,0.0,0.0,1.0,1.0,1.0,30.0,62.0,62.0
162143,Nauriha Uperhar,1766,355,272,492,0,727.24,2.4283592761674275,0.15402038505096263,0.2785956964892412,0.0,0.0,0.0,0.0,0.0,0.0,0.0,1.0,0.0,1.0,0.0,0.0,0.0,0.0,0.0,0.0,1.0,0.0,1.0,0.0,0.0,1.0,1.0,1.0,29.0,56.0,56.0
162144,Naubasta,144,32,33,5,0,54.13,2.6602623314243488,0.22916666666666666,0.034722222222222224,0.0,0.0,0.0,0.0,0.0,0.0,0.0,1.0,0.0,0.0,0.0,0.0,1.0,0.0,0.0,0.0,0.0,1.0,1.0,0.0,0.0,0.0,1.0,1.0,32.0,59.0,59.0
162145,Singhpur,515,94,93,118,0,141.44,3.6411199095022626,0.18058252427184465,0.229126213592233,0.0,0.0,0.0,0.0,0.0,0.0,0.0,1.0,0.0,1.0,0.0,0.0,1.0,0.0,0.0,0.0,1.0,1.0,1.0,1.0,0.0,0.0,0.0,1.0,25.0,50.0,50.0
162146,Basidewa,185,32,22,13,0,81.51,2.2696601643970062,0.11891891891891893,0.07027027027027027,0.0,0.0,0.0,0.0,0.0,0.0,0.0,1.0,0.0,1.0,0.0,0.0,1.0,0.0,0.0,1.0,1.0,1.0,1.0,1.0,0.0,0.0,0.0,1.0,25.0,50.0,50.0
162147,Jigna,721,133,81,231,0,105.21,6.852960745176315,0.11234396671289876,0.32038834951456313,0.0,0.0,0.0,0.0,0.0,0.0,0.0,1.0,0.0,1.0,1.0,0.0,1.0,0.0,0.0,1.0,1.0,1.0,1.0,1.0,0.0,0.0,1.0,1.0,25.0,50.0,50.0
162148,Mando,265,44,56,177,0,199.89,1.3257291510330682,0.21132075471698114,0.6679245283018868,0.0,0.0,0.0,0.0,0.0,0.0,0.0,1.0,0.0,1.0,0.0,0.0,1.0,0.0,0.0,1.0,1.0,1.0,1.0,1.0,0.0,0.0,0.0,1.0,21.0,50.0,50.0
162149,Bhagdewa,691,214,70,225,0,76.03,9.088517690385373,0.10130246020260492,0.3256150506512301,0.0,0.0,0.0,0.0,0.0,0.0,0.0,1.0,0.0,1.0,1.0,0.0,0.0,0.0,0.0,0.0,1.0,1.0,1.0,0.0,0.0,1.0,1.0,1.0,30.0,55.0,55.0
162150,Kapdaura,883,147,143,337,0,427.3,2.0664638427334423,0.16194790486976218,0.38165345413363533,0.0,0.0,0.0,0.0,0.0,0.0,0.0,1.0,0.0,1.0,1.0,0.0,0.0,0.0,0.0,1.0,1.0,0.0,1.0,0.0,0.0,0.0,1.0,1.0,29.0,50.0,50.0
162151,Baradih,315,64,64,196,0,166.16,1.8957631198844487,0.20317460317460317,0.6222222222222222,0.0,0.0,0.0,0.0,0.0,0.0,0.0,1.0,1.0,0.0,0.0,0.0,0.0,0.0,0.0,0.0,1.0,0.0,0.0,0.0,0.0,0.0,1.0,1.0,34.0,54.0,54.0
162152,Lonipar,964,232,172,51,0,178.93,5.387581735874364,0.17842323651452283,0.052904564315352696,0.0,0.0,0.0,0.0,0.0,0.0,0.0,1.0,0.0,1.0,1.0,0.0,1.0,0.0,0.0,0.0,0.0,0.0,1.0,0.0,0.0,0.0,1.0,1.0,35.0,56.0,56.0
162153,Itwan,198,33,37,79,0,30.02,6.595602931379081,0.18686868686868688,0.398989898989899,0.0,0.0,0.0,0.0,0.0,0.0,0.0,1.0,0.0,1.0,0.0,0.0,1.0,0.0,0.0,0.0,1.0,0.0,1.0,0.0,0.0,0.0,0.0,1.0,33.0,54.0,54.0
162154,Deora,4597,839,692,1323,102,1464.44,3.13908388189342,0.15053295627583207,0.28779638894931475,0.0221883837285186,0.0,0.0,0.0,0.0,0.0,0.0,1.0,1.0,1.0,1.0,0.0,1.0,0.0,1.0,1.0,1.0,1.0,1.0,1.0,0.0,1.0,1.0,1.0,25.0,50.0,50.0
162155,Pandiwar,322,60,38,55,0,19.45,16.555269922879177,0.11801242236024845,0.17080745341614906,0.0,0.0,0.0,0.0,0.0,0.0,0.0,1.0,0.0,1.0,0.0,0.0,1.0,0.0,0.0,0.0,1.0,0.0,1.0,0.0,0.0,1.0,1.0,1.0,34.0,51.0,51.0
162156,Pura Binjhoo,7,1,2,0,0,16.46,0.425273390036452,0.2857142857142857,0.0,0.0,0.0,0.0,0.0,0.0,0.0,0.0,1.0,0.0,1.0,0.0,0.0,1.0,0.0,0.0,0.0,0.0,0.0,1.0,1.0,0.0,1.0,1.0,1.0,33.0,51.0,51.0
162157,Patti Rithaiya,0,0,0,0,0,39.98,0.0,,,,,,,,,,,,,,,,,,,,,,,,,,,33.0,50.0,50.0
162158,Satpura,1283,218,235,177,50,134.37,9.548262260921335,0.18316445830085737,0.13795791114575215,0.03897116134060795,0.0,0.0,0.0,0.0,0.0,0.0,1.0,0.0,1.0,1.0,0.0,1.0,0.0,0.0,1.0,1.0,1.0,1.0,0.0,0.0,1.0,1.0,1.0,33.0,50.0,50.0
162159,Patwar,284,37,35,87,0,83.09,3.417980503068961,0.12323943661971831,0.30633802816901406,0.0,0.0,0.0,0.0,0.0,0.0,0.0,1.0,0.0,1.0,0.0,0.0,0.0,0.0,0.0,0.0,1.0,1.0,1.0,0.0,0.0,0.0,1.0,1.0,32.0,50.0,50.0
162160,Chaukhata,996,169,143,513,0,140.81,7.073361266955472,0.14357429718875503,0.5150602409638554,0.0,0.0,0.0,0.0,0.0,0.0,0.0,1.0,0.0,1.0,1.0,0.0,1.0,1.0,1.0,1.0,1.0,1.0,1.0,1.0,0.0,0.0,1.0,1.0,30.0,48.0,48.0
162161,Jhajhara Chaube,1061,217,159,139,56,326.25,3.2521072796934867,0.14985862393967955,0.13100848256361922,0.0527803958529689,0.0,0.0,0.0,0.0,0.0,0.0,1.0,0.0,0.0,1.0,0.0,0.0,0.0,0.0,0.0,1.0,1.0,1.0,1.0,0.0,1.0,1.0,1.0,30.0,47.0,47.0
162162,Jhajhara Pandey,465,89,68,104,0,162.21,2.8666543369705937,0.14623655913978495,0.22365591397849463,0.0,0.0,0.0,0.0,0.0,0.0,1.0,1.0,1.0,1.0,1.0,1.0,0.0,1.0,1.0,1.0,1.0,1.0,1.0,0.0,0.0,1.0,1.0,1.0,11.0,50.0,50.0
162163,Gadaiya Lonipar,536,87,68,149,0,131.12,4.087858450274558,0.12686567164179105,0.27798507462686567,0.0,0.0,0.0,0.0,0.0,0.0,1.0,1.0,1.0,1.0,1.0,1.0,0.0,1.0,1.0,1.0,1.0,1.0,1.0,0.0,0.0,1.0,1.0,0.0,11.0,50.0,50.0
162164,Majhiyari Lakosa,154,24,18,16,0,66.04,2.331920048455481,0.11688311688311688,0.1038961038961039,0.0,0.0,0.0,0.0,0.0,0.0,0.0,1.0,0.0,1.0,0.0,0.0,1.0,1.0,1.0,1.0,1.0,1.0,1.0,0.0,0.0,0.0,0.0,1.0,30.0,50.0,50.0
162165,Dhawaiya,344,53,62,111,0,91.22,3.771102828327121,0.18023255813953487,0.3226744186046512,0.0,0.0,0.0,0.0,0.0,0.0,0.0,1.0,0.0,0.0,1.0,1.0,0.0,0.0,0.0,1.0,1.0,1.0,1.0,0.0,0.0,0.0,0.0,1.0,25.0,45.0,45.0
162166,Lakosa Majhiyari,60,10,11,60,0,77.28,0.7763975155279503,0.18333333333333332,1.0,0.0,0.0,0.0,0.0,0.0,0.0,0.0,1.0,0.0,0.0,1.0,0.0,0.0,1.0,1.0,1.0,1.0,0.0,1.0,0.0,0.0,0.0,0.0,0.0,16.0,50.0,17.0
162167,Chak Dhawaiya,10,2,0,10,0,10.54,0.9487666034155599,0.0,1.0,0.0,0.0,0.0,0.0,0.0,0.0,0.0,1.0,0.0,0.0,0.0,0.0,0.0,0.0,0.0,1.0,0.0,1.0,1.0,0.0,0.0,0.0,0.0,1.0,30.0,45.0,45.0
162168,Chak Gariba,167,34,22,18,0,22.72,7.350352112676057,0.1317365269461078,0.10778443113772455,0.0,0.0,0.0,0.0,0.0,0.0,0.0,1.0,0.0,0.0,0.0,0.0,1.0,0.0,1.0,1.0,1.0,1.0,1.0,0.0,0.0,1.0,0.0,0.0,17.0,45.0,45.0
162169,Hinauti Lunder,667,114,108,71,0,97.45,6.844535659312467,0.1619190404797601,0.10644677661169415,0.0,0.0,0.0,0.0,0.0,0.0,0.0,1.0,0.0,0.0,0.0,0.0,1.0,0.0,0.0,1.0,1.0,1.0,1.0,0.0,0.0,1.0,1.0,1.0,18.0,47.0,47.0
162170,Hinauti Chandail,20,3,3,0,0,60.22,0.33211557622052473,0.15,0.0,0.0,0.0,0.0,0.0,0.0,0.0,0.0,1.0,0.0,1.0,1.0,0.0,1.0,0.0,0.0,1.0,1.0,0.0,1.0,0.0,0.0,1.0,1.0,1.0,20.0,45.0,45.0
162171,Surwal Chandail,1839,292,261,244,0,367.77,5.000407863610409,0.14192495921696574,0.13268080478520936,0.0,,,0.0,1.0,0.0,1.0,1.0,0.0,1.0,1.0,0.0,1.0,1.0,0.0,0.0,1.0,1.0,1.0,1.0,0.0,1.0,1.0,1.0,18.0,45.0,45.0
162172,Khojwa Baid,385,88,68,225,0,58.96,6.529850746268656,0.17662337662337663,0.5844155844155844,0.0,0.0,0.0,0.0,0.0,0.0,0.0,1.0,0.0,0.0,1.0,0.0,1.0,0.0,0.0,1.0,1.0,1.0,1.0,0.0,0.0,0.0,1.0,1.0,20.0,46.0,46.0
162173,Khojhwa Sawar,160,25,20,0,0,43.16,3.7071362372567194,0.125,0.0,0.0,0.0,0.0,0.0,0.0,0.0,0.0,1.0,0.0,0.0,0.0,0.0,1.0,0.0,0.0,1.0,0.0,0.0,1.0,0.0,0.0,1.0,1.0,1.0,20.0,45.0,45.0
162174,Nari Bari,688,97,94,283,0,119.88,5.739072405739073,0.13662790697674418,0.4113372093023256,0.0,0.0,1.0,0.0,0.0,0.0,1.0,1.0,0.0,1.0,1.0,0.0,0.0,1.0,0.0,0.0,1.0,1.0,1.0,1.0,0.0,1.0,1.0,1.0,18.0,45.0,45.0
162175,Katra,0,0,0,0,0,16.75,0.0,,,,,,,,,,,,,,,,,,,,,,,,,,,25.0,47.0,47.0
162176,Lohra,2607,507,396,737,0,604.48,4.312797776601376,0.1518987341772152,0.28270042194092826,0.0,0.0,0.0,0.0,0.0,0.0,1.0,1.0,0.0,1.0,1.0,0.0,0.0,1.0,1.0,1.0,1.0,1.0,1.0,1.0,0.0,1.0,1.0,1.0,25.0,47.0,47.0
162177,Gaura,391,65,28,104,0,124.84,3.132008971483499,0.07161125319693094,0.2659846547314578,0.0,0.0,0.0,0.0,0.0,0.0,1.0,1.0,0.0,1.0,0.0,0.0,0.0,0.0,0.0,0.0,1.0,1.0,1.0,1.0,0.0,0.0,0.0,1.0,25.0,47.0,47.0
162180,Mohabatganj Kachhar,0,0,0,0,0,101.0,0.0,,,,,,,,,,,,,,,,,,,,,,,,,,,20.0,24.0,0.0
162181,Madauka Kachhar,0,0,0,0,0,70.52,0.0,,,,,,,,,,,,,,,,,,,,,,,,,,,0.0,0.0,0.0
162182,Mirakhpur Kachhar,0,0,0,0,0,69.27,0.0,,,,,,,,,,,,,,,,,,,,,,,,,,,0.0,0.0,0.0
162183,Mahewa Patti Pashchim Kachhar,0,0,0,0,0,48.94,0.0,,,,,,,,,,,,,,,,,,,,,,,,,,,0.0,0.0,0.0
162184,Mahewa Patti Purab Uparhar,2941,523,332,1299,0,30.18,97.44864148442677,0.11288677320639239,0.4416865011900714,0.0,0.0,0.0,0.0,0.0,0.0,1.0,1.0,1.0,1.0,0.0,0.0,0.0,1.0,1.0,1.0,1.0,1.0,1.0,1.0,1.0,1.0,1.0,1.0,12.0,6.0,6.0
162185,Mahewa Patti Purab Kachhar,43,9,5,36,0,64.96,0.6619458128078818,0.11627906976744186,0.8372093023255814,0.0,0.0,0.0,0.0,0.0,0.0,0.0,1.0,0.0,0.0,0.0,0.0,1.0,0.0,0.0,0.0,0.0,0.0,1.0,0.0,0.0,1.0,1.0,1.0,12.0,6.0,6.0
162186,Dandi,4185,723,723,2125,0,116.81,35.827412036640695,0.17275985663082438,0.5077658303464755,0.0,0.0,0.0,0.0,0.0,0.0,1.0,1.0,1.0,0.0,0.0,0.0,0.0,1.0,1.0,1.0,1.0,1.0,1.0,0.0,1.0,1.0,1.0,1.0,17.0,7.0,73.0
162187,Tignauta,4268,705,594,583,0,50.16,85.08771929824562,0.13917525773195877,0.13659793814432988,0.0,0.0,0.0,0.0,0.0,0.0,1.0,1.0,1.0,1.0,1.0,0.0,1.0,1.0,1.0,1.0,1.0,1.0,1.0,0.0,0.0,1.0,1.0,1.0,17.0,7.0,3.0
162188,Mirakhpur Uparhar,67,10,4,0,0,37.57,1.783337769496939,0.05970149253731343,0.0,0.0,0.0,0.0,0.0,0.0,0.0,0.0,1.0,1.0,0.0,0.0,0.0,0.0,0.0,0.0,0.0,1.0,1.0,1.0,1.0,0.0,0.0,0.0,0.0,4.0,6.0,5.0
162189,Marauka Uparhar,3382,578,528,699,0,1006.97,3.358590623355214,0.15612063867534004,0.206682436428149,0.0,0.0,0.0,0.0,0.0,0.0,1.0,1.0,1.0,0.0,0.0,0.0,1.0,0.0,0.0,0.0,1.0,1.0,1.0,1.0,0.0,1.0,1.0,1.0,4.0,6.0,5.0
162190,Mohabatganj Uparhar,4511,715,823,372,0,300.0,15.036666666666667,0.1824429173132343,0.08246508534692973,0.0,0.0,0.0,0.0,0.0,0.0,1.0,1.0,1.0,0.0,0.0,0.0,0.0,0.0,1.0,0.0,1.0,1.0,1.0,1.0,0.0,1.0,1.0,1.0,22.0,12.0,12.0
162191,Dabhaon,3649,647,623,1538,0,163.37,22.3358021668605,0.17073170731707318,0.42148533844889013,0.0,,0.0,0.0,0.0,0.0,1.0,1.0,1.0,1.0,0.0,0.0,1.0,0.0,0.0,0.0,0.0,0.0,1.0,1.0,0.0,1.0,1.0,1.0,18.0,8.0,4.0
162192,Dadari Ta. Naugawan,1759,292,290,415,0,119.72,14.692616104243234,0.1648664013644116,0.2359295054007959,0.0,0.0,0.0,0.0,0.0,0.0,1.0,1.0,1.0,0.0,1.0,0.0,0.0,0.0,1.0,1.0,1.0,0.0,1.0,0.0,0.0,1.0,1.0,1.0,0.0,0.0,0.0
162193,Chak Mohiuddin,1531,267,226,1093,0,25.03,61.166600079904114,0.14761593729588504,0.7139124755062051,0.0,0.0,0.0,0.0,0.0,0.0,1.0,1.0,1.0,0.0,1.0,0.0,0.0,0.0,1.0,1.0,1.0,1.0,1.0,1.0,0.0,0.0,1.0,1.0,17.0,8.0,50.0
162194,Chaka,4940,842,644,1703,0,234.67,21.050837346060426,0.13036437246963561,0.3447368421052632,0.0,1.0,0.0,1.0,0.0,0.0,1.0,1.0,1.0,0.0,0.0,0.0,1.0,0.0,1.0,1.0,1.0,1.0,1.0,1.0,0.0,1.0,1.0,1.0,17.0,8.0,50.0
162195,Chak Rana Tiwari,2279,403,266,491,24,25.6,89.0234375,0.11671785870996051,0.21544537077665643,0.010530934620447565,0.0,0.0,0.0,0.0,0.0,1.0,1.0,1.0,0.0,0.0,0.0,1.0,0.0,1.0,0.0,0.0,0.0,1.0,0.0,0.0,1.0,1.0,1.0,16.0,8.0,4.0
162196,Chak Ausan Tiwari,77,11,7,0,0,19.78,3.8928210313447926,0.09090909090909091,0.0,0.0,0.0,0.0,0.0,0.0,0.0,0.0,1.0,1.0,1.0,1.0,0.0,0.0,0.0,0.0,0.0,0.0,0.0,1.0,0.0,0.0,1.0,1.0,1.0,16.0,8.0,4.0
162197,Dhanuha,2821,536,461,861,0,205.84,13.704819277108433,0.16341722793335697,0.3052109181141439,0.0,0.0,0.0,0.0,0.0,0.0,1.0,1.0,1.0,0.0,1.0,0.0,0.0,0.0,1.0,1.0,1.0,1.0,1.0,1.0,0.0,1.0,1.0,1.0,17.0,15.0,0.0
162198,Chak Kriparam,709,104,115,265,0,25.82,27.459333849728893,0.1622002820874471,0.37376586741889983,0.0,0.0,0.0,0.0,0.0,0.0,1.0,1.0,1.0,1.0,1.0,0.0,1.0,0.0,0.0,0.0,1.0,1.0,1.0,1.0,0.0,1.0,1.0,1.0,4.0,16.0,0.0
162199,Chak Devanand,250,32,46,175,0,7.91,31.605562579013906,0.184,0.7,0.0,0.0,0.0,0.0,0.0,0.0,1.0,1.0,1.0,0.0,0.0,0.0,1.0,0.0,0.0,0.0,0.0,0.0,1.0,0.0,0.0,1.0,1.0,1.0,17.0,9.0,5.0
162200,Chak Garibdas,1852,318,240,466,10,42.0,44.095238095238095,0.12958963282937366,0.25161987041036715,0.005399568034557235,0.0,0.0,0.0,0.0,0.0,1.0,1.0,1.0,1.0,0.0,0.0,1.0,1.0,1.0,1.0,1.0,1.0,1.0,1.0,0.0,1.0,1.0,1.0,17.0,16.0,0.0
162201,Chak Abhaydas,1517,255,252,586,0,108.12,14.03070662227155,0.16611733684904417,0.3862887277521424,0.0,0.0,0.0,,0.0,0.0,1.0,1.0,1.0,0.0,0.0,0.0,0.0,0.0,0.0,1.0,1.0,1.0,1.0,0.0,0.0,0.0,1.0,1.0,16.0,17.0,0.0
162202,Arail Kachhar,0,0,0,0,0,230.22,0.0,,,,,,,,,,,,,,,,,,,,,,,,,,,0.0,0.0,0.0
162203,Chak Sayad Arab Darvesh,117,19,16,0,0,7.04,16.619318181818183,0.13675213675213677,0.0,0.0,0.0,0.0,0.0,0.0,0.0,1.0,1.0,1.0,0.0,1.0,0.0,1.0,0.0,0.0,0.0,1.0,1.0,1.0,0.0,0.0,0.0,0.0,0.0,15.0,10.0,40.0
162204,Chak Hiranand,441,74,36,9,0,8.71,50.631458094144655,0.08163265306122448,0.02040816326530612,0.0,0.0,0.0,0.0,0.0,0.0,1.0,1.0,1.0,1.0,1.0,0.0,0.0,0.0,0.0,0.0,0.0,1.0,0.0,0.0,0.0,0.0,0.0,0.0,15.0,10.0,4.0
162205,Chak Beniram,0,0,0,0,0,0.0,,,,,,,,,,,,,,,,,,,,,,,,,,,,0.0,0.0,0.0
162206,Chak Bhawar Vaish,0,0,0,0,0,0.0,,,,,,,,,,,,,,,,,,,,,,,,,,,,0.0,0.0,0.0
162207,Dewrakh Uparhar,2320,370,345,914,0,200.75,11.556662515566625,0.14870689655172414,0.3939655172413793,0.0,0.0,0.0,0.0,0.0,0.0,1.0,1.0,1.0,0.0,0.0,0.0,0.0,0.0,0.0,0.0,1.0,0.0,1.0,1.0,0.0,1.0,1.0,1.0,15.0,10.0,3.0
162208,Dewrakh Kachhar,0,0,0,0,0,100.76,0.0,,,,,,,,,,,,,,,,,,,,,,,,,,,15.0,10.0,3.0
162209,Mawaiya Ta. Javthan Kachhar,0,0,0,0,0,28.48,0.0,,,,,,,,,,,,,,,,,,,,,,,,,,,5.0,12.0,3.0
162210,Chak Satai Mishir,655,105,81,0,0,11.31,57.91335101679929,0.12366412213740458,0.0,0.0,0.0,0.0,0.0,0.0,0.0,1.0,1.0,1.0,0.0,0.0,0.0,0.0,0.0,1.0,1.0,1.0,1.0,1.0,1.0,0.0,0.0,0.0,0.0,15.0,10.0,40.0
162211,Dadari Taluka Naini Dadari,805,154,118,51,0,22.4,35.9375,0.14658385093167703,0.06335403726708075,0.0,0.0,0.0,0.0,0.0,0.0,1.0,1.0,1.0,0.0,0.0,0.0,0.0,0.0,1.0,0.0,1.0,1.0,1.0,1.0,0.0,0.0,1.0,1.0,17.0,8.0,50.0
162212,Chak Daud Nagar,509,90,51,19,0,31.59,16.112693890471668,0.10019646365422397,0.03732809430255403,0.0,0.0,0.0,0.0,0.0,0.0,1.0,1.0,1.0,0.0,0.0,0.0,0.0,0.0,0.0,0.0,1.0,1.0,0.0,1.0,0.0,1.0,1.0,0.0,15.0,10.0,40.0
162213,Kajipur,2328,370,271,413,0,32.0,72.75,0.11640893470790378,0.17740549828178695,0.0,0.0,0.0,0.0,0.0,0.0,1.0,1.0,1.0,1.0,1.0,0.0,1.0,0.0,1.0,1.0,1.0,0.0,1.0,1.0,0.0,0.0,0.0,0.0,10.0,8.0,8.0
162214,Naini Taluka Naini Dadari,4991,792,620,900,0,207.0,24.11111111111111,0.12422360248447205,0.180324584251653,0.0,0.0,0.0,0.0,0.0,0.0,1.0,1.0,1.0,0.0,1.0,0.0,0.0,0.0,1.0,1.0,1.0,0.0,1.0,1.0,1.0,1.0,1.0,1.0,10.0,10.0,10.0
162215,Cheonki,1600,274,193,570,0,34.53,46.33651896901245,0.120625,0.35625,0.0,0.0,0.0,0.0,0.0,0.0,1.0,1.0,1.0,0.0,1.0,0.0,1.0,0.0,1.0,1.0,1.0,1.0,1.0,1.0,0.0,1.0,1.0,1.0,17.0,8.0,20.0
162216,Chak Jograj,601,128,60,78,0,32.0,18.78125,0.09983361064891846,0.129783693843594,0.0,0.0,0.0,0.0,0.0,0.0,1.0,1.0,1.0,0.0,0.0,0.0,0.0,0.0,0.0,0.0,0.0,0.0,1.0,0.0,0.0,0.0,1.0,1.0,10.0,8.0,1.0
162217,Chak Durgadatt,0,0,0,0,0,29.0,0.0,,,,,,,,,,,,,,,,,,,,,,,,,,,10.0,8.0,0.0
162218,Chak Gulam Mohmmad,663,97,71,8,0,18.0,36.833333333333336,0.10708898944193061,0.012066365007541479,0.0,0.0,0.0,0.0,0.0,0.0,1.0,1.0,0.0,0.0,0.0,0.0,0.0,0.0,1.0,1.0,1.0,0.0,1.0,1.0,0.0,1.0,1.0,1.0,10.0,8.0,0.0
162219,Chak Nauniya,831,120,122,28,0,22.0,37.77272727272727,0.14681107099879662,0.03369434416365824,0.0,0.0,0.0,0.0,0.0,0.0,1.0,1.0,1.0,0.0,0.0,0.0,1.0,0.0,0.0,0.0,1.0,0.0,1.0,1.0,0.0,0.0,0.0,0.0,10.0,8.0,1.0
162220,Chak Kabara,151,27,23,40,0,10.0,15.1,0.152317880794702,0.26490066225165565,0.0,0.0,0.0,0.0,0.0,0.0,1.0,1.0,1.0,0.0,1.0,0.0,1.0,0.0,0.0,0.0,0.0,0.0,1.0,1.0,0.0,0.0,0.0,0.0,10.0,8.0,0.0
162221,Chak Madho Dixit,218,38,35,0,0,14.0,15.571428571428571,0.16055045871559634,0.0,0.0,0.0,0.0,0.0,0.0,0.0,1.0,1.0,1.0,1.0,1.0,0.0,1.0,0.0,0.0,0.0,1.0,1.0,1.0,1.0,0.0,1.0,1.0,1.0,10.0,8.0,2.0
162222,Mawaiya Uparhar,4332,699,649,86,0,259.49,16.694284943543103,0.14981532779316714,0.019852262234533704,0.0,0.0,0.0,0.0,0.0,0.0,1.0,1.0,1.0,0.0,1.0,0.0,1.0,0.0,1.0,0.0,1.0,0.0,1.0,1.0,0.0,1.0,1.0,1.0,15.0,10.0,0.0
162223,Gangapur Kachhar,0,0,0,0,0,305.09,0.0,,,,,,,,,,,,,,,,,,,,,,,,,,,14.0,12.0,0.0
162224,Tendua,2038,319,265,618,0,207.17,9.837331659989381,0.13002944062806673,0.30323846908734053,0.0,0.0,0.0,0.0,0.0,0.0,1.0,1.0,1.0,0.0,1.0,0.0,1.0,0.0,0.0,0.0,1.0,1.0,0.0,1.0,0.0,1.0,1.0,1.0,15.0,5.0,22.0
162225,Bharauha,1302,241,213,627,0,120.82,10.776361529548089,0.16359447004608296,0.4815668202764977,0.0,0.0,0.0,0.0,0.0,0.0,1.0,1.0,0.0,0.0,0.0,0.0,0.0,0.0,0.0,0.0,1.0,1.0,1.0,1.0,0.0,0.0,1.0,1.0,15.0,18.0,5.0
162226,Gobardhanpura,0,0,0,0,0,34.99,0.0,,,,,,,,,,,,,,,,,,,,,,,,,,,12.0,10.0,7.0
162227,Sadwa Kalan,3332,556,441,329,0,221.44,15.046965317919076,0.1323529411764706,0.09873949579831932,0.0,,0.0,0.0,0.0,0.0,1.0,1.0,0.0,0.0,1.0,0.0,0.0,0.0,0.0,1.0,1.0,1.0,1.0,1.0,0.0,1.0,1.0,1.0,12.0,8.0,3.0
162228,Madanuwa Uperhar,54,9,7,0,0,104.13,0.5185825410544512,0.12962962962962962,0.0,0.0,0.0,0.0,0.0,0.0,0.0,0.0,1.0,1.0,0.0,0.0,0.0,0.0,0.0,1.0,0.0,0.0,1.0,1.0,1.0,0.0,0.0,0.0,0.0,12.0,14.0,0.0
162229,Madanuwa Kachar,0,0,0,0,0,33.45,0.0,,,,,,,,,,,,,,,,,,,,,,,,,,,14.0,12.0,0.0
162230,Lawayan Kalan Kachar,0,0,0,0,0,14.84,0.0,,,,,,,,,,,,,,,,,,,,,,,,,,,10.0,10.0,0.0
162231,Belwat,1710,269,277,578,4,100.85,16.955875061973227,0.16198830409356726,0.33801169590643276,0.0023391812865497076,0.0,0.0,0.0,1.0,0.0,1.0,1.0,1.0,0.0,1.0,0.0,0.0,0.0,0.0,0.0,1.0,1.0,1.0,1.0,0.0,0.0,1.0,1.0,12.0,15.0,0.0
162232,Barika,477,74,42,442,0,62.02,7.691067397613673,0.0880503144654088,0.9266247379454927,0.0,0.0,0.0,0.0,0.0,0.0,1.0,1.0,1.0,0.0,0.0,0.0,0.0,0.0,0.0,1.0,1.0,1.0,1.0,1.0,0.0,0.0,1.0,1.0,6.0,12.0,6.0
162233,Mahuwari,3289,533,417,593,0,237.03,13.87588069020799,0.12678625722103984,0.18029796290665856,0.0,0.0,0.0,0.0,0.0,0.0,1.0,1.0,1.0,,,0.0,0.0,0.0,1.0,1.0,1.0,1.0,1.0,1.0,0.0,0.0,1.0,1.0,5.0,16.0,6.0
162234,Lawayan Kalan Uparhar,6815,1121,1253,475,126,331.25,20.57358490566038,0.1838591342626559,0.06969919295671313,0.018488628026412327,0.0,0.0,0.0,0.0,0.0,1.0,1.0,0.0,0.0,0.0,0.0,0.0,0.0,0.0,1.0,1.0,1.0,1.0,1.0,0.0,1.0,1.0,1.0,10.0,10.0,0.0
162235,Duhipur Kachar,0,0,0,0,0,792.82,0.0,,,,,,,,,,,,,,,,,,,,,,,,,,,12.0,11.0,0.0
162236,Mohiuddinpur,1394,238,221,856,0,116.5,11.965665236051501,0.15853658536585366,0.6140602582496413,0.0,0.0,0.0,0.0,0.0,0.0,1.0,1.0,1.0,0.0,0.0,0.0,1.0,0.0,1.0,0.0,1.0,1.0,1.0,1.0,0.0,1.0,1.0,1.0,0.0,0.0,0.0
162237,Babupur,463,57,76,91,0,31.15,14.863563402889246,0.16414686825053995,0.19654427645788336,0.0,0.0,0.0,0.0,0.0,0.0,1.0,1.0,1.0,1.0,0.0,0.0,1.0,0.0,0.0,0.0,1.0,0.0,1.0,0.0,0.0,0.0,1.0,1.0,4.0,7.0,4.0
162238,Bhandra Umar Ganj,4148,602,655,177,0,212.47,19.52275615380995,0.15790742526518806,0.04267116682738669,0.0,0.0,0.0,0.0,0.0,0.0,1.0,1.0,1.0,1.0,1.0,1.0,1.0,1.0,1.0,1.0,1.0,1.0,1.0,1.0,0.0,1.0,1.0,1.0,3.0,18.0,0.0
162239,Dandupur,1787,293,256,325,0,76.43,23.380871385581575,0.14325685506435368,0.18186905428091774,0.0,0.0,0.0,0.0,0.0,0.0,1.0,1.0,0.0,0.0,1.0,0.0,1.0,1.0,1.0,1.0,0.0,0.0,1.0,1.0,0.0,1.0,1.0,1.0,15.0,16.0,6.0
162240,Sarangapur,2419,407,323,6,0,88.76,27.253267237494367,0.13352625051674247,0.0024803637866887144,0.0,0.0,0.0,0.0,0.0,0.0,1.0,1.0,1.0,0.0,0.0,0.0,1.0,0.0,0.0,1.0,1.0,1.0,1.0,1.0,0.0,1.0,1.0,1.0,15.0,10.0,6.0
162241,Amiliya,2210,365,383,746,0,826.15,2.675059008654603,0.17330316742081447,0.3375565610859729,0.0,0.0,0.0,0.0,0.0,0.0,1.0,1.0,0.0,1.0,1.0,0.0,0.0,0.0,0.0,0.0,1.0,0.0,1.0,1.0,0.0,1.0,1.0,1.0,3.0,7.0,3.0
162242,Palpur,3432,583,616,465,0,222.78,15.40533261513601,0.1794871794871795,0.1354895104895105,0.0,0.0,0.0,0.0,0.0,0.0,1.0,1.0,1.0,0.0,1.0,0.0,1.0,0.0,1.0,1.0,1.0,1.0,1.0,1.0,0.0,1.0,1.0,1.0,3.0,6.0,3.0
162243,Chakpure Kala,235,29,19,0,0,68.4,3.4356725146198825,0.08085106382978724,0.0,0.0,0.0,0.0,0.0,0.0,0.0,1.0,1.0,1.0,0.0,1.0,0.0,1.0,1.0,1.0,1.0,1.0,0.0,1.0,1.0,0.0,0.0,1.0,1.0,3.0,7.0,3.0
162244,Kalinjara Urf Badalganj,745,106,112,66,11,158.51,4.70001892625071,0.15033557046979865,0.08859060402684564,0.01476510067114094,0.0,0.0,0.0,0.0,0.0,1.0,1.0,1.0,0.0,1.0,0.0,1.0,0.0,1.0,1.0,1.0,1.0,1.0,0.0,0.0,0.0,1.0,1.0,5.0,15.0,5.0
162245,Champatpur,1868,323,248,566,27,85.31,21.896612354940803,0.13276231263383298,0.3029978586723769,0.014453961456102784,0.0,0.0,0.0,0.0,0.0,1.0,1.0,0.0,0.0,0.0,0.0,1.0,0.0,0.0,0.0,1.0,1.0,1.0,1.0,0.0,1.0,1.0,1.0,15.0,20.0,15.0
162246,Jamoli,787,122,136,480,0,113.42,6.93881149709046,0.17280813214739518,0.6099110546378653,0.0,0.0,0.0,0.0,0.0,0.0,1.0,1.0,0.0,0.0,0.0,0.0,1.0,0.0,0.0,0.0,1.0,1.0,0.0,1.0,0.0,1.0,1.0,1.0,165.0,0.0,20.0
162247,Pipirasa,1329,205,212,339,0,152.09,8.738247090538497,0.1595184349134688,0.255079006772009,0.0,0.0,0.0,0.0,0.0,0.0,1.0,1.0,1.0,0.0,1.0,0.0,0.0,0.0,0.0,0.0,1.0,1.0,1.0,1.0,0.0,1.0,1.0,1.0,12.0,20.0,10.0
162248,Pura Khagan,1230,235,180,459,0,63.35,19.41594317284925,0.14634146341463414,0.37317073170731707,0.0,0.0,0.0,0.0,0.0,0.0,1.0,1.0,0.0,0.0,1.0,0.0,0.0,0.0,0.0,0.0,1.0,1.0,1.0,1.0,0.0,1.0,1.0,1.0,15.0,18.0,8.0
162249,Chak Shobharam,109,18,14,0,0,14.32,7.611731843575419,0.12844036697247707,0.0,0.0,0.0,0.0,0.0,0.0,0.0,1.0,1.0,0.0,0.0,0.0,0.0,1.0,0.0,0.0,0.0,1.0,1.0,1.0,1.0,0.0,0.0,0.0,1.0,5.0,15.0,8.0
162250,Chakmir Fazal Ali,276,51,45,275,0,14.38,19.193324061196105,0.16304347826086957,0.9963768115942029,0.0,0.0,0.0,0.0,0.0,0.0,1.0,1.0,1.0,0.0,0.0,0.0,1.0,0.0,0.0,0.0,0.0,1.0,1.0,1.0,0.0,0.0,1.0,1.0,5.0,18.0,8.0
162251,Chakman,0,0,0,0,0,6.99,0.0,,,,,,,,,,,,,,,,,,,,,,,,,,,5.0,15.0,8.0
162252,Bagbana,2606,418,426,890,0,153.78,16.94628690336845,0.1634689178818112,0.3415195702225633,0.0,0.0,1.0,,0.0,0.0,1.0,1.0,1.0,0.0,0.0,0.0,0.0,0.0,0.0,0.0,1.0,1.0,1.0,1.0,0.0,1.0,1.0,1.0,5.0,15.0,8.0
162253,Chakautha,1008,170,175,189,0,42.9,23.496503496503497,0.1736111111111111,0.1875,0.0,0.0,0.0,0.0,0.0,0.0,1.0,1.0,1.0,1.0,0.0,0.0,1.0,0.0,0.0,0.0,1.0,1.0,1.0,1.0,0.0,0.0,1.0,1.0,15.0,18.0,8.0
162254,Chak Mohammad Rafi,20,5,3,0,0,8.79,2.275312855517634,0.15,0.0,0.0,0.0,0.0,0.0,0.0,0.0,0.0,1.0,1.0,0.0,0.0,0.0,1.0,0.0,0.0,0.0,1.0,1.0,1.0,1.0,0.0,0.0,0.0,0.0,15.0,18.0,8.0
162255,Bongi,4095,691,721,689,0,238.95,17.13747645951036,0.17606837606837608,0.16825396825396827,0.0,0.0,0.0,0.0,0.0,0.0,1.0,1.0,1.0,0.0,1.0,0.0,1.0,1.0,0.0,0.0,1.0,1.0,1.0,1.0,0.0,0.0,1.0,1.0,10.0,20.0,8.0
162256,Hariharpur,1180,197,200,112,6,47.47,24.857804929429115,0.1694915254237288,0.09491525423728814,0.005084745762711864,0.0,0.0,0.0,0.0,0.0,1.0,1.0,1.0,0.0,1.0,0.0,1.0,0.0,0.0,0.0,1.0,1.0,1.0,1.0,0.0,0.0,1.0,1.0,16.0,20.0,9.0
162257,Ubhari,6182,954,1163,1258,17,232.7,26.566394499355393,0.18812681979941767,0.20349401488191524,0.0027499191200258816,0.0,0.0,0.0,0.0,0.0,1.0,1.0,1.0,0.0,1.0,0.0,0.0,1.0,0.0,0.0,1.0,1.0,1.0,1.0,0.0,0.0,1.0,1.0,15.0,20.0,5.0
162258,Muradpur,1184,174,219,171,0,34.22,34.59964932787843,0.18496621621621623,0.14442567567567569,0.0,0.0,0.0,0.0,0.0,0.0,1.0,1.0,1.0,0.0,0.0,0.0,1.0,0.0,0.0,0.0,1.0,1.0,1.0,1.0,0.0,1.0,1.0,1.0,7.0,17.0,8.0
162259,Chak Ramjan Ali,0,0,0,0,0,11.43,0.0,,,,,,,,,,,,,,,,,,,,,,,,,,,5.0,15.0,8.0
162260,Itraura,64,10,9,13,0,31.77,2.014479068303431,0.140625,0.203125,0.0,0.0,0.0,0.0,0.0,0.0,0.0,1.0,1.0,1.0,1.0,0.0,1.0,0.0,0.0,0.0,0.0,0.0,1.0,1.0,0.0,0.0,0.0,0.0,16.0,20.0,0.0
162261,Balapur,4676,799,797,2211,0,253.83,18.421778355592323,0.1704448246364414,0.4728400342172797,0.0,0.0,0.0,0.0,0.0,0.0,1.0,1.0,1.0,1.0,1.0,,1.0,0.0,1.0,0.0,0.0,0.0,0.0,0.0,0.0,1.0,1.0,1.0,13.0,16.0,0.0
162262,Baramar,1728,306,255,785,0,77.63,22.259435785134613,0.14756944444444445,0.4542824074074074,0.0,0.0,0.0,0.0,0.0,0.0,1.0,1.0,1.0,1.0,1.0,0.0,1.0,0.0,0.0,0.0,1.0,1.0,1.0,1.0,0.0,1.0,1.0,1.0,15.0,18.0,8.0
162263,Chak Vishnath,260,36,26,0,0,7.01,37.089871611982886,0.1,0.0,0.0,0.0,0.0,0.0,0.0,0.0,1.0,1.0,1.0,0.0,0.0,0.0,0.0,0.0,0.0,0.0,1.0,0.0,1.0,1.0,0.0,0.0,1.0,1.0,3.0,12.0,3.0
162264,Chak Tejau Dixit,458,59,70,0,0,25.79,17.75882124854595,0.15283842794759825,0.0,0.0,0.0,0.0,0.0,0.0,0.0,1.0,1.0,1.0,0.0,0.0,0.0,0.0,0.0,0.0,0.0,1.0,0.0,1.0,1.0,0.0,0.0,1.0,1.0,15.0,10.0,0.0
162265,Chak Ghinahu,0,0,0,0,0,6.0,0.0,,,,,,,,,,,,,,,,,,,,,,,,,,,15.0,20.0,8.0
162266,Chak Bisuni,5,1,0,5,0,5.85,0.8547008547008548,0.0,1.0,0.0,0.0,0.0,0.0,0.0,0.0,0.0,1.0,1.0,0.0,0.0,0.0,0.0,0.0,0.0,0.0,0.0,1.0,1.0,1.0,0.0,0.0,0.0,0.0,15.0,20.0,10.0
162267,Antari Taluka Nibi,0,0,0,0,0,5.52,0.0,,,,,,,,,,,,,,,,,,,,,,,,,,,12.0,20.0,8.0
162268,Chak Chandupur,745,120,118,327,0,29.43,25.31430513081889,0.15838926174496645,0.4389261744966443,0.0,0.0,0.0,0.0,0.0,0.0,1.0,1.0,1.0,1.0,1.0,0.0,1.0,0.0,0.0,0.0,0.0,1.0,1.0,1.0,0.0,0.0,1.0,1.0,15.0,20.0,8.0
162269,Chak Vidyagiri,25,3,6,0,0,6.05,4.132231404958678,0.24,0.0,0.0,0.0,0.0,0.0,0.0,0.0,0.0,1.0,1.0,0.0,0.0,0.0,0.0,0.0,0.0,0.0,1.0,1.0,1.0,0.0,0.0,0.0,0.0,0.0,15.0,20.0,8.0
162270,Rehi Taluka Purwa Khurd,616,94,107,0,0,32.88,18.73479318734793,0.1737012987012987,0.0,0.0,0.0,0.0,0.0,0.0,0.0,1.0,1.0,0.0,0.0,0.0,0.0,0.0,0.0,0.0,0.0,1.0,1.0,1.0,1.0,0.0,0.0,1.0,1.0,12.0,20.0,8.0
162271,Chak Noor,278,49,44,0,0,16.44,16.909975669099754,0.15827338129496402,0.0,0.0,0.0,0.0,0.0,0.0,0.0,1.0,1.0,1.0,0.0,0.0,0.0,0.0,0.0,0.0,0.0,0.0,1.0,1.0,1.0,0.0,0.0,0.0,0.0,15.0,20.0,8.0
162272,Rehi Taluka Panwar Kalan,1062,180,149,575,0,52.82,20.106020446800454,0.14030131826741996,0.5414312617702448,0.0,0.0,0.0,0.0,0.0,0.0,1.0,1.0,1.0,0.0,0.0,0.0,0.0,0.0,0.0,0.0,1.0,1.0,1.0,1.0,0.0,0.0,1.0,1.0,12.0,20.0,8.0
162273,Chak Puremian Khurd,835,133,161,132,18,45.45,18.37183718371837,0.19281437125748502,0.15808383233532936,0.02155688622754491,0.0,0.0,0.0,0.0,0.0,1.0,1.0,1.0,0.0,0.0,0.0,0.0,0.0,0.0,0.0,1.0,1.0,1.0,1.0,0.0,1.0,1.0,1.0,12.0,20.0,8.0
162274,Chak Prem Giri,122,20,22,10,0,9.11,13.391877058177828,0.18032786885245902,0.08196721311475409,0.0,0.0,0.0,0.0,0.0,0.0,1.0,1.0,1.0,0.0,0.0,0.0,1.0,0.0,0.0,0.0,0.0,1.0,1.0,0.0,0.0,0.0,0.0,0.0,12.0,15.0,8.0
162275,Chak Gauri Shankar,535,77,68,25,0,27.89,19.18250268913589,0.12710280373831775,0.04672897196261682,0.0,0.0,0.0,0.0,0.0,0.0,1.0,1.0,0.0,0.0,0.0,0.0,0.0,0.0,0.0,0.0,1.0,1.0,1.0,1.0,0.0,0.0,1.0,1.0,15.0,20.0,8.0
162276,Nibi Taluka Khurd,3360,591,518,2082,0,227.43,14.773776546629731,0.15416666666666667,0.6196428571428572,0.0,0.0,0.0,0.0,0.0,0.0,1.0,1.0,1.0,1.0,1.0,0.0,0.0,0.0,0.0,0.0,1.0,1.0,1.0,1.0,0.0,1.0,1.0,1.0,15.0,20.0,10.0
162277,Narsinghpur,1073,165,192,729,0,119.63,8.969322076402241,0.17893755824790308,0.679403541472507,0.0,0.0,0.0,0.0,0.0,0.0,1.0,1.0,0.0,0.0,0.0,0.0,1.0,0.0,1.0,0.0,1.0,1.0,1.0,1.0,0.0,0.0,1.0,1.0,10.0,20.0,0.0
162278,Chak Khwajaah Ali,274,46,29,0,0,17.07,16.05155243116579,0.10583941605839416,0.0,0.0,0.0,0.0,0.0,0.0,0.0,1.0,1.0,1.0,0.0,1.0,0.0,1.0,0.0,0.0,0.0,1.0,1.0,0.0,1.0,0.0,1.0,1.0,1.0,13.0,22.0,0.0
162279,Chak Mohammad Sadiq,640,102,117,0,0,11.8,54.23728813559322,0.1828125,0.0,0.0,0.0,0.0,0.0,0.0,0.0,1.0,1.0,0.0,1.0,1.0,0.0,1.0,0.0,0.0,0.0,1.0,1.0,1.0,1.0,0.0,1.0,0.0,0.0,12.0,22.0,0.0
162280,Chak Shah Gulam Ali,292,49,34,68,0,12.15,24.032921810699587,0.11643835616438356,0.2328767123287671,0.0,0.0,0.0,0.0,0.0,0.0,1.0,1.0,1.0,0.0,0.0,0.0,0.0,0.0,0.0,0.0,1.0,1.0,1.0,1.0,0.0,1.0,1.0,1.0,13.0,22.0,0.0
162281,Ghongapur,1708,285,268,426,0,105.69,16.160469297000663,0.15690866510538642,0.24941451990632318,0.0,0.0,0.0,0.0,0.0,0.0,1.0,1.0,1.0,0.0,1.0,0.0,0.0,0.0,0.0,0.0,1.0,1.0,1.0,1.0,0.0,1.0,1.0,1.0,12.0,15.0,0.0
162282,Chak Ataullah,268,51,45,61,0,27.66,9.689081706435285,0.16791044776119404,0.22761194029850745,0.0,0.0,0.0,0.0,0.0,0.0,1.0,1.0,1.0,1.0,0.0,0.0,0.0,0.0,1.0,0.0,1.0,1.0,1.0,1.0,0.0,1.0,0.0,0.0,12.0,15.0,0.0
162283,Chak Hidayatullah,553,63,85,135,0,26.78,20.649738610903658,0.15370705244122965,0.244122965641953,0.0,0.0,0.0,0.0,0.0,0.0,1.0,1.0,1.0,1.0,0.0,0.0,1.0,0.0,0.0,0.0,0.0,0.0,1.0,1.0,0.0,0.0,0.0,0.0,0.0,22.0,10.0
162284,Deori Taluka Nibi Dadari,714,94,108,306,0,34.79,20.52313883299799,0.15126050420168066,0.42857142857142855,0.0,0.0,0.0,0.0,0.0,0.0,1.0,1.0,1.0,0.0,0.0,0.0,1.0,0.0,0.0,0.0,1.0,0.0,0.0,1.0,0.0,0.0,1.0,1.0,0.0,22.0,10.0
162285,Chak Peer Mohammad,0,0,0,0,0,4.5,0.0,,,,,,,,,,,,,,,,,,,,,,,,,,,0.0,22.0,10.0
162286,Masika,1565,285,227,295,0,166.91,9.376310586543646,0.1450479233226837,0.18849840255591055,0.0,0.0,0.0,0.0,0.0,0.0,1.0,1.0,1.0,0.0,0.0,0.0,0.0,0.0,0.0,0.0,0.0,0.0,1.0,1.0,0.0,0.0,1.0,1.0,0.0,22.0,10.0
162287,Chak Semra,513,94,60,14,0,19.87,25.817815802717664,0.11695906432748537,0.02729044834307992,0.0,0.0,0.0,0.0,0.0,0.0,1.0,1.0,1.0,1.0,0.0,0.0,1.0,0.0,0.0,0.0,0.0,0.0,1.0,1.0,0.0,0.0,1.0,1.0,10.0,20.0,8.0
162288,Bali Pur,414,74,73,57,0,33.87,12.223206377325067,0.17632850241545894,0.13768115942028986,0.0,0.0,0.0,0.0,0.0,0.0,1.0,1.0,1.0,0.0,1.0,0.0,0.0,0.0,0.0,0.0,1.0,1.0,1.0,0.0,0.0,0.0,1.0,1.0,8.0,20.0,10.0
162289,Chilli,1371,236,211,247,0,129.65,10.574623987659082,0.1539022611232677,0.18016046681254558,0.0,0.0,0.0,0.0,0.0,0.0,1.0,1.0,1.0,0.0,0.0,0.0,0.0,0.0,0.0,0.0,1.0,1.0,1.0,1.0,0.0,0.0,1.0,1.0,14.0,20.0,10.0
162290,Rajapur,1392,213,214,290,0,129.0,10.790697674418604,0.15373563218390804,0.20833333333333334,0.0,0.0,0.0,0.0,0.0,0.0,1.0,1.0,0.0,0.0,0.0,0.0,1.0,0.0,1.0,1.0,1.0,1.0,1.0,1.0,0.0,1.0,1.0,1.0,12.0,22.0,22.0
162291,Chak Ghashyamdas,3125,531,537,333,0,35.24,88.67763904653802,0.17184,0.10656,0.0,0.0,0.0,0.0,0.0,0.0,1.0,1.0,1.0,0.0,1.0,0.0,1.0,0.0,0.0,0.0,1.0,1.0,1.0,1.0,0.0,1.0,1.0,1.0,10.0,22.0,22.0
162292,Karma,10963,1718,1792,1988,0,302.18,36.279700840558604,0.16345890723342152,0.18133722521207699,0.0,,,0.0,0.0,0.0,1.0,1.0,0.0,0.0,0.0,0.0,1.0,0.0,1.0,1.0,1.0,1.0,1.0,1.0,1.0,1.0,1.0,1.0,10.0,25.0,80.0
162293,Chitupur,346,82,54,37,0,51.82,6.676958703203396,0.15606936416184972,0.1069364161849711,0.0,0.0,0.0,0.0,0.0,0.0,1.0,1.0,1.0,0.0,0.0,0.0,0.0,0.0,0.0,0.0,1.0,1.0,1.0,1.0,0.0,0.0,0.0,1.0,7.0,18.0,80.0
162294,Hanthi Gani,2958,477,552,1785,0,250.45,11.810740666799761,0.18661257606490872,0.603448275862069,0.0,0.0,0.0,0.0,0.0,0.0,1.0,1.0,1.0,1.0,1.0,0.0,0.0,0.0,0.0,0.0,1.0,1.0,1.0,1.0,0.0,1.0,1.0,1.0,9.0,25.0,20.0
162295,Umri Ta. Purva,1812,286,286,903,0,235.62,7.690348866819455,0.15783664459161148,0.49834437086092714,0.0,0.0,0.0,0.0,0.0,0.0,1.0,1.0,0.0,0.0,1.0,0.0,1.0,0.0,0.0,0.0,1.0,1.0,0.0,0.0,0.0,1.0,1.0,1.0,8.0,23.0,23.0
162296,Tiwari Kala,894,151,152,216,0,98.45,9.080751650584052,0.17002237136465326,0.24161073825503357,0.0,0.0,0.0,0.0,0.0,0.0,1.0,1.0,1.0,0.0,1.0,0.0,0.0,0.0,0.0,0.0,0.0,1.0,0.0,0.0,1.0,0.0,0.0,0.0,10.0,22.0,22.0
162297,Panwari,4199,684,921,1658,0,374.0,11.227272727272727,0.21933793760419149,0.39485591807573234,0.0,0.0,0.0,0.0,0.0,0.0,1.0,1.0,1.0,0.0,0.0,0.0,0.0,0.0,0.0,0.0,1.0,1.0,1.0,1.0,0.0,1.0,1.0,1.0,15.0,20.0,1.0
162298,Danpur,1308,251,223,430,23,220.69,5.926865739272283,0.1704892966360856,0.3287461773700306,0.017584097859327217,0.0,0.0,0.0,0.0,0.0,1.0,1.0,1.0,0.0,0.0,0.0,0.0,0.0,0.0,0.0,0.0,1.0,1.0,0.0,0.0,0.0,0.0,0.0,0.0,10.0,10.0
162299,Barauli,2945,464,527,1039,0,286.08,10.29432326621924,0.17894736842105263,0.3528013582342954,0.0,0.0,0.0,0.0,0.0,0.0,1.0,1.0,1.0,0.0,0.0,0.0,1.0,0.0,0.0,0.0,1.0,1.0,1.0,1.0,0.0,1.0,1.0,1.0,13.0,278.0,0.0
162300,Chak Sangatdas,910,169,170,343,0,37.68,24.150743099787686,0.18681318681318682,0.3769230769230769,0.0,0.0,0.0,0.0,0.0,0.0,1.0,1.0,1.0,0.0,0.0,0.0,1.0,1.0,1.0,1.0,1.0,1.0,1.0,1.0,0.0,1.0,1.0,1.0,10.0,20.0,20.0
162301,Pawar,3394,598,683,562,0,540.09,6.284137828880372,0.20123747790218033,0.16558632881555688,0.0,0.0,0.0,0.0,0.0,0.0,1.0,1.0,1.0,0.0,0.0,0.0,0.0,0.0,0.0,0.0,1.0,0.0,1.0,0.0,0.0,1.0,1.0,1.0,15.0,23.0,0.0
162302,Bari Bajahiya,2877,500,495,85,0,337.15,8.5332937861486,0.17205422314911367,0.02954466458116093,0.0,0.0,0.0,0.0,0.0,0.0,1.0,1.0,1.0,0.0,0.0,0.0,0.0,0.0,1.0,1.0,1.0,1.0,1.0,1.0,0.0,1.0,1.0,1.0,12.0,25.0,25.0
162303,Bargohana Khurd,2212,361,423,476,0,187.91,11.77159278377947,0.19122965641952983,0.21518987341772153,0.0,0.0,0.0,0.0,0.0,0.0,1.0,1.0,1.0,0.0,0.0,0.0,0.0,0.0,0.0,0.0,1.0,1.0,1.0,0.0,0.0,1.0,1.0,1.0,12.0,30.0,25.0
162304,Bargohna Kala,3020,557,552,145,0,403.81,7.478764765607588,0.1827814569536424,0.048013245033112585,0.0,0.0,0.0,0.0,0.0,0.0,1.0,1.0,1.0,0.0,0.0,0.0,1.0,0.0,0.0,0.0,0.0,1.0,0.0,0.0,0.0,1.0,1.0,0.0,10.0,25.0,25.0
162305,Bhanaori,1517,234,295,288,0,172.98,8.76979997687594,0.1944627554383652,0.18984838497033618,0.0,0.0,0.0,0.0,0.0,0.0,1.0,1.0,1.0,1.0,1.0,0.0,1.0,0.0,0.0,0.0,0.0,0.0,1.0,0.0,0.0,1.0,1.0,1.0,14.0,15.0,23.0
162306,Bakrawan,1102,158,244,116,0,137.0,8.043795620437956,0.22141560798548093,0.10526315789473684,0.0,0.0,0.0,0.0,0.0,0.0,1.0,1.0,1.0,0.0,0.0,0.0,0.0,0.0,0.0,0.0,1.0,1.0,1.0,0.0,0.0,1.0,1.0,1.0,15.0,30.0,25.0
162307,Belsara,2386,407,421,522,0,453.52,5.261068971599929,0.17644593461860855,0.21877619446772842,0.0,0.0,0.0,0.0,0.0,0.0,1.0,1.0,1.0,1.0,0.0,0.0,0.0,1.0,1.0,1.0,1.0,1.0,1.0,1.0,0.0,1.0,1.0,1.0,15.0,25.0,25.0
162308,Naogawa,4940,785,946,982,0,551.0,8.96551724137931,0.19149797570850202,0.19878542510121458,0.0,0.0,0.0,0.0,0.0,0.0,1.0,1.0,1.0,1.0,1.0,1.0,1.0,0.0,0.0,0.0,1.0,1.0,1.0,1.0,0.0,1.0,1.0,1.0,12.0,25.0,25.0
162309,Semri Ta. Purva,5141,801,844,1265,3,586.09,8.771690354723678,0.1641703948648123,0.24606107761135965,0.000583544057576347,0.0,0.0,0.0,0.0,0.0,1.0,1.0,1.0,0.0,1.0,0.0,0.0,0.0,0.0,1.0,1.0,1.0,1.0,0.0,0.0,1.0,1.0,1.0,7.0,27.0,27.0
162310,Akodha,7205,1201,1176,1510,1,487.194,14.788769976641747,0.16321998612074948,0.20957668285912562,0.00013879250520471896,0.0,0.0,,0.0,3.0,1.0,1.0,1.0,0.0,1.0,1.0,0.0,0.0,0.0,0.0,1.0,1.0,1.0,1.0,1.0,1.0,1.0,1.0,7.0,30.0,30.0
162311,Maghigawa,1901,294,284,190,0,225.7,8.42268498006203,0.14939505523408733,0.09994739610731194,0.0,0.0,0.0,0.0,0.0,0.0,1.0,1.0,1.0,0.0,0.0,0.0,0.0,0.0,0.0,0.0,1.0,1.0,1.0,1.0,0.0,1.0,1.0,1.0,8.0,20.0,20.0
162312,Gaura Ta. Purva,2297,369,393,449,0,216.71,10.599418577822897,0.17109272964736613,0.195472355245973,0.0,0.0,0.0,0.0,0.0,0.0,1.0,1.0,1.0,0.0,1.0,0.0,1.0,0.0,0.0,0.0,1.0,0.0,1.0,1.0,0.0,1.0,1.0,1.0,10.0,22.0,22.0
162313,Deweri Ta. Levai,740,107,127,133,0,113.99,6.491797526098781,0.17162162162162162,0.17972972972972973,0.0,0.0,0.0,0.0,0.0,0.0,1.0,1.0,1.0,1.0,0.0,0.0,1.0,0.0,0.0,1.0,1.0,1.0,1.0,1.0,0.0,1.0,1.0,1.0,13.0,28.0,27.0
162314,Sehra,1188,194,204,265,146,195.14,6.08793686583991,0.1717171717171717,0.22306397306397308,0.12289562289562289,0.0,0.0,0.0,0.0,0.0,1.0,1.0,1.0,0.0,0.0,0.0,0.0,0.0,0.0,1.0,1.0,1.0,1.0,1.0,0.0,1.0,1.0,1.0,13.0,25.0,26.0
162315,Gidhaura,1096,123,160,263,0,171.96,6.373575250058153,0.145985401459854,0.23996350364963503,0.0,0.0,0.0,0.0,0.0,0.0,1.0,1.0,0.0,0.0,0.0,0.0,1.0,0.0,0.0,0.0,1.0,0.0,1.0,1.0,0.0,1.0,0.0,1.0,9.0,21.0,21.0
162316,Ramgadva,323,52,62,68,0,192.57,1.6773121462325389,0.19195046439628483,0.21052631578947367,0.0,0.0,0.0,0.0,0.0,0.0,1.0,1.0,1.0,0.0,0.0,0.0,1.0,0.0,1.0,1.0,1.0,1.0,1.0,1.0,0.0,1.0,1.0,1.0,7.0,28.0,28.0
162317,Tikri Ta.Kalmai,2545,394,413,924,0,299.47,8.498347079841052,0.16227897838899805,0.3630648330058939,0.0,0.0,0.0,0.0,0.0,0.0,1.0,1.0,1.0,1.0,0.0,0.0,0.0,0.0,1.0,1.0,1.0,1.0,1.0,0.0,0.0,1.0,1.0,1.0,7.0,28.0,28.0
162318,Labraha Choilaha,2564,462,446,960,0,184.74,13.878965031936776,0.17394695787831513,0.374414976599064,0.0,0.0,0.0,0.0,0.0,0.0,1.0,1.0,1.0,0.0,0.0,0.0,1.0,0.0,0.0,0.0,1.0,1.0,1.0,1.0,0.0,1.0,1.0,1.0,7.0,27.0,27.0
162319,Nachna,1222,202,207,546,0,133.15,9.177619226436349,0.16939443535188217,0.44680851063829785,0.0,0.0,0.0,0.0,0.0,0.0,1.0,1.0,1.0,1.0,1.0,0.0,1.0,0.0,0.0,0.0,1.0,1.0,1.0,1.0,0.0,1.0,1.0,1.0,10.0,25.0,25.0
162320,Dhari,1889,302,349,999,0,186.48,10.12977262977263,0.18475383800952885,0.5288512440444679,0.0,0.0,0.0,0.0,0.0,0.0,1.0,1.0,1.0,0.0,1.0,0.0,0.0,0.0,0.0,0.0,1.0,1.0,1.0,1.0,0.0,1.0,1.0,1.0,10.0,25.0,25.0
162321,Gadhwa Khurd Ta. Kulmai,523,86,106,343,0,76.42,6.843758178487307,0.20267686424474188,0.655831739961759,0.0,0.0,0.0,0.0,0.0,0.0,1.0,1.0,0.0,0.0,1.0,0.0,1.0,0.0,0.0,0.0,1.0,1.0,1.0,0.0,0.0,1.0,1.0,1.0,10.0,25.0,25.0
162322,Baraswal,1263,222,220,230,0,376.1,3.3581494283435256,0.17418844022169439,0.18210609659540775,0.0,0.0,0.0,0.0,0.0,0.0,1.0,1.0,1.0,0.0,0.0,0.0,0.0,0.0,0.0,0.0,1.0,1.0,1.0,1.0,0.0,1.0,1.0,1.0,15.0,25.0,25.0
162323,Kuin,781,115,141,245,0,36.02,21.682398667406993,0.18053777208706787,0.31370038412291934,0.0,0.0,0.0,0.0,0.0,0.0,1.0,1.0,1.0,0.0,0.0,0.0,0.0,0.0,0.0,0.0,1.0,1.0,1.0,1.0,0.0,1.0,1.0,1.0,15.0,25.0,25.0
162324,Baheri,605,98,110,299,0,62.19,9.728252130567615,0.18181818181818182,0.49421487603305786,0.0,0.0,0.0,0.0,0.0,0.0,1.0,1.0,1.0,0.0,0.0,0.0,0.0,0.0,0.0,0.0,1.0,1.0,1.0,1.0,0.0,1.0,1.0,1.0,15.0,25.0,25.0
162325,Gadhawa Kala,1229,168,191,216,0,90.47,13.584613684094174,0.15541090317331163,0.1757526444263629,0.0,0.0,0.0,0.0,0.0,0.0,1.0,1.0,1.0,1.0,1.0,0.0,1.0,0.0,0.0,0.0,1.0,1.0,1.0,1.0,0.0,1.0,1.0,1.0,10.0,25.0,25.0
162326,Belawa,1668,272,319,424,0,137.74,12.10977203426746,0.19124700239808154,0.2541966426858513,0.0,0.0,0.0,0.0,0.0,0.0,1.0,1.0,1.0,1.0,1.0,0.0,1.0,0.0,1.0,1.0,1.0,1.0,1.0,0.0,0.0,1.0,1.0,1.0,15.0,30.0,25.0
162327,Gothi Ta. Lawain,1163,181,173,196,0,267.18,4.352870723856576,0.14875322441960448,0.16852966466036112,0.0,0.0,0.0,0.0,0.0,0.0,1.0,1.0,1.0,0.0,0.0,0.0,0.0,0.0,0.0,1.0,1.0,1.0,1.0,0.0,0.0,0.0,0.0,1.0,15.0,30.0,25.0
162328,Mawaia Ta. Balapur,1270,208,224,504,0,119.5,10.627615062761507,0.1763779527559055,0.3968503937007874,0.0,0.0,,0.0,0.0,0.0,1.0,1.0,1.0,0.0,0.0,0.0,0.0,1.0,1.0,1.0,1.0,1.0,1.0,1.0,0.0,0.0,1.0,1.0,25.0,30.0,30.0
162329,Bhabhikhar,1628,315,304,511,0,257.58,6.3203664880813735,0.18673218673218672,0.31388206388206386,0.0,0.0,0.0,0.0,0.0,0.0,1.0,1.0,1.0,0.0,1.0,0.0,0.0,1.0,1.0,1.0,1.0,1.0,1.0,1.0,0.0,1.0,1.0,1.0,25.0,30.0,30.0
162330,Kaundhiyara,2473,413,376,707,0,259.62,9.525460288113397,0.15204205418520017,0.28588758592802266,0.0,1.0,1.0,1.0,0.0,0.0,1.0,1.0,1.0,0.0,0.0,0.0,0.0,0.0,0.0,1.0,1.0,1.0,1.0,1.0,0.0,1.0,1.0,1.0,10.0,35.0,30.0
162331,Kaitha,446,77,73,155,0,149.0,2.9932885906040267,0.16367713004484305,0.3475336322869955,0.0,0.0,0.0,0.0,0.0,0.0,1.0,1.0,1.0,0.0,1.0,0.0,1.0,0.0,0.0,0.0,0.0,1.0,1.0,1.0,0.0,0.0,1.0,1.0,13.0,27.0,27.0
162332,Ikauni,3471,627,627,1253,0,340.23,10.201922229080328,0.18063958513396716,0.3609910688562374,0.0,,,0.0,0.0,0.0,1.0,1.0,1.0,1.0,1.0,1.0,1.0,0.0,1.0,1.0,1.0,1.0,1.0,0.0,0.0,1.0,1.0,1.0,15.0,35.0,30.0
162333,Dhondhari,1671,291,342,207,0,190.66,8.764292457778245,0.20466786355475763,0.12387791741472172,0.0,0.0,0.0,0.0,0.0,0.0,1.0,1.0,1.0,0.0,0.0,0.0,0.0,0.0,0.0,0.0,1.0,1.0,1.0,1.0,0.0,1.0,1.0,1.0,14.0,27.0,27.0
162334,Tendui Ta. Kulmai,1166,190,150,426,0,209.07,5.577079447075143,0.12864493996569468,0.3653516295025729,0.0,0.0,0.0,0.0,0.0,0.0,1.0,1.0,1.0,1.0,0.0,0.0,0.0,0.0,0.0,0.0,1.0,1.0,1.0,0.0,0.0,1.0,1.0,1.0,15.0,365.0,0.0
162335,Umari Ta. Kanti,2286,372,430,537,0,195.06,11.719470932020917,0.18810148731408574,0.23490813648293962,0.0,0.0,0.0,0.0,0.0,0.0,1.0,1.0,0.0,0.0,0.0,0.0,0.0,1.0,1.0,1.0,1.0,1.0,1.0,1.0,0.0,1.0,1.0,1.0,20.0,38.0,38.0
162336,Kulhariya,1148,183,194,254,0,289.6,3.964088397790055,0.16898954703832753,0.22125435540069685,0.0,0.0,0.0,0.0,0.0,0.0,1.0,1.0,1.0,1.0,0.0,0.0,1.0,1.0,1.0,1.0,1.0,1.0,1.0,1.0,0.0,1.0,1.0,1.0,0.0,0.0,0.0
162337,Niraundha,1491,214,219,127,23,393.35,3.7905173509597048,0.14688128772635814,0.085177733065057,0.015425888665325285,0.0,0.0,0.0,0.0,0.0,1.0,1.0,1.0,0.0,0.0,0.0,0.0,0.0,0.0,0.0,0.0,0.0,1.0,0.0,0.0,1.0,1.0,1.0,18.0,30.0,5.0
162338,Semari Ta. Mawaiya,2111,392,411,232,0,344.49,6.12789921332985,0.19469445760303175,0.10990052108005685,0.0,0.0,0.0,0.0,0.0,0.0,1.0,1.0,0.0,0.0,1.0,0.0,0.0,0.0,0.0,0.0,1.0,1.0,1.0,0.0,0.0,1.0,1.0,1.0,20.0,32.0,3.0
162339,Baraha,2349,311,419,917,0,256.07,9.173272933182334,0.1783737760749255,0.3903788846317582,0.0,0.0,0.0,0.0,0.0,0.0,1.0,1.0,1.0,0.0,0.0,0.0,1.0,0.0,0.0,1.0,1.0,1.0,1.0,1.0,0.0,0.0,1.0,1.0,20.0,34.0,34.0
162340,Dahi,648,107,111,101,0,153.23,4.228936892253476,0.1712962962962963,0.1558641975308642,0.0,0.0,0.0,0.0,0.0,0.0,1.0,1.0,1.0,1.0,1.0,0.0,1.0,0.0,0.0,0.0,1.0,1.0,1.0,0.0,0.0,1.0,0.0,1.0,21.0,32.0,6.0
162341,Bharhara,1123,139,199,442,0,104.7,10.725883476599808,0.1772039180765806,0.3935886019590383,0.0,0.0,0.0,0.0,0.0,0.0,1.0,1.0,1.0,0.0,0.0,0.0,0.0,0.0,0.0,0.0,1.0,1.0,1.0,0.0,0.0,1.0,1.0,1.0,20.0,32.0,6.0
162342,Amba,3832,565,597,476,37,791.84,4.839361487169125,0.15579331941544886,0.12421711899791232,0.009655532359081419,0.0,0.0,0.0,0.0,0.0,1.0,1.0,1.0,0.0,1.0,0.0,0.0,0.0,1.0,1.0,1.0,1.0,1.0,0.0,0.0,1.0,1.0,1.0,18.0,37.0,32.0
162343,Nechuna,456,70,68,187,0,92.71,4.918563261784058,0.14912280701754385,0.4100877192982456,0.0,0.0,0.0,0.0,0.0,0.0,1.0,1.0,1.0,0.0,1.0,0.0,0.0,0.0,0.0,1.0,0.0,1.0,1.0,0.0,0.0,0.0,1.0,1.0,18.0,40.0,35.0
162344,Khiri,1072,148,186,151,0,205.93,5.205652406157432,0.17350746268656717,0.14085820895522388,0.0,0.0,1.0,0.0,0.0,0.0,1.0,1.0,0.0,1.0,1.0,0.0,0.0,1.0,1.0,1.0,1.0,1.0,1.0,1.0,0.0,1.0,1.0,1.0,25.0,38.0,38.0
162345,Khaptiha,1968,268,283,103,0,420.9,4.675694939415538,0.14380081300813008,0.05233739837398374,0.0,0.0,0.0,0.0,0.0,0.0,1.0,1.0,1.0,0.0,1.0,0.0,0.0,1.0,0.0,1.0,1.0,1.0,1.0,1.0,0.0,1.0,1.0,1.0,21.0,35.0,35.0
162346,Antari Samdariya,14,2,1,0,0,56.0,0.25,0.07142857142857142,0.0,0.0,0.0,0.0,0.0,0.0,0.0,0.0,1.0,1.0,0.0,1.0,0.0,1.0,1.0,1.0,1.0,1.0,1.0,1.0,1.0,0.0,1.0,1.0,1.0,25.0,38.0,38.0
162347,Piparhatta,2172,313,395,578,2,388.79,5.586563440417706,0.18186003683241253,0.26611418047882135,0.0009208103130755065,0.0,0.0,0.0,0.0,0.0,1.0,1.0,1.0,1.0,1.0,0.0,1.0,1.0,1.0,1.0,1.0,1.0,1.0,1.0,0.0,1.0,1.0,1.0,25.0,38.0,38.0
162348,Chipaundha,639,85,124,522,0,80.69,7.919196926508861,0.19405320813771518,0.8169014084507042,0.0,0.0,0.0,0.0,0.0,0.0,1.0,1.0,1.0,0.0,0.0,0.0,1.0,0.0,0.0,0.0,1.0,1.0,1.0,0.0,0.0,0.0,0.0,1.0,16.0,36.0,36.0
162349,Antari Kalan,206,28,33,26,0,62.77,3.2818225266847216,0.16019417475728157,0.1262135922330097,0.0,0.0,0.0,0.0,0.0,0.0,1.0,1.0,1.0,0.0,0.0,0.0,0.0,0.0,0.0,0.0,1.0,1.0,0.0,0.0,0.0,0.0,0.0,1.0,16.0,35.0,35.0
162350,Ossa,1160,170,178,280,0,231.9,5.002156101768003,0.15344827586206897,0.2413793103448276,0.0,0.0,0.0,0.0,0.0,0.0,1.0,1.0,1.0,0.0,0.0,0.0,1.0,0.0,0.0,0.0,1.0,1.0,0.0,0.0,0.0,0.0,1.0,1.0,15.0,35.0,35.0
162351,Kukudhi,3260,507,583,1362,0,351.02,9.287220101418724,0.17883435582822085,0.41779141104294476,0.0,0.0,0.0,0.0,0.0,0.0,1.0,1.0,1.0,0.0,0.0,0.0,0.0,0.0,0.0,0.0,1.0,1.0,1.0,1.0,0.0,1.0,1.0,1.0,5.0,35.0,35.0
162352,Khulli,515,80,95,196,0,90.23,5.707636041227973,0.18446601941747573,0.38058252427184464,0.0,0.0,0.0,0.0,0.0,0.0,1.0,1.0,1.0,0.0,0.0,0.0,1.0,0.0,0.0,0.0,1.0,1.0,1.0,0.0,0.0,0.0,1.0,0.0,20.0,45.0,0.0
162353,Bairi,530,84,83,173,0,171.31,3.0938065495300915,0.15660377358490565,0.3264150943396226,0.0,0.0,0.0,0.0,0.0,0.0,1.0,1.0,1.0,0.0,1.0,0.0,1.0,0.0,0.0,0.0,1.0,1.0,0.0,0.0,0.0,0.0,0.0,1.0,16.0,37.0,37.0
162354,Dewara,4836,733,792,1479,0,506.48,9.548254620123203,0.16377171215880892,0.3058312655086849,0.0,0.0,0.0,,0.0,0.0,1.0,1.0,1.0,0.0,0.0,0.0,0.0,0.0,0.0,0.0,1.0,0.0,1.0,1.0,1.0,1.0,1.0,1.0,20.0,40.0,0.0
162355,Piparawan Urf Kathauli,1762,260,318,578,0,581.63,3.0294173271667555,0.18047673098751418,0.3280363223609535,0.0,0.0,0.0,0.0,0.0,0.0,1.0,1.0,0.0,0.0,0.0,0.0,1.0,0.0,0.0,0.0,1.0,1.0,1.0,0.0,0.0,1.0,1.0,1.0,18.0,43.0,43.0
162356,Itar,462,64,87,90,0,159.48,2.8969149736644093,0.18831168831168832,0.19480519480519481,0.0,0.0,0.0,0.0,0.0,0.0,1.0,1.0,1.0,,1.0,0.0,0.0,0.0,0.0,0.0,1.0,1.0,1.0,0.0,0.0,0.0,1.0,0.0,18.0,43.0,0.0
162357,Jethupur,1199,188,178,27,0,133.8,8.961136023916293,0.14845704753961636,0.022518765638031693,0.0,0.0,0.0,0.0,0.0,0.0,1.0,1.0,1.0,0.0,0.0,0.0,0.0,0.0,0.0,0.0,1.0,1.0,1.0,0.0,0.0,1.0,1.0,1.0,15.0,27.0,0.0
162358,Kolhuwa,671,82,79,145,0,324.01,2.0709237369217,0.11773472429210134,0.21609538002980627,0.0,0.0,0.0,0.0,0.0,0.0,1.0,1.0,1.0,1.0,0.0,0.0,1.0,0.0,0.0,0.0,1.0,1.0,1.0,0.0,0.0,1.0,1.0,1.0,18.0,43.0,43.0
162359,Bhiskuri,432,69,79,154,0,136.12,3.1736702909197767,0.18287037037037038,0.35648148148148145,0.0,0.0,0.0,0.0,0.0,0.0,1.0,1.0,0.0,0.0,0.0,0.0,0.0,0.0,0.0,1.0,1.0,1.0,1.0,0.0,0.0,0.0,1.0,1.0,15.0,35.0,30.0
162360,Kuaan,1393,216,213,265,0,189.62,7.346271490349119,0.15290739411342427,0.19023689877961233,0.0,0.0,0.0,0.0,0.0,0.0,1.0,1.0,1.0,0.0,1.0,0.0,1.0,0.0,0.0,0.0,1.0,1.0,1.0,0.0,0.0,1.0,1.0,1.0,15.0,35.0,30.0
162361,Thadhbilar,402,61,39,2,0,65.77,6.112209213927323,0.09701492537313433,0.004975124378109453,0.0,0.0,0.0,0.0,0.0,0.0,1.0,1.0,1.0,0.0,1.0,0.0,0.0,0.0,0.0,1.0,1.0,1.0,1.0,0.0,0.0,1.0,1.0,1.0,16.0,36.0,32.0
162362,Antari Khurd,666,108,142,356,0,42.97,15.499185478240634,0.2132132132132132,0.5345345345345346,0.0,0.0,0.0,0.0,0.0,0.0,1.0,1.0,1.0,1.0,0.0,0.0,0.0,0.0,0.0,1.0,1.0,1.0,1.0,0.0,0.0,1.0,1.0,1.0,15.0,36.0,30.0
162363,Jokanai,2822,409,497,423,0,456.09,6.187375298734899,0.17611622962437987,0.14989369241672573,0.0,0.0,0.0,0.0,0.0,0.0,1.0,1.0,0.0,1.0,1.0,0.0,0.0,0.0,0.0,0.0,1.0,1.0,1.0,0.0,0.0,1.0,1.0,1.0,9.0,40.0,0.0
162364,Mahi,2019,395,308,972,0,188.32,10.721112999150384,0.15255076770678555,0.4814264487369985,0.0,0.0,0.0,0.0,0.0,0.0,1.0,1.0,1.0,0.0,0.0,0.0,0.0,0.0,0.0,1.0,1.0,1.0,1.0,0.0,0.0,1.0,1.0,1.0,15.0,38.0,30.0
162365,Padhokhara,1464,212,292,233,0,164.11,8.920845774175858,0.1994535519125683,0.15915300546448088,0.0,0.0,0.0,0.0,0.0,0.0,1.0,1.0,1.0,1.0,1.0,0.0,1.0,0.0,0.0,0.0,1.0,1.0,1.0,1.0,0.0,0.0,1.0,1.0,13.0,32.0,32.0
162366,Kulmai,4868,741,844,800,0,613.22,7.938423404324712,0.17337715694330322,0.16433853738701726,0.0,0.0,0.0,0.0,0.0,0.0,1.0,1.0,1.0,,,0.0,0.0,0.0,0.0,1.0,1.0,1.0,1.0,1.0,0.0,0.0,1.0,1.0,13.0,32.0,32.0
162367,Benipur Arail,2542,358,434,697,0,393.03,6.46769966669211,0.17073170731707318,0.27419354838709675,0.0,0.0,0.0,0.0,0.0,0.0,1.0,1.0,1.0,0.0,0.0,0.0,1.0,0.0,0.0,0.0,1.0,0.0,1.0,0.0,0.0,1.0,1.0,1.0,18.0,35.0,0.0
162368,Peeri,2457,369,416,757,0,121.11,20.28734208570721,0.1693121693121693,0.3080993080993081,0.0,0.0,0.0,,0.0,0.0,1.0,1.0,0.0,0.0,1.0,0.0,0.0,0.0,0.0,0.0,1.0,0.0,1.0,1.0,1.0,1.0,1.0,1.0,15.0,35.0,0.0
162369,Sodhiya,3586,525,604,939,0,658.44,5.446206184314439,0.16843279419966536,0.2618516452872281,0.0,0.0,0.0,0.0,0.0,0.0,1.0,1.0,1.0,0.0,0.0,0.0,0.0,0.0,0.0,0.0,1.0,1.0,1.0,1.0,0.0,1.0,1.0,1.0,12.0,25.0,25.0
162370,Newada Samogar,3301,524,458,671,0,340.03,9.707966944093169,0.1387458345955771,0.20327173583762495,0.0,0.0,0.0,0.0,0.0,0.0,1.0,1.0,0.0,0.0,0.0,0.0,1.0,1.0,1.0,1.0,1.0,1.0,1.0,1.0,0.0,1.0,1.0,1.0,10.0,10.0,7.0
162371,Bajaha,1081,161,197,545,0,127.06,8.507791594522272,0.1822386679000925,0.5041628122109159,0.0,0.0,0.0,0.0,0.0,0.0,1.0,1.0,1.0,1.0,0.0,0.0,0.0,0.0,0.0,0.0,1.0,1.0,1.0,1.0,0.0,1.0,1.0,1.0,0.0,22.0,10.0
162372,Gaothi Taluka Purwa,1347,169,181,0,0,119.09,11.310773364682174,0.13437268002969563,0.0,0.0,0.0,0.0,0.0,0.0,0.0,1.0,1.0,1.0,0.0,1.0,1.0,0.0,0.0,0.0,0.0,1.0,1.0,1.0,1.0,0.0,1.0,1.0,1.0,0.0,22.0,10.0
162373,Patewara,1281,245,200,992,74,175.9,7.282546901648664,0.156128024980484,0.7743950039032006,0.05776736924277908,0.0,0.0,0.0,0.0,0.0,1.0,1.0,1.0,0.0,0.0,0.0,0.0,0.0,0.0,0.0,1.0,1.0,1.0,0.0,0.0,0.0,1.0,1.0,8.0,20.0,8.0
162374,Hatigan,5563,842,925,1258,0,517.84,10.74270044801483,0.1662771885673198,0.22613697645155492,0.0,0.0,1.0,0.0,0.0,0.0,1.0,1.0,1.0,0.0,0.0,0.0,1.0,0.0,0.0,0.0,1.0,1.0,1.0,0.0,0.0,1.0,1.0,1.0,3.0,20.0,85.0
162375,Purawa Khas,3910,640,609,1121,0,283.22,13.805522208883552,0.15575447570332482,0.28670076726342714,0.0,,0.0,0.0,0.0,0.0,1.0,1.0,1.0,1.0,1.0,0.0,1.0,0.0,0.0,0.0,1.0,1.0,1.0,0.0,0.0,1.0,1.0,1.0,5.0,25.0,12.0
162376,Tilakhwar,3728,680,581,1195,0,261.52,14.255123891098195,0.15584763948497854,0.3205472103004292,0.0,0.0,0.0,0.0,0.0,0.0,1.0,1.0,1.0,0.0,0.0,0.0,0.0,0.0,0.0,0.0,1.0,0.0,1.0,0.0,0.0,1.0,1.0,1.0,5.0,15.0,0.0
162377,Charibana,3091,445,446,658,0,238.88,12.939551239115874,0.14428987382724037,0.2128760918796506,0.0,0.0,0.0,0.0,0.0,0.0,1.0,1.0,1.0,0.0,1.0,0.0,1.0,0.0,0.0,0.0,1.0,0.0,1.0,0.0,0.0,1.0,1.0,1.0,5.0,12.0,0.0
162378,Bayohara,2174,335,295,584,0,144.65,15.029381265122709,0.13569457221711131,0.2686292548298068,0.0,0.0,0.0,0.0,0.0,0.0,1.0,1.0,1.0,0.0,0.0,0.0,0.0,0.0,1.0,0.0,0.0,0.0,0.0,1.0,0.0,0.0,1.0,1.0,20.0,20.0,20.0
162379,Piparaon Taluka Karchana,2103,350,300,279,1,263.73,7.97406438402912,0.14265335235378032,0.1326676176890157,0.00047551117451260106,0.0,0.0,0.0,0.0,0.0,1.0,1.0,1.0,0.0,0.0,0.0,0.0,0.0,0.0,0.0,1.0,1.0,1.0,0.0,0.0,0.0,1.0,1.0,4.0,16.0,8.0
162380,Lawayan Khurd,2560,428,365,895,4,238.87,10.717126470465105,0.142578125,0.349609375,0.0015625,0.0,0.0,0.0,0.0,0.0,1.0,1.0,1.0,0.0,0.0,0.0,0.0,0.0,0.0,0.0,1.0,1.0,1.0,0.0,0.0,1.0,1.0,1.0,5.0,16.0,5.0
162381,Chandi,1333,240,227,151,0,104.66,12.736480030575196,0.17029257314328583,0.11327831957989497,0.0,0.0,0.0,0.0,0.0,0.0,1.0,1.0,1.0,0.0,1.0,0.0,0.0,0.0,0.0,0.0,1.0,1.0,1.0,0.0,0.0,0.0,1.0,1.0,5.0,16.0,8.0
162382,Kharesar,544,115,81,53,0,91.64,5.936272370144042,0.1488970588235294,0.0974264705882353,0.0,0.0,0.0,0.0,0.0,0.0,1.0,1.0,1.0,0.0,0.0,0.0,0.0,0.0,0.0,0.0,1.0,1.0,1.0,1.0,0.0,0.0,1.0,1.0,6.0,16.0,5.0
162383,Rampur Taluka Mungari,3111,530,444,613,5,149.84,20.762146289375334,0.14271938283510124,0.19704275152684025,0.0016072002571520412,0.0,0.0,0.0,0.0,0.0,1.0,1.0,1.0,0.0,0.0,0.0,0.0,0.0,1.0,1.0,1.0,1.0,1.0,0.0,0.0,1.0,1.0,1.0,3.0,14.0,10.0
162384,Mungari,9671,1410,1594,2357,272,919.9,10.51309924991847,0.16482266570158205,0.24371833316099678,0.028125323131010238,0.0,0.0,0.0,0.0,0.0,1.0,1.0,1.0,1.0,1.0,0.0,0.0,1.0,1.0,1.0,1.0,1.0,1.0,1.0,0.0,1.0,1.0,1.0,4.0,20.0,8.0
162385,Basariya,1574,235,246,119,0,112.09,14.04228744758676,0.156289707750953,0.07560355781448538,0.0,0.0,0.0,0.0,0.0,0.0,1.0,1.0,1.0,1.0,1.0,0.0,1.0,0.0,0.0,0.0,1.0,1.0,1.0,1.0,0.0,0.0,1.0,1.0,1.0,20.0,20.0
162386,Hindupur,2475,389,268,371,0,90.09,27.47252747252747,0.10828282828282829,0.1498989898989899,0.0,0.0,0.0,0.0,0.0,0.0,1.0,1.0,1.0,1.0,0.0,0.0,0.0,0.0,1.0,1.0,1.0,1.0,1.0,1.0,1.0,1.0,1.0,1.0,0.0,20.0,20.0
162387,Fattepur,1000,178,168,179,0,156.75,6.379585326953748,0.168,0.179,0.0,0.0,0.0,0.0,0.0,0.0,1.0,1.0,1.0,0.0,0.0,0.0,0.0,0.0,1.0,1.0,1.0,1.0,1.0,0.0,0.0,1.0,1.0,1.0,3.0,23.0,0.0
162388,Karchana,3775,546,564,1117,3,225.72,16.724260145312776,0.14940397350993379,0.2958940397350993,0.0007947019867549669,1.0,0.0,1.0,0.0,0.0,1.0,1.0,1.0,1.0,1.0,0.0,1.0,0.0,1.0,1.0,1.0,0.0,1.0,1.0,1.0,1.0,1.0,1.0,0.0,20.0,20.0
162389,Bharaha,1915,328,301,487,0,170.0,11.264705882352942,0.15718015665796345,0.25430809399477805,0.0,0.0,0.0,0.0,0.0,0.0,1.0,1.0,1.0,0.0,0.0,0.0,0.0,0.0,0.0,0.0,1.0,1.0,0.0,1.0,0.0,1.0,0.0,1.0,2.0,22.0,10.0
162390,Thari,1141,200,202,199,0,98.08,11.633360522022839,0.17703768624014024,0.17440841367221735,0.0,0.0,0.0,0.0,0.0,0.0,1.0,1.0,1.0,0.0,1.0,0.0,0.0,0.0,0.0,0.0,1.0,1.0,0.0,0.0,0.0,1.0,1.0,1.0,25.0,25.0,22.0
162391,Mahoridiwan,3011,478,509,287,144,274.05,10.987046159459952,0.1690468282962471,0.0953171703752906,0.04782464297575556,0.0,0.0,0.0,0.0,0.0,1.0,1.0,1.0,0.0,0.0,0.0,0.0,0.0,0.0,0.0,1.0,1.0,0.0,0.0,0.0,1.0,1.0,1.0,51.0,25.0,25.0
162392,Harduwa,605,94,80,6,16,51.7,11.702127659574467,0.1322314049586777,0.009917355371900827,0.026446280991735537,0.0,0.0,0.0,0.0,0.0,1.0,1.0,1.0,1.0,1.0,0.0,1.0,0.0,0.0,0.0,1.0,0.0,1.0,0.0,0.0,1.0,1.0,1.0,2.0,18.0,0.0
162393,Kathuwa,1701,297,240,590,0,100.37,16.947295008468664,0.14109347442680775,0.34685479129923574,0.0,0.0,0.0,0.0,0.0,0.0,1.0,1.0,1.0,0.0,1.0,0.0,0.0,0.0,0.0,0.0,1.0,1.0,1.0,0.0,0.0,1.0,1.0,1.0,2.0,21.0,2.0
162394,Kareha,5335,822,820,561,0,270.63,19.71326164874552,0.15370196813495782,0.10515463917525773,0.0,0.0,0.0,0.0,0.0,0.0,1.0,1.0,0.0,0.0,0.0,0.0,0.0,0.0,0.0,0.0,1.0,1.0,1.0,0.0,0.0,1.0,1.0,1.0,2.0,22.0,2.0
162395,Pura Ghisan,1533,230,249,97,0,109.73,13.970655244691516,0.162426614481409,0.06327462491846053,0.0,0.0,0.0,0.0,0.0,0.0,1.0,1.0,0.0,0.0,0.0,0.0,0.0,0.0,0.0,0.0,1.0,1.0,1.0,1.0,0.0,1.0,1.0,1.0,3.0,20.0,15.0
162396,Tiwariya Khurd,1166,142,197,24,0,87.45,13.333333333333332,0.16895368782161235,0.02058319039451115,0.0,0.0,0.0,0.0,0.0,0.0,1.0,1.0,1.0,0.0,0.0,0.0,0.0,0.0,0.0,0.0,1.0,1.0,1.0,1.0,0.0,1.0,1.0,1.0,6.0,25.0,15.0
162397,Taroila,2343,356,407,569,0,153.81,15.23307977374683,0.17370892018779344,0.24285104566794707,0.0,0.0,0.0,0.0,0.0,0.0,1.0,1.0,1.0,0.0,0.0,0.0,0.0,0.0,0.0,0.0,1.0,0.0,1.0,1.0,0.0,1.0,1.0,1.0,6.0,25.0,15.0
162398,Ghatwa,2616,453,378,1007,0,260.66,10.036062303383718,0.1444954128440367,0.3849388379204893,0.0,0.0,0.0,0.0,0.0,0.0,1.0,1.0,1.0,0.0,1.0,0.0,1.0,0.0,0.0,0.0,1.0,1.0,1.0,1.0,0.0,1.0,1.0,1.0,31.0,25.0,15.0
162399,Chanaini,1325,214,181,190,0,62.67,21.142492420615923,0.13660377358490566,0.14339622641509434,0.0,0.0,0.0,0.0,0.0,0.0,1.0,1.0,1.0,0.0,0.0,0.0,0.0,0.0,0.0,1.0,1.0,1.0,1.0,0.0,0.0,1.0,1.0,1.0,1.0,18.0,12.0
162400,Sahlilhwa,562,109,95,165,0,80.93,6.944272828370196,0.16903914590747332,0.29359430604982206,0.0,0.0,0.0,0.0,0.0,0.0,1.0,1.0,0.0,0.0,1.0,0.0,1.0,0.0,0.0,0.0,1.0,0.0,1.0,1.0,0.0,0.0,1.0,1.0,6.0,30.0,25.0
162401,Sonai,3330,581,518,1200,0,298.99,11.137496237332352,0.15555555555555556,0.36036036036036034,0.0,0.0,0.0,0.0,0.0,0.0,1.0,1.0,1.0,0.0,0.0,0.0,0.0,0.0,0.0,1.0,1.0,1.0,1.0,1.0,1.0,1.0,1.0,1.0,4.0,28.0,23.0
162402,Ligadahiya,1427,244,187,282,0,82.75,17.244712990936556,0.13104414856341975,0.19761737911702873,0.0,0.0,0.0,0.0,0.0,0.0,1.0,1.0,1.0,0.0,0.0,0.0,0.0,0.0,0.0,0.0,0.0,0.0,1.0,0.0,0.0,1.0,1.0,1.0,30.0,0.0,0.0
162403,Bardaha,3680,565,529,1022,0,190.83,19.284179636325526,0.14375,0.2777173913043478,0.0,0.0,0.0,0.0,0.0,0.0,1.0,1.0,1.0,1.0,1.0,,1.0,0.0,1.0,1.0,1.0,0.0,1.0,0.0,0.0,1.0,1.0,1.0,3.0,25.0,25.0
162404,Jagaut,1001,151,189,61,0,61.31,16.326863480671996,0.1888111888111888,0.060939060939060936,0.0,0.0,0.0,0.0,0.0,0.0,1.0,1.0,1.0,1.0,1.0,0.0,1.0,0.0,1.0,1.0,1.0,0.0,1.0,0.0,0.0,1.0,1.0,1.0,3.0,25.0,25.0
162405,Bhaterawa,1047,145,169,349,0,97.54,10.734057822431822,0.16141356255969436,0.3333333333333333,0.0,0.0,0.0,0.0,0.0,0.0,1.0,1.0,1.0,0.0,0.0,0.0,0.0,0.0,0.0,1.0,1.0,0.0,1.0,0.0,0.0,1.0,1.0,1.0,3.0,25.0,25.0
162406,Lakhrawan,1564,234,264,719,0,137.93,11.339085043137823,0.16879795396419436,0.45971867007672634,0.0,0.0,0.0,0.0,0.0,0.0,1.0,1.0,1.0,0.0,1.0,0.0,1.0,0.0,0.0,0.0,1.0,1.0,1.0,1.0,0.0,1.0,1.0,1.0,8.0,32.0,25.0
162407,Kaithi,3941,555,704,699,28,262.97,14.986500361257937,0.17863486424765287,0.17736615072316672,0.007104795737122558,0.0,0.0,0.0,0.0,0.0,1.0,1.0,1.0,0.0,1.0,0.0,1.0,0.0,0.0,0.0,0.0,0.0,1.0,0.0,0.0,1.0,1.0,1.0,4.0,24.0,0.0
162408,Kaowa,2167,359,362,383,0,108.4,19.990774907749078,0.16705122288878635,0.1767420396862021,0.0,0.0,0.0,0.0,0.0,0.0,1.0,1.0,1.0,1.0,1.0,0.0,1.0,0.0,1.0,1.0,1.0,1.0,1.0,1.0,0.0,1.0,1.0,1.0,5.0,23.0,0.0
162409,Naiwa,844,146,131,218,0,70.064,12.046129253254168,0.1552132701421801,0.25829383886255924,0.0,0.0,0.0,0.0,0.0,0.0,1.0,1.0,1.0,0.0,1.0,0.0,0.0,0.0,0.0,0.0,1.0,1.0,1.0,0.0,0.0,1.0,1.0,1.0,5.0,27.0,0.0
162410,Hasimpur,880,144,124,16,0,34.02,25.867136978248087,0.1409090909090909,0.01818181818181818,0.0,0.0,0.0,0.0,0.0,0.0,1.0,1.0,1.0,0.0,0.0,0.0,0.0,0.0,0.0,0.0,1.0,1.0,0.0,0.0,0.0,0.0,1.0,1.0,6.0,25.0,25.0
162411,Nibi Ta. Khaivi,412,81,62,69,0,103.38,3.985296962662024,0.15048543689320387,0.16747572815533981,0.0,0.0,0.0,0.0,0.0,0.0,1.0,1.0,1.0,0.0,0.0,0.0,0.0,0.0,0.0,0.0,0.0,1.0,1.0,0.0,0.0,0.0,1.0,1.0,8.0,40.0,40.0
162412,Gadhawa Khurd Ta. Khain,0,0,0,0,0,32.57,0.0,,,,,,,,,,,,,,,,,,,,,,,,,,,8.0,40.0,40.0
162413,Bilui,545,70,98,0,0,32.57,16.733190052195273,0.1798165137614679,0.0,0.0,0.0,0.0,0.0,0.0,0.0,1.0,1.0,1.0,,,0.0,0.0,0.0,0.0,0.0,1.0,1.0,1.0,0.0,0.0,0.0,1.0,1.0,8.0,40.0,40.0
162414,Dharahara,693,104,134,207,0,55.18,12.558898151504168,0.19336219336219337,0.2987012987012987,0.0,0.0,0.0,0.0,0.0,0.0,1.0,1.0,1.0,0.0,1.0,1.0,0.0,0.0,0.0,0.0,1.0,1.0,1.0,0.0,0.0,0.0,1.0,1.0,8.0,40.0,40.0
162415,Chaukht,115,20,36,110,0,55.36,2.0773121387283235,0.3130434782608696,0.9565217391304348,0.0,0.0,0.0,0.0,0.0,0.0,1.0,1.0,1.0,0.0,0.0,0.0,0.0,0.0,0.0,0.0,1.0,1.0,1.0,0.0,0.0,0.0,0.0,0.0,8.0,40.0,40.0
162416,Dewri Khurd,1137,170,200,284,0,70.06,16.22894661718527,0.1759014951627089,0.2497801231310466,0.0,0.0,0.0,0.0,0.0,0.0,1.0,1.0,1.0,0.0,0.0,0.0,0.0,0.0,0.0,0.0,1.0,1.0,0.0,0.0,0.0,1.0,1.0,1.0,6.0,25.0,25.0
162417,Sanjhi,907,171,125,103,0,92.85,9.768443726440497,0.1378169790518192,0.11356119073869901,0.0,0.0,0.0,0.0,0.0,0.0,1.0,1.0,1.0,0.0,0.0,0.0,0.0,0.0,0.0,0.0,1.0,1.0,0.0,1.0,0.0,0.0,1.0,1.0,10.0,30.0,30.0
162418,Khain,6131,798,1012,1341,0,456.16,13.440459487898982,0.16506279562877182,0.2187245147610504,0.0,0.0,0.0,0.0,0.0,0.0,1.0,1.0,1.0,0.0,0.0,0.0,0.0,0.0,0.0,0.0,1.0,0.0,1.0,0.0,0.0,1.0,1.0,1.0,10.0,30.0,30.0
162419,Bastar,2562,359,463,547,0,296.75,8.633529907329402,0.18071818891491023,0.21350507416081185,0.0,0.0,0.0,0.0,0.0,0.0,1.0,1.0,1.0,1.0,0.0,0.0,1.0,0.0,1.0,0.0,1.0,1.0,1.0,0.0,0.0,1.0,1.0,1.0,10.0,40.0,40.0
162420,Gadhwakala Ta.Khain,383,44,59,0,0,136.92,2.797253870873503,0.15404699738903394,0.0,0.0,0.0,0.0,0.0,0.0,0.0,1.0,1.0,1.0,1.0,1.0,0.0,1.0,1.0,0.0,0.0,0.0,1.0,1.0,1.0,0.0,0.0,1.0,1.0,11.0,36.0,36.0
162421,Dewri Kala,2312,380,336,608,7,186.73,12.381513415091309,0.1453287197231834,0.2629757785467128,0.003027681660899654,0.0,0.0,0.0,0.0,0.0,1.0,1.0,1.0,0.0,0.0,0.0,0.0,0.0,0.0,1.0,1.0,0.0,1.0,0.0,0.0,1.0,1.0,1.0,10.0,30.0,30.0
162422,Kachari,1329,170,190,31,0,75.54,17.593328038125495,0.14296463506395787,0.023325808878856283,0.0,0.0,0.0,0.0,0.0,0.0,1.0,1.0,1.0,0.0,0.0,0.0,1.0,0.0,0.0,1.0,0.0,0.0,1.0,0.0,0.0,1.0,1.0,1.0,10.0,30.0,30.0
162423,Antahiya,2602,355,406,381,0,266.94,9.747508803476437,0.15603382013835512,0.14642582628747117,0.0,0.0,0.0,0.0,0.0,0.0,1.0,1.0,1.0,0.0,0.0,0.0,0.0,0.0,0.0,0.0,1.0,0.0,0.0,1.0,0.0,1.0,1.0,1.0,11.0,36.0,0.0
162424,Baikunthpur,212,17,30,0,0,64.69,3.2771680321533467,0.14150943396226415,0.0,0.0,0.0,0.0,0.0,0.0,0.0,1.0,1.0,1.0,,1.0,0.0,0.0,0.0,0.0,0.0,0.0,0.0,1.0,1.0,0.0,0.0,1.0,0.0,11.0,36.0,0.0
162425,Mandawa,1917,284,336,517,0,278.26,6.889240278875872,0.1752738654147105,0.2696922274387063,0.0,0.0,1.0,0.0,0.0,0.0,1.0,1.0,1.0,0.0,0.0,0.0,0.0,0.0,0.0,0.0,1.0,0.0,0.0,0.0,0.0,1.0,1.0,1.0,20.0,45.0,45.0
162426,Mandauli,931,146,138,0,0,91.29,10.19826925183481,0.14822771213748656,0.0,0.0,0.0,0.0,0.0,0.0,0.0,1.0,1.0,1.0,0.0,0.0,0.0,0.0,0.0,0.0,0.0,0.0,0.0,0.0,0.0,0.0,1.0,1.0,0.0,15.0,40.0,40.0
162427,Gandhiyawa,2352,345,407,349,6,193.61,12.148132844377873,0.17304421768707484,0.1483843537414966,0.002551020408163265,0.0,0.0,0.0,0.0,0.0,1.0,1.0,1.0,0.0,1.0,0.0,0.0,0.0,0.0,1.0,0.0,0.0,1.0,0.0,0.0,1.0,1.0,1.0,13.0,30.0,30.0
162428,Purani,1849,299,260,851,0,206.03,8.974421200796,0.14061654948620878,0.4602487831260141,0.0,0.0,0.0,0.0,0.0,0.0,1.0,1.0,1.0,0.0,0.0,0.0,0.0,0.0,1.0,1.0,1.0,1.0,0.0,1.0,0.0,1.0,1.0,1.0,5.0,25.0,13.0
162429,Tendui Ta. Khurd,121,15,19,14,0,76.92,1.5730629225169006,0.15702479338842976,0.11570247933884298,0.0,0.0,0.0,0.0,0.0,0.0,1.0,1.0,1.0,1.0,1.0,0.0,0.0,0.0,0.0,0.0,0.0,1.0,1.0,0.0,0.0,1.0,1.0,1.0,13.0,33.0,33.0
162430,Harrai,3001,479,475,690,0,194.37,15.439625456603386,0.1582805731422859,0.2299233588803732,0.0,0.0,0.0,0.0,0.0,0.0,1.0,1.0,1.0,0.0,1.0,0.0,1.0,0.0,0.0,0.0,1.0,0.0,1.0,0.0,0.0,1.0,1.0,1.0,15.0,35.0,35.0
162431,Gaura Ta. Panasa,67,7,15,15,0,52.29,1.2813157391470644,0.22388059701492538,0.22388059701492538,0.0,0.0,0.0,0.0,0.0,0.0,0.0,1.0,1.0,0.0,0.0,0.0,0.0,0.0,0.0,0.0,0.0,0.0,1.0,0.0,0.0,1.0,1.0,1.0,14.0,34.0,34.0
162432,Maghuwa,2004,287,351,129,0,122.73,16.328526032754827,0.1751497005988024,0.06437125748502993,0.0,0.0,0.0,0.0,0.0,0.0,1.0,1.0,1.0,1.0,0.0,0.0,1.0,0.0,0.0,0.0,1.0,1.0,1.0,1.0,1.0,1.0,1.0,1.0,15.0,30.0,0.0
162433,Beerpur Ta. Panasa,297,30,41,0,0,64.21,4.625447749571718,0.13804713804713806,0.0,0.0,0.0,0.0,0.0,0.0,0.0,1.0,1.0,1.0,0.0,0.0,0.0,0.0,0.0,0.0,0.0,0.0,0.0,1.0,0.0,0.0,1.0,1.0,1.0,10.0,26.0,0.0
162434,Dholipur,583,80,120,59,0,146.84,3.970307818033233,0.2058319039451115,0.10120068610634649,0.0,0.0,0.0,0.0,0.0,0.0,1.0,1.0,1.0,0.0,1.0,0.0,0.0,0.0,0.0,0.0,0.0,0.0,1.0,0.0,0.0,1.0,0.0,1.0,0.0,0.0,0.0
162435,Piparawan Ta. Panasa,803,107,139,453,0,58.36,13.759424263193969,0.17310087173100872,0.564134495641345,0.0,0.0,0.0,0.0,0.0,0.0,1.0,1.0,1.0,0.0,1.0,0.0,0.0,0.0,0.0,0.0,0.0,0.0,1.0,0.0,0.0,1.0,1.0,1.0,1.0,26.0,0.0
162436,Bhitaria,524,57,81,121,0,38.27,13.692187091716749,0.15458015267175573,0.23091603053435114,0.0,0.0,0.0,0.0,0.0,0.0,1.0,1.0,1.0,0.0,0.0,0.0,0.0,0.0,0.0,0.0,1.0,0.0,1.0,0.0,0.0,1.0,1.0,1.0,2.0,25.0,0.0
162437,Sar Ta  Panasa,200,29,35,0,0,20.11,9.945300845350571,0.175,0.0,0.0,0.0,0.0,0.0,0.0,0.0,1.0,1.0,1.0,0.0,0.0,0.0,0.0,0.0,0.0,0.0,1.0,1.0,1.0,0.0,0.0,1.0,1.0,1.0,15.0,30.0,0.0
162438,Ghonedeeh Ta. Panasa,1810,264,267,611,8,176.74,10.241032024442683,0.14751381215469614,0.33756906077348064,0.004419889502762431,0.0,0.0,0.0,0.0,0.0,1.0,1.0,1.0,0.0,0.0,0.0,0.0,1.0,1.0,1.0,1.0,1.0,1.0,0.0,0.0,1.0,1.0,1.0,8.0,24.0,0.0
162439,Bhatauli,785,115,114,180,0,27.71,28.32912306026705,0.14522292993630573,0.22929936305732485,0.0,0.0,0.0,0.0,0.0,0.0,1.0,1.0,1.0,0.0,0.0,0.0,0.0,0.0,0.0,0.0,0.0,0.0,1.0,0.0,0.0,1.0,1.0,1.0,15.0,28.0,23.0
162440,Basadila,671,94,101,49,0,73.2,9.166666666666666,0.15052160953800298,0.07302533532041729,0.0,0.0,0.0,0.0,0.0,0.0,1.0,1.0,1.0,0.0,0.0,0.0,0.0,0.0,0.0,0.0,1.0,0.0,1.0,0.0,0.0,1.0,1.0,1.0,10.0,26.0,0.0
162441,Bhitar,739,111,146,141,0,640.25,1.1542366263178445,0.1975642760487145,0.19079837618403248,0.0,0.0,0.0,0.0,0.0,0.0,1.0,1.0,1.0,0.0,0.0,0.0,0.0,0.0,0.0,0.0,0.0,0.0,1.0,0.0,0.0,1.0,1.0,1.0,15.0,30.0,27.0
162442,Kachra,247,31,34,52,0,120.79,2.044871264177498,0.13765182186234817,0.21052631578947367,0.0,0.0,0.0,0.0,0.0,0.0,1.0,1.0,1.0,0.0,0.0,0.0,0.0,0.0,0.0,0.0,0.0,0.0,1.0,0.0,0.0,0.0,1.0,0.0,15.0,31.0,26.0
162443,Manaiya Kachar,0,0,0,0,0,62.0,0.0,,,,,,,,,,,,,,,,,,,,,,,,,,,8.0,23.0,12.0
162444,Manaiya Uperhar,1790,263,276,161,35,158.75,11.275590551181102,0.15418994413407822,0.08994413407821229,0.019553072625698324,0.0,0.0,0.0,0.0,0.0,1.0,1.0,1.0,1.0,0.0,0.0,1.0,0.0,0.0,1.0,1.0,1.0,1.0,0.0,0.0,1.0,1.0,1.0,8.0,24.0,10.0
162445,Khanika Kachar,0,0,0,0,0,101.96,0.0,,,,,,,,,,,,,,,,,,,,,,,,,,,8.0,23.0,25.0
162446,Khanika Uperhar,1269,159,249,316,0,164.4,7.718978102189781,0.19621749408983452,0.24901497241922774,0.0,0.0,0.0,0.0,0.0,0.0,1.0,1.0,1.0,0.0,0.0,0.0,0.0,0.0,0.0,0.0,1.0,0.0,1.0,0.0,0.0,1.0,1.0,1.0,8.0,24.0,12.0
162447,Kabra,914,161,124,170,0,223.66,4.086559957077707,0.13566739606126915,0.18599562363238512,0.0,0.0,0.0,0.0,0.0,0.0,1.0,1.0,0.0,0.0,0.0,0.0,0.0,0.0,0.0,0.0,1.0,0.0,1.0,0.0,0.0,1.0,1.0,1.0,8.0,0.0,0.0
162448,Diha Kachar,0,0,0,0,0,80.84,0.0,,,,,,,,,,,,,,,,,,,,,,,,,,,10.0,29.0,0.0
162449,Chak Ausan Chaube,42,5,10,23,0,13.21,3.1794095382286143,0.23809523809523808,0.5476190476190477,0.0,0.0,0.0,0.0,0.0,0.0,0.0,1.0,1.0,1.0,0.0,0.0,0.0,0.0,0.0,0.0,0.0,0.0,1.0,0.0,0.0,1.0,1.0,1.0,15.0,30.0,30.0
162450,Semraha Kachar,0,0,0,0,0,96.73,0.0,,,,,,,,,,,,,,,,,,,,,,,,,,,15.0,20.0,0.0
162451,Rampur Kachar,0,0,0,0,0,118.89,0.0,,,,,,,,,,,,,,,,,,,,,,,,,,,13.0,80.0,0.0
162452,Rampur Uperhar,1357,208,205,111,0,83.1,16.329723225030087,0.15106853352984526,0.08179808400884303,0.0,0.0,0.0,0.0,0.0,0.0,1.0,1.0,1.0,0.0,1.0,0.0,0.0,0.0,0.0,1.0,1.0,0.0,1.0,0.0,0.0,1.0,1.0,1.0,15.0,32.0,0.0
162453,Semraha Uperhar,1438,248,246,113,0,62.71,22.930952001275713,0.17107093184979139,0.07858136300417246,0.0,,0.0,0.0,0.0,0.0,1.0,1.0,0.0,0.0,0.0,0.0,0.0,0.0,0.0,0.0,0.0,0.0,1.0,0.0,0.0,1.0,0.0,0.0,15.0,30.0,30.0
162454,Diha Uperhar,10411,1549,1724,2199,0,744.08,13.991775077948606,0.1655940831812506,0.21121890308327732,0.0,0.0,0.0,0.0,0.0,0.0,1.0,1.0,0.0,1.0,1.0,0.0,0.0,0.0,0.0,0.0,1.0,0.0,1.0,0.0,0.0,1.0,1.0,1.0,9.0,20.0,0.0
162455,Bendo,4490,673,764,229,0,460.03,9.760233028280766,0.17015590200445435,0.051002227171492207,0.0,0.0,0.0,0.0,0.0,0.0,1.0,1.0,1.0,0.0,0.0,0.0,1.0,1.0,0.0,1.0,1.0,0.0,1.0,0.0,0.0,1.0,1.0,1.0,7.0,23.0,0.0
162456,Pach Dewra,2041,297,358,237,0,153.01,13.338997451146984,0.17540421362077413,0.11611954924056835,0.0,0.0,0.0,0.0,0.0,0.0,1.0,1.0,1.0,0.0,0.0,0.0,0.0,0.0,1.0,1.0,1.0,1.0,1.0,1.0,0.0,1.0,1.0,1.0,3.0,22.0,10.0
162457,Jagdishpur,970,140,152,90,0,116.11,8.354146929635691,0.15670103092783505,0.09278350515463918,0.0,0.0,0.0,0.0,0.0,0.0,1.0,1.0,1.0,0.0,1.0,0.0,0.0,0.0,0.0,0.0,0.0,1.0,1.0,0.0,0.0,1.0,1.0,1.0,14.0,31.0,31.0
162458,Amilo,1922,229,258,333,0,223.31,8.606869374412252,0.13423517169614985,0.1732570239334027,0.0,0.0,0.0,0.0,0.0,0.0,1.0,1.0,0.0,0.0,0.0,0.0,0.0,0.0,0.0,0.0,1.0,1.0,1.0,1.0,1.0,1.0,1.0,1.0,15.0,30.0,0.0
162459,Ganala Kachar,0,0,0,0,0,538.52,0.0,,,,,,,,,,,,,,,,,,,,,,,,,,,25.0,34.0,0.0
162460,Khjoraul Kachar,0,0,0,0,0,350.3,0.0,,,,,,,,,,,,,,,,,,,,,,,,,,,16.0,30.0,0.0
162461,Lakitaha Kachar,0,0,0,0,0,171.36,0.0,,,,,,,,,,,,,,,,,,,,,,,,,,,16.0,36.0,36.0
162462,Khajoraul Uperhar,1125,147,175,155,0,140.55,8.004268943436498,0.15555555555555556,0.13777777777777778,0.0,0.0,0.0,0.0,0.0,0.0,1.0,1.0,1.0,1.0,0.0,0.0,0.0,0.0,0.0,0.0,0.0,0.0,1.0,0.0,0.0,1.0,1.0,1.0,15.0,32.0,0.0
162463,Gandaila Uperhar,1405,192,221,174,0,237.71,5.910563291405494,0.15729537366548044,0.12384341637010676,0.0,0.0,0.0,0.0,0.0,0.0,1.0,1.0,1.0,0.0,0.0,0.0,0.0,0.0,0.0,0.0,0.0,0.0,1.0,0.0,0.0,1.0,1.0,1.0,25.0,34.0,0.0
162464,Chaak Diharam,0,0,0,0,0,14.42,0.0,,,,,,,,,,,,,,,,,,,,,,,,,,,15.0,30.0,30.0
162465,Taktahiya,1362,206,191,220,0,129.76,10.496300863131937,0.14023494860499267,0.16152716593245228,0.0,0.0,0.0,0.0,0.0,0.0,1.0,1.0,1.0,1.0,1.0,1.0,1.0,0.0,0.0,0.0,1.0,0.0,1.0,0.0,0.0,1.0,1.0,1.0,14.0,0.0,0.0
162466,Ramgadha,3022,445,530,1077,0,156.33,19.330902577880124,0.17538054268696227,0.3563864990072799,0.0,0.0,,0.0,0.0,0.0,1.0,1.0,1.0,0.0,1.0,0.0,1.0,0.0,0.0,0.0,0.0,1.0,1.0,0.0,0.0,1.0,1.0,1.0,12.0,32.0,0.0
162467,Antahi,360,56,55,0,0,55.68,6.4655172413793105,0.1527777777777778,0.0,0.0,0.0,0.0,0.0,0.0,0.0,1.0,1.0,1.0,0.0,1.0,0.0,0.0,0.0,0.0,0.0,0.0,0.0,1.0,0.0,0.0,1.0,1.0,1.0,12.0,30.0,0.0
162468,Kolaahi,664,78,80,0,0,56.4,11.77304964539007,0.12048192771084337,0.0,0.0,0.0,0.0,0.0,0.0,0.0,1.0,1.0,1.0,0.0,0.0,0.0,0.0,0.0,0.0,0.0,1.0,0.0,1.0,0.0,0.0,1.0,1.0,1.0,12.0,30.0,0.0
162469,Tikariya,987,138,138,1,0,49.83,19.807344972907888,0.1398176291793313,0.0010131712259371835,0.0,0.0,0.0,0.0,0.0,0.0,1.0,1.0,1.0,1.0,1.0,0.0,1.0,0.0,0.0,0.0,1.0,0.0,1.0,0.0,0.0,0.0,1.0,1.0,15.0,30.0,0.0
162470,Basahi,4475,641,633,868,0,308.9,14.486888960828749,0.14145251396648045,0.19396648044692738,0.0,0.0,0.0,0.0,0.0,0.0,1.0,1.0,1.0,1.0,0.0,0.0,1.0,0.0,0.0,0.0,1.0,0.0,1.0,0.0,0.0,1.0,1.0,1.0,25.0,34.0,0.0
162471,Babura,5148,632,702,149,0,245.62,20.959205276443285,0.13636363636363635,0.028943278943278944,0.0,0.0,0.0,0.0,0.0,0.0,1.0,1.0,1.0,0.0,0.0,0.0,0.0,0.0,0.0,0.0,1.0,1.0,1.0,0.0,0.0,1.0,1.0,1.0,25.0,34.0,0.0
162472,Lohari,675,67,95,10,0,91.52,7.375437062937063,0.14074074074074075,0.014814814814814815,0.0,0.0,0.0,0.0,0.0,0.0,1.0,1.0,1.0,0.0,0.0,0.0,0.0,0.0,0.0,1.0,1.0,1.0,1.0,1.0,0.0,1.0,1.0,1.0,15.0,32.0,0.0
162473,Panasa Uperhar,9124,1218,1354,967,0,929.04,9.820890381469043,0.14839982463831652,0.1059842174484875,0.0,0.0,0.0,0.0,0.0,0.0,1.0,1.0,0.0,0.0,1.0,0.0,1.0,0.0,0.0,0.0,1.0,1.0,0.0,0.0,0.0,1.0,1.0,1.0,20.0,35.0,35.0
162474,Patulaki,489,69,66,5,0,52.35,9.340974212034384,0.13496932515337423,0.010224948875255624,0.0,0.0,0.0,0.0,0.0,0.0,1.0,1.0,1.0,0.0,0.0,0.0,1.0,0.0,0.0,1.0,1.0,0.0,1.0,0.0,0.0,1.0,0.0,1.0,14.0,34.0,0.0
162475,Kachar Panasa,4,2,0,0,0,1087.17,0.0036792773899206196,0.0,0.0,0.0,0.0,0.0,0.0,0.0,0.0,0.0,1.0,1.0,0.0,0.0,0.0,0.0,0.0,0.0,0.0,0.0,0.0,1.0,0.0,0.0,1.0,1.0,1.0,15.0,30.0,0.0
162476,Bhagesar Dehli,1822,226,378,276,0,245.34,7.426428629656803,0.2074643249176729,0.15148188803512624,0.0,0.0,0.0,0.0,0.0,0.0,1.0,1.0,1.0,1.0,0.0,0.0,0.0,0.0,0.0,0.0,0.0,0.0,1.0,0.0,0.0,1.0,1.0,1.0,13.0,33.0,0.0
162477,Menara,1735,252,251,460,0,224.25,7.736900780379041,0.14466858789625361,0.26512968299711814,0.0,0.0,,0.0,0.0,0.0,1.0,1.0,1.0,0.0,0.0,0.0,0.0,0.0,0.0,1.0,0.0,0.0,1.0,0.0,0.0,0.0,1.0,1.0,15.0,32.0,0.0
162478,Kataka,2341,309,444,300,0,104.19,22.46856704098282,0.18966253737718924,0.12815036309269542,0.0,0.0,0.0,0.0,0.0,0.0,1.0,1.0,0.0,0.0,0.0,0.0,1.0,1.0,1.0,1.0,1.0,1.0,1.0,1.0,0.0,1.0,1.0,1.0,15.0,31.0,26.0
162479,Biraha,892,153,134,9,0,79.43,11.230013848671785,0.15022421524663676,0.010089686098654708,0.0,0.0,0.0,0.0,0.0,0.0,1.0,1.0,1.0,0.0,1.0,0.0,0.0,0.0,0.0,0.0,1.0,0.0,1.0,0.0,0.0,0.0,0.0,0.0,20.0,40.0,40.0
162480,Beerpur Ta. Bhunda,2996,483,569,801,0,279.14,10.732965537006521,0.18991989319092123,0.2673564753004005,0.0,0.0,0.0,0.0,0.0,0.0,1.0,1.0,1.0,0.0,0.0,0.0,0.0,0.0,0.0,0.0,1.0,0.0,1.0,0.0,0.0,1.0,0.0,1.0,150.0,40.0,0.0
162481,Mahewa Ta. Bhunda,2182,318,345,313,0,395.38,5.518741463908139,0.15811182401466545,0.14344637946837763,0.0,0.0,0.0,0.0,0.0,0.0,1.0,1.0,1.0,0.0,0.0,0.0,0.0,0.0,0.0,0.0,1.0,0.0,1.0,0.0,0.0,1.0,1.0,1.0,13.0,35.0,35.0
162482,Ghirilakshipur,2159,357,371,612,1,268.6,8.037974683544304,0.17183881426586384,0.28346456692913385,0.0004631773969430292,0.0,0.0,0.0,0.0,0.0,1.0,1.0,0.0,0.0,0.0,0.0,1.0,0.0,0.0,0.0,1.0,0.0,0.0,0.0,0.0,1.0,1.0,1.0,25.0,50.0,50.0
162483,Saraha,541,104,92,21,0,174.11,3.107231060823617,0.17005545286506468,0.038817005545286505,0.0,0.0,0.0,0.0,0.0,0.0,1.0,1.0,1.0,1.0,1.0,0.0,1.0,0.0,0.0,0.0,0.0,0.0,1.0,0.0,0.0,0.0,1.0,0.0,20.0,40.0,40.0
162484,Chandauli,2143,323,404,479,15,253.28,8.460991787744788,0.1885207652823145,0.22351843210452638,0.006999533364442371,0.0,0.0,0.0,0.0,0.0,1.0,1.0,1.0,0.0,0.0,0.0,1.0,0.0,0.0,0.0,0.0,0.0,0.0,0.0,0.0,0.0,1.0,0.0,15.0,45.0,45.0
162485,Majhiyari,799,96,120,136,0,107.68,7.420133729569093,0.15018773466833543,0.1702127659574468,0.0,0.0,0.0,0.0,0.0,0.0,1.0,1.0,1.0,0.0,0.0,0.0,0.0,0.0,0.0,0.0,1.0,0.0,0.0,0.0,0.0,1.0,1.0,0.0,15.0,45.0,45.0
162486,Lohandi,2622,360,415,117,0,304.44,8.612534489554593,0.15827612509534705,0.04462242562929062,0.0,0.0,0.0,0.0,0.0,0.0,1.0,1.0,1.0,0.0,0.0,0.0,0.0,0.0,0.0,0.0,1.0,0.0,0.0,0.0,0.0,1.0,1.0,1.0,30.0,60.0,60.0
162487,Raipura,1011,126,184,0,0,147.92,6.834775554353706,0.18199802176063304,0.0,0.0,0.0,0.0,0.0,0.0,0.0,1.0,1.0,1.0,0.0,0.0,0.0,0.0,0.0,0.0,0.0,1.0,1.0,1.0,1.0,0.0,0.0,1.0,1.0,16.0,35.0,35.0
162488,Madara,843,133,165,0,0,109.29,7.713423003019489,0.19572953736654805,0.0,0.0,0.0,0.0,0.0,0.0,0.0,1.0,1.0,1.0,1.0,1.0,0.0,1.0,0.0,0.0,0.0,0.0,0.0,0.0,0.0,0.0,0.0,1.0,1.0,25.0,52.0,52.0
162489,Hathsara,2778,357,511,19,0,283.48,9.799633131085084,0.18394528437724983,0.006839452843772498,0.0,0.0,0.0,0.0,0.0,0.0,1.0,1.0,1.0,1.0,1.0,0.0,1.0,0.0,0.0,0.0,1.0,0.0,0.0,0.0,0.0,1.0,1.0,1.0,25.0,52.0,52.0
162490,Ghorhat,1456,198,265,206,0,90.74,16.045845272206304,0.1820054945054945,0.14148351648351648,0.0,0.0,0.0,0.0,0.0,0.0,1.0,1.0,1.0,1.0,1.0,0.0,0.0,0.0,1.0,0.0,1.0,1.0,1.0,1.0,0.0,1.0,1.0,1.0,16.0,35.0,35.0
162491,Jaima,218,37,47,44,0,59.88,3.6406145624582495,0.21559633027522937,0.2018348623853211,0.0,0.0,0.0,0.0,0.0,0.0,1.0,1.0,1.0,0.0,0.0,0.0,0.0,0.0,0.0,0.0,0.0,0.0,1.0,1.0,0.0,0.0,1.0,1.0,18.0,37.0,37.0
162492,Bhaganpur,791,112,147,78,0,112.51,7.03048617900631,0.18584070796460178,0.0986093552465234,0.0,0.0,0.0,0.0,0.0,0.0,1.0,1.0,1.0,1.0,0.0,0.0,0.0,0.0,0.0,0.0,1.0,1.0,1.0,0.0,0.0,0.0,1.0,1.0,18.0,37.0,37.0
162493,Khajuri,2472,390,423,798,0,164.36,15.04015575565831,0.17111650485436894,0.32281553398058255,0.0,0.0,0.0,0.0,0.0,0.0,1.0,1.0,1.0,1.0,1.0,0.0,1.0,0.0,0.0,0.0,1.0,1.0,1.0,0.0,0.0,1.0,1.0,1.0,23.0,32.0,53.0
162494,Barawan,5162,725,852,1071,6,405.93,12.716478210528908,0.16505230530802015,0.20747772181325067,0.001162340178225494,0.0,0.0,0.0,0.0,0.0,1.0,1.0,1.0,1.0,1.0,1.0,1.0,0.0,0.0,0.0,1.0,1.0,1.0,0.0,0.0,1.0,1.0,1.0,25.0,35.0,58.0
162495,Nidauri,1085,138,137,62,0,103.11,10.522742701968772,0.12626728110599078,0.05714285714285714,0.0,0.0,0.0,0.0,0.0,0.0,1.0,1.0,1.0,0.0,0.0,0.0,1.0,0.0,0.0,0.0,1.0,0.0,1.0,1.0,0.0,1.0,1.0,1.0,7.0,35.0,60.0
162496,Machahar Urf Purwa,2312,355,490,1145,0,327.62,7.056956229778402,0.21193771626297578,0.495242214532872,0.0,0.0,0.0,0.0,0.0,0.0,1.0,1.0,1.0,0.0,1.0,,1.0,0.0,0.0,0.0,1.0,0.0,1.0,1.0,0.0,1.0,1.0,1.0,10.0,35.0,60.0
162497,Kokasand,773,110,122,179,0,134.7,5.738678544914626,0.15782664941785252,0.2315653298835705,0.0,0.0,0.0,0.0,0.0,0.0,1.0,1.0,0.0,0.0,0.0,0.0,0.0,0.0,0.0,1.0,1.0,0.0,1.0,1.0,0.0,0.0,1.0,1.0,8.0,35.0,60.0
162498,Naraina,1654,193,318,466,4,255.68,6.4690237797246555,0.19226118500604594,0.28174123337363965,0.0024183796856106408,0.0,0.0,0.0,0.0,0.0,1.0,1.0,0.0,1.0,1.0,0.0,1.0,0.0,0.0,1.0,0.0,0.0,0.0,1.0,0.0,0.0,1.0,1.0,10.0,30.0,0.0
162499,Dando,2368,340,436,369,0,266.58,8.882886938254934,0.18412162162162163,0.15582770270270271,0.0,0.0,0.0,0.0,0.0,0.0,1.0,1.0,1.0,1.0,1.0,0.0,1.0,0.0,0.0,0.0,1.0,0.0,1.0,0.0,0.0,1.0,1.0,1.0,18.0,48.0,58.0
162500,Rokari,1946,307,321,0,0,124.42,15.640572255264427,0.16495375128468653,0.0,0.0,0.0,0.0,0.0,0.0,0.0,1.0,1.0,1.0,1.0,1.0,0.0,1.0,0.0,0.0,0.0,1.0,1.0,1.0,0.0,0.0,1.0,1.0,1.0,15.0,45.0,55.0
162501,Newada Ta. Bhunda,748,93,120,0,0,97.32,7.685984381422113,0.16042780748663102,0.0,0.0,0.0,0.0,0.0,0.0,0.0,1.0,1.0,1.0,1.0,1.0,0.0,1.0,0.0,0.0,0.0,0.0,0.0,1.0,1.0,0.0,0.0,1.0,1.0,10.0,30.0,30.0
162502,Bhunda,4330,627,731,1322,1,563.01,7.690804781442603,0.16882217090069285,0.3053117782909931,0.00023094688221709007,0.0,0.0,0.0,0.0,0.0,1.0,1.0,1.0,1.0,0.0,0.0,0.0,0.0,0.0,0.0,0.0,0.0,1.0,1.0,0.0,1.0,1.0,1.0,15.0,35.0,25.0
162503,Kechuha,1872,224,301,80,21,287.16,6.519013790221479,0.1607905982905983,0.042735042735042736,0.011217948717948718,0.0,0.0,0.0,0.0,0.0,1.0,1.0,1.0,0.0,1.0,0.0,0.0,0.0,0.0,0.0,1.0,1.0,1.0,0.0,0.0,1.0,1.0,1.0,18.0,48.0,58.0
162504,Bhandewara,1844,269,268,223,0,152.9,12.060170045781556,0.14533622559652928,0.12093275488069415,0.0,0.0,0.0,0.0,0.0,0.0,1.0,1.0,1.0,0.0,0.0,0.0,0.0,0.0,0.0,1.0,1.0,0.0,1.0,1.0,1.0,1.0,1.0,1.0,12.0,31.0,23.0
162505,Kakaram,2711,410,446,1109,0,199.38,13.59715116862273,0.16451493913684986,0.40907414238288453,0.0,0.0,0.0,0.0,0.0,0.0,1.0,1.0,0.0,0.0,0.0,0.0,1.0,0.0,0.0,0.0,1.0,0.0,1.0,0.0,0.0,1.0,1.0,1.0,15.0,35.0,0.0
162506,Sulamai,2733,435,483,198,0,261.25,10.461244019138755,0.17672886937431395,0.07244785949506037,0.0,0.0,0.0,0.0,0.0,0.0,1.0,1.0,1.0,0.0,0.0,0.0,1.0,0.0,0.0,0.0,0.0,0.0,1.0,0.0,0.0,1.0,1.0,1.0,0.0,15.0,32.0
162507,Dharawara,6576,968,1040,1181,0,846.02,7.77286588969528,0.15815085158150852,0.17959245742092458,0.0,0.0,1.0,0.0,0.0,0.0,1.0,1.0,1.0,0.0,0.0,0.0,1.0,0.0,0.0,1.0,1.0,1.0,1.0,1.0,0.0,1.0,1.0,1.0,20.0,42.0,34.0
162508,Rithaiya,1218,151,200,0,0,126.58,9.622373202717649,0.16420361247947454,0.0,0.0,0.0,0.0,0.0,0.0,0.0,1.0,1.0,1.0,0.0,0.0,0.0,0.0,0.0,0.0,0.0,1.0,1.0,1.0,1.0,0.0,1.0,1.0,1.0,22.0,45.0,0.0
162509,Niriya,2075,298,352,495,0,171.37,12.108303670420726,0.16963855421686747,0.2385542168674699,0.0,0.0,0.0,0.0,0.0,0.0,1.0,1.0,1.0,0.0,1.0,0.0,0.0,0.0,0.0,0.0,1.0,0.0,0.0,0.0,0.0,1.0,1.0,1.0,30.0,60.0,60.0
162510,Isauta,1202,180,228,597,0,89.7,13.400222965440356,0.1896838602329451,0.4966722129783694,0.0,0.0,0.0,0.0,0.0,0.0,1.0,1.0,1.0,0.0,0.0,0.0,0.0,0.0,0.0,0.0,1.0,0.0,0.0,0.0,0.0,1.0,1.0,1.0,30.0,60.0,60.0
162511,Arai,4648,581,800,394,0,757.09,6.139296516926653,0.1721170395869191,0.08476764199655766,0.0,0.0,0.0,0.0,0.0,0.0,1.0,1.0,1.0,0.0,1.0,0.0,0.0,0.0,0.0,0.0,1.0,1.0,1.0,0.0,0.0,1.0,1.0,1.0,20.0,42.0,34.0
162512,Baghera,2102,309,301,161,0,342.4,6.139018691588785,0.14319695528068507,0.07659372026641294,0.0,0.0,0.0,0.0,0.0,0.0,1.0,1.0,1.0,0.0,0.0,0.0,1.0,0.0,0.0,0.0,1.0,1.0,1.0,1.0,0.0,1.0,1.0,1.0,20.0,45.0,0.0
162519,Sarai Hariram,2703,427,434,450,0,326.38,8.281757460628715,0.1605623381428043,0.16648168701442842,0.0,0.0,0.0,0.0,0.0,0.0,1.0,1.0,1.0,1.0,1.0,0.0,0.0,0.0,0.0,0.0,1.0,1.0,0.0,1.0,1.0,1.0,1.0,1.0,45.0,45.0,45.0
162520,Pindauna,3627,556,643,660,0,308.21,11.767950423412609,0.17728149986214503,0.18196856906534326,0.0,0.0,0.0,0.0,0.0,0.0,1.0,1.0,1.0,0.0,0.0,0.0,0.0,0.0,0.0,0.0,1.0,1.0,1.0,1.0,0.0,1.0,1.0,1.0,50.0,50.0,50.0
162521,Ugrsenpur Urf Bibipur,3190,483,481,511,0,384.7,8.292175721341305,0.15078369905956113,0.16018808777429466,0.0,0.0,0.0,0.0,0.0,0.0,1.0,1.0,1.0,0.0,1.0,0.0,1.0,0.0,0.0,1.0,1.0,1.0,1.0,1.0,1.0,1.0,1.0,1.0,45.0,45.0,45.0
162522,Kandharpur,340,45,39,38,0,37.57,9.049773755656108,0.11470588235294117,0.11176470588235295,0.0,0.0,0.0,0.0,0.0,0.0,1.0,1.0,1.0,0.0,0.0,0.0,0.0,0.0,0.0,0.0,1.0,1.0,0.0,1.0,1.0,0.0,1.0,1.0,10.0,45.0,45.0
162523,Purethakurain,444,117,54,104,0,87.12,5.096418732782369,0.12162162162162163,0.23423423423423423,0.0,0.0,0.0,0.0,0.0,0.0,1.0,1.0,1.0,0.0,0.0,0.0,0.0,0.0,0.0,0.0,1.0,0.0,1.0,1.0,0.0,0.0,0.0,0.0,37.0,40.0,5.0
162524,Bhogawara,3011,480,468,520,0,421.48,7.143873967922558,0.15543008967120558,0.17270009963467287,0.0,0.0,0.0,0.0,0.0,0.0,1.0,1.0,1.0,0.0,0.0,0.0,1.0,0.0,0.0,0.0,1.0,0.0,1.0,1.0,0.0,1.0,1.0,1.0,35.0,421.0,7.0
162525,Januwa Dih Khurd,620,224,73,175,0,101.94,6.082009024916617,0.11774193548387096,0.28225806451612906,0.0,0.0,0.0,0.0,0.0,0.0,1.0,1.0,1.0,1.0,1.0,0.0,1.0,0.0,0.0,0.0,1.0,1.0,0.0,1.0,0.0,0.0,1.0,1.0,14.0,45.0,45.0
162526,Raypur,1874,296,275,621,0,148.98,12.578869646932475,0.14674493062966915,0.3313767342582711,0.0,0.0,0.0,0.0,0.0,0.0,1.0,1.0,0.0,1.0,1.0,0.0,1.0,0.0,0.0,0.0,1.0,1.0,1.0,1.0,1.0,1.0,0.0,0.0,35.0,44.0,9.0
162527,Sarai Sultanpur Urf Loredih,2511,346,364,486,0,244.92,10.252327290543851,0.1449621664675428,0.1935483870967742,0.0,0.0,0.0,0.0,0.0,0.0,1.0,1.0,1.0,0.0,0.0,0.0,1.0,0.0,0.0,1.0,1.0,1.0,1.0,1.0,0.0,1.0,1.0,1.0,35.0,42.0,12.0
162528,Sarai Sultanpur Urf Sarpoasbir,1327,206,253,238,0,69.13,19.19571821206423,0.19065561416729465,0.17935192162773173,0.0,0.0,0.0,0.0,0.0,0.0,1.0,1.0,1.0,0.0,0.0,0.0,1.0,0.0,0.0,0.0,1.0,1.0,0.0,1.0,1.0,1.0,1.0,1.0,15.0,50.0,50.0
162529,Gora Dauli,1791,283,261,598,0,164.17,10.909423158920632,0.1457286432160804,0.33389168062534896,0.0,0.0,0.0,0.0,0.0,0.0,1.0,1.0,1.0,0.0,0.0,0.0,0.0,0.0,0.0,1.0,1.0,1.0,1.0,1.0,0.0,1.0,0.0,0.0,35.0,45.0,9.0
162530,Mirzapur,1381,224,198,524,0,135.07,10.224328126156808,0.14337436640115858,0.37943519188993485,0.0,0.0,0.0,0.0,0.0,0.0,1.0,1.0,1.0,0.0,0.0,0.0,0.0,0.0,0.0,0.0,1.0,1.0,1.0,1.0,0.0,1.0,0.0,0.0,35.0,47.0,12.0
162531,Khanpur Danri,4536,577,683,1074,0,323.57,14.018604938653151,0.1505731922398589,0.23677248677248677,0.0,0.0,0.0,0.0,0.0,0.0,1.0,1.0,1.0,0.0,0.0,0.0,0.0,0.0,0.0,1.0,1.0,1.0,1.0,1.0,0.0,1.0,1.0,1.0,35.0,45.0,14.0
162532,Thanapur,2024,307,341,308,0,112.63,17.970345378673535,0.16847826086956522,0.15217391304347827,0.0,0.0,0.0,0.0,0.0,0.0,1.0,1.0,1.0,0.0,0.0,0.0,1.0,0.0,0.0,1.0,1.0,1.0,0.0,0.0,0.0,0.0,1.0,1.0,10.0,50.0,50.0
162533,Thata,1275,199,168,98,0,118.65,10.745891276864727,0.13176470588235295,0.07686274509803921,0.0,0.0,0.0,0.0,0.0,0.0,1.0,1.0,1.0,1.0,1.0,0.0,1.0,0.0,1.0,0.0,1.0,1.0,1.0,1.0,1.0,1.0,1.0,1.0,0.0,13.0,50.0
162534,Malhipur,671,87,111,73,0,97.04,6.914674361088211,0.16542473919523099,0.10879284649776454,0.0,0.0,0.0,0.0,0.0,0.0,1.0,1.0,1.0,1.0,1.0,0.0,0.0,1.0,1.0,1.0,1.0,0.0,1.0,1.0,0.0,0.0,1.0,1.0,40.0,60.0,0.0
162535,Soraon,6171,1048,966,1625,0,699.63,8.820376484713348,0.15653864851725816,0.2633284718846216,0.0,1.0,1.0,1.0,0.0,0.0,1.0,1.0,1.0,0.0,0.0,0.0,1.0,0.0,0.0,1.0,1.0,1.0,1.0,1.0,1.0,1.0,1.0,1.0,32.0,50.0,50.0
162536,Mirpur,1340,202,264,305,0,161.8,8.281829419035846,0.19701492537313434,0.22761194029850745,0.0,0.0,0.0,0.0,0.0,0.0,1.0,1.0,1.0,0.0,1.0,0.0,1.0,0.0,0.0,0.0,1.0,1.0,1.0,1.0,0.0,0.0,1.0,1.0,35.0,55.0,0.0
162537,Sindhaura Sorao,1533,243,210,599,0,135.74,11.293649624281715,0.136986301369863,0.390737116764514,0.0,0.0,0.0,0.0,0.0,0.0,1.0,1.0,0.0,0.0,0.0,0.0,0.0,0.0,0.0,0.0,1.0,1.0,1.0,0.0,0.0,0.0,1.0,1.0,30.0,55.0,55.0
162538,Hasanpur Soraon,651,181,99,208,0,176.96,3.6787974683544302,0.15207373271889402,0.3195084485407066,0.0,0.0,0.0,0.0,0.0,0.0,1.0,1.0,1.0,0.0,0.0,0.0,0.0,0.0,0.0,0.0,1.0,0.0,1.0,1.0,0.0,0.0,1.0,1.0,30.0,55.0,0.0
162539,Nawada Wasana,637,93,116,237,0,171.07,3.723621909159993,0.18210361067503925,0.37205651491365777,0.0,0.0,0.0,0.0,0.0,0.0,1.0,1.0,1.0,0.0,1.0,,1.0,0.0,0.0,0.0,0.0,0.0,1.0,1.0,0.0,0.0,1.0,1.0,30.0,30.0,0.0
162540,Udagi,1854,356,275,179,0,61.32,30.234833659491194,0.1483279395900755,0.0965480043149946,0.0,0.0,0.0,0.0,0.0,0.0,1.0,1.0,1.0,0.0,0.0,0.0,1.0,0.0,0.0,0.0,1.0,1.0,1.0,1.0,0.0,1.0,1.0,1.0,28.0,28.0,28.0
162541,Bagadaha Urf Pure Vikramshah,1448,227,220,157,0,103.0,14.058252427184467,0.15193370165745856,0.10842541436464088,0.0,0.0,0.0,0.0,0.0,0.0,1.0,1.0,1.0,0.0,0.0,0.0,1.0,0.0,0.0,0.0,0.0,0.0,1.0,1.0,0.0,1.0,1.0,1.0,28.0,30.0,30.0
162542,Haripur Wasana,374,49,65,262,0,52.22,7.162006893910379,0.17379679144385027,0.7005347593582888,0.0,0.0,0.0,0.0,0.0,0.0,1.0,1.0,1.0,0.0,0.0,0.0,1.0,0.0,0.0,0.0,0.0,0.0,0.0,0.0,0.0,1.0,0.0,1.0,30.0,45.0,10.0
162543,Bagdaha Hawasabad,1229,188,202,345,0,119.69,10.268192831481327,0.1643612693246542,0.2807160292921074,0.0,0.0,0.0,0.0,0.0,0.0,1.0,1.0,0.0,0.0,0.0,0.0,0.0,0.0,0.0,0.0,1.0,1.0,1.0,1.0,0.0,1.0,1.0,1.0,27.0,27.0,27.0
162544,Pure Thakurain Ta.Barista,747,233,110,348,0,110.81,6.741268838552477,0.14725568942436412,0.46586345381526106,0.0,0.0,0.0,0.0,0.0,0.0,1.0,1.0,1.0,0.0,0.0,0.0,1.0,0.0,0.0,0.0,0.0,0.0,1.0,0.0,0.0,1.0,0.0,1.0,30.0,45.0,10.0
162545,Saripur,1400,182,185,457,0,88.91,15.746260263187494,0.13214285714285715,0.3264285714285714,0.0,0.0,0.0,0.0,0.0,0.0,1.0,1.0,1.0,1.0,1.0,0.0,0.0,0.0,0.0,0.0,0.0,0.0,1.0,0.0,0.0,1.0,1.0,1.0,25.0,35.0,35.0
162546,Soirai,2095,325,305,682,0,194.36,10.778966865610206,0.14558472553699284,0.32553699284009546,0.0,0.0,0.0,0.0,0.0,0.0,1.0,1.0,1.0,0.0,0.0,0.0,0.0,0.0,0.0,0.0,1.0,1.0,0.0,0.0,0.0,1.0,1.0,1.0,30.0,45.0,45.0
162547,Barista Kala,3198,474,532,1136,0,248.2,12.884770346494763,0.16635397123202,0.35522201375859913,0.0,0.0,0.0,0.0,0.0,0.0,1.0,1.0,1.0,0.0,0.0,0.0,0.0,0.0,0.0,0.0,1.0,1.0,0.0,0.0,0.0,1.0,1.0,1.0,30.0,45.0,45.0
162548,Birapur,716,159,98,146,0,91.36,7.837127845884414,0.13687150837988826,0.20391061452513967,0.0,0.0,1.0,0.0,0.0,0.0,0.0,1.0,1.0,0.0,0.0,0.0,1.0,0.0,0.0,0.0,1.0,1.0,0.0,0.0,0.0,1.0,0.0,1.0,36.0,57.0,57.0
162549,Gosaisipur,617,69,91,63,0,98.65,6.254434870755195,0.14748784440842788,0.10210696920583469,0.0,0.0,0.0,0.0,0.0,0.0,1.0,1.0,1.0,0.0,0.0,0.0,0.0,0.0,0.0,0.0,1.0,1.0,0.0,0.0,0.0,1.0,1.0,1.0,36.0,55.0,0.0
162550,Bhempur,530,67,64,51,0,38.19,13.87797852841058,0.12075471698113208,0.09622641509433963,0.0,0.0,0.0,0.0,0.0,0.0,1.0,1.0,0.0,0.0,0.0,0.0,1.0,0.0,0.0,0.0,1.0,1.0,0.0,0.0,0.0,1.0,1.0,1.0,30.0,45.0,10.0
162551,Baresta Khurd,1196,162,128,92,0,99.53,12.016477443986737,0.10702341137123746,0.07692307692307693,0.0,0.0,0.0,0.0,0.0,0.0,1.0,1.0,0.0,0.0,0.0,0.0,0.0,0.0,0.0,0.0,0.0,0.0,0.0,0.0,0.0,1.0,1.0,1.0,30.0,45.0,10.0
162552,Ugapur,1388,224,228,497,0,101.27,13.705934630196506,0.1642651296829971,0.3580691642651297,0.0,0.0,0.0,0.0,0.0,0.0,1.0,1.0,1.0,1.0,0.0,0.0,1.0,0.0,0.0,0.0,1.0,1.0,0.0,0.0,0.0,1.0,1.0,1.0,35.0,56.0,0.0
162553,Baboopur Belo,2146,342,349,777,0,242.47,8.850579453128223,0.16262814538676607,0.3620689655172414,0.0,0.0,0.0,0.0,0.0,0.0,1.0,1.0,1.0,0.0,0.0,0.0,1.0,0.0,0.0,0.0,1.0,1.0,1.0,1.0,0.0,1.0,1.0,1.0,35.0,55.0,0.0
162554,Basana Khas,1945,380,289,608,0,191.6,10.151356993736952,0.14858611825192802,0.3125964010282776,0.0,0.0,0.0,0.0,0.0,0.0,1.0,1.0,0.0,0.0,1.0,0.0,1.0,0.0,0.0,0.0,1.0,1.0,1.0,0.0,0.0,1.0,0.0,1.0,30.0,45.0,10.0
162555,Jamuwa,1189,193,175,0,0,77.66,15.310327066701005,0.1471825063078217,0.0,0.0,0.0,0.0,0.0,0.0,0.0,1.0,1.0,1.0,0.0,0.0,0.0,0.0,0.0,0.0,0.0,1.0,1.0,0.0,0.0,0.0,1.0,1.0,1.0,30.0,45.0,10.0
162556,Basanehata,2337,359,377,604,0,411.17,5.68378043145171,0.16131792896876337,0.2584510055626872,0.0,0.0,0.0,0.0,0.0,0.0,1.0,1.0,1.0,0.0,1.0,0.0,1.0,0.0,0.0,1.0,1.0,1.0,1.0,1.0,0.0,1.0,1.0,1.0,25.0,25.0,0.0
162557,Molawa Kalan,774,125,109,26,0,60.08,12.882822902796272,0.14082687338501293,0.03359173126614987,0.0,0.0,0.0,0.0,0.0,0.0,1.0,1.0,1.0,0.0,1.0,0.0,0.0,0.0,1.0,1.0,1.0,1.0,1.0,1.0,0.0,1.0,1.0,1.0,25.0,25.0,0.0
162558,Molawa Khurd,554,97,91,321,0,62.91,8.806231123827692,0.16425992779783394,0.5794223826714802,0.0,0.0,0.0,0.0,0.0,0.0,1.0,1.0,0.0,0.0,0.0,0.0,0.0,0.0,0.0,0.0,1.0,1.0,1.0,1.0,0.0,1.0,1.0,1.0,24.0,25.0,0.0
162559,Karuwa Dih,4128,614,684,782,0,392.06,10.529000663163801,0.16569767441860464,0.18943798449612403,0.0,0.0,0.0,0.0,0.0,0.0,1.0,1.0,1.0,0.0,0.0,0.0,1.0,0.0,0.0,0.0,1.0,1.0,1.0,0.0,0.0,1.0,0.0,1.0,25.0,35.0,35.0
162560,Shri Rampur,555,77,90,207,0,30.03,18.48151848151848,0.16216216216216217,0.372972972972973,0.0,0.0,0.0,0.0,0.0,0.0,1.0,1.0,1.0,0.0,0.0,0.0,0.0,0.0,0.0,0.0,1.0,1.0,1.0,0.0,0.0,1.0,1.0,1.0,25.0,35.0,35.0
162561,Atar Suiya,938,137,105,471,0,80.02,11.722069482629344,0.11194029850746269,0.502132196162047,0.0,0.0,0.0,0.0,0.0,0.0,1.0,1.0,1.0,1.0,1.0,1.0,1.0,0.0,0.0,0.0,1.0,1.0,1.0,0.0,0.0,1.0,1.0,1.0,25.0,35.0,35.0
162562,Rampur,1126,180,194,236,0,224.55,5.014473391226898,0.17229129662522202,0.20959147424511546,0.0,0.0,0.0,0.0,0.0,0.0,1.0,1.0,1.0,0.0,0.0,0.0,1.0,0.0,0.0,0.0,1.0,1.0,0.0,1.0,0.0,1.0,1.0,1.0,28.0,45.0,45.0
162563,Devali,2946,511,482,496,0,291.48,10.10703993412927,0.16361167684996605,0.16836388323150034,0.0,0.0,0.0,0.0,0.0,0.0,1.0,1.0,1.0,0.0,1.0,0.0,1.0,0.0,0.0,0.0,1.0,1.0,0.0,1.0,0.0,1.0,1.0,1.0,28.0,42.0,42.0
162564,Bariyari,1641,257,207,162,0,147.36,11.135993485342018,0.12614259597806216,0.09872029250457039,0.0,0.0,0.0,0.0,0.0,0.0,1.0,1.0,1.0,0.0,1.0,0.0,1.0,0.0,0.0,0.0,0.0,0.0,1.0,0.0,0.0,1.0,1.0,1.0,21.0,46.0,46.0
162565,Dalapatpur,2059,259,268,265,0,69.26,29.728559052844354,0.13016027197668772,0.1287032540067994,0.0,0.0,0.0,0.0,0.0,0.0,1.0,1.0,1.0,0.0,0.0,0.0,0.0,0.0,0.0,0.0,1.0,1.0,1.0,0.0,0.0,1.0,1.0,1.0,21.0,45.0,45.0
162566,Januwadih,1398,218,264,673,0,109.55,12.761296211775445,0.1888412017167382,0.4814020028612303,0.0,0.0,0.0,0.0,0.0,0.0,1.0,1.0,0.0,0.0,1.0,0.0,1.0,0.0,0.0,0.0,1.0,1.0,0.0,0.0,0.0,1.0,0.0,1.0,20.0,50.0,50.0
162567,Fatehpur Maphi,2480,386,411,672,0,194.36,12.759827124922822,0.16572580645161292,0.2709677419354839,0.0,0.0,0.0,0.0,0.0,0.0,1.0,1.0,1.0,1.0,0.0,0.0,1.0,1.0,1.0,1.0,1.0,1.0,1.0,1.0,0.0,1.0,1.0,1.0,21.0,45.0,45.0
162568,Ara Khurd,2395,379,375,394,0,163.33,14.663564562542092,0.15657620041753653,0.16450939457202504,0.0,0.0,0.0,0.0,0.0,0.0,1.0,1.0,1.0,0.0,0.0,0.0,1.0,0.0,0.0,0.0,1.0,1.0,1.0,1.0,0.0,1.0,1.0,1.0,20.0,45.0,45.0
162569,Pratappur Khurd,2060,328,363,333,0,100.47,20.50363292525132,0.1762135922330097,0.1616504854368932,0.0,0.0,0.0,0.0,0.0,0.0,1.0,1.0,1.0,1.0,1.0,0.0,1.0,,,,,,1.0,,,1.0,1.0,1.0,22.0,46.0,46.0
162570,Pratappur Kalan,806,135,132,386,0,96.62,8.341958186710826,0.16377171215880892,0.47890818858560796,0.0,0.0,0.0,0.0,0.0,0.0,1.0,1.0,1.0,0.0,1.0,0.0,0.0,0.0,0.0,0.0,1.0,1.0,0.0,0.0,0.0,1.0,0.0,1.0,22.0,47.0,47.0
162571,Semari,3294,585,504,365,0,326.0,10.104294478527608,0.15300546448087432,0.11080752884031572,0.0,0.0,0.0,0.0,0.0,0.0,1.0,1.0,0.0,1.0,1.0,0.0,1.0,0.0,0.0,0.0,0.0,0.0,1.0,0.0,0.0,1.0,1.0,1.0,26.0,51.0,51.0
162572,Chhatauna,6743,1017,1188,1178,0,557.62,12.092464402281124,0.1761827079934747,0.17469968856592022,0.0,0.0,0.0,0.0,0.0,0.0,1.0,1.0,1.0,0.0,0.0,0.0,0.0,,,,,,1.0,,,1.0,1.0,1.0,24.0,42.0,42.0
162573,Chak Shah Isarar Ali,358,61,69,150,0,34.01,10.526315789473685,0.19273743016759776,0.41899441340782123,0.0,0.0,0.0,0.0,0.0,0.0,1.0,1.0,1.0,0.0,1.0,0.0,1.0,0.0,0.0,0.0,1.0,1.0,1.0,1.0,0.0,0.0,0.0,0.0,24.0,42.0,42.0
162574,Chak Puremiyan,1308,229,193,194,0,22.4,58.392857142857146,0.14755351681957188,0.14831804281345565,0.0,0.0,0.0,0.0,0.0,0.0,1.0,1.0,1.0,0.0,0.0,0.0,0.0,0.0,0.0,0.0,1.0,1.0,1.0,0.0,0.0,1.0,1.0,1.0,25.0,49.0,49.0
162575,Muhiddinpur,6803,1046,1181,1005,0,437.12,15.563232064421669,0.1735998824048214,0.14772894311333234,0.0,0.0,0.0,0.0,0.0,0.0,1.0,1.0,1.0,0.0,0.0,0.0,0.0,,,,,,1.0,,,1.0,1.0,1.0,25.0,48.0,48.0
162576,Hiramanpur,2678,433,423,861,0,209.1,12.807269249163081,0.15795369678864823,0.32150858849887975,0.0,0.0,0.0,0.0,0.0,0.0,1.0,1.0,1.0,0.0,0.0,0.0,0.0,0.0,0.0,0.0,1.0,1.0,1.0,1.0,0.0,1.0,1.0,1.0,26.0,51.0,51.0
162577,Gurgoan,1426,224,238,169,0,124.41,11.462101117273532,0.16690042075736325,0.1185133239831697,0.0,0.0,0.0,0.0,0.0,0.0,1.0,1.0,1.0,0.0,0.0,0.0,1.0,,,,,,1.0,,,0.0,1.0,0.0,20.0,50.0,50.0
162578,Varendra,2007,300,269,426,0,148.14,13.547995139732686,0.1340308918784255,0.21225710014947682,0.0,0.0,0.0,0.0,0.0,0.0,1.0,1.0,1.0,0.0,0.0,0.0,0.0,0.0,0.0,0.0,1.0,1.0,0.0,0.0,0.0,1.0,1.0,1.0,22.0,50.0,50.0
162579,Nasirpatti,2162,310,322,200,0,126.99,17.02496259547996,0.14893617021276595,0.09250693802035152,0.0,0.0,0.0,0.0,0.0,0.0,1.0,1.0,1.0,0.0,1.0,0.0,1.0,0.0,0.0,0.0,1.0,1.0,0.0,0.0,0.0,1.0,0.0,1.0,22.0,50.0,50.0
162580,Alawalpur,544,83,108,87,0,98.75,5.508860759493671,0.19852941176470587,0.15992647058823528,0.0,0.0,0.0,0.0,0.0,0.0,1.0,1.0,1.0,0.0,0.0,0.0,0.0,0.0,0.0,0.0,0.0,0.0,1.0,0.0,0.0,1.0,1.0,1.0,24.0,49.0,49.0
162581,Katehari,2704,470,455,562,0,277.21,9.75433786659933,0.16826923076923078,0.20784023668639054,0.0,0.0,1.0,0.0,0.0,0.0,1.0,1.0,0.0,0.0,0.0,0.0,0.0,0.0,1.0,0.0,1.0,1.0,1.0,0.0,1.0,1.0,0.0,1.0,25.0,53.0,53.0
162582,Rasulaha Mohammadpur,606,84,108,139,0,87.56,6.920968478757423,0.1782178217821782,0.22937293729372937,0.0,0.0,0.0,0.0,0.0,0.0,1.0,1.0,1.0,0.0,1.0,0.0,0.0,0.0,1.0,1.0,1.0,1.0,1.0,1.0,1.0,1.0,1.0,1.0,25.0,40.0,40.0
162583,Sadarepur,966,155,155,421,0,117.9,8.193384223918574,0.16045548654244307,0.4358178053830228,0.0,0.0,0.0,0.0,0.0,0.0,1.0,1.0,1.0,0.0,0.0,0.0,1.0,0.0,1.0,1.0,1.0,1.0,1.0,1.0,1.0,1.0,1.0,1.0,25.0,40.0,40.0
162584,Bela Khas,3436,799,518,592,0,471.99,7.2798152503231,0.15075669383003493,0.17229336437718276,0.0,0.0,0.0,0.0,0.0,0.0,1.0,1.0,0.0,0.0,0.0,0.0,0.0,,,,,,1.0,,,1.0,0.0,1.0,18.0,50.0,50.0
162585,Newada Bela,1593,325,271,430,0,103.25,15.428571428571429,0.17011927181418707,0.2699309478970496,0.0,0.0,0.0,0.0,0.0,0.0,1.0,1.0,1.0,0.0,1.0,0.0,1.0,0.0,0.0,0.0,1.0,1.0,1.0,0.0,1.0,1.0,1.0,1.0,21.0,46.0,46.0
162586,Samaruwa,926,137,163,54,0,42.83,21.620359561055334,0.17602591792656588,0.058315334773218146,0.0,0.0,0.0,0.0,0.0,0.0,1.0,1.0,0.0,0.0,1.0,0.0,1.0,0.0,0.0,0.0,1.0,1.0,1.0,0.0,1.0,1.0,1.0,1.0,21.0,46.0,46.0
162587,Gaoharpur Ta.Masari,1531,234,244,244,0,93.4,16.39186295503212,0.15937295885042455,0.15937295885042455,0.0,0.0,0.0,0.0,0.0,0.0,1.0,1.0,1.0,1.0,0.0,0.0,1.0,0.0,1.0,1.0,1.0,1.0,1.0,1.0,1.0,1.0,1.0,1.0,18.0,43.0,43.0
162588,Sarai Mamarej,3579,624,483,987,0,179.76,19.909879839786385,0.134953897736798,0.2757753562447611,0.0,0.0,0.0,,1.0,0.0,1.0,1.0,1.0,0.0,0.0,0.0,0.0,0.0,0.0,0.0,0.0,0.0,1.0,0.0,0.0,1.0,1.0,1.0,21.0,45.0,45.0
162589,Sahabpur,1053,154,179,426,0,69.29,15.19699812382739,0.16999050332383667,0.4045584045584046,0.0,0.0,0.0,0.0,0.0,0.0,1.0,1.0,1.0,0.0,1.0,0.0,0.0,0.0,1.0,1.0,1.0,1.0,1.0,1.0,1.0,0.0,1.0,1.0,20.0,44.0,44.0
162590,Sathar,2066,544,363,252,0,135.11,15.291244171415881,0.17570183930300096,0.12197483059051308,0.0,0.0,0.0,0.0,0.0,0.0,1.0,1.0,1.0,0.0,0.0,0.0,1.0,0.0,0.0,0.0,1.0,1.0,1.0,0.0,0.0,1.0,1.0,1.0,17.0,52.0,52.0
162591,Chaka Kathar,249,31,32,14,0,13.6,18.308823529411764,0.1285140562248996,0.05622489959839357,0.0,0.0,0.0,0.0,0.0,0.0,1.0,1.0,1.0,0.0,0.0,0.0,1.0,0.0,0.0,0.0,0.0,0.0,1.0,0.0,0.0,0.0,1.0,1.0,18.0,54.0,54.0
162592,Vaksapur,645,82,119,57,0,46.26,13.942931258106356,0.18449612403100776,0.08837209302325581,0.0,0.0,0.0,0.0,0.0,0.0,1.0,1.0,1.0,0.0,1.0,0.0,0.0,0.0,0.0,0.0,0.0,1.0,1.0,0.0,0.0,0.0,1.0,1.0,17.0,53.0,53.0
162593,Kajipur Sather,375,60,80,374,0,27.01,13.883746760459088,0.21333333333333335,0.9973333333333333,0.0,0.0,0.0,0.0,0.0,0.0,1.0,1.0,1.0,1.0,1.0,0.0,0.0,0.0,0.0,0.0,0.0,0.0,1.0,0.0,0.0,0.0,1.0,1.0,16.0,53.0,16.0
162594,Bhadari,1505,236,246,375,0,121.04,12.433906146728354,0.16345514950166112,0.24916943521594684,0.0,0.0,0.0,0.0,0.0,0.0,1.0,1.0,1.0,1.0,1.0,,1.0,0.0,0.0,0.0,0.0,0.0,1.0,0.0,0.0,1.0,1.0,1.0,17.0,52.0,17.0
162595,Dhaurhara,352,53,49,0,0,34.97,10.0657706605662,0.13920454545454544,0.0,0.0,0.0,0.0,0.0,0.0,0.0,1.0,1.0,1.0,0.0,1.0,0.0,1.0,0.0,0.0,0.0,0.0,0.0,1.0,0.0,0.0,0.0,0.0,0.0,16.0,53.0,16.0
162596,Chetara,906,115,144,32,0,44.13,20.530251529571718,0.15894039735099338,0.03532008830022075,0.0,0.0,0.0,0.0,0.0,0.0,1.0,1.0,0.0,0.0,0.0,0.0,1.0,0.0,0.0,0.0,1.0,0.0,1.0,0.0,0.0,0.0,1.0,1.0,17.0,54.0,17.0
162597,Pataila,920,146,129,57,0,60.24,15.272244355909693,0.14021739130434782,0.06195652173913044,0.0,0.0,0.0,0.0,0.0,0.0,1.0,1.0,1.0,0.0,0.0,0.0,0.0,0.0,0.0,0.0,0.0,0.0,1.0,0.0,0.0,0.0,1.0,1.0,15.0,54.0,10.0
162598,Rastipur,3322,475,547,898,0,426.08,7.7966579046188516,0.1646598434677905,0.27031908488862133,0.0,0.0,0.0,0.0,0.0,0.0,1.0,1.0,1.0,0.0,1.0,0.0,0.0,0.0,0.0,0.0,0.0,1.0,1.0,0.0,0.0,1.0,1.0,1.0,30.0,55.0,0.0
162599,Nadula,5969,856,939,1688,0,645.37,9.248957962099261,0.1573127827106718,0.28279443792930137,0.0,0.0,0.0,0.0,0.0,0.0,1.0,1.0,1.0,0.0,0.0,0.0,0.0,0.0,1.0,1.0,1.0,0.0,1.0,0.0,0.0,1.0,1.0,1.0,24.0,60.0,0.0
162600,Pataya,2565,363,426,567,0,218.96,11.714468396054073,0.16608187134502925,0.22105263157894736,0.0,0.0,0.0,0.0,0.0,0.0,1.0,1.0,0.0,0.0,0.0,0.0,0.0,0.0,0.0,0.0,0.0,0.0,1.0,0.0,0.0,1.0,0.0,0.0,24.0,64.0,0.0
162601,Zalalpur Mutfarka,2093,285,363,854,0,204.9,10.214738897022938,0.17343526039178214,0.4080267558528428,0.0,0.0,0.0,0.0,0.0,0.0,1.0,1.0,1.0,0.0,0.0,0.0,0.0,0.0,0.0,0.0,0.0,0.0,1.0,0.0,0.0,0.0,1.0,0.0,23.0,65.0,0.0
162602,Kewlapur,516,81,96,43,0,34.31,15.039347129116875,0.18604651162790697,0.08333333333333333,0.0,0.0,0.0,0.0,0.0,0.0,1.0,1.0,1.0,0.0,0.0,0.0,0.0,0.0,0.0,0.0,0.0,1.0,1.0,0.0,0.0,0.0,1.0,1.0,20.0,60.0,0.0
162603,Bazati,4801,710,770,850,0,491.68,9.764480963228115,0.1603832534888565,0.17704644865652988,0.0,0.0,0.0,0.0,0.0,0.0,1.0,1.0,0.0,0.0,0.0,0.0,0.0,0.0,0.0,0.0,1.0,0.0,1.0,0.0,0.0,1.0,1.0,1.0,30.0,65.0,0.0
162604,Khakhaicha,3667,572,571,1104,0,371.8,9.862829478214094,0.1557131169893646,0.3010635396782111,0.0,0.0,0.0,0.0,0.0,0.0,1.0,1.0,1.0,0.0,0.0,0.0,1.0,0.0,0.0,0.0,1.0,0.0,1.0,0.0,1.0,1.0,1.0,1.0,29.0,55.0,4.0
162605,Suraju Patti,1755,264,362,468,0,1102.46,1.5918944905030568,0.20626780626780628,0.26666666666666666,0.0,0.0,0.0,0.0,0.0,0.0,1.0,1.0,1.0,1.0,1.0,0.0,1.0,0.0,0.0,0.0,1.0,0.0,1.0,0.0,0.0,1.0,1.0,1.0,25.0,50.0,25.0
162606,Newada Janghai,1118,182,165,131,0,210.7,5.306122448979592,0.1475849731663685,0.11717352415026834,0.0,0.0,0.0,0.0,0.0,0.0,1.0,1.0,1.0,1.0,0.0,0.0,1.0,0.0,0.0,0.0,0.0,0.0,1.0,0.0,0.0,1.0,1.0,1.0,20.0,20.0,60.0
162607,Newada Barauna,524,75,67,136,0,48.4,10.826446280991735,0.12786259541984732,0.2595419847328244,0.0,0.0,0.0,0.0,0.0,0.0,1.0,1.0,0.0,0.0,1.0,0.0,1.0,0.0,0.0,0.0,1.0,1.0,0.0,1.0,0.0,0.0,0.0,1.0,28.0,73.0,73.0
162608,Patwa Mutfarka,1217,185,153,242,0,124.45,9.779027721976698,0.1257189811010682,0.1988496302382909,0.0,0.0,0.0,0.0,0.0,0.0,0.0,1.0,0.0,0.0,0.0,0.0,0.0,0.0,0.0,0.0,1.0,0.0,1.0,0.0,0.0,1.0,1.0,1.0,20.0,58.0,5.0
162609,Savar Jaraiyar,10,1,1,0,0,24.31,0.41135335252982314,0.1,0.0,0.0,0.0,0.0,0.0,0.0,0.0,0.0,1.0,1.0,0.0,0.0,0.0,0.0,0.0,0.0,0.0,1.0,0.0,1.0,0.0,0.0,1.0,0.0,1.0,30.0,60.0,0.0
162610,Mathoe,1289,231,240,466,0,175.66,7.338039394284413,0.18619084561675717,0.36152055857253684,0.0,0.0,0.0,0.0,0.0,0.0,0.0,1.0,0.0,0.0,0.0,0.0,1.0,0.0,0.0,0.0,0.0,1.0,1.0,0.0,0.0,1.0,1.0,1.0,30.0,60.0,0.0
162611,Chauka,1639,223,278,638,0,107.26,15.280626515010255,0.1696156192800488,0.38926174496644295,0.0,0.0,0.0,0.0,0.0,0.0,0.0,1.0,1.0,1.0,1.0,0.0,0.0,0.0,0.0,1.0,1.0,1.0,1.0,1.0,0.0,1.0,1.0,1.0,25.0,55.0,25.0
162612,Janghai,6781,958,1099,1753,0,266.87,25.40937535129464,0.16207049107801208,0.258516443002507,0.0,0.0,1.0,0.0,0.0,0.0,0.0,1.0,0.0,0.0,0.0,0.0,1.0,0.0,0.0,0.0,1.0,1.0,1.0,1.0,0.0,1.0,1.0,1.0,24.0,55.0,24.0
162613,Bhoolend,2321,328,393,416,0,197.67,11.741791875347802,0.16932356742783283,0.17923308918569583,0.0,0.0,0.0,0.0,0.0,0.0,0.0,1.0,1.0,0.0,0.0,0.0,0.0,0.0,0.0,0.0,1.0,1.0,0.0,0.0,0.0,1.0,1.0,1.0,25.0,59.0,0.0
162614,Pilakhini,1516,278,230,618,0,184.01,8.238682680289115,0.1517150395778364,0.4076517150395778,0.0,0.0,0.0,0.0,0.0,0.0,0.0,1.0,1.0,0.0,0.0,0.0,1.0,0.0,0.0,1.0,1.0,0.0,1.0,1.0,0.0,1.0,1.0,1.0,29.0,60.0,29.0
162615,Pure Jaysingh,202,32,31,0,0,24.09,8.38522208385222,0.15346534653465346,0.0,0.0,0.0,0.0,0.0,0.0,0.0,0.0,1.0,0.0,0.0,0.0,0.0,0.0,0.0,0.0,0.0,1.0,1.0,0.0,1.0,0.0,0.0,1.0,1.0,25.0,60.0,0.0
162616,Jhari,889,120,161,92,0,55.3,16.075949367088608,0.18110236220472442,0.10348706411698538,0.0,0.0,0.0,0.0,0.0,0.0,0.0,1.0,1.0,0.0,1.0,0.0,0.0,0.0,0.0,0.0,1.0,1.0,1.0,1.0,0.0,0.0,1.0,1.0,26.0,60.0,0.0
162617,Chak Gahari,115,20,17,0,0,18.09,6.357103372028745,0.14782608695652175,0.0,0.0,0.0,0.0,0.0,0.0,0.0,0.0,1.0,0.0,0.0,0.0,0.0,0.0,0.0,0.0,0.0,0.0,1.0,0.0,1.0,0.0,0.0,0.0,0.0,26.0,61.0,0.0
162618,Chak Parwal,0,0,0,0,0,14.05,0.0,,,,,,,,,,,,,,,,,,,,,,,,,,,27.0,62.0,0.0
162619,Chak Hanuman,23,3,1,0,0,25.96,0.8859784283513097,0.043478260869565216,0.0,0.0,0.0,0.0,0.0,0.0,0.0,0.0,1.0,1.0,0.0,1.0,0.0,0.0,0.0,0.0,0.0,0.0,0.0,0.0,0.0,0.0,0.0,0.0,1.0,27.0,62.0,0.0
162620,Chak Thakuraen,92,15,10,59,0,20.72,4.440154440154441,0.10869565217391304,0.6413043478260869,0.0,0.0,0.0,0.0,0.0,0.0,0.0,1.0,0.0,0.0,1.0,0.0,0.0,0.0,0.0,0.0,0.0,0.0,0.0,0.0,0.0,0.0,1.0,0.0,27.0,62.0,0.0
162621,Barana,804,147,125,248,0,165.89,4.846585086503105,0.15547263681592038,0.30845771144278605,0.0,0.0,0.0,0.0,0.0,0.0,0.0,1.0,1.0,1.0,0.0,0.0,0.0,0.0,0.0,0.0,1.0,1.0,1.0,1.0,0.0,0.0,1.0,0.0,26.0,61.0,0.0
162622,Bagheri,2340,344,412,507,0,274.73,8.517453499799803,0.17606837606837608,0.21666666666666667,0.0,0.0,0.0,0.0,0.0,0.0,0.0,1.0,0.0,0.0,0.0,0.0,0.0,0.0,0.0,0.0,1.0,1.0,1.0,1.0,0.0,1.0,0.0,1.0,21.0,61.0,21.0
162623,Haripur Patti,1916,432,315,524,0,209.72,9.135990844936105,0.16440501043841335,0.27348643006263046,0.0,0.0,0.0,0.0,0.0,0.0,0.0,1.0,0.0,1.0,0.0,0.0,0.0,0.0,0.0,0.0,0.0,0.0,1.0,0.0,0.0,1.0,1.0,1.0,20.0,60.0,0.0
162624,Champapur,1943,273,259,340,0,291.7,6.660953033938979,0.13329902213072567,0.17498713329902213,0.0,0.0,0.0,0.0,0.0,0.0,0.0,1.0,1.0,0.0,1.0,0.0,1.0,0.0,0.0,0.0,1.0,1.0,0.0,1.0,0.0,0.0,0.0,0.0,25.0,70.0,70.0
162625,Anuva,2458,353,390,799,0,294.84,8.33672500339167,0.15866558177379983,0.3250610252237592,0.0,0.0,0.0,0.0,0.0,0.0,0.0,1.0,1.0,0.0,0.0,0.0,0.0,0.0,0.0,0.0,1.0,1.0,1.0,1.0,1.0,1.0,1.0,1.0,20.0,60.0,20.0
162626,Bhaelakha,2353,312,413,833,0,218.23,10.782202263666774,0.17552061198470037,0.3540161495962601,0.0,0.0,0.0,0.0,0.0,0.0,0.0,1.0,0.0,1.0,0.0,0.0,1.0,0.0,0.0,0.0,1.0,1.0,1.0,1.0,0.0,1.0,1.0,1.0,20.0,53.0,20.0
162627,Bindrawan,721,97,110,93,0,332.61,2.167703917500977,0.15256588072122051,0.1289875173370319,0.0,0.0,0.0,0.0,0.0,0.0,0.0,1.0,1.0,0.0,0.0,0.0,0.0,0.0,0.0,1.0,1.0,0.0,1.0,0.0,0.0,0.0,1.0,1.0,18.0,52.0,0.0
162628,Pure Rudae,256,32,37,16,0,30.33,8.440487965710519,0.14453125,0.0625,0.0,0.0,0.0,0.0,0.0,0.0,0.0,1.0,1.0,1.0,0.0,0.0,1.0,0.0,0.0,0.0,0.0,0.0,1.0,0.0,0.0,1.0,1.0,1.0,17.0,42.0,17.0
162629,Bariyanwa,1109,159,142,166,0,70.53,15.723805472848433,0.12804328223624886,0.1496844003606853,0.0,0.0,0.0,0.0,0.0,0.0,0.0,1.0,1.0,0.0,1.0,0.0,1.0,0.0,0.0,0.0,1.0,0.0,1.0,0.0,0.0,0.0,1.0,1.0,0.0,0.0,0.0
162630,Nimiwari,767,125,120,292,0,150.15,5.108225108225108,0.15645371577574968,0.38070404172099087,0.0,0.0,0.0,0.0,0.0,0.0,0.0,1.0,1.0,1.0,0.0,0.0,0.0,0.0,0.0,0.0,0.0,1.0,1.0,1.0,0.0,0.0,1.0,1.0,19.0,49.0,19.0
162631,Chanethu,3932,535,564,852,5,325.59,12.076537977210604,0.14343845371312308,0.21668362156663276,0.001271617497456765,0.0,0.0,0.0,0.0,0.0,0.0,1.0,0.0,0.0,0.0,0.0,0.0,0.0,0.0,0.0,0.0,0.0,0.0,0.0,0.0,0.0,0.0,0.0,21.0,61.0,21.0
162632,Maharachha,2120,364,309,726,0,249.16,8.508588858564778,0.14575471698113207,0.3424528301886792,0.0,0.0,0.0,0.0,0.0,0.0,0.0,1.0,0.0,0.0,0.0,0.0,0.0,0.0,0.0,0.0,0.0,1.0,0.0,1.0,0.0,0.0,0.0,1.0,22.0,62.0,0.0
162633,Majhiyari Ta. Chhatauna,428,53,77,21,0,80.84,5.294408708560119,0.17990654205607476,0.04906542056074766,0.0,0.0,0.0,0.0,0.0,0.0,0.0,1.0,1.0,1.0,1.0,0.0,1.0,0.0,0.0,0.0,0.0,0.0,1.0,0.0,0.0,0.0,1.0,1.0,16.0,53.0,0.0
162634,Wari,4078,751,639,1247,7,432.5,9.428901734104047,0.15669445806768023,0.30578715056400196,0.0017165277096615988,0.0,0.0,0.0,0.0,0.0,0.0,1.0,0.0,0.0,0.0,0.0,0.0,0.0,1.0,1.0,1.0,0.0,1.0,1.0,0.0,1.0,1.0,1.0,16.0,56.0,16.0
162635,Saidaha Sathar,1333,181,205,482,0,154.7,8.616677440206853,0.15378844711177794,0.36159039759939987,0.0,0.0,0.0,0.0,0.0,0.0,0.0,1.0,1.0,1.0,0.0,0.0,0.0,0.0,0.0,0.0,0.0,0.0,1.0,0.0,0.0,1.0,1.0,1.0,16.0,53.0,16.0
162636,Marawa,2183,326,316,663,0,99.6,21.917670682730925,0.14475492441594137,0.30371049015116813,0.0,0.0,0.0,0.0,0.0,0.0,0.0,1.0,1.0,0.0,0.0,0.0,1.0,0.0,1.0,1.0,1.0,0.0,1.0,1.0,0.0,1.0,1.0,1.0,14.0,51.0,14.0
162637,Majhayar Wari,116,17,24,0,0,35.49,3.268526345449422,0.20689655172413793,0.0,0.0,0.0,0.0,0.0,0.0,0.0,0.0,1.0,0.0,0.0,0.0,0.0,1.0,0.0,0.0,0.0,1.0,1.0,1.0,0.0,0.0,0.0,1.0,1.0,16.0,52.0,16.0
162638,Pure Misir,597,95,108,147,0,35.05,17.03281027104137,0.18090452261306533,0.24623115577889448,0.0,0.0,0.0,0.0,0.0,0.0,0.0,1.0,0.0,0.0,0.0,0.0,1.0,0.0,0.0,0.0,0.0,1.0,1.0,0.0,0.0,0.0,0.0,0.0,16.0,53.0,16.0
162639,Bhoja Raja,366,50,45,79,0,52.32,6.995412844036697,0.12295081967213115,0.21584699453551912,0.0,0.0,0.0,0.0,0.0,0.0,0.0,1.0,1.0,0.0,0.0,0.0,0.0,0.0,0.0,0.0,0.0,0.0,1.0,0.0,0.0,0.0,1.0,1.0,17.0,54.0,17.0
162640,Baghapur,226,40,48,173,0,66.14,3.4169942546114305,0.21238938053097345,0.7654867256637168,0.0,0.0,0.0,0.0,0.0,0.0,0.0,1.0,0.0,0.0,0.0,0.0,1.0,0.0,0.0,0.0,0.0,0.0,1.0,0.0,0.0,0.0,1.0,1.0,17.0,53.0,17.0
162641,Chakiya Urf Chak Todar,386,53,61,131,0,33.23,11.616009629852543,0.15803108808290156,0.3393782383419689,0.0,0.0,0.0,0.0,0.0,0.0,0.0,1.0,1.0,1.0,1.0,0.0,1.0,0.0,0.0,0.0,0.0,0.0,1.0,0.0,0.0,0.0,1.0,1.0,16.0,53.0,0.0
162642,Pure Dih,667,86,91,22,0,42.4,15.731132075471699,0.136431784107946,0.03298350824587706,0.0,0.0,0.0,0.0,0.0,0.0,0.0,0.0,0.0,0.0,0.0,0.0,1.0,0.0,0.0,1.0,0.0,0.0,1.0,0.0,0.0,1.0,1.0,1.0,15.0,52.0,15.0
162643,Kishunipur,1029,156,131,192,0,50.19,20.502092050209207,0.12730806608357628,0.18658892128279883,0.0,0.0,0.0,0.0,0.0,0.0,0.0,1.0,0.0,0.0,0.0,0.0,,0.0,0.0,0.0,0.0,0.0,1.0,0.0,0.0,0.0,1.0,1.0,15.0,51.0,15.0
162644,Rithuwa,2358,373,419,1160,0,229.12,10.29155027932961,0.17769296013570823,0.4919423240033927,0.0,0.0,0.0,0.0,0.0,0.0,0.0,1.0,1.0,0.0,0.0,0.0,,0.0,0.0,0.0,0.0,0.0,1.0,0.0,0.0,1.0,1.0,1.0,20.0,20.0,60.0
162645,Chakiya Sathar,1815,285,357,761,0,117.94,15.389180939460744,0.19669421487603306,0.4192837465564738,0.0,0.0,0.0,0.0,0.0,0.0,0.0,1.0,1.0,0.0,0.0,0.0,1.0,0.0,1.0,1.0,1.0,0.0,1.0,0.0,0.0,1.0,1.0,1.0,15.0,50.0,15.0
162646,Golawa,407,73,59,144,0,59.91,6.793523618761476,0.14496314496314497,0.3538083538083538,0.0,0.0,0.0,0.0,0.0,0.0,0.0,1.0,0.0,0.0,0.0,0.0,0.0,0.0,0.0,0.0,0.0,1.0,1.0,0.0,0.0,1.0,1.0,1.0,14.0,60.0,60.0
162647,Sirasa,1760,275,292,534,0,203.9,8.631682197155468,0.16590909090909092,0.3034090909090909,0.0,0.0,1.0,0.0,0.0,0.0,0.0,1.0,1.0,1.0,1.0,0.0,1.0,0.0,0.0,0.0,0.0,0.0,1.0,0.0,0.0,1.0,1.0,1.0,12.0,55.0,0.0
162648,Gothawa,1822,279,291,648,0,103.7,17.569913211186112,0.1597145993413831,0.3556531284302964,0.0,0.0,0.0,0.0,0.0,0.0,0.0,1.0,1.0,0.0,0.0,0.0,0.0,0.0,0.0,0.0,1.0,0.0,1.0,0.0,0.0,1.0,1.0,1.0,20.0,20.0,60.0
162649,Sevana,1354,199,231,707,0,210.19,6.4417907607402825,0.1706056129985229,0.5221565731166913,0.0,0.0,0.0,0.0,0.0,0.0,0.0,1.0,1.0,0.0,0.0,0.0,0.0,0.0,0.0,0.0,1.0,0.0,1.0,0.0,0.0,1.0,1.0,1.0,18.0,18.0,60.0
162650,Bahupur,963,176,213,337,0,101.28,9.50829383886256,0.22118380062305296,0.34994807892004154,0.0,0.0,0.0,0.0,0.0,0.0,0.0,1.0,1.0,0.0,0.0,0.0,0.0,0.0,0.0,0.0,1.0,1.0,1.0,0.0,0.0,0.0,1.0,1.0,18.0,48.0,0.0
162651,Dubhara Ta Sather,710,108,167,120,0,114.55,6.198166739415103,0.2352112676056338,0.16901408450704225,0.0,0.0,0.0,0.0,0.0,0.0,0.0,1.0,1.0,0.0,0.0,0.0,1.0,0.0,0.0,0.0,1.0,1.0,1.0,0.0,0.0,1.0,1.0,1.0,19.0,47.0,0.0
162652,Pure Lutae,1299,221,195,506,0,230.0,5.647826086956521,0.15011547344110854,0.38953040800615857,0.0,0.0,0.0,0.0,0.0,0.0,0.0,1.0,1.0,0.0,0.0,0.0,0.0,0.0,0.0,0.0,1.0,1.0,1.0,0.0,0.0,1.0,1.0,1.0,20.0,45.0,0.0
162653,Kasaunjha Urf Pure Raghai,1575,254,242,449,0,115.0,13.695652173913043,0.15365079365079365,0.2850793650793651,0.0,0.0,0.0,0.0,0.0,0.0,0.0,1.0,1.0,0.0,0.0,0.0,1.0,0.0,0.0,0.0,1.0,1.0,1.0,0.0,0.0,1.0,1.0,1.0,18.0,43.0,0.0
162654,Mavaiya Hindubani,799,114,124,158,0,60.76,13.15009874917709,0.15519399249061328,0.19774718397997496,0.0,0.0,0.0,0.0,0.0,0.0,0.0,1.0,1.0,0.0,0.0,0.0,0.0,0.0,0.0,0.0,0.0,1.0,0.0,0.0,0.0,0.0,0.0,1.0,17.0,44.0,0.0
162655,Mavaiya Turkani,643,87,100,87,0,42.52,15.122295390404515,0.15552099533437014,0.13530326594090203,0.0,0.0,0.0,0.0,0.0,0.0,0.0,1.0,1.0,0.0,1.0,0.0,1.0,0.0,0.0,0.0,0.0,1.0,0.0,0.0,0.0,1.0,1.0,1.0,17.0,42.0,0.0
162656,Bhagipur,705,94,121,193,0,55.82,12.62988176280903,0.17163120567375886,0.27375886524822696,0.0,0.0,0.0,0.0,0.0,0.0,0.0,1.0,1.0,0.0,0.0,0.0,1.0,0.0,0.0,0.0,0.0,1.0,0.0,0.0,0.0,0.0,0.0,1.0,19.0,44.0,0.0
162657,Makadumpur,815,159,106,302,0,97.35,8.371854134566,0.13006134969325153,0.37055214723926383,0.0,0.0,0.0,0.0,0.0,0.0,0.0,1.0,1.0,0.0,1.0,0.0,1.0,0.0,0.0,0.0,1.0,1.0,1.0,0.0,0.0,1.0,1.0,1.0,19.0,44.0,0.0
162658,Sonabarsa,520,68,88,140,0,41.81,12.437215977038985,0.16923076923076924,0.2692307692307692,0.0,0.0,0.0,0.0,0.0,0.0,0.0,1.0,0.0,0.0,1.0,0.0,0.0,1.0,0.0,0.0,1.0,1.0,1.0,0.0,0.0,0.0,0.0,1.0,20.0,45.0,0.0
162659,Khijirpur,1157,173,220,192,0,124.96,9.258962868117798,0.19014693171996544,0.16594641313742436,0.0,0.0,0.0,0.0,0.0,0.0,0.0,1.0,1.0,0.0,0.0,0.0,1.0,0.0,0.0,0.0,1.0,1.0,1.0,0.0,0.0,1.0,1.0,1.0,17.0,49.0,0.0
162660,Chafala,1127,147,213,71,0,102.01,11.047936476815998,0.18899733806566105,0.06299911268855368,0.0,0.0,0.0,0.0,0.0,0.0,0.0,1.0,0.0,0.0,0.0,0.0,1.0,1.0,0.0,0.0,1.0,1.0,1.0,0.0,0.0,1.0,1.0,1.0,18.0,40.0,0.0
162661,Ishwarpur,1654,222,287,328,0,105.89,15.61998300122769,0.1735187424425635,0.19830713422007254,0.0,0.0,0.0,0.0,0.0,0.0,0.0,1.0,1.0,0.0,1.0,0.0,0.0,1.0,0.0,0.0,1.0,1.0,1.0,1.0,0.0,1.0,1.0,0.0,15.0,50.0,0.0
162662,Daser,1583,250,222,314,0,91.28,17.342243645924626,0.14024005053695515,0.1983575489576753,0.0,0.0,1.0,0.0,0.0,0.0,0.0,1.0,1.0,0.0,0.0,0.0,0.0,0.0,0.0,0.0,1.0,1.0,0.0,1.0,0.0,1.0,1.0,1.0,15.0,50.0,0.0
162663,Bibipur,993,146,138,332,0,74.92,13.25413774693006,0.13897280966767372,0.33434038267875127,0.0,0.0,0.0,0.0,0.0,0.0,0.0,1.0,1.0,0.0,0.0,0.0,1.0,0.0,0.0,0.0,0.0,1.0,0.0,0.0,0.0,0.0,0.0,1.0,13.0,42.0,0.0
162664,Muhammadabad,2947,470,511,1037,0,115.89,25.42928639226853,0.17339667458432304,0.35188327112317613,0.0,0.0,0.0,0.0,0.0,0.0,0.0,1.0,0.0,0.0,0.0,0.0,0.0,0.0,0.0,0.0,1.0,1.0,1.0,1.0,0.0,1.0,1.0,1.0,0.0,0.0,0.0
162665,Haivat Patti,281,46,41,153,0,33.31,8.435905133593515,0.14590747330960854,0.5444839857651246,0.0,0.0,0.0,0.0,0.0,0.0,0.0,1.0,0.0,0.0,0.0,0.0,0.0,0.0,0.0,0.0,0.0,0.0,0.0,1.0,0.0,0.0,0.0,0.0,16.0,36.0,16.0
162666,Rauni,168,23,30,0,0,24.79,6.776926179911254,0.17857142857142858,0.0,0.0,0.0,0.0,0.0,0.0,0.0,0.0,1.0,1.0,0.0,0.0,0.0,1.0,0.0,0.0,0.0,1.0,1.0,1.0,1.0,0.0,0.0,0.0,0.0,16.0,35.0,16.0
162667,Chak Hafiz,762,107,116,191,0,37.88,20.116156282998944,0.15223097112860892,0.25065616797900264,0.0,0.0,0.0,0.0,0.0,0.0,0.0,1.0,0.0,0.0,0.0,0.0,0.0,0.0,0.0,0.0,1.0,1.0,1.0,1.0,0.0,1.0,0.0,0.0,15.0,35.0,15.0
162668,Faridpur,880,122,184,398,0,27.33,32.19904866447128,0.20909090909090908,0.45227272727272727,0.0,0.0,0.0,0.0,0.0,0.0,0.0,1.0,0.0,0.0,0.0,0.0,0.0,0.0,0.0,0.0,1.0,1.0,1.0,1.0,0.0,1.0,1.0,1.0,15.0,35.0,15.0
162669,Salempur Basgit,408,47,74,8,0,68.72,5.9371362048894065,0.18137254901960784,0.0196078431372549,0.0,0.0,0.0,0.0,0.0,0.0,0.0,1.0,1.0,0.0,0.0,0.0,1.0,0.0,0.0,0.0,0.0,0.0,1.0,0.0,0.0,0.0,1.0,1.0,14.0,34.0,14.0
162670,Chak Mohammad Ameen,558,86,74,240,0,51.84,10.763888888888888,0.13261648745519714,0.43010752688172044,0.0,0.0,0.0,0.0,0.0,0.0,0.0,1.0,1.0,0.0,1.0,0.0,0.0,0.0,0.0,0.0,0.0,0.0,0.0,0.0,0.0,0.0,1.0,1.0,14.0,34.0,14.0
162671,Yasinpur,1474,210,244,274,0,93.49,15.766392127500268,0.1655359565807327,0.18588873812754408,0.0,0.0,0.0,0.0,0.0,0.0,0.0,0.0,1.0,0.0,,0.0,1.0,0.0,0.0,0.0,1.0,1.0,0.0,0.0,0.0,0.0,1.0,0.0,15.0,35.0,15.0
162672,Hasanpur Utrawan,1019,152,182,436,0,64.38,15.827896862379623,0.1786064769381747,0.4278704612365064,0.0,0.0,0.0,0.0,0.0,0.0,0.0,0.0,0.0,0.0,0.0,0.0,1.0,0.0,0.0,0.0,0.0,0.0,1.0,1.0,0.0,0.0,1.0,1.0,14.0,36.0,14.0
162673,Barua Bojh,700,95,104,112,0,60.3,11.608623548922058,0.14857142857142858,0.16,0.0,0.0,0.0,0.0,0.0,0.0,0.0,1.0,1.0,0.0,0.0,0.0,0.0,0.0,0.0,0.0,0.0,0.0,1.0,0.0,0.0,1.0,0.0,0.0,14.0,36.0,14.0
162674,Kajipur Ta. Utraon,1438,203,186,460,0,113.18,12.705424986746774,0.12934631432545202,0.3198887343532684,0.0,0.0,0.0,0.0,0.0,0.0,0.0,1.0,1.0,1.0,0.0,0.0,0.0,0.0,0.0,0.0,1.0,1.0,0.0,0.0,1.0,1.0,1.0,1.0,15.0,60.0,0.0
162675,Sarayan Baksa,1122,151,170,265,0,58.68,19.120654396728018,0.15151515151515152,0.23618538324420676,0.0,0.0,0.0,0.0,0.0,0.0,0.0,1.0,1.0,0.0,0.0,0.0,1.0,0.0,0.0,0.0,0.0,1.0,1.0,0.0,0.0,1.0,1.0,1.0,15.0,60.0,0.0
162676,Sarayan Mohammad Jia,914,133,147,169,0,38.93,23.478037503210892,0.16083150984682712,0.18490153172866522,0.0,0.0,0.0,0.0,0.0,0.0,0.0,1.0,1.0,0.0,0.0,0.0,1.0,0.0,0.0,0.0,0.0,0.0,1.0,1.0,0.0,0.0,0.0,1.0,15.0,60.0,0.0
162677,Bhopatpur,1167,171,198,244,0,21.75,53.6551724137931,0.16966580976863754,0.20908311910882604,0.0,0.0,0.0,0.0,0.0,0.0,0.0,1.0,1.0,0.0,0.0,0.0,1.0,0.0,0.0,0.0,0.0,0.0,0.0,1.0,0.0,1.0,1.0,1.0,15.0,60.0,0.0
162678,Chak Madhukar,13,4,1,9,0,26.31,0.4941087039148613,0.07692307692307693,0.6923076923076923,0.0,0.0,0.0,0.0,0.0,0.0,0.0,1.0,1.0,0.0,0.0,0.0,1.0,0.0,0.0,0.0,0.0,0.0,0.0,0.0,0.0,0.0,1.0,0.0,15.0,60.0,0.0
162679,Sarayan Baki,347,40,67,119,0,25.71,13.496693893426682,0.1930835734870317,0.34293948126801155,0.0,0.0,0.0,0.0,0.0,0.0,0.0,1.0,1.0,0.0,0.0,0.0,1.0,0.0,1.0,1.0,0.0,1.0,1.0,0.0,0.0,0.0,1.0,0.0,12.0,45.0,12.0
162680,Chak Barh,110,19,12,80,0,35.18,3.1267765776009098,0.10909090909090909,0.7272727272727273,0.0,0.0,0.0,0.0,0.0,0.0,0.0,1.0,0.0,0.0,0.0,0.0,0.0,1.0,0.0,0.0,1.0,1.0,1.0,1.0,0.0,0.0,1.0,0.0,15.0,35.0,15.0
162681,Mira Patti,27,4,3,0,0,17.47,1.5455065827132228,0.1111111111111111,0.0,0.0,0.0,0.0,0.0,0.0,0.0,0.0,1.0,1.0,0.0,0.0,0.0,0.0,0.0,1.0,1.0,1.0,1.0,1.0,0.0,0.0,1.0,1.0,1.0,11.0,44.0,11.0
162682,Mairadan,983,142,154,495,0,90.11,10.908889135501054,0.15666327568667346,0.503560528992879,0.0,0.0,0.0,0.0,0.0,0.0,0.0,1.0,0.0,0.0,0.0,0.0,1.0,0.0,0.0,1.0,1.0,1.0,1.0,0.0,1.0,1.0,1.0,1.0,12.0,44.0,12.0
162683,Ghatoopur,1143,153,173,216,0,66.32,17.234620024125455,0.15135608048993876,0.1889763779527559,0.0,0.0,0.0,0.0,0.0,0.0,0.0,1.0,1.0,0.0,0.0,0.0,1.0,0.0,0.0,0.0,1.0,1.0,1.0,0.0,1.0,1.0,1.0,1.0,13.0,42.0,13.0
162684,Mulanapur,1731,250,225,303,0,120.14,14.408190444481438,0.12998266897746968,0.17504332755632582,0.0,0.0,0.0,0.0,0.0,0.0,0.0,1.0,1.0,1.0,0.0,0.0,0.0,0.0,1.0,1.0,1.0,1.0,1.0,0.0,0.0,1.0,1.0,0.0,10.0,45.0,10.0
162685,Thariya,1799,283,283,188,0,49.69,36.20446769973838,0.15730961645358532,0.10450250138966093,0.0,0.0,0.0,0.0,0.0,0.0,0.0,1.0,1.0,0.0,0.0,0.0,0.0,0.0,0.0,0.0,1.0,0.0,1.0,1.0,0.0,0.0,1.0,1.0,0.0,0.0,0.0
162686,Neemi Ta. Utraon,1278,196,179,500,0,83.8,15.250596658711217,0.14006259780907668,0.39123630672926446,0.0,0.0,0.0,0.0,0.0,0.0,0.0,1.0,0.0,0.0,0.0,0.0,0.0,0.0,0.0,0.0,0.0,1.0,1.0,1.0,0.0,1.0,1.0,1.0,0.0,0.0,0.0
162687,Varibhit,70,12,10,21,0,24.85,2.816901408450704,0.14285714285714285,0.3,0.0,0.0,0.0,0.0,0.0,0.0,0.0,1.0,1.0,0.0,0.0,0.0,0.0,0.0,0.0,0.0,1.0,1.0,1.0,1.0,0.0,0.0,1.0,1.0,0.0,0.0,0.0
162688,Kanakpur Ta. Utraon,2,2,1,0,0,10.27,0.19474196689386564,0.5,0.0,0.0,0.0,0.0,0.0,0.0,0.0,0.0,1.0,1.0,0.0,0.0,0.0,1.0,0.0,0.0,0.0,0.0,0.0,1.0,0.0,0.0,1.0,1.0,1.0,10.0,40.0,0.0
162689,Bhoosandpur,892,133,149,101,0,86.11,10.358843339914063,0.16704035874439463,0.1132286995515695,0.0,0.0,0.0,0.0,0.0,0.0,0.0,1.0,0.0,0.0,0.0,0.0,0.0,0.0,0.0,0.0,1.0,0.0,1.0,1.0,0.0,0.0,1.0,1.0,0.0,0.0,0.0
162690,Sarai Alam Ta. Utraon,967,163,154,251,0,81.2,11.908866995073891,0.1592554291623578,0.2595656670113754,0.0,0.0,0.0,0.0,0.0,0.0,0.0,1.0,0.0,0.0,0.0,0.0,0.0,0.0,0.0,0.0,1.0,1.0,1.0,1.0,0.0,0.0,1.0,1.0,0.0,0.0,0.0
162691,Madaripur,614,87,117,270,0,43.45,14.131185270425776,0.19055374592833876,0.43973941368078173,0.0,0.0,0.0,0.0,0.0,0.0,0.0,1.0,0.0,0.0,0.0,0.0,0.0,0.0,0.0,0.0,1.0,1.0,1.0,1.0,0.0,1.0,1.0,1.0,0.0,0.0,0.0
162692,Damagarha,3932,576,667,636,0,139.37,28.212671306593958,0.16963377416073244,0.1617497456765005,0.0,0.0,0.0,0.0,0.0,0.0,0.0,1.0,1.0,0.0,0.0,0.0,1.0,0.0,0.0,0.0,1.0,1.0,1.0,1.0,0.0,1.0,1.0,1.0,9.0,45.0,0.0
162693,Sarai Hoosay,1385,188,236,135,0,139.37,9.937576235918778,0.1703971119133574,0.09747292418772563,0.0,0.0,0.0,0.0,0.0,0.0,0.0,1.0,1.0,0.0,1.0,0.0,1.0,0.0,0.0,0.0,1.0,1.0,1.0,1.0,0.0,1.0,1.0,1.0,7.0,41.0,0.0
162694,Saifabad,257,42,55,79,0,36.65,7.012278308321965,0.2140077821011673,0.30739299610894943,0.0,0.0,0.0,0.0,0.0,0.0,0.0,1.0,1.0,0.0,0.0,0.0,1.0,0.0,0.0,0.0,0.0,0.0,1.0,0.0,0.0,0.0,0.0,0.0,6.0,40.0,0.0
162695,Marro,43,9,9,19,0,35.74,1.2031337437045326,0.20930232558139536,0.4418604651162791,0.0,0.0,0.0,0.0,0.0,0.0,0.0,1.0,1.0,0.0,0.0,0.0,0.0,0.0,0.0,0.0,0.0,0.0,1.0,0.0,0.0,0.0,0.0,0.0,6.0,40.0,0.0
162696,Khamariya,794,114,120,141,0,67.58,11.749038176975438,0.15113350125944586,0.17758186397984888,0.0,0.0,0.0,0.0,0.0,0.0,0.0,1.0,1.0,0.0,0.0,0.0,0.0,0.0,0.0,0.0,1.0,1.0,1.0,1.0,0.0,1.0,1.0,1.0,9.0,45.0,0.0
162697,Shripur Ta. Utraon,504,77,113,30,0,38.04,13.249211356466878,0.22420634920634921,0.05952380952380952,0.0,0.0,0.0,0.0,0.0,0.0,0.0,1.0,1.0,0.0,0.0,1.0,0.0,0.0,0.0,0.0,0.0,0.0,1.0,0.0,0.0,0.0,1.0,1.0,11.0,47.0,0.0
162698,Darogapur,871,128,154,9,0,57.31,15.19804571627988,0.17680826636050517,0.010332950631458095,0.0,0.0,0.0,0.0,0.0,0.0,0.0,1.0,1.0,0.0,0.0,0.0,1.0,0.0,0.0,0.0,1.0,1.0,1.0,0.0,0.0,0.0,1.0,0.0,11.0,47.0,0.0
162699,Kabiruddeenpur,1468,213,211,154,0,77.81,18.866469605449172,0.14373297002724797,0.10490463215258855,0.0,0.0,0.0,0.0,0.0,0.0,0.0,1.0,1.0,1.0,1.0,0.0,0.0,0.0,0.0,0.0,1.0,1.0,1.0,0.0,0.0,0.0,1.0,1.0,0.0,0.0,0.0
162700,Dighauta,1569,265,229,471,0,115.67,13.564450592201954,0.14595283620140218,0.30019120458891013,0.0,0.0,0.0,0.0,0.0,0.0,0.0,1.0,1.0,0.0,0.0,0.0,0.0,0.0,0.0,0.0,1.0,1.0,1.0,0.0,0.0,1.0,1.0,1.0,10.0,40.0,40.0
162701,Koripur,407,55,44,96,0,35.63,11.422958181307886,0.10810810810810811,0.23587223587223588,0.0,0.0,0.0,0.0,0.0,0.0,0.0,1.0,1.0,0.0,0.0,0.0,1.0,0.0,0.0,1.0,0.0,0.0,1.0,0.0,0.0,0.0,0.0,0.0,10.0,46.0,0.0
162702,Revathoo,2695,369,498,824,0,265.88,10.13615164735971,0.18478664192949906,0.3057513914656772,0.0,0.0,0.0,0.0,0.0,0.0,0.0,1.0,0.0,0.0,0.0,0.0,0.0,0.0,0.0,0.0,0.0,1.0,1.0,0.0,0.0,1.0,1.0,0.0,9.0,40.0,40.0
162703,Chak Hauda,702,102,95,82,0,25.96,27.041602465331277,0.13532763532763534,0.1168091168091168,0.0,0.0,0.0,0.0,0.0,0.0,0.0,1.0,1.0,0.0,0.0,0.0,1.0,0.0,0.0,0.0,0.0,0.0,1.0,1.0,0.0,1.0,1.0,1.0,12.0,50.0,0.0
162704,Chak Sanda,196,38,29,140,0,12.21,16.052416052416053,0.14795918367346939,0.7142857142857143,0.0,0.0,0.0,0.0,0.0,0.0,0.0,1.0,1.0,0.0,0.0,0.0,0.0,0.0,0.0,0.0,1.0,1.0,1.0,1.0,0.0,0.0,1.0,1.0,11.0,50.0,0.0
162705,Kamalaha Urf Kamalpur,357,66,50,210,0,39.56,9.024266936299291,0.1400560224089636,0.5882352941176471,0.0,0.0,0.0,0.0,0.0,0.0,0.0,1.0,0.0,0.0,0.0,0.0,1.0,0.0,0.0,0.0,0.0,0.0,1.0,1.0,0.0,1.0,1.0,1.0,13.0,50.0,20.0
162706,Firojpur,303,48,38,88,0,33.59,9.020541827924976,0.1254125412541254,0.29042904290429045,0.0,0.0,0.0,0.0,0.0,0.0,0.0,1.0,1.0,1.0,0.0,0.0,1.0,0.0,0.0,0.0,0.0,0.0,1.0,1.0,0.0,1.0,1.0,1.0,0.0,0.0,0.0
162707,Kunvarpur,181,29,32,58,0,22.88,7.910839160839161,0.17679558011049723,0.32044198895027626,0.0,0.0,0.0,0.0,0.0,0.0,0.0,1.0,0.0,0.0,0.0,,1.0,0.0,0.0,0.0,0.0,0.0,1.0,0.0,0.0,0.0,0.0,0.0,0.0,0.0,0.0
162708,Devadahana,1380,180,223,401,0,73.2,18.852459016393443,0.16159420289855073,0.29057971014492756,0.0,0.0,0.0,0.0,0.0,0.0,0.0,1.0,0.0,0.0,0.0,0.0,0.0,0.0,0.0,0.0,1.0,0.0,1.0,0.0,0.0,1.0,1.0,1.0,0.0,0.0,0.0
162709,Hakimpur,424,80,69,90,1,63.18,6.710984488762267,0.16273584905660377,0.21226415094339623,0.0023584905660377358,0.0,0.0,0.0,0.0,0.0,0.0,1.0,1.0,0.0,0.0,0.0,0.0,0.0,0.0,0.0,1.0,1.0,1.0,1.0,0.0,1.0,1.0,0.0,0.0,0.0,0.0
162710,Kamanapur,340,57,40,88,0,49.27,6.900750964075502,0.11764705882352941,0.25882352941176473,0.0,0.0,0.0,0.0,0.0,0.0,0.0,1.0,1.0,0.0,0.0,0.0,0.0,0.0,0.0,0.0,1.0,1.0,1.0,1.0,0.0,0.0,1.0,1.0,0.0,0.0,0.0
162711,Gopalipur,3352,482,563,391,0,179.0,18.726256983240223,0.16795942720763724,0.11664677804295942,0.0,0.0,0.0,0.0,0.0,0.0,0.0,1.0,1.0,0.0,0.0,0.0,0.0,0.0,0.0,0.0,0.0,0.0,1.0,1.0,0.0,1.0,1.0,1.0,10.0,48.0,0.0
162712,Sanda,1008,129,211,36,0,71.0,14.19718309859155,0.20932539682539683,0.03571428571428571,0.0,0.0,0.0,0.0,0.0,0.0,0.0,1.0,0.0,0.0,0.0,0.0,1.0,0.0,0.0,0.0,1.0,1.0,1.0,0.0,0.0,0.0,0.0,1.0,12.0,50.0,50.0
162713,Paharpur,1136,184,214,86,0,92.0,12.347826086956522,0.18838028169014084,0.07570422535211267,0.0,0.0,0.0,0.0,0.0,0.0,0.0,1.0,1.0,1.0,0.0,0.0,1.0,0.0,0.0,0.0,1.0,1.0,1.0,1.0,0.0,1.0,1.0,1.0,12.0,50.0,25.0
162714,Sari,828,92,141,58,0,60.0,13.8,0.17028985507246377,0.07004830917874397,0.0,0.0,0.0,0.0,0.0,0.0,0.0,1.0,1.0,0.0,0.0,0.0,0.0,0.0,0.0,0.0,0.0,0.0,1.0,0.0,0.0,0.0,1.0,1.0,12.0,50.0,50.0
162715,Saray Alam,1767,300,307,489,0,76.26,23.17073170731707,0.17374080362195812,0.2767402376910017,0.0,0.0,0.0,0.0,0.0,0.0,0.0,1.0,1.0,0.0,0.0,0.0,0.0,0.0,0.0,0.0,1.0,1.0,1.0,0.0,0.0,1.0,0.0,1.0,11.0,48.0,48.0
162716,Ranipur,2166,272,386,61,0,102.62,21.10699668680569,0.17820867959372114,0.02816251154201293,0.0,0.0,0.0,0.0,0.0,0.0,0.0,1.0,1.0,0.0,0.0,0.0,0.0,0.0,0.0,0.0,0.0,1.0,1.0,0.0,0.0,1.0,1.0,1.0,12.0,50.0,50.0
162717,Kailai,218,48,55,9,0,61.94,3.519535033903778,0.25229357798165136,0.04128440366972477,0.0,0.0,0.0,0.0,0.0,0.0,0.0,1.0,1.0,0.0,1.0,0.0,1.0,0.0,0.0,0.0,0.0,0.0,1.0,0.0,0.0,0.0,0.0,1.0,11.0,49.0,49.0
162718,Babupur Sathar,1181,142,135,120,0,109.64,10.771616198467713,0.1143099068585944,0.10160880609652836,0.0,0.0,0.0,0.0,0.0,0.0,0.0,1.0,0.0,0.0,0.0,0.0,1.0,0.0,0.0,0.0,0.0,0.0,1.0,0.0,0.0,1.0,1.0,1.0,13.0,50.0,50.0
162719,Shahari Bojh,1804,299,284,748,9,170.14,10.603032796520514,0.1574279379157428,0.4146341463414634,0.004988913525498891,0.0,0.0,0.0,0.0,0.0,0.0,1.0,0.0,0.0,0.0,0.0,1.0,0.0,0.0,0.0,0.0,0.0,1.0,0.0,0.0,1.0,1.0,1.0,15.0,55.0,0.0
162720,Dayalapur,1507,256,205,487,0,138.69,10.865960054798471,0.1360318513603185,0.3231585932315859,0.0,0.0,0.0,0.0,0.0,0.0,0.0,1.0,0.0,0.0,0.0,0.0,0.0,0.0,0.0,0.0,1.0,0.0,1.0,0.0,0.0,1.0,1.0,1.0,104.0,7.0,7.0
162721,Kundanpur,999,151,145,236,0,130.19,7.673400414778401,0.14514514514514515,0.23623623623623624,0.0,0.0,0.0,0.0,0.0,0.0,0.0,1.0,0.0,0.0,0.0,0.0,0.0,0.0,0.0,0.0,0.0,1.0,1.0,0.0,0.0,1.0,1.0,1.0,11.0,48.0,48.0
162722,Sinki Masarhi,0,0,0,0,0,34.12,0.0,,,,,,,,,,,,,,,,,,,,,,,,,,,0.0,0.0,0.0
162723,Masarhi,4539,675,746,1368,0,223.08,20.346960731576115,0.16435338180215905,0.30138797091870456,0.0,0.0,0.0,0.0,0.0,0.0,0.0,1.0,0.0,0.0,0.0,0.0,1.0,0.0,0.0,0.0,1.0,1.0,1.0,0.0,0.0,1.0,0.0,1.0,10.0,47.0,47.0
162724,Meethupur,2346,304,369,213,0,103.92,22.575057736720552,0.15728900255754474,0.0907928388746803,0.0,0.0,0.0,0.0,0.0,0.0,0.0,1.0,0.0,0.0,0.0,0.0,1.0,0.0,0.0,0.0,1.0,1.0,1.0,0.0,0.0,1.0,1.0,1.0,10.0,47.0,47.0
162725,Paiguwa,1153,142,184,219,0,44.28,26.03884372177055,0.1595836947094536,0.1899392888117953,0.0,0.0,0.0,0.0,0.0,0.0,0.0,1.0,1.0,1.0,1.0,0.0,0.0,0.0,0.0,0.0,1.0,1.0,1.0,0.0,0.0,1.0,1.0,1.0,9.0,46.0,46.0
162726,Veere Saon,935,120,159,192,0,78.56,11.90173116089613,0.17005347593582887,0.2053475935828877,0.0,0.0,0.0,0.0,0.0,0.0,0.0,1.0,0.0,0.0,0.0,0.0,0.0,0.0,0.0,0.0,1.0,0.0,1.0,0.0,0.0,1.0,1.0,1.0,11.0,51.0,0.0
162727,Ajabaiga,0,0,0,0,0,20.75,0.0,,,,,,,,,,,,,,,,,,,,,,,,,,,10.0,50.0,0.0
162728,Chak Lal Man,119,25,21,21,0,16.43,7.242848447961047,0.17647058823529413,0.17647058823529413,0.0,0.0,0.0,0.0,0.0,0.0,0.0,1.0,1.0,1.0,1.0,0.0,1.0,0.0,0.0,0.0,1.0,0.0,1.0,0.0,0.0,0.0,1.0,1.0,10.0,50.0,0.0
162729,Naikipur,1721,256,276,434,0,117.09,14.69809548210778,0.16037187681580475,0.25217896571760606,0.0,0.0,0.0,0.0,0.0,0.0,0.0,1.0,1.0,0.0,0.0,0.0,0.0,0.0,0.0,0.0,1.0,0.0,1.0,1.0,0.0,1.0,1.0,1.0,9.0,49.0,0.0
162730,Ghamaha,791,86,90,0,0,30.1,26.27906976744186,0.11378002528445007,0.0,0.0,0.0,0.0,0.0,0.0,0.0,0.0,0.0,0.0,0.0,0.0,0.0,1.0,0.0,0.0,1.0,0.0,0.0,1.0,0.0,1.0,1.0,1.0,1.0,10.0,50.0,0.0
162731,Lokapur,192,28,42,32,0,22.26,8.625336927223719,0.21875,0.16666666666666666,0.0,0.0,0.0,0.0,0.0,0.0,0.0,1.0,0.0,0.0,0.0,0.0,0.0,0.0,0.0,0.0,0.0,0.0,1.0,0.0,0.0,1.0,1.0,1.0,15.0,5.0,54.0
162732,Jaguwa Saray Pitha,1106,158,191,177,0,62.04,17.827208252740167,0.17269439421338156,0.16003616636528029,0.0,0.0,0.0,0.0,0.0,0.0,0.0,1.0,0.0,0.0,0.0,0.0,1.0,0.0,0.0,0.0,0.0,0.0,1.0,1.0,0.0,0.0,0.0,1.0,13.0,51.0,51.0
162733,Deva,1573,336,254,287,0,148.39,10.600444773906599,0.161474888747616,0.182453909726637,0.0,0.0,0.0,0.0,0.0,0.0,0.0,1.0,1.0,0.0,0.0,0.0,0.0,0.0,0.0,1.0,1.0,1.0,1.0,0.0,0.0,1.0,1.0,1.0,10.0,55.0,10.0
162734,Parawa,1032,162,178,541,0,127.04,8.123425692695214,0.17248062015503876,0.5242248062015504,0.0,0.0,0.0,0.0,0.0,0.0,0.0,1.0,1.0,0.0,0.0,0.0,0.0,0.0,0.0,1.0,0.0,0.0,1.0,0.0,1.0,1.0,1.0,1.0,9.0,53.0,0.0
162735,Dharupur,715,124,106,237,0,51.3,13.937621832358674,0.14825174825174825,0.33146853146853145,0.0,0.0,0.0,0.0,0.0,0.0,0.0,1.0,1.0,1.0,0.0,0.0,0.0,0.0,0.0,0.0,0.0,1.0,1.0,0.0,0.0,0.0,1.0,1.0,8.0,52.0,0.0
162736,Shahipur,2527,364,453,662,0,178.9,14.12520961430967,0.17926394934705184,0.2619707162643451,0.0,0.0,0.0,0.0,0.0,0.0,0.0,1.0,0.0,0.0,0.0,0.0,1.0,0.0,0.0,1.0,1.0,0.0,1.0,0.0,0.0,1.0,1.0,1.0,8.0,48.0,0.0
162737,Midiura,1584,234,259,111,0,79.79,19.852111793457826,0.16351010101010102,0.07007575757575757,0.0,0.0,0.0,0.0,0.0,0.0,0.0,1.0,1.0,0.0,0.0,0.0,0.0,0.0,0.0,0.0,0.0,0.0,1.0,1.0,0.0,1.0,1.0,1.0,13.0,51.0,51.0
162738,Tiwaripur,369,43,58,14,0,34.87,10.58216231717809,0.15718157181571815,0.037940379403794036,0.0,0.0,0.0,0.0,0.0,0.0,0.0,1.0,1.0,0.0,0.0,0.0,1.0,0.0,0.0,0.0,1.0,0.0,1.0,0.0,1.0,1.0,1.0,1.0,13.0,13.0,13.0
162739,Sarai Pitha,2988,481,474,421,0,158.27,18.879130599608263,0.15863453815261044,0.14089692101740295,0.0,0.0,0.0,0.0,0.0,0.0,0.0,1.0,1.0,0.0,0.0,0.0,1.0,0.0,0.0,0.0,1.0,0.0,1.0,1.0,1.0,1.0,1.0,1.0,12.0,50.0,50.0
162740,Chak Doulat,404,37,59,146,0,18.84,21.443736730360936,0.14603960396039603,0.3613861386138614,0.0,0.0,0.0,0.0,0.0,0.0,0.0,1.0,1.0,0.0,1.0,0.0,0.0,0.0,0.0,0.0,0.0,0.0,1.0,0.0,0.0,1.0,1.0,1.0,12.0,50.0,50.0
162741,Kukurha,3538,498,568,624,0,205.33,17.230799201285734,0.16054267947993217,0.17637083097795364,0.0,0.0,0.0,0.0,0.0,0.0,0.0,1.0,1.0,1.0,0.0,0.0,1.0,0.0,0.0,0.0,1.0,0.0,1.0,1.0,1.0,1.0,1.0,1.0,14.0,52.0,52.0
162742,Hardaspur,116,15,24,0,0,13.78,8.417997097242381,0.20689655172413793,0.0,0.0,0.0,0.0,0.0,0.0,0.0,0.0,1.0,0.0,0.0,0.0,0.0,0.0,0.0,0.0,0.0,0.0,0.0,1.0,0.0,0.0,0.0,1.0,1.0,10.0,47.0,0.0
162743,Shankerpur,2197,302,394,600,0,141.6,15.515536723163843,0.17933545744196633,0.27309968138370505,0.0,1.0,0.0,1.0,0.0,0.0,0.0,1.0,1.0,1.0,1.0,0.0,1.0,0.0,0.0,0.0,1.0,0.0,1.0,0.0,0.0,1.0,1.0,1.0,10.0,47.0,0.0
162744,Sadarepur,3318,482,527,380,0,273.85,12.116121964579149,0.1588306208559373,0.11452682338758288,0.0,0.0,0.0,0.0,0.0,0.0,0.0,1.0,0.0,0.0,0.0,1.0,0.0,0.0,0.0,0.0,0.0,0.0,1.0,0.0,0.0,1.0,1.0,1.0,12.0,50.0,0.0
162745,Kharahara,1143,337,142,362,0,111.2,10.278776978417266,0.1242344706911636,0.31671041119860016,0.0,0.0,0.0,0.0,0.0,0.0,0.0,1.0,1.0,0.0,0.0,0.0,1.0,0.0,0.0,0.0,1.0,1.0,1.0,0.0,0.0,1.0,1.0,1.0,15.0,55.0,0.0
162746,Govindpur Dubay,354,59,58,98,0,40.66,8.706345302508609,0.1638418079096045,0.2768361581920904,0.0,0.0,0.0,0.0,0.0,0.0,0.0,1.0,1.0,0.0,0.0,0.0,0.0,0.0,1.0,0.0,1.0,1.0,1.0,0.0,0.0,1.0,1.0,0.0,16.0,56.0,16.0
162747,Arhani,1477,227,233,457,0,107.47,13.743370242858472,0.15775220040622884,0.3094109681787407,0.0,0.0,0.0,0.0,0.0,0.0,0.0,1.0,0.0,0.0,0.0,0.0,0.0,0.0,0.0,0.0,0.0,0.0,1.0,0.0,1.0,1.0,1.0,1.0,15.0,55.0,0.0
162748,Vikrampur,1348,182,204,406,0,140.93,9.565032285531824,0.1513353115727003,0.30118694362017806,0.0,0.0,0.0,0.0,0.0,0.0,0.0,1.0,1.0,0.0,0.0,0.0,0.0,0.0,0.0,0.0,1.0,0.0,1.0,1.0,0.0,1.0,0.0,1.0,12.0,50.0,50.0
162749,Kalana,1819,261,290,683,0,174.75,10.409155937052933,0.1594282572842221,0.3754810335349093,0.0,0.0,0.0,0.0,0.0,0.0,0.0,1.0,1.0,0.0,0.0,0.0,0.0,0.0,0.0,1.0,1.0,0.0,1.0,1.0,0.0,1.0,1.0,1.0,13.0,51.0,51.0
162750,Bhawar Garh,470,63,93,2,0,41.73,11.262880421758927,0.19787234042553192,0.00425531914893617,0.0,0.0,0.0,0.0,0.0,0.0,0.0,1.0,0.0,0.0,1.0,0.0,0.0,0.0,0.0,0.0,0.0,0.0,1.0,1.0,0.0,1.0,0.0,1.0,15.0,53.0,53.0
162751,Dattepur,786,113,139,81,0,59.06,13.308499830680663,0.17684478371501272,0.10305343511450382,0.0,0.0,0.0,0.0,0.0,0.0,0.0,1.0,0.0,0.0,1.0,0.0,0.0,0.0,1.0,1.0,1.0,1.0,1.0,1.0,0.0,1.0,1.0,1.0,15.0,55.0,15.0
162752,Kundaura,1078,144,230,368,0,88.63,12.162924517657679,0.21335807050092764,0.34137291280148424,0.0,0.0,0.0,0.0,0.0,0.0,0.0,1.0,0.0,0.0,1.0,0.0,1.0,1.0,1.0,1.0,1.0,1.0,1.0,0.0,0.0,1.0,1.0,1.0,15.0,55.0,15.0
162753,Bandi Patti,2871,388,532,240,0,140.93,20.37181579507557,0.1853012887495646,0.08359456635318704,0.0,0.0,0.0,0.0,0.0,0.0,0.0,1.0,1.0,0.0,0.0,0.0,0.0,0.0,0.0,0.0,0.0,0.0,1.0,1.0,0.0,1.0,1.0,1.0,15.0,53.0,53.0
162754,Jagadishpur,5344,957,897,1221,0,381.31,14.01484356560279,0.16785179640718562,0.2284805389221557,0.0,0.0,0.0,0.0,0.0,0.0,0.0,1.0,1.0,0.0,1.0,0.0,1.0,0.0,0.0,0.0,1.0,1.0,1.0,1.0,0.0,1.0,1.0,1.0,13.0,53.0,0.0
162755,Paretipur,412,59,66,119,0,22.83,18.04643013578625,0.16019417475728157,0.28883495145631066,0.0,0.0,0.0,0.0,0.0,0.0,0.0,1.0,1.0,0.0,0.0,0.0,0.0,0.0,0.0,0.0,0.0,1.0,1.0,0.0,1.0,0.0,1.0,1.0,13.0,53.0,0.0
162756,Banpurawa Saraipitha,2027,247,391,410,0,164.43,12.327434166514626,0.19289590527873704,0.20226936359151457,0.0,0.0,0.0,0.0,0.0,0.0,0.0,1.0,1.0,0.0,0.0,0.0,0.0,0.0,0.0,1.0,1.0,1.0,1.0,1.0,1.0,1.0,0.0,1.0,12.0,56.0,0.0
162757,Chak Shudarshan,683,80,107,31,0,12.77,53.48472983555207,0.15666178623718888,0.04538799414348463,0.0,0.0,0.0,0.0,0.0,0.0,0.0,1.0,1.0,0.0,0.0,0.0,1.0,0.0,0.0,0.0,1.0,1.0,1.0,1.0,1.0,0.0,1.0,1.0,9.0,53.0,0.0
162758,Dhanupur,1440,161,189,519,0,75.12,19.169329073482427,0.13125,0.36041666666666666,0.0,1.0,,1.0,0.0,0.0,0.0,1.0,1.0,0.0,1.0,0.0,1.0,0.0,0.0,0.0,1.0,1.0,1.0,1.0,0.0,1.0,1.0,1.0,10.0,54.0,10.0
162759,Kiraon,6707,1122,1181,2153,0,552.59,12.137389384534645,0.17608468763977933,0.32100790219173997,0.0,1.0,0.0,1.0,0.0,0.0,0.0,1.0,1.0,0.0,0.0,0.0,0.0,0.0,0.0,0.0,1.0,1.0,1.0,1.0,0.0,1.0,1.0,1.0,9.0,49.0,0.0
162760,Jaraon,4255,620,701,905,0,379.37,11.215963307588897,0.16474735605170387,0.21269095182138661,0.0,0.0,0.0,0.0,0.0,0.0,0.0,1.0,1.0,0.0,1.0,0.0,1.0,0.0,0.0,0.0,0.0,0.0,0.0,1.0,0.0,1.0,1.0,1.0,15.0,55.0,0.0
162761,Mamarkha,2315,376,397,710,0,189.22,12.23443610611986,0.1714902807775378,0.30669546436285094,0.0,0.0,0.0,0.0,0.0,0.0,0.0,1.0,1.0,1.0,0.0,1.0,,0.0,0.0,0.0,1.0,0.0,1.0,1.0,0.0,1.0,1.0,1.0,16.0,56.0,56.0
162762,Basegit,486,69,66,105,0,76.52,6.3512807109252485,0.13580246913580246,0.21604938271604937,0.0,0.0,0.0,0.0,0.0,0.0,0.0,1.0,1.0,0.0,1.0,0.0,1.0,0.0,1.0,0.0,0.0,0.0,1.0,1.0,0.0,1.0,1.0,0.0,16.0,65.0,16.0
162763,Deobara,354,139,65,72,0,33.15,10.67873303167421,0.18361581920903955,0.2033898305084746,0.0,0.0,0.0,0.0,0.0,0.0,0.0,1.0,1.0,0.0,0.0,0.0,1.0,0.0,0.0,0.0,1.0,1.0,1.0,0.0,0.0,1.0,1.0,1.0,16.0,65.0,16.0
162764,Pure Sada Bhala,943,152,136,279,0,109.99,8.573506682425675,0.14422057264050903,0.295864262990456,0.0,0.0,0.0,0.0,0.0,0.0,0.0,1.0,1.0,0.0,0.0,0.0,1.0,0.0,0.0,0.0,1.0,1.0,1.0,1.0,0.0,1.0,1.0,1.0,20.0,70.0,16.0
162765,Chak Mnohar,108,19,20,107,0,10.8,10.0,0.18518518518518517,0.9907407407407407,0.0,0.0,0.0,0.0,0.0,0.0,0.0,1.0,1.0,1.0,0.0,0.0,1.0,0.0,0.0,0.0,1.0,0.0,1.0,0.0,0.0,1.0,1.0,1.0,15.0,55.0,15.0
162766,Gobindapur,168,25,23,0,0,24.03,6.991260923845193,0.13690476190476192,0.0,0.0,0.0,0.0,0.0,0.0,0.0,0.0,1.0,1.0,0.0,0.0,0.0,0.0,0.0,0.0,0.0,0.0,0.0,1.0,1.0,0.0,0.0,0.0,0.0,15.0,53.0,53.0
162767,Maharajpur,777,147,122,365,0,112.35,6.91588785046729,0.15701415701415702,0.4697554697554698,0.0,0.0,0.0,0.0,0.0,0.0,0.0,1.0,1.0,0.0,0.0,0.0,1.0,0.0,0.0,1.0,0.0,0.0,1.0,0.0,0.0,1.0,1.0,1.0,16.0,56.0,16.0
162768,Koet Dakchin,1281,249,217,435,0,200.28,6.396045536249251,0.16939890710382513,0.3395784543325527,0.0,0.0,0.0,0.0,0.0,0.0,0.0,0.0,0.0,0.0,0.0,0.0,1.0,0.0,0.0,0.0,0.0,1.0,1.0,0.0,0.0,0.0,0.0,0.0,12.0,70.0,0.0
162769,Pipri Ahamad Bhadohi,2129,404,354,493,21,124.69,17.074344374047637,0.16627524659464538,0.23156411460779708,0.00986378581493659,0.0,0.0,0.0,0.0,0.0,0.0,1.0,1.0,1.0,1.0,0.0,0.0,0.0,1.0,0.0,1.0,0.0,1.0,1.0,0.0,1.0,1.0,1.0,15.0,55.0,15.0
162770,Couri,1860,287,317,542,0,224.56,8.282864267901674,0.17043010752688173,0.2913978494623656,0.0,0.0,0.0,0.0,0.0,0.0,0.0,1.0,1.0,0.0,1.0,0.0,1.0,0.0,0.0,0.0,1.0,1.0,1.0,0.0,0.0,0.0,1.0,1.0,10.0,68.0,0.0
162771,Haripur Mishrpur,1212,185,149,88,0,75.26,16.104172203029496,0.12293729372937294,0.07260726072607261,0.0,0.0,0.0,0.0,0.0,0.0,0.0,1.0,1.0,1.0,0.0,0.0,0.0,0.0,0.0,0.0,0.0,0.0,1.0,1.0,0.0,1.0,1.0,1.0,15.0,55.0,0.0
162772,Marro,2111,276,380,438,0,61.63,34.2527989615447,0.18000947418285174,0.20748460445286593,0.0,0.0,1.0,0.0,0.0,0.0,0.0,1.0,0.0,0.0,0.0,0.0,0.0,0.0,1.0,1.0,1.0,1.0,1.0,1.0,0.0,1.0,1.0,1.0,15.0,55.0,15.0
162773,Chatpur Patti,1352,190,227,635,0,86.31,15.664465299501796,0.16789940828402367,0.46967455621301774,0.0,0.0,0.0,0.0,0.0,0.0,0.0,1.0,1.0,0.0,0.0,0.0,0.0,0.0,1.0,1.0,1.0,1.0,1.0,1.0,0.0,1.0,1.0,1.0,15.0,55.0,15.0
162774,Tilakath,955,130,177,183,0,60.05,15.903413821815155,0.18534031413612564,0.19162303664921465,0.0,0.0,0.0,0.0,0.0,0.0,0.0,1.0,1.0,1.0,0.0,0.0,0.0,0.0,0.0,0.0,1.0,1.0,1.0,0.0,0.0,1.0,0.0,1.0,12.0,70.0,0.0
162775,Sevar Rahai,0,0,0,0,0,10.76,0.0,,,,,,,,,,,,,,,,,,,,,,,,,,,15.0,55.0,15.0
162776,Bhusalpur,1115,162,170,198,0,86.56,12.881238447319777,0.15246636771300448,0.17757847533632287,0.0,0.0,0.0,0.0,0.0,0.0,0.0,1.0,1.0,0.0,1.0,0.0,0.0,0.0,1.0,0.0,1.0,0.0,1.0,0.0,0.0,1.0,1.0,1.0,20.0,55.0,20.0
162777,Himmat Bahar,770,118,122,195,0,24.32,31.661184210526315,0.15844155844155844,0.2532467532467532,0.0,0.0,0.0,0.0,0.0,0.0,0.0,1.0,1.0,0.0,0.0,0.0,1.0,0.0,1.0,1.0,1.0,1.0,1.0,0.0,0.0,1.0,0.0,1.0,15.0,55.0,15.0
162778,Chak Sarag,531,67,99,0,0,12.86,41.290824261275276,0.1864406779661017,0.0,0.0,0.0,0.0,0.0,0.0,0.0,0.0,1.0,0.0,0.0,1.0,0.0,0.0,0.0,1.0,0.0,0.0,1.0,1.0,0.0,0.0,1.0,1.0,1.0,15.0,55.0,15.0
162779,Khuram Sahapur,2447,352,454,424,0,221.27,11.058887332218555,0.1855333060890887,0.17327339599509603,0.0,0.0,0.0,0.0,0.0,0.0,0.0,1.0,1.0,0.0,0.0,0.0,1.0,0.0,1.0,0.0,1.0,1.0,1.0,1.0,0.0,1.0,1.0,1.0,18.0,55.0,20.0
162780,Rampur,910,135,149,174,0,78.25,11.629392971246006,0.16373626373626374,0.1912087912087912,0.0,0.0,0.0,0.0,0.0,0.0,0.0,1.0,1.0,1.0,1.0,0.0,0.0,0.0,0.0,0.0,0.0,1.0,1.0,0.0,0.0,1.0,1.0,1.0,13.0,53.0,0.0
162781,Samala Patti,576,80,60,0,0,30.08,19.148936170212767,0.10416666666666667,0.0,0.0,0.0,0.0,0.0,0.0,0.0,0.0,1.0,1.0,0.0,0.0,0.0,0.0,0.0,0.0,0.0,1.0,1.0,1.0,1.0,0.0,1.0,1.0,1.0,13.0,53.0,0.0
162782,Sansaripur,1468,222,280,120,0,221.24,6.635328150424877,0.1907356948228883,0.08174386920980926,0.0,0.0,0.0,0.0,0.0,0.0,0.0,1.0,1.0,1.0,0.0,0.0,0.0,0.0,0.0,0.0,0.0,1.0,1.0,0.0,0.0,0.0,1.0,1.0,12.0,70.0,0.0
162783,Khiji Raha,1315,181,222,403,0,124.4,10.570739549839228,0.1688212927756654,0.3064638783269962,0.0,0.0,0.0,0.0,0.0,0.0,0.0,1.0,1.0,0.0,0.0,0.0,0.0,0.0,0.0,0.0,0.0,1.0,1.0,0.0,0.0,0.0,1.0,1.0,9.0,60.0,0.0
162784,Vithalpur Varamadpur,1153,155,196,193,0,156.06,7.3881840317826475,0.16999132697311362,0.1673894189071986,0.0,0.0,0.0,0.0,0.0,0.0,0.0,1.0,1.0,0.0,0.0,0.0,0.0,0.0,1.0,1.0,1.0,0.0,1.0,0.0,0.0,1.0,1.0,1.0,22.0,65.0,0.0
162785,Mishri,3069,429,576,210,0,260.11,11.79885433086002,0.187683284457478,0.06842619745845552,0.0,0.0,0.0,0.0,0.0,0.0,0.0,1.0,1.0,0.0,0.0,0.0,0.0,0.0,1.0,1.0,1.0,0.0,1.0,0.0,0.0,1.0,1.0,1.0,21.0,64.0,64.0
162786,Ataraora Girdh Kot,94,12,11,0,0,52.02,1.8069973087274125,0.11702127659574468,0.0,0.0,0.0,0.0,0.0,0.0,0.0,0.0,1.0,0.0,0.0,0.0,0.0,0.0,0.0,0.0,0.0,0.0,1.0,1.0,0.0,0.0,0.0,1.0,1.0,13.0,72.0,0.0
162787,Ataraura Sansaripur,0,0,0,0,0,56.49,0.0,,,,,,,,,,,,,,,,,,,,,,,,,,,13.0,72.0,0.0
162788,Bibipur,2393,312,339,269,0,126.47,18.921483355736537,0.1416631842875052,0.1124111993313832,0.0,0.0,1.0,0.0,0.0,0.0,0.0,1.0,0.0,0.0,0.0,0.0,0.0,0.0,0.0,0.0,1.0,0.0,1.0,1.0,0.0,1.0,1.0,1.0,9.0,59.0,0.0
162789,Khojhva,0,0,0,0,0,7.83,0.0,,,,,,,,,,,,,,,,,,,,,,,,,,,15.0,55.0,0.0
162790,Dubepur,127,21,18,17,0,11.04,11.503623188405799,0.14173228346456693,0.13385826771653545,0.0,0.0,0.0,0.0,0.0,0.0,0.0,1.0,1.0,0.0,0.0,0.0,0.0,0.0,0.0,0.0,0.0,0.0,1.0,0.0,0.0,1.0,1.0,1.0,14.0,15.0,4.0
162791,Kharagpur,575,93,87,253,0,65.17,8.82307810342182,0.15130434782608695,0.44,0.0,0.0,0.0,0.0,0.0,0.0,0.0,1.0,1.0,1.0,0.0,0.0,0.0,0.0,0.0,0.0,1.0,0.0,1.0,0.0,0.0,0.0,1.0,1.0,8.0,58.0,0.0
162792,Mahajana,1217,141,176,291,0,139.02,8.754136095525823,0.14461791290057519,0.2391125718981101,0.0,0.0,0.0,0.0,0.0,0.0,0.0,1.0,1.0,0.0,0.0,0.0,0.0,0.0,1.0,0.0,1.0,1.0,1.0,1.0,0.0,1.0,1.0,1.0,22.0,55.0,0.0
162793,Chakiya Girdh Kot,1811,330,288,0,0,37.78,47.935415563790365,0.1590281612368857,0.0,0.0,0.0,0.0,0.0,0.0,0.0,0.0,1.0,0.0,0.0,0.0,0.0,1.0,0.0,0.0,0.0,1.0,1.0,1.0,1.0,0.0,1.0,1.0,1.0,22.0,55.0,0.0
162794,Nonara,291,37,32,0,0,11.58,25.129533678756477,0.10996563573883161,0.0,0.0,0.0,0.0,0.0,0.0,0.0,0.0,1.0,1.0,0.0,0.0,0.0,1.0,0.0,0.0,0.0,1.0,1.0,1.0,1.0,0.0,1.0,1.0,1.0,16.0,56.0,0.0
162795,Vanpurava Paratipur,828,100,131,427,0,15.69,52.77246653919694,0.15821256038647344,0.5157004830917874,0.0,0.0,0.0,0.0,0.0,0.0,0.0,1.0,0.0,0.0,1.0,0.0,0.0,0.0,0.0,0.0,0.0,1.0,1.0,0.0,1.0,1.0,1.0,1.0,15.0,55.0,0.0
162796,Bag Krishna,5,1,0,0,0,3.92,1.2755102040816326,0.0,0.0,0.0,0.0,0.0,0.0,0.0,0.0,0.0,1.0,1.0,1.0,1.0,0.0,1.0,0.0,0.0,0.0,0.0,0.0,1.0,0.0,0.0,1.0,1.0,1.0,14.0,54.0,0.0
162797,Vithalpur Jagadispur,26,7,2,0,0,6.59,3.945371775417299,0.07692307692307693,0.0,0.0,0.0,0.0,0.0,0.0,0.0,0.0,1.0,1.0,1.0,0.0,0.0,0.0,0.0,0.0,0.0,0.0,0.0,1.0,0.0,0.0,1.0,1.0,1.0,14.0,53.0,0.0
162798,Bansi Patti,253,38,42,50,0,7.98,31.70426065162907,0.16600790513833993,0.1976284584980237,0.0,0.0,0.0,0.0,0.0,0.0,0.0,0.0,0.0,0.0,0.0,0.0,1.0,0.0,0.0,0.0,0.0,1.0,1.0,1.0,0.0,1.0,1.0,1.0,14.0,54.0,0.0
162799,Girda Kot,3085,478,450,421,0,161.81,19.06557073110438,0.1458670988654781,0.13646677471636953,0.0,0.0,0.0,0.0,0.0,0.0,0.0,1.0,0.0,0.0,1.0,0.0,0.0,0.0,1.0,0.0,1.0,1.0,1.0,1.0,0.0,1.0,1.0,1.0,22.0,55.0,0.0
162800,Chak Jivan Dih,319,47,39,0,0,11.08,28.790613718411553,0.12225705329153605,0.0,0.0,0.0,0.0,0.0,0.0,0.0,0.0,0.0,0.0,0.0,0.0,0.0,1.0,0.0,1.0,0.0,1.0,0.0,1.0,0.0,0.0,1.0,0.0,1.0,22.0,55.0,0.0
162801,Kaviraha,300,46,38,0,0,35.13,8.539709649871904,0.12666666666666668,0.0,0.0,0.0,0.0,0.0,0.0,0.0,0.0,1.0,0.0,0.0,1.0,0.0,0.0,0.0,1.0,0.0,0.0,1.0,1.0,1.0,0.0,1.0,1.0,1.0,22.0,55.0,0.0
162802,Kevai Bujurg,1118,161,177,257,0,142.43,7.8494699150459875,0.15831842576028624,0.2298747763864043,0.0,0.0,0.0,0.0,0.0,0.0,0.0,1.0,1.0,0.0,0.0,0.0,0.0,0.0,0.0,1.0,0.0,1.0,1.0,1.0,1.0,1.0,1.0,1.0,22.0,55.0,0.0
162803,Kalipur,62,9,9,0,0,22.05,2.8117913832199544,0.14516129032258066,0.0,0.0,0.0,0.0,0.0,0.0,0.0,0.0,1.0,1.0,1.0,0.0,0.0,0.0,0.0,0.0,1.0,0.0,1.0,1.0,1.0,0.0,1.0,1.0,1.0,22.0,55.0,0.0
162804,Bhupatti,485,58,60,155,0,25.77,18.820333721381452,0.12371134020618557,0.31958762886597936,0.0,0.0,0.0,0.0,0.0,0.0,0.0,1.0,1.0,0.0,0.0,0.0,0.0,0.0,1.0,1.0,1.0,0.0,1.0,0.0,0.0,1.0,1.0,1.0,21.0,60.0,60.0
162805,Vithauli,1795,238,298,221,0,110.11,16.301879938243573,0.166016713091922,0.12311977715877437,0.0,0.0,0.0,0.0,0.0,0.0,0.0,1.0,1.0,0.0,0.0,0.0,1.0,1.0,1.0,1.0,1.0,0.0,1.0,0.0,1.0,1.0,1.0,1.0,21.0,60.0,0.0
162806,Vajpur,1298,197,195,429,0,95.55,13.58451072736787,0.150231124807396,0.3305084745762712,0.0,0.0,0.0,0.0,0.0,0.0,0.0,1.0,0.0,0.0,0.0,0.0,1.0,0.0,0.0,0.0,0.0,0.0,1.0,0.0,0.0,0.0,1.0,1.0,20.0,70.0,0.0
162807,Amepur,1965,273,305,673,0,123.99,15.848052262279216,0.15521628498727735,0.3424936386768448,0.0,0.0,1.0,0.0,0.0,0.0,0.0,1.0,1.0,0.0,0.0,0.0,0.0,0.0,1.0,0.0,0.0,1.0,1.0,0.0,1.0,1.0,1.0,1.0,20.0,60.0,0.0
162808,Pratappur,499,71,76,0,0,35.64,14.001122334455667,0.1523046092184369,0.0,0.0,0.0,0.0,0.0,0.0,0.0,0.0,1.0,1.0,1.0,0.0,0.0,0.0,0.0,1.0,0.0,0.0,1.0,1.0,1.0,1.0,1.0,1.0,1.0,20.0,56.0,0.0
162809,Valipur,1053,124,171,0,0,53.2,19.793233082706767,0.1623931623931624,0.0,0.0,0.0,0.0,0.0,0.0,0.0,0.0,1.0,1.0,0.0,0.0,0.0,0.0,0.0,0.0,0.0,0.0,0.0,1.0,0.0,0.0,1.0,1.0,1.0,70.0,70.0,0.0
162810,Badha Sujan Shah,0,0,0,0,0,42.81,0.0,,,,,,,,,,,,,,,,,,,,,,,,,,,25.0,70.0,0.0
162811,Darhi,1070,160,190,15,0,48.96,21.854575163398692,0.17757009345794392,0.014018691588785047,0.0,0.0,0.0,0.0,0.0,0.0,0.0,1.0,0.0,1.0,0.0,0.0,1.0,0.0,0.0,0.0,0.0,0.0,1.0,1.0,0.0,0.0,0.0,1.0,20.0,60.0,0.0
162812,Hariram Patti,1712,225,306,207,0,144.0,11.88888888888889,0.17873831775700935,0.12091121495327103,0.0,0.0,0.0,0.0,0.0,0.0,0.0,1.0,0.0,0.0,0.0,0.0,0.0,0.0,0.0,0.0,0.0,1.0,1.0,1.0,1.0,1.0,1.0,1.0,16.0,56.0,0.0
162813,Jigna,0,0,0,0,0,37.35,0.0,,,,,,,,,,,,,,,,,,,,,,,,,,,15.0,65.0,0.0
162814,Gaharpur Dhobaha,2027,349,304,133,0,106.74,18.990069327337455,0.14997533300444005,0.06561420818944252,0.0,0.0,0.0,0.0,0.0,0.0,0.0,1.0,1.0,0.0,0.0,0.0,0.0,0.0,1.0,0.0,1.0,0.0,1.0,1.0,0.0,0.0,1.0,1.0,15.0,66.0,0.0
162815,Shripur,3212,477,572,382,129,151.97,21.13575047706784,0.1780821917808219,0.11892901618929017,0.04016189290161893,0.0,0.0,0.0,0.0,0.0,0.0,1.0,1.0,0.0,0.0,0.0,0.0,0.0,0.0,0.0,1.0,1.0,1.0,1.0,0.0,1.0,1.0,1.0,16.0,66.0,0.0
162816,Valipur,1242,191,203,263,0,54.42,22.822491730981255,0.16344605475040258,0.21175523349436393,0.0,0.0,0.0,0.0,0.0,0.0,0.0,1.0,1.0,0.0,0.0,0.0,1.0,0.0,0.0,0.0,1.0,1.0,1.0,0.0,0.0,0.0,1.0,1.0,19.0,69.0,0.0
162817,Madhopur Jagdispur,836,157,139,229,0,42.05,19.881093935790727,0.16626794258373206,0.27392344497607657,0.0,0.0,0.0,0.0,0.0,0.0,0.0,1.0,1.0,0.0,1.0,0.0,0.0,0.0,0.0,0.0,1.0,1.0,1.0,1.0,0.0,1.0,1.0,1.0,18.0,68.0,18.0
162818,Shukulpur,1000,113,176,386,0,50.96,19.623233908948194,0.176,0.386,0.0,0.0,1.0,0.0,0.0,0.0,0.0,1.0,1.0,0.0,0.0,0.0,1.0,0.0,1.0,0.0,1.0,1.0,1.0,1.0,0.0,1.0,1.0,1.0,17.0,67.0,67.0
162819,Shahpur,1403,213,279,96,0,65.93,21.28014560897922,0.19885958660014255,0.0684248039914469,0.0,0.0,0.0,0.0,0.0,0.0,0.0,1.0,1.0,1.0,1.0,0.0,0.0,0.0,0.0,0.0,0.0,0.0,1.0,0.0,0.0,1.0,1.0,1.0,22.0,70.0,0.0
162820,Chilara,859,262,142,168,0,54.63,15.723961193483433,0.16530849825378346,0.19557625145518046,0.0,0.0,0.0,0.0,0.0,0.0,0.0,1.0,1.0,1.0,1.0,0.0,0.0,0.0,1.0,0.0,1.0,1.0,1.0,1.0,0.0,0.0,1.0,1.0,18.0,68.0,0.0
162821,Prabhopur,260,47,43,0,0,8.02,32.418952618453865,0.16538461538461538,0.0,0.0,0.0,0.0,0.0,0.0,0.0,0.0,1.0,1.0,1.0,1.0,0.0,1.0,0.0,1.0,0.0,1.0,1.0,1.0,1.0,0.0,0.0,0.0,1.0,18.0,67.0,18.0
162822,Keshaw Rampur,1687,260,290,559,0,37.0,45.5945945945946,0.17190278601066983,0.33135743924125666,0.0,0.0,0.0,0.0,0.0,0.0,0.0,1.0,1.0,0.0,1.0,0.0,1.0,0.0,0.0,0.0,1.0,1.0,1.0,1.0,0.0,0.0,1.0,1.0,16.0,66.0,0.0
162823,Ramaduttapur,884,143,159,296,0,39.3,22.493638676844785,0.17986425339366516,0.334841628959276,0.0,0.0,0.0,0.0,0.0,0.0,0.0,1.0,1.0,0.0,1.0,0.0,0.0,0.0,0.0,0.0,1.0,1.0,1.0,1.0,0.0,1.0,1.0,1.0,15.0,65.0,15.0
162824,Dhowaha,4641,643,785,365,0,159.47,29.10265253652725,0.1691445809092868,0.0786468433527257,0.0,0.0,0.0,0.0,0.0,0.0,0.0,1.0,1.0,0.0,1.0,0.0,0.0,0.0,1.0,0.0,0.0,1.0,1.0,1.0,0.0,1.0,1.0,1.0,15.0,52.0,0.0
162825,Sarai,313,39,41,0,0,41.48,7.545805207328834,0.13099041533546327,0.0,0.0,0.0,0.0,0.0,0.0,0.0,0.0,1.0,1.0,1.0,0.0,0.0,1.0,0.0,0.0,0.0,1.0,0.0,1.0,1.0,0.0,0.0,0.0,1.0,16.0,56.0,56.0
162826,Gaila,0,0,0,0,0,6.55,0.0,,,,,,,,,,,,,,,,,,,,,,,,,,,16.0,56.0,56.0
162827,Chak Shubansh,253,29,54,0,0,26.55,9.529190207156308,0.2134387351778656,0.0,0.0,0.0,0.0,0.0,0.0,0.0,0.0,1.0,1.0,1.0,1.0,0.0,1.0,0.0,0.0,0.0,0.0,0.0,1.0,0.0,0.0,0.0,0.0,1.0,16.0,61.0,0.0
162828,Virapur Dhowaha,1341,250,180,127,0,62.52,21.449136276391553,0.1342281879194631,0.0947054436987323,0.0,0.0,0.0,0.0,0.0,0.0,0.0,1.0,1.0,0.0,0.0,0.0,0.0,0.0,1.0,1.0,1.0,0.0,1.0,0.0,0.0,1.0,1.0,1.0,15.0,60.0,0.0
162829,Kagapur,1727,260,275,207,0,100.28,17.221779018747508,0.1592356687898089,0.11986103068905617,0.0,0.0,0.0,0.0,0.0,0.0,0.0,1.0,1.0,1.0,0.0,0.0,0.0,1.0,1.0,1.0,1.0,0.0,1.0,1.0,0.0,1.0,1.0,1.0,13.0,58.0,0.0
162830,Dhana Gaiya,1470,168,277,46,0,148.53,9.896990506968288,0.18843537414965986,0.031292517006802724,0.0,0.0,0.0,0.0,0.0,0.0,0.0,1.0,0.0,1.0,1.0,1.0,1.0,0.0,1.0,1.0,0.0,1.0,1.0,1.0,0.0,1.0,1.0,1.0,15.0,52.0,0.0
162831,Bhagauttipur,2672,345,550,95,0,147.33,18.136156926627297,0.2058383233532934,0.035553892215568865,0.0,0.0,0.0,0.0,0.0,0.0,0.0,1.0,0.0,0.0,0.0,0.0,0.0,0.0,1.0,0.0,0.0,0.0,1.0,1.0,1.0,1.0,1.0,1.0,15.0,52.0,0.0
162832,Purai,0,0,0,0,0,55.07,0.0,,,,,,,,,,,,,,,,,,,,,,,,,,,10.0,50.0,0.0
162833,Karari Bhadaili,2532,422,418,462,0,267.02,9.482435772601304,0.165086887835703,0.18246445497630331,0.0,0.0,0.0,0.0,0.0,0.0,0.0,1.0,1.0,0.0,1.0,0.0,1.0,0.0,0.0,0.0,1.0,0.0,1.0,0.0,0.0,0.0,1.0,1.0,7.0,44.0,0.0
162834,Bhawapur,367,73,52,161,0,24.07,15.247195679268799,0.14168937329700274,0.43869209809264303,0.0,0.0,0.0,0.0,0.0,0.0,0.0,1.0,1.0,0.0,0.0,0.0,1.0,0.0,0.0,0.0,0.0,1.0,1.0,0.0,0.0,1.0,1.0,1.0,12.0,50.0,0.0
162835,Lokamanpur,1002,101,179,88,0,107.78,9.296715531638522,0.17864271457085829,0.08782435129740519,0.0,0.0,0.0,0.0,0.0,0.0,0.0,1.0,1.0,0.0,1.0,0.0,1.0,0.0,0.0,0.0,0.0,0.0,1.0,0.0,0.0,1.0,1.0,1.0,10.0,47.0,0.0
162836,Bakhtiyara,1419,208,198,450,0,148.1,9.581363943281566,0.13953488372093023,0.3171247357293869,0.0,0.0,0.0,0.0,0.0,0.0,0.0,1.0,1.0,1.0,1.0,0.0,1.0,0.0,0.0,0.0,0.0,0.0,1.0,0.0,0.0,1.0,1.0,1.0,13.0,51.0,0.0
162837,Madhopur Siya Dih,1144,129,177,171,0,360.0,3.1777777777777776,0.1547202797202797,0.14947552447552448,0.0,0.0,0.0,0.0,0.0,0.0,0.0,1.0,1.0,0.0,1.0,0.0,1.0,0.0,0.0,0.0,0.0,0.0,1.0,0.0,0.0,1.0,1.0,1.0,13.0,51.0,11.0
162838,Shakhraura,723,120,109,153,0,360.0,2.0083333333333333,0.1507607192254495,0.21161825726141079,0.0,0.0,0.0,0.0,0.0,0.0,0.0,1.0,1.0,0.0,0.0,0.0,0.0,0.0,0.0,0.0,0.0,0.0,1.0,0.0,0.0,1.0,1.0,1.0,14.0,51.0,51.0
162839,Pure Sukhaw,150,27,20,0,0,8.92,16.816143497757846,0.13333333333333333,0.0,0.0,0.0,0.0,0.0,0.0,0.0,0.0,1.0,1.0,0.0,0.0,0.0,1.0,0.0,0.0,0.0,1.0,0.0,1.0,1.0,0.0,0.0,1.0,0.0,13.0,51.0,51.0
162840,Bhui,2974,411,580,317,0,138.57,21.462076928628132,0.19502353732347008,0.10659045057162071,0.0,0.0,,0.0,0.0,0.0,0.0,1.0,0.0,0.0,0.0,0.0,1.0,0.0,1.0,1.0,1.0,1.0,1.0,0.0,0.0,1.0,1.0,1.0,14.0,51.0,0.0
162841,Jalalpur,1603,381,276,605,0,5.5,291.45454545454544,0.17217716781035558,0.37741734248284464,0.0,0.0,0.0,0.0,0.0,0.0,0.0,1.0,1.0,0.0,0.0,0.0,1.0,0.0,0.0,1.0,1.0,1.0,1.0,0.0,0.0,1.0,1.0,1.0,14.0,53.0,53.0
162842,Gaharpur Siya Dih,491,82,100,0,0,73.05,6.721423682409309,0.20366598778004075,0.0,0.0,0.0,0.0,0.0,0.0,0.0,0.0,1.0,1.0,0.0,1.0,0.0,1.0,0.0,1.0,1.0,1.0,1.0,1.0,0.0,0.0,1.0,1.0,1.0,16.0,61.0,61.0
162843,Pure Kanta,1247,182,187,202,0,49.2,25.34552845528455,0.14995990376904572,0.1619887730553328,0.0,0.0,0.0,0.0,0.0,0.0,0.0,1.0,1.0,0.0,1.0,0.0,0.0,0.0,1.0,0.0,0.0,1.0,0.0,0.0,0.0,1.0,1.0,1.0,12.0,54.0,0.0
162844,Malla,49,7,8,31,0,20.11,2.4365987071108903,0.16326530612244897,0.6326530612244898,0.0,0.0,0.0,0.0,0.0,0.0,0.0,1.0,1.0,0.0,0.0,0.0,0.0,0.0,0.0,0.0,1.0,1.0,0.0,1.0,0.0,0.0,1.0,0.0,12.0,54.0,0.0
162845,Pure Upadyay,196,24,39,10,0,28.15,6.962699822380107,0.1989795918367347,0.05102040816326531,0.0,0.0,0.0,0.0,0.0,0.0,0.0,1.0,1.0,1.0,1.0,0.0,0.0,0.0,0.0,0.0,1.0,1.0,0.0,0.0,0.0,1.0,0.0,0.0,12.0,54.0,0.0
162846,Arav,1109,153,214,390,0,83.47,13.286210614592068,0.19296663660955815,0.35166816952209196,0.0,0.0,0.0,0.0,0.0,0.0,0.0,1.0,1.0,0.0,0.0,0.0,0.0,0.0,1.0,1.0,1.0,1.0,1.0,0.0,0.0,1.0,1.0,1.0,12.0,57.0,0.0
162847,Devataiya,840,88,135,307,0,42.51,19.760056457304163,0.16071428571428573,0.36547619047619045,0.0,0.0,1.0,0.0,0.0,0.0,0.0,1.0,1.0,0.0,0.0,0.0,0.0,0.0,0.0,1.0,1.0,1.0,1.0,0.0,0.0,1.0,1.0,1.0,13.0,58.0,0.0
162848,Uanakat,1353,220,201,213,0,145.01,9.330391007516724,0.14855875831485588,0.1574279379157428,0.0,0.0,0.0,0.0,0.0,0.0,0.0,1.0,1.0,1.0,1.0,0.0,0.0,0.0,0.0,1.0,1.0,1.0,0.0,1.0,0.0,0.0,1.0,1.0,11.0,53.0,0.0
162849,Kushaha,39,5,8,0,0,4.5,8.666666666666666,0.20512820512820512,0.0,0.0,0.0,0.0,0.0,0.0,0.0,0.0,1.0,1.0,0.0,1.0,0.0,0.0,0.0,0.0,0.0,1.0,0.0,1.0,0.0,0.0,1.0,1.0,1.0,13.0,51.0,51.0
162850,Bharauti,901,130,132,118,0,94.06,9.578992132681266,0.146503884572697,0.1309655937846837,0.0,0.0,0.0,0.0,0.0,0.0,0.0,1.0,0.0,0.0,0.0,0.0,0.0,0.0,0.0,0.0,1.0,1.0,1.0,0.0,0.0,1.0,0.0,1.0,26.0,35.0,0.0
162851,Haibatpur,829,145,136,171,0,98.89,8.38305187582162,0.1640530759951749,0.20627261761158022,0.0,0.0,0.0,0.0,0.0,0.0,0.0,1.0,0.0,0.0,1.0,0.0,0.0,0.0,0.0,0.0,1.0,1.0,1.0,1.0,0.0,1.0,1.0,1.0,25.0,35.0,0.0
162852,Saraya Mand,457,65,66,17,0,78.33,5.834290820885995,0.14442013129102846,0.037199124726477024,0.0,0.0,0.0,0.0,0.0,0.0,0.0,1.0,0.0,0.0,1.0,0.0,0.0,0.0,0.0,0.0,1.0,1.0,0.0,1.0,0.0,0.0,1.0,0.0,25.0,35.0,0.0
162853,Ajehara,981,164,182,121,0,71.72,13.6781929726715,0.18552497451580022,0.12334352701325178,0.0,0.0,0.0,0.0,0.0,0.0,0.0,1.0,1.0,1.0,1.0,0.0,0.0,0.0,0.0,0.0,0.0,1.0,1.0,0.0,0.0,1.0,1.0,1.0,30.0,42.0,0.0
162854,Malethuwa,4664,777,815,1478,0,658.33,7.084592833381435,0.17474271012006862,0.31689536878216124,0.0,0.0,0.0,0.0,0.0,0.0,0.0,1.0,1.0,0.0,1.0,1.0,0.0,0.0,0.0,0.0,1.0,1.0,1.0,1.0,0.0,0.0,0.0,1.0,25.0,35.0,0.0
162855,Sithauli,4903,717,769,670,15,409.75,11.965832824893228,0.1568427493371405,0.13665102998164388,0.00305935141749949,0.0,0.0,0.0,0.0,0.0,0.0,1.0,1.0,0.0,1.0,0.0,1.0,0.0,0.0,0.0,1.0,1.0,1.0,1.0,0.0,1.0,1.0,1.0,25.0,40.0,5.0
162856,Akabarpur Miyanpatti,30,4,3,0,0,13.97,2.147458840372226,0.1,0.0,0.0,0.0,0.0,0.0,0.0,0.0,0.0,1.0,1.0,0.0,0.0,0.0,1.0,0.0,0.0,0.0,0.0,0.0,1.0,0.0,0.0,0.0,1.0,1.0,25.0,41.0,6.0
162857,Salehpur,280,38,48,8,0,32.0,8.75,0.17142857142857143,0.02857142857142857,0.0,0.0,0.0,0.0,0.0,0.0,0.0,1.0,1.0,0.0,1.0,0.0,1.0,0.0,0.0,0.0,0.0,1.0,0.0,1.0,1.0,0.0,1.0,1.0,45.0,45.0,45.0
162858,Sarkuddinpur,460,75,69,107,0,45.98,10.004349717268378,0.15,0.2326086956521739,0.0,0.0,0.0,0.0,0.0,0.0,0.0,1.0,1.0,1.0,0.0,0.0,0.0,0.0,0.0,0.0,1.0,0.0,1.0,0.0,0.0,1.0,0.0,1.0,40.0,34.0,40.0
162859,Jayantipur,6,1,0,0,0,22.41,0.2677376171352075,0.0,0.0,0.0,0.0,0.0,0.0,0.0,0.0,0.0,1.0,0.0,0.0,1.0,0.0,0.0,0.0,0.0,0.0,0.0,1.0,1.0,1.0,0.0,0.0,0.0,0.0,25.0,27.0,0.0
162860,Shekhpur,122,20,27,41,0,52.84,2.3088569265707797,0.22131147540983606,0.3360655737704918,0.0,0.0,0.0,0.0,0.0,0.0,0.0,1.0,1.0,0.0,1.0,0.0,0.0,0.0,0.0,0.0,0.0,0.0,1.0,0.0,0.0,1.0,0.0,1.0,40.0,34.0,40.0
162861,Sawaran,1654,257,274,323,0,127.98,12.923894358493515,0.1656590084643289,0.19528415961305925,0.0,0.0,0.0,0.0,0.0,0.0,0.0,1.0,0.0,0.0,1.0,0.0,0.0,0.0,0.0,0.0,1.0,0.0,1.0,0.0,0.0,1.0,1.0,1.0,40.0,6.0,40.0
162862,Jalalpur Kasba,5986,1230,985,496,0,445.2,13.44564240790656,0.16455061810892083,0.0828600066822586,0.0,0.0,0.0,0.0,0.0,0.0,0.0,0.0,0.0,0.0,0.0,0.0,1.0,0.0,0.0,0.0,1.0,1.0,0.0,1.0,1.0,1.0,1.0,1.0,45.0,45.0,45.0
162863,Babuwapur,524,78,83,68,0,6.58,79.63525835866261,0.15839694656488548,0.1297709923664122,0.0,0.0,0.0,0.0,0.0,0.0,0.0,1.0,1.0,0.0,1.0,0.0,0.0,0.0,0.0,0.0,1.0,1.0,1.0,1.0,1.0,1.0,1.0,1.0,45.0,45.0,45.0
162864,Manipur,1003,136,170,340,0,225.06,4.456589353950058,0.1694915254237288,0.3389830508474576,0.0,0.0,0.0,0.0,0.0,0.0,0.0,1.0,1.0,0.0,1.0,0.0,0.0,0.0,0.0,0.0,1.0,1.0,0.0,1.0,1.0,0.0,1.0,1.0,45.0,45.0,45.0
162865,Nekanamepur,881,150,179,73,0,128.89,6.835285902707736,0.20317820658342792,0.08286038592508513,0.0,0.0,0.0,0.0,0.0,0.0,0.0,1.0,1.0,1.0,0.0,0.0,1.0,0.0,0.0,0.0,1.0,1.0,0.0,1.0,1.0,1.0,1.0,1.0,45.0,45.0,45.0
162866,Muhiuddinpur,645,104,152,450,0,84.1,7.669441141498217,0.23565891472868217,0.6976744186046512,0.0,0.0,0.0,0.0,0.0,0.0,0.0,1.0,0.0,0.0,0.0,0.0,1.0,0.0,0.0,0.0,1.0,0.0,1.0,0.0,0.0,0.0,1.0,1.0,40.0,34.0,40.0
162867,Bargaon,1246,200,195,639,0,112.44,11.081465670579865,0.1565008025682183,0.5128410914927769,0.0,0.0,0.0,0.0,0.0,0.0,0.0,1.0,1.0,0.0,0.0,0.0,1.0,0.0,0.0,0.0,1.0,1.0,1.0,0.0,0.0,1.0,1.0,1.0,13.0,30.0,1.0
162868,Naraharpur,964,215,174,273,0,59.68,16.152815013404826,0.18049792531120332,0.28319502074688796,0.0,0.0,0.0,0.0,0.0,0.0,0.0,1.0,1.0,0.0,0.0,0.0,1.0,0.0,0.0,0.0,1.0,1.0,1.0,1.0,0.0,1.0,1.0,1.0,15.0,30.0,0.0
162869,Hasanpur Mutafarka,1181,194,199,181,0,322.68,3.659972728399653,0.1685012701100762,0.15325994919559696,0.0,0.0,0.0,0.0,0.0,0.0,0.0,1.0,1.0,1.0,0.0,0.0,1.0,0.0,0.0,0.0,1.0,1.0,0.0,1.0,1.0,1.0,1.0,1.0,45.0,45.0,45.0
162870,Khairuddinpur,142,25,28,78,0,31.51,4.506505871152015,0.19718309859154928,0.5492957746478874,0.0,0.0,0.0,0.0,0.0,0.0,0.0,1.0,1.0,1.0,1.0,0.0,1.0,0.0,0.0,0.0,1.0,1.0,1.0,0.0,0.0,1.0,1.0,1.0,25.0,50.0,25.0
162871,Sarai Ismail,3889,581,679,956,0,758.63,5.126346176660559,0.17459501157109797,0.24582154795577268,0.0,0.0,0.0,0.0,0.0,0.0,0.0,1.0,1.0,0.0,0.0,0.0,1.0,0.0,0.0,0.0,1.0,1.0,1.0,1.0,0.0,1.0,1.0,1.0,14.0,0.0,0.0
162872,Miyan Patti,1975,304,322,400,0,108.35,18.227964928472545,0.1630379746835443,0.20253164556962025,0.0,0.0,0.0,0.0,0.0,0.0,0.0,1.0,1.0,0.0,0.0,0.0,1.0,0.0,0.0,0.0,1.0,1.0,1.0,0.0,0.0,1.0,1.0,1.0,27.0,38.0,3.0
162873,Dhurrwan,1565,255,279,328,0,193.52,8.087019429516328,0.17827476038338658,0.2095846645367412,0.0,0.0,0.0,0.0,0.0,0.0,0.0,1.0,0.0,0.0,0.0,0.0,0.0,0.0,0.0,0.0,1.0,1.0,1.0,0.0,0.0,1.0,1.0,1.0,14.0,35.0,0.0
162874,Gulchapa,2026,327,373,665,0,293.52,6.902425729081494,0.184106614017769,0.3282329713721619,0.0,0.0,0.0,0.0,0.0,0.0,0.0,1.0,1.0,1.0,1.0,1.0,1.0,0.0,0.0,0.0,1.0,1.0,1.0,0.0,0.0,1.0,1.0,1.0,14.0,35.0,0.0
162875,Chandopara,2629,360,393,533,0,865.56,3.0373399879846574,0.14948649676683148,0.20273868391023203,0.0,0.0,0.0,0.0,0.0,0.0,0.0,1.0,0.0,0.0,1.0,0.0,0.0,0.0,0.0,0.0,1.0,1.0,1.0,0.0,0.0,1.0,1.0,0.0,13.0,37.0,0.0
162876,Chaturbhojpoor,1747,279,214,389,0,94.79,18.430214157611562,0.12249570692615913,0.22266742987979393,0.0,0.0,0.0,0.0,0.0,0.0,0.0,1.0,1.0,0.0,0.0,0.0,0.0,0.0,0.0,0.0,1.0,1.0,0.0,0.0,0.0,1.0,1.0,1.0,14.0,35.0,0.0
162877,Jalalpur Chandopara,1212,173,184,406,0,115.69,10.47627279799464,0.15181518151815182,0.334983498349835,0.0,0.0,0.0,0.0,0.0,0.0,0.0,1.0,1.0,1.0,1.0,0.0,0.0,0.0,0.0,0.0,1.0,1.0,1.0,0.0,0.0,0.0,1.0,1.0,13.0,34.0,0.0
162878,Yakoobpur,914,144,155,213,0,79.54,11.491073673623333,0.16958424507658643,0.23304157549234136,0.0,0.0,0.0,0.0,0.0,0.0,0.0,1.0,1.0,0.0,1.0,0.0,1.0,0.0,0.0,0.0,1.0,1.0,1.0,0.0,1.0,1.0,1.0,1.0,12.0,38.0,0.0
162879,Mahuwa Kothi,1720,308,243,380,0,92.52,18.590575010808475,0.14127906976744187,0.22093023255813954,0.0,0.0,0.0,0.0,0.0,0.0,0.0,1.0,1.0,0.0,1.0,0.0,0.0,0.0,0.0,0.0,1.0,1.0,1.0,0.0,0.0,1.0,1.0,1.0,12.0,38.0,0.0
162880,Chakiya Chandopara,751,96,138,90,0,37.42,20.069481560662748,0.18375499334221038,0.11984021304926765,0.0,0.0,0.0,0.0,0.0,0.0,0.0,1.0,1.0,1.0,1.0,0.0,1.0,0.0,0.0,0.0,1.0,1.0,1.0,0.0,0.0,1.0,1.0,1.0,13.0,37.0,0.0
162881,Bhawanipur,1697,268,271,225,0,76.18,22.27618797584668,0.1596935769004125,0.13258691809074838,0.0,0.0,0.0,0.0,0.0,0.0,0.0,1.0,1.0,0.0,0.0,0.0,1.0,0.0,0.0,0.0,1.0,1.0,1.0,0.0,0.0,0.0,1.0,1.0,8.0,40.0,0.0
162882,Pattiram,1109,191,178,494,0,47.23,23.480838450137625,0.16050495942290352,0.4454463480613165,0.0,0.0,0.0,0.0,0.0,0.0,0.0,1.0,1.0,0.0,1.0,0.0,1.0,0.0,0.0,0.0,1.0,1.0,1.0,0.0,0.0,0.0,1.0,0.0,8.0,40.0,0.0
162883,Sanda Barauna,1291,211,215,345,0,175.76,7.345243513882568,0.1665375677769171,0.26723470178156467,0.0,0.0,0.0,0.0,0.0,0.0,0.0,1.0,1.0,1.0,1.0,0.0,0.0,0.0,0.0,0.0,1.0,1.0,1.0,0.0,0.0,0.0,1.0,0.0,8.0,41.0,0.0
162884,Ara Kalan,5804,904,950,1260,0,990.62,5.85895701681775,0.16368022053756032,0.21709166092350105,0.0,0.0,0.0,0.0,0.0,0.0,0.0,1.0,1.0,1.0,0.0,1.0,1.0,1.0,0.0,0.0,1.0,1.0,1.0,0.0,0.0,1.0,1.0,1.0,16.0,35.0,35.0
162885,Bibiwari,195,26,41,0,0,35.3,5.524079320113315,0.21025641025641026,0.0,0.0,0.0,0.0,0.0,0.0,0.0,0.0,1.0,0.0,0.0,1.0,0.0,0.0,0.0,0.0,0.0,1.0,1.0,1.0,1.0,0.0,0.0,1.0,1.0,13.0,30.0,0.0
162886,Mahatikar,826,110,140,0,0,41.69,19.812904773326938,0.1694915254237288,0.0,0.0,0.0,0.0,0.0,0.0,0.0,0.0,1.0,1.0,1.0,0.0,0.0,0.0,0.0,0.0,0.0,1.0,1.0,1.0,0.0,0.0,0.0,1.0,1.0,8.0,40.0,0.0
162887,Nanda Patti,284,50,46,104,0,32.42,8.760024676125848,0.1619718309859155,0.36619718309859156,0.0,0.0,0.0,0.0,0.0,0.0,0.0,1.0,0.0,0.0,1.0,0.0,0.0,0.0,0.0,0.0,1.0,1.0,1.0,0.0,0.0,0.0,1.0,0.0,8.0,41.0,0.0
162888,Balipur,818,130,132,184,0,33.91,24.122677676201715,0.16136919315403422,0.22493887530562348,0.0,0.0,0.0,0.0,0.0,0.0,0.0,1.0,1.0,0.0,0.0,0.0,1.0,0.0,0.0,0.0,0.0,0.0,1.0,0.0,0.0,1.0,1.0,1.0,12.0,30.0,0.0
162889,Usmapur,585,81,131,65,0,47.65,12.277019937040924,0.22393162393162394,0.1111111111111111,0.0,0.0,0.0,0.0,0.0,0.0,0.0,1.0,1.0,0.0,0.0,0.0,1.0,0.0,0.0,0.0,1.0,1.0,1.0,1.0,0.0,1.0,1.0,1.0,13.0,30.0,0.0
162890,Nagnathpur,402,52,58,0,0,37.57,10.700026616981635,0.14427860696517414,0.0,0.0,0.0,0.0,0.0,0.0,0.0,0.0,1.0,1.0,1.0,0.0,0.0,1.0,0.0,0.0,0.0,0.0,0.0,0.0,0.0,0.0,1.0,1.0,1.0,12.0,30.0,0.0
162891,Ghurepur,352,49,70,79,0,35.17,10.008529997156668,0.19886363636363635,0.22443181818181818,0.0,0.0,0.0,0.0,0.0,0.0,0.0,1.0,1.0,0.0,1.0,0.0,0.0,0.0,0.0,0.0,0.0,0.0,1.0,0.0,0.0,1.0,1.0,1.0,12.0,30.0,0.0
162892,Basgit,3159,506,500,816,0,170.96,18.478006551240057,0.15827793605571383,0.258309591642925,0.0,0.0,0.0,0.0,0.0,0.0,0.0,1.0,1.0,0.0,0.0,0.0,0.0,0.0,0.0,0.0,0.0,0.0,1.0,0.0,0.0,1.0,1.0,1.0,13.0,30.0,0.0
162893,Raniyadih,867,126,133,182,0,46.6,18.605150214592275,0.15340253748558247,0.209919261822376,0.0,0.0,0.0,0.0,0.0,0.0,0.0,1.0,1.0,0.0,0.0,0.0,1.0,0.0,0.0,0.0,1.0,0.0,1.0,0.0,0.0,0.0,1.0,1.0,15.0,3.0,0.0
162894,Antaraura Ta. Basagit,2400,352,367,658,0,168.32,14.258555133079849,0.15291666666666667,0.27416666666666667,0.0,0.0,0.0,0.0,0.0,0.0,0.0,1.0,1.0,1.0,0.0,0.0,1.0,0.0,0.0,0.0,1.0,1.0,1.0,1.0,0.0,1.0,1.0,1.0,15.0,35.0,0.0
162895,Maharupur,1431,193,283,101,0,61.05,23.43980343980344,0.19776380153738643,0.07058001397624039,0.0,0.0,0.0,0.0,0.0,0.0,0.0,1.0,1.0,0.0,0.0,0.0,1.0,0.0,0.0,0.0,0.0,0.0,1.0,1.0,0.0,0.0,1.0,1.0,15.0,36.0,0.0
162896,Inayat Patti,2425,348,365,354,0,143.74,16.87073883400584,0.15051546391752577,0.14597938144329897,0.0,0.0,0.0,0.0,0.0,0.0,0.0,0.0,0.0,0.0,0.0,0.0,1.0,0.0,0.0,1.0,1.0,1.0,0.0,1.0,1.0,1.0,1.0,1.0,14.0,35.0,0.0
162897,Dhoraha,831,146,150,171,0,67.43,12.323891442977901,0.18050541516245489,0.20577617328519857,0.0,0.0,0.0,0.0,0.0,0.0,0.0,1.0,1.0,1.0,1.0,0.0,1.0,0.0,0.0,0.0,1.0,1.0,1.0,1.0,0.0,0.0,1.0,1.0,14.0,35.0,0.0
162898,Nau Bazar,855,149,158,0,0,29.9,28.59531772575251,0.1847953216374269,0.0,0.0,0.0,0.0,0.0,0.0,0.0,0.0,1.0,0.0,0.0,0.0,0.0,0.0,0.0,0.0,0.0,1.0,1.0,1.0,0.0,0.0,1.0,1.0,0.0,9.0,38.0,0.0
162899,Saidaha Ta. Utaraw,699,106,102,214,0,71.34,9.798149705634987,0.1459227467811159,0.3061516452074392,0.0,0.0,0.0,0.0,0.0,0.0,0.0,1.0,1.0,0.0,0.0,0.0,0.0,0.0,0.0,0.0,0.0,1.0,1.0,0.0,0.0,0.0,0.0,1.0,15.0,38.0,0.0
162900,Dughara Ta. Utaraw,627,89,102,72,0,57.61,10.88352716542267,0.16267942583732056,0.11483253588516747,0.0,0.0,0.0,0.0,0.0,0.0,0.0,1.0,1.0,0.0,0.0,0.0,1.0,0.0,0.0,0.0,0.0,0.0,1.0,1.0,1.0,1.0,0.0,0.0,15.0,36.0,0.0
162901,Muohammadpur Ta. Utaraw,461,65,71,113,0,40.9,11.271393643031786,0.1540130151843818,0.24511930585683298,0.0,0.0,0.0,0.0,0.0,0.0,0.0,1.0,1.0,0.0,0.0,0.0,1.0,0.0,0.0,0.0,1.0,1.0,1.0,0.0,0.0,1.0,1.0,1.0,9.0,38.0,0.0
162902,Karauha,997,176,186,579,0,40.9,24.376528117359413,0.18655967903711135,0.5807422266800402,0.0,0.0,0.0,0.0,0.0,0.0,0.0,1.0,1.0,0.0,0.0,0.0,0.0,0.0,0.0,0.0,1.0,1.0,1.0,0.0,0.0,1.0,1.0,1.0,8.0,37.0,0.0
162903,Navali,461,79,82,104,0,223.68,2.0609799713876966,0.17787418655097614,0.22559652928416485,0.0,0.0,0.0,0.0,0.0,0.0,0.0,1.0,1.0,0.0,1.0,0.0,1.0,0.0,0.0,0.0,1.0,1.0,0.0,0.0,0.0,0.0,1.0,1.0,45.0,45.0,45.0
162904,Chak Jalil,359,60,63,37,0,229.9,1.5615484993475424,0.17548746518105848,0.10306406685236769,0.0,0.0,0.0,0.0,0.0,0.0,0.0,1.0,1.0,0.0,0.0,0.0,0.0,0.0,0.0,0.0,0.0,0.0,0.0,1.0,0.0,1.0,0.0,0.0,45.0,45.0,45.0
162905,Dholi,767,128,121,109,0,119.58,6.414116072921893,0.1577574967405476,0.1421121251629726,0.0,0.0,0.0,0.0,0.0,0.0,0.0,1.0,1.0,0.0,0.0,0.0,0.0,1.0,1.0,1.0,1.0,1.0,1.0,0.0,0.0,0.0,1.0,0.0,40.0,34.0,40.0
162906,Goaharpur Ta. Jalalpur,477,82,112,88,0,82.585,5.775867288248472,0.2348008385744235,0.18448637316561844,0.0,0.0,0.0,0.0,0.0,0.0,0.0,1.0,1.0,0.0,0.0,0.0,0.0,0.0,0.0,0.0,1.0,0.0,1.0,0.0,0.0,1.0,0.0,0.0,40.0,34.0,40.0
162907,Saidaha Jalalpur,718,118,104,422,0,427.77,1.6784720761156697,0.14484679665738162,0.5877437325905293,0.0,0.0,0.0,0.0,0.0,0.0,0.0,1.0,1.0,0.0,0.0,0.0,0.0,0.0,0.0,0.0,0.0,0.0,0.0,1.0,1.0,1.0,1.0,1.0,45.0,45.0,45.0
162908,Akabarpur Mugarason,588,90,87,433,0,305.06,1.9274896741624599,0.14795918367346939,0.7363945578231292,0.0,0.0,0.0,0.0,0.0,0.0,0.0,1.0,1.0,0.0,0.0,0.0,0.0,0.0,0.0,0.0,1.0,1.0,0.0,0.0,0.0,0.0,1.0,0.0,45.0,45.0,45.0
162909,Sindhora Parsottam,838,148,109,412,0,326.4,2.5674019607843137,0.13007159904534607,0.4916467780429594,0.0,0.0,0.0,0.0,0.0,0.0,0.0,1.0,0.0,0.0,0.0,0.0,0.0,0.0,0.0,0.0,0.0,0.0,0.0,0.0,0.0,1.0,1.0,1.0,45.0,45.0,45.0
162910,Chinitamanpur,306,54,43,59,0,339.04,0.9025483718735252,0.14052287581699346,0.19281045751633988,0.0,0.0,0.0,0.0,0.0,0.0,0.0,1.0,1.0,0.0,0.0,0.0,0.0,0.0,0.0,0.0,0.0,0.0,0.0,0.0,0.0,0.0,1.0,1.0,45.0,45.0,45.0
162911,Mugarson,2917,459,457,467,0,302.68,9.637240650191622,0.1566678093932122,0.16009598902982516,0.0,0.0,1.0,0.0,0.0,0.0,0.0,1.0,1.0,1.0,1.0,0.0,0.0,0.0,0.0,0.0,0.0,0.0,0.0,0.0,0.0,1.0,1.0,1.0,45.0,45.0,45.0
162912,Baranpur,952,165,153,155,0,302.68,3.145235892691952,0.16071428571428573,0.16281512605042017,0.0,0.0,0.0,0.0,0.0,0.0,0.0,1.0,1.0,1.0,0.0,0.0,0.0,0.0,0.0,0.0,1.0,1.0,0.0,0.0,0.0,1.0,1.0,1.0,45.0,45.0,45.0
162913,Shahpur,197,36,37,0,0,272.72,0.7223525960692284,0.18781725888324874,0.0,0.0,0.0,0.0,0.0,0.0,0.0,0.0,1.0,1.0,1.0,1.0,0.0,0.0,0.0,0.0,0.0,0.0,0.0,0.0,0.0,0.0,1.0,1.0,1.0,45.0,45.0,45.0
162914,Pyareypur,1622,219,321,410,0,332.68,4.875556089936275,0.19790382244143034,0.2527743526510481,0.0,0.0,0.0,0.0,0.0,0.0,0.0,1.0,1.0,0.0,0.0,0.0,1.0,0.0,0.0,0.0,0.0,0.0,0.0,0.0,0.0,1.0,1.0,1.0,45.0,45.0,45.0
162915,Salimpur Fatuha,602,116,87,315,0,60.04,10.026648900732845,0.14451827242524917,0.5232558139534884,0.0,0.0,0.0,0.0,0.0,0.0,0.0,1.0,1.0,0.0,0.0,0.0,0.0,0.0,0.0,0.0,0.0,0.0,1.0,1.0,0.0,1.0,1.0,1.0,20.0,19.0,20.0
162916,Miraipur,459,76,49,49,0,23.54,19.498725573491928,0.10675381263616558,0.10675381263616558,0.0,0.0,0.0,0.0,0.0,0.0,0.0,1.0,1.0,0.0,0.0,0.0,0.0,0.0,0.0,0.0,0.0,0.0,1.0,0.0,0.0,1.0,0.0,0.0,20.0,19.0,20.0
162917,Rasulpur Fatuha,296,39,41,0,0,35.89,8.24742268041237,0.13851351351351351,0.0,0.0,0.0,0.0,0.0,0.0,0.0,0.0,1.0,0.0,0.0,0.0,0.0,1.0,0.0,0.0,0.0,0.0,0.0,1.0,0.0,0.0,0.0,1.0,1.0,25.0,25.0,0.0
162918,Fatuha,7311,1064,1354,1686,0,143.66,50.890992621467355,0.18520038298454383,0.2306114074681986,0.0,,0.0,0.0,0.0,0.0,0.0,1.0,0.0,0.0,0.0,0.0,0.0,0.0,0.0,0.0,0.0,0.0,1.0,0.0,0.0,1.0,1.0,1.0,25.0,25.0,0.0
162919,Kajipur Fatuha,206,33,28,0,0,36.85,5.59023066485753,0.13592233009708737,0.0,0.0,0.0,0.0,0.0,0.0,0.0,0.0,1.0,1.0,0.0,0.0,0.0,0.0,0.0,0.0,1.0,1.0,0.0,1.0,0.0,0.0,0.0,1.0,1.0,25.0,25.0,0.0
162920,Foolaha Urf Rasulaha,422,61,65,215,0,24.14,17.48135874067937,0.15402843601895735,0.509478672985782,0.0,0.0,0.0,0.0,0.0,0.0,0.0,1.0,1.0,1.0,1.0,0.0,1.0,0.0,0.0,0.0,0.0,0.0,0.0,0.0,0.0,0.0,1.0,1.0,25.0,25.0,0.0
162921,Chak Azam,366,63,78,286,0,11.21,32.64942016057092,0.21311475409836064,0.7814207650273224,0.0,0.0,0.0,0.0,0.0,0.0,0.0,1.0,1.0,1.0,1.0,0.0,1.0,0.0,0.0,0.0,0.0,0.0,1.0,0.0,1.0,1.0,0.0,1.0,19.0,19.0,1.0
162922,Kahara,4733,700,899,1518,0,129.27,36.61329001315077,0.18994295372913586,0.32072681174730616,0.0,0.0,0.0,0.0,0.0,0.0,0.0,1.0,1.0,1.0,1.0,0.0,0.0,0.0,0.0,0.0,0.0,1.0,0.0,0.0,0.0,1.0,1.0,1.0,20.0,19.0,20.0
162923,Chak Sikandara,886,145,105,461,0,136.01,6.5142268950812445,0.11851015801354402,0.5203160270880361,0.0,0.0,0.0,0.0,0.0,0.0,0.0,1.0,1.0,0.0,1.0,0.0,0.0,0.0,0.0,0.0,1.0,1.0,0.0,1.0,1.0,1.0,1.0,0.0,45.0,45.0,45.0
162924,Parsottampur,1932,308,277,750,0,145.75,13.25557461406518,0.14337474120082816,0.38819875776397517,0.0,0.0,0.0,0.0,0.0,0.0,0.0,1.0,1.0,0.0,1.0,0.0,0.0,0.0,0.0,0.0,1.0,1.0,1.0,0.0,0.0,1.0,1.0,1.0,19.0,20.0,19.0
162925,Muinuddinpur,1064,219,130,117,0,104.03,10.227818898394693,0.12218045112781954,0.1099624060150376,0.0,0.0,0.0,0.0,0.0,0.0,0.0,1.0,1.0,0.0,1.0,0.0,0.0,0.0,0.0,0.0,0.0,0.0,1.0,0.0,0.0,1.0,1.0,1.0,20.0,20.0,20.0
162926,Tikari,1652,262,250,217,0,55.36,29.841040462427745,0.1513317191283293,0.13135593220338984,0.0,0.0,0.0,0.0,0.0,0.0,0.0,1.0,0.0,1.0,0.0,0.0,1.0,0.0,0.0,0.0,1.0,1.0,1.0,0.0,0.0,1.0,1.0,1.0,20.0,20.0,20.0
162927,Sahabajpur Khas,1203,194,180,151,0,82.17,14.640379700620665,0.14962593516209477,0.1255195344970906,0.0,0.0,0.0,0.0,0.0,0.0,0.0,1.0,1.0,0.0,1.0,0.0,0.0,0.0,0.0,0.0,1.0,1.0,1.0,1.0,0.0,1.0,1.0,1.0,16.0,31.0,0.0
162928,Saryan Yusuf,1438,240,282,601,0,124.72,11.529826812059012,0.19610570236439498,0.4179415855354659,0.0,0.0,0.0,0.0,0.0,0.0,0.0,1.0,1.0,1.0,0.0,0.0,0.0,0.0,0.0,0.0,0.0,0.0,1.0,0.0,0.0,0.0,1.0,1.0,16.0,31.0,0.0
162929,Motiha,2894,453,555,790,0,193.34,14.96844936381504,0.19177608845888044,0.27297857636489287,0.0,0.0,1.0,0.0,0.0,0.0,0.0,1.0,1.0,0.0,0.0,0.0,0.0,0.0,0.0,0.0,0.0,0.0,1.0,0.0,0.0,1.0,1.0,1.0,15.0,35.0,0.0
162930,Birahimpur,203,27,33,0,0,45.97,4.415923428322819,0.1625615763546798,0.0,0.0,0.0,0.0,0.0,0.0,0.0,0.0,1.0,1.0,0.0,0.0,0.0,0.0,0.0,0.0,0.0,1.0,0.0,1.0,0.0,0.0,1.0,1.0,1.0,15.0,35.0,0.0
162931,Pakari,1872,260,301,63,0,91.46,20.467964137327794,0.1607905982905983,0.03365384615384615,0.0,0.0,0.0,0.0,0.0,0.0,0.0,1.0,1.0,0.0,1.0,0.0,0.0,0.0,0.0,0.0,0.0,0.0,1.0,1.0,0.0,1.0,0.0,1.0,0.0,0.0,0.0
162932,Barauna,2586,517,499,1152,0,211.82,12.208478897176848,0.19296210363495747,0.44547563805104406,0.0,0.0,0.0,0.0,0.0,0.0,0.0,1.0,1.0,0.0,1.0,0.0,0.0,0.0,0.0,0.0,0.0,0.0,1.0,0.0,0.0,1.0,1.0,1.0,19.0,23.0,19.0
162933,Barethi,6487,1163,951,1583,0,276.63,23.450095795828364,0.1466008940958841,0.24402651456759672,0.0,0.0,0.0,0.0,0.0,0.0,0.0,1.0,1.0,0.0,0.0,0.0,0.0,0.0,0.0,0.0,0.0,0.0,1.0,0.0,0.0,1.0,1.0,1.0,15.0,30.0,0.0
162934,Saidupur,411,73,91,88,0,91.1,4.51152579582876,0.22141119221411193,0.2141119221411192,0.0,0.0,0.0,0.0,0.0,0.0,0.0,1.0,0.0,0.0,1.0,,0.0,0.0,0.0,0.0,0.0,0.0,1.0,0.0,0.0,1.0,1.0,1.0,25.0,25.0,25.0
162935,Muntjibpur,1208,182,182,243,0,64.39,18.760677123776983,0.15066225165562913,0.201158940397351,0.0,0.0,0.0,0.0,0.0,0.0,0.0,1.0,1.0,1.0,0.0,0.0,0.0,0.0,0.0,0.0,1.0,0.0,1.0,0.0,0.0,1.0,1.0,0.0,25.0,25.0,0.0
162936,Chak Mujamil,597,98,91,491,0,38.53,15.494419932520113,0.152428810720268,0.8224455611390284,0.0,0.0,0.0,0.0,0.0,0.0,0.0,1.0,1.0,1.0,1.0,0.0,1.0,0.0,0.0,0.0,0.0,0.0,0.0,0.0,0.0,0.0,1.0,1.0,25.0,25.0,0.0
162937,Dadupur,1044,170,223,579,0,122.73,8.50647763383036,0.2136015325670498,0.5545977011494253,0.0,,0.0,0.0,0.0,0.0,0.0,1.0,1.0,0.0,1.0,0.0,0.0,0.0,0.0,0.0,1.0,1.0,0.0,1.0,0.0,1.0,1.0,1.0,20.0,22.0,20.0
162938,Doadhuya,1081,169,196,288,0,75.62,14.295160010579211,0.18131359851988899,0.2664199814986124,0.0,0.0,0.0,0.0,0.0,0.0,0.0,1.0,1.0,1.0,1.0,1.0,1.0,0.0,0.0,0.0,1.0,1.0,1.0,1.0,0.0,0.0,1.0,1.0,19.0,22.0,19.0
162939,Saray Bansi,1011,215,152,343,0,93.68,10.792058070025618,0.1503461918892186,0.33926805143422356,0.0,0.0,0.0,0.0,0.0,0.0,0.0,1.0,1.0,1.0,1.0,0.0,0.0,0.0,0.0,0.0,0.0,0.0,0.0,0.0,0.0,1.0,1.0,1.0,8.0,37.0,0.0
162940,Utarava,3440,682,513,499,0,33.8,101.77514792899409,0.1491279069767442,0.14505813953488372,0.0,0.0,0.0,0.0,0.0,0.0,0.0,1.0,1.0,0.0,0.0,0.0,1.0,0.0,0.0,0.0,0.0,0.0,1.0,0.0,0.0,1.0,1.0,1.0,9.0,38.0,0.0
162941,Poadan,1596,238,293,542,0,41.98,38.01810385898047,0.18358395989974938,0.33959899749373434,0.0,0.0,0.0,0.0,0.0,0.0,0.0,1.0,1.0,0.0,1.0,0.0,0.0,0.0,0.0,0.0,1.0,1.0,1.0,0.0,0.0,1.0,1.0,1.0,9.0,38.0,0.0
162942,Chabilaha,638,84,86,122,0,52.84,12.074186222558668,0.13479623824451412,0.19122257053291536,0.0,0.0,0.0,0.0,0.0,0.0,0.0,1.0,1.0,0.0,1.0,0.0,0.0,0.0,0.0,0.0,1.0,1.0,1.0,0.0,0.0,1.0,1.0,1.0,9.0,38.0,0.0
162943,Samodhipur,3764,529,618,637,0,240.8,15.631229235880397,0.16418703506907545,0.16923485653560041,0.0,0.0,0.0,0.0,0.0,0.0,0.0,1.0,1.0,0.0,0.0,0.0,0.0,0.0,0.0,0.0,0.0,0.0,1.0,0.0,0.0,1.0,1.0,1.0,9.0,38.0,0.0
162944,Pyagipur,1692,294,225,669,0,93.68,18.061485909479078,0.13297872340425532,0.3953900709219858,0.0,0.0,0.0,0.0,0.0,0.0,0.0,1.0,1.0,1.0,0.0,0.0,0.0,0.0,0.0,0.0,0.0,0.0,0.0,0.0,0.0,1.0,1.0,1.0,8.0,37.0,0.0
162945,Bhura,776,121,107,106,0,101.11,7.674809613292454,0.13788659793814434,0.13659793814432988,0.0,0.0,0.0,0.0,0.0,0.0,0.0,1.0,1.0,1.0,0.0,0.0,1.0,0.0,1.0,0.0,0.0,1.0,1.0,0.0,0.0,0.0,1.0,1.0,12.0,36.0,0.0
162946,Baldiha,1095,159,153,411,0,55.89,19.59205582393988,0.13972602739726028,0.37534246575342467,0.0,0.0,0.0,0.0,0.0,0.0,0.0,1.0,1.0,1.0,1.0,0.0,1.0,0.0,0.0,0.0,0.0,0.0,0.0,1.0,0.0,1.0,1.0,1.0,12.0,34.0,0.0
162947,Maksudna,1576,250,273,258,0,109.92,14.337700145560408,0.1732233502538071,0.16370558375634517,0.0,0.0,0.0,0.0,0.0,0.0,0.0,1.0,1.0,0.0,1.0,0.0,1.0,0.0,0.0,0.0,0.0,0.0,1.0,1.0,0.0,0.0,1.0,1.0,10.0,34.0,0.0
162948,Chaka,2399,354,380,596,0,115.84,20.70959944751381,0.15839933305543977,0.2484368486869529,0.0,0.0,0.0,0.0,0.0,0.0,0.0,1.0,1.0,1.0,0.0,0.0,1.0,0.0,0.0,0.0,0.0,0.0,1.0,1.0,0.0,1.0,0.0,1.0,8.0,35.0,0.0
162949,Dhansipur,1217,163,206,571,1,68.07,17.878654326428677,0.16926869350862778,0.4691865242399343,0.0008216926869350862,0.0,0.0,0.0,0.0,0.0,0.0,1.0,1.0,0.0,0.0,0.0,1.0,0.0,0.0,0.0,0.0,0.0,1.0,0.0,0.0,1.0,0.0,1.0,11.0,38.0,38.0
162950,Rehimpatti,1221,188,229,89,0,89.75,13.604456824512535,0.18755118755118755,0.0728910728910729,0.0,0.0,0.0,0.0,0.0,0.0,0.0,1.0,0.0,0.0,0.0,0.0,1.0,0.0,0.0,0.0,0.0,0.0,1.0,0.0,0.0,0.0,1.0,1.0,12.0,39.0,39.0
162951,Mardapur,2972,457,580,929,0,229.71,12.938052326846893,0.19515477792732167,0.31258411843876177,0.0,0.0,0.0,0.0,0.0,0.0,0.0,1.0,1.0,0.0,0.0,0.0,0.0,0.0,0.0,0.0,0.0,0.0,1.0,0.0,0.0,0.0,1.0,1.0,10.0,37.0,37.0
162952,Dewanipur,988,137,188,71,0,83.57,11.822424314945556,0.1902834008097166,0.07186234817813765,0.0,0.0,0.0,0.0,0.0,0.0,0.0,1.0,0.0,1.0,0.0,0.0,0.0,0.0,0.0,0.0,0.0,0.0,1.0,0.0,0.0,0.0,1.0,1.0,12.0,39.0,39.0
162953,Sujoala,849,123,136,48,0,78.32,10.840143003064352,0.160188457008245,0.05653710247349823,0.0,0.0,0.0,0.0,0.0,0.0,0.0,1.0,1.0,0.0,0.0,0.0,0.0,0.0,0.0,0.0,0.0,0.0,1.0,0.0,0.0,1.0,1.0,1.0,10.0,39.0,35.0
162954,Badhaya,718,118,111,0,0,190.25,3.773981603153745,0.15459610027855153,0.0,0.0,0.0,0.0,0.0,0.0,0.0,0.0,1.0,1.0,0.0,0.0,0.0,1.0,0.0,0.0,0.0,0.0,0.0,1.0,0.0,0.0,1.0,1.0,1.0,12.0,25.0,25.0
162955,Thulama,1211,212,154,351,0,110.91,10.918762960959336,0.12716763005780346,0.2898431048720066,0.0,0.0,1.0,0.0,0.0,0.0,0.0,1.0,1.0,0.0,0.0,0.0,1.0,0.0,0.0,0.0,1.0,0.0,1.0,0.0,0.0,0.0,0.0,0.0,5.0,30.0,30.0
162956,Dhudehri,964,122,136,53,0,61.46,15.68499837292548,0.14107883817427386,0.054979253112033194,0.0,0.0,0.0,0.0,0.0,0.0,0.0,1.0,1.0,0.0,0.0,0.0,0.0,0.0,0.0,0.0,1.0,0.0,1.0,0.0,0.0,0.0,0.0,0.0,5.0,30.0,30.0
162957,Benipur,1350,261,174,211,0,45.77,29.4953025999563,0.1288888888888889,0.1562962962962963,0.0,0.0,0.0,0.0,0.0,0.0,0.0,1.0,1.0,1.0,0.0,0.0,1.0,0.0,0.0,0.0,0.0,0.0,1.0,0.0,0.0,0.0,0.0,0.0,5.0,30.0,30.0
162958,Lilvar Asepur,184,28,25,6,0,31.72,5.800756620428752,0.1358695652173913,0.03260869565217391,0.0,0.0,0.0,0.0,0.0,0.0,0.0,1.0,1.0,0.0,1.0,,1.0,0.0,0.0,0.0,1.0,0.0,1.0,0.0,0.0,0.0,0.0,0.0,5.0,30.0,30.0
162959,Lilvar Bida,831,130,152,173,0,46.2,17.987012987012985,0.1829121540312876,0.20818291215403129,0.0,0.0,0.0,0.0,0.0,0.0,0.0,1.0,1.0,0.0,0.0,0.0,0.0,0.0,0.0,0.0,1.0,0.0,1.0,0.0,0.0,0.0,1.0,0.0,5.0,30.0,30.0
162960,Dhankeshra,699,131,99,301,0,56.79,12.308505018489171,0.14163090128755365,0.43061516452074394,0.0,0.0,0.0,0.0,0.0,0.0,0.0,1.0,1.0,0.0,0.0,1.0,0.0,0.0,0.0,0.0,1.0,0.0,1.0,0.0,0.0,0.0,0.0,0.0,5.0,30.0,30.0
162961,Oasepur,3259,486,477,831,0,119.59,27.25144242829668,0.14636391531144524,0.2549861920834612,0.0,0.0,0.0,0.0,0.0,0.0,0.0,0.0,0.0,0.0,0.0,0.0,1.0,0.0,0.0,0.0,0.0,0.0,1.0,0.0,0.0,0.0,1.0,0.0,12.0,25.0,25.0
162962,Jiratrameswhr,390,64,59,57,0,138.29,2.820160532214911,0.15128205128205127,0.14615384615384616,0.0,0.0,0.0,0.0,0.0,0.0,0.0,1.0,0.0,0.0,0.0,,1.0,1.0,1.0,1.0,1.0,1.0,1.0,0.0,0.0,0.0,0.0,1.0,12.0,25.0,25.0
162963,Chak Budh Bharati,349,54,41,0,0,22.02,15.849227974568574,0.1174785100286533,0.0,0.0,0.0,0.0,0.0,0.0,0.0,0.0,1.0,0.0,0.0,0.0,0.0,0.0,1.0,1.0,1.0,1.0,1.0,1.0,0.0,0.0,1.0,0.0,0.0,12.0,25.0,25.0
162964,Jamshedpur Urf Lalapur,2481,345,354,115,0,234.54,10.578152980301867,0.14268440145102781,0.046352277307537285,0.0,0.0,0.0,0.0,0.0,0.0,0.0,1.0,0.0,0.0,0.0,,1.0,0.0,0.0,0.0,1.0,1.0,1.0,1.0,0.0,1.0,1.0,0.0,20.0,25.0,25.0
162965,Patti Pawart,863,116,100,0,0,55.72,15.488155061019382,0.11587485515643106,0.0,0.0,0.0,0.0,0.0,0.0,0.0,0.0,1.0,1.0,1.0,1.0,0.0,1.0,0.0,0.0,0.0,0.0,1.0,1.0,1.0,0.0,1.0,1.0,1.0,25.0,16.0,16.0
162966,Sangram Patti,1587,259,242,422,0,68.29,23.239127251427732,0.15248897290485192,0.2659105229993699,0.0,0.0,0.0,0.0,0.0,0.0,0.0,1.0,1.0,0.0,0.0,0.0,1.0,0.0,0.0,1.0,1.0,0.0,1.0,1.0,0.0,1.0,1.0,1.0,14.0,25.0,25.0
162967,Sanraydasu Urf Haripur,2670,412,366,827,6,125.72,21.237671014953865,0.13707865168539327,0.3097378277153558,0.0022471910112359553,0.0,0.0,0.0,0.0,0.0,0.0,1.0,0.0,0.0,0.0,0.0,0.0,1.0,1.0,1.0,1.0,0.0,1.0,1.0,0.0,1.0,1.0,1.0,14.0,25.0,25.0
162968,Binda Chak Mukim,4185,613,563,757,0,146.32,28.60169491525424,0.13452807646356033,0.18088410991636797,0.0,0.0,0.0,0.0,0.0,0.0,0.0,1.0,1.0,0.0,0.0,0.0,1.0,1.0,1.0,0.0,1.0,1.0,1.0,0.0,0.0,1.0,1.0,1.0,10.0,30.0,0.0
162969,Bizhawaniya,1675,276,237,947,0,114.59,14.617331355266602,0.14149253731343284,0.5653731343283582,0.0,0.0,0.0,0.0,0.0,0.0,0.0,1.0,1.0,0.0,1.0,,1.0,0.0,0.0,0.0,1.0,1.0,1.0,0.0,0.0,0.0,0.0,1.0,13.0,30.0,0.0
162970,Bhadwan,2498,414,414,874,0,902.68,2.7673151061284176,0.16573258606885508,0.3498799039231385,0.0,0.0,0.0,0.0,0.0,0.0,0.0,1.0,1.0,0.0,1.0,0.0,0.0,0.0,0.0,0.0,0.0,1.0,0.0,1.0,0.0,0.0,0.0,0.0,10.0,55.0,0.0
162971,Anjana,4042,554,704,495,0,173.87,23.247253695289583,0.17417120237506184,0.12246412666996537,0.0,0.0,0.0,0.0,0.0,0.0,0.0,1.0,0.0,0.0,0.0,,1.0,0.0,0.0,0.0,0.0,0.0,1.0,1.0,0.0,1.0,0.0,1.0,8.0,32.0,0.0
162972,Hakim Patty,935,153,140,249,1,115.34,8.106467834229235,0.1497326203208556,0.2663101604278075,0.0010695187165775401,0.0,0.0,0.0,0.0,0.0,0.0,1.0,0.0,0.0,0.0,1.0,1.0,1.0,1.0,1.0,1.0,1.0,1.0,0.0,0.0,1.0,1.0,1.0,10.0,32.0,0.0
162973,Chak Bida Urf Saidabad,3279,472,470,195,0,97.69,33.565359811649095,0.14333638304361085,0.059469350411710885,0.0,1.0,,1.0,1.0,1.0,0.0,1.0,1.0,0.0,0.0,1.0,1.0,1.0,1.0,1.0,1.0,1.0,1.0,1.0,1.0,1.0,1.0,1.0,9.0,30.0,0.0
162974,Sarai Mansoor,1454,224,271,906,0,262.85,5.531672056305878,0.18638239339752408,0.6231086657496562,0.0,0.0,0.0,0.0,0.0,0.0,0.0,1.0,1.0,1.0,0.0,0.0,0.0,0.0,0.0,0.0,1.0,1.0,1.0,0.0,0.0,0.0,0.0,1.0,10.0,32.0,0.0
162975,Bajaha Mishran,4554,674,617,1111,0,228.4,19.938704028021014,0.1354852876592007,0.24396135265700483,0.0,0.0,0.0,0.0,0.0,0.0,0.0,1.0,1.0,1.0,0.0,0.0,0.0,0.0,0.0,0.0,1.0,1.0,1.0,0.0,0.0,1.0,0.0,1.0,12.0,34.0,0.0
162976,Badika,293,47,48,0,0,105.95,2.765455403492213,0.16382252559726962,0.0,0.0,0.0,0.0,0.0,0.0,0.0,0.0,1.0,0.0,0.0,0.0,0.0,0.0,0.0,0.0,0.0,1.0,1.0,1.0,1.0,0.0,1.0,1.0,1.0,15.0,42.0,0.0
162977,Ramipur,433,41,87,0,0,126.85,3.4134804887662593,0.20092378752886836,0.0,0.0,0.0,0.0,0.0,0.0,0.0,0.0,1.0,1.0,1.0,0.0,0.0,0.0,0.0,0.0,0.0,1.0,1.0,0.0,0.0,0.0,1.0,1.0,1.0,15.0,40.0,0.0
162978,Sarai Civil Urf Khapriya,2845,509,392,600,120,186.94,15.218786776505832,0.13778558875219685,0.210896309314587,0.0421792618629174,0.0,0.0,0.0,0.0,0.0,0.0,1.0,1.0,0.0,0.0,0.0,1.0,0.0,0.0,0.0,1.0,1.0,1.0,1.0,0.0,1.0,1.0,1.0,10.0,38.0,0.0
162979,Bigahiya,3402,459,479,447,0,144.74,23.504214453502833,0.14079952968841858,0.13139329805996472,0.0,0.0,1.0,0.0,0.0,0.0,0.0,1.0,1.0,0.0,0.0,0.0,1.0,0.0,0.0,0.0,1.0,1.0,1.0,1.0,0.0,1.0,1.0,1.0,12.0,42.0,0.0
162980,Dusaotii,4006,740,610,1514,0,100.21,39.9760502943818,0.15227159261108336,0.3779331003494758,0.0,0.0,0.0,0.0,0.0,0.0,0.0,0.0,0.0,0.0,0.0,0.0,1.0,1.0,1.0,1.0,1.0,1.0,1.0,0.0,1.0,1.0,1.0,1.0,81.0,32.0,0.0
162981,Mahuwa Diha,2936,428,437,680,2,229.51,12.792470916299944,0.14884196185286103,0.23160762942779292,0.0006811989100817438,0.0,0.0,0.0,0.0,0.0,0.0,1.0,1.0,0.0,0.0,0.0,1.0,0.0,1.0,1.0,1.0,1.0,0.0,0.0,0.0,1.0,1.0,1.0,9.0,33.0,0.0
162982,Paharpur,1300,212,209,244,0,79.94,16.262196647485613,0.16076923076923078,0.18769230769230769,0.0,0.0,0.0,0.0,0.0,0.0,0.0,1.0,1.0,0.0,0.0,1.0,1.0,0.0,0.0,1.0,1.0,1.0,1.0,0.0,0.0,0.0,0.0,1.0,10.0,35.0,0.0
162983,Avarata,1732,354,311,471,4,69.27,25.003609065973727,0.17956120092378752,0.2719399538106236,0.0023094688221709007,0.0,0.0,0.0,0.0,0.0,0.0,1.0,1.0,0.0,0.0,,1.0,0.0,0.0,1.0,1.0,1.0,1.0,0.0,0.0,0.0,0.0,1.0,11.0,33.0,0.0
162984,Amora,1990,327,337,767,0,137.05,14.520248084640642,0.16934673366834171,0.385427135678392,0.0,0.0,0.0,0.0,0.0,0.0,0.0,1.0,1.0,1.0,0.0,0.0,1.0,0.0,0.0,1.0,0.0,1.0,1.0,0.0,0.0,1.0,1.0,1.0,9.0,34.0,0.0
162985,Naga,144,20,20,0,0,83.4,1.7266187050359711,0.1388888888888889,0.0,0.0,0.0,0.0,0.0,0.0,0.0,0.0,1.0,1.0,1.0,0.0,0.0,0.0,0.0,0.0,0.0,0.0,1.0,0.0,0.0,0.0,1.0,0.0,0.0,9.0,34.0,0.0
162986,Raghupur,2009,316,319,692,0,110.91,18.11378595257416,0.15878546540567445,0.34444997511199604,0.0,0.0,0.0,0.0,0.0,0.0,0.0,1.0,1.0,0.0,0.0,0.0,1.0,0.0,0.0,0.0,1.0,1.0,1.0,0.0,0.0,1.0,1.0,0.0,4.0,33.0,0.0
162987,Bhiski,3228,454,511,1153,0,329.15,9.807078839434908,0.15830235439900867,0.35718711276332094,0.0,0.0,0.0,0.0,0.0,0.0,0.0,1.0,1.0,1.0,0.0,0.0,1.0,1.0,1.0,1.0,0.0,1.0,1.0,0.0,0.0,1.0,1.0,1.0,6.0,34.0,0.0
162988,Jalalpur Mardapur,1744,344,268,233,0,128.12,13.612238526381518,0.1536697247706422,0.13360091743119265,0.0,0.0,0.0,0.0,0.0,0.0,0.0,0.0,0.0,0.0,0.0,0.0,1.0,0.0,0.0,0.0,0.0,0.0,1.0,1.0,0.0,1.0,0.0,1.0,6.0,35.0,0.0
162989,Jogapur,1705,255,284,311,0,132.14,12.902981686090511,0.16656891495601173,0.18240469208211144,0.0,0.0,0.0,0.0,0.0,0.0,0.0,1.0,1.0,0.0,0.0,0.0,1.0,1.0,1.0,1.0,1.0,1.0,1.0,0.0,0.0,1.0,0.0,1.0,3.0,37.0,0.0
162990,Kusari,1031,164,140,161,0,134.83,7.646666172216865,0.13579049466537343,0.15615906886517944,0.0,0.0,0.0,0.0,0.0,0.0,0.0,1.0,1.0,0.0,0.0,0.0,1.0,1.0,1.0,1.0,1.0,1.0,1.0,1.0,0.0,1.0,1.0,1.0,4.0,36.0,0.0
162991,Ganeshipur Kachhar,0,0,0,0,0,549.93,0.0,,,,,,,,,,,,,,,,,,,,,,,,,,,14.0,37.0,0.0
162992,Ganeshipur Uperhar,4742,762,750,722,0,281.98,16.816795517412583,0.15816111345423872,0.15225643188528049,0.0,0.0,0.0,0.0,0.0,0.0,0.0,1.0,1.0,1.0,1.0,1.0,1.0,0.0,0.0,0.0,0.0,0.0,1.0,1.0,0.0,1.0,1.0,1.0,14.0,37.0,0.0
162993,Biyour,2604,502,426,196,0,228.96,11.373165618448636,0.16359447004608296,0.07526881720430108,0.0,0.0,0.0,0.0,0.0,0.0,0.0,1.0,1.0,0.0,0.0,0.0,0.0,0.0,0.0,1.0,1.0,0.0,1.0,0.0,0.0,1.0,1.0,1.0,15.0,40.0,0.0
162994,Kanakpur Mavaiya,1927,293,287,35,0,77.21,24.9579070068644,0.14893617021276595,0.01816294758692268,0.0,0.0,0.0,0.0,0.0,0.0,0.0,1.0,1.0,,,0.0,0.0,0.0,1.0,1.0,1.0,0.0,1.0,0.0,0.0,1.0,1.0,1.0,12.0,36.0,0.0
162995,Kheruya,1700,271,257,764,0,83.66,20.320344250537893,0.1511764705882353,0.44941176470588234,0.0,0.0,0.0,0.0,0.0,0.0,0.0,1.0,0.0,0.0,0.0,,,0.0,0.0,1.0,0.0,0.0,1.0,0.0,0.0,1.0,1.0,1.0,12.0,39.0,0.0
162996,Garaghanpur,1243,355,223,0,0,89.95,13.818788215675374,0.17940466613032985,0.0,0.0,0.0,0.0,0.0,0.0,0.0,0.0,1.0,0.0,0.0,0.0,0.0,0.0,0.0,0.0,1.0,0.0,0.0,1.0,0.0,0.0,1.0,1.0,1.0,16.0,37.0,0.0
162997,Garhawa,1222,160,197,59,0,83.43,14.64700946901594,0.16121112929623568,0.04828150572831424,0.0,0.0,0.0,0.0,0.0,0.0,0.0,1.0,1.0,0.0,1.0,0.0,1.0,0.0,0.0,1.0,1.0,0.0,1.0,0.0,0.0,0.0,1.0,1.0,18.0,45.0,0.0
162998,Pura Khudi,1287,186,221,333,0,484.73,2.655086336723537,0.1717171717171717,0.25874125874125875,0.0,0.0,0.0,0.0,0.0,0.0,0.0,1.0,1.0,1.0,0.0,0.0,1.0,0.0,0.0,0.0,0.0,0.0,1.0,1.0,0.0,0.0,1.0,0.0,0.0,0.0,0.0
162999,Duma Duma,5447,940,900,650,0,306.0,17.80065359477124,0.16522856618322013,0.11933174224343675,0.0,0.0,0.0,0.0,0.0,0.0,0.0,1.0,1.0,0.0,1.0,0.0,0.0,0.0,0.0,1.0,0.0,0.0,1.0,0.0,0.0,1.0,1.0,1.0,10.0,19.0,42.0
163000,Rasulpur Mawaiya,2056,291,286,184,0,239.41,8.587778288292052,0.13910505836575876,0.08949416342412451,0.0,0.0,0.0,0.0,0.0,0.0,0.0,1.0,1.0,1.0,,0.0,0.0,1.0,0.0,0.0,0.0,0.0,1.0,0.0,0.0,1.0,1.0,1.0,20.0,50.0,0.0
163001,Teliya Tara,2003,439,327,179,0,63.0,31.793650793650794,0.163255117324014,0.08936595107338992,0.0,0.0,0.0,0.0,0.0,0.0,0.0,1.0,0.0,0.0,0.0,0.0,1.0,0.0,0.0,0.0,0.0,0.0,1.0,0.0,1.0,1.0,1.0,1.0,18.0,35.0,35.0
163002,Usmapur Uperhar,2414,365,453,358,0,255.08,9.463697663478124,0.1876553438276719,0.14830157415078707,0.0,0.0,0.0,0.0,0.0,0.0,0.0,1.0,1.0,0.0,1.0,0.0,0.0,0.0,0.0,0.0,1.0,0.0,1.0,0.0,0.0,1.0,1.0,1.0,23.0,35.0,35.0
163003,Usmapur Kachhar,0,0,0,0,0,163.17,0.0,,,,,,,,,,,,,,,,,,,,,,,,,,,23.0,35.0,35.0
163004,Hariharpur Kachhar,0,0,0,0,0,204.21,0.0,,,,,,,,,,,,,,,,,,,,,,,,,,,23.0,35.0,35.0
163005,Hariharpur Uperhar,1059,153,181,99,0,141.42,7.488332626219772,0.17091595845136923,0.09348441926345609,0.0,0.0,0.0,0.0,0.0,0.0,0.0,1.0,1.0,0.0,0.0,0.0,0.0,0.0,0.0,0.0,0.0,0.0,1.0,0.0,0.0,1.0,1.0,1.0,20.0,45.0,45.0
163006,Indravar,211,31,49,0,0,41.89,5.037001671043209,0.23222748815165878,0.0,0.0,0.0,0.0,0.0,0.0,0.0,0.0,1.0,0.0,0.0,0.0,0.0,1.0,0.0,0.0,1.0,0.0,0.0,0.0,1.0,0.0,0.0,1.0,1.0,38.0,38.0,0.0
163007,Barhauli,3487,743,543,536,0,381.99,9.128511217571141,0.15572125035847434,0.15371379409234298,0.0,0.0,0.0,0.0,0.0,0.0,0.0,1.0,0.0,0.0,0.0,0.0,0.0,0.0,0.0,1.0,1.0,0.0,1.0,1.0,0.0,0.0,0.0,0.0,0.0,0.0,0.0
163008,Pure Tiwari,294,47,30,40,0,121.12,2.427344782034346,0.10204081632653061,0.1360544217687075,0.0,0.0,0.0,0.0,0.0,0.0,0.0,1.0,1.0,0.0,0.0,0.0,1.0,0.0,0.0,0.0,0.0,0.0,1.0,0.0,0.0,1.0,0.0,0.0,0.0,0.0,0.0
163009,Baharpur,1026,123,128,5,0,280.49,3.65788441655674,0.12475633528265107,0.004873294346978557,0.0,0.0,0.0,0.0,0.0,0.0,0.0,1.0,1.0,0.0,0.0,0.0,1.0,0.0,0.0,1.0,1.0,0.0,1.0,0.0,0.0,0.0,0.0,0.0,0.0,0.0,0.0
163010,Mavaiya,677,110,100,27,0,92.78,7.2968312136236255,0.14771048744460857,0.03988183161004431,0.0,0.0,0.0,0.0,0.0,0.0,0.0,1.0,1.0,0.0,1.0,0.0,0.0,0.0,1.0,1.0,1.0,1.0,1.0,0.0,0.0,0.0,0.0,1.0,0.0,0.0,0.0
163011,Shiki Khurdh,1086,170,183,161,0,138.92,7.817448891448317,0.1685082872928177,0.14825046040515655,0.0,0.0,0.0,0.0,0.0,0.0,0.0,1.0,1.0,0.0,1.0,1.0,0.0,0.0,0.0,0.0,1.0,0.0,1.0,0.0,0.0,0.0,0.0,0.0,8.0,40.0,8.0
163012,Shiki Kala,578,97,96,178,0,62.35,9.270248596631916,0.16608996539792387,0.3079584775086505,0.0,0.0,0.0,0.0,0.0,0.0,0.0,1.0,1.0,1.0,0.0,0.0,1.0,0.0,0.0,0.0,1.0,0.0,1.0,1.0,0.0,0.0,0.0,0.0,8.0,40.0,8.0
163013,Chak Nandu,1997,384,367,134,0,259.92,7.68313327177593,0.18377566349524285,0.0671006509764647,0.0,0.0,0.0,0.0,0.0,0.0,0.0,1.0,1.0,0.0,1.0,1.0,0.0,1.0,1.0,1.0,1.0,1.0,1.0,0.0,0.0,0.0,1.0,1.0,7.0,40.0,7.0
163014,Ghatampur,1841,241,295,384,0,123.07,14.958966441862355,0.16023900054318305,0.20858229223248234,0.0,0.0,0.0,0.0,0.0,0.0,0.0,1.0,1.0,0.0,1.0,1.0,0.0,1.0,0.0,0.0,1.0,1.0,1.0,1.0,0.0,1.0,1.0,1.0,7.0,45.0,0.0
163015,Katahara,3524,625,528,627,28,286.82,12.286451432954467,0.14982973893303064,0.17792281498297388,0.007945516458569807,0.0,0.0,0.0,0.0,0.0,0.0,1.0,1.0,0.0,0.0,0.0,0.0,0.0,0.0,0.0,1.0,1.0,1.0,1.0,1.0,1.0,1.0,0.0,8.0,45.0,0.0
163016,Rasulpur Siya Dih,546,62,82,3,0,69.16,7.894736842105264,0.15018315018315018,0.005494505494505495,0.0,0.0,0.0,0.0,0.0,0.0,0.0,0.0,0.0,0.0,0.0,0.0,1.0,0.0,0.0,0.0,1.0,1.0,1.0,0.0,0.0,1.0,0.0,1.0,8.0,46.0,0.0
163017,Masoidiya,32,7,3,24,0,6.38,5.015673981191223,0.09375,0.75,0.0,0.0,0.0,0.0,0.0,0.0,0.0,1.0,1.0,0.0,0.0,0.0,0.0,0.0,0.0,1.0,1.0,1.0,1.0,0.0,0.0,0.0,1.0,1.0,9.0,49.0,0.0
163018,Sadulaha,822,112,96,196,0,58.91,13.953488372093025,0.11678832116788321,0.2384428223844282,0.0,0.0,0.0,0.0,0.0,0.0,0.0,1.0,1.0,0.0,0.0,0.0,1.0,1.0,0.0,0.0,1.0,0.0,1.0,1.0,0.0,1.0,1.0,1.0,10.0,50.0,0.0
163019,Rampur Saray Pitha,666,108,118,229,0,46.36,14.365832614322692,0.17717717717717718,0.34384384384384387,0.0,0.0,0.0,0.0,0.0,0.0,0.0,1.0,1.0,1.0,0.0,0.0,0.0,0.0,0.0,1.0,1.0,0.0,1.0,0.0,1.0,1.0,1.0,1.0,10.0,50.0,0.0
163020,Dhoura Hara,2738,423,476,980,0,153.62,17.823200104153106,0.17384952520087654,0.3579254930606282,0.0,0.0,0.0,0.0,0.0,0.0,0.0,1.0,1.0,0.0,0.0,0.0,1.0,1.0,0.0,0.0,1.0,0.0,1.0,0.0,0.0,1.0,0.0,1.0,6.0,45.0,45.0
163021,Annaw,676,131,110,225,0,96.11,7.0336073249401725,0.16272189349112426,0.3328402366863905,0.0,0.0,0.0,0.0,0.0,0.0,0.0,1.0,1.0,0.0,0.0,0.0,1.0,0.0,0.0,0.0,1.0,0.0,1.0,1.0,0.0,0.0,0.0,0.0,7.0,44.0,0.0
163022,Siya Dih,4200,588,688,924,0,258.91,16.221853153605498,0.16380952380952382,0.22,0.0,0.0,0.0,0.0,0.0,0.0,0.0,1.0,0.0,0.0,0.0,0.0,0.0,0.0,0.0,1.0,1.0,0.0,1.0,1.0,0.0,1.0,0.0,0.0,5.0,44.0,44.0
163023,Arjun Patti,2539,340,490,356,0,176.36,14.39668859151735,0.1929893658920835,0.14021268215833005,0.0,0.0,0.0,0.0,0.0,0.0,0.0,1.0,1.0,0.0,0.0,0.0,0.0,0.0,0.0,0.0,0.0,1.0,1.0,1.0,0.0,1.0,1.0,1.0,5.0,45.0,5.0
163024,Khanapur,1342,186,238,63,0,160.53,8.359808135550987,0.17734724292101342,0.04694485842026826,0.0,0.0,0.0,0.0,0.0,0.0,0.0,1.0,1.0,0.0,1.0,0.0,1.0,0.0,0.0,0.0,0.0,1.0,0.0,1.0,0.0,0.0,1.0,1.0,5.0,45.0,5.0
163025,Saripur,725,118,138,455,0,91.43,7.92956360056874,0.19034482758620688,0.6275862068965518,0.0,0.0,0.0,0.0,0.0,0.0,0.0,1.0,0.0,0.0,0.0,0.0,0.0,0.0,0.0,0.0,0.0,0.0,0.0,0.0,0.0,1.0,1.0,1.0,5.0,45.0,5.0
163026,Govindapur Ratipur,115,14,19,0,0,9.5,12.105263157894736,0.16521739130434782,0.0,0.0,0.0,0.0,0.0,0.0,0.0,0.0,1.0,0.0,0.0,0.0,0.0,1.0,0.0,0.0,1.0,1.0,0.0,1.0,1.0,0.0,1.0,0.0,1.0,7.0,47.0,47.0
163027,Ratipur,300,40,49,0,0,16.78,17.878426698450536,0.16333333333333333,0.0,0.0,0.0,0.0,0.0,0.0,0.0,0.0,0.0,0.0,0.0,0.0,0.0,1.0,0.0,0.0,1.0,0.0,0.0,1.0,1.0,0.0,1.0,0.0,1.0,7.0,47.0,47.0
163028,Kisunipur,939,107,130,145,0,67.55,13.90081421169504,0.13844515441959532,0.154419595314164,0.0,0.0,0.0,0.0,0.0,0.0,0.0,1.0,0.0,0.0,0.0,0.0,1.0,0.0,0.0,1.0,0.0,1.0,1.0,1.0,0.0,1.0,0.0,1.0,7.0,46.0,46.0
163029,Bathupur,519,75,73,138,0,44.05,11.782065834279228,0.14065510597302505,0.2658959537572254,0.0,0.0,0.0,0.0,0.0,0.0,0.0,1.0,0.0,0.0,0.0,0.0,1.0,0.0,0.0,1.0,0.0,0.0,1.0,1.0,0.0,1.0,0.0,1.0,6.0,44.0,44.0
163030,Jatapur,1635,262,255,435,0,116.31,14.057260768635542,0.1559633027522936,0.26605504587155965,0.0,0.0,0.0,0.0,0.0,0.0,0.0,1.0,1.0,0.0,0.0,0.0,1.0,0.0,0.0,0.0,1.0,1.0,1.0,0.0,0.0,1.0,1.0,1.0,5.0,45.0,5.0
163031,Kichakila,887,113,178,342,0,142.75,6.213660245183888,0.20067643742953778,0.3855693348365276,0.0,0.0,0.0,0.0,0.0,0.0,0.0,1.0,0.0,0.0,0.0,0.0,1.0,0.0,0.0,1.0,1.0,1.0,0.0,0.0,0.0,0.0,0.0,0.0,4.0,45.0,45.0
163032,Rikhipur,1362,181,203,64,0,76.03,17.91398132316191,0.14904552129221732,0.04698972099853157,0.0,0.0,0.0,0.0,0.0,0.0,0.0,1.0,0.0,0.0,0.0,0.0,1.0,0.0,1.0,0.0,1.0,0.0,1.0,0.0,0.0,0.0,0.0,1.0,4.0,45.0,45.0
163033,Mandar,2147,305,370,847,0,210.68,10.190810708183026,0.17233348858872846,0.3945039590125757,0.0,0.0,0.0,0.0,0.0,0.0,0.0,1.0,0.0,0.0,0.0,0.0,1.0,0.0,0.0,0.0,1.0,0.0,1.0,0.0,0.0,1.0,1.0,1.0,6.0,46.0,0.0
163034,Arai,2546,374,415,458,0,154.76,16.45127940036185,0.16300078554595443,0.17989002356637862,0.0,0.0,0.0,0.0,0.0,0.0,0.0,1.0,1.0,0.0,0.0,0.0,1.0,0.0,0.0,0.0,1.0,0.0,1.0,0.0,0.0,1.0,1.0,1.0,5.0,45.0,0.0
163035,Dighari,714,100,113,7,0,83.11,8.591023944170377,0.15826330532212884,0.00980392156862745,0.0,0.0,0.0,0.0,0.0,0.0,0.0,1.0,0.0,0.0,0.0,0.0,1.0,0.0,0.0,0.0,1.0,0.0,1.0,0.0,0.0,1.0,1.0,1.0,7.0,47.0,0.0
163036,Paramanandapur,349,50,51,0,0,43.33,8.054465728132934,0.14613180515759314,0.0,0.0,0.0,0.0,0.0,0.0,0.0,0.0,1.0,1.0,1.0,0.0,0.0,1.0,0.0,0.0,0.0,0.0,0.0,1.0,0.0,0.0,0.0,1.0,0.0,4.0,45.0,45.0
163037,Chak  Ajij Urph Birapur,1202,195,157,243,0,130.36,9.220619822031297,0.13061564059900166,0.2021630615640599,0.0,0.0,0.0,0.0,0.0,0.0,0.0,1.0,0.0,0.0,0.0,0.0,0.0,0.0,0.0,0.0,0.0,0.0,1.0,0.0,0.0,1.0,1.0,1.0,5.0,45.0,0.0
163038,Chak Mada,1910,280,328,343,0,194.31,9.829653646235396,0.17172774869109947,0.17958115183246073,0.0,0.0,0.0,0.0,0.0,0.0,0.0,1.0,0.0,0.0,0.0,0.0,1.0,0.0,1.0,1.0,1.0,1.0,0.0,0.0,0.0,1.0,1.0,1.0,3.0,48.0,0.0
163039,Upardaha,7596,1125,1233,776,0,651.5,11.659247889485801,0.1623222748815166,0.10215903106898368,0.0,0.0,0.0,0.0,0.0,0.0,0.0,1.0,0.0,0.0,0.0,0.0,0.0,0.0,1.0,1.0,1.0,1.0,0.0,0.0,0.0,1.0,1.0,1.0,5.0,50.0,0.0
163040,Bharopur,175,38,34,5,0,28.82,6.072172102706454,0.19428571428571428,0.02857142857142857,0.0,0.0,0.0,0.0,0.0,0.0,0.0,1.0,1.0,0.0,0.0,0.0,1.0,0.0,0.0,0.0,0.0,1.0,0.0,1.0,0.0,0.0,1.0,0.0,1.0,41.0,1.0
163041,Tara Gav,2980,409,513,286,0,241.93,12.317612532550738,0.17214765100671142,0.0959731543624161,0.0,0.0,0.0,0.0,0.0,0.0,0.0,1.0,0.0,0.0,0.0,0.0,0.0,0.0,0.0,0.0,0.0,0.0,0.0,0.0,0.0,1.0,1.0,1.0,1.0,41.0,1.0
163042,Bala,1659,245,312,609,0,92.51,17.93319641119879,0.18806509945750452,0.3670886075949367,0.0,0.0,0.0,0.0,0.0,0.0,0.0,1.0,0.0,0.0,0.0,0.0,0.0,0.0,0.0,0.0,0.0,1.0,0.0,1.0,0.0,1.0,1.0,1.0,2.0,42.0,4.0
163043,Basupur,2377,372,372,279,0,111.69,21.282120153997674,0.15649978965082037,0.11737484223811527,0.0,0.0,0.0,0.0,0.0,0.0,0.0,1.0,1.0,0.0,0.0,0.0,1.0,1.0,1.0,1.0,1.0,1.0,0.0,0.0,0.0,0.0,1.0,0.0,2.0,47.0,0.0
163044,Benipur Makharut,0,0,0,0,0,19.2,0.0,,,,,,,,,,,,,,,,,,,,,,,,,,,5.0,45.0,5.0
163045,Jauara Dih,2017,295,313,314,0,1797.9,1.1218643973524667,0.15518096182449181,0.15567674764501735,0.0,0.0,0.0,0.0,0.0,0.0,0.0,1.0,1.0,0.0,0.0,0.0,0.0,0.0,1.0,1.0,1.0,1.0,0.0,1.0,0.0,1.0,1.0,1.0,5.0,45.0,0.0
163046,Jagua Sodha,5559,750,885,760,0,1818.28,3.0572849066150427,0.15920129519697787,0.13671523655333692,0.0,0.0,0.0,0.0,0.0,0.0,0.0,1.0,1.0,1.0,1.0,1.0,0.0,0.0,0.0,1.0,0.0,1.0,1.0,1.0,0.0,1.0,1.0,1.0,5.0,45.0,5.0
163047,Chakamada Riha,23,4,4,20,0,39.33,0.584795321637427,0.17391304347826086,0.8695652173913043,0.0,0.0,0.0,0.0,0.0,0.0,0.0,1.0,0.0,0.0,0.0,0.0,1.0,0.0,0.0,0.0,0.0,0.0,1.0,0.0,0.0,0.0,1.0,0.0,7.0,40.0,7.0
163048,Bhavanipur,768,104,117,98,0,53.44,14.371257485029941,0.15234375,0.12760416666666666,0.0,0.0,0.0,0.0,0.0,0.0,0.0,1.0,1.0,0.0,1.0,0.0,0.0,0.0,0.0,0.0,1.0,0.0,1.0,0.0,0.0,0.0,0.0,0.0,7.0,40.0,7.0
163049,Sarifpur,2188,305,350,207,0,226.79,9.647691697164777,0.15996343692870202,0.09460694698354662,0.0,0.0,0.0,0.0,0.0,0.0,0.0,1.0,0.0,0.0,0.0,0.0,0.0,0.0,0.0,0.0,1.0,0.0,1.0,0.0,0.0,0.0,1.0,1.0,7.0,40.0,7.0
163050,Tatrapur,358,67,61,0,0,55.86,6.408879341210168,0.17039106145251395,0.0,0.0,0.0,0.0,0.0,0.0,0.0,0.0,1.0,1.0,0.0,0.0,0.0,0.0,0.0,0.0,0.0,0.0,1.0,1.0,0.0,0.0,0.0,1.0,1.0,7.0,40.0,7.0
163051,Asawa Dautapur,4506,769,859,753,0,284.19,15.855589570357859,0.1906347092765202,0.16711051930758988,0.0,0.0,0.0,0.0,0.0,0.0,0.0,1.0,0.0,0.0,0.0,0.0,0.0,0.0,0.0,1.0,0.0,1.0,1.0,0.0,0.0,1.0,1.0,0.0,3.0,40.0,0.0
163052,Ghiri Rihi,1882,291,327,255,0,118.96,15.82044384667115,0.17375132837407015,0.13549415515409138,0.0,0.0,0.0,0.0,0.0,0.0,0.0,1.0,0.0,0.0,1.0,0.0,0.0,0.0,0.0,0.0,0.0,1.0,0.0,0.0,0.0,0.0,1.0,1.0,4.0,40.0,4.0
163053,Umari Manoharpur,1007,134,201,46,0,118.96,8.465030262273034,0.19960278053624628,0.04568023833167825,0.0,0.0,0.0,0.0,0.0,0.0,0.0,1.0,0.0,0.0,1.0,0.0,0.0,0.0,0.0,0.0,0.0,1.0,1.0,1.0,0.0,0.0,0.0,0.0,3.0,39.0,3.0
163054,Bagaha,1006,135,190,63,0,102.85,9.781234807972776,0.18886679920477137,0.06262425447316103,0.0,0.0,0.0,0.0,0.0,0.0,0.0,1.0,1.0,0.0,1.0,0.0,0.0,1.0,1.0,1.0,1.0,1.0,1.0,1.0,0.0,0.0,1.0,0.0,2.0,34.0,0.0
163055,Makanpur,99,17,17,79,0,36.18,2.736318407960199,0.1717171717171717,0.797979797979798,0.0,0.0,0.0,0.0,0.0,0.0,0.0,1.0,1.0,1.0,0.0,0.0,0.0,0.0,1.0,1.0,1.0,1.0,1.0,0.0,0.0,0.0,1.0,0.0,1.0,35.0,0.0
163056,Chak Abdula,1486,199,261,278,0,111.02,13.384975680057648,0.1756393001345895,0.18707940780619112,0.0,0.0,0.0,0.0,0.0,0.0,0.0,1.0,1.0,0.0,1.0,0.0,1.0,1.0,1.0,1.0,1.0,1.0,0.0,0.0,0.0,1.0,1.0,1.0,2.0,47.0,0.0
163057,Kurakath,1247,194,204,309,0,189.11,6.594045793453545,0.1635926222935044,0.24779470729751404,0.0,0.0,0.0,0.0,0.0,0.0,0.0,1.0,1.0,1.0,1.0,0.0,1.0,0.0,0.0,0.0,1.0,1.0,0.0,0.0,0.0,0.0,0.0,1.0,35.0,40.0,40.0
163058,Kisora,2079,264,323,240,0,136.21,15.263196534762498,0.15536315536315537,0.11544011544011544,0.0,0.0,0.0,0.0,0.0,0.0,0.0,1.0,0.0,0.0,1.0,0.0,1.0,0.0,0.0,1.0,1.0,1.0,0.0,0.0,0.0,1.0,0.0,0.0,61.0,41.0,0.0
163059,Kanakpur,854,142,119,329,0,88.35,9.666100735710243,0.13934426229508196,0.38524590163934425,0.0,0.0,0.0,0.0,0.0,0.0,0.0,1.0,1.0,0.0,0.0,0.0,0.0,0.0,0.0,0.0,1.0,1.0,1.0,0.0,0.0,0.0,1.0,0.0,2.0,40.0,0.0
163060,Muga Raw,3866,596,605,752,0,328.52,11.76792889321807,0.15649249870667356,0.19451629591308847,0.0,0.0,0.0,0.0,0.0,0.0,0.0,1.0,1.0,0.0,1.0,0.0,0.0,0.0,1.0,1.0,1.0,1.0,1.0,1.0,1.0,1.0,1.0,1.0,3.0,35.0,0.0
163061,Chakiy Saray Pitha,247,38,29,0,0,37.51,6.5849106904825385,0.11740890688259109,0.0,0.0,0.0,0.0,0.0,0.0,0.0,0.0,1.0,1.0,0.0,0.0,0.0,0.0,0.0,0.0,0.0,0.0,1.0,0.0,1.0,0.0,0.0,1.0,1.0,4.0,40.0,40.0
163062,Dubaki Kala,2304,360,295,710,0,95.29,24.178822541714762,0.12803819444444445,0.3081597222222222,0.0,0.0,0.0,0.0,0.0,0.0,0.0,1.0,1.0,0.0,0.0,0.0,0.0,0.0,0.0,1.0,1.0,1.0,0.0,1.0,0.0,1.0,1.0,1.0,4.0,40.0,40.0
163063,Dubaki Kurd,2044,272,308,73,0,71.25,28.687719298245614,0.1506849315068493,0.03571428571428571,0.0,0.0,0.0,0.0,0.0,0.0,0.0,1.0,1.0,0.0,0.0,0.0,0.0,0.0,0.0,1.0,0.0,0.0,1.0,0.0,0.0,1.0,1.0,0.0,7.0,46.0,0.0
163064,Bamaila,4433,688,633,1258,0,261.71,16.938596156050593,0.14279269117978796,0.28378073539363863,0.0,0.0,1.0,0.0,0.0,0.0,0.0,1.0,1.0,0.0,1.0,0.0,1.0,0.0,0.0,0.0,0.0,1.0,1.0,1.0,0.0,1.0,1.0,1.0,12.0,55.0,12.0
163065,Kasaiyauar,1489,188,217,279,0,149.23,9.977886483950948,0.14573539288112827,0.18737407656145064,0.0,0.0,0.0,0.0,0.0,0.0,0.0,1.0,1.0,0.0,1.0,1.0,0.0,0.0,0.0,0.0,1.0,0.0,1.0,0.0,0.0,1.0,1.0,1.0,7.0,45.0,0.0
163066,Chak Adiha Ram,0,0,0,0,0,8.29,0.0,,,,,,,,,,,,,,,,,,,,,,,,,,,0.0,0.0,0.0
163067,Rampur Mavaiya,19,3,3,0,0,40.53,0.4687885516901061,0.15789473684210525,0.0,0.0,0.0,0.0,0.0,0.0,0.0,0.0,1.0,1.0,0.0,0.0,0.0,0.0,0.0,0.0,0.0,1.0,0.0,1.0,0.0,0.0,0.0,0.0,0.0,12.0,55.0,12.0
163068,Chanda Naha,1175,133,200,117,0,180.66,6.50393003431861,0.1702127659574468,0.09957446808510638,0.0,0.0,0.0,0.0,0.0,0.0,0.0,1.0,1.0,0.0,0.0,0.0,0.0,0.0,0.0,0.0,0.0,1.0,1.0,0.0,0.0,0.0,0.0,0.0,10.0,45.0,10.0
163069,Chhiyalis Urf Bahatter,59,9,8,0,0,21.07,2.8001898433792123,0.13559322033898305,0.0,0.0,0.0,0.0,0.0,0.0,0.0,0.0,1.0,1.0,0.0,0.0,0.0,0.0,0.0,0.0,0.0,0.0,0.0,1.0,1.0,0.0,0.0,0.0,1.0,9.0,50.0,9.0
163070,Dulapur,3298,461,474,682,0,216.73,15.217090388963227,0.14372346876895087,0.20679199514857488,0.0,0.0,0.0,0.0,0.0,0.0,0.0,1.0,1.0,0.0,0.0,0.0,0.0,0.0,0.0,0.0,0.0,0.0,1.0,0.0,0.0,1.0,1.0,1.0,43.0,13.0,45.0
163071,Baboori Ban,201,35,50,15,0,87.92,2.286169244767971,0.24875621890547264,0.07462686567164178,0.0,0.0,0.0,0.0,0.0,0.0,0.0,1.0,1.0,0.0,0.0,0.0,0.0,0.0,0.0,1.0,1.0,0.0,1.0,0.0,0.0,1.0,1.0,1.0,9.0,45.0,0.0
163072,Chhappan Chhiyalis,40,16,11,7,0,14.67,2.7266530334014996,0.275,0.175,0.0,0.0,0.0,0.0,0.0,0.0,0.0,1.0,1.0,0.0,0.0,0.0,1.0,0.0,0.0,0.0,0.0,0.0,1.0,0.0,0.0,1.0,1.0,1.0,7.0,45.0,0.0
163073,Pipari,908,108,140,49,0,30.16,30.106100795755967,0.15418502202643172,0.053964757709251104,0.0,0.0,0.0,0.0,0.0,0.0,0.0,1.0,1.0,0.0,0.0,,,0.0,0.0,1.0,0.0,0.0,1.0,0.0,0.0,1.0,1.0,1.0,5.0,40.0,0.0
163074,Ranka,902,130,166,98,0,125.85,7.167262614223282,0.18403547671840353,0.10864745011086474,0.0,0.0,0.0,0.0,0.0,0.0,0.0,1.0,1.0,0.0,0.0,0.0,0.0,0.0,0.0,0.0,1.0,0.0,0.0,1.0,0.0,1.0,1.0,1.0,10.0,43.0,10.0
163075,Amilaouti,731,80,128,1,0,110.61,6.608805713769098,0.17510259917920656,0.0013679890560875513,0.0,0.0,0.0,0.0,0.0,0.0,0.0,1.0,1.0,0.0,0.0,0.0,0.0,0.0,0.0,1.0,1.0,1.0,1.0,0.0,0.0,1.0,1.0,1.0,7.0,47.0,0.0
163076,Itiha Ibrahimpur,2655,362,408,514,0,198.94,13.3457323816226,0.1536723163841808,0.1935969868173258,0.0,0.0,0.0,0.0,0.0,0.0,0.0,1.0,1.0,0.0,1.0,0.0,0.0,0.0,0.0,1.0,1.0,1.0,1.0,0.0,0.0,1.0,1.0,1.0,40.0,40.0,40.0
163077,Manikpur,1531,336,261,369,0,163.01,9.392061836697136,0.170476812540823,0.24101894186806008,0.0,0.0,0.0,0.0,0.0,0.0,0.0,1.0,1.0,0.0,1.0,0.0,0.0,0.0,0.0,0.0,0.0,0.0,0.0,0.0,0.0,1.0,1.0,1.0,3.0,43.0,3.0
163078,Pure Chandel,34,6,2,0,0,7.87,4.320203303684879,0.058823529411764705,0.0,0.0,0.0,0.0,0.0,0.0,0.0,0.0,1.0,1.0,0.0,0.0,0.0,1.0,0.0,0.0,0.0,0.0,1.0,0.0,1.0,1.0,1.0,1.0,1.0,0.0,0.0,0.0
163079,Rawatpur,655,85,120,380,0,20.75,31.566265060240966,0.183206106870229,0.5801526717557252,0.0,0.0,0.0,0.0,0.0,0.0,0.0,1.0,1.0,0.0,0.0,0.0,0.0,0.0,0.0,0.0,0.0,0.0,1.0,0.0,0.0,1.0,1.0,1.0,0.0,0.0,0.0
163080,Hasanpur Kasaudhan,146,20,17,0,0,60.37,2.4184197449064104,0.11643835616438356,0.0,0.0,0.0,0.0,0.0,0.0,0.0,0.0,1.0,1.0,0.0,1.0,1.0,0.0,0.0,0.0,0.0,0.0,0.0,1.0,0.0,0.0,1.0,0.0,1.0,0.0,0.0,0.0
163081,Prithvipur,2487,297,417,335,0,481.39,5.166289287272274,0.16767189384800965,0.13470044229995978,0.0,0.0,0.0,0.0,0.0,0.0,0.0,1.0,1.0,0.0,0.0,0.0,0.0,0.0,0.0,0.0,0.0,0.0,1.0,0.0,0.0,0.0,0.0,0.0,0.0,0.0,0.0
163082,Kandala Mavaia,773,103,120,318,0,221.49,3.489999548512348,0.15523932729624837,0.4113842173350582,0.0,0.0,0.0,0.0,0.0,0.0,0.0,1.0,0.0,0.0,0.0,0.0,0.0,0.0,0.0,0.0,0.0,0.0,1.0,0.0,0.0,1.0,1.0,1.0,0.0,0.0,0.0
163083,Kandala Kasaudhan,533,88,99,29,0,80.98,6.5818720671770805,0.18574108818011256,0.054409005628517824,0.0,0.0,0.0,0.0,0.0,0.0,0.0,1.0,1.0,0.0,1.0,0.0,0.0,0.0,0.0,0.0,0.0,0.0,1.0,0.0,0.0,1.0,0.0,1.0,0.0,0.0,0.0
163084,Mal Pakhi,87,7,19,0,0,70.88,1.2274266365688489,0.21839080459770116,0.0,0.0,0.0,0.0,0.0,0.0,0.0,0.0,1.0,1.0,0.0,1.0,0.0,1.0,0.0,0.0,0.0,0.0,0.0,1.0,0.0,0.0,1.0,1.0,1.0,0.0,0.0,0.0
163085,Hasahpur Sarayan Pitha,580,81,91,200,0,481.29,1.2050946414843442,0.15689655172413794,0.3448275862068966,0.0,0.0,0.0,0.0,0.0,0.0,0.0,1.0,0.0,0.0,0.0,0.0,1.0,0.0,0.0,0.0,0.0,0.0,1.0,0.0,0.0,0.0,0.0,0.0,0.0,0.0,0.0
163086,Chak Dasha Ram,0,0,0,0,0,10.0,0.0,,,,,,,,,,,,,,,,,,,,,,,,,,,0.0,0.0,0.0
163087,Tandhar,104,14,11,36,0,124.0,0.8387096774193549,0.10576923076923077,0.34615384615384615,0.0,0.0,0.0,0.0,0.0,0.0,0.0,1.0,0.0,0.0,0.0,0.0,1.0,0.0,0.0,0.0,0.0,0.0,0.0,0.0,0.0,0.0,0.0,0.0,0.0,0.0,0.0
163088,Chak Kaswodhan,46,7,3,0,0,8.0,5.75,0.06521739130434782,0.0,0.0,0.0,0.0,0.0,0.0,0.0,0.0,1.0,1.0,0.0,0.0,0.0,0.0,0.0,0.0,0.0,0.0,0.0,1.0,0.0,0.0,0.0,0.0,0.0,0.0,0.0,0.0
163089,Kasodhan Urf Lakchha Grah,5432,775,912,1332,0,32.08,169.3266832917706,0.16789396170839468,0.24521354933726067,0.0,0.0,1.0,0.0,0.0,0.0,0.0,1.0,1.0,0.0,0.0,0.0,0.0,0.0,0.0,0.0,0.0,0.0,1.0,0.0,1.0,1.0,1.0,1.0,0.0,0.0,0.0
163090,Kajipur,954,126,139,420,0,60.08,15.878828229027963,0.14570230607966456,0.44025157232704404,0.0,0.0,0.0,0.0,0.0,0.0,0.0,1.0,0.0,1.0,0.0,0.0,1.0,0.0,0.0,0.0,0.0,1.0,1.0,0.0,0.0,1.0,0.0,1.0,5.0,45.0,5.0
163091,Belaha Singha Maun,2278,327,338,318,0,97.49,23.366499128115706,0.14837576821773485,0.1395961369622476,0.0,0.0,0.0,0.0,0.0,0.0,0.0,1.0,0.0,1.0,0.0,0.0,1.0,0.0,0.0,0.0,0.0,1.0,1.0,1.0,0.0,1.0,1.0,1.0,4.0,44.0,44.0
163092,Ramdaspur,486,92,92,343,0,38.0,12.789473684210526,0.18930041152263374,0.7057613168724279,0.0,0.0,0.0,0.0,0.0,0.0,0.0,1.0,1.0,0.0,0.0,0.0,1.0,0.0,0.0,0.0,1.0,0.0,1.0,0.0,1.0,0.0,1.0,1.0,0.0,0.0,0.0
163093,Pure Ganderia,403,70,85,172,0,2.62,153.81679389312976,0.2109181141439206,0.4267990074441687,0.0,0.0,0.0,0.0,0.0,0.0,0.0,1.0,1.0,0.0,0.0,0.0,0.0,0.0,1.0,0.0,0.0,1.0,0.0,0.0,1.0,1.0,1.0,1.0,0.0,0.0,0.0
163094,Naharpur,1440,238,240,498,0,127.03,11.335904904353303,0.16666666666666666,0.3458333333333333,0.0,0.0,0.0,0.0,0.0,0.0,0.0,1.0,1.0,0.0,1.0,0.0,1.0,0.0,0.0,0.0,0.0,1.0,0.0,0.0,0.0,1.0,1.0,0.0,7.0,52.0,0.0
163095,Toderpur,449,74,87,365,0,71.6,6.270949720670392,0.19376391982182628,0.8129175946547884,0.0,0.0,0.0,0.0,0.0,0.0,0.0,1.0,1.0,0.0,0.0,0.0,1.0,0.0,0.0,0.0,0.0,1.0,0.0,0.0,0.0,0.0,0.0,1.0,6.0,51.0,0.0
163096,Harsaranpur,497,79,95,378,0,35.33,14.067364845740165,0.19114688128772636,0.7605633802816901,0.0,0.0,0.0,0.0,0.0,0.0,0.0,1.0,1.0,1.0,1.0,0.0,1.0,0.0,0.0,0.0,0.0,1.0,0.0,0.0,0.0,1.0,0.0,1.0,6.0,51.0,0.0
163097,Ahiri,2282,364,355,777,0,276.09,8.265420696149807,0.15556529360210342,0.34049079754601225,0.0,0.0,0.0,0.0,0.0,0.0,0.0,1.0,1.0,0.0,0.0,0.0,0.0,0.0,0.0,0.0,0.0,1.0,0.0,0.0,0.0,1.0,1.0,1.0,6.0,51.0,0.0
163098,Jarahi,2290,296,316,689,0,8.77,261.1174458380844,0.13799126637554585,0.30087336244541485,0.0,0.0,0.0,0.0,0.0,0.0,0.0,1.0,1.0,0.0,0.0,0.0,0.0,0.0,0.0,0.0,0.0,1.0,1.0,0.0,0.0,1.0,1.0,1.0,0.0,0.0,0.0
163099,Gondari,1029,109,146,85,0,134.0,7.67910447761194,0.14188532555879493,0.0826044703595724,0.0,0.0,0.0,0.0,0.0,0.0,0.0,1.0,1.0,0.0,0.0,0.0,0.0,0.0,0.0,0.0,0.0,0.0,1.0,1.0,0.0,1.0,1.0,1.0,0.0,0.0,0.0
163100,Bijhauli,2153,246,387,208,0,208.0,10.350961538461538,0.17974918718067812,0.09660938225731537,0.0,0.0,0.0,0.0,0.0,0.0,0.0,1.0,1.0,1.0,0.0,0.0,0.0,0.0,0.0,0.0,0.0,1.0,1.0,0.0,0.0,1.0,1.0,1.0,0.0,0.0,0.0
163101,Gondaura,1236,165,191,594,0,7.16,172.62569832402235,0.15453074433656958,0.48058252427184467,0.0,0.0,0.0,0.0,0.0,0.0,0.0,1.0,1.0,0.0,0.0,0.0,0.0,0.0,0.0,0.0,0.0,1.0,0.0,0.0,0.0,1.0,1.0,1.0,7.0,52.0,0.0
163102,Chakia Urf Rampur,17,2,5,10,0,40.0,0.425,0.29411764705882354,0.5882352941176471,0.0,0.0,0.0,0.0,0.0,0.0,0.0,1.0,0.0,0.0,0.0,0.0,0.0,1.0,1.0,1.0,1.0,1.0,1.0,0.0,1.0,1.0,1.0,1.0,10.0,55.0,0.0
163103,Bilari,2577,349,410,945,0,98.31,26.212999694842843,0.15909972836631742,0.36670547147846333,0.0,0.0,0.0,0.0,0.0,0.0,0.0,1.0,1.0,0.0,0.0,0.0,0.0,0.0,0.0,0.0,0.0,1.0,0.0,0.0,0.0,1.0,1.0,1.0,10.0,55.0,0.0
163104,Sidhawar Haripur,2591,363,453,650,0,24.2,107.06611570247934,0.17483597066769588,0.2508683905827866,0.0,0.0,0.0,0.0,0.0,0.0,0.0,1.0,1.0,1.0,0.0,0.0,0.0,0.0,0.0,0.0,1.0,1.0,0.0,0.0,0.0,1.0,1.0,1.0,13.0,58.0,0.0
163105,Raypur,656,93,119,20,0,55.57,11.804930718013317,0.18140243902439024,0.03048780487804878,0.0,0.0,0.0,0.0,0.0,0.0,0.0,1.0,0.0,0.0,0.0,0.0,0.0,0.0,0.0,0.0,0.0,1.0,0.0,0.0,0.0,0.0,0.0,1.0,14.0,59.0,0.0
163106,Samaha,1377,185,205,93,0,205.83,6.689986882378662,0.14887436456063907,0.06753812636165578,0.0,0.0,0.0,0.0,0.0,0.0,0.0,1.0,1.0,1.0,0.0,0.0,0.0,0.0,0.0,0.0,1.0,1.0,0.0,0.0,0.0,1.0,1.0,1.0,15.0,60.0,0.0
163107,Kihuni,1497,200,267,281,0,78.74,19.01193802387605,0.17835671342685372,0.18770875083500335,0.0,0.0,0.0,0.0,0.0,0.0,0.0,1.0,1.0,0.0,0.0,0.0,1.0,0.0,0.0,0.0,1.0,1.0,1.0,0.0,0.0,1.0,0.0,1.0,17.0,60.0,8.0
163108,Tela Khas,7274,1038,1380,909,0,533.89,13.624529397441421,0.18971679956007698,0.12496563101457245,0.0,0.0,1.0,0.0,0.0,0.0,0.0,1.0,1.0,0.0,0.0,0.0,1.0,0.0,0.0,0.0,1.0,1.0,1.0,0.0,0.0,1.0,0.0,1.0,17.0,60.0,8.0
163109,Bhelasi,2893,364,501,509,0,131.23,22.045264040234706,0.17317663325267887,0.17594192879363982,0.0,0.0,0.0,0.0,0.0,0.0,0.0,1.0,1.0,0.0,0.0,0.0,0.0,0.0,0.0,0.0,1.0,1.0,0.0,1.0,0.0,1.0,1.0,1.0,13.0,53.0,0.0
163110,Bahoranpur,223,35,51,99,0,53.83,4.142671372840423,0.22869955156950672,0.4439461883408072,0.0,0.0,0.0,0.0,0.0,0.0,0.0,1.0,0.0,0.0,0.0,0.0,1.0,0.0,0.0,0.0,1.0,1.0,0.0,1.0,0.0,1.0,1.0,0.0,13.0,53.0,0.0
163111,Lamahi,1784,269,286,391,0,86.95,20.517538815411154,0.16031390134529147,0.21917040358744394,0.0,0.0,0.0,0.0,0.0,0.0,0.0,1.0,1.0,1.0,0.0,0.0,1.0,0.0,0.0,0.0,0.0,1.0,1.0,1.0,0.0,1.0,1.0,1.0,13.0,53.0,13.0
163112,Suara,1894,276,302,962,0,104.44,18.134814247414784,0.15945089757127773,0.5079197465681098,0.0,0.0,0.0,0.0,0.0,0.0,0.0,1.0,0.0,0.0,0.0,0.0,0.0,0.0,0.0,0.0,1.0,1.0,0.0,1.0,0.0,1.0,1.0,1.0,14.0,54.0,0.0
163113,Paigaha,1154,176,184,0,0,106.0,10.88679245283019,0.15944540727902945,0.0,0.0,0.0,0.0,0.0,0.0,0.0,0.0,0.0,1.0,0.0,0.0,0.0,0.0,1.0,1.0,1.0,1.0,1.0,1.0,0.0,0.0,1.0,1.0,1.0,14.0,54.0,0.0
163114,Mahakhara,1314,177,213,414,0,106.44,12.344983089064263,0.16210045662100456,0.3150684931506849,0.0,0.0,0.0,0.0,0.0,0.0,0.0,1.0,1.0,0.0,0.0,0.0,0.0,0.0,0.0,0.0,0.0,1.0,0.0,1.0,0.0,0.0,1.0,1.0,15.0,55.0,0.0
163115,Birapur Kasaudhan,1981,246,330,822,0,190.95,10.374443571615608,0.16658253407370016,0.4149419485108531,0.0,0.0,0.0,0.0,0.0,0.0,0.0,1.0,1.0,0.0,0.0,0.0,1.0,1.0,0.0,0.0,0.0,1.0,0.0,1.0,0.0,1.0,1.0,1.0,10.0,55.0,0.0
163116,Baraut,8508,1152,1402,750,1,329.28,25.838192419825074,0.16478608368594264,0.08815232722143865,0.00011753643629525152,0.0,0.0,0.0,0.0,0.0,0.0,1.0,1.0,0.0,0.0,0.0,0.0,0.0,1.0,1.0,1.0,1.0,1.0,1.0,1.0,1.0,1.0,1.0,8.0,45.0,8.0
163117,Rasar,2322,292,452,494,0,142.0,16.35211267605634,0.19465977605512488,0.2127476313522825,0.0,0.0,0.0,0.0,0.0,0.0,0.0,1.0,1.0,0.0,0.0,0.0,0.0,1.0,1.0,1.0,1.0,1.0,1.0,0.0,0.0,0.0,1.0,1.0,0.0,0.0,0.0
163118,Chhini,1810,287,301,278,0,133.12,13.596754807692307,0.16629834254143647,0.15359116022099448,0.0,0.0,0.0,0.0,0.0,0.0,0.0,1.0,1.0,0.0,1.0,0.0,1.0,0.0,0.0,0.0,0.0,0.0,0.0,0.0,1.0,1.0,1.0,1.0,10.0,50.0,0.0
163119,Pure Gobai,1548,239,244,266,0,157.81,9.809264305177111,0.15762273901808785,0.17183462532299743,0.0,0.0,0.0,0.0,0.0,0.0,0.0,1.0,1.0,0.0,0.0,0.0,1.0,0.0,1.0,0.0,0.0,1.0,1.0,0.0,0.0,0.0,1.0,1.0,9.0,46.0,9.0
163120,Jasawan,3220,463,570,683,0,249.11,12.926016619164225,0.17701863354037267,0.21211180124223603,0.0,0.0,0.0,0.0,0.0,0.0,0.0,1.0,1.0,0.0,1.0,0.0,1.0,0.0,0.0,0.0,1.0,0.0,0.0,0.0,1.0,1.0,1.0,1.0,12.0,52.0,0.0
163121,Manoharpur,209,23,46,0,0,49.37,4.233340085071906,0.22009569377990432,0.0,0.0,0.0,0.0,0.0,0.0,0.0,0.0,1.0,1.0,0.0,0.0,0.0,0.0,0.0,0.0,0.0,1.0,0.0,0.0,1.0,0.0,0.0,0.0,0.0,12.0,52.0,0.0
163122,Sewa,755,99,70,204,0,96.75,7.803617571059432,0.09271523178807947,0.27019867549668874,0.0,0.0,0.0,0.0,0.0,0.0,0.0,1.0,1.0,0.0,0.0,0.0,0.0,0.0,0.0,0.0,1.0,1.0,1.0,0.0,0.0,1.0,0.0,1.0,15.0,56.0,3.0
163123,Avran,3050,438,484,511,0,236.05,12.920991315399279,0.15868852459016394,0.16754098360655736,0.0,0.0,0.0,0.0,0.0,0.0,0.0,1.0,1.0,0.0,0.0,0.0,0.0,0.0,0.0,0.0,1.0,1.0,1.0,0.0,0.0,1.0,1.0,1.0,16.0,66.0,6.0
163124,Sahila,1321,196,220,233,0,68.81,19.197791018747274,0.16654049962149886,0.17638152914458743,0.0,0.0,0.0,0.0,0.0,0.0,0.0,1.0,1.0,0.0,0.0,0.0,0.0,0.0,0.0,0.0,1.0,0.0,1.0,1.0,0.0,1.0,0.0,1.0,12.0,52.0,0.0
163125,Pure Mathuradas,1780,289,335,752,0,102.06,17.44072114442485,0.18820224719101122,0.42247191011235957,0.0,0.0,0.0,0.0,0.0,0.0,0.0,1.0,1.0,0.0,0.0,0.0,0.0,0.0,0.0,0.0,1.0,1.0,1.0,0.0,0.0,1.0,1.0,1.0,12.0,51.0,12.0
163126,Ramnagar,2930,417,452,675,0,264.07,11.095542848487144,0.15426621160409557,0.23037542662116042,0.0,0.0,0.0,0.0,0.0,0.0,0.0,1.0,1.0,0.0,0.0,0.0,0.0,0.0,0.0,0.0,0.0,1.0,0.0,1.0,0.0,1.0,0.0,1.0,13.0,52.0,13.0
163127,Tarachandpur,516,58,86,0,0,42.7,12.08430913348946,0.16666666666666666,0.0,0.0,0.0,0.0,0.0,0.0,0.0,0.0,1.0,1.0,0.0,0.0,0.0,0.0,0.0,0.0,0.0,1.0,0.0,1.0,1.0,0.0,0.0,1.0,0.0,10.0,52.0,0.0
163128,Pure Bhanai,1254,176,215,542,0,45.69,27.445830597504926,0.17145135566188197,0.43221690590111644,0.0,0.0,0.0,0.0,0.0,0.0,0.0,1.0,0.0,0.0,0.0,0.0,0.0,0.0,0.0,0.0,0.0,0.0,1.0,0.0,0.0,1.0,1.0,1.0,0.0,0.0,0.0
163129,Sarayn Kasturia,1671,189,255,389,0,58.54,28.544584899214215,0.1526032315978456,0.23279473369239975,0.0,0.0,0.0,0.0,0.0,0.0,0.0,1.0,0.0,0.0,0.0,0.0,0.0,0.0,0.0,1.0,0.0,0.0,1.0,1.0,0.0,1.0,1.0,1.0,8.0,52.0,0.0
163130,Dilipchandpur,904,144,165,0,0,55.71,16.226889247890863,0.18252212389380532,0.0,0.0,0.0,0.0,0.0,0.0,0.0,0.0,1.0,1.0,0.0,0.0,,0.0,0.0,0.0,0.0,0.0,0.0,1.0,1.0,0.0,1.0,1.0,1.0,10.0,58.0,0.0
163131,Kashinathpur,389,58,57,64,0,35.92,10.829621380846325,0.14652956298200515,0.16452442159383032,0.0,0.0,0.0,0.0,0.0,0.0,0.0,1.0,0.0,0.0,0.0,0.0,0.0,0.0,0.0,0.0,0.0,0.0,1.0,1.0,0.0,0.0,0.0,1.0,10.0,58.0,0.0
163132,Hemapur,382,44,66,20,0,45.72,8.355205599300088,0.17277486910994763,0.05235602094240838,0.0,0.0,0.0,0.0,0.0,0.0,0.0,1.0,1.0,0.0,0.0,0.0,0.0,0.0,0.0,1.0,1.0,0.0,1.0,1.0,0.0,1.0,1.0,1.0,10.0,58.0,0.0
163133,Holapur,1384,162,245,338,0,68.32,20.257611241217802,0.17702312138728324,0.24421965317919075,0.0,0.0,0.0,1.0,0.0,0.0,0.0,1.0,1.0,0.0,1.0,0.0,1.0,0.0,0.0,0.0,1.0,0.0,1.0,1.0,0.0,1.0,1.0,1.0,10.0,58.0,0.0
163134,Awasanpur,2746,446,424,967,0,151.33,18.145774135994184,0.15440640932265112,0.3521485797523671,0.0,0.0,0.0,0.0,0.0,0.0,0.0,1.0,1.0,1.0,0.0,0.0,1.0,0.0,0.0,0.0,1.0,0.0,1.0,1.0,0.0,1.0,1.0,1.0,10.0,58.0,0.0
163135,Dihakhas,280,41,42,60,0,35.72,7.838745800671893,0.15,0.21428571428571427,0.0,0.0,0.0,0.0,0.0,0.0,0.0,1.0,1.0,0.0,0.0,0.0,0.0,0.0,0.0,0.0,1.0,0.0,1.0,1.0,0.0,1.0,1.0,1.0,5.0,58.0,0.0
163136,Ramnathi,2755,357,377,45,0,108.14,25.476234510819307,0.1368421052631579,0.016333938294010888,0.0,0.0,0.0,0.0,0.0,0.0,0.0,1.0,0.0,0.0,0.0,0.0,0.0,0.0,0.0,0.0,0.0,0.0,1.0,0.0,0.0,1.0,1.0,1.0,0.0,0.0,0.0
163137,Harchandpur,1576,220,225,188,0,72.81,21.64537838209037,0.14276649746192893,0.11928934010152284,0.0,0.0,0.0,0.0,0.0,0.0,0.0,1.0,0.0,0.0,1.0,0.0,0.0,0.0,0.0,0.0,1.0,0.0,1.0,1.0,0.0,1.0,1.0,1.0,12.0,60.0,0.0
163138,Chak Masooma,716,87,119,307,0,61.86,11.574523116715163,0.16620111731843576,0.42877094972067037,0.0,0.0,0.0,0.0,0.0,0.0,0.0,1.0,0.0,0.0,0.0,0.0,0.0,0.0,0.0,0.0,0.0,0.0,1.0,1.0,0.0,1.0,1.0,1.0,15.0,60.0,0.0
163139,Bhiti,6946,996,1211,94,0,308.39,22.523428126722656,0.17434494673193204,0.013532968615030233,0.0,0.0,0.0,0.0,0.0,0.0,0.0,1.0,0.0,0.0,0.0,0.0,0.0,0.0,1.0,1.0,1.0,0.0,0.0,1.0,0.0,1.0,0.0,1.0,12.0,50.0,0.0
163140,Paklur,2441,322,475,538,2,216.16,11.292561065877129,0.19459238017206062,0.22040147480540762,0.0008193363375665711,0.0,0.0,0.0,0.0,0.0,0.0,1.0,0.0,0.0,0.0,0.0,0.0,0.0,0.0,0.0,0.0,0.0,1.0,0.0,0.0,1.0,1.0,1.0,0.0,0.0,0.0
163141,Ataraura,2125,328,335,262,0,163.21,13.02003553703817,0.15764705882352942,0.12329411764705882,0.0,0.0,0.0,0.0,0.0,0.0,0.0,1.0,0.0,0.0,0.0,0.0,0.0,0.0,0.0,0.0,1.0,0.0,0.0,1.0,0.0,1.0,1.0,1.0,12.0,50.0,0.0
163142,Chak Pali,647,86,129,203,0,62.88,10.289440203562341,0.19938176197836166,0.31375579598145287,0.0,0.0,0.0,0.0,0.0,0.0,0.0,1.0,1.0,0.0,1.0,0.0,1.0,0.0,0.0,0.0,0.0,1.0,1.0,0.0,0.0,0.0,1.0,1.0,16.0,60.0,5.0
163143,Sikaraha,1069,143,145,262,0,65.5,16.3206106870229,0.13564078578110383,0.245088868101029,0.0,0.0,0.0,0.0,0.0,0.0,0.0,1.0,1.0,0.0,0.0,0.0,0.0,0.0,0.0,0.0,1.0,1.0,1.0,0.0,0.0,1.0,1.0,1.0,15.0,58.0,3.0
163144,Nartir,80,12,12,0,0,45.51,1.757855416392002,0.15,0.0,0.0,0.0,0.0,0.0,0.0,0.0,0.0,0.0,0.0,1.0,1.0,1.0,1.0,0.0,0.0,0.0,1.0,1.0,1.0,1.0,0.0,0.0,0.0,1.0,37.0,46.0,46.0
163145,Gopalpur,332,46,63,0,26,53.22,6.238256294626081,0.1897590361445783,0.0,0.0783132530120482,0.0,0.0,0.0,0.0,0.0,0.0,1.0,1.0,1.0,1.0,0.0,1.0,0.0,0.0,0.0,1.0,0.0,1.0,0.0,1.0,0.0,0.0,1.0,42.0,57.0,57.0
163146,Harbari Lakhapur,779,115,131,100,1,207.83,3.748255785978925,0.1681643132220796,0.12836970474967907,0.0012836970474967907,0.0,0.0,0.0,0.0,0.0,0.0,1.0,1.0,1.0,1.0,0.0,0.0,0.0,0.0,0.0,1.0,0.0,1.0,0.0,1.0,1.0,1.0,1.0,41.0,56.0,56.0
163147,Pirhata Bisaura,1368,206,276,192,0,477.37,2.865701656995622,0.20175438596491227,0.14035087719298245,0.0,0.0,0.0,0.0,0.0,0.0,0.0,1.0,1.0,0.0,0.0,0.0,0.0,0.0,0.0,0.0,0.0,0.0,1.0,0.0,0.0,1.0,1.0,1.0,50.0,75.0,75.0
163148,Bajaji,0,0,0,0,0,7.64,0.0,,,,,,,,,,,,,,,,,,,,,,,,,,,40.0,82.0,82.0
163149,Majhiyari,234,45,38,1,49,86.34,2.710215427380125,0.1623931623931624,0.004273504273504274,0.2094017094017094,0.0,0.0,0.0,0.0,0.0,0.0,1.0,0.0,1.0,0.0,0.0,0.0,0.0,0.0,1.0,1.0,1.0,1.0,0.0,1.0,0.0,0.0,1.0,15.0,50.0,50.0
163150,Khatauni,96,19,6,0,8,82.35,1.1657559198542806,0.0625,0.0,0.08333333333333333,0.0,0.0,0.0,0.0,0.0,0.0,1.0,1.0,1.0,1.0,0.0,1.0,0.0,0.0,0.0,1.0,1.0,1.0,1.0,0.0,0.0,1.0,1.0,41.0,85.0,85.0
163151,Pal Patti,1205,175,183,323,0,300.09,4.015462028058249,0.15186721991701244,0.2680497925311203,0.0,0.0,0.0,0.0,0.0,0.0,0.0,1.0,1.0,1.0,0.0,0.0,0.0,0.0,0.0,0.0,0.0,0.0,1.0,0.0,0.0,1.0,1.0,1.0,40.0,84.0,84.0
163152,Udhrenga,21,2,2,0,0,36.99,0.5677210056772101,0.09523809523809523,0.0,0.0,0.0,0.0,0.0,0.0,0.0,0.0,1.0,1.0,1.0,0.0,0.0,0.0,1.0,1.0,1.0,1.0,1.0,1.0,0.0,0.0,0.0,1.0,1.0,39.0,83.0,83.0
163153,Chandra Udaya,144,22,21,0,0,23.13,6.22568093385214,0.14583333333333334,0.0,0.0,0.0,0.0,0.0,0.0,0.0,0.0,1.0,1.0,1.0,1.0,0.0,0.0,0.0,0.0,0.0,1.0,1.0,1.0,0.0,0.0,0.0,1.0,1.0,38.0,82.0,82.0
163154,Renga,270,46,45,0,0,103.13,2.6180548821875305,0.16666666666666666,0.0,0.0,0.0,0.0,0.0,0.0,0.0,0.0,1.0,0.0,0.0,0.0,0.0,1.0,0.0,0.0,0.0,0.0,0.0,1.0,0.0,0.0,1.0,1.0,1.0,37.0,79.0,79.0
163155,Kotar,417,65,70,18,5,124.03,3.362089816979763,0.16786570743405277,0.04316546762589928,0.011990407673860911,0.0,0.0,0.0,0.0,0.0,0.0,1.0,0.0,0.0,0.0,0.0,0.0,0.0,0.0,0.0,1.0,1.0,1.0,0.0,1.0,0.0,0.0,1.0,36.0,78.0,78.0
163156,Atkaiya Salaiya,2,1,0,2,0,18.0,0.1111111111111111,0.0,1.0,0.0,0.0,0.0,0.0,0.0,0.0,0.0,1.0,1.0,0.0,0.0,0.0,0.0,,,,,,1.0,,,1.0,1.0,1.0,37.0,81.0,81.0
163157,Lohara,715,127,107,49,123,168.68,4.2387953521460755,0.14965034965034965,0.06853146853146853,0.17202797202797201,0.0,0.0,0.0,0.0,0.0,0.0,1.0,0.0,0.0,1.0,,0.0,1.0,0.0,0.0,1.0,1.0,1.0,0.0,1.0,0.0,1.0,1.0,35.0,77.0,77.0
163158,Jora,135,24,25,108,0,173.15,0.7796708056598325,0.18518518518518517,0.8,0.0,0.0,0.0,0.0,0.0,0.0,0.0,1.0,1.0,0.0,0.0,0.0,0.0,1.0,1.0,1.0,1.0,1.0,1.0,1.0,1.0,0.0,1.0,1.0,0.0,0.0,0.0
163159,Baddiha,1582,283,270,383,0,639.35,2.4743880503636504,0.1706700379266751,0.24209860935524652,0.0,0.0,0.0,0.0,0.0,0.0,0.0,1.0,1.0,1.0,0.0,0.0,1.0,0.0,0.0,0.0,0.0,0.0,1.0,0.0,0.0,1.0,1.0,1.0,45.0,75.0,75.0
163160,Sujani Samodha,2381,377,375,636,0,644.82,3.6925033342638254,0.15749685006299874,0.26711465770684584,0.0,0.0,0.0,0.0,0.0,0.0,0.0,1.0,1.0,1.0,1.0,0.0,0.0,0.0,0.0,0.0,0.0,1.0,1.0,0.0,0.0,1.0,1.0,0.0,38.0,88.0,88.0
163161,Kauhat,1472,248,228,360,0,432.88,3.4004805026797267,0.15489130434782608,0.24456521739130435,0.0,0.0,0.0,0.0,0.0,0.0,0.0,1.0,1.0,0.0,1.0,0.0,0.0,0.0,0.0,0.0,0.0,0.0,1.0,0.0,0.0,1.0,1.0,0.0,40.0,88.0,0.0
163162,Pachauha,657,154,114,137,0,236.66,2.7761345390010987,0.1735159817351598,0.2085235920852359,0.0,0.0,0.0,0.0,0.0,0.0,0.0,1.0,1.0,0.0,1.0,0.0,0.0,0.0,0.0,0.0,1.0,1.0,1.0,0.0,0.0,0.0,1.0,1.0,0.0,0.0,0.0
163163,Sukulvan,1,1,0,0,0,76.21,0.013121637580370032,0.0,0.0,0.0,0.0,0.0,0.0,0.0,0.0,0.0,1.0,0.0,1.0,0.0,0.0,1.0,0.0,0.0,0.0,0.0,0.0,1.0,0.0,0.0,0.0,0.0,0.0,30.0,42.0,42.0
163164,Gulalpur,196,43,34,0,0,76.21,2.5718409657525263,0.17346938775510204,0.0,0.0,0.0,0.0,0.0,0.0,0.0,0.0,1.0,1.0,0.0,1.0,0.0,0.0,0.0,0.0,0.0,1.0,0.0,1.0,0.0,0.0,0.0,0.0,1.0,38.0,88.0,88.0
163165,Dihi Khurd,565,104,92,26,0,182.3,3.099286889742183,0.16283185840707964,0.04601769911504425,0.0,0.0,0.0,0.0,0.0,0.0,0.0,1.0,1.0,1.0,0.0,0.0,0.0,0.0,0.0,0.0,0.0,0.0,1.0,0.0,0.0,1.0,1.0,1.0,37.0,80.0,80.0
163166,Gaderiya,559,97,42,133,0,967.0,0.578076525336091,0.07513416815742398,0.23792486583184258,0.0,0.0,0.0,0.0,0.0,0.0,0.0,0.0,0.0,0.0,0.0,0.0,1.0,1.0,1.0,1.0,1.0,1.0,1.0,1.0,1.0,1.0,1.0,1.0,40.0,27.0,27.0
163167,Kakrahi,840,118,153,0,0,237.71,3.5337175550039963,0.18214285714285713,0.0,0.0,0.0,0.0,0.0,0.0,0.0,0.0,1.0,1.0,0.0,0.0,0.0,0.0,1.0,1.0,1.0,1.0,1.0,1.0,1.0,1.0,1.0,1.0,1.0,37.0,67.0,67.0
163168,Dhadhuva,1592,228,279,454,9,299.16,5.32156705441904,0.17525125628140703,0.2851758793969849,0.005653266331658292,0.0,0.0,0.0,0.0,0.0,0.0,1.0,1.0,0.0,0.0,0.0,0.0,1.0,1.0,1.0,1.0,1.0,1.0,1.0,1.0,1.0,1.0,1.0,35.0,65.0,65.0
163169,Piparau,1935,314,403,687,0,765.42,2.5280238300540883,0.2082687338501292,0.3550387596899225,0.0,0.0,0.0,0.0,0.0,0.0,0.0,1.0,1.0,0.0,0.0,0.0,1.0,1.0,1.0,1.0,1.0,1.0,1.0,1.0,1.0,1.0,1.0,1.0,30.0,50.0,50.0
163170,Jhadiyahi,2063,315,427,28,0,347.14,5.942847266232644,0.2069801260300533,0.013572467280659235,0.0,0.0,0.0,0.0,0.0,0.0,0.0,1.0,1.0,1.0,1.0,0.0,1.0,0.0,1.0,1.0,1.0,1.0,1.0,1.0,1.0,1.0,1.0,1.0,30.0,50.0,50.0
163171,Salaiya Kala,1677,257,304,63,0,1023.55,1.6384153192320845,0.18127608825283245,0.03756708407871199,0.0,0.0,0.0,0.0,0.0,0.0,0.0,1.0,1.0,0.0,0.0,0.0,1.0,0.0,1.0,1.0,1.0,1.0,1.0,0.0,1.0,1.0,1.0,1.0,25.0,65.0,65.0
163172,Mai Khurd,491,86,66,5,0,482.58,1.0174478842886154,0.13441955193482688,0.010183299389002037,0.0,0.0,0.0,0.0,0.0,0.0,0.0,1.0,0.0,0.0,0.0,0.0,1.0,0.0,0.0,0.0,1.0,1.0,1.0,1.0,0.0,0.0,1.0,0.0,20.0,56.0,56.0
163173,Mai Kala,862,157,159,111,0,265.36,3.2484172444980404,0.18445475638051045,0.12877030162412992,0.0,0.0,0.0,0.0,0.0,0.0,0.0,1.0,1.0,0.0,0.0,0.0,0.0,0.0,0.0,0.0,1.0,1.0,1.0,1.0,0.0,0.0,0.0,0.0,0.0,0.0,0.0
163174,Shahpur Kala,2374,404,507,19,0,275.87,8.605502591800485,0.21356360572872787,0.008003369839932602,0.0,0.0,0.0,,0.0,0.0,0.0,1.0,0.0,0.0,1.0,0.0,0.0,0.0,0.0,0.0,0.0,0.0,1.0,0.0,0.0,1.0,1.0,1.0,22.0,58.0,58.0
163175,Kathar,0,0,0,0,0,13.61,0.0,,,,,,,,,,,,,,,,,,,,,,,,,,,9.0,40.0,40.0
163176,Salaiya Khurd,2511,459,509,1062,130,771.37,3.2552471576545625,0.20270808442851454,0.4229390681003584,0.051772202309836715,0.0,0.0,0.0,0.0,0.0,0.0,1.0,1.0,0.0,0.0,0.0,0.0,1.0,1.0,1.0,1.0,1.0,1.0,1.0,1.0,0.0,1.0,1.0,25.0,47.0,47.0
163177,Dighalo,1306,198,249,364,0,993.56,1.3144651556020774,0.19065849923430322,0.2787136294027565,0.0,0.0,0.0,0.0,0.0,0.0,0.0,1.0,1.0,0.0,0.0,0.0,1.0,1.0,1.0,1.0,1.0,1.0,1.0,0.0,0.0,1.0,1.0,0.0,30.0,58.0,58.0
163178,Singhpur Khurd,438,112,17,136,0,384.33,1.1396456170478495,0.03881278538812785,0.3105022831050228,0.0,0.0,0.0,0.0,0.0,0.0,0.0,1.0,1.0,0.0,1.0,0.0,1.0,1.0,1.0,1.0,1.0,1.0,1.0,0.0,1.0,1.0,1.0,1.0,35.0,60.0,60.0
163179,Dasauti,1154,189,202,358,0,258.38,4.466289960523261,0.17504332755632582,0.31022530329289427,0.0,,0.0,0.0,0.0,0.0,0.0,1.0,1.0,0.0,1.0,0.0,0.0,1.0,1.0,1.0,1.0,1.0,1.0,1.0,1.0,1.0,1.0,1.0,25.0,47.0,0.0
163180,Jore,248,64,35,66,0,40.6,6.108374384236453,0.14112903225806453,0.2661290322580645,0.0,0.0,0.0,0.0,0.0,0.0,0.0,1.0,1.0,0.0,1.0,0.0,1.0,0.0,0.0,0.0,1.0,1.0,1.0,0.0,1.0,0.0,0.0,1.0,38.0,53.0,53.0
163181,Tala,0,0,0,0,0,9.24,0.0,,,,,,,,,,,,,,,,,,,,,,,,,,,0.0,0.0,0.0
163182,Siki Khurd,233,77,20,41,0,247.35,0.9419850414392561,0.08583690987124463,0.1759656652360515,0.0,0.0,0.0,0.0,0.0,0.0,0.0,1.0,1.0,0.0,0.0,0.0,0.0,1.0,1.0,0.0,1.0,1.0,1.0,1.0,1.0,1.0,1.0,1.0,10.0,55.0,55.0
163183,Khoota,1402,228,237,476,0,230.59,6.080055509779262,0.16904422253922968,0.33951497860199714,0.0,0.0,0.0,0.0,0.0,0.0,0.0,1.0,0.0,0.0,0.0,0.0,0.0,1.0,1.0,1.0,1.0,1.0,1.0,1.0,1.0,1.0,1.0,1.0,30.0,45.0,45.0
163184,Hanokhar,243,37,37,0,0,91.42,2.658061693283745,0.1522633744855967,0.0,0.0,0.0,0.0,0.0,0.0,0.0,0.0,1.0,1.0,0.0,0.0,0.0,0.0,0.0,0.0,0.0,0.0,1.0,1.0,1.0,0.0,0.0,0.0,1.0,30.0,55.0,55.0
163185,Dharehatha,732,111,154,120,0,295.1,2.480515079634022,0.2103825136612022,0.16393442622950818,0.0,0.0,1.0,0.0,0.0,0.0,0.0,1.0,1.0,1.0,0.0,0.0,0.0,0.0,0.0,0.0,1.0,1.0,1.0,1.0,0.0,0.0,0.0,1.0,30.0,55.0,55.0
163186,Ghoraha,400,72,53,189,0,67.67,5.911038865080537,0.1325,0.4725,0.0,0.0,0.0,0.0,0.0,0.0,0.0,1.0,1.0,1.0,1.0,0.0,1.0,0.0,0.0,0.0,1.0,1.0,1.0,1.0,0.0,1.0,1.0,1.0,30.0,55.0,55.0
163187,Karah,322,54,53,209,0,109.68,2.935813274981765,0.16459627329192547,0.6490683229813664,0.0,0.0,0.0,0.0,0.0,0.0,0.0,1.0,1.0,0.0,1.0,0.0,0.0,0.0,0.0,0.0,1.0,1.0,1.0,1.0,0.0,0.0,0.0,1.0,33.0,58.0,58.0
163188,Chamaripur,68,11,11,0,0,150.76,0.4510480233483683,0.16176470588235295,0.0,0.0,0.0,0.0,0.0,0.0,0.0,0.0,1.0,1.0,1.0,1.0,1.0,1.0,0.0,0.0,0.0,1.0,1.0,1.0,1.0,0.0,0.0,0.0,1.0,32.0,56.0,56.0
163189,Chandkhamarihia,3781,544,682,1067,0,1823.11,2.0739286164850177,0.18037556202062946,0.2822004760645332,0.0,0.0,0.0,0.0,0.0,0.0,0.0,1.0,1.0,1.0,1.0,0.0,0.0,0.0,0.0,0.0,0.0,0.0,1.0,0.0,0.0,1.0,1.0,1.0,24.0,55.0,0.0
163190,Bagariha,0,0,0,0,0,13.98,0.0,,,,,,,,,,,,,,,,,,,,,,,,,,,34.0,44.0,44.0
163191,Patehara,1315,233,273,786,0,390.62,3.366443090471558,0.20760456273764258,0.5977186311787073,0.0,0.0,0.0,0.0,0.0,0.0,0.0,1.0,1.0,0.0,0.0,0.0,0.0,0.0,0.0,0.0,0.0,0.0,1.0,0.0,0.0,0.0,1.0,1.0,30.0,40.0,40.0
163192,Mojara,891,131,197,0,0,188.9,4.716781365802012,0.22109988776655443,0.0,0.0,0.0,0.0,0.0,0.0,0.0,0.0,1.0,1.0,0.0,1.0,0.0,0.0,1.0,0.0,0.0,1.0,1.0,1.0,0.0,1.0,0.0,0.0,0.0,31.0,40.0,40.0
163193,Sirhir,2316,404,417,644,0,637.44,3.6332831325301203,0.1800518134715026,0.27806563039723664,0.0,0.0,0.0,0.0,0.0,0.0,0.0,1.0,1.0,0.0,1.0,0.0,0.0,0.0,0.0,0.0,0.0,0.0,1.0,0.0,0.0,1.0,1.0,1.0,225.0,0.0,0.0
163194,Dhobkhara,0,0,0,0,0,195.52,0.0,,,,,,,,,,,,,,,,,,,,,,,,,,,21.0,46.0,46.0
163195,Kulbhasa,1373,181,220,463,0,142.93,9.606100888546841,0.16023306627822287,0.3372177713037145,0.0,0.0,0.0,,0.0,0.0,0.0,1.0,1.0,1.0,1.0,0.0,1.0,0.0,0.0,0.0,0.0,0.0,1.0,0.0,0.0,0.0,1.0,1.0,20.0,48.0,48.0
163196,Marar,132,26,28,88,0,232.99,0.56654792051161,0.21212121212121213,0.6666666666666666,0.0,0.0,0.0,0.0,0.0,0.0,0.0,1.0,1.0,1.0,0.0,0.0,1.0,0.0,0.0,0.0,0.0,0.0,1.0,0.0,0.0,0.0,0.0,0.0,20.0,45.0,45.0
163197,Son Barsi,365,70,68,193,0,206.44,1.768068203836466,0.1863013698630137,0.5287671232876713,0.0,0.0,0.0,0.0,0.0,0.0,0.0,1.0,1.0,0.0,0.0,0.0,0.0,0.0,0.0,0.0,0.0,1.0,0.0,1.0,0.0,0.0,0.0,1.0,21.0,46.0,46.0
163198,Silaudhi Khurd,4,1,0,0,0,174.78,0.022885913720105275,0.0,0.0,0.0,0.0,0.0,0.0,0.0,0.0,0.0,1.0,0.0,0.0,0.0,0.0,0.0,,,,,,1.0,,,1.0,1.0,1.0,24.0,52.0,52.0
163199,Silaudhi Kala,3683,593,707,906,0,664.54,5.542179552773347,0.1919630735813196,0.24599511267988053,0.0,0.0,0.0,0.0,0.0,0.0,0.0,1.0,0.0,1.0,0.0,0.0,1.0,0.0,0.0,0.0,1.0,1.0,1.0,1.0,1.0,1.0,1.0,1.0,25.0,55.0,55.0
163200,Itava Kala,2981,443,650,699,0,712.33,4.184858141591678,0.21804763502180477,0.23448507212344852,0.0,0.0,1.0,0.0,0.0,0.0,0.0,1.0,0.0,0.0,0.0,0.0,0.0,0.0,0.0,0.0,1.0,1.0,1.0,1.0,0.0,1.0,1.0,1.0,30.0,55.0,55.0
163201,Mahuli Kala,1444,234,253,369,0,945.46,1.5272988809679944,0.17520775623268697,0.25554016620498615,0.0,0.0,0.0,0.0,0.0,0.0,0.0,1.0,1.0,0.0,0.0,0.0,1.0,0.0,0.0,0.0,1.0,1.0,1.0,1.0,0.0,1.0,1.0,1.0,35.0,60.0,60.0
163202,Patai Dandi,1423,182,219,283,0,517.22,2.751247051544797,0.15390021082220662,0.1988756148981026,0.0,0.0,0.0,0.0,0.0,0.0,0.0,1.0,0.0,0.0,0.0,0.0,0.0,0.0,0.0,0.0,0.0,0.0,1.0,0.0,0.0,1.0,1.0,1.0,18.0,54.0,54.0
163203,Isawta,2303,383,500,22,0,235.93,9.761369897851058,0.21710811984368214,0.009552757273122015,0.0,0.0,0.0,0.0,0.0,0.0,0.0,1.0,0.0,0.0,0.0,0.0,0.0,0.0,0.0,0.0,1.0,1.0,1.0,1.0,0.0,1.0,1.0,1.0,17.0,53.0,53.0
163204,Bhagdeva,0,0,0,0,0,130.47,0.0,,,,,,,,,,,,,,,,,,,,,,,,,,,16.0,40.0,40.0
163205,Kohrar,5904,956,1179,814,0,1061.42,5.56235985754932,0.19969512195121952,0.13787262872628725,0.0,0.0,0.0,,0.0,0.0,0.0,1.0,1.0,0.0,0.0,0.0,0.0,0.0,0.0,1.0,1.0,1.0,1.0,1.0,0.0,1.0,1.0,1.0,15.0,40.0,40.0
163206,Beri,719,125,128,245,111,37.39,19.22974057234555,0.1780250347705146,0.34075104311543813,0.15438108484005564,0.0,0.0,0.0,0.0,0.0,0.0,1.0,1.0,0.0,0.0,0.0,1.0,1.0,1.0,1.0,1.0,1.0,1.0,1.0,0.0,1.0,1.0,1.0,15.0,40.0,40.0
163207,Mudpela,1254,202,212,204,0,417.09,3.006545349924477,0.16905901116427433,0.16267942583732056,0.0,0.0,0.0,0.0,0.0,0.0,0.0,1.0,0.0,0.0,0.0,0.0,1.0,0.0,0.0,0.0,0.0,0.0,1.0,0.0,0.0,1.0,1.0,1.0,15.0,40.0,40.0
163208,Mamoli,2027,287,362,268,26,387.0,5.237726098191215,0.1785890478539714,0.1322150962012827,0.012826837691169216,0.0,0.0,0.0,0.0,0.0,0.0,1.0,1.0,1.0,0.0,0.0,0.0,0.0,0.0,0.0,0.0,0.0,1.0,0.0,0.0,1.0,1.0,1.0,15.0,45.0,45.0
163209,Madaraha,1674,327,296,364,0,349.01,4.796424171227185,0.1768219832735962,0.2174432497013142,0.0,0.0,0.0,0.0,0.0,0.0,0.0,1.0,1.0,0.0,0.0,0.0,1.0,0.0,0.0,0.0,1.0,1.0,1.0,0.0,0.0,1.0,1.0,1.0,10.0,50.0,50.0
163210,Bhatauti,5126,792,956,337,0,1244.68,4.118327602275284,0.18650019508388607,0.06574326960593055,0.0,0.0,0.0,0.0,0.0,0.0,0.0,1.0,1.0,0.0,1.0,0.0,0.0,0.0,1.0,1.0,1.0,1.0,1.0,1.0,0.0,1.0,1.0,1.0,0.0,0.0,0.0
163211,Gadevara,1303,199,237,558,0,314.56,4.142293997965412,0.18188795088257867,0.42824251726784346,0.0,0.0,0.0,0.0,0.0,0.0,0.0,1.0,0.0,0.0,0.0,0.0,1.0,0.0,0.0,1.0,1.0,1.0,1.0,1.0,0.0,1.0,1.0,1.0,15.0,40.0,40.0
163212,Hargarh,1760,254,297,668,0,685.52,2.5673940949935816,0.16875,0.3795454545454545,0.0,0.0,0.0,0.0,0.0,0.0,0.0,1.0,0.0,0.0,1.0,0.0,0.0,0.0,0.0,0.0,1.0,1.0,1.0,0.0,0.0,1.0,1.0,1.0,15.0,42.0,42.0
163213,Kharka Dabar,484,73,81,45,0,421.44,1.148443432042521,0.16735537190082644,0.09297520661157024,0.0,0.0,0.0,0.0,0.0,0.0,0.0,1.0,1.0,0.0,0.0,0.0,1.0,0.0,1.0,1.0,1.0,1.0,1.0,1.0,0.0,0.0,0.0,0.0,18.0,40.0,40.0
163214,Hardihan,2516,414,514,1005,0,1041.76,2.4151436031331595,0.20429252782193957,0.3994435612082671,0.0,0.0,0.0,0.0,0.0,0.0,0.0,1.0,1.0,1.0,1.0,0.0,0.0,0.0,0.0,0.0,0.0,0.0,1.0,0.0,0.0,1.0,1.0,1.0,20.0,44.0,44.0
163215,Gat,266,38,54,171,0,152.3,1.7465528562048587,0.20300751879699247,0.6428571428571429,0.0,0.0,0.0,0.0,0.0,0.0,0.0,1.0,0.0,0.0,0.0,0.0,1.0,0.0,0.0,0.0,1.0,1.0,1.0,0.0,0.0,0.0,0.0,0.0,22.0,48.0,48.0
163216,Samada,0,0,0,0,0,30.54,0.0,,,,,,,,,,,,,,,,,,,,,,,,,,,24.0,52.0,52.0
163217,Suraicha,567,69,101,188,0,199.37,2.8439584691779105,0.1781305114638448,0.3315696649029982,0.0,0.0,0.0,0.0,0.0,0.0,0.0,1.0,1.0,0.0,1.0,0.0,1.0,0.0,0.0,0.0,1.0,1.0,1.0,0.0,0.0,1.0,0.0,1.0,22.0,50.0,50.0
163218,Tenduva Khurd,978,144,157,302,0,207.29,4.718027883641276,0.1605316973415133,0.30879345603271985,0.0,0.0,0.0,0.0,0.0,0.0,0.0,1.0,1.0,0.0,0.0,0.0,1.0,0.0,0.0,0.0,0.0,0.0,1.0,0.0,0.0,0.0,1.0,0.0,22.0,48.0,48.0
163219,Badhava,2531,418,356,413,0,205.77,12.300140934052582,0.14065586724614776,0.16317661003555906,0.0,0.0,0.0,0.0,0.0,0.0,0.0,1.0,1.0,0.0,0.0,0.0,1.0,0.0,0.0,0.0,0.0,0.0,1.0,0.0,0.0,0.0,0.0,0.0,0.0,0.0,0.0
163220,Delaunha,2797,426,434,197,0,129.89,21.53360535838017,0.1551662495530926,0.07043260636396138,0.0,0.0,0.0,0.0,0.0,0.0,0.0,1.0,1.0,0.0,0.0,0.0,0.0,0.0,0.0,0.0,0.0,0.0,1.0,0.0,0.0,1.0,1.0,1.0,8.0,41.0,41.0
163221,Pausiya Jamaniya,772,121,124,106,0,89.4,8.635346756152124,0.16062176165803108,0.13730569948186527,0.0,0.0,0.0,0.0,0.0,0.0,0.0,1.0,1.0,0.0,0.0,0.0,0.0,0.0,0.0,0.0,0.0,0.0,1.0,0.0,0.0,0.0,1.0,1.0,8.0,39.0,39.0
163222,Panti,1568,276,205,456,0,36.13,43.39883753113756,0.13073979591836735,0.29081632653061223,0.0,0.0,0.0,0.0,0.0,0.0,0.0,1.0,1.0,0.0,0.0,0.0,0.0,0.0,0.0,0.0,0.0,0.0,1.0,0.0,0.0,1.0,1.0,1.0,9.0,40.0,40.0
163223,Lakhanpur,1007,145,145,155,0,48.43,20.79289696469131,0.14399205561072492,0.15392254220456802,0.0,0.0,0.0,0.0,0.0,0.0,0.0,1.0,1.0,0.0,0.0,0.0,0.0,0.0,0.0,0.0,0.0,0.0,1.0,1.0,0.0,0.0,0.0,1.0,10.0,41.0,41.0
163224,Viswanathpur,170,29,24,41,0,25.92,6.558641975308642,0.1411764705882353,0.2411764705882353,0.0,0.0,0.0,0.0,0.0,0.0,0.0,1.0,1.0,0.0,0.0,1.0,0.0,0.0,0.0,0.0,0.0,0.0,1.0,0.0,0.0,0.0,0.0,1.0,9.0,40.0,40.0
163225,Bisahijan Kala,2237,335,336,637,0,145.87,15.335572770274903,0.15020116227089853,0.28475637013857846,0.0,0.0,0.0,0.0,0.0,0.0,0.0,1.0,1.0,0.0,0.0,0.0,0.0,0.0,0.0,0.0,1.0,1.0,1.0,1.0,0.0,1.0,1.0,1.0,0.0,40.0,40.0
163226,Bihiyan Khurd,1619,273,285,228,0,121.19,13.359188051819457,0.17603458925262508,0.14082767140210006,0.0,0.0,0.0,0.0,0.0,0.0,0.0,1.0,0.0,0.0,0.0,0.0,1.0,0.0,0.0,0.0,0.0,0.0,1.0,0.0,0.0,1.0,1.0,1.0,10.0,40.0,40.0
163227,Lotad,4265,757,708,940,0,255.3,16.705836271053663,0.16600234466588512,0.22039859320046892,0.0,0.0,0.0,0.0,0.0,0.0,0.0,1.0,1.0,0.0,0.0,0.0,0.0,0.0,0.0,0.0,0.0,0.0,1.0,0.0,0.0,1.0,1.0,1.0,0.0,48.0,48.0
163228,Amora,1753,269,253,860,0,140.99,12.433505922405844,0.14432401597261837,0.4905875641756988,0.0,0.0,0.0,0.0,0.0,0.0,0.0,1.0,0.0,0.0,0.0,0.0,0.0,0.0,0.0,0.0,0.0,0.0,1.0,0.0,0.0,1.0,1.0,1.0,9.0,40.0,40.0
163229,Gaura,700,101,97,0,0,66.42,10.538994278831677,0.13857142857142857,0.0,0.0,0.0,0.0,0.0,0.0,0.0,0.0,1.0,1.0,0.0,0.0,0.0,0.0,,,,,,1.0,,,0.0,0.0,0.0,0.0,0.0,0.0
163230,Pausiya Dube,1493,233,242,394,18,86.45,17.2700983227299,0.1620897521768252,0.2638981915606162,0.012056262558606833,0.0,0.0,0.0,0.0,0.0,0.0,1.0,0.0,0.0,0.0,0.0,0.0,,,,,,1.0,,,1.0,1.0,1.0,6.0,40.0,4.0
163231,Khara,1029,181,175,0,0,168.04,6.123542013806237,0.17006802721088435,0.0,0.0,0.0,0.0,0.0,0.0,0.0,0.0,1.0,1.0,0.0,0.0,0.0,0.0,1.0,0.0,0.0,0.0,1.0,1.0,1.0,1.0,1.0,1.0,1.0,5.0,46.0,46.0
163232,Lutar,2434,342,437,429,0,186.32,13.06354658651782,0.17953985209531634,0.176253081347576,0.0,0.0,0.0,0.0,0.0,0.0,0.0,1.0,1.0,0.0,0.0,0.0,1.0,,,,,,1.0,,,1.0,1.0,1.0,6.0,40.0,40.0
163233,Barsaita,2598,398,503,161,0,333.57,7.788470186167821,0.19361046959199385,0.0619707467282525,0.0,0.0,0.0,0.0,0.0,0.0,0.0,1.0,1.0,0.0,0.0,0.0,0.0,0.0,0.0,0.0,0.0,0.0,1.0,0.0,0.0,1.0,1.0,1.0,5.0,41.0,41.0
163234,Tendua Kalan,2247,343,420,1191,0,135.8,16.546391752577318,0.18691588785046728,0.5300400534045394,0.0,0.0,0.0,0.0,0.0,0.0,0.0,1.0,0.0,0.0,0.0,0.0,0.0,,,,,,1.0,,,1.0,1.0,1.0,0.0,0.0,0.0
163235,Jarar,2633,426,448,850,0,193.14,13.632598115356737,0.1701481200151918,0.3228256741359666,0.0,0.0,0.0,0.0,0.0,0.0,0.0,1.0,1.0,0.0,0.0,0.0,0.0,0.0,0.0,1.0,1.0,1.0,1.0,0.0,0.0,1.0,1.0,1.0,5.0,40.0,40.0
163236,Usaki,1418,220,210,941,0,30.14,47.04711347047113,0.14809590973201692,0.6636107193229901,0.0,0.0,0.0,0.0,0.0,0.0,0.0,1.0,1.0,1.0,0.0,0.0,0.0,0.0,0.0,0.0,0.0,1.0,1.0,0.0,0.0,0.0,0.0,1.0,4.0,48.0,48.0
163237,Akhari Shahpur,2607,481,455,506,0,141.99,18.360447918867525,0.174530111238972,0.1940928270042194,0.0,0.0,0.0,0.0,0.0,0.0,0.0,1.0,1.0,0.0,0.0,0.0,1.0,1.0,0.0,1.0,1.0,1.0,1.0,1.0,1.0,1.0,1.0,1.0,6.0,50.0,50.0
163238,Busaka,1143,156,192,148,0,76.9,14.863459037711312,0.1679790026246719,0.1294838145231846,0.0,0.0,0.0,0.0,0.0,0.0,0.0,1.0,1.0,0.0,0.0,0.0,1.0,0.0,0.0,0.0,0.0,0.0,1.0,0.0,0.0,1.0,1.0,1.0,7.0,42.0,42.0
163239,Bhadevara,2001,404,359,898,0,131.77,15.18555058055703,0.1794102948525737,0.44877561219390305,0.0,0.0,0.0,0.0,0.0,0.0,0.0,1.0,0.0,0.0,0.0,0.0,0.0,1.0,1.0,1.0,1.0,1.0,1.0,1.0,0.0,0.0,1.0,1.0,7.0,41.0,41.0
163240,Gosauvara Khurd,567,99,90,4,0,64.03,8.855224113696705,0.15873015873015872,0.007054673721340388,0.0,0.0,0.0,0.0,0.0,0.0,0.0,1.0,1.0,1.0,1.0,0.0,1.0,0.0,0.0,0.0,0.0,0.0,1.0,0.0,0.0,0.0,0.0,1.0,7.0,41.0,41.0
163241,Chapartala Tappa Chaurasi,1235,207,193,578,0,106.28,11.620248400451636,0.1562753036437247,0.4680161943319838,0.0,0.0,0.0,0.0,0.0,0.0,0.0,1.0,0.0,0.0,0.0,0.0,0.0,1.0,1.0,1.0,1.0,1.0,1.0,1.0,0.0,1.0,1.0,1.0,6.0,41.0,41.0
163242,Nevariya,6600,1000,1127,1676,0,799.76,8.252475742722817,0.17075757575757575,0.25393939393939396,0.0,0.0,0.0,0.0,0.0,0.0,0.0,1.0,1.0,0.0,0.0,0.0,0.0,0.0,0.0,0.0,0.0,0.0,1.0,0.0,0.0,1.0,1.0,1.0,5.0,45.0,45.0
163243,Kunchi,684,104,125,5,49,69.69,9.814894532931554,0.1827485380116959,0.007309941520467836,0.07163742690058479,0.0,0.0,0.0,0.0,0.0,0.0,1.0,1.0,0.0,0.0,0.0,0.0,1.0,0.0,1.0,1.0,1.0,1.0,1.0,1.0,0.0,0.0,1.0,4.0,54.0,54.0
163244,Jamua,1966,321,313,180,0,261.62,7.5147160003057865,0.15920651068158698,0.09155645981688708,0.0,0.0,0.0,0.0,0.0,0.0,0.0,1.0,1.0,0.0,0.0,0.0,1.0,0.0,0.0,0.0,1.0,1.0,1.0,0.0,0.0,1.0,1.0,1.0,3.0,53.0,0.0
163245,Merara,2323,333,437,68,44,329.48,7.050503824207842,0.18811881188118812,0.02927249246663797,0.018941024537236333,0.0,0.0,0.0,0.0,0.0,0.0,1.0,1.0,0.0,0.0,0.0,1.0,0.0,0.0,0.0,0.0,1.0,1.0,0.0,0.0,1.0,1.0,1.0,5.0,55.0,0.0
163246,Atari Amiliya,1860,298,324,84,0,220.51,8.434991610357807,0.17419354838709677,0.04516129032258064,0.0,0.0,0.0,0.0,0.0,0.0,0.0,1.0,0.0,0.0,0.0,0.0,0.0,0.0,0.0,1.0,0.0,0.0,1.0,1.0,0.0,1.0,1.0,1.0,6.0,52.0,52.0
163247,Amkachha,277,40,42,0,0,57.89,4.784936949386768,0.15162454873646208,0.0,0.0,0.0,0.0,0.0,0.0,0.0,0.0,1.0,1.0,0.0,0.0,0.0,0.0,0.0,0.0,1.0,1.0,1.0,1.0,1.0,0.0,0.0,1.0,0.0,7.0,53.0,53.0
163248,Kurki Kalan,2832,477,485,252,0,783.15,3.616165485539169,0.17125706214689265,0.08898305084745763,0.0,0.0,0.0,0.0,0.0,0.0,0.0,1.0,1.0,0.0,0.0,0.0,1.0,0.0,0.0,1.0,1.0,0.0,1.0,1.0,0.0,1.0,1.0,0.0,7.0,55.0,55.0
163249,Kurki Khurd,28,4,3,0,0,63.28,0.44247787610619466,0.10714285714285714,0.0,0.0,0.0,0.0,0.0,0.0,0.0,0.0,1.0,1.0,0.0,0.0,0.0,0.0,0.0,0.0,1.0,1.0,1.0,1.0,0.0,1.0,0.0,0.0,0.0,8.0,54.0,54.0
163250,Misrapur,645,94,100,141,0,91.18,7.073919719236674,0.15503875968992248,0.2186046511627907,0.0,0.0,0.0,0.0,0.0,0.0,0.0,1.0,0.0,0.0,1.0,0.0,1.0,0.0,0.0,1.0,1.0,1.0,1.0,0.0,0.0,0.0,1.0,1.0,8.0,55.0,0.0
163251,Kona,1980,279,288,501,0,184.63,10.724151004712127,0.14545454545454545,0.25303030303030305,0.0,0.0,0.0,0.0,0.0,0.0,0.0,1.0,0.0,0.0,1.0,0.0,1.0,0.0,0.0,0.0,1.0,0.0,1.0,0.0,0.0,1.0,1.0,1.0,9.0,55.0,0.0
163252,Singhpur Kala,1495,230,229,113,0,231.13,6.468221347293731,0.1531772575250836,0.07558528428093646,0.0,0.0,0.0,0.0,0.0,0.0,0.0,1.0,0.0,0.0,1.0,0.0,1.0,0.0,0.0,1.0,0.0,0.0,1.0,0.0,0.0,1.0,1.0,1.0,0.0,0.0,0.0
163253,Bhasundar Khurd,1253,200,220,251,93,111.61,11.226592599229459,0.17557861133280128,0.20031923383878691,0.0742218675179569,0.0,0.0,0.0,0.0,0.0,0.0,1.0,1.0,0.0,0.0,0.0,1.0,0.0,0.0,0.0,0.0,0.0,1.0,0.0,0.0,1.0,1.0,1.0,5.0,45.0,0.0
163254,Bhasunder Kala,780,122,162,5,0,92.29,8.45161989381298,0.2076923076923077,0.00641025641025641,0.0,0.0,0.0,0.0,0.0,0.0,0.0,1.0,0.0,0.0,0.0,0.0,0.0,0.0,0.0,0.0,0.0,0.0,1.0,0.0,0.0,1.0,1.0,1.0,5.0,45.0,0.0
163255,Bhasunder Mijhali,586,100,95,119,0,60.79,9.639743378845205,0.1621160409556314,0.2030716723549488,0.0,0.0,0.0,0.0,0.0,0.0,0.0,1.0,0.0,0.0,0.0,0.0,0.0,0.0,0.0,0.0,0.0,0.0,1.0,0.0,0.0,1.0,1.0,1.0,5.0,45.0,0.0
163256,Sukath,957,146,160,86,0,180.48,5.302526595744681,0.1671891327063741,0.08986415882967608,0.0,0.0,0.0,0.0,0.0,0.0,0.0,1.0,0.0,0.0,0.0,0.0,0.0,0.0,0.0,0.0,0.0,0.0,1.0,0.0,0.0,0.0,1.0,1.0,5.0,46.0,0.0
163257,Dharaval,1255,194,256,509,0,323.7,3.8770466481309858,0.20398406374501993,0.4055776892430279,0.0,0.0,0.0,0.0,0.0,0.0,0.0,1.0,0.0,0.0,0.0,0.0,1.0,0.0,0.0,0.0,0.0,0.0,1.0,0.0,0.0,1.0,1.0,1.0,0.0,0.0,0.0
163258,Pura Lachchan,1215,188,189,394,0,92.08,13.195047784535188,0.15555555555555556,0.3242798353909465,0.0,0.0,0.0,0.0,0.0,0.0,0.0,1.0,1.0,0.0,0.0,0.0,0.0,0.0,0.0,0.0,1.0,0.0,1.0,1.0,0.0,1.0,1.0,1.0,41.0,46.0,0.0
163259,Dari,2262,329,370,523,0,870.79,2.5976412223383365,0.16357206012378425,0.23121131741821396,0.0,0.0,0.0,0.0,0.0,0.0,0.0,1.0,0.0,0.0,0.0,0.0,0.0,0.0,0.0,1.0,1.0,0.0,1.0,0.0,0.0,1.0,1.0,1.0,5.0,46.0,0.0
163260,Kardaha,568,70,112,70,0,93.82,6.054146237476019,0.19718309859154928,0.12323943661971831,0.0,0.0,0.0,0.0,0.0,0.0,0.0,1.0,0.0,0.0,0.0,0.0,0.0,0.0,0.0,1.0,1.0,0.0,1.0,1.0,0.0,1.0,1.0,1.0,1.0,45.0,14.0
163261,Tigja,1759,253,320,229,0,170.43,10.320952883881946,0.18192154633314384,0.13018760659465606,0.0,0.0,0.0,0.0,0.0,0.0,0.0,1.0,0.0,0.0,0.0,0.0,0.0,0.0,0.0,0.0,1.0,1.0,1.0,1.0,0.0,1.0,1.0,1.0,4.0,45.0,13.0
163262,Khaur,1018,157,198,115,0,231.7,4.393612429866207,0.1944990176817289,0.11296660117878192,0.0,0.0,0.0,0.0,0.0,0.0,0.0,1.0,0.0,0.0,0.0,0.0,0.0,0.0,0.0,1.0,1.0,1.0,1.0,0.0,0.0,1.0,1.0,1.0,5.0,44.0,44.0
163263,Sirkhiri,1037,152,141,82,0,129.52,8.006485484867202,0.1359691417550627,0.07907425265188042,0.0,0.0,0.0,0.0,0.0,0.0,0.0,1.0,0.0,0.0,0.0,0.0,0.0,0.0,1.0,1.0,1.0,1.0,1.0,0.0,0.0,1.0,1.0,1.0,2.0,45.0,14.0
163264,Gadurahi,1631,215,262,505,0,208.14,7.836071874699722,0.16063764561618638,0.3096259963212753,0.0,0.0,0.0,0.0,0.0,0.0,0.0,1.0,1.0,0.0,1.0,0.0,0.0,0.0,0.0,1.0,1.0,0.0,1.0,0.0,0.0,0.0,1.0,1.0,3.0,45.0,0.0
163265,Mejiya,650,95,103,91,0,66.35,9.796533534287867,0.15846153846153846,0.14,0.0,0.0,0.0,0.0,0.0,0.0,0.0,1.0,1.0,0.0,0.0,0.0,0.0,0.0,0.0,0.0,1.0,1.0,1.0,0.0,0.0,1.0,0.0,1.0,5.0,56.0,0.0
163266,Maraha,1202,141,215,426,0,102.39,11.739427678484226,0.1788685524126456,0.3544093178036606,0.0,0.0,0.0,0.0,0.0,0.0,0.0,1.0,0.0,0.0,0.0,0.0,0.0,0.0,0.0,0.0,0.0,1.0,1.0,0.0,0.0,1.0,0.0,1.0,3.0,56.0,0.0
163267,Gaharpur Khurd,186,35,25,186,0,34.91,5.327986250358064,0.13440860215053763,1.0,0.0,0.0,0.0,0.0,0.0,0.0,0.0,1.0,0.0,0.0,0.0,0.0,0.0,0.0,0.0,0.0,1.0,1.0,1.0,0.0,0.0,1.0,1.0,1.0,2.0,56.0,0.0
163268,Udhrenga,599,99,75,215,0,78.69,7.612148938874063,0.12520868113522537,0.3589315525876461,0.0,0.0,0.0,0.0,0.0,0.0,0.0,1.0,0.0,0.0,0.0,0.0,0.0,0.0,0.0,0.0,0.0,1.0,0.0,0.0,0.0,1.0,1.0,1.0,2.0,56.0,0.0
163269,Gunai Gaharpur,2692,407,436,501,0,271.1,9.929915160457394,0.16196136701337296,0.1861069836552749,0.0,0.0,0.0,0.0,0.0,0.0,0.0,1.0,1.0,1.0,0.0,0.0,0.0,0.0,0.0,0.0,1.0,1.0,1.0,1.0,1.0,1.0,1.0,1.0,1.0,56.0,0.0
163270,Meja Khas,7782,1222,1269,1421,41,1233.37,6.30954214874693,0.1630686198920586,0.18260087381135956,0.005268568491390388,1.0,0.0,1.0,1.0,0.0,0.0,1.0,1.0,0.0,0.0,0.0,1.0,0.0,0.0,1.0,0.0,1.0,1.0,1.0,1.0,1.0,1.0,1.0,0.0,45.0,14.0
163271,Narir,636,79,166,216,0,94.02,6.764518187619656,0.2610062893081761,0.33962264150943394,0.0,0.0,0.0,0.0,0.0,0.0,0.0,1.0,0.0,0.0,0.0,0.0,0.0,0.0,0.0,1.0,1.0,1.0,1.0,0.0,0.0,1.0,0.0,1.0,13.0,48.0,13.0
163272,Rauuni,367,57,86,144,0,77.29,4.748350368741105,0.23433242506811988,0.3923705722070845,0.0,0.0,0.0,0.0,0.0,0.0,0.0,1.0,1.0,0.0,0.0,0.0,0.0,0.0,0.0,0.0,1.0,1.0,1.0,1.0,0.0,0.0,1.0,1.0,14.0,48.0,14.0
163273,Shahpur Khurd,633,90,119,398,0,224.54,2.8190968201656723,0.18799368088467613,0.6287519747235387,0.0,0.0,0.0,0.0,0.0,0.0,0.0,1.0,1.0,0.0,0.0,0.0,0.0,0.0,0.0,0.0,0.0,1.0,1.0,1.0,0.0,0.0,1.0,1.0,13.0,48.0,14.0
163274,Chak Uchehra,0,0,0,0,0,33.59,0.0,,,,,,,,,,,,,,,,,,,,,,,,,,,0.0,0.0,0.0
163275,Bhaiya,1551,232,257,544,0,552.24,2.808561495002173,0.16569954867827208,0.35074145712443583,0.0,0.0,0.0,0.0,0.0,0.0,0.0,1.0,1.0,0.0,0.0,0.0,0.0,0.0,0.0,0.0,0.0,0.0,1.0,1.0,0.0,1.0,1.0,1.0,12.0,40.0,15.0
163276,Chandhash,841,123,165,323,0,317.53,2.6485686391836993,0.1961950059453032,0.38406658739595717,0.0,0.0,0.0,0.0,0.0,0.0,0.0,1.0,1.0,0.0,0.0,0.0,0.0,0.0,0.0,0.0,0.0,1.0,0.0,1.0,0.0,1.0,1.0,1.0,12.0,50.0,20.0
163277,Siki Khurd,705,77,132,158,0,173.87,4.054753551503997,0.18723404255319148,0.22411347517730495,0.0,0.0,0.0,0.0,0.0,0.0,0.0,1.0,1.0,0.0,0.0,0.0,0.0,0.0,0.0,1.0,0.0,1.0,1.0,0.0,0.0,0.0,0.0,1.0,0.0,0.0,0.0
163278,Dhauhan Chehra,108,18,13,0,0,163.9,0.6589383770591825,0.12037037037037036,0.0,0.0,0.0,0.0,0.0,0.0,0.0,0.0,0.0,0.0,0.0,0.0,0.0,1.0,0.0,0.0,0.0,0.0,1.0,1.0,1.0,0.0,0.0,1.0,1.0,14.0,50.0,14.0
163279,Bhoj Purva,1636,238,349,519,0,333.95,4.898936966611768,0.21332518337408313,0.31723716381418093,0.0,0.0,0.0,0.0,0.0,0.0,0.0,1.0,1.0,0.0,0.0,0.0,0.0,0.0,0.0,0.0,0.0,1.0,0.0,1.0,0.0,1.0,1.0,1.0,12.0,45.0,12.0
163280,Pathara,1493,227,286,703,6,51.43,29.029749173634066,0.19156061620897522,0.4708640321500335,0.004018754186202277,0.0,0.0,0.0,0.0,0.0,0.0,0.0,1.0,0.0,0.0,0.0,1.0,0.0,1.0,1.0,1.0,0.0,1.0,1.0,0.0,1.0,1.0,1.0,0.0,0.0,0.0
163281,Suhas,1669,255,326,388,1,53.66,31.103242638837123,0.19532654284002396,0.23247453565008988,0.0005991611743559018,0.0,0.0,0.0,0.0,0.0,0.0,1.0,1.0,0.0,1.0,0.0,1.0,0.0,1.0,1.0,1.0,1.0,1.0,1.0,0.0,1.0,1.0,1.0,15.0,55.0,0.0
163282,Majhila,174,34,20,0,0,156.57,1.1113240084307339,0.11494252873563218,0.0,0.0,0.0,0.0,0.0,0.0,0.0,0.0,1.0,0.0,0.0,0.0,0.0,0.0,0.0,0.0,1.0,1.0,1.0,1.0,0.0,0.0,0.0,0.0,0.0,23.0,57.0,0.0
163283,Fachkari,293,34,66,14,0,110.32,2.655910079767948,0.22525597269624573,0.04778156996587031,0.0,0.0,0.0,0.0,0.0,0.0,0.0,1.0,1.0,0.0,0.0,0.0,0.0,0.0,0.0,0.0,1.0,1.0,1.0,0.0,0.0,0.0,1.0,1.0,14.0,50.0,14.0
163284,Nevada,1446,244,266,535,0,381.09,3.7943792804849252,0.1839557399723375,0.3699861687413555,0.0,0.0,0.0,0.0,0.0,0.0,0.0,1.0,0.0,0.0,0.0,0.0,0.0,0.0,0.0,0.0,1.0,1.0,0.0,1.0,0.0,0.0,1.0,1.0,13.0,48.0,13.0
163285,Jathara,448,75,63,178,0,144.46,3.101204485670774,0.140625,0.39732142857142855,0.0,1.0,0.0,1.0,0.0,0.0,0.0,1.0,1.0,0.0,0.0,0.0,0.0,0.0,0.0,0.0,0.0,1.0,0.0,1.0,0.0,0.0,1.0,1.0,14.0,49.0,0.0
163286,Bisari,710,130,100,282,0,207.85,3.415924945874429,0.14084507042253522,0.3971830985915493,0.0,0.0,0.0,0.0,0.0,0.0,0.0,1.0,0.0,0.0,0.0,0.0,0.0,0.0,0.0,0.0,0.0,1.0,0.0,0.0,0.0,0.0,0.0,0.0,20.0,60.0,9.0
163287,Bhabhaur,815,132,150,222,0,189.99,4.289699457866203,0.18404907975460122,0.2723926380368098,0.0,0.0,0.0,0.0,0.0,0.0,0.0,1.0,1.0,0.0,1.0,0.0,0.0,0.0,0.0,0.0,0.0,1.0,0.0,0.0,0.0,1.0,0.0,0.0,25.0,63.0,8.0
163288,Siki Kalan,4391,666,768,1441,0,1217.24,3.607341198120338,0.17490321111364154,0.32817125939421543,0.0,0.0,0.0,0.0,0.0,0.0,0.0,1.0,0.0,0.0,0.0,0.0,0.0,0.0,0.0,1.0,0.0,0.0,1.0,1.0,0.0,1.0,1.0,1.0,10.0,55.0,16.0
163289,Bashara,4788,751,889,1522,0,2492.0,1.9213483146067416,0.18567251461988304,0.3178780284043442,0.0,0.0,0.0,0.0,0.0,0.0,0.0,1.0,1.0,0.0,0.0,0.0,1.0,0.0,0.0,0.0,0.0,0.0,1.0,1.0,0.0,1.0,0.0,1.0,0.0,0.0,0.0
163290,Akbar Shahpur,1855,232,367,273,0,260.56,7.119281547436291,0.19784366576819407,0.1471698113207547,0.0,0.0,0.0,0.0,0.0,0.0,0.0,1.0,1.0,0.0,0.0,0.0,0.0,0.0,0.0,1.0,0.0,0.0,1.0,0.0,0.0,1.0,1.0,1.0,9.0,54.0,12.0
163291,Dudhara,984,134,165,390,0,188.59,5.217667956943634,0.1676829268292683,0.39634146341463417,0.0,0.0,0.0,0.0,0.0,0.0,0.0,1.0,1.0,1.0,0.0,0.0,0.0,0.0,0.0,0.0,1.0,1.0,1.0,0.0,1.0,1.0,0.0,1.0,12.0,56.0,0.0
163292,Jokahai,1668,228,309,376,10,276.19,6.039320757449582,0.18525179856115107,0.22541966426858512,0.005995203836930456,0.0,0.0,0.0,0.0,0.0,0.0,1.0,0.0,0.0,0.0,0.0,0.0,0.0,0.0,0.0,1.0,1.0,1.0,1.0,0.0,1.0,1.0,1.0,13.0,58.0,58.0
163293,Kharehara,284,36,29,87,0,88.87,3.1956790818048835,0.10211267605633803,0.30633802816901406,0.0,0.0,0.0,0.0,0.0,0.0,0.0,1.0,0.0,0.0,0.0,0.0,1.0,0.0,0.0,0.0,0.0,1.0,1.0,1.0,0.0,0.0,0.0,0.0,13.0,59.0,59.0
163294,Badhiyari Khurd,1053,178,189,301,0,337.76,3.117598294647087,0.1794871794871795,0.2858499525166192,0.0,0.0,0.0,0.0,0.0,0.0,0.0,1.0,1.0,0.0,0.0,0.0,0.0,0.0,0.0,0.0,1.0,1.0,1.0,1.0,0.0,1.0,1.0,1.0,13.0,58.0,58.0
163295,Badhiyari Kalan,1773,245,292,285,0,386.71,4.584831010317809,0.164692611393119,0.16074450084602368,0.0,0.0,0.0,0.0,0.0,0.0,0.0,1.0,1.0,0.0,0.0,0.0,0.0,0.0,0.0,0.0,1.0,1.0,1.0,1.0,0.0,0.0,0.0,1.0,13.0,58.0,58.0
163296,Sirokhar,1672,255,295,389,0,481.02,3.4759469460729284,0.17643540669856458,0.2326555023923445,0.0,0.0,0.0,0.0,0.0,0.0,0.0,1.0,1.0,0.0,0.0,0.0,0.0,0.0,0.0,0.0,0.0,1.0,0.0,0.0,0.0,1.0,1.0,1.0,12.0,56.0,0.0
163297,Kapuri Bhraiya,2057,308,301,324,0,210.92,9.752512801062014,0.14632960622265434,0.15751093825960136,0.0,0.0,0.0,0.0,0.0,0.0,0.0,1.0,0.0,1.0,1.0,0.0,0.0,0.0,1.0,1.0,1.0,1.0,1.0,1.0,0.0,0.0,1.0,1.0,8.0,45.0,10.0
163298,Siriyari,883,121,162,212,0,356.2,2.4789444132509826,0.18346545866364666,0.24009060022650056,0.0,0.0,0.0,0.0,0.0,0.0,0.0,1.0,0.0,0.0,0.0,0.0,1.0,0.0,1.0,0.0,0.0,0.0,1.0,0.0,0.0,1.0,1.0,1.0,8.0,53.0,9.0
163299,Chauki Mai Arazi Panasa Uparha,3246,471,528,307,0,115.76,28.04077401520387,0.16266173752310537,0.09457794208256315,0.0,0.0,0.0,0.0,0.0,0.0,0.0,1.0,1.0,0.0,0.0,0.0,0.0,0.0,1.0,1.0,1.0,1.0,1.0,0.0,0.0,1.0,1.0,1.0,20.0,45.0,0.0
163300,Arazi Panasa Uparhar,0,0,0,0,0,6.86,0.0,,,,,,,,,,,,,,,,,,,,,,,,,,,0.0,0.0,0.0
163301,Chauki Mai Arazi Panasa Kachha,0,0,0,0,0,232.48,0.0,,,,,,,,,,,,,,,,,,,,,,,,,,,0.0,0.0,0.0
163302,Arazi Panasa Kachhar,0,0,0,0,0,9.99,0.0,,,,,,,,,,,,,,,,,,,,,,,,,,,0.0,0.0,0.0
163303,Uparaura Kachhar,0,0,0,0,0,205.01,0.0,,,,,,,,,,,,,,,,,,,,,,,,,,,0.0,0.0,0.0
163304,Arazi Fatehbara,0,0,0,0,0,4.24,0.0,,,,,,,,,,,,,,,,,,,,,,,,,,,0.0,0.0,0.0
163305,Uparaura Uparhar,7898,1138,1261,486,9,296.7,26.619480957195822,0.1596606735882502,0.06153456571283869,0.001139528994682198,0.0,0.0,0.0,0.0,0.0,0.0,1.0,1.0,0.0,0.0,0.0,0.0,0.0,1.0,1.0,1.0,1.0,1.0,0.0,0.0,1.0,1.0,1.0,15.0,42.0,2.0
163306,Bagaha,1907,280,280,64,20,412.39,4.624263439947622,0.14682747771368643,0.033560566334556896,0.01048767697954903,0.0,0.0,0.0,0.0,0.0,0.0,1.0,1.0,0.0,1.0,0.0,1.0,0.0,1.0,1.0,1.0,1.0,1.0,0.0,0.0,1.0,1.0,1.0,20.0,40.0,40.0
163307,Amiliya Khurd,637,115,77,0,0,154.68,4.118179467287303,0.12087912087912088,0.0,0.0,0.0,0.0,0.0,0.0,0.0,0.0,1.0,1.0,0.0,0.0,0.0,0.0,0.0,0.0,0.0,1.0,1.0,1.0,0.0,0.0,1.0,1.0,1.0,0.0,0.0,0.0
163308,Samahan,5490,813,798,636,29,528.87,10.380622837370241,0.1453551912568306,0.11584699453551912,0.005282331511839709,0.0,0.0,0.0,0.0,0.0,0.0,1.0,0.0,0.0,0.0,0.0,0.0,0.0,1.0,1.0,1.0,1.0,1.0,0.0,0.0,1.0,1.0,1.0,13.0,35.0,9.0
163309,Kathauli,6323,951,965,1768,0,13.0,486.38461538461536,0.15261742843586906,0.27961410722758184,0.0,0.0,0.0,0.0,0.0,0.0,0.0,1.0,1.0,0.0,0.0,0.0,0.0,0.0,1.0,1.0,1.0,1.0,1.0,1.0,0.0,0.0,1.0,1.0,6.0,41.0,4.0
163310,Kathar,62,12,7,0,0,13.58,4.565537555228277,0.11290322580645161,0.0,0.0,0.0,0.0,0.0,0.0,0.0,0.0,0.0,0.0,0.0,0.0,0.0,1.0,1.0,1.0,0.0,0.0,0.0,1.0,1.0,0.0,0.0,0.0,0.0,45.0,40.0,8.0
163311,Bedauli Tappa Chaurasi,1920,259,282,271,0,140.69,13.647025374937806,0.146875,0.14114583333333333,0.0,0.0,0.0,0.0,0.0,0.0,0.0,1.0,1.0,0.0,0.0,0.0,1.0,0.0,1.0,0.0,1.0,1.0,1.0,0.0,0.0,1.0,0.0,1.0,13.0,38.0,0.0
163312,Bari,1200,157,187,385,0,107.11,11.203435720287555,0.15583333333333332,0.32083333333333336,0.0,0.0,0.0,0.0,0.0,0.0,0.0,1.0,1.0,0.0,0.0,0.0,0.0,0.0,1.0,1.0,1.0,1.0,1.0,1.0,0.0,1.0,1.0,1.0,12.0,45.0,2.0
163313,Khanpur,2966,465,387,558,0,160.47,18.48320558359818,0.13047875927174646,0.18813216453135537,0.0,0.0,0.0,0.0,0.0,0.0,0.0,1.0,1.0,1.0,0.0,0.0,0.0,0.0,0.0,0.0,1.0,1.0,1.0,0.0,0.0,1.0,0.0,1.0,11.0,35.0,0.0
163314,Soranv Pati,4377,625,603,961,0,472.73,9.258985044317052,0.13776559287183002,0.21955677404615034,0.0,0.0,0.0,0.0,0.0,0.0,0.0,1.0,1.0,0.0,0.0,0.0,0.0,0.0,1.0,1.0,1.0,0.0,1.0,0.0,0.0,0.0,1.0,1.0,9.0,40.0,0.0
163315,Sirsa Kachhar,0,0,0,0,0,23.26,0.0,,,,,,,,,,,,,,,,,,,,,,,,,,,7.0,40.0,0.0
163316,Chhatava Kachhar,0,0,0,0,0,31.4,0.0,,,,,,,,,,,,,,,,,,,,,,,,,,,15.0,40.0,0.0
163317,Chhatava Uparhar,6253,897,1010,1458,0,191.5,32.652741514360315,0.16152246921477692,0.2331680793219255,0.0,0.0,0.0,0.0,0.0,0.0,0.0,1.0,0.0,0.0,0.0,0.0,1.0,0.0,0.0,0.0,1.0,1.0,1.0,0.0,0.0,1.0,1.0,1.0,15.0,40.0,1.0
163318,Bajaha,720,111,40,17,0,47.52,15.15151515151515,0.05555555555555555,0.02361111111111111,0.0,0.0,0.0,0.0,0.0,0.0,0.0,1.0,1.0,0.0,0.0,0.0,1.0,0.0,0.0,1.0,1.0,1.0,1.0,0.0,0.0,1.0,0.0,0.0,16.0,46.0,2.0
163319,Dorava,623,95,70,0,0,93.9,6.6347177848775285,0.11235955056179775,0.0,0.0,0.0,0.0,0.0,0.0,0.0,0.0,1.0,1.0,0.0,0.0,0.0,0.0,0.0,0.0,0.0,1.0,1.0,1.0,0.0,0.0,1.0,0.0,0.0,13.0,39.0,3.0
163320,Gondaura,733,110,99,0,0,52.03,14.088026138766097,0.13506139154160982,0.0,0.0,0.0,0.0,0.0,0.0,0.0,0.0,1.0,1.0,0.0,0.0,0.0,1.0,0.0,1.0,0.0,1.0,0.0,1.0,0.0,0.0,1.0,0.0,0.0,14.0,49.0,0.0
163321,Gosourra Kala,1062,187,126,278,0,83.5,12.718562874251496,0.11864406779661017,0.2617702448210923,0.0,0.0,0.0,0.0,0.0,0.0,0.0,0.0,1.0,0.0,0.0,0.0,1.0,0.0,0.0,0.0,0.0,0.0,1.0,0.0,0.0,1.0,1.0,1.0,13.0,38.0,0.0
163322,Mavaiya,903,95,113,40,0,81.75,11.045871559633028,0.12513842746400886,0.044296788482835,0.0,0.0,0.0,0.0,0.0,0.0,0.0,1.0,1.0,0.0,0.0,0.0,0.0,0.0,0.0,0.0,1.0,1.0,1.0,1.0,1.0,0.0,0.0,1.0,0.0,0.0,0.0
163323,Bakchunda,3021,409,479,1018,107,426.25,7.087390029325513,0.1585567692816948,0.3369745117510758,0.03541873551804038,0.0,0.0,0.0,0.0,0.0,0.0,1.0,1.0,0.0,0.0,0.0,0.0,0.0,0.0,0.0,0.0,0.0,1.0,0.0,0.0,1.0,1.0,1.0,0.0,40.0,6.0
163324,Nivauya,3292,507,573,1105,10,619.69,5.312333586147912,0.17405832320777642,0.33566221142162816,0.003037667071688943,0.0,0.0,0.0,0.0,0.0,0.0,1.0,0.0,0.0,0.0,0.0,0.0,0.0,1.0,1.0,1.0,1.0,1.0,1.0,0.0,1.0,1.0,1.0,6.0,41.0,0.0
163325,Ram Nagar,11860,1808,1658,2282,0,541.18,21.915074466905654,0.13979763912310286,0.1924114671163575,0.0,1.0,,1.0,0.0,1.0,0.0,1.0,0.0,0.0,0.0,0.0,0.0,0.0,1.0,1.0,1.0,1.0,1.0,1.0,1.0,1.0,1.0,1.0,14.0,45.0,5.0
163326,Patti Nath Rai,2210,358,314,1111,0,152.43,14.498458308731877,0.1420814479638009,0.5027149321266968,0.0,0.0,0.0,0.0,0.0,0.0,0.0,1.0,1.0,1.0,0.0,0.0,0.0,0.0,0.0,0.0,0.0,0.0,0.0,0.0,0.0,0.0,1.0,0.0,15.0,49.0,0.0
163327,Araji Akora,324,53,41,205,0,2.58,125.5813953488372,0.12654320987654322,0.6327160493827161,0.0,0.0,0.0,0.0,0.0,0.0,0.0,1.0,0.0,1.0,0.0,,,0.0,0.0,0.0,0.0,0.0,1.0,0.0,0.0,0.0,0.0,0.0,14.0,48.0,0.0
163328,Uchadih,6389,915,985,1955,0,419.4,15.233667143538389,0.15417123180466427,0.3059946783534199,0.0,0.0,0.0,0.0,0.0,0.0,0.0,1.0,0.0,0.0,0.0,0.0,0.0,0.0,0.0,0.0,1.0,0.0,1.0,1.0,0.0,1.0,1.0,1.0,13.0,53.0,1.0
163329,Bijaura,2556,347,395,358,0,263.31,9.707189244616611,0.15453834115805948,0.14006259780907668,0.0,0.0,0.0,0.0,0.0,0.0,0.0,1.0,0.0,0.0,0.0,0.0,0.0,0.0,0.0,1.0,1.0,1.0,1.0,0.0,0.0,0.0,1.0,1.0,17.0,42.0,3.0
163330,Devhatta Kachhar,0,0,0,0,0,24.58,0.0,,,,,,,,,,,,,,,,,,,,,,,,,,,0.0,0.0,0.0
163331,Devhatta Uparhar,1498,228,244,424,0,179.42,8.34912495819864,0.1628838451268358,0.28304405874499333,0.0,0.0,0.0,0.0,0.0,0.0,0.0,1.0,0.0,0.0,1.0,,,0.0,0.0,0.0,1.0,1.0,1.0,1.0,0.0,1.0,1.0,1.0,20.0,50.0,0.0
163332,Misirpur,2480,373,334,1125,0,137.4,18.049490538573508,0.1346774193548387,0.4536290322580645,0.0,0.0,0.0,0.0,0.0,0.0,0.0,1.0,0.0,0.0,0.0,0.0,0.0,0.0,0.0,0.0,0.0,0.0,1.0,1.0,0.0,1.0,1.0,1.0,20.0,50.0,0.0
163333,Tarvai,2168,387,311,600,1,121.19,17.889264790824324,0.14345018450184502,0.2767527675276753,0.00046125461254612545,0.0,0.0,0.0,0.0,0.0,0.0,1.0,1.0,0.0,0.0,0.0,0.0,0.0,0.0,0.0,1.0,1.0,1.0,0.0,0.0,0.0,1.0,0.0,15.0,50.0,0.0
163334,Samogara,2331,386,365,1332,0,120.45,19.352428393524285,0.1565851565851566,0.5714285714285714,0.0,0.0,0.0,0.0,0.0,0.0,0.0,1.0,1.0,0.0,0.0,0.0,0.0,0.0,0.0,0.0,1.0,1.0,1.0,0.0,0.0,0.0,0.0,1.0,15.0,50.0,0.0
163335,Bigahani,1276,185,151,401,0,94.54,13.496932515337422,0.11833855799373041,0.31426332288401254,0.0,0.0,0.0,0.0,0.0,0.0,0.0,1.0,1.0,0.0,0.0,0.0,0.0,0.0,0.0,0.0,0.0,0.0,1.0,0.0,0.0,0.0,1.0,1.0,25.0,50.0,20.0
163336,Sigati,1223,204,142,449,0,107.82,11.342979039139307,0.116107931316435,0.3671300081766149,0.0,0.0,0.0,0.0,0.0,0.0,1.0,1.0,1.0,1.0,1.0,0.0,0.0,0.0,0.0,0.0,1.0,1.0,1.0,1.0,0.0,0.0,1.0,1.0,17.0,55.0,8.0
163337,Bigahana,1023,145,88,237,0,152.63,6.7024831291358185,0.08602150537634409,0.2316715542521994,0.0,0.0,0.0,0.0,0.0,0.0,0.0,1.0,0.0,0.0,1.0,0.0,0.0,0.0,0.0,0.0,1.0,0.0,1.0,0.0,0.0,0.0,1.0,1.0,25.0,50.0,0.0
163338,Dubepur Kachhar,0,0,0,0,0,11.0,0.0,,,,,,,,,,,,,,,,,,,,,,,,,,,20.0,50.0,0.0
163339,Pakari Sevar Kachhar,0,0,0,0,0,120.83,0.0,,,,,,,,,,,,,,,,,,,,,,,,,,,20.0,50.0,0.0
163340,Paranipur Kachhar,0,0,0,0,0,406.62,0.0,,,,,,,,,,,,,,,,,,,,,,,,,,,20.0,65.0,0.0
163341,Paranipur Uparhar,7773,1063,1200,1078,1,616.0,12.618506493506494,0.1543805480509456,0.1386851923324328,0.00012865045670912132,0.0,0.0,0.0,0.0,0.0,0.0,1.0,1.0,0.0,0.0,0.0,0.0,0.0,1.0,1.0,1.0,1.0,1.0,0.0,0.0,1.0,1.0,1.0,20.0,65.0,0.0
163342,Pakari Sevar Uparhar,3581,508,551,616,0,345.45,10.36618902880301,0.15386763473889975,0.17201898910918736,0.0,0.0,0.0,0.0,0.0,0.0,0.0,1.0,1.0,0.0,0.0,0.0,0.0,0.0,0.0,0.0,1.0,0.0,1.0,1.0,0.0,1.0,0.0,1.0,20.0,50.0,0.0
163343,Dubepur Uparhar,798,110,120,171,0,38.73,20.604182804027886,0.15037593984962405,0.21428571428571427,0.0,0.0,0.0,0.0,0.0,0.0,0.0,1.0,1.0,0.0,1.0,0.0,0.0,0.0,0.0,0.0,1.0,1.0,1.0,1.0,0.0,0.0,1.0,1.0,20.0,45.0,0.0
163344,Dohariya,3426,478,408,628,0,305.95,11.197908154927276,0.1190893169877408,0.1833041447752481,0.0,0.0,0.0,0.0,0.0,0.0,0.0,1.0,1.0,0.0,0.0,0.0,0.0,0.0,0.0,0.0,1.0,1.0,1.0,0.0,0.0,0.0,0.0,1.0,15.0,50.0,0.0
163345,Bhigari,774,105,109,18,0,52.18,14.833269451897278,0.14082687338501293,0.023255813953488372,0.0,0.0,0.0,0.0,0.0,0.0,0.0,0.0,0.0,0.0,0.0,0.0,1.0,0.0,0.0,0.0,0.0,0.0,1.0,0.0,0.0,1.0,0.0,0.0,20.0,52.0,0.0
163346,Anantapur,800,110,118,362,0,46.53,17.193208682570383,0.1475,0.4525,0.0,0.0,0.0,0.0,0.0,0.0,0.0,1.0,1.0,0.0,0.0,0.0,0.0,0.0,0.0,0.0,0.0,0.0,1.0,0.0,0.0,0.0,1.0,0.0,21.0,53.0,0.0
163347,Uranah,1276,173,148,179,0,180.03,7.087707604288174,0.11598746081504702,0.14028213166144202,0.0,0.0,0.0,0.0,0.0,0.0,0.0,1.0,1.0,0.0,0.0,0.0,0.0,0.0,0.0,0.0,1.0,0.0,0.0,0.0,0.0,0.0,1.0,0.0,22.0,54.0,0.0
163348,Mudkari,0,0,0,0,0,12.8,0.0,,,,,,,,,,,,,,,,,,,,,,,,,,,19.0,14.0,49.0
163349,Chak Vishun Dutt,0,0,0,0,0,20.43,0.0,,,,,,,,,,,,,,,,,,,,,,,,,,,19.0,14.0,19.0
163350,Satan Patti,0,0,0,0,0,20.99,0.0,,,,,,,,,,,,,,,,,,,,,,,,,,,19.0,19.0,49.0
163351,Paisath,0,0,0,0,0,12.81,0.0,,,,,,,,,,,,,,,,,,,,,,,,,,,19.0,14.0,48.0
163352,Birpur Tappa Chaurasi,850,118,133,86,0,31.6,26.89873417721519,0.1564705882352941,0.1011764705882353,0.0,0.0,0.0,0.0,0.0,0.0,0.0,1.0,1.0,0.0,0.0,,1.0,0.0,0.0,0.0,0.0,0.0,0.0,0.0,0.0,0.0,0.0,0.0,19.0,48.0,48.0
163353,Rasauli,538,64,98,0,0,90.12,5.969818020417221,0.1821561338289963,0.0,0.0,0.0,0.0,0.0,0.0,0.0,0.0,1.0,1.0,1.0,0.0,0.0,1.0,0.0,0.0,0.0,0.0,0.0,0.0,0.0,0.0,0.0,0.0,0.0,18.0,12.0,46.0
163354,Parsi Patti,0,0,0,0,0,19.15,0.0,,,,,,,,,,,,,,,,,,,,,,,,,,,19.0,14.0,49.0
163355,Bhuipara Kachhar,0,0,0,0,0,80.6,0.0,,,,,,,,,,,,,,,,,,,,,,,,,,,23.0,60.0,0.0
163356,Bhuipara Uparhar,1926,297,280,858,0,146.23,13.171031935991248,0.14537902388369678,0.4454828660436137,0.0,0.0,0.0,0.0,0.0,0.0,0.0,1.0,0.0,0.0,0.0,0.0,0.0,0.0,0.0,0.0,0.0,0.0,0.0,0.0,0.0,1.0,1.0,1.0,20.0,57.0,0.0
163357,Tanariya Uparhar,961,130,103,0,0,87.45,10.989136649514007,0.10718002081165452,0.0,0.0,0.0,0.0,0.0,0.0,0.0,0.0,1.0,1.0,1.0,0.0,0.0,1.0,0.0,0.0,0.0,0.0,0.0,0.0,0.0,0.0,1.0,1.0,0.0,24.0,61.0,0.0
163358,Tanariya Kachhar,0,0,0,0,0,27.3,0.0,,,,,,,,,,,,,,,,,,,,,,,,,,,24.0,6.0,0.0
163359,Raipura Kachhar,0,0,0,0,0,26.97,0.0,,,,,,,,,,,,,,,,,,,,,,,,,,,25.0,62.0,0.0
163360,Raipura Uparhar,1156,133,132,177,0,121.08,9.54740667327387,0.11418685121107267,0.15311418685121106,0.0,0.0,0.0,0.0,0.0,0.0,0.0,1.0,1.0,0.0,0.0,0.0,1.0,0.0,0.0,0.0,0.0,0.0,1.0,0.0,0.0,0.0,1.0,0.0,29.0,61.0,0.0
163361,Kanjauli Uparhar,1705,287,270,532,0,176.77,9.645301804604854,0.15835777126099707,0.3120234604105572,0.0,0.0,0.0,0.0,0.0,0.0,0.0,1.0,1.0,1.0,1.0,0.0,0.0,0.0,0.0,0.0,0.0,0.0,0.0,0.0,0.0,1.0,0.0,0.0,21.0,15.0,49.0
163362,Kanjauli Kachhar,0,0,0,0,0,50.98,0.0,,,,,,,,,,,,,,,,,,,,,,,,,,,21.0,15.0,49.0
163363,Madar Mukundpur Kachhar,0,0,0,0,0,105.43,0.0,,,,,,,,,,,,,,,,,,,,,,,,,,,0.0,0.0,0.0
163364,Madara Mukundpur Uparhar,3803,505,554,464,0,488.07,7.791915094146332,0.14567446752563765,0.12200894031028135,0.0,0.0,0.0,0.0,0.0,0.0,0.0,1.0,1.0,0.0,0.0,0.0,0.0,0.0,0.0,0.0,1.0,0.0,1.0,0.0,0.0,1.0,1.0,0.0,21.0,15.0,49.0
163365,Kunwar Patti,982,111,151,0,0,27.87,35.23501973448152,0.15376782077393075,0.0,0.0,0.0,0.0,0.0,0.0,0.0,0.0,1.0,1.0,0.0,0.0,0.0,0.0,0.0,0.0,0.0,1.0,0.0,0.0,0.0,0.0,0.0,0.0,0.0,18.0,12.0,46.0
163366,Keshav Patti,439,54,78,113,0,74.85,5.865063460253841,0.1776765375854214,0.25740318906605925,0.0,0.0,0.0,0.0,0.0,0.0,0.0,1.0,1.0,0.0,0.0,1.0,0.0,0.0,0.0,0.0,0.0,0.0,0.0,0.0,0.0,0.0,0.0,0.0,18.0,12.0,46.0
163367,Parva Uparhar,1898,298,349,364,0,100.0,18.98,0.1838777660695469,0.1917808219178082,0.0,0.0,,0.0,0.0,0.0,0.0,1.0,1.0,0.0,1.0,0.0,1.0,0.0,0.0,0.0,1.0,1.0,1.0,0.0,0.0,1.0,1.0,1.0,20.0,70.0,0.0
163368,Parva Kachhar,0,0,0,0,0,200.0,0.0,,,,,,,,,,,,,,,,,,,,,,,,,,,20.0,70.0,0.0
163369,Bhabhaura Uparhar,2108,271,310,322,18,1971.0,1.069507864028412,0.14705882352941177,0.1527514231499051,0.008538899430740038,0.0,0.0,0.0,0.0,0.0,0.0,1.0,0.0,0.0,0.0,,1.0,0.0,0.0,0.0,1.0,0.0,1.0,0.0,0.0,1.0,1.0,1.0,20.0,70.0,0.0
163370,Bhabhaura Kachhar,0,0,0,0,0,60.0,0.0,,,,,,,,,,,,,,,,,,,,,,,,,,,0.0,0.0,0.0
163371,Patkhauli,588,76,105,215,0,30.47,19.297669839186085,0.17857142857142858,0.3656462585034014,0.0,0.0,0.0,0.0,0.0,0.0,0.0,1.0,1.0,0.0,0.0,0.0,1.0,0.0,0.0,0.0,0.0,0.0,0.0,0.0,0.0,1.0,0.0,1.0,30.0,60.0,0.0
163372,Chaukatha Tivariyan,867,134,132,423,0,49.93,17.364310034047666,0.1522491349480969,0.48788927335640137,0.0,0.0,0.0,0.0,0.0,0.0,0.0,1.0,0.0,0.0,1.0,0.0,1.0,0.0,0.0,0.0,0.0,0.0,0.0,0.0,0.0,1.0,1.0,1.0,28.0,65.0,0.0
163373,Javaniya,4848,576,796,1443,0,275.36,17.606042998256825,0.16419141914191418,0.29764851485148514,0.0,0.0,,0.0,0.0,0.0,0.0,1.0,1.0,1.0,1.0,0.0,0.0,0.0,0.0,1.0,1.0,1.0,1.0,1.0,0.0,1.0,1.0,1.0,15.0,50.0,0.0
163374,Atarvriya,1237,166,162,93,0,103.0,12.009708737864077,0.13096200485044462,0.07518189167340339,0.0,0.0,0.0,0.0,0.0,0.0,0.0,1.0,1.0,1.0,0.0,0.0,0.0,0.0,0.0,0.0,0.0,0.0,0.0,0.0,0.0,1.0,1.0,0.0,25.0,60.0,0.0
163375,Chilvila,2019,312,298,644,0,143.1,14.10901467505241,0.14759782070331848,0.31896978702327883,0.0,0.0,1.0,0.0,0.0,0.0,0.0,1.0,0.0,0.0,0.0,0.0,0.0,0.0,0.0,0.0,0.0,0.0,0.0,0.0,0.0,0.0,1.0,1.0,0.0,0.0,0.0
163376,Bisenpur,915,147,102,590,0,79.13,11.563250347529383,0.11147540983606558,0.644808743169399,0.0,0.0,0.0,0.0,0.0,0.0,0.0,1.0,0.0,0.0,0.0,0.0,0.0,0.0,0.0,0.0,0.0,0.0,0.0,0.0,0.0,1.0,1.0,1.0,25.0,65.0,0.0
163377,Barva,2733,395,405,668,0,242.96,11.248765228844254,0.14818880351262348,0.24442005122575924,0.0,0.0,0.0,0.0,0.0,0.0,0.0,1.0,0.0,0.0,0.0,0.0,0.0,0.0,0.0,0.0,1.0,0.0,1.0,0.0,0.0,1.0,1.0,1.0,25.0,50.0,20.0
163378,Sukulpur,1878,198,268,0,0,51.96,36.1431870669746,0.14270500532481364,0.0,0.0,0.0,0.0,,0.0,0.0,0.0,1.0,1.0,0.0,0.0,0.0,0.0,0.0,0.0,0.0,1.0,1.0,1.0,0.0,0.0,1.0,1.0,1.0,20.0,55.0,0.0
163379,Bhelpur,401,36,61,54,0,100.23,4.000798164222289,0.15211970074812967,0.13466334164588528,0.0,0.0,0.0,0.0,0.0,0.0,0.0,0.0,0.0,0.0,0.0,0.0,1.0,0.0,0.0,1.0,1.0,1.0,1.0,0.0,0.0,1.0,0.0,1.0,25.0,65.0,0.0
163380,Kaneda Uparhar,1517,194,227,499,0,133.0,11.406015037593985,0.14963744232036916,0.3289386947923533,0.0,0.0,0.0,0.0,0.0,0.0,0.0,1.0,1.0,0.0,1.0,0.0,1.0,0.0,0.0,0.0,1.0,1.0,1.0,0.0,0.0,1.0,1.0,1.0,20.0,70.0,0.0
163381,Dharampur,789,115,136,82,0,56.4,13.98936170212766,0.17237008871989862,0.10392902408111533,0.0,0.0,0.0,0.0,0.0,0.0,0.0,1.0,1.0,0.0,0.0,0.0,0.0,0.0,0.0,0.0,1.0,1.0,1.0,1.0,0.0,0.0,1.0,1.0,18.0,50.0,0.0
163382,Chapaur,693,97,130,37,0,36.08,19.20731707317073,0.18759018759018758,0.05339105339105339,0.0,0.0,0.0,0.0,0.0,0.0,0.0,1.0,1.0,1.0,0.0,0.0,1.0,0.0,0.0,0.0,1.0,1.0,1.0,1.0,0.0,0.0,1.0,0.0,20.0,55.0,0.0
163383,Onaur Uparhar,4686,630,809,871,0,28.67,163.44611091733518,0.1726419120785318,0.18587281263337602,0.0,0.0,0.0,0.0,0.0,0.0,0.0,1.0,1.0,1.0,0.0,0.0,0.0,0.0,0.0,0.0,1.0,0.0,1.0,0.0,0.0,1.0,1.0,1.0,10.0,60.0,60.0
163384,Kaneda Kachhar,0,0,0,0,0,111.0,0.0,,,,,,,,,,,,,,,,,,,,,,,,,,,20.0,70.0,0.0
163385,Onaur Kachhar,0,0,0,0,0,34.11,0.0,,,,,,,,,,,,,,,,,,,,,,,,,,,20.0,55.0,0.0
163386,Kukur Katva,885,130,174,59,0,49.28,17.958603896103895,0.19661016949152543,0.06666666666666667,0.0,0.0,0.0,0.0,0.0,0.0,0.0,1.0,1.0,1.0,0.0,0.0,0.0,0.0,0.0,0.0,1.0,1.0,1.0,0.0,0.0,1.0,1.0,1.0,15.0,55.0,3.0
163387,Nibi,1415,186,171,306,0,101.67,13.917576472902528,0.12084805653710247,0.21625441696113074,0.0,0.0,0.0,0.0,0.0,0.0,0.0,1.0,1.0,0.0,1.0,,1.0,0.0,0.0,0.0,0.0,0.0,1.0,0.0,0.0,1.0,0.0,0.0,14.0,54.0,2.0
163388,Jera,2254,281,310,831,0,127.32,17.703424442349984,0.13753327417923691,0.3686779059449867,0.0,0.0,0.0,0.0,0.0,0.0,0.0,1.0,1.0,1.0,0.0,0.0,0.0,0.0,0.0,0.0,1.0,0.0,1.0,0.0,0.0,1.0,1.0,1.0,10.0,60.0,60.0
163389,Kevatahi,877,110,183,800,0,59.01,14.86188781562447,0.20866590649942987,0.9122006841505131,0.0,0.0,0.0,0.0,0.0,0.0,0.0,1.0,1.0,0.0,0.0,0.0,1.0,0.0,0.0,0.0,1.0,0.0,1.0,0.0,0.0,0.0,1.0,1.0,10.0,60.0,60.0
163390,Chaukatha Gaura,1329,157,170,1,0,110.75,12.0,0.12791572610985705,0.0007524454477050414,0.0,0.0,0.0,0.0,0.0,0.0,0.0,1.0,1.0,0.0,0.0,0.0,1.0,0.0,0.0,0.0,1.0,0.0,1.0,0.0,0.0,1.0,1.0,1.0,10.0,60.0,60.0
163391,Khaminiya,1204,164,213,73,0,225.35,5.342800088750832,0.17691029900332225,0.0606312292358804,0.0,0.0,0.0,0.0,0.0,0.0,0.0,1.0,0.0,0.0,0.0,0.0,1.0,0.0,0.0,0.0,0.0,0.0,1.0,0.0,0.0,1.0,1.0,1.0,10.0,55.0,0.0
163392,Saray Kala,481,75,78,150,0,66.01,7.286774731101348,0.16216216216216217,0.31185031185031187,0.0,0.0,0.0,0.0,0.0,0.0,0.0,1.0,0.0,0.0,0.0,0.0,1.0,0.0,0.0,0.0,1.0,0.0,1.0,0.0,0.0,0.0,0.0,1.0,10.0,60.0,60.0
163393,Baunta,0,0,0,0,0,30.98,0.0,,,,,,,,,,,,,,,,,,,,,,,,,,,10.0,55.0,55.0
163394,Kothri,556,68,86,226,0,80.21,6.931804014462037,0.15467625899280577,0.4064748201438849,0.0,0.0,0.0,0.0,0.0,0.0,0.0,1.0,0.0,0.0,0.0,0.0,0.0,0.0,0.0,0.0,1.0,0.0,1.0,0.0,0.0,0.0,1.0,1.0,12.0,60.0,60.0
163395,Saray Khurd,764,86,115,407,0,32.68,23.378212974296204,0.1505235602094241,0.5327225130890052,0.0,0.0,0.0,0.0,0.0,0.0,0.0,1.0,0.0,0.0,0.0,0.0,0.0,0.0,0.0,0.0,0.0,0.0,0.0,0.0,0.0,1.0,1.0,1.0,10.0,44.0,55.0
163396,Auta,7179,1104,1057,2432,13,559.34,12.83476954982658,0.1472349909458142,0.33876584482518457,0.001810837163950411,0.0,0.0,0.0,0.0,0.0,0.0,1.0,1.0,0.0,0.0,0.0,0.0,0.0,1.0,1.0,1.0,0.0,1.0,1.0,1.0,1.0,1.0,1.0,15.0,50.0,0.0
163397,Sonai,3502,508,590,831,0,216.24,16.19496855345912,0.1684751570531125,0.23729297544260422,0.0,0.0,0.0,0.0,0.0,0.0,0.0,1.0,1.0,0.0,0.0,0.0,1.0,0.0,1.0,1.0,1.0,0.0,1.0,1.0,0.0,1.0,1.0,0.0,15.0,45.0,0.0
163398,Monai,4208,544,646,1828,18,269.98,15.586339728868804,0.1535171102661597,0.4344106463878327,0.0042775665399239545,0.0,0.0,0.0,0.0,0.0,0.0,1.0,1.0,0.0,0.0,0.0,0.0,0.0,1.0,1.0,1.0,1.0,1.0,1.0,0.0,1.0,1.0,1.0,16.0,55.0,16.0
163399,Achhola Uparhar,2466,277,358,512,0,213.97,11.524980137402439,0.14517437145174372,0.20762368207623683,0.0,0.0,0.0,0.0,0.0,0.0,0.0,1.0,1.0,0.0,0.0,1.0,1.0,0.0,0.0,0.0,1.0,1.0,1.0,1.0,0.0,0.0,0.0,1.0,18.0,58.0,18.0
163400,Achhola Kachhar,0,0,0,0,0,54.45,0.0,,,,,,,,,,,,,,,,,,,,,,,,,,,18.0,60.0,10.0
163401,Chaukatha Narvar Kachhar,0,0,0,0,0,44.5,0.0,,,,,,,,,,,,,,,,,,,,,,,,,,,20.0,60.0,10.0
163402,Chaukatha Narvar Uparhar,1759,256,249,477,0,93.95,18.722724853645555,0.14155770324047753,0.2711768050028425,0.0,0.0,0.0,0.0,0.0,0.0,0.0,1.0,0.0,0.0,0.0,0.0,0.0,0.0,0.0,0.0,1.0,1.0,0.0,1.0,1.0,1.0,0.0,0.0,20.0,60.0,10.0
163403,Narvar Uparhar,373,48,66,0,0,24.89,14.985938127762154,0.1769436997319035,0.0,0.0,0.0,0.0,0.0,0.0,0.0,0.0,1.0,1.0,0.0,0.0,0.0,0.0,0.0,0.0,0.0,0.0,0.0,1.0,1.0,0.0,0.0,0.0,1.0,20.0,60.0,15.0
163404,Narvar Kachhar,0,0,0,0,0,10.0,0.0,,,,,,,,,,,,,,,,,,,,,,,,,,,5.0,60.0,0.0
163405,Son Barsa,1322,176,199,288,0,78.18,16.90969557431568,0.15052950075642965,0.2178517397881997,0.0,0.0,0.0,0.0,0.0,0.0,0.0,1.0,0.0,0.0,1.0,0.0,0.0,1.0,1.0,1.0,1.0,0.0,1.0,1.0,0.0,0.0,1.0,1.0,6.0,41.0,7.0
163406,Sikara,1123,164,221,252,0,60.66,18.513023409165843,0.19679430097951914,0.22439893143365983,0.0,0.0,0.0,0.0,0.0,0.0,0.0,1.0,0.0,0.0,0.0,0.0,1.0,0.0,0.0,0.0,1.0,0.0,1.0,0.0,0.0,1.0,1.0,0.0,14.0,48.0,0.0
163407,Akora,2473,371,395,851,0,208.08,11.884851980007689,0.1597250303275374,0.3441164577436312,0.0,0.0,0.0,0.0,0.0,0.0,0.0,1.0,0.0,0.0,0.0,0.0,0.0,0.0,0.0,0.0,1.0,0.0,1.0,0.0,0.0,0.0,0.0,0.0,15.0,50.0,0.0
163408,Lehari,3323,506,504,553,0,283.15,11.735829065866149,0.15167017755040627,0.16641588925669576,0.0,0.0,0.0,0.0,0.0,0.0,0.0,1.0,1.0,0.0,1.0,0.0,0.0,0.0,1.0,1.0,1.0,1.0,1.0,0.0,0.0,1.0,1.0,1.0,6.0,41.0,7.0
163409,Jagepur,714,96,123,51,0,63.74,11.201757138374647,0.1722689075630252,0.07142857142857142,0.0,0.0,0.0,0.0,0.0,0.0,0.0,1.0,1.0,0.0,1.0,1.0,0.0,0.0,1.0,0.0,0.0,0.0,1.0,0.0,0.0,1.0,0.0,1.0,3.0,37.0,8.0
163410,Kotaha,2416,350,432,283,0,111.04,21.75792507204611,0.17880794701986755,0.11713576158940397,0.0,0.0,0.0,0.0,0.0,0.0,0.0,1.0,0.0,0.0,0.0,0.0,0.0,1.0,0.0,0.0,0.0,0.0,1.0,0.0,0.0,1.0,1.0,1.0,3.0,37.0,3.0
163411,Uruva,3145,454,499,879,0,181.93,17.286868575825867,0.15866454689984102,0.2794912559618442,0.0,0.0,0.0,0.0,0.0,0.0,0.0,1.0,1.0,0.0,1.0,1.0,0.0,0.0,0.0,0.0,1.0,1.0,1.0,0.0,0.0,0.0,1.0,0.0,15.0,50.0,0.0
163412,Amiliya Kala,6577,963,1130,2101,2,476.14,13.813164195404713,0.17181085601337995,0.31944655618062945,0.0003040900106431504,0.0,0.0,0.0,0.0,0.0,0.0,1.0,0.0,0.0,0.0,0.0,0.0,1.0,1.0,1.0,1.0,1.0,0.0,0.0,0.0,1.0,1.0,1.0,8.0,45.0,0.0
163413,Dhudha,1487,233,260,497,0,127.21,11.689332599638394,0.17484868863483524,0.33422999327505043,0.0,0.0,0.0,0.0,0.0,0.0,0.0,0.0,0.0,0.0,0.0,0.0,1.0,0.0,0.0,0.0,0.0,0.0,1.0,0.0,0.0,0.0,0.0,0.0,16.0,51.0,0.0
163414,Chorbana,1410,162,214,175,0,116.18,12.136340161817868,0.15177304964539007,0.12411347517730496,0.0,0.0,0.0,0.0,0.0,0.0,0.0,1.0,1.0,0.0,0.0,0.0,1.0,0.0,0.0,1.0,1.0,1.0,1.0,0.0,0.0,1.0,1.0,1.0,0.0,0.0,0.0
163415,Tudihar,3009,406,492,1013,0,196.24,15.3332653893192,0.16350947158524426,0.33665669657693587,0.0,0.0,0.0,0.0,0.0,0.0,0.0,0.0,0.0,0.0,0.0,0.0,1.0,0.0,0.0,1.0,1.0,1.0,1.0,1.0,0.0,1.0,1.0,1.0,20.0,45.0,0.0
163416,Korhniya,1440,226,240,673,0,41.63,34.59043958683641,0.16666666666666666,0.4673611111111111,0.0,0.0,0.0,0.0,0.0,0.0,0.0,1.0,1.0,0.0,1.0,0.0,1.0,0.0,1.0,1.0,1.0,1.0,0.0,1.0,0.0,1.0,1.0,0.0,12.0,45.0,45.0
163417,Nahavai,0,0,0,0,0,59.42,0.0,,,,,,,,,,,,,,,,,,,,,,,,,,,10.0,45.0,45.0
163418,Chaukhata Lachhan,1037,139,200,325,0,86.419,11.999675997176547,0.19286403085824494,0.313404050144648,0.0,0.0,0.0,0.0,0.0,0.0,0.0,1.0,0.0,0.0,0.0,0.0,0.0,0.0,1.0,1.0,1.0,1.0,1.0,0.0,0.0,0.0,1.0,1.0,1.0,2.0,3.0
163419,Andhi,1507,205,216,142,0,89.07,16.91927697316717,0.14333112143331123,0.09422694094226941,0.0,0.0,0.0,0.0,0.0,0.0,0.0,1.0,1.0,0.0,1.0,0.0,1.0,1.0,1.0,1.0,1.0,1.0,1.0,1.0,0.0,0.0,1.0,0.0,0.0,0.0,0.0
163420,Bharari,536,88,92,111,0,65.58,8.173223543763342,0.17164179104477612,0.20708955223880596,0.0,0.0,0.0,0.0,0.0,0.0,0.0,1.0,0.0,0.0,0.0,0.0,1.0,0.0,0.0,0.0,0.0,0.0,1.0,0.0,0.0,1.0,1.0,1.0,0.0,0.0,0.0
163421,Kapuri,1006,180,184,206,0,210.92,4.769580883747393,0.18290258449304175,0.2047713717693837,0.0,0.0,0.0,0.0,0.0,0.0,0.0,1.0,1.0,0.0,1.0,0.0,0.0,0.0,1.0,1.0,0.0,0.0,1.0,0.0,0.0,1.0,1.0,1.0,10.0,55.0,7.0
163422,Bharuhi,694,121,91,210,0,59.74,11.61700703046535,0.13112391930835735,0.3025936599423631,0.0,0.0,0.0,0.0,0.0,0.0,0.0,1.0,1.0,0.0,1.0,0.0,0.0,0.0,1.0,1.0,1.0,1.0,1.0,0.0,0.0,1.0,1.0,1.0,0.0,0.0,0.0
163423,Baraha Kalan,6566,977,1257,1073,5,676.95,9.699386956200605,0.19144075540664027,0.16341760584830947,0.0007614986293024672,0.0,0.0,0.0,0.0,0.0,0.0,1.0,1.0,0.0,1.0,1.0,0.0,0.0,0.0,0.0,1.0,1.0,1.0,1.0,0.0,1.0,1.0,0.0,15.0,15.0,55.0
163424,Garetha,1543,226,255,175,0,127.16,12.134318968229003,0.16526247569669475,0.11341542449773169,0.0,0.0,0.0,0.0,0.0,0.0,0.0,1.0,1.0,0.0,0.0,0.0,1.0,0.0,1.0,1.0,1.0,1.0,1.0,0.0,0.0,1.0,1.0,0.0,10.0,40.0,1.0
163425,Dighiya,5097,757,895,1637,0,336.5,15.147102526002971,0.17559348636452815,0.3211693152835001,0.0,0.0,0.0,0.0,0.0,0.0,0.0,1.0,1.0,0.0,1.0,,1.0,0.0,0.0,1.0,1.0,1.0,1.0,0.0,0.0,1.0,1.0,0.0,23.0,52.0,9.0
163426,Araji Umapur Kalan,195,32,35,119,0,18.55,10.512129380053908,0.1794871794871795,0.6102564102564103,0.0,0.0,0.0,0.0,0.0,0.0,0.0,1.0,0.0,0.0,0.0,1.0,1.0,1.0,1.0,1.0,1.0,1.0,0.0,0.0,0.0,1.0,0.0,1.0,20.0,55.0,0.0
163427,Kusmaha Uperhar,261,41,52,242,0,44.97,5.803869246164109,0.19923371647509577,0.9272030651340997,0.0,0.0,0.0,0.0,0.0,0.0,0.0,1.0,0.0,0.0,0.0,0.0,1.0,0.0,0.0,0.0,1.0,1.0,1.0,1.0,1.0,1.0,1.0,1.0,25.0,55.0,13.0
163428,Kushmaha Kachhar,0,0,0,0,0,38.11,0.0,,,,,,,,,,,,,,,,,,,,,,,,,,,25.0,55.0,12.0
163429,Babhani Hethar,2700,416,465,646,0,149.41,18.071079579680074,0.17222222222222222,0.23925925925925925,0.0,0.0,0.0,0.0,0.0,0.0,0.0,1.0,1.0,0.0,0.0,1.0,1.0,1.0,1.0,1.0,1.0,1.0,1.0,1.0,0.0,1.0,1.0,1.0,20.0,55.0,0.0
163430,Ahopur,751,118,124,27,0,59.09,12.709426298866136,0.16511318242343542,0.03595206391478029,0.0,0.0,0.0,0.0,0.0,0.0,0.0,1.0,1.0,1.0,0.0,0.0,0.0,0.0,1.0,1.0,0.0,0.0,1.0,0.0,0.0,1.0,1.0,1.0,9.0,60.0,43.0
163431,Newadhiya Kalan,359,81,61,0,0,90.05,3.9866740699611327,0.16991643454038996,0.0,0.0,0.0,0.0,0.0,0.0,0.0,0.0,1.0,1.0,0.0,0.0,0.0,0.0,0.0,0.0,0.0,1.0,1.0,0.0,0.0,0.0,0.0,0.0,0.0,25.0,55.0,12.0
163432,Dharaw Gajpati,566,122,104,0,0,69.73,8.1170228022372,0.18374558303886926,0.0,0.0,0.0,0.0,0.0,0.0,0.0,0.0,1.0,0.0,0.0,0.0,0.0,0.0,0.0,0.0,0.0,1.0,1.0,1.0,0.0,0.0,0.0,0.0,0.0,15.0,60.0,0.0
163433,Sabesa,1474,236,277,677,0,128.1,11.506635441061672,0.18792401628222524,0.4592944369063772,0.0,0.0,0.0,0.0,0.0,0.0,0.0,1.0,0.0,0.0,0.0,0.0,0.0,0.0,0.0,0.0,1.0,0.0,1.0,0.0,0.0,1.0,1.0,1.0,12.0,50.0,50.0
163434,Dharawa Nara,1161,229,213,248,0,79.85,14.539762053850971,0.1834625322997416,0.2136089577950043,0.0,0.0,0.0,0.0,0.0,0.0,0.0,1.0,0.0,0.0,0.0,0.0,0.0,0.0,0.0,0.0,1.0,1.0,1.0,0.0,0.0,1.0,0.0,1.0,15.0,55.0,0.0
163435,Dharaon Lundan,543,95,90,0,0,54.19,10.020298948145415,0.16574585635359115,0.0,0.0,0.0,0.0,0.0,0.0,0.0,0.0,1.0,0.0,0.0,0.0,0.0,1.0,0.0,0.0,0.0,1.0,1.0,1.0,0.0,0.0,0.0,1.0,1.0,15.0,60.0,0.0
163436,Dhedhra,1203,184,193,680,0,194.995,6.169388958691249,0.16043225270157938,0.5652535328345802,0.0,0.0,0.0,0.0,0.0,0.0,0.0,1.0,1.0,1.0,0.0,0.0,0.0,0.0,0.0,0.0,1.0,1.0,1.0,0.0,0.0,0.0,0.0,1.0,15.0,55.0,0.0
163437,Chorbana,8,5,0,0,0,123.11,0.06498253594346519,0.0,0.0,0.0,0.0,0.0,0.0,0.0,0.0,0.0,1.0,1.0,0.0,0.0,0.0,0.0,0.0,1.0,0.0,1.0,1.0,1.0,0.0,1.0,1.0,0.0,1.0,0.0,0.0,0.0
163438,Masauli,993,135,149,364,0,135.5,7.328413284132841,0.1500503524672709,0.36656596173212486,0.0,0.0,0.0,0.0,0.0,0.0,0.0,1.0,1.0,0.0,0.0,0.0,0.0,0.0,0.0,0.0,1.0,1.0,1.0,1.0,0.0,0.0,0.0,1.0,45.0,45.0,0.0
163439,Diliya,1064,154,189,39,0,115.4,9.220103986135182,0.17763157894736842,0.03665413533834586,0.0,0.0,0.0,0.0,0.0,0.0,0.0,1.0,1.0,0.0,0.0,0.0,0.0,0.0,0.0,0.0,1.0,1.0,1.0,0.0,0.0,0.0,0.0,1.0,15.0,55.0,0.0
163440,Uman,1218,191,225,55,0,393.93,3.0919198842433935,0.18472906403940886,0.0451559934318555,0.0,0.0,0.0,0.0,0.0,0.0,0.0,1.0,0.0,0.0,0.0,0.0,1.0,0.0,0.0,0.0,1.0,1.0,1.0,0.0,1.0,0.0,1.0,0.0,10.0,60.0,12.0
163441,Gauraiya Kalan,1337,189,233,157,0,653.36,2.046345047140933,0.17427075542258788,0.11742707554225879,0.0,0.0,0.0,0.0,0.0,0.0,0.0,1.0,0.0,0.0,0.0,0.0,1.0,0.0,0.0,0.0,1.0,0.0,1.0,0.0,0.0,1.0,1.0,1.0,13.0,63.0,12.0
163442,Khurma,2632,386,434,444,0,674.12,3.9043493739986945,0.16489361702127658,0.16869300911854104,0.0,0.0,0.0,0.0,0.0,0.0,0.0,1.0,0.0,0.0,0.0,0.0,1.0,1.0,0.0,0.0,1.0,1.0,1.0,0.0,0.0,1.0,1.0,0.0,12.0,60.0,0.0
163443,Thandhar,442,58,80,280,0,33.78,13.084665482534044,0.18099547511312217,0.6334841628959276,0.0,0.0,0.0,0.0,0.0,0.0,0.0,1.0,0.0,0.0,0.0,0.0,1.0,0.0,0.0,0.0,0.0,1.0,1.0,1.0,1.0,0.0,1.0,1.0,9.0,59.0,10.0
163444,Sandi,864,115,157,242,0,85.55,10.099357101110462,0.18171296296296297,0.2800925925925926,0.0,0.0,0.0,0.0,0.0,0.0,0.0,1.0,0.0,0.0,0.0,0.0,0.0,0.0,0.0,0.0,1.0,0.0,1.0,0.0,0.0,1.0,1.0,1.0,10.0,60.0,12.0
163445,Jafra,774,123,125,130,0,263.6,2.9362670713201817,0.16149870801033592,0.16795865633074936,0.0,0.0,0.0,0.0,0.0,0.0,0.0,1.0,0.0,0.0,0.0,0.0,0.0,1.0,1.0,1.0,1.0,1.0,1.0,0.0,0.0,1.0,1.0,1.0,10.0,55.0,0.0
163446,Chapartala,479,67,81,55,0,107.29,4.464535371423245,0.16910229645093947,0.11482254697286012,0.0,0.0,0.0,0.0,0.0,0.0,0.0,1.0,0.0,0.0,0.0,0.0,0.0,0.0,0.0,0.0,0.0,0.0,1.0,0.0,0.0,0.0,0.0,0.0,10.0,60.0,60.0
163447,Uooti,1427,226,231,51,0,123.05,11.596911824461602,0.1618780658724597,0.035739313244569026,0.0,0.0,0.0,0.0,0.0,0.0,0.0,1.0,0.0,0.0,0.0,0.0,1.0,0.0,0.0,0.0,0.0,1.0,1.0,0.0,0.0,1.0,1.0,1.0,12.0,55.0,55.0
163448,Malauda,818,155,142,244,0,113.09,7.233177115571668,0.17359413202933985,0.2982885085574572,0.0,0.0,0.0,0.0,0.0,0.0,0.0,1.0,0.0,0.0,0.0,0.0,0.0,0.0,0.0,0.0,1.0,1.0,1.0,0.0,0.0,1.0,0.0,1.0,9.0,56.0,0.0
163449,Mauhari Kalan,1066,162,154,337,0,34.0,31.352941176470587,0.14446529080675422,0.31613508442776733,0.0,0.0,0.0,0.0,0.0,0.0,0.0,1.0,1.0,0.0,1.0,0.0,1.0,0.0,1.0,0.0,1.0,0.0,1.0,0.0,0.0,1.0,1.0,1.0,9.0,60.0,0.0
163450,Rampur,812,150,125,138,0,124.38,6.528380768612317,0.1539408866995074,0.16995073891625614,0.0,0.0,0.0,0.0,0.0,0.0,0.0,1.0,0.0,0.0,0.0,0.0,0.0,0.0,0.0,0.0,0.0,1.0,1.0,0.0,0.0,0.0,0.0,1.0,12.0,60.0,0.0
163451,Surwa Dalapur,2845,415,482,513,0,273.17,10.41476003953582,0.1694200351493849,0.18031634446397188,0.0,0.0,0.0,0.0,0.0,0.0,0.0,1.0,1.0,1.0,1.0,0.0,0.0,0.0,1.0,1.0,1.0,0.0,1.0,0.0,0.0,1.0,0.0,0.0,10.0,55.0,55.0
163452,Adarupur,129,22,24,0,0,46.41,2.7795733678086623,0.18604651162790697,0.0,0.0,0.0,0.0,0.0,0.0,0.0,0.0,1.0,1.0,1.0,1.0,0.0,1.0,0.0,1.0,1.0,1.0,1.0,1.0,0.0,0.0,1.0,1.0,1.0,12.0,60.0,0.0
163453,Mahuao Khurd,266,35,49,0,0,34.21,7.7755042385267465,0.18421052631578946,0.0,0.0,0.0,0.0,0.0,0.0,0.0,0.0,1.0,1.0,0.0,1.0,0.0,1.0,0.0,1.0,0.0,0.0,1.0,1.0,0.0,0.0,1.0,1.0,1.0,12.0,65.0,0.0
163454,Marar,1551,231,250,10,0,155.23,9.991625330155253,0.16118633139909735,0.006447453255963894,0.0,0.0,0.0,0.0,0.0,0.0,0.0,1.0,1.0,0.0,1.0,0.0,0.0,0.0,0.0,0.0,1.0,0.0,1.0,0.0,0.0,1.0,1.0,1.0,13.0,60.0,0.0
163455,Dandapanpur,1139,169,143,331,0,24.38,46.71862182116489,0.12554872695346794,0.2906057945566286,0.0,0.0,0.0,0.0,0.0,0.0,0.0,1.0,1.0,0.0,1.0,0.0,0.0,0.0,1.0,0.0,1.0,0.0,1.0,0.0,0.0,1.0,0.0,1.0,13.0,65.0,6.0
163456,Tisentulapur,3469,502,564,683,12,341.59,10.15544951550104,0.16258287690977227,0.19688671086768522,0.003459210147016431,0.0,0.0,0.0,0.0,0.0,0.0,1.0,1.0,0.0,1.0,0.0,0.0,0.0,0.0,0.0,1.0,1.0,1.0,0.0,0.0,1.0,1.0,1.0,13.0,65.0,6.0
163457,Bakuliya Jagir,951,130,136,165,0,174.36,5.4542326221610455,0.14300736067297581,0.17350157728706625,0.0,0.0,0.0,0.0,0.0,0.0,0.0,1.0,0.0,1.0,1.0,1.0,1.0,0.0,0.0,0.0,0.0,0.0,1.0,0.0,0.0,1.0,1.0,1.0,0.0,0.0,0.0
163458,Khairua,689,92,120,98,0,64.56,10.672242874845105,0.1741654571843251,0.14223512336719885,0.0,0.0,0.0,0.0,0.0,0.0,0.0,1.0,0.0,0.0,0.0,0.0,0.0,0.0,0.0,0.0,1.0,1.0,1.0,0.0,0.0,0.0,0.0,1.0,11.0,6.0,11.0
163459,Tikapur,796,88,129,0,0,65.88,12.082574377656346,0.1620603015075377,0.0,0.0,0.0,0.0,0.0,0.0,0.0,0.0,1.0,1.0,0.0,1.0,0.0,0.0,0.0,0.0,0.0,0.0,1.0,1.0,0.0,0.0,1.0,0.0,1.0,10.0,60.0,10.0
163460,Bhawanipur,1130,125,151,0,0,88.89,12.712341095736303,0.1336283185840708,0.0,0.0,0.0,0.0,0.0,0.0,0.0,0.0,1.0,1.0,0.0,0.0,0.0,1.0,0.0,0.0,0.0,1.0,0.0,1.0,0.0,0.0,0.0,0.0,1.0,61.0,61.0,11.0
163461,Dewri,765,107,166,554,0,1413.47,0.5412212498319738,0.2169934640522876,0.7241830065359477,0.0,0.0,0.0,0.0,0.0,0.0,0.0,1.0,1.0,0.0,0.0,0.0,0.0,0.0,0.0,0.0,1.0,1.0,1.0,0.0,0.0,0.0,0.0,1.0,66.0,66.0,16.0
163462,Kosada Kalan,5910,825,1134,1137,1,1318.37,4.482808316330014,0.1918781725888325,0.19238578680203045,0.00016920473773265651,0.0,0.0,0.0,0.0,0.0,0.0,1.0,1.0,0.0,0.0,0.0,0.0,0.0,0.0,0.0,1.0,1.0,1.0,0.0,1.0,1.0,1.0,1.0,17.0,72.0,14.0
163463,Sikra,1795,317,294,620,0,145.17,12.364813666735552,0.1637883008356546,0.34540389972144847,0.0,0.0,0.0,0.0,0.0,0.0,0.0,1.0,1.0,1.0,1.0,0.0,1.0,0.0,0.0,0.0,0.0,0.0,1.0,0.0,0.0,1.0,1.0,1.0,14.0,65.0,8.0
163464,Badhora Ghawasan,2171,354,402,579,0,84.24,25.771604938271608,0.18516812528788576,0.26669737448180564,0.0,0.0,0.0,0.0,0.0,0.0,0.0,1.0,1.0,0.0,1.0,0.0,1.0,0.0,0.0,0.0,1.0,0.0,1.0,0.0,0.0,1.0,1.0,1.0,4.0,65.0,0.0
163465,Baghora Patti,114,19,31,68,0,71.07,1.6040523427606586,0.2719298245614035,0.5964912280701754,0.0,0.0,0.0,0.0,0.0,0.0,0.0,1.0,1.0,0.0,0.0,0.0,0.0,0.0,0.0,1.0,1.0,0.0,1.0,0.0,0.0,1.0,1.0,1.0,1.0,65.0,0.0
163466,Umapur Kalan,1089,184,154,106,0,157.67,6.906830722394876,0.1414141414141414,0.09733700642791551,0.0,0.0,0.0,0.0,0.0,0.0,0.0,1.0,1.0,0.0,0.0,1.0,1.0,0.0,0.0,0.0,1.0,1.0,1.0,0.0,1.0,1.0,1.0,0.0,15.0,60.0,0.0
163467,Mahewa Khurd,507,81,75,176,0,52.61,9.63695114997149,0.14792899408284024,0.34714003944773175,0.0,0.0,0.0,0.0,0.0,0.0,0.0,0.0,0.0,1.0,1.0,1.0,1.0,1.0,1.0,0.0,1.0,0.0,1.0,0.0,0.0,1.0,1.0,1.0,10.0,72.0,54.0
163468,Berua,74,14,11,0,0,77.79,0.9512790847152589,0.14864864864864866,0.0,0.0,0.0,0.0,0.0,0.0,0.0,0.0,1.0,1.0,0.0,1.0,0.0,0.0,0.0,0.0,0.0,1.0,0.0,1.0,0.0,0.0,0.0,1.0,1.0,11.0,73.0,55.0
163469,Umapur Khurd,87,12,11,0,0,7.47,11.646586345381527,0.12643678160919541,0.0,0.0,0.0,0.0,0.0,0.0,0.0,0.0,1.0,1.0,0.0,1.0,0.0,0.0,0.0,0.0,0.0,0.0,0.0,1.0,0.0,0.0,1.0,1.0,1.0,20.0,55.0,0.0
163470,Dengurpur,601,91,86,80,0,42.86,14.022398506766216,0.14309484193011648,0.13311148086522462,0.0,0.0,0.0,0.0,0.0,0.0,0.0,1.0,1.0,0.0,1.0,1.0,0.0,0.0,0.0,0.0,1.0,0.0,1.0,0.0,0.0,1.0,1.0,1.0,9.0,70.0,53.0
163471,Mahewa Kalan Kachhar,0,0,0,0,0,41.53,0.0,,,,,,,,,,,,,,,,,,,,,,,,,,,25.0,6.0,6.0
163472,Vedpur Kachhar,0,0,0,0,0,86.47,0.0,,,,,,,,,,,,,,,,,,,,,,,,,,,26.0,61.0,61.0
163473,Bampur Kachhar,0,0,0,0,0,75.99,0.0,,,,,,,,,,,,,,,,,,,,,,,,,,,40.0,70.0,0.0
163474,Bampur Uparhar,1935,330,285,407,0,69.01,28.039414577597448,0.14728682170542637,0.2103359173126615,0.0,0.0,0.0,0.0,0.0,0.0,0.0,1.0,1.0,0.0,0.0,0.0,1.0,0.0,0.0,0.0,1.0,0.0,1.0,1.0,1.0,1.0,1.0,1.0,0.0,0.0,0.0
163475,Kewtahi Kachhar,0,0,0,0,0,3.08,0.0,,,,,,,,,,,,,,,,,,,,,,,,,,,40.0,70.0,0.0
163476,Kewtahi Uparhar,1194,244,138,343,0,11.66,102.40137221269296,0.11557788944723618,0.28726968174204354,0.0,0.0,0.0,0.0,0.0,0.0,0.0,1.0,1.0,0.0,0.0,0.0,0.0,0.0,0.0,0.0,0.0,0.0,1.0,1.0,0.0,1.0,1.0,1.0,40.0,70.0,0.0
163477,Vedpur Uparhar,2618,465,423,831,0,148.79,17.5952684992271,0.16157372039724982,0.31741787624140566,0.0,0.0,0.0,0.0,0.0,0.0,0.0,1.0,1.0,0.0,0.0,0.0,0.0,0.0,0.0,0.0,1.0,1.0,1.0,0.0,0.0,1.0,1.0,1.0,26.0,61.0,61.0
163478,Mahewa Kala Uparhar,3661,642,646,1154,0,139.39,26.264437908027837,0.17645452062278066,0.3152144222889921,0.0,0.0,1.0,0.0,0.0,0.0,0.0,1.0,1.0,0.0,0.0,0.0,0.0,0.0,0.0,0.0,1.0,1.0,1.0,0.0,0.0,1.0,0.0,1.0,25.0,60.0,60.0
163479,Salia,313,48,57,39,0,770.5,0.4062297209604153,0.18210862619808307,0.12460063897763578,0.0,0.0,0.0,0.0,0.0,0.0,0.0,1.0,0.0,0.0,1.0,0.0,1.0,1.0,1.0,1.0,0.0,0.0,1.0,1.0,0.0,1.0,1.0,1.0,26.0,38.0,30.0
163480,Tikri,3268,462,500,1339,0,175.27,18.645518343127744,0.15299877600979192,0.4097307221542228,0.0,0.0,0.0,0.0,0.0,0.0,0.0,1.0,0.0,0.0,0.0,0.0,0.0,1.0,1.0,1.0,1.0,0.0,1.0,0.0,0.0,1.0,1.0,1.0,7.0,65.0,45.0
163481,Payagpur,2357,305,414,497,0,131.43,17.93350072281823,0.1756470089096309,0.21086126431904964,0.0,0.0,0.0,0.0,0.0,0.0,0.0,1.0,0.0,0.0,0.0,0.0,0.0,1.0,1.0,0.0,1.0,0.0,1.0,0.0,0.0,1.0,1.0,1.0,25.0,55.0,0.0
163482,Chilbila,2562,463,346,528,7,106.85,23.97753860552176,0.13505074160811867,0.20608899297423888,0.00273224043715847,0.0,0.0,0.0,0.0,0.0,0.0,1.0,0.0,0.0,0.0,0.0,1.0,0.0,1.0,1.0,1.0,1.0,1.0,1.0,0.0,1.0,1.0,1.0,22.0,55.0,55.0
163483,Nahvai,2869,404,451,309,0,89.92,31.906138790035588,0.15719762983617985,0.10770303241547577,0.0,0.0,0.0,0.0,0.0,0.0,0.0,1.0,1.0,0.0,0.0,0.0,0.0,1.0,1.0,1.0,0.0,1.0,1.0,1.0,1.0,1.0,1.0,1.0,56.0,56.0,56.0
163484,Chak Musahi,366,51,66,32,0,16.8,21.785714285714285,0.18032786885245902,0.08743169398907104,0.0,0.0,0.0,0.0,0.0,0.0,0.0,1.0,1.0,1.0,1.0,0.0,0.0,1.0,1.0,1.0,1.0,1.0,1.0,0.0,0.0,0.0,0.0,0.0,25.0,60.0,10.0
163485,Manpur,920,126,143,0,0,397.05,2.3170885278932123,0.15543478260869564,0.0,0.0,0.0,0.0,0.0,0.0,0.0,0.0,1.0,0.0,1.0,1.0,0.0,0.0,0.0,0.0,0.0,1.0,0.0,0.0,0.0,0.0,0.0,0.0,1.0,23.0,57.0,3.0
163486,Sarwanpur,220,34,50,54,0,18.72,11.752136752136753,0.22727272727272727,0.24545454545454545,0.0,0.0,0.0,0.0,0.0,0.0,0.0,1.0,1.0,1.0,1.0,0.0,0.0,0.0,0.0,0.0,0.0,0.0,0.0,0.0,0.0,0.0,0.0,0.0,25.0,60.0,60.0
163487,Kanewra,1073,132,163,144,0,85.01,12.622044465357016,0.15191053122087605,0.1342031686859273,0.0,0.0,0.0,0.0,0.0,0.0,0.0,1.0,1.0,1.0,1.0,0.0,0.0,0.0,0.0,0.0,1.0,0.0,0.0,0.0,0.0,1.0,1.0,0.0,20.0,60.0,7.0
163488,Chaukiha,2327,330,391,529,1,121.8,19.105090311986864,0.16802750322303395,0.2273313278899871,0.0004297378599054577,0.0,0.0,0.0,0.0,0.0,0.0,1.0,1.0,0.0,1.0,0.0,0.0,0.0,0.0,1.0,1.0,1.0,0.0,1.0,0.0,1.0,1.0,1.0,20.0,60.0,5.0
163489,Kukurhi,2063,336,291,489,0,135.32,15.245344368903341,0.14105671352399418,0.23703344643722735,0.0,0.0,0.0,0.0,0.0,0.0,0.0,1.0,0.0,1.0,0.0,0.0,0.0,0.0,1.0,1.0,0.0,0.0,1.0,0.0,0.0,1.0,0.0,1.0,20.0,60.0,0.0
163490,Hempur,696,118,122,183,0,21.75,32.0,0.1752873563218391,0.2629310344827586,0.0,0.0,0.0,0.0,0.0,0.0,0.0,1.0,1.0,0.0,0.0,0.0,1.0,0.0,1.0,1.0,1.0,1.0,1.0,1.0,0.0,1.0,1.0,1.0,25.0,65.0,7.0
163491,Baksandi,1157,177,202,130,0,78.32,14.772727272727273,0.17458945548833188,0.11235955056179775,0.0,0.0,0.0,0.0,0.0,0.0,0.0,1.0,1.0,0.0,1.0,0.0,1.0,0.0,1.0,1.0,1.0,1.0,1.0,1.0,0.0,1.0,1.0,1.0,30.0,65.0,4.0
163492,Bhairopur,516,86,105,164,0,18.25,28.273972602739725,0.20348837209302326,0.3178294573643411,0.0,0.0,0.0,0.0,0.0,0.0,0.0,1.0,1.0,0.0,0.0,0.0,0.0,0.0,0.0,0.0,1.0,1.0,0.0,1.0,0.0,0.0,1.0,1.0,25.0,60.0,5.0
163493,Sakri,1104,152,218,81,0,72.0,15.333333333333334,0.19746376811594202,0.07336956521739131,0.0,0.0,0.0,0.0,0.0,0.0,0.0,1.0,0.0,0.0,0.0,0.0,1.0,0.0,0.0,0.0,0.0,1.0,0.0,0.0,0.0,1.0,1.0,1.0,25.0,60.0,3.0
163494,Sauswa Narottam,1499,211,290,312,0,72.66,20.630333058078723,0.1934623082054703,0.20813875917278185,0.0,0.0,0.0,0.0,0.0,0.0,0.0,1.0,1.0,1.0,1.0,0.0,0.0,0.0,0.0,0.0,1.0,1.0,0.0,0.0,0.0,1.0,1.0,1.0,25.0,60.0,3.0
163495,Fachkhara,1042,153,213,234,0,30.1,34.61794019933555,0.20441458733205375,0.22456813819577734,0.0,0.0,0.0,0.0,0.0,0.0,0.0,1.0,1.0,0.0,1.0,1.0,0.0,0.0,0.0,0.0,1.0,0.0,0.0,1.0,0.0,1.0,1.0,1.0,25.0,65.0,8.0
163496,Dharwaspur,188,22,20,0,0,41.78,4.4997606510292005,0.10638297872340426,0.0,0.0,0.0,0.0,0.0,0.0,0.0,0.0,1.0,1.0,0.0,1.0,0.0,1.0,0.0,0.0,0.0,1.0,1.0,0.0,1.0,0.0,1.0,0.0,1.0,25.0,65.0,5.0
163497,Bela Chauhan,699,74,113,144,0,80.0,8.7375,0.16165951359084407,0.20600858369098712,0.0,0.0,0.0,0.0,0.0,0.0,0.0,1.0,1.0,0.0,0.0,0.0,1.0,0.0,0.0,0.0,0.0,1.0,1.0,0.0,0.0,1.0,1.0,1.0,25.0,65.0,65.0
163498,Bela Matiram,1468,214,228,180,0,44.24,33.18264014466546,0.1553133514986376,0.1226158038147139,0.0,0.0,0.0,0.0,0.0,0.0,1.0,1.0,0.0,1.0,1.0,0.0,0.0,1.0,1.0,1.0,1.0,1.0,1.0,0.0,0.0,1.0,0.0,1.0,26.0,60.0,5.0
163499,Bhausariya Khurd,610,74,102,207,0,15.84,38.51010101010101,0.16721311475409836,0.33934426229508197,0.0,0.0,0.0,0.0,0.0,0.0,0.0,1.0,1.0,0.0,0.0,0.0,1.0,0.0,0.0,0.0,1.0,0.0,1.0,1.0,0.0,1.0,1.0,1.0,20.0,60.0,5.0
163500,Bhausariya Kalan,721,89,134,42,0,40.61,17.754247722235903,0.18585298196948682,0.05825242718446602,0.0,0.0,0.0,0.0,0.0,0.0,0.0,1.0,1.0,0.0,0.0,0.0,1.0,1.0,0.0,0.0,0.0,0.0,0.0,1.0,0.0,1.0,1.0,1.0,20.0,60.0,0.0
163501,Newdhia Khurd,205,23,48,0,0,54.0,3.7962962962962963,0.23414634146341465,0.0,0.0,0.0,0.0,0.0,0.0,0.0,0.0,1.0,1.0,0.0,0.0,0.0,1.0,0.0,0.0,1.0,1.0,0.0,1.0,1.0,0.0,0.0,0.0,1.0,25.0,59.0,53.0
163502,Rajapur,5148,769,863,744,0,362.0,14.220994475138122,0.16763791763791763,0.1445221445221445,0.0,0.0,0.0,0.0,0.0,0.0,0.0,1.0,1.0,0.0,1.0,0.0,0.0,0.0,0.0,1.0,0.0,1.0,1.0,1.0,0.0,1.0,1.0,1.0,28.0,50.0,50.0
163503,Bangaliya,381,70,68,5,0,66.0,5.7727272727272725,0.1784776902887139,0.013123359580052493,0.0,0.0,0.0,0.0,0.0,0.0,0.0,1.0,1.0,0.0,0.0,0.0,1.0,0.0,0.0,0.0,1.0,0.0,1.0,0.0,0.0,0.0,1.0,1.0,25.0,55.0,0.0
163504,Kewalpur,112,20,24,1,0,35.89,3.120646419615492,0.21428571428571427,0.008928571428571428,0.0,0.0,0.0,0.0,0.0,0.0,0.0,1.0,1.0,0.0,0.0,0.0,1.0,0.0,1.0,1.0,1.0,1.0,0.0,0.0,0.0,0.0,0.0,0.0,25.0,60.0,2.0
163505,Gurgaon,596,98,119,0,0,54.48,10.939794419970632,0.19966442953020133,0.0,0.0,0.0,0.0,0.0,0.0,0.0,0.0,1.0,1.0,0.0,0.0,0.0,0.0,0.0,0.0,0.0,0.0,1.0,0.0,0.0,0.0,1.0,1.0,1.0,25.0,60.0,3.0
163506,Beerpur Tappa Manda,155,32,37,81,0,76.57,2.0242914979757085,0.23870967741935484,0.5225806451612903,0.0,0.0,0.0,0.0,0.0,0.0,0.0,1.0,1.0,0.0,0.0,0.0,0.0,0.0,0.0,0.0,0.0,0.0,0.0,0.0,0.0,1.0,1.0,1.0,25.0,60.0,3.0
163507,Koilari,679,88,110,211,0,136.31,4.981292641772431,0.16200294550810015,0.31075110456553756,0.0,0.0,0.0,0.0,0.0,0.0,0.0,1.0,0.0,0.0,1.0,0.0,0.0,0.0,0.0,0.0,1.0,0.0,0.0,0.0,0.0,0.0,0.0,0.0,22.0,65.0,4.0
163508,Kulpatpur,0,0,0,0,0,26.08,0.0,,,,,,,,,,,,,,,,,,,,,,,,,,,25.0,60.0,3.0
163509,Payagpur Ramgarhwa,1471,214,275,382,0,209.27,7.0291967314951975,0.18694765465669613,0.25968728755948334,0.0,0.0,0.0,0.0,0.0,0.0,0.0,1.0,1.0,0.0,0.0,0.0,0.0,0.0,0.0,0.0,0.0,0.0,0.0,0.0,0.0,0.0,0.0,0.0,22.0,68.0,5.0
163510,Pura Bhajan,438,69,67,19,0,12.5,35.04,0.15296803652968036,0.04337899543378995,0.0,0.0,0.0,0.0,0.0,0.0,0.0,1.0,1.0,0.0,0.0,0.0,0.0,0.0,0.0,0.0,0.0,0.0,0.0,0.0,0.0,0.0,0.0,0.0,22.0,68.0,0.0
163511,Ulda,825,112,153,74,0,116.22,7.098606091894682,0.18545454545454546,0.08969696969696969,0.0,0.0,0.0,0.0,0.0,0.0,0.0,1.0,0.0,0.0,1.0,0.0,0.0,0.0,0.0,0.0,0.0,0.0,0.0,1.0,0.0,1.0,1.0,1.0,20.0,60.0,5.0
163512,Mahuaon Kalan,1215,165,194,12,0,132.95,9.138773975178639,0.15967078189300413,0.009876543209876543,0.0,0.0,0.0,0.0,0.0,0.0,0.0,1.0,1.0,0.0,0.0,0.0,0.0,0.0,0.0,0.0,0.0,0.0,0.0,0.0,0.0,0.0,0.0,0.0,17.0,65.0,5.0
163513,Gudanpur,285,44,47,0,0,62.19,4.582730342498794,0.1649122807017544,0.0,0.0,0.0,0.0,0.0,0.0,0.0,0.0,1.0,1.0,0.0,0.0,0.0,0.0,0.0,0.0,0.0,1.0,0.0,0.0,1.0,0.0,0.0,1.0,0.0,20.0,60.0,8.0
163514,Ghees,854,157,139,322,16,57.15,14.94313210848644,0.16276346604215455,0.3770491803278688,0.01873536299765808,0.0,0.0,0.0,0.0,0.0,0.0,1.0,1.0,0.0,1.0,0.0,1.0,0.0,0.0,0.0,1.0,0.0,0.0,1.0,0.0,1.0,1.0,1.0,20.0,60.0,5.0
163515,Bedauri Tappa Manda,2350,363,361,286,0,270.75,8.679593721144968,0.15361702127659574,0.12170212765957447,0.0,0.0,0.0,0.0,0.0,0.0,0.0,1.0,1.0,0.0,0.0,0.0,0.0,0.0,1.0,1.0,1.0,1.0,1.0,0.0,0.0,1.0,1.0,1.0,0.0,0.0,0.0
163516,Fanki,39,7,5,0,0,13.48,2.893175074183976,0.1282051282051282,0.0,0.0,0.0,0.0,0.0,0.0,0.0,0.0,1.0,1.0,0.0,0.0,0.0,0.0,0.0,0.0,1.0,0.0,0.0,1.0,0.0,0.0,1.0,1.0,1.0,3.0,65.0,0.0
163517,Barbaspur,483,68,84,93,0,62.57,7.719354323158063,0.17391304347826086,0.19254658385093168,0.0,0.0,0.0,0.0,0.0,0.0,0.0,1.0,1.0,0.0,0.0,0.0,0.0,0.0,1.0,1.0,1.0,0.0,1.0,0.0,0.0,1.0,1.0,1.0,16.0,55.0,0.0
163518,Katka,587,119,109,20,0,48.55,12.090628218331618,0.18568994889267462,0.034071550255536626,0.0,0.0,0.0,0.0,0.0,0.0,0.0,1.0,1.0,0.0,0.0,0.0,0.0,0.0,0.0,0.0,0.0,0.0,1.0,0.0,0.0,1.0,1.0,1.0,16.0,60.0,0.0
163519,Roop Patti,417,69,65,171,1,25.41,16.41086186540732,0.15587529976019185,0.41007194244604317,0.002398081534772182,0.0,0.0,0.0,0.0,0.0,0.0,1.0,1.0,0.0,0.0,0.0,0.0,0.0,0.0,0.0,0.0,0.0,0.0,0.0,0.0,0.0,0.0,0.0,17.0,65.0,7.0
163520,Handia,3452,563,571,1052,0,200.15,17.247064701473896,0.16541135573580534,0.3047508690614137,0.0,0.0,0.0,0.0,0.0,0.0,0.0,1.0,1.0,0.0,0.0,0.0,0.0,0.0,0.0,0.0,1.0,1.0,1.0,0.0,0.0,1.0,0.0,0.0,17.0,17.0,65.0
163521,Mauhari Khurd,2741,435,508,188,0,64.04,42.80137414116177,0.18533381977380517,0.06858810653046334,0.0,0.0,0.0,0.0,0.0,0.0,0.0,1.0,1.0,0.0,0.0,0.0,0.0,1.0,1.0,1.0,1.0,1.0,1.0,1.0,0.0,0.0,1.0,1.0,20.0,58.0,10.0
163522,Pipraon,88,12,11,0,0,42.36,2.0774315391879132,0.125,0.0,0.0,0.0,0.0,0.0,0.0,0.0,0.0,1.0,1.0,0.0,0.0,0.0,0.0,0.0,0.0,0.0,1.0,1.0,1.0,1.0,0.0,0.0,1.0,1.0,23.0,60.0,1.0
163523,Pura Ramchera,36,4,4,0,0,10.59,3.3994334277620397,0.1111111111111111,0.0,0.0,0.0,0.0,0.0,0.0,0.0,0.0,1.0,0.0,0.0,1.0,0.0,1.0,0.0,1.0,0.0,1.0,1.0,1.0,1.0,0.0,0.0,0.0,1.0,25.0,60.0,3.0
163524,Pura Bariyar,140,28,21,63,0,40.72,3.43811394891945,0.15,0.45,0.0,0.0,0.0,0.0,0.0,0.0,0.0,1.0,1.0,0.0,0.0,0.0,0.0,0.0,0.0,0.0,1.0,0.0,1.0,0.0,1.0,0.0,0.0,0.0,20.0,62.0,0.0
163525,Pura Misan,0,0,0,0,0,10.59,0.0,,,,,,,,,,,,,,,,,,,,,,,,,,,23.0,58.0,1.0
163526,Pura Diwan,373,61,53,244,0,21.28,17.528195488721803,0.14209115281501342,0.6541554959785523,0.0,0.0,0.0,0.0,0.0,0.0,0.0,1.0,1.0,0.0,0.0,0.0,0.0,0.0,0.0,0.0,1.0,0.0,1.0,0.0,1.0,0.0,1.0,1.0,21.0,58.0,1.0
163527,Bharari,1209,168,192,244,0,142.25,8.499121265377855,0.1588089330024814,0.20181968569065342,0.0,0.0,0.0,0.0,0.0,0.0,0.0,1.0,1.0,0.0,1.0,0.0,0.0,0.0,1.0,1.0,1.0,0.0,1.0,0.0,0.0,1.0,1.0,1.0,18.0,68.0,2.0
163528,Gauraiya Khurd,250,38,34,0,0,8.16,30.637254901960784,0.136,0.0,0.0,0.0,0.0,0.0,0.0,0.0,0.0,1.0,1.0,0.0,0.0,0.0,0.0,0.0,0.0,0.0,0.0,0.0,0.0,0.0,0.0,0.0,0.0,0.0,17.0,65.0,4.0
163529,Girdhar Patti,24,5,1,0,0,6.37,3.767660910518053,0.041666666666666664,0.0,0.0,0.0,0.0,0.0,0.0,0.0,0.0,1.0,1.0,0.0,1.0,0.0,1.0,0.0,0.0,0.0,0.0,1.0,1.0,0.0,0.0,1.0,1.0,1.0,16.0,65.0,0.0
163530,Mugalha,429,68,80,178,0,43.38,9.889349930843705,0.1864801864801865,0.4149184149184149,0.0,0.0,0.0,0.0,0.0,0.0,0.0,1.0,1.0,0.0,0.0,0.0,0.0,0.0,0.0,0.0,0.0,0.0,1.0,0.0,0.0,1.0,1.0,1.0,16.0,65.0,0.0
163531,Bharthipur,381,58,83,295,0,13.29,28.66817155756208,0.2178477690288714,0.7742782152230971,0.0,0.0,0.0,0.0,0.0,0.0,0.0,1.0,0.0,1.0,1.0,0.0,0.0,0.0,0.0,0.0,0.0,0.0,1.0,0.0,0.0,1.0,1.0,1.0,17.0,65.0,0.0
163532,Khamhanpur,187,21,19,0,0,9.84,19.004065040650406,0.10160427807486631,0.0,0.0,0.0,0.0,0.0,0.0,0.0,0.0,1.0,0.0,0.0,0.0,0.0,0.0,0.0,0.0,0.0,1.0,0.0,1.0,0.0,0.0,1.0,1.0,1.0,16.0,65.0,0.0
163533,Mokhar,0,0,0,0,0,13.45,0.0,,,,,,,,,,,,,,,,,,,,,,,,,,,16.0,65.0,0.0
163534,Pura Baksh,98,10,24,0,0,6.714,14.596365802800118,0.24489795918367346,0.0,0.0,0.0,0.0,0.0,0.0,0.0,0.0,1.0,0.0,0.0,0.0,0.0,0.0,0.0,0.0,0.0,0.0,0.0,1.0,0.0,0.0,1.0,1.0,1.0,16.0,65.0,0.0
163535,Girdharpur,1809,294,279,582,0,298.5,6.060301507537688,0.15422885572139303,0.32172470978441126,0.0,0.0,0.0,0.0,0.0,0.0,0.0,1.0,1.0,1.0,0.0,0.0,1.0,0.0,0.0,0.0,0.0,0.0,1.0,0.0,0.0,1.0,1.0,1.0,17.0,65.0,0.0
163536,Manda Khas,10537,1825,1745,2431,0,3319.44,3.1743306099824067,0.16560690898737782,0.2307108285090633,0.0,1.0,,1.0,1.0,0.0,0.0,1.0,0.0,0.0,0.0,0.0,0.0,0.0,0.0,0.0,1.0,1.0,1.0,1.0,0.0,1.0,1.0,1.0,65.0,65.0,4.0
163537,Kharka Khas,2121,409,477,444,76,660.04,3.2134416095994185,0.2248939179632249,0.20933521923620935,0.03583215464403583,0.0,0.0,0.0,0.0,0.0,0.0,1.0,0.0,0.0,0.0,0.0,0.0,0.0,0.0,0.0,0.0,1.0,1.0,0.0,0.0,1.0,1.0,1.0,30.0,55.0,30.0
163538,Ghori,968,152,134,498,0,237.11,4.08249335751339,0.1384297520661157,0.5144628099173554,0.0,0.0,0.0,0.0,0.0,0.0,0.0,1.0,0.0,0.0,0.0,0.0,0.0,0.0,0.0,0.0,0.0,1.0,1.0,0.0,0.0,1.0,1.0,0.0,35.0,65.0,35.0
163539,Bairghat,78,15,13,0,0,25.11,3.106332138590203,0.16666666666666666,0.0,0.0,0.0,0.0,0.0,0.0,0.0,0.0,1.0,1.0,0.0,0.0,0.0,1.0,0.0,0.0,0.0,1.0,1.0,1.0,0.0,0.0,1.0,0.0,1.0,30.0,60.0,30.0
163540,Derhan,2072,312,361,473,8,533.48,3.883931918722351,0.17422779922779924,0.22828185328185327,0.003861003861003861,0.0,0.0,0.0,0.0,0.0,0.0,1.0,1.0,0.0,1.0,0.0,1.0,0.0,0.0,0.0,1.0,1.0,1.0,0.0,0.0,1.0,1.0,1.0,30.0,60.0,30.0
163541,Kanchanpur,912,148,174,418,0,272.8,3.3431085043988267,0.19078947368421054,0.4583333333333333,0.0,0.0,0.0,0.0,0.0,0.0,0.0,1.0,1.0,0.0,0.0,0.0,0.0,1.0,0.0,0.0,0.0,0.0,1.0,0.0,0.0,1.0,1.0,1.0,30.0,55.0,30.0
163542,Ratehara,0,0,0,0,0,10.85,0.0,,,,,,,,,,,,,,,,,,,,,,,,,,,30.0,55.0,30.0
163543,Belahan,684,125,127,246,27,150.3,4.550898203592814,0.18567251461988304,0.35964912280701755,0.039473684210526314,0.0,0.0,0.0,0.0,0.0,0.0,1.0,1.0,0.0,1.0,0.0,1.0,0.0,0.0,0.0,1.0,1.0,1.0,0.0,0.0,0.0,1.0,1.0,28.0,57.0,28.0
163544,Etawa Khurd,1962,287,365,223,0,254.46,7.71044564961094,0.18603465851172274,0.11365953109072376,0.0,0.0,0.0,0.0,0.0,0.0,0.0,1.0,0.0,0.0,0.0,0.0,1.0,0.0,0.0,0.0,0.0,1.0,1.0,0.0,0.0,1.0,1.0,1.0,28.0,58.0,28.0
163545,Sohagi,272,45,55,176,0,122.53,2.2198645229739657,0.20220588235294118,0.6470588235294118,0.0,0.0,0.0,0.0,0.0,0.0,0.0,1.0,1.0,0.0,1.0,0.0,1.0,0.0,0.0,0.0,0.0,0.0,1.0,1.0,0.0,0.0,1.0,1.0,27.0,63.0,27.0
163546,Kalyanpur,1195,174,208,27,0,320.43,3.7293636675717003,0.17405857740585773,0.022594142259414227,0.0,0.0,0.0,0.0,0.0,0.0,0.0,1.0,0.0,0.0,1.0,0.0,0.0,0.0,0.0,0.0,0.0,0.0,1.0,1.0,0.0,1.0,1.0,1.0,26.0,62.0,26.0
163547,Chapro,1583,263,288,468,1,546.82,2.8949197176401738,0.1819330385344283,0.295641187618446,0.0006317119393556538,0.0,0.0,0.0,0.0,0.0,0.0,1.0,0.0,0.0,1.0,0.0,1.0,0.0,0.0,0.0,1.0,0.0,0.0,1.0,0.0,1.0,1.0,1.0,12.0,65.0,12.0
163548,Pura Chandel,246,42,47,168,0,85.73,2.86947392977954,0.1910569105691057,0.6829268292682927,0.0,0.0,0.0,0.0,0.0,0.0,0.0,1.0,1.0,0.0,0.0,0.0,0.0,0.0,0.0,1.0,1.0,1.0,1.0,0.0,0.0,1.0,0.0,1.0,8.0,60.0,8.0
163549,Ghosala,396,64,85,226,0,63.69,6.217616580310881,0.21464646464646464,0.5707070707070707,0.0,0.0,0.0,0.0,0.0,0.0,0.0,1.0,1.0,0.0,1.0,0.0,0.0,0.0,0.0,0.0,1.0,1.0,1.0,0.0,0.0,0.0,0.0,0.0,8.0,68.0,8.0
163550,Gaura,814,115,135,114,0,264.31,3.0797169989784723,0.16584766584766586,0.14004914004914004,0.0,0.0,0.0,0.0,0.0,0.0,0.0,1.0,1.0,0.0,0.0,0.0,0.0,0.0,0.0,0.0,0.0,1.0,0.0,0.0,1.0,1.0,1.0,1.0,7.0,67.0,7.0
163551,Shamlipur,621,95,118,315,0,199.11,3.118879011601627,0.19001610305958133,0.5072463768115942,0.0,0.0,0.0,0.0,0.0,0.0,0.0,1.0,1.0,0.0,0.0,0.0,0.0,0.0,0.0,1.0,1.0,1.0,0.0,1.0,0.0,0.0,1.0,0.0,6.0,66.0,6.0
163552,Mahuli Khurd,627,104,99,185,0,190.42,3.292721352799076,0.15789473684210525,0.29505582137161085,0.0,0.0,0.0,0.0,0.0,0.0,0.0,1.0,1.0,0.0,1.0,0.0,1.0,0.0,1.0,1.0,1.0,1.0,1.0,0.0,0.0,0.0,1.0,1.0,31.0,50.0,31.0
163553,Tounga Khurd,491,86,92,411,0,64.15,7.653936087295401,0.18737270875763748,0.8370672097759674,0.0,0.0,0.0,0.0,0.0,0.0,0.0,1.0,0.0,0.0,1.0,0.0,0.0,0.0,0.0,0.0,0.0,1.0,1.0,0.0,0.0,0.0,1.0,1.0,30.0,15.0,30.0
163554,Tounga Kala,1513,252,331,422,0,144.85,10.445288229202625,0.21877065432914738,0.278916060806345,0.0,0.0,0.0,0.0,0.0,0.0,0.0,1.0,1.0,0.0,1.0,0.0,1.0,0.0,1.0,1.0,1.0,1.0,1.0,0.0,0.0,1.0,1.0,1.0,30.0,51.0,30.0
163555,Jokhat,1758,280,325,347,10,117.04,15.020505809979493,0.18486916951080773,0.19738339021615472,0.005688282138794084,0.0,0.0,0.0,0.0,0.0,0.0,1.0,0.0,0.0,1.0,0.0,0.0,0.0,0.0,1.0,0.0,0.0,1.0,0.0,0.0,1.0,1.0,1.0,29.0,52.0,29.0
163556,Deehar,827,146,181,161,0,116.93,7.072607542974429,0.218863361547763,0.1946795646916566,0.0,0.0,0.0,0.0,0.0,0.0,0.0,1.0,1.0,0.0,0.0,0.0,0.0,0.0,0.0,0.0,0.0,1.0,1.0,1.0,0.0,0.0,1.0,1.0,28.0,55.0,28.0
163557,Khaptiha,1263,220,218,525,0,82.07,15.389301815523336,0.1726049089469517,0.4156769596199525,0.0,0.0,0.0,0.0,0.0,0.0,0.0,1.0,1.0,0.0,0.0,0.0,0.0,0.0,1.0,1.0,1.0,1.0,1.0,1.0,0.0,1.0,1.0,1.0,27.0,55.0,27.0
163558,Magara,0,0,0,0,0,6.72,0.0,,,,,,,,,,,,,,,,,,,,,,,,,,,0.0,0.0,0.0
163559,Pathakpur,771,137,138,360,0,207.1,3.722839208112023,0.17898832684824903,0.4669260700389105,0.0,0.0,0.0,0.0,0.0,0.0,0.0,1.0,1.0,1.0,0.0,0.0,1.0,0.0,0.0,0.0,0.0,0.0,1.0,1.0,0.0,0.0,1.0,1.0,27.0,55.0,27.0
163560,Pandiya,118,19,29,0,0,21.55,5.475638051044084,0.2457627118644068,0.0,0.0,0.0,0.0,0.0,0.0,0.0,0.0,1.0,0.0,1.0,0.0,0.0,1.0,0.0,0.0,0.0,1.0,1.0,1.0,0.0,0.0,0.0,0.0,1.0,25.0,55.0,55.0
163561,Mojara Mishra,187,32,34,133,0,27.49,6.802473626773373,0.18181818181818182,0.7112299465240641,0.0,0.0,0.0,0.0,0.0,0.0,0.0,1.0,0.0,1.0,0.0,0.0,0.0,0.0,1.0,1.0,1.0,1.0,1.0,0.0,0.0,0.0,0.0,0.0,31.0,56.0,0.0
163562,Koundi,2776,456,533,847,154,537.78,5.161962140652312,0.1920028818443804,0.30511527377521613,0.05547550432276657,0.0,0.0,0.0,0.0,0.0,0.0,1.0,0.0,1.0,0.0,0.0,0.0,0.0,0.0,1.0,1.0,1.0,1.0,0.0,0.0,0.0,1.0,1.0,30.0,55.0,0.0
163563,Gargata,497,60,76,188,0,60.45,8.221670802315963,0.1529175050301811,0.3782696177062374,0.0,0.0,0.0,0.0,0.0,0.0,0.0,1.0,0.0,0.0,0.0,0.0,0.0,0.0,0.0,1.0,1.0,1.0,1.0,0.0,0.0,0.0,0.0,0.0,30.0,56.0,0.0
163564,Chhapar,734,129,106,293,0,137.09,5.354146910788533,0.1444141689373297,0.3991825613079019,0.0,0.0,0.0,0.0,0.0,0.0,0.0,1.0,1.0,1.0,0.0,0.0,0.0,0.0,1.0,1.0,1.0,1.0,1.0,0.0,0.0,0.0,0.0,0.0,31.0,57.0,0.0
163565,Kundwa Urf Unch Gaon,2084,332,431,150,0,322.08,6.470442126179831,0.20681381957773512,0.07197696737044146,0.0,0.0,0.0,0.0,0.0,0.0,0.0,1.0,1.0,0.0,0.0,0.0,0.0,0.0,0.0,0.0,1.0,1.0,0.0,0.0,0.0,0.0,1.0,1.0,25.0,55.0,25.0
163566,Bashgarhi,807,148,125,302,69,92.66,8.709259658968271,0.15489467162329615,0.3742255266418835,0.08550185873605948,0.0,0.0,0.0,0.0,0.0,0.0,1.0,1.0,1.0,1.0,0.0,1.0,0.0,0.0,0.0,1.0,1.0,1.0,1.0,0.0,0.0,1.0,1.0,33.0,60.0,33.0
163567,Nidoura,453,80,49,0,1,134.49,3.3682801695293327,0.10816777041942605,0.0,0.002207505518763797,0.0,0.0,0.0,0.0,0.0,0.0,1.0,1.0,0.0,0.0,0.0,1.0,0.0,0.0,0.0,0.0,0.0,1.0,0.0,0.0,0.0,0.0,1.0,30.0,55.0,30.0
163568,Deehee Patka,881,160,145,91,0,221.21,3.9826409294335696,0.16458569807037457,0.10329171396140749,0.0,0.0,0.0,0.0,0.0,0.0,0.0,1.0,1.0,1.0,0.0,0.0,0.0,0.0,0.0,0.0,1.0,1.0,1.0,0.0,0.0,1.0,1.0,1.0,30.0,60.0,30.0
163569,Kheri,7031,1200,1272,1552,22,592.69,11.862862541969662,0.1809130991324136,0.22073673730621532,0.0031290001422272793,0.0,0.0,0.0,0.0,0.0,0.0,1.0,0.0,0.0,0.0,0.0,0.0,0.0,1.0,1.0,1.0,1.0,1.0,1.0,1.0,1.0,1.0,1.0,27.0,52.0,27.0
163570,Mojara Tiwari Tara,0,0,0,0,0,14.16,0.0,,,,,,,,,,,,,,,,,,,,,,,,,,,26.0,57.0,57.0
163571,Khouriya,1084,210,198,589,0,133.16,8.14058275758486,0.18265682656826568,0.5433579335793358,0.0,0.0,0.0,0.0,0.0,0.0,0.0,1.0,1.0,0.0,0.0,0.0,1.0,0.0,0.0,0.0,0.0,1.0,0.0,1.0,0.0,0.0,1.0,1.0,25.0,56.0,25.0
163572,Pura Dattu,1579,282,323,570,0,236.92,6.664696944116158,0.2045598480050665,0.3609879670677644,0.0,0.0,0.0,0.0,0.0,0.0,0.0,1.0,1.0,0.0,0.0,0.0,1.0,0.0,1.0,1.0,1.0,1.0,0.0,1.0,0.0,1.0,1.0,1.0,24.0,55.0,24.0
163573,Baghol,2102,372,365,1084,0,587.73,3.5764721896108758,0.1736441484300666,0.5156993339676499,0.0,0.0,0.0,0.0,0.0,0.0,0.0,1.0,1.0,0.0,0.0,0.0,0.0,0.0,1.0,1.0,1.0,1.0,1.0,1.0,0.0,1.0,0.0,1.0,21.0,61.0,12.0
163574,Behraicha,3322,496,690,743,0,781.46,4.251017326542625,0.20770620108368454,0.22366044551475014,0.0,0.0,0.0,0.0,0.0,0.0,0.0,1.0,1.0,0.0,0.0,0.0,1.0,0.0,1.0,1.0,1.0,1.0,1.0,1.0,1.0,1.0,0.0,1.0,20.0,62.0,20.0
163575,Baijala,292,37,61,98,0,139.01,2.10056830443853,0.2089041095890411,0.3356164383561644,0.0,0.0,0.0,0.0,0.0,0.0,0.0,1.0,1.0,0.0,0.0,0.0,1.0,0.0,0.0,0.0,0.0,0.0,1.0,1.0,0.0,1.0,0.0,1.0,20.0,62.0,20.0
163576,Kaithwal,2276,409,451,1002,0,275.36,8.26554328878559,0.19815465729349738,0.44024604569420034,0.0,0.0,0.0,0.0,0.0,0.0,0.0,1.0,1.0,0.0,0.0,0.0,1.0,0.0,1.0,1.0,1.0,1.0,1.0,0.0,0.0,1.0,1.0,1.0,17.0,65.0,17.0
163577,Kundari,76,13,16,38,0,117.74,0.6454900628503483,0.21052631578947367,0.5,0.0,0.0,0.0,0.0,0.0,0.0,0.0,1.0,1.0,0.0,1.0,0.0,0.0,0.0,0.0,0.0,0.0,0.0,0.0,0.0,0.0,0.0,0.0,1.0,19.0,64.0,19.0
163578,Katghar,71,9,10,0,0,33.89,2.095013278253172,0.14084507042253522,0.0,0.0,0.0,0.0,0.0,0.0,0.0,0.0,1.0,0.0,0.0,0.0,0.0,0.0,0.0,0.0,0.0,0.0,0.0,1.0,0.0,0.0,0.0,0.0,0.0,19.0,63.0,19.0
163579,Kihuni Kala,1144,213,201,467,0,469.06,2.438920393979448,0.1756993006993007,0.40821678321678323,0.0,0.0,0.0,0.0,0.0,0.0,0.0,1.0,1.0,0.0,0.0,0.0,1.0,0.0,0.0,0.0,1.0,1.0,1.0,0.0,0.0,1.0,1.0,0.0,23.0,68.0,0.0
163580,Pawari,3716,622,703,592,71,770.13,4.825159388674639,0.18918191603875134,0.15931108719052745,0.019106566200215284,0.0,0.0,0.0,0.0,0.0,0.0,1.0,0.0,0.0,0.0,0.0,1.0,0.0,0.0,0.0,1.0,0.0,0.0,0.0,0.0,1.0,1.0,0.0,22.0,72.0,22.0
163581,Kihuni Khurd,1709,270,303,741,0,563.32,3.0337996165589716,0.1772966647162083,0.43358689291983615,0.0,0.0,0.0,0.0,0.0,0.0,0.0,1.0,0.0,0.0,0.0,0.0,1.0,0.0,0.0,0.0,0.0,0.0,1.0,0.0,0.0,1.0,1.0,1.0,20.0,65.0,20.0
163582,Ghoghat,561,130,112,9,0,99.62,5.631399317406143,0.19964349376114082,0.016042780748663103,0.0,0.0,0.0,0.0,0.0,0.0,0.0,1.0,1.0,0.0,0.0,0.0,1.0,1.0,0.0,0.0,0.0,0.0,1.0,1.0,0.0,0.0,0.0,0.0,18.0,66.0,18.0
163583,Chaulari,722,131,154,318,0,147.85,4.883327696990193,0.21329639889196675,0.4404432132963989,0.0,0.0,0.0,0.0,0.0,0.0,0.0,1.0,0.0,0.0,0.0,1.0,1.0,0.0,0.0,0.0,0.0,1.0,1.0,0.0,0.0,1.0,1.0,1.0,19.0,67.0,19.0
163584,Khouncha Khas,755,118,154,38,0,237.77,3.1753375110400808,0.20397350993377483,0.05033112582781457,0.0,0.0,0.0,0.0,0.0,0.0,0.0,1.0,0.0,1.0,0.0,,,0.0,0.0,0.0,0.0,1.0,1.0,0.0,0.0,0.0,0.0,0.0,19.0,69.0,19.0
163585,Jamsot,402,77,49,173,0,171.93,2.338160879427674,0.12189054726368159,0.43034825870646765,0.0,0.0,0.0,0.0,0.0,0.0,0.0,1.0,0.0,0.0,0.0,0.0,0.0,0.0,0.0,0.0,0.0,0.0,0.0,0.0,0.0,1.0,0.0,0.0,20.0,71.0,20.0
163586,Overi,821,94,145,130,0,375.15,2.188457950153272,0.17661388550548113,0.15834348355663824,0.0,0.0,0.0,0.0,0.0,0.0,0.0,1.0,1.0,0.0,0.0,0.0,1.0,0.0,0.0,0.0,0.0,0.0,1.0,0.0,0.0,0.0,1.0,1.0,161.0,70.0,70.0
163587,Jamua,846,120,132,88,0,449.0,1.8841870824053453,0.15602836879432624,0.10401891252955082,0.0,0.0,0.0,0.0,0.0,0.0,0.0,1.0,1.0,0.0,0.0,0.0,1.0,0.0,0.0,0.0,0.0,0.0,1.0,0.0,0.0,0.0,0.0,1.0,16.0,73.0,16.0
163588,Semari Lauhari,57,8,13,0,0,97.71,0.5833589192508444,0.22807017543859648,0.0,0.0,0.0,0.0,0.0,0.0,0.0,0.0,1.0,1.0,0.0,0.0,0.0,1.0,0.0,0.0,0.0,0.0,0.0,1.0,1.0,0.0,0.0,0.0,0.0,20.0,70.0,20.0
163589,Deel,865,133,145,308,0,164.6,5.255164034021871,0.1676300578034682,0.3560693641618497,0.0,0.0,0.0,0.0,0.0,0.0,0.0,1.0,1.0,0.0,0.0,0.0,0.0,0.0,0.0,0.0,1.0,1.0,1.0,1.0,0.0,0.0,1.0,1.0,19.0,70.0,19.0
163590,Usari,973,147,164,233,0,211.3,4.60482725982016,0.1685508735868448,0.2394655704008222,0.0,0.0,0.0,0.0,0.0,0.0,0.0,1.0,0.0,0.0,0.0,0.0,1.0,0.0,0.0,0.0,1.0,0.0,1.0,1.0,0.0,1.0,1.0,0.0,15.0,65.0,15.0
163591,Semari Jirauha,1590,207,258,276,0,482.76,3.2935620183942333,0.16226415094339622,0.17358490566037735,0.0,0.0,0.0,0.0,0.0,0.0,0.0,1.0,1.0,0.0,0.0,0.0,0.0,0.0,0.0,0.0,0.0,1.0,0.0,0.0,0.0,1.0,0.0,1.0,15.0,62.0,15.0
163592,Majhigava,2518,419,483,1162,0,979.01,2.5719859858428413,0.19181890389197775,0.4614773629864972,0.0,0.0,0.0,0.0,0.0,0.0,0.0,1.0,0.0,0.0,0.0,0.0,0.0,0.0,0.0,0.0,0.0,0.0,1.0,0.0,0.0,1.0,1.0,1.0,13.0,70.0,13.0
163593,Nibi,4184,716,808,593,0,664.25,6.298833270605947,0.1931166347992352,0.1417304015296367,0.0,0.0,0.0,0.0,0.0,0.0,0.0,1.0,1.0,0.0,0.0,0.0,1.0,0.0,0.0,0.0,1.0,1.0,1.0,0.0,0.0,1.0,1.0,1.0,15.0,67.0,15.0
163594,Gondaha,0,0,0,0,0,385.92,0.0,,,,,,,,,,,,,,,,,,,,,,,,,,,10.0,64.0,0.0
163595,Dei Bandh,2449,396,435,1107,0,31.65,77.37756714060032,0.17762351980400162,0.45202123315639037,0.0,0.0,0.0,0.0,0.0,0.0,0.0,1.0,0.0,0.0,1.0,0.0,0.0,0.0,0.0,0.0,1.0,1.0,0.0,0.0,0.0,1.0,1.0,1.0,10.0,64.0,0.0
163596,Barokhara,1880,311,321,473,0,459.32,4.093007053905774,0.17074468085106384,0.25159574468085105,0.0,0.0,0.0,0.0,0.0,0.0,0.0,1.0,0.0,0.0,0.0,0.0,1.0,0.0,0.0,0.0,1.0,1.0,1.0,0.0,0.0,1.0,1.0,1.0,12.0,60.0,12.0
163597,Dihi Khurd,1909,304,373,740,0,307.32,6.211766237146948,0.19539025667888948,0.38763750654793083,0.0,0.0,0.0,0.0,0.0,0.0,0.0,1.0,0.0,0.0,1.0,0.0,0.0,0.0,0.0,1.0,1.0,1.0,1.0,0.0,0.0,1.0,1.0,0.0,16.0,75.0,16.0
163598,Leriyari,6427,1073,1158,1281,0,611.38,10.512283686087212,0.18017737669208028,0.19931538820600592,0.0,0.0,1.0,0.0,0.0,0.0,0.0,1.0,1.0,1.0,1.0,0.0,0.0,1.0,1.0,1.0,1.0,1.0,1.0,1.0,1.0,1.0,1.0,1.0,15.0,67.0,15.0
163599,Kolasara,1802,343,328,591,0,235.92,7.638182434723635,0.18201997780244172,0.327968923418424,0.0,0.0,0.0,0.0,0.0,0.0,0.0,1.0,1.0,1.0,0.0,0.0,0.0,0.0,0.0,0.0,1.0,1.0,1.0,0.0,0.0,1.0,0.0,1.0,19.0,66.0,19.0
163600,Thathaha,0,0,0,0,0,69.26,0.0,,,,,,,,,,,,,,,,,,,,,,,,,,,20.0,67.0,20.0
163601,Patharpura Kalan,970,146,168,281,0,173.71,5.584019342582465,0.1731958762886598,0.28969072164948456,0.0,0.0,0.0,0.0,0.0,0.0,0.0,1.0,1.0,0.0,0.0,0.0,0.0,0.0,0.0,0.0,1.0,1.0,1.0,0.0,0.0,1.0,1.0,1.0,23.0,70.0,23.0
163602,Patharpur Khurd,281,52,37,62,0,151.87,1.8502666754461052,0.13167259786476868,0.2206405693950178,0.0,0.0,0.0,0.0,0.0,0.0,0.0,1.0,1.0,1.0,0.0,0.0,0.0,0.0,0.0,0.0,1.0,0.0,1.0,0.0,0.0,1.0,0.0,0.0,22.0,70.0,22.0
163603,Baraha,1590,291,297,884,0,170.27,9.33811006049216,0.18679245283018867,0.5559748427672956,0.0,0.0,0.0,0.0,0.0,0.0,0.0,1.0,0.0,1.0,0.0,0.0,0.0,0.0,0.0,0.0,0.0,0.0,1.0,1.0,0.0,1.0,1.0,1.0,22.0,72.0,22.0
163604,Devari,1389,233,248,412,0,170.27,8.157631996241264,0.1785457163426926,0.2966162706983441,0.0,0.0,0.0,0.0,0.0,0.0,0.0,1.0,1.0,0.0,1.0,0.0,0.0,0.0,0.0,0.0,1.0,1.0,1.0,0.0,0.0,0.0,1.0,1.0,20.0,70.0,20.0
163605,Aruvari,1599,229,276,480,0,183.84,8.697780678851174,0.1726078799249531,0.300187617260788,0.0,0.0,0.0,0.0,0.0,0.0,0.0,1.0,1.0,0.0,0.0,0.0,0.0,0.0,0.0,1.0,1.0,1.0,1.0,0.0,0.0,1.0,1.0,1.0,15.0,65.0,15.0
163606,Mahilaha,1345,221,275,312,0,223.47,6.018704971584553,0.20446096654275092,0.2319702602230483,0.0,0.0,0.0,0.0,0.0,0.0,0.0,1.0,1.0,1.0,1.0,1.0,0.0,0.0,0.0,1.0,1.0,1.0,1.0,0.0,0.0,1.0,1.0,1.0,14.0,75.0,14.0
163607,Khivali Kala,2067,374,412,961,0,361.2,5.722591362126246,0.19932268988872762,0.4649250120948234,0.0,0.0,0.0,0.0,0.0,0.0,0.0,1.0,1.0,0.0,0.0,0.0,1.0,0.0,0.0,0.0,1.0,1.0,1.0,0.0,0.0,1.0,1.0,0.0,15.0,65.0,15.0
163608,Bhagatpur,580,90,91,286,0,222.27,2.609438970621316,0.15689655172413794,0.49310344827586206,0.0,0.0,0.0,0.0,0.0,0.0,0.0,1.0,0.0,0.0,0.0,0.0,0.0,0.0,0.0,0.0,1.0,0.0,1.0,0.0,0.0,0.0,1.0,0.0,17.0,17.0,0.0
163609,Nahari Laper,652,89,109,145,0,163.05,3.998773382398037,0.16717791411042945,0.2223926380368098,0.0,0.0,0.0,0.0,0.0,0.0,0.0,1.0,0.0,0.0,0.0,0.0,0.0,0.0,1.0,1.0,1.0,1.0,1.0,0.0,0.0,0.0,1.0,1.0,12.0,55.0,12.0
163610,Lavariya,682,124,120,286,0,156.45,4.359220198146373,0.17595307917888564,0.41935483870967744,0.0,0.0,0.0,0.0,0.0,0.0,0.0,1.0,0.0,0.0,0.0,0.0,0.0,0.0,0.0,0.0,0.0,0.0,1.0,0.0,0.0,1.0,0.0,1.0,8.0,78.0,8.0
163611,Karpiya,1141,194,253,524,0,170.93,6.675247177207043,0.22173531989482909,0.45924627519719546,0.0,0.0,0.0,0.0,0.0,0.0,0.0,1.0,1.0,0.0,0.0,0.0,1.0,0.0,1.0,1.0,0.0,0.0,1.0,0.0,0.0,1.0,1.0,0.0,7.0,75.0,7.0
163612,Chandi,3083,489,640,958,0,507.31,6.077152037215903,0.2075900097307817,0.31073629581576384,0.0,0.0,0.0,0.0,0.0,0.0,0.0,1.0,1.0,0.0,0.0,0.0,0.0,0.0,0.0,0.0,1.0,0.0,1.0,1.0,0.0,1.0,1.0,1.0,5.0,70.0,5.0
163613,Semariya,1431,203,255,192,0,365.2,3.9184008762322016,0.17819706498951782,0.13417190775681342,0.0,0.0,0.0,0.0,0.0,0.0,0.0,1.0,0.0,0.0,0.0,0.0,0.0,0.0,1.0,1.0,1.0,1.0,1.0,0.0,0.0,1.0,1.0,1.0,4.0,62.0,4.0
163614,Sikaro,4036,669,714,1059,0,755.003,5.34567412314918,0.17690782953419226,0.26238850346878095,0.0,0.0,0.0,0.0,0.0,0.0,0.0,1.0,1.0,0.0,1.0,0.0,1.0,0.0,1.0,1.0,1.0,1.0,1.0,0.0,0.0,1.0,1.0,1.0,10.0,66.0,10.0
163615,Pura Monai,576,93,92,190,0,117.36,4.9079754601226995,0.1597222222222222,0.3298611111111111,0.0,0.0,0.0,0.0,0.0,0.0,0.0,1.0,1.0,0.0,0.0,0.0,1.0,0.0,0.0,0.0,1.0,1.0,1.0,0.0,0.0,0.0,1.0,0.0,2.0,63.0,2.0
163616,Baranpur,1557,267,262,602,0,413.07,3.7693369162611665,0.1682723185613359,0.38664097623635196,0.0,0.0,0.0,0.0,0.0,0.0,0.0,1.0,1.0,0.0,0.0,1.0,1.0,0.0,0.0,0.0,1.0,1.0,1.0,0.0,0.0,1.0,1.0,0.0,3.0,64.0,3.0
163617,Biraha,1671,276,254,575,0,387.14,4.316268016738131,0.15200478755236385,0.3441053261520048,0.0,0.0,0.0,0.0,0.0,0.0,0.0,1.0,1.0,0.0,0.0,0.0,0.0,0.0,0.0,0.0,0.0,0.0,1.0,0.0,0.0,0.0,0.0,0.0,8.0,70.0,8.0
163618,Tikar,2674,437,460,325,264,654.63,4.0847501642149,0.17202692595362754,0.12154076290201944,0.0987284966342558,0.0,0.0,0.0,0.0,0.0,0.0,1.0,1.0,1.0,1.0,1.0,1.0,0.0,0.0,1.0,0.0,0.0,1.0,1.0,0.0,1.0,1.0,1.0,10.0,55.0,10.0
163619,Devara Karpiya,3288,528,638,634,0,586.5,5.6061381074168795,0.1940389294403893,0.19282238442822383,0.0,0.0,1.0,0.0,0.0,0.0,0.0,0.0,1.0,0.0,0.0,0.0,0.0,0.0,1.0,1.0,1.0,1.0,1.0,1.0,0.0,1.0,1.0,1.0,10.0,73.0,10.0
163620,Saimaha,1477,245,252,366,0,330.97,4.4626401184397375,0.17061611374407584,0.24779959377115776,0.0,0.0,0.0,0.0,0.0,0.0,0.0,1.0,0.0,0.0,0.0,0.0,0.0,0.0,0.0,0.0,1.0,1.0,0.0,0.0,0.0,1.0,1.0,0.0,14.0,70.0,14.0
163621,Darshani,1808,318,348,409,0,373.34,4.842770664809557,0.19247787610619468,0.22621681415929204,0.0,0.0,0.0,0.0,0.0,0.0,0.0,1.0,1.0,0.0,0.0,0.0,0.0,0.0,0.0,0.0,1.0,1.0,0.0,0.0,0.0,1.0,1.0,1.0,15.0,71.0,15.0
163622,Gheghasahi,585,111,112,236,0,160.86,3.6367027228646025,0.19145299145299147,0.40341880341880343,0.0,0.0,0.0,0.0,0.0,0.0,0.0,1.0,1.0,0.0,0.0,0.0,0.0,0.0,0.0,0.0,1.0,0.0,0.0,0.0,0.0,0.0,0.0,0.0,10.0,52.0,10.0
163623,Basuhi,489,83,90,379,0,175.33,2.7890264073461473,0.18404907975460122,0.7750511247443763,0.0,0.0,0.0,0.0,0.0,0.0,0.0,1.0,0.0,0.0,0.0,0.0,1.0,0.0,0.0,0.0,1.0,1.0,1.0,1.0,0.0,0.0,1.0,1.0,9.0,70.0,9.0
163624,Badva Khurd,247,41,49,59,0,28.57,8.645432271613581,0.19838056680161945,0.2388663967611336,0.0,0.0,0.0,0.0,0.0,0.0,0.0,1.0,0.0,0.0,0.0,0.0,0.0,0.0,0.0,0.0,0.0,0.0,0.0,0.0,0.0,0.0,0.0,0.0,5.0,65.0,5.0
163625,Badava Kalan(Laper),375,80,57,272,0,150.72,2.4880573248407645,0.152,0.7253333333333334,0.0,0.0,0.0,0.0,0.0,0.0,0.0,1.0,1.0,0.0,0.0,0.0,0.0,0.0,0.0,0.0,0.0,0.0,0.0,0.0,0.0,1.0,1.0,0.0,5.0,65.0,5.0
163626,Piparavn,378,48,56,119,0,86.17,4.3866774979691305,0.14814814814814814,0.3148148148148148,0.0,0.0,0.0,0.0,0.0,0.0,0.0,1.0,0.0,0.0,0.0,0.0,0.0,0.0,0.0,0.0,0.0,0.0,0.0,0.0,0.0,0.0,0.0,0.0,4.0,64.0,4.0
163627,Badaur,1788,236,299,579,0,311.32,5.74328665039188,0.16722595078299776,0.3238255033557047,0.0,0.0,0.0,0.0,0.0,0.0,0.0,1.0,1.0,0.0,0.0,0.0,0.0,0.0,0.0,0.0,1.0,1.0,1.0,0.0,0.0,1.0,1.0,0.0,5.0,67.0,5.0
163628,Javain,867,134,150,232,0,198.39,4.370179948586118,0.17301038062283736,0.2675893886966551,0.0,0.0,0.0,0.0,0.0,0.0,0.0,1.0,1.0,0.0,0.0,0.0,0.0,0.0,0.0,0.0,0.0,0.0,1.0,0.0,0.0,1.0,1.0,1.0,4.0,65.0,4.0
163629,Atari Sikki Tarav,0,0,0,0,0,37.81,0.0,,,,,,,,,,,,,,,,,,,,,,,,,,,3.0,66.0,3.0
163630,Kosbhara Kala,3595,591,639,803,0,359.262,10.006624691729156,0.17774687065368566,0.22336578581363004,0.0,0.0,0.0,0.0,0.0,0.0,0.0,1.0,1.0,0.0,0.0,,1.0,0.0,0.0,0.0,1.0,1.0,1.0,0.0,0.0,0.0,1.0,1.0,3.0,72.0,3.0
163631,Tarav,5400,848,1076,1885,0,732.14,7.375638539077226,0.19925925925925925,0.3490740740740741,0.0,,0.0,0.0,0.0,0.0,0.0,1.0,1.0,0.0,0.0,0.0,1.0,0.0,1.0,1.0,0.0,1.0,1.0,0.0,0.0,1.0,1.0,1.0,2.0,62.0,0.0
163632,Padariya,1428,214,194,204,0,103.74,13.765182186234819,0.13585434173669467,0.14285714285714285,0.0,0.0,0.0,0.0,0.0,0.0,0.0,1.0,1.0,0.0,0.0,0.0,1.0,0.0,1.0,1.0,1.0,1.0,1.0,1.0,0.0,0.0,1.0,0.0,2.0,67.0,2.0
163633,Kosbhara Khurd,1295,182,214,87,0,105.91,12.227362855254462,0.16525096525096525,0.06718146718146718,0.0,0.0,0.0,0.0,0.0,0.0,0.0,1.0,0.0,0.0,0.0,0.0,1.0,0.0,0.0,1.0,1.0,1.0,1.0,0.0,0.0,1.0,1.0,1.0,3.0,72.0,3.0
163634,Baidvar Kalan,3253,537,610,935,2,350.1,9.291630962582119,0.18751921303412236,0.2874269904703351,0.0006148170919151552,0.0,0.0,0.0,0.0,0.0,0.0,1.0,1.0,0.0,0.0,0.0,1.0,0.0,1.0,1.0,1.0,1.0,1.0,1.0,0.0,1.0,0.0,1.0,1.0,68.0,1.0
163635,Baidvar Khurd,28,7,2,0,0,14.95,1.8729096989966556,0.07142857142857142,0.0,0.0,0.0,0.0,0.0,0.0,0.0,0.0,1.0,0.0,0.0,0.0,0.0,1.0,0.0,0.0,0.0,0.0,1.0,1.0,0.0,0.0,1.0,0.0,0.0,1.0,68.0,1.0
163636,Atari Sikari Korav,348,68,78,147,0,115.2,3.020833333333333,0.22413793103448276,0.4224137931034483,0.0,0.0,0.0,0.0,0.0,0.0,0.0,1.0,1.0,1.0,0.0,0.0,0.0,0.0,0.0,0.0,0.0,0.0,1.0,0.0,1.0,0.0,1.0,1.0,3.0,68.0,3.0
163637,Pathertal,2688,502,515,1088,0,682.24,3.9399624765478425,0.19159226190476192,0.40476190476190477,0.0,0.0,0.0,,0.0,0.0,0.0,1.0,0.0,0.0,0.0,,1.0,0.0,0.0,0.0,0.0,0.0,1.0,0.0,0.0,1.0,1.0,1.0,2.0,65.0,0.0
163638,Baran,484,71,71,35,0,90.12,5.370616955170883,0.14669421487603307,0.07231404958677685,0.0,0.0,0.0,0.0,0.0,0.0,0.0,1.0,1.0,1.0,1.0,0.0,1.0,0.0,0.0,0.0,1.0,1.0,1.0,0.0,0.0,0.0,1.0,1.0,5.0,72.0,5.0
163639,Chak Kharihani,166,26,33,8,0,28.66,5.792044661549197,0.19879518072289157,0.04819277108433735,0.0,0.0,0.0,0.0,0.0,0.0,0.0,1.0,0.0,0.0,0.0,,1.0,0.0,0.0,0.0,1.0,1.0,1.0,0.0,1.0,0.0,1.0,1.0,4.0,71.0,4.0
163640,Dhanapur,457,68,83,5,0,76.14,6.002101392172314,0.18161925601750548,0.010940919037199124,0.0,0.0,0.0,0.0,0.0,0.0,0.0,1.0,0.0,0.0,0.0,0.0,0.0,0.0,1.0,1.0,1.0,1.0,1.0,1.0,0.0,1.0,1.0,1.0,4.0,7.0,4.0
163641,Uruva,856,169,132,66,0,123.77,6.916053971075382,0.1542056074766355,0.07710280373831775,0.0,0.0,0.0,0.0,0.0,0.0,0.0,1.0,1.0,0.0,0.0,0.0,0.0,0.0,1.0,1.0,1.0,1.0,1.0,0.0,0.0,1.0,1.0,1.0,3.0,70.0,3.0
163642,Misirpur,980,157,168,405,0,84.27,11.629286816186069,0.17142857142857143,0.413265306122449,0.0,0.0,0.0,0.0,0.0,0.0,0.0,1.0,0.0,0.0,0.0,0.0,0.0,0.0,0.0,0.0,0.0,0.0,1.0,0.0,1.0,1.0,1.0,1.0,5.0,70.0,5.0
163643,Barvari Kalan,2043,325,344,685,0,634.09,3.2219401031399326,0.16837983357807146,0.3352912383749388,0.0,0.0,0.0,0.0,0.0,0.0,0.0,1.0,1.0,1.0,1.0,0.0,1.0,0.0,0.0,0.0,1.0,1.0,1.0,0.0,0.0,1.0,1.0,1.0,5.0,70.0,5.0
163644,Pasana,3352,545,511,1514,0,854.02,3.9249666284161964,0.15244630071599044,0.45167064439140814,0.0,0.0,0.0,0.0,0.0,0.0,0.0,1.0,1.0,0.0,1.0,0.0,0.0,0.0,0.0,1.0,1.0,1.0,1.0,1.0,0.0,1.0,1.0,1.0,8.0,60.0,8.0
163645,Pura Ruchai,112,20,9,18,0,28.43,3.9395005276116777,0.08035714285714286,0.16071428571428573,0.0,0.0,0.0,0.0,0.0,0.0,0.0,1.0,1.0,0.0,1.0,0.0,0.0,0.0,0.0,0.0,0.0,0.0,1.0,0.0,0.0,1.0,1.0,1.0,10.0,55.0,10.0
163646,Babhan Patti,1139,135,189,325,0,300.33,3.7924949222521893,0.16593503072870938,0.2853380158033363,0.0,0.0,0.0,0.0,0.0,0.0,0.0,1.0,0.0,0.0,0.0,0.0,1.0,0.0,0.0,0.0,0.0,1.0,1.0,0.0,0.0,0.0,1.0,0.0,10.0,55.0,10.0
163647,Bauraha,753,106,143,411,0,316.8,2.3768939393939394,0.1899070385126162,0.545816733067729,0.0,0.0,0.0,0.0,0.0,0.0,0.0,1.0,1.0,1.0,,0.0,0.0,0.0,0.0,0.0,0.0,0.0,1.0,0.0,0.0,0.0,0.0,1.0,8.0,58.0,8.0
163648,Khamberiya,348,49,64,62,0,84.2,4.133016627078384,0.1839080459770115,0.1781609195402299,0.0,0.0,0.0,0.0,0.0,0.0,0.0,1.0,1.0,0.0,1.0,0.0,0.0,0.0,0.0,0.0,1.0,0.0,1.0,0.0,0.0,0.0,0.0,0.0,9.0,77.0,9.0
163649,Belhat,2360,346,484,1412,14,1199.88,1.9668633530019666,0.20508474576271185,0.5983050847457627,0.005932203389830509,0.0,0.0,0.0,0.0,0.0,0.0,1.0,0.0,0.0,0.0,0.0,0.0,0.0,0.0,0.0,0.0,0.0,0.0,0.0,0.0,0.0,1.0,1.0,12.0,60.0,12.0
163650,Bara,1592,275,316,876,0,335.35,4.747278962278217,0.1984924623115578,0.550251256281407,0.0,0.0,1.0,0.0,0.0,0.0,0.0,1.0,0.0,0.0,0.0,0.0,0.0,0.0,0.0,0.0,0.0,1.0,1.0,0.0,0.0,1.0,1.0,1.0,13.0,60.0,13.0
163651,Belvaniya,2975,439,517,767,0,1182.11,2.516686264391639,0.17378151260504202,0.2578151260504202,0.0,0.0,0.0,0.0,0.0,0.0,0.0,1.0,0.0,0.0,0.0,,,1.0,0.0,0.0,0.0,0.0,1.0,0.0,0.0,1.0,1.0,1.0,10.0,60.0,10.0
163652,Bhavriya,351,52,73,33,0,53.64,6.543624161073826,0.20797720797720798,0.09401709401709402,0.0,0.0,0.0,0.0,0.0,0.0,0.0,1.0,1.0,,,0.0,0.0,0.0,0.0,0.0,0.0,1.0,1.0,0.0,0.0,0.0,0.0,0.0,12.0,75.0,12.0
163653,Umari,828,102,159,230,0,175.57,4.716067665318676,0.19202898550724637,0.2777777777777778,0.0,0.0,0.0,0.0,0.0,0.0,0.0,1.0,0.0,0.0,0.0,0.0,0.0,0.0,0.0,0.0,1.0,1.0,1.0,1.0,0.0,0.0,0.0,0.0,8.0,76.0,8.0
163654,Semari Baghrai,4268,639,776,1025,178,565.13,7.552244616282979,0.18181818181818182,0.2401593252108716,0.04170571696344892,0.0,0.0,0.0,0.0,0.0,0.0,1.0,1.0,0.0,1.0,0.0,0.0,0.0,1.0,1.0,1.0,1.0,1.0,1.0,0.0,1.0,1.0,1.0,4.0,69.0,4.0
163655,Bhalua,1331,203,211,356,0,204.35,6.513334964521654,0.1585274229902329,0.26746806912096166,0.0,0.0,0.0,0.0,0.0,0.0,0.0,1.0,0.0,0.0,0.0,0.0,0.0,0.0,1.0,1.0,1.0,1.0,1.0,1.0,0.0,0.0,0.0,1.0,7.0,75.0,7.0
163656,Dhav,2220,399,461,828,66,506.13,4.386224882935214,0.20765765765765765,0.372972972972973,0.02972972972972973,0.0,0.0,0.0,0.0,0.0,0.0,1.0,0.0,0.0,0.0,0.0,1.0,0.0,0.0,0.0,1.0,1.0,1.0,0.0,1.0,1.0,1.0,1.0,7.0,82.0,7.0
163657,Saji,2774,523,531,998,0,421.26,6.585006884109577,0.1914203316510454,0.3597692862292718,0.0,0.0,0.0,0.0,0.0,0.0,0.0,1.0,1.0,0.0,0.0,0.0,0.0,0.0,0.0,0.0,0.0,0.0,1.0,0.0,0.0,1.0,1.0,1.0,7.0,80.0,7.0
163658,Ghoghi Dia,265,36,38,74,0,79.51,3.3329140988554897,0.14339622641509434,0.2792452830188679,0.0,0.0,0.0,0.0,0.0,0.0,0.0,1.0,1.0,0.0,0.0,0.0,0.0,0.0,0.0,0.0,0.0,0.0,1.0,0.0,0.0,1.0,0.0,0.0,10.0,77.0,10.0
163659,Ghoghi Manda,317,46,42,146,0,410.5,0.7722289890377588,0.13249211356466878,0.4605678233438486,0.0,0.0,0.0,0.0,0.0,0.0,0.0,1.0,1.0,1.0,0.0,0.0,0.0,0.0,0.0,0.0,0.0,0.0,1.0,0.0,1.0,0.0,0.0,0.0,11.0,77.0,11.0
163660,Dedi Patti,232,32,52,75,0,119.75,1.9373695198329854,0.22413793103448276,0.3232758620689655,0.0,0.0,0.0,0.0,0.0,0.0,0.0,1.0,1.0,1.0,0.0,0.0,1.0,0.0,0.0,0.0,0.0,1.0,1.0,0.0,0.0,0.0,0.0,0.0,12.0,77.0,12.0
163661,Retaura,2191,340,420,826,0,441.83,4.958920851911369,0.19169329073482427,0.3769968051118211,0.0,0.0,0.0,0.0,0.0,0.0,0.0,0.0,0.0,0.0,0.0,0.0,1.0,0.0,0.0,0.0,1.0,1.0,1.0,0.0,0.0,1.0,1.0,1.0,10.0,7.0,10.0
163662,Girgotha,1113,140,183,211,0,146.69,7.58742927261572,0.16442048517520216,0.18957771787960467,0.0,0.0,0.0,0.0,0.0,0.0,0.0,1.0,1.0,1.0,0.0,0.0,1.0,0.0,0.0,0.0,0.0,0.0,1.0,0.0,0.0,0.0,1.0,0.0,10.0,75.0,10.0
163663,Samohara,289,58,63,266,0,197.2,1.4655172413793105,0.2179930795847751,0.9204152249134948,0.0,0.0,0.0,0.0,0.0,0.0,0.0,1.0,1.0,0.0,0.0,0.0,1.0,0.0,0.0,0.0,1.0,1.0,1.0,0.0,0.0,1.0,1.0,1.0,13.0,78.0,13.0
163664,Kathar,106,15,24,12,0,139.46,0.7600745733543668,0.22641509433962265,0.11320754716981132,0.0,0.0,0.0,0.0,0.0,0.0,0.0,1.0,1.0,1.0,0.0,0.0,1.0,0.0,1.0,0.0,0.0,0.0,1.0,0.0,0.0,0.0,1.0,0.0,11.0,76.0,11.0
163665,Latifpur,509,96,98,460,0,475.65,1.070114580048355,0.1925343811394892,0.9037328094302554,0.0,0.0,0.0,0.0,0.0,0.0,0.0,1.0,1.0,0.0,0.0,0.0,0.0,0.0,0.0,1.0,1.0,1.0,1.0,1.0,0.0,0.0,1.0,1.0,12.0,78.0,12.0
163666,Rampur Tulapur,625,89,115,148,0,0.0,,0.184,0.2368,0.0,0.0,0.0,0.0,0.0,0.0,0.0,1.0,0.0,0.0,0.0,0.0,0.0,0.0,0.0,0.0,1.0,1.0,1.0,0.0,0.0,0.0,1.0,1.0,67.0,67.0,12.0
163667,Khurhara,1730,252,335,662,0,491.63,3.5189064947216404,0.1936416184971098,0.38265895953757223,0.0,0.0,0.0,0.0,0.0,0.0,0.0,1.0,0.0,0.0,0.0,0.0,0.0,0.0,0.0,0.0,0.0,0.0,1.0,0.0,0.0,1.0,1.0,1.0,17.0,74.0,0.0
163668,Kudar,1899,318,293,456,0,173.79,10.926980838943553,0.15429173249078462,0.2401263823064771,0.0,0.0,0.0,0.0,0.0,0.0,0.0,1.0,0.0,0.0,0.0,0.0,0.0,0.0,0.0,1.0,1.0,1.0,1.0,0.0,0.0,1.0,1.0,0.0,19.0,75.0,19.0
163669,Dihiya,1393,210,297,600,0,230.63,6.039977453063348,0.2132089016511127,0.43072505384063176,0.0,0.0,0.0,0.0,0.0,0.0,0.0,1.0,1.0,0.0,0.0,0.0,0.0,0.0,0.0,0.0,0.0,0.0,1.0,0.0,0.0,1.0,0.0,1.0,8.0,70.0,8.0
163670,Bhagesar,6359,1046,1245,1990,0,1308.38,4.860208807838701,0.19578550086491586,0.31294228652303824,0.0,0.0,0.0,0.0,0.0,0.0,0.0,1.0,0.0,0.0,0.0,0.0,0.0,0.0,0.0,0.0,1.0,1.0,1.0,0.0,0.0,1.0,1.0,1.0,13.0,78.0,13.0
163671,Sipauva,2128,351,406,793,0,684.77,3.1076127750923668,0.19078947368421054,0.3726503759398496,0.0,0.0,0.0,0.0,0.0,0.0,0.0,1.0,1.0,0.0,1.0,0.0,1.0,0.0,0.0,0.0,1.0,1.0,1.0,1.0,0.0,1.0,1.0,1.0,10.0,80.0,10.0
163672,Kukurhata,3322,492,664,1394,0,565.73,5.872059109469181,0.19987959060806743,0.419626730885009,0.0,0.0,0.0,0.0,0.0,0.0,0.0,1.0,1.0,0.0,0.0,0.0,0.0,0.0,0.0,0.0,0.0,0.0,1.0,0.0,0.0,0.0,0.0,0.0,9.0,68.0,8.0
163673,Khajuri Kalan,1298,196,252,249,0,213.56,6.077917212961228,0.1941448382126348,0.19183359013867488,0.0,0.0,0.0,0.0,0.0,0.0,0.0,1.0,1.0,0.0,0.0,0.0,1.0,0.0,0.0,0.0,1.0,1.0,1.0,0.0,0.0,0.0,0.0,1.0,8.0,80.0,8.0
163674,Chak Dadar,43,7,5,0,0,22.77,1.888449714536671,0.11627906976744186,0.0,0.0,0.0,0.0,0.0,0.0,0.0,0.0,1.0,1.0,0.0,0.0,0.0,0.0,0.0,0.0,1.0,1.0,1.0,1.0,0.0,0.0,1.0,1.0,1.0,10.0,75.0,0.0
163675,Patka Bodaha,39,5,6,0,0,133.34,0.2924853757312134,0.15384615384615385,0.0,0.0,0.0,0.0,0.0,0.0,0.0,0.0,1.0,1.0,0.0,0.0,0.0,1.0,0.0,0.0,0.0,1.0,1.0,1.0,0.0,0.0,1.0,0.0,1.0,8.0,73.0,0.0
163676,Khajuri Khurd,2679,445,528,760,0,484.3,5.531695230229197,0.19708846584546472,0.28368794326241137,0.0,0.0,0.0,,0.0,0.0,0.0,1.0,0.0,0.0,0.0,0.0,1.0,0.0,0.0,0.0,1.0,1.0,1.0,1.0,0.0,1.0,1.0,1.0,8.0,73.0,0.0
163677,Koilariha,1025,189,217,262,0,115.22,8.896024995660476,0.21170731707317073,0.255609756097561,0.0,0.0,0.0,0.0,0.0,0.0,0.0,1.0,1.0,0.0,0.0,0.0,0.0,0.0,0.0,1.0,1.0,1.0,1.0,0.0,0.0,0.0,1.0,0.0,10.0,75.0,0.0
163678,Pachauha,1206,205,178,224,0,303.57,3.9727245775274236,0.14759535655058043,0.1857379767827529,0.0,0.0,0.0,0.0,0.0,0.0,0.0,0.0,0.0,0.0,0.0,0.0,1.0,0.0,0.0,1.0,1.0,1.0,1.0,1.0,0.0,0.0,0.0,1.0,9.0,74.0,0.0
163679,Kotiya Kundali,650,139,115,0,0,194.36,3.3443095287096107,0.17692307692307693,0.0,0.0,0.0,0.0,0.0,0.0,0.0,0.0,1.0,1.0,0.0,0.0,0.0,1.0,0.0,0.0,1.0,1.0,1.0,1.0,0.0,0.0,1.0,1.0,1.0,10.0,75.0,0.0
163680,Gobari,1430,261,252,86,0,264.68,5.402750491159136,0.17622377622377622,0.06013986013986014,0.0,0.0,0.0,0.0,0.0,0.0,0.0,1.0,0.0,0.0,0.0,0.0,0.0,0.0,0.0,1.0,1.0,1.0,1.0,0.0,0.0,1.0,1.0,1.0,8.0,74.0,0.0
163681,Jadipur,820,130,172,351,0,368.28,2.226566742695775,0.2097560975609756,0.42804878048780487,0.0,0.0,0.0,0.0,0.0,0.0,0.0,1.0,1.0,0.0,0.0,0.0,0.0,0.0,0.0,0.0,1.0,1.0,1.0,1.0,0.0,1.0,1.0,1.0,8.0,70.0,8.0
163682,Kapasi Khurd,644,107,110,293,0,84.83,7.591653896027349,0.17080745341614906,0.4549689440993789,0.0,0.0,0.0,0.0,0.0,0.0,0.0,1.0,1.0,0.0,0.0,0.0,0.0,0.0,1.0,1.0,1.0,1.0,1.0,1.0,0.0,0.0,1.0,1.0,41.0,71.0,41.0
163683,Kapasi Kalan,1242,225,233,256,0,192.67,6.446255255099393,0.18760064412238325,0.20611916264090177,0.0,0.0,0.0,0.0,0.0,0.0,0.0,1.0,1.0,0.0,0.0,0.0,0.0,0.0,1.0,1.0,1.0,1.0,1.0,0.0,1.0,1.0,1.0,1.0,4.0,72.0,4.0
163684,Lonmati,540,108,121,134,0,141.95,3.804156393096161,0.22407407407407406,0.24814814814814815,0.0,0.0,0.0,0.0,0.0,0.0,0.0,1.0,1.0,0.0,0.0,0.0,0.0,0.0,0.0,1.0,1.0,1.0,0.0,1.0,0.0,0.0,1.0,1.0,5.0,75.0,5.0
163685,Nathupur,1060,192,243,725,1,161.17,6.576906372153627,0.22924528301886793,0.6839622641509434,0.0009433962264150943,0.0,0.0,0.0,0.0,0.0,0.0,1.0,1.0,1.0,0.0,0.0,1.0,0.0,0.0,0.0,1.0,1.0,1.0,0.0,0.0,1.0,1.0,1.0,86.0,70.0,86.0
163686,Dulahipur,57,10,13,0,0,12.55,4.541832669322709,0.22807017543859648,0.0,0.0,0.0,0.0,0.0,0.0,0.0,0.0,1.0,1.0,0.0,0.0,0.0,0.0,0.0,0.0,0.0,0.0,0.0,0.0,0.0,0.0,0.0,1.0,0.0,8.0,70.0,8.0
163687,Mandav,1963,338,371,814,0,681.11,2.8820601664929306,0.1889964340295466,0.41467142129393786,0.0,0.0,,0.0,0.0,0.0,0.0,1.0,1.0,0.0,0.0,0.0,0.0,0.0,1.0,1.0,1.0,1.0,0.0,0.0,0.0,1.0,1.0,1.0,10.0,8.0,10.0
163688,Tudihar,2259,409,373,410,60,594.0,3.803030303030303,0.16511730854360337,0.1814962372731297,0.02656042496679947,0.0,0.0,0.0,0.0,0.0,0.0,1.0,1.0,0.0,0.0,0.0,0.0,1.0,0.0,1.0,1.0,1.0,1.0,0.0,0.0,1.0,0.0,1.0,25.0,80.0,25.0
163689,Khivali Khurd,399,82,78,250,0,126.29,3.159395043154644,0.19548872180451127,0.6265664160401002,0.0,0.0,0.0,0.0,0.0,0.0,0.0,1.0,1.0,0.0,0.0,0.0,0.0,0.0,0.0,0.0,1.0,1.0,1.0,0.0,0.0,0.0,1.0,1.0,18.0,75.0,18.0
163690,Bhogan,1307,211,276,236,0,308.97,4.23018416027446,0.2111706197398623,0.180566182096404,0.0,0.0,0.0,0.0,0.0,0.0,0.0,1.0,0.0,0.0,0.0,0.0,0.0,0.0,1.0,1.0,1.0,0.0,1.0,0.0,0.0,1.0,1.0,1.0,18.0,75.0,18.0
163691,Malipur,474,91,66,164,0,137.54,3.4462701759488152,0.13924050632911392,0.3459915611814346,0.0,0.0,0.0,0.0,0.0,0.0,0.0,1.0,1.0,0.0,0.0,0.0,1.0,0.0,1.0,0.0,1.0,0.0,1.0,0.0,0.0,0.0,0.0,0.0,18.0,76.0,0.0
163692,Lauvakon,962,166,171,399,0,189.02,5.089408528198074,0.17775467775467776,0.41476091476091476,0.0,0.0,0.0,0.0,0.0,0.0,0.0,1.0,0.0,0.0,0.0,0.0,0.0,0.0,0.0,0.0,0.0,0.0,1.0,0.0,1.0,0.0,0.0,0.0,26.0,100.0,26.0
163693,Barauha,1485,208,250,321,0,304.36,4.879090550663688,0.16835016835016836,0.21616161616161617,0.0,0.0,0.0,0.0,0.0,0.0,0.0,1.0,1.0,1.0,0.0,0.0,1.0,0.0,1.0,1.0,1.0,0.0,1.0,0.0,0.0,1.0,1.0,1.0,20.0,82.0,20.0
163694,Bans,680,132,133,224,0,213.49,3.185160897465923,0.19558823529411765,0.32941176470588235,0.0,0.0,0.0,0.0,0.0,0.0,0.0,1.0,0.0,0.0,0.0,0.0,0.0,0.0,1.0,1.0,1.0,1.0,1.0,0.0,0.0,1.0,1.0,0.0,20.0,82.0,20.0
163695,Lakhanpur,1090,150,162,409,0,125.26,8.701900047900367,0.14862385321100918,0.37522935779816513,0.0,0.0,0.0,0.0,0.0,0.0,0.0,1.0,1.0,0.0,0.0,0.0,0.0,0.0,1.0,1.0,1.0,1.0,1.0,0.0,0.0,1.0,1.0,1.0,18.0,80.0,18.0
163696,Pura Ramnath,150,25,5,32,0,30.84,4.863813229571984,0.03333333333333333,0.21333333333333335,0.0,0.0,0.0,0.0,0.0,0.0,0.0,1.0,1.0,0.0,0.0,0.0,0.0,0.0,0.0,0.0,0.0,1.0,1.0,0.0,0.0,1.0,1.0,1.0,20.0,83.0,20.0
163697,Hardiya,1125,138,142,52,0,203.1,5.539143279172821,0.12622222222222224,0.04622222222222222,0.0,1.0,0.0,1.0,0.0,0.0,0.0,1.0,1.0,1.0,0.0,0.0,1.0,0.0,0.0,0.0,0.0,0.0,1.0,0.0,0.0,1.0,1.0,0.0,20.0,100.0,0.0
163698,Khedupur,254,44,41,130,0,72.94,3.4823142308746915,0.16141732283464566,0.5118110236220472,0.0,0.0,0.0,0.0,0.0,0.0,0.0,1.0,0.0,0.0,0.0,0.0,0.0,0.0,0.0,0.0,0.0,0.0,0.0,0.0,0.0,0.0,0.0,0.0,0.0,0.0,0.0
163699,Bhagvanpur,258,41,39,59,0,39.329,6.560044750692873,0.1511627906976744,0.22868217054263565,0.0,0.0,0.0,0.0,0.0,0.0,0.0,1.0,0.0,0.0,0.0,0.0,0.0,0.0,0.0,0.0,0.0,0.0,1.0,0.0,0.0,0.0,0.0,1.0,20.0,100.0,0.0
163700,Khurindaha,0,0,0,0,0,8.469,0.0,,,,,,,,,,,,,,,,,,,,,,,,,,,20.0,82.0,20.0
163701,Gara,3336,563,583,1079,0,586.82,5.684877816025357,0.17476019184652278,0.32344124700239807,0.0,0.0,0.0,0.0,0.0,0.0,0.0,1.0,0.0,0.0,0.0,0.0,0.0,0.0,1.0,1.0,1.0,1.0,1.0,1.0,0.0,1.0,1.0,1.0,16.0,80.0,16.0
163702,Barokhar,11815,2002,1949,2310,47,2999.44,3.9390686261435466,0.16495979686838763,0.1955141768937791,0.003977994075327973,0.0,1.0,0.0,0.0,0.0,0.0,1.0,0.0,0.0,0.0,0.0,0.0,0.0,1.0,1.0,1.0,1.0,1.0,1.0,0.0,1.0,1.0,1.0,22.0,75.0,0.0
163703,Dadar,423,56,78,103,0,114.2,3.7040280210157617,0.18439716312056736,0.24349881796690306,0.0,0.0,0.0,0.0,0.0,0.0,0.0,1.0,0.0,0.0,0.0,0.0,0.0,0.0,0.0,0.0,0.0,1.0,1.0,0.0,0.0,1.0,1.0,1.0,67.0,67.0,23.0
163704,Pokkhraod,358,54,62,94,0,42.39,8.445388063222458,0.17318435754189945,0.26256983240223464,0.0,0.0,0.0,0.0,0.0,0.0,0.0,1.0,0.0,0.0,0.0,0.0,0.0,1.0,1.0,1.0,0.0,0.0,1.0,0.0,0.0,1.0,1.0,1.0,23.0,67.0,23.0
163705,Chirav,1861,298,278,594,0,311.87,5.967229935550069,0.1493820526598603,0.3191832348199892,0.0,0.0,,0.0,0.0,0.0,0.0,1.0,1.0,0.0,0.0,0.0,0.0,0.0,0.0,1.0,1.0,0.0,1.0,0.0,0.0,1.0,1.0,1.0,67.0,67.0,0.0
163706,Amiliya,635,116,118,258,0,274.13,2.316419217159742,0.1858267716535433,0.4062992125984252,0.0,0.0,0.0,0.0,0.0,0.0,0.0,1.0,1.0,1.0,1.0,0.0,1.0,0.0,0.0,0.0,0.0,0.0,1.0,0.0,0.0,0.0,1.0,1.0,28.0,88.0,0.0
163707,Chandapur,1549,264,296,661,0,177.03,8.749929390498785,0.19109102646868947,0.4267269205939316,0.0,0.0,0.0,0.0,0.0,0.0,0.0,1.0,1.0,0.0,1.0,0.0,1.0,0.0,0.0,0.0,0.0,1.0,1.0,1.0,0.0,1.0,1.0,1.0,27.0,85.0,0.0
163708,Bharathipur,490,88,81,69,0,58.28,8.407687028140014,0.1653061224489796,0.14081632653061224,0.0,0.0,0.0,0.0,0.0,0.0,0.0,0.0,1.0,0.0,,0.0,1.0,0.0,0.0,0.0,1.0,0.0,1.0,0.0,1.0,1.0,1.0,1.0,25.0,80.0,0.0
163709,Chhanana,288,50,35,7,0,33.98,8.475573866980577,0.12152777777777778,0.024305555555555556,0.0,0.0,0.0,0.0,0.0,0.0,0.0,1.0,0.0,0.0,1.0,,,0.0,0.0,0.0,0.0,1.0,0.0,1.0,0.0,1.0,1.0,1.0,24.0,80.0,0.0
163710,Bhavanipur,1856,355,352,222,0,240.0,7.733333333333333,0.1896551724137931,0.11961206896551724,0.0,0.0,0.0,0.0,0.0,0.0,0.0,1.0,0.0,0.0,0.0,0.0,1.0,1.0,0.0,0.0,0.0,0.0,0.0,0.0,0.0,1.0,0.0,1.0,24.0,78.0,24.0
163711,Manpur,1162,179,215,160,0,226.0,5.1415929203539825,0.18502581755593803,0.13769363166953527,0.0,0.0,0.0,0.0,0.0,0.0,0.0,1.0,1.0,1.0,1.0,0.0,1.0,0.0,0.0,0.0,0.0,0.0,0.0,0.0,0.0,1.0,1.0,1.0,24.0,78.0,24.0
163712,Jaipur,193,28,16,0,0,25.61,7.536118703631394,0.08290155440414508,0.0,0.0,0.0,0.0,0.0,0.0,0.0,0.0,1.0,1.0,1.0,0.0,0.0,1.0,0.0,0.0,0.0,1.0,0.0,1.0,0.0,0.0,1.0,1.0,1.0,56.0,85.0,0.0
163713,Handiya,1573,286,287,526,0,390.0,4.033333333333333,0.182453909726637,0.33439287984742533,0.0,0.0,0.0,0.0,0.0,0.0,0.0,1.0,0.0,0.0,0.0,0.0,1.0,0.0,0.0,1.0,1.0,1.0,1.0,0.0,0.0,1.0,0.0,1.0,25.0,82.0,25.0
163714,Pura Kurmi,55,13,9,2,0,27.0,2.037037037037037,0.16363636363636364,0.03636363636363636,0.0,0.0,0.0,0.0,0.0,0.0,0.0,1.0,1.0,1.0,0.0,1.0,,1.0,0.0,0.0,1.0,1.0,1.0,0.0,0.0,0.0,0.0,1.0,24.0,8.0,24.0
163715,Amiliyapal,2647,444,534,1167,0,396.36,6.678272277727318,0.20173781639591992,0.4408764639214205,0.0,0.0,0.0,0.0,0.0,0.0,0.0,1.0,0.0,0.0,0.0,0.0,0.0,0.0,1.0,1.0,1.0,1.0,1.0,0.0,0.0,1.0,1.0,1.0,17.0,80.0,17.0
163716,Jamuva,543,87,58,5,0,141.28,3.843431483578709,0.10681399631675875,0.009208103130755065,0.0,0.0,0.0,0.0,0.0,0.0,0.0,1.0,1.0,0.0,1.0,0.0,0.0,0.0,1.0,1.0,1.0,1.0,1.0,0.0,0.0,1.0,1.0,1.0,13.0,76.0,13.0
163717,Dhus,1367,229,270,647,0,24.19,56.51095494005787,0.19751280175566935,0.47329919531821507,0.0,0.0,0.0,0.0,0.0,0.0,0.0,1.0,0.0,0.0,0.0,0.0,1.0,0.0,0.0,0.0,0.0,0.0,1.0,0.0,0.0,0.0,1.0,1.0,13.0,75.0,13.0
163718,Balapur,908,132,170,180,0,41.13,22.076343301726233,0.18722466960352424,0.19823788546255505,0.0,0.0,0.0,0.0,0.0,0.0,0.0,1.0,1.0,0.0,0.0,0.0,,0.0,0.0,0.0,0.0,0.0,1.0,0.0,0.0,0.0,0.0,0.0,12.0,62.0,12.0
163719,Paitiha,4989,804,928,1567,42,973.76,5.123439040420638,0.1860092202846262,0.31409100020044095,0.00841852074564041,0.0,0.0,0.0,0.0,0.0,0.0,1.0,1.0,1.0,1.0,0.0,0.0,0.0,0.0,0.0,0.0,0.0,1.0,0.0,0.0,1.0,1.0,1.0,18.0,87.0,18.0
163720,Chhaper,908,169,168,484,0,114.32,7.94261721483555,0.18502202643171806,0.5330396475770925,0.0,0.0,0.0,0.0,0.0,0.0,0.0,1.0,0.0,0.0,0.0,0.0,0.0,0.0,0.0,0.0,1.0,1.0,1.0,0.0,0.0,1.0,1.0,1.0,24.0,93.0,24.0
163721,Hardaun,1294,246,175,632,0,449.17,2.8808691586704365,0.13523956723338484,0.4884080370942813,0.0,0.0,0.0,0.0,0.0,0.0,0.0,1.0,0.0,0.0,0.0,1.0,0.0,0.0,0.0,0.0,1.0,1.0,1.0,1.0,0.0,1.0,1.0,1.0,25.0,94.0,25.0
163722,Gariya Muralipur,2016,300,347,715,4,620.32,3.249935517152437,0.17212301587301587,0.35466269841269843,0.001984126984126984,0.0,0.0,0.0,0.0,0.0,0.0,1.0,0.0,0.0,0.0,0.0,1.0,0.0,0.0,1.0,1.0,1.0,0.0,1.0,0.0,1.0,1.0,1.0,20.0,80.0,20.0
163723,Sundarpur,307,65,65,154,0,19.92,15.41164658634538,0.21172638436482086,0.501628664495114,0.0,0.0,0.0,0.0,0.0,0.0,0.0,1.0,0.0,0.0,0.0,0.0,1.0,0.0,0.0,1.0,1.0,1.0,1.0,0.0,0.0,0.0,0.0,0.0,12.0,62.0,12.0
163724,Banshipur,1141,172,218,528,0,291.93,3.908471208851437,0.19106047326906223,0.46275197195442597,0.0,0.0,0.0,0.0,0.0,0.0,0.0,1.0,0.0,0.0,0.0,0.0,1.0,0.0,0.0,0.0,1.0,1.0,1.0,0.0,0.0,0.0,1.0,0.0,16.0,76.0,16.0
163725,Allava,1353,226,201,430,0,191.72,7.057166701439599,0.14855875831485588,0.3178122690317812,0.0,0.0,0.0,0.0,0.0,0.0,0.0,1.0,0.0,0.0,0.0,0.0,0.0,0.0,0.0,1.0,1.0,1.0,1.0,0.0,0.0,1.0,1.0,1.0,11.0,73.0,11.0
163726,Bansghat,136,15,13,0,0,187.86,0.7239433620781432,0.09558823529411764,0.0,0.0,0.0,0.0,0.0,0.0,0.0,0.0,1.0,0.0,0.0,0.0,,1.0,0.0,0.0,0.0,0.0,0.0,1.0,0.0,0.0,0.0,0.0,1.0,16.0,79.0,16.0
163727,Devghat,4537,802,839,1643,1,2789.32,1.6265613124345717,0.18492395856292704,0.3621335684372934,0.00022040996253030638,0.0,0.0,0.0,0.0,0.0,0.0,1.0,1.0,1.0,0.0,0.0,1.0,0.0,0.0,1.0,1.0,0.0,1.0,0.0,0.0,1.0,1.0,1.0,10.0,73.0,10.0
163728,Mahuli,7103,1232,1368,986,11,887.98,7.999054032748485,0.19259467830494156,0.13881458538645644,0.0015486414191186822,0.0,0.0,0.0,0.0,0.0,0.0,1.0,0.0,0.0,0.0,0.0,0.0,0.0,0.0,0.0,1.0,0.0,1.0,0.0,0.0,1.0,1.0,1.0,15.0,78.0,15.0
163729,Pipari,2822,463,397,733,1,241.9,11.66597767672592,0.14068036853295535,0.2597448618001417,0.00035435861091424523,0.0,0.0,0.0,0.0,0.0,0.0,1.0,1.0,0.0,1.0,0.0,1.0,0.0,1.0,0.0,1.0,1.0,1.0,0.0,0.0,0.0,0.0,1.0,12.0,62.0,12.0
163730,Baduva Khurd,700,101,113,143,0,36.2,19.337016574585633,0.16142857142857142,0.2042857142857143,0.0,0.0,0.0,0.0,0.0,0.0,0.0,1.0,1.0,0.0,0.0,0.0,1.0,0.0,0.0,0.0,0.0,0.0,1.0,0.0,0.0,0.0,0.0,0.0,12.0,62.0,12.0
163731,Baduva Kalanpar,1460,240,317,739,0,414.15,3.5252927683206567,0.21712328767123287,0.5061643835616438,0.0,0.0,0.0,0.0,0.0,0.0,0.0,1.0,1.0,1.0,0.0,0.0,1.0,0.0,0.0,1.0,1.0,1.0,1.0,0.0,0.0,0.0,1.0,1.0,20.0,80.0,20.0
163732,Nautiyapal,2502,408,426,1032,6,309.22,8.091326563611668,0.17026378896882494,0.41247002398081534,0.002398081534772182,0.0,0.0,0.0,0.0,0.0,0.0,1.0,1.0,1.0,0.0,0.0,1.0,0.0,0.0,0.0,0.0,0.0,1.0,0.0,0.0,1.0,1.0,1.0,20.0,30.0,20.0
163733,Sansarpur,3867,676,641,1071,0,1966.59,1.966347840678535,0.16576157227825186,0.2769588828549263,0.0,0.0,0.0,0.0,0.0,0.0,0.0,1.0,1.0,1.0,0.0,0.0,0.0,0.0,0.0,1.0,1.0,1.0,1.0,0.0,0.0,1.0,1.0,1.0,16.0,80.0,16.0
163734,Bhawani Patti,0,0,0,0,0,0.0,,,,,,,,,,,,,,,,,,,,,,,,,,,,0.0,0.0,0.0
163735,Tirsath,0,0,0,0,0,0.0,,,,,,,,,,,,,,,,,,,,,,,,,,,,0.0,0.0,0.0
163736,Birtiya,52,7,6,0,0,0.0,,0.11538461538461539,0.0,0.0,0.0,0.0,0.0,0.0,0.0,0.0,1.0,1.0,0.0,0.0,0.0,1.0,0.0,0.0,0.0,1.0,1.0,1.0,0.0,1.0,0.0,0.0,0.0,0.0,0.0,0.0
163737,Bakhar,792,106,114,294,0,0.0,,0.14393939393939395,0.3712121212121212,0.0,0.0,0.0,0.0,0.0,0.0,0.0,1.0,1.0,1.0,1.0,0.0,0.0,0.0,0.0,0.0,0.0,0.0,1.0,0.0,0.0,1.0,1.0,1.0,67.0,67.0,15.0
163738,Sugahiya,0,0,0,0,0,62.39,0.0,,,,,,,,,,,,,,,,,,,,,,,,,,,0.0,0.0,0.0
163739,Dalaipura,478,73,74,165,0,50.98,9.376225970969008,0.15481171548117154,0.34518828451882844,0.0,0.0,0.0,0.0,0.0,0.0,0.0,1.0,0.0,0.0,0.0,0.0,1.0,0.0,0.0,0.0,0.0,1.0,1.0,0.0,0.0,0.0,1.0,1.0,24.0,85.0,0.0
163740,Unch Dih,2080,309,364,747,0,1301.61,1.5980209125621347,0.175,0.3591346153846154,0.0,0.0,0.0,0.0,0.0,0.0,0.0,1.0,0.0,0.0,0.0,0.0,0.0,0.0,0.0,0.0,1.0,0.0,1.0,0.0,0.0,1.0,1.0,1.0,24.0,85.0,0.0
163741,Babhani Uparochha,222,37,51,61,0,58.77,3.7774374680959673,0.22972972972972974,0.2747747747747748,0.0,0.0,0.0,0.0,0.0,0.0,0.0,1.0,0.0,0.0,0.0,0.0,0.0,0.0,0.0,0.0,1.0,1.0,1.0,0.0,0.0,0.0,0.0,1.0,20.0,75.0,15.0
163742,Parsiddhi,479,67,83,181,0,176.75,2.71004243281471,0.1732776617954071,0.3778705636743215,0.0,0.0,0.0,0.0,0.0,0.0,0.0,1.0,1.0,1.0,1.0,0.0,1.0,0.0,0.0,0.0,1.0,1.0,1.0,0.0,0.0,0.0,1.0,1.0,21.0,70.0,15.0
163743,Daswar,2898,408,468,882,0,430.08,6.73828125,0.16149068322981366,0.30434782608695654,0.0,0.0,0.0,0.0,0.0,0.0,0.0,1.0,0.0,0.0,0.0,0.0,0.0,0.0,1.0,0.0,1.0,1.0,1.0,0.0,0.0,1.0,1.0,1.0,23.0,71.0,23.0
163744,Udaymala,0,0,0,0,0,101.64,0.0,,,,,,,,,,,,,,,,,,,,,,,,,,,24.0,70.0,24.0
163745,Goruha Dih,1643,242,299,890,0,351.39,4.675716440422323,0.1819841752891053,0.54169202678028,0.0,0.0,0.0,0.0,0.0,0.0,0.0,1.0,1.0,0.0,1.0,0.0,1.0,0.0,0.0,0.0,0.0,1.0,1.0,0.0,0.0,0.0,1.0,1.0,25.0,85.0,15.0
163746,Dhari,705,102,141,170,0,246.43,2.8608529805624316,0.2,0.24113475177304963,0.0,0.0,0.0,0.0,0.0,0.0,0.0,1.0,0.0,0.0,0.0,0.0,0.0,0.0,0.0,0.0,1.0,1.0,1.0,0.0,0.0,1.0,0.0,0.0,35.0,67.0,17.0
163747,Sukulpur,827,91,151,35,0,73.2,11.297814207650273,0.1825876662636034,0.04232164449818621,0.0,0.0,0.0,0.0,0.0,0.0,0.0,1.0,1.0,0.0,0.0,0.0,1.0,0.0,0.0,0.0,1.0,1.0,1.0,0.0,0.0,0.0,1.0,0.0,22.0,80.0,15.0
163748,Mudaguda,59,7,9,0,0,134.68,0.43807543807543803,0.15254237288135594,0.0,0.0,0.0,0.0,0.0,0.0,0.0,0.0,1.0,1.0,0.0,0.0,0.0,0.0,0.0,0.0,0.0,1.0,1.0,1.0,0.0,0.0,0.0,0.0,0.0,22.0,80.0,10.0
163749,Sivrajpur,619,85,91,212,0,136.98,4.5189078697620095,0.1470113085621971,0.34248788368336025,0.0,0.0,0.0,0.0,0.0,0.0,0.0,1.0,1.0,0.0,0.0,0.0,0.0,0.0,0.0,0.0,0.0,0.0,1.0,0.0,1.0,1.0,0.0,1.0,22.0,70.0,15.0
163750,Banwari Khas,1626,238,315,908,0,277.9,5.851025548758547,0.1937269372693727,0.5584255842558425,0.0,0.0,0.0,0.0,0.0,0.0,0.0,1.0,1.0,0.0,0.0,0.0,0.0,0.0,0.0,0.0,0.0,1.0,1.0,1.0,0.0,1.0,1.0,1.0,33.0,70.0,70.0
163751,Banwari Khurd Kalan,528,100,90,141,0,232.84,2.2676516062532213,0.17045454545454544,0.26704545454545453,0.0,0.0,0.0,0.0,0.0,0.0,0.0,1.0,1.0,0.0,0.0,0.0,0.0,0.0,0.0,0.0,1.0,1.0,1.0,0.0,0.0,1.0,0.0,0.0,25.0,75.0,75.0
163752,Dewa,512,109,98,172,0,148.72,3.4427111350188273,0.19140625,0.3359375,0.0,0.0,0.0,0.0,0.0,0.0,0.0,1.0,1.0,0.0,0.0,0.0,0.0,0.0,0.0,0.0,1.0,0.0,1.0,1.0,0.0,0.0,0.0,0.0,21.0,71.0,13.0
163753,Bhosara Jagir,852,134,182,390,0,129.83,6.562427790187167,0.2136150234741784,0.45774647887323944,0.0,0.0,0.0,0.0,0.0,0.0,0.0,1.0,1.0,0.0,0.0,0.0,0.0,0.0,0.0,0.0,1.0,1.0,1.0,1.0,0.0,0.0,1.0,1.0,20.0,72.0,12.0
163754,Patakholi,7,1,1,0,0,9.45,0.7407407407407408,0.14285714285714285,0.0,0.0,0.0,0.0,0.0,0.0,0.0,0.0,1.0,0.0,0.0,0.0,0.0,0.0,0.0,0.0,0.0,0.0,0.0,1.0,0.0,0.0,0.0,1.0,0.0,23.0,72.0,22.0
163755,Sirouthi,821,106,126,262,0,266.35,3.0824103623052372,0.15347137637028013,0.31912302070645554,0.0,0.0,0.0,0.0,0.0,0.0,0.0,1.0,0.0,0.0,0.0,0.0,0.0,0.0,0.0,0.0,1.0,1.0,1.0,0.0,0.0,0.0,0.0,1.0,20.0,70.0,15.0
163756,Semri,356,60,51,22,0,79.32,4.48814926878467,0.14325842696629212,0.06179775280898876,0.0,0.0,0.0,0.0,0.0,0.0,0.0,1.0,1.0,0.0,0.0,0.0,1.0,0.0,0.0,0.0,1.0,1.0,1.0,0.0,0.0,0.0,1.0,1.0,18.0,70.0,12.0
163757,Newada,185,27,32,0,0,103.12,1.7940263770364624,0.17297297297297298,0.0,0.0,0.0,0.0,0.0,0.0,0.0,0.0,1.0,1.0,0.0,0.0,0.0,1.0,0.0,0.0,0.0,1.0,1.0,1.0,0.0,0.0,0.0,0.0,1.0,17.0,75.0,2.0
163758,Usari Khurd,448,58,83,70,0,88.62,5.055292259083728,0.18526785714285715,0.15625,0.0,0.0,0.0,0.0,0.0,0.0,0.0,1.0,0.0,0.0,0.0,0.0,0.0,0.0,0.0,0.0,0.0,1.0,1.0,0.0,0.0,0.0,1.0,1.0,22.0,70.0,15.0
163759,Jamokhar,155,24,6,87,0,27.43,5.650747356908495,0.03870967741935484,0.5612903225806452,0.0,0.0,0.0,0.0,0.0,0.0,0.0,1.0,1.0,0.0,0.0,0.0,1.0,1.0,0.0,0.0,0.0,1.0,1.0,0.0,0.0,0.0,0.0,0.0,23.0,70.0,15.0
163760,Tangaha,433,69,44,90,0,141.02,3.070486455821869,0.10161662817551963,0.20785219399538107,0.0,0.0,0.0,0.0,0.0,0.0,0.0,1.0,0.0,0.0,0.0,0.0,1.0,0.0,0.0,0.0,1.0,1.0,1.0,0.0,0.0,0.0,0.0,0.0,20.0,70.0,12.0
163761,Meha Jagir,1187,192,183,371,0,199.57,5.9477877436488455,0.15417017691659646,0.3125526537489469,0.0,0.0,0.0,0.0,0.0,0.0,0.0,1.0,1.0,1.0,0.0,0.0,1.0,0.0,0.0,0.0,0.0,1.0,1.0,0.0,0.0,0.0,0.0,1.0,25.0,75.0,20.0
163762,Bhagoti,116,22,19,65,0,114.29,1.0149619389272901,0.16379310344827586,0.5603448275862069,0.0,0.0,0.0,0.0,0.0,0.0,0.0,1.0,1.0,0.0,0.0,0.0,0.0,0.0,0.0,0.0,0.0,0.0,1.0,0.0,0.0,0.0,0.0,0.0,25.0,75.0,21.0
163763,Hata Jagir,2111,332,362,520,0,399.22,5.287811231902209,0.17148270961629558,0.246328754144955,0.0,0.0,0.0,0.0,0.0,0.0,0.0,1.0,1.0,0.0,0.0,0.0,1.0,0.0,1.0,1.0,1.0,1.0,1.0,1.0,0.0,1.0,1.0,1.0,20.0,70.0,15.0
163764,Usari Kalan,445,73,52,188,0,205.89,2.161348292777697,0.11685393258426967,0.42247191011235957,0.0,0.0,0.0,0.0,0.0,0.0,0.0,1.0,1.0,0.0,0.0,0.0,0.0,0.0,0.0,0.0,0.0,0.0,1.0,0.0,0.0,0.0,1.0,0.0,19.0,70.0,16.0
163765,Dhoheya,1563,263,302,498,0,197.8,7.901921132457026,0.19321817018554063,0.31861804222648754,0.0,0.0,0.0,0.0,0.0,0.0,0.0,1.0,1.0,1.0,1.0,0.0,0.0,0.0,1.0,1.0,1.0,1.0,1.0,1.0,0.0,1.0,1.0,1.0,17.0,67.0,0.0
163766,Parohni,454,82,71,160,0,81.5,5.570552147239264,0.15638766519823788,0.3524229074889868,0.0,0.0,0.0,0.0,0.0,0.0,0.0,1.0,1.0,0.0,0.0,0.0,1.0,0.0,0.0,0.0,1.0,1.0,1.0,0.0,0.0,0.0,0.0,1.0,20.0,28.0,0.0
163767,Mangrol,229,47,55,186,0,28.8,7.951388888888888,0.24017467248908297,0.8122270742358079,0.0,0.0,0.0,0.0,0.0,0.0,0.0,1.0,1.0,0.0,0.0,0.0,1.0,0.0,0.0,1.0,1.0,1.0,1.0,0.0,0.0,1.0,1.0,1.0,17.0,67.0,0.0
163768,Badaua,825,148,147,236,0,366.65,2.2501022773762447,0.1781818181818182,0.28606060606060607,0.0,0.0,0.0,0.0,0.0,0.0,0.0,1.0,1.0,1.0,0.0,0.0,1.0,0.0,0.0,0.0,1.0,1.0,1.0,0.0,0.0,0.0,0.0,1.0,25.0,80.0,15.0
163769,Belha Kalan,827,129,144,353,0,102.2,8.09197651663405,0.17412333736396615,0.4268440145102781,0.0,0.0,0.0,0.0,0.0,0.0,0.0,1.0,1.0,1.0,0.0,0.0,1.0,0.0,0.0,0.0,1.0,1.0,1.0,1.0,0.0,0.0,1.0,1.0,18.0,68.0,0.0
163770,Son Barsa,1176,177,205,412,0,331.06,3.552226182565094,0.17431972789115646,0.35034013605442177,0.0,0.0,0.0,0.0,0.0,0.0,0.0,1.0,1.0,1.0,1.0,0.0,1.0,0.0,0.0,0.0,1.0,0.0,1.0,0.0,0.0,1.0,1.0,1.0,25.0,95.0,17.0
163771,Tikhuri,682,138,126,132,0,224.36,3.039757532536994,0.18475073313782991,0.1935483870967742,0.0,0.0,0.0,0.0,0.0,0.0,0.0,1.0,1.0,1.0,0.0,0.0,1.0,0.0,0.0,0.0,1.0,0.0,1.0,1.0,0.0,0.0,1.0,1.0,26.0,96.0,17.0
163772,Pura Pande,662,89,130,289,0,218.2,3.0339138405132906,0.19637462235649547,0.43655589123867067,0.0,0.0,0.0,0.0,0.0,0.0,0.0,1.0,1.0,0.0,0.0,0.0,1.0,0.0,0.0,0.0,0.0,0.0,1.0,0.0,0.0,0.0,0.0,0.0,27.0,76.0,18.0
163773,Kosda Khurd,850,135,138,330,0,189.79,4.478634279993678,0.1623529411764706,0.38823529411764707,0.0,0.0,0.0,0.0,0.0,0.0,0.0,1.0,1.0,0.0,0.0,0.0,1.0,0.0,0.0,0.0,1.0,1.0,1.0,0.0,0.0,1.0,0.0,1.0,26.0,75.0,17.0
163774,Pipari,1211,198,228,564,0,440.69,2.747963420998888,0.18827415359207267,0.46573080099091657,0.0,0.0,0.0,0.0,0.0,0.0,0.0,1.0,0.0,0.0,0.0,0.0,0.0,0.0,0.0,0.0,1.0,1.0,1.0,0.0,0.0,1.0,1.0,1.0,16.0,75.0,16.0
163775,Newari,286,58,51,280,0,200.68,1.4251544747857285,0.17832167832167833,0.9790209790209791,0.0,0.0,0.0,0.0,0.0,0.0,0.0,1.0,1.0,1.0,0.0,0.0,0.0,0.0,0.0,0.0,0.0,1.0,1.0,0.0,0.0,0.0,0.0,1.0,17.0,75.0,17.0
163776,Majhigawan,4879,693,749,1169,0,1138.21,4.286555205102749,0.15351506456241032,0.23959827833572453,0.0,0.0,0.0,0.0,0.0,0.0,0.0,1.0,1.0,1.0,0.0,0.0,0.0,0.0,0.0,0.0,0.0,1.0,1.0,0.0,0.0,1.0,1.0,1.0,18.0,80.0,18.0
163777,Pura Lakchhan,1388,225,294,959,0,571.13,2.430269815978849,0.21181556195965417,0.6909221902017291,0.0,0.0,0.0,0.0,0.0,0.0,0.0,1.0,1.0,0.0,0.0,0.0,0.0,0.0,0.0,0.0,1.0,0.0,1.0,1.0,0.0,0.0,1.0,1.0,12.0,74.0,12.0
163778,Nischintpur,644,101,100,31,11,117.23,5.493474366629702,0.15527950310559005,0.04813664596273292,0.017080745341614908,0.0,0.0,0.0,0.0,0.0,0.0,1.0,1.0,1.0,0.0,0.0,0.0,0.0,0.0,0.0,1.0,1.0,1.0,0.0,0.0,1.0,0.0,0.0,14.0,78.0,78.0
163779,Pacheda,2904,460,501,1041,0,936.24,3.101768777236606,0.1725206611570248,0.3584710743801653,0.0,0.0,0.0,0.0,0.0,0.0,0.0,1.0,0.0,0.0,0.0,0.0,1.0,0.0,0.0,0.0,0.0,0.0,1.0,1.0,0.0,1.0,1.0,1.0,12.0,78.0,12.0
163780,Dhokhar,517,88,117,440,0,199.45,2.5921283529706693,0.2263056092843327,0.851063829787234,0.0,0.0,0.0,0.0,0.0,0.0,0.0,1.0,1.0,0.0,0.0,0.0,0.0,0.0,0.0,0.0,0.0,0.0,0.0,0.0,0.0,0.0,1.0,0.0,8.0,70.0,8.0
163781,Badhhawari Khurd,300,61,55,81,0,52.64,5.699088145896656,0.18333333333333332,0.27,0.0,0.0,0.0,0.0,0.0,0.0,0.0,1.0,1.0,0.0,0.0,0.0,1.0,0.0,0.0,1.0,1.0,1.0,0.0,0.0,0.0,0.0,0.0,1.0,6.0,68.0,6.0
163782,Paliya,0,0,0,0,0,23.95,0.0,,,,,,,,,,,,,,,,,,,,,,,,,,,8.0,70.0,8.0
163783,Gajadharpur,1784,323,395,688,0,394.09,4.526884721764064,0.22141255605381166,0.38565022421524664,0.0,0.0,0.0,0.0,0.0,0.0,0.0,1.0,1.0,0.0,0.0,0.0,1.0,0.0,0.0,0.0,0.0,0.0,0.0,0.0,0.0,1.0,1.0,1.0,8.0,70.0,8.0
163784,Pura Chayan,422,76,70,271,0,52.59,8.024339227990112,0.16587677725118483,0.6421800947867299,0.0,0.0,0.0,0.0,0.0,0.0,0.0,1.0,1.0,0.0,0.0,0.0,0.0,0.0,0.0,0.0,0.0,0.0,1.0,0.0,0.0,0.0,1.0,1.0,10.0,80.0,10.0
163785,Newadhhiya Bayalish,1642,289,333,581,0,544.82,3.0138394332072975,0.2028014616321559,0.353836784409257,0.0,0.0,0.0,0.0,0.0,0.0,0.0,1.0,1.0,0.0,0.0,0.0,0.0,0.0,0.0,0.0,0.0,0.0,1.0,1.0,1.0,1.0,1.0,0.0,13.0,78.0,78.0
163786,Pandepur,792,137,125,399,0,134.16,5.903398926654741,0.15782828282828282,0.5037878787878788,0.0,0.0,0.0,0.0,0.0,0.0,0.0,1.0,0.0,0.0,0.0,0.0,1.0,0.0,0.0,0.0,1.0,1.0,1.0,0.0,0.0,1.0,0.0,0.0,19.0,89.0,19.0
163787,Ghorhai,184,34,27,95,0,62.75,2.9322709163346614,0.14673913043478262,0.5163043478260869,0.0,0.0,0.0,0.0,0.0,0.0,0.0,1.0,1.0,0.0,0.0,0.0,1.0,0.0,1.0,1.0,1.0,1.0,1.0,0.0,0.0,1.0,0.0,1.0,200.0,0.0,80.0
163788,Beri Tappa Daiya,1766,280,331,264,0,473.01,3.7335362888733856,0.18742921857304642,0.14949037372593432,0.0,0.0,0.0,0.0,0.0,0.0,0.0,1.0,0.0,0.0,0.0,0.0,0.0,0.0,1.0,1.0,1.0,1.0,1.0,0.0,0.0,1.0,0.0,1.0,20.0,80.0,20.0
163789,Kedwar,1395,185,239,748,0,386.21,3.612024546231325,0.17132616487455196,0.5362007168458781,0.0,0.0,1.0,0.0,0.0,0.0,0.0,1.0,1.0,1.0,0.0,0.0,1.0,0.0,0.0,1.0,1.0,1.0,1.0,1.0,0.0,0.0,1.0,1.0,15.0,80.0,15.0
163790,Chharbaniya,805,112,125,208,0,163.23,4.931691478282179,0.15527950310559005,0.25838509316770186,0.0,0.0,0.0,0.0,0.0,0.0,0.0,1.0,0.0,0.0,0.0,0.0,0.0,0.0,0.0,1.0,1.0,1.0,1.0,0.0,1.0,0.0,1.0,1.0,16.0,8.0,16.0
163791,Sirawal,2977,515,496,941,0,1018.13,2.923988095822734,0.1666106818945247,0.3160900235136043,0.0,0.0,0.0,0.0,0.0,0.0,0.0,1.0,1.0,0.0,1.0,0.0,1.0,0.0,0.0,0.0,1.0,1.0,1.0,1.0,1.0,1.0,1.0,1.0,28.0,85.0,28.0
163792,Dhanawal,1633,310,350,922,0,538.16,3.0344135573063773,0.21432945499081446,0.5646050214329456,0.0,0.0,0.0,0.0,0.0,0.0,0.0,1.0,0.0,0.0,0.0,0.0,0.0,0.0,0.0,0.0,0.0,0.0,0.0,0.0,0.0,1.0,1.0,1.0,16.0,20.0,74.0
163793,Tiwaripur,0,0,0,0,0,38.34,0.0,,,,,,,,,,,,,,,,,,,,,,,,,,,27.0,97.0,15.0
163794,Chakrawanpur,315,57,23,89,0,108.16,2.9123520710059174,0.07301587301587302,0.28253968253968254,0.0,0.0,0.0,0.0,0.0,0.0,0.0,1.0,0.0,0.0,1.0,0.0,1.0,0.0,0.0,0.0,1.0,1.0,1.0,0.0,0.0,0.0,0.0,0.0,26.0,75.0,17.0
163795,Kapurepur,94,17,12,52,0,39.48,2.380952380952381,0.1276595744680851,0.5531914893617021,0.0,0.0,0.0,0.0,0.0,0.0,0.0,1.0,1.0,0.0,1.0,0.0,1.0,0.0,0.0,0.0,0.0,0.0,1.0,0.0,0.0,0.0,0.0,1.0,28.0,98.0,18.0
163796,Jadopur,926,194,177,555,0,225.99,4.097526439222975,0.19114470842332612,0.5993520518358532,0.0,0.0,0.0,0.0,0.0,0.0,0.0,1.0,1.0,0.0,0.0,0.0,0.0,0.0,0.0,1.0,1.0,1.0,0.0,0.0,0.0,1.0,1.0,1.0,15.0,2.0,73.0
163797,Khiri,872,117,111,115,8,162.93,5.351991652857055,0.12729357798165136,0.13188073394495411,0.009174311926605505,0.0,0.0,0.0,0.0,0.0,0.0,1.0,1.0,0.0,0.0,0.0,1.0,0.0,0.0,0.0,1.0,0.0,1.0,0.0,0.0,1.0,1.0,1.0,12.0,7.0,12.0
163798,Rampur Urf Ramgarh,870,171,139,626,0,150.21,5.79189135210705,0.15977011494252874,0.7195402298850575,0.0,0.0,1.0,0.0,0.0,0.0,0.0,1.0,1.0,1.0,0.0,0.0,1.0,0.0,0.0,0.0,1.0,0.0,1.0,0.0,0.0,1.0,1.0,1.0,12.0,77.0,12.0
163799,Rajapur,1881,305,315,784,0,312.78,6.013811624784194,0.1674641148325359,0.41679957469431156,0.0,0.0,0.0,0.0,0.0,0.0,0.0,1.0,0.0,0.0,0.0,0.0,0.0,0.0,0.0,0.0,0.0,0.0,1.0,0.0,1.0,1.0,1.0,1.0,12.0,75.0,12.0
163800,Ayodhaya,2100,308,326,449,0,261.88,8.018939972506491,0.15523809523809523,0.2138095238095238,0.0,0.0,0.0,0.0,0.0,0.0,0.0,1.0,0.0,0.0,0.0,0.0,1.0,0.0,0.0,1.0,1.0,0.0,1.0,0.0,0.0,1.0,1.0,1.0,10.0,73.0,10.0
163801,Barhula Khurd,582,111,116,291,0,159.01,3.66014716055594,0.19931271477663232,0.5,0.0,0.0,0.0,0.0,0.0,0.0,0.0,1.0,0.0,0.0,0.0,0.0,0.0,0.0,0.0,0.0,0.0,0.0,1.0,0.0,0.0,1.0,1.0,1.0,12.0,77.0,12.0
163802,Gohani,1133,193,233,475,0,358.4,3.1612723214285716,0.205648720211827,0.41924095322153576,0.0,0.0,0.0,0.0,0.0,0.0,0.0,1.0,1.0,1.0,0.0,1.0,1.0,0.0,0.0,0.0,0.0,0.0,1.0,0.0,0.0,1.0,0.0,1.0,10.0,75.0,10.0
163803,Patehri,2497,375,453,1143,0,590.84,4.226186446415273,0.1814177012414898,0.45774929915899076,0.0,0.0,0.0,0.0,0.0,0.0,0.0,1.0,1.0,1.0,1.0,0.0,1.0,0.0,0.0,0.0,0.0,1.0,0.0,1.0,0.0,1.0,1.0,0.0,13.0,82.0,13.0
163804,Daiya Baburhiya,106,14,26,0,0,308.46,0.3436426116838488,0.24528301886792453,0.0,0.0,0.0,0.0,0.0,0.0,0.0,0.0,1.0,1.0,0.0,0.0,0.0,1.0,0.0,0.0,0.0,0.0,0.0,1.0,0.0,0.0,1.0,1.0,1.0,13.0,78.0,13.0
163805,Semri Sikmi Gohani,341,52,55,327,0,107.87,3.161212570686938,0.16129032258064516,0.9589442815249267,0.0,0.0,0.0,0.0,0.0,0.0,0.0,1.0,1.0,1.0,1.0,0.0,0.0,0.0,0.0,0.0,1.0,1.0,1.0,0.0,1.0,0.0,1.0,0.0,12.0,81.0,12.0
163806,Rampur Kalan,2431,401,462,737,0,512.55,4.742951907131012,0.19004524886877827,0.3031674208144796,0.0,0.0,0.0,0.0,0.0,0.0,0.0,1.0,0.0,0.0,1.0,0.0,1.0,1.0,0.0,1.0,1.0,1.0,1.0,0.0,1.0,1.0,1.0,1.0,16.0,86.0,16.0
163807,Barhula Kalan,3037,486,561,1256,0,628.54,4.8318325007159455,0.18472176489957196,0.4135660190977939,0.0,0.0,0.0,0.0,0.0,0.0,0.0,1.0,1.0,1.0,1.0,0.0,0.0,0.0,0.0,0.0,1.0,1.0,1.0,0.0,0.0,1.0,1.0,1.0,12.0,80.0,12.0
163808,Salaya,1018,169,196,383,0,314.25,3.2394590294351633,0.1925343811394892,0.3762278978388998,0.0,0.0,0.0,0.0,0.0,0.0,0.0,1.0,0.0,0.0,0.0,0.0,0.0,0.0,0.0,0.0,0.0,0.0,1.0,0.0,0.0,1.0,1.0,1.0,15.0,83.0,15.0
163809,Madafa Khurd,7,1,1,0,0,69.04,0.10139049826187717,0.14285714285714285,0.0,0.0,0.0,0.0,0.0,0.0,0.0,0.0,1.0,1.0,0.0,1.0,0.0,1.0,1.0,1.0,1.0,1.0,1.0,1.0,1.0,0.0,0.0,0.0,1.0,18.0,78.0,18.0
163810,Dhundha,1186,260,202,378,0,268.39,4.418942583553784,0.1703204047217538,0.31871838111298484,0.0,0.0,0.0,0.0,0.0,0.0,0.0,1.0,0.0,0.0,0.0,0.0,0.0,0.0,0.0,0.0,0.0,0.0,1.0,0.0,0.0,1.0,1.0,1.0,17.0,87.0,17.0
163811,Madafa Kalan,3215,510,565,1316,0,640.43,5.020064644067268,0.17573872472783825,0.40933125972006223,0.0,0.0,0.0,0.0,0.0,0.0,0.0,1.0,0.0,0.0,0.0,0.0,0.0,0.0,0.0,0.0,1.0,1.0,1.0,1.0,0.0,1.0,1.0,0.0,16.0,81.0,16.0
163812,Rajpur,1557,269,307,525,0,405.73,3.837527419712617,0.19717405266538215,0.3371868978805395,0.0,0.0,0.0,0.0,0.0,0.0,0.0,1.0,0.0,0.0,0.0,0.0,1.0,0.0,0.0,0.0,0.0,0.0,1.0,0.0,0.0,1.0,1.0,1.0,16.0,81.0,16.0
163813,Chhadgada,3682,591,725,1319,0,1455.93,2.5289677388335976,0.19690385659967408,0.35822922324823464,0.0,0.0,0.0,0.0,0.0,0.0,0.0,1.0,0.0,0.0,0.0,0.0,0.0,0.0,0.0,0.0,0.0,0.0,1.0,0.0,0.0,1.0,1.0,1.0,15.0,80.0,15.0
